event_id,expiry_ts,strike,token_id,settled_yes,t,p
748071,1785600000,54000.0,51442191746577683828934494309149287025426922386727185801496758859342748703079,1.0,1784998810,0.5
748071,1785600000,54000.0,51442191746577683828934494309149287025426922386727185801496758859342748703079,1.0,1784998810,0.5
748071,1785600000,54000.0,51442191746577683828934494309149287025426922386727185801496758859342748703079,1.0,1785002411,0.5
748071,1785600000,54000.0,51442191746577683828934494309149287025426922386727185801496758859342748703079,1.0,1785002411,0.5
748071,1785600000,54000.0,51442191746577683828934494309149287025426922386727185801496758859342748703079,1.0,1785006009,0.5
748071,1785600000,54000.0,51442191746577683828934494309149287025426922386727185801496758859342748703079,1.0,1785006009,0.5
748071,1785600000,54000.0,51442191746577683828934494309149287025426922386727185801496758859342748703079,1.0,1785009609,0.5
748071,1785600000,54000.0,51442191746577683828934494309149287025426922386727185801496758859342748703079,1.0,1785009609,0.5
748071,1785600000,54000.0,51442191746577683828934494309149287025426922386727185801496758859342748703079,1.0,1785013228,0.76
748071,1785600000,54000.0,51442191746577683828934494309149287025426922386727185801496758859342748703079,1.0,1785013228,0.76
748071,1785600000,54000.0,51442191746577683828934494309149287025426922386727185801496758859342748703079,1.0,1785016808,0.745
748071,1785600000,54000.0,51442191746577683828934494309149287025426922386727185801496758859342748703079,1.0,1785016808,0.745
748071,1785600000,54000.0,51442191746577683828934494309149287025426922386727185801496758859342748703079,1.0,1785020428,0.745
748071,1785600000,54000.0,51442191746577683828934494309149287025426922386727185801496758859342748703079,1.0,1785020428,0.745
748071,1785600000,54000.0,51442191746577683828934494309149287025426922386727185801496758859342748703079,1.0,1785024011,0.9845
748071,1785600000,54000.0,51442191746577683828934494309149287025426922386727185801496758859342748703079,1.0,1785024011,0.9845
748071,1785600000,54000.0,51442191746577683828934494309149287025426922386727185801496758859342748703079,1.0,1785027609,0.9845
748071,1785600000,54000.0,51442191746577683828934494309149287025426922386727185801496758859342748703079,1.0,1785027609,0.9845
748071,1785600000,54000.0,51442191746577683828934494309149287025426922386727185801496758859342748703079,1.0,1785031208,0.985
748071,1785600000,54000.0,51442191746577683828934494309149287025426922386727185801496758859342748703079,1.0,1785031208,0.985
748071,1785600000,54000.0,51442191746577683828934494309149287025426922386727185801496758859342748703079,1.0,1785034812,0.985
748071,1785600000,54000.0,51442191746577683828934494309149287025426922386727185801496758859342748703079,1.0,1785034812,0.985
748071,1785600000,54000.0,51442191746577683828934494309149287025426922386727185801496758859342748703079,1.0,1785038407,0.985
748071,1785600000,54000.0,51442191746577683828934494309149287025426922386727185801496758859342748703079,1.0,1785038407,0.985
748071,1785600000,54000.0,51442191746577683828934494309149287025426922386727185801496758859342748703079,1.0,1785042008,0.985
748071,1785600000,54000.0,51442191746577683828934494309149287025426922386727185801496758859342748703079,1.0,1785042008,0.985
748071,1785600000,54000.0,51442191746577683828934494309149287025426922386727185801496758859342748703079,1.0,1785045611,0.985
748071,1785600000,54000.0,51442191746577683828934494309149287025426922386727185801496758859342748703079,1.0,1785045611,0.985
748071,1785600000,54000.0,51442191746577683828934494309149287025426922386727185801496758859342748703079,1.0,1785049230,0.985
748071,1785600000,54000.0,51442191746577683828934494309149287025426922386727185801496758859342748703079,1.0,1785049230,0.985
748071,1785600000,54000.0,51442191746577683828934494309149287025426922386727185801496758859342748703079,1.0,1785052810,0.9845
748071,1785600000,54000.0,51442191746577683828934494309149287025426922386727185801496758859342748703079,1.0,1785052810,0.9845
748071,1785600000,54000.0,51442191746577683828934494309149287025426922386727185801496758859342748703079,1.0,1785056409,0.9875
748071,1785600000,54000.0,51442191746577683828934494309149287025426922386727185801496758859342748703079,1.0,1785056409,0.9875
748071,1785600000,54000.0,51442191746577683828934494309149287025426922386727185801496758859342748703079,1.0,1785060008,0.988
748071,1785600000,54000.0,51442191746577683828934494309149287025426922386727185801496758859342748703079,1.0,1785060008,0.988
748071,1785600000,54000.0,51442191746577683828934494309149287025426922386727185801496758859342748703079,1.0,1785063608,0.988
748071,1785600000,54000.0,51442191746577683828934494309149287025426922386727185801496758859342748703079,1.0,1785063608,0.988
748071,1785600000,54000.0,51442191746577683828934494309149287025426922386727185801496758859342748703079,1.0,1785067211,0.988
748071,1785600000,54000.0,51442191746577683828934494309149287025426922386727185801496758859342748703079,1.0,1785067211,0.988
748071,1785600000,54000.0,51442191746577683828934494309149287025426922386727185801496758859342748703079,1.0,1785070807,0.988
748071,1785600000,54000.0,51442191746577683828934494309149287025426922386727185801496758859342748703079,1.0,1785070807,0.988
748071,1785600000,54000.0,51442191746577683828934494309149287025426922386727185801496758859342748703079,1.0,1785074409,0.988
748071,1785600000,54000.0,51442191746577683828934494309149287025426922386727185801496758859342748703079,1.0,1785074409,0.988
748071,1785600000,54000.0,51442191746577683828934494309149287025426922386727185801496758859342748703079,1.0,1785078032,0.9905
748071,1785600000,54000.0,51442191746577683828934494309149287025426922386727185801496758859342748703079,1.0,1785078032,0.9905
748071,1785600000,54000.0,51442191746577683828934494309149287025426922386727185801496758859342748703079,1.0,1785081609,0.991
748071,1785600000,54000.0,51442191746577683828934494309149287025426922386727185801496758859342748703079,1.0,1785081609,0.991
748071,1785600000,54000.0,51442191746577683828934494309149287025426922386727185801496758859342748703079,1.0,1785085209,0.99
748071,1785600000,54000.0,51442191746577683828934494309149287025426922386727185801496758859342748703079,1.0,1785085209,0.99
748071,1785600000,54000.0,51442191746577683828934494309149287025426922386727185801496758859342748703079,1.0,1785088812,0.991
748071,1785600000,54000.0,51442191746577683828934494309149287025426922386727185801496758859342748703079,1.0,1785088812,0.991
748071,1785600000,54000.0,51442191746577683828934494309149287025426922386727185801496758859342748703079,1.0,1785092410,0.992
748071,1785600000,54000.0,51442191746577683828934494309149287025426922386727185801496758859342748703079,1.0,1785092410,0.992
748071,1785600000,54000.0,51442191746577683828934494309149287025426922386727185801496758859342748703079,1.0,1785096023,0.9925
748071,1785600000,54000.0,51442191746577683828934494309149287025426922386727185801496758859342748703079,1.0,1785096023,0.9925
748071,1785600000,54000.0,51442191746577683828934494309149287025426922386727185801496758859342748703079,1.0,1785099631,0.993
748071,1785600000,54000.0,51442191746577683828934494309149287025426922386727185801496758859342748703079,1.0,1785099631,0.993
748071,1785600000,54000.0,51442191746577683828934494309149287025426922386727185801496758859342748703079,1.0,1785103209,0.9935
748071,1785600000,54000.0,51442191746577683828934494309149287025426922386727185801496758859342748703079,1.0,1785103209,0.9935
748071,1785600000,54000.0,51442191746577683828934494309149287025426922386727185801496758859342748703079,1.0,1785106809,0.9945
748071,1785600000,54000.0,51442191746577683828934494309149287025426922386727185801496758859342748703079,1.0,1785106809,0.9945
748071,1785600000,54000.0,51442191746577683828934494309149287025426922386727185801496758859342748703079,1.0,1785110413,0.9945
748071,1785600000,54000.0,51442191746577683828934494309149287025426922386727185801496758859342748703079,1.0,1785110413,0.9945
748071,1785600000,54000.0,51442191746577683828934494309149287025426922386727185801496758859342748703079,1.0,1785114009,0.9945
748071,1785600000,54000.0,51442191746577683828934494309149287025426922386727185801496758859342748703079,1.0,1785114009,0.9945
748071,1785600000,54000.0,51442191746577683828934494309149287025426922386727185801496758859342748703079,1.0,1785117608,0.9945
748071,1785600000,54000.0,51442191746577683828934494309149287025426922386727185801496758859342748703079,1.0,1785117608,0.9945
748071,1785600000,54000.0,51442191746577683828934494309149287025426922386727185801496758859342748703079,1.0,1785121212,0.9945
748071,1785600000,54000.0,51442191746577683828934494309149287025426922386727185801496758859342748703079,1.0,1785121212,0.9945
748071,1785600000,54000.0,51442191746577683828934494309149287025426922386727185801496758859342748703079,1.0,1785124811,0.9945
748071,1785600000,54000.0,51442191746577683828934494309149287025426922386727185801496758859342748703079,1.0,1785124811,0.9945
748071,1785600000,54000.0,51442191746577683828934494309149287025426922386727185801496758859342748703079,1.0,1785128408,0.9945
748071,1785600000,54000.0,51442191746577683828934494309149287025426922386727185801496758859342748703079,1.0,1785128408,0.9945
748071,1785600000,54000.0,51442191746577683828934494309149287025426922386727185801496758859342748703079,1.0,1785132011,0.9945
748071,1785600000,54000.0,51442191746577683828934494309149287025426922386727185801496758859342748703079,1.0,1785132011,0.9945
748071,1785600000,54000.0,51442191746577683828934494309149287025426922386727185801496758859342748703079,1.0,1785135608,0.9945
748071,1785600000,54000.0,51442191746577683828934494309149287025426922386727185801496758859342748703079,1.0,1785135608,0.9945
748071,1785600000,54000.0,51442191746577683828934494309149287025426922386727185801496758859342748703079,1.0,1785139209,0.9945
748071,1785600000,54000.0,51442191746577683828934494309149287025426922386727185801496758859342748703079,1.0,1785139209,0.9945
748071,1785600000,54000.0,51442191746577683828934494309149287025426922386727185801496758859342748703079,1.0,1785142810,0.9945
748071,1785600000,54000.0,51442191746577683828934494309149287025426922386727185801496758859342748703079,1.0,1785142810,0.9945
748071,1785600000,54000.0,51442191746577683828934494309149287025426922386727185801496758859342748703079,1.0,1785146410,0.995
748071,1785600000,54000.0,51442191746577683828934494309149287025426922386727185801496758859342748703079,1.0,1785146410,0.995
748071,1785600000,54000.0,51442191746577683828934494309149287025426922386727185801496758859342748703079,1.0,1785150010,0.995
748071,1785600000,54000.0,51442191746577683828934494309149287025426922386727185801496758859342748703079,1.0,1785150010,0.995
748071,1785600000,54000.0,51442191746577683828934494309149287025426922386727185801496758859342748703079,1.0,1785153619,0.995
748071,1785600000,54000.0,51442191746577683828934494309149287025426922386727185801496758859342748703079,1.0,1785153619,0.995
748071,1785600000,54000.0,51442191746577683828934494309149287025426922386727185801496758859342748703079,1.0,1785157212,0.995
748071,1785600000,54000.0,51442191746577683828934494309149287025426922386727185801496758859342748703079,1.0,1785157212,0.995
748071,1785600000,54000.0,51442191746577683828934494309149287025426922386727185801496758859342748703079,1.0,1785160813,0.995
748071,1785600000,54000.0,51442191746577683828934494309149287025426922386727185801496758859342748703079,1.0,1785160813,0.995
748071,1785600000,54000.0,51442191746577683828934494309149287025426922386727185801496758859342748703079,1.0,1785164417,0.996
748071,1785600000,54000.0,51442191746577683828934494309149287025426922386727185801496758859342748703079,1.0,1785164417,0.996
748071,1785600000,54000.0,51442191746577683828934494309149287025426922386727185801496758859342748703079,1.0,1785168009,0.996
748071,1785600000,54000.0,51442191746577683828934494309149287025426922386727185801496758859342748703079,1.0,1785168009,0.996
748071,1785600000,54000.0,51442191746577683828934494309149287025426922386727185801496758859342748703079,1.0,1785171612,0.996
748071,1785600000,54000.0,51442191746577683828934494309149287025426922386727185801496758859342748703079,1.0,1785171612,0.996
748071,1785600000,54000.0,51442191746577683828934494309149287025426922386727185801496758859342748703079,1.0,1785175211,0.996
748071,1785600000,54000.0,51442191746577683828934494309149287025426922386727185801496758859342748703079,1.0,1785175211,0.996
748071,1785600000,54000.0,51442191746577683828934494309149287025426922386727185801496758859342748703079,1.0,1785178822,0.996
748071,1785600000,54000.0,51442191746577683828934494309149287025426922386727185801496758859342748703079,1.0,1785178822,0.996
748071,1785600000,54000.0,51442191746577683828934494309149287025426922386727185801496758859342748703079,1.0,1785182423,0.996
748071,1785600000,54000.0,51442191746577683828934494309149287025426922386727185801496758859342748703079,1.0,1785182423,0.996
748071,1785600000,54000.0,51442191746577683828934494309149287025426922386727185801496758859342748703079,1.0,1785186013,0.996
748071,1785600000,54000.0,51442191746577683828934494309149287025426922386727185801496758859342748703079,1.0,1785186013,0.996
748071,1785600000,54000.0,51442191746577683828934494309149287025426922386727185801496758859342748703079,1.0,1785189613,0.996
748071,1785600000,54000.0,51442191746577683828934494309149287025426922386727185801496758859342748703079,1.0,1785189613,0.996
748071,1785600000,54000.0,51442191746577683828934494309149287025426922386727185801496758859342748703079,1.0,1785193212,0.996
748071,1785600000,54000.0,51442191746577683828934494309149287025426922386727185801496758859342748703079,1.0,1785193212,0.996
748071,1785600000,54000.0,51442191746577683828934494309149287025426922386727185801496758859342748703079,1.0,1785196816,0.996
748071,1785600000,54000.0,51442191746577683828934494309149287025426922386727185801496758859342748703079,1.0,1785196816,0.996
748071,1785600000,54000.0,51442191746577683828934494309149287025426922386727185801496758859342748703079,1.0,1785200410,0.996
748071,1785600000,54000.0,51442191746577683828934494309149287025426922386727185801496758859342748703079,1.0,1785200410,0.996
748071,1785600000,54000.0,51442191746577683828934494309149287025426922386727185801496758859342748703079,1.0,1785204009,0.996
748071,1785600000,54000.0,51442191746577683828934494309149287025426922386727185801496758859342748703079,1.0,1785204009,0.996
748071,1785600000,54000.0,51442191746577683828934494309149287025426922386727185801496758859342748703079,1.0,1785207614,0.996
748071,1785600000,54000.0,51442191746577683828934494309149287025426922386727185801496758859342748703079,1.0,1785207614,0.996
748071,1785600000,54000.0,51442191746577683828934494309149287025426922386727185801496758859342748703079,1.0,1785211218,0.996
748071,1785600000,54000.0,51442191746577683828934494309149287025426922386727185801496758859342748703079,1.0,1785211218,0.996
748071,1785600000,54000.0,51442191746577683828934494309149287025426922386727185801496758859342748703079,1.0,1785214812,0.9945
748071,1785600000,54000.0,51442191746577683828934494309149287025426922386727185801496758859342748703079,1.0,1785214812,0.9945
748071,1785600000,54000.0,51442191746577683828934494309149287025426922386727185801496758859342748703079,1.0,1785218417,0.9945
748071,1785600000,54000.0,51442191746577683828934494309149287025426922386727185801496758859342748703079,1.0,1785218417,0.9945
748071,1785600000,54000.0,51442191746577683828934494309149287025426922386727185801496758859342748703079,1.0,1785222021,0.996
748071,1785600000,54000.0,51442191746577683828934494309149287025426922386727185801496758859342748703079,1.0,1785222021,0.996
748071,1785600000,54000.0,51442191746577683828934494309149287025426922386727185801496758859342748703079,1.0,1785225612,0.996
748071,1785600000,54000.0,51442191746577683828934494309149287025426922386727185801496758859342748703079,1.0,1785225612,0.996
748071,1785600000,54000.0,51442191746577683828934494309149287025426922386727185801496758859342748703079,1.0,1785232813,0.996
748071,1785600000,54000.0,51442191746577683828934494309149287025426922386727185801496758859342748703079,1.0,1785232813,0.996
748071,1785600000,54000.0,51442191746577683828934494309149287025426922386727185801496758859342748703079,1.0,1785236424,0.996
748071,1785600000,54000.0,51442191746577683828934494309149287025426922386727185801496758859342748703079,1.0,1785236424,0.996
748071,1785600000,54000.0,51442191746577683828934494309149287025426922386727185801496758859342748703079,1.0,1785240032,0.996
748071,1785600000,54000.0,51442191746577683828934494309149287025426922386727185801496758859342748703079,1.0,1785240032,0.996
748071,1785600000,54000.0,51442191746577683828934494309149287025426922386727185801496758859342748703079,1.0,1785243610,0.996
748071,1785600000,54000.0,51442191746577683828934494309149287025426922386727185801496758859342748703079,1.0,1785243610,0.996
748071,1785600000,54000.0,51442191746577683828934494309149287025426922386727185801496758859342748703079,1.0,1785247213,0.996
748071,1785600000,54000.0,51442191746577683828934494309149287025426922386727185801496758859342748703079,1.0,1785247213,0.996
748071,1785600000,54000.0,51442191746577683828934494309149287025426922386727185801496758859342748703079,1.0,1785250819,0.996
748071,1785600000,54000.0,51442191746577683828934494309149287025426922386727185801496758859342748703079,1.0,1785250819,0.996
748071,1785600000,54000.0,51442191746577683828934494309149287025426922386727185801496758859342748703079,1.0,1785254410,0.996
748071,1785600000,54000.0,51442191746577683828934494309149287025426922386727185801496758859342748703079,1.0,1785254410,0.996
748071,1785600000,54000.0,51442191746577683828934494309149287025426922386727185801496758859342748703079,1.0,1785258013,0.996
748071,1785600000,54000.0,51442191746577683828934494309149287025426922386727185801496758859342748703079,1.0,1785258013,0.996
748071,1785600000,54000.0,51442191746577683828934494309149287025426922386727185801496758859342748703079,1.0,1785261614,0.996
748071,1785600000,54000.0,51442191746577683828934494309149287025426922386727185801496758859342748703079,1.0,1785261614,0.996
748071,1785600000,54000.0,51442191746577683828934494309149287025426922386727185801496758859342748703079,1.0,1785265232,0.996
748071,1785600000,54000.0,51442191746577683828934494309149287025426922386727185801496758859342748703079,1.0,1785265232,0.996
748071,1785600000,54000.0,51442191746577683828934494309149287025426922386727185801496758859342748703079,1.0,1785268823,0.996
748071,1785600000,54000.0,51442191746577683828934494309149287025426922386727185801496758859342748703079,1.0,1785268823,0.996
748071,1785600000,54000.0,51442191746577683828934494309149287025426922386727185801496758859342748703079,1.0,1785272432,0.996
748071,1785600000,54000.0,51442191746577683828934494309149287025426922386727185801496758859342748703079,1.0,1785272432,0.996
748071,1785600000,54000.0,51442191746577683828934494309149287025426922386727185801496758859342748703079,1.0,1785276026,0.996
748071,1785600000,54000.0,51442191746577683828934494309149287025426922386727185801496758859342748703079,1.0,1785276026,0.996
748071,1785600000,54000.0,51442191746577683828934494309149287025426922386727185801496758859342748703079,1.0,1785279634,0.996
748071,1785600000,54000.0,51442191746577683828934494309149287025426922386727185801496758859342748703079,1.0,1785279634,0.996
748071,1785600000,54000.0,51442191746577683828934494309149287025426922386727185801496758859342748703079,1.0,1785283248,0.996
748071,1785600000,54000.0,51442191746577683828934494309149287025426922386727185801496758859342748703079,1.0,1785283248,0.996
748071,1785600000,54000.0,51442191746577683828934494309149287025426922386727185801496758859342748703079,1.0,1785286818,0.996
748071,1785600000,54000.0,51442191746577683828934494309149287025426922386727185801496758859342748703079,1.0,1785286818,0.996
748071,1785600000,54000.0,51442191746577683828934494309149287025426922386727185801496758859342748703079,1.0,1785290424,0.996
748071,1785600000,54000.0,51442191746577683828934494309149287025426922386727185801496758859342748703079,1.0,1785290424,0.996
748071,1785600000,54000.0,51442191746577683828934494309149287025426922386727185801496758859342748703079,1.0,1785294029,0.996
748071,1785600000,54000.0,51442191746577683828934494309149287025426922386727185801496758859342748703079,1.0,1785294029,0.996
748071,1785600000,54000.0,51442191746577683828934494309149287025426922386727185801496758859342748703079,1.0,1785297622,0.996
748071,1785600000,54000.0,51442191746577683828934494309149287025426922386727185801496758859342748703079,1.0,1785297622,0.996
748071,1785600000,54000.0,51442191746577683828934494309149287025426922386727185801496758859342748703079,1.0,1785301231,0.996
748071,1785600000,54000.0,51442191746577683828934494309149287025426922386727185801496758859342748703079,1.0,1785301231,0.996
748071,1785600000,54000.0,51442191746577683828934494309149287025426922386727185801496758859342748703079,1.0,1785304833,0.996
748071,1785600000,54000.0,51442191746577683828934494309149287025426922386727185801496758859342748703079,1.0,1785304833,0.996
748071,1785600000,54000.0,51442191746577683828934494309149287025426922386727185801496758859342748703079,1.0,1785308434,0.996
748071,1785600000,54000.0,51442191746577683828934494309149287025426922386727185801496758859342748703079,1.0,1785308434,0.996
748071,1785600000,54000.0,51442191746577683828934494309149287025426922386727185801496758859342748703079,1.0,1785312022,0.996
748071,1785600000,54000.0,51442191746577683828934494309149287025426922386727185801496758859342748703079,1.0,1785312022,0.996
748071,1785600000,54000.0,51442191746577683828934494309149287025426922386727185801496758859342748703079,1.0,1785315624,0.996
748071,1785600000,54000.0,51442191746577683828934494309149287025426922386727185801496758859342748703079,1.0,1785315624,0.996
748071,1785600000,54000.0,51442191746577683828934494309149287025426922386727185801496758859342748703079,1.0,1785319220,0.996
748071,1785600000,54000.0,51442191746577683828934494309149287025426922386727185801496758859342748703079,1.0,1785319220,0.996
748071,1785600000,54000.0,51442191746577683828934494309149287025426922386727185801496758859342748703079,1.0,1785322824,0.996
748071,1785600000,54000.0,51442191746577683828934494309149287025426922386727185801496758859342748703079,1.0,1785322824,0.996
748071,1785600000,54000.0,51442191746577683828934494309149287025426922386727185801496758859342748703079,1.0,1785326426,0.9955
748071,1785600000,54000.0,51442191746577683828934494309149287025426922386727185801496758859342748703079,1.0,1785326426,0.9955
748071,1785600000,54000.0,51442191746577683828934494309149287025426922386727185801496758859342748703079,1.0,1785330022,0.996
748071,1785600000,54000.0,51442191746577683828934494309149287025426922386727185801496758859342748703079,1.0,1785330022,0.996
748071,1785600000,54000.0,51442191746577683828934494309149287025426922386727185801496758859342748703079,1.0,1785333624,0.996
748071,1785600000,54000.0,51442191746577683828934494309149287025426922386727185801496758859342748703079,1.0,1785333624,0.996
748071,1785600000,54000.0,51442191746577683828934494309149287025426922386727185801496758859342748703079,1.0,1785337227,0.996
748071,1785600000,54000.0,51442191746577683828934494309149287025426922386727185801496758859342748703079,1.0,1785337227,0.996
748071,1785600000,54000.0,51442191746577683828934494309149287025426922386727185801496758859342748703079,1.0,1785340835,0.996
748071,1785600000,54000.0,51442191746577683828934494309149287025426922386727185801496758859342748703079,1.0,1785340835,0.996
748071,1785600000,54000.0,51442191746577683828934494309149287025426922386727185801496758859342748703079,1.0,1785344420,0.996
748071,1785600000,54000.0,51442191746577683828934494309149287025426922386727185801496758859342748703079,1.0,1785344420,0.996
748071,1785600000,54000.0,51442191746577683828934494309149287025426922386727185801496758859342748703079,1.0,1785348042,0.996
748071,1785600000,54000.0,51442191746577683828934494309149287025426922386727185801496758859342748703079,1.0,1785348042,0.996
748071,1785600000,54000.0,51442191746577683828934494309149287025426922386727185801496758859342748703079,1.0,1785351612,0.996
748071,1785600000,54000.0,51442191746577683828934494309149287025426922386727185801496758859342748703079,1.0,1785351612,0.996
748071,1785600000,54000.0,51442191746577683828934494309149287025426922386727185801496758859342748703079,1.0,1785355209,0.996
748071,1785600000,54000.0,51442191746577683828934494309149287025426922386727185801496758859342748703079,1.0,1785355209,0.996
748071,1785600000,54000.0,51442191746577683828934494309149287025426922386727185801496758859342748703079,1.0,1785358810,0.996
748071,1785600000,54000.0,51442191746577683828934494309149287025426922386727185801496758859342748703079,1.0,1785358810,0.996
748071,1785600000,54000.0,51442191746577683828934494309149287025426922386727185801496758859342748703079,1.0,1785362410,0.996
748071,1785600000,54000.0,51442191746577683828934494309149287025426922386727185801496758859342748703079,1.0,1785362410,0.996
748071,1785600000,54000.0,51442191746577683828934494309149287025426922386727185801496758859342748703079,1.0,1785366010,0.996
748071,1785600000,54000.0,51442191746577683828934494309149287025426922386727185801496758859342748703079,1.0,1785366010,0.996
748071,1785600000,54000.0,51442191746577683828934494309149287025426922386727185801496758859342748703079,1.0,1785369623,0.996
748071,1785600000,54000.0,51442191746577683828934494309149287025426922386727185801496758859342748703079,1.0,1785369623,0.996
748071,1785600000,54000.0,51442191746577683828934494309149287025426922386727185801496758859342748703079,1.0,1785373213,0.996
748071,1785600000,54000.0,51442191746577683828934494309149287025426922386727185801496758859342748703079,1.0,1785373213,0.996
748071,1785600000,54000.0,51442191746577683828934494309149287025426922386727185801496758859342748703079,1.0,1785376810,0.996
748071,1785600000,54000.0,51442191746577683828934494309149287025426922386727185801496758859342748703079,1.0,1785376810,0.996
748071,1785600000,54000.0,51442191746577683828934494309149287025426922386727185801496758859342748703079,1.0,1785380409,0.9955
748071,1785600000,54000.0,51442191746577683828934494309149287025426922386727185801496758859342748703079,1.0,1785380409,0.9955
748071,1785600000,54000.0,51442191746577683828934494309149287025426922386727185801496758859342748703079,1.0,1785384008,0.996
748071,1785600000,54000.0,51442191746577683828934494309149287025426922386727185801496758859342748703079,1.0,1785384008,0.996
748071,1785600000,54000.0,51442191746577683828934494309149287025426922386727185801496758859342748703079,1.0,1785387607,0.995
748071,1785600000,54000.0,51442191746577683828934494309149287025426922386727185801496758859342748703079,1.0,1785387607,0.995
748071,1785600000,54000.0,51442191746577683828934494309149287025426922386727185801496758859342748703079,1.0,1785391209,0.9955
748071,1785600000,54000.0,51442191746577683828934494309149287025426922386727185801496758859342748703079,1.0,1785391209,0.9955
748071,1785600000,54000.0,51442191746577683828934494309149287025426922386727185801496758859342748703079,1.0,1785394808,0.9955
748071,1785600000,54000.0,51442191746577683828934494309149287025426922386727185801496758859342748703079,1.0,1785394808,0.9955
748071,1785600000,54000.0,51442191746577683828934494309149287025426922386727185801496758859342748703079,1.0,1785398409,0.9955
748071,1785600000,54000.0,51442191746577683828934494309149287025426922386727185801496758859342748703079,1.0,1785398409,0.9955
748071,1785600000,54000.0,51442191746577683828934494309149287025426922386727185801496758859342748703079,1.0,1785402008,0.996
748071,1785600000,54000.0,51442191746577683828934494309149287025426922386727185801496758859342748703079,1.0,1785402008,0.996
748071,1785600000,54000.0,51442191746577683828934494309149287025426922386727185801496758859342748703079,1.0,1785405608,0.996
748071,1785600000,54000.0,51442191746577683828934494309149287025426922386727185801496758859342748703079,1.0,1785405608,0.996
748071,1785600000,54000.0,51442191746577683828934494309149287025426922386727185801496758859342748703079,1.0,1785409208,0.996
748071,1785600000,54000.0,51442191746577683828934494309149287025426922386727185801496758859342748703079,1.0,1785409208,0.996
748071,1785600000,54000.0,51442191746577683828934494309149287025426922386727185801496758859342748703079,1.0,1785412808,0.996
748071,1785600000,54000.0,51442191746577683828934494309149287025426922386727185801496758859342748703079,1.0,1785412808,0.996
748071,1785600000,54000.0,51442191746577683828934494309149287025426922386727185801496758859342748703079,1.0,1785416409,0.997
748071,1785600000,54000.0,51442191746577683828934494309149287025426922386727185801496758859342748703079,1.0,1785416409,0.997
748071,1785600000,54000.0,51442191746577683828934494309149287025426922386727185801496758859342748703079,1.0,1785420010,0.997
748071,1785600000,54000.0,51442191746577683828934494309149287025426922386727185801496758859342748703079,1.0,1785420010,0.997
748071,1785600000,54000.0,51442191746577683828934494309149287025426922386727185801496758859342748703079,1.0,1785423610,0.997
748071,1785600000,54000.0,51442191746577683828934494309149287025426922386727185801496758859342748703079,1.0,1785423610,0.997
748071,1785600000,54000.0,51442191746577683828934494309149287025426922386727185801496758859342748703079,1.0,1785427210,0.997
748071,1785600000,54000.0,51442191746577683828934494309149287025426922386727185801496758859342748703079,1.0,1785427210,0.997
748071,1785600000,54000.0,51442191746577683828934494309149287025426922386727185801496758859342748703079,1.0,1785430810,0.997
748071,1785600000,54000.0,51442191746577683828934494309149287025426922386727185801496758859342748703079,1.0,1785430810,0.997
748071,1785600000,54000.0,51442191746577683828934494309149287025426922386727185801496758859342748703079,1.0,1785434412,0.997
748071,1785600000,54000.0,51442191746577683828934494309149287025426922386727185801496758859342748703079,1.0,1785434412,0.997
748071,1785600000,54000.0,51442191746577683828934494309149287025426922386727185801496758859342748703079,1.0,1785438010,0.997
748071,1785600000,54000.0,51442191746577683828934494309149287025426922386727185801496758859342748703079,1.0,1785438010,0.997
748071,1785600000,54000.0,51442191746577683828934494309149287025426922386727185801496758859342748703079,1.0,1785441608,0.9995
748071,1785600000,54000.0,51442191746577683828934494309149287025426922386727185801496758859342748703079,1.0,1785441608,0.9995
748071,1785600000,54000.0,51442191746577683828934494309149287025426922386727185801496758859342748703079,1.0,1785445208,0.9995
748071,1785600000,54000.0,51442191746577683828934494309149287025426922386727185801496758859342748703079,1.0,1785445208,0.9995
748071,1785600000,54000.0,51442191746577683828934494309149287025426922386727185801496758859342748703079,1.0,1785448807,0.9995
748071,1785600000,54000.0,51442191746577683828934494309149287025426922386727185801496758859342748703079,1.0,1785448807,0.9995
748071,1785600000,54000.0,51442191746577683828934494309149287025426922386727185801496758859342748703079,1.0,1785452408,0.9995
748071,1785600000,54000.0,51442191746577683828934494309149287025426922386727185801496758859342748703079,1.0,1785452408,0.9995
748071,1785600000,54000.0,51442191746577683828934494309149287025426922386727185801496758859342748703079,1.0,1785456021,0.9995
748071,1785600000,54000.0,51442191746577683828934494309149287025426922386727185801496758859342748703079,1.0,1785456021,0.9995
748071,1785600000,54000.0,51442191746577683828934494309149287025426922386727185801496758859342748703079,1.0,1785459608,0.9995
748071,1785600000,54000.0,51442191746577683828934494309149287025426922386727185801496758859342748703079,1.0,1785459608,0.9995
748071,1785600000,54000.0,51442191746577683828934494309149287025426922386727185801496758859342748703079,1.0,1785463208,0.9995
748071,1785600000,54000.0,51442191746577683828934494309149287025426922386727185801496758859342748703079,1.0,1785463208,0.9995
748071,1785600000,54000.0,51442191746577683828934494309149287025426922386727185801496758859342748703079,1.0,1785466810,0.9995
748071,1785600000,54000.0,51442191746577683828934494309149287025426922386727185801496758859342748703079,1.0,1785466810,0.9995
748071,1785600000,54000.0,51442191746577683828934494309149287025426922386727185801496758859342748703079,1.0,1785470409,0.9995
748071,1785600000,54000.0,51442191746577683828934494309149287025426922386727185801496758859342748703079,1.0,1785470409,0.9995
748071,1785600000,54000.0,51442191746577683828934494309149287025426922386727185801496758859342748703079,1.0,1785474011,0.9995
748071,1785600000,54000.0,51442191746577683828934494309149287025426922386727185801496758859342748703079,1.0,1785474011,0.9995
748071,1785600000,54000.0,51442191746577683828934494309149287025426922386727185801496758859342748703079,1.0,1785477607,0.9995
748071,1785600000,54000.0,51442191746577683828934494309149287025426922386727185801496758859342748703079,1.0,1785477607,0.9995
748071,1785600000,54000.0,51442191746577683828934494309149287025426922386727185801496758859342748703079,1.0,1785481209,0.9995
748071,1785600000,54000.0,51442191746577683828934494309149287025426922386727185801496758859342748703079,1.0,1785481209,0.9995
748071,1785600000,54000.0,51442191746577683828934494309149287025426922386727185801496758859342748703079,1.0,1785484809,0.9995
748071,1785600000,54000.0,51442191746577683828934494309149287025426922386727185801496758859342748703079,1.0,1785484809,0.9995
748071,1785600000,54000.0,51442191746577683828934494309149287025426922386727185801496758859342748703079,1.0,1785488410,0.9995
748071,1785600000,54000.0,51442191746577683828934494309149287025426922386727185801496758859342748703079,1.0,1785488410,0.9995
748071,1785600000,54000.0,51442191746577683828934494309149287025426922386727185801496758859342748703079,1.0,1785492010,0.9995
748071,1785600000,54000.0,51442191746577683828934494309149287025426922386727185801496758859342748703079,1.0,1785492010,0.9995
748071,1785600000,54000.0,51442191746577683828934494309149287025426922386727185801496758859342748703079,1.0,1785495614,0.9995
748071,1785600000,54000.0,51442191746577683828934494309149287025426922386727185801496758859342748703079,1.0,1785495614,0.9995
748071,1785600000,54000.0,51442191746577683828934494309149287025426922386727185801496758859342748703079,1.0,1785499209,0.9995
748071,1785600000,54000.0,51442191746577683828934494309149287025426922386727185801496758859342748703079,1.0,1785499209,0.9995
748071,1785600000,54000.0,51442191746577683828934494309149287025426922386727185801496758859342748703079,1.0,1785502810,0.9995
748071,1785600000,54000.0,51442191746577683828934494309149287025426922386727185801496758859342748703079,1.0,1785502810,0.9995
748071,1785600000,54000.0,51442191746577683828934494309149287025426922386727185801496758859342748703079,1.0,1785506408,0.9995
748071,1785600000,54000.0,51442191746577683828934494309149287025426922386727185801496758859342748703079,1.0,1785506408,0.9995
748071,1785600000,54000.0,51442191746577683828934494309149287025426922386727185801496758859342748703079,1.0,1785510025,0.9995
748071,1785600000,54000.0,51442191746577683828934494309149287025426922386727185801496758859342748703079,1.0,1785510025,0.9995
748071,1785600000,54000.0,51442191746577683828934494309149287025426922386727185801496758859342748703079,1.0,1785513609,0.9995
748071,1785600000,54000.0,51442191746577683828934494309149287025426922386727185801496758859342748703079,1.0,1785513609,0.9995
748071,1785600000,54000.0,51442191746577683828934494309149287025426922386727185801496758859342748703079,1.0,1785517210,0.9995
748071,1785600000,54000.0,51442191746577683828934494309149287025426922386727185801496758859342748703079,1.0,1785517210,0.9995
748071,1785600000,54000.0,51442191746577683828934494309149287025426922386727185801496758859342748703079,1.0,1785520811,0.9995
748071,1785600000,54000.0,51442191746577683828934494309149287025426922386727185801496758859342748703079,1.0,1785520811,0.9995
748071,1785600000,54000.0,51442191746577683828934494309149287025426922386727185801496758859342748703079,1.0,1785524426,0.9995
748071,1785600000,54000.0,51442191746577683828934494309149287025426922386727185801496758859342748703079,1.0,1785524426,0.9995
748071,1785600000,54000.0,51442191746577683828934494309149287025426922386727185801496758859342748703079,1.0,1785528018,0.9995
748071,1785600000,54000.0,51442191746577683828934494309149287025426922386727185801496758859342748703079,1.0,1785528018,0.9995
748071,1785600000,54000.0,51442191746577683828934494309149287025426922386727185801496758859342748703079,1.0,1785531610,0.9995
748071,1785600000,54000.0,51442191746577683828934494309149287025426922386727185801496758859342748703079,1.0,1785531610,0.9995
748071,1785600000,54000.0,51442191746577683828934494309149287025426922386727185801496758859342748703079,1.0,1785535210,0.9995
748071,1785600000,54000.0,51442191746577683828934494309149287025426922386727185801496758859342748703079,1.0,1785535210,0.9995
748071,1785600000,54000.0,51442191746577683828934494309149287025426922386727185801496758859342748703079,1.0,1785538809,0.9995
748071,1785600000,54000.0,51442191746577683828934494309149287025426922386727185801496758859342748703079,1.0,1785538809,0.9995
748071,1785600000,54000.0,51442191746577683828934494309149287025426922386727185801496758859342748703079,1.0,1785542412,0.9995
748071,1785600000,54000.0,51442191746577683828934494309149287025426922386727185801496758859342748703079,1.0,1785542412,0.9995
748071,1785600000,54000.0,51442191746577683828934494309149287025426922386727185801496758859342748703079,1.0,1785546009,0.9995
748071,1785600000,54000.0,51442191746577683828934494309149287025426922386727185801496758859342748703079,1.0,1785546009,0.9995
748071,1785600000,54000.0,51442191746577683828934494309149287025426922386727185801496758859342748703079,1.0,1785549607,0.9995
748071,1785600000,54000.0,51442191746577683828934494309149287025426922386727185801496758859342748703079,1.0,1785549607,0.9995
748071,1785600000,54000.0,51442191746577683828934494309149287025426922386727185801496758859342748703079,1.0,1785553209,0.9995
748071,1785600000,54000.0,51442191746577683828934494309149287025426922386727185801496758859342748703079,1.0,1785553209,0.9995
748071,1785600000,54000.0,51442191746577683828934494309149287025426922386727185801496758859342748703079,1.0,1785556810,0.9995
748071,1785600000,54000.0,51442191746577683828934494309149287025426922386727185801496758859342748703079,1.0,1785556810,0.9995
748071,1785600000,54000.0,51442191746577683828934494309149287025426922386727185801496758859342748703079,1.0,1785560413,0.9995
748071,1785600000,54000.0,51442191746577683828934494309149287025426922386727185801496758859342748703079,1.0,1785560413,0.9995
748071,1785600000,54000.0,51442191746577683828934494309149287025426922386727185801496758859342748703079,1.0,1785564025,0.9995
748071,1785600000,54000.0,51442191746577683828934494309149287025426922386727185801496758859342748703079,1.0,1785564025,0.9995
748071,1785600000,54000.0,51442191746577683828934494309149287025426922386727185801496758859342748703079,1.0,1785567609,0.9995
748071,1785600000,54000.0,51442191746577683828934494309149287025426922386727185801496758859342748703079,1.0,1785567609,0.9995
748071,1785600000,54000.0,51442191746577683828934494309149287025426922386727185801496758859342748703079,1.0,1785571209,0.9995
748071,1785600000,54000.0,51442191746577683828934494309149287025426922386727185801496758859342748703079,1.0,1785571209,0.9995
748071,1785600000,54000.0,51442191746577683828934494309149287025426922386727185801496758859342748703079,1.0,1785574812,0.9995
748071,1785600000,54000.0,51442191746577683828934494309149287025426922386727185801496758859342748703079,1.0,1785574812,0.9995
748071,1785600000,54000.0,51442191746577683828934494309149287025426922386727185801496758859342748703079,1.0,1785578410,0.9995
748071,1785600000,54000.0,51442191746577683828934494309149287025426922386727185801496758859342748703079,1.0,1785578410,0.9995
748071,1785600000,54000.0,51442191746577683828934494309149287025426922386727185801496758859342748703079,1.0,1785582040,0.9995
748071,1785600000,54000.0,51442191746577683828934494309149287025426922386727185801496758859342748703079,1.0,1785582040,0.9995
748071,1785600000,54000.0,51442191746577683828934494309149287025426922386727185801496758859342748703079,1.0,1785585611,0.9995
748071,1785600000,54000.0,51442191746577683828934494309149287025426922386727185801496758859342748703079,1.0,1785585611,0.9995
748071,1785600000,54000.0,51442191746577683828934494309149287025426922386727185801496758859342748703079,1.0,1785589207,0.9995
748071,1785600000,54000.0,51442191746577683828934494309149287025426922386727185801496758859342748703079,1.0,1785589207,0.9995
748071,1785600000,54000.0,51442191746577683828934494309149287025426922386727185801496758859342748703079,1.0,1785592807,0.9995
748071,1785600000,54000.0,51442191746577683828934494309149287025426922386727185801496758859342748703079,1.0,1785592807,0.9995
748071,1785600000,54000.0,51442191746577683828934494309149287025426922386727185801496758859342748703079,1.0,1785596407,0.9995
748071,1785600000,54000.0,51442191746577683828934494309149287025426922386727185801496758859342748703079,1.0,1785596407,0.9995
748071,1785600000,54000.0,51442191746577683828934494309149287025426922386727185801496758859342748703079,1.0,1785600009,0.9995
748071,1785600000,54000.0,51442191746577683828934494309149287025426922386727185801496758859342748703079,1.0,1785600009,0.9995
748071,1785600000,56000.0,105914496323412130307394965719650061949735719581941754357279242739499781271297,1.0,1784998810,0.5
748071,1785600000,56000.0,105914496323412130307394965719650061949735719581941754357279242739499781271297,1.0,1784998810,0.5
748071,1785600000,56000.0,105914496323412130307394965719650061949735719581941754357279242739499781271297,1.0,1785002411,0.5
748071,1785600000,56000.0,105914496323412130307394965719650061949735719581941754357279242739499781271297,1.0,1785002411,0.5
748071,1785600000,56000.0,105914496323412130307394965719650061949735719581941754357279242739499781271297,1.0,1785006009,0.5
748071,1785600000,56000.0,105914496323412130307394965719650061949735719581941754357279242739499781271297,1.0,1785006009,0.5
748071,1785600000,56000.0,105914496323412130307394965719650061949735719581941754357279242739499781271297,1.0,1785009609,0.5
748071,1785600000,56000.0,105914496323412130307394965719650061949735719581941754357279242739499781271297,1.0,1785009609,0.5
748071,1785600000,56000.0,105914496323412130307394965719650061949735719581941754357279242739499781271297,1.0,1785013228,0.985
748071,1785600000,56000.0,105914496323412130307394965719650061949735719581941754357279242739499781271297,1.0,1785013228,0.985
748071,1785600000,56000.0,105914496323412130307394965719650061949735719581941754357279242739499781271297,1.0,1785016808,0.744
748071,1785600000,56000.0,105914496323412130307394965719650061949735719581941754357279242739499781271297,1.0,1785016808,0.744
748071,1785600000,56000.0,105914496323412130307394965719650061949735719581941754357279242739499781271297,1.0,1785020428,0.744
748071,1785600000,56000.0,105914496323412130307394965719650061949735719581941754357279242739499781271297,1.0,1785020428,0.744
748071,1785600000,56000.0,105914496323412130307394965719650061949735719581941754357279242739499781271297,1.0,1785024011,0.981
748071,1785600000,56000.0,105914496323412130307394965719650061949735719581941754357279242739499781271297,1.0,1785024011,0.981
748071,1785600000,56000.0,105914496323412130307394965719650061949735719581941754357279242739499781271297,1.0,1785027609,0.981
748071,1785600000,56000.0,105914496323412130307394965719650061949735719581941754357279242739499781271297,1.0,1785027609,0.981
748071,1785600000,56000.0,105914496323412130307394965719650061949735719581941754357279242739499781271297,1.0,1785031208,0.983
748071,1785600000,56000.0,105914496323412130307394965719650061949735719581941754357279242739499781271297,1.0,1785031208,0.983
748071,1785600000,56000.0,105914496323412130307394965719650061949735719581941754357279242739499781271297,1.0,1785034812,0.983
748071,1785600000,56000.0,105914496323412130307394965719650061949735719581941754357279242739499781271297,1.0,1785034812,0.983
748071,1785600000,56000.0,105914496323412130307394965719650061949735719581941754357279242739499781271297,1.0,1785038407,0.983
748071,1785600000,56000.0,105914496323412130307394965719650061949735719581941754357279242739499781271297,1.0,1785038407,0.983
748071,1785600000,56000.0,105914496323412130307394965719650061949735719581941754357279242739499781271297,1.0,1785042008,0.983
748071,1785600000,56000.0,105914496323412130307394965719650061949735719581941754357279242739499781271297,1.0,1785042008,0.983
748071,1785600000,56000.0,105914496323412130307394965719650061949735719581941754357279242739499781271297,1.0,1785045611,0.983
748071,1785600000,56000.0,105914496323412130307394965719650061949735719581941754357279242739499781271297,1.0,1785045611,0.983
748071,1785600000,56000.0,105914496323412130307394965719650061949735719581941754357279242739499781271297,1.0,1785049230,0.983
748071,1785600000,56000.0,105914496323412130307394965719650061949735719581941754357279242739499781271297,1.0,1785049230,0.983
748071,1785600000,56000.0,105914496323412130307394965719650061949735719581941754357279242739499781271297,1.0,1785052810,0.981
748071,1785600000,56000.0,105914496323412130307394965719650061949735719581941754357279242739499781271297,1.0,1785052810,0.981
748071,1785600000,56000.0,105914496323412130307394965719650061949735719581941754357279242739499781271297,1.0,1785056409,0.9835
748071,1785600000,56000.0,105914496323412130307394965719650061949735719581941754357279242739499781271297,1.0,1785056409,0.9835
748071,1785600000,56000.0,105914496323412130307394965719650061949735719581941754357279242739499781271297,1.0,1785060008,0.9825
748071,1785600000,56000.0,105914496323412130307394965719650061949735719581941754357279242739499781271297,1.0,1785060008,0.9825
748071,1785600000,56000.0,105914496323412130307394965719650061949735719581941754357279242739499781271297,1.0,1785063607,0.983
748071,1785600000,56000.0,105914496323412130307394965719650061949735719581941754357279242739499781271297,1.0,1785063607,0.983
748071,1785600000,56000.0,105914496323412130307394965719650061949735719581941754357279242739499781271297,1.0,1785067211,0.983
748071,1785600000,56000.0,105914496323412130307394965719650061949735719581941754357279242739499781271297,1.0,1785067211,0.983
748071,1785600000,56000.0,105914496323412130307394965719650061949735719581941754357279242739499781271297,1.0,1785070807,0.983
748071,1785600000,56000.0,105914496323412130307394965719650061949735719581941754357279242739499781271297,1.0,1785070807,0.983
748071,1785600000,56000.0,105914496323412130307394965719650061949735719581941754357279242739499781271297,1.0,1785074409,0.983
748071,1785600000,56000.0,105914496323412130307394965719650061949735719581941754357279242739499781271297,1.0,1785074409,0.983
748071,1785600000,56000.0,105914496323412130307394965719650061949735719581941754357279242739499781271297,1.0,1785078032,0.9845
748071,1785600000,56000.0,105914496323412130307394965719650061949735719581941754357279242739499781271297,1.0,1785078032,0.9845
748071,1785600000,56000.0,105914496323412130307394965719650061949735719581941754357279242739499781271297,1.0,1785081609,0.9835
748071,1785600000,56000.0,105914496323412130307394965719650061949735719581941754357279242739499781271297,1.0,1785081609,0.9835
748071,1785600000,56000.0,105914496323412130307394965719650061949735719581941754357279242739499781271297,1.0,1785085209,0.9905
748071,1785600000,56000.0,105914496323412130307394965719650061949735719581941754357279242739499781271297,1.0,1785085209,0.9905
748071,1785600000,56000.0,105914496323412130307394965719650061949735719581941754357279242739499781271297,1.0,1785088812,0.9905
748071,1785600000,56000.0,105914496323412130307394965719650061949735719581941754357279242739499781271297,1.0,1785088812,0.9905
748071,1785600000,56000.0,105914496323412130307394965719650061949735719581941754357279242739499781271297,1.0,1785092410,0.9905
748071,1785600000,56000.0,105914496323412130307394965719650061949735719581941754357279242739499781271297,1.0,1785092410,0.9905
748071,1785600000,56000.0,105914496323412130307394965719650061949735719581941754357279242739499781271297,1.0,1785096022,0.9905
748071,1785600000,56000.0,105914496323412130307394965719650061949735719581941754357279242739499781271297,1.0,1785096022,0.9905
748071,1785600000,56000.0,105914496323412130307394965719650061949735719581941754357279242739499781271297,1.0,1785099631,0.994
748071,1785600000,56000.0,105914496323412130307394965719650061949735719581941754357279242739499781271297,1.0,1785099631,0.994
748071,1785600000,56000.0,105914496323412130307394965719650061949735719581941754357279242739499781271297,1.0,1785103209,0.994
748071,1785600000,56000.0,105914496323412130307394965719650061949735719581941754357279242739499781271297,1.0,1785103209,0.994
748071,1785600000,56000.0,105914496323412130307394965719650061949735719581941754357279242739499781271297,1.0,1785106809,0.994
748071,1785600000,56000.0,105914496323412130307394965719650061949735719581941754357279242739499781271297,1.0,1785106809,0.994
748071,1785600000,56000.0,105914496323412130307394965719650061949735719581941754357279242739499781271297,1.0,1785110413,0.994
748071,1785600000,56000.0,105914496323412130307394965719650061949735719581941754357279242739499781271297,1.0,1785110413,0.994
748071,1785600000,56000.0,105914496323412130307394965719650061949735719581941754357279242739499781271297,1.0,1785114009,0.994
748071,1785600000,56000.0,105914496323412130307394965719650061949735719581941754357279242739499781271297,1.0,1785114009,0.994
748071,1785600000,56000.0,105914496323412130307394965719650061949735719581941754357279242739499781271297,1.0,1785117608,0.994
748071,1785600000,56000.0,105914496323412130307394965719650061949735719581941754357279242739499781271297,1.0,1785117608,0.994
748071,1785600000,56000.0,105914496323412130307394965719650061949735719581941754357279242739499781271297,1.0,1785121212,0.994
748071,1785600000,56000.0,105914496323412130307394965719650061949735719581941754357279242739499781271297,1.0,1785121212,0.994
748071,1785600000,56000.0,105914496323412130307394965719650061949735719581941754357279242739499781271297,1.0,1785124811,0.994
748071,1785600000,56000.0,105914496323412130307394965719650061949735719581941754357279242739499781271297,1.0,1785124811,0.994
748071,1785600000,56000.0,105914496323412130307394965719650061949735719581941754357279242739499781271297,1.0,1785128408,0.994
748071,1785600000,56000.0,105914496323412130307394965719650061949735719581941754357279242739499781271297,1.0,1785128408,0.994
748071,1785600000,56000.0,105914496323412130307394965719650061949735719581941754357279242739499781271297,1.0,1785132011,0.994
748071,1785600000,56000.0,105914496323412130307394965719650061949735719581941754357279242739499781271297,1.0,1785132011,0.994
748071,1785600000,56000.0,105914496323412130307394965719650061949735719581941754357279242739499781271297,1.0,1785135608,0.994
748071,1785600000,56000.0,105914496323412130307394965719650061949735719581941754357279242739499781271297,1.0,1785135608,0.994
748071,1785600000,56000.0,105914496323412130307394965719650061949735719581941754357279242739499781271297,1.0,1785139209,0.994
748071,1785600000,56000.0,105914496323412130307394965719650061949735719581941754357279242739499781271297,1.0,1785139209,0.994
748071,1785600000,56000.0,105914496323412130307394965719650061949735719581941754357279242739499781271297,1.0,1785142809,0.994
748071,1785600000,56000.0,105914496323412130307394965719650061949735719581941754357279242739499781271297,1.0,1785142809,0.994
748071,1785600000,56000.0,105914496323412130307394965719650061949735719581941754357279242739499781271297,1.0,1785146405,0.994
748071,1785600000,56000.0,105914496323412130307394965719650061949735719581941754357279242739499781271297,1.0,1785146405,0.994
748071,1785600000,56000.0,105914496323412130307394965719650061949735719581941754357279242739499781271297,1.0,1785150009,0.9945
748071,1785600000,56000.0,105914496323412130307394965719650061949735719581941754357279242739499781271297,1.0,1785150009,0.9945
748071,1785600000,56000.0,105914496323412130307394965719650061949735719581941754357279242739499781271297,1.0,1785153618,0.9945
748071,1785600000,56000.0,105914496323412130307394965719650061949735719581941754357279242739499781271297,1.0,1785153618,0.9945
748071,1785600000,56000.0,105914496323412130307394965719650061949735719581941754357279242739499781271297,1.0,1785157205,0.9945
748071,1785600000,56000.0,105914496323412130307394965719650061949735719581941754357279242739499781271297,1.0,1785157205,0.9945
748071,1785600000,56000.0,105914496323412130307394965719650061949735719581941754357279242739499781271297,1.0,1785160813,0.9945
748071,1785600000,56000.0,105914496323412130307394965719650061949735719581941754357279242739499781271297,1.0,1785160813,0.9945
748071,1785600000,56000.0,105914496323412130307394965719650061949735719581941754357279242739499781271297,1.0,1785164416,0.995
748071,1785600000,56000.0,105914496323412130307394965719650061949735719581941754357279242739499781271297,1.0,1785164416,0.995
748071,1785600000,56000.0,105914496323412130307394965719650061949735719581941754357279242739499781271297,1.0,1785168009,0.995
748071,1785600000,56000.0,105914496323412130307394965719650061949735719581941754357279242739499781271297,1.0,1785168009,0.995
748071,1785600000,56000.0,105914496323412130307394965719650061949735719581941754357279242739499781271297,1.0,1785171612,0.995
748071,1785600000,56000.0,105914496323412130307394965719650061949735719581941754357279242739499781271297,1.0,1785171612,0.995
748071,1785600000,56000.0,105914496323412130307394965719650061949735719581941754357279242739499781271297,1.0,1785175206,0.995
748071,1785600000,56000.0,105914496323412130307394965719650061949735719581941754357279242739499781271297,1.0,1785175206,0.995
748071,1785600000,56000.0,105914496323412130307394965719650061949735719581941754357279242739499781271297,1.0,1785178819,0.995
748071,1785600000,56000.0,105914496323412130307394965719650061949735719581941754357279242739499781271297,1.0,1785178819,0.995
748071,1785600000,56000.0,105914496323412130307394965719650061949735719581941754357279242739499781271297,1.0,1785182419,0.995
748071,1785600000,56000.0,105914496323412130307394965719650061949735719581941754357279242739499781271297,1.0,1785182419,0.995
748071,1785600000,56000.0,105914496323412130307394965719650061949735719581941754357279242739499781271297,1.0,1785186005,0.995
748071,1785600000,56000.0,105914496323412130307394965719650061949735719581941754357279242739499781271297,1.0,1785186005,0.995
748071,1785600000,56000.0,105914496323412130307394965719650061949735719581941754357279242739499781271297,1.0,1785189613,0.995
748071,1785600000,56000.0,105914496323412130307394965719650061949735719581941754357279242739499781271297,1.0,1785189613,0.995
748071,1785600000,56000.0,105914496323412130307394965719650061949735719581941754357279242739499781271297,1.0,1785193212,0.995
748071,1785600000,56000.0,105914496323412130307394965719650061949735719581941754357279242739499781271297,1.0,1785193212,0.995
748071,1785600000,56000.0,105914496323412130307394965719650061949735719581941754357279242739499781271297,1.0,1785196816,0.995
748071,1785600000,56000.0,105914496323412130307394965719650061949735719581941754357279242739499781271297,1.0,1785196816,0.995
748071,1785600000,56000.0,105914496323412130307394965719650061949735719581941754357279242739499781271297,1.0,1785200410,0.995
748071,1785600000,56000.0,105914496323412130307394965719650061949735719581941754357279242739499781271297,1.0,1785200410,0.995
748071,1785600000,56000.0,105914496323412130307394965719650061949735719581941754357279242739499781271297,1.0,1785204009,0.995
748071,1785600000,56000.0,105914496323412130307394965719650061949735719581941754357279242739499781271297,1.0,1785204009,0.995
748071,1785600000,56000.0,105914496323412130307394965719650061949735719581941754357279242739499781271297,1.0,1785207614,0.995
748071,1785600000,56000.0,105914496323412130307394965719650061949735719581941754357279242739499781271297,1.0,1785207614,0.995
748071,1785600000,56000.0,105914496323412130307394965719650061949735719581941754357279242739499781271297,1.0,1785211218,0.995
748071,1785600000,56000.0,105914496323412130307394965719650061949735719581941754357279242739499781271297,1.0,1785211218,0.995
748071,1785600000,56000.0,105914496323412130307394965719650061949735719581941754357279242739499781271297,1.0,1785214811,0.995
748071,1785600000,56000.0,105914496323412130307394965719650061949735719581941754357279242739499781271297,1.0,1785214811,0.995
748071,1785600000,56000.0,105914496323412130307394965719650061949735719581941754357279242739499781271297,1.0,1785218416,0.995
748071,1785600000,56000.0,105914496323412130307394965719650061949735719581941754357279242739499781271297,1.0,1785218416,0.995
748071,1785600000,56000.0,105914496323412130307394965719650061949735719581941754357279242739499781271297,1.0,1785222020,0.995
748071,1785600000,56000.0,105914496323412130307394965719650061949735719581941754357279242739499781271297,1.0,1785222020,0.995
748071,1785600000,56000.0,105914496323412130307394965719650061949735719581941754357279242739499781271297,1.0,1785225612,0.995
748071,1785600000,56000.0,105914496323412130307394965719650061949735719581941754357279242739499781271297,1.0,1785225612,0.995
748071,1785600000,56000.0,105914496323412130307394965719650061949735719581941754357279242739499781271297,1.0,1785232812,0.995
748071,1785600000,56000.0,105914496323412130307394965719650061949735719581941754357279242739499781271297,1.0,1785232812,0.995
748071,1785600000,56000.0,105914496323412130307394965719650061949735719581941754357279242739499781271297,1.0,1785236424,0.995
748071,1785600000,56000.0,105914496323412130307394965719650061949735719581941754357279242739499781271297,1.0,1785236424,0.995
748071,1785600000,56000.0,105914496323412130307394965719650061949735719581941754357279242739499781271297,1.0,1785240031,0.995
748071,1785600000,56000.0,105914496323412130307394965719650061949735719581941754357279242739499781271297,1.0,1785240031,0.995
748071,1785600000,56000.0,105914496323412130307394965719650061949735719581941754357279242739499781271297,1.0,1785243610,0.995
748071,1785600000,56000.0,105914496323412130307394965719650061949735719581941754357279242739499781271297,1.0,1785243610,0.995
748071,1785600000,56000.0,105914496323412130307394965719650061949735719581941754357279242739499781271297,1.0,1785247212,0.995
748071,1785600000,56000.0,105914496323412130307394965719650061949735719581941754357279242739499781271297,1.0,1785247212,0.995
748071,1785600000,56000.0,105914496323412130307394965719650061949735719581941754357279242739499781271297,1.0,1785250818,0.9945
748071,1785600000,56000.0,105914496323412130307394965719650061949735719581941754357279242739499781271297,1.0,1785250818,0.9945
748071,1785600000,56000.0,105914496323412130307394965719650061949735719581941754357279242739499781271297,1.0,1785254410,0.9945
748071,1785600000,56000.0,105914496323412130307394965719650061949735719581941754357279242739499781271297,1.0,1785254410,0.9945
748071,1785600000,56000.0,105914496323412130307394965719650061949735719581941754357279242739499781271297,1.0,1785258012,0.9945
748071,1785600000,56000.0,105914496323412130307394965719650061949735719581941754357279242739499781271297,1.0,1785258012,0.9945
748071,1785600000,56000.0,105914496323412130307394965719650061949735719581941754357279242739499781271297,1.0,1785261614,0.9945
748071,1785600000,56000.0,105914496323412130307394965719650061949735719581941754357279242739499781271297,1.0,1785261614,0.9945
748071,1785600000,56000.0,105914496323412130307394965719650061949735719581941754357279242739499781271297,1.0,1785265229,0.9945
748071,1785600000,56000.0,105914496323412130307394965719650061949735719581941754357279242739499781271297,1.0,1785265229,0.9945
748071,1785600000,56000.0,105914496323412130307394965719650061949735719581941754357279242739499781271297,1.0,1785268817,0.9945
748071,1785600000,56000.0,105914496323412130307394965719650061949735719581941754357279242739499781271297,1.0,1785268817,0.9945
748071,1785600000,56000.0,105914496323412130307394965719650061949735719581941754357279242739499781271297,1.0,1785272420,0.9945
748071,1785600000,56000.0,105914496323412130307394965719650061949735719581941754357279242739499781271297,1.0,1785272420,0.9945
748071,1785600000,56000.0,105914496323412130307394965719650061949735719581941754357279242739499781271297,1.0,1785276017,0.9945
748071,1785600000,56000.0,105914496323412130307394965719650061949735719581941754357279242739499781271297,1.0,1785276017,0.9945
748071,1785600000,56000.0,105914496323412130307394965719650061949735719581941754357279242739499781271297,1.0,1785279622,0.9945
748071,1785600000,56000.0,105914496323412130307394965719650061949735719581941754357279242739499781271297,1.0,1785279622,0.9945
748071,1785600000,56000.0,105914496323412130307394965719650061949735719581941754357279242739499781271297,1.0,1785283236,0.9945
748071,1785600000,56000.0,105914496323412130307394965719650061949735719581941754357279242739499781271297,1.0,1785283236,0.9945
748071,1785600000,56000.0,105914496323412130307394965719650061949735719581941754357279242739499781271297,1.0,1785286813,0.9945
748071,1785600000,56000.0,105914496323412130307394965719650061949735719581941754357279242739499781271297,1.0,1785286813,0.9945
748071,1785600000,56000.0,105914496323412130307394965719650061949735719581941754357279242739499781271297,1.0,1785290417,0.9945
748071,1785600000,56000.0,105914496323412130307394965719650061949735719581941754357279242739499781271297,1.0,1785290417,0.9945
748071,1785600000,56000.0,105914496323412130307394965719650061949735719581941754357279242739499781271297,1.0,1785294019,0.9945
748071,1785600000,56000.0,105914496323412130307394965719650061949735719581941754357279242739499781271297,1.0,1785294019,0.9945
748071,1785600000,56000.0,105914496323412130307394965719650061949735719581941754357279242739499781271297,1.0,1785297616,0.9945
748071,1785600000,56000.0,105914496323412130307394965719650061949735719581941754357279242739499781271297,1.0,1785297616,0.9945
748071,1785600000,56000.0,105914496323412130307394965719650061949735719581941754357279242739499781271297,1.0,1785301220,0.9945
748071,1785600000,56000.0,105914496323412130307394965719650061949735719581941754357279242739499781271297,1.0,1785301220,0.9945
748071,1785600000,56000.0,105914496323412130307394965719650061949735719581941754357279242739499781271297,1.0,1785304822,0.9945
748071,1785600000,56000.0,105914496323412130307394965719650061949735719581941754357279242739499781271297,1.0,1785304822,0.9945
748071,1785600000,56000.0,105914496323412130307394965719650061949735719581941754357279242739499781271297,1.0,1785308418,0.9945
748071,1785600000,56000.0,105914496323412130307394965719650061949735719581941754357279242739499781271297,1.0,1785308418,0.9945
748071,1785600000,56000.0,105914496323412130307394965719650061949735719581941754357279242739499781271297,1.0,1785312016,0.9945
748071,1785600000,56000.0,105914496323412130307394965719650061949735719581941754357279242739499781271297,1.0,1785312016,0.9945
748071,1785600000,56000.0,105914496323412130307394965719650061949735719581941754357279242739499781271297,1.0,1785315615,0.9945
748071,1785600000,56000.0,105914496323412130307394965719650061949735719581941754357279242739499781271297,1.0,1785315615,0.9945
748071,1785600000,56000.0,105914496323412130307394965719650061949735719581941754357279242739499781271297,1.0,1785319214,0.9945
748071,1785600000,56000.0,105914496323412130307394965719650061949735719581941754357279242739499781271297,1.0,1785319214,0.9945
748071,1785600000,56000.0,105914496323412130307394965719650061949735719581941754357279242739499781271297,1.0,1785322817,0.9945
748071,1785600000,56000.0,105914496323412130307394965719650061949735719581941754357279242739499781271297,1.0,1785322817,0.9945
748071,1785600000,56000.0,105914496323412130307394965719650061949735719581941754357279242739499781271297,1.0,1785326417,0.995
748071,1785600000,56000.0,105914496323412130307394965719650061949735719581941754357279242739499781271297,1.0,1785326417,0.995
748071,1785600000,56000.0,105914496323412130307394965719650061949735719581941754357279242739499781271297,1.0,1785330015,0.995
748071,1785600000,56000.0,105914496323412130307394965719650061949735719581941754357279242739499781271297,1.0,1785330015,0.995
748071,1785600000,56000.0,105914496323412130307394965719650061949735719581941754357279242739499781271297,1.0,1785333616,0.995
748071,1785600000,56000.0,105914496323412130307394965719650061949735719581941754357279242739499781271297,1.0,1785333616,0.995
748071,1785600000,56000.0,105914496323412130307394965719650061949735719581941754357279242739499781271297,1.0,1785337216,0.9935
748071,1785600000,56000.0,105914496323412130307394965719650061949735719581941754357279242739499781271297,1.0,1785337216,0.9935
748071,1785600000,56000.0,105914496323412130307394965719650061949735719581941754357279242739499781271297,1.0,1785340823,0.9935
748071,1785600000,56000.0,105914496323412130307394965719650061949735719581941754357279242739499781271297,1.0,1785340823,0.9935
748071,1785600000,56000.0,105914496323412130307394965719650061949735719581941754357279242739499781271297,1.0,1785344413,0.9945
748071,1785600000,56000.0,105914496323412130307394965719650061949735719581941754357279242739499781271297,1.0,1785344413,0.9945
748071,1785600000,56000.0,105914496323412130307394965719650061949735719581941754357279242739499781271297,1.0,1785348034,0.9945
748071,1785600000,56000.0,105914496323412130307394965719650061949735719581941754357279242739499781271297,1.0,1785348034,0.9945
748071,1785600000,56000.0,105914496323412130307394965719650061949735719581941754357279242739499781271297,1.0,1785351612,0.995
748071,1785600000,56000.0,105914496323412130307394965719650061949735719581941754357279242739499781271297,1.0,1785351612,0.995
748071,1785600000,56000.0,105914496323412130307394965719650061949735719581941754357279242739499781271297,1.0,1785355208,0.995
748071,1785600000,56000.0,105914496323412130307394965719650061949735719581941754357279242739499781271297,1.0,1785355208,0.995
748071,1785600000,56000.0,105914496323412130307394965719650061949735719581941754357279242739499781271297,1.0,1785358808,0.995
748071,1785600000,56000.0,105914496323412130307394965719650061949735719581941754357279242739499781271297,1.0,1785358808,0.995
748071,1785600000,56000.0,105914496323412130307394965719650061949735719581941754357279242739499781271297,1.0,1785362409,0.9945
748071,1785600000,56000.0,105914496323412130307394965719650061949735719581941754357279242739499781271297,1.0,1785362409,0.9945
748071,1785600000,56000.0,105914496323412130307394965719650061949735719581941754357279242739499781271297,1.0,1785366010,0.995
748071,1785600000,56000.0,105914496323412130307394965719650061949735719581941754357279242739499781271297,1.0,1785366010,0.995
748071,1785600000,56000.0,105914496323412130307394965719650061949735719581941754357279242739499781271297,1.0,1785369623,0.995
748071,1785600000,56000.0,105914496323412130307394965719650061949735719581941754357279242739499781271297,1.0,1785369623,0.995
748071,1785600000,56000.0,105914496323412130307394965719650061949735719581941754357279242739499781271297,1.0,1785373212,0.995
748071,1785600000,56000.0,105914496323412130307394965719650061949735719581941754357279242739499781271297,1.0,1785373212,0.995
748071,1785600000,56000.0,105914496323412130307394965719650061949735719581941754357279242739499781271297,1.0,1785376810,0.995
748071,1785600000,56000.0,105914496323412130307394965719650061949735719581941754357279242739499781271297,1.0,1785376810,0.995
748071,1785600000,56000.0,105914496323412130307394965719650061949735719581941754357279242739499781271297,1.0,1785380408,0.995
748071,1785600000,56000.0,105914496323412130307394965719650061949735719581941754357279242739499781271297,1.0,1785380408,0.995
748071,1785600000,56000.0,105914496323412130307394965719650061949735719581941754357279242739499781271297,1.0,1785384008,0.995
748071,1785600000,56000.0,105914496323412130307394965719650061949735719581941754357279242739499781271297,1.0,1785384008,0.995
748071,1785600000,56000.0,105914496323412130307394965719650061949735719581941754357279242739499781271297,1.0,1785387607,0.995
748071,1785600000,56000.0,105914496323412130307394965719650061949735719581941754357279242739499781271297,1.0,1785387607,0.995
748071,1785600000,56000.0,105914496323412130307394965719650061949735719581941754357279242739499781271297,1.0,1785391209,0.995
748071,1785600000,56000.0,105914496323412130307394965719650061949735719581941754357279242739499781271297,1.0,1785391209,0.995
748071,1785600000,56000.0,105914496323412130307394965719650061949735719581941754357279242739499781271297,1.0,1785394807,0.995
748071,1785600000,56000.0,105914496323412130307394965719650061949735719581941754357279242739499781271297,1.0,1785394807,0.995
748071,1785600000,56000.0,105914496323412130307394965719650061949735719581941754357279242739499781271297,1.0,1785398408,0.995
748071,1785600000,56000.0,105914496323412130307394965719650061949735719581941754357279242739499781271297,1.0,1785398408,0.995
748071,1785600000,56000.0,105914496323412130307394965719650061949735719581941754357279242739499781271297,1.0,1785402008,0.995
748071,1785600000,56000.0,105914496323412130307394965719650061949735719581941754357279242739499781271297,1.0,1785402008,0.995
748071,1785600000,56000.0,105914496323412130307394965719650061949735719581941754357279242739499781271297,1.0,1785405608,0.995
748071,1785600000,56000.0,105914496323412130307394965719650061949735719581941754357279242739499781271297,1.0,1785405608,0.995
748071,1785600000,56000.0,105914496323412130307394965719650061949735719581941754357279242739499781271297,1.0,1785409207,0.9955
748071,1785600000,56000.0,105914496323412130307394965719650061949735719581941754357279242739499781271297,1.0,1785409207,0.9955
748071,1785600000,56000.0,105914496323412130307394965719650061949735719581941754357279242739499781271297,1.0,1785412807,0.9955
748071,1785600000,56000.0,105914496323412130307394965719650061949735719581941754357279242739499781271297,1.0,1785412807,0.9955
748071,1785600000,56000.0,105914496323412130307394965719650061949735719581941754357279242739499781271297,1.0,1785416409,0.9955
748071,1785600000,56000.0,105914496323412130307394965719650061949735719581941754357279242739499781271297,1.0,1785416409,0.9955
748071,1785600000,56000.0,105914496323412130307394965719650061949735719581941754357279242739499781271297,1.0,1785420010,0.9955
748071,1785600000,56000.0,105914496323412130307394965719650061949735719581941754357279242739499781271297,1.0,1785420010,0.9955
748071,1785600000,56000.0,105914496323412130307394965719650061949735719581941754357279242739499781271297,1.0,1785423610,0.9955
748071,1785600000,56000.0,105914496323412130307394965719650061949735719581941754357279242739499781271297,1.0,1785423610,0.9955
748071,1785600000,56000.0,105914496323412130307394965719650061949735719581941754357279242739499781271297,1.0,1785427209,0.9955
748071,1785600000,56000.0,105914496323412130307394965719650061949735719581941754357279242739499781271297,1.0,1785427209,0.9955
748071,1785600000,56000.0,105914496323412130307394965719650061949735719581941754357279242739499781271297,1.0,1785430810,0.9955
748071,1785600000,56000.0,105914496323412130307394965719650061949735719581941754357279242739499781271297,1.0,1785430810,0.9955
748071,1785600000,56000.0,105914496323412130307394965719650061949735719581941754357279242739499781271297,1.0,1785434411,0.996
748071,1785600000,56000.0,105914496323412130307394965719650061949735719581941754357279242739499781271297,1.0,1785434411,0.996
748071,1785600000,56000.0,105914496323412130307394965719650061949735719581941754357279242739499781271297,1.0,1785438009,0.9965
748071,1785600000,56000.0,105914496323412130307394965719650061949735719581941754357279242739499781271297,1.0,1785438009,0.9965
748071,1785600000,56000.0,105914496323412130307394965719650061949735719581941754357279242739499781271297,1.0,1785441608,0.9975
748071,1785600000,56000.0,105914496323412130307394965719650061949735719581941754357279242739499781271297,1.0,1785441608,0.9975
748071,1785600000,56000.0,105914496323412130307394965719650061949735719581941754357279242739499781271297,1.0,1785445207,0.9985
748071,1785600000,56000.0,105914496323412130307394965719650061949735719581941754357279242739499781271297,1.0,1785445207,0.9985
748071,1785600000,56000.0,105914496323412130307394965719650061949735719581941754357279242739499781271297,1.0,1785448806,0.9985
748071,1785600000,56000.0,105914496323412130307394965719650061949735719581941754357279242739499781271297,1.0,1785448806,0.9985
748071,1785600000,56000.0,105914496323412130307394965719650061949735719581941754357279242739499781271297,1.0,1785452408,0.9985
748071,1785600000,56000.0,105914496323412130307394965719650061949735719581941754357279242739499781271297,1.0,1785452408,0.9985
748071,1785600000,56000.0,105914496323412130307394965719650061949735719581941754357279242739499781271297,1.0,1785456020,0.9985
748071,1785600000,56000.0,105914496323412130307394965719650061949735719581941754357279242739499781271297,1.0,1785456020,0.9985
748071,1785600000,56000.0,105914496323412130307394965719650061949735719581941754357279242739499781271297,1.0,1785459607,0.9985
748071,1785600000,56000.0,105914496323412130307394965719650061949735719581941754357279242739499781271297,1.0,1785459607,0.9985
748071,1785600000,56000.0,105914496323412130307394965719650061949735719581941754357279242739499781271297,1.0,1785463207,0.9985
748071,1785600000,56000.0,105914496323412130307394965719650061949735719581941754357279242739499781271297,1.0,1785463207,0.9985
748071,1785600000,56000.0,105914496323412130307394965719650061949735719581941754357279242739499781271297,1.0,1785466809,0.9985
748071,1785600000,56000.0,105914496323412130307394965719650061949735719581941754357279242739499781271297,1.0,1785466809,0.9985
748071,1785600000,56000.0,105914496323412130307394965719650061949735719581941754357279242739499781271297,1.0,1785470409,0.9985
748071,1785600000,56000.0,105914496323412130307394965719650061949735719581941754357279242739499781271297,1.0,1785470409,0.9985
748071,1785600000,56000.0,105914496323412130307394965719650061949735719581941754357279242739499781271297,1.0,1785474011,0.9985
748071,1785600000,56000.0,105914496323412130307394965719650061949735719581941754357279242739499781271297,1.0,1785474011,0.9985
748071,1785600000,56000.0,105914496323412130307394965719650061949735719581941754357279242739499781271297,1.0,1785477607,0.9985
748071,1785600000,56000.0,105914496323412130307394965719650061949735719581941754357279242739499781271297,1.0,1785477607,0.9985
748071,1785600000,56000.0,105914496323412130307394965719650061949735719581941754357279242739499781271297,1.0,1785481208,0.9985
748071,1785600000,56000.0,105914496323412130307394965719650061949735719581941754357279242739499781271297,1.0,1785481208,0.9985
748071,1785600000,56000.0,105914496323412130307394965719650061949735719581941754357279242739499781271297,1.0,1785484809,0.9985
748071,1785600000,56000.0,105914496323412130307394965719650061949735719581941754357279242739499781271297,1.0,1785484809,0.9985
748071,1785600000,56000.0,105914496323412130307394965719650061949735719581941754357279242739499781271297,1.0,1785488409,0.9985
748071,1785600000,56000.0,105914496323412130307394965719650061949735719581941754357279242739499781271297,1.0,1785488409,0.9985
748071,1785600000,56000.0,105914496323412130307394965719650061949735719581941754357279242739499781271297,1.0,1785492009,0.9995
748071,1785600000,56000.0,105914496323412130307394965719650061949735719581941754357279242739499781271297,1.0,1785492009,0.9995
748071,1785600000,56000.0,105914496323412130307394965719650061949735719581941754357279242739499781271297,1.0,1785495613,0.9995
748071,1785600000,56000.0,105914496323412130307394965719650061949735719581941754357279242739499781271297,1.0,1785495613,0.9995
748071,1785600000,56000.0,105914496323412130307394965719650061949735719581941754357279242739499781271297,1.0,1785499209,0.9995
748071,1785600000,56000.0,105914496323412130307394965719650061949735719581941754357279242739499781271297,1.0,1785499209,0.9995
748071,1785600000,56000.0,105914496323412130307394965719650061949735719581941754357279242739499781271297,1.0,1785502810,0.9995
748071,1785600000,56000.0,105914496323412130307394965719650061949735719581941754357279242739499781271297,1.0,1785502810,0.9995
748071,1785600000,56000.0,105914496323412130307394965719650061949735719581941754357279242739499781271297,1.0,1785506408,0.9995
748071,1785600000,56000.0,105914496323412130307394965719650061949735719581941754357279242739499781271297,1.0,1785506408,0.9995
748071,1785600000,56000.0,105914496323412130307394965719650061949735719581941754357279242739499781271297,1.0,1785510024,0.9995
748071,1785600000,56000.0,105914496323412130307394965719650061949735719581941754357279242739499781271297,1.0,1785510024,0.9995
748071,1785600000,56000.0,105914496323412130307394965719650061949735719581941754357279242739499781271297,1.0,1785513609,0.9995
748071,1785600000,56000.0,105914496323412130307394965719650061949735719581941754357279242739499781271297,1.0,1785513609,0.9995
748071,1785600000,56000.0,105914496323412130307394965719650061949735719581941754357279242739499781271297,1.0,1785517210,0.9995
748071,1785600000,56000.0,105914496323412130307394965719650061949735719581941754357279242739499781271297,1.0,1785517210,0.9995
748071,1785600000,56000.0,105914496323412130307394965719650061949735719581941754357279242739499781271297,1.0,1785520811,0.9995
748071,1785600000,56000.0,105914496323412130307394965719650061949735719581941754357279242739499781271297,1.0,1785520811,0.9995
748071,1785600000,56000.0,105914496323412130307394965719650061949735719581941754357279242739499781271297,1.0,1785524426,0.9995
748071,1785600000,56000.0,105914496323412130307394965719650061949735719581941754357279242739499781271297,1.0,1785524426,0.9995
748071,1785600000,56000.0,105914496323412130307394965719650061949735719581941754357279242739499781271297,1.0,1785528018,0.9995
748071,1785600000,56000.0,105914496323412130307394965719650061949735719581941754357279242739499781271297,1.0,1785528018,0.9995
748071,1785600000,56000.0,105914496323412130307394965719650061949735719581941754357279242739499781271297,1.0,1785531609,0.9995
748071,1785600000,56000.0,105914496323412130307394965719650061949735719581941754357279242739499781271297,1.0,1785531609,0.9995
748071,1785600000,56000.0,105914496323412130307394965719650061949735719581941754357279242739499781271297,1.0,1785535209,0.9995
748071,1785600000,56000.0,105914496323412130307394965719650061949735719581941754357279242739499781271297,1.0,1785535209,0.9995
748071,1785600000,56000.0,105914496323412130307394965719650061949735719581941754357279242739499781271297,1.0,1785538809,0.9995
748071,1785600000,56000.0,105914496323412130307394965719650061949735719581941754357279242739499781271297,1.0,1785538809,0.9995
748071,1785600000,56000.0,105914496323412130307394965719650061949735719581941754357279242739499781271297,1.0,1785542412,0.9995
748071,1785600000,56000.0,105914496323412130307394965719650061949735719581941754357279242739499781271297,1.0,1785542412,0.9995
748071,1785600000,56000.0,105914496323412130307394965719650061949735719581941754357279242739499781271297,1.0,1785546008,0.9995
748071,1785600000,56000.0,105914496323412130307394965719650061949735719581941754357279242739499781271297,1.0,1785546008,0.9995
748071,1785600000,56000.0,105914496323412130307394965719650061949735719581941754357279242739499781271297,1.0,1785549607,0.9995
748071,1785600000,56000.0,105914496323412130307394965719650061949735719581941754357279242739499781271297,1.0,1785549607,0.9995
748071,1785600000,56000.0,105914496323412130307394965719650061949735719581941754357279242739499781271297,1.0,1785553208,0.9995
748071,1785600000,56000.0,105914496323412130307394965719650061949735719581941754357279242739499781271297,1.0,1785553208,0.9995
748071,1785600000,56000.0,105914496323412130307394965719650061949735719581941754357279242739499781271297,1.0,1785556809,0.9995
748071,1785600000,56000.0,105914496323412130307394965719650061949735719581941754357279242739499781271297,1.0,1785556809,0.9995
748071,1785600000,56000.0,105914496323412130307394965719650061949735719581941754357279242739499781271297,1.0,1785560412,0.9995
748071,1785600000,56000.0,105914496323412130307394965719650061949735719581941754357279242739499781271297,1.0,1785560412,0.9995
748071,1785600000,56000.0,105914496323412130307394965719650061949735719581941754357279242739499781271297,1.0,1785564025,0.9995
748071,1785600000,56000.0,105914496323412130307394965719650061949735719581941754357279242739499781271297,1.0,1785564025,0.9995
748071,1785600000,56000.0,105914496323412130307394965719650061949735719581941754357279242739499781271297,1.0,1785567609,0.9995
748071,1785600000,56000.0,105914496323412130307394965719650061949735719581941754357279242739499781271297,1.0,1785567609,0.9995
748071,1785600000,56000.0,105914496323412130307394965719650061949735719581941754357279242739499781271297,1.0,1785571209,0.9995
748071,1785600000,56000.0,105914496323412130307394965719650061949735719581941754357279242739499781271297,1.0,1785571209,0.9995
748071,1785600000,56000.0,105914496323412130307394965719650061949735719581941754357279242739499781271297,1.0,1785574812,0.9995
748071,1785600000,56000.0,105914496323412130307394965719650061949735719581941754357279242739499781271297,1.0,1785574812,0.9995
748071,1785600000,56000.0,105914496323412130307394965719650061949735719581941754357279242739499781271297,1.0,1785578409,0.9995
748071,1785600000,56000.0,105914496323412130307394965719650061949735719581941754357279242739499781271297,1.0,1785578409,0.9995
748071,1785600000,56000.0,105914496323412130307394965719650061949735719581941754357279242739499781271297,1.0,1785582040,0.9995
748071,1785600000,56000.0,105914496323412130307394965719650061949735719581941754357279242739499781271297,1.0,1785582040,0.9995
748071,1785600000,56000.0,105914496323412130307394965719650061949735719581941754357279242739499781271297,1.0,1785585611,0.9995
748071,1785600000,56000.0,105914496323412130307394965719650061949735719581941754357279242739499781271297,1.0,1785585611,0.9995
748071,1785600000,56000.0,105914496323412130307394965719650061949735719581941754357279242739499781271297,1.0,1785589206,0.9995
748071,1785600000,56000.0,105914496323412130307394965719650061949735719581941754357279242739499781271297,1.0,1785589206,0.9995
748071,1785600000,56000.0,105914496323412130307394965719650061949735719581941754357279242739499781271297,1.0,1785592807,0.9995
748071,1785600000,56000.0,105914496323412130307394965719650061949735719581941754357279242739499781271297,1.0,1785592807,0.9995
748071,1785600000,56000.0,105914496323412130307394965719650061949735719581941754357279242739499781271297,1.0,1785596407,0.9995
748071,1785600000,56000.0,105914496323412130307394965719650061949735719581941754357279242739499781271297,1.0,1785596407,0.9995
748071,1785600000,56000.0,105914496323412130307394965719650061949735719581941754357279242739499781271297,1.0,1785600009,0.9995
748071,1785600000,56000.0,105914496323412130307394965719650061949735719581941754357279242739499781271297,1.0,1785600009,0.9995
748071,1785600000,58000.0,24830944500018836266000616361473526128046523034422936253112501619955922038585,1.0,1784998839,0.76
748071,1785600000,58000.0,24830944500018836266000616361473526128046523034422936253112501619955922038585,1.0,1784998839,0.76
748071,1785600000,58000.0,24830944500018836266000616361473526128046523034422936253112501619955922038585,1.0,1785002447,0.76
748071,1785600000,58000.0,24830944500018836266000616361473526128046523034422936253112501619955922038585,1.0,1785002447,0.76
748071,1785600000,58000.0,24830944500018836266000616361473526128046523034422936253112501619955922038585,1.0,1785006023,0.76
748071,1785600000,58000.0,24830944500018836266000616361473526128046523034422936253112501619955922038585,1.0,1785006023,0.76
748071,1785600000,58000.0,24830944500018836266000616361473526128046523034422936253112501619955922038585,1.0,1785009632,0.76
748071,1785600000,58000.0,24830944500018836266000616361473526128046523034422936253112501619955922038585,1.0,1785009632,0.76
748071,1785600000,58000.0,24830944500018836266000616361473526128046523034422936253112501619955922038585,1.0,1785016831,0.75
748071,1785600000,58000.0,24830944500018836266000616361473526128046523034422936253112501619955922038585,1.0,1785016831,0.75
748071,1785600000,58000.0,24830944500018836266000616361473526128046523034422936253112501619955922038585,1.0,1785020456,0.75
748071,1785600000,58000.0,24830944500018836266000616361473526128046523034422936253112501619955922038585,1.0,1785020456,0.75
748071,1785600000,58000.0,24830944500018836266000616361473526128046523034422936253112501619955922038585,1.0,1785024038,0.96
748071,1785600000,58000.0,24830944500018836266000616361473526128046523034422936253112501619955922038585,1.0,1785024038,0.96
748071,1785600000,58000.0,24830944500018836266000616361473526128046523034422936253112501619955922038585,1.0,1785027617,0.965
748071,1785600000,58000.0,24830944500018836266000616361473526128046523034422936253112501619955922038585,1.0,1785027617,0.965
748071,1785600000,58000.0,24830944500018836266000616361473526128046523034422936253112501619955922038585,1.0,1785031223,0.9725
748071,1785600000,58000.0,24830944500018836266000616361473526128046523034422936253112501619955922038585,1.0,1785031223,0.9725
748071,1785600000,58000.0,24830944500018836266000616361473526128046523034422936253112501619955922038585,1.0,1785034850,0.973
748071,1785600000,58000.0,24830944500018836266000616361473526128046523034422936253112501619955922038585,1.0,1785034850,0.973
748071,1785600000,58000.0,24830944500018836266000616361473526128046523034422936253112501619955922038585,1.0,1785038432,0.9735
748071,1785600000,58000.0,24830944500018836266000616361473526128046523034422936253112501619955922038585,1.0,1785038432,0.9735
748071,1785600000,58000.0,24830944500018836266000616361473526128046523034422936253112501619955922038585,1.0,1785042023,0.975
748071,1785600000,58000.0,24830944500018836266000616361473526128046523034422936253112501619955922038585,1.0,1785042023,0.975
748071,1785600000,58000.0,24830944500018836266000616361473526128046523034422936253112501619955922038585,1.0,1785045649,0.9725
748071,1785600000,58000.0,24830944500018836266000616361473526128046523034422936253112501619955922038585,1.0,1785045649,0.9725
748071,1785600000,58000.0,24830944500018836266000616361473526128046523034422936253112501619955922038585,1.0,1785049251,0.973
748071,1785600000,58000.0,24830944500018836266000616361473526128046523034422936253112501619955922038585,1.0,1785049251,0.973
748071,1785600000,58000.0,24830944500018836266000616361473526128046523034422936253112501619955922038585,1.0,1785052819,0.96
748071,1785600000,58000.0,24830944500018836266000616361473526128046523034422936253112501619955922038585,1.0,1785052819,0.96
748071,1785600000,58000.0,24830944500018836266000616361473526128046523034422936253112501619955922038585,1.0,1785056426,0.9705
748071,1785600000,58000.0,24830944500018836266000616361473526128046523034422936253112501619955922038585,1.0,1785056426,0.9705
748071,1785600000,58000.0,24830944500018836266000616361473526128046523034422936253112501619955922038585,1.0,1785060030,0.971
748071,1785600000,58000.0,24830944500018836266000616361473526128046523034422936253112501619955922038585,1.0,1785060030,0.971
748071,1785600000,58000.0,24830944500018836266000616361473526128046523034422936253112501619955922038585,1.0,1785063616,0.971
748071,1785600000,58000.0,24830944500018836266000616361473526128046523034422936253112501619955922038585,1.0,1785063616,0.971
748071,1785600000,58000.0,24830944500018836266000616361473526128046523034422936253112501619955922038585,1.0,1785067252,0.971
748071,1785600000,58000.0,24830944500018836266000616361473526128046523034422936253112501619955922038585,1.0,1785067252,0.971
748071,1785600000,58000.0,24830944500018836266000616361473526128046523034422936253112501619955922038585,1.0,1785070818,0.9715
748071,1785600000,58000.0,24830944500018836266000616361473526128046523034422936253112501619955922038585,1.0,1785070818,0.9715
748071,1785600000,58000.0,24830944500018836266000616361473526128046523034422936253112501619955922038585,1.0,1785074432,0.9715
748071,1785600000,58000.0,24830944500018836266000616361473526128046523034422936253112501619955922038585,1.0,1785074432,0.9715
748071,1785600000,58000.0,24830944500018836266000616361473526128046523034422936253112501619955922038585,1.0,1785081628,0.9735
748071,1785600000,58000.0,24830944500018836266000616361473526128046523034422936253112501619955922038585,1.0,1785081628,0.9735
748071,1785600000,58000.0,24830944500018836266000616361473526128046523034422936253112501619955922038585,1.0,1785085243,0.976
748071,1785600000,58000.0,24830944500018836266000616361473526128046523034422936253112501619955922038585,1.0,1785085243,0.976
748071,1785600000,58000.0,24830944500018836266000616361473526128046523034422936253112501619955922038585,1.0,1785088843,0.976
748071,1785600000,58000.0,24830944500018836266000616361473526128046523034422936253112501619955922038585,1.0,1785088843,0.976
748071,1785600000,58000.0,24830944500018836266000616361473526128046523034422936253112501619955922038585,1.0,1785092436,0.976
748071,1785600000,58000.0,24830944500018836266000616361473526128046523034422936253112501619955922038585,1.0,1785092436,0.976
748071,1785600000,58000.0,24830944500018836266000616361473526128046523034422936253112501619955922038585,1.0,1785096047,0.976
748071,1785600000,58000.0,24830944500018836266000616361473526128046523034422936253112501619955922038585,1.0,1785096047,0.976
748071,1785600000,58000.0,24830944500018836266000616361473526128046523034422936253112501619955922038585,1.0,1785103219,0.98
748071,1785600000,58000.0,24830944500018836266000616361473526128046523034422936253112501619955922038585,1.0,1785103219,0.98
748071,1785600000,58000.0,24830944500018836266000616361473526128046523034422936253112501619955922038585,1.0,1785106829,0.984
748071,1785600000,58000.0,24830944500018836266000616361473526128046523034422936253112501619955922038585,1.0,1785106829,0.984
748071,1785600000,58000.0,24830944500018836266000616361473526128046523034422936253112501619955922038585,1.0,1785110452,0.9835
748071,1785600000,58000.0,24830944500018836266000616361473526128046523034422936253112501619955922038585,1.0,1785110452,0.9835
748071,1785600000,58000.0,24830944500018836266000616361473526128046523034422936253112501619955922038585,1.0,1785114026,0.984
748071,1785600000,58000.0,24830944500018836266000616361473526128046523034422936253112501619955922038585,1.0,1785114026,0.984
748071,1785600000,58000.0,24830944500018836266000616361473526128046523034422936253112501619955922038585,1.0,1785117617,0.984
748071,1785600000,58000.0,24830944500018836266000616361473526128046523034422936253112501619955922038585,1.0,1785117617,0.984
748071,1785600000,58000.0,24830944500018836266000616361473526128046523034422936253112501619955922038585,1.0,1785121239,0.9845
748071,1785600000,58000.0,24830944500018836266000616361473526128046523034422936253112501619955922038585,1.0,1785121239,0.9845
748071,1785600000,58000.0,24830944500018836266000616361473526128046523034422936253112501619955922038585,1.0,1785124830,0.9845
748071,1785600000,58000.0,24830944500018836266000616361473526128046523034422936253112501619955922038585,1.0,1785124830,0.9845
748071,1785600000,58000.0,24830944500018836266000616361473526128046523034422936253112501619955922038585,1.0,1785128423,0.978
748071,1785600000,58000.0,24830944500018836266000616361473526128046523034422936253112501619955922038585,1.0,1785128423,0.978
748071,1785600000,58000.0,24830944500018836266000616361473526128046523034422936253112501619955922038585,1.0,1785132050,0.977
748071,1785600000,58000.0,24830944500018836266000616361473526128046523034422936253112501619955922038585,1.0,1785132050,0.977
748071,1785600000,58000.0,24830944500018836266000616361473526128046523034422936253112501619955922038585,1.0,1785135627,0.9785
748071,1785600000,58000.0,24830944500018836266000616361473526128046523034422936253112501619955922038585,1.0,1785135627,0.9785
748071,1785600000,58000.0,24830944500018836266000616361473526128046523034422936253112501619955922038585,1.0,1785139227,0.98
748071,1785600000,58000.0,24830944500018836266000616361473526128046523034422936253112501619955922038585,1.0,1785139227,0.98
748071,1785600000,58000.0,24830944500018836266000616361473526128046523034422936253112501619955922038585,1.0,1785142833,0.98
748071,1785600000,58000.0,24830944500018836266000616361473526128046523034422936253112501619955922038585,1.0,1785142833,0.98
748071,1785600000,58000.0,24830944500018836266000616361473526128046523034422936253112501619955922038585,1.0,1785146431,0.987
748071,1785600000,58000.0,24830944500018836266000616361473526128046523034422936253112501619955922038585,1.0,1785146431,0.987
748071,1785600000,58000.0,24830944500018836266000616361473526128046523034422936253112501619955922038585,1.0,1785150022,0.9915
748071,1785600000,58000.0,24830944500018836266000616361473526128046523034422936253112501619955922038585,1.0,1785150022,0.9915
748071,1785600000,58000.0,24830944500018836266000616361473526128046523034422936253112501619955922038585,1.0,1785153651,0.981
748071,1785600000,58000.0,24830944500018836266000616361473526128046523034422936253112501619955922038585,1.0,1785153651,0.981
748071,1785600000,58000.0,24830944500018836266000616361473526128046523034422936253112501619955922038585,1.0,1785157231,0.9855
748071,1785600000,58000.0,24830944500018836266000616361473526128046523034422936253112501619955922038585,1.0,1785157231,0.9855
748071,1785600000,58000.0,24830944500018836266000616361473526128046523034422936253112501619955922038585,1.0,1785160829,0.9865
748071,1785600000,58000.0,24830944500018836266000616361473526128046523034422936253112501619955922038585,1.0,1785160829,0.9865
748071,1785600000,58000.0,24830944500018836266000616361473526128046523034422936253112501619955922038585,1.0,1785164441,0.9835
748071,1785600000,58000.0,24830944500018836266000616361473526128046523034422936253112501619955922038585,1.0,1785164441,0.9835
748071,1785600000,58000.0,24830944500018836266000616361473526128046523034422936253112501619955922038585,1.0,1785168030,0.9805
748071,1785600000,58000.0,24830944500018836266000616361473526128046523034422936253112501619955922038585,1.0,1785168030,0.9805
748071,1785600000,58000.0,24830944500018836266000616361473526128046523034422936253112501619955922038585,1.0,1785171638,0.9855
748071,1785600000,58000.0,24830944500018836266000616361473526128046523034422936253112501619955922038585,1.0,1785171638,0.9855
748071,1785600000,58000.0,24830944500018836266000616361473526128046523034422936253112501619955922038585,1.0,1785175238,0.988
748071,1785600000,58000.0,24830944500018836266000616361473526128046523034422936253112501619955922038585,1.0,1785175238,0.988
748071,1785600000,58000.0,24830944500018836266000616361473526128046523034422936253112501619955922038585,1.0,1785178836,0.983
748071,1785600000,58000.0,24830944500018836266000616361473526128046523034422936253112501619955922038585,1.0,1785178836,0.983
748071,1785600000,58000.0,24830944500018836266000616361473526128046523034422936253112501619955922038585,1.0,1785182437,0.987
748071,1785600000,58000.0,24830944500018836266000616361473526128046523034422936253112501619955922038585,1.0,1785182437,0.987
748071,1785600000,58000.0,24830944500018836266000616361473526128046523034422936253112501619955922038585,1.0,1785186034,0.988
748071,1785600000,58000.0,24830944500018836266000616361473526128046523034422936253112501619955922038585,1.0,1785186034,0.988
748071,1785600000,58000.0,24830944500018836266000616361473526128046523034422936253112501619955922038585,1.0,1785189629,0.988
748071,1785600000,58000.0,24830944500018836266000616361473526128046523034422936253112501619955922038585,1.0,1785189629,0.988
748071,1785600000,58000.0,24830944500018836266000616361473526128046523034422936253112501619955922038585,1.0,1785193237,0.975
748071,1785600000,58000.0,24830944500018836266000616361473526128046523034422936253112501619955922038585,1.0,1785193237,0.975
748071,1785600000,58000.0,24830944500018836266000616361473526128046523034422936253112501619955922038585,1.0,1785196847,0.973
748071,1785600000,58000.0,24830944500018836266000616361473526128046523034422936253112501619955922038585,1.0,1785196847,0.973
748071,1785600000,58000.0,24830944500018836266000616361473526128046523034422936253112501619955922038585,1.0,1785200421,0.962
748071,1785600000,58000.0,24830944500018836266000616361473526128046523034422936253112501619955922038585,1.0,1785200421,0.962
748071,1785600000,58000.0,24830944500018836266000616361473526128046523034422936253112501619955922038585,1.0,1785204021,0.953
748071,1785600000,58000.0,24830944500018836266000616361473526128046523034422936253112501619955922038585,1.0,1785204021,0.953
748071,1785600000,58000.0,24830944500018836266000616361473526128046523034422936253112501619955922038585,1.0,1785211255,0.965
748071,1785600000,58000.0,24830944500018836266000616361473526128046523034422936253112501619955922038585,1.0,1785211255,0.965
748071,1785600000,58000.0,24830944500018836266000616361473526128046523034422936253112501619955922038585,1.0,1785214850,0.9655
748071,1785600000,58000.0,24830944500018836266000616361473526128046523034422936253112501619955922038585,1.0,1785214850,0.9655
748071,1785600000,58000.0,24830944500018836266000616361473526128046523034422936253112501619955922038585,1.0,1785218454,0.9685
748071,1785600000,58000.0,24830944500018836266000616361473526128046523034422936253112501619955922038585,1.0,1785218454,0.9685
748071,1785600000,58000.0,24830944500018836266000616361473526128046523034422936253112501619955922038585,1.0,1785222044,0.972
748071,1785600000,58000.0,24830944500018836266000616361473526128046523034422936253112501619955922038585,1.0,1785222044,0.972
748071,1785600000,58000.0,24830944500018836266000616361473526128046523034422936253112501619955922038585,1.0,1785225633,0.9725
748071,1785600000,58000.0,24830944500018836266000616361473526128046523034422936253112501619955922038585,1.0,1785225633,0.9725
748071,1785600000,58000.0,24830944500018836266000616361473526128046523034422936253112501619955922038585,1.0,1785232844,0.9735
748071,1785600000,58000.0,24830944500018836266000616361473526128046523034422936253112501619955922038585,1.0,1785232844,0.9735
748071,1785600000,58000.0,24830944500018836266000616361473526128046523034422936253112501619955922038585,1.0,1785236445,0.9735
748071,1785600000,58000.0,24830944500018836266000616361473526128046523034422936253112501619955922038585,1.0,1785236445,0.9735
748071,1785600000,58000.0,24830944500018836266000616361473526128046523034422936253112501619955922038585,1.0,1785243641,0.9635
748071,1785600000,58000.0,24830944500018836266000616361473526128046523034422936253112501619955922038585,1.0,1785243641,0.9635
748071,1785600000,58000.0,24830944500018836266000616361473526128046523034422936253112501619955922038585,1.0,1785247238,0.9665
748071,1785600000,58000.0,24830944500018836266000616361473526128046523034422936253112501619955922038585,1.0,1785247238,0.9665
748071,1785600000,58000.0,24830944500018836266000616361473526128046523034422936253112501619955922038585,1.0,1785250851,0.9715
748071,1785600000,58000.0,24830944500018836266000616361473526128046523034422936253112501619955922038585,1.0,1785250851,0.9715
748071,1785600000,58000.0,24830944500018836266000616361473526128046523034422936253112501619955922038585,1.0,1785254444,0.978
748071,1785600000,58000.0,24830944500018836266000616361473526128046523034422936253112501619955922038585,1.0,1785254444,0.978
748071,1785600000,58000.0,24830944500018836266000616361473526128046523034422936253112501619955922038585,1.0,1785258039,0.9795
748071,1785600000,58000.0,24830944500018836266000616361473526128046523034422936253112501619955922038585,1.0,1785258039,0.9795
748071,1785600000,58000.0,24830944500018836266000616361473526128046523034422936253112501619955922038585,1.0,1785261646,0.977
748071,1785600000,58000.0,24830944500018836266000616361473526128046523034422936253112501619955922038585,1.0,1785261646,0.977
748071,1785600000,58000.0,24830944500018836266000616361473526128046523034422936253112501619955922038585,1.0,1785265255,0.9785
748071,1785600000,58000.0,24830944500018836266000616361473526128046523034422936253112501619955922038585,1.0,1785265255,0.9785
748071,1785600000,58000.0,24830944500018836266000616361473526128046523034422936253112501619955922038585,1.0,1785268854,0.98
748071,1785600000,58000.0,24830944500018836266000616361473526128046523034422936253112501619955922038585,1.0,1785268854,0.98
748071,1785600000,58000.0,24830944500018836266000616361473526128046523034422936253112501619955922038585,1.0,1785286853,0.9805
748071,1785600000,58000.0,24830944500018836266000616361473526128046523034422936253112501619955922038585,1.0,1785286853,0.9805
748071,1785600000,58000.0,24830944500018836266000616361473526128046523034422936253112501619955922038585,1.0,1785297647,0.979
748071,1785600000,58000.0,24830944500018836266000616361473526128046523034422936253112501619955922038585,1.0,1785297647,0.979
748071,1785600000,58000.0,24830944500018836266000616361473526128046523034422936253112501619955922038585,1.0,1785312054,0.986
748071,1785600000,58000.0,24830944500018836266000616361473526128046523034422936253112501619955922038585,1.0,1785312054,0.986
748071,1785600000,58000.0,24830944500018836266000616361473526128046523034422936253112501619955922038585,1.0,1785315658,0.99
748071,1785600000,58000.0,24830944500018836266000616361473526128046523034422936253112501619955922038585,1.0,1785315658,0.99
748071,1785600000,58000.0,24830944500018836266000616361473526128046523034422936253112501619955922038585,1.0,1785319244,0.99
748071,1785600000,58000.0,24830944500018836266000616361473526128046523034422936253112501619955922038585,1.0,1785319244,0.99
748071,1785600000,58000.0,24830944500018836266000616361473526128046523034422936253112501619955922038585,1.0,1785322855,0.99
748071,1785600000,58000.0,24830944500018836266000616361473526128046523034422936253112501619955922038585,1.0,1785322855,0.99
748071,1785600000,58000.0,24830944500018836266000616361473526128046523034422936253112501619955922038585,1.0,1785330048,0.985
748071,1785600000,58000.0,24830944500018836266000616361473526128046523034422936253112501619955922038585,1.0,1785330048,0.985
748071,1785600000,58000.0,24830944500018836266000616361473526128046523034422936253112501619955922038585,1.0,1785333654,0.9825
748071,1785600000,58000.0,24830944500018836266000616361473526128046523034422936253112501619955922038585,1.0,1785333654,0.9825
748071,1785600000,58000.0,24830944500018836266000616361473526128046523034422936253112501619955922038585,1.0,1785351615,0.9825
748071,1785600000,58000.0,24830944500018836266000616361473526128046523034422936253112501619955922038585,1.0,1785351615,0.9825
748071,1785600000,58000.0,24830944500018836266000616361473526128046523034422936253112501619955922038585,1.0,1785355212,0.9805
748071,1785600000,58000.0,24830944500018836266000616361473526128046523034422936253112501619955922038585,1.0,1785355212,0.9805
748071,1785600000,58000.0,24830944500018836266000616361473526128046523034422936253112501619955922038585,1.0,1785358816,0.9785
748071,1785600000,58000.0,24830944500018836266000616361473526128046523034422936253112501619955922038585,1.0,1785358816,0.9785
748071,1785600000,58000.0,24830944500018836266000616361473526128046523034422936253112501619955922038585,1.0,1785362413,0.9795
748071,1785600000,58000.0,24830944500018836266000616361473526128046523034422936253112501619955922038585,1.0,1785362413,0.9795
748071,1785600000,58000.0,24830944500018836266000616361473526128046523034422936253112501619955922038585,1.0,1785366013,0.979
748071,1785600000,58000.0,24830944500018836266000616361473526128046523034422936253112501619955922038585,1.0,1785366013,0.979
748071,1785600000,58000.0,24830944500018836266000616361473526128046523034422936253112501619955922038585,1.0,1785369626,0.9795
748071,1785600000,58000.0,24830944500018836266000616361473526128046523034422936253112501619955922038585,1.0,1785369626,0.9795
748071,1785600000,58000.0,24830944500018836266000616361473526128046523034422936253112501619955922038585,1.0,1785373214,0.981
748071,1785600000,58000.0,24830944500018836266000616361473526128046523034422936253112501619955922038585,1.0,1785373214,0.981
748071,1785600000,58000.0,24830944500018836266000616361473526128046523034422936253112501619955922038585,1.0,1785376812,0.982
748071,1785600000,58000.0,24830944500018836266000616361473526128046523034422936253112501619955922038585,1.0,1785376812,0.982
748071,1785600000,58000.0,24830944500018836266000616361473526128046523034422936253112501619955922038585,1.0,1785380414,0.9815
748071,1785600000,58000.0,24830944500018836266000616361473526128046523034422936253112501619955922038585,1.0,1785380414,0.9815
748071,1785600000,58000.0,24830944500018836266000616361473526128046523034422936253112501619955922038585,1.0,1785384010,0.982
748071,1785600000,58000.0,24830944500018836266000616361473526128046523034422936253112501619955922038585,1.0,1785384010,0.982
748071,1785600000,58000.0,24830944500018836266000616361473526128046523034422936253112501619955922038585,1.0,1785387609,0.9835
748071,1785600000,58000.0,24830944500018836266000616361473526128046523034422936253112501619955922038585,1.0,1785387609,0.9835
748071,1785600000,58000.0,24830944500018836266000616361473526128046523034422936253112501619955922038585,1.0,1785391211,0.9855
748071,1785600000,58000.0,24830944500018836266000616361473526128046523034422936253112501619955922038585,1.0,1785391211,0.9855
748071,1785600000,58000.0,24830944500018836266000616361473526128046523034422936253112501619955922038585,1.0,1785394809,0.988
748071,1785600000,58000.0,24830944500018836266000616361473526128046523034422936253112501619955922038585,1.0,1785394809,0.988
748071,1785600000,58000.0,24830944500018836266000616361473526128046523034422936253112501619955922038585,1.0,1785398410,0.988
748071,1785600000,58000.0,24830944500018836266000616361473526128046523034422936253112501619955922038585,1.0,1785398410,0.988
748071,1785600000,58000.0,24830944500018836266000616361473526128046523034422936253112501619955922038585,1.0,1785402010,0.989
748071,1785600000,58000.0,24830944500018836266000616361473526128046523034422936253112501619955922038585,1.0,1785402010,0.989
748071,1785600000,58000.0,24830944500018836266000616361473526128046523034422936253112501619955922038585,1.0,1785405610,0.989
748071,1785600000,58000.0,24830944500018836266000616361473526128046523034422936253112501619955922038585,1.0,1785405610,0.989
748071,1785600000,58000.0,24830944500018836266000616361473526128046523034422936253112501619955922038585,1.0,1785409210,0.9965
748071,1785600000,58000.0,24830944500018836266000616361473526128046523034422936253112501619955922038585,1.0,1785409210,0.9965
748071,1785600000,58000.0,24830944500018836266000616361473526128046523034422936253112501619955922038585,1.0,1785412810,0.992
748071,1785600000,58000.0,24830944500018836266000616361473526128046523034422936253112501619955922038585,1.0,1785412810,0.992
748071,1785600000,58000.0,24830944500018836266000616361473526128046523034422936253112501619955922038585,1.0,1785416411,0.995
748071,1785600000,58000.0,24830944500018836266000616361473526128046523034422936253112501619955922038585,1.0,1785416411,0.995
748071,1785600000,58000.0,24830944500018836266000616361473526128046523034422936253112501619955922038585,1.0,1785420012,0.995
748071,1785600000,58000.0,24830944500018836266000616361473526128046523034422936253112501619955922038585,1.0,1785420012,0.995
748071,1785600000,58000.0,24830944500018836266000616361473526128046523034422936253112501619955922038585,1.0,1785423613,0.995
748071,1785600000,58000.0,24830944500018836266000616361473526128046523034422936253112501619955922038585,1.0,1785423613,0.995
748071,1785600000,58000.0,24830944500018836266000616361473526128046523034422936253112501619955922038585,1.0,1785427212,0.995
748071,1785600000,58000.0,24830944500018836266000616361473526128046523034422936253112501619955922038585,1.0,1785427212,0.995
748071,1785600000,58000.0,24830944500018836266000616361473526128046523034422936253112501619955922038585,1.0,1785430812,0.9945
748071,1785600000,58000.0,24830944500018836266000616361473526128046523034422936253112501619955922038585,1.0,1785430812,0.9945
748071,1785600000,58000.0,24830944500018836266000616361473526128046523034422936253112501619955922038585,1.0,1785434414,0.9945
748071,1785600000,58000.0,24830944500018836266000616361473526128046523034422936253112501619955922038585,1.0,1785434414,0.9945
748071,1785600000,58000.0,24830944500018836266000616361473526128046523034422936253112501619955922038585,1.0,1785438011,0.996
748071,1785600000,58000.0,24830944500018836266000616361473526128046523034422936253112501619955922038585,1.0,1785438011,0.996
748071,1785600000,58000.0,24830944500018836266000616361473526128046523034422936253112501619955922038585,1.0,1785441610,0.997
748071,1785600000,58000.0,24830944500018836266000616361473526128046523034422936253112501619955922038585,1.0,1785441610,0.997
748071,1785600000,58000.0,24830944500018836266000616361473526128046523034422936253112501619955922038585,1.0,1785445210,0.997
748071,1785600000,58000.0,24830944500018836266000616361473526128046523034422936253112501619955922038585,1.0,1785445210,0.997
748071,1785600000,58000.0,24830944500018836266000616361473526128046523034422936253112501619955922038585,1.0,1785448809,0.997
748071,1785600000,58000.0,24830944500018836266000616361473526128046523034422936253112501619955922038585,1.0,1785448809,0.997
748071,1785600000,58000.0,24830944500018836266000616361473526128046523034422936253112501619955922038585,1.0,1785452410,0.997
748071,1785600000,58000.0,24830944500018836266000616361473526128046523034422936253112501619955922038585,1.0,1785452410,0.997
748071,1785600000,58000.0,24830944500018836266000616361473526128046523034422936253112501619955922038585,1.0,1785456023,0.997
748071,1785600000,58000.0,24830944500018836266000616361473526128046523034422936253112501619955922038585,1.0,1785456023,0.997
748071,1785600000,58000.0,24830944500018836266000616361473526128046523034422936253112501619955922038585,1.0,1785459609,0.997
748071,1785600000,58000.0,24830944500018836266000616361473526128046523034422936253112501619955922038585,1.0,1785459609,0.997
748071,1785600000,58000.0,24830944500018836266000616361473526128046523034422936253112501619955922038585,1.0,1785463209,0.996
748071,1785600000,58000.0,24830944500018836266000616361473526128046523034422936253112501619955922038585,1.0,1785463209,0.996
748071,1785600000,58000.0,24830944500018836266000616361473526128046523034422936253112501619955922038585,1.0,1785466812,0.9965
748071,1785600000,58000.0,24830944500018836266000616361473526128046523034422936253112501619955922038585,1.0,1785466812,0.9965
748071,1785600000,58000.0,24830944500018836266000616361473526128046523034422936253112501619955922038585,1.0,1785470411,0.996
748071,1785600000,58000.0,24830944500018836266000616361473526128046523034422936253112501619955922038585,1.0,1785470411,0.996
748071,1785600000,58000.0,24830944500018836266000616361473526128046523034422936253112501619955922038585,1.0,1785474013,0.996
748071,1785600000,58000.0,24830944500018836266000616361473526128046523034422936253112501619955922038585,1.0,1785474013,0.996
748071,1785600000,58000.0,24830944500018836266000616361473526128046523034422936253112501619955922038585,1.0,1785477609,0.9965
748071,1785600000,58000.0,24830944500018836266000616361473526128046523034422936253112501619955922038585,1.0,1785477609,0.9965
748071,1785600000,58000.0,24830944500018836266000616361473526128046523034422936253112501619955922038585,1.0,1785481211,0.9965
748071,1785600000,58000.0,24830944500018836266000616361473526128046523034422936253112501619955922038585,1.0,1785481211,0.9965
748071,1785600000,58000.0,24830944500018836266000616361473526128046523034422936253112501619955922038585,1.0,1785484811,0.9965
748071,1785600000,58000.0,24830944500018836266000616361473526128046523034422936253112501619955922038585,1.0,1785484811,0.9965
748071,1785600000,58000.0,24830944500018836266000616361473526128046523034422936253112501619955922038585,1.0,1785488413,0.9985
748071,1785600000,58000.0,24830944500018836266000616361473526128046523034422936253112501619955922038585,1.0,1785488413,0.9985
748071,1785600000,58000.0,24830944500018836266000616361473526128046523034422936253112501619955922038585,1.0,1785492011,0.9985
748071,1785600000,58000.0,24830944500018836266000616361473526128046523034422936253112501619955922038585,1.0,1785492011,0.9985
748071,1785600000,58000.0,24830944500018836266000616361473526128046523034422936253112501619955922038585,1.0,1785495616,0.9985
748071,1785600000,58000.0,24830944500018836266000616361473526128046523034422936253112501619955922038585,1.0,1785495616,0.9985
748071,1785600000,58000.0,24830944500018836266000616361473526128046523034422936253112501619955922038585,1.0,1785499212,0.9985
748071,1785600000,58000.0,24830944500018836266000616361473526128046523034422936253112501619955922038585,1.0,1785499212,0.9985
748071,1785600000,58000.0,24830944500018836266000616361473526128046523034422936253112501619955922038585,1.0,1785502812,0.9985
748071,1785600000,58000.0,24830944500018836266000616361473526128046523034422936253112501619955922038585,1.0,1785502812,0.9985
748071,1785600000,58000.0,24830944500018836266000616361473526128046523034422936253112501619955922038585,1.0,1785506410,0.9985
748071,1785600000,58000.0,24830944500018836266000616361473526128046523034422936253112501619955922038585,1.0,1785506410,0.9985
748071,1785600000,58000.0,24830944500018836266000616361473526128046523034422936253112501619955922038585,1.0,1785510027,0.9955
748071,1785600000,58000.0,24830944500018836266000616361473526128046523034422936253112501619955922038585,1.0,1785510027,0.9955
748071,1785600000,58000.0,24830944500018836266000616361473526128046523034422936253112501619955922038585,1.0,1785513612,0.997
748071,1785600000,58000.0,24830944500018836266000616361473526128046523034422936253112501619955922038585,1.0,1785513612,0.997
748071,1785600000,58000.0,24830944500018836266000616361473526128046523034422936253112501619955922038585,1.0,1785517212,0.9985
748071,1785600000,58000.0,24830944500018836266000616361473526128046523034422936253112501619955922038585,1.0,1785517212,0.9985
748071,1785600000,58000.0,24830944500018836266000616361473526128046523034422936253112501619955922038585,1.0,1785520813,0.998
748071,1785600000,58000.0,24830944500018836266000616361473526128046523034422936253112501619955922038585,1.0,1785520813,0.998
748071,1785600000,58000.0,24830944500018836266000616361473526128046523034422936253112501619955922038585,1.0,1785524428,0.9985
748071,1785600000,58000.0,24830944500018836266000616361473526128046523034422936253112501619955922038585,1.0,1785524428,0.9985
748071,1785600000,58000.0,24830944500018836266000616361473526128046523034422936253112501619955922038585,1.0,1785528021,0.9985
748071,1785600000,58000.0,24830944500018836266000616361473526128046523034422936253112501619955922038585,1.0,1785528021,0.9985
748071,1785600000,58000.0,24830944500018836266000616361473526128046523034422936253112501619955922038585,1.0,1785531613,0.9975
748071,1785600000,58000.0,24830944500018836266000616361473526128046523034422936253112501619955922038585,1.0,1785531613,0.9975
748071,1785600000,58000.0,24830944500018836266000616361473526128046523034422936253112501619955922038585,1.0,1785535213,0.9975
748071,1785600000,58000.0,24830944500018836266000616361473526128046523034422936253112501619955922038585,1.0,1785535213,0.9975
748071,1785600000,58000.0,24830944500018836266000616361473526128046523034422936253112501619955922038585,1.0,1785538811,0.9975
748071,1785600000,58000.0,24830944500018836266000616361473526128046523034422936253112501619955922038585,1.0,1785538811,0.9975
748071,1785600000,58000.0,24830944500018836266000616361473526128046523034422936253112501619955922038585,1.0,1785542414,0.9985
748071,1785600000,58000.0,24830944500018836266000616361473526128046523034422936253112501619955922038585,1.0,1785542414,0.9985
748071,1785600000,58000.0,24830944500018836266000616361473526128046523034422936253112501619955922038585,1.0,1785546010,0.998
748071,1785600000,58000.0,24830944500018836266000616361473526128046523034422936253112501619955922038585,1.0,1785546010,0.998
748071,1785600000,58000.0,24830944500018836266000616361473526128046523034422936253112501619955922038585,1.0,1785549609,0.9985
748071,1785600000,58000.0,24830944500018836266000616361473526128046523034422936253112501619955922038585,1.0,1785549609,0.9985
748071,1785600000,58000.0,24830944500018836266000616361473526128046523034422936253112501619955922038585,1.0,1785553211,0.9985
748071,1785600000,58000.0,24830944500018836266000616361473526128046523034422936253112501619955922038585,1.0,1785553211,0.9985
748071,1785600000,58000.0,24830944500018836266000616361473526128046523034422936253112501619955922038585,1.0,1785556811,0.9985
748071,1785600000,58000.0,24830944500018836266000616361473526128046523034422936253112501619955922038585,1.0,1785556811,0.9985
748071,1785600000,58000.0,24830944500018836266000616361473526128046523034422936253112501619955922038585,1.0,1785560415,0.9995
748071,1785600000,58000.0,24830944500018836266000616361473526128046523034422936253112501619955922038585,1.0,1785560415,0.9995
748071,1785600000,58000.0,24830944500018836266000616361473526128046523034422936253112501619955922038585,1.0,1785564027,0.9995
748071,1785600000,58000.0,24830944500018836266000616361473526128046523034422936253112501619955922038585,1.0,1785564027,0.9995
748071,1785600000,58000.0,24830944500018836266000616361473526128046523034422936253112501619955922038585,1.0,1785567611,0.9995
748071,1785600000,58000.0,24830944500018836266000616361473526128046523034422936253112501619955922038585,1.0,1785567611,0.9995
748071,1785600000,58000.0,24830944500018836266000616361473526128046523034422936253112501619955922038585,1.0,1785571211,0.9995
748071,1785600000,58000.0,24830944500018836266000616361473526128046523034422936253112501619955922038585,1.0,1785571211,0.9995
748071,1785600000,58000.0,24830944500018836266000616361473526128046523034422936253112501619955922038585,1.0,1785574814,0.9995
748071,1785600000,58000.0,24830944500018836266000616361473526128046523034422936253112501619955922038585,1.0,1785574814,0.9995
748071,1785600000,58000.0,24830944500018836266000616361473526128046523034422936253112501619955922038585,1.0,1785578412,0.9995
748071,1785600000,58000.0,24830944500018836266000616361473526128046523034422936253112501619955922038585,1.0,1785578412,0.9995
748071,1785600000,58000.0,24830944500018836266000616361473526128046523034422936253112501619955922038585,1.0,1785582042,0.9995
748071,1785600000,58000.0,24830944500018836266000616361473526128046523034422936253112501619955922038585,1.0,1785582042,0.9995
748071,1785600000,58000.0,24830944500018836266000616361473526128046523034422936253112501619955922038585,1.0,1785585614,0.9995
748071,1785600000,58000.0,24830944500018836266000616361473526128046523034422936253112501619955922038585,1.0,1785585614,0.9995
748071,1785600000,58000.0,24830944500018836266000616361473526128046523034422936253112501619955922038585,1.0,1785589208,0.9995
748071,1785600000,58000.0,24830944500018836266000616361473526128046523034422936253112501619955922038585,1.0,1785589208,0.9995
748071,1785600000,58000.0,24830944500018836266000616361473526128046523034422936253112501619955922038585,1.0,1785592809,0.9995
748071,1785600000,58000.0,24830944500018836266000616361473526128046523034422936253112501619955922038585,1.0,1785592809,0.9995
748071,1785600000,58000.0,24830944500018836266000616361473526128046523034422936253112501619955922038585,1.0,1785596410,0.9995
748071,1785600000,58000.0,24830944500018836266000616361473526128046523034422936253112501619955922038585,1.0,1785596410,0.9995
748071,1785600000,58000.0,24830944500018836266000616361473526128046523034422936253112501619955922038585,1.0,1785600011,0.9995
748071,1785600000,58000.0,24830944500018836266000616361473526128046523034422936253112501619955922038585,1.0,1785600011,0.9995
748071,1785600000,60000.0,44626791420916829875372063483909604539471820857189021503336190708470553238519,1.0,1784998814,0.5
748071,1785600000,60000.0,44626791420916829875372063483909604539471820857189021503336190708470553238519,1.0,1784998814,0.5
748071,1785600000,60000.0,44626791420916829875372063483909604539471820857189021503336190708470553238519,1.0,1785002417,0.5
748071,1785600000,60000.0,44626791420916829875372063483909604539471820857189021503336190708470553238519,1.0,1785002417,0.5
748071,1785600000,60000.0,44626791420916829875372063483909604539471820857189021503336190708470553238519,1.0,1785006013,0.5
748071,1785600000,60000.0,44626791420916829875372063483909604539471820857189021503336190708470553238519,1.0,1785006013,0.5
748071,1785600000,60000.0,44626791420916829875372063483909604539471820857189021503336190708470553238519,1.0,1785009613,0.5
748071,1785600000,60000.0,44626791420916829875372063483909604539471820857189021503336190708470553238519,1.0,1785009613,0.5
748071,1785600000,60000.0,44626791420916829875372063483909604539471820857189021503336190708470553238519,1.0,1785013234,0.71
748071,1785600000,60000.0,44626791420916829875372063483909604539471820857189021503336190708470553238519,1.0,1785013234,0.71
748071,1785600000,60000.0,44626791420916829875372063483909604539471820857189021503336190708470553238519,1.0,1785016811,0.72
748071,1785600000,60000.0,44626791420916829875372063483909604539471820857189021503336190708470553238519,1.0,1785016811,0.72
748071,1785600000,60000.0,44626791420916829875372063483909604539471820857189021503336190708470553238519,1.0,1785020433,0.72
748071,1785600000,60000.0,44626791420916829875372063483909604539471820857189021503336190708470553238519,1.0,1785020433,0.72
748071,1785600000,60000.0,44626791420916829875372063483909604539471820857189021503336190708470553238519,1.0,1785024014,0.915
748071,1785600000,60000.0,44626791420916829875372063483909604539471820857189021503336190708470553238519,1.0,1785024014,0.915
748071,1785600000,60000.0,44626791420916829875372063483909604539471820857189021503336190708470553238519,1.0,1785027610,0.915
748071,1785600000,60000.0,44626791420916829875372063483909604539471820857189021503336190708470553238519,1.0,1785027610,0.915
748071,1785600000,60000.0,44626791420916829875372063483909604539471820857189021503336190708470553238519,1.0,1785031210,0.92
748071,1785600000,60000.0,44626791420916829875372063483909604539471820857189021503336190708470553238519,1.0,1785031210,0.92
748071,1785600000,60000.0,44626791420916829875372063483909604539471820857189021503336190708470553238519,1.0,1785034817,0.925
748071,1785600000,60000.0,44626791420916829875372063483909604539471820857189021503336190708470553238519,1.0,1785034817,0.925
748071,1785600000,60000.0,44626791420916829875372063483909604539471820857189021503336190708470553238519,1.0,1785038410,0.93
748071,1785600000,60000.0,44626791420916829875372063483909604539471820857189021503336190708470553238519,1.0,1785038410,0.93
748071,1785600000,60000.0,44626791420916829875372063483909604539471820857189021503336190708470553238519,1.0,1785042010,0.93
748071,1785600000,60000.0,44626791420916829875372063483909604539471820857189021503336190708470553238519,1.0,1785042010,0.93
748071,1785600000,60000.0,44626791420916829875372063483909604539471820857189021503336190708470553238519,1.0,1785045616,0.92
748071,1785600000,60000.0,44626791420916829875372063483909604539471820857189021503336190708470553238519,1.0,1785045616,0.92
748071,1785600000,60000.0,44626791420916829875372063483909604539471820857189021503336190708470553238519,1.0,1785049230,0.925
748071,1785600000,60000.0,44626791420916829875372063483909604539471820857189021503336190708470553238519,1.0,1785049230,0.925
748071,1785600000,60000.0,44626791420916829875372063483909604539471820857189021503336190708470553238519,1.0,1785052812,0.92
748071,1785600000,60000.0,44626791420916829875372063483909604539471820857189021503336190708470553238519,1.0,1785052812,0.92
748071,1785600000,60000.0,44626791420916829875372063483909604539471820857189021503336190708470553238519,1.0,1785056410,0.93
748071,1785600000,60000.0,44626791420916829875372063483909604539471820857189021503336190708470553238519,1.0,1785056410,0.93
748071,1785600000,60000.0,44626791420916829875372063483909604539471820857189021503336190708470553238519,1.0,1785060010,0.925
748071,1785600000,60000.0,44626791420916829875372063483909604539471820857189021503336190708470553238519,1.0,1785060010,0.925
748071,1785600000,60000.0,44626791420916829875372063483909604539471820857189021503336190708470553238519,1.0,1785063610,0.925
748071,1785600000,60000.0,44626791420916829875372063483909604539471820857189021503336190708470553238519,1.0,1785063610,0.925
748071,1785600000,60000.0,44626791420916829875372063483909604539471820857189021503336190708470553238519,1.0,1785067217,0.93
748071,1785600000,60000.0,44626791420916829875372063483909604539471820857189021503336190708470553238519,1.0,1785067217,0.93
748071,1785600000,60000.0,44626791420916829875372063483909604539471820857189021503336190708470553238519,1.0,1785070810,0.925
748071,1785600000,60000.0,44626791420916829875372063483909604539471820857189021503336190708470553238519,1.0,1785070810,0.925
748071,1785600000,60000.0,44626791420916829875372063483909604539471820857189021503336190708470553238519,1.0,1785074413,0.93
748071,1785600000,60000.0,44626791420916829875372063483909604539471820857189021503336190708470553238519,1.0,1785074413,0.93
748071,1785600000,60000.0,44626791420916829875372063483909604539471820857189021503336190708470553238519,1.0,1785078039,0.93
748071,1785600000,60000.0,44626791420916829875372063483909604539471820857189021503336190708470553238519,1.0,1785078039,0.93
748071,1785600000,60000.0,44626791420916829875372063483909604539471820857189021503336190708470553238519,1.0,1785081613,0.93
748071,1785600000,60000.0,44626791420916829875372063483909604539471820857189021503336190708470553238519,1.0,1785081613,0.93
748071,1785600000,60000.0,44626791420916829875372063483909604539471820857189021503336190708470553238519,1.0,1785085209,0.935
748071,1785600000,60000.0,44626791420916829875372063483909604539471820857189021503336190708470553238519,1.0,1785085209,0.935
748071,1785600000,60000.0,44626791420916829875372063483909604539471820857189021503336190708470553238519,1.0,1785088813,0.935
748071,1785600000,60000.0,44626791420916829875372063483909604539471820857189021503336190708470553238519,1.0,1785088813,0.935
748071,1785600000,60000.0,44626791420916829875372063483909604539471820857189021503336190708470553238519,1.0,1785092410,0.935
748071,1785600000,60000.0,44626791420916829875372063483909604539471820857189021503336190708470553238519,1.0,1785092410,0.935
748071,1785600000,60000.0,44626791420916829875372063483909604539471820857189021503336190708470553238519,1.0,1785096027,0.935
748071,1785600000,60000.0,44626791420916829875372063483909604539471820857189021503336190708470553238519,1.0,1785096027,0.935
748071,1785600000,60000.0,44626791420916829875372063483909604539471820857189021503336190708470553238519,1.0,1785099637,0.93
748071,1785600000,60000.0,44626791420916829875372063483909604539471820857189021503336190708470553238519,1.0,1785099637,0.93
748071,1785600000,60000.0,44626791420916829875372063483909604539471820857189021503336190708470553238519,1.0,1785103211,0.94
748071,1785600000,60000.0,44626791420916829875372063483909604539471820857189021503336190708470553238519,1.0,1785103211,0.94
748071,1785600000,60000.0,44626791420916829875372063483909604539471820857189021503336190708470553238519,1.0,1785106809,0.955
748071,1785600000,60000.0,44626791420916829875372063483909604539471820857189021503336190708470553238519,1.0,1785106809,0.955
748071,1785600000,60000.0,44626791420916829875372063483909604539471820857189021503336190708470553238519,1.0,1785110413,0.96
748071,1785600000,60000.0,44626791420916829875372063483909604539471820857189021503336190708470553238519,1.0,1785110413,0.96
748071,1785600000,60000.0,44626791420916829875372063483909604539471820857189021503336190708470553238519,1.0,1785114009,0.96
748071,1785600000,60000.0,44626791420916829875372063483909604539471820857189021503336190708470553238519,1.0,1785114009,0.96
748071,1785600000,60000.0,44626791420916829875372063483909604539471820857189021503336190708470553238519,1.0,1785117608,0.96
748071,1785600000,60000.0,44626791420916829875372063483909604539471820857189021503336190708470553238519,1.0,1785117608,0.96
748071,1785600000,60000.0,44626791420916829875372063483909604539471820857189021503336190708470553238519,1.0,1785121212,0.96
748071,1785600000,60000.0,44626791420916829875372063483909604539471820857189021503336190708470553238519,1.0,1785121212,0.96
748071,1785600000,60000.0,44626791420916829875372063483909604539471820857189021503336190708470553238519,1.0,1785124811,0.96
748071,1785600000,60000.0,44626791420916829875372063483909604539471820857189021503336190708470553238519,1.0,1785124811,0.96
748071,1785600000,60000.0,44626791420916829875372063483909604539471820857189021503336190708470553238519,1.0,1785128408,0.9605
748071,1785600000,60000.0,44626791420916829875372063483909604539471820857189021503336190708470553238519,1.0,1785128408,0.9605
748071,1785600000,60000.0,44626791420916829875372063483909604539471820857189021503336190708470553238519,1.0,1785132011,0.9615
748071,1785600000,60000.0,44626791420916829875372063483909604539471820857189021503336190708470553238519,1.0,1785132011,0.9615
748071,1785600000,60000.0,44626791420916829875372063483909604539471820857189021503336190708470553238519,1.0,1785135608,0.97
748071,1785600000,60000.0,44626791420916829875372063483909604539471820857189021503336190708470553238519,1.0,1785135608,0.97
748071,1785600000,60000.0,44626791420916829875372063483909604539471820857189021503336190708470553238519,1.0,1785139209,0.9695
748071,1785600000,60000.0,44626791420916829875372063483909604539471820857189021503336190708470553238519,1.0,1785139209,0.9695
748071,1785600000,60000.0,44626791420916829875372063483909604539471820857189021503336190708470553238519,1.0,1785142810,0.9655
748071,1785600000,60000.0,44626791420916829875372063483909604539471820857189021503336190708470553238519,1.0,1785142810,0.9655
748071,1785600000,60000.0,44626791420916829875372063483909604539471820857189021503336190708470553238519,1.0,1785146410,0.9585
748071,1785600000,60000.0,44626791420916829875372063483909604539471820857189021503336190708470553238519,1.0,1785146410,0.9585
748071,1785600000,60000.0,44626791420916829875372063483909604539471820857189021503336190708470553238519,1.0,1785150010,0.961
748071,1785600000,60000.0,44626791420916829875372063483909604539471820857189021503336190708470553238519,1.0,1785150010,0.961
748071,1785600000,60000.0,44626791420916829875372063483909604539471820857189021503336190708470553238519,1.0,1785153619,0.961
748071,1785600000,60000.0,44626791420916829875372063483909604539471820857189021503336190708470553238519,1.0,1785153619,0.961
748071,1785600000,60000.0,44626791420916829875372063483909604539471820857189021503336190708470553238519,1.0,1785157212,0.961
748071,1785600000,60000.0,44626791420916829875372063483909604539471820857189021503336190708470553238519,1.0,1785157212,0.961
748071,1785600000,60000.0,44626791420916829875372063483909604539471820857189021503336190708470553238519,1.0,1785160813,0.9605
748071,1785600000,60000.0,44626791420916829875372063483909604539471820857189021503336190708470553238519,1.0,1785160813,0.9605
748071,1785600000,60000.0,44626791420916829875372063483909604539471820857189021503336190708470553238519,1.0,1785164417,0.9325
748071,1785600000,60000.0,44626791420916829875372063483909604539471820857189021503336190708470553238519,1.0,1785164417,0.9325
748071,1785600000,60000.0,44626791420916829875372063483909604539471820857189021503336190708470553238519,1.0,1785168009,0.9375
748071,1785600000,60000.0,44626791420916829875372063483909604539471820857189021503336190708470553238519,1.0,1785168009,0.9375
748071,1785600000,60000.0,44626791420916829875372063483909604539471820857189021503336190708470553238519,1.0,1785171612,0.959
748071,1785600000,60000.0,44626791420916829875372063483909604539471820857189021503336190708470553238519,1.0,1785171612,0.959
748071,1785600000,60000.0,44626791420916829875372063483909604539471820857189021503336190708470553238519,1.0,1785175211,0.962
748071,1785600000,60000.0,44626791420916829875372063483909604539471820857189021503336190708470553238519,1.0,1785175211,0.962
748071,1785600000,60000.0,44626791420916829875372063483909604539471820857189021503336190708470553238519,1.0,1785178822,0.9555
748071,1785600000,60000.0,44626791420916829875372063483909604539471820857189021503336190708470553238519,1.0,1785178822,0.9555
748071,1785600000,60000.0,44626791420916829875372063483909604539471820857189021503336190708470553238519,1.0,1785182423,0.959
748071,1785600000,60000.0,44626791420916829875372063483909604539471820857189021503336190708470553238519,1.0,1785182423,0.959
748071,1785600000,60000.0,44626791420916829875372063483909604539471820857189021503336190708470553238519,1.0,1785186013,0.964
748071,1785600000,60000.0,44626791420916829875372063483909604539471820857189021503336190708470553238519,1.0,1785186013,0.964
748071,1785600000,60000.0,44626791420916829875372063483909604539471820857189021503336190708470553238519,1.0,1785189613,0.957
748071,1785600000,60000.0,44626791420916829875372063483909604539471820857189021503336190708470553238519,1.0,1785189613,0.957
748071,1785600000,60000.0,44626791420916829875372063483909604539471820857189021503336190708470553238519,1.0,1785193218,0.9205
748071,1785600000,60000.0,44626791420916829875372063483909604539471820857189021503336190708470553238519,1.0,1785193218,0.9205
748071,1785600000,60000.0,44626791420916829875372063483909604539471820857189021503336190708470553238519,1.0,1785196822,0.9105
748071,1785600000,60000.0,44626791420916829875372063483909604539471820857189021503336190708470553238519,1.0,1785196822,0.9105
748071,1785600000,60000.0,44626791420916829875372063483909604539471820857189021503336190708470553238519,1.0,1785200413,0.895
748071,1785600000,60000.0,44626791420916829875372063483909604539471820857189021503336190708470553238519,1.0,1785200413,0.895
748071,1785600000,60000.0,44626791420916829875372063483909604539471820857189021503336190708470553238519,1.0,1785204012,0.8705
748071,1785600000,60000.0,44626791420916829875372063483909604539471820857189021503336190708470553238519,1.0,1785204012,0.8705
748071,1785600000,60000.0,44626791420916829875372063483909604539471820857189021503336190708470553238519,1.0,1785207619,0.8755
748071,1785600000,60000.0,44626791420916829875372063483909604539471820857189021503336190708470553238519,1.0,1785207619,0.8755
748071,1785600000,60000.0,44626791420916829875372063483909604539471820857189021503336190708470553238519,1.0,1785211224,0.8975
748071,1785600000,60000.0,44626791420916829875372063483909604539471820857189021503336190708470553238519,1.0,1785211224,0.8975
748071,1785600000,60000.0,44626791420916829875372063483909604539471820857189021503336190708470553238519,1.0,1785214817,0.892
748071,1785600000,60000.0,44626791420916829875372063483909604539471820857189021503336190708470553238519,1.0,1785214817,0.892
748071,1785600000,60000.0,44626791420916829875372063483909604539471820857189021503336190708470553238519,1.0,1785218426,0.9
748071,1785600000,60000.0,44626791420916829875372063483909604539471820857189021503336190708470553238519,1.0,1785218426,0.9
748071,1785600000,60000.0,44626791420916829875372063483909604539471820857189021503336190708470553238519,1.0,1785222033,0.912
748071,1785600000,60000.0,44626791420916829875372063483909604539471820857189021503336190708470553238519,1.0,1785222033,0.912
748071,1785600000,60000.0,44626791420916829875372063483909604539471820857189021503336190708470553238519,1.0,1785225616,0.9305
748071,1785600000,60000.0,44626791420916829875372063483909604539471820857189021503336190708470553238519,1.0,1785225616,0.9305
748071,1785600000,60000.0,44626791420916829875372063483909604539471820857189021503336190708470553238519,1.0,1785232819,0.9135
748071,1785600000,60000.0,44626791420916829875372063483909604539471820857189021503336190708470553238519,1.0,1785232819,0.9135
748071,1785600000,60000.0,44626791420916829875372063483909604539471820857189021503336190708470553238519,1.0,1785236429,0.9185
748071,1785600000,60000.0,44626791420916829875372063483909604539471820857189021503336190708470553238519,1.0,1785236429,0.9185
748071,1785600000,60000.0,44626791420916829875372063483909604539471820857189021503336190708470553238519,1.0,1785240042,0.909
748071,1785600000,60000.0,44626791420916829875372063483909604539471820857189021503336190708470553238519,1.0,1785240042,0.909
748071,1785600000,60000.0,44626791420916829875372063483909604539471820857189021503336190708470553238519,1.0,1785243615,0.9095
748071,1785600000,60000.0,44626791420916829875372063483909604539471820857189021503336190708470553238519,1.0,1785243615,0.9095
748071,1785600000,60000.0,44626791420916829875372063483909604539471820857189021503336190708470553238519,1.0,1785247219,0.894
748071,1785600000,60000.0,44626791420916829875372063483909604539471820857189021503336190708470553238519,1.0,1785247219,0.894
748071,1785600000,60000.0,44626791420916829875372063483909604539471820857189021503336190708470553238519,1.0,1785250824,0.91
748071,1785600000,60000.0,44626791420916829875372063483909604539471820857189021503336190708470553238519,1.0,1785250824,0.91
748071,1785600000,60000.0,44626791420916829875372063483909604539471820857189021503336190708470553238519,1.0,1785254415,0.937
748071,1785600000,60000.0,44626791420916829875372063483909604539471820857189021503336190708470553238519,1.0,1785254415,0.937
748071,1785600000,60000.0,44626791420916829875372063483909604539471820857189021503336190708470553238519,1.0,1785258019,0.9385
748071,1785600000,60000.0,44626791420916829875372063483909604539471820857189021503336190708470553238519,1.0,1785258019,0.9385
748071,1785600000,60000.0,44626791420916829875372063483909604539471820857189021503336190708470553238519,1.0,1785261621,0.931
748071,1785600000,60000.0,44626791420916829875372063483909604539471820857189021503336190708470553238519,1.0,1785261621,0.931
748071,1785600000,60000.0,44626791420916829875372063483909604539471820857189021503336190708470553238519,1.0,1785265233,0.9325
748071,1785600000,60000.0,44626791420916829875372063483909604539471820857189021503336190708470553238519,1.0,1785265233,0.9325
748071,1785600000,60000.0,44626791420916829875372063483909604539471820857189021503336190708470553238519,1.0,1785268824,0.9475
748071,1785600000,60000.0,44626791420916829875372063483909604539471820857189021503336190708470553238519,1.0,1785268824,0.9475
748071,1785600000,60000.0,44626791420916829875372063483909604539471820857189021503336190708470553238519,1.0,1785272437,0.944
748071,1785600000,60000.0,44626791420916829875372063483909604539471820857189021503336190708470553238519,1.0,1785272437,0.944
748071,1785600000,60000.0,44626791420916829875372063483909604539471820857189021503336190708470553238519,1.0,1785276029,0.9465
748071,1785600000,60000.0,44626791420916829875372063483909604539471820857189021503336190708470553238519,1.0,1785276029,0.9465
748071,1785600000,60000.0,44626791420916829875372063483909604539471820857189021503336190708470553238519,1.0,1785279639,0.94
748071,1785600000,60000.0,44626791420916829875372063483909604539471820857189021503336190708470553238519,1.0,1785279639,0.94
748071,1785600000,60000.0,44626791420916829875372063483909604539471820857189021503336190708470553238519,1.0,1785283252,0.946
748071,1785600000,60000.0,44626791420916829875372063483909604539471820857189021503336190708470553238519,1.0,1785283252,0.946
748071,1785600000,60000.0,44626791420916829875372063483909604539471820857189021503336190708470553238519,1.0,1785286818,0.9475
748071,1785600000,60000.0,44626791420916829875372063483909604539471820857189021503336190708470553238519,1.0,1785286818,0.9475
748071,1785600000,60000.0,44626791420916829875372063483909604539471820857189021503336190708470553238519,1.0,1785290426,0.936
748071,1785600000,60000.0,44626791420916829875372063483909604539471820857189021503336190708470553238519,1.0,1785290426,0.936
748071,1785600000,60000.0,44626791420916829875372063483909604539471820857189021503336190708470553238519,1.0,1785294030,0.938
748071,1785600000,60000.0,44626791420916829875372063483909604539471820857189021503336190708470553238519,1.0,1785294030,0.938
748071,1785600000,60000.0,44626791420916829875372063483909604539471820857189021503336190708470553238519,1.0,1785297624,0.9375
748071,1785600000,60000.0,44626791420916829875372063483909604539471820857189021503336190708470553238519,1.0,1785297624,0.9375
748071,1785600000,60000.0,44626791420916829875372063483909604539471820857189021503336190708470553238519,1.0,1785301234,0.941
748071,1785600000,60000.0,44626791420916829875372063483909604539471820857189021503336190708470553238519,1.0,1785301234,0.941
748071,1785600000,60000.0,44626791420916829875372063483909604539471820857189021503336190708470553238519,1.0,1785304835,0.945
748071,1785600000,60000.0,44626791420916829875372063483909604539471820857189021503336190708470553238519,1.0,1785304835,0.945
748071,1785600000,60000.0,44626791420916829875372063483909604539471820857189021503336190708470553238519,1.0,1785308435,0.9535
748071,1785600000,60000.0,44626791420916829875372063483909604539471820857189021503336190708470553238519,1.0,1785308435,0.9535
748071,1785600000,60000.0,44626791420916829875372063483909604539471820857189021503336190708470553238519,1.0,1785312024,0.9555
748071,1785600000,60000.0,44626791420916829875372063483909604539471820857189021503336190708470553238519,1.0,1785312024,0.9555
748071,1785600000,60000.0,44626791420916829875372063483909604539471820857189021503336190708470553238519,1.0,1785315625,0.9565
748071,1785600000,60000.0,44626791420916829875372063483909604539471820857189021503336190708470553238519,1.0,1785315625,0.9565
748071,1785600000,60000.0,44626791420916829875372063483909604539471820857189021503336190708470553238519,1.0,1785319220,0.964
748071,1785600000,60000.0,44626791420916829875372063483909604539471820857189021503336190708470553238519,1.0,1785319220,0.964
748071,1785600000,60000.0,44626791420916829875372063483909604539471820857189021503336190708470553238519,1.0,1785322826,0.9645
748071,1785600000,60000.0,44626791420916829875372063483909604539471820857189021503336190708470553238519,1.0,1785322826,0.9645
748071,1785600000,60000.0,44626791420916829875372063483909604539471820857189021503336190708470553238519,1.0,1785326427,0.964
748071,1785600000,60000.0,44626791420916829875372063483909604539471820857189021503336190708470553238519,1.0,1785326427,0.964
748071,1785600000,60000.0,44626791420916829875372063483909604539471820857189021503336190708470553238519,1.0,1785330023,0.9605
748071,1785600000,60000.0,44626791420916829875372063483909604539471820857189021503336190708470553238519,1.0,1785330023,0.9605
748071,1785600000,60000.0,44626791420916829875372063483909604539471820857189021503336190708470553238519,1.0,1785333627,0.9595
748071,1785600000,60000.0,44626791420916829875372063483909604539471820857189021503336190708470553238519,1.0,1785333627,0.9595
748071,1785600000,60000.0,44626791420916829875372063483909604539471820857189021503336190708470553238519,1.0,1785337229,0.95
748071,1785600000,60000.0,44626791420916829875372063483909604539471820857189021503336190708470553238519,1.0,1785337229,0.95
748071,1785600000,60000.0,44626791420916829875372063483909604539471820857189021503336190708470553238519,1.0,1785340839,0.9475
748071,1785600000,60000.0,44626791420916829875372063483909604539471820857189021503336190708470553238519,1.0,1785340839,0.9475
748071,1785600000,60000.0,44626791420916829875372063483909604539471820857189021503336190708470553238519,1.0,1785344421,0.9405
748071,1785600000,60000.0,44626791420916829875372063483909604539471820857189021503336190708470553238519,1.0,1785344421,0.9405
748071,1785600000,60000.0,44626791420916829875372063483909604539471820857189021503336190708470553238519,1.0,1785348043,0.9525
748071,1785600000,60000.0,44626791420916829875372063483909604539471820857189021503336190708470553238519,1.0,1785348043,0.9525
748071,1785600000,60000.0,44626791420916829875372063483909604539471820857189021503336190708470553238519,1.0,1785351612,0.974
748071,1785600000,60000.0,44626791420916829875372063483909604539471820857189021503336190708470553238519,1.0,1785351612,0.974
748071,1785600000,60000.0,44626791420916829875372063483909604539471820857189021503336190708470553238519,1.0,1785355209,0.9505
748071,1785600000,60000.0,44626791420916829875372063483909604539471820857189021503336190708470553238519,1.0,1785355209,0.9505
748071,1785600000,60000.0,44626791420916829875372063483909604539471820857189021503336190708470553238519,1.0,1785358811,0.9535
748071,1785600000,60000.0,44626791420916829875372063483909604539471820857189021503336190708470553238519,1.0,1785358811,0.9535
748071,1785600000,60000.0,44626791420916829875372063483909604539471820857189021503336190708470553238519,1.0,1785362410,0.963
748071,1785600000,60000.0,44626791420916829875372063483909604539471820857189021503336190708470553238519,1.0,1785362410,0.963
748071,1785600000,60000.0,44626791420916829875372063483909604539471820857189021503336190708470553238519,1.0,1785366010,0.957
748071,1785600000,60000.0,44626791420916829875372063483909604539471820857189021503336190708470553238519,1.0,1785366010,0.957
748071,1785600000,60000.0,44626791420916829875372063483909604539471820857189021503336190708470553238519,1.0,1785369623,0.965
748071,1785600000,60000.0,44626791420916829875372063483909604539471820857189021503336190708470553238519,1.0,1785369623,0.965
748071,1785600000,60000.0,44626791420916829875372063483909604539471820857189021503336190708470553238519,1.0,1785373213,0.9645
748071,1785600000,60000.0,44626791420916829875372063483909604539471820857189021503336190708470553238519,1.0,1785373213,0.9645
748071,1785600000,60000.0,44626791420916829875372063483909604539471820857189021503336190708470553238519,1.0,1785376810,0.9705
748071,1785600000,60000.0,44626791420916829875372063483909604539471820857189021503336190708470553238519,1.0,1785376810,0.9705
748071,1785600000,60000.0,44626791420916829875372063483909604539471820857189021503336190708470553238519,1.0,1785380409,0.9715
748071,1785600000,60000.0,44626791420916829875372063483909604539471820857189021503336190708470553238519,1.0,1785380409,0.9715
748071,1785600000,60000.0,44626791420916829875372063483909604539471820857189021503336190708470553238519,1.0,1785384008,0.972
748071,1785600000,60000.0,44626791420916829875372063483909604539471820857189021503336190708470553238519,1.0,1785384008,0.972
748071,1785600000,60000.0,44626791420916829875372063483909604539471820857189021503336190708470553238519,1.0,1785387607,0.974
748071,1785600000,60000.0,44626791420916829875372063483909604539471820857189021503336190708470553238519,1.0,1785387607,0.974
748071,1785600000,60000.0,44626791420916829875372063483909604539471820857189021503336190708470553238519,1.0,1785391209,0.9685
748071,1785600000,60000.0,44626791420916829875372063483909604539471820857189021503336190708470553238519,1.0,1785391209,0.9685
748071,1785600000,60000.0,44626791420916829875372063483909604539471820857189021503336190708470553238519,1.0,1785394808,0.9725
748071,1785600000,60000.0,44626791420916829875372063483909604539471820857189021503336190708470553238519,1.0,1785394808,0.9725
748071,1785600000,60000.0,44626791420916829875372063483909604539471820857189021503336190708470553238519,1.0,1785398409,0.979
748071,1785600000,60000.0,44626791420916829875372063483909604539471820857189021503336190708470553238519,1.0,1785398409,0.979
748071,1785600000,60000.0,44626791420916829875372063483909604539471820857189021503336190708470553238519,1.0,1785402008,0.9845
748071,1785600000,60000.0,44626791420916829875372063483909604539471820857189021503336190708470553238519,1.0,1785402008,0.9845
748071,1785600000,60000.0,44626791420916829875372063483909604539471820857189021503336190708470553238519,1.0,1785405608,0.985
748071,1785600000,60000.0,44626791420916829875372063483909604539471820857189021503336190708470553238519,1.0,1785405608,0.985
748071,1785600000,60000.0,44626791420916829875372063483909604539471820857189021503336190708470553238519,1.0,1785409208,0.9905
748071,1785600000,60000.0,44626791420916829875372063483909604539471820857189021503336190708470553238519,1.0,1785409208,0.9905
748071,1785600000,60000.0,44626791420916829875372063483909604539471820857189021503336190708470553238519,1.0,1785412808,0.9905
748071,1785600000,60000.0,44626791420916829875372063483909604539471820857189021503336190708470553238519,1.0,1785412808,0.9905
748071,1785600000,60000.0,44626791420916829875372063483909604539471820857189021503336190708470553238519,1.0,1785416409,0.9875
748071,1785600000,60000.0,44626791420916829875372063483909604539471820857189021503336190708470553238519,1.0,1785416409,0.9875
748071,1785600000,60000.0,44626791420916829875372063483909604539471820857189021503336190708470553238519,1.0,1785420010,0.9875
748071,1785600000,60000.0,44626791420916829875372063483909604539471820857189021503336190708470553238519,1.0,1785420010,0.9875
748071,1785600000,60000.0,44626791420916829875372063483909604539471820857189021503336190708470553238519,1.0,1785423611,0.9935
748071,1785600000,60000.0,44626791420916829875372063483909604539471820857189021503336190708470553238519,1.0,1785423611,0.9935
748071,1785600000,60000.0,44626791420916829875372063483909604539471820857189021503336190708470553238519,1.0,1785427210,0.9945
748071,1785600000,60000.0,44626791420916829875372063483909604539471820857189021503336190708470553238519,1.0,1785427210,0.9945
748071,1785600000,60000.0,44626791420916829875372063483909604539471820857189021503336190708470553238519,1.0,1785430810,0.9955
748071,1785600000,60000.0,44626791420916829875372063483909604539471820857189021503336190708470553238519,1.0,1785430810,0.9955
748071,1785600000,60000.0,44626791420916829875372063483909604539471820857189021503336190708470553238519,1.0,1785434412,0.9955
748071,1785600000,60000.0,44626791420916829875372063483909604539471820857189021503336190708470553238519,1.0,1785434412,0.9955
748071,1785600000,60000.0,44626791420916829875372063483909604539471820857189021503336190708470553238519,1.0,1785438010,0.9955
748071,1785600000,60000.0,44626791420916829875372063483909604539471820857189021503336190708470553238519,1.0,1785438010,0.9955
748071,1785600000,60000.0,44626791420916829875372063483909604539471820857189021503336190708470553238519,1.0,1785441608,0.9955
748071,1785600000,60000.0,44626791420916829875372063483909604539471820857189021503336190708470553238519,1.0,1785441608,0.9955
748071,1785600000,60000.0,44626791420916829875372063483909604539471820857189021503336190708470553238519,1.0,1785445208,0.9955
748071,1785600000,60000.0,44626791420916829875372063483909604539471820857189021503336190708470553238519,1.0,1785445208,0.9955
748071,1785600000,60000.0,44626791420916829875372063483909604539471820857189021503336190708470553238519,1.0,1785448807,0.9955
748071,1785600000,60000.0,44626791420916829875372063483909604539471820857189021503336190708470553238519,1.0,1785448807,0.9955
748071,1785600000,60000.0,44626791420916829875372063483909604539471820857189021503336190708470553238519,1.0,1785452408,0.9945
748071,1785600000,60000.0,44626791420916829875372063483909604539471820857189021503336190708470553238519,1.0,1785452408,0.9945
748071,1785600000,60000.0,44626791420916829875372063483909604539471820857189021503336190708470553238519,1.0,1785456021,0.9945
748071,1785600000,60000.0,44626791420916829875372063483909604539471820857189021503336190708470553238519,1.0,1785456021,0.9945
748071,1785600000,60000.0,44626791420916829875372063483909604539471820857189021503336190708470553238519,1.0,1785459608,0.9925
748071,1785600000,60000.0,44626791420916829875372063483909604539471820857189021503336190708470553238519,1.0,1785459608,0.9925
748071,1785600000,60000.0,44626791420916829875372063483909604539471820857189021503336190708470553238519,1.0,1785463208,0.992
748071,1785600000,60000.0,44626791420916829875372063483909604539471820857189021503336190708470553238519,1.0,1785463208,0.992
748071,1785600000,60000.0,44626791420916829875372063483909604539471820857189021503336190708470553238519,1.0,1785466810,0.9935
748071,1785600000,60000.0,44626791420916829875372063483909604539471820857189021503336190708470553238519,1.0,1785466810,0.9935
748071,1785600000,60000.0,44626791420916829875372063483909604539471820857189021503336190708470553238519,1.0,1785470409,0.9935
748071,1785600000,60000.0,44626791420916829875372063483909604539471820857189021503336190708470553238519,1.0,1785470409,0.9935
748071,1785600000,60000.0,44626791420916829875372063483909604539471820857189021503336190708470553238519,1.0,1785474011,0.9935
748071,1785600000,60000.0,44626791420916829875372063483909604539471820857189021503336190708470553238519,1.0,1785474011,0.9935
748071,1785600000,60000.0,44626791420916829875372063483909604539471820857189021503336190708470553238519,1.0,1785477607,0.9935
748071,1785600000,60000.0,44626791420916829875372063483909604539471820857189021503336190708470553238519,1.0,1785477607,0.9935
748071,1785600000,60000.0,44626791420916829875372063483909604539471820857189021503336190708470553238519,1.0,1785481209,0.9925
748071,1785600000,60000.0,44626791420916829875372063483909604539471820857189021503336190708470553238519,1.0,1785481209,0.9925
748071,1785600000,60000.0,44626791420916829875372063483909604539471820857189021503336190708470553238519,1.0,1785484809,0.9925
748071,1785600000,60000.0,44626791420916829875372063483909604539471820857189021503336190708470553238519,1.0,1785484809,0.9925
748071,1785600000,60000.0,44626791420916829875372063483909604539471820857189021503336190708470553238519,1.0,1785488410,0.9925
748071,1785600000,60000.0,44626791420916829875372063483909604539471820857189021503336190708470553238519,1.0,1785488410,0.9925
748071,1785600000,60000.0,44626791420916829875372063483909604539471820857189021503336190708470553238519,1.0,1785492010,0.9915
748071,1785600000,60000.0,44626791420916829875372063483909604539471820857189021503336190708470553238519,1.0,1785492010,0.9915
748071,1785600000,60000.0,44626791420916829875372063483909604539471820857189021503336190708470553238519,1.0,1785495614,0.994
748071,1785600000,60000.0,44626791420916829875372063483909604539471820857189021503336190708470553238519,1.0,1785495614,0.994
748071,1785600000,60000.0,44626791420916829875372063483909604539471820857189021503336190708470553238519,1.0,1785499209,0.9915
748071,1785600000,60000.0,44626791420916829875372063483909604539471820857189021503336190708470553238519,1.0,1785499209,0.9915
748071,1785600000,60000.0,44626791420916829875372063483909604539471820857189021503336190708470553238519,1.0,1785502810,0.9935
748071,1785600000,60000.0,44626791420916829875372063483909604539471820857189021503336190708470553238519,1.0,1785502810,0.9935
748071,1785600000,60000.0,44626791420916829875372063483909604539471820857189021503336190708470553238519,1.0,1785506408,0.992
748071,1785600000,60000.0,44626791420916829875372063483909604539471820857189021503336190708470553238519,1.0,1785506408,0.992
748071,1785600000,60000.0,44626791420916829875372063483909604539471820857189021503336190708470553238519,1.0,1785510025,0.982
748071,1785600000,60000.0,44626791420916829875372063483909604539471820857189021503336190708470553238519,1.0,1785510025,0.982
748071,1785600000,60000.0,44626791420916829875372063483909604539471820857189021503336190708470553238519,1.0,1785513610,0.9865
748071,1785600000,60000.0,44626791420916829875372063483909604539471820857189021503336190708470553238519,1.0,1785513610,0.9865
748071,1785600000,60000.0,44626791420916829875372063483909604539471820857189021503336190708470553238519,1.0,1785517210,0.9905
748071,1785600000,60000.0,44626791420916829875372063483909604539471820857189021503336190708470553238519,1.0,1785517210,0.9905
748071,1785600000,60000.0,44626791420916829875372063483909604539471820857189021503336190708470553238519,1.0,1785520811,0.991
748071,1785600000,60000.0,44626791420916829875372063483909604539471820857189021503336190708470553238519,1.0,1785520811,0.991
748071,1785600000,60000.0,44626791420916829875372063483909604539471820857189021503336190708470553238519,1.0,1785524426,0.9925
748071,1785600000,60000.0,44626791420916829875372063483909604539471820857189021503336190708470553238519,1.0,1785524426,0.9925
748071,1785600000,60000.0,44626791420916829875372063483909604539471820857189021503336190708470553238519,1.0,1785528018,0.9935
748071,1785600000,60000.0,44626791420916829875372063483909604539471820857189021503336190708470553238519,1.0,1785528018,0.9935
748071,1785600000,60000.0,44626791420916829875372063483909604539471820857189021503336190708470553238519,1.0,1785531610,0.9925
748071,1785600000,60000.0,44626791420916829875372063483909604539471820857189021503336190708470553238519,1.0,1785531610,0.9925
748071,1785600000,60000.0,44626791420916829875372063483909604539471820857189021503336190708470553238519,1.0,1785535210,0.9915
748071,1785600000,60000.0,44626791420916829875372063483909604539471820857189021503336190708470553238519,1.0,1785535210,0.9915
748071,1785600000,60000.0,44626791420916829875372063483909604539471820857189021503336190708470553238519,1.0,1785538809,0.9915
748071,1785600000,60000.0,44626791420916829875372063483909604539471820857189021503336190708470553238519,1.0,1785538809,0.9915
748071,1785600000,60000.0,44626791420916829875372063483909604539471820857189021503336190708470553238519,1.0,1785542412,0.9915
748071,1785600000,60000.0,44626791420916829875372063483909604539471820857189021503336190708470553238519,1.0,1785542412,0.9915
748071,1785600000,60000.0,44626791420916829875372063483909604539471820857189021503336190708470553238519,1.0,1785546009,0.9925
748071,1785600000,60000.0,44626791420916829875372063483909604539471820857189021503336190708470553238519,1.0,1785546009,0.9925
748071,1785600000,60000.0,44626791420916829875372063483909604539471820857189021503336190708470553238519,1.0,1785549607,0.9925
748071,1785600000,60000.0,44626791420916829875372063483909604539471820857189021503336190708470553238519,1.0,1785549607,0.9925
748071,1785600000,60000.0,44626791420916829875372063483909604539471820857189021503336190708470553238519,1.0,1785553209,0.9925
748071,1785600000,60000.0,44626791420916829875372063483909604539471820857189021503336190708470553238519,1.0,1785553209,0.9925
748071,1785600000,60000.0,44626791420916829875372063483909604539471820857189021503336190708470553238519,1.0,1785556810,0.9925
748071,1785600000,60000.0,44626791420916829875372063483909604539471820857189021503336190708470553238519,1.0,1785556810,0.9925
748071,1785600000,60000.0,44626791420916829875372063483909604539471820857189021503336190708470553238519,1.0,1785560413,0.9925
748071,1785600000,60000.0,44626791420916829875372063483909604539471820857189021503336190708470553238519,1.0,1785560413,0.9925
748071,1785600000,60000.0,44626791420916829875372063483909604539471820857189021503336190708470553238519,1.0,1785564025,0.9965
748071,1785600000,60000.0,44626791420916829875372063483909604539471820857189021503336190708470553238519,1.0,1785564025,0.9965
748071,1785600000,60000.0,44626791420916829875372063483909604539471820857189021503336190708470553238519,1.0,1785567609,0.9985
748071,1785600000,60000.0,44626791420916829875372063483909604539471820857189021503336190708470553238519,1.0,1785567609,0.9985
748071,1785600000,60000.0,44626791420916829875372063483909604539471820857189021503336190708470553238519,1.0,1785571210,0.9985
748071,1785600000,60000.0,44626791420916829875372063483909604539471820857189021503336190708470553238519,1.0,1785571210,0.9985
748071,1785600000,60000.0,44626791420916829875372063483909604539471820857189021503336190708470553238519,1.0,1785574813,0.9995
748071,1785600000,60000.0,44626791420916829875372063483909604539471820857189021503336190708470553238519,1.0,1785574813,0.9995
748071,1785600000,60000.0,44626791420916829875372063483909604539471820857189021503336190708470553238519,1.0,1785578410,0.9995
748071,1785600000,60000.0,44626791420916829875372063483909604539471820857189021503336190708470553238519,1.0,1785578410,0.9995
748071,1785600000,60000.0,44626791420916829875372063483909604539471820857189021503336190708470553238519,1.0,1785582040,0.9995
748071,1785600000,60000.0,44626791420916829875372063483909604539471820857189021503336190708470553238519,1.0,1785582040,0.9995
748071,1785600000,60000.0,44626791420916829875372063483909604539471820857189021503336190708470553238519,1.0,1785585612,0.9995
748071,1785600000,60000.0,44626791420916829875372063483909604539471820857189021503336190708470553238519,1.0,1785585612,0.9995
748071,1785600000,60000.0,44626791420916829875372063483909604539471820857189021503336190708470553238519,1.0,1785589207,0.9995
748071,1785600000,60000.0,44626791420916829875372063483909604539471820857189021503336190708470553238519,1.0,1785589207,0.9995
748071,1785600000,60000.0,44626791420916829875372063483909604539471820857189021503336190708470553238519,1.0,1785592807,0.9995
748071,1785600000,60000.0,44626791420916829875372063483909604539471820857189021503336190708470553238519,1.0,1785592807,0.9995
748071,1785600000,60000.0,44626791420916829875372063483909604539471820857189021503336190708470553238519,1.0,1785596407,0.9995
748071,1785600000,60000.0,44626791420916829875372063483909604539471820857189021503336190708470553238519,1.0,1785596407,0.9995
748071,1785600000,60000.0,44626791420916829875372063483909604539471820857189021503336190708470553238519,1.0,1785600009,0.9995
748071,1785600000,60000.0,44626791420916829875372063483909604539471820857189021503336190708470553238519,1.0,1785600009,0.9995
748071,1785600000,62000.0,28866434624121011759297497876335875692932906621580762880599837337252589008601,1.0,1784998817,0.5
748071,1785600000,62000.0,28866434624121011759297497876335875692932906621580762880599837337252589008601,1.0,1784998817,0.5
748071,1785600000,62000.0,28866434624121011759297497876335875692932906621580762880599837337252589008601,1.0,1785002425,0.5
748071,1785600000,62000.0,28866434624121011759297497876335875692932906621580762880599837337252589008601,1.0,1785002425,0.5
748071,1785600000,62000.0,28866434624121011759297497876335875692932906621580762880599837337252589008601,1.0,1785006015,0.5
748071,1785600000,62000.0,28866434624121011759297497876335875692932906621580762880599837337252589008601,1.0,1785006015,0.5
748071,1785600000,62000.0,28866434624121011759297497876335875692932906621580762880599837337252589008601,1.0,1785009618,0.5
748071,1785600000,62000.0,28866434624121011759297497876335875692932906621580762880599837337252589008601,1.0,1785009618,0.5
748071,1785600000,62000.0,28866434624121011759297497876335875692932906621580762880599837337252589008601,1.0,1785013242,0.65
748071,1785600000,62000.0,28866434624121011759297497876335875692932906621580762880599837337252589008601,1.0,1785013242,0.65
748071,1785600000,62000.0,28866434624121011759297497876335875692932906621580762880599837337252589008601,1.0,1785016816,0.655
748071,1785600000,62000.0,28866434624121011759297497876335875692932906621580762880599837337252589008601,1.0,1785016816,0.655
748071,1785600000,62000.0,28866434624121011759297497876335875692932906621580762880599837337252589008601,1.0,1785020438,0.655
748071,1785600000,62000.0,28866434624121011759297497876335875692932906621580762880599837337252589008601,1.0,1785020438,0.655
748071,1785600000,62000.0,28866434624121011759297497876335875692932906621580762880599837337252589008601,1.0,1785024018,0.79
748071,1785600000,62000.0,28866434624121011759297497876335875692932906621580762880599837337252589008601,1.0,1785024018,0.79
748071,1785600000,62000.0,28866434624121011759297497876335875692932906621580762880599837337252589008601,1.0,1785027612,0.805
748071,1785600000,62000.0,28866434624121011759297497876335875692932906621580762880599837337252589008601,1.0,1785027612,0.805
748071,1785600000,62000.0,28866434624121011759297497876335875692932906621580762880599837337252589008601,1.0,1785031210,0.8
748071,1785600000,62000.0,28866434624121011759297497876335875692932906621580762880599837337252589008601,1.0,1785031210,0.8
748071,1785600000,62000.0,28866434624121011759297497876335875692932906621580762880599837337252589008601,1.0,1785034824,0.805
748071,1785600000,62000.0,28866434624121011759297497876335875692932906621580762880599837337252589008601,1.0,1785034824,0.805
748071,1785600000,62000.0,28866434624121011759297497876335875692932906621580762880599837337252589008601,1.0,1785038412,0.8
748071,1785600000,62000.0,28866434624121011759297497876335875692932906621580762880599837337252589008601,1.0,1785038412,0.8
748071,1785600000,62000.0,28866434624121011759297497876335875692932906621580762880599837337252589008601,1.0,1785042011,0.8
748071,1785600000,62000.0,28866434624121011759297497876335875692932906621580762880599837337252589008601,1.0,1785042011,0.8
748071,1785600000,62000.0,28866434624121011759297497876335875692932906621580762880599837337252589008601,1.0,1785045618,0.79
748071,1785600000,62000.0,28866434624121011759297497876335875692932906621580762880599837337252589008601,1.0,1785045618,0.79
748071,1785600000,62000.0,28866434624121011759297497876335875692932906621580762880599837337252589008601,1.0,1785049236,0.8
748071,1785600000,62000.0,28866434624121011759297497876335875692932906621580762880599837337252589008601,1.0,1785049236,0.8
748071,1785600000,62000.0,28866434624121011759297497876335875692932906621580762880599837337252589008601,1.0,1785052813,0.795
748071,1785600000,62000.0,28866434624121011759297497876335875692932906621580762880599837337252589008601,1.0,1785052813,0.795
748071,1785600000,62000.0,28866434624121011759297497876335875692932906621580762880599837337252589008601,1.0,1785056413,0.8
748071,1785600000,62000.0,28866434624121011759297497876335875692932906621580762880599837337252589008601,1.0,1785056413,0.8
748071,1785600000,62000.0,28866434624121011759297497876335875692932906621580762880599837337252589008601,1.0,1785060010,0.81
748071,1785600000,62000.0,28866434624121011759297497876335875692932906621580762880599837337252589008601,1.0,1785060010,0.81
748071,1785600000,62000.0,28866434624121011759297497876335875692932906621580762880599837337252589008601,1.0,1785063611,0.81
748071,1785600000,62000.0,28866434624121011759297497876335875692932906621580762880599837337252589008601,1.0,1785063611,0.81
748071,1785600000,62000.0,28866434624121011759297497876335875692932906621580762880599837337252589008601,1.0,1785067218,0.81
748071,1785600000,62000.0,28866434624121011759297497876335875692932906621580762880599837337252589008601,1.0,1785067218,0.81
748071,1785600000,62000.0,28866434624121011759297497876335875692932906621580762880599837337252589008601,1.0,1785070810,0.805
748071,1785600000,62000.0,28866434624121011759297497876335875692932906621580762880599837337252589008601,1.0,1785070810,0.805
748071,1785600000,62000.0,28866434624121011759297497876335875692932906621580762880599837337252589008601,1.0,1785074414,0.805
748071,1785600000,62000.0,28866434624121011759297497876335875692932906621580762880599837337252589008601,1.0,1785074414,0.805
748071,1785600000,62000.0,28866434624121011759297497876335875692932906621580762880599837337252589008601,1.0,1785078044,0.825
748071,1785600000,62000.0,28866434624121011759297497876335875692932906621580762880599837337252589008601,1.0,1785078044,0.825
748071,1785600000,62000.0,28866434624121011759297497876335875692932906621580762880599837337252589008601,1.0,1785081614,0.825
748071,1785600000,62000.0,28866434624121011759297497876335875692932906621580762880599837337252589008601,1.0,1785081614,0.825
748071,1785600000,62000.0,28866434624121011759297497876335875692932906621580762880599837337252589008601,1.0,1785085215,0.83
748071,1785600000,62000.0,28866434624121011759297497876335875692932906621580762880599837337252589008601,1.0,1785085215,0.83
748071,1785600000,62000.0,28866434624121011759297497876335875692932906621580762880599837337252589008601,1.0,1785088820,0.825
748071,1785600000,62000.0,28866434624121011759297497876335875692932906621580762880599837337252589008601,1.0,1785088820,0.825
748071,1785600000,62000.0,28866434624121011759297497876335875692932906621580762880599837337252589008601,1.0,1785092415,0.825
748071,1785600000,62000.0,28866434624121011759297497876335875692932906621580762880599837337252589008601,1.0,1785092415,0.825
748071,1785600000,62000.0,28866434624121011759297497876335875692932906621580762880599837337252589008601,1.0,1785096029,0.825
748071,1785600000,62000.0,28866434624121011759297497876335875692932906621580762880599837337252589008601,1.0,1785096029,0.825
748071,1785600000,62000.0,28866434624121011759297497876335875692932906621580762880599837337252589008601,1.0,1785099639,0.825
748071,1785600000,62000.0,28866434624121011759297497876335875692932906621580762880599837337252589008601,1.0,1785099639,0.825
748071,1785600000,62000.0,28866434624121011759297497876335875692932906621580762880599837337252589008601,1.0,1785103212,0.83
748071,1785600000,62000.0,28866434624121011759297497876335875692932906621580762880599837337252589008601,1.0,1785103212,0.83
748071,1785600000,62000.0,28866434624121011759297497876335875692932906621580762880599837337252589008601,1.0,1785106812,0.875
748071,1785600000,62000.0,28866434624121011759297497876335875692932906621580762880599837337252589008601,1.0,1785106812,0.875
748071,1785600000,62000.0,28866434624121011759297497876335875692932906621580762880599837337252589008601,1.0,1785110421,0.875
748071,1785600000,62000.0,28866434624121011759297497876335875692932906621580762880599837337252589008601,1.0,1785110421,0.875
748071,1785600000,62000.0,28866434624121011759297497876335875692932906621580762880599837337252589008601,1.0,1785114012,0.865
748071,1785600000,62000.0,28866434624121011759297497876335875692932906621580762880599837337252589008601,1.0,1785114012,0.865
748071,1785600000,62000.0,28866434624121011759297497876335875692932906621580762880599837337252589008601,1.0,1785117611,0.87
748071,1785600000,62000.0,28866434624121011759297497876335875692932906621580762880599837337252589008601,1.0,1785117611,0.87
748071,1785600000,62000.0,28866434624121011759297497876335875692932906621580762880599837337252589008601,1.0,1785121216,0.87
748071,1785600000,62000.0,28866434624121011759297497876335875692932906621580762880599837337252589008601,1.0,1785121216,0.87
748071,1785600000,62000.0,28866434624121011759297497876335875692932906621580762880599837337252589008601,1.0,1785124816,0.875
748071,1785600000,62000.0,28866434624121011759297497876335875692932906621580762880599837337252589008601,1.0,1785124816,0.875
748071,1785600000,62000.0,28866434624121011759297497876335875692932906621580762880599837337252589008601,1.0,1785128412,0.88
748071,1785600000,62000.0,28866434624121011759297497876335875692932906621580762880599837337252589008601,1.0,1785128412,0.88
748071,1785600000,62000.0,28866434624121011759297497876335875692932906621580762880599837337252589008601,1.0,1785132018,0.88
748071,1785600000,62000.0,28866434624121011759297497876335875692932906621580762880599837337252589008601,1.0,1785132018,0.88
748071,1785600000,62000.0,28866434624121011759297497876335875692932906621580762880599837337252589008601,1.0,1785135613,0.89
748071,1785600000,62000.0,28866434624121011759297497876335875692932906621580762880599837337252589008601,1.0,1785135613,0.89
748071,1785600000,62000.0,28866434624121011759297497876335875692932906621580762880599837337252589008601,1.0,1785139213,0.885
748071,1785600000,62000.0,28866434624121011759297497876335875692932906621580762880599837337252589008601,1.0,1785139213,0.885
748071,1785600000,62000.0,28866434624121011759297497876335875692932906621580762880599837337252589008601,1.0,1785142814,0.885
748071,1785600000,62000.0,28866434624121011759297497876335875692932906621580762880599837337252589008601,1.0,1785142814,0.885
748071,1785600000,62000.0,28866434624121011759297497876335875692932906621580762880599837337252589008601,1.0,1785146418,0.885
748071,1785600000,62000.0,28866434624121011759297497876335875692932906621580762880599837337252589008601,1.0,1785146418,0.885
748071,1785600000,62000.0,28866434624121011759297497876335875692932906621580762880599837337252589008601,1.0,1785150015,0.89
748071,1785600000,62000.0,28866434624121011759297497876335875692932906621580762880599837337252589008601,1.0,1785150015,0.89
748071,1785600000,62000.0,28866434624121011759297497876335875692932906621580762880599837337252589008601,1.0,1785153628,0.875
748071,1785600000,62000.0,28866434624121011759297497876335875692932906621580762880599837337252589008601,1.0,1785153628,0.875
748071,1785600000,62000.0,28866434624121011759297497876335875692932906621580762880599837337252589008601,1.0,1785157219,0.865
748071,1785600000,62000.0,28866434624121011759297497876335875692932906621580762880599837337252589008601,1.0,1785157219,0.865
748071,1785600000,62000.0,28866434624121011759297497876335875692932906621580762880599837337252589008601,1.0,1785160820,0.88
748071,1785600000,62000.0,28866434624121011759297497876335875692932906621580762880599837337252589008601,1.0,1785160820,0.88
748071,1785600000,62000.0,28866434624121011759297497876335875692932906621580762880599837337252589008601,1.0,1785164427,0.825
748071,1785600000,62000.0,28866434624121011759297497876335875692932906621580762880599837337252589008601,1.0,1785164427,0.825
748071,1785600000,62000.0,28866434624121011759297497876335875692932906621580762880599837337252589008601,1.0,1785168017,0.825
748071,1785600000,62000.0,28866434624121011759297497876335875692932906621580762880599837337252589008601,1.0,1785168017,0.825
748071,1785600000,62000.0,28866434624121011759297497876335875692932906621580762880599837337252589008601,1.0,1785171623,0.86
748071,1785600000,62000.0,28866434624121011759297497876335875692932906621580762880599837337252589008601,1.0,1785171623,0.86
748071,1785600000,62000.0,28866434624121011759297497876335875692932906621580762880599837337252589008601,1.0,1785175221,0.875
748071,1785600000,62000.0,28866434624121011759297497876335875692932906621580762880599837337252589008601,1.0,1785175221,0.875
748071,1785600000,62000.0,28866434624121011759297497876335875692932906621580762880599837337252589008601,1.0,1785178825,0.865
748071,1785600000,62000.0,28866434624121011759297497876335875692932906621580762880599837337252589008601,1.0,1785178825,0.865
748071,1785600000,62000.0,28866434624121011759297497876335875692932906621580762880599837337252589008601,1.0,1785182426,0.87
748071,1785600000,62000.0,28866434624121011759297497876335875692932906621580762880599837337252589008601,1.0,1785182426,0.87
748071,1785600000,62000.0,28866434624121011759297497876335875692932906621580762880599837337252589008601,1.0,1785186020,0.87
748071,1785600000,62000.0,28866434624121011759297497876335875692932906621580762880599837337252589008601,1.0,1785186020,0.87
748071,1785600000,62000.0,28866434624121011759297497876335875692932906621580762880599837337252589008601,1.0,1785189617,0.86
748071,1785600000,62000.0,28866434624121011759297497876335875692932906621580762880599837337252589008601,1.0,1785189617,0.86
748071,1785600000,62000.0,28866434624121011759297497876335875692932906621580762880599837337252589008601,1.0,1785193218,0.76
748071,1785600000,62000.0,28866434624121011759297497876335875692932906621580762880599837337252589008601,1.0,1785193218,0.76
748071,1785600000,62000.0,28866434624121011759297497876335875692932906621580762880599837337252589008601,1.0,1785196829,0.75
748071,1785600000,62000.0,28866434624121011759297497876335875692932906621580762880599837337252589008601,1.0,1785196829,0.75
748071,1785600000,62000.0,28866434624121011759297497876335875692932906621580762880599837337252589008601,1.0,1785200415,0.725
748071,1785600000,62000.0,28866434624121011759297497876335875692932906621580762880599837337252589008601,1.0,1785200415,0.725
748071,1785600000,62000.0,28866434624121011759297497876335875692932906621580762880599837337252589008601,1.0,1785204015,0.685
748071,1785600000,62000.0,28866434624121011759297497876335875692932906621580762880599837337252589008601,1.0,1785204015,0.685
748071,1785600000,62000.0,28866434624121011759297497876335875692932906621580762880599837337252589008601,1.0,1785207628,0.68
748071,1785600000,62000.0,28866434624121011759297497876335875692932906621580762880599837337252589008601,1.0,1785207628,0.68
748071,1785600000,62000.0,28866434624121011759297497876335875692932906621580762880599837337252589008601,1.0,1785211234,0.705
748071,1785600000,62000.0,28866434624121011759297497876335875692932906621580762880599837337252589008601,1.0,1785211234,0.705
748071,1785600000,62000.0,28866434624121011759297497876335875692932906621580762880599837337252589008601,1.0,1785214829,0.71
748071,1785600000,62000.0,28866434624121011759297497876335875692932906621580762880599837337252589008601,1.0,1785214829,0.71
748071,1785600000,62000.0,28866434624121011759297497876335875692932906621580762880599837337252589008601,1.0,1785218434,0.725
748071,1785600000,62000.0,28866434624121011759297497876335875692932906621580762880599837337252589008601,1.0,1785218434,0.725
748071,1785600000,62000.0,28866434624121011759297497876335875692932906621580762880599837337252589008601,1.0,1785222035,0.74
748071,1785600000,62000.0,28866434624121011759297497876335875692932906621580762880599837337252589008601,1.0,1785222035,0.74
748071,1785600000,62000.0,28866434624121011759297497876335875692932906621580762880599837337252589008601,1.0,1785225619,0.77
748071,1785600000,62000.0,28866434624121011759297497876335875692932906621580762880599837337252589008601,1.0,1785225619,0.77
748071,1785600000,62000.0,28866434624121011759297497876335875692932906621580762880599837337252589008601,1.0,1785232828,0.735
748071,1785600000,62000.0,28866434624121011759297497876335875692932906621580762880599837337252589008601,1.0,1785232828,0.735
748071,1785600000,62000.0,28866434624121011759297497876335875692932906621580762880599837337252589008601,1.0,1785236435,0.745
748071,1785600000,62000.0,28866434624121011759297497876335875692932906621580762880599837337252589008601,1.0,1785236435,0.745
748071,1785600000,62000.0,28866434624121011759297497876335875692932906621580762880599837337252589008601,1.0,1785240049,0.73
748071,1785600000,62000.0,28866434624121011759297497876335875692932906621580762880599837337252589008601,1.0,1785240049,0.73
748071,1785600000,62000.0,28866434624121011759297497876335875692932906621580762880599837337252589008601,1.0,1785243623,0.745
748071,1785600000,62000.0,28866434624121011759297497876335875692932906621580762880599837337252589008601,1.0,1785243623,0.745
748071,1785600000,62000.0,28866434624121011759297497876335875692932906621580762880599837337252589008601,1.0,1785247224,0.68
748071,1785600000,62000.0,28866434624121011759297497876335875692932906621580762880599837337252589008601,1.0,1785247224,0.68
748071,1785600000,62000.0,28866434624121011759297497876335875692932906621580762880599837337252589008601,1.0,1785250831,0.715
748071,1785600000,62000.0,28866434624121011759297497876335875692932906621580762880599837337252589008601,1.0,1785250831,0.715
748071,1785600000,62000.0,28866434624121011759297497876335875692932906621580762880599837337252589008601,1.0,1785254423,0.795
748071,1785600000,62000.0,28866434624121011759297497876335875692932906621580762880599837337252589008601,1.0,1785254423,0.795
748071,1785600000,62000.0,28866434624121011759297497876335875692932906621580762880599837337252589008601,1.0,1785258025,0.805
748071,1785600000,62000.0,28866434624121011759297497876335875692932906621580762880599837337252589008601,1.0,1785258025,0.805
748071,1785600000,62000.0,28866434624121011759297497876335875692932906621580762880599837337252589008601,1.0,1785261630,0.765
748071,1785600000,62000.0,28866434624121011759297497876335875692932906621580762880599837337252589008601,1.0,1785261630,0.765
748071,1785600000,62000.0,28866434624121011759297497876335875692932906621580762880599837337252589008601,1.0,1785265238,0.77
748071,1785600000,62000.0,28866434624121011759297497876335875692932906621580762880599837337252589008601,1.0,1785265238,0.77
748071,1785600000,62000.0,28866434624121011759297497876335875692932906621580762880599837337252589008601,1.0,1785268835,0.795
748071,1785600000,62000.0,28866434624121011759297497876335875692932906621580762880599837337252589008601,1.0,1785268835,0.795
748071,1785600000,62000.0,28866434624121011759297497876335875692932906621580762880599837337252589008601,1.0,1785272455,0.795
748071,1785600000,62000.0,28866434624121011759297497876335875692932906621580762880599837337252589008601,1.0,1785272455,0.795
748071,1785600000,62000.0,28866434624121011759297497876335875692932906621580762880599837337252589008601,1.0,1785276048,0.805
748071,1785600000,62000.0,28866434624121011759297497876335875692932906621580762880599837337252589008601,1.0,1785276048,0.805
748071,1785600000,62000.0,28866434624121011759297497876335875692932906621580762880599837337252589008601,1.0,1785279658,0.795
748071,1785600000,62000.0,28866434624121011759297497876335875692932906621580762880599837337252589008601,1.0,1785279658,0.795
748071,1785600000,62000.0,28866434624121011759297497876335875692932906621580762880599837337252589008601,1.0,1785286832,0.825
748071,1785600000,62000.0,28866434624121011759297497876335875692932906621580762880599837337252589008601,1.0,1785286832,0.825
748071,1785600000,62000.0,28866434624121011759297497876335875692932906621580762880599837337252589008601,1.0,1785290444,0.795
748071,1785600000,62000.0,28866434624121011759297497876335875692932906621580762880599837337252589008601,1.0,1785290444,0.795
748071,1785600000,62000.0,28866434624121011759297497876335875692932906621580762880599837337252589008601,1.0,1785294043,0.805
748071,1785600000,62000.0,28866434624121011759297497876335875692932906621580762880599837337252589008601,1.0,1785294043,0.805
748071,1785600000,62000.0,28866434624121011759297497876335875692932906621580762880599837337252589008601,1.0,1785297636,0.785
748071,1785600000,62000.0,28866434624121011759297497876335875692932906621580762880599837337252589008601,1.0,1785297636,0.785
748071,1785600000,62000.0,28866434624121011759297497876335875692932906621580762880599837337252589008601,1.0,1785301257,0.81
748071,1785600000,62000.0,28866434624121011759297497876335875692932906621580762880599837337252589008601,1.0,1785301257,0.81
748071,1785600000,62000.0,28866434624121011759297497876335875692932906621580762880599837337252589008601,1.0,1785304854,0.82
748071,1785600000,62000.0,28866434624121011759297497876335875692932906621580762880599837337252589008601,1.0,1785304854,0.82
748071,1785600000,62000.0,28866434624121011759297497876335875692932906621580762880599837337252589008601,1.0,1785308453,0.855
748071,1785600000,62000.0,28866434624121011759297497876335875692932906621580762880599837337252589008601,1.0,1785308453,0.855
748071,1785600000,62000.0,28866434624121011759297497876335875692932906621580762880599837337252589008601,1.0,1785312035,0.875
748071,1785600000,62000.0,28866434624121011759297497876335875692932906621580762880599837337252589008601,1.0,1785312035,0.875
748071,1785600000,62000.0,28866434624121011759297497876335875692932906621580762880599837337252589008601,1.0,1785315638,0.865
748071,1785600000,62000.0,28866434624121011759297497876335875692932906621580762880599837337252589008601,1.0,1785315638,0.865
748071,1785600000,62000.0,28866434624121011759297497876335875692932906621580762880599837337252589008601,1.0,1785319234,0.885
748071,1785600000,62000.0,28866434624121011759297497876335875692932906621580762880599837337252589008601,1.0,1785319234,0.885
748071,1785600000,62000.0,28866434624121011759297497876335875692932906621580762880599837337252589008601,1.0,1785322840,0.875
748071,1785600000,62000.0,28866434624121011759297497876335875692932906621580762880599837337252589008601,1.0,1785322840,0.875
748071,1785600000,62000.0,28866434624121011759297497876335875692932906621580762880599837337252589008601,1.0,1785326448,0.875
748071,1785600000,62000.0,28866434624121011759297497876335875692932906621580762880599837337252589008601,1.0,1785326448,0.875
748071,1785600000,62000.0,28866434624121011759297497876335875692932906621580762880599837337252589008601,1.0,1785330036,0.855
748071,1785600000,62000.0,28866434624121011759297497876335875692932906621580762880599837337252589008601,1.0,1785330036,0.855
748071,1785600000,62000.0,28866434624121011759297497876335875692932906621580762880599837337252589008601,1.0,1785333638,0.885
748071,1785600000,62000.0,28866434624121011759297497876335875692932906621580762880599837337252589008601,1.0,1785333638,0.885
748071,1785600000,62000.0,28866434624121011759297497876335875692932906621580762880599837337252589008601,1.0,1785337257,0.825
748071,1785600000,62000.0,28866434624121011759297497876335875692932906621580762880599837337252589008601,1.0,1785337257,0.825
748071,1785600000,62000.0,28866434624121011759297497876335875692932906621580762880599837337252589008601,1.0,1785340856,0.825
748071,1785600000,62000.0,28866434624121011759297497876335875692932906621580762880599837337252589008601,1.0,1785340856,0.825
748071,1785600000,62000.0,28866434624121011759297497876335875692932906621580762880599837337252589008601,1.0,1785344444,0.805
748071,1785600000,62000.0,28866434624121011759297497876335875692932906621580762880599837337252589008601,1.0,1785344444,0.805
748071,1785600000,62000.0,28866434624121011759297497876335875692932906621580762880599837337252589008601,1.0,1785348059,0.87
748071,1785600000,62000.0,28866434624121011759297497876335875692932906621580762880599837337252589008601,1.0,1785348059,0.87
748071,1785600000,62000.0,28866434624121011759297497876335875692932906621580762880599837337252589008601,1.0,1785351613,0.9
748071,1785600000,62000.0,28866434624121011759297497876335875692932906621580762880599837337252589008601,1.0,1785351613,0.9
748071,1785600000,62000.0,28866434624121011759297497876335875692932906621580762880599837337252589008601,1.0,1785355210,0.78
748071,1785600000,62000.0,28866434624121011759297497876335875692932906621580762880599837337252589008601,1.0,1785355210,0.78
748071,1785600000,62000.0,28866434624121011759297497876335875692932906621580762880599837337252589008601,1.0,1785358812,0.785
748071,1785600000,62000.0,28866434624121011759297497876335875692932906621580762880599837337252589008601,1.0,1785358812,0.785
748071,1785600000,62000.0,28866434624121011759297497876335875692932906621580762880599837337252589008601,1.0,1785362411,0.825
748071,1785600000,62000.0,28866434624121011759297497876335875692932906621580762880599837337252589008601,1.0,1785362411,0.825
748071,1785600000,62000.0,28866434624121011759297497876335875692932906621580762880599837337252589008601,1.0,1785366011,0.845
748071,1785600000,62000.0,28866434624121011759297497876335875692932906621580762880599837337252589008601,1.0,1785366011,0.845
748071,1785600000,62000.0,28866434624121011759297497876335875692932906621580762880599837337252589008601,1.0,1785369624,0.865
748071,1785600000,62000.0,28866434624121011759297497876335875692932906621580762880599837337252589008601,1.0,1785369624,0.865
748071,1785600000,62000.0,28866434624121011759297497876335875692932906621580762880599837337252589008601,1.0,1785373213,0.82
748071,1785600000,62000.0,28866434624121011759297497876335875692932906621580762880599837337252589008601,1.0,1785373213,0.82
748071,1785600000,62000.0,28866434624121011759297497876335875692932906621580762880599837337252589008601,1.0,1785376811,0.885
748071,1785600000,62000.0,28866434624121011759297497876335875692932906621580762880599837337252589008601,1.0,1785376811,0.885
748071,1785600000,62000.0,28866434624121011759297497876335875692932906621580762880599837337252589008601,1.0,1785380411,0.895
748071,1785600000,62000.0,28866434624121011759297497876335875692932906621580762880599837337252589008601,1.0,1785380411,0.895
748071,1785600000,62000.0,28866434624121011759297497876335875692932906621580762880599837337252589008601,1.0,1785384009,0.895
748071,1785600000,62000.0,28866434624121011759297497876335875692932906621580762880599837337252589008601,1.0,1785384009,0.895
748071,1785600000,62000.0,28866434624121011759297497876335875692932906621580762880599837337252589008601,1.0,1785387608,0.895
748071,1785600000,62000.0,28866434624121011759297497876335875692932906621580762880599837337252589008601,1.0,1785387608,0.895
748071,1785600000,62000.0,28866434624121011759297497876335875692932906621580762880599837337252589008601,1.0,1785391210,0.875
748071,1785600000,62000.0,28866434624121011759297497876335875692932906621580762880599837337252589008601,1.0,1785391210,0.875
748071,1785600000,62000.0,28866434624121011759297497876335875692932906621580762880599837337252589008601,1.0,1785394808,0.87
748071,1785600000,62000.0,28866434624121011759297497876335875692932906621580762880599837337252589008601,1.0,1785394808,0.87
748071,1785600000,62000.0,28866434624121011759297497876335875692932906621580762880599837337252589008601,1.0,1785398409,0.875
748071,1785600000,62000.0,28866434624121011759297497876335875692932906621580762880599837337252589008601,1.0,1785398409,0.875
748071,1785600000,62000.0,28866434624121011759297497876335875692932906621580762880599837337252589008601,1.0,1785402009,0.925
748071,1785600000,62000.0,28866434624121011759297497876335875692932906621580762880599837337252589008601,1.0,1785402009,0.925
748071,1785600000,62000.0,28866434624121011759297497876335875692932906621580762880599837337252589008601,1.0,1785405609,0.945
748071,1785600000,62000.0,28866434624121011759297497876335875692932906621580762880599837337252589008601,1.0,1785405609,0.945
748071,1785600000,62000.0,28866434624121011759297497876335875692932906621580762880599837337252589008601,1.0,1785409208,0.9545
748071,1785600000,62000.0,28866434624121011759297497876335875692932906621580762880599837337252589008601,1.0,1785409208,0.9545
748071,1785600000,62000.0,28866434624121011759297497876335875692932906621580762880599837337252589008601,1.0,1785412808,0.9695
748071,1785600000,62000.0,28866434624121011759297497876335875692932906621580762880599837337252589008601,1.0,1785412808,0.9695
748071,1785600000,62000.0,28866434624121011759297497876335875692932906621580762880599837337252589008601,1.0,1785416410,0.9725
748071,1785600000,62000.0,28866434624121011759297497876335875692932906621580762880599837337252589008601,1.0,1785416410,0.9725
748071,1785600000,62000.0,28866434624121011759297497876335875692932906621580762880599837337252589008601,1.0,1785420011,0.9675
748071,1785600000,62000.0,28866434624121011759297497876335875692932906621580762880599837337252589008601,1.0,1785420011,0.9675
748071,1785600000,62000.0,28866434624121011759297497876335875692932906621580762880599837337252589008601,1.0,1785423611,0.963
748071,1785600000,62000.0,28866434624121011759297497876335875692932906621580762880599837337252589008601,1.0,1785423611,0.963
748071,1785600000,62000.0,28866434624121011759297497876335875692932906621580762880599837337252589008601,1.0,1785427210,0.9645
748071,1785600000,62000.0,28866434624121011759297497876335875692932906621580762880599837337252589008601,1.0,1785427210,0.9645
748071,1785600000,62000.0,28866434624121011759297497876335875692932906621580762880599837337252589008601,1.0,1785430811,0.9705
748071,1785600000,62000.0,28866434624121011759297497876335875692932906621580762880599837337252589008601,1.0,1785430811,0.9705
748071,1785600000,62000.0,28866434624121011759297497876335875692932906621580762880599837337252589008601,1.0,1785434413,0.9845
748071,1785600000,62000.0,28866434624121011759297497876335875692932906621580762880599837337252589008601,1.0,1785434413,0.9845
748071,1785600000,62000.0,28866434624121011759297497876335875692932906621580762880599837337252589008601,1.0,1785438010,0.9835
748071,1785600000,62000.0,28866434624121011759297497876335875692932906621580762880599837337252589008601,1.0,1785438010,0.9835
748071,1785600000,62000.0,28866434624121011759297497876335875692932906621580762880599837337252589008601,1.0,1785441609,0.9865
748071,1785600000,62000.0,28866434624121011759297497876335875692932906621580762880599837337252589008601,1.0,1785441609,0.9865
748071,1785600000,62000.0,28866434624121011759297497876335875692932906621580762880599837337252589008601,1.0,1785445209,0.9875
748071,1785600000,62000.0,28866434624121011759297497876335875692932906621580762880599837337252589008601,1.0,1785445209,0.9875
748071,1785600000,62000.0,28866434624121011759297497876335875692932906621580762880599837337252589008601,1.0,1785448808,0.9875
748071,1785600000,62000.0,28866434624121011759297497876335875692932906621580762880599837337252589008601,1.0,1785448808,0.9875
748071,1785600000,62000.0,28866434624121011759297497876335875692932906621580762880599837337252589008601,1.0,1785452409,0.9875
748071,1785600000,62000.0,28866434624121011759297497876335875692932906621580762880599837337252589008601,1.0,1785452409,0.9875
748071,1785600000,62000.0,28866434624121011759297497876335875692932906621580762880599837337252589008601,1.0,1785456022,0.9795
748071,1785600000,62000.0,28866434624121011759297497876335875692932906621580762880599837337252589008601,1.0,1785456022,0.9795
748071,1785600000,62000.0,28866434624121011759297497876335875692932906621580762880599837337252589008601,1.0,1785459608,0.981
748071,1785600000,62000.0,28866434624121011759297497876335875692932906621580762880599837337252589008601,1.0,1785459608,0.981
748071,1785600000,62000.0,28866434624121011759297497876335875692932906621580762880599837337252589008601,1.0,1785463208,0.9695
748071,1785600000,62000.0,28866434624121011759297497876335875692932906621580762880599837337252589008601,1.0,1785463208,0.9695
748071,1785600000,62000.0,28866434624121011759297497876335875692932906621580762880599837337252589008601,1.0,1785466811,0.9645
748071,1785600000,62000.0,28866434624121011759297497876335875692932906621580762880599837337252589008601,1.0,1785466811,0.9645
748071,1785600000,62000.0,28866434624121011759297497876335875692932906621580762880599837337252589008601,1.0,1785470410,0.973
748071,1785600000,62000.0,28866434624121011759297497876335875692932906621580762880599837337252589008601,1.0,1785470410,0.973
748071,1785600000,62000.0,28866434624121011759297497876335875692932906621580762880599837337252589008601,1.0,1785474012,0.9725
748071,1785600000,62000.0,28866434624121011759297497876335875692932906621580762880599837337252589008601,1.0,1785474012,0.9725
748071,1785600000,62000.0,28866434624121011759297497876335875692932906621580762880599837337252589008601,1.0,1785477608,0.9765
748071,1785600000,62000.0,28866434624121011759297497876335875692932906621580762880599837337252589008601,1.0,1785477608,0.9765
748071,1785600000,62000.0,28866434624121011759297497876335875692932906621580762880599837337252589008601,1.0,1785481210,0.9655
748071,1785600000,62000.0,28866434624121011759297497876335875692932906621580762880599837337252589008601,1.0,1785481210,0.9655
748071,1785600000,62000.0,28866434624121011759297497876335875692932906621580762880599837337252589008601,1.0,1785484810,0.9625
748071,1785600000,62000.0,28866434624121011759297497876335875692932906621580762880599837337252589008601,1.0,1785484810,0.9625
748071,1785600000,62000.0,28866434624121011759297497876335875692932906621580762880599837337252589008601,1.0,1785488411,0.959
748071,1785600000,62000.0,28866434624121011759297497876335875692932906621580762880599837337252589008601,1.0,1785488411,0.959
748071,1785600000,62000.0,28866434624121011759297497876335875692932906621580762880599837337252589008601,1.0,1785492010,0.945
748071,1785600000,62000.0,28866434624121011759297497876335875692932906621580762880599837337252589008601,1.0,1785492010,0.945
748071,1785600000,62000.0,28866434624121011759297497876335875692932906621580762880599837337252589008601,1.0,1785495615,0.9605
748071,1785600000,62000.0,28866434624121011759297497876335875692932906621580762880599837337252589008601,1.0,1785495615,0.9605
748071,1785600000,62000.0,28866434624121011759297497876335875692932906621580762880599837337252589008601,1.0,1785499210,0.9495
748071,1785600000,62000.0,28866434624121011759297497876335875692932906621580762880599837337252589008601,1.0,1785499210,0.9495
748071,1785600000,62000.0,28866434624121011759297497876335875692932906621580762880599837337252589008601,1.0,1785502811,0.9355
748071,1785600000,62000.0,28866434624121011759297497876335875692932906621580762880599837337252589008601,1.0,1785502811,0.9355
748071,1785600000,62000.0,28866434624121011759297497876335875692932906621580762880599837337252589008601,1.0,1785506409,0.8735
748071,1785600000,62000.0,28866434624121011759297497876335875692932906621580762880599837337252589008601,1.0,1785506409,0.8735
748071,1785600000,62000.0,28866434624121011759297497876335875692932906621580762880599837337252589008601,1.0,1785510026,0.7465
748071,1785600000,62000.0,28866434624121011759297497876335875692932906621580762880599837337252589008601,1.0,1785510026,0.7465
748071,1785600000,62000.0,28866434624121011759297497876335875692932906621580762880599837337252589008601,1.0,1785513610,0.7815
748071,1785600000,62000.0,28866434624121011759297497876335875692932906621580762880599837337252589008601,1.0,1785513610,0.7815
748071,1785600000,62000.0,28866434624121011759297497876335875692932906621580762880599837337252589008601,1.0,1785517211,0.8695
748071,1785600000,62000.0,28866434624121011759297497876335875692932906621580762880599837337252589008601,1.0,1785517211,0.8695
748071,1785600000,62000.0,28866434624121011759297497876335875692932906621580762880599837337252589008601,1.0,1785520812,0.955
748071,1785600000,62000.0,28866434624121011759297497876335875692932906621580762880599837337252589008601,1.0,1785520812,0.955
748071,1785600000,62000.0,28866434624121011759297497876335875692932906621580762880599837337252589008601,1.0,1785524427,0.9575
748071,1785600000,62000.0,28866434624121011759297497876335875692932906621580762880599837337252589008601,1.0,1785524427,0.9575
748071,1785600000,62000.0,28866434624121011759297497876335875692932906621580762880599837337252589008601,1.0,1785528019,0.9535
748071,1785600000,62000.0,28866434624121011759297497876335875692932906621580762880599837337252589008601,1.0,1785528019,0.9535
748071,1785600000,62000.0,28866434624121011759297497876335875692932906621580762880599837337252589008601,1.0,1785531611,0.96
748071,1785600000,62000.0,28866434624121011759297497876335875692932906621580762880599837337252589008601,1.0,1785531611,0.96
748071,1785600000,62000.0,28866434624121011759297497876335875692932906621580762880599837337252589008601,1.0,1785535211,0.9655
748071,1785600000,62000.0,28866434624121011759297497876335875692932906621580762880599837337252589008601,1.0,1785535211,0.9655
748071,1785600000,62000.0,28866434624121011759297497876335875692932906621580762880599837337252589008601,1.0,1785538810,0.9645
748071,1785600000,62000.0,28866434624121011759297497876335875692932906621580762880599837337252589008601,1.0,1785538810,0.9645
748071,1785600000,62000.0,28866434624121011759297497876335875692932906621580762880599837337252589008601,1.0,1785542413,0.9555
748071,1785600000,62000.0,28866434624121011759297497876335875692932906621580762880599837337252589008601,1.0,1785542413,0.9555
748071,1785600000,62000.0,28866434624121011759297497876335875692932906621580762880599837337252589008601,1.0,1785546009,0.9665
748071,1785600000,62000.0,28866434624121011759297497876335875692932906621580762880599837337252589008601,1.0,1785546009,0.9665
748071,1785600000,62000.0,28866434624121011759297497876335875692932906621580762880599837337252589008601,1.0,1785549608,0.9665
748071,1785600000,62000.0,28866434624121011759297497876335875692932906621580762880599837337252589008601,1.0,1785549608,0.9665
748071,1785600000,62000.0,28866434624121011759297497876335875692932906621580762880599837337252589008601,1.0,1785553210,0.9685
748071,1785600000,62000.0,28866434624121011759297497876335875692932906621580762880599837337252589008601,1.0,1785553210,0.9685
748071,1785600000,62000.0,28866434624121011759297497876335875692932906621580762880599837337252589008601,1.0,1785556810,0.9685
748071,1785600000,62000.0,28866434624121011759297497876335875692932906621580762880599837337252589008601,1.0,1785556810,0.9685
748071,1785600000,62000.0,28866434624121011759297497876335875692932906621580762880599837337252589008601,1.0,1785560414,0.97
748071,1785600000,62000.0,28866434624121011759297497876335875692932906621580762880599837337252589008601,1.0,1785560414,0.97
748071,1785600000,62000.0,28866434624121011759297497876335875692932906621580762880599837337252589008601,1.0,1785564026,0.9695
748071,1785600000,62000.0,28866434624121011759297497876335875692932906621580762880599837337252589008601,1.0,1785564026,0.9695
748071,1785600000,62000.0,28866434624121011759297497876335875692932906621580762880599837337252589008601,1.0,1785567610,0.9735
748071,1785600000,62000.0,28866434624121011759297497876335875692932906621580762880599837337252589008601,1.0,1785567610,0.9735
748071,1785600000,62000.0,28866434624121011759297497876335875692932906621580762880599837337252589008601,1.0,1785571210,0.9795
748071,1785600000,62000.0,28866434624121011759297497876335875692932906621580762880599837337252589008601,1.0,1785571210,0.9795
748071,1785600000,62000.0,28866434624121011759297497876335875692932906621580762880599837337252589008601,1.0,1785574813,0.9795
748071,1785600000,62000.0,28866434624121011759297497876335875692932906621580762880599837337252589008601,1.0,1785574813,0.9795
748071,1785600000,62000.0,28866434624121011759297497876335875692932906621580762880599837337252589008601,1.0,1785578411,0.9915
748071,1785600000,62000.0,28866434624121011759297497876335875692932906621580762880599837337252589008601,1.0,1785578411,0.9915
748071,1785600000,62000.0,28866434624121011759297497876335875692932906621580762880599837337252589008601,1.0,1785582041,0.9945
748071,1785600000,62000.0,28866434624121011759297497876335875692932906621580762880599837337252589008601,1.0,1785582041,0.9945
748071,1785600000,62000.0,28866434624121011759297497876335875692932906621580762880599837337252589008601,1.0,1785585612,0.996
748071,1785600000,62000.0,28866434624121011759297497876335875692932906621580762880599837337252589008601,1.0,1785585612,0.996
748071,1785600000,62000.0,28866434624121011759297497876335875692932906621580762880599837337252589008601,1.0,1785589207,0.997
748071,1785600000,62000.0,28866434624121011759297497876335875692932906621580762880599837337252589008601,1.0,1785589207,0.997
748071,1785600000,62000.0,28866434624121011759297497876335875692932906621580762880599837337252589008601,1.0,1785592808,0.9985
748071,1785600000,62000.0,28866434624121011759297497876335875692932906621580762880599837337252589008601,1.0,1785592808,0.9985
748071,1785600000,62000.0,28866434624121011759297497876335875692932906621580762880599837337252589008601,1.0,1785596408,0.998
748071,1785600000,62000.0,28866434624121011759297497876335875692932906621580762880599837337252589008601,1.0,1785596408,0.998
748071,1785600000,62000.0,28866434624121011759297497876335875692932906621580762880599837337252589008601,1.0,1785600010,0.9995
748071,1785600000,62000.0,28866434624121011759297497876335875692932906621580762880599837337252589008601,1.0,1785600010,0.9995
748071,1785600000,64000.0,46581029682986528511690841361496443212888905135343370131764532859048709965393,0.0,1784998826,0.5
748071,1785600000,64000.0,46581029682986528511690841361496443212888905135343370131764532859048709965393,0.0,1784998826,0.5
748071,1785600000,64000.0,46581029682986528511690841361496443212888905135343370131764532859048709965393,0.0,1785002438,0.5
748071,1785600000,64000.0,46581029682986528511690841361496443212888905135343370131764532859048709965393,0.0,1785002438,0.5
748071,1785600000,64000.0,46581029682986528511690841361496443212888905135343370131764532859048709965393,0.0,1785006020,0.5
748071,1785600000,64000.0,46581029682986528511690841361496443212888905135343370131764532859048709965393,0.0,1785006020,0.5
748071,1785600000,64000.0,46581029682986528511690841361496443212888905135343370131764532859048709965393,0.0,1785009626,0.5
748071,1785600000,64000.0,46581029682986528511690841361496443212888905135343370131764532859048709965393,0.0,1785009626,0.5
748071,1785600000,64000.0,46581029682986528511690841361496443212888905135343370131764532859048709965393,0.0,1785013258,0.54
748071,1785600000,64000.0,46581029682986528511690841361496443212888905135343370131764532859048709965393,0.0,1785013258,0.54
748071,1785600000,64000.0,46581029682986528511690841361496443212888905135343370131764532859048709965393,0.0,1785016825,0.54
748071,1785600000,64000.0,46581029682986528511690841361496443212888905135343370131764532859048709965393,0.0,1785016825,0.54
748071,1785600000,64000.0,46581029682986528511690841361496443212888905135343370131764532859048709965393,0.0,1785020448,0.54
748071,1785600000,64000.0,46581029682986528511690841361496443212888905135343370131764532859048709965393,0.0,1785020448,0.54
748071,1785600000,64000.0,46581029682986528511690841361496443212888905135343370131764532859048709965393,0.0,1785024031,0.565
748071,1785600000,64000.0,46581029682986528511690841361496443212888905135343370131764532859048709965393,0.0,1785024031,0.565
748071,1785600000,64000.0,46581029682986528511690841361496443212888905135343370131764532859048709965393,0.0,1785027615,0.585
748071,1785600000,64000.0,46581029682986528511690841361496443212888905135343370131764532859048709965393,0.0,1785027615,0.585
748071,1785600000,64000.0,46581029682986528511690841361496443212888905135343370131764532859048709965393,0.0,1785031218,0.57
748071,1785600000,64000.0,46581029682986528511690841361496443212888905135343370131764532859048709965393,0.0,1785031218,0.57
748071,1785600000,64000.0,46581029682986528511690841361496443212888905135343370131764532859048709965393,0.0,1785034840,0.58
748071,1785600000,64000.0,46581029682986528511690841361496443212888905135343370131764532859048709965393,0.0,1785034840,0.58
748071,1785600000,64000.0,46581029682986528511690841361496443212888905135343370131764532859048709965393,0.0,1785038424,0.585
748071,1785600000,64000.0,46581029682986528511690841361496443212888905135343370131764532859048709965393,0.0,1785038424,0.585
748071,1785600000,64000.0,46581029682986528511690841361496443212888905135343370131764532859048709965393,0.0,1785042018,0.575
748071,1785600000,64000.0,46581029682986528511690841361496443212888905135343370131764532859048709965393,0.0,1785042018,0.575
748071,1785600000,64000.0,46581029682986528511690841361496443212888905135343370131764532859048709965393,0.0,1785045635,0.565
748071,1785600000,64000.0,46581029682986528511690841361496443212888905135343370131764532859048709965393,0.0,1785045635,0.565
748071,1785600000,64000.0,46581029682986528511690841361496443212888905135343370131764532859048709965393,0.0,1785049249,0.57
748071,1785600000,64000.0,46581029682986528511690841361496443212888905135343370131764532859048709965393,0.0,1785049249,0.57
748071,1785600000,64000.0,46581029682986528511690841361496443212888905135343370131764532859048709965393,0.0,1785052817,0.565
748071,1785600000,64000.0,46581029682986528511690841361496443212888905135343370131764532859048709965393,0.0,1785052817,0.565
748071,1785600000,64000.0,46581029682986528511690841361496443212888905135343370131764532859048709965393,0.0,1785056420,0.58
748071,1785600000,64000.0,46581029682986528511690841361496443212888905135343370131764532859048709965393,0.0,1785056420,0.58
748071,1785600000,64000.0,46581029682986528511690841361496443212888905135343370131764532859048709965393,0.0,1785060025,0.585
748071,1785600000,64000.0,46581029682986528511690841361496443212888905135343370131764532859048709965393,0.0,1785060025,0.585
748071,1785600000,64000.0,46581029682986528511690841361496443212888905135343370131764532859048709965393,0.0,1785063615,0.585
748071,1785600000,64000.0,46581029682986528511690841361496443212888905135343370131764532859048709965393,0.0,1785063615,0.585
748071,1785600000,64000.0,46581029682986528511690841361496443212888905135343370131764532859048709965393,0.0,1785067240,0.58
748071,1785600000,64000.0,46581029682986528511690841361496443212888905135343370131764532859048709965393,0.0,1785067240,0.58
748071,1785600000,64000.0,46581029682986528511690841361496443212888905135343370131764532859048709965393,0.0,1785070815,0.575
748071,1785600000,64000.0,46581029682986528511690841361496443212888905135343370131764532859048709965393,0.0,1785070815,0.575
748071,1785600000,64000.0,46581029682986528511690841361496443212888905135343370131764532859048709965393,0.0,1785074422,0.585
748071,1785600000,64000.0,46581029682986528511690841361496443212888905135343370131764532859048709965393,0.0,1785074422,0.585
748071,1785600000,64000.0,46581029682986528511690841361496443212888905135343370131764532859048709965393,0.0,1785081623,0.62
748071,1785600000,64000.0,46581029682986528511690841361496443212888905135343370131764532859048709965393,0.0,1785081623,0.62
748071,1785600000,64000.0,46581029682986528511690841361496443212888905135343370131764532859048709965393,0.0,1785085243,0.62
748071,1785600000,64000.0,46581029682986528511690841361496443212888905135343370131764532859048709965393,0.0,1785085243,0.62
748071,1785600000,64000.0,46581029682986528511690841361496443212888905135343370131764532859048709965393,0.0,1785088838,0.605
748071,1785600000,64000.0,46581029682986528511690841361496443212888905135343370131764532859048709965393,0.0,1785088838,0.605
748071,1785600000,64000.0,46581029682986528511690841361496443212888905135343370131764532859048709965393,0.0,1785092430,0.615
748071,1785600000,64000.0,46581029682986528511690841361496443212888905135343370131764532859048709965393,0.0,1785092430,0.615
748071,1785600000,64000.0,46581029682986528511690841361496443212888905135343370131764532859048709965393,0.0,1785096043,0.605
748071,1785600000,64000.0,46581029682986528511690841361496443212888905135343370131764532859048709965393,0.0,1785096043,0.605
748071,1785600000,64000.0,46581029682986528511690841361496443212888905135343370131764532859048709965393,0.0,1785103218,0.625
748071,1785600000,64000.0,46581029682986528511690841361496443212888905135343370131764532859048709965393,0.0,1785103218,0.625
748071,1785600000,64000.0,46581029682986528511690841361496443212888905135343370131764532859048709965393,0.0,1785106818,0.69
748071,1785600000,64000.0,46581029682986528511690841361496443212888905135343370131764532859048709965393,0.0,1785106818,0.69
748071,1785600000,64000.0,46581029682986528511690841361496443212888905135343370131764532859048709965393,0.0,1785110444,0.69
748071,1785600000,64000.0,46581029682986528511690841361496443212888905135343370131764532859048709965393,0.0,1785110444,0.69
748071,1785600000,64000.0,46581029682986528511690841361496443212888905135343370131764532859048709965393,0.0,1785114021,0.66
748071,1785600000,64000.0,46581029682986528511690841361496443212888905135343370131764532859048709965393,0.0,1785114021,0.66
748071,1785600000,64000.0,46581029682986528511690841361496443212888905135343370131764532859048709965393,0.0,1785117615,0.67
748071,1785600000,64000.0,46581029682986528511690841361496443212888905135343370131764532859048709965393,0.0,1785117615,0.67
748071,1785600000,64000.0,46581029682986528511690841361496443212888905135343370131764532859048709965393,0.0,1785121236,0.67
748071,1785600000,64000.0,46581029682986528511690841361496443212888905135343370131764532859048709965393,0.0,1785121236,0.67
748071,1785600000,64000.0,46581029682986528511690841361496443212888905135343370131764532859048709965393,0.0,1785124827,0.685
748071,1785600000,64000.0,46581029682986528511690841361496443212888905135343370131764532859048709965393,0.0,1785124827,0.685
748071,1785600000,64000.0,46581029682986528511690841361496443212888905135343370131764532859048709965393,0.0,1785128422,0.685
748071,1785600000,64000.0,46581029682986528511690841361496443212888905135343370131764532859048709965393,0.0,1785128422,0.685
748071,1785600000,64000.0,46581029682986528511690841361496443212888905135343370131764532859048709965393,0.0,1785132040,0.7
748071,1785600000,64000.0,46581029682986528511690841361496443212888905135343370131764532859048709965393,0.0,1785132040,0.7
748071,1785600000,64000.0,46581029682986528511690841361496443212888905135343370131764532859048709965393,0.0,1785135624,0.725
748071,1785600000,64000.0,46581029682986528511690841361496443212888905135343370131764532859048709965393,0.0,1785135624,0.725
748071,1785600000,64000.0,46581029682986528511690841361496443212888905135343370131764532859048709965393,0.0,1785139223,0.685
748071,1785600000,64000.0,46581029682986528511690841361496443212888905135343370131764532859048709965393,0.0,1785139223,0.685
748071,1785600000,64000.0,46581029682986528511690841361496443212888905135343370131764532859048709965393,0.0,1785142829,0.675
748071,1785600000,64000.0,46581029682986528511690841361496443212888905135343370131764532859048709965393,0.0,1785142829,0.675
748071,1785600000,64000.0,46581029682986528511690841361496443212888905135343370131764532859048709965393,0.0,1785146429,0.695
748071,1785600000,64000.0,46581029682986528511690841361496443212888905135343370131764532859048709965393,0.0,1785146429,0.695
748071,1785600000,64000.0,46581029682986528511690841361496443212888905135343370131764532859048709965393,0.0,1785150022,0.695
748071,1785600000,64000.0,46581029682986528511690841361496443212888905135343370131764532859048709965393,0.0,1785150022,0.695
748071,1785600000,64000.0,46581029682986528511690841361496443212888905135343370131764532859048709965393,0.0,1785153645,0.665
748071,1785600000,64000.0,46581029682986528511690841361496443212888905135343370131764532859048709965393,0.0,1785153645,0.665
748071,1785600000,64000.0,46581029682986528511690841361496443212888905135343370131764532859048709965393,0.0,1785157229,0.66
748071,1785600000,64000.0,46581029682986528511690841361496443212888905135343370131764532859048709965393,0.0,1785157229,0.66
748071,1785600000,64000.0,46581029682986528511690841361496443212888905135343370131764532859048709965393,0.0,1785160828,0.675
748071,1785600000,64000.0,46581029682986528511690841361496443212888905135343370131764532859048709965393,0.0,1785160828,0.675
748071,1785600000,64000.0,46581029682986528511690841361496443212888905135343370131764532859048709965393,0.0,1785164439,0.6
748071,1785600000,64000.0,46581029682986528511690841361496443212888905135343370131764532859048709965393,0.0,1785164439,0.6
748071,1785600000,64000.0,46581029682986528511690841361496443212888905135343370131764532859048709965393,0.0,1785168028,0.58
748071,1785600000,64000.0,46581029682986528511690841361496443212888905135343370131764532859048709965393,0.0,1785168028,0.58
748071,1785600000,64000.0,46581029682986528511690841361496443212888905135343370131764532859048709965393,0.0,1785171638,0.64
748071,1785600000,64000.0,46581029682986528511690841361496443212888905135343370131764532859048709965393,0.0,1785171638,0.64
748071,1785600000,64000.0,46581029682986528511690841361496443212888905135343370131764532859048709965393,0.0,1785175237,0.65
748071,1785600000,64000.0,46581029682986528511690841361496443212888905135343370131764532859048709965393,0.0,1785175237,0.65
748071,1785600000,64000.0,46581029682986528511690841361496443212888905135343370131764532859048709965393,0.0,1785178835,0.64
748071,1785600000,64000.0,46581029682986528511690841361496443212888905135343370131764532859048709965393,0.0,1785178835,0.64
748071,1785600000,64000.0,46581029682986528511690841361496443212888905135343370131764532859048709965393,0.0,1785182435,0.65
748071,1785600000,64000.0,46581029682986528511690841361496443212888905135343370131764532859048709965393,0.0,1785182435,0.65
748071,1785600000,64000.0,46581029682986528511690841361496443212888905135343370131764532859048709965393,0.0,1785186032,0.65
748071,1785600000,64000.0,46581029682986528511690841361496443212888905135343370131764532859048709965393,0.0,1785186032,0.65
748071,1785600000,64000.0,46581029682986528511690841361496443212888905135343370131764532859048709965393,0.0,1785189628,0.63
748071,1785600000,64000.0,46581029682986528511690841361496443212888905135343370131764532859048709965393,0.0,1785189628,0.63
748071,1785600000,64000.0,46581029682986528511690841361496443212888905135343370131764532859048709965393,0.0,1785193231,0.475
748071,1785600000,64000.0,46581029682986528511690841361496443212888905135343370131764532859048709965393,0.0,1785193231,0.475
748071,1785600000,64000.0,46581029682986528511690841361496443212888905135343370131764532859048709965393,0.0,1785196837,0.46
748071,1785600000,64000.0,46581029682986528511690841361496443212888905135343370131764532859048709965393,0.0,1785196837,0.46
748071,1785600000,64000.0,46581029682986528511690841361496443212888905135343370131764532859048709965393,0.0,1785200419,0.42
748071,1785600000,64000.0,46581029682986528511690841361496443212888905135343370131764532859048709965393,0.0,1785200419,0.42
748071,1785600000,64000.0,46581029682986528511690841361496443212888905135343370131764532859048709965393,0.0,1785204019,0.39
748071,1785600000,64000.0,46581029682986528511690841361496443212888905135343370131764532859048709965393,0.0,1785204019,0.39
748071,1785600000,64000.0,46581029682986528511690841361496443212888905135343370131764532859048709965393,0.0,1785207649,0.38
748071,1785600000,64000.0,46581029682986528511690841361496443212888905135343370131764532859048709965393,0.0,1785207649,0.38
748071,1785600000,64000.0,46581029682986528511690841361496443212888905135343370131764532859048709965393,0.0,1785211247,0.405
748071,1785600000,64000.0,46581029682986528511690841361496443212888905135343370131764532859048709965393,0.0,1785211247,0.405
748071,1785600000,64000.0,46581029682986528511690841361496443212888905135343370131764532859048709965393,0.0,1785214843,0.41
748071,1785600000,64000.0,46581029682986528511690841361496443212888905135343370131764532859048709965393,0.0,1785214843,0.41
748071,1785600000,64000.0,46581029682986528511690841361496443212888905135343370131764532859048709965393,0.0,1785218446,0.43
748071,1785600000,64000.0,46581029682986528511690841361496443212888905135343370131764532859048709965393,0.0,1785218446,0.43
748071,1785600000,64000.0,46581029682986528511690841361496443212888905135343370131764532859048709965393,0.0,1785222040,0.44
748071,1785600000,64000.0,46581029682986528511690841361496443212888905135343370131764532859048709965393,0.0,1785222040,0.44
748071,1785600000,64000.0,46581029682986528511690841361496443212888905135343370131764532859048709965393,0.0,1785225625,0.44
748071,1785600000,64000.0,46581029682986528511690841361496443212888905135343370131764532859048709965393,0.0,1785225625,0.44
748071,1785600000,64000.0,46581029682986528511690841361496443212888905135343370131764532859048709965393,0.0,1785232838,0.435
748071,1785600000,64000.0,46581029682986528511690841361496443212888905135343370131764532859048709965393,0.0,1785232838,0.435
748071,1785600000,64000.0,46581029682986528511690841361496443212888905135343370131764532859048709965393,0.0,1785236440,0.395
748071,1785600000,64000.0,46581029682986528511690841361496443212888905135343370131764532859048709965393,0.0,1785236440,0.395
748071,1785600000,64000.0,46581029682986528511690841361496443212888905135343370131764532859048709965393,0.0,1785243635,0.395
748071,1785600000,64000.0,46581029682986528511690841361496443212888905135343370131764532859048709965393,0.0,1785243635,0.395
748071,1785600000,64000.0,46581029682986528511690841361496443212888905135343370131764532859048709965393,0.0,1785247233,0.355
748071,1785600000,64000.0,46581029682986528511690841361496443212888905135343370131764532859048709965393,0.0,1785247233,0.355
748071,1785600000,64000.0,46581029682986528511690841361496443212888905135343370131764532859048709965393,0.0,1785250842,0.395
748071,1785600000,64000.0,46581029682986528511690841361496443212888905135343370131764532859048709965393,0.0,1785250842,0.395
748071,1785600000,64000.0,46581029682986528511690841361496443212888905135343370131764532859048709965393,0.0,1785254440,0.445
748071,1785600000,64000.0,46581029682986528511690841361496443212888905135343370131764532859048709965393,0.0,1785254440,0.445
748071,1785600000,64000.0,46581029682986528511690841361496443212888905135343370131764532859048709965393,0.0,1785258036,0.515
748071,1785600000,64000.0,46581029682986528511690841361496443212888905135343370131764532859048709965393,0.0,1785258036,0.515
748071,1785600000,64000.0,46581029682986528511690841361496443212888905135343370131764532859048709965393,0.0,1785261643,0.45
748071,1785600000,64000.0,46581029682986528511690841361496443212888905135343370131764532859048709965393,0.0,1785261643,0.45
748071,1785600000,64000.0,46581029682986528511690841361496443212888905135343370131764532859048709965393,0.0,1785265251,0.46
748071,1785600000,64000.0,46581029682986528511690841361496443212888905135343370131764532859048709965393,0.0,1785265251,0.46
748071,1785600000,64000.0,46581029682986528511690841361496443212888905135343370131764532859048709965393,0.0,1785268846,0.49
748071,1785600000,64000.0,46581029682986528511690841361496443212888905135343370131764532859048709965393,0.0,1785268846,0.49
748071,1785600000,64000.0,46581029682986528511690841361496443212888905135343370131764532859048709965393,0.0,1785286847,0.495
748071,1785600000,64000.0,46581029682986528511690841361496443212888905135343370131764532859048709965393,0.0,1785286847,0.495
748071,1785600000,64000.0,46581029682986528511690841361496443212888905135343370131764532859048709965393,0.0,1785294055,0.5
748071,1785600000,64000.0,46581029682986528511690841361496443212888905135343370131764532859048709965393,0.0,1785294055,0.5
748071,1785600000,64000.0,46581029682986528511690841361496443212888905135343370131764532859048709965393,0.0,1785297643,0.465
748071,1785600000,64000.0,46581029682986528511690841361496443212888905135343370131764532859048709965393,0.0,1785297643,0.465
748071,1785600000,64000.0,46581029682986528511690841361496443212888905135343370131764532859048709965393,0.0,1785312047,0.615
748071,1785600000,64000.0,46581029682986528511690841361496443212888905135343370131764532859048709965393,0.0,1785312047,0.615
748071,1785600000,64000.0,46581029682986528511690841361496443212888905135343370131764532859048709965393,0.0,1785315653,0.59
748071,1785600000,64000.0,46581029682986528511690841361496443212888905135343370131764532859048709965393,0.0,1785315653,0.59
748071,1785600000,64000.0,46581029682986528511690841361496443212888905135343370131764532859048709965393,0.0,1785319242,0.64
748071,1785600000,64000.0,46581029682986528511690841361496443212888905135343370131764532859048709965393,0.0,1785319242,0.64
748071,1785600000,64000.0,46581029682986528511690841361496443212888905135343370131764532859048709965393,0.0,1785322850,0.6
748071,1785600000,64000.0,46581029682986528511690841361496443212888905135343370131764532859048709965393,0.0,1785322850,0.6
748071,1785600000,64000.0,46581029682986528511690841361496443212888905135343370131764532859048709965393,0.0,1785330046,0.56
748071,1785600000,64000.0,46581029682986528511690841361496443212888905135343370131764532859048709965393,0.0,1785330046,0.56
748071,1785600000,64000.0,46581029682986528511690841361496443212888905135343370131764532859048709965393,0.0,1785333650,0.63
748071,1785600000,64000.0,46581029682986528511690841361496443212888905135343370131764532859048709965393,0.0,1785333650,0.63
748071,1785600000,64000.0,46581029682986528511690841361496443212888905135343370131764532859048709965393,0.0,1785351615,0.61
748071,1785600000,64000.0,46581029682986528511690841361496443212888905135343370131764532859048709965393,0.0,1785351615,0.61
748071,1785600000,64000.0,46581029682986528511690841361496443212888905135343370131764532859048709965393,0.0,1785355211,0.435
748071,1785600000,64000.0,46581029682986528511690841361496443212888905135343370131764532859048709965393,0.0,1785355211,0.435
748071,1785600000,64000.0,46581029682986528511690841361496443212888905135343370131764532859048709965393,0.0,1785358815,0.415
748071,1785600000,64000.0,46581029682986528511690841361496443212888905135343370131764532859048709965393,0.0,1785358815,0.415
748071,1785600000,64000.0,46581029682986528511690841361496443212888905135343370131764532859048709965393,0.0,1785362412,0.465
748071,1785600000,64000.0,46581029682986528511690841361496443212888905135343370131764532859048709965393,0.0,1785362412,0.465
748071,1785600000,64000.0,46581029682986528511690841361496443212888905135343370131764532859048709965393,0.0,1785366012,0.5
748071,1785600000,64000.0,46581029682986528511690841361496443212888905135343370131764532859048709965393,0.0,1785366012,0.5
748071,1785600000,64000.0,46581029682986528511690841361496443212888905135343370131764532859048709965393,0.0,1785369625,0.51
748071,1785600000,64000.0,46581029682986528511690841361496443212888905135343370131764532859048709965393,0.0,1785369625,0.51
748071,1785600000,64000.0,46581029682986528511690841361496443212888905135343370131764532859048709965393,0.0,1785373214,0.455
748071,1785600000,64000.0,46581029682986528511690841361496443212888905135343370131764532859048709965393,0.0,1785373214,0.455
748071,1785600000,64000.0,46581029682986528511690841361496443212888905135343370131764532859048709965393,0.0,1785376812,0.575
748071,1785600000,64000.0,46581029682986528511690841361496443212888905135343370131764532859048709965393,0.0,1785376812,0.575
748071,1785600000,64000.0,46581029682986528511690841361496443212888905135343370131764532859048709965393,0.0,1785380413,0.565
748071,1785600000,64000.0,46581029682986528511690841361496443212888905135343370131764532859048709965393,0.0,1785380413,0.565
748071,1785600000,64000.0,46581029682986528511690841361496443212888905135343370131764532859048709965393,0.0,1785384010,0.565
748071,1785600000,64000.0,46581029682986528511690841361496443212888905135343370131764532859048709965393,0.0,1785384010,0.565
748071,1785600000,64000.0,46581029682986528511690841361496443212888905135343370131764532859048709965393,0.0,1785387609,0.515
748071,1785600000,64000.0,46581029682986528511690841361496443212888905135343370131764532859048709965393,0.0,1785387609,0.515
748071,1785600000,64000.0,46581029682986528511690841361496443212888905135343370131764532859048709965393,0.0,1785391211,0.52
748071,1785600000,64000.0,46581029682986528511690841361496443212888905135343370131764532859048709965393,0.0,1785391211,0.52
748071,1785600000,64000.0,46581029682986528511690841361496443212888905135343370131764532859048709965393,0.0,1785394809,0.505
748071,1785600000,64000.0,46581029682986528511690841361496443212888905135343370131764532859048709965393,0.0,1785394809,0.505
748071,1785600000,64000.0,46581029682986528511690841361496443212888905135343370131764532859048709965393,0.0,1785398410,0.51
748071,1785600000,64000.0,46581029682986528511690841361496443212888905135343370131764532859048709965393,0.0,1785398410,0.51
748071,1785600000,64000.0,46581029682986528511690841361496443212888905135343370131764532859048709965393,0.0,1785402010,0.595
748071,1785600000,64000.0,46581029682986528511690841361496443212888905135343370131764532859048709965393,0.0,1785402010,0.595
748071,1785600000,64000.0,46581029682986528511690841361496443212888905135343370131764532859048709965393,0.0,1785405610,0.66
748071,1785600000,64000.0,46581029682986528511690841361496443212888905135343370131764532859048709965393,0.0,1785405610,0.66
748071,1785600000,64000.0,46581029682986528511690841361496443212888905135343370131764532859048709965393,0.0,1785409209,0.67
748071,1785600000,64000.0,46581029682986528511690841361496443212888905135343370131764532859048709965393,0.0,1785409209,0.67
748071,1785600000,64000.0,46581029682986528511690841361496443212888905135343370131764532859048709965393,0.0,1785412809,0.725
748071,1785600000,64000.0,46581029682986528511690841361496443212888905135343370131764532859048709965393,0.0,1785412809,0.725
748071,1785600000,64000.0,46581029682986528511690841361496443212888905135343370131764532859048709965393,0.0,1785416410,0.755
748071,1785600000,64000.0,46581029682986528511690841361496443212888905135343370131764532859048709965393,0.0,1785416410,0.755
748071,1785600000,64000.0,46581029682986528511690841361496443212888905135343370131764532859048709965393,0.0,1785420012,0.775
748071,1785600000,64000.0,46581029682986528511690841361496443212888905135343370131764532859048709965393,0.0,1785420012,0.775
748071,1785600000,64000.0,46581029682986528511690841361496443212888905135343370131764532859048709965393,0.0,1785423613,0.695
748071,1785600000,64000.0,46581029682986528511690841361496443212888905135343370131764532859048709965393,0.0,1785423613,0.695
748071,1785600000,64000.0,46581029682986528511690841361496443212888905135343370131764532859048709965393,0.0,1785427211,0.715
748071,1785600000,64000.0,46581029682986528511690841361496443212888905135343370131764532859048709965393,0.0,1785427211,0.715
748071,1785600000,64000.0,46581029682986528511690841361496443212888905135343370131764532859048709965393,0.0,1785430812,0.745
748071,1785600000,64000.0,46581029682986528511690841361496443212888905135343370131764532859048709965393,0.0,1785430812,0.745
748071,1785600000,64000.0,46581029682986528511690841361496443212888905135343370131764532859048709965393,0.0,1785434413,0.765
748071,1785600000,64000.0,46581029682986528511690841361496443212888905135343370131764532859048709965393,0.0,1785434413,0.765
748071,1785600000,64000.0,46581029682986528511690841361496443212888905135343370131764532859048709965393,0.0,1785438011,0.725
748071,1785600000,64000.0,46581029682986528511690841361496443212888905135343370131764532859048709965393,0.0,1785438011,0.725
748071,1785600000,64000.0,46581029682986528511690841361496443212888905135343370131764532859048709965393,0.0,1785441610,0.755
748071,1785600000,64000.0,46581029682986528511690841361496443212888905135343370131764532859048709965393,0.0,1785441610,0.755
748071,1785600000,64000.0,46581029682986528511690841361496443212888905135343370131764532859048709965393,0.0,1785445210,0.755
748071,1785600000,64000.0,46581029682986528511690841361496443212888905135343370131764532859048709965393,0.0,1785445210,0.755
748071,1785600000,64000.0,46581029682986528511690841361496443212888905135343370131764532859048709965393,0.0,1785448808,0.745
748071,1785600000,64000.0,46581029682986528511690841361496443212888905135343370131764532859048709965393,0.0,1785448808,0.745
748071,1785600000,64000.0,46581029682986528511690841361496443212888905135343370131764532859048709965393,0.0,1785452410,0.775
748071,1785600000,64000.0,46581029682986528511690841361496443212888905135343370131764532859048709965393,0.0,1785452410,0.775
748071,1785600000,64000.0,46581029682986528511690841361496443212888905135343370131764532859048709965393,0.0,1785456023,0.755
748071,1785600000,64000.0,46581029682986528511690841361496443212888905135343370131764532859048709965393,0.0,1785456023,0.755
748071,1785600000,64000.0,46581029682986528511690841361496443212888905135343370131764532859048709965393,0.0,1785459609,0.745
748071,1785600000,64000.0,46581029682986528511690841361496443212888905135343370131764532859048709965393,0.0,1785459609,0.745
748071,1785600000,64000.0,46581029682986528511690841361496443212888905135343370131764532859048709965393,0.0,1785463209,0.695
748071,1785600000,64000.0,46581029682986528511690841361496443212888905135343370131764532859048709965393,0.0,1785463209,0.695
748071,1785600000,64000.0,46581029682986528511690841361496443212888905135343370131764532859048709965393,0.0,1785466812,0.6
748071,1785600000,64000.0,46581029682986528511690841361496443212888905135343370131764532859048709965393,0.0,1785466812,0.6
748071,1785600000,64000.0,46581029682986528511690841361496443212888905135343370131764532859048709965393,0.0,1785470411,0.63
748071,1785600000,64000.0,46581029682986528511690841361496443212888905135343370131764532859048709965393,0.0,1785470411,0.63
748071,1785600000,64000.0,46581029682986528511690841361496443212888905135343370131764532859048709965393,0.0,1785474013,0.615
748071,1785600000,64000.0,46581029682986528511690841361496443212888905135343370131764532859048709965393,0.0,1785474013,0.615
748071,1785600000,64000.0,46581029682986528511690841361496443212888905135343370131764532859048709965393,0.0,1785477609,0.62
748071,1785600000,64000.0,46581029682986528511690841361496443212888905135343370131764532859048709965393,0.0,1785477609,0.62
748071,1785600000,64000.0,46581029682986528511690841361496443212888905135343370131764532859048709965393,0.0,1785481210,0.575
748071,1785600000,64000.0,46581029682986528511690841361496443212888905135343370131764532859048709965393,0.0,1785481210,0.575
748071,1785600000,64000.0,46581029682986528511690841361496443212888905135343370131764532859048709965393,0.0,1785484811,0.485
748071,1785600000,64000.0,46581029682986528511690841361496443212888905135343370131764532859048709965393,0.0,1785484811,0.485
748071,1785600000,64000.0,46581029682986528511690841361496443212888905135343370131764532859048709965393,0.0,1785488412,0.455
748071,1785600000,64000.0,46581029682986528511690841361496443212888905135343370131764532859048709965393,0.0,1785488412,0.455
748071,1785600000,64000.0,46581029682986528511690841361496443212888905135343370131764532859048709965393,0.0,1785492011,0.395
748071,1785600000,64000.0,46581029682986528511690841361496443212888905135343370131764532859048709965393,0.0,1785492011,0.395
748071,1785600000,64000.0,46581029682986528511690841361496443212888905135343370131764532859048709965393,0.0,1785495616,0.475
748071,1785600000,64000.0,46581029682986528511690841361496443212888905135343370131764532859048709965393,0.0,1785495616,0.475
748071,1785600000,64000.0,46581029682986528511690841361496443212888905135343370131764532859048709965393,0.0,1785499211,0.425
748071,1785600000,64000.0,46581029682986528511690841361496443212888905135343370131764532859048709965393,0.0,1785499211,0.425
748071,1785600000,64000.0,46581029682986528511690841361496443212888905135343370131764532859048709965393,0.0,1785502812,0.395
748071,1785600000,64000.0,46581029682986528511690841361496443212888905135343370131764532859048709965393,0.0,1785502812,0.395
748071,1785600000,64000.0,46581029682986528511690841361496443212888905135343370131764532859048709965393,0.0,1785506410,0.235
748071,1785600000,64000.0,46581029682986528511690841361496443212888905135343370131764532859048709965393,0.0,1785506410,0.235
748071,1785600000,64000.0,46581029682986528511690841361496443212888905135343370131764532859048709965393,0.0,1785510027,0.11
748071,1785600000,64000.0,46581029682986528511690841361496443212888905135343370131764532859048709965393,0.0,1785510027,0.11
748071,1785600000,64000.0,46581029682986528511690841361496443212888905135343370131764532859048709965393,0.0,1785513611,0.095
748071,1785600000,64000.0,46581029682986528511690841361496443212888905135343370131764532859048709965393,0.0,1785513611,0.095
748071,1785600000,64000.0,46581029682986528511690841361496443212888905135343370131764532859048709965393,0.0,1785517212,0.095
748071,1785600000,64000.0,46581029682986528511690841361496443212888905135343370131764532859048709965393,0.0,1785517212,0.095
748071,1785600000,64000.0,46581029682986528511690841361496443212888905135343370131764532859048709965393,0.0,1785520813,0.165
748071,1785600000,64000.0,46581029682986528511690841361496443212888905135343370131764532859048709965393,0.0,1785520813,0.165
748071,1785600000,64000.0,46581029682986528511690841361496443212888905135343370131764532859048709965393,0.0,1785524428,0.085
748071,1785600000,64000.0,46581029682986528511690841361496443212888905135343370131764532859048709965393,0.0,1785524428,0.085
748071,1785600000,64000.0,46581029682986528511690841361496443212888905135343370131764532859048709965393,0.0,1785528020,0.065
748071,1785600000,64000.0,46581029682986528511690841361496443212888905135343370131764532859048709965393,0.0,1785528020,0.065
748071,1785600000,64000.0,46581029682986528511690841361496443212888905135343370131764532859048709965393,0.0,1785531613,0.045
748071,1785600000,64000.0,46581029682986528511690841361496443212888905135343370131764532859048709965393,0.0,1785531613,0.045
748071,1785600000,64000.0,46581029682986528511690841361496443212888905135343370131764532859048709965393,0.0,1785535213,0.045
748071,1785600000,64000.0,46581029682986528511690841361496443212888905135343370131764532859048709965393,0.0,1785535213,0.045
748071,1785600000,64000.0,46581029682986528511690841361496443212888905135343370131764532859048709965393,0.0,1785538811,0.0365
748071,1785600000,64000.0,46581029682986528511690841361496443212888905135343370131764532859048709965393,0.0,1785538811,0.0365
748071,1785600000,64000.0,46581029682986528511690841361496443212888905135343370131764532859048709965393,0.0,1785542414,0.023
748071,1785600000,64000.0,46581029682986528511690841361496443212888905135343370131764532859048709965393,0.0,1785542414,0.023
748071,1785600000,64000.0,46581029682986528511690841361496443212888905135343370131764532859048709965393,0.0,1785546010,0.0225
748071,1785600000,64000.0,46581029682986528511690841361496443212888905135343370131764532859048709965393,0.0,1785546010,0.0225
748071,1785600000,64000.0,46581029682986528511690841361496443212888905135343370131764532859048709965393,0.0,1785549609,0.0295
748071,1785600000,64000.0,46581029682986528511690841361496443212888905135343370131764532859048709965393,0.0,1785549609,0.0295
748071,1785600000,64000.0,46581029682986528511690841361496443212888905135343370131764532859048709965393,0.0,1785553211,0.0355
748071,1785600000,64000.0,46581029682986528511690841361496443212888905135343370131764532859048709965393,0.0,1785553211,0.0355
748071,1785600000,64000.0,46581029682986528511690841361496443212888905135343370131764532859048709965393,0.0,1785556811,0.031
748071,1785600000,64000.0,46581029682986528511690841361496443212888905135343370131764532859048709965393,0.0,1785556811,0.031
748071,1785600000,64000.0,46581029682986528511690841361496443212888905135343370131764532859048709965393,0.0,1785560415,0.0375
748071,1785600000,64000.0,46581029682986528511690841361496443212888905135343370131764532859048709965393,0.0,1785560415,0.0375
748071,1785600000,64000.0,46581029682986528511690841361496443212888905135343370131764532859048709965393,0.0,1785564027,0.032
748071,1785600000,64000.0,46581029682986528511690841361496443212888905135343370131764532859048709965393,0.0,1785564027,0.032
748071,1785600000,64000.0,46581029682986528511690841361496443212888905135343370131764532859048709965393,0.0,1785567610,0.027
748071,1785600000,64000.0,46581029682986528511690841361496443212888905135343370131764532859048709965393,0.0,1785567610,0.027
748071,1785600000,64000.0,46581029682986528511690841361496443212888905135343370131764532859048709965393,0.0,1785571211,0.032
748071,1785600000,64000.0,46581029682986528511690841361496443212888905135343370131764532859048709965393,0.0,1785571211,0.032
748071,1785600000,64000.0,46581029682986528511690841361496443212888905135343370131764532859048709965393,0.0,1785574814,0.0375
748071,1785600000,64000.0,46581029682986528511690841361496443212888905135343370131764532859048709965393,0.0,1785574814,0.0375
748071,1785600000,64000.0,46581029682986528511690841361496443212888905135343370131764532859048709965393,0.0,1785578411,0.0265
748071,1785600000,64000.0,46581029682986528511690841361496443212888905135343370131764532859048709965393,0.0,1785578411,0.0265
748071,1785600000,64000.0,46581029682986528511690841361496443212888905135343370131764532859048709965393,0.0,1785582042,0.0125
748071,1785600000,64000.0,46581029682986528511690841361496443212888905135343370131764532859048709965393,0.0,1785582042,0.0125
748071,1785600000,64000.0,46581029682986528511690841361496443212888905135343370131764532859048709965393,0.0,1785585613,0.0095
748071,1785600000,64000.0,46581029682986528511690841361496443212888905135343370131764532859048709965393,0.0,1785585613,0.0095
748071,1785600000,64000.0,46581029682986528511690841361496443212888905135343370131764532859048709965393,0.0,1785589208,0.0085
748071,1785600000,64000.0,46581029682986528511690841361496443212888905135343370131764532859048709965393,0.0,1785589208,0.0085
748071,1785600000,64000.0,46581029682986528511690841361496443212888905135343370131764532859048709965393,0.0,1785592808,0.0015
748071,1785600000,64000.0,46581029682986528511690841361496443212888905135343370131764532859048709965393,0.0,1785592808,0.0015
748071,1785600000,64000.0,46581029682986528511690841361496443212888905135343370131764532859048709965393,0.0,1785596409,0.0015
748071,1785600000,64000.0,46581029682986528511690841361496443212888905135343370131764532859048709965393,0.0,1785596409,0.0015
748071,1785600000,64000.0,46581029682986528511690841361496443212888905135343370131764532859048709965393,0.0,1785600011,0.0005
748071,1785600000,64000.0,46581029682986528511690841361496443212888905135343370131764532859048709965393,0.0,1785600011,0.0005
748071,1785600000,66000.0,52333854302809361917136953614672057637933342595440776679752743452909706340317,0.0,1784998854,0.5
748071,1785600000,66000.0,52333854302809361917136953614672057637933342595440776679752743452909706340317,0.0,1784998854,0.5
748071,1785600000,66000.0,52333854302809361917136953614672057637933342595440776679752743452909706340317,0.0,1785006031,0.5
748071,1785600000,66000.0,52333854302809361917136953614672057637933342595440776679752743452909706340317,0.0,1785006031,0.5
748071,1785600000,66000.0,52333854302809361917136953614672057637933342595440776679752743452909706340317,0.0,1785009642,0.5
748071,1785600000,66000.0,52333854302809361917136953614672057637933342595440776679752743452909706340317,0.0,1785009642,0.5
748071,1785600000,66000.0,52333854302809361917136953614672057637933342595440776679752743452909706340317,0.0,1785016838,0.37
748071,1785600000,66000.0,52333854302809361917136953614672057637933342595440776679752743452909706340317,0.0,1785016838,0.37
748071,1785600000,66000.0,52333854302809361917136953614672057637933342595440776679752743452909706340317,0.0,1785024046,0.305
748071,1785600000,66000.0,52333854302809361917136953614672057637933342595440776679752743452909706340317,0.0,1785024046,0.305
748071,1785600000,66000.0,52333854302809361917136953614672057637933342595440776679752743452909706340317,0.0,1785027620,0.32
748071,1785600000,66000.0,52333854302809361917136953614672057637933342595440776679752743452909706340317,0.0,1785027620,0.32
748071,1785600000,66000.0,52333854302809361917136953614672057637933342595440776679752743452909706340317,0.0,1785031227,0.31
748071,1785600000,66000.0,52333854302809361917136953614672057637933342595440776679752743452909706340317,0.0,1785031227,0.31
748071,1785600000,66000.0,52333854302809361917136953614672057637933342595440776679752743452909706340317,0.0,1785038440,0.32
748071,1785600000,66000.0,52333854302809361917136953614672057637933342595440776679752743452909706340317,0.0,1785038440,0.32
748071,1785600000,66000.0,52333854302809361917136953614672057637933342595440776679752743452909706340317,0.0,1785042033,0.315
748071,1785600000,66000.0,52333854302809361917136953614672057637933342595440776679752743452909706340317,0.0,1785042033,0.315
748071,1785600000,66000.0,52333854302809361917136953614672057637933342595440776679752743452909706340317,0.0,1785049257,0.3
748071,1785600000,66000.0,52333854302809361917136953614672057637933342595440776679752743452909706340317,0.0,1785049257,0.3
748071,1785600000,66000.0,52333854302809361917136953614672057637933342595440776679752743452909706340317,0.0,1785052824,0.295
748071,1785600000,66000.0,52333854302809361917136953614672057637933342595440776679752743452909706340317,0.0,1785052824,0.295
748071,1785600000,66000.0,52333854302809361917136953614672057637933342595440776679752743452909706340317,0.0,1785056436,0.305
748071,1785600000,66000.0,52333854302809361917136953614672057637933342595440776679752743452909706340317,0.0,1785056436,0.305
748071,1785600000,66000.0,52333854302809361917136953614672057637933342595440776679752743452909706340317,0.0,1785060037,0.31
748071,1785600000,66000.0,52333854302809361917136953614672057637933342595440776679752743452909706340317,0.0,1785060037,0.31
748071,1785600000,66000.0,52333854302809361917136953614672057637933342595440776679752743452909706340317,0.0,1785063618,0.31
748071,1785600000,66000.0,52333854302809361917136953614672057637933342595440776679752743452909706340317,0.0,1785063618,0.31
748071,1785600000,66000.0,52333854302809361917136953614672057637933342595440776679752743452909706340317,0.0,1785070820,0.295
748071,1785600000,66000.0,52333854302809361917136953614672057637933342595440776679752743452909706340317,0.0,1785070820,0.295
748071,1785600000,66000.0,52333854302809361917136953614672057637933342595440776679752743452909706340317,0.0,1785074441,0.305
748071,1785600000,66000.0,52333854302809361917136953614672057637933342595440776679752743452909706340317,0.0,1785074441,0.305
748071,1785600000,66000.0,52333854302809361917136953614672057637933342595440776679752743452909706340317,0.0,1785081633,0.345
748071,1785600000,66000.0,52333854302809361917136953614672057637933342595440776679752743452909706340317,0.0,1785081633,0.345
748071,1785600000,66000.0,52333854302809361917136953614672057637933342595440776679752743452909706340317,0.0,1785085257,0.345
748071,1785600000,66000.0,52333854302809361917136953614672057637933342595440776679752743452909706340317,0.0,1785085257,0.345
748071,1785600000,66000.0,52333854302809361917136953614672057637933342595440776679752743452909706340317,0.0,1785088854,0.345
748071,1785600000,66000.0,52333854302809361917136953614672057637933342595440776679752743452909706340317,0.0,1785088854,0.345
748071,1785600000,66000.0,52333854302809361917136953614672057637933342595440776679752743452909706340317,0.0,1785092445,0.345
748071,1785600000,66000.0,52333854302809361917136953614672057637933342595440776679752743452909706340317,0.0,1785092445,0.345
748071,1785600000,66000.0,52333854302809361917136953614672057637933342595440776679752743452909706340317,0.0,1785096055,0.345
748071,1785600000,66000.0,52333854302809361917136953614672057637933342595440776679752743452909706340317,0.0,1785096055,0.345
748071,1785600000,66000.0,52333854302809361917136953614672057637933342595440776679752743452909706340317,0.0,1785103223,0.395
748071,1785600000,66000.0,52333854302809361917136953614672057637933342595440776679752743452909706340317,0.0,1785103223,0.395
748071,1785600000,66000.0,52333854302809361917136953614672057637933342595440776679752743452909706340317,0.0,1785106835,0.42
748071,1785600000,66000.0,52333854302809361917136953614672057637933342595440776679752743452909706340317,0.0,1785106835,0.42
748071,1785600000,66000.0,52333854302809361917136953614672057637933342595440776679752743452909706340317,0.0,1785114029,0.38
748071,1785600000,66000.0,52333854302809361917136953614672057637933342595440776679752743452909706340317,0.0,1785114029,0.38
748071,1785600000,66000.0,52333854302809361917136953614672057637933342595440776679752743452909706340317,0.0,1785117619,0.39
748071,1785600000,66000.0,52333854302809361917136953614672057637933342595440776679752743452909706340317,0.0,1785117619,0.39
748071,1785600000,66000.0,52333854302809361917136953614672057637933342595440776679752743452909706340317,0.0,1785121259,0.385
748071,1785600000,66000.0,52333854302809361917136953614672057637933342595440776679752743452909706340317,0.0,1785121259,0.385
748071,1785600000,66000.0,52333854302809361917136953614672057637933342595440776679752743452909706340317,0.0,1785124844,0.405
748071,1785600000,66000.0,52333854302809361917136953614672057637933342595440776679752743452909706340317,0.0,1785124844,0.405
748071,1785600000,66000.0,52333854302809361917136953614672057637933342595440776679752743452909706340317,0.0,1785128431,0.405
748071,1785600000,66000.0,52333854302809361917136953614672057637933342595440776679752743452909706340317,0.0,1785128431,0.405
748071,1785600000,66000.0,52333854302809361917136953614672057637933342595440776679752743452909706340317,0.0,1785132055,0.425
748071,1785600000,66000.0,52333854302809361917136953614672057637933342595440776679752743452909706340317,0.0,1785132055,0.425
748071,1785600000,66000.0,52333854302809361917136953614672057637933342595440776679752743452909706340317,0.0,1785135639,0.42
748071,1785600000,66000.0,52333854302809361917136953614672057637933342595440776679752743452909706340317,0.0,1785135639,0.42
748071,1785600000,66000.0,52333854302809361917136953614672057637933342595440776679752743452909706340317,0.0,1785139235,0.4
748071,1785600000,66000.0,52333854302809361917136953614672057637933342595440776679752743452909706340317,0.0,1785139235,0.4
748071,1785600000,66000.0,52333854302809361917136953614672057637933342595440776679752743452909706340317,0.0,1785142841,0.38
748071,1785600000,66000.0,52333854302809361917136953614672057637933342595440776679752743452909706340317,0.0,1785142841,0.38
748071,1785600000,66000.0,52333854302809361917136953614672057637933342595440776679752743452909706340317,0.0,1785146437,0.395
748071,1785600000,66000.0,52333854302809361917136953614672057637933342595440776679752743452909706340317,0.0,1785146437,0.395
748071,1785600000,66000.0,52333854302809361917136953614672057637933342595440776679752743452909706340317,0.0,1785150026,0.405
748071,1785600000,66000.0,52333854302809361917136953614672057637933342595440776679752743452909706340317,0.0,1785150026,0.405
748071,1785600000,66000.0,52333854302809361917136953614672057637933342595440776679752743452909706340317,0.0,1785157237,0.37
748071,1785600000,66000.0,52333854302809361917136953614672057637933342595440776679752743452909706340317,0.0,1785157237,0.37
748071,1785600000,66000.0,52333854302809361917136953614672057637933342595440776679752743452909706340317,0.0,1785160832,0.385
748071,1785600000,66000.0,52333854302809361917136953614672057637933342595440776679752743452909706340317,0.0,1785160832,0.385
748071,1785600000,66000.0,52333854302809361917136953614672057637933342595440776679752743452909706340317,0.0,1785164451,0.325
748071,1785600000,66000.0,52333854302809361917136953614672057637933342595440776679752743452909706340317,0.0,1785164451,0.325
748071,1785600000,66000.0,52333854302809361917136953614672057637933342595440776679752743452909706340317,0.0,1785168034,0.295
748071,1785600000,66000.0,52333854302809361917136953614672057637933342595440776679752743452909706340317,0.0,1785168034,0.295
748071,1785600000,66000.0,52333854302809361917136953614672057637933342595440776679752743452909706340317,0.0,1785171645,0.345
748071,1785600000,66000.0,52333854302809361917136953614672057637933342595440776679752743452909706340317,0.0,1785171645,0.345
748071,1785600000,66000.0,52333854302809361917136953614672057637933342595440776679752743452909706340317,0.0,1785175244,0.355
748071,1785600000,66000.0,52333854302809361917136953614672057637933342595440776679752743452909706340317,0.0,1785175244,0.355
748071,1785600000,66000.0,52333854302809361917136953614672057637933342595440776679752743452909706340317,0.0,1785178842,0.345
748071,1785600000,66000.0,52333854302809361917136953614672057637933342595440776679752743452909706340317,0.0,1785178842,0.345
748071,1785600000,66000.0,52333854302809361917136953614672057637933342595440776679752743452909706340317,0.0,1785182443,0.35
748071,1785600000,66000.0,52333854302809361917136953614672057637933342595440776679752743452909706340317,0.0,1785182443,0.35
748071,1785600000,66000.0,52333854302809361917136953614672057637933342595440776679752743452909706340317,0.0,1785186043,0.345
748071,1785600000,66000.0,52333854302809361917136953614672057637933342595440776679752743452909706340317,0.0,1785186043,0.345
748071,1785600000,66000.0,52333854302809361917136953614672057637933342595440776679752743452909706340317,0.0,1785189634,0.315
748071,1785600000,66000.0,52333854302809361917136953614672057637933342595440776679752743452909706340317,0.0,1785189634,0.315
748071,1785600000,66000.0,52333854302809361917136953614672057637933342595440776679752743452909706340317,0.0,1785193243,0.2
748071,1785600000,66000.0,52333854302809361917136953614672057637933342595440776679752743452909706340317,0.0,1785193243,0.2
748071,1785600000,66000.0,52333854302809361917136953614672057637933342595440776679752743452909706340317,0.0,1785196853,0.185
748071,1785600000,66000.0,52333854302809361917136953614672057637933342595440776679752743452909706340317,0.0,1785196853,0.185
748071,1785600000,66000.0,52333854302809361917136953614672057637933342595440776679752743452909706340317,0.0,1785200423,0.17
748071,1785600000,66000.0,52333854302809361917136953614672057637933342595440776679752743452909706340317,0.0,1785200423,0.17
748071,1785600000,66000.0,52333854302809361917136953614672057637933342595440776679752743452909706340317,0.0,1785204024,0.16
748071,1785600000,66000.0,52333854302809361917136953614672057637933342595440776679752743452909706340317,0.0,1785204024,0.16
748071,1785600000,66000.0,52333854302809361917136953614672057637933342595440776679752743452909706340317,0.0,1785214858,0.16
748071,1785600000,66000.0,52333854302809361917136953614672057637933342595440776679752743452909706340317,0.0,1785214858,0.16
748071,1785600000,66000.0,52333854302809361917136953614672057637933342595440776679752743452909706340317,0.0,1785222052,0.18
748071,1785600000,66000.0,52333854302809361917136953614672057637933342595440776679752743452909706340317,0.0,1785222052,0.18
748071,1785600000,66000.0,52333854302809361917136953614672057637933342595440776679752743452909706340317,0.0,1785225639,0.15
748071,1785600000,66000.0,52333854302809361917136953614672057637933342595440776679752743452909706340317,0.0,1785225639,0.15
748071,1785600000,66000.0,52333854302809361917136953614672057637933342595440776679752743452909706340317,0.0,1785232848,0.145
748071,1785600000,66000.0,52333854302809361917136953614672057637933342595440776679752743452909706340317,0.0,1785232848,0.145
748071,1785600000,66000.0,52333854302809361917136953614672057637933342595440776679752743452909706340317,0.0,1785236452,0.135
748071,1785600000,66000.0,52333854302809361917136953614672057637933342595440776679752743452909706340317,0.0,1785236452,0.135
748071,1785600000,66000.0,52333854302809361917136953614672057637933342595440776679752743452909706340317,0.0,1785243646,0.14
748071,1785600000,66000.0,52333854302809361917136953614672057637933342595440776679752743452909706340317,0.0,1785243646,0.14
748071,1785600000,66000.0,52333854302809361917136953614672057637933342595440776679752743452909706340317,0.0,1785247243,0.125
748071,1785600000,66000.0,52333854302809361917136953614672057637933342595440776679752743452909706340317,0.0,1785247243,0.125
748071,1785600000,66000.0,52333854302809361917136953614672057637933342595440776679752743452909706340317,0.0,1785250859,0.14
748071,1785600000,66000.0,52333854302809361917136953614672057637933342595440776679752743452909706340317,0.0,1785250859,0.14
748071,1785600000,66000.0,52333854302809361917136953614672057637933342595440776679752743452909706340317,0.0,1785254448,0.165
748071,1785600000,66000.0,52333854302809361917136953614672057637933342595440776679752743452909706340317,0.0,1785254448,0.165
748071,1785600000,66000.0,52333854302809361917136953614672057637933342595440776679752743452909706340317,0.0,1785258043,0.2
748071,1785600000,66000.0,52333854302809361917136953614672057637933342595440776679752743452909706340317,0.0,1785258043,0.2
748071,1785600000,66000.0,52333854302809361917136953614672057637933342595440776679752743452909706340317,0.0,1785261653,0.16
748071,1785600000,66000.0,52333854302809361917136953614672057637933342595440776679752743452909706340317,0.0,1785261653,0.16
748071,1785600000,66000.0,52333854302809361917136953614672057637933342595440776679752743452909706340317,0.0,1785297656,0.165
748071,1785600000,66000.0,52333854302809361917136953614672057637933342595440776679752743452909706340317,0.0,1785297656,0.165
748071,1785600000,66000.0,52333854302809361917136953614672057637933342595440776679752743452909706340317,0.0,1785319249,0.275
748071,1785600000,66000.0,52333854302809361917136953614672057637933342595440776679752743452909706340317,0.0,1785319249,0.275
748071,1785600000,66000.0,52333854302809361917136953614672057637933342595440776679752743452909706340317,0.0,1785330053,0.21
748071,1785600000,66000.0,52333854302809361917136953614672057637933342595440776679752743452909706340317,0.0,1785330053,0.21
748071,1785600000,66000.0,52333854302809361917136953614672057637933342595440776679752743452909706340317,0.0,1785351616,0.22
748071,1785600000,66000.0,52333854302809361917136953614672057637933342595440776679752743452909706340317,0.0,1785351616,0.22
748071,1785600000,66000.0,52333854302809361917136953614672057637933342595440776679752743452909706340317,0.0,1785355212,0.125
748071,1785600000,66000.0,52333854302809361917136953614672057637933342595440776679752743452909706340317,0.0,1785355212,0.125
748071,1785600000,66000.0,52333854302809361917136953614672057637933342595440776679752743452909706340317,0.0,1785358818,0.105
748071,1785600000,66000.0,52333854302809361917136953614672057637933342595440776679752743452909706340317,0.0,1785358818,0.105
748071,1785600000,66000.0,52333854302809361917136953614672057637933342595440776679752743452909706340317,0.0,1785362413,0.13
748071,1785600000,66000.0,52333854302809361917136953614672057637933342595440776679752743452909706340317,0.0,1785362413,0.13
748071,1785600000,66000.0,52333854302809361917136953614672057637933342595440776679752743452909706340317,0.0,1785366013,0.145
748071,1785600000,66000.0,52333854302809361917136953614672057637933342595440776679752743452909706340317,0.0,1785366013,0.145
748071,1785600000,66000.0,52333854302809361917136953614672057637933342595440776679752743452909706340317,0.0,1785369626,0.135
748071,1785600000,66000.0,52333854302809361917136953614672057637933342595440776679752743452909706340317,0.0,1785369626,0.135
748071,1785600000,66000.0,52333854302809361917136953614672057637933342595440776679752743452909706340317,0.0,1785373215,0.11
748071,1785600000,66000.0,52333854302809361917136953614672057637933342595440776679752743452909706340317,0.0,1785373215,0.11
748071,1785600000,66000.0,52333854302809361917136953614672057637933342595440776679752743452909706340317,0.0,1785376812,0.175
748071,1785600000,66000.0,52333854302809361917136953614672057637933342595440776679752743452909706340317,0.0,1785376812,0.175
748071,1785600000,66000.0,52333854302809361917136953614672057637933342595440776679752743452909706340317,0.0,1785380416,0.165
748071,1785600000,66000.0,52333854302809361917136953614672057637933342595440776679752743452909706340317,0.0,1785380416,0.165
748071,1785600000,66000.0,52333854302809361917136953614672057637933342595440776679752743452909706340317,0.0,1785384011,0.145
748071,1785600000,66000.0,52333854302809361917136953614672057637933342595440776679752743452909706340317,0.0,1785384011,0.145
748071,1785600000,66000.0,52333854302809361917136953614672057637933342595440776679752743452909706340317,0.0,1785387610,0.125
748071,1785600000,66000.0,52333854302809361917136953614672057637933342595440776679752743452909706340317,0.0,1785387610,0.125
748071,1785600000,66000.0,52333854302809361917136953614672057637933342595440776679752743452909706340317,0.0,1785391212,0.135
748071,1785600000,66000.0,52333854302809361917136953614672057637933342595440776679752743452909706340317,0.0,1785391212,0.135
748071,1785600000,66000.0,52333854302809361917136953614672057637933342595440776679752743452909706340317,0.0,1785394810,0.125
748071,1785600000,66000.0,52333854302809361917136953614672057637933342595440776679752743452909706340317,0.0,1785394810,0.125
748071,1785600000,66000.0,52333854302809361917136953614672057637933342595440776679752743452909706340317,0.0,1785398411,0.115
748071,1785600000,66000.0,52333854302809361917136953614672057637933342595440776679752743452909706340317,0.0,1785398411,0.115
748071,1785600000,66000.0,52333854302809361917136953614672057637933342595440776679752743452909706340317,0.0,1785402011,0.12
748071,1785600000,66000.0,52333854302809361917136953614672057637933342595440776679752743452909706340317,0.0,1785402011,0.12
748071,1785600000,66000.0,52333854302809361917136953614672057637933342595440776679752743452909706340317,0.0,1785405611,0.16
748071,1785600000,66000.0,52333854302809361917136953614672057637933342595440776679752743452909706340317,0.0,1785405611,0.16
748071,1785600000,66000.0,52333854302809361917136953614672057637933342595440776679752743452909706340317,0.0,1785409210,0.145
748071,1785600000,66000.0,52333854302809361917136953614672057637933342595440776679752743452909706340317,0.0,1785409210,0.145
748071,1785600000,66000.0,52333854302809361917136953614672057637933342595440776679752743452909706340317,0.0,1785412810,0.195
748071,1785600000,66000.0,52333854302809361917136953614672057637933342595440776679752743452909706340317,0.0,1785412810,0.195
748071,1785600000,66000.0,52333854302809361917136953614672057637933342595440776679752743452909706340317,0.0,1785416411,0.23
748071,1785600000,66000.0,52333854302809361917136953614672057637933342595440776679752743452909706340317,0.0,1785416411,0.23
748071,1785600000,66000.0,52333854302809361917136953614672057637933342595440776679752743452909706340317,0.0,1785420012,0.25
748071,1785600000,66000.0,52333854302809361917136953614672057637933342595440776679752743452909706340317,0.0,1785420012,0.25
748071,1785600000,66000.0,52333854302809361917136953614672057637933342595440776679752743452909706340317,0.0,1785423614,0.17
748071,1785600000,66000.0,52333854302809361917136953614672057637933342595440776679752743452909706340317,0.0,1785423614,0.17
748071,1785600000,66000.0,52333854302809361917136953614672057637933342595440776679752743452909706340317,0.0,1785427212,0.175
748071,1785600000,66000.0,52333854302809361917136953614672057637933342595440776679752743452909706340317,0.0,1785427212,0.175
748071,1785600000,66000.0,52333854302809361917136953614672057637933342595440776679752743452909706340317,0.0,1785430813,0.175
748071,1785600000,66000.0,52333854302809361917136953614672057637933342595440776679752743452909706340317,0.0,1785430813,0.175
748071,1785600000,66000.0,52333854302809361917136953614672057637933342595440776679752743452909706340317,0.0,1785434414,0.195
748071,1785600000,66000.0,52333854302809361917136953614672057637933342595440776679752743452909706340317,0.0,1785434414,0.195
748071,1785600000,66000.0,52333854302809361917136953614672057637933342595440776679752743452909706340317,0.0,1785438012,0.175
748071,1785600000,66000.0,52333854302809361917136953614672057637933342595440776679752743452909706340317,0.0,1785438012,0.175
748071,1785600000,66000.0,52333854302809361917136953614672057637933342595440776679752743452909706340317,0.0,1785441611,0.175
748071,1785600000,66000.0,52333854302809361917136953614672057637933342595440776679752743452909706340317,0.0,1785441611,0.175
748071,1785600000,66000.0,52333854302809361917136953614672057637933342595440776679752743452909706340317,0.0,1785445211,0.175
748071,1785600000,66000.0,52333854302809361917136953614672057637933342595440776679752743452909706340317,0.0,1785445211,0.175
748071,1785600000,66000.0,52333854302809361917136953614672057637933342595440776679752743452909706340317,0.0,1785448809,0.165
748071,1785600000,66000.0,52333854302809361917136953614672057637933342595440776679752743452909706340317,0.0,1785448809,0.165
748071,1785600000,66000.0,52333854302809361917136953614672057637933342595440776679752743452909706340317,0.0,1785452410,0.16
748071,1785600000,66000.0,52333854302809361917136953614672057637933342595440776679752743452909706340317,0.0,1785452410,0.16
748071,1785600000,66000.0,52333854302809361917136953614672057637933342595440776679752743452909706340317,0.0,1785456024,0.145
748071,1785600000,66000.0,52333854302809361917136953614672057637933342595440776679752743452909706340317,0.0,1785456024,0.145
748071,1785600000,66000.0,52333854302809361917136953614672057637933342595440776679752743452909706340317,0.0,1785459610,0.135
748071,1785600000,66000.0,52333854302809361917136953614672057637933342595440776679752743452909706340317,0.0,1785459610,0.135
748071,1785600000,66000.0,52333854302809361917136953614672057637933342595440776679752743452909706340317,0.0,1785463210,0.115
748071,1785600000,66000.0,52333854302809361917136953614672057637933342595440776679752743452909706340317,0.0,1785463210,0.115
748071,1785600000,66000.0,52333854302809361917136953614672057637933342595440776679752743452909706340317,0.0,1785466813,0.075
748071,1785600000,66000.0,52333854302809361917136953614672057637933342595440776679752743452909706340317,0.0,1785466813,0.075
748071,1785600000,66000.0,52333854302809361917136953614672057637933342595440776679752743452909706340317,0.0,1785470411,0.065
748071,1785600000,66000.0,52333854302809361917136953614672057637933342595440776679752743452909706340317,0.0,1785470411,0.065
748071,1785600000,66000.0,52333854302809361917136953614672057637933342595440776679752743452909706340317,0.0,1785474014,0.065
748071,1785600000,66000.0,52333854302809361917136953614672057637933342595440776679752743452909706340317,0.0,1785474014,0.065
748071,1785600000,66000.0,52333854302809361917136953614672057637933342595440776679752743452909706340317,0.0,1785477610,0.07
748071,1785600000,66000.0,52333854302809361917136953614672057637933342595440776679752743452909706340317,0.0,1785477610,0.07
748071,1785600000,66000.0,52333854302809361917136953614672057637933342595440776679752743452909706340317,0.0,1785481211,0.075
748071,1785600000,66000.0,52333854302809361917136953614672057637933342595440776679752743452909706340317,0.0,1785481211,0.075
748071,1785600000,66000.0,52333854302809361917136953614672057637933342595440776679752743452909706340317,0.0,1785484812,0.0325
748071,1785600000,66000.0,52333854302809361917136953614672057637933342595440776679752743452909706340317,0.0,1785484812,0.0325
748071,1785600000,66000.0,52333854302809361917136953614672057637933342595440776679752743452909706340317,0.0,1785488414,0.025
748071,1785600000,66000.0,52333854302809361917136953614672057637933342595440776679752743452909706340317,0.0,1785488414,0.025
748071,1785600000,66000.0,52333854302809361917136953614672057637933342595440776679752743452909706340317,0.0,1785492012,0.022
748071,1785600000,66000.0,52333854302809361917136953614672057637933342595440776679752743452909706340317,0.0,1785492012,0.022
748071,1785600000,66000.0,52333854302809361917136953614672057637933342595440776679752743452909706340317,0.0,1785495616,0.03
748071,1785600000,66000.0,52333854302809361917136953614672057637933342595440776679752743452909706340317,0.0,1785495616,0.03
748071,1785600000,66000.0,52333854302809361917136953614672057637933342595440776679752743452909706340317,0.0,1785499213,0.026
748071,1785600000,66000.0,52333854302809361917136953614672057637933342595440776679752743452909706340317,0.0,1785499213,0.026
748071,1785600000,66000.0,52333854302809361917136953614672057637933342595440776679752743452909706340317,0.0,1785502812,0.0285
748071,1785600000,66000.0,52333854302809361917136953614672057637933342595440776679752743452909706340317,0.0,1785502812,0.0285
748071,1785600000,66000.0,52333854302809361917136953614672057637933342595440776679752743452909706340317,0.0,1785506411,0.022
748071,1785600000,66000.0,52333854302809361917136953614672057637933342595440776679752743452909706340317,0.0,1785506411,0.022
748071,1785600000,66000.0,52333854302809361917136953614672057637933342595440776679752743452909706340317,0.0,1785510028,0.017
748071,1785600000,66000.0,52333854302809361917136953614672057637933342595440776679752743452909706340317,0.0,1785510028,0.017
748071,1785600000,66000.0,52333854302809361917136953614672057637933342595440776679752743452909706340317,0.0,1785513612,0.0065
748071,1785600000,66000.0,52333854302809361917136953614672057637933342595440776679752743452909706340317,0.0,1785513612,0.0065
748071,1785600000,66000.0,52333854302809361917136953614672057637933342595440776679752743452909706340317,0.0,1785517213,0.008
748071,1785600000,66000.0,52333854302809361917136953614672057637933342595440776679752743452909706340317,0.0,1785517213,0.008
748071,1785600000,66000.0,52333854302809361917136953614672057637933342595440776679752743452909706340317,0.0,1785520814,0.0075
748071,1785600000,66000.0,52333854302809361917136953614672057637933342595440776679752743452909706340317,0.0,1785520814,0.0075
748071,1785600000,66000.0,52333854302809361917136953614672057637933342595440776679752743452909706340317,0.0,1785524429,0.0085
748071,1785600000,66000.0,52333854302809361917136953614672057637933342595440776679752743452909706340317,0.0,1785524429,0.0085
748071,1785600000,66000.0,52333854302809361917136953614672057637933342595440776679752743452909706340317,0.0,1785528022,0.008
748071,1785600000,66000.0,52333854302809361917136953614672057637933342595440776679752743452909706340317,0.0,1785528022,0.008
748071,1785600000,66000.0,52333854302809361917136953614672057637933342595440776679752743452909706340317,0.0,1785531614,0.0085
748071,1785600000,66000.0,52333854302809361917136953614672057637933342595440776679752743452909706340317,0.0,1785531614,0.0085
748071,1785600000,66000.0,52333854302809361917136953614672057637933342595440776679752743452909706340317,0.0,1785535214,0.0045
748071,1785600000,66000.0,52333854302809361917136953614672057637933342595440776679752743452909706340317,0.0,1785535214,0.0045
748071,1785600000,66000.0,52333854302809361917136953614672057637933342595440776679752743452909706340317,0.0,1785538812,0.0055
748071,1785600000,66000.0,52333854302809361917136953614672057637933342595440776679752743452909706340317,0.0,1785538812,0.0055
748071,1785600000,66000.0,52333854302809361917136953614672057637933342595440776679752743452909706340317,0.0,1785542415,0.0025
748071,1785600000,66000.0,52333854302809361917136953614672057637933342595440776679752743452909706340317,0.0,1785542415,0.0025
748071,1785600000,66000.0,52333854302809361917136953614672057637933342595440776679752743452909706340317,0.0,1785546010,0.0015
748071,1785600000,66000.0,52333854302809361917136953614672057637933342595440776679752743452909706340317,0.0,1785546010,0.0015
748071,1785600000,66000.0,52333854302809361917136953614672057637933342595440776679752743452909706340317,0.0,1785549609,0.0015
748071,1785600000,66000.0,52333854302809361917136953614672057637933342595440776679752743452909706340317,0.0,1785549609,0.0015
748071,1785600000,66000.0,52333854302809361917136953614672057637933342595440776679752743452909706340317,0.0,1785553212,0.0005
748071,1785600000,66000.0,52333854302809361917136953614672057637933342595440776679752743452909706340317,0.0,1785553212,0.0005
748071,1785600000,66000.0,52333854302809361917136953614672057637933342595440776679752743452909706340317,0.0,1785556812,0.0045
748071,1785600000,66000.0,52333854302809361917136953614672057637933342595440776679752743452909706340317,0.0,1785556812,0.0045
748071,1785600000,66000.0,52333854302809361917136953614672057637933342595440776679752743452909706340317,0.0,1785560415,0.0015
748071,1785600000,66000.0,52333854302809361917136953614672057637933342595440776679752743452909706340317,0.0,1785560415,0.0015
748071,1785600000,66000.0,52333854302809361917136953614672057637933342595440776679752743452909706340317,0.0,1785564028,0.0015
748071,1785600000,66000.0,52333854302809361917136953614672057637933342595440776679752743452909706340317,0.0,1785564028,0.0015
748071,1785600000,66000.0,52333854302809361917136953614672057637933342595440776679752743452909706340317,0.0,1785567611,0.0015
748071,1785600000,66000.0,52333854302809361917136953614672057637933342595440776679752743452909706340317,0.0,1785567611,0.0015
748071,1785600000,66000.0,52333854302809361917136953614672057637933342595440776679752743452909706340317,0.0,1785571212,0.0005
748071,1785600000,66000.0,52333854302809361917136953614672057637933342595440776679752743452909706340317,0.0,1785571212,0.0005
748071,1785600000,66000.0,52333854302809361917136953614672057637933342595440776679752743452909706340317,0.0,1785574815,0.0005
748071,1785600000,66000.0,52333854302809361917136953614672057637933342595440776679752743452909706340317,0.0,1785574815,0.0005
748071,1785600000,66000.0,52333854302809361917136953614672057637933342595440776679752743452909706340317,0.0,1785578412,0.0005
748071,1785600000,66000.0,52333854302809361917136953614672057637933342595440776679752743452909706340317,0.0,1785578412,0.0005
748071,1785600000,66000.0,52333854302809361917136953614672057637933342595440776679752743452909706340317,0.0,1785582042,0.0015
748071,1785600000,66000.0,52333854302809361917136953614672057637933342595440776679752743452909706340317,0.0,1785582042,0.0015
748071,1785600000,66000.0,52333854302809361917136953614672057637933342595440776679752743452909706340317,0.0,1785585614,0.0005
748071,1785600000,66000.0,52333854302809361917136953614672057637933342595440776679752743452909706340317,0.0,1785585614,0.0005
748071,1785600000,66000.0,52333854302809361917136953614672057637933342595440776679752743452909706340317,0.0,1785589209,0.0005
748071,1785600000,66000.0,52333854302809361917136953614672057637933342595440776679752743452909706340317,0.0,1785589209,0.0005
748071,1785600000,66000.0,52333854302809361917136953614672057637933342595440776679752743452909706340317,0.0,1785592809,0.0005
748071,1785600000,66000.0,52333854302809361917136953614672057637933342595440776679752743452909706340317,0.0,1785592809,0.0005
748071,1785600000,66000.0,52333854302809361917136953614672057637933342595440776679752743452909706340317,0.0,1785596411,0.0005
748071,1785600000,66000.0,52333854302809361917136953614672057637933342595440776679752743452909706340317,0.0,1785596411,0.0005
748071,1785600000,66000.0,52333854302809361917136953614672057637933342595440776679752743452909706340317,0.0,1785600012,0.0005
748071,1785600000,66000.0,52333854302809361917136953614672057637933342595440776679752743452909706340317,0.0,1785600012,0.0005
748071,1785600000,68000.0,20748433280737968159234554568732210655448858074018732427137079806148170070986,0.0,1784998805,0.24
748071,1785600000,68000.0,20748433280737968159234554568732210655448858074018732427137079806148170070986,0.0,1784998805,0.24
748071,1785600000,68000.0,20748433280737968159234554568732210655448858074018732427137079806148170070986,0.0,1785002407,0.24
748071,1785600000,68000.0,20748433280737968159234554568732210655448858074018732427137079806148170070986,0.0,1785002407,0.24
748071,1785600000,68000.0,20748433280737968159234554568732210655448858074018732427137079806148170070986,0.0,1785006006,0.24
748071,1785600000,68000.0,20748433280737968159234554568732210655448858074018732427137079806148170070986,0.0,1785006006,0.24
748071,1785600000,68000.0,20748433280737968159234554568732210655448858074018732427137079806148170070986,0.0,1785009606,0.24
748071,1785600000,68000.0,20748433280737968159234554568732210655448858074018732427137079806148170070986,0.0,1785009606,0.24
748071,1785600000,68000.0,20748433280737968159234554568732210655448858074018732427137079806148170070986,0.0,1785013219,0.24
748071,1785600000,68000.0,20748433280737968159234554568732210655448858074018732427137079806148170070986,0.0,1785013219,0.24
748071,1785600000,68000.0,20748433280737968159234554568732210655448858074018732427137079806148170070986,0.0,1785016805,0.24
748071,1785600000,68000.0,20748433280737968159234554568732210655448858074018732427137079806148170070986,0.0,1785016805,0.24
748071,1785600000,68000.0,20748433280737968159234554568732210655448858074018732427137079806148170070986,0.0,1785020422,0.24
748071,1785600000,68000.0,20748433280737968159234554568732210655448858074018732427137079806148170070986,0.0,1785020422,0.24
748071,1785600000,68000.0,20748433280737968159234554568732210655448858074018732427137079806148170070986,0.0,1785024006,0.12
748071,1785600000,68000.0,20748433280737968159234554568732210655448858074018732427137079806148170070986,0.0,1785024006,0.12
748071,1785600000,68000.0,20748433280737968159234554568732210655448858074018732427137079806148170070986,0.0,1785027606,0.125
748071,1785600000,68000.0,20748433280737968159234554568732210655448858074018732427137079806148170070986,0.0,1785027606,0.125
748071,1785600000,68000.0,20748433280737968159234554568732210655448858074018732427137079806148170070986,0.0,1785031205,0.12
748071,1785600000,68000.0,20748433280737968159234554568732210655448858074018732427137079806148170070986,0.0,1785031205,0.12
748071,1785600000,68000.0,20748433280737968159234554568732210655448858074018732427137079806148170070986,0.0,1785034805,0.12
748071,1785600000,68000.0,20748433280737968159234554568732210655448858074018732427137079806148170070986,0.0,1785034805,0.12
748071,1785600000,68000.0,20748433280737968159234554568732210655448858074018732427137079806148170070986,0.0,1785038404,0.12
748071,1785600000,68000.0,20748433280737968159234554568732210655448858074018732427137079806148170070986,0.0,1785038404,0.12
748071,1785600000,68000.0,20748433280737968159234554568732210655448858074018732427137079806148170070986,0.0,1785042005,0.115
748071,1785600000,68000.0,20748433280737968159234554568732210655448858074018732427137079806148170070986,0.0,1785042005,0.115
748071,1785600000,68000.0,20748433280737968159234554568732210655448858074018732427137079806148170070986,0.0,1785045605,0.13
748071,1785600000,68000.0,20748433280737968159234554568732210655448858074018732427137079806148170070986,0.0,1785045605,0.13
748071,1785600000,68000.0,20748433280737968159234554568732210655448858074018732427137079806148170070986,0.0,1785049224,0.12
748071,1785600000,68000.0,20748433280737968159234554568732210655448858074018732427137079806148170070986,0.0,1785049224,0.12
748071,1785600000,68000.0,20748433280737968159234554568732210655448858074018732427137079806148170070986,0.0,1785052807,0.115
748071,1785600000,68000.0,20748433280737968159234554568732210655448858074018732427137079806148170070986,0.0,1785052807,0.115
748071,1785600000,68000.0,20748433280737968159234554568732210655448858074018732427137079806148170070986,0.0,1785056406,0.12
748071,1785600000,68000.0,20748433280737968159234554568732210655448858074018732427137079806148170070986,0.0,1785056406,0.12
748071,1785600000,68000.0,20748433280737968159234554568732210655448858074018732427137079806148170070986,0.0,1785060005,0.115
748071,1785600000,68000.0,20748433280737968159234554568732210655448858074018732427137079806148170070986,0.0,1785060005,0.115
748071,1785600000,68000.0,20748433280737968159234554568732210655448858074018732427137079806148170070986,0.0,1785063606,0.115
748071,1785600000,68000.0,20748433280737968159234554568732210655448858074018732427137079806148170070986,0.0,1785063606,0.115
748071,1785600000,68000.0,20748433280737968159234554568732210655448858074018732427137079806148170070986,0.0,1785067205,0.115
748071,1785600000,68000.0,20748433280737968159234554568732210655448858074018732427137079806148170070986,0.0,1785067205,0.115
748071,1785600000,68000.0,20748433280737968159234554568732210655448858074018732427137079806148170070986,0.0,1785070805,0.115
748071,1785600000,68000.0,20748433280737968159234554568732210655448858074018732427137079806148170070986,0.0,1785070805,0.115
748071,1785600000,68000.0,20748433280737968159234554568732210655448858074018732427137079806148170070986,0.0,1785074404,0.115
748071,1785600000,68000.0,20748433280737968159234554568732210655448858074018732427137079806148170070986,0.0,1785074404,0.115
748071,1785600000,68000.0,20748433280737968159234554568732210655448858074018732427137079806148170070986,0.0,1785078022,0.125
748071,1785600000,68000.0,20748433280737968159234554568732210655448858074018732427137079806148170070986,0.0,1785078022,0.125
748071,1785600000,68000.0,20748433280737968159234554568732210655448858074018732427137079806148170070986,0.0,1785081605,0.135
748071,1785600000,68000.0,20748433280737968159234554568732210655448858074018732427137079806148170070986,0.0,1785081605,0.135
748071,1785600000,68000.0,20748433280737968159234554568732210655448858074018732427137079806148170070986,0.0,1785085205,0.14
748071,1785600000,68000.0,20748433280737968159234554568732210655448858074018732427137079806148170070986,0.0,1785085205,0.14
748071,1785600000,68000.0,20748433280737968159234554568732210655448858074018732427137079806148170070986,0.0,1785088805,0.135
748071,1785600000,68000.0,20748433280737968159234554568732210655448858074018732427137079806148170070986,0.0,1785088805,0.135
748071,1785600000,68000.0,20748433280737968159234554568732210655448858074018732427137079806148170070986,0.0,1785092406,0.135
748071,1785600000,68000.0,20748433280737968159234554568732210655448858074018732427137079806148170070986,0.0,1785092406,0.135
748071,1785600000,68000.0,20748433280737968159234554568732210655448858074018732427137079806148170070986,0.0,1785096020,0.135
748071,1785600000,68000.0,20748433280737968159234554568732210655448858074018732427137079806148170070986,0.0,1785096020,0.135
748071,1785600000,68000.0,20748433280737968159234554568732210655448858074018732427137079806148170070986,0.0,1785099624,0.135
748071,1785600000,68000.0,20748433280737968159234554568732210655448858074018732427137079806148170070986,0.0,1785099624,0.135
748071,1785600000,68000.0,20748433280737968159234554568732210655448858074018732427137079806148170070986,0.0,1785103206,0.145
748071,1785600000,68000.0,20748433280737968159234554568732210655448858074018732427137079806148170070986,0.0,1785103206,0.145
748071,1785600000,68000.0,20748433280737968159234554568732210655448858074018732427137079806148170070986,0.0,1785106806,0.18
748071,1785600000,68000.0,20748433280737968159234554568732210655448858074018732427137079806148170070986,0.0,1785106806,0.18
748071,1785600000,68000.0,20748433280737968159234554568732210655448858074018732427137079806148170070986,0.0,1785110405,0.185
748071,1785600000,68000.0,20748433280737968159234554568732210655448858074018732427137079806148170070986,0.0,1785110405,0.185
748071,1785600000,68000.0,20748433280737968159234554568732210655448858074018732427137079806148170070986,0.0,1785114006,0.155
748071,1785600000,68000.0,20748433280737968159234554568732210655448858074018732427137079806148170070986,0.0,1785114006,0.155
748071,1785600000,68000.0,20748433280737968159234554568732210655448858074018732427137079806148170070986,0.0,1785117605,0.16
748071,1785600000,68000.0,20748433280737968159234554568732210655448858074018732427137079806148170070986,0.0,1785117605,0.16
748071,1785600000,68000.0,20748433280737968159234554568732210655448858074018732427137079806148170070986,0.0,1785121205,0.155
748071,1785600000,68000.0,20748433280737968159234554568732210655448858074018732427137079806148170070986,0.0,1785121205,0.155
748071,1785600000,68000.0,20748433280737968159234554568732210655448858074018732427137079806148170070986,0.0,1785124806,0.165
748071,1785600000,68000.0,20748433280737968159234554568732210655448858074018732427137079806148170070986,0.0,1785124806,0.165
748071,1785600000,68000.0,20748433280737968159234554568732210655448858074018732427137079806148170070986,0.0,1785128405,0.165
748071,1785600000,68000.0,20748433280737968159234554568732210655448858074018732427137079806148170070986,0.0,1785128405,0.165
748071,1785600000,68000.0,20748433280737968159234554568732210655448858074018732427137079806148170070986,0.0,1785132006,0.175
748071,1785600000,68000.0,20748433280737968159234554568732210655448858074018732427137079806148170070986,0.0,1785132006,0.175
748071,1785600000,68000.0,20748433280737968159234554568732210655448858074018732427137079806148170070986,0.0,1785135604,0.17
748071,1785600000,68000.0,20748433280737968159234554568732210655448858074018732427137079806148170070986,0.0,1785135604,0.17
748071,1785600000,68000.0,20748433280737968159234554568732210655448858074018732427137079806148170070986,0.0,1785139205,0.165
748071,1785600000,68000.0,20748433280737968159234554568732210655448858074018732427137079806148170070986,0.0,1785139205,0.165
748071,1785600000,68000.0,20748433280737968159234554568732210655448858074018732427137079806148170070986,0.0,1785142804,0.15
748071,1785600000,68000.0,20748433280737968159234554568732210655448858074018732427137079806148170070986,0.0,1785142804,0.15
748071,1785600000,68000.0,20748433280737968159234554568732210655448858074018732427137079806148170070986,0.0,1785146405,0.16
748071,1785600000,68000.0,20748433280737968159234554568732210655448858074018732427137079806148170070986,0.0,1785146405,0.16
748071,1785600000,68000.0,20748433280737968159234554568732210655448858074018732427137079806148170070986,0.0,1785150006,0.165
748071,1785600000,68000.0,20748433280737968159234554568732210655448858074018732427137079806148170070986,0.0,1785150006,0.165
748071,1785600000,68000.0,20748433280737968159234554568732210655448858074018732427137079806148170070986,0.0,1785153604,0.145
748071,1785600000,68000.0,20748433280737968159234554568732210655448858074018732427137079806148170070986,0.0,1785153604,0.145
748071,1785600000,68000.0,20748433280737968159234554568732210655448858074018732427137079806148170070986,0.0,1785157205,0.145
748071,1785600000,68000.0,20748433280737968159234554568732210655448858074018732427137079806148170070986,0.0,1785157205,0.145
748071,1785600000,68000.0,20748433280737968159234554568732210655448858074018732427137079806148170070986,0.0,1785160805,0.155
748071,1785600000,68000.0,20748433280737968159234554568732210655448858074018732427137079806148170070986,0.0,1785160805,0.155
748071,1785600000,68000.0,20748433280737968159234554568732210655448858074018732427137079806148170070986,0.0,1785164405,0.13
748071,1785600000,68000.0,20748433280737968159234554568732210655448858074018732427137079806148170070986,0.0,1785164405,0.13
748071,1785600000,68000.0,20748433280737968159234554568732210655448858074018732427137079806148170070986,0.0,1785168004,0.105
748071,1785600000,68000.0,20748433280737968159234554568732210655448858074018732427137079806148170070986,0.0,1785168004,0.105
748071,1785600000,68000.0,20748433280737968159234554568732210655448858074018732427137079806148170070986,0.0,1785171604,0.12
748071,1785600000,68000.0,20748433280737968159234554568732210655448858074018732427137079806148170070986,0.0,1785171604,0.12
748071,1785600000,68000.0,20748433280737968159234554568732210655448858074018732427137079806148170070986,0.0,1785175206,0.135
748071,1785600000,68000.0,20748433280737968159234554568732210655448858074018732427137079806148170070986,0.0,1785175206,0.135
748071,1785600000,68000.0,20748433280737968159234554568732210655448858074018732427137079806148170070986,0.0,1785178819,0.125
748071,1785600000,68000.0,20748433280737968159234554568732210655448858074018732427137079806148170070986,0.0,1785178819,0.125
748071,1785600000,68000.0,20748433280737968159234554568732210655448858074018732427137079806148170070986,0.0,1785182419,0.13
748071,1785600000,68000.0,20748433280737968159234554568732210655448858074018732427137079806148170070986,0.0,1785182419,0.13
748071,1785600000,68000.0,20748433280737968159234554568732210655448858074018732427137079806148170070986,0.0,1785186005,0.125
748071,1785600000,68000.0,20748433280737968159234554568732210655448858074018732427137079806148170070986,0.0,1785186005,0.125
748071,1785600000,68000.0,20748433280737968159234554568732210655448858074018732427137079806148170070986,0.0,1785189606,0.11
748071,1785600000,68000.0,20748433280737968159234554568732210655448858074018732427137079806148170070986,0.0,1785189606,0.11
748071,1785600000,68000.0,20748433280737968159234554568732210655448858074018732427137079806148170070986,0.0,1785193207,0.075
748071,1785600000,68000.0,20748433280737968159234554568732210655448858074018732427137079806148170070986,0.0,1785193207,0.075
748071,1785600000,68000.0,20748433280737968159234554568732210655448858074018732427137079806148170070986,0.0,1785196807,0.065
748071,1785600000,68000.0,20748433280737968159234554568732210655448858074018732427137079806148170070986,0.0,1785196807,0.065
748071,1785600000,68000.0,20748433280737968159234554568732210655448858074018732427137079806148170070986,0.0,1785200406,0.065
748071,1785600000,68000.0,20748433280737968159234554568732210655448858074018732427137079806148170070986,0.0,1785200406,0.065
748071,1785600000,68000.0,20748433280737968159234554568732210655448858074018732427137079806148170070986,0.0,1785204006,0.055
748071,1785600000,68000.0,20748433280737968159234554568732210655448858074018732427137079806148170070986,0.0,1785204006,0.055
748071,1785600000,68000.0,20748433280737968159234554568732210655448858074018732427137079806148170070986,0.0,1785207607,0.055
748071,1785600000,68000.0,20748433280737968159234554568732210655448858074018732427137079806148170070986,0.0,1785207607,0.055
748071,1785600000,68000.0,20748433280737968159234554568732210655448858074018732427137079806148170070986,0.0,1785211207,0.05
748071,1785600000,68000.0,20748433280737968159234554568732210655448858074018732427137079806148170070986,0.0,1785211207,0.05
748071,1785600000,68000.0,20748433280737968159234554568732210655448858074018732427137079806148170070986,0.0,1785214805,0.05
748071,1785600000,68000.0,20748433280737968159234554568732210655448858074018732427137079806148170070986,0.0,1785214805,0.05
748071,1785600000,68000.0,20748433280737968159234554568732210655448858074018732427137079806148170070986,0.0,1785218407,0.05
748071,1785600000,68000.0,20748433280737968159234554568732210655448858074018732427137079806148170070986,0.0,1785218407,0.05
748071,1785600000,68000.0,20748433280737968159234554568732210655448858074018732427137079806148170070986,0.0,1785222007,0.055
748071,1785600000,68000.0,20748433280737968159234554568732210655448858074018732427137079806148170070986,0.0,1785222007,0.055
748071,1785600000,68000.0,20748433280737968159234554568732210655448858074018732427137079806148170070986,0.0,1785225608,0.05
748071,1785600000,68000.0,20748433280737968159234554568732210655448858074018732427137079806148170070986,0.0,1785225608,0.05
748071,1785600000,68000.0,20748433280737968159234554568732210655448858074018732427137079806148170070986,0.0,1785232805,0.04
748071,1785600000,68000.0,20748433280737968159234554568732210655448858074018732427137079806148170070986,0.0,1785232805,0.04
748071,1785600000,68000.0,20748433280737968159234554568732210655448858074018732427137079806148170070986,0.0,1785236419,0.0385
748071,1785600000,68000.0,20748433280737968159234554568732210655448858074018732427137079806148170070986,0.0,1785236419,0.0385
748071,1785600000,68000.0,20748433280737968159234554568732210655448858074018732427137079806148170070986,0.0,1785240021,0.036
748071,1785600000,68000.0,20748433280737968159234554568732210655448858074018732427137079806148170070986,0.0,1785240021,0.036
748071,1785600000,68000.0,20748433280737968159234554568732210655448858074018732427137079806148170070986,0.0,1785243605,0.0395
748071,1785600000,68000.0,20748433280737968159234554568732210655448858074018732427137079806148170070986,0.0,1785243605,0.0395
748071,1785600000,68000.0,20748433280737968159234554568732210655448858074018732427137079806148170070986,0.0,1785247205,0.0295
748071,1785600000,68000.0,20748433280737968159234554568732210655448858074018732427137079806148170070986,0.0,1785247205,0.0295
748071,1785600000,68000.0,20748433280737968159234554568732210655448858074018732427137079806148170070986,0.0,1785250807,0.0345
748071,1785600000,68000.0,20748433280737968159234554568732210655448858074018732427137079806148170070986,0.0,1785250807,0.0345
748071,1785600000,68000.0,20748433280737968159234554568732210655448858074018732427137079806148170070986,0.0,1785254407,0.036
748071,1785600000,68000.0,20748433280737968159234554568732210655448858074018732427137079806148170070986,0.0,1785254407,0.036
748071,1785600000,68000.0,20748433280737968159234554568732210655448858074018732427137079806148170070986,0.0,1785258012,0.052
748071,1785600000,68000.0,20748433280737968159234554568732210655448858074018732427137079806148170070986,0.0,1785258012,0.052
748071,1785600000,68000.0,20748433280737968159234554568732210655448858074018732427137079806148170070986,0.0,1785261614,0.0385
748071,1785600000,68000.0,20748433280737968159234554568732210655448858074018732427137079806148170070986,0.0,1785261614,0.0385
748071,1785600000,68000.0,20748433280737968159234554568732210655448858074018732427137079806148170070986,0.0,1785265229,0.0395
748071,1785600000,68000.0,20748433280737968159234554568732210655448858074018732427137079806148170070986,0.0,1785265229,0.0395
748071,1785600000,68000.0,20748433280737968159234554568732210655448858074018732427137079806148170070986,0.0,1785268817,0.0475
748071,1785600000,68000.0,20748433280737968159234554568732210655448858074018732427137079806148170070986,0.0,1785268817,0.0475
748071,1785600000,68000.0,20748433280737968159234554568732210655448858074018732427137079806148170070986,0.0,1785272420,0.0495
748071,1785600000,68000.0,20748433280737968159234554568732210655448858074018732427137079806148170070986,0.0,1785272420,0.0495
748071,1785600000,68000.0,20748433280737968159234554568732210655448858074018732427137079806148170070986,0.0,1785276016,0.0575
748071,1785600000,68000.0,20748433280737968159234554568732210655448858074018732427137079806148170070986,0.0,1785276016,0.0575
748071,1785600000,68000.0,20748433280737968159234554568732210655448858074018732427137079806148170070986,0.0,1785279621,0.0465
748071,1785600000,68000.0,20748433280737968159234554568732210655448858074018732427137079806148170070986,0.0,1785279621,0.0465
748071,1785600000,68000.0,20748433280737968159234554568732210655448858074018732427137079806148170070986,0.0,1785283236,0.0455
748071,1785600000,68000.0,20748433280737968159234554568732210655448858074018732427137079806148170070986,0.0,1785283236,0.0455
748071,1785600000,68000.0,20748433280737968159234554568732210655448858074018732427137079806148170070986,0.0,1785286813,0.046
748071,1785600000,68000.0,20748433280737968159234554568732210655448858074018732427137079806148170070986,0.0,1785286813,0.046
748071,1785600000,68000.0,20748433280737968159234554568732210655448858074018732427137079806148170070986,0.0,1785290417,0.0435
748071,1785600000,68000.0,20748433280737968159234554568732210655448858074018732427137079806148170070986,0.0,1785290417,0.0435
748071,1785600000,68000.0,20748433280737968159234554568732210655448858074018732427137079806148170070986,0.0,1785294019,0.0525
748071,1785600000,68000.0,20748433280737968159234554568732210655448858074018732427137079806148170070986,0.0,1785294019,0.0525
748071,1785600000,68000.0,20748433280737968159234554568732210655448858074018732427137079806148170070986,0.0,1785297616,0.045
748071,1785600000,68000.0,20748433280737968159234554568732210655448858074018732427137079806148170070986,0.0,1785297616,0.045
748071,1785600000,68000.0,20748433280737968159234554568732210655448858074018732427137079806148170070986,0.0,1785301219,0.043
748071,1785600000,68000.0,20748433280737968159234554568732210655448858074018732427137079806148170070986,0.0,1785301219,0.043
748071,1785600000,68000.0,20748433280737968159234554568732210655448858074018732427137079806148170070986,0.0,1785304822,0.044
748071,1785600000,68000.0,20748433280737968159234554568732210655448858074018732427137079806148170070986,0.0,1785304822,0.044
748071,1785600000,68000.0,20748433280737968159234554568732210655448858074018732427137079806148170070986,0.0,1785308418,0.057
748071,1785600000,68000.0,20748433280737968159234554568732210655448858074018732427137079806148170070986,0.0,1785308418,0.057
748071,1785600000,68000.0,20748433280737968159234554568732210655448858074018732427137079806148170070986,0.0,1785312016,0.06
748071,1785600000,68000.0,20748433280737968159234554568732210655448858074018732427137079806148170070986,0.0,1785312016,0.06
748071,1785600000,68000.0,20748433280737968159234554568732210655448858074018732427137079806148170070986,0.0,1785315615,0.0555
748071,1785600000,68000.0,20748433280737968159234554568732210655448858074018732427137079806148170070986,0.0,1785315615,0.0555
748071,1785600000,68000.0,20748433280737968159234554568732210655448858074018732427137079806148170070986,0.0,1785319214,0.0645
748071,1785600000,68000.0,20748433280737968159234554568732210655448858074018732427137079806148170070986,0.0,1785319214,0.0645
748071,1785600000,68000.0,20748433280737968159234554568732210655448858074018732427137079806148170070986,0.0,1785322817,0.0525
748071,1785600000,68000.0,20748433280737968159234554568732210655448858074018732427137079806148170070986,0.0,1785322817,0.0525
748071,1785600000,68000.0,20748433280737968159234554568732210655448858074018732427137079806148170070986,0.0,1785326417,0.0515
748071,1785600000,68000.0,20748433280737968159234554568732210655448858074018732427137079806148170070986,0.0,1785326417,0.0515
748071,1785600000,68000.0,20748433280737968159234554568732210655448858074018732427137079806148170070986,0.0,1785330015,0.046
748071,1785600000,68000.0,20748433280737968159234554568732210655448858074018732427137079806148170070986,0.0,1785330015,0.046
748071,1785600000,68000.0,20748433280737968159234554568732210655448858074018732427137079806148170070986,0.0,1785333616,0.067
748071,1785600000,68000.0,20748433280737968159234554568732210655448858074018732427137079806148170070986,0.0,1785333616,0.067
748071,1785600000,68000.0,20748433280737968159234554568732210655448858074018732427137079806148170070986,0.0,1785337216,0.0485
748071,1785600000,68000.0,20748433280737968159234554568732210655448858074018732427137079806148170070986,0.0,1785337216,0.0485
748071,1785600000,68000.0,20748433280737968159234554568732210655448858074018732427137079806148170070986,0.0,1785340823,0.038
748071,1785600000,68000.0,20748433280737968159234554568732210655448858074018732427137079806148170070986,0.0,1785340823,0.038
748071,1785600000,68000.0,20748433280737968159234554568732210655448858074018732427137079806148170070986,0.0,1785344413,0.036
748071,1785600000,68000.0,20748433280737968159234554568732210655448858074018732427137079806148170070986,0.0,1785344413,0.036
748071,1785600000,68000.0,20748433280737968159234554568732210655448858074018732427137079806148170070986,0.0,1785348034,0.054
748071,1785600000,68000.0,20748433280737968159234554568732210655448858074018732427137079806148170070986,0.0,1785348034,0.054
748071,1785600000,68000.0,20748433280737968159234554568732210655448858074018732427137079806148170070986,0.0,1785351612,0.0485
748071,1785600000,68000.0,20748433280737968159234554568732210655448858074018732427137079806148170070986,0.0,1785351612,0.0485
748071,1785600000,68000.0,20748433280737968159234554568732210655448858074018732427137079806148170070986,0.0,1785355208,0.034
748071,1785600000,68000.0,20748433280737968159234554568732210655448858074018732427137079806148170070986,0.0,1785355208,0.034
748071,1785600000,68000.0,20748433280737968159234554568732210655448858074018732427137079806148170070986,0.0,1785358808,0.01
748071,1785600000,68000.0,20748433280737968159234554568732210655448858074018732427137079806148170070986,0.0,1785358808,0.01
748071,1785600000,68000.0,20748433280737968159234554568732210655448858074018732427137079806148170070986,0.0,1785362409,0.0105
748071,1785600000,68000.0,20748433280737968159234554568732210655448858074018732427137079806148170070986,0.0,1785362409,0.0105
748071,1785600000,68000.0,20748433280737968159234554568732210655448858074018732427137079806148170070986,0.0,1785366010,0.0105
748071,1785600000,68000.0,20748433280737968159234554568732210655448858074018732427137079806148170070986,0.0,1785366010,0.0105
748071,1785600000,68000.0,20748433280737968159234554568732210655448858074018732427137079806148170070986,0.0,1785369622,0.0085
748071,1785600000,68000.0,20748433280737968159234554568732210655448858074018732427137079806148170070986,0.0,1785369622,0.0085
748071,1785600000,68000.0,20748433280737968159234554568732210655448858074018732427137079806148170070986,0.0,1785373212,0.0085
748071,1785600000,68000.0,20748433280737968159234554568732210655448858074018732427137079806148170070986,0.0,1785373212,0.0085
748071,1785600000,68000.0,20748433280737968159234554568732210655448858074018732427137079806148170070986,0.0,1785376810,0.0185
748071,1785600000,68000.0,20748433280737968159234554568732210655448858074018732427137079806148170070986,0.0,1785376810,0.0185
748071,1785600000,68000.0,20748433280737968159234554568732210655448858074018732427137079806148170070986,0.0,1785380408,0.017
748071,1785600000,68000.0,20748433280737968159234554568732210655448858074018732427137079806148170070986,0.0,1785380408,0.017
748071,1785600000,68000.0,20748433280737968159234554568732210655448858074018732427137079806148170070986,0.0,1785384008,0.016
748071,1785600000,68000.0,20748433280737968159234554568732210655448858074018732427137079806148170070986,0.0,1785384008,0.016
748071,1785600000,68000.0,20748433280737968159234554568732210655448858074018732427137079806148170070986,0.0,1785387607,0.013
748071,1785600000,68000.0,20748433280737968159234554568732210655448858074018732427137079806148170070986,0.0,1785387607,0.013
748071,1785600000,68000.0,20748433280737968159234554568732210655448858074018732427137079806148170070986,0.0,1785391209,0.019
748071,1785600000,68000.0,20748433280737968159234554568732210655448858074018732427137079806148170070986,0.0,1785391209,0.019
748071,1785600000,68000.0,20748433280737968159234554568732210655448858074018732427137079806148170070986,0.0,1785394807,0.012
748071,1785600000,68000.0,20748433280737968159234554568732210655448858074018732427137079806148170070986,0.0,1785394807,0.012
748071,1785600000,68000.0,20748433280737968159234554568732210655448858074018732427137079806148170070986,0.0,1785398408,0.016
748071,1785600000,68000.0,20748433280737968159234554568732210655448858074018732427137079806148170070986,0.0,1785398408,0.016
748071,1785600000,68000.0,20748433280737968159234554568732210655448858074018732427137079806148170070986,0.0,1785402008,0.0175
748071,1785600000,68000.0,20748433280737968159234554568732210655448858074018732427137079806148170070986,0.0,1785402008,0.0175
748071,1785600000,68000.0,20748433280737968159234554568732210655448858074018732427137079806148170070986,0.0,1785405608,0.0135
748071,1785600000,68000.0,20748433280737968159234554568732210655448858074018732427137079806148170070986,0.0,1785405608,0.0135
748071,1785600000,68000.0,20748433280737968159234554568732210655448858074018732427137079806148170070986,0.0,1785409207,0.0085
748071,1785600000,68000.0,20748433280737968159234554568732210655448858074018732427137079806148170070986,0.0,1785409207,0.0085
748071,1785600000,68000.0,20748433280737968159234554568732210655448858074018732427137079806148170070986,0.0,1785412807,0.0095
748071,1785600000,68000.0,20748433280737968159234554568732210655448858074018732427137079806148170070986,0.0,1785412807,0.0095
748071,1785600000,68000.0,20748433280737968159234554568732210655448858074018732427137079806148170070986,0.0,1785416409,0.0115
748071,1785600000,68000.0,20748433280737968159234554568732210655448858074018732427137079806148170070986,0.0,1785416409,0.0115
748071,1785600000,68000.0,20748433280737968159234554568732210655448858074018732427137079806148170070986,0.0,1785420010,0.014
748071,1785600000,68000.0,20748433280737968159234554568732210655448858074018732427137079806148170070986,0.0,1785420010,0.014
748071,1785600000,68000.0,20748433280737968159234554568732210655448858074018732427137079806148170070986,0.0,1785423610,0.0075
748071,1785600000,68000.0,20748433280737968159234554568732210655448858074018732427137079806148170070986,0.0,1785423610,0.0075
748071,1785600000,68000.0,20748433280737968159234554568732210655448858074018732427137079806148170070986,0.0,1785427209,0.0085
748071,1785600000,68000.0,20748433280737968159234554568732210655448858074018732427137079806148170070986,0.0,1785427209,0.0085
748071,1785600000,68000.0,20748433280737968159234554568732210655448858074018732427137079806148170070986,0.0,1785430810,0.0105
748071,1785600000,68000.0,20748433280737968159234554568732210655448858074018732427137079806148170070986,0.0,1785430810,0.0105
748071,1785600000,68000.0,20748433280737968159234554568732210655448858074018732427137079806148170070986,0.0,1785434411,0.02
748071,1785600000,68000.0,20748433280737968159234554568732210655448858074018732427137079806148170070986,0.0,1785434411,0.02
748071,1785600000,68000.0,20748433280737968159234554568732210655448858074018732427137079806148170070986,0.0,1785438009,0.0195
748071,1785600000,68000.0,20748433280737968159234554568732210655448858074018732427137079806148170070986,0.0,1785438009,0.0195
748071,1785600000,68000.0,20748433280737968159234554568732210655448858074018732427137079806148170070986,0.0,1785441608,0.021
748071,1785600000,68000.0,20748433280737968159234554568732210655448858074018732427137079806148170070986,0.0,1785441608,0.021
748071,1785600000,68000.0,20748433280737968159234554568732210655448858074018732427137079806148170070986,0.0,1785445207,0.0195
748071,1785600000,68000.0,20748433280737968159234554568732210655448858074018732427137079806148170070986,0.0,1785445207,0.0195
748071,1785600000,68000.0,20748433280737968159234554568732210655448858074018732427137079806148170070986,0.0,1785448806,0.0205
748071,1785600000,68000.0,20748433280737968159234554568732210655448858074018732427137079806148170070986,0.0,1785448806,0.0205
748071,1785600000,68000.0,20748433280737968159234554568732210655448858074018732427137079806148170070986,0.0,1785452408,0.0205
748071,1785600000,68000.0,20748433280737968159234554568732210655448858074018732427137079806148170070986,0.0,1785452408,0.0205
748071,1785600000,68000.0,20748433280737968159234554568732210655448858074018732427137079806148170070986,0.0,1785456020,0.021
748071,1785600000,68000.0,20748433280737968159234554568732210655448858074018732427137079806148170070986,0.0,1785456020,0.021
748071,1785600000,68000.0,20748433280737968159234554568732210655448858074018732427137079806148170070986,0.0,1785459607,0.0195
748071,1785600000,68000.0,20748433280737968159234554568732210655448858074018732427137079806148170070986,0.0,1785459607,0.0195
748071,1785600000,68000.0,20748433280737968159234554568732210655448858074018732427137079806148170070986,0.0,1785463207,0.015
748071,1785600000,68000.0,20748433280737968159234554568732210655448858074018732427137079806148170070986,0.0,1785463207,0.015
748071,1785600000,68000.0,20748433280737968159234554568732210655448858074018732427137079806148170070986,0.0,1785466809,0.0105
748071,1785600000,68000.0,20748433280737968159234554568732210655448858074018732427137079806148170070986,0.0,1785466809,0.0105
748071,1785600000,68000.0,20748433280737968159234554568732210655448858074018732427137079806148170070986,0.0,1785470409,0.0115
748071,1785600000,68000.0,20748433280737968159234554568732210655448858074018732427137079806148170070986,0.0,1785470409,0.0115
748071,1785600000,68000.0,20748433280737968159234554568732210655448858074018732427137079806148170070986,0.0,1785474011,0.0075
748071,1785600000,68000.0,20748433280737968159234554568732210655448858074018732427137079806148170070986,0.0,1785474011,0.0075
748071,1785600000,68000.0,20748433280737968159234554568732210655448858074018732427137079806148170070986,0.0,1785477607,0.0075
748071,1785600000,68000.0,20748433280737968159234554568732210655448858074018732427137079806148170070986,0.0,1785477607,0.0075
748071,1785600000,68000.0,20748433280737968159234554568732210655448858074018732427137079806148170070986,0.0,1785481208,0.0075
748071,1785600000,68000.0,20748433280737968159234554568732210655448858074018732427137079806148170070986,0.0,1785481208,0.0075
748071,1785600000,68000.0,20748433280737968159234554568732210655448858074018732427137079806148170070986,0.0,1785484809,0.007
748071,1785600000,68000.0,20748433280737968159234554568732210655448858074018732427137079806148170070986,0.0,1785484809,0.007
748071,1785600000,68000.0,20748433280737968159234554568732210655448858074018732427137079806148170070986,0.0,1785488409,0.0065
748071,1785600000,68000.0,20748433280737968159234554568732210655448858074018732427137079806148170070986,0.0,1785488409,0.0065
748071,1785600000,68000.0,20748433280737968159234554568732210655448858074018732427137079806148170070986,0.0,1785492009,0.0075
748071,1785600000,68000.0,20748433280737968159234554568732210655448858074018732427137079806148170070986,0.0,1785492009,0.0075
748071,1785600000,68000.0,20748433280737968159234554568732210655448858074018732427137079806148170070986,0.0,1785495613,0.007
748071,1785600000,68000.0,20748433280737968159234554568732210655448858074018732427137079806148170070986,0.0,1785495613,0.007
748071,1785600000,68000.0,20748433280737968159234554568732210655448858074018732427137079806148170070986,0.0,1785499209,0.005
748071,1785600000,68000.0,20748433280737968159234554568732210655448858074018732427137079806148170070986,0.0,1785499209,0.005
748071,1785600000,68000.0,20748433280737968159234554568732210655448858074018732427137079806148170070986,0.0,1785502810,0.0045
748071,1785600000,68000.0,20748433280737968159234554568732210655448858074018732427137079806148170070986,0.0,1785502810,0.0045
748071,1785600000,68000.0,20748433280737968159234554568732210655448858074018732427137079806148170070986,0.0,1785506408,0.004
748071,1785600000,68000.0,20748433280737968159234554568732210655448858074018732427137079806148170070986,0.0,1785506408,0.004
748071,1785600000,68000.0,20748433280737968159234554568732210655448858074018732427137079806148170070986,0.0,1785510024,0.0015
748071,1785600000,68000.0,20748433280737968159234554568732210655448858074018732427137079806148170070986,0.0,1785510024,0.0015
748071,1785600000,68000.0,20748433280737968159234554568732210655448858074018732427137079806148170070986,0.0,1785513609,0.0015
748071,1785600000,68000.0,20748433280737968159234554568732210655448858074018732427137079806148170070986,0.0,1785513609,0.0015
748071,1785600000,68000.0,20748433280737968159234554568732210655448858074018732427137079806148170070986,0.0,1785517210,0.0005
748071,1785600000,68000.0,20748433280737968159234554568732210655448858074018732427137079806148170070986,0.0,1785517210,0.0005
748071,1785600000,68000.0,20748433280737968159234554568732210655448858074018732427137079806148170070986,0.0,1785520811,0.003
748071,1785600000,68000.0,20748433280737968159234554568732210655448858074018732427137079806148170070986,0.0,1785520811,0.003
748071,1785600000,68000.0,20748433280737968159234554568732210655448858074018732427137079806148170070986,0.0,1785524426,0.0015
748071,1785600000,68000.0,20748433280737968159234554568732210655448858074018732427137079806148170070986,0.0,1785524426,0.0015
748071,1785600000,68000.0,20748433280737968159234554568732210655448858074018732427137079806148170070986,0.0,1785528018,0.0015
748071,1785600000,68000.0,20748433280737968159234554568732210655448858074018732427137079806148170070986,0.0,1785528018,0.0015
748071,1785600000,68000.0,20748433280737968159234554568732210655448858074018732427137079806148170070986,0.0,1785531609,0.0005
748071,1785600000,68000.0,20748433280737968159234554568732210655448858074018732427137079806148170070986,0.0,1785531609,0.0005
748071,1785600000,68000.0,20748433280737968159234554568732210655448858074018732427137079806148170070986,0.0,1785535209,0.0005
748071,1785600000,68000.0,20748433280737968159234554568732210655448858074018732427137079806148170070986,0.0,1785535209,0.0005
748071,1785600000,68000.0,20748433280737968159234554568732210655448858074018732427137079806148170070986,0.0,1785538809,0.0005
748071,1785600000,68000.0,20748433280737968159234554568732210655448858074018732427137079806148170070986,0.0,1785538809,0.0005
748071,1785600000,68000.0,20748433280737968159234554568732210655448858074018732427137079806148170070986,0.0,1785542412,0.0005
748071,1785600000,68000.0,20748433280737968159234554568732210655448858074018732427137079806148170070986,0.0,1785542412,0.0005
748071,1785600000,68000.0,20748433280737968159234554568732210655448858074018732427137079806148170070986,0.0,1785546008,0.0005
748071,1785600000,68000.0,20748433280737968159234554568732210655448858074018732427137079806148170070986,0.0,1785546008,0.0005
748071,1785600000,68000.0,20748433280737968159234554568732210655448858074018732427137079806148170070986,0.0,1785549607,0.0005
748071,1785600000,68000.0,20748433280737968159234554568732210655448858074018732427137079806148170070986,0.0,1785549607,0.0005
748071,1785600000,68000.0,20748433280737968159234554568732210655448858074018732427137079806148170070986,0.0,1785553208,0.0005
748071,1785600000,68000.0,20748433280737968159234554568732210655448858074018732427137079806148170070986,0.0,1785553208,0.0005
748071,1785600000,68000.0,20748433280737968159234554568732210655448858074018732427137079806148170070986,0.0,1785556809,0.0005
748071,1785600000,68000.0,20748433280737968159234554568732210655448858074018732427137079806148170070986,0.0,1785556809,0.0005
748071,1785600000,68000.0,20748433280737968159234554568732210655448858074018732427137079806148170070986,0.0,1785560412,0.0005
748071,1785600000,68000.0,20748433280737968159234554568732210655448858074018732427137079806148170070986,0.0,1785560412,0.0005
748071,1785600000,68000.0,20748433280737968159234554568732210655448858074018732427137079806148170070986,0.0,1785564025,0.0005
748071,1785600000,68000.0,20748433280737968159234554568732210655448858074018732427137079806148170070986,0.0,1785564025,0.0005
748071,1785600000,68000.0,20748433280737968159234554568732210655448858074018732427137079806148170070986,0.0,1785567609,0.0005
748071,1785600000,68000.0,20748433280737968159234554568732210655448858074018732427137079806148170070986,0.0,1785567609,0.0005
748071,1785600000,68000.0,20748433280737968159234554568732210655448858074018732427137079806148170070986,0.0,1785571209,0.0005
748071,1785600000,68000.0,20748433280737968159234554568732210655448858074018732427137079806148170070986,0.0,1785571209,0.0005
748071,1785600000,68000.0,20748433280737968159234554568732210655448858074018732427137079806148170070986,0.0,1785574812,0.0005
748071,1785600000,68000.0,20748433280737968159234554568732210655448858074018732427137079806148170070986,0.0,1785574812,0.0005
748071,1785600000,68000.0,20748433280737968159234554568732210655448858074018732427137079806148170070986,0.0,1785578409,0.0005
748071,1785600000,68000.0,20748433280737968159234554568732210655448858074018732427137079806148170070986,0.0,1785578409,0.0005
748071,1785600000,68000.0,20748433280737968159234554568732210655448858074018732427137079806148170070986,0.0,1785582040,0.0005
748071,1785600000,68000.0,20748433280737968159234554568732210655448858074018732427137079806148170070986,0.0,1785582040,0.0005
748071,1785600000,68000.0,20748433280737968159234554568732210655448858074018732427137079806148170070986,0.0,1785585611,0.0005
748071,1785600000,68000.0,20748433280737968159234554568732210655448858074018732427137079806148170070986,0.0,1785585611,0.0005
748071,1785600000,68000.0,20748433280737968159234554568732210655448858074018732427137079806148170070986,0.0,1785589206,0.0005
748071,1785600000,68000.0,20748433280737968159234554568732210655448858074018732427137079806148170070986,0.0,1785589206,0.0005
748071,1785600000,68000.0,20748433280737968159234554568732210655448858074018732427137079806148170070986,0.0,1785592807,0.0005
748071,1785600000,68000.0,20748433280737968159234554568732210655448858074018732427137079806148170070986,0.0,1785592807,0.0005
748071,1785600000,68000.0,20748433280737968159234554568732210655448858074018732427137079806148170070986,0.0,1785596407,0.0005
748071,1785600000,68000.0,20748433280737968159234554568732210655448858074018732427137079806148170070986,0.0,1785596407,0.0005
748071,1785600000,68000.0,20748433280737968159234554568732210655448858074018732427137079806148170070986,0.0,1785600009,0.0005
748071,1785600000,68000.0,20748433280737968159234554568732210655448858074018732427137079806148170070986,0.0,1785600009,0.0005
748071,1785600000,70000.0,37688396075034860858248933765578550002490652299334997593872084362158946658037,0.0,1784998811,0.24
748071,1785600000,70000.0,37688396075034860858248933765578550002490652299334997593872084362158946658037,0.0,1784998811,0.24
748071,1785600000,70000.0,37688396075034860858248933765578550002490652299334997593872084362158946658037,0.0,1785002411,0.24
748071,1785600000,70000.0,37688396075034860858248933765578550002490652299334997593872084362158946658037,0.0,1785002411,0.24
748071,1785600000,70000.0,37688396075034860858248933765578550002490652299334997593872084362158946658037,0.0,1785006009,0.24
748071,1785600000,70000.0,37688396075034860858248933765578550002490652299334997593872084362158946658037,0.0,1785006009,0.24
748071,1785600000,70000.0,37688396075034860858248933765578550002490652299334997593872084362158946658037,0.0,1785009609,0.24
748071,1785600000,70000.0,37688396075034860858248933765578550002490652299334997593872084362158946658037,0.0,1785009609,0.24
748071,1785600000,70000.0,37688396075034860858248933765578550002490652299334997593872084362158946658037,0.0,1785013228,0.24
748071,1785600000,70000.0,37688396075034860858248933765578550002490652299334997593872084362158946658037,0.0,1785013228,0.24
748071,1785600000,70000.0,37688396075034860858248933765578550002490652299334997593872084362158946658037,0.0,1785016808,0.24
748071,1785600000,70000.0,37688396075034860858248933765578550002490652299334997593872084362158946658037,0.0,1785016808,0.24
748071,1785600000,70000.0,37688396075034860858248933765578550002490652299334997593872084362158946658037,0.0,1785020428,0.24
748071,1785600000,70000.0,37688396075034860858248933765578550002490652299334997593872084362158946658037,0.0,1785020428,0.24
748071,1785600000,70000.0,37688396075034860858248933765578550002490652299334997593872084362158946658037,0.0,1785024011,0.045
748071,1785600000,70000.0,37688396075034860858248933765578550002490652299334997593872084362158946658037,0.0,1785024011,0.045
748071,1785600000,70000.0,37688396075034860858248933765578550002490652299334997593872084362158946658037,0.0,1785027609,0.045
748071,1785600000,70000.0,37688396075034860858248933765578550002490652299334997593872084362158946658037,0.0,1785027609,0.045
748071,1785600000,70000.0,37688396075034860858248933765578550002490652299334997593872084362158946658037,0.0,1785031208,0.04
748071,1785600000,70000.0,37688396075034860858248933765578550002490652299334997593872084362158946658037,0.0,1785031208,0.04
748071,1785600000,70000.0,37688396075034860858248933765578550002490652299334997593872084362158946658037,0.0,1785034812,0.04
748071,1785600000,70000.0,37688396075034860858248933765578550002490652299334997593872084362158946658037,0.0,1785034812,0.04
748071,1785600000,70000.0,37688396075034860858248933765578550002490652299334997593872084362158946658037,0.0,1785038407,0.0355
748071,1785600000,70000.0,37688396075034860858248933765578550002490652299334997593872084362158946658037,0.0,1785038407,0.0355
748071,1785600000,70000.0,37688396075034860858248933765578550002490652299334997593872084362158946658037,0.0,1785042008,0.0355
748071,1785600000,70000.0,37688396075034860858248933765578550002490652299334997593872084362158946658037,0.0,1785042008,0.0355
748071,1785600000,70000.0,37688396075034860858248933765578550002490652299334997593872084362158946658037,0.0,1785045611,0.0355
748071,1785600000,70000.0,37688396075034860858248933765578550002490652299334997593872084362158946658037,0.0,1785045611,0.0355
748071,1785600000,70000.0,37688396075034860858248933765578550002490652299334997593872084362158946658037,0.0,1785049230,0.0355
748071,1785600000,70000.0,37688396075034860858248933765578550002490652299334997593872084362158946658037,0.0,1785049230,0.0355
748071,1785600000,70000.0,37688396075034860858248933765578550002490652299334997593872084362158946658037,0.0,1785052810,0.035
748071,1785600000,70000.0,37688396075034860858248933765578550002490652299334997593872084362158946658037,0.0,1785052810,0.035
748071,1785600000,70000.0,37688396075034860858248933765578550002490652299334997593872084362158946658037,0.0,1785056410,0.0365
748071,1785600000,70000.0,37688396075034860858248933765578550002490652299334997593872084362158946658037,0.0,1785056410,0.0365
748071,1785600000,70000.0,37688396075034860858248933765578550002490652299334997593872084362158946658037,0.0,1785060008,0.035
748071,1785600000,70000.0,37688396075034860858248933765578550002490652299334997593872084362158946658037,0.0,1785060008,0.035
748071,1785600000,70000.0,37688396075034860858248933765578550002490652299334997593872084362158946658037,0.0,1785063608,0.035
748071,1785600000,70000.0,37688396075034860858248933765578550002490652299334997593872084362158946658037,0.0,1785063608,0.035
748071,1785600000,70000.0,37688396075034860858248933765578550002490652299334997593872084362158946658037,0.0,1785067211,0.035
748071,1785600000,70000.0,37688396075034860858248933765578550002490652299334997593872084362158946658037,0.0,1785067211,0.035
748071,1785600000,70000.0,37688396075034860858248933765578550002490652299334997593872084362158946658037,0.0,1785070808,0.04
748071,1785600000,70000.0,37688396075034860858248933765578550002490652299334997593872084362158946658037,0.0,1785070808,0.04
748071,1785600000,70000.0,37688396075034860858248933765578550002490652299334997593872084362158946658037,0.0,1785074409,0.04
748071,1785600000,70000.0,37688396075034860858248933765578550002490652299334997593872084362158946658037,0.0,1785074409,0.04
748071,1785600000,70000.0,37688396075034860858248933765578550002490652299334997593872084362158946658037,0.0,1785078032,0.045
748071,1785600000,70000.0,37688396075034860858248933765578550002490652299334997593872084362158946658037,0.0,1785078032,0.045
748071,1785600000,70000.0,37688396075034860858248933765578550002490652299334997593872084362158946658037,0.0,1785081609,0.0485
748071,1785600000,70000.0,37688396075034860858248933765578550002490652299334997593872084362158946658037,0.0,1785081609,0.0485
748071,1785600000,70000.0,37688396075034860858248933765578550002490652299334997593872084362158946658037,0.0,1785085209,0.044
748071,1785600000,70000.0,37688396075034860858248933765578550002490652299334997593872084362158946658037,0.0,1785085209,0.044
748071,1785600000,70000.0,37688396075034860858248933765578550002490652299334997593872084362158946658037,0.0,1785088813,0.0435
748071,1785600000,70000.0,37688396075034860858248933765578550002490652299334997593872084362158946658037,0.0,1785088813,0.0435
748071,1785600000,70000.0,37688396075034860858248933765578550002490652299334997593872084362158946658037,0.0,1785092410,0.0435
748071,1785600000,70000.0,37688396075034860858248933765578550002490652299334997593872084362158946658037,0.0,1785092410,0.0435
748071,1785600000,70000.0,37688396075034860858248933765578550002490652299334997593872084362158946658037,0.0,1785096023,0.0435
748071,1785600000,70000.0,37688396075034860858248933765578550002490652299334997593872084362158946658037,0.0,1785096023,0.0435
748071,1785600000,70000.0,37688396075034860858248933765578550002490652299334997593872084362158946658037,0.0,1785099631,0.0385
748071,1785600000,70000.0,37688396075034860858248933765578550002490652299334997593872084362158946658037,0.0,1785099631,0.0385
748071,1785600000,70000.0,37688396075034860858248933765578550002490652299334997593872084362158946658037,0.0,1785103209,0.0395
748071,1785600000,70000.0,37688396075034860858248933765578550002490652299334997593872084362158946658037,0.0,1785103209,0.0395
748071,1785600000,70000.0,37688396075034860858248933765578550002490652299334997593872084362158946658037,0.0,1785106809,0.0545
748071,1785600000,70000.0,37688396075034860858248933765578550002490652299334997593872084362158946658037,0.0,1785106809,0.0545
748071,1785600000,70000.0,37688396075034860858248933765578550002490652299334997593872084362158946658037,0.0,1785110413,0.0585
748071,1785600000,70000.0,37688396075034860858248933765578550002490652299334997593872084362158946658037,0.0,1785110413,0.0585
748071,1785600000,70000.0,37688396075034860858248933765578550002490652299334997593872084362158946658037,0.0,1785114009,0.0465
748071,1785600000,70000.0,37688396075034860858248933765578550002490652299334997593872084362158946658037,0.0,1785114009,0.0465
748071,1785600000,70000.0,37688396075034860858248933765578550002490652299334997593872084362158946658037,0.0,1785117608,0.0445
748071,1785600000,70000.0,37688396075034860858248933765578550002490652299334997593872084362158946658037,0.0,1785117608,0.0445
748071,1785600000,70000.0,37688396075034860858248933765578550002490652299334997593872084362158946658037,0.0,1785121212,0.0445
748071,1785600000,70000.0,37688396075034860858248933765578550002490652299334997593872084362158946658037,0.0,1785121212,0.0445
748071,1785600000,70000.0,37688396075034860858248933765578550002490652299334997593872084362158946658037,0.0,1785124811,0.0505
748071,1785600000,70000.0,37688396075034860858248933765578550002490652299334997593872084362158946658037,0.0,1785124811,0.0505
748071,1785600000,70000.0,37688396075034860858248933765578550002490652299334997593872084362158946658037,0.0,1785128408,0.047
748071,1785600000,70000.0,37688396075034860858248933765578550002490652299334997593872084362158946658037,0.0,1785128408,0.047
748071,1785600000,70000.0,37688396075034860858248933765578550002490652299334997593872084362158946658037,0.0,1785132011,0.054
748071,1785600000,70000.0,37688396075034860858248933765578550002490652299334997593872084362158946658037,0.0,1785132011,0.054
748071,1785600000,70000.0,37688396075034860858248933765578550002490652299334997593872084362158946658037,0.0,1785135608,0.049
748071,1785600000,70000.0,37688396075034860858248933765578550002490652299334997593872084362158946658037,0.0,1785135608,0.049
748071,1785600000,70000.0,37688396075034860858248933765578550002490652299334997593872084362158946658037,0.0,1785139209,0.0565
748071,1785600000,70000.0,37688396075034860858248933765578550002490652299334997593872084362158946658037,0.0,1785139209,0.0565
748071,1785600000,70000.0,37688396075034860858248933765578550002490652299334997593872084362158946658037,0.0,1785142810,0.035
748071,1785600000,70000.0,37688396075034860858248933765578550002490652299334997593872084362158946658037,0.0,1785142810,0.035
748071,1785600000,70000.0,37688396075034860858248933765578550002490652299334997593872084362158946658037,0.0,1785146410,0.047
748071,1785600000,70000.0,37688396075034860858248933765578550002490652299334997593872084362158946658037,0.0,1785146410,0.047
748071,1785600000,70000.0,37688396075034860858248933765578550002490652299334997593872084362158946658037,0.0,1785150010,0.045
748071,1785600000,70000.0,37688396075034860858248933765578550002490652299334997593872084362158946658037,0.0,1785150010,0.045
748071,1785600000,70000.0,37688396075034860858248933765578550002490652299334997593872084362158946658037,0.0,1785153619,0.04
748071,1785600000,70000.0,37688396075034860858248933765578550002490652299334997593872084362158946658037,0.0,1785153619,0.04
748071,1785600000,70000.0,37688396075034860858248933765578550002490652299334997593872084362158946658037,0.0,1785157212,0.0445
748071,1785600000,70000.0,37688396075034860858248933765578550002490652299334997593872084362158946658037,0.0,1785157212,0.0445
748071,1785600000,70000.0,37688396075034860858248933765578550002490652299334997593872084362158946658037,0.0,1785160813,0.048
748071,1785600000,70000.0,37688396075034860858248933765578550002490652299334997593872084362158946658037,0.0,1785160813,0.048
748071,1785600000,70000.0,37688396075034860858248933765578550002490652299334997593872084362158946658037,0.0,1785164417,0.0415
748071,1785600000,70000.0,37688396075034860858248933765578550002490652299334997593872084362158946658037,0.0,1785164417,0.0415
748071,1785600000,70000.0,37688396075034860858248933765578550002490652299334997593872084362158946658037,0.0,1785168009,0.032
748071,1785600000,70000.0,37688396075034860858248933765578550002490652299334997593872084362158946658037,0.0,1785168009,0.032
748071,1785600000,70000.0,37688396075034860858248933765578550002490652299334997593872084362158946658037,0.0,1785171612,0.0325
748071,1785600000,70000.0,37688396075034860858248933765578550002490652299334997593872084362158946658037,0.0,1785171612,0.0325
748071,1785600000,70000.0,37688396075034860858248933765578550002490652299334997593872084362158946658037,0.0,1785175211,0.04
748071,1785600000,70000.0,37688396075034860858248933765578550002490652299334997593872084362158946658037,0.0,1785175211,0.04
748071,1785600000,70000.0,37688396075034860858248933765578550002490652299334997593872084362158946658037,0.0,1785178822,0.0415
748071,1785600000,70000.0,37688396075034860858248933765578550002490652299334997593872084362158946658037,0.0,1785178822,0.0415
748071,1785600000,70000.0,37688396075034860858248933765578550002490652299334997593872084362158946658037,0.0,1785182423,0.0415
748071,1785600000,70000.0,37688396075034860858248933765578550002490652299334997593872084362158946658037,0.0,1785182423,0.0415
748071,1785600000,70000.0,37688396075034860858248933765578550002490652299334997593872084362158946658037,0.0,1785186013,0.0425
748071,1785600000,70000.0,37688396075034860858248933765578550002490652299334997593872084362158946658037,0.0,1785186013,0.0425
748071,1785600000,70000.0,37688396075034860858248933765578550002490652299334997593872084362158946658037,0.0,1785189613,0.033
748071,1785600000,70000.0,37688396075034860858248933765578550002490652299334997593872084362158946658037,0.0,1785189613,0.033
748071,1785600000,70000.0,37688396075034860858248933765578550002490652299334997593872084362158946658037,0.0,1785193212,0.025
748071,1785600000,70000.0,37688396075034860858248933765578550002490652299334997593872084362158946658037,0.0,1785193212,0.025
748071,1785600000,70000.0,37688396075034860858248933765578550002490652299334997593872084362158946658037,0.0,1785196816,0.0235
748071,1785600000,70000.0,37688396075034860858248933765578550002490652299334997593872084362158946658037,0.0,1785196816,0.0235
748071,1785600000,70000.0,37688396075034860858248933765578550002490652299334997593872084362158946658037,0.0,1785200410,0.0235
748071,1785600000,70000.0,37688396075034860858248933765578550002490652299334997593872084362158946658037,0.0,1785200410,0.0235
748071,1785600000,70000.0,37688396075034860858248933765578550002490652299334997593872084362158946658037,0.0,1785204009,0.0205
748071,1785600000,70000.0,37688396075034860858248933765578550002490652299334997593872084362158946658037,0.0,1785204009,0.0205
748071,1785600000,70000.0,37688396075034860858248933765578550002490652299334997593872084362158946658037,0.0,1785207614,0.024
748071,1785600000,70000.0,37688396075034860858248933765578550002490652299334997593872084362158946658037,0.0,1785207614,0.024
748071,1785600000,70000.0,37688396075034860858248933765578550002490652299334997593872084362158946658037,0.0,1785211218,0.023
748071,1785600000,70000.0,37688396075034860858248933765578550002490652299334997593872084362158946658037,0.0,1785211218,0.023
748071,1785600000,70000.0,37688396075034860858248933765578550002490652299334997593872084362158946658037,0.0,1785214812,0.017
748071,1785600000,70000.0,37688396075034860858248933765578550002490652299334997593872084362158946658037,0.0,1785214812,0.017
748071,1785600000,70000.0,37688396075034860858248933765578550002490652299334997593872084362158946658037,0.0,1785218417,0.014
748071,1785600000,70000.0,37688396075034860858248933765578550002490652299334997593872084362158946658037,0.0,1785218417,0.014
748071,1785600000,70000.0,37688396075034860858248933765578550002490652299334997593872084362158946658037,0.0,1785222021,0.014
748071,1785600000,70000.0,37688396075034860858248933765578550002490652299334997593872084362158946658037,0.0,1785222021,0.014
748071,1785600000,70000.0,37688396075034860858248933765578550002490652299334997593872084362158946658037,0.0,1785225612,0.014
748071,1785600000,70000.0,37688396075034860858248933765578550002490652299334997593872084362158946658037,0.0,1785225612,0.014
748071,1785600000,70000.0,37688396075034860858248933765578550002490652299334997593872084362158946658037,0.0,1785232813,0.014
748071,1785600000,70000.0,37688396075034860858248933765578550002490652299334997593872084362158946658037,0.0,1785232813,0.014
748071,1785600000,70000.0,37688396075034860858248933765578550002490652299334997593872084362158946658037,0.0,1785236424,0.014
748071,1785600000,70000.0,37688396075034860858248933765578550002490652299334997593872084362158946658037,0.0,1785236424,0.014
748071,1785600000,70000.0,37688396075034860858248933765578550002490652299334997593872084362158946658037,0.0,1785240032,0.0135
748071,1785600000,70000.0,37688396075034860858248933765578550002490652299334997593872084362158946658037,0.0,1785240032,0.0135
748071,1785600000,70000.0,37688396075034860858248933765578550002490652299334997593872084362158946658037,0.0,1785243615,0.0135
748071,1785600000,70000.0,37688396075034860858248933765578550002490652299334997593872084362158946658037,0.0,1785243615,0.0135
748071,1785600000,70000.0,37688396075034860858248933765578550002490652299334997593872084362158946658037,0.0,1785247218,0.0085
748071,1785600000,70000.0,37688396075034860858248933765578550002490652299334997593872084362158946658037,0.0,1785247218,0.0085
748071,1785600000,70000.0,37688396075034860858248933765578550002490652299334997593872084362158946658037,0.0,1785250823,0.009
748071,1785600000,70000.0,37688396075034860858248933765578550002490652299334997593872084362158946658037,0.0,1785250823,0.009
748071,1785600000,70000.0,37688396075034860858248933765578550002490652299334997593872084362158946658037,0.0,1785254414,0.011
748071,1785600000,70000.0,37688396075034860858248933765578550002490652299334997593872084362158946658037,0.0,1785254414,0.011
748071,1785600000,70000.0,37688396075034860858248933765578550002490652299334997593872084362158946658037,0.0,1785258019,0.0115
748071,1785600000,70000.0,37688396075034860858248933765578550002490652299334997593872084362158946658037,0.0,1785258019,0.0115
748071,1785600000,70000.0,37688396075034860858248933765578550002490652299334997593872084362158946658037,0.0,1785261621,0.0105
748071,1785600000,70000.0,37688396075034860858248933765578550002490652299334997593872084362158946658037,0.0,1785261621,0.0105
748071,1785600000,70000.0,37688396075034860858248933765578550002490652299334997593872084362158946658037,0.0,1785265233,0.011
748071,1785600000,70000.0,37688396075034860858248933765578550002490652299334997593872084362158946658037,0.0,1785265233,0.011
748071,1785600000,70000.0,37688396075034860858248933765578550002490652299334997593872084362158946658037,0.0,1785268823,0.0105
748071,1785600000,70000.0,37688396075034860858248933765578550002490652299334997593872084362158946658037,0.0,1785268823,0.0105
748071,1785600000,70000.0,37688396075034860858248933765578550002490652299334997593872084362158946658037,0.0,1785272434,0.0115
748071,1785600000,70000.0,37688396075034860858248933765578550002490652299334997593872084362158946658037,0.0,1785272434,0.0115
748071,1785600000,70000.0,37688396075034860858248933765578550002490652299334997593872084362158946658037,0.0,1785276029,0.0115
748071,1785600000,70000.0,37688396075034860858248933765578550002490652299334997593872084362158946658037,0.0,1785276029,0.0115
748071,1785600000,70000.0,37688396075034860858248933765578550002490652299334997593872084362158946658037,0.0,1785279637,0.0105
748071,1785600000,70000.0,37688396075034860858248933765578550002490652299334997593872084362158946658037,0.0,1785279637,0.0105
748071,1785600000,70000.0,37688396075034860858248933765578550002490652299334997593872084362158946658037,0.0,1785283249,0.0165
748071,1785600000,70000.0,37688396075034860858248933765578550002490652299334997593872084362158946658037,0.0,1785283249,0.0165
748071,1785600000,70000.0,37688396075034860858248933765578550002490652299334997593872084362158946658037,0.0,1785286818,0.0165
748071,1785600000,70000.0,37688396075034860858248933765578550002490652299334997593872084362158946658037,0.0,1785286818,0.0165
748071,1785600000,70000.0,37688396075034860858248933765578550002490652299334997593872084362158946658037,0.0,1785290426,0.0115
748071,1785600000,70000.0,37688396075034860858248933765578550002490652299334997593872084362158946658037,0.0,1785290426,0.0115
748071,1785600000,70000.0,37688396075034860858248933765578550002490652299334997593872084362158946658037,0.0,1785294030,0.012
748071,1785600000,70000.0,37688396075034860858248933765578550002490652299334997593872084362158946658037,0.0,1785294030,0.012
748071,1785600000,70000.0,37688396075034860858248933765578550002490652299334997593872084362158946658037,0.0,1785297623,0.011
748071,1785600000,70000.0,37688396075034860858248933765578550002490652299334997593872084362158946658037,0.0,1785297623,0.011
748071,1785600000,70000.0,37688396075034860858248933765578550002490652299334997593872084362158946658037,0.0,1785301234,0.011
748071,1785600000,70000.0,37688396075034860858248933765578550002490652299334997593872084362158946658037,0.0,1785301234,0.011
748071,1785600000,70000.0,37688396075034860858248933765578550002490652299334997593872084362158946658037,0.0,1785304834,0.0105
748071,1785600000,70000.0,37688396075034860858248933765578550002490652299334997593872084362158946658037,0.0,1785304834,0.0105
748071,1785600000,70000.0,37688396075034860858248933765578550002490652299334997593872084362158946658037,0.0,1785308435,0.0105
748071,1785600000,70000.0,37688396075034860858248933765578550002490652299334997593872084362158946658037,0.0,1785308435,0.0105
748071,1785600000,70000.0,37688396075034860858248933765578550002490652299334997593872084362158946658037,0.0,1785312023,0.011
748071,1785600000,70000.0,37688396075034860858248933765578550002490652299334997593872084362158946658037,0.0,1785312023,0.011
748071,1785600000,70000.0,37688396075034860858248933765578550002490652299334997593872084362158946658037,0.0,1785315624,0.0115
748071,1785600000,70000.0,37688396075034860858248933765578550002490652299334997593872084362158946658037,0.0,1785315624,0.0115
748071,1785600000,70000.0,37688396075034860858248933765578550002490652299334997593872084362158946658037,0.0,1785319220,0.0115
748071,1785600000,70000.0,37688396075034860858248933765578550002490652299334997593872084362158946658037,0.0,1785319220,0.0115
748071,1785600000,70000.0,37688396075034860858248933765578550002490652299334997593872084362158946658037,0.0,1785322825,0.0115
748071,1785600000,70000.0,37688396075034860858248933765578550002490652299334997593872084362158946658037,0.0,1785322825,0.0115
748071,1785600000,70000.0,37688396075034860858248933765578550002490652299334997593872084362158946658037,0.0,1785326426,0.011
748071,1785600000,70000.0,37688396075034860858248933765578550002490652299334997593872084362158946658037,0.0,1785326426,0.011
748071,1785600000,70000.0,37688396075034860858248933765578550002490652299334997593872084362158946658037,0.0,1785330023,0.011
748071,1785600000,70000.0,37688396075034860858248933765578550002490652299334997593872084362158946658037,0.0,1785330023,0.011
748071,1785600000,70000.0,37688396075034860858248933765578550002490652299334997593872084362158946658037,0.0,1785333625,0.011
748071,1785600000,70000.0,37688396075034860858248933765578550002490652299334997593872084362158946658037,0.0,1785333625,0.011
748071,1785600000,70000.0,37688396075034860858248933765578550002490652299334997593872084362158946658037,0.0,1785337228,0.0105
748071,1785600000,70000.0,37688396075034860858248933765578550002490652299334997593872084362158946658037,0.0,1785337228,0.0105
748071,1785600000,70000.0,37688396075034860858248933765578550002490652299334997593872084362158946658037,0.0,1785340836,0.0105
748071,1785600000,70000.0,37688396075034860858248933765578550002490652299334997593872084362158946658037,0.0,1785340836,0.0105
748071,1785600000,70000.0,37688396075034860858248933765578550002490652299334997593872084362158946658037,0.0,1785344421,0.0095
748071,1785600000,70000.0,37688396075034860858248933765578550002490652299334997593872084362158946658037,0.0,1785344421,0.0095
748071,1785600000,70000.0,37688396075034860858248933765578550002490652299334997593872084362158946658037,0.0,1785348042,0.0105
748071,1785600000,70000.0,37688396075034860858248933765578550002490652299334997593872084362158946658037,0.0,1785348042,0.0105
748071,1785600000,70000.0,37688396075034860858248933765578550002490652299334997593872084362158946658037,0.0,1785351612,0.0095
748071,1785600000,70000.0,37688396075034860858248933765578550002490652299334997593872084362158946658037,0.0,1785351612,0.0095
748071,1785600000,70000.0,37688396075034860858248933765578550002490652299334997593872084362158946658037,0.0,1785355209,0.0095
748071,1785600000,70000.0,37688396075034860858248933765578550002490652299334997593872084362158946658037,0.0,1785355209,0.0095
748071,1785600000,70000.0,37688396075034860858248933765578550002490652299334997593872084362158946658037,0.0,1785358810,0.0085
748071,1785600000,70000.0,37688396075034860858248933765578550002490652299334997593872084362158946658037,0.0,1785358810,0.0085
748071,1785600000,70000.0,37688396075034860858248933765578550002490652299334997593872084362158946658037,0.0,1785362410,0.009
748071,1785600000,70000.0,37688396075034860858248933765578550002490652299334997593872084362158946658037,0.0,1785362410,0.009
748071,1785600000,70000.0,37688396075034860858248933765578550002490652299334997593872084362158946658037,0.0,1785366010,0.0095
748071,1785600000,70000.0,37688396075034860858248933765578550002490652299334997593872084362158946658037,0.0,1785366010,0.0095
748071,1785600000,70000.0,37688396075034860858248933765578550002490652299334997593872084362158946658037,0.0,1785369623,0.0085
748071,1785600000,70000.0,37688396075034860858248933765578550002490652299334997593872084362158946658037,0.0,1785369623,0.0085
748071,1785600000,70000.0,37688396075034860858248933765578550002490652299334997593872084362158946658037,0.0,1785373213,0.008
748071,1785600000,70000.0,37688396075034860858248933765578550002490652299334997593872084362158946658037,0.0,1785373213,0.008
748071,1785600000,70000.0,37688396075034860858248933765578550002490652299334997593872084362158946658037,0.0,1785376810,0.008
748071,1785600000,70000.0,37688396075034860858248933765578550002490652299334997593872084362158946658037,0.0,1785376810,0.008
748071,1785600000,70000.0,37688396075034860858248933765578550002490652299334997593872084362158946658037,0.0,1785380409,0.008
748071,1785600000,70000.0,37688396075034860858248933765578550002490652299334997593872084362158946658037,0.0,1785380409,0.008
748071,1785600000,70000.0,37688396075034860858248933765578550002490652299334997593872084362158946658037,0.0,1785384008,0.008
748071,1785600000,70000.0,37688396075034860858248933765578550002490652299334997593872084362158946658037,0.0,1785384008,0.008
748071,1785600000,70000.0,37688396075034860858248933765578550002490652299334997593872084362158946658037,0.0,1785387607,0.0065
748071,1785600000,70000.0,37688396075034860858248933765578550002490652299334997593872084362158946658037,0.0,1785387607,0.0065
748071,1785600000,70000.0,37688396075034860858248933765578550002490652299334997593872084362158946658037,0.0,1785391209,0.0065
748071,1785600000,70000.0,37688396075034860858248933765578550002490652299334997593872084362158946658037,0.0,1785391209,0.0065
748071,1785600000,70000.0,37688396075034860858248933765578550002490652299334997593872084362158946658037,0.0,1785394808,0.0065
748071,1785600000,70000.0,37688396075034860858248933765578550002490652299334997593872084362158946658037,0.0,1785394808,0.0065
748071,1785600000,70000.0,37688396075034860858248933765578550002490652299334997593872084362158946658037,0.0,1785398409,0.006
748071,1785600000,70000.0,37688396075034860858248933765578550002490652299334997593872084362158946658037,0.0,1785398409,0.006
748071,1785600000,70000.0,37688396075034860858248933765578550002490652299334997593872084362158946658037,0.0,1785402008,0.006
748071,1785600000,70000.0,37688396075034860858248933765578550002490652299334997593872084362158946658037,0.0,1785402008,0.006
748071,1785600000,70000.0,37688396075034860858248933765578550002490652299334997593872084362158946658037,0.0,1785405608,0.006
748071,1785600000,70000.0,37688396075034860858248933765578550002490652299334997593872084362158946658037,0.0,1785405608,0.006
748071,1785600000,70000.0,37688396075034860858248933765578550002490652299334997593872084362158946658037,0.0,1785409208,0.006
748071,1785600000,70000.0,37688396075034860858248933765578550002490652299334997593872084362158946658037,0.0,1785409208,0.006
748071,1785600000,70000.0,37688396075034860858248933765578550002490652299334997593872084362158946658037,0.0,1785412808,0.006
748071,1785600000,70000.0,37688396075034860858248933765578550002490652299334997593872084362158946658037,0.0,1785412808,0.006
748071,1785600000,70000.0,37688396075034860858248933765578550002490652299334997593872084362158946658037,0.0,1785416409,0.005
748071,1785600000,70000.0,37688396075034860858248933765578550002490652299334997593872084362158946658037,0.0,1785416409,0.005
748071,1785600000,70000.0,37688396075034860858248933765578550002490652299334997593872084362158946658037,0.0,1785420010,0.005
748071,1785600000,70000.0,37688396075034860858248933765578550002490652299334997593872084362158946658037,0.0,1785420010,0.005
748071,1785600000,70000.0,37688396075034860858248933765578550002490652299334997593872084362158946658037,0.0,1785423611,0.005
748071,1785600000,70000.0,37688396075034860858248933765578550002490652299334997593872084362158946658037,0.0,1785423611,0.005
748071,1785600000,70000.0,37688396075034860858248933765578550002490652299334997593872084362158946658037,0.0,1785427210,0.005
748071,1785600000,70000.0,37688396075034860858248933765578550002490652299334997593872084362158946658037,0.0,1785427210,0.005
748071,1785600000,70000.0,37688396075034860858248933765578550002490652299334997593872084362158946658037,0.0,1785430810,0.005
748071,1785600000,70000.0,37688396075034860858248933765578550002490652299334997593872084362158946658037,0.0,1785430810,0.005
748071,1785600000,70000.0,37688396075034860858248933765578550002490652299334997593872084362158946658037,0.0,1785434412,0.0055
748071,1785600000,70000.0,37688396075034860858248933765578550002490652299334997593872084362158946658037,0.0,1785434412,0.0055
748071,1785600000,70000.0,37688396075034860858248933765578550002490652299334997593872084362158946658037,0.0,1785438010,0.004
748071,1785600000,70000.0,37688396075034860858248933765578550002490652299334997593872084362158946658037,0.0,1785438010,0.004
748071,1785600000,70000.0,37688396075034860858248933765578550002490652299334997593872084362158946658037,0.0,1785441608,0.0035
748071,1785600000,70000.0,37688396075034860858248933765578550002490652299334997593872084362158946658037,0.0,1785441608,0.0035
748071,1785600000,70000.0,37688396075034860858248933765578550002490652299334997593872084362158946658037,0.0,1785445208,0.004
748071,1785600000,70000.0,37688396075034860858248933765578550002490652299334997593872084362158946658037,0.0,1785445208,0.004
748071,1785600000,70000.0,37688396075034860858248933765578550002490652299334997593872084362158946658037,0.0,1785448807,0.0035
748071,1785600000,70000.0,37688396075034860858248933765578550002490652299334997593872084362158946658037,0.0,1785448807,0.0035
748071,1785600000,70000.0,37688396075034860858248933765578550002490652299334997593872084362158946658037,0.0,1785452408,0.0045
748071,1785600000,70000.0,37688396075034860858248933765578550002490652299334997593872084362158946658037,0.0,1785452408,0.0045
748071,1785600000,70000.0,37688396075034860858248933765578550002490652299334997593872084362158946658037,0.0,1785456021,0.0045
748071,1785600000,70000.0,37688396075034860858248933765578550002490652299334997593872084362158946658037,0.0,1785456021,0.0045
748071,1785600000,70000.0,37688396075034860858248933765578550002490652299334997593872084362158946658037,0.0,1785459608,0.0045
748071,1785600000,70000.0,37688396075034860858248933765578550002490652299334997593872084362158946658037,0.0,1785459608,0.0045
748071,1785600000,70000.0,37688396075034860858248933765578550002490652299334997593872084362158946658037,0.0,1785463208,0.0045
748071,1785600000,70000.0,37688396075034860858248933765578550002490652299334997593872084362158946658037,0.0,1785463208,0.0045
748071,1785600000,70000.0,37688396075034860858248933765578550002490652299334997593872084362158946658037,0.0,1785466810,0.003
748071,1785600000,70000.0,37688396075034860858248933765578550002490652299334997593872084362158946658037,0.0,1785466810,0.003
748071,1785600000,70000.0,37688396075034860858248933765578550002490652299334997593872084362158946658037,0.0,1785470409,0.003
748071,1785600000,70000.0,37688396075034860858248933765578550002490652299334997593872084362158946658037,0.0,1785470409,0.003
748071,1785600000,70000.0,37688396075034860858248933765578550002490652299334997593872084362158946658037,0.0,1785474011,0.003
748071,1785600000,70000.0,37688396075034860858248933765578550002490652299334997593872084362158946658037,0.0,1785474011,0.003
748071,1785600000,70000.0,37688396075034860858248933765578550002490652299334997593872084362158946658037,0.0,1785477607,0.003
748071,1785600000,70000.0,37688396075034860858248933765578550002490652299334997593872084362158946658037,0.0,1785477607,0.003
748071,1785600000,70000.0,37688396075034860858248933765578550002490652299334997593872084362158946658037,0.0,1785481209,0.003
748071,1785600000,70000.0,37688396075034860858248933765578550002490652299334997593872084362158946658037,0.0,1785481209,0.003
748071,1785600000,70000.0,37688396075034860858248933765578550002490652299334997593872084362158946658037,0.0,1785484809,0.0015
748071,1785600000,70000.0,37688396075034860858248933765578550002490652299334997593872084362158946658037,0.0,1785484809,0.0015
748071,1785600000,70000.0,37688396075034860858248933765578550002490652299334997593872084362158946658037,0.0,1785488410,0.0015
748071,1785600000,70000.0,37688396075034860858248933765578550002490652299334997593872084362158946658037,0.0,1785488410,0.0015
748071,1785600000,70000.0,37688396075034860858248933765578550002490652299334997593872084362158946658037,0.0,1785492010,0.0005
748071,1785600000,70000.0,37688396075034860858248933765578550002490652299334997593872084362158946658037,0.0,1785492010,0.0005
748071,1785600000,70000.0,37688396075034860858248933765578550002490652299334997593872084362158946658037,0.0,1785495614,0.0005
748071,1785600000,70000.0,37688396075034860858248933765578550002490652299334997593872084362158946658037,0.0,1785495614,0.0005
748071,1785600000,70000.0,37688396075034860858248933765578550002490652299334997593872084362158946658037,0.0,1785499209,0.0005
748071,1785600000,70000.0,37688396075034860858248933765578550002490652299334997593872084362158946658037,0.0,1785499209,0.0005
748071,1785600000,70000.0,37688396075034860858248933765578550002490652299334997593872084362158946658037,0.0,1785502810,0.0005
748071,1785600000,70000.0,37688396075034860858248933765578550002490652299334997593872084362158946658037,0.0,1785502810,0.0005
748071,1785600000,70000.0,37688396075034860858248933765578550002490652299334997593872084362158946658037,0.0,1785506408,0.0005
748071,1785600000,70000.0,37688396075034860858248933765578550002490652299334997593872084362158946658037,0.0,1785506408,0.0005
748071,1785600000,70000.0,37688396075034860858248933765578550002490652299334997593872084362158946658037,0.0,1785510025,0.0005
748071,1785600000,70000.0,37688396075034860858248933765578550002490652299334997593872084362158946658037,0.0,1785510025,0.0005
748071,1785600000,70000.0,37688396075034860858248933765578550002490652299334997593872084362158946658037,0.0,1785513609,0.0005
748071,1785600000,70000.0,37688396075034860858248933765578550002490652299334997593872084362158946658037,0.0,1785513609,0.0005
748071,1785600000,70000.0,37688396075034860858248933765578550002490652299334997593872084362158946658037,0.0,1785517210,0.0005
748071,1785600000,70000.0,37688396075034860858248933765578550002490652299334997593872084362158946658037,0.0,1785517210,0.0005
748071,1785600000,70000.0,37688396075034860858248933765578550002490652299334997593872084362158946658037,0.0,1785520811,0.0005
748071,1785600000,70000.0,37688396075034860858248933765578550002490652299334997593872084362158946658037,0.0,1785520811,0.0005
748071,1785600000,70000.0,37688396075034860858248933765578550002490652299334997593872084362158946658037,0.0,1785524426,0.0005
748071,1785600000,70000.0,37688396075034860858248933765578550002490652299334997593872084362158946658037,0.0,1785524426,0.0005
748071,1785600000,70000.0,37688396075034860858248933765578550002490652299334997593872084362158946658037,0.0,1785528018,0.0005
748071,1785600000,70000.0,37688396075034860858248933765578550002490652299334997593872084362158946658037,0.0,1785528018,0.0005
748071,1785600000,70000.0,37688396075034860858248933765578550002490652299334997593872084362158946658037,0.0,1785531610,0.0005
748071,1785600000,70000.0,37688396075034860858248933765578550002490652299334997593872084362158946658037,0.0,1785531610,0.0005
748071,1785600000,70000.0,37688396075034860858248933765578550002490652299334997593872084362158946658037,0.0,1785535210,0.0005
748071,1785600000,70000.0,37688396075034860858248933765578550002490652299334997593872084362158946658037,0.0,1785535210,0.0005
748071,1785600000,70000.0,37688396075034860858248933765578550002490652299334997593872084362158946658037,0.0,1785538809,0.0005
748071,1785600000,70000.0,37688396075034860858248933765578550002490652299334997593872084362158946658037,0.0,1785538809,0.0005
748071,1785600000,70000.0,37688396075034860858248933765578550002490652299334997593872084362158946658037,0.0,1785542412,0.0005
748071,1785600000,70000.0,37688396075034860858248933765578550002490652299334997593872084362158946658037,0.0,1785542412,0.0005
748071,1785600000,70000.0,37688396075034860858248933765578550002490652299334997593872084362158946658037,0.0,1785546009,0.0005
748071,1785600000,70000.0,37688396075034860858248933765578550002490652299334997593872084362158946658037,0.0,1785546009,0.0005
748071,1785600000,70000.0,37688396075034860858248933765578550002490652299334997593872084362158946658037,0.0,1785549607,0.0005
748071,1785600000,70000.0,37688396075034860858248933765578550002490652299334997593872084362158946658037,0.0,1785549607,0.0005
748071,1785600000,70000.0,37688396075034860858248933765578550002490652299334997593872084362158946658037,0.0,1785553209,0.0005
748071,1785600000,70000.0,37688396075034860858248933765578550002490652299334997593872084362158946658037,0.0,1785553209,0.0005
748071,1785600000,70000.0,37688396075034860858248933765578550002490652299334997593872084362158946658037,0.0,1785556810,0.0005
748071,1785600000,70000.0,37688396075034860858248933765578550002490652299334997593872084362158946658037,0.0,1785556810,0.0005
748071,1785600000,70000.0,37688396075034860858248933765578550002490652299334997593872084362158946658037,0.0,1785560413,0.0005
748071,1785600000,70000.0,37688396075034860858248933765578550002490652299334997593872084362158946658037,0.0,1785560413,0.0005
748071,1785600000,70000.0,37688396075034860858248933765578550002490652299334997593872084362158946658037,0.0,1785564025,0.0005
748071,1785600000,70000.0,37688396075034860858248933765578550002490652299334997593872084362158946658037,0.0,1785564025,0.0005
748071,1785600000,70000.0,37688396075034860858248933765578550002490652299334997593872084362158946658037,0.0,1785567609,0.0005
748071,1785600000,70000.0,37688396075034860858248933765578550002490652299334997593872084362158946658037,0.0,1785567609,0.0005
748071,1785600000,70000.0,37688396075034860858248933765578550002490652299334997593872084362158946658037,0.0,1785571209,0.0005
748071,1785600000,70000.0,37688396075034860858248933765578550002490652299334997593872084362158946658037,0.0,1785571209,0.0005
748071,1785600000,70000.0,37688396075034860858248933765578550002490652299334997593872084362158946658037,0.0,1785574812,0.0005
748071,1785600000,70000.0,37688396075034860858248933765578550002490652299334997593872084362158946658037,0.0,1785574812,0.0005
748071,1785600000,70000.0,37688396075034860858248933765578550002490652299334997593872084362158946658037,0.0,1785578410,0.0005
748071,1785600000,70000.0,37688396075034860858248933765578550002490652299334997593872084362158946658037,0.0,1785578410,0.0005
748071,1785600000,70000.0,37688396075034860858248933765578550002490652299334997593872084362158946658037,0.0,1785582040,0.0005
748071,1785600000,70000.0,37688396075034860858248933765578550002490652299334997593872084362158946658037,0.0,1785582040,0.0005
748071,1785600000,70000.0,37688396075034860858248933765578550002490652299334997593872084362158946658037,0.0,1785585612,0.0005
748071,1785600000,70000.0,37688396075034860858248933765578550002490652299334997593872084362158946658037,0.0,1785585612,0.0005
748071,1785600000,70000.0,37688396075034860858248933765578550002490652299334997593872084362158946658037,0.0,1785589207,0.0005
748071,1785600000,70000.0,37688396075034860858248933765578550002490652299334997593872084362158946658037,0.0,1785589207,0.0005
748071,1785600000,70000.0,37688396075034860858248933765578550002490652299334997593872084362158946658037,0.0,1785592807,0.0005
748071,1785600000,70000.0,37688396075034860858248933765578550002490652299334997593872084362158946658037,0.0,1785592807,0.0005
748071,1785600000,70000.0,37688396075034860858248933765578550002490652299334997593872084362158946658037,0.0,1785596407,0.0005
748071,1785600000,70000.0,37688396075034860858248933765578550002490652299334997593872084362158946658037,0.0,1785596407,0.0005
748071,1785600000,70000.0,37688396075034860858248933765578550002490652299334997593872084362158946658037,0.0,1785600009,0.0005
748071,1785600000,70000.0,37688396075034860858248933765578550002490652299334997593872084362158946658037,0.0,1785600009,0.0005
748071,1785600000,72000.0,109372936146055629691507865331914184071403906678781040512252891803121267399777,0.0,1784998805,0.24
748071,1785600000,72000.0,109372936146055629691507865331914184071403906678781040512252891803121267399777,0.0,1784998805,0.24
748071,1785600000,72000.0,109372936146055629691507865331914184071403906678781040512252891803121267399777,0.0,1785002407,0.235
748071,1785600000,72000.0,109372936146055629691507865331914184071403906678781040512252891803121267399777,0.0,1785002407,0.235
748071,1785600000,72000.0,109372936146055629691507865331914184071403906678781040512252891803121267399777,0.0,1785006006,0.24
748071,1785600000,72000.0,109372936146055629691507865331914184071403906678781040512252891803121267399777,0.0,1785006006,0.24
748071,1785600000,72000.0,109372936146055629691507865331914184071403906678781040512252891803121267399777,0.0,1785009606,0.24
748071,1785600000,72000.0,109372936146055629691507865331914184071403906678781040512252891803121267399777,0.0,1785009606,0.24
748071,1785600000,72000.0,109372936146055629691507865331914184071403906678781040512252891803121267399777,0.0,1785013219,0.235
748071,1785600000,72000.0,109372936146055629691507865331914184071403906678781040512252891803121267399777,0.0,1785013219,0.235
748071,1785600000,72000.0,109372936146055629691507865331914184071403906678781040512252891803121267399777,0.0,1785016805,0.24
748071,1785600000,72000.0,109372936146055629691507865331914184071403906678781040512252891803121267399777,0.0,1785016805,0.24
748071,1785600000,72000.0,109372936146055629691507865331914184071403906678781040512252891803121267399777,0.0,1785020422,0.24
748071,1785600000,72000.0,109372936146055629691507865331914184071403906678781040512252891803121267399777,0.0,1785020422,0.24
748071,1785600000,72000.0,109372936146055629691507865331914184071403906678781040512252891803121267399777,0.0,1785024006,0.0205
748071,1785600000,72000.0,109372936146055629691507865331914184071403906678781040512252891803121267399777,0.0,1785024006,0.0205
748071,1785600000,72000.0,109372936146055629691507865331914184071403906678781040512252891803121267399777,0.0,1785027606,0.021
748071,1785600000,72000.0,109372936146055629691507865331914184071403906678781040512252891803121267399777,0.0,1785027606,0.021
748071,1785600000,72000.0,109372936146055629691507865331914184071403906678781040512252891803121267399777,0.0,1785031205,0.021
748071,1785600000,72000.0,109372936146055629691507865331914184071403906678781040512252891803121267399777,0.0,1785031205,0.021
748071,1785600000,72000.0,109372936146055629691507865331914184071403906678781040512252891803121267399777,0.0,1785034805,0.021
748071,1785600000,72000.0,109372936146055629691507865331914184071403906678781040512252891803121267399777,0.0,1785034805,0.021
748071,1785600000,72000.0,109372936146055629691507865331914184071403906678781040512252891803121267399777,0.0,1785038404,0.021
748071,1785600000,72000.0,109372936146055629691507865331914184071403906678781040512252891803121267399777,0.0,1785038404,0.021
748071,1785600000,72000.0,109372936146055629691507865331914184071403906678781040512252891803121267399777,0.0,1785042005,0.021
748071,1785600000,72000.0,109372936146055629691507865331914184071403906678781040512252891803121267399777,0.0,1785042005,0.021
748071,1785600000,72000.0,109372936146055629691507865331914184071403906678781040512252891803121267399777,0.0,1785045605,0.0165
748071,1785600000,72000.0,109372936146055629691507865331914184071403906678781040512252891803121267399777,0.0,1785045605,0.0165
748071,1785600000,72000.0,109372936146055629691507865331914184071403906678781040512252891803121267399777,0.0,1785049224,0.0165
748071,1785600000,72000.0,109372936146055629691507865331914184071403906678781040512252891803121267399777,0.0,1785049224,0.0165
748071,1785600000,72000.0,109372936146055629691507865331914184071403906678781040512252891803121267399777,0.0,1785052807,0.0165
748071,1785600000,72000.0,109372936146055629691507865331914184071403906678781040512252891803121267399777,0.0,1785052807,0.0165
748071,1785600000,72000.0,109372936146055629691507865331914184071403906678781040512252891803121267399777,0.0,1785056406,0.02
748071,1785600000,72000.0,109372936146055629691507865331914184071403906678781040512252891803121267399777,0.0,1785056406,0.02
748071,1785600000,72000.0,109372936146055629691507865331914184071403906678781040512252891803121267399777,0.0,1785060005,0.017
748071,1785600000,72000.0,109372936146055629691507865331914184071403906678781040512252891803121267399777,0.0,1785060005,0.017
748071,1785600000,72000.0,109372936146055629691507865331914184071403906678781040512252891803121267399777,0.0,1785063606,0.017
748071,1785600000,72000.0,109372936146055629691507865331914184071403906678781040512252891803121267399777,0.0,1785063606,0.017
748071,1785600000,72000.0,109372936146055629691507865331914184071403906678781040512252891803121267399777,0.0,1785067205,0.017
748071,1785600000,72000.0,109372936146055629691507865331914184071403906678781040512252891803121267399777,0.0,1785067205,0.017
748071,1785600000,72000.0,109372936146055629691507865331914184071403906678781040512252891803121267399777,0.0,1785070805,0.017
748071,1785600000,72000.0,109372936146055629691507865331914184071403906678781040512252891803121267399777,0.0,1785070805,0.017
748071,1785600000,72000.0,109372936146055629691507865331914184071403906678781040512252891803121267399777,0.0,1785074404,0.0175
748071,1785600000,72000.0,109372936146055629691507865331914184071403906678781040512252891803121267399777,0.0,1785074404,0.0175
748071,1785600000,72000.0,109372936146055629691507865331914184071403906678781040512252891803121267399777,0.0,1785078022,0.0185
748071,1785600000,72000.0,109372936146055629691507865331914184071403906678781040512252891803121267399777,0.0,1785078022,0.0185
748071,1785600000,72000.0,109372936146055629691507865331914184071403906678781040512252891803121267399777,0.0,1785081605,0.019
748071,1785600000,72000.0,109372936146055629691507865331914184071403906678781040512252891803121267399777,0.0,1785081605,0.019
748071,1785600000,72000.0,109372936146055629691507865331914184071403906678781040512252891803121267399777,0.0,1785085205,0.0195
748071,1785600000,72000.0,109372936146055629691507865331914184071403906678781040512252891803121267399777,0.0,1785085205,0.0195
748071,1785600000,72000.0,109372936146055629691507865331914184071403906678781040512252891803121267399777,0.0,1785088805,0.02
748071,1785600000,72000.0,109372936146055629691507865331914184071403906678781040512252891803121267399777,0.0,1785088805,0.02
748071,1785600000,72000.0,109372936146055629691507865331914184071403906678781040512252891803121267399777,0.0,1785092406,0.02
748071,1785600000,72000.0,109372936146055629691507865331914184071403906678781040512252891803121267399777,0.0,1785092406,0.02
748071,1785600000,72000.0,109372936146055629691507865331914184071403906678781040512252891803121267399777,0.0,1785096020,0.02
748071,1785600000,72000.0,109372936146055629691507865331914184071403906678781040512252891803121267399777,0.0,1785096020,0.02
748071,1785600000,72000.0,109372936146055629691507865331914184071403906678781040512252891803121267399777,0.0,1785099624,0.0165
748071,1785600000,72000.0,109372936146055629691507865331914184071403906678781040512252891803121267399777,0.0,1785099624,0.0165
748071,1785600000,72000.0,109372936146055629691507865331914184071403906678781040512252891803121267399777,0.0,1785103206,0.018
748071,1785600000,72000.0,109372936146055629691507865331914184071403906678781040512252891803121267399777,0.0,1785103206,0.018
748071,1785600000,72000.0,109372936146055629691507865331914184071403906678781040512252891803121267399777,0.0,1785106806,0.018
748071,1785600000,72000.0,109372936146055629691507865331914184071403906678781040512252891803121267399777,0.0,1785106806,0.018
748071,1785600000,72000.0,109372936146055629691507865331914184071403906678781040512252891803121267399777,0.0,1785110405,0.0185
748071,1785600000,72000.0,109372936146055629691507865331914184071403906678781040512252891803121267399777,0.0,1785110405,0.0185
748071,1785600000,72000.0,109372936146055629691507865331914184071403906678781040512252891803121267399777,0.0,1785114006,0.0185
748071,1785600000,72000.0,109372936146055629691507865331914184071403906678781040512252891803121267399777,0.0,1785114006,0.0185
748071,1785600000,72000.0,109372936146055629691507865331914184071403906678781040512252891803121267399777,0.0,1785117605,0.0185
748071,1785600000,72000.0,109372936146055629691507865331914184071403906678781040512252891803121267399777,0.0,1785117605,0.0185
748071,1785600000,72000.0,109372936146055629691507865331914184071403906678781040512252891803121267399777,0.0,1785121205,0.0175
748071,1785600000,72000.0,109372936146055629691507865331914184071403906678781040512252891803121267399777,0.0,1785121205,0.0175
748071,1785600000,72000.0,109372936146055629691507865331914184071403906678781040512252891803121267399777,0.0,1785124806,0.017
748071,1785600000,72000.0,109372936146055629691507865331914184071403906678781040512252891803121267399777,0.0,1785124806,0.017
748071,1785600000,72000.0,109372936146055629691507865331914184071403906678781040512252891803121267399777,0.0,1785128405,0.0185
748071,1785600000,72000.0,109372936146055629691507865331914184071403906678781040512252891803121267399777,0.0,1785128405,0.0185
748071,1785600000,72000.0,109372936146055629691507865331914184071403906678781040512252891803121267399777,0.0,1785132006,0.0185
748071,1785600000,72000.0,109372936146055629691507865331914184071403906678781040512252891803121267399777,0.0,1785132006,0.0185
748071,1785600000,72000.0,109372936146055629691507865331914184071403906678781040512252891803121267399777,0.0,1785135604,0.0185
748071,1785600000,72000.0,109372936146055629691507865331914184071403906678781040512252891803121267399777,0.0,1785135604,0.0185
748071,1785600000,72000.0,109372936146055629691507865331914184071403906678781040512252891803121267399777,0.0,1785139205,0.0185
748071,1785600000,72000.0,109372936146055629691507865331914184071403906678781040512252891803121267399777,0.0,1785139205,0.0185
748071,1785600000,72000.0,109372936146055629691507865331914184071403906678781040512252891803121267399777,0.0,1785142804,0.0185
748071,1785600000,72000.0,109372936146055629691507865331914184071403906678781040512252891803121267399777,0.0,1785142804,0.0185
748071,1785600000,72000.0,109372936146055629691507865331914184071403906678781040512252891803121267399777,0.0,1785146405,0.0165
748071,1785600000,72000.0,109372936146055629691507865331914184071403906678781040512252891803121267399777,0.0,1785146405,0.0165
748071,1785600000,72000.0,109372936146055629691507865331914184071403906678781040512252891803121267399777,0.0,1785150006,0.017
748071,1785600000,72000.0,109372936146055629691507865331914184071403906678781040512252891803121267399777,0.0,1785150006,0.017
748071,1785600000,72000.0,109372936146055629691507865331914184071403906678781040512252891803121267399777,0.0,1785153604,0.0165
748071,1785600000,72000.0,109372936146055629691507865331914184071403906678781040512252891803121267399777,0.0,1785153604,0.0165
748071,1785600000,72000.0,109372936146055629691507865331914184071403906678781040512252891803121267399777,0.0,1785157205,0.0165
748071,1785600000,72000.0,109372936146055629691507865331914184071403906678781040512252891803121267399777,0.0,1785157205,0.0165
748071,1785600000,72000.0,109372936146055629691507865331914184071403906678781040512252891803121267399777,0.0,1785160805,0.0155
748071,1785600000,72000.0,109372936146055629691507865331914184071403906678781040512252891803121267399777,0.0,1785160805,0.0155
748071,1785600000,72000.0,109372936146055629691507865331914184071403906678781040512252891803121267399777,0.0,1785164405,0.016
748071,1785600000,72000.0,109372936146055629691507865331914184071403906678781040512252891803121267399777,0.0,1785164405,0.016
748071,1785600000,72000.0,109372936146055629691507865331914184071403906678781040512252891803121267399777,0.0,1785168004,0.014
748071,1785600000,72000.0,109372936146055629691507865331914184071403906678781040512252891803121267399777,0.0,1785168004,0.014
748071,1785600000,72000.0,109372936146055629691507865331914184071403906678781040512252891803121267399777,0.0,1785171604,0.0125
748071,1785600000,72000.0,109372936146055629691507865331914184071403906678781040512252891803121267399777,0.0,1785171604,0.0125
748071,1785600000,72000.0,109372936146055629691507865331914184071403906678781040512252891803121267399777,0.0,1785175206,0.0135
748071,1785600000,72000.0,109372936146055629691507865331914184071403906678781040512252891803121267399777,0.0,1785175206,0.0135
748071,1785600000,72000.0,109372936146055629691507865331914184071403906678781040512252891803121267399777,0.0,1785178819,0.014
748071,1785600000,72000.0,109372936146055629691507865331914184071403906678781040512252891803121267399777,0.0,1785178819,0.014
748071,1785600000,72000.0,109372936146055629691507865331914184071403906678781040512252891803121267399777,0.0,1785182419,0.0135
748071,1785600000,72000.0,109372936146055629691507865331914184071403906678781040512252891803121267399777,0.0,1785182419,0.0135
748071,1785600000,72000.0,109372936146055629691507865331914184071403906678781040512252891803121267399777,0.0,1785186005,0.014
748071,1785600000,72000.0,109372936146055629691507865331914184071403906678781040512252891803121267399777,0.0,1785186005,0.014
748071,1785600000,72000.0,109372936146055629691507865331914184071403906678781040512252891803121267399777,0.0,1785189606,0.014
748071,1785600000,72000.0,109372936146055629691507865331914184071403906678781040512252891803121267399777,0.0,1785189606,0.014
748071,1785600000,72000.0,109372936146055629691507865331914184071403906678781040512252891803121267399777,0.0,1785193207,0.014
748071,1785600000,72000.0,109372936146055629691507865331914184071403906678781040512252891803121267399777,0.0,1785193207,0.014
748071,1785600000,72000.0,109372936146055629691507865331914184071403906678781040512252891803121267399777,0.0,1785196807,0.014
748071,1785600000,72000.0,109372936146055629691507865331914184071403906678781040512252891803121267399777,0.0,1785196807,0.014
748071,1785600000,72000.0,109372936146055629691507865331914184071403906678781040512252891803121267399777,0.0,1785200406,0.014
748071,1785600000,72000.0,109372936146055629691507865331914184071403906678781040512252891803121267399777,0.0,1785200406,0.014
748071,1785600000,72000.0,109372936146055629691507865331914184071403906678781040512252891803121267399777,0.0,1785204006,0.014
748071,1785600000,72000.0,109372936146055629691507865331914184071403906678781040512252891803121267399777,0.0,1785204006,0.014
748071,1785600000,72000.0,109372936146055629691507865331914184071403906678781040512252891803121267399777,0.0,1785207607,0.014
748071,1785600000,72000.0,109372936146055629691507865331914184071403906678781040512252891803121267399777,0.0,1785207607,0.014
748071,1785600000,72000.0,109372936146055629691507865331914184071403906678781040512252891803121267399777,0.0,1785211207,0.014
748071,1785600000,72000.0,109372936146055629691507865331914184071403906678781040512252891803121267399777,0.0,1785211207,0.014
748071,1785600000,72000.0,109372936146055629691507865331914184071403906678781040512252891803121267399777,0.0,1785214805,0.011
748071,1785600000,72000.0,109372936146055629691507865331914184071403906678781040512252891803121267399777,0.0,1785214805,0.011
748071,1785600000,72000.0,109372936146055629691507865331914184071403906678781040512252891803121267399777,0.0,1785218407,0.0085
748071,1785600000,72000.0,109372936146055629691507865331914184071403906678781040512252891803121267399777,0.0,1785218407,0.0085
748071,1785600000,72000.0,109372936146055629691507865331914184071403906678781040512252891803121267399777,0.0,1785222007,0.0095
748071,1785600000,72000.0,109372936146055629691507865331914184071403906678781040512252891803121267399777,0.0,1785222007,0.0095
748071,1785600000,72000.0,109372936146055629691507865331914184071403906678781040512252891803121267399777,0.0,1785225608,0.0085
748071,1785600000,72000.0,109372936146055629691507865331914184071403906678781040512252891803121267399777,0.0,1785225608,0.0085
748071,1785600000,72000.0,109372936146055629691507865331914184071403906678781040512252891803121267399777,0.0,1785232805,0.0085
748071,1785600000,72000.0,109372936146055629691507865331914184071403906678781040512252891803121267399777,0.0,1785232805,0.0085
748071,1785600000,72000.0,109372936146055629691507865331914184071403906678781040512252891803121267399777,0.0,1785236419,0.0085
748071,1785600000,72000.0,109372936146055629691507865331914184071403906678781040512252891803121267399777,0.0,1785236419,0.0085
748071,1785600000,72000.0,109372936146055629691507865331914184071403906678781040512252891803121267399777,0.0,1785240021,0.0075
748071,1785600000,72000.0,109372936146055629691507865331914184071403906678781040512252891803121267399777,0.0,1785240021,0.0075
748071,1785600000,72000.0,109372936146055629691507865331914184071403906678781040512252891803121267399777,0.0,1785243610,0.0075
748071,1785600000,72000.0,109372936146055629691507865331914184071403906678781040512252891803121267399777,0.0,1785243610,0.0075
748071,1785600000,72000.0,109372936146055629691507865331914184071403906678781040512252891803121267399777,0.0,1785247212,0.007
748071,1785600000,72000.0,109372936146055629691507865331914184071403906678781040512252891803121267399777,0.0,1785247212,0.007
748071,1785600000,72000.0,109372936146055629691507865331914184071403906678781040512252891803121267399777,0.0,1785250818,0.007
748071,1785600000,72000.0,109372936146055629691507865331914184071403906678781040512252891803121267399777,0.0,1785250818,0.007
748071,1785600000,72000.0,109372936146055629691507865331914184071403906678781040512252891803121267399777,0.0,1785254410,0.0065
748071,1785600000,72000.0,109372936146055629691507865331914184071403906678781040512252891803121267399777,0.0,1785254410,0.0065
748071,1785600000,72000.0,109372936146055629691507865331914184071403906678781040512252891803121267399777,0.0,1785258012,0.007
748071,1785600000,72000.0,109372936146055629691507865331914184071403906678781040512252891803121267399777,0.0,1785258012,0.007
748071,1785600000,72000.0,109372936146055629691507865331914184071403906678781040512252891803121267399777,0.0,1785261614,0.0065
748071,1785600000,72000.0,109372936146055629691507865331914184071403906678781040512252891803121267399777,0.0,1785261614,0.0065
748071,1785600000,72000.0,109372936146055629691507865331914184071403906678781040512252891803121267399777,0.0,1785265229,0.0075
748071,1785600000,72000.0,109372936146055629691507865331914184071403906678781040512252891803121267399777,0.0,1785265229,0.0075
748071,1785600000,72000.0,109372936146055629691507865331914184071403906678781040512252891803121267399777,0.0,1785268817,0.0075
748071,1785600000,72000.0,109372936146055629691507865331914184071403906678781040512252891803121267399777,0.0,1785268817,0.0075
748071,1785600000,72000.0,109372936146055629691507865331914184071403906678781040512252891803121267399777,0.0,1785272420,0.0075
748071,1785600000,72000.0,109372936146055629691507865331914184071403906678781040512252891803121267399777,0.0,1785272420,0.0075
748071,1785600000,72000.0,109372936146055629691507865331914184071403906678781040512252891803121267399777,0.0,1785276016,0.008
748071,1785600000,72000.0,109372936146055629691507865331914184071403906678781040512252891803121267399777,0.0,1785276016,0.008
748071,1785600000,72000.0,109372936146055629691507865331914184071403906678781040512252891803121267399777,0.0,1785279621,0.0075
748071,1785600000,72000.0,109372936146055629691507865331914184071403906678781040512252891803121267399777,0.0,1785279621,0.0075
748071,1785600000,72000.0,109372936146055629691507865331914184071403906678781040512252891803121267399777,0.0,1785283236,0.0075
748071,1785600000,72000.0,109372936146055629691507865331914184071403906678781040512252891803121267399777,0.0,1785283236,0.0075
748071,1785600000,72000.0,109372936146055629691507865331914184071403906678781040512252891803121267399777,0.0,1785286813,0.007
748071,1785600000,72000.0,109372936146055629691507865331914184071403906678781040512252891803121267399777,0.0,1785286813,0.007
748071,1785600000,72000.0,109372936146055629691507865331914184071403906678781040512252891803121267399777,0.0,1785290417,0.0075
748071,1785600000,72000.0,109372936146055629691507865331914184071403906678781040512252891803121267399777,0.0,1785290417,0.0075
748071,1785600000,72000.0,109372936146055629691507865331914184071403906678781040512252891803121267399777,0.0,1785294019,0.0075
748071,1785600000,72000.0,109372936146055629691507865331914184071403906678781040512252891803121267399777,0.0,1785294019,0.0075
748071,1785600000,72000.0,109372936146055629691507865331914184071403906678781040512252891803121267399777,0.0,1785297616,0.002
748071,1785600000,72000.0,109372936146055629691507865331914184071403906678781040512252891803121267399777,0.0,1785297616,0.002
748071,1785600000,72000.0,109372936146055629691507865331914184071403906678781040512252891803121267399777,0.0,1785301219,0.002
748071,1785600000,72000.0,109372936146055629691507865331914184071403906678781040512252891803121267399777,0.0,1785301219,0.002
748071,1785600000,72000.0,109372936146055629691507865331914184071403906678781040512252891803121267399777,0.0,1785304822,0.002
748071,1785600000,72000.0,109372936146055629691507865331914184071403906678781040512252891803121267399777,0.0,1785304822,0.002
748071,1785600000,72000.0,109372936146055629691507865331914184071403906678781040512252891803121267399777,0.0,1785308418,0.002
748071,1785600000,72000.0,109372936146055629691507865331914184071403906678781040512252891803121267399777,0.0,1785308418,0.002
748071,1785600000,72000.0,109372936146055629691507865331914184071403906678781040512252891803121267399777,0.0,1785312016,0.002
748071,1785600000,72000.0,109372936146055629691507865331914184071403906678781040512252891803121267399777,0.0,1785312016,0.002
748071,1785600000,72000.0,109372936146055629691507865331914184071403906678781040512252891803121267399777,0.0,1785315615,0.002
748071,1785600000,72000.0,109372936146055629691507865331914184071403906678781040512252891803121267399777,0.0,1785315615,0.002
748071,1785600000,72000.0,109372936146055629691507865331914184071403906678781040512252891803121267399777,0.0,1785319214,0.0015
748071,1785600000,72000.0,109372936146055629691507865331914184071403906678781040512252891803121267399777,0.0,1785319214,0.0015
748071,1785600000,72000.0,109372936146055629691507865331914184071403906678781040512252891803121267399777,0.0,1785322817,0.0015
748071,1785600000,72000.0,109372936146055629691507865331914184071403906678781040512252891803121267399777,0.0,1785322817,0.0015
748071,1785600000,72000.0,109372936146055629691507865331914184071403906678781040512252891803121267399777,0.0,1785326417,0.0015
748071,1785600000,72000.0,109372936146055629691507865331914184071403906678781040512252891803121267399777,0.0,1785326417,0.0015
748071,1785600000,72000.0,109372936146055629691507865331914184071403906678781040512252891803121267399777,0.0,1785330015,0.0015
748071,1785600000,72000.0,109372936146055629691507865331914184071403906678781040512252891803121267399777,0.0,1785330015,0.0015
748071,1785600000,72000.0,109372936146055629691507865331914184071403906678781040512252891803121267399777,0.0,1785333616,0.0015
748071,1785600000,72000.0,109372936146055629691507865331914184071403906678781040512252891803121267399777,0.0,1785333616,0.0015
748071,1785600000,72000.0,109372936146055629691507865331914184071403906678781040512252891803121267399777,0.0,1785337216,0.0075
748071,1785600000,72000.0,109372936146055629691507865331914184071403906678781040512252891803121267399777,0.0,1785337216,0.0075
748071,1785600000,72000.0,109372936146055629691507865331914184071403906678781040512252891803121267399777,0.0,1785340823,0.0075
748071,1785600000,72000.0,109372936146055629691507865331914184071403906678781040512252891803121267399777,0.0,1785340823,0.0075
748071,1785600000,72000.0,109372936146055629691507865331914184071403906678781040512252891803121267399777,0.0,1785344413,0.008
748071,1785600000,72000.0,109372936146055629691507865331914184071403906678781040512252891803121267399777,0.0,1785344413,0.008
748071,1785600000,72000.0,109372936146055629691507865331914184071403906678781040512252891803121267399777,0.0,1785348034,0.0095
748071,1785600000,72000.0,109372936146055629691507865331914184071403906678781040512252891803121267399777,0.0,1785348034,0.0095
748071,1785600000,72000.0,109372936146055629691507865331914184071403906678781040512252891803121267399777,0.0,1785351612,0.0085
748071,1785600000,72000.0,109372936146055629691507865331914184071403906678781040512252891803121267399777,0.0,1785351612,0.0085
748071,1785600000,72000.0,109372936146055629691507865331914184071403906678781040512252891803121267399777,0.0,1785355208,0.0085
748071,1785600000,72000.0,109372936146055629691507865331914184071403906678781040512252891803121267399777,0.0,1785355208,0.0085
748071,1785600000,72000.0,109372936146055629691507865331914184071403906678781040512252891803121267399777,0.0,1785358808,0.008
748071,1785600000,72000.0,109372936146055629691507865331914184071403906678781040512252891803121267399777,0.0,1785358808,0.008
748071,1785600000,72000.0,109372936146055629691507865331914184071403906678781040512252891803121267399777,0.0,1785362409,0.008
748071,1785600000,72000.0,109372936146055629691507865331914184071403906678781040512252891803121267399777,0.0,1785362409,0.008
748071,1785600000,72000.0,109372936146055629691507865331914184071403906678781040512252891803121267399777,0.0,1785366010,0.008
748071,1785600000,72000.0,109372936146055629691507865331914184071403906678781040512252891803121267399777,0.0,1785366010,0.008
748071,1785600000,72000.0,109372936146055629691507865331914184071403906678781040512252891803121267399777,0.0,1785369622,0.0075
748071,1785600000,72000.0,109372936146055629691507865331914184071403906678781040512252891803121267399777,0.0,1785369622,0.0075
748071,1785600000,72000.0,109372936146055629691507865331914184071403906678781040512252891803121267399777,0.0,1785373212,0.0075
748071,1785600000,72000.0,109372936146055629691507865331914184071403906678781040512252891803121267399777,0.0,1785373212,0.0075
748071,1785600000,72000.0,109372936146055629691507865331914184071403906678781040512252891803121267399777,0.0,1785376810,0.0065
748071,1785600000,72000.0,109372936146055629691507865331914184071403906678781040512252891803121267399777,0.0,1785376810,0.0065
748071,1785600000,72000.0,109372936146055629691507865331914184071403906678781040512252891803121267399777,0.0,1785380408,0.007
748071,1785600000,72000.0,109372936146055629691507865331914184071403906678781040512252891803121267399777,0.0,1785380408,0.007
748071,1785600000,72000.0,109372936146055629691507865331914184071403906678781040512252891803121267399777,0.0,1785384008,0.007
748071,1785600000,72000.0,109372936146055629691507865331914184071403906678781040512252891803121267399777,0.0,1785384008,0.007
748071,1785600000,72000.0,109372936146055629691507865331914184071403906678781040512252891803121267399777,0.0,1785387607,0.006
748071,1785600000,72000.0,109372936146055629691507865331914184071403906678781040512252891803121267399777,0.0,1785387607,0.006
748071,1785600000,72000.0,109372936146055629691507865331914184071403906678781040512252891803121267399777,0.0,1785391209,0.006
748071,1785600000,72000.0,109372936146055629691507865331914184071403906678781040512252891803121267399777,0.0,1785391209,0.006
748071,1785600000,72000.0,109372936146055629691507865331914184071403906678781040512252891803121267399777,0.0,1785394807,0.0025
748071,1785600000,72000.0,109372936146055629691507865331914184071403906678781040512252891803121267399777,0.0,1785394807,0.0025
748071,1785600000,72000.0,109372936146055629691507865331914184071403906678781040512252891803121267399777,0.0,1785398408,0.0025
748071,1785600000,72000.0,109372936146055629691507865331914184071403906678781040512252891803121267399777,0.0,1785398408,0.0025
748071,1785600000,72000.0,109372936146055629691507865331914184071403906678781040512252891803121267399777,0.0,1785402008,0.0025
748071,1785600000,72000.0,109372936146055629691507865331914184071403906678781040512252891803121267399777,0.0,1785402008,0.0025
748071,1785600000,72000.0,109372936146055629691507865331914184071403906678781040512252891803121267399777,0.0,1785405608,0.0025
748071,1785600000,72000.0,109372936146055629691507865331914184071403906678781040512252891803121267399777,0.0,1785405608,0.0025
748071,1785600000,72000.0,109372936146055629691507865331914184071403906678781040512252891803121267399777,0.0,1785409207,0.0025
748071,1785600000,72000.0,109372936146055629691507865331914184071403906678781040512252891803121267399777,0.0,1785409207,0.0025
748071,1785600000,72000.0,109372936146055629691507865331914184071403906678781040512252891803121267399777,0.0,1785412807,0.0025
748071,1785600000,72000.0,109372936146055629691507865331914184071403906678781040512252891803121267399777,0.0,1785412807,0.0025
748071,1785600000,72000.0,109372936146055629691507865331914184071403906678781040512252891803121267399777,0.0,1785416409,0.0025
748071,1785600000,72000.0,109372936146055629691507865331914184071403906678781040512252891803121267399777,0.0,1785416409,0.0025
748071,1785600000,72000.0,109372936146055629691507865331914184071403906678781040512252891803121267399777,0.0,1785420010,0.0025
748071,1785600000,72000.0,109372936146055629691507865331914184071403906678781040512252891803121267399777,0.0,1785420010,0.0025
748071,1785600000,72000.0,109372936146055629691507865331914184071403906678781040512252891803121267399777,0.0,1785423610,0.0025
748071,1785600000,72000.0,109372936146055629691507865331914184071403906678781040512252891803121267399777,0.0,1785423610,0.0025
748071,1785600000,72000.0,109372936146055629691507865331914184071403906678781040512252891803121267399777,0.0,1785427209,0.0025
748071,1785600000,72000.0,109372936146055629691507865331914184071403906678781040512252891803121267399777,0.0,1785427209,0.0025
748071,1785600000,72000.0,109372936146055629691507865331914184071403906678781040512252891803121267399777,0.0,1785430810,0.0025
748071,1785600000,72000.0,109372936146055629691507865331914184071403906678781040512252891803121267399777,0.0,1785430810,0.0025
748071,1785600000,72000.0,109372936146055629691507865331914184071403906678781040512252891803121267399777,0.0,1785434411,0.0025
748071,1785600000,72000.0,109372936146055629691507865331914184071403906678781040512252891803121267399777,0.0,1785434411,0.0025
748071,1785600000,72000.0,109372936146055629691507865331914184071403906678781040512252891803121267399777,0.0,1785438009,0.0025
748071,1785600000,72000.0,109372936146055629691507865331914184071403906678781040512252891803121267399777,0.0,1785438009,0.0025
748071,1785600000,72000.0,109372936146055629691507865331914184071403906678781040512252891803121267399777,0.0,1785441608,0.0025
748071,1785600000,72000.0,109372936146055629691507865331914184071403906678781040512252891803121267399777,0.0,1785441608,0.0025
748071,1785600000,72000.0,109372936146055629691507865331914184071403906678781040512252891803121267399777,0.0,1785445207,0.0025
748071,1785600000,72000.0,109372936146055629691507865331914184071403906678781040512252891803121267399777,0.0,1785445207,0.0025
748071,1785600000,72000.0,109372936146055629691507865331914184071403906678781040512252891803121267399777,0.0,1785448806,0.0025
748071,1785600000,72000.0,109372936146055629691507865331914184071403906678781040512252891803121267399777,0.0,1785448806,0.0025
748071,1785600000,72000.0,109372936146055629691507865331914184071403906678781040512252891803121267399777,0.0,1785452408,0.0025
748071,1785600000,72000.0,109372936146055629691507865331914184071403906678781040512252891803121267399777,0.0,1785452408,0.0025
748071,1785600000,72000.0,109372936146055629691507865331914184071403906678781040512252891803121267399777,0.0,1785456020,0.0025
748071,1785600000,72000.0,109372936146055629691507865331914184071403906678781040512252891803121267399777,0.0,1785456020,0.0025
748071,1785600000,72000.0,109372936146055629691507865331914184071403906678781040512252891803121267399777,0.0,1785459607,0.0025
748071,1785600000,72000.0,109372936146055629691507865331914184071403906678781040512252891803121267399777,0.0,1785459607,0.0025
748071,1785600000,72000.0,109372936146055629691507865331914184071403906678781040512252891803121267399777,0.0,1785463207,0.0025
748071,1785600000,72000.0,109372936146055629691507865331914184071403906678781040512252891803121267399777,0.0,1785463207,0.0025
748071,1785600000,72000.0,109372936146055629691507865331914184071403906678781040512252891803121267399777,0.0,1785466809,0.002
748071,1785600000,72000.0,109372936146055629691507865331914184071403906678781040512252891803121267399777,0.0,1785466809,0.002
748071,1785600000,72000.0,109372936146055629691507865331914184071403906678781040512252891803121267399777,0.0,1785470409,0.0015
748071,1785600000,72000.0,109372936146055629691507865331914184071403906678781040512252891803121267399777,0.0,1785470409,0.0015
748071,1785600000,72000.0,109372936146055629691507865331914184071403906678781040512252891803121267399777,0.0,1785474011,0.0015
748071,1785600000,72000.0,109372936146055629691507865331914184071403906678781040512252891803121267399777,0.0,1785474011,0.0015
748071,1785600000,72000.0,109372936146055629691507865331914184071403906678781040512252891803121267399777,0.0,1785477607,0.0015
748071,1785600000,72000.0,109372936146055629691507865331914184071403906678781040512252891803121267399777,0.0,1785477607,0.0015
748071,1785600000,72000.0,109372936146055629691507865331914184071403906678781040512252891803121267399777,0.0,1785481208,0.0015
748071,1785600000,72000.0,109372936146055629691507865331914184071403906678781040512252891803121267399777,0.0,1785481208,0.0015
748071,1785600000,72000.0,109372936146055629691507865331914184071403906678781040512252891803121267399777,0.0,1785484809,0.0015
748071,1785600000,72000.0,109372936146055629691507865331914184071403906678781040512252891803121267399777,0.0,1785484809,0.0015
748071,1785600000,72000.0,109372936146055629691507865331914184071403906678781040512252891803121267399777,0.0,1785488409,0.0015
748071,1785600000,72000.0,109372936146055629691507865331914184071403906678781040512252891803121267399777,0.0,1785488409,0.0015
748071,1785600000,72000.0,109372936146055629691507865331914184071403906678781040512252891803121267399777,0.0,1785492009,0.0005
748071,1785600000,72000.0,109372936146055629691507865331914184071403906678781040512252891803121267399777,0.0,1785492009,0.0005
748071,1785600000,72000.0,109372936146055629691507865331914184071403906678781040512252891803121267399777,0.0,1785495613,0.0005
748071,1785600000,72000.0,109372936146055629691507865331914184071403906678781040512252891803121267399777,0.0,1785495613,0.0005
748071,1785600000,72000.0,109372936146055629691507865331914184071403906678781040512252891803121267399777,0.0,1785499209,0.0005
748071,1785600000,72000.0,109372936146055629691507865331914184071403906678781040512252891803121267399777,0.0,1785499209,0.0005
748071,1785600000,72000.0,109372936146055629691507865331914184071403906678781040512252891803121267399777,0.0,1785502810,0.0005
748071,1785600000,72000.0,109372936146055629691507865331914184071403906678781040512252891803121267399777,0.0,1785502810,0.0005
748071,1785600000,72000.0,109372936146055629691507865331914184071403906678781040512252891803121267399777,0.0,1785506408,0.0005
748071,1785600000,72000.0,109372936146055629691507865331914184071403906678781040512252891803121267399777,0.0,1785506408,0.0005
748071,1785600000,72000.0,109372936146055629691507865331914184071403906678781040512252891803121267399777,0.0,1785510024,0.0005
748071,1785600000,72000.0,109372936146055629691507865331914184071403906678781040512252891803121267399777,0.0,1785510024,0.0005
748071,1785600000,72000.0,109372936146055629691507865331914184071403906678781040512252891803121267399777,0.0,1785513609,0.0005
748071,1785600000,72000.0,109372936146055629691507865331914184071403906678781040512252891803121267399777,0.0,1785513609,0.0005
748071,1785600000,72000.0,109372936146055629691507865331914184071403906678781040512252891803121267399777,0.0,1785517210,0.0005
748071,1785600000,72000.0,109372936146055629691507865331914184071403906678781040512252891803121267399777,0.0,1785517210,0.0005
748071,1785600000,72000.0,109372936146055629691507865331914184071403906678781040512252891803121267399777,0.0,1785520811,0.0005
748071,1785600000,72000.0,109372936146055629691507865331914184071403906678781040512252891803121267399777,0.0,1785520811,0.0005
748071,1785600000,72000.0,109372936146055629691507865331914184071403906678781040512252891803121267399777,0.0,1785524426,0.0005
748071,1785600000,72000.0,109372936146055629691507865331914184071403906678781040512252891803121267399777,0.0,1785524426,0.0005
748071,1785600000,72000.0,109372936146055629691507865331914184071403906678781040512252891803121267399777,0.0,1785528018,0.0005
748071,1785600000,72000.0,109372936146055629691507865331914184071403906678781040512252891803121267399777,0.0,1785528018,0.0005
748071,1785600000,72000.0,109372936146055629691507865331914184071403906678781040512252891803121267399777,0.0,1785531609,0.0005
748071,1785600000,72000.0,109372936146055629691507865331914184071403906678781040512252891803121267399777,0.0,1785531609,0.0005
748071,1785600000,72000.0,109372936146055629691507865331914184071403906678781040512252891803121267399777,0.0,1785535209,0.0005
748071,1785600000,72000.0,109372936146055629691507865331914184071403906678781040512252891803121267399777,0.0,1785535209,0.0005
748071,1785600000,72000.0,109372936146055629691507865331914184071403906678781040512252891803121267399777,0.0,1785538809,0.0005
748071,1785600000,72000.0,109372936146055629691507865331914184071403906678781040512252891803121267399777,0.0,1785538809,0.0005
748071,1785600000,72000.0,109372936146055629691507865331914184071403906678781040512252891803121267399777,0.0,1785542412,0.0005
748071,1785600000,72000.0,109372936146055629691507865331914184071403906678781040512252891803121267399777,0.0,1785542412,0.0005
748071,1785600000,72000.0,109372936146055629691507865331914184071403906678781040512252891803121267399777,0.0,1785546008,0.0005
748071,1785600000,72000.0,109372936146055629691507865331914184071403906678781040512252891803121267399777,0.0,1785546008,0.0005
748071,1785600000,72000.0,109372936146055629691507865331914184071403906678781040512252891803121267399777,0.0,1785549607,0.0005
748071,1785600000,72000.0,109372936146055629691507865331914184071403906678781040512252891803121267399777,0.0,1785549607,0.0005
748071,1785600000,72000.0,109372936146055629691507865331914184071403906678781040512252891803121267399777,0.0,1785553208,0.0005
748071,1785600000,72000.0,109372936146055629691507865331914184071403906678781040512252891803121267399777,0.0,1785553208,0.0005
748071,1785600000,72000.0,109372936146055629691507865331914184071403906678781040512252891803121267399777,0.0,1785556809,0.0005
748071,1785600000,72000.0,109372936146055629691507865331914184071403906678781040512252891803121267399777,0.0,1785556809,0.0005
748071,1785600000,72000.0,109372936146055629691507865331914184071403906678781040512252891803121267399777,0.0,1785560412,0.0005
748071,1785600000,72000.0,109372936146055629691507865331914184071403906678781040512252891803121267399777,0.0,1785560412,0.0005
748071,1785600000,72000.0,109372936146055629691507865331914184071403906678781040512252891803121267399777,0.0,1785564025,0.0005
748071,1785600000,72000.0,109372936146055629691507865331914184071403906678781040512252891803121267399777,0.0,1785564025,0.0005
748071,1785600000,72000.0,109372936146055629691507865331914184071403906678781040512252891803121267399777,0.0,1785567609,0.0005
748071,1785600000,72000.0,109372936146055629691507865331914184071403906678781040512252891803121267399777,0.0,1785567609,0.0005
748071,1785600000,72000.0,109372936146055629691507865331914184071403906678781040512252891803121267399777,0.0,1785571209,0.0005
748071,1785600000,72000.0,109372936146055629691507865331914184071403906678781040512252891803121267399777,0.0,1785571209,0.0005
748071,1785600000,72000.0,109372936146055629691507865331914184071403906678781040512252891803121267399777,0.0,1785574812,0.0005
748071,1785600000,72000.0,109372936146055629691507865331914184071403906678781040512252891803121267399777,0.0,1785574812,0.0005
748071,1785600000,72000.0,109372936146055629691507865331914184071403906678781040512252891803121267399777,0.0,1785578409,0.0005
748071,1785600000,72000.0,109372936146055629691507865331914184071403906678781040512252891803121267399777,0.0,1785578409,0.0005
748071,1785600000,72000.0,109372936146055629691507865331914184071403906678781040512252891803121267399777,0.0,1785582040,0.0005
748071,1785600000,72000.0,109372936146055629691507865331914184071403906678781040512252891803121267399777,0.0,1785582040,0.0005
748071,1785600000,72000.0,109372936146055629691507865331914184071403906678781040512252891803121267399777,0.0,1785585611,0.0005
748071,1785600000,72000.0,109372936146055629691507865331914184071403906678781040512252891803121267399777,0.0,1785585611,0.0005
748071,1785600000,72000.0,109372936146055629691507865331914184071403906678781040512252891803121267399777,0.0,1785589206,0.0005
748071,1785600000,72000.0,109372936146055629691507865331914184071403906678781040512252891803121267399777,0.0,1785589206,0.0005
748071,1785600000,72000.0,109372936146055629691507865331914184071403906678781040512252891803121267399777,0.0,1785592807,0.0005
748071,1785600000,72000.0,109372936146055629691507865331914184071403906678781040512252891803121267399777,0.0,1785592807,0.0005
748071,1785600000,72000.0,109372936146055629691507865331914184071403906678781040512252891803121267399777,0.0,1785596407,0.0005
748071,1785600000,72000.0,109372936146055629691507865331914184071403906678781040512252891803121267399777,0.0,1785596407,0.0005
748071,1785600000,72000.0,109372936146055629691507865331914184071403906678781040512252891803121267399777,0.0,1785600009,0.0005
748071,1785600000,72000.0,109372936146055629691507865331914184071403906678781040512252891803121267399777,0.0,1785600009,0.0005
748071,1785600000,74000.0,75912177200689423884121431563715337002078298098805472274790033673682950697471,0.0,1784998819,0.24
748071,1785600000,74000.0,75912177200689423884121431563715337002078298098805472274790033673682950697471,0.0,1784998819,0.24
748071,1785600000,74000.0,75912177200689423884121431563715337002078298098805472274790033673682950697471,0.0,1785002429,0.24
748071,1785600000,74000.0,75912177200689423884121431563715337002078298098805472274790033673682950697471,0.0,1785002429,0.24
748071,1785600000,74000.0,75912177200689423884121431563715337002078298098805472274790033673682950697471,0.0,1785006016,0.235
748071,1785600000,74000.0,75912177200689423884121431563715337002078298098805472274790033673682950697471,0.0,1785006016,0.235
748071,1785600000,74000.0,75912177200689423884121431563715337002078298098805472274790033673682950697471,0.0,1785009619,0.24
748071,1785600000,74000.0,75912177200689423884121431563715337002078298098805472274790033673682950697471,0.0,1785009619,0.24
748071,1785600000,74000.0,75912177200689423884121431563715337002078298098805472274790033673682950697471,0.0,1785013245,0.225
748071,1785600000,74000.0,75912177200689423884121431563715337002078298098805472274790033673682950697471,0.0,1785013245,0.225
748071,1785600000,74000.0,75912177200689423884121431563715337002078298098805472274790033673682950697471,0.0,1785016817,0.24
748071,1785600000,74000.0,75912177200689423884121431563715337002078298098805472274790033673682950697471,0.0,1785016817,0.24
748071,1785600000,74000.0,75912177200689423884121431563715337002078298098805472274790033673682950697471,0.0,1785020440,0.24
748071,1785600000,74000.0,75912177200689423884121431563715337002078298098805472274790033673682950697471,0.0,1785020440,0.24
748071,1785600000,74000.0,75912177200689423884121431563715337002078298098805472274790033673682950697471,0.0,1785024020,0.016
748071,1785600000,74000.0,75912177200689423884121431563715337002078298098805472274790033673682950697471,0.0,1785024020,0.016
748071,1785600000,74000.0,75912177200689423884121431563715337002078298098805472274790033673682950697471,0.0,1785027613,0.016
748071,1785600000,74000.0,75912177200689423884121431563715337002078298098805472274790033673682950697471,0.0,1785027613,0.016
748071,1785600000,74000.0,75912177200689423884121431563715337002078298098805472274790033673682950697471,0.0,1785031213,0.0155
748071,1785600000,74000.0,75912177200689423884121431563715337002078298098805472274790033673682950697471,0.0,1785031213,0.0155
748071,1785600000,74000.0,75912177200689423884121431563715337002078298098805472274790033673682950697471,0.0,1785034830,0.0155
748071,1785600000,74000.0,75912177200689423884121431563715337002078298098805472274790033673682950697471,0.0,1785034830,0.0155
748071,1785600000,74000.0,75912177200689423884121431563715337002078298098805472274790033673682950697471,0.0,1785038418,0.0155
748071,1785600000,74000.0,75912177200689423884121431563715337002078298098805472274790033673682950697471,0.0,1785038418,0.0155
748071,1785600000,74000.0,75912177200689423884121431563715337002078298098805472274790033673682950697471,0.0,1785042013,0.0155
748071,1785600000,74000.0,75912177200689423884121431563715337002078298098805472274790033673682950697471,0.0,1785042013,0.0155
748071,1785600000,74000.0,75912177200689423884121431563715337002078298098805472274790033673682950697471,0.0,1785045626,0.0155
748071,1785600000,74000.0,75912177200689423884121431563715337002078298098805472274790033673682950697471,0.0,1785045626,0.0155
748071,1785600000,74000.0,75912177200689423884121431563715337002078298098805472274790033673682950697471,0.0,1785049239,0.0155
748071,1785600000,74000.0,75912177200689423884121431563715337002078298098805472274790033673682950697471,0.0,1785049239,0.0155
748071,1785600000,74000.0,75912177200689423884121431563715337002078298098805472274790033673682950697471,0.0,1785052815,0.016
748071,1785600000,74000.0,75912177200689423884121431563715337002078298098805472274790033673682950697471,0.0,1785052815,0.016
748071,1785600000,74000.0,75912177200689423884121431563715337002078298098805472274790033673682950697471,0.0,1785056415,0.0055
748071,1785600000,74000.0,75912177200689423884121431563715337002078298098805472274790033673682950697471,0.0,1785056415,0.0055
748071,1785600000,74000.0,75912177200689423884121431563715337002078298098805472274790033673682950697471,0.0,1785060016,0.0055
748071,1785600000,74000.0,75912177200689423884121431563715337002078298098805472274790033673682950697471,0.0,1785060016,0.0055
748071,1785600000,74000.0,75912177200689423884121431563715337002078298098805472274790033673682950697471,0.0,1785063612,0.0055
748071,1785600000,74000.0,75912177200689423884121431563715337002078298098805472274790033673682950697471,0.0,1785063612,0.0055
748071,1785600000,74000.0,75912177200689423884121431563715337002078298098805472274790033673682950697471,0.0,1785067226,0.0055
748071,1785600000,74000.0,75912177200689423884121431563715337002078298098805472274790033673682950697471,0.0,1785067226,0.0055
748071,1785600000,74000.0,75912177200689423884121431563715337002078298098805472274790033673682950697471,0.0,1785070812,0.0115
748071,1785600000,74000.0,75912177200689423884121431563715337002078298098805472274790033673682950697471,0.0,1785070812,0.0115
748071,1785600000,74000.0,75912177200689423884121431563715337002078298098805472274790033673682950697471,0.0,1785074418,0.0115
748071,1785600000,74000.0,75912177200689423884121431563715337002078298098805472274790033673682950697471,0.0,1785074418,0.0115
748071,1785600000,74000.0,75912177200689423884121431563715337002078298098805472274790033673682950697471,0.0,1785078055,0.011
748071,1785600000,74000.0,75912177200689423884121431563715337002078298098805472274790033673682950697471,0.0,1785078055,0.011
748071,1785600000,74000.0,75912177200689423884121431563715337002078298098805472274790033673682950697471,0.0,1785081618,0.011
748071,1785600000,74000.0,75912177200689423884121431563715337002078298098805472274790033673682950697471,0.0,1785081618,0.011
748071,1785600000,74000.0,75912177200689423884121431563715337002078298098805472274790033673682950697471,0.0,1785085218,0.0095
748071,1785600000,74000.0,75912177200689423884121431563715337002078298098805472274790033673682950697471,0.0,1785085218,0.0095
748071,1785600000,74000.0,75912177200689423884121431563715337002078298098805472274790033673682950697471,0.0,1785088826,0.01
748071,1785600000,74000.0,75912177200689423884121431563715337002078298098805472274790033673682950697471,0.0,1785088826,0.01
748071,1785600000,74000.0,75912177200689423884121431563715337002078298098805472274790033673682950697471,0.0,1785092422,0.01
748071,1785600000,74000.0,75912177200689423884121431563715337002078298098805472274790033673682950697471,0.0,1785092422,0.01
748071,1785600000,74000.0,75912177200689423884121431563715337002078298098805472274790033673682950697471,0.0,1785096034,0.01
748071,1785600000,74000.0,75912177200689423884121431563715337002078298098805472274790033673682950697471,0.0,1785096034,0.01
748071,1785600000,74000.0,75912177200689423884121431563715337002078298098805472274790033673682950697471,0.0,1785099652,0.012
748071,1785600000,74000.0,75912177200689423884121431563715337002078298098805472274790033673682950697471,0.0,1785099652,0.012
748071,1785600000,74000.0,75912177200689423884121431563715337002078298098805472274790033673682950697471,0.0,1785103214,0.0115
748071,1785600000,74000.0,75912177200689423884121431563715337002078298098805472274790033673682950697471,0.0,1785103214,0.0115
748071,1785600000,74000.0,75912177200689423884121431563715337002078298098805472274790033673682950697471,0.0,1785106814,0.0115
748071,1785600000,74000.0,75912177200689423884121431563715337002078298098805472274790033673682950697471,0.0,1785106814,0.0115
748071,1785600000,74000.0,75912177200689423884121431563715337002078298098805472274790033673682950697471,0.0,1785110428,0.012
748071,1785600000,74000.0,75912177200689423884121431563715337002078298098805472274790033673682950697471,0.0,1785110428,0.012
748071,1785600000,74000.0,75912177200689423884121431563715337002078298098805472274790033673682950697471,0.0,1785114014,0.012
748071,1785600000,74000.0,75912177200689423884121431563715337002078298098805472274790033673682950697471,0.0,1785114014,0.012
748071,1785600000,74000.0,75912177200689423884121431563715337002078298098805472274790033673682950697471,0.0,1785117612,0.012
748071,1785600000,74000.0,75912177200689423884121431563715337002078298098805472274790033673682950697471,0.0,1785117612,0.012
748071,1785600000,74000.0,75912177200689423884121431563715337002078298098805472274790033673682950697471,0.0,1785121220,0.0115
748071,1785600000,74000.0,75912177200689423884121431563715337002078298098805472274790033673682950697471,0.0,1785121220,0.0115
748071,1785600000,74000.0,75912177200689423884121431563715337002078298098805472274790033673682950697471,0.0,1785124820,0.011
748071,1785600000,74000.0,75912177200689423884121431563715337002078298098805472274790033673682950697471,0.0,1785124820,0.011
748071,1785600000,74000.0,75912177200689423884121431563715337002078298098805472274790033673682950697471,0.0,1785128416,0.014
748071,1785600000,74000.0,75912177200689423884121431563715337002078298098805472274790033673682950697471,0.0,1785128416,0.014
748071,1785600000,74000.0,75912177200689423884121431563715337002078298098805472274790033673682950697471,0.0,1785132029,0.014
748071,1785600000,74000.0,75912177200689423884121431563715337002078298098805472274790033673682950697471,0.0,1785132029,0.014
748071,1785600000,74000.0,75912177200689423884121431563715337002078298098805472274790033673682950697471,0.0,1785135617,0.014
748071,1785600000,74000.0,75912177200689423884121431563715337002078298098805472274790033673682950697471,0.0,1785135617,0.014
748071,1785600000,74000.0,75912177200689423884121431563715337002078298098805472274790033673682950697471,0.0,1785139213,0.014
748071,1785600000,74000.0,75912177200689423884121431563715337002078298098805472274790033673682950697471,0.0,1785139213,0.014
748071,1785600000,74000.0,75912177200689423884121431563715337002078298098805472274790033673682950697471,0.0,1785142819,0.014
748071,1785600000,74000.0,75912177200689423884121431563715337002078298098805472274790033673682950697471,0.0,1785142819,0.014
748071,1785600000,74000.0,75912177200689423884121431563715337002078298098805472274790033673682950697471,0.0,1785146418,0.009
748071,1785600000,74000.0,75912177200689423884121431563715337002078298098805472274790033673682950697471,0.0,1785146418,0.009
748071,1785600000,74000.0,75912177200689423884121431563715337002078298098805472274790033673682950697471,0.0,1785150018,0.011
748071,1785600000,74000.0,75912177200689423884121431563715337002078298098805472274790033673682950697471,0.0,1785150018,0.011
748071,1785600000,74000.0,75912177200689423884121431563715337002078298098805472274790033673682950697471,0.0,1785153637,0.011
748071,1785600000,74000.0,75912177200689423884121431563715337002078298098805472274790033673682950697471,0.0,1785153637,0.011
748071,1785600000,74000.0,75912177200689423884121431563715337002078298098805472274790033673682950697471,0.0,1785157219,0.011
748071,1785600000,74000.0,75912177200689423884121431563715337002078298098805472274790033673682950697471,0.0,1785157219,0.011
748071,1785600000,74000.0,75912177200689423884121431563715337002078298098805472274790033673682950697471,0.0,1785160824,0.0095
748071,1785600000,74000.0,75912177200689423884121431563715337002078298098805472274790033673682950697471,0.0,1785160824,0.0095
748071,1785600000,74000.0,75912177200689423884121431563715337002078298098805472274790033673682950697471,0.0,1785164433,0.0105
748071,1785600000,74000.0,75912177200689423884121431563715337002078298098805472274790033673682950697471,0.0,1785164433,0.0105
748071,1785600000,74000.0,75912177200689423884121431563715337002078298098805472274790033673682950697471,0.0,1785168023,0.008
748071,1785600000,74000.0,75912177200689423884121431563715337002078298098805472274790033673682950697471,0.0,1785168023,0.008
748071,1785600000,74000.0,75912177200689423884121431563715337002078298098805472274790033673682950697471,0.0,1785171627,0.0065
748071,1785600000,74000.0,75912177200689423884121431563715337002078298098805472274790033673682950697471,0.0,1785171627,0.0065
748071,1785600000,74000.0,75912177200689423884121431563715337002078298098805472274790033673682950697471,0.0,1785175232,0.0065
748071,1785600000,74000.0,75912177200689423884121431563715337002078298098805472274790033673682950697471,0.0,1785175232,0.0065
748071,1785600000,74000.0,75912177200689423884121431563715337002078298098805472274790033673682950697471,0.0,1785178828,0.0065
748071,1785600000,74000.0,75912177200689423884121431563715337002078298098805472274790033673682950697471,0.0,1785178828,0.0065
748071,1785600000,74000.0,75912177200689423884121431563715337002078298098805472274790033673682950697471,0.0,1785182426,0.0065
748071,1785600000,74000.0,75912177200689423884121431563715337002078298098805472274790033673682950697471,0.0,1785182426,0.0065
748071,1785600000,74000.0,75912177200689423884121431563715337002078298098805472274790033673682950697471,0.0,1785186021,0.0065
748071,1785600000,74000.0,75912177200689423884121431563715337002078298098805472274790033673682950697471,0.0,1785186021,0.0065
748071,1785600000,74000.0,75912177200689423884121431563715337002078298098805472274790033673682950697471,0.0,1785189621,0.0065
748071,1785600000,74000.0,75912177200689423884121431563715337002078298098805472274790033673682950697471,0.0,1785189621,0.0065
748071,1785600000,74000.0,75912177200689423884121431563715337002078298098805472274790033673682950697471,0.0,1785193221,0.0065
748071,1785600000,74000.0,75912177200689423884121431563715337002078298098805472274790033673682950697471,0.0,1785193221,0.0065
748071,1785600000,74000.0,75912177200689423884121431563715337002078298098805472274790033673682950697471,0.0,1785196830,0.0065
748071,1785600000,74000.0,75912177200689423884121431563715337002078298098805472274790033673682950697471,0.0,1785196830,0.0065
748071,1785600000,74000.0,75912177200689423884121431563715337002078298098805472274790033673682950697471,0.0,1785200416,0.0065
748071,1785600000,74000.0,75912177200689423884121431563715337002078298098805472274790033673682950697471,0.0,1785200416,0.0065
748071,1785600000,74000.0,75912177200689423884121431563715337002078298098805472274790033673682950697471,0.0,1785204015,0.0065
748071,1785600000,74000.0,75912177200689423884121431563715337002078298098805472274790033673682950697471,0.0,1785204015,0.0065
748071,1785600000,74000.0,75912177200689423884121431563715337002078298098805472274790033673682950697471,0.0,1785207630,0.0065
748071,1785600000,74000.0,75912177200689423884121431563715337002078298098805472274790033673682950697471,0.0,1785207630,0.0065
748071,1785600000,74000.0,75912177200689423884121431563715337002078298098805472274790033673682950697471,0.0,1785211238,0.0065
748071,1785600000,74000.0,75912177200689423884121431563715337002078298098805472274790033673682950697471,0.0,1785211238,0.0065
748071,1785600000,74000.0,75912177200689423884121431563715337002078298098805472274790033673682950697471,0.0,1785214834,0.0065
748071,1785600000,74000.0,75912177200689423884121431563715337002078298098805472274790033673682950697471,0.0,1785214834,0.0065
748071,1785600000,74000.0,75912177200689423884121431563715337002078298098805472274790033673682950697471,0.0,1785218435,0.0065
748071,1785600000,74000.0,75912177200689423884121431563715337002078298098805472274790033673682950697471,0.0,1785218435,0.0065
748071,1785600000,74000.0,75912177200689423884121431563715337002078298098805472274790033673682950697471,0.0,1785222036,0.006
748071,1785600000,74000.0,75912177200689423884121431563715337002078298098805472274790033673682950697471,0.0,1785222036,0.006
748071,1785600000,74000.0,75912177200689423884121431563715337002078298098805472274790033673682950697471,0.0,1785225620,0.006
748071,1785600000,74000.0,75912177200689423884121431563715337002078298098805472274790033673682950697471,0.0,1785225620,0.006
748071,1785600000,74000.0,75912177200689423884121431563715337002078298098805472274790033673682950697471,0.0,1785232830,0.006
748071,1785600000,74000.0,75912177200689423884121431563715337002078298098805472274790033673682950697471,0.0,1785232830,0.006
748071,1785600000,74000.0,75912177200689423884121431563715337002078298098805472274790033673682950697471,0.0,1785236436,0.006
748071,1785600000,74000.0,75912177200689423884121431563715337002078298098805472274790033673682950697471,0.0,1785236436,0.006
748071,1785600000,74000.0,75912177200689423884121431563715337002078298098805472274790033673682950697471,0.0,1785240052,0.005
748071,1785600000,74000.0,75912177200689423884121431563715337002078298098805472274790033673682950697471,0.0,1785240052,0.005
748071,1785600000,74000.0,75912177200689423884121431563715337002078298098805472274790033673682950697471,0.0,1785243627,0.005
748071,1785600000,74000.0,75912177200689423884121431563715337002078298098805472274790033673682950697471,0.0,1785243627,0.005
748071,1785600000,74000.0,75912177200689423884121431563715337002078298098805472274790033673682950697471,0.0,1785247227,0.005
748071,1785600000,74000.0,75912177200689423884121431563715337002078298098805472274790033673682950697471,0.0,1785247227,0.005
748071,1785600000,74000.0,75912177200689423884121431563715337002078298098805472274790033673682950697471,0.0,1785250832,0.005
748071,1785600000,74000.0,75912177200689423884121431563715337002078298098805472274790033673682950697471,0.0,1785250832,0.005
748071,1785600000,74000.0,75912177200689423884121431563715337002078298098805472274790033673682950697471,0.0,1785254424,0.005
748071,1785600000,74000.0,75912177200689423884121431563715337002078298098805472274790033673682950697471,0.0,1785254424,0.005
748071,1785600000,74000.0,75912177200689423884121431563715337002078298098805472274790033673682950697471,0.0,1785258026,0.005
748071,1785600000,74000.0,75912177200689423884121431563715337002078298098805472274790033673682950697471,0.0,1785258026,0.005
748071,1785600000,74000.0,75912177200689423884121431563715337002078298098805472274790033673682950697471,0.0,1785261631,0.005
748071,1785600000,74000.0,75912177200689423884121431563715337002078298098805472274790033673682950697471,0.0,1785261631,0.005
748071,1785600000,74000.0,75912177200689423884121431563715337002078298098805472274790033673682950697471,0.0,1785265242,0.005
748071,1785600000,74000.0,75912177200689423884121431563715337002078298098805472274790033673682950697471,0.0,1785265242,0.005
748071,1785600000,74000.0,75912177200689423884121431563715337002078298098805472274790033673682950697471,0.0,1785268836,0.005
748071,1785600000,74000.0,75912177200689423884121431563715337002078298098805472274790033673682950697471,0.0,1785268836,0.005
748071,1785600000,74000.0,75912177200689423884121431563715337002078298098805472274790033673682950697471,0.0,1785272457,0.005
748071,1785600000,74000.0,75912177200689423884121431563715337002078298098805472274790033673682950697471,0.0,1785272457,0.005
748071,1785600000,74000.0,75912177200689423884121431563715337002078298098805472274790033673682950697471,0.0,1785276053,0.005
748071,1785600000,74000.0,75912177200689423884121431563715337002078298098805472274790033673682950697471,0.0,1785276053,0.005
748071,1785600000,74000.0,75912177200689423884121431563715337002078298098805472274790033673682950697471,0.0,1785279659,0.005
748071,1785600000,74000.0,75912177200689423884121431563715337002078298098805472274790033673682950697471,0.0,1785279659,0.005
748071,1785600000,74000.0,75912177200689423884121431563715337002078298098805472274790033673682950697471,0.0,1785286833,0.005
748071,1785600000,74000.0,75912177200689423884121431563715337002078298098805472274790033673682950697471,0.0,1785286833,0.005
748071,1785600000,74000.0,75912177200689423884121431563715337002078298098805472274790033673682950697471,0.0,1785290445,0.005
748071,1785600000,74000.0,75912177200689423884121431563715337002078298098805472274790033673682950697471,0.0,1785290445,0.005
748071,1785600000,74000.0,75912177200689423884121431563715337002078298098805472274790033673682950697471,0.0,1785294045,0.005
748071,1785600000,74000.0,75912177200689423884121431563715337002078298098805472274790033673682950697471,0.0,1785294045,0.005
748071,1785600000,74000.0,75912177200689423884121431563715337002078298098805472274790033673682950697471,0.0,1785297637,0.0015
748071,1785600000,74000.0,75912177200689423884121431563715337002078298098805472274790033673682950697471,0.0,1785297637,0.0015
748071,1785600000,74000.0,75912177200689423884121431563715337002078298098805472274790033673682950697471,0.0,1785301259,0.0015
748071,1785600000,74000.0,75912177200689423884121431563715337002078298098805472274790033673682950697471,0.0,1785301259,0.0015
748071,1785600000,74000.0,75912177200689423884121431563715337002078298098805472274790033673682950697471,0.0,1785304856,0.0015
748071,1785600000,74000.0,75912177200689423884121431563715337002078298098805472274790033673682950697471,0.0,1785304856,0.0015
748071,1785600000,74000.0,75912177200689423884121431563715337002078298098805472274790033673682950697471,0.0,1785308453,0.0015
748071,1785600000,74000.0,75912177200689423884121431563715337002078298098805472274790033673682950697471,0.0,1785308453,0.0015
748071,1785600000,74000.0,75912177200689423884121431563715337002078298098805472274790033673682950697471,0.0,1785312037,0.0015
748071,1785600000,74000.0,75912177200689423884121431563715337002078298098805472274790033673682950697471,0.0,1785312037,0.0015
748071,1785600000,74000.0,75912177200689423884121431563715337002078298098805472274790033673682950697471,0.0,1785315639,0.0015
748071,1785600000,74000.0,75912177200689423884121431563715337002078298098805472274790033673682950697471,0.0,1785315639,0.0015
748071,1785600000,74000.0,75912177200689423884121431563715337002078298098805472274790033673682950697471,0.0,1785319234,0.0015
748071,1785600000,74000.0,75912177200689423884121431563715337002078298098805472274790033673682950697471,0.0,1785319234,0.0015
748071,1785600000,74000.0,75912177200689423884121431563715337002078298098805472274790033673682950697471,0.0,1785322841,0.0015
748071,1785600000,74000.0,75912177200689423884121431563715337002078298098805472274790033673682950697471,0.0,1785322841,0.0015
748071,1785600000,74000.0,75912177200689423884121431563715337002078298098805472274790033673682950697471,0.0,1785326452,0.0015
748071,1785600000,74000.0,75912177200689423884121431563715337002078298098805472274790033673682950697471,0.0,1785326452,0.0015
748071,1785600000,74000.0,75912177200689423884121431563715337002078298098805472274790033673682950697471,0.0,1785330038,0.0015
748071,1785600000,74000.0,75912177200689423884121431563715337002078298098805472274790033673682950697471,0.0,1785330038,0.0015
748071,1785600000,74000.0,75912177200689423884121431563715337002078298098805472274790033673682950697471,0.0,1785333640,0.0015
748071,1785600000,74000.0,75912177200689423884121431563715337002078298098805472274790033673682950697471,0.0,1785333640,0.0015
748071,1785600000,74000.0,75912177200689423884121431563715337002078298098805472274790033673682950697471,0.0,1785340859,0.0015
748071,1785600000,74000.0,75912177200689423884121431563715337002078298098805472274790033673682950697471,0.0,1785340859,0.0015
748071,1785600000,74000.0,75912177200689423884121431563715337002078298098805472274790033673682950697471,0.0,1785344445,0.0015
748071,1785600000,74000.0,75912177200689423884121431563715337002078298098805472274790033673682950697471,0.0,1785344445,0.0015
748071,1785600000,74000.0,75912177200689423884121431563715337002078298098805472274790033673682950697471,0.0,1785351613,0.0015
748071,1785600000,74000.0,75912177200689423884121431563715337002078298098805472274790033673682950697471,0.0,1785351613,0.0015
748071,1785600000,74000.0,75912177200689423884121431563715337002078298098805472274790033673682950697471,0.0,1785355210,0.0015
748071,1785600000,74000.0,75912177200689423884121431563715337002078298098805472274790033673682950697471,0.0,1785355210,0.0015
748071,1785600000,74000.0,75912177200689423884121431563715337002078298098805472274790033673682950697471,0.0,1785358813,0.0015
748071,1785600000,74000.0,75912177200689423884121431563715337002078298098805472274790033673682950697471,0.0,1785358813,0.0015
748071,1785600000,74000.0,75912177200689423884121431563715337002078298098805472274790033673682950697471,0.0,1785362411,0.0015
748071,1785600000,74000.0,75912177200689423884121431563715337002078298098805472274790033673682950697471,0.0,1785362411,0.0015
748071,1785600000,74000.0,75912177200689423884121431563715337002078298098805472274790033673682950697471,0.0,1785366011,0.0015
748071,1785600000,74000.0,75912177200689423884121431563715337002078298098805472274790033673682950697471,0.0,1785366011,0.0015
748071,1785600000,74000.0,75912177200689423884121431563715337002078298098805472274790033673682950697471,0.0,1785369624,0.0015
748071,1785600000,74000.0,75912177200689423884121431563715337002078298098805472274790033673682950697471,0.0,1785369624,0.0015
748071,1785600000,74000.0,75912177200689423884121431563715337002078298098805472274790033673682950697471,0.0,1785373213,0.0015
748071,1785600000,74000.0,75912177200689423884121431563715337002078298098805472274790033673682950697471,0.0,1785373213,0.0015
748071,1785600000,74000.0,75912177200689423884121431563715337002078298098805472274790033673682950697471,0.0,1785376811,0.0015
748071,1785600000,74000.0,75912177200689423884121431563715337002078298098805472274790033673682950697471,0.0,1785376811,0.0015
748071,1785600000,74000.0,75912177200689423884121431563715337002078298098805472274790033673682950697471,0.0,1785380411,0.0015
748071,1785600000,74000.0,75912177200689423884121431563715337002078298098805472274790033673682950697471,0.0,1785380411,0.0015
748071,1785600000,74000.0,75912177200689423884121431563715337002078298098805472274790033673682950697471,0.0,1785384009,0.0015
748071,1785600000,74000.0,75912177200689423884121431563715337002078298098805472274790033673682950697471,0.0,1785384009,0.0015
748071,1785600000,74000.0,75912177200689423884121431563715337002078298098805472274790033673682950697471,0.0,1785387608,0.0015
748071,1785600000,74000.0,75912177200689423884121431563715337002078298098805472274790033673682950697471,0.0,1785387608,0.0015
748071,1785600000,74000.0,75912177200689423884121431563715337002078298098805472274790033673682950697471,0.0,1785391210,0.0015
748071,1785600000,74000.0,75912177200689423884121431563715337002078298098805472274790033673682950697471,0.0,1785391210,0.0015
748071,1785600000,74000.0,75912177200689423884121431563715337002078298098805472274790033673682950697471,0.0,1785394808,0.0015
748071,1785600000,74000.0,75912177200689423884121431563715337002078298098805472274790033673682950697471,0.0,1785394808,0.0015
748071,1785600000,74000.0,75912177200689423884121431563715337002078298098805472274790033673682950697471,0.0,1785398409,0.0015
748071,1785600000,74000.0,75912177200689423884121431563715337002078298098805472274790033673682950697471,0.0,1785398409,0.0015
748071,1785600000,74000.0,75912177200689423884121431563715337002078298098805472274790033673682950697471,0.0,1785402009,0.0015
748071,1785600000,74000.0,75912177200689423884121431563715337002078298098805472274790033673682950697471,0.0,1785402009,0.0015
748071,1785600000,74000.0,75912177200689423884121431563715337002078298098805472274790033673682950697471,0.0,1785405609,0.0015
748071,1785600000,74000.0,75912177200689423884121431563715337002078298098805472274790033673682950697471,0.0,1785405609,0.0015
748071,1785600000,74000.0,75912177200689423884121431563715337002078298098805472274790033673682950697471,0.0,1785409209,0.0015
748071,1785600000,74000.0,75912177200689423884121431563715337002078298098805472274790033673682950697471,0.0,1785409209,0.0015
748071,1785600000,74000.0,75912177200689423884121431563715337002078298098805472274790033673682950697471,0.0,1785412809,0.0015
748071,1785600000,74000.0,75912177200689423884121431563715337002078298098805472274790033673682950697471,0.0,1785412809,0.0015
748071,1785600000,74000.0,75912177200689423884121431563715337002078298098805472274790033673682950697471,0.0,1785416410,0.0015
748071,1785600000,74000.0,75912177200689423884121431563715337002078298098805472274790033673682950697471,0.0,1785416410,0.0015
748071,1785600000,74000.0,75912177200689423884121431563715337002078298098805472274790033673682950697471,0.0,1785420011,0.0015
748071,1785600000,74000.0,75912177200689423884121431563715337002078298098805472274790033673682950697471,0.0,1785420011,0.0015
748071,1785600000,74000.0,75912177200689423884121431563715337002078298098805472274790033673682950697471,0.0,1785423612,0.0015
748071,1785600000,74000.0,75912177200689423884121431563715337002078298098805472274790033673682950697471,0.0,1785423612,0.0015
748071,1785600000,74000.0,75912177200689423884121431563715337002078298098805472274790033673682950697471,0.0,1785427211,0.0015
748071,1785600000,74000.0,75912177200689423884121431563715337002078298098805472274790033673682950697471,0.0,1785427211,0.0015
748071,1785600000,74000.0,75912177200689423884121431563715337002078298098805472274790033673682950697471,0.0,1785430811,0.0015
748071,1785600000,74000.0,75912177200689423884121431563715337002078298098805472274790033673682950697471,0.0,1785430811,0.0015
748071,1785600000,74000.0,75912177200689423884121431563715337002078298098805472274790033673682950697471,0.0,1785434413,0.0015
748071,1785600000,74000.0,75912177200689423884121431563715337002078298098805472274790033673682950697471,0.0,1785434413,0.0015
748071,1785600000,74000.0,75912177200689423884121431563715337002078298098805472274790033673682950697471,0.0,1785438010,0.0015
748071,1785600000,74000.0,75912177200689423884121431563715337002078298098805472274790033673682950697471,0.0,1785438010,0.0015
748071,1785600000,74000.0,75912177200689423884121431563715337002078298098805472274790033673682950697471,0.0,1785441609,0.0015
748071,1785600000,74000.0,75912177200689423884121431563715337002078298098805472274790033673682950697471,0.0,1785441609,0.0015
748071,1785600000,74000.0,75912177200689423884121431563715337002078298098805472274790033673682950697471,0.0,1785445209,0.0015
748071,1785600000,74000.0,75912177200689423884121431563715337002078298098805472274790033673682950697471,0.0,1785445209,0.0015
748071,1785600000,74000.0,75912177200689423884121431563715337002078298098805472274790033673682950697471,0.0,1785448808,0.0015
748071,1785600000,74000.0,75912177200689423884121431563715337002078298098805472274790033673682950697471,0.0,1785448808,0.0015
748071,1785600000,74000.0,75912177200689423884121431563715337002078298098805472274790033673682950697471,0.0,1785452409,0.0015
748071,1785600000,74000.0,75912177200689423884121431563715337002078298098805472274790033673682950697471,0.0,1785452409,0.0015
748071,1785600000,74000.0,75912177200689423884121431563715337002078298098805472274790033673682950697471,0.0,1785456022,0.0015
748071,1785600000,74000.0,75912177200689423884121431563715337002078298098805472274790033673682950697471,0.0,1785456022,0.0015
748071,1785600000,74000.0,75912177200689423884121431563715337002078298098805472274790033673682950697471,0.0,1785459608,0.0005
748071,1785600000,74000.0,75912177200689423884121431563715337002078298098805472274790033673682950697471,0.0,1785459608,0.0005
748071,1785600000,74000.0,75912177200689423884121431563715337002078298098805472274790033673682950697471,0.0,1785463208,0.0005
748071,1785600000,74000.0,75912177200689423884121431563715337002078298098805472274790033673682950697471,0.0,1785463208,0.0005
748071,1785600000,74000.0,75912177200689423884121431563715337002078298098805472274790033673682950697471,0.0,1785466811,0.0005
748071,1785600000,74000.0,75912177200689423884121431563715337002078298098805472274790033673682950697471,0.0,1785466811,0.0005
748071,1785600000,74000.0,75912177200689423884121431563715337002078298098805472274790033673682950697471,0.0,1785470410,0.0005
748071,1785600000,74000.0,75912177200689423884121431563715337002078298098805472274790033673682950697471,0.0,1785470410,0.0005
748071,1785600000,74000.0,75912177200689423884121431563715337002078298098805472274790033673682950697471,0.0,1785474012,0.0005
748071,1785600000,74000.0,75912177200689423884121431563715337002078298098805472274790033673682950697471,0.0,1785474012,0.0005
748071,1785600000,74000.0,75912177200689423884121431563715337002078298098805472274790033673682950697471,0.0,1785477608,0.0005
748071,1785600000,74000.0,75912177200689423884121431563715337002078298098805472274790033673682950697471,0.0,1785477608,0.0005
748071,1785600000,74000.0,75912177200689423884121431563715337002078298098805472274790033673682950697471,0.0,1785481210,0.0005
748071,1785600000,74000.0,75912177200689423884121431563715337002078298098805472274790033673682950697471,0.0,1785481210,0.0005
748071,1785600000,74000.0,75912177200689423884121431563715337002078298098805472274790033673682950697471,0.0,1785484810,0.0005
748071,1785600000,74000.0,75912177200689423884121431563715337002078298098805472274790033673682950697471,0.0,1785484810,0.0005
748071,1785600000,74000.0,75912177200689423884121431563715337002078298098805472274790033673682950697471,0.0,1785488411,0.0005
748071,1785600000,74000.0,75912177200689423884121431563715337002078298098805472274790033673682950697471,0.0,1785488411,0.0005
748071,1785600000,74000.0,75912177200689423884121431563715337002078298098805472274790033673682950697471,0.0,1785492010,0.0005
748071,1785600000,74000.0,75912177200689423884121431563715337002078298098805472274790033673682950697471,0.0,1785492010,0.0005
748071,1785600000,74000.0,75912177200689423884121431563715337002078298098805472274790033673682950697471,0.0,1785495615,0.0005
748071,1785600000,74000.0,75912177200689423884121431563715337002078298098805472274790033673682950697471,0.0,1785495615,0.0005
748071,1785600000,74000.0,75912177200689423884121431563715337002078298098805472274790033673682950697471,0.0,1785499210,0.0005
748071,1785600000,74000.0,75912177200689423884121431563715337002078298098805472274790033673682950697471,0.0,1785499210,0.0005
748071,1785600000,74000.0,75912177200689423884121431563715337002078298098805472274790033673682950697471,0.0,1785502811,0.0005
748071,1785600000,74000.0,75912177200689423884121431563715337002078298098805472274790033673682950697471,0.0,1785502811,0.0005
748071,1785600000,74000.0,75912177200689423884121431563715337002078298098805472274790033673682950697471,0.0,1785506409,0.0005
748071,1785600000,74000.0,75912177200689423884121431563715337002078298098805472274790033673682950697471,0.0,1785506409,0.0005
748071,1785600000,74000.0,75912177200689423884121431563715337002078298098805472274790033673682950697471,0.0,1785510026,0.0005
748071,1785600000,74000.0,75912177200689423884121431563715337002078298098805472274790033673682950697471,0.0,1785510026,0.0005
748071,1785600000,74000.0,75912177200689423884121431563715337002078298098805472274790033673682950697471,0.0,1785513610,0.0005
748071,1785600000,74000.0,75912177200689423884121431563715337002078298098805472274790033673682950697471,0.0,1785513610,0.0005
748071,1785600000,74000.0,75912177200689423884121431563715337002078298098805472274790033673682950697471,0.0,1785517211,0.0005
748071,1785600000,74000.0,75912177200689423884121431563715337002078298098805472274790033673682950697471,0.0,1785517211,0.0005
748071,1785600000,74000.0,75912177200689423884121431563715337002078298098805472274790033673682950697471,0.0,1785520812,0.0005
748071,1785600000,74000.0,75912177200689423884121431563715337002078298098805472274790033673682950697471,0.0,1785520812,0.0005
748071,1785600000,74000.0,75912177200689423884121431563715337002078298098805472274790033673682950697471,0.0,1785524427,0.0005
748071,1785600000,74000.0,75912177200689423884121431563715337002078298098805472274790033673682950697471,0.0,1785524427,0.0005
748071,1785600000,74000.0,75912177200689423884121431563715337002078298098805472274790033673682950697471,0.0,1785528019,0.0005
748071,1785600000,74000.0,75912177200689423884121431563715337002078298098805472274790033673682950697471,0.0,1785528019,0.0005
748071,1785600000,74000.0,75912177200689423884121431563715337002078298098805472274790033673682950697471,0.0,1785531611,0.0005
748071,1785600000,74000.0,75912177200689423884121431563715337002078298098805472274790033673682950697471,0.0,1785531611,0.0005
748071,1785600000,74000.0,75912177200689423884121431563715337002078298098805472274790033673682950697471,0.0,1785535211,0.0005
748071,1785600000,74000.0,75912177200689423884121431563715337002078298098805472274790033673682950697471,0.0,1785535211,0.0005
748071,1785600000,74000.0,75912177200689423884121431563715337002078298098805472274790033673682950697471,0.0,1785538810,0.0005
748071,1785600000,74000.0,75912177200689423884121431563715337002078298098805472274790033673682950697471,0.0,1785538810,0.0005
748071,1785600000,74000.0,75912177200689423884121431563715337002078298098805472274790033673682950697471,0.0,1785542413,0.0005
748071,1785600000,74000.0,75912177200689423884121431563715337002078298098805472274790033673682950697471,0.0,1785542413,0.0005
748071,1785600000,74000.0,75912177200689423884121431563715337002078298098805472274790033673682950697471,0.0,1785546009,0.0005
748071,1785600000,74000.0,75912177200689423884121431563715337002078298098805472274790033673682950697471,0.0,1785546009,0.0005
748071,1785600000,74000.0,75912177200689423884121431563715337002078298098805472274790033673682950697471,0.0,1785549608,0.0005
748071,1785600000,74000.0,75912177200689423884121431563715337002078298098805472274790033673682950697471,0.0,1785549608,0.0005
748071,1785600000,74000.0,75912177200689423884121431563715337002078298098805472274790033673682950697471,0.0,1785553210,0.0005
748071,1785600000,74000.0,75912177200689423884121431563715337002078298098805472274790033673682950697471,0.0,1785553210,0.0005
748071,1785600000,74000.0,75912177200689423884121431563715337002078298098805472274790033673682950697471,0.0,1785556810,0.0005
748071,1785600000,74000.0,75912177200689423884121431563715337002078298098805472274790033673682950697471,0.0,1785556810,0.0005
748071,1785600000,74000.0,75912177200689423884121431563715337002078298098805472274790033673682950697471,0.0,1785560414,0.0005
748071,1785600000,74000.0,75912177200689423884121431563715337002078298098805472274790033673682950697471,0.0,1785560414,0.0005
748071,1785600000,74000.0,75912177200689423884121431563715337002078298098805472274790033673682950697471,0.0,1785564026,0.0005
748071,1785600000,74000.0,75912177200689423884121431563715337002078298098805472274790033673682950697471,0.0,1785564026,0.0005
748071,1785600000,74000.0,75912177200689423884121431563715337002078298098805472274790033673682950697471,0.0,1785567610,0.0005
748071,1785600000,74000.0,75912177200689423884121431563715337002078298098805472274790033673682950697471,0.0,1785567610,0.0005
748071,1785600000,74000.0,75912177200689423884121431563715337002078298098805472274790033673682950697471,0.0,1785571210,0.0005
748071,1785600000,74000.0,75912177200689423884121431563715337002078298098805472274790033673682950697471,0.0,1785571210,0.0005
748071,1785600000,74000.0,75912177200689423884121431563715337002078298098805472274790033673682950697471,0.0,1785574813,0.0005
748071,1785600000,74000.0,75912177200689423884121431563715337002078298098805472274790033673682950697471,0.0,1785574813,0.0005
748071,1785600000,74000.0,75912177200689423884121431563715337002078298098805472274790033673682950697471,0.0,1785578411,0.0005
748071,1785600000,74000.0,75912177200689423884121431563715337002078298098805472274790033673682950697471,0.0,1785578411,0.0005
748071,1785600000,74000.0,75912177200689423884121431563715337002078298098805472274790033673682950697471,0.0,1785582041,0.0005
748071,1785600000,74000.0,75912177200689423884121431563715337002078298098805472274790033673682950697471,0.0,1785582041,0.0005
748071,1785600000,74000.0,75912177200689423884121431563715337002078298098805472274790033673682950697471,0.0,1785585612,0.0005
748071,1785600000,74000.0,75912177200689423884121431563715337002078298098805472274790033673682950697471,0.0,1785585612,0.0005
748071,1785600000,74000.0,75912177200689423884121431563715337002078298098805472274790033673682950697471,0.0,1785589207,0.0005
748071,1785600000,74000.0,75912177200689423884121431563715337002078298098805472274790033673682950697471,0.0,1785589207,0.0005
748071,1785600000,74000.0,75912177200689423884121431563715337002078298098805472274790033673682950697471,0.0,1785592808,0.0005
748071,1785600000,74000.0,75912177200689423884121431563715337002078298098805472274790033673682950697471,0.0,1785592808,0.0005
748071,1785600000,74000.0,75912177200689423884121431563715337002078298098805472274790033673682950697471,0.0,1785596408,0.0005
748071,1785600000,74000.0,75912177200689423884121431563715337002078298098805472274790033673682950697471,0.0,1785596408,0.0005
748071,1785600000,74000.0,75912177200689423884121431563715337002078298098805472274790033673682950697471,0.0,1785600010,0.0005
748071,1785600000,74000.0,75912177200689423884121431563715337002078298098805472274790033673682950697471,0.0,1785600010,0.0005
