snap_ts,asset,expiry_ms,strike,opt_type,mark_iv,mark_price,bid,ask,underlying_price,open_interest
1783187652,btc,1787904000000,105000.0,call,48.34,0.00026805,0.0002,0.0004,63583.77,161.3
1783187652,btc,1790323200000,300000.0,put,84.97,3.70365294,,,63785.94,0.0
1783187652,btc,1787904000000,48000.0,call,52.15,0.25156307,0.249,0.2555,63583.77,37.5
1783187652,btc,1784880000000,56000.0,put,45.01,0.00565839,0.005,0.006,63368.32,23.8
1783187652,btc,1783238400000,66000.0,put,40.09,0.04288915,0.0001,,63297.78,0.0
1783187652,btc,1783324800000,67000.0,put,37.92,0.05889341,0.0001,,63297.78,0.0
1783187652,btc,1798185600000,210000.0,put,61.79,2.25933445,,,64442.7,0.0
1783187652,btc,1790323200000,35000.0,put,68.29,0.00301602,0.0028,0.0031,63785.94,846.7
1783187652,btc,1783670400000,48000.0,call,70.03,0.24175171,,,63306.6,0.0
1783187652,btc,1790323200000,64000.0,put,38.65,0.07509418,0.074,0.076,63785.94,482.5
1783187652,btc,1790323200000,135000.0,put,55.85,1.11690868,,,63781.64,11.5
1783187652,btc,1787904000000,56000.0,put,43.53,0.02051976,0.02,0.021,63588.07,655.6
1783187652,btc,1798185600000,80000.0,call,40.02,0.03784338,0.0375,0.0385,64447.0,6874.2
1783187652,btc,1798185600000,105000.0,put,40.68,0.63524022,0.6265,0.645,64447.0,109.4
1783187652,btc,1783324800000,54000.0,put,57.71,1.2e-07,,0.0001,63297.78,75.3
1783187652,btc,1798185600000,200000.0,put,59.82,2.10417921,,,64442.7,0.0
1783187652,btc,1785484800000,115000.0,call,72.75,8.976e-05,,0.0001,63412.25,182.3
1783187652,btc,1783324800000,57000.0,call,45.6,0.09923605,0.095,,63297.78,0.0
1783187652,btc,1806048000000,60000.0,call,44.42,0.18653355,0.185,0.188,65102.65,720.6
1783187652,btc,1798185600000,170000.0,put,54.11,1.63887386,,,64447.0,0.0
1783187652,btc,1787904000000,63000.0,call,38.16,0.06324557,0.0625,0.064,63583.77,528.3
1783187652,btc,1784275200000,58000.0,put,43.58,0.00545923,0.005,0.006,63329.3,175.1
1783187652,btc,1798185600000,72000.0,call,40.45,0.06787374,0.067,0.069,64447.0,1103.1
1783187652,btc,1783670400000,52000.0,call,64.17,0.17870344,0.1745,,63306.6,0.0
1783187652,btc,1790323200000,78000.0,call,35.48,0.01060859,0.01,0.0105,63785.94,3963.8
1783187652,btc,1783670400000,65000.0,call,33.45,0.00663151,0.006,0.007,63305.66,1249.4
1783187652,btc,1798185600000,40000.0,put,56.16,0.01584737,0.0155,0.0165,64447.0,4218.4
1783187652,btc,1783324800000,64500.0,put,28.63,0.02084024,0.0001,,63297.78,0.0
1783187652,btc,1784275200000,66000.0,put,33.06,0.05155673,,,63329.3,14.0
1783187652,btc,1798185600000,135000.0,call,45.84,0.00147748,0.0014,0.0018,64447.0,1044.9
1783187652,btc,1783670400000,75000.0,call,55.16,0.00015604,0.0001,0.0002,63306.6,112.3
1783187652,btc,1785484800000,81000.0,call,38.66,0.00037473,0.0003,0.0005,63412.25,1415.5
1783187652,btc,1783238400000,62500.0,call,22.98,0.01280601,0.0105,0.016,63297.78,187.0
1783187652,btc,1787904000000,66000.0,put,36.48,0.07829708,0.0755,0.0825,63583.77,147.3
1783187652,btc,1785484800000,77000.0,call,35.51,0.00083265,0.0007,0.001,63407.95,1642.0
1783187652,btc,1798185600000,104000.0,put,40.31,0.61991551,,,64447.0,0.0
1783187652,btc,1783324800000,59500.0,put,35.26,2.823e-05,,0.0002,63297.78,128.4
1783187652,btc,1784880000000,68000.0,call,33.71,0.00806849,0.0075,0.0085,63372.62,203.8
1783187652,btc,1783497600000,59000.0,put,43.24,0.00087839,0.0008,0.001,63297.78,11.2
1783187652,btc,1813910400000,68000.0,put,43.51,0.19018512,0.188,0.192,65792.64,0.0
1783187652,btc,1783324800000,62000.0,call,28.61,0.02154584,0.0185,0.0265,63297.78,57.3
1783187652,btc,1798185600000,85000.0,put,39.87,0.3448098,0.3395,0.3485,64447.0,548.5
1783187652,btc,1798185600000,84000.0,put,39.84,0.3312517,0.3245,0.336,64447.0,47.0
1783187652,btc,1784275200000,59000.0,put,41.9,0.00740239,0.007,0.0075,63329.3,336.4
1783187652,btc,1783411200000,59500.0,put,42.21,0.00058035,0.0005,0.0007,63297.78,20.9
1783187652,btc,1785484800000,85000.0,call,41.52,0.00018045,0.0001,0.0003,63412.25,1331.1
1783187652,btc,1790323200000,84000.0,put,35.79,0.32136298,0.314,0.3275,63785.94,34.7
1783187652,btc,1806048000000,180000.0,put,49.95,1.76718054,,,65102.65,0.0
1783187652,btc,1813910400000,72000.0,call,42.95,0.13249549,0.131,0.134,65792.06,7.4
1783187652,btc,1784275200000,52000.0,call,54.29,0.17975704,,,63329.3,0.0
1783187652,btc,1785484800000,102000.0,put,60.01,0.60883988,,,63407.95,0.1
1783187652,btc,1784880000000,50000.0,call,54.18,0.21222932,,,63372.62,0.0
1783187652,btc,1784275200000,61000.0,put,38.64,0.01344961,0.013,0.014,63329.3,69.2
1783187652,btc,1785484800000,92000.0,put,48.37,0.45112227,,,63412.25,0.4
1783187652,btc,1783670400000,70000.0,call,40.17,0.00041655,0.0003,0.0005,63305.66,697.6
1783187652,btc,1813910400000,110000.0,put,41.58,0.69832351,,,65792.64,0.0
1783187652,btc,1783411200000,56000.0,put,49.44,1.868e-05,,0.0001,63297.78,2.6
1783187652,btc,1790323200000,150000.0,call,60.48,0.00018414,0.0001,0.0003,63781.64,738.6
1783187652,btc,1783497600000,55000.0,put,55.82,9.192e-05,,0.0002,63297.78,2.0
1783187652,btc,1790323200000,165000.0,put,66.81,1.58720152,,,63785.94,0.0
1783187652,btc,1790323200000,60000.0,call,40.86,0.10842161,0.107,0.11,63785.94,632.4
1783187652,btc,1790323200000,110000.0,put,46.3,0.72529157,0.715,0.7335,63785.94,116.4
1783187652,btc,1787904000000,66000.0,call,36.48,0.04027986,0.0395,0.041,63588.07,371.3
1783187652,btc,1798185600000,130000.0,call,44.29,0.00158584,0.0015,0.0017,64447.0,1534.4
1783187652,btc,1790323200000,240000.0,call,74.86,1.612e-05,,0.0002,63785.94,222.5
1783187652,btc,1785484800000,84000.0,put,40.16,0.32496765,0.3185,0.3315,63412.25,31.6
1783187652,btc,1806048000000,92000.0,call,41.18,0.0352736,0.034,0.036,65102.65,117.7
1783187652,btc,1813910400000,58000.0,put,45.59,0.11468369,0.113,0.116,65792.64,1.0
1783187652,btc,1785484800000,104000.0,put,62.11,0.6403824,,,63407.95,0.0
1783187652,btc,1806048000000,96000.0,put,41.18,0.50326406,,,65102.65,1.5
1783187652,btc,1787904000000,64000.0,put,37.56,0.06142365,0.0605,0.062,63588.07,207.8
1783187652,btc,1783324800000,66000.0,put,33.55,0.04323998,0.0001,,63297.78,0.0
1783187652,btc,1783238400000,56000.0,put,52.29,0.0,,0.0001,63297.78,6.0
1783187652,btc,1790323200000,115000.0,put,48.82,0.80361387,0.793,0.813,63785.94,90.3
1783187652,btc,1813910400000,74000.0,call,42.74,0.12181323,0.1205,0.1235,65792.64,11.7
1783187652,btc,1813910400000,68000.0,call,43.51,0.15658538,0.1555,0.1585,65792.64,0.8
1783187652,btc,1790323200000,75000.0,call,35.78,0.01679803,0.0165,0.017,63785.94,2559.2
1783187652,btc,1784275200000,54000.0,call,50.99,0.14896772,,,63329.3,0.1
1783187652,btc,1785484800000,105000.0,put,63.13,0.65615364,,,63412.25,1.1
1783187652,btc,1787904000000,83000.0,put,35.73,0.30700208,,,63583.77,0.0
1783187652,btc,1806048000000,65000.0,put,43.27,0.14533177,0.1435,0.1465,65102.65,636.4
1783187652,btc,1785484800000,66000.0,call,34.95,0.02133039,0.021,0.022,63412.25,1863.5
1783187652,btc,1783238400000,56000.0,call,52.29,0.11514416,0.0001,,63297.78,0.0
1783187652,btc,1798185600000,210000.0,call,61.79,0.00063011,0.0003,0.0012,64447.0,151.0
1783187652,btc,1798185600000,92000.0,call,39.87,0.01502639,0.014,0.015,64447.0,252.2
1783187652,btc,1783670400000,55000.0,put,53.94,0.00039502,0.0003,0.0006,63305.66,1136.0
1783187652,btc,1790323200000,240000.0,put,74.86,2.7629282,,,63785.94,0.0
1783187652,btc,1806048000000,90000.0,call,41.18,0.03922693,0.038,0.04,65102.65,431.7
1783187652,btc,1790323200000,95000.0,put,39.23,0.49081721,0.4835,0.4975,63785.94,147.7
1783187652,btc,1798185600000,86000.0,call,39.87,0.02391758,0.023,0.024,64447.0,283.6
1783187652,btc,1813910400000,90000.0,put,41.72,0.42922559,,,65792.64,0.0
1783187652,btc,1783670400000,62000.0,call,37.92,0.03060164,0.0295,0.0315,63305.66,462.9
1783187652,btc,1785484800000,50000.0,put,52.83,0.0025107,0.0024,0.0027,63412.25,3057.4
1783187652,btc,1783324800000,56000.0,call,47.06,0.11503739,0.111,,63297.78,0.0
1783187652,btc,1806048000000,160000.0,put,47.24,1.46072874,,,65098.35,0.0
1783187652,btc,1798185600000,74000.0,call,40.33,0.05891652,0.0585,0.06,64442.7,64.3
1783187652,btc,1785484800000,73000.0,put,34.08,0.15403766,0.147,0.1585,63412.25,97.7
1783187652,btc,1790323200000,58000.0,put,42.1,0.03920532,0.0385,0.0395,63785.94,539.8
1783187652,btc,1798185600000,54000.0,call,45.76,0.21366391,0.212,0.2165,64442.7,33.1
1783187652,btc,1798185600000,200000.0,call,59.82,0.00065126,0.0003,0.0012,64447.0,949.6
1783187652,btc,1784880000000,68000.0,put,33.71,0.0811638,,,63372.62,0.0
1783187652,btc,1784880000000,62000.0,put,37.46,0.02451916,0.024,0.025,63372.62,3.5
1783187652,btc,1785484800000,46000.0,put,58.88,0.00108837,0.001,0.0013,63412.25,1300.8
1783187652,btc,1785484800000,61000.0,call,38.68,0.06255935,0.0605,0.065,63412.25,976.7
1783187652,btc,1783238400000,62000.0,put,27.03,0.00012017,0.0001,0.0002,63297.78,316.8
1783187652,btc,1790323200000,320000.0,call,85.42,7.31e-06,,0.0001,63785.94,251.6
1783187652,btc,1783238400000,58000.0,put,41.82,0.0,,0.0001,63297.78,9.2
1783187652,btc,1813910400000,72000.0,put,42.95,0.22689522,0.2205,0.232,65792.64,1.0
1783187652,btc,1783411200000,58000.0,put,46.47,0.0001694,0.0002,0.0003,63297.78,47.0
1783187652,btc,1783411200000,63500.0,put,31.63,0.01246483,0.012,0.0125,63297.78,28.5
1783187652,btc,1798185600000,45000.0,call,51.58,0.32578571,0.3235,0.3285,64447.0,54.2
1783187652,btc,1783324800000,63500.0,put,27.42,0.00910304,0.0085,0.0095,63297.78,15.4
1783187652,btc,1813910400000,70000.0,call,43.23,0.14413987,0.1425,0.146,65792.06,162.8
1783187652,btc,1783497600000,61000.0,call,37.79,0.03938059,,,63297.78,0.0
1783187652,btc,1798185600000,68000.0,put,41.12,0.14552063,0.1425,0.1485,64447.0,300.5
1783187652,btc,1783324800000,60000.0,call,32.99,0.05187555,0.0001,,63297.78,0.3
1783187652,btc,1785484800000,87000.0,call,43.34,0.00014266,0.0001,0.0002,63407.95,365.9
1783187652,btc,1806048000000,98000.0,put,41.19,0.5311,,,65102.65,0.2
1783187652,btc,1798185600000,115000.0,put,41.69,0.78764037,,,64447.0,0.6
1783187652,btc,1787904000000,100000.0,put,45.23,0.57308482,,,63583.77,0.1
1783187652,btc,1785484800000,94000.0,call,50.83,0.0001,,0.0001,63412.25,865.6
1783187652,btc,1813910400000,78000.0,put,42.33,0.28818738,0.2805,0.294,65792.06,0.1
1783187652,btc,1790323200000,84000.0,call,35.79,0.00434375,0.0042,0.0045,63781.64,703.6
1783187652,btc,1798185600000,102000.0,put,40.27,0.58990031,,,64447.0,7.7
1783187652,btc,1785484800000,61000.0,put,38.68,0.02464998,0.024,0.025,63412.25,521.7
1783187652,btc,1813910400000,120000.0,call,41.72,0.01758826,0.017,0.018,65792.06,33.1
1783187652,btc,1790323200000,165000.0,call,66.81,0.00019946,,0.0002,63785.94,183.5
1783187652,btc,1787904000000,98000.0,put,44.31,0.54169219,,,63583.77,0.0
1783187652,btc,1790323200000,65000.0,put,38.26,0.08315158,0.082,0.084,63785.94,672.2
1783187652,btc,1783324800000,53000.0,put,64.88,1.5e-07,,0.0001,63297.78,20.1
1783187652,btc,1783324800000,69000.0,put,46.92,0.09042553,0.0001,,63297.78,0.0
1783187652,btc,1785484800000,58000.0,call,41.91,0.09850815,0.097,0.102,63412.25,115.4
1783187652,btc,1806048000000,170000.0,put,48.44,1.61383272,,,65102.65,0.1
1783187652,btc,1785484800000,62000.0,call,37.86,0.0523273,0.0515,0.053,63407.95,1542.0
1783187652,btc,1790323200000,160000.0,put,64.91,1.5088075,,,63785.94,0.6
1783187652,btc,1790323200000,80000.0,put,35.34,0.26201978,0.2565,0.268,63785.94,613.2
1783187652,btc,1783497600000,61000.0,put,37.79,0.00315246,0.0029,0.0035,63297.78,17.3
1783187652,btc,1784275200000,57000.0,put,45.16,0.00397707,0.0037,0.0042,63329.3,144.4
1783187652,btc,1790323200000,180000.0,call,72.12,0.00019948,,0.0002,63785.94,739.8
1783187652,btc,1806048000000,90000.0,put,41.18,0.42184942,,,65098.35,14.0
1783187652,btc,1806048000000,54000.0,put,46.3,0.07322491,0.072,0.074,65102.65,45.9
1783187652,btc,1787904000000,90000.0,call,39.47,0.00071031,0.0005,0.0009,63583.77,31.9
1783187652,btc,1783670400000,73000.0,put,48.88,0.15339192,,,63306.6,0.2
1783187652,btc,1785484800000,80000.0,call,37.26,0.00039847,0.0003,0.0005,63407.95,6954.2
1783187652,btc,1806048000000,60000.0,put,44.42,0.10828188,0.107,0.1095,65102.65,558.5
1783187652,btc,1785484800000,60000.0,call,39.66,0.07376763,0.0725,0.075,63412.25,1215.1
1783187652,btc,1798185600000,65000.0,call,41.73,0.1106357,0.11,0.112,64447.0,657.7
1783187652,btc,1785484800000,56000.0,call,44.32,0.12546421,0.1225,0.1295,63412.25,39.5
1783187652,btc,1783324800000,54000.0,call,57.71,0.14664305,0.0001,,63297.78,0.0
1783187652,btc,1787904000000,53000.0,call,46.53,0.17978927,0.177,0.183,63583.77,5.9
1783187652,btc,1798185600000,190000.0,call,57.6,0.00066176,0.0003,0.0011,64447.0,989.4
1783187652,btc,1790323200000,105000.0,put,43.43,0.6469636,0.6375,0.656,63781.64,104.6
1783187652,btc,1785484800000,60000.0,put,39.66,0.02008629,0.0195,0.0205,63412.25,1992.1
1783187652,btc,1798185600000,230000.0,put,62.98,2.56945034,,,64447.0,0.0
1783187652,btc,1790323200000,72000.0,call,36.13,0.02580475,0.0255,0.0265,63785.94,2197.1
1783187652,btc,1790323200000,130000.0,put,55.3,1.03863054,,,63785.94,21.4
1783187652,btc,1783497600000,66000.0,call,32.63,0.00152036,0.0013,0.0016,63297.78,11.2
1783187652,btc,1790323200000,70000.0,put,36.53,0.13150215,0.128,0.137,63781.64,1525.1
1783187652,btc,1783497600000,70000.0,put,42.17,0.10608397,,,63297.78,0.0
1783187652,btc,1806048000000,150000.0,call,45.77,0.00335132,0.003,0.0035,65102.65,1897.7
1783187652,btc,1798185600000,45000.0,put,51.58,0.0240795,0.0235,0.0245,64447.0,2822.3
1783187652,btc,1784275200000,48000.0,call,63.28,0.24236097,,,63329.3,0.0
1783187652,btc,1783238400000,54000.0,call,59.7,0.14674615,0.0001,,63297.78,0.0
1783187652,btc,1783670400000,60000.0,call,41.78,0.05608016,0.0545,0.0605,63305.66,610.4
1783187652,btc,1813910400000,60000.0,call,45.08,0.21582455,0.213,0.217,65792.06,936.0
1783187652,btc,1785484800000,55000.0,put,45.58,0.00702458,0.0065,0.0075,63412.25,657.1
1783187652,btc,1784275200000,66000.0,call,33.06,0.00937028,0.009,0.01,63329.3,1652.0
1783187652,btc,1783324800000,63000.0,put,27.09,0.00512119,0.0046,0.0055,63297.78,2.8
1783187652,btc,1783411200000,64000.0,call,31.23,0.00582771,0.0055,0.006,63297.78,31.2
1783187652,btc,1785484800000,45000.0,call,60.4,0.29113893,,,63407.95,0.0
1783187652,btc,1783324800000,65000.0,call,30.04,0.0008134,0.0007,0.0009,63297.78,4.5
1783187652,btc,1784880000000,66000.0,put,34.32,0.05727889,0.0535,,63372.62,4.0
1783187652,btc,1790323200000,220000.0,call,72.81,2.749e-05,,0.0002,63781.64,232.5
1783187652,btc,1783670400000,54000.0,call,58.54,0.14728661,,,63306.6,0.0
1783187652,btc,1806048000000,106000.0,call,41.23,0.01663756,0.016,0.0175,65102.65,39.3
1783187652,btc,1787904000000,80000.0,call,34.86,0.00273538,0.0024,0.003,63583.77,563.6
1783187652,btc,1790323200000,100000.0,call,41.43,0.00094885,0.0009,0.0011,63785.94,3273.3
1783187652,btc,1806048000000,98000.0,call,41.19,0.02558434,0.0245,0.0265,65102.65,78.6
1783187652,btc,1783238400000,56500.0,call,49.94,0.10724366,0.0001,,63297.78,0.0
1783187652,btc,1783411200000,65000.0,put,30.76,0.02921182,,,63297.78,0.0
1783187652,btc,1785484800000,92000.0,call,48.37,0.00010033,,0.0001,63412.25,434.7
1783187652,btc,1783411200000,64000.0,put,31.23,0.01719236,0.012,0.052,63297.78,0.4
1783187652,btc,1790323200000,60000.0,put,40.86,0.04914963,0.0485,0.0495,63785.94,4097.1
1783187652,btc,1798185600000,72000.0,put,40.45,0.1851438,0.18,0.1885,64442.7,335.4
1783187652,btc,1806048000000,56000.0,call,45.64,0.22360337,0.222,0.225,65102.65,16.9
1783187652,btc,1787904000000,62000.0,put,38.86,0.04753345,0.0465,0.048,63583.77,591.9
1783187652,btc,1785484800000,83000.0,put,39.97,0.30932374,0.302,0.3155,63412.25,29.5
1783187652,btc,1783497600000,68000.0,call,34.21,0.00021827,0.0001,0.0003,63297.78,0.0
1783187652,btc,1783324800000,58500.0,put,37.72,5.2e-06,,0.0001,63297.78,281.5
1783187652,btc,1798185600000,56000.0,call,44.9,0.19199147,0.19,0.1945,64447.0,40.2
1783187652,btc,1790323200000,52000.0,put,46.86,0.01954655,0.019,0.02,63785.94,1036.3
1783187652,btc,1806048000000,86000.0,put,41.23,0.36980664,,,65102.65,1.7
1783187652,btc,1806048000000,40000.0,put,53.54,0.0256658,0.025,0.026,65102.65,1089.7
1783187652,btc,1806048000000,120000.0,call,42.09,0.00864706,0.008,0.009,65102.65,315.5
1783187652,btc,1785484800000,77000.0,put,35.51,0.21521763,0.2095,0.221,63412.25,249.4
1783187652,btc,1783411200000,57000.0,call,47.72,0.09930885,,,63297.78,0.0
1783187652,btc,1783324800000,59500.0,call,35.26,0.05975517,0.0001,,63297.78,0.0
1783187652,btc,1813910400000,140000.0,call,42.66,0.00876601,0.008,0.009,65792.64,92.0
1783187652,btc,1790323200000,190000.0,call,72.81,0.00013058,,0.0002,63781.64,763.9
1783187652,btc,1806048000000,56000.0,put,45.64,0.08390181,0.0825,0.085,65102.65,73.2
1783187652,btc,1813910400000,56000.0,call,46.12,0.25119049,0.2475,0.2525,65792.06,3.5
1783187652,btc,1790323200000,64000.0,call,38.65,0.07165795,0.071,0.0725,63785.94,202.6
1783187652,btc,1787904000000,40000.0,put,62.99,0.00210941,0.0019,0.0023,63588.07,392.9
1783187652,btc,1785484800000,46000.0,call,58.88,0.2755774,,,63412.25,0.0
1783187652,btc,1785484800000,57000.0,call,43.02,0.11170034,0.11,0.115,63412.25,3.8
1783187652,btc,1785484800000,94000.0,put,50.83,0.48266589,0.407,,63412.25,1.3
1783187652,btc,1783411200000,57000.0,put,47.72,5.55e-05,,0.0002,63297.78,1.9
1783187652,btc,1790323200000,220000.0,put,72.81,2.44936356,,,63781.64,1.8
1783187652,btc,1798185600000,50000.0,call,48.05,0.26107966,0.259,0.2635,64447.0,261.1
1783187652,btc,1783670400000,56000.0,call,51.23,0.11596361,0.011,,63305.66,13.8
1783187652,btc,1813910400000,84000.0,call,41.95,0.07925704,0.078,0.0805,65792.64,2.5
1783187652,btc,1785484800000,56000.0,put,44.32,0.00869495,0.0085,0.009,63412.25,2013.8
1783187652,btc,1783411200000,60500.0,call,38.9,0.04519245,,,63297.78,0.0
1783187652,btc,1785484800000,88000.0,call,45.05,0.00015343,,0.0002,63412.25,425.9
1783187652,btc,1783411200000,64500.0,call,30.72,0.00349736,0.0032,0.0037,63297.78,0.7
1783187652,btc,1790323200000,40000.0,put,61.51,0.00541245,0.005,0.0055,63785.94,2284.6
1783187652,btc,1790323200000,280000.0,put,81.51,3.39007684,,,63785.94,0.0
1783187652,btc,1783238400000,63000.0,call,22.16,0.00626044,0.0055,0.007,63297.78,182.5
1783187652,btc,1784880000000,75000.0,call,35.06,0.00061173,0.0005,0.0006,63372.62,4.4
1783187652,btc,1783324800000,58500.0,call,37.72,0.07553504,0.0001,,63297.78,0.0
1783187652,btc,1785484800000,63000.0,put,36.96,0.03654991,0.036,0.037,63412.25,594.0
1783187652,btc,1785484800000,110000.0,put,68.07,0.73500994,0.7265,0.7435,63412.25,46.3
1783187652,btc,1785484800000,96000.0,call,53.23,9.978e-05,,0.0001,63412.25,293.6
1783187652,btc,1785484800000,102000.0,call,60.01,9.817e-05,,0.0001,63412.25,444.6
1783187652,btc,1806048000000,82000.0,put,41.22,0.31962016,,,65102.65,3.8
1783187652,btc,1798185600000,64000.0,call,42.05,0.11835375,0.1175,0.12,64447.0,332.9
1783187652,btc,1806048000000,95000.0,put,41.18,0.48947313,,,65098.35,0.6
1783187652,btc,1785484800000,110000.0,call,68.07,9.24e-05,,0.0001,63407.95,194.2
1783187652,btc,1798185600000,95000.0,call,39.88,0.01186557,0.011,0.012,64447.0,1292.2
1783187652,btc,1785484800000,120000.0,put,77.21,0.89272486,,,63412.25,4.0
1783187652,btc,1790323200000,95000.0,call,39.23,0.00133118,0.0011,0.0016,63785.94,1826.8
1783187652,btc,1790323200000,35000.0,call,68.29,0.45425801,0.452,0.4565,63785.94,24.1
1783187652,btc,1798185600000,240000.0,put,64.76,2.72462582,,,64447.0,0.0
1783187652,btc,1787904000000,86000.0,put,37.05,0.35362007,,,63583.77,0.0
1783187652,btc,1783238400000,61000.0,call,29.44,0.0361421,0.0315,0.0405,63297.78,49.3
1783187652,btc,1783411200000,68000.0,call,36.93,0.00011357,,0.0002,63297.78,31.3
1783187652,btc,1813910400000,105000.0,call,41.58,0.03245458,0.031,0.0325,65792.64,0.0
1783187652,btc,1798185600000,86000.0,put,39.87,0.3584346,,,64447.0,23.4
1783187652,btc,1783670400000,66000.0,call,33.26,0.00341681,0.0031,0.0035,63306.6,1255.3
1783187652,btc,1787904000000,79000.0,call,34.78,0.00336469,0.003,0.0033,63583.77,58.6
1783187652,btc,1790323200000,200000.0,call,72.81,7.707e-05,,0.0002,63785.94,1000.2
1783187652,btc,1787904000000,78000.0,put,34.78,0.23091646,,,63583.77,4.1
1783187652,btc,1806048000000,150000.0,put,45.77,1.30772215,,,65098.35,0.5
1783187652,btc,1783670400000,60000.0,put,41.78,0.00390123,0.0036,0.0041,63306.6,665.2
1783187652,btc,1790323200000,45000.0,put,54.61,0.00901439,0.0085,0.0095,63785.94,1958.1
1783187652,btc,1783670400000,66000.0,put,33.26,0.04602044,0.0415,0.0495,63305.66,53.7
1783187652,btc,1806048000000,110000.0,call,41.38,0.01360731,0.013,0.0145,65102.65,520.1
1783187652,btc,1790323200000,145000.0,call,58.51,0.00018882,0.0001,0.0003,63781.64,495.0
1783187652,btc,1806048000000,125000.0,call,42.57,0.00707285,0.0065,0.0075,65102.65,114.0
1783187652,btc,1798185600000,150000.0,put,49.83,1.32882499,,,64442.7,2.1
1783187652,btc,1813910400000,120000.0,put,41.72,0.84158781,,,65792.06,0.0
1783187652,btc,1790323200000,160000.0,call,64.91,0.00019944,,0.0002,63785.94,1452.2
1783187652,btc,1783670400000,48000.0,put,70.03,1.428e-05,,0.0001,63306.6,348.7
1783187652,btc,1813910400000,64000.0,put,44.19,0.15700451,0.1555,0.1585,65792.64,1.2
1783187652,btc,1813910400000,95000.0,call,41.57,0.04928711,0.0485,0.05,65792.64,4.9
1783187652,btc,1783670400000,50000.0,call,66.02,0.21018413,,,63305.66,0.0
1783187652,btc,1798185600000,98000.0,call,40.05,0.00952275,0.009,0.01,64442.7,207.8
1783187652,btc,1785484800000,93000.0,put,49.62,0.46689423,,,63412.25,0.5
1783187652,btc,1798185600000,108000.0,put,40.96,0.68073055,,,64442.7,0.0
1783187652,btc,1813910400000,74000.0,put,42.74,0.24661295,0.24,0.252,65792.64,0.0
1783187652,btc,1787904000000,94000.0,put,42.02,0.47891522,,,63588.07,0.0
1783187652,btc,1783238400000,67000.0,call,44.83,3.83e-06,,0.0001,63297.78,1.0
1783187652,btc,1790323200000,86000.0,call,36.12,0.0033023,0.003,0.0036,63785.94,628.9
1783187652,btc,1798185600000,115000.0,call,41.69,0.0031118,0.0029,0.0033,64447.0,2335.8
1783187652,btc,1785484800000,64000.0,put,36.19,0.04402169,0.0435,0.0445,63412.25,777.3
1783187652,btc,1783238400000,59000.0,call,39.26,0.06774118,0.0001,,63297.78,2.1
1783187652,btc,1783238400000,57500.0,call,43.55,0.09144266,0.0001,,63297.78,0.0
1783187652,btc,1785484800000,93000.0,call,49.62,0.00010032,,0.0001,63412.25,108.5
1783187652,btc,1806048000000,140000.0,put,44.38,1.15506445,,,65102.65,0.0
1783187652,btc,1798185600000,80000.0,put,40.02,0.27925456,0.273,0.283,64447.0,927.1
1783187652,btc,1783497600000,62500.0,put,34.98,0.00838282,0.008,0.009,63297.78,1.9
1783187652,btc,1790323200000,56000.0,put,43.42,0.03100123,0.0305,0.0315,63785.94,905.4
1783187652,btc,1787904000000,50000.0,put,49.8,0.00864969,0.008,0.009,63588.07,1077.4
1783187652,btc,1785484800000,59000.0,call,40.85,0.08588077,0.0835,0.0895,63412.25,198.5
1783187652,btc,1783497600000,57000.0,put,49.4,0.00027034,0.0002,0.0004,63297.78,0.4
1783187652,btc,1806048000000,70000.0,put,42.45,0.18945585,0.186,0.1955,65098.35,83.7
1783187652,btc,1813910400000,86000.0,call,41.86,0.07271601,0.0715,0.074,65792.06,0.1
1783187652,btc,1783238400000,68000.0,call,52.84,2e-06,,0.0001,63297.78,13.8
1783187652,btc,1785484800000,86000.0,put,42.07,0.35653741,,,63412.25,15.2
1783187652,btc,1806048000000,64000.0,call,43.48,0.1541533,0.153,0.1555,65102.65,36.0
1783187652,btc,1798185600000,82000.0,put,39.84,0.30471656,0.299,0.3085,64442.7,157.7
1783187652,btc,1787904000000,78000.0,call,34.78,0.00416883,0.0037,0.0043,63583.77,228.0
1783187652,btc,1784275200000,68000.0,put,32.84,0.07755908,,0.113,63329.3,3.1
1783187652,btc,1798185600000,90000.0,put,39.85,0.41413241,0.408,0.4195,64442.7,590.5
1783187652,btc,1785484800000,95000.0,call,52.04,9.986e-05,,0.0001,63412.25,126.8
1783187652,btc,1787904000000,92000.0,call,40.92,0.00062747,0.0005,0.0008,63583.77,45.3
1783187652,btc,1806048000000,50000.0,call,47.93,0.28712746,0.285,0.291,65102.65,20.5
1783187652,btc,1785484800000,78000.0,put,36.0,0.23085121,0.2245,0.237,63412.25,433.6
1783187652,btc,1783670400000,50000.0,put,66.02,4.097e-05,,0.0002,63306.6,470.0
1783187652,btc,1787904000000,79000.0,put,34.78,0.24583985,,,63583.77,0.0
1783187652,btc,1813910400000,140000.0,put,42.66,1.13676548,,,65792.64,0.0
1783187652,btc,1783324800000,63000.0,call,27.09,0.00953795,0.009,0.01,63297.78,113.9
1783187652,btc,1798185600000,180000.0,put,56.04,1.79394867,,,64442.7,0.0
1783187652,btc,1787904000000,88000.0,put,37.79,0.38480692,,,63583.77,0.0
1783187652,btc,1783411200000,63000.0,call,32.34,0.01320009,0.013,0.014,63297.78,146.3
1783187652,btc,1785484800000,98000.0,put,55.57,0.54575332,,,63412.25,0.1
1783187652,btc,1784275200000,55000.0,put,48.8,0.00217565,0.002,0.0024,63329.3,277.9
1783187652,btc,1787904000000,96000.0,put,42.5,0.51023848,,,63583.77,0.0
1783187652,btc,1783670400000,61000.0,put,39.68,0.00627033,0.006,0.0065,63306.6,211.7
1783187652,btc,1787904000000,86000.0,call,37.05,0.00105217,0.0008,0.0013,63588.07,123.4
1783187652,btc,1813910400000,76000.0,call,42.53,0.11183947,0.1105,0.1135,65792.06,12.2
1783187652,btc,1798185600000,35000.0,put,61.47,0.01031597,0.01,0.011,64447.0,2230.7
1783187652,btc,1785484800000,75000.0,put,34.27,0.18427606,0.1785,0.19,63412.25,226.3
1783187652,btc,1790323200000,150000.0,put,60.48,1.35200419,,,63785.94,0.7
1783187652,btc,1784880000000,61000.0,call,38.49,0.0567139,0.0545,0.0595,63368.32,1.7
1783187652,btc,1784275200000,56000.0,put,47.03,0.00295504,0.0028,0.0032,63329.3,1381.0
1783187652,btc,1787904000000,57000.0,call,42.63,0.12722183,0.1245,0.1305,63583.77,26.1
1783187652,btc,1783238400000,57500.0,put,43.55,0.0,,0.0001,63297.78,16.9
1783187652,btc,1783497600000,63000.0,put,34.26,0.01132855,0.011,0.0115,63297.78,0.1
1783187652,btc,1806048000000,50000.0,put,47.93,0.05525107,0.054,0.056,65102.65,2034.1
1783187652,btc,1806048000000,190000.0,call,51.36,0.00171501,0.0015,0.0021,65102.65,883.3
1783187652,btc,1784880000000,57000.0,call,43.52,0.10771433,,,63372.62,0.0
1783187652,btc,1785484800000,76000.0,put,34.74,0.19971211,0.194,0.2055,63407.95,456.7
1783187652,btc,1798185600000,110000.0,call,41.27,0.00431101,0.004,0.0045,64447.0,2643.1
1783187652,btc,1787904000000,48000.0,put,52.15,0.00648469,0.006,0.007,63583.77,775.8
1783187652,btc,1785484800000,104000.0,call,62.11,9.673e-05,,0.0001,63412.25,511.1
1783187652,btc,1783411200000,60500.0,put,38.9,0.0012481,0.0011,0.0014,63297.78,413.9
1783187652,btc,1790323200000,88000.0,put,36.96,0.38245443,,,63781.64,4.8
1783187652,btc,1783324800000,58000.0,put,43.05,8.14e-06,,0.0001,63297.78,239.1
1783187652,btc,1784275200000,50000.0,call,58.92,0.21099677,,,63329.3,0.0
1783187652,btc,1783497600000,63500.0,call,33.58,0.0117325,0.0115,0.012,63297.78,2.9
1783187652,btc,1783497600000,69000.0,put,38.29,0.09032476,,,63297.78,0.0
1783187652,btc,1806048000000,76000.0,put,41.67,0.25051776,0.244,0.2545,65102.65,19.6
1783187652,btc,1790323200000,76000.0,call,35.69,0.0144687,0.014,0.0145,63781.64,1016.1
1783187652,btc,1783411200000,59000.0,put,43.52,0.00037921,0.0003,0.0005,63297.78,110.5
1783187652,btc,1790323200000,110000.0,call,46.3,0.00062354,0.0005,0.0007,63785.94,1447.8
1783187652,btc,1798185600000,82000.0,call,39.84,0.0322701,0.0315,0.0325,64442.7,346.4
1783187652,btc,1784880000000,64000.0,call,35.63,0.02833559,0.028,0.029,63372.62,63.2
1783187652,btc,1783238400000,62500.0,put,22.98,0.00036833,0.0003,0.0005,63297.78,52.3
1783187652,btc,1784275200000,70000.0,put,33.17,0.10676396,,,63329.3,0.0
1783187652,btc,1790323200000,55000.0,put,44.23,0.02764279,0.027,0.028,63785.94,3551.6
1783187652,btc,1798185600000,130000.0,put,44.29,1.01887901,,,64447.0,52.1
1783187652,btc,1798185600000,106000.0,call,40.77,0.0055065,0.005,0.006,64442.7,236.8
1783187652,btc,1784880000000,65000.0,put,34.88,0.04712121,0.046,0.0475,63372.62,0.2
1783187652,btc,1798185600000,30000.0,call,67.86,0.54118522,0.54,0.5425,64447.0,281.6
1783187652,btc,1783670400000,67000.0,put,33.55,0.06009009,,,63305.66,14.6
1783187652,btc,1798185600000,180000.0,call,56.04,0.00077352,0.0004,0.0012,64447.0,922.5
1783187652,btc,1785484800000,68000.0,put,34.13,0.08478549,0.0805,0.0885,63412.25,426.4
1783187652,btc,1783324800000,53000.0,call,64.88,0.16244599,,,63297.78,0.0
1783187652,btc,1790323200000,74000.0,put,35.78,0.17952632,0.1755,0.185,63781.64,110.7
1783187652,btc,1798185600000,106000.0,put,40.77,0.65037631,,,64442.7,0.1
1783187652,btc,1787904000000,84000.0,put,35.99,0.32246586,,,63583.77,0.3
1783187652,btc,1806048000000,88000.0,put,41.18,0.39552452,,,65098.35,4.4
1783187652,btc,1783411200000,63000.0,put,32.34,0.00876217,0.008,0.009,63297.78,0.9
1783187652,btc,1785484800000,89000.0,call,46.98,0.00017277,,0.0002,63407.95,268.2
1783187652,btc,1783497600000,58000.0,call,46.22,0.08410441,,,63297.78,0.0
1783187652,btc,1783411200000,62000.0,put,34.74,0.00414351,0.0037,0.0043,63297.78,267.7
1783187652,btc,1785484800000,57000.0,put,43.02,0.01070306,0.0105,0.011,63407.95,318.7
1783187652,btc,1798185600000,62000.0,put,42.54,0.09643223,0.096,0.098,64447.0,673.7
1783187652,btc,1790323200000,45000.0,call,54.61,0.30346838,0.3005,0.3065,63785.94,153.4
1783187652,btc,1785484800000,52000.0,call,50.08,0.18371792,,,63412.25,0.5
1783187652,btc,1783670400000,61000.0,call,39.68,0.04264498,0.0415,0.0445,63306.6,731.4
1783187652,btc,1806048000000,200000.0,call,52.07,0.00138072,0.0013,0.0014,65102.65,490.6
1783187652,btc,1785484800000,96000.0,put,53.23,0.51420962,,,63412.25,0.1
1783187652,btc,1783238400000,58500.0,call,41.73,0.07564167,0.0001,,63297.78,0.4
1783187652,btc,1783411200000,69000.0,put,40.19,0.09043683,,,63297.78,0.0
1783187652,btc,1798185600000,140000.0,put,47.15,1.17381489,,,64447.0,0.2
1783187652,btc,1790323200000,125000.0,put,52.74,0.96024196,,,63785.94,22.7
1783187652,btc,1787904000000,92000.0,put,40.92,0.44756057,,,63583.77,1.0
1783187652,btc,1783324800000,62500.0,put,27.53,0.0026544,0.0023,0.0029,63297.78,9.0
1783187652,btc,1806048000000,102000.0,put,40.9,0.58703792,,,65102.65,0.0
1783187652,btc,1787904000000,75000.0,put,34.77,0.18728707,0.1815,0.192,63583.77,27.8
1783187652,btc,1806048000000,96000.0,call,41.18,0.02846674,0.0275,0.029,65102.65,124.0
1783187652,btc,1790323200000,98000.0,put,40.55,0.53760068,,,63785.94,0.1
1783187652,btc,1790323200000,40000.0,call,61.51,0.37826043,0.3755,0.3795,63785.94,32.4
1783187652,btc,1787904000000,77000.0,call,34.78,0.00514353,0.0046,0.0055,63583.77,88.8
1783187652,btc,1813910400000,100000.0,put,41.58,0.56001133,,,65792.06,0.0
1783187652,btc,1790323200000,155000.0,call,60.87,0.00013469,0.0001,0.0003,63781.64,363.8
1783187652,btc,1785484800000,45000.0,put,60.4,0.00087792,0.0007,0.0011,63407.95,490.7
1783187652,btc,1787904000000,82000.0,put,35.39,0.29156501,,,63583.77,0.0
1783187652,btc,1783324800000,62000.0,put,28.61,0.00132618,0.0011,0.0015,63297.78,17.7
1783187652,btc,1790323200000,68000.0,put,37.16,0.11054626,0.1075,0.1145,63785.94,651.6
1783187652,btc,1798185600000,70000.0,put,40.73,0.16459799,0.1615,0.1675,64447.0,1045.3
1783187652,btc,1783238400000,60000.0,call,33.09,0.05194025,0.047,0.057,63297.78,25.9
1783187652,btc,1784880000000,70000.0,put,33.27,0.10841141,,,63372.62,0.0
1783187652,btc,1798185600000,125000.0,call,43.73,0.0020503,0.0019,0.0023,64447.0,596.5
1783187652,btc,1806048000000,95000.0,call,41.18,0.03003828,0.029,0.0305,65098.35,160.1
1783187652,btc,1813910400000,40000.0,put,52.95,0.03637676,0.0355,0.0375,65792.06,432.2
1783187652,btc,1798185600000,70000.0,call,40.73,0.0783632,0.0775,0.0795,64447.0,1029.7
1783187652,btc,1783411200000,58000.0,call,46.47,0.08362018,,,63297.78,0.0
1783187652,btc,1785484800000,79000.0,call,36.58,0.00049748,0.0004,0.0006,63412.25,462.8
1783187652,btc,1798185600000,30000.0,put,67.86,0.00671441,0.006,0.007,64442.7,1955.5
1783187652,btc,1790323200000,140000.0,call,57.12,0.00022097,0.0001,0.0004,63785.94,1182.2
1783187652,btc,1813910400000,95000.0,put,41.57,0.49328733,,,65792.06,20.0
1783187652,btc,1798185600000,100000.0,call,40.1,0.00816515,0.008,0.0085,64442.7,3684.3
1783187652,btc,1813910400000,82000.0,put,42.06,0.33279504,0.3245,0.339,65792.06,0.1
1783187652,btc,1790323200000,180000.0,put,72.12,1.82238354,,,63785.94,7.3
1783187652,btc,1785484800000,74000.0,put,34.13,0.16904558,0.1625,0.1745,63407.95,130.7
1783187652,btc,1785484800000,85000.0,put,41.52,0.34079855,,,63412.25,22.2
1783187652,btc,1783324800000,60000.0,put,32.99,5.006e-05,,0.0001,63297.78,267.8
1783187652,btc,1783670400000,67000.0,call,33.55,0.00168605,0.0015,0.0018,63306.6,1647.4
1783187652,btc,1806048000000,62000.0,put,43.88,0.12210455,0.1205,0.1235,65102.65,247.3
1783187652,btc,1790323200000,102000.0,put,42.43,0.60009875,,,63785.94,0.4
1783187652,btc,1787904000000,59000.0,call,40.95,0.10352157,0.1015,0.106,63583.77,400.1
1783187652,btc,1783497600000,60000.0,call,40.54,0.0537,,,63297.78,0.0
1783187652,btc,1783324800000,69000.0,call,46.92,2.484e-05,,0.0001,63297.78,0.6
1783187652,btc,1783238400000,61500.0,call,27.69,0.02825583,0.0235,0.0335,63297.78,97.5
1783187652,btc,1783324800000,66000.0,call,33.55,0.00024801,0.0002,0.0004,63297.78,9.7
1783187652,btc,1798185600000,105000.0,call,40.68,0.00588805,0.0055,0.006,64447.0,841.1
1783187652,btc,1783497600000,61500.0,put,36.83,0.00442617,0.0041,0.0047,63297.78,1.0
1783187652,btc,1783324800000,64000.0,put,27.86,0.01442239,0.0003,,63297.78,0.0
1783187652,btc,1784880000000,66000.0,call,34.32,0.01574521,0.0155,0.016,63372.62,597.8
1783187652,btc,1798185600000,52000.0,call,46.81,0.23675014,0.2355,0.2395,64447.0,0.0
1783187652,btc,1798185600000,58000.0,put,44.04,0.07144225,0.0705,0.0725,64447.0,1491.2
1783187652,btc,1783238400000,60500.0,put,29.49,1.9e-07,,0.0001,63297.78,311.5
1783187652,btc,1785484800000,79000.0,put,36.58,0.24642445,0.2395,0.2525,63412.25,173.5
1783187652,btc,1790323200000,145000.0,put,58.51,1.27361487,,,63781.64,0.2
1783187652,btc,1784275200000,64000.0,put,34.57,0.03139498,0.0305,0.0315,63329.3,0.7
1783187652,btc,1784880000000,70000.0,call,33.27,0.00375448,0.0034,0.0038,63368.32,213.3
1783187652,btc,1784880000000,55000.0,call,46.45,0.13646125,,,63372.62,0.0
1783187652,btc,1783670400000,52000.0,put,64.17,0.00015457,0.0001,0.0003,63305.66,346.8
1783187652,btc,1783670400000,59000.0,call,43.98,0.07039315,0.067,0.075,63306.6,319.3
1783187652,btc,1783670400000,63000.0,call,36.23,0.02033146,0.02,0.021,63306.6,1348.0
1783187652,btc,1787904000000,105000.0,put,48.34,0.65165909,,,63583.77,0.0
1783187652,btc,1783670400000,56000.0,put,51.23,0.00060328,0.0005,0.0008,63305.66,2439.8
1783187652,btc,1798185600000,94000.0,put,39.88,0.47149854,,,64447.0,5.2
1783187652,btc,1785484800000,66000.0,put,34.95,0.06228091,0.059,0.065,63412.25,469.9
1783187652,btc,1798185600000,220000.0,call,62.25,0.00048248,0.0003,0.0007,64442.7,254.5
1783187652,btc,1806048000000,80000.0,call,41.46,0.06716221,0.066,0.068,65102.65,892.0
1783187652,btc,1790323200000,175000.0,put,70.41,1.74398953,,,63785.94,0.2
1783187652,btc,1784275200000,70000.0,call,33.17,0.00141471,0.0012,0.0015,63329.3,1275.4
1783187652,btc,1813910400000,66000.0,call,43.84,0.16995974,0.169,0.1715,65792.64,0.6
1783187652,btc,1798185600000,56000.0,put,44.9,0.0609793,0.0605,0.062,64447.0,122.5
1783187652,btc,1787904000000,75000.0,call,34.77,0.00772204,0.007,0.008,63588.07,1263.9
1783187652,btc,1783238400000,58500.0,put,41.73,0.0,,0.0001,63297.78,120.7
1783187652,btc,1790323200000,75000.0,put,35.78,0.19270806,0.188,0.198,63785.94,2960.8
1783187652,btc,1813910400000,66000.0,put,43.84,0.17315949,0.171,0.175,65792.64,2.2
1783187652,btc,1798185600000,94000.0,call,39.88,0.0128404,0.012,0.013,64447.0,110.6
1783187652,btc,1784275200000,65000.0,call,33.7,0.01425562,0.014,0.0145,63329.3,575.0
1783187652,btc,1798185600000,140000.0,call,47.15,0.00134533,0.0011,0.0015,64442.7,1437.4
1783187652,btc,1783238400000,65000.0,call,35.98,0.00018402,0.0001,0.0002,63297.78,55.9
1783187652,btc,1783670400000,62000.0,put,37.92,0.01002413,0.0095,0.0105,63306.6,447.8
1783187652,btc,1787904000000,72000.0,call,34.77,0.01371334,0.013,0.014,63588.07,1036.5
1783187652,btc,1790323200000,90000.0,call,37.67,0.00221609,0.0021,0.0023,63785.94,3033.3
1783187652,btc,1790323200000,56000.0,call,43.42,0.15298841,0.151,0.1555,63785.94,12.2
1783187652,btc,1798185600000,76000.0,put,40.14,0.23011159,0.225,0.233,64447.0,123.7
1783187652,btc,1798185600000,250000.0,call,66.45,0.00039045,0.0002,0.0008,64447.0,1253.5
1783187652,btc,1813910400000,85000.0,call,41.83,0.07566598,0.0745,0.077,65792.64,5.3
1783187652,btc,1813910400000,45000.0,put,50.22,0.05135094,0.05,0.0525,65792.06,54.2
1783187652,btc,1790323200000,62000.0,call,39.79,0.08913483,0.088,0.09,63781.64,556.3
1783187652,btc,1785484800000,58000.0,put,41.91,0.01328285,0.013,0.0135,63412.25,1264.0
1783187652,btc,1806048000000,70000.0,call,42.45,0.1140828,0.113,0.1155,65102.65,747.8
1783187652,btc,1783411200000,67000.0,put,34.07,0.05902935,,,63297.78,0.0
1783187652,btc,1783238400000,59500.0,call,36.41,0.0598407,0.0555,0.0655,63297.78,9.6
1783187652,btc,1784880000000,63000.0,put,36.5,0.03079647,0.0305,0.031,63372.62,6.8
1783187652,btc,1813910400000,160000.0,put,44.53,1.43737769,,1.7,65792.64,0.0
1783187652,btc,1785484800000,67000.0,call,34.47,0.01631959,0.016,0.017,63412.25,1860.2
1783187652,btc,1790323200000,70000.0,call,36.53,0.03398613,0.0335,0.0345,63785.94,1830.1
1783187652,btc,1784880000000,55000.0,put,46.45,0.00440598,0.0043,0.0047,63372.62,3.6
1783187652,btc,1783497600000,62000.0,put,35.72,0.00607634,0.0055,0.0065,63297.78,0.0
1783187652,btc,1784880000000,63000.0,call,36.5,0.03660523,0.036,0.037,63372.62,16.3
1783187652,btc,1784275200000,59000.0,call,41.9,0.07575088,0.0735,0.08,63329.3,112.7
1783187652,btc,1783411200000,60000.0,put,40.54,0.00084907,0.0007,0.001,63297.78,2488.3
1783187652,btc,1787904000000,88000.0,call,37.79,0.00078395,0.0006,0.001,63583.77,168.6
1783187652,btc,1783497600000,63000.0,call,34.26,0.0159576,0.0155,0.0165,63297.78,7.3
1783187652,btc,1785484800000,82000.0,put,39.09,0.29359255,0.287,0.2995,63412.25,93.8
1783187652,btc,1790323200000,260000.0,put,78.83,3.07650391,,,63785.94,0.0
1783187652,btc,1787904000000,55000.0,put,44.41,0.01770263,0.017,0.0185,63583.77,372.8
1783187652,btc,1783497600000,60500.0,call,39.11,0.04641677,,,63297.78,0.0
1783187652,btc,1787904000000,77000.0,put,34.78,0.21616362,,,63583.77,3.2
1783187652,btc,1783411200000,62500.0,put,33.36,0.00603548,0.0055,0.0065,63297.78,49.2
1783187652,btc,1806048000000,85000.0,call,41.22,0.05121064,0.0505,0.0525,65102.65,22.0
1783187652,btc,1785484800000,48000.0,put,55.58,0.00161604,0.0014,0.0018,63407.95,653.5
1783187652,btc,1785484800000,55000.0,call,45.58,0.13956581,,,63412.25,13.6
1783187652,btc,1785484800000,80000.0,put,37.26,0.26215668,0.256,0.268,63412.25,390.3
1783187652,btc,1806048000000,45000.0,put,50.44,0.03805922,0.037,0.0385,65102.65,91.9
1783187652,btc,1798185600000,110000.0,put,41.27,0.71125139,0.703,0.7195,64442.7,54.1
1783187652,btc,1783238400000,63000.0,put,22.16,0.00172326,0.0014,0.0019,63297.78,11.1
1783187652,btc,1785484800000,71000.0,put,33.81,0.12479552,0.119,0.1295,63412.25,109.5
1783187652,btc,1783497600000,56000.0,put,52.75,0.00015966,0.0001,0.0003,63297.78,0.0
1783187652,btc,1787904000000,67000.0,put,35.97,0.08779573,0.085,0.0915,63583.77,91.0
1783187652,btc,1783411200000,61000.0,call,37.45,0.0379117,,,63297.78,0.1
1783187652,btc,1806048000000,52000.0,put,47.08,0.06373823,0.0625,0.0645,65102.65,53.0
1783187652,btc,1785484800000,115000.0,put,72.75,0.81386718,,,63412.25,3.4
1783187652,btc,1783324800000,61500.0,call,29.89,0.02876322,0.0255,0.034,63297.78,180.8
1783187652,btc,1783497600000,59000.0,call,43.24,0.0687056,,,63297.78,0.0
1783187652,btc,1798185600000,65000.0,put,41.73,0.11928228,0.118,0.1205,64442.7,537.5
1783187652,btc,1785484800000,83000.0,call,39.97,0.0002496,0.0002,0.0003,63412.25,1233.2
1783187652,btc,1784880000000,58000.0,call,42.3,0.09406348,,,63372.62,0.0
1783187652,btc,1785484800000,69000.0,call,34.11,0.00931793,0.0085,0.0095,63412.25,1056.8
1783187652,btc,1813910400000,130000.0,call,42.21,0.01233368,0.0115,0.0125,65792.06,52.9
1783187652,btc,1787904000000,63000.0,put,38.16,0.05408019,0.0535,0.0545,63588.07,116.4
1783187652,btc,1783238400000,59500.0,put,36.41,4e-08,,0.0001,63297.78,42.9
1783187652,btc,1783324800000,60500.0,put,32.24,0.00012993,0.0001,0.0002,63297.78,421.8
1783187652,btc,1787904000000,110000.0,put,51.2,0.73024815,,,63583.77,0.0
1783187652,btc,1798185600000,40000.0,call,56.16,0.39514178,0.393,0.3975,64447.0,250.8
1783187652,btc,1813910400000,60000.0,put,45.08,0.12782432,0.126,0.1295,65792.64,313.0
1783187652,btc,1784275200000,68000.0,call,32.84,0.00379123,0.0035,0.0039,63329.3,1796.4
1783187652,btc,1783411200000,56000.0,call,49.44,0.11507461,,,63297.78,0.0
1783187652,btc,1798185600000,125000.0,put,43.73,0.94175527,,,64447.0,8.4
1783187652,btc,1798185600000,135000.0,put,45.84,1.09635885,,,64447.0,0.6
1783187652,btc,1783497600000,55000.0,call,55.82,0.13111729,,,63297.78,0.0
1783187652,btc,1783497600000,61500.0,call,36.83,0.03275454,,,63297.78,0.0
1783187652,btc,1806048000000,105000.0,call,41.21,0.01753659,0.0165,0.0185,65102.65,158.2
1783187652,btc,1806048000000,100000.0,put,41.19,0.55920616,,,65098.35,12.1
1783187652,btc,1787904000000,58000.0,put,41.8,0.02734928,0.0265,0.028,63583.77,613.8
1783187652,btc,1783670400000,70000.0,put,40.17,0.10621614,,,63306.6,0.8
1783187652,btc,1785484800000,65000.0,call,35.53,0.02744547,0.027,0.028,63412.25,1971.3
1783187652,btc,1787904000000,81000.0,put,35.07,0.2761935,,,63583.77,0.1
1783187652,btc,1785484800000,100000.0,put,57.83,0.57729676,0.568,0.585,63407.95,99.5
1783187652,btc,1783411200000,62500.0,call,33.36,0.01837469,0.0175,0.019,63297.78,149.9
1783187652,btc,1785484800000,106000.0,put,64.13,0.67192456,,,63407.95,0.0
1783187652,btc,1806048000000,110000.0,put,41.38,0.70347924,,,65102.65,1.8
1783187652,btc,1813910400000,130000.0,put,42.21,0.98833319,,,65792.06,0.0
1783187652,btc,1785484800000,54000.0,put,47.22,0.00582269,0.0055,0.006,63412.25,759.2
1783187652,btc,1806048000000,52000.0,call,47.08,0.26488967,0.262,0.2685,65102.65,5.1
1783187652,btc,1790323200000,90000.0,put,37.67,0.41330812,0.4055,0.4195,63785.94,589.5
1783187652,btc,1783497600000,64000.0,put,32.84,0.01939898,0.0185,0.0205,63297.78,0.0
1783187652,btc,1783324800000,59000.0,put,36.23,1.123e-05,,0.0001,63297.78,79.4
1783187652,btc,1813910400000,50000.0,put,48.03,0.07104832,0.07,0.072,65792.06,11.7
1783187652,btc,1790323200000,320000.0,put,85.42,4.01722341,,,63785.94,0.1
1783187652,btc,1783324800000,65000.0,put,30.04,0.02800246,0.0001,,63297.78,0.2
1783187652,btc,1806048000000,68000.0,call,42.74,0.12632505,0.125,0.1275,65102.65,38.6
1783187652,btc,1785484800000,81000.0,put,38.66,0.27790491,0.2705,0.284,63412.25,114.0
1783187652,btc,1787904000000,46000.0,put,55.08,0.00505573,0.0047,0.0055,63588.07,364.3
1783187652,btc,1798185600000,52000.0,put,46.81,0.04366741,0.043,0.0445,64447.0,30.4
1783187652,btc,1813910400000,80000.0,call,42.17,0.09411985,0.0925,0.0955,65792.64,3.2
1783187652,btc,1784275200000,60000.0,call,40.19,0.06252958,0.0615,0.0655,63329.3,218.0
1783187652,btc,1783670400000,63000.0,put,36.23,0.01552868,0.015,0.016,63306.6,226.8
1783187652,btc,1785484800000,88000.0,put,45.05,0.38808746,,,63412.25,2.1
1783187652,btc,1783670400000,73000.0,call,48.88,0.00020093,0.0001,0.0003,63306.6,165.7
1783187652,btc,1806048000000,140000.0,call,44.38,0.00431835,0.0038,0.0046,65102.65,756.1
1783187652,btc,1783497600000,60500.0,put,39.11,0.00228887,0.0021,0.0025,63297.78,0.3
1783187652,btc,1785484800000,50000.0,call,52.83,0.21391182,,,63412.25,3.3
1783187652,btc,1790323200000,94000.0,call,38.67,0.00140703,0.0011,0.0017,63785.94,156.3
1783187652,btc,1798185600000,62000.0,call,42.54,0.13433856,0.1335,0.136,64447.0,160.5
1783187652,btc,1813910400000,82000.0,call,42.06,0.08639535,0.085,0.088,65792.64,22.3
1783187652,btc,1813910400000,110000.0,call,41.58,0.02632392,0.0255,0.0265,65792.06,46.9
1783187652,btc,1790323200000,30000.0,call,76.29,0.53132168,0.53,0.5325,63785.94,99.2
1783187652,btc,1785484800000,108000.0,put,66.12,0.7034672,,,63412.25,0.0
1783187652,btc,1813910400000,85000.0,put,41.83,0.36766582,0.361,0.3745,65792.64,0.0
1783187652,btc,1785484800000,73000.0,call,34.08,0.00268329,0.0024,0.0027,63412.25,1785.8
1783187652,btc,1806048000000,108000.0,call,41.31,0.01505221,0.014,0.016,65098.35,51.8
1783187652,btc,1785484800000,74000.0,call,34.13,0.00191924,0.0016,0.0021,63407.95,488.6
1783187652,btc,1783497600000,67000.0,call,33.37,0.0005922,0.0004,0.0007,63297.78,47.6
1783187652,btc,1798185600000,96000.0,call,39.94,0.01102672,0.0105,0.0115,64447.0,268.1
1783187652,btc,1783324800000,64000.0,call,27.86,0.00303623,0.0028,0.0032,63297.78,108.6
1783187652,btc,1790323200000,170000.0,call,68.64,0.00019947,,0.0002,63781.64,352.1
1783187652,btc,1798185600000,60000.0,call,43.23,0.15211938,0.1505,0.1545,64447.0,717.6
1783187652,btc,1790323200000,190000.0,put,72.81,1.97910264,,,63781.64,0.0
1783187652,btc,1787904000000,83000.0,call,35.73,0.00161679,0.0013,0.0018,63583.77,175.4
1783187652,btc,1798185600000,68000.0,call,41.12,0.09032113,0.09,0.0915,64447.0,421.7
1783187652,btc,1785484800000,98000.0,call,55.57,9.952e-05,,0.0001,63412.25,1174.2
1783187652,btc,1783324800000,67000.0,call,37.92,9.853e-05,,0.0002,63297.78,0.1
1783187652,btc,1787904000000,73000.0,call,34.77,0.01138095,0.0105,0.0115,63588.07,329.4
1783187652,btc,1783324800000,68000.0,call,41.21,3.542e-05,,0.0002,63297.78,0.0
1783187652,btc,1813910400000,40000.0,call,52.95,0.42837691,0.4255,0.4305,65792.64,0.1
1783187652,btc,1787904000000,74000.0,call,34.76,0.00938799,0.0085,0.0095,63583.77,566.5
1783187652,btc,1784880000000,64000.0,put,35.63,0.03830764,0.0375,0.0385,63372.62,0.1
1783187652,btc,1784275200000,63000.0,call,35.78,0.02910927,0.0285,0.0295,63329.3,946.9
1783187652,btc,1784880000000,56000.0,call,45.01,0.12193284,,,63372.62,0.0
1783187652,btc,1783324800000,58000.0,call,43.05,0.08343944,0.0001,,63297.78,0.0
1783187652,btc,1790323200000,94000.0,put,38.67,0.47521426,,,63781.64,1.3
1783187652,btc,1806048000000,100000.0,call,41.19,0.02295894,0.022,0.0235,65102.65,508.3
1783187652,btc,1783324800000,60500.0,call,32.24,0.04405396,0.04,0.05,63297.78,3.9
1783187652,btc,1806048000000,68000.0,put,42.74,0.17097316,0.169,0.172,65102.65,66.0
1783187652,btc,1783238400000,66000.0,call,40.09,2.333e-05,,0.0001,63297.78,16.3
1783187652,btc,1806048000000,55000.0,put,45.99,0.07850523,0.077,0.0795,65102.65,1345.4
1783187652,btc,1784275200000,50000.0,put,58.92,0.00053196,0.0005,0.0007,63329.3,428.3
1783187652,btc,1785484800000,84000.0,call,40.16,0.00018501,0.0001,0.0003,63412.25,661.0
1783187652,btc,1783411200000,59500.0,call,42.21,0.06032727,,,63297.78,0.0
1783187652,btc,1784275200000,61000.0,call,38.64,0.05021669,0.0485,0.053,63329.3,170.2
1783187652,btc,1813910400000,150000.0,call,43.68,0.0068568,0.006,0.007,65792.64,78.1
1783187652,btc,1784880000000,50000.0,put,54.18,0.00126999,0.0011,0.0015,63372.62,23.5
1783187652,btc,1783670400000,57000.0,call,48.72,0.10051117,0.013,,63306.6,13.5
1783187652,btc,1790323200000,58000.0,call,42.1,0.1298349,0.1275,0.132,63785.94,486.8
1783187652,btc,1783670400000,58000.0,call,46.28,0.0852726,0.082,0.089,63306.6,66.1
1783187652,btc,1783670400000,64000.0,put,34.4,0.02314449,0.0225,0.0235,63306.6,96.1
1783187652,btc,1787904000000,59000.0,put,40.95,0.03144606,0.0305,0.032,63583.77,463.0
1783187652,btc,1783238400000,62000.0,call,27.03,0.02045834,0.016,0.0255,63297.78,233.7
1783187652,btc,1813910400000,52000.0,put,47.33,0.08058571,0.079,0.082,65792.64,2.4
1783187652,btc,1783411200000,66000.0,call,31.3,0.00063072,0.0005,0.0007,63297.78,102.7
1783187652,btc,1790323200000,78000.0,put,35.48,0.2335534,0.228,0.239,63785.94,635.7
1783187652,btc,1783497600000,70000.0,call,42.17,0.00011625,,0.0001,63297.78,0.0
1783187652,btc,1783497600000,64000.0,call,32.84,0.0082285,0.008,0.0085,63297.78,31.1
1783187652,btc,1806048000000,106000.0,put,41.23,0.64505961,,,65102.65,0.0
1783187652,btc,1783411200000,63500.0,call,31.63,0.00900145,0.0085,0.0095,63297.78,130.2
1783187652,btc,1783238400000,60500.0,call,29.49,0.04403986,0.039,0.049,63297.78,59.9
1783187652,btc,1787904000000,67000.0,call,35.97,0.03405097,0.0335,0.0345,63588.07,403.4
1783187652,btc,1806048000000,125000.0,put,42.57,0.92738187,,,65102.65,0.0
1783187652,btc,1806048000000,115000.0,call,41.76,0.01083467,0.01,0.0115,65102.65,567.2
1783187652,btc,1806048000000,86000.0,call,41.23,0.04863403,0.0475,0.0495,65102.65,111.0
1783187652,btc,1787904000000,46000.0,call,55.08,0.28158918,,,63583.77,1.0
1783187652,btc,1813910400000,80000.0,put,42.17,0.31011954,0.302,0.317,65792.64,0.1
1783187652,btc,1783411200000,55000.0,call,55.47,0.13087496,,,63297.78,0.0
1783187652,btc,1798185600000,55000.0,put,45.33,0.05615225,0.0555,0.057,64447.0,932.1
1783187652,btc,1790323200000,98000.0,call,40.55,0.00107847,0.0009,0.001,63785.94,251.2
1783187652,btc,1813910400000,30000.0,put,60.6,0.01734258,0.0165,0.0185,65792.06,35.9
1783187652,btc,1783670400000,55000.0,call,53.94,0.13155249,0.014,,63305.66,1.0
1783187652,btc,1790323200000,100000.0,put,41.43,0.56882889,0.559,0.5765,63781.64,272.4
1783187652,btc,1787904000000,64000.0,call,37.56,0.0548615,0.054,0.056,63583.77,353.0
1783187652,btc,1790323200000,102000.0,call,42.43,0.00086112,0.0008,0.0009,63785.94,58.8
1783187652,btc,1787904000000,71000.0,call,34.77,0.01644548,0.016,0.017,63588.07,677.7
1783187652,btc,1806048000000,102000.0,call,40.9,0.02006576,0.0195,0.02,65102.65,70.7
1783187652,btc,1798185600000,78000.0,put,40.02,0.25413159,0.2485,0.258,64442.7,233.0
1783187652,btc,1787904000000,71000.0,put,34.77,0.13310037,,,63583.77,7.6
1783187652,btc,1813910400000,76000.0,put,42.53,0.26703918,0.26,0.2725,65792.06,0.1
1783187652,btc,1790323200000,80000.0,call,35.34,0.00771575,0.007,0.0075,63785.94,3391.7
1783187652,btc,1813910400000,78000.0,call,42.33,0.10258767,0.101,0.104,65792.64,1.8
1783187652,btc,1783324800000,63500.0,call,27.42,0.00561834,0.005,0.006,63297.78,260.4
1783187652,btc,1787904000000,58000.0,call,41.8,0.11515233,0.1125,0.1175,63583.77,163.5
1783187652,btc,1785484800000,72000.0,put,33.98,0.13927406,0.135,0.143,63412.25,365.0
1783187652,btc,1783497600000,64500.0,call,32.77,0.00569918,0.005,0.006,63297.78,8.7
1783187652,btc,1813910400000,62000.0,call,44.6,0.19951649,0.198,0.2015,65792.06,96.6
1783187652,btc,1783324800000,59000.0,call,36.23,0.06763962,0.0001,,63297.78,0.0
1783187652,btc,1790323200000,92000.0,put,38.3,0.44424704,,,63785.94,4.0
1783187652,btc,1806048000000,58000.0,call,45.0,0.20451187,0.203,0.206,65102.65,5.1
1783187652,btc,1806048000000,94000.0,call,41.18,0.03169381,0.0305,0.032,65102.65,122.8
1783187652,btc,1787904000000,53000.0,put,46.53,0.01334855,0.013,0.014,63583.77,147.3
1783187652,btc,1806048000000,72000.0,call,42.22,0.10297268,0.102,0.104,65102.65,55.1
1783187652,btc,1813910400000,50000.0,call,48.03,0.31104851,0.3075,0.3125,65792.06,11.4
1783187652,btc,1783497600000,66000.0,put,32.63,0.04428993,,,63297.78,0.0
1783187652,btc,1798185600000,55000.0,call,45.33,0.20268206,0.2015,0.205,64447.0,42.8
1783187652,btc,1790323200000,52000.0,call,46.86,0.20424893,0.201,0.208,63781.64,75.0
1783187652,btc,1785484800000,90000.0,put,46.91,0.41960593,0.3905,,63412.25,14.9
1783187652,btc,1798185600000,240000.0,call,64.76,0.00039228,0.0002,0.0008,64447.0,875.6
1783187652,btc,1787904000000,69000.0,put,35.3,0.10919959,,,63583.77,23.5
1783187652,btc,1785484800000,105000.0,call,63.13,9.599e-05,,0.0001,63412.25,516.1
1783187652,btc,1783497600000,63500.0,put,33.58,0.01500321,0.0145,0.0155,63297.78,0.0
1783187652,btc,1783238400000,56500.0,put,49.94,0.0,,0.0001,63297.78,15.0
1783187652,btc,1783238400000,52000.0,put,68.56,0.0,,0.0001,63297.78,8.2
1783187652,btc,1806048000000,66000.0,put,43.07,0.15356435,0.1515,0.155,65102.65,112.9
1783187652,btc,1783324800000,62500.0,call,27.53,0.01497261,0.0125,0.0165,63297.78,100.5
1783187652,btc,1783497600000,68000.0,put,34.21,0.07458691,,,63297.78,0.0
1783187652,btc,1798185600000,75000.0,call,40.21,0.05465477,0.054,0.0555,64442.7,1299.4
1783187652,btc,1784880000000,54000.0,put,47.96,0.00343791,0.0033,0.0037,63372.62,48.6
1783187652,btc,1806048000000,35000.0,put,58.14,0.01785294,0.0175,0.0185,65102.65,393.2
1783187652,btc,1784880000000,65000.0,call,34.88,0.02136835,0.021,0.022,63372.62,298.1
1783187652,btc,1783238400000,53000.0,put,67.32,0.0,,0.0001,63297.78,4.6
1783187652,btc,1813910400000,30000.0,call,60.6,0.56134269,0.5595,0.5635,65792.64,4.0
1783187652,btc,1785484800000,72000.0,call,33.98,0.00369168,0.0032,0.0037,63412.25,1727.8
1783187652,btc,1783238400000,68000.0,put,52.84,0.07446981,0.0001,,63297.78,0.0
1783187652,btc,1787904000000,61000.0,put,39.48,0.04149167,0.0405,0.042,63583.77,459.1
1783187652,btc,1790323200000,50000.0,put,48.81,0.01553542,0.015,0.016,63785.94,3455.0
1783187652,btc,1783497600000,69000.0,call,38.29,0.00015658,,0.0002,63297.78,121.0
1783187652,btc,1806048000000,64000.0,put,43.48,0.13735152,0.1355,0.139,65102.65,131.0
1783187652,btc,1783411200000,59000.0,call,43.52,0.06802741,,,63297.78,0.0
1783187652,btc,1787904000000,61000.0,call,39.48,0.08211212,0.08,0.0845,63583.77,195.7
1783187652,btc,1785484800000,70000.0,put,34.05,0.1109676,0.1055,0.1145,63412.25,910.8
1783187652,btc,1806048000000,115000.0,put,41.76,0.77751897,,,65102.65,0.0
1783187652,btc,1806048000000,35000.0,call,58.14,0.48016641,0.479,0.482,65102.65,3.5
1783187652,btc,1813910400000,54000.0,put,46.68,0.0909497,0.09,0.092,65792.64,0.8
1783187652,btc,1783238400000,57000.0,call,46.74,0.09934316,0.0001,,63297.78,0.0
1783187652,btc,1783497600000,65000.0,call,32.48,0.00374308,0.0035,0.0039,63297.78,26.5
1783187652,btc,1790323200000,140000.0,put,57.12,1.19525302,,,63785.94,1.4
1783187652,btc,1785484800000,90000.0,call,46.91,0.00012794,,0.0002,63407.95,1313.3
1783187652,btc,1785484800000,91000.0,put,47.21,0.4353526,,,63412.25,0.2
1783187652,btc,1787904000000,70000.0,call,34.85,0.0197187,0.0195,0.02,63588.07,732.2
1783187652,btc,1806048000000,108000.0,put,41.31,0.6741992,,,65102.65,0.0
1783187652,btc,1806048000000,180000.0,call,49.95,0.00193555,0.0017,0.0022,65102.65,643.5
1783187652,btc,1806048000000,84000.0,put,41.28,0.34459012,,,65098.35,5.8
1783187652,btc,1787904000000,76000.0,put,34.77,0.20160742,,,63583.77,5.4
1783187652,btc,1785484800000,78000.0,call,36.0,0.00063696,0.0005,0.0008,63412.25,971.6
1783187652,btc,1785484800000,70000.0,call,34.05,0.00693624,0.0065,0.007,63412.25,7485.2
1783187652,btc,1790323200000,120000.0,call,51.37,0.00050905,0.0003,0.0009,63785.94,1158.6
1783187652,btc,1790323200000,170000.0,put,68.64,1.66559552,,,63785.94,0.0
1783187652,btc,1787904000000,72000.0,put,34.77,0.14609577,0.1415,0.1505,63583.77,85.6
1783187652,btc,1806048000000,88000.0,call,41.18,0.04362697,0.0425,0.0445,65098.35,71.0
1783187652,btc,1806048000000,74000.0,put,41.95,0.22937027,0.223,0.232,65102.65,41.3
1783187652,btc,1806048000000,170000.0,call,48.44,0.00221246,0.0021,0.0025,65102.65,245.9
1783187652,btc,1787904000000,73000.0,put,34.77,0.15949091,,,63583.77,4.7
1783187652,btc,1806048000000,74000.0,call,41.95,0.09254733,0.0915,0.094,65102.65,53.6
1783187652,btc,1798185600000,64000.0,put,42.05,0.11148269,0.1105,0.113,64447.0,194.6
1783187652,btc,1787904000000,84000.0,call,35.99,0.00135303,0.0011,0.0016,63583.77,50.7
1783187652,btc,1806048000000,54000.0,call,46.3,0.24365141,0.2415,0.246,65102.65,0.0
1783187652,btc,1783324800000,61000.0,put,31.17,0.00029948,0.0002,0.0003,63297.78,258.5
1783187652,btc,1784275200000,56000.0,call,47.03,0.11867563,0.016,,63329.3,5.1
1783187652,btc,1790323200000,115000.0,call,48.82,0.00055183,0.0004,0.0006,63781.64,2244.7
1783187652,btc,1787904000000,60000.0,call,40.22,0.09254076,0.0905,0.095,63583.77,393.8
1783187652,btc,1813910400000,84000.0,put,41.95,0.35605672,0.3475,0.3625,65792.06,0.0
1783187652,btc,1806048000000,120000.0,put,42.09,0.85214372,,,65098.35,0.0
1783187652,btc,1783238400000,63500.0,call,23.73,0.0023564,0.0021,0.0026,63297.78,447.8
1783187652,btc,1783411200000,61000.0,put,37.45,0.00186864,0.0017,0.002,63297.78,313.6
1783187652,btc,1785484800000,52000.0,put,50.08,0.00386075,0.0037,0.004,63412.25,2174.0
1783187652,btc,1784275200000,54000.0,put,50.99,0.00166572,0.0016,0.0018,63329.3,234.5
1783187652,btc,1806048000000,104000.0,put,41.03,0.61591023,,,65102.65,0.0
1783187652,btc,1783670400000,68000.0,call,34.72,0.00088361,0.0007,0.001,63305.66,445.7
1783187652,btc,1783670400000,59000.0,put,43.98,0.00242423,0.0022,0.0026,63306.6,477.1
1783187652,btc,1787904000000,57000.0,put,42.63,0.02369125,0.023,0.024,63583.77,435.0
1783187652,btc,1806048000000,94000.0,put,41.18,0.47576619,,,65102.65,9.0
1783187652,btc,1783324800000,68000.0,put,41.21,0.07463321,0.0001,,63297.78,0.0
1783187652,btc,1798185600000,100000.0,put,40.1,0.55992913,0.552,0.5685,64447.0,303.1
1783187652,btc,1798185600000,75000.0,put,40.21,0.21847775,0.2135,0.2215,64447.0,887.9
1783187652,btc,1787904000000,70000.0,put,34.85,0.12064606,0.117,0.125,63583.77,97.0
1783187652,btc,1787904000000,60000.0,put,40.22,0.03619279,0.0355,0.037,63583.77,920.2
1783187652,btc,1783411200000,68000.0,put,36.93,0.07468852,,,63297.78,0.0
1783187652,btc,1783324800000,57000.0,put,45.6,1.84e-06,,0.0001,63297.78,37.8
1783187652,btc,1784880000000,60000.0,put,39.64,0.01518878,0.015,0.0155,63368.32,21.8
1783187652,btc,1790323200000,130000.0,call,55.3,0.0003865,0.0002,0.0006,63785.94,1434.9
1783187652,btc,1783238400000,55000.0,call,52.45,0.13094515,0.0001,,63297.78,0.0
1783187652,btc,1806048000000,76000.0,call,41.67,0.08296988,0.082,0.0835,65102.65,350.7
1783187652,btc,1783238400000,61000.0,put,29.44,2.93e-06,,0.0001,63297.78,215.0
1783187652,btc,1785484800000,95000.0,put,52.04,0.49836577,,,63412.25,0.5
1783187652,btc,1783238400000,58000.0,call,41.82,0.08354216,0.0001,,63297.78,0.0
1783187652,btc,1783670400000,75000.0,put,55.16,0.18494131,,,63305.66,0.4
1783187652,btc,1790323200000,92000.0,call,38.3,0.00179741,0.0017,0.0019,63785.94,485.3
1783187652,btc,1790323200000,125000.0,call,52.74,0.00039192,0.0003,0.0006,63781.64,2265.5
1783187652,btc,1785484800000,91000.0,call,47.21,0.00010264,,0.0002,63412.25,308.2
1783187652,btc,1798185600000,120000.0,put,42.35,0.86447611,0.8555,0.873,64447.0,35.5
1783187652,btc,1783497600000,58000.0,put,46.22,0.00047767,0.0004,0.0006,63297.78,17.2
1783187652,btc,1787904000000,56000.0,call,43.53,0.13977787,0.137,0.1425,63583.77,9.0
1783187652,btc,1783670400000,54000.0,put,58.54,0.00033201,0.0003,0.0004,63306.6,647.0
1783187652,btc,1813910400000,70000.0,put,43.23,0.20813961,0.2025,0.213,65792.64,5.1
1783187652,btc,1798185600000,220000.0,put,62.25,2.41436323,,,64447.0,0.0
1783187652,btc,1806048000000,65000.0,call,43.27,0.14677108,0.1455,0.1485,65102.65,154.5
1783187652,btc,1806048000000,130000.0,call,43.26,0.00601408,0.0055,0.0065,65102.65,1058.5
1783187652,btc,1790323200000,175000.0,call,70.41,0.00019947,,0.0002,63785.94,1347.6
1783187652,btc,1783497600000,64500.0,put,32.77,0.02476943,,,63297.78,0.0
1783187652,btc,1787904000000,74000.0,put,34.76,0.17322548,,,63583.77,3.3
1783187652,btc,1787904000000,50000.0,call,49.8,0.222273,0.2195,0.2265,63583.77,51.0
1783187652,btc,1806048000000,84000.0,call,41.28,0.05414246,0.053,0.055,65102.65,126.8
1783187652,btc,1813910400000,160000.0,call,44.53,0.0053783,0.0048,0.006,65792.64,467.4
1783187652,btc,1790323200000,86000.0,put,36.12,0.35167913,,,63781.64,11.6
1783187652,btc,1790323200000,68000.0,call,37.16,0.04439273,0.0435,0.045,63785.94,770.1
1783187652,btc,1784880000000,75000.0,put,35.06,0.18417273,,,63372.62,0.0
1783187652,btc,1790323200000,280000.0,call,81.51,1.274e-05,,0.0016,63781.64,94.0
1783187652,btc,1798185600000,230000.0,call,62.98,0.0003932,0.0002,0.0011,64447.0,196.3
1783187652,btc,1798185600000,50000.0,put,48.05,0.03696165,0.036,0.0375,64447.0,1647.9
1783187652,btc,1783324800000,61000.0,call,31.17,0.03632205,0.0325,0.0425,63297.78,14.1
1783187652,btc,1787904000000,65000.0,call,36.91,0.04706173,0.0465,0.0475,63588.07,958.0
1783187652,btc,1785484800000,120000.0,call,77.21,8.755e-05,,0.0001,63412.25,1062.5
1783187652,btc,1787904000000,68000.0,put,35.62,0.09816221,0.0945,0.1025,63583.77,72.5
1783187652,btc,1787904000000,76000.0,call,34.77,0.00631486,0.0055,0.0065,63583.77,69.0
1783187652,btc,1785484800000,63000.0,call,36.96,0.04291532,0.0425,0.0435,63412.25,1440.6
1783187652,btc,1798185600000,54000.0,put,45.76,0.05161646,0.051,0.0525,64442.7,1813.6
1783187652,btc,1798185600000,92000.0,put,39.87,0.44264925,,,64447.0,4.5
1783187652,btc,1787904000000,40000.0,call,62.99,0.37300807,,,63583.77,1.5
1783187652,btc,1806048000000,78000.0,put,41.49,0.27271923,0.266,0.277,65102.65,182.2
1783187652,btc,1783497600000,67000.0,put,33.37,0.0591613,,,63297.78,0.0
1783187652,btc,1790323200000,54000.0,call,45.05,0.17795095,,,63781.64,7.2
1783187652,btc,1798185600000,108000.0,call,40.96,0.00482546,0.0044,0.005,64447.0,117.9
1783187652,btc,1798185600000,60000.0,put,43.23,0.08317777,0.0825,0.084,64447.0,6410.5
1783187652,btc,1813910400000,58000.0,call,45.59,0.2330839,0.2295,0.2345,65792.06,4.7
1783187652,btc,1798185600000,250000.0,put,66.45,2.87980039,,,64447.0,10.0
1783187652,btc,1790323200000,85000.0,call,35.9,0.00375619,0.0036,0.0041,63781.64,1174.1
1783187652,btc,1806048000000,190000.0,put,51.36,1.92058472,,,65102.65,0.9
1783187652,btc,1798185600000,160000.0,call,52.11,0.00101724,0.0007,0.0013,64447.0,1228.0
1783187652,btc,1798185600000,88000.0,put,39.78,0.38591378,,,64447.0,4.3
1783187652,btc,1790323200000,96000.0,put,39.74,0.50641946,,,63781.64,1.0
1783187652,btc,1798185600000,96000.0,put,39.94,0.50072014,,,64442.7,11.2
1783187652,btc,1785484800000,87000.0,put,43.34,0.37230471,,,63412.25,8.1
1783187652,btc,1785484800000,67000.0,put,34.47,0.07302845,0.069,0.0765,63412.25,198.7
1783187652,btc,1798185600000,90000.0,call,39.85,0.01754483,0.0165,0.0175,64447.0,2331.1
1783187652,btc,1806048000000,66000.0,call,43.07,0.13964119,0.1385,0.1415,65102.65,19.2
1783187652,btc,1813910400000,62000.0,put,44.6,0.14191626,0.14,0.1435,65792.64,10.9
1783187652,btc,1784275200000,52000.0,put,54.29,0.00087364,0.0008,0.0009,63329.3,350.7
1783187652,btc,1783411200000,65000.0,call,30.76,0.00204459,0.0018,0.0022,63297.78,130.9
1783187652,btc,1783324800000,61500.0,put,29.89,0.0006421,0.0005,0.0008,63297.78,259.6
1783187652,btc,1806048000000,200000.0,put,52.07,2.07387515,,,65102.65,1.0
1783187652,btc,1806048000000,45000.0,call,50.44,0.34674798,0.345,0.3495,65102.65,3.2
1783187652,btc,1784880000000,61000.0,put,38.49,0.01934351,0.019,0.02,63372.62,33.5
1783187652,btc,1790323200000,30000.0,put,76.29,0.00168569,0.0014,0.0019,63781.64,2112.9
1783187652,btc,1784275200000,62000.0,put,37.12,0.01799774,0.0175,0.018,63329.3,29.2
1783187652,btc,1806048000000,160000.0,call,47.24,0.0027332,0.0024,0.003,65102.65,853.1
1783187652,btc,1790323200000,260000.0,call,78.83,1.583e-05,,0.0002,63785.94,293.8
1783187652,btc,1785484800000,69000.0,put,34.11,0.09757529,0.092,0.101,63412.25,216.9
1783187652,btc,1784880000000,54000.0,call,47.96,0.15127399,,,63372.62,0.0
1783187652,btc,1798185600000,66000.0,put,41.52,0.12769318,0.126,0.129,64447.0,162.1
1783187652,btc,1783324800000,55000.0,call,51.52,0.13084015,0.0001,,63297.78,0.0
1783187652,btc,1783238400000,52000.0,call,68.56,0.17834815,,,63297.78,0.0
1783187652,btc,1790323200000,82000.0,call,35.76,0.00593716,0.0055,0.006,63781.64,2411.9
1783187652,btc,1783324800000,56000.0,put,47.06,2.7e-07,,0.0001,63297.78,5.9
1783187652,btc,1784275200000,55000.0,call,48.8,0.13368694,0.016,,63329.3,4.0
1783187652,btc,1806048000000,92000.0,put,41.18,0.44862104,,,65102.65,0.2
1783187652,btc,1783670400000,65000.0,put,33.45,0.03344541,0.03,0.036,63306.6,117.7
1783187652,btc,1798185600000,190000.0,put,57.6,1.94901331,,,64447.0,0.0
1783187652,btc,1798185600000,35000.0,call,61.47,0.46719857,0.466,0.4685,64447.0,77.6
1783187652,btc,1798185600000,160000.0,put,52.11,1.4838396,,,64447.0,0.0
1783187652,btc,1785484800000,86000.0,call,42.07,0.00014734,0.0001,0.0002,63407.95,180.6
1783187652,btc,1798185600000,120000.0,call,42.35,0.00235934,0.0023,0.0024,64447.0,6014.1
1783187652,btc,1783411200000,55000.0,put,55.47,1.647e-05,,0.0001,63297.78,3.4
1783187652,btc,1806048000000,72000.0,put,42.22,0.20907067,0.2035,0.213,65098.35,134.4
1783187652,btc,1783238400000,59000.0,put,39.26,1e-08,,0.0001,63297.78,77.8
1783187652,btc,1783670400000,68000.0,put,34.72,0.07508893,,,63306.6,9.0
1783187652,btc,1785484800000,89000.0,put,46.98,0.40387878,,,63412.25,5.9
1783187652,btc,1783411200000,67000.0,call,34.07,0.00025697,0.0001,0.0004,63297.78,195.2
1783187652,btc,1784880000000,58000.0,put,42.3,0.00935066,0.009,0.0095,63372.62,10.7
1783187652,btc,1783670400000,58000.0,put,46.28,0.00150655,0.0013,0.0017,63306.6,715.7
1783187652,btc,1798185600000,150000.0,call,49.83,0.00117903,0.0011,0.0015,64447.0,1636.7
1783187652,btc,1784275200000,64000.0,call,34.57,0.02078994,0.0205,0.0215,63329.3,2481.0
1783187652,btc,1806048000000,58000.0,put,45.0,0.09553525,0.094,0.0965,65102.65,108.8
1783187652,btc,1784275200000,63000.0,put,35.78,0.0239236,0.0235,0.0245,63329.3,53.2
1783187652,btc,1787904000000,54000.0,put,45.59,0.01550146,0.015,0.016,63583.77,337.3
1783187652,btc,1787904000000,81000.0,call,35.07,0.00226327,0.002,0.0025,63583.77,501.6
1783187652,btc,1783670400000,64000.0,call,34.4,0.01212772,0.012,0.0125,63306.6,1062.5
1783187652,btc,1785484800000,59000.0,put,40.85,0.01642744,0.016,0.017,63412.25,1468.0
1783187652,btc,1784275200000,62000.0,call,37.12,0.03897411,0.0385,0.04,63329.3,178.0
1783187652,btc,1783238400000,65000.0,put,35.98,0.02724884,0.0001,,63297.78,0.5
1783187652,btc,1783411200000,62000.0,call,34.74,0.02438399,0.022,0.0295,63297.78,1.9
1783187652,btc,1787904000000,95000.0,call,42.2,0.00045071,0.0003,0.0005,63583.77,6.0
1783187652,btc,1783497600000,65000.0,put,32.48,0.0307131,,,63297.78,0.0
1783187652,btc,1813910400000,100000.0,call,41.58,0.04001171,0.0385,0.041,65792.06,40.8
1783187652,btc,1784275200000,65000.0,put,33.7,0.04065136,0.0375,0.043,63329.3,0.0
1783187652,btc,1784275200000,57000.0,call,45.16,0.10390696,0.013,,63329.3,15.5
1783187652,btc,1783238400000,54000.0,put,59.7,0.0,,0.0001,63297.78,56.3
1783187652,btc,1783238400000,60000.0,put,33.09,9e-08,,0.0001,63297.78,2096.8
1783187652,btc,1790323200000,88000.0,call,36.96,0.00272,0.0025,0.0029,63785.94,648.5
1783187652,btc,1798185600000,66000.0,call,41.52,0.10352896,0.103,0.105,64447.0,103.1
1783187652,btc,1798185600000,102000.0,call,40.27,0.00710106,0.0065,0.0075,64447.0,143.2
1783187652,btc,1787904000000,69000.0,call,35.3,0.02399976,0.0235,0.0245,63588.07,232.2
1783187652,btc,1806048000000,104000.0,call,41.03,0.01821312,0.0175,0.0195,65102.65,66.1
1783187652,btc,1787904000000,95000.0,put,42.2,0.49456641,,,63583.77,0.0
1783187652,btc,1798185600000,170000.0,call,54.11,0.0008751,0.0005,0.0013,64442.7,2380.7
1783187652,btc,1783238400000,61500.0,put,27.69,1.716e-05,,0.0002,63297.78,248.0
1783187652,btc,1790323200000,65000.0,call,38.26,0.06403598,0.0635,0.065,63785.94,864.0
1783187652,btc,1806048000000,130000.0,put,43.26,1.00313546,,,65102.65,0.2
1783187652,btc,1783324800000,55000.0,put,51.52,1.3e-07,,0.0001,63297.78,0.4
1783187652,btc,1806048000000,80000.0,put,41.46,0.29615998,0.2885,0.299,65102.65,139.4
1783187652,btc,1787904000000,62000.0,call,38.86,0.07242636,0.0715,0.0735,63583.77,863.6
1783187652,btc,1783411200000,61500.0,put,35.92,0.00276125,0.0025,0.003,63297.78,13.3
1783187652,btc,1783324800000,64500.0,call,28.63,0.00155263,0.0013,0.0017,63297.78,16.1
1783187652,btc,1790323200000,300000.0,call,84.97,1.284e-05,,0.0005,63781.64,190.5
1783187652,btc,1783497600000,57000.0,call,49.4,0.09969663,,,63297.78,0.0
1783187652,btc,1784880000000,62000.0,call,37.46,0.04610873,0.0455,0.047,63372.62,17.6
1783187652,btc,1806048000000,40000.0,call,53.54,0.41116691,0.41,0.413,65102.65,69.3
1783187652,btc,1813910400000,64000.0,call,44.19,0.18420476,0.1825,0.1855,65792.64,5.4
1783187652,btc,1790323200000,135000.0,call,55.85,0.00027063,0.0002,0.0004,63785.94,243.1
1783187652,btc,1790323200000,72000.0,put,36.13,0.15467486,0.151,0.16,63781.64,281.3
1783187652,btc,1806048000000,85000.0,put,41.22,0.35702078,,,65102.65,0.8
1783187652,btc,1787904000000,55000.0,call,44.41,0.15268828,0.1495,0.156,63583.77,5.5
1783187652,btc,1790323200000,62000.0,put,39.79,0.06122045,0.06,0.062,63785.94,868.5
1783187652,btc,1785484800000,76000.0,call,34.74,0.00104181,0.0009,0.0012,63412.25,2497.0
1783187652,btc,1806048000000,55000.0,call,45.99,0.23356926,0.231,0.2355,65102.65,28.6
1783187652,btc,1806048000000,62000.0,call,43.88,0.16963127,0.168,0.1715,65102.65,42.3
1783187652,btc,1787904000000,110000.0,call,51.2,0.00021945,0.0001,0.0003,63583.77,92.3
1783187652,btc,1785484800000,48000.0,call,55.58,0.24456111,,,63412.25,2.0
1783187652,btc,1783411200000,61500.0,call,35.92,0.03090302,,,63297.78,5.4
1783187652,btc,1813910400000,150000.0,put,43.68,1.28685624,,,65792.06,0.0
1783187652,btc,1790323200000,120000.0,put,51.37,0.88196509,0.871,0.8915,63785.94,172.3
1783187652,btc,1813910400000,52000.0,call,47.33,0.29018591,0.2865,0.292,65792.64,0.0
1783187652,btc,1787904000000,94000.0,call,42.02,0.00052705,0.0004,0.0007,63583.77,10.9
1783187652,btc,1790323200000,50000.0,call,48.81,0.2315954,0.2285,0.235,63785.94,30.7
1783187652,btc,1787904000000,96000.0,call,42.5,0.00039525,0.0003,0.0006,63583.77,15.1
1783187652,btc,1785484800000,75000.0,call,34.27,0.00137774,0.0012,0.0016,63407.95,3077.5
1783187652,btc,1790323200000,96000.0,call,39.74,0.00125463,0.001,0.0015,63781.64,257.0
1783187652,btc,1806048000000,112000.0,call,41.61,0.01251557,0.0115,0.013,65102.65,63.4
1783187652,btc,1806048000000,82000.0,call,41.22,0.05989745,0.0595,0.0605,65102.65,373.8
1783187652,btc,1785484800000,108000.0,call,66.12,9.362e-05,,0.0001,63412.25,375.1
1783187652,btc,1790323200000,55000.0,call,44.23,0.16530877,0.163,0.168,63781.64,90.9
1783187652,btc,1784275200000,48000.0,put,63.28,0.00031475,0.0003,0.0004,63329.3,177.1
1783187652,btc,1785484800000,68000.0,call,34.13,0.0123022,0.012,0.0125,63412.25,3396.3
1783187652,btc,1785484800000,100000.0,call,57.83,9.9e-05,,0.0001,63412.25,1798.3
1783187652,btc,1798185600000,74000.0,put,40.33,0.20722186,0.202,0.21,64447.0,61.0
1783187652,btc,1813910400000,45000.0,call,50.22,0.36735111,0.3645,0.3695,65792.06,0.4
1783187652,btc,1783497600000,62500.0,call,34.98,0.02091164,0.02,0.022,63297.78,0.2
1783187652,btc,1790323200000,74000.0,call,35.78,0.01929842,0.019,0.02,63785.94,588.4
1783187652,btc,1785484800000,64000.0,call,36.19,0.03461513,0.0345,0.035,63412.25,671.8
1783187652,btc,1783238400000,64000.0,put,26.29,0.01204799,0.0007,,63297.78,0.0
1783187652,btc,1813910400000,54000.0,call,46.68,0.2701499,0.267,0.2715,65792.06,0.0
1783187652,btc,1798185600000,84000.0,call,39.84,0.02776996,0.027,0.028,64447.0,669.4
1783187652,btc,1783670400000,72000.0,put,46.46,0.13766121,,,63306.6,0.0
1783187652,btc,1783238400000,53000.0,call,67.32,0.16254715,,,63297.78,0.0
1783187652,btc,1787904000000,85000.0,call,36.7,0.00122952,0.001,0.0014,63583.77,296.4
1783187652,btc,1790323200000,76000.0,put,35.69,0.20605753,0.2015,0.2115,63781.64,599.6
1783187652,btc,1787904000000,98000.0,call,44.31,0.00039389,0.0003,0.0005,63583.77,80.5
1783187652,btc,1783238400000,57000.0,put,46.74,0.0,,0.0001,63297.78,11.0
1783187652,btc,1790323200000,54000.0,put,45.05,0.02460616,0.024,0.025,63785.94,151.4
1783187652,btc,1783411200000,64500.0,put,30.72,0.0227633,,,63297.78,0.0
1783187652,btc,1787904000000,100000.0,call,45.23,0.00033145,0.0003,0.0005,63583.77,146.9
1783187652,btc,1798185600000,76000.0,call,40.14,0.05077096,0.0505,0.0515,64447.0,290.9
1783187652,btc,1783238400000,64000.0,call,26.29,0.00078417,0.0006,0.0009,63297.78,205.8
1783187652,btc,1813910400000,86000.0,put,41.86,0.37991568,,,65792.64,0.0
1783187652,btc,1787904000000,82000.0,call,35.39,0.00190725,0.0017,0.0021,63588.07,372.3
1783187652,btc,1798185600000,104000.0,call,40.31,0.00608098,0.0055,0.0065,64447.0,63.4
1783187652,btc,1790323200000,66000.0,call,37.88,0.05695838,0.0565,0.058,63785.94,446.7
1783187652,btc,1790323200000,155000.0,put,60.87,1.43034874,,,63785.94,0.1
1783187652,btc,1783238400000,55000.0,put,52.45,0.0,,0.0001,63297.78,33.9
1783187652,btc,1790323200000,105000.0,call,43.43,0.00068957,0.0006,0.0009,63785.94,1169.6
1783187652,btc,1785484800000,71000.0,call,33.81,0.00499049,0.0046,0.005,63412.25,1624.8
1783187652,btc,1798185600000,88000.0,call,39.78,0.02036148,0.0195,0.0205,64447.0,2022.4
1783187652,btc,1784275200000,58000.0,call,43.58,0.08959842,0.088,0.0935,63329.3,21.4
1783187652,btc,1813910400000,56000.0,put,46.12,0.10239028,0.101,0.1035,65792.64,1.0
1783187652,btc,1783670400000,72000.0,call,46.46,0.00026735,0.0002,0.0003,63306.6,649.2
1783187652,btc,1806048000000,105000.0,put,41.21,0.63059617,,,65102.65,0.0
1783187652,btc,1783497600000,60000.0,put,40.54,0.00167233,0.0016,0.0019,63297.78,19.5
1783187652,btc,1787904000000,80000.0,put,34.86,0.26093807,,,63583.77,21.0
1783187652,btc,1783411200000,66000.0,put,31.3,0.04360052,,,63297.78,0.0
1783187652,btc,1785484800000,54000.0,call,47.22,0.1541359,,,63407.95,1.6
1783187652,btc,1813910400000,105000.0,put,41.58,0.62845419,,,65792.64,0.0
1783187652,btc,1787904000000,52000.0,put,47.62,0.01158172,0.011,0.012,63583.77,875.5
1783187652,btc,1790323200000,82000.0,put,35.76,0.29159879,0.285,0.2975,63785.94,194.7
1783187652,btc,1806048000000,112000.0,put,41.61,0.73311245,,,65102.65,0.0
1783187652,btc,1785484800000,82000.0,call,39.09,0.00029038,0.0002,0.0004,63412.25,2830.4
1783187652,btc,1783497600000,62000.0,call,35.72,0.02650493,,,63297.78,0.0
1783187652,btc,1798185600000,58000.0,call,44.04,0.17141914,0.17,0.174,64447.0,41.8
1783187652,btc,1785484800000,65000.0,put,35.53,0.05260519,0.052,0.053,63412.25,323.6
1783187652,btc,1787904000000,65000.0,put,36.91,0.06935142,0.0685,0.07,63583.77,275.3
1783187652,btc,1790323200000,66000.0,put,37.88,0.09175306,0.089,0.0945,63785.94,193.9
1783187652,btc,1783411200000,69000.0,call,40.19,5.931e-05,,0.0001,63297.78,0.0
1783187652,btc,1813910400000,90000.0,call,41.72,0.06122592,0.06,0.0625,65792.64,59.1
1783187652,btc,1798185600000,85000.0,call,39.87,0.02581042,0.0255,0.026,64442.7,1828.5
1783187652,btc,1798185600000,98000.0,put,40.05,0.53025145,,,64447.0,1.1
1783187652,btc,1783670400000,57000.0,put,48.72,0.00094797,0.0008,0.0011,63306.6,299.1
1783187652,btc,1783238400000,67000.0,put,44.83,0.05867064,0.0001,,63297.78,0.0
1783187652,btc,1806048000000,78000.0,call,41.49,0.0744464,0.0735,0.075,65102.65,320.9
1783187652,btc,1787904000000,90000.0,put,39.47,0.41618835,,,63583.77,0.5
1783187652,btc,1787904000000,85000.0,put,36.7,0.33806988,,,63583.77,0.4
1783187652,btc,1790323200000,200000.0,put,72.81,2.13583714,,,63785.94,0.1
1783187652,btc,1787904000000,68000.0,call,35.62,0.02868992,0.028,0.029,63588.07,349.5
1783187652,btc,1787904000000,52000.0,call,47.62,0.19374997,0.191,0.197,63583.77,51.0
1783187652,btc,1798185600000,78000.0,call,40.02,0.04375569,0.043,0.0445,64447.0,271.6
1783187652,btc,1784880000000,59000.0,put,40.9,0.01190207,0.0115,0.0125,63372.62,11.1
1783187652,btc,1790323200000,85000.0,put,35.9,0.33645422,0.329,0.343,63785.94,454.5
1783187652,btc,1787904000000,54000.0,call,45.59,0.16621464,0.163,0.169,63583.77,7.3
1783187652,btc,1783411200000,60000.0,call,40.54,0.0526947,,,63297.78,0.0
1783187652,btc,1785484800000,106000.0,call,64.13,9.494e-05,,0.0001,63412.25,44.6
1783187652,btc,1785484800000,62000.0,put,37.86,0.03018991,0.0295,0.0305,63412.25,956.7
1783187652,btc,1784880000000,57000.0,put,43.52,0.00722069,0.007,0.0075,63372.62,4.6
1783187652,btc,1784880000000,60000.0,call,39.64,0.06833998,0.067,0.0715,63372.62,1.0
1783187652,btc,1783238400000,63500.0,put,23.73,0.00571972,0.005,0.0065,63297.78,8.0
1783187652,btc,1784275200000,60000.0,put,40.19,0.0099718,0.0095,0.0105,63329.3,486.0
1783187652,btc,1783497600000,56000.0,call,52.75,0.11538548,,,63297.78,0.0
1783187652,btc,1798185600000,95000.0,put,39.88,0.48604135,0.4785,0.4935,64447.0,85.9
1783187652,btc,1784880000000,59000.0,call,40.9,0.08083409,0.012,,63372.62,2.2
1783187652,eth,1787904000000,2250.0,call,49.67,0.013225,0.0125,0.014,1803.24,1041.0
1783187652,eth,1798185600000,1800.0,put,55.05,0.143622,0.1415,0.145,1822.33,4450.0
1783187652,eth,1813910400000,1400.0,put,60.59,0.104849,0.103,0.107,1857.21,2.0
1783187652,eth,1783324800000,1625.0,put,68.24,0.000167,0.0001,0.0004,1800.56,494.0
1783187652,eth,1813910400000,1600.0,call,59.47,0.290756,0.285,0.297,1857.04,242.0
1783187652,eth,1798185600000,5000.0,call,60.7,0.001791,0.001,0.0022,1822.16,4258.0
1783187652,eth,1784275200000,1850.0,call,46.91,0.02323,0.0225,0.024,1800.89,3079.0
1783187652,eth,1806048000000,2900.0,put,56.44,0.631021,0.6135,0.644,1839.64,260.0
1783187652,eth,1813910400000,4500.0,call,58.55,0.023787,0.0225,0.0255,1857.21,434.0
1783187652,eth,1784275200000,1550.0,put,61.77,0.00477,0.0045,0.005,1800.83,1034.0
1783187652,eth,1790323200000,4500.0,call,68.23,0.000372,0.0002,0.0005,1807.41,8554.0
1783187652,eth,1787904000000,1100.0,put,75.29,0.004149,0.0038,0.0044,1803.24,958.0
1783187652,eth,1785484800000,2100.0,call,47.95,0.008052,0.0075,0.0085,1801.23,2596.0
1783187652,eth,1784880000000,1800.0,put,48.49,0.044517,0.0435,0.0455,1801.01,1.0
1783187652,eth,1783324800000,1400.0,call,97.04,0.222428,0.216,0.2505,1800.56,0.0
1783187652,eth,1806048000000,4400.0,put,57.88,1.403376,,,1839.7,0.0
1783187652,eth,1785484800000,2900.0,put,70.28,0.610556,,,1801.23,3.0
1783187652,eth,1783324800000,1875.0,put,55.31,0.043886,0.0001,,1800.56,0.0
1783187652,eth,1790323200000,7000.0,call,91.09,0.000204,,0.0002,1807.41,2032.0
1783187652,eth,1790323200000,11000.0,put,111.04,5.086259,,,1807.41,0.0
1783187652,eth,1790323200000,3300.0,put,57.2,0.827567,,,1807.47,3.0
1783187652,eth,1784275200000,1625.0,call,56.1,0.106034,,,1800.83,200.0
1783187652,eth,1783497600000,1900.0,put,50.93,0.05898,,,1800.56,1.0
1783187652,eth,1806048000000,1000.0,call,66.09,0.485071,0.479,0.491,1839.7,269.0
1783187652,eth,1784275200000,1500.0,call,66.03,0.170333,0.1615,0.208,1800.89,74.0
1783187652,eth,1813910400000,1500.0,call,59.97,0.319575,0.314,0.326,1857.04,50.0
1783187652,eth,1790323200000,8000.0,call,98.55,0.000197,,0.0001,1807.41,1092.0
1783187652,eth,1783497600000,2000.0,call,59.75,0.000955,0.0007,0.001,1800.56,0.0
1783187652,eth,1798185600000,6500.0,put,66.42,2.567892,,,1822.33,0.0
1783187652,eth,1783238400000,1775.0,put,42.98,0.00195,0.0017,0.0024,1800.73,631.0
1783187652,eth,1783411200000,1750.0,put,49.91,0.006143,0.006,0.0065,1800.56,839.0
1783187652,eth,1790323200000,4200.0,put,66.47,1.324369,,,1807.47,551.0
1783187652,eth,1806048000000,3600.0,call,56.97,0.025236,0.0245,0.026,1839.7,1699.0
1783187652,eth,1806048000000,3400.0,put,56.72,0.879368,,,1839.7,8.0
1783187652,eth,1783411200000,1675.0,put,59.96,0.001663,0.0015,0.0019,1800.56,769.0
1783187652,eth,1784880000000,1800.0,call,48.49,0.045033,0.044,0.046,1801.01,830.0
1783187652,eth,1785484800000,3400.0,put,84.5,0.887942,,,1801.23,4.0
1783187652,eth,1798185600000,2600.0,call,54.37,0.040703,0.0395,0.0415,1822.33,1885.0
1783187652,eth,1785484800000,1950.0,put,47.94,0.104826,,,1801.23,234.0
1783187652,eth,1813910400000,2400.0,call,57.42,0.134442,0.132,0.137,1857.21,6.0
1783187652,eth,1813910400000,2500.0,put,57.42,0.468865,,,1857.21,5.0
1783187652,eth,1784275200000,1750.0,put,49.49,0.023763,0.023,0.0245,1800.89,220.0
1783187652,eth,1785484800000,2300.0,call,51.06,0.002367,0.0021,0.0026,1801.4,5520.0
1783187652,eth,1784275200000,1200.0,call,94.97,0.334109,0.3255,0.362,1800.83,50.0
1783187652,eth,1787904000000,1750.0,put,51.09,0.063655,0.0625,0.065,1803.31,1750.0
1783187652,eth,1783497600000,1875.0,call,49.29,0.005706,0.005,0.006,1800.56,3.0
1783187652,eth,1784880000000,1500.0,put,62.43,0.006468,0.006,0.007,1801.01,41.0
1783187652,eth,1798185600000,4200.0,call,57.6,0.003816,0.0032,0.0043,1822.33,3556.0
1783187652,eth,1784275200000,1550.0,call,61.77,0.144035,0.1415,0.1495,1800.89,541.0
1783187652,eth,1790323200000,8500.0,call,97.15,0.000103,,0.0005,1807.47,1253.0
1783187652,eth,1806048000000,5000.0,put,58.82,1.724972,,,1839.7,0.0
1783187652,eth,1790323200000,4500.0,put,68.23,1.490163,,,1807.41,6.0
1783187652,eth,1783670400000,1575.0,put,68.11,0.001876,0.0017,0.0021,1800.79,2366.0
1783187652,eth,1787904000000,1400.0,put,60.35,0.014486,0.014,0.015,1803.24,5087.0
1783187652,eth,1784275200000,1450.0,put,70.44,0.002385,0.0022,0.0026,1800.83,2213.0
1783187652,eth,1806048000000,800.0,call,71.53,0.580423,,,1839.64,0.0
1783187652,eth,1806048000000,4400.0,call,57.88,0.011474,0.011,0.0115,1839.7,1078.0
1783187652,eth,1783324800000,1625.0,call,68.24,0.097627,0.0905,0.132,1800.56,0.0
1783187652,eth,1798185600000,3000.0,put,54.6,0.667039,0.65,0.6825,1822.16,674.0
1783187652,eth,1790323200000,2500.0,put,51.15,0.395276,0.383,0.404,1807.47,3222.0
1783187652,eth,1790323200000,13000.0,call,119.91,0.000101,,0.0003,1807.41,1873.0
1783187652,eth,1790323200000,7200.0,put,92.73,2.983871,,,1807.41,0.0
1783187652,eth,1813910400000,1900.0,put,58.38,0.241114,0.2385,0.244,1857.21,5.0
1783187652,eth,1785484800000,2650.0,call,61.61,0.00069,0.0006,0.0008,1801.23,1981.0
1783187652,eth,1798185600000,4500.0,call,58.54,0.002724,0.002,0.0033,1822.16,1649.0
1783187652,eth,1813910400000,1400.0,call,60.59,0.350936,0.3455,0.3575,1857.21,50.0
1783187652,eth,1783411200000,1550.0,put,81.71,0.000332,0.0003,0.0005,1800.56,87.0
1783187652,eth,1806048000000,2300.0,call,56.43,0.110589,0.1085,0.112,1839.7,2243.0
1783187652,eth,1785484800000,1300.0,call,74.38,0.281964,0.275,,1801.23,50.0
1783187652,eth,1787904000000,1850.0,call,50.02,0.06577,0.0645,0.067,1803.24,3237.0
1783187652,eth,1790323200000,6400.0,call,85.91,0.000206,,0.0003,1807.41,1923.0
1783187652,eth,1798185600000,3500.0,put,55.62,0.930342,,,1822.33,52.0
1783187652,eth,1806048000000,6000.0,call,61.24,0.003688,0.003,0.0041,1839.7,3475.0
1783187652,eth,1785484800000,1450.0,put,63.57,0.007545,0.007,0.008,1801.4,4462.0
1783187652,eth,1783324800000,1800.0,put,45.01,0.011708,0.0105,0.012,1800.56,326.0
1783187652,eth,1784880000000,1700.0,call,51.26,0.07936,0.0765,0.085,1801.01,279.0
1783187652,eth,1785484800000,1500.0,put,60.17,0.009627,0.009,0.01,1801.4,11332.0
1783187652,eth,1787904000000,1200.0,call,70.14,0.340954,0.3355,,1803.3,51.0
1783187652,eth,1806048000000,3500.0,put,56.82,0.930589,,,1839.7,5.0
1783187652,eth,1790323200000,3500.0,put,58.71,0.937664,0.9185,0.9495,1807.41,1166.0
1783187652,eth,1783670400000,1625.0,call,61.75,0.100611,0.098,0.106,1800.85,842.0
1783187652,eth,1798185600000,5200.0,call,62.09,0.001665,0.001,0.0019,1822.16,8599.0
1783187652,eth,1790323200000,6500.0,call,86.76,0.000204,,0.0002,1807.41,1337.0
1783187652,eth,1785484800000,2550.0,call,58.44,0.000904,0.0008,0.001,1801.4,1587.0
1783187652,eth,1783238400000,1700.0,call,64.57,0.055983,0.052,0.062,1800.73,434.0
1783187652,eth,1790323200000,8000.0,put,98.55,3.426493,,,1807.41,0.0
1783187652,eth,1790323200000,6800.0,call,89.4,0.000204,,0.0002,1807.47,1462.0
1783187652,eth,1798185600000,4600.0,put,59.15,1.527023,,,1822.33,0.0
1783187652,eth,1806048000000,900.0,call,68.66,0.532004,,,1839.7,50.0
1783187652,eth,1784275200000,2000.0,put,48.1,0.116244,,,1800.83,20.0
1783187652,eth,1787904000000,2500.0,call,51.65,0.005007,0.0046,0.0055,1803.24,632.0
1783187652,eth,1790323200000,3600.0,call,59.67,0.000994,0.0007,0.0013,1807.41,2705.0
1783187652,eth,1783324800000,1500.0,put,79.3,3e-06,,0.0001,1800.56,104.0
1783187652,eth,1790323200000,4600.0,put,68.23,1.545419,,,1807.47,38.0
1783187652,eth,1783324800000,1700.0,call,54.75,0.056639,0.0545,0.0625,1800.56,1028.0
1783187652,eth,1783411200000,1775.0,call,48.24,0.024174,0.0215,0.029,1800.56,408.0
1783187652,eth,1806048000000,900.0,put,68.66,0.021256,0.02,0.0225,1839.64,763.0
1783187652,eth,1813910400000,2600.0,put,57.42,0.511961,,,1857.21,0.0
1783187652,eth,1790323200000,15000.0,put,127.32,7.299406,,,1807.41,0.0
1783187652,eth,1790323200000,12000.0,put,115.67,5.639546,,,1807.41,0.0
1783187652,eth,1783670400000,1700.0,call,53.86,0.062899,0.0605,0.0685,1800.85,13489.0
1783187652,eth,1785484800000,2150.0,call,48.13,0.005637,0.005,0.006,1801.23,5744.0
1783187652,eth,1783324800000,1600.0,put,71.27,8.6e-05,,0.0001,1800.56,2121.0
1783187652,eth,1783670400000,1700.0,put,53.86,0.006942,0.0065,0.0075,1800.85,7091.0
1783187652,eth,1798185600000,3000.0,call,54.6,0.020641,0.0195,0.0215,1822.16,5003.0
1783187652,eth,1798185600000,4200.0,put,57.6,1.308772,,,1822.33,62.0
1783187652,eth,1806048000000,2100.0,call,56.6,0.140578,0.139,0.1425,1839.64,482.0
1783187652,eth,1806048000000,1300.0,call,60.79,0.357395,,,1839.7,50.0
1783187652,eth,1783411200000,1725.0,call,52.52,0.045822,0.043,0.0495,1800.56,449.0
1783187652,eth,1798185600000,2200.0,put,54.36,0.287783,0.278,0.2975,1822.16,9248.0
1783187652,eth,1785484800000,3200.0,call,78.38,0.000282,0.0002,0.0004,1801.23,4075.0
1783187652,eth,1783497600000,1800.0,call,47.46,0.018956,0.018,0.02,1800.56,20.0
1783187652,eth,1785484800000,2350.0,call,52.41,0.001874,0.0016,0.0021,1801.23,9648.0
1783187652,eth,1790323200000,1500.0,call,56.4,0.20512,0.1995,0.211,1807.41,1058.0
1783187652,eth,1785484800000,2500.0,put,56.77,0.389052,0.378,0.395,1801.4,463.0
1783187652,eth,1787904000000,3000.0,put,57.82,0.664788,,,1803.3,0.0
1783187652,eth,1785484800000,3000.0,call,73.06,0.000386,0.0003,0.0004,1801.23,2608.0
1783187652,eth,1798185600000,2100.0,call,54.37,0.094971,0.094,0.0965,1822.16,1044.0
1783187652,eth,1784880000000,1850.0,put,47.71,0.059608,0.0585,0.0605,1801.01,0.0
1783187652,eth,1785484800000,2900.0,call,70.28,0.000464,0.0004,0.0005,1801.4,7867.0
1783187652,eth,1783238400000,1850.0,put,55.37,0.028655,0.0001,,1800.73,6.0
1783187652,eth,1783497600000,1775.0,put,48.28,0.012673,0.012,0.0135,1800.56,4.0
1783187652,eth,1783238400000,1550.0,put,80.24,0.0,,0.0001,1800.73,913.0
1783187652,eth,1783670400000,1900.0,call,48.61,0.006295,0.006,0.0065,1800.79,6949.0
1783187652,eth,1806048000000,4800.0,call,58.61,0.00821,0.0075,0.009,1839.7,2886.0
1783187652,eth,1790323200000,3100.0,call,55.41,0.002565,0.0022,0.0029,1807.41,2193.0
1783187652,eth,1785484800000,1850.0,call,48.01,0.0399,0.039,0.041,1801.23,9308.0
1783187652,eth,1790323200000,1600.0,put,54.47,0.050273,0.0495,0.051,1807.41,5922.0
1783187652,eth,1798185600000,3300.0,call,55.16,0.012852,0.012,0.0135,1822.33,1790.0
1783187652,eth,1787904000000,3400.0,put,62.45,0.885929,,,1803.3,0.0
1783187652,eth,1783324800000,1675.0,put,59.48,0.000486,0.0004,0.0007,1800.56,410.0
1783187652,eth,1787904000000,2400.0,call,50.55,0.007175,0.0065,0.008,1803.24,1690.0
1783187652,eth,1785484800000,1600.0,call,55.04,0.128559,0.1255,0.1345,1801.4,3123.0
1783187652,eth,1787904000000,2400.0,put,50.55,0.338105,,,1803.24,0.0
1783187652,eth,1783324800000,1750.0,put,46.84,0.002945,0.0028,0.0032,1800.56,277.0
1783187652,eth,1783324800000,1525.0,put,74.83,5e-06,,0.0001,1800.56,162.0
1783187652,eth,1783670400000,1550.0,put,71.71,0.001541,0.0014,0.0017,1800.85,3448.0
1783187652,eth,1798185600000,1200.0,call,62.16,0.371428,0.365,0.3775,1822.33,341.0
1783187652,eth,1798185600000,3500.0,call,55.62,0.009544,0.0085,0.01,1822.33,24233.0
1783187652,eth,1806048000000,2500.0,put,56.44,0.446366,0.43,0.4585,1839.7,560.0
1783187652,eth,1798185600000,1200.0,put,62.16,0.029987,0.029,0.031,1822.33,5594.0
1783187652,eth,1784275200000,1450.0,call,70.44,0.197134,0.187,0.2335,1800.83,50.0
1783187652,eth,1790323200000,4400.0,call,67.01,0.000385,0.0003,0.0006,1807.41,4347.0
1783187652,eth,1806048000000,1300.0,put,60.79,0.064094,0.0625,0.0655,1839.7,1469.0
1783187652,eth,1813910400000,4500.0,put,58.55,1.447076,,,1857.04,0.0
1783187652,eth,1798185600000,2700.0,call,54.37,0.034242,0.033,0.035,1822.33,2156.0
1783187652,eth,1787904000000,1600.0,put,53.95,0.034513,0.0335,0.0355,1803.31,1428.0
1783187652,eth,1813910400000,1800.0,call,58.7,0.240113,0.2375,0.2435,1857.04,1014.0
1783187652,eth,1790323200000,2000.0,call,50.89,0.056883,0.056,0.058,1807.47,7308.0
1783187652,eth,1783238400000,1625.0,put,69.74,1e-06,,0.0001,1800.73,263.0
1783187652,eth,1798185600000,4500.0,put,58.54,1.472321,,,1822.33,2.0
1783187652,eth,1783411200000,1825.0,put,48.18,0.023966,0.023,0.0245,1800.56,0.0
1783187652,eth,1798185600000,2900.0,put,54.48,0.615865,,,1822.33,164.0
1783187652,eth,1813910400000,2000.0,call,58.08,0.197705,0.195,0.201,1857.04,1103.0
1783187652,eth,1798185600000,4800.0,put,60.14,1.636417,,,1822.33,77.0
1783187652,eth,1785484800000,2000.0,call,47.89,0.01606,0.015,0.0165,1801.4,9566.0
1783187652,eth,1813910400000,3000.0,call,57.44,0.077908,0.0755,0.08,1857.21,295.0
1783187652,eth,1798185600000,5000.0,put,60.7,1.745787,,,1822.33,2.0
1783187652,eth,1806048000000,3800.0,put,57.17,1.086239,,,1839.7,2.0
1783187652,eth,1798185600000,2300.0,put,54.36,0.330218,0.3155,0.34,1822.33,5181.0
1783187652,eth,1790323200000,6000.0,put,84.91,2.320029,,,1807.41,0.0
1783187652,eth,1798185600000,2100.0,put,54.37,0.247449,0.234,0.255,1822.33,2018.0
1783187652,eth,1783670400000,1750.0,put,50.44,0.012981,0.0125,0.0135,1800.85,1389.0
1783187652,eth,1783670400000,1900.0,put,48.61,0.061411,,,1800.79,83.0
1783187652,eth,1806048000000,2200.0,call,56.44,0.124468,0.123,0.1265,1839.7,1996.0
1783187652,eth,1798185600000,3100.0,call,54.76,0.017555,0.0165,0.0185,1822.33,2047.0
1783187652,eth,1787904000000,1950.0,call,49.61,0.045338,0.0445,0.046,1803.24,1464.0
1783187652,eth,1806048000000,1600.0,call,58.29,0.255356,0.251,0.2585,1839.7,924.0
1783187652,eth,1798185600000,3200.0,call,54.94,0.014991,0.014,0.016,1822.33,67276.0
1783187652,eth,1798185600000,4400.0,call,58.21,0.003034,0.0023,0.0036,1822.16,1772.0
1783187652,eth,1783411200000,1600.0,call,73.19,0.112007,0.1045,0.148,1800.56,0.0
1783187652,eth,1783670400000,1800.0,put,48.29,0.023618,0.0225,0.0245,1800.85,364.0
1783187652,eth,1783497600000,1650.0,put,60.66,0.001875,0.0017,0.0022,1800.56,15.0
1783187652,eth,1806048000000,4000.0,call,57.44,0.016854,0.016,0.0175,1839.7,1798.0
1783187652,eth,1790323200000,7400.0,put,94.32,3.094528,,,1807.41,0.0
1783187652,eth,1783238400000,1675.0,put,69.06,3.8e-05,,0.0002,1800.73,1281.0
1783187652,eth,1783238400000,1825.0,put,48.52,0.016395,0.0155,0.0175,1800.73,19.0
1783187652,eth,1783238400000,1800.0,put,43.35,0.006774,0.006,0.0075,1800.73,11.0
1783187652,eth,1783324800000,1650.0,call,63.76,0.083854,0.074,,1800.56,0.0
1783187652,eth,1783238400000,1750.0,call,47.8,0.02867,0.0245,0.035,1800.73,1604.0
1783187652,eth,1783411200000,1850.0,call,49.73,0.00663,0.006,0.007,1800.56,81.0
1783187652,eth,1787904000000,1300.0,call,64.85,0.288626,,,1803.24,50.0
1783187652,eth,1783238400000,1825.0,call,48.52,0.00284,0.0026,0.0032,1800.73,2332.0
1783187652,eth,1790323200000,2800.0,put,53.14,0.554496,0.541,0.5635,1807.41,1287.0
1783187652,eth,1787904000000,1500.0,call,56.72,0.190509,0.1855,0.197,1803.24,472.0
1783187652,eth,1783670400000,1750.0,call,50.44,0.041164,0.04,0.046,1800.79,6633.0
1783187652,eth,1790323200000,6200.0,call,86.23,0.00028,,0.0002,1807.47,2026.0
1783187652,eth,1785484800000,2050.0,call,47.91,0.01146,0.0105,0.0115,1801.4,5849.0
1783187652,eth,1787904000000,2800.0,put,55.06,0.554624,0.5365,,1803.3,0.0
1783187652,eth,1806048000000,4600.0,call,58.4,0.009821,0.009,0.0105,1839.7,928.0
1783187652,eth,1790323200000,1700.0,put,53.08,0.070611,0.0695,0.0715,1807.47,3467.0
1783187652,eth,1806048000000,2000.0,call,56.75,0.158517,0.157,0.161,1839.7,1191.0
1783187652,eth,1783411200000,1550.0,call,81.71,0.139493,0.131,0.1715,1800.56,0.0
1783187652,eth,1783411200000,1900.0,put,54.4,0.058008,,,1800.56,0.0
1783187652,eth,1790323200000,5600.0,put,77.26,2.098593,,,1807.41,0.0
1783187652,eth,1790323200000,5500.0,call,77.18,0.000216,0.0001,0.0003,1807.47,1487.0
1783187652,eth,1813910400000,3500.0,call,57.41,0.050105,0.049,0.05,1857.04,733.0
1783187652,eth,1790323200000,1700.0,call,53.08,0.130023,0.129,0.1315,1807.41,2693.0
1783187652,eth,1806048000000,1400.0,put,59.8,0.081609,0.08,0.083,1839.7,2697.0
1783187652,eth,1790323200000,7500.0,put,95.09,3.149857,,,1807.41,0.0
1783187652,eth,1806048000000,1800.0,put,57.42,0.180458,0.1785,0.1825,1839.7,2546.0
1783187652,eth,1790323200000,2200.0,call,50.88,0.031275,0.03,0.0315,1807.41,3692.0
1783187652,eth,1783411200000,1800.0,put,47.19,0.015691,0.015,0.016,1800.56,1.0
1783187652,eth,1806048000000,3500.0,call,56.82,0.027939,0.027,0.0285,1839.7,4425.0
1783187652,eth,1783238400000,1600.0,call,70.1,0.111404,0.109,0.1165,1800.73,757.0
1783187652,eth,1790323200000,5500.0,put,77.18,2.043295,,,1807.47,1.0
1783187652,eth,1813910400000,1500.0,put,59.97,0.127338,0.125,0.1295,1857.21,26.0
1783187652,eth,1787904000000,2600.0,put,52.59,0.445321,0.4285,,1803.24,1.0
1783187652,eth,1806048000000,3600.0,put,56.97,0.982247,,,1839.7,1.0
1783187652,eth,1790323200000,2900.0,call,53.78,0.004069,0.0038,0.0044,1807.47,5004.0
1783187652,eth,1806048000000,1900.0,call,57.08,0.179127,0.1775,0.181,1839.64,1090.0
1783187652,eth,1790323200000,5400.0,put,76.14,1.987968,,,1807.47,4.0
1783187652,eth,1787904000000,3600.0,call,66.15,0.000377,0.0002,0.0006,1803.24,935.0
1783187652,eth,1790323200000,1900.0,put,51.27,0.127228,0.125,0.1285,1807.41,3906.0
1783187652,eth,1783238400000,1575.0,put,73.05,0.0,,0.0001,1800.73,185.0
1783187652,eth,1790323200000,3400.0,put,58.03,0.882585,0.8665,0.894,1807.47,870.0
1783187652,eth,1806048000000,1900.0,put,57.08,0.211994,0.21,0.214,1839.7,707.0
1783187652,eth,1784275200000,1300.0,call,85.22,0.279022,0.2685,0.31,1800.83,50.0
1783187652,eth,1787904000000,3800.0,call,67.84,0.00025,0.0001,0.0005,1803.24,305.0
1783187652,eth,1784275200000,2000.0,call,48.1,0.005553,0.005,0.006,1800.83,88.0
1783187652,eth,1783670400000,1725.0,call,52.11,0.051607,0.049,0.055,1800.85,1288.0
1783187652,eth,1790323200000,7400.0,call,94.32,0.000204,,0.0002,1807.47,1019.0
1783187652,eth,1783238400000,1675.0,call,69.06,0.069789,0.066,0.074,1800.73,570.0
1783187652,eth,1790323200000,5200.0,put,74.35,1.877329,,,1807.41,3.0
1783187652,eth,1783324800000,1600.0,call,71.27,0.111431,0.0795,0.1425,1800.56,0.0
1783187652,eth,1783670400000,1675.0,put,56.39,0.005213,0.0049,0.0055,1800.85,635.0
1783187652,eth,1790323200000,14000.0,put,123.8,6.74612,,,1807.41,0.0
1783187652,eth,1783411200000,1800.0,call,47.19,0.016008,0.0155,0.0165,1800.56,3551.0
1783187652,eth,1783670400000,1650.0,call,59.0,0.087652,0.0855,0.093,1800.85,2858.0
1783187652,eth,1798185600000,2600.0,put,54.37,0.467581,0.4535,0.4785,1822.16,1055.0
1783187652,eth,1790323200000,6400.0,put,85.91,2.541243,,,1807.41,0.0
1783187652,eth,1787904000000,2050.0,put,49.6,0.167564,,,1803.24,160.0
1783187652,eth,1790323200000,6600.0,put,87.65,2.651899,,,1807.41,0.0
1783187652,eth,1790323200000,2800.0,call,53.14,0.005293,0.0048,0.0055,1807.41,7905.0
1783187652,eth,1784275200000,1850.0,put,46.91,0.050595,0.049,0.0515,1800.89,0.0
1783187652,eth,1787904000000,1950.0,put,49.61,0.126719,0.118,0.131,1803.31,271.0
1783187652,eth,1798185600000,2900.0,call,54.48,0.024348,0.0235,0.025,1822.33,1169.0
1783187652,eth,1785484800000,4000.0,call,98.2,0.000144,0.0001,0.0002,1801.23,8690.0
1783187652,eth,1806048000000,2700.0,put,56.43,0.536705,,,1839.7,147.0
1783187652,eth,1784275200000,1600.0,call,57.81,0.118376,0.116,0.124,1800.89,948.0
1783187652,eth,1783324800000,1675.0,call,59.48,0.070176,0.0001,,1800.56,204.0
1783187652,eth,1783670400000,1550.0,call,71.71,0.140798,0.1385,0.146,1800.85,580.0
1783187652,eth,1785484800000,1750.0,put,49.74,0.039769,0.039,0.0405,1801.23,1918.0
1783187652,eth,1783670400000,1650.0,put,59.0,0.003935,0.0037,0.0042,1800.85,2274.0
1783187652,eth,1783238400000,1725.0,put,56.48,0.00025,0.0002,0.0005,1800.73,3253.0
1783187652,eth,1790323200000,3500.0,call,58.71,0.00116,0.0009,0.0014,1807.41,14708.0
1783187652,eth,1790323200000,1800.0,call,51.99,0.100263,0.099,0.102,1807.41,2309.0
1783187652,eth,1785484800000,3800.0,call,93.07,0.000153,0.0001,0.0002,1801.23,2191.0
1783187652,eth,1785484800000,1300.0,put,74.38,0.003729,0.0035,0.004,1801.4,5535.0
1783187652,eth,1806048000000,3400.0,call,56.72,0.03108,0.0305,0.032,1839.7,1899.0
1783187652,eth,1785484800000,2000.0,put,47.89,0.126468,0.1165,0.1315,1801.4,3389.0
1783187652,eth,1813910400000,900.0,put,67.5,0.03148,0.0295,0.033,1857.21,565.0
1783187652,eth,1783497600000,1925.0,call,52.77,0.00259,0.0021,0.0026,1800.56,3.0
1783187652,eth,1783670400000,1850.0,put,47.54,0.039918,0.0385,0.0405,1800.79,85.0
1783187652,eth,1813910400000,1300.0,call,61.44,0.3851,0.38,0.3915,1857.04,50.0
1783187652,eth,1787904000000,1600.0,call,53.95,0.147226,0.142,0.1535,1803.24,898.0
1783187652,eth,1798185600000,1500.0,call,57.22,0.247681,0.239,0.253,1822.33,702.0
1783187652,eth,1783497600000,1800.0,put,47.46,0.018576,0.0175,0.0195,1800.56,0.0
1783187652,eth,1787904000000,1300.0,put,64.85,0.009547,0.009,0.01,1803.24,6228.0
1783187652,eth,1783497600000,1750.0,call,49.55,0.036567,,,1800.56,0.0
1783187652,eth,1783324800000,1500.0,call,79.3,0.166889,0.16,0.197,1800.56,0.0
1783187652,eth,1790323200000,5000.0,put,71.99,1.766673,,,1807.47,2.0
1783187652,eth,1787904000000,1450.0,call,58.51,0.213932,,,1803.3,51.0
1783187652,eth,1783497600000,1875.0,put,49.29,0.046978,,,1800.56,0.0
1783187652,eth,1785484800000,3600.0,call,88.25,0.000177,0.0001,0.0003,1801.4,2052.0
1783187652,eth,1798185600000,11000.0,put,80.88,5.037017,,5.0545,1822.16,109.0
1783187652,eth,1783238400000,1650.0,put,69.11,6e-06,,0.0001,1800.73,1095.0
1783187652,eth,1798185600000,2800.0,call,54.41,0.028851,0.0275,0.0295,1822.16,5712.0
1783187652,eth,1813910400000,1800.0,put,58.7,0.209429,0.207,0.212,1857.21,103.0
1783187652,eth,1783324800000,1725.0,call,50.27,0.043423,0.0415,0.0475,1800.56,690.0
1783187652,eth,1783411200000,1500.0,call,89.93,0.167112,0.136,0.198,1800.56,0.0
1783187652,eth,1783670400000,2200.0,call,69.21,0.000309,0.0002,0.0004,1800.79,1666.0
1783187652,eth,1798185600000,3400.0,put,55.4,0.87699,,,1822.33,89.0
1783187652,eth,1784275200000,1400.0,put,75.15,0.001738,0.0016,0.0019,1800.89,2038.0
1783187652,eth,1784880000000,1500.0,call,62.43,0.173565,0.1375,,1801.01,0.0
1783187652,eth,1798185600000,8000.0,put,71.76,3.390794,,,1822.33,0.0
1783187652,eth,1787904000000,1800.0,put,50.42,0.076698,0.0755,0.0775,1803.3,521.0
1783187652,eth,1798185600000,1000.0,put,68.02,0.016225,0.016,0.017,1822.33,19455.0
1783187652,eth,1806048000000,3300.0,put,56.62,0.828562,,,1839.7,1.0
1783187652,eth,1785484800000,1750.0,call,49.74,0.068162,0.067,0.07,1801.23,6755.0
1783187652,eth,1785484800000,2200.0,put,49.06,0.225625,0.219,0.2315,1801.4,2337.0
1783187652,eth,1783238400000,1525.0,put,80.24,0.0,,0.0001,1800.73,15.0
1783187652,eth,1790323200000,14000.0,call,123.8,0.000101,,0.0003,1807.41,1211.0
1783187652,eth,1787904000000,2000.0,put,49.6,0.146546,,,1803.3,155.0
1783187652,eth,1787904000000,3600.0,put,66.15,0.996773,,,1803.3,1.0
1783187652,eth,1785484800000,2500.0,call,56.77,0.001042,0.0009,0.0012,1801.23,1019.0
1783187652,eth,1798185600000,1400.0,call,58.41,0.285542,0.2775,0.2915,1822.33,896.0
1783187652,eth,1806048000000,2600.0,put,56.43,0.490985,0.4775,0.503,1839.7,626.0
1783187652,eth,1784275200000,1675.0,put,52.85,0.012684,0.012,0.0135,1800.83,98.0
1783187652,eth,1790323200000,4600.0,call,68.23,0.000298,0.0002,0.0005,1807.47,3083.0
1783187652,eth,1806048000000,2800.0,call,56.44,0.061322,0.0595,0.062,1839.7,2318.0
1783187652,eth,1790323200000,10000.0,call,105.92,0.000102,,0.0002,1807.41,1562.0
1783187652,eth,1813910400000,2300.0,call,57.53,0.147926,0.1455,0.1505,1857.21,6.0
1783187652,eth,1813910400000,2700.0,call,57.44,0.102136,0.0995,0.104,1857.21,0.0
1783187652,eth,1783238400000,1475.0,call,80.78,0.180826,0.174,0.2095,1800.73,0.0
1783187652,eth,1787904000000,1900.0,put,49.61,0.108175,0.1005,0.1125,1803.24,270.0
1783187652,eth,1790323200000,3800.0,put,62.17,1.103309,,,1807.41,954.0
1783187652,eth,1790323200000,16000.0,call,130.17,9.5e-05,,0.0001,1807.41,7426.0
1783187652,eth,1798185600000,3300.0,put,55.16,0.823889,,,1822.16,0.0
1783187652,eth,1798185600000,3400.0,call,55.4,0.011073,0.01,0.012,1822.33,12460.0
1783187652,eth,1785484800000,1400.0,put,67.82,0.006213,0.006,0.0065,1801.23,9910.0
1783187652,eth,1790323200000,3200.0,call,56.35,0.002101,0.0018,0.0024,1807.41,7793.0
1783187652,eth,1783497600000,1650.0,call,60.66,0.085557,0.079,0.123,1800.56,0.0
1783187652,eth,1790323200000,6200.0,put,86.23,2.43066,,,1807.47,0.0
1783187652,eth,1798185600000,2000.0,call,54.48,0.112203,0.111,0.114,1822.16,1790.0
1783187652,eth,1787904000000,1700.0,call,51.9,0.109597,0.105,0.115,1803.24,967.0
1783187652,eth,1790323200000,1000.0,put,75.12,0.005338,0.005,0.006,1807.41,6090.0
1783187652,eth,1783411200000,1875.0,put,51.86,0.045589,,,1800.56,1.0
1783187652,eth,1785484800000,1500.0,call,60.17,0.176821,0.1745,0.1835,1801.4,577.0
1783187652,eth,1784880000000,2200.0,call,51.18,0.002463,0.0022,0.0027,1801.01,19.0
1783187652,eth,1790323200000,1000.0,call,75.12,0.452051,,,1807.47,124.0
1783187652,eth,1784880000000,1900.0,call,47.71,0.022988,0.022,0.0235,1801.01,694.0
1783187652,eth,1785484800000,1400.0,call,67.82,0.228927,0.195,,1801.4,150.0
1783187652,eth,1783497600000,1725.0,put,51.5,0.005577,0.005,0.006,1800.56,21.0
1783187652,eth,1798185600000,1800.0,call,55.05,0.155783,0.1545,0.1585,1822.33,2434.0
1783187652,eth,1783497600000,1825.0,call,47.46,0.012919,0.012,0.0135,1800.56,1.0
1783187652,eth,1798185600000,800.0,put,75.54,0.0082,0.0075,0.009,1822.33,2377.0
1783187652,eth,1806048000000,4800.0,put,58.61,1.617558,,,1839.7,0.0
1783187652,eth,1785484800000,4200.0,put,100.61,1.331959,,,1801.4,0.0
1783187652,eth,1790323200000,5200.0,call,74.35,0.000236,0.0001,0.0004,1807.41,1608.0
1783187652,eth,1783411200000,1650.0,call,64.26,0.084788,0.0485,0.1195,1800.56,0.0
1783187652,eth,1787904000000,3400.0,call,62.45,0.000444,0.0003,0.0008,1803.3,281.0
1783187652,eth,1785484800000,2700.0,put,63.1,0.499656,0.492,0.506,1801.4,630.0
1783187652,eth,1785484800000,2600.0,put,60.07,0.44432,0.428,,1801.23,31.0
1783187652,eth,1813910400000,3000.0,put,57.44,0.693434,,,1857.21,0.0
1783187652,eth,1787904000000,2000.0,call,49.6,0.037437,0.0365,0.038,1803.3,1777.0
1783187652,eth,1806048000000,800.0,put,71.53,0.015314,0.0145,0.0165,1839.7,409.0
1783187652,eth,1798185600000,1500.0,put,57.22,0.07088,0.0695,0.072,1822.33,14625.0
1783187652,eth,1783324800000,1900.0,put,59.78,0.056881,0.0001,,1800.56,0.0
1783187652,eth,1783497600000,1700.0,call,54.15,0.059696,,,1800.56,0.0
1783187652,eth,1798185600000,2000.0,put,54.48,0.209802,0.197,0.2155,1822.16,9758.0
1783187652,eth,1787904000000,2200.0,put,49.61,0.236436,,,1803.24,169.0
1783187652,eth,1806048000000,4200.0,call,57.6,0.013794,0.013,0.014,1839.7,3480.0
1783187652,eth,1798185600000,800.0,call,75.54,0.56916,,,1822.33,171.0
1783187652,eth,1806048000000,4500.0,call,58.13,0.010592,0.01,0.0115,1839.64,2428.0
1783187652,eth,1798185600000,5500.0,call,63.31,0.001356,0.0013,0.0016,1822.16,1398.0
1783187652,eth,1798185600000,4000.0,call,57.21,0.004979,0.0042,0.0055,1822.16,16534.0
1783187652,eth,1784880000000,1750.0,put,49.7,0.032513,0.0315,0.0335,1801.01,190.0
1783187652,eth,1784880000000,1650.0,put,53.35,0.016652,0.016,0.0175,1801.01,715.0
1783187652,eth,1784880000000,1550.0,call,59.08,0.148098,,,1801.01,0.0
1783187652,eth,1790323200000,9000.0,put,100.21,3.979686,,,1807.41,0.0
1783187652,eth,1790323200000,1200.0,call,65.91,0.347436,,,1807.47,138.0
1783187652,eth,1783670400000,1675.0,call,56.39,0.075054,0.0725,0.0805,1800.85,1290.0
1783187652,eth,1784880000000,2000.0,put,47.73,0.121234,,,1801.01,1.0
1783187652,eth,1783324800000,1700.0,put,54.75,0.000834,0.0007,0.0011,1800.56,580.0
1783187652,eth,1783497600000,1725.0,call,51.5,0.047614,,,1800.56,0.0
1783187652,eth,1787904000000,1700.0,put,51.9,0.052339,0.0515,0.053,1803.3,2339.0
1783187652,eth,1783411200000,1875.0,call,51.86,0.004252,0.0039,0.0044,1800.56,61.0
1783187652,eth,1790323200000,2300.0,put,50.89,0.295391,0.284,0.304,1807.41,1212.0
1783187652,eth,1784880000000,1900.0,put,47.71,0.077998,0.014,,1801.01,1.0
1783187652,eth,1813910400000,2100.0,put,57.87,0.310345,0.3015,0.3225,1857.21,0.0
1783187652,eth,1783411200000,1775.0,put,48.24,0.009958,0.0095,0.0105,1800.56,1.0
1783187652,eth,1798185600000,1000.0,call,68.02,0.467426,,,1822.33,54.0
1783187652,eth,1798185600000,2800.0,put,54.41,0.565489,0.549,0.58,1822.33,2205.0
1783187652,eth,1790323200000,3000.0,call,54.6,0.003216,0.0028,0.0035,1807.41,13326.0
1783187652,eth,1784275200000,1400.0,call,75.15,0.224254,0.1935,,1800.83,50.0
1783187652,eth,1790323200000,4000.0,put,63.83,1.213769,,,1807.41,140.0
1783187652,eth,1783670400000,1800.0,call,48.29,0.024034,0.023,0.025,1800.85,6599.0
1783187652,eth,1790323200000,6500.0,put,86.76,2.59657,,,1807.47,0.0
1783187652,eth,1783324800000,1900.0,call,59.78,0.001604,0.0014,0.0017,1800.56,1265.0
1783187652,eth,1798185600000,4400.0,put,58.21,1.417751,,,1822.16,20.0
1783187652,eth,1785484800000,3600.0,put,88.25,0.998911,,,1801.23,17.0
1783187652,eth,1785484800000,4000.0,put,98.2,1.22096,,,1801.23,0.0
1783187652,eth,1787904000000,2200.0,call,49.61,0.016416,0.0155,0.017,1803.24,4296.0
1783187652,eth,1790323200000,3400.0,call,58.03,0.001419,0.0011,0.0017,1807.41,6667.0
1783187652,eth,1790323200000,5800.0,put,79.34,2.20925,,,1807.47,0.0
1783187652,eth,1790323200000,4400.0,put,67.01,1.434848,,,1807.47,281.0
1783187652,eth,1787904000000,2350.0,put,50.11,0.311902,,,1803.24,100.0
1783187652,eth,1813910400000,1200.0,call,62.42,0.421677,0.4165,0.4285,1857.21,50.0
1783187652,eth,1785484800000,1650.0,put,52.89,0.022494,0.022,0.0235,1801.23,5003.0
1783187652,eth,1783670400000,2200.0,put,69.21,0.222022,,,1800.79,1.0
1783187652,eth,1798185600000,1300.0,put,60.02,0.040361,0.0395,0.0415,1822.16,1460.0
1783187652,eth,1783324800000,1550.0,call,74.23,0.13913,0.1075,0.1685,1800.56,0.0
1783187652,eth,1790323200000,2600.0,call,51.7,0.009026,0.0085,0.0095,1807.41,7119.0
1783187652,eth,1798185600000,7000.0,put,68.06,2.842138,,,1822.33,0.0
1783187652,eth,1783238400000,1900.0,put,68.55,0.055479,0.0001,,1800.73,1.0
1783187652,eth,1806048000000,1200.0,put,62.14,0.049662,0.0485,0.051,1839.7,999.0
1783187652,eth,1813910400000,4000.0,call,57.79,0.033611,0.0325,0.0345,1857.04,996.0
1783187652,eth,1790323200000,7000.0,put,91.09,2.873213,,,1807.41,0.0
1783187652,eth,1790323200000,1900.0,call,51.27,0.075985,0.075,0.077,1807.47,1101.0
1783187652,eth,1798185600000,2300.0,call,54.36,0.06798,0.0665,0.069,1822.33,2696.0
1783187652,eth,1806048000000,1800.0,call,57.42,0.201972,0.2,0.204,1839.7,2312.0
1783187652,eth,1787904000000,2050.0,call,49.6,0.030727,0.0295,0.031,1803.31,882.0
1783187652,eth,1783238400000,1625.0,call,69.74,0.09752,0.0935,0.102,1800.73,1310.0
1783187652,eth,1785484800000,1550.0,put,57.55,0.012757,0.012,0.0135,1801.4,3342.0
1783187652,eth,1783497600000,1700.0,put,54.15,0.003782,0.0035,0.0042,1800.56,104.0
1783187652,eth,1783411200000,1500.0,put,89.93,0.000181,0.0001,0.0003,1800.56,2886.0
1783187652,eth,1787904000000,1800.0,call,50.42,0.078501,0.0775,0.08,1803.24,3962.0
1783187652,eth,1784880000000,1400.0,put,70.39,0.003796,0.0037,0.0041,1801.01,1716.0
1783187652,eth,1783411200000,1750.0,call,49.91,0.034228,0.0315,0.0395,1800.56,311.0
1783187652,eth,1813910400000,1900.0,call,58.38,0.217947,0.2155,0.221,1857.21,3.0
1783187652,eth,1806048000000,3700.0,call,57.09,0.022762,0.022,0.0235,1839.7,1416.0
1783187652,eth,1806048000000,5000.0,call,58.82,0.006901,0.006,0.007,1839.7,1191.0
1783187652,eth,1806048000000,2000.0,put,56.75,0.245746,0.233,0.25,1839.7,1438.0
1783187652,eth,1790323200000,2100.0,put,50.89,0.204339,0.194,0.2105,1807.47,2755.0
1783187652,eth,1806048000000,1200.0,call,62.14,0.397325,,,1839.7,50.0
1783187652,eth,1785484800000,2450.0,call,55.3,0.001249,0.0011,0.0014,1801.4,5525.0
1783187652,eth,1790323200000,2700.0,put,52.25,0.50065,0.486,0.5095,1807.41,527.0
1783187652,eth,1783324800000,1850.0,call,51.07,0.004063,0.0037,0.0043,1800.56,2982.0
1783187652,eth,1783497600000,1500.0,put,85.2,0.000418,0.0003,0.0007,1800.56,0.0
1783187652,eth,1783497600000,1600.0,call,68.45,0.112505,0.078,0.1465,1800.56,0.0
1783187652,eth,1783411200000,1600.0,put,73.19,0.000614,0.0005,0.0008,1800.56,1726.0
1783187652,eth,1783670400000,1725.0,put,52.11,0.009533,0.009,0.01,1800.79,1373.0
1783187652,eth,1806048000000,2500.0,call,56.44,0.08733,0.085,0.088,1839.7,1302.0
1783187652,eth,1790323200000,16000.0,put,130.17,7.852688,,,1807.41,30.0
1783187652,eth,1790323200000,2300.0,call,50.89,0.022831,0.0215,0.023,1807.41,10115.0
1783187652,eth,1783238400000,1850.0,call,55.37,0.001216,0.0011,0.0014,1800.73,2536.0
1783187652,eth,1790323200000,1400.0,put,58.92,0.024121,0.0235,0.025,1807.41,5921.0
1783187652,eth,1806048000000,1500.0,put,58.93,0.101784,0.1,0.1035,1839.7,3950.0
1783187652,eth,1783411200000,1650.0,put,64.26,0.001165,0.0011,0.0013,1800.56,648.0
1783187652,eth,1806048000000,4500.0,put,58.13,1.456856,,,1839.7,0.0
1783187652,eth,1783324800000,1875.0,call,55.31,0.002494,0.0022,0.0027,1800.56,1135.0
1783187652,eth,1784275200000,1200.0,put,94.97,0.000524,0.0004,0.0006,1800.83,2575.0
1783187652,eth,1813910400000,2700.0,put,57.44,0.556109,,,1857.21,0.0
1783187652,eth,1790323200000,1600.0,call,54.47,0.165014,0.1595,0.1705,1807.41,4288.0
1783187652,eth,1806048000000,3000.0,put,56.44,0.679354,0.6615,0.693,1839.7,352.0
1783187652,eth,1813910400000,1700.0,put,59.06,0.17977,0.1775,0.1825,1857.21,3.0
1783187652,eth,1785484800000,2750.0,put,65.36,0.527404,,,1801.23,2.0
1783187652,eth,1798185600000,5200.0,put,62.09,1.855421,,,1822.16,0.0
1783187652,eth,1798185600000,4800.0,call,60.14,0.002181,0.002,0.0025,1822.33,2476.0
1783187652,eth,1785484800000,2750.0,call,65.36,0.000593,0.0005,0.0007,1801.23,148.0
1783187652,eth,1783411200000,2000.0,call,66.23,0.000678,0.0005,0.0008,1800.56,65.0
1783187652,eth,1783238400000,1650.0,call,69.11,0.083641,0.08,0.0895,1800.73,572.0
1783187652,eth,1785484800000,3200.0,put,78.38,0.776934,,,1801.4,5.0
1783187652,eth,1813910400000,2000.0,put,58.08,0.274722,0.2605,0.2865,1857.21,27.0
1783187652,eth,1806048000000,1500.0,call,58.93,0.286381,0.111,,1839.7,227.0
1783187652,eth,1783324800000,1825.0,call,47.54,0.006936,0.0065,0.0075,1800.56,1853.0
1783187652,eth,1790323200000,3800.0,call,62.17,0.000819,0.0006,0.001,1807.47,2006.0
1783187652,eth,1798185600000,2700.0,put,54.37,0.516,0.5,0.53,1822.33,430.0
1783187652,eth,1783670400000,1300.0,put,106.39,0.000241,0.0002,0.0003,1800.79,7603.0
1783187652,eth,1785484800000,2800.0,put,66.37,0.555071,,,1801.23,2.0
1783187652,eth,1790323200000,7500.0,call,95.09,0.000204,,,1807.41,1322.0
1783187652,eth,1790323200000,6800.0,put,89.4,2.762556,,,1807.47,0.0
1783187652,eth,1785484800000,2200.0,call,49.06,0.004177,0.0039,0.0045,1801.4,11168.0
1783187652,eth,1785484800000,2450.0,put,55.3,0.361498,,,1801.23,249.0
1783187652,eth,1783497600000,1900.0,call,50.93,0.00383,0.0033,0.004,1800.56,32.0
1783187652,eth,1784275200000,1300.0,put,85.22,0.000972,0.0009,0.0011,1800.83,2021.0
1783187652,eth,1785484800000,3000.0,put,73.06,0.665998,,,1801.4,5.0
1783187652,eth,1790323200000,3300.0,call,57.2,0.001719,0.0014,0.002,1807.47,17690.0
1783187652,eth,1798185600000,7000.0,call,68.06,0.000544,0.0004,0.0009,1822.33,2825.0
1783187652,eth,1785484800000,2150.0,put,48.13,0.199325,0.193,0.205,1801.4,1087.0
1783187652,eth,1784275200000,1675.0,call,52.85,0.082526,0.08,0.088,1800.89,850.0
1783187652,eth,1806048000000,3300.0,call,56.62,0.034635,0.034,0.0355,1839.7,1884.0
1783187652,eth,1785484800000,1550.0,call,57.55,0.152191,0.1495,0.158,1801.23,1778.0
1783187652,eth,1783324800000,1775.0,put,45.14,0.006043,0.0055,0.0065,1800.56,63.0
1783187652,eth,1783238400000,1725.0,call,56.48,0.042232,0.038,0.0475,1800.73,1312.0
1783187652,eth,1783324800000,1400.0,put,97.04,1e-06,,0.0001,1800.56,201.0
1783187652,eth,1783670400000,1525.0,call,74.87,0.154364,0.1535,,1800.85,44.0
1783187652,eth,1790323200000,2200.0,put,50.88,0.248501,0.2375,0.255,1807.47,5537.0
1783187652,eth,1783497600000,1500.0,call,85.2,0.167401,0.134,0.1985,1800.56,0.0
1783187652,eth,1798185600000,1300.0,call,60.02,0.326922,,,1822.33,50.0
1783187652,eth,1783324800000,1725.0,put,50.27,0.001504,0.0014,0.0018,1800.56,706.0
1783187652,eth,1790323200000,3200.0,put,56.35,0.77262,0.755,0.7835,1807.41,1344.0
1783187652,eth,1784275200000,1650.0,put,54.37,0.010326,0.01,0.011,1800.89,406.0
1783187652,eth,1787904000000,2600.0,call,52.59,0.00348,0.0032,0.0039,1803.24,536.0
1783187652,eth,1806048000000,3000.0,call,56.44,0.048511,0.0475,0.049,1839.7,4972.0
1783187652,eth,1790323200000,1200.0,put,65.91,0.011381,0.011,0.012,1807.41,11934.0
1783187652,eth,1784275200000,1700.0,put,51.61,0.015688,0.015,0.0165,1800.83,489.0
1783187652,eth,1783238400000,1450.0,call,81.71,0.19471,0.165,0.22,1800.73,0.0
1783187652,eth,1798185600000,1900.0,put,54.68,0.175031,0.173,0.177,1822.33,2710.0
1783187652,eth,1790323200000,7200.0,call,92.73,0.000204,,,1807.47,1160.0
1783187652,eth,1787904000000,1550.0,call,55.22,0.168224,,,1803.24,137.0
1783187652,eth,1813910400000,3200.0,call,57.5,0.065411,0.0635,0.0675,1857.21,224.0
1783187652,eth,1783670400000,1600.0,call,64.92,0.113856,0.1115,0.1175,1800.85,1821.0
1783187652,eth,1787904000000,3200.0,call,60.13,0.000684,0.0005,0.001,1803.24,281.0
1783187652,eth,1783497600000,1625.0,put,64.52,0.001395,0.0013,0.0017,1800.56,0.0
1783187652,eth,1787904000000,1000.0,call,81.03,0.448126,,,1803.3,50.0
1783187652,eth,1790323200000,6600.0,call,87.65,0.000204,,0.0002,1807.41,1414.0
1783187652,eth,1783411200000,1625.0,call,68.74,0.098348,0.0645,0.134,1800.56,0.0
1783187652,eth,1783497600000,1675.0,put,57.08,0.002599,0.0024,0.0029,1800.56,252.0
1783187652,eth,1784275200000,1650.0,call,54.37,0.094005,0.0915,0.0995,1800.83,920.0
1783187652,eth,1783238400000,1525.0,call,80.24,0.153057,0.123,0.179,1800.73,52.0
1783187652,eth,1806048000000,3100.0,call,56.47,0.043251,0.0425,0.044,1839.7,1362.0
1783187652,eth,1783497600000,1950.0,put,55.17,0.084762,,,1800.56,0.0
1783187652,eth,1783670400000,1450.0,put,85.28,0.000696,0.0006,0.0008,1800.85,3602.0
1783187652,eth,1785484800000,2250.0,call,50.05,0.00313,0.0029,0.0034,1801.23,2306.0
1783187652,eth,1785484800000,1000.0,put,97.36,0.000849,0.0009,0.001,1801.4,7533.0
1783187652,eth,1790323200000,2400.0,put,50.91,0.344408,0.3325,0.353,1807.47,2115.0
1783187652,eth,1790323200000,2900.0,put,53.78,0.608601,,,1807.41,49.0
1783187652,eth,1790323200000,15000.0,call,127.32,0.0001,,0.0002,1807.41,877.0
1783187652,eth,1783497600000,1775.0,call,48.28,0.026936,,,1800.56,1.0
1783187652,eth,1787904000000,2150.0,put,49.6,0.212625,,,1803.24,83.0
1783187652,eth,1790323200000,5600.0,call,77.26,0.000185,0.0001,0.0003,1807.41,6163.0
1783187652,eth,1806048000000,2700.0,call,56.43,0.068947,0.067,0.0695,1839.7,2253.0
1783187652,eth,1790323200000,3000.0,put,54.6,0.663068,0.649,0.6735,1807.47,7576.0
1783187652,eth,1783238400000,1500.0,call,80.42,0.166941,0.136,0.1935,1800.73,50.0
1783187652,eth,1783497600000,1850.0,put,48.1,0.03599,0.016,,1800.56,1.0
1783187652,eth,1798185600000,3600.0,put,55.84,0.983929,,,1822.16,93.0
1783187652,eth,1783670400000,1600.0,put,64.92,0.002365,0.0023,0.0026,1800.79,6177.0
1783187652,eth,1790323200000,5000.0,call,71.99,0.000238,0.0001,0.0004,1807.47,3909.0
1783187652,eth,1785484800000,1800.0,put,48.74,0.05211,0.051,0.053,1801.4,9452.0
1783187652,eth,1813910400000,2200.0,call,57.69,0.162909,0.1605,0.1655,1857.04,1017.0
1783187652,eth,1787904000000,2250.0,put,49.67,0.260972,,,1803.24,13.0
1783187652,eth,1798185600000,3600.0,call,55.84,0.008252,0.0075,0.009,1822.33,2219.0
1783187652,eth,1783411200000,1825.0,call,48.18,0.010413,0.01,0.011,1800.56,74.0
1783187652,eth,1784275200000,1625.0,put,56.1,0.008471,0.008,0.009,1800.83,294.0
1783187652,eth,1813910400000,900.0,call,67.5,0.546822,0.542,0.5525,1857.21,2.0
1783187652,eth,1798185600000,9000.0,call,76.32,0.000384,0.0002,0.0032,1822.33,1908.0
1783187652,eth,1790323200000,2700.0,call,52.25,0.006775,0.006,0.0075,1807.41,3645.0
1783187652,eth,1790323200000,11000.0,call,111.04,0.000102,,0.0001,1807.47,2766.0
1783187652,eth,1783670400000,1250.0,put,111.65,0.000147,0.0001,0.0002,1800.85,3202.0
1783187652,eth,1787904000000,2100.0,put,49.6,0.189627,0.18,0.1955,1803.31,441.0
1783187652,eth,1790323200000,10000.0,put,105.92,4.532972,,,1807.41,0.0
1783187652,eth,1798185600000,2200.0,call,54.36,0.080425,0.079,0.0815,1822.33,52696.0
1783187652,eth,1784880000000,1750.0,call,49.7,0.060795,0.0595,0.0625,1801.01,433.0
1783187652,eth,1806048000000,2100.0,put,56.6,0.282167,0.2685,0.2895,1839.7,368.0
1783187652,eth,1785484800000,1200.0,put,81.87,0.002328,0.0021,0.0025,1801.4,11323.0
1783187652,eth,1785484800000,3400.0,call,84.5,0.000249,0.0002,0.0003,1801.23,2543.0
1783187652,eth,1813910400000,2500.0,call,57.42,0.122593,0.12,0.125,1857.04,3024.0
1783187652,eth,1798185600000,4000.0,put,57.21,1.200176,,,1822.33,223.0
1783187652,eth,1783238400000,1900.0,call,68.55,0.000271,0.0004,0.0005,1800.73,2787.0
1783187652,eth,1813910400000,800.0,put,69.62,0.023073,0.0215,0.0245,1857.21,63.0
1783187652,eth,1806048000000,6000.0,put,61.24,2.265373,,,1839.7,0.0
1783187652,eth,1790323200000,3100.0,put,55.41,0.717755,,,1807.41,0.0
1783187652,eth,1798185600000,1600.0,call,56.34,0.213505,0.205,0.219,1822.33,572.0
1783187652,eth,1806048000000,3100.0,put,56.47,0.728455,,,1839.7,99.0
1783187652,eth,1785484800000,3100.0,put,76.02,0.72147,,,1801.4,0.0
1783187652,eth,1813910400000,3400.0,put,57.61,0.886155,,,1857.04,0.0
1783187652,eth,1785484800000,4200.0,call,100.61,0.000103,,0.0002,1801.23,1180.0
1783187652,eth,1790323200000,13000.0,put,119.91,6.192833,0.0001,,1807.41,0.0
1783187652,eth,1798185600000,3800.0,put,56.58,1.09184,,,1822.33,26.0
1783187652,eth,1813910400000,1200.0,put,62.42,0.067887,0.066,0.07,1857.04,327.0
1783187652,eth,1784275200000,1600.0,put,57.81,0.006929,0.0065,0.0075,1800.89,7748.0
1783187652,eth,1785484800000,1700.0,call,51.1,0.086121,0.085,0.092,1801.4,2656.0
1783187652,eth,1784880000000,1600.0,call,56.01,0.123577,,,1801.01,50.0
1783187652,eth,1790323200000,1300.0,put,62.04,0.016499,0.016,0.017,1807.47,1280.0
1783187652,eth,1784275200000,1800.0,put,47.78,0.035193,0.034,0.036,1800.83,36.0
1783187652,eth,1790323200000,1400.0,call,58.92,0.249519,,,1807.41,126.0
1783187652,eth,1787904000000,1450.0,put,58.51,0.018036,0.0175,0.0185,1803.31,5242.0
1783187652,eth,1787904000000,3200.0,put,60.13,0.775258,,,1803.24,0.0
1783187652,eth,1783238400000,1600.0,put,70.1,0.0,,0.0001,1800.73,910.0
1783187652,eth,1783238400000,1700.0,put,64.57,0.000117,0.0001,0.0003,1800.73,2846.0
1783187652,eth,1785484800000,2650.0,put,61.61,0.47198,,,1801.23,52.0
1783187652,eth,1806048000000,5500.0,call,60.27,0.005082,0.0042,0.006,1839.64,1947.0
1783187652,eth,1790323200000,3600.0,put,59.67,0.992827,0.973,1.0055,1807.41,539.0
1783187652,eth,1790323200000,1300.0,call,62.04,0.297226,,,1807.47,69.0
1783187652,eth,1784880000000,1850.0,call,47.71,0.032363,0.0315,0.033,1801.01,142.0
1783187652,eth,1798185600000,1600.0,put,56.34,0.091584,0.0905,0.093,1822.16,5956.0
1783187652,eth,1783324800000,1825.0,put,47.54,0.020558,0.0195,0.021,1800.56,2.0
1783187652,eth,1798185600000,11000.0,call,80.88,0.000225,0.0001,0.0004,1822.33,2141.0
1783187652,eth,1783324800000,1750.0,call,46.84,0.03098,0.0285,0.035,1800.56,717.0
1783187652,eth,1783670400000,1400.0,call,92.22,0.223028,0.1955,0.2535,1800.79,56.0
1783187652,eth,1783324800000,1775.0,call,45.14,0.020192,0.0175,0.025,1800.56,605.0
1783187652,eth,1813910400000,1000.0,call,65.73,0.503351,0.498,0.509,1857.21,50.0
1783187652,eth,1813910400000,2300.0,put,57.53,0.386496,,,1857.21,0.0
1783187652,eth,1785484800000,3100.0,call,76.02,0.000338,0.0003,0.0004,1801.23,775.0
1783187652,eth,1783497600000,1600.0,put,68.45,0.001057,0.0009,0.0013,1800.56,385.0
1783187652,eth,1783324800000,1550.0,put,74.23,1.4e-05,,0.0002,1800.56,4723.0
1783187652,eth,1785484800000,2550.0,put,58.44,0.416674,,,1801.23,112.0
1783187652,eth,1787904000000,1500.0,put,56.72,0.022341,0.0215,0.023,1803.31,1951.0
1783187652,eth,1783497600000,1850.0,call,48.1,0.008602,0.008,0.009,1800.56,35.0
1783187652,eth,1784275200000,1900.0,call,46.93,0.014721,0.014,0.015,1800.89,3368.0
1783187652,eth,1787904000000,2100.0,call,49.6,0.025063,0.024,0.0255,1803.3,1786.0
1783187652,eth,1784880000000,1600.0,put,56.01,0.012007,0.0115,0.0125,1801.01,267.0
1783187652,eth,1813910400000,3200.0,put,57.5,0.788639,,,1857.21,0.0
1783187652,eth,1790323200000,9000.0,call,100.21,0.000102,,0.0004,1807.41,1519.0
1783187652,eth,1813910400000,2100.0,call,57.87,0.179477,0.177,0.1825,1857.21,6.0
1783187652,eth,1783238400000,1800.0,call,43.35,0.007104,0.0065,0.008,1800.73,5043.0
1783187652,eth,1783670400000,2000.0,call,53.9,0.001737,0.0015,0.0018,1800.85,5047.0
1783187652,eth,1806048000000,3200.0,call,56.54,0.038666,0.038,0.0395,1839.7,1410.0
1783187652,eth,1785484800000,1800.0,call,48.74,0.052743,0.052,0.054,1801.4,9257.0
1783187652,eth,1783670400000,1850.0,call,47.54,0.012569,0.012,0.013,1800.79,3238.0
1783187652,eth,1798185600000,3800.0,call,56.58,0.006403,0.0055,0.007,1822.33,3115.0
1783187652,eth,1790323200000,4800.0,call,69.77,0.00025,0.0001,0.0005,1807.47,1879.0
1783187652,eth,1806048000000,2400.0,call,56.44,0.098298,0.096,0.099,1839.7,1440.0
1783187652,eth,1806048000000,4000.0,put,57.44,1.19131,,,1839.7,0.0
1783187652,eth,1783670400000,1500.0,put,78.51,0.001028,0.0009,0.0012,1800.85,11887.0
1783187652,eth,1787904000000,1200.0,put,70.14,0.006419,0.006,0.007,1803.3,5407.0
1783187652,eth,1783670400000,1300.0,call,106.39,0.27832,0.253,0.307,1800.79,100.0
1783187652,eth,1790323200000,4000.0,call,63.83,0.000621,0.0006,0.0008,1807.41,12125.0
1783187652,eth,1790323200000,2100.0,call,50.89,0.042436,0.041,0.043,1807.41,3593.0
1783187652,eth,1798185600000,2500.0,put,54.37,0.420342,0.4045,0.4305,1822.33,1175.0
1783187652,eth,1785484800000,2100.0,put,47.95,0.17398,0.1675,0.1795,1801.23,791.0
1783187652,eth,1806048000000,4600.0,put,58.4,1.510446,,,1839.7,0.0
1783187652,eth,1806048000000,3700.0,put,57.09,1.034134,,,1839.7,0.0
1783187652,eth,1806048000000,2200.0,put,56.44,0.320419,0.306,0.326,1839.7,991.0
1783187652,eth,1798185600000,1700.0,call,55.66,0.182973,0.181,0.1855,1822.33,285.0
1783187652,eth,1790323200000,6000.0,call,84.91,0.000306,,0.0003,1807.47,3181.0
1783187652,eth,1787904000000,1650.0,put,52.84,0.042643,0.042,0.0435,1803.31,1883.0
1783187652,eth,1798185600000,3200.0,put,54.94,0.771149,0.753,0.7875,1822.16,251.0
1783187652,eth,1790323200000,5400.0,call,76.14,0.000218,0.0001,0.0004,1807.41,1177.0
1783187652,eth,1798185600000,10000.0,call,79.32,0.000317,0.0002,0.0005,1822.33,1675.0
1783187652,eth,1783324800000,1525.0,call,74.83,0.153006,0.1195,0.1815,1800.56,0.0
1783187652,eth,1785484800000,1950.0,call,47.94,0.022178,0.021,0.0225,1801.23,2635.0
1783187652,eth,1783324800000,1575.0,call,73.09,0.125268,0.094,0.1555,1800.56,18.0
1783187652,eth,1785484800000,1700.0,put,51.1,0.029967,0.029,0.031,1801.4,8250.0
1783187652,eth,1787904000000,3000.0,call,57.82,0.001125,0.0009,0.0015,1803.24,41.0
1783187652,eth,1813910400000,2800.0,call,57.46,0.093326,0.0905,0.095,1857.21,21.0
1783187652,eth,1790323200000,4800.0,put,69.77,1.656028,,,1807.41,110.0
1783187652,eth,1787904000000,2150.0,call,49.6,0.020334,0.0195,0.0205,1803.3,993.0
1783187652,eth,1798185600000,5500.0,put,63.31,2.019752,,,1822.33,0.0
1783187652,eth,1790323200000,4200.0,call,66.47,0.000563,0.0004,0.0007,1807.47,2464.0
1783187652,eth,1787904000000,2500.0,put,51.65,0.391393,,,1803.3,2.0
1783187652,eth,1783411200000,1850.0,put,49.73,0.034082,,,1800.56,0.0
1783187652,eth,1813910400000,2800.0,put,57.46,0.60115,,,1857.21,0.0
1783187652,eth,1784880000000,2200.0,put,51.18,0.224054,,,1801.01,0.0
1783187652,eth,1787904000000,1850.0,put,50.02,0.091695,0.09,0.0925,1803.31,202.0
1783187652,eth,1813910400000,2600.0,call,57.42,0.111839,0.1095,0.114,1857.21,21.0
1783187652,eth,1783497600000,1750.0,put,49.55,0.00842,0.008,0.009,1800.56,2.0
1783187652,eth,1813910400000,1300.0,put,61.44,0.085161,0.083,0.087,1857.21,861.0
1783187652,eth,1806048000000,5500.0,put,60.27,1.99496,,,1839.7,0.0
1783187652,eth,1806048000000,1400.0,call,59.8,0.320549,0.15,,1839.7,54.0
1783187652,eth,1784880000000,2000.0,call,47.73,0.010696,0.01,0.011,1801.01,3839.0
1783187652,eth,1783411200000,2000.0,put,66.23,0.111437,,,1800.56,1.0
1783187652,eth,1784275200000,1700.0,call,51.61,0.071644,0.069,0.077,1800.89,3119.0
1783187652,eth,1813910400000,2400.0,put,57.42,0.426863,,,1857.04,0.0
1783187652,eth,1783497600000,1625.0,call,64.52,0.09896,0.0635,0.135,1800.56,0.0
1783187652,eth,1785484800000,2300.0,put,51.06,0.279336,0.2725,0.285,1801.23,2777.0
1783187652,eth,1806048000000,1600.0,put,58.29,0.125139,0.1235,0.1265,1839.7,1522.0
1783187652,eth,1784880000000,1700.0,put,51.26,0.023317,0.0225,0.024,1801.01,204.0
1783187652,eth,1798185600000,2500.0,call,54.37,0.048344,0.047,0.049,1822.33,22368.0
1783187652,eth,1785484800000,2400.0,call,53.75,0.001501,0.0013,0.0017,1801.4,10107.0
1783187652,eth,1806048000000,2400.0,put,56.44,0.402958,0.387,0.415,1839.7,357.0
1783187652,eth,1787904000000,2350.0,call,50.11,0.0087,0.008,0.0095,1803.31,1853.0
1783187652,eth,1787904000000,1550.0,put,55.22,0.027783,0.027,0.0285,1803.31,1680.0
1783187652,eth,1785484800000,2350.0,put,52.41,0.306603,0.3,0.3125,1801.4,541.0
1783187652,eth,1785484800000,1900.0,put,47.95,0.084898,0.0775,0.088,1801.23,2255.0
1783187652,eth,1798185600000,6000.0,put,65.67,2.29386,,,1822.33,0.0
1783187652,eth,1806048000000,1700.0,call,57.8,0.227263,0.2245,0.23,1839.7,1282.0
1783187652,eth,1785484800000,2700.0,call,63.1,0.000606,0.0005,0.0007,1801.4,4355.0
1783187652,eth,1813910400000,1000.0,put,65.73,0.04186,0.041,0.043,1857.21,134.0
1783187652,eth,1783238400000,1400.0,call,90.76,0.222479,0.194,0.247,1800.73,0.0
1783187652,eth,1790323200000,2000.0,put,50.89,0.163455,0.1535,0.1695,1807.41,11386.0
1783187652,eth,1787904000000,3800.0,put,67.84,1.107557,,,1803.24,0.0
1783187652,eth,1798185600000,1400.0,put,58.41,0.053861,0.053,0.055,1822.33,11165.0
1783187652,eth,1784275200000,1750.0,call,49.49,0.051934,0.049,0.055,1800.89,2340.0
1783187652,eth,1787904000000,1900.0,call,49.61,0.054522,0.0535,0.0555,1803.3,1255.0
1783187652,eth,1787904000000,2300.0,call,49.82,0.010677,0.01,0.0115,1803.3,996.0
1783187652,eth,1790323200000,1800.0,put,51.99,0.096176,0.0945,0.0975,1807.47,3668.0
1783187652,eth,1798185600000,9000.0,put,76.32,3.939577,,,1822.33,0.0
1783187652,eth,1784275200000,1900.0,put,46.93,0.06986,,,1800.83,1.0
1783187652,eth,1813910400000,4000.0,put,57.79,1.187646,,,1857.21,0.0
1783187652,eth,1783238400000,1775.0,call,42.98,0.016164,0.0135,0.0175,1800.73,1811.0
1783187652,eth,1798185600000,4600.0,call,59.15,0.002547,0.0018,0.003,1822.33,9016.0
1783187652,eth,1784880000000,1550.0,put,59.08,0.008764,0.0085,0.0095,1801.01,1534.0
1783187652,eth,1798185600000,10000.0,put,79.32,4.488309,,,1822.33,0.0
1783187652,eth,1783238400000,1575.0,call,73.05,0.125288,0.094,0.1515,1800.73,2.0
1783187652,eth,1806048000000,3200.0,put,56.54,0.778232,,,1839.7,0.0
1783187652,eth,1806048000000,2600.0,call,56.43,0.077588,0.0755,0.078,1839.7,2076.0
1783187652,eth,1790323200000,2500.0,call,51.15,0.012065,0.0115,0.0125,1807.47,21147.0
1783187652,eth,1783238400000,1450.0,put,81.71,0.0,,0.0001,1800.73,51.0
1783187652,eth,1813910400000,1700.0,call,59.06,0.264324,0.2585,0.2705,1857.04,602.0
1783187652,eth,1790323200000,2600.0,put,51.7,0.447573,0.435,0.4565,1807.41,8412.0
1783187652,eth,1785484800000,2400.0,put,53.75,0.33399,,,1801.23,102.0
1783187652,eth,1785484800000,1900.0,call,47.95,0.03001,0.029,0.0305,1801.4,11454.0
1783187652,eth,1787904000000,2300.0,put,49.82,0.286152,,,1803.24,3.0
1783187652,eth,1784880000000,1400.0,call,70.39,0.22642,0.193,0.263,1801.01,0.0
1783187652,eth,1784275200000,1500.0,put,66.03,0.003351,0.0034,0.0036,1800.89,1425.0
1783187652,eth,1798185600000,8000.0,call,71.76,0.0004,0.0003,0.0007,1822.16,2425.0
1783187652,eth,1813910400000,1600.0,put,59.47,0.15237,0.15,0.155,1857.21,722.0
1783187652,eth,1783670400000,2000.0,put,53.9,0.112385,,,1800.85,15.0
1783187652,eth,1783238400000,1750.0,put,47.8,0.000572,0.0005,0.0009,1800.73,593.0
1783187652,eth,1783238400000,1400.0,put,90.76,0.0,,0.0001,1800.73,4.0
1783187652,eth,1783411200000,1900.0,call,54.4,0.002787,0.0025,0.0029,1800.56,169.0
1783187652,eth,1783324800000,1650.0,put,63.76,0.000278,0.0002,0.0005,1800.56,245.0
1783187652,eth,1798185600000,3100.0,put,54.76,0.718833,,,1822.16,0.0
1783187652,eth,1783497600000,1825.0,put,47.46,0.026409,0.0255,0.0275,1800.56,0.0
1783187652,eth,1783670400000,1525.0,put,74.87,0.001234,0.0011,0.0014,1800.79,2226.0
1783187652,eth,1784275200000,1800.0,call,47.78,0.03557,0.035,0.0365,1800.89,2135.0
1783187652,eth,1798185600000,6500.0,call,66.42,0.000697,0.0005,0.001,1822.16,1765.0
1783187652,eth,1787904000000,1000.0,put,81.03,0.00268,0.0023,0.003,1803.24,885.0
1783187652,eth,1785484800000,1850.0,put,48.01,0.067028,0.0655,0.068,1801.4,2167.0
1783187652,eth,1806048000000,3800.0,call,57.17,0.020505,0.0195,0.021,1839.7,1203.0
1783187652,eth,1784275200000,1350.0,call,80.02,0.251566,0.222,0.284,1800.83,65.0
1783187652,eth,1785484800000,4400.0,call,105.21,0.0001,,0.0001,1801.23,988.0
1783187652,eth,1790323200000,1500.0,put,56.4,0.035051,0.034,0.036,1807.41,10084.0
1783187652,eth,1785484800000,2050.0,put,47.91,0.149628,0.141,0.155,1801.4,648.0
1783187652,eth,1785484800000,1450.0,call,63.57,0.202499,0.167,,1801.4,51.0
1783187652,eth,1798185600000,2400.0,put,54.37,0.374484,0.362,0.3845,1822.16,1716.0
1783187652,eth,1785484800000,3800.0,put,93.07,1.109928,,,1801.4,0.0
1783187652,eth,1783497600000,1675.0,call,57.08,0.072397,0.034,0.11,1800.56,0.0
1783187652,eth,1806048000000,2300.0,put,56.43,0.360901,0.3455,0.373,1839.7,1576.0
1783187652,eth,1806048000000,1700.0,put,57.8,0.151407,0.1495,0.153,1839.7,1378.0
1783187652,eth,1785484800000,1650.0,call,52.89,0.106408,0.1035,0.1125,1801.23,5746.0
1783187652,eth,1784275200000,1350.0,put,80.02,0.001283,0.0011,0.0014,1800.89,1102.0
1783187652,eth,1783238400000,1550.0,call,80.24,0.139173,0.1085,0.167,1800.73,20.0
1783187652,eth,1790323200000,12000.0,call,115.67,0.000101,,0.0002,1807.41,1341.0
1783187652,eth,1787904000000,1400.0,call,60.35,0.23811,,,1803.3,100.0
1783187652,eth,1787904000000,2800.0,call,55.06,0.001872,0.0016,0.0023,1803.24,1260.0
1783187652,eth,1783411200000,1700.0,call,55.96,0.058319,,,1800.56,0.0
1783187652,eth,1783670400000,1450.0,call,85.28,0.195476,0.164,0.2285,1800.85,50.0
1783187652,eth,1783324800000,1850.0,put,51.07,0.03157,0.002,,1800.56,0.0
1783187652,eth,1806048000000,4200.0,put,57.6,1.296974,,,1839.7,5.0
1783187652,eth,1783411200000,1700.0,put,55.96,0.00246,0.0023,0.0027,1800.56,762.0
1783187652,eth,1783324800000,1575.0,put,73.09,3.7e-05,,0.0001,1800.56,1220.0
1783187652,eth,1785484800000,1600.0,put,55.04,0.016885,0.0165,0.0175,1801.23,12362.0
1783187652,eth,1790323200000,5800.0,call,79.34,0.000185,0.0001,0.0003,1807.41,4884.0
1783187652,eth,1798185600000,1900.0,call,54.68,0.132313,0.131,0.135,1822.33,185.0
1783187652,eth,1783497600000,1925.0,put,52.77,0.071628,,,1800.56,0.0
1783187652,eth,1783497600000,1950.0,call,55.17,0.001842,0.0015,0.0019,1800.56,0.0
1783187652,eth,1783411200000,1625.0,put,68.74,0.00084,0.0008,0.001,1800.56,109.0
1783187652,eth,1806048000000,1000.0,put,66.09,0.028685,0.0275,0.0295,1839.7,7232.0
1783187652,eth,1783238400000,1500.0,put,80.42,0.0,,0.0001,1800.73,430.0
1783187652,eth,1783670400000,1500.0,call,78.51,0.168051,0.166,0.172,1800.85,628.0
1783187652,eth,1813910400000,3500.0,put,57.41,0.934886,,,1857.21,0.0
1783187652,eth,1785484800000,2250.0,put,50.05,0.252339,0.2455,0.258,1801.23,707.0
1783187652,eth,1783670400000,1575.0,call,68.11,0.127249,0.125,0.1325,1800.85,649.0
1783187652,eth,1787904000000,1750.0,call,51.09,0.093185,0.0885,0.0975,1803.24,4114.0
1783187652,eth,1783670400000,1625.0,put,61.75,0.003004,0.0028,0.0032,1800.85,669.0
1783187652,eth,1783411200000,1675.0,call,59.96,0.071402,0.035,0.1075,1800.56,0.0
1783187652,eth,1783238400000,1475.0,put,80.78,0.0,,0.0001,1800.73,458.0
1783187652,eth,1783497600000,2000.0,put,59.75,0.111645,,,1800.56,0.0
1783187652,eth,1813910400000,3400.0,call,57.61,0.055225,0.0535,0.0575,1857.21,0.0
1783187652,eth,1806048000000,2800.0,put,56.44,0.583442,,,1839.64,12.0
1783187652,eth,1783670400000,1250.0,call,111.65,0.305992,0.282,0.331,1800.85,50.0
1783187652,eth,1798185600000,2400.0,call,54.37,0.057366,0.056,0.058,1822.33,11900.0
1783187652,eth,1783670400000,1400.0,put,92.22,0.000482,0.0004,0.0006,1800.79,11777.0
1783187652,eth,1798185600000,1700.0,put,55.66,0.115932,0.1145,0.1175,1822.16,12265.0
1783187652,eth,1790323200000,8500.0,put,97.15,3.703043,,,1807.41,0.0
1783187652,eth,1783411200000,1725.0,put,52.52,0.003819,0.0036,0.004,1800.56,51.0
1783187652,eth,1785484800000,4400.0,put,105.21,1.442997,,,1801.23,0.0
1783187652,eth,1790323200000,2400.0,call,50.91,0.016525,0.0155,0.017,1807.41,7052.0
1783187652,eth,1806048000000,2900.0,call,56.44,0.05454,0.053,0.055,1839.64,2101.0
1783187652,eth,1798185600000,6000.0,call,65.67,0.001065,0.001,0.0012,1822.16,10376.0
1783187652,eth,1785484800000,1000.0,call,97.36,0.445645,0.4235,0.4705,1801.23,86.0
1783187652,eth,1813910400000,2200.0,put,57.69,0.347628,0.332,0.36,1857.21,0.0
1783187652,eth,1783324800000,1800.0,call,45.01,0.011972,0.011,0.0125,1800.56,673.0
1783187652,eth,1787904000000,1650.0,call,52.84,0.127628,0.1225,0.133,1803.24,1617.0
1783187652,eth,1785484800000,2600.0,call,60.07,0.00079,0.0007,0.0008,1801.23,3555.0
1783187652,eth,1787904000000,1100.0,call,75.29,0.394139,,,1803.3,50.0
1783187652,eth,1784880000000,1650.0,call,53.35,0.10046,0.094,,1801.01,52.0
1783187652,eth,1813910400000,800.0,call,69.62,0.592266,0.588,0.598,1857.21,0.0
1783187652,eth,1785484800000,1200.0,call,81.87,0.336083,0.3335,0.3395,1801.23,284.0
1783187652,eth,1785484800000,2800.0,call,66.37,0.0005,0.0004,0.0006,1801.4,6164.0
