snap_ts,asset,expiry_ms,strike,opt_type,mark_iv,mark_price,bid,ask,underlying_price,open_interest
1784465289,btc,1787904000000,46000.0,put,56.02,0.00203139,0.0019,0.0022,64597.4,619.6
1784465289,btc,1813910400000,80000.0,call,41.52,0.09378138,0.0925,0.0955,66978.97,60.3
1784465289,btc,1806048000000,140000.0,call,43.21,0.00337982,0.003,0.0038,66248.31,756.3
1784465289,btc,1784620800000,69000.0,put,38.37,0.07237156,0.0665,0.1115,64326.78,0.0
1784465289,btc,1784707200000,63000.0,call,32.95,0.02484872,0.0011,0.0575,64325.98,0.0
1784465289,btc,1786089600000,67000.0,call,33.22,0.01490514,0.0145,0.0155,64460.24,137.8
1784465289,btc,1785484800000,50000.0,call,61.11,0.22407039,0.2205,0.253,64410.13,3.4
1784465289,btc,1798185600000,62000.0,call,41.3,0.13411585,0.132,0.135,65479.39,197.6
1784465289,btc,1813910400000,82000.0,call,41.38,0.08579564,0.0845,0.0875,66978.97,22.3
1784465289,btc,1813910400000,110000.0,call,40.95,0.02511431,0.024,0.0255,66978.28,64.4
1784465289,btc,1790323200000,30000.0,call,82.83,0.53851802,0.5365,0.5395,64822.24,107.3
1784465289,btc,1785484800000,108000.0,put,66.12,0.67676265,0.621,0.736,64410.13,0.0
1784465289,btc,1813910400000,85000.0,put,41.18,0.3439934,0.3395,0.3555,66978.97,4.5
1784465289,btc,1785484800000,73000.0,call,38.11,0.0009722,0.0008,0.0011,64410.13,2120.2
1784465289,btc,1806048000000,108000.0,call,40.04,0.01298002,0.0125,0.0135,66247.51,57.0
1784465289,btc,1790323200000,170000.0,call,68.29,6.592e-05,,0.0002,64822.74,359.5
1784465289,btc,1798185600000,60000.0,call,42.01,0.15258936,0.1505,0.1545,65479.39,789.0
1784465289,btc,1790323200000,190000.0,put,72.81,1.93110622,1.832,2.038,64822.74,0.0
1784465289,btc,1785484800000,98000.0,call,60.4,1.73e-06,,0.0001,64410.13,1189.3
1784465289,btc,1784707200000,69000.0,call,36.68,0.0001766,0.0001,0.0003,64325.98,1.1
1784465289,btc,1787904000000,73000.0,call,32.95,0.00756301,0.0075,0.008,64596.66,1078.0
1784465289,btc,1784880000000,64000.0,put,33.58,0.0125908,0.012,0.013,64373.42,145.4
1784465289,btc,1784880000000,56000.0,call,51.99,0.13025554,0.126,0.1605,64373.42,0.1
1784465289,btc,1806048000000,55000.0,put,45.12,0.06683239,0.0655,0.068,66248.31,1354.0
1784465289,btc,1785484800000,84000.0,call,50.45,5.098e-05,,0.0002,64410.13,710.0
1784465289,btc,1813910400000,150000.0,call,43.02,0.00609762,0.0055,0.0065,66978.97,84.5
1784465289,btc,1790323200000,58000.0,call,39.66,0.13030115,0.127,0.1355,64822.24,486.8
1784465289,btc,1784793600000,69000.0,put,35.05,0.07237624,0.0665,0.112,64326.78,0.0
1784465289,btc,1787904000000,59000.0,put,38.08,0.01655944,0.016,0.017,64596.66,507.2
1784465289,btc,1806048000000,106000.0,put,39.97,0.61452669,0.554,0.689,66248.31,0.0
1784465289,btc,1787904000000,105000.0,call,53.74,0.00021128,0.0001,0.0004,64596.66,160.6
1784465289,btc,1790323200000,300000.0,put,84.97,3.62799939,3.472,3.796,64822.24,0.0
1784465289,btc,1787904000000,48000.0,call,52.41,0.25955309,0.2565,0.2635,64596.66,37.5
1784465289,btc,1784880000000,56000.0,put,51.99,0.00018251,0.0001,0.0003,64372.62,798.4
1784465289,btc,1784620800000,66000.0,call,29.91,0.0011733,0.0011,0.0014,64326.78,50.9
1784465289,btc,1798185600000,210000.0,put,56.19,2.20727881,2.0985,2.325,65478.59,0.0
1784465289,btc,1790323200000,35000.0,put,72.15,0.00201621,0.0018,0.0021,64822.74,872.8
1784465289,btc,1790323200000,64000.0,put,36.29,0.05580628,0.055,0.0565,64822.24,515.7
1784465289,btc,1790323200000,135000.0,put,58.2,1.08277742,1.0125,1.16,64822.74,11.5
1784465289,btc,1787904000000,56000.0,put,41.14,0.00953222,0.009,0.01,64596.66,748.3
1784465289,btc,1784534400000,70000.0,call,42.68,5e-08,,0.0001,64326.78,5.9
1784465289,btc,1798185600000,80000.0,call,38.55,0.03436136,0.034,0.0345,65479.39,7529.2
1784465289,btc,1798185600000,105000.0,put,40.25,0.60859476,0.597,0.6195,65479.39,109.4
1784465289,btc,1784707200000,63500.0,put,32.26,0.00579995,0.0055,0.006,64325.98,10.9
1784465289,btc,1798185600000,200000.0,put,56.1,2.05463864,1.951,2.167,65478.59,0.0
1784465289,btc,1785484800000,115000.0,call,72.75,1.7e-07,,0.0001,64410.13,182.3
1784465289,btc,1784620800000,59000.0,call,47.68,0.08312884,0.0785,0.1145,64326.78,0.0
1784465289,btc,1806048000000,60000.0,call,43.45,0.18812943,0.186,0.189,66248.31,721.3
1784465289,btc,1798185600000,170000.0,put,52.29,1.59671602,1.509,1.693,65479.39,0.0
1784465289,btc,1787904000000,63000.0,call,35.28,0.05929822,0.0585,0.0605,64596.66,737.9
1784465289,btc,1784793600000,65500.0,put,31.28,0.02354251,0.0017,0.0595,64326.78,0.7
1784465289,btc,1786089600000,68000.0,put,33.07,0.06570049,0.0615,0.1075,64460.24,0.0
1784465289,btc,1798185600000,72000.0,call,38.94,0.06468312,0.064,0.0655,65479.39,1114.1
1784465289,btc,1790323200000,78000.0,call,34.1,0.00798858,0.008,0.0085,64822.23,4106.9
1784465289,btc,1798185600000,40000.0,put,56.97,0.01288333,0.0125,0.013,65479.39,4010.3
1784465289,btc,1784534400000,62500.0,call,33.15,0.02869605,0.0125,0.0615,64326.78,0.3
1784465289,btc,1798185600000,135000.0,call,45.84,0.00119478,0.001,0.0014,65479.39,1062.9
1784465289,btc,1784707200000,72000.0,call,42.13,1.278e-05,,0.0001,64325.98,0.0
1784465289,btc,1785484800000,81000.0,call,49.92,0.00017063,0.0001,0.0002,64410.13,1464.6
1784465289,btc,1786089600000,64000.0,call,34.6,0.03490572,0.034,0.0355,64461.28,68.0
1784465289,btc,1787904000000,66000.0,put,33.89,0.05679279,0.0555,0.0575,64596.66,166.8
1784465289,btc,1784707200000,67000.0,put,30.99,0.04198626,0.0095,0.0805,64325.98,0.0
1784465289,btc,1785484800000,77000.0,call,43.8,0.00034696,0.0003,0.0004,64409.31,2606.6
1784465289,btc,1786089600000,66000.0,put,33.6,0.04418838,0.043,0.045,64461.28,0.9
1784465289,btc,1798185600000,104000.0,put,39.94,0.59354309,0.5375,0.66,65479.39,0.0
1784465289,btc,1784534400000,66500.0,call,35.14,0.00013725,0.0001,0.0002,64326.78,41.2
1784465289,btc,1784880000000,68000.0,call,32.85,0.00125585,0.0012,0.0015,64373.42,1953.2
1784465289,btc,1813910400000,68000.0,put,42.9,0.17318435,0.171,0.175,66978.97,6.1
1784465289,btc,1798185600000,85000.0,put,38.28,0.32048585,0.315,0.331,65479.39,548.5
1784465289,btc,1798185600000,84000.0,put,38.28,0.30716633,0.2985,0.3155,65479.39,47.0
1784465289,btc,1785484800000,85000.0,call,50.45,3.238e-05,,0.0001,64410.13,1273.2
1784465289,btc,1790323200000,84000.0,put,36.04,0.29932224,0.2925,0.3065,64822.24,34.7
1784465289,btc,1806048000000,180000.0,put,48.55,1.71841221,1.6255,1.823,66248.31,0.0
1784465289,btc,1813910400000,72000.0,call,42.32,0.13316321,0.1315,0.135,66978.28,7.9
1784465289,btc,1785484800000,102000.0,put,63.21,0.5836098,0.531,0.6405,64409.31,0.1
1784465289,btc,1784880000000,50000.0,call,62.12,0.22328253,0.196,0.25,64373.42,0.0
1784465289,btc,1785484800000,92000.0,put,53.45,0.42835604,0.4205,0.479,64410.13,0.4
1784465289,btc,1784534400000,62000.0,call,36.2,0.03636838,0.013,0.069,64326.78,0.2
1784465289,btc,1813910400000,110000.0,put,40.95,0.66741815,0.6015,0.7505,66978.97,0.0
1784465289,btc,1790323200000,150000.0,call,65.47,0.00017869,0.0001,0.0003,64822.74,736.8
1784465289,btc,1784707200000,66000.0,call,30.39,0.00246666,0.0023,0.0027,64325.98,127.4
1784465289,btc,1786089600000,62000.0,put,36.16,0.01656342,0.016,0.017,64460.24,34.8
1784465289,btc,1790323200000,165000.0,put,68.29,1.54549316,1.4595,1.639,64822.24,0.0
1784465289,btc,1784534400000,70000.0,put,42.68,0.08806827,0.082,0.1275,64326.78,0.0
1784465289,btc,1790323200000,60000.0,call,38.39,0.1074628,0.1035,0.1125,64822.24,932.8
1784465289,btc,1790323200000,110000.0,put,48.63,0.69744114,0.688,0.7085,64822.23,116.1
1784465289,btc,1787904000000,66000.0,call,33.89,0.03508032,0.0345,0.036,64596.66,923.9
1784465289,btc,1798185600000,130000.0,call,45.11,0.00149924,0.0013,0.0017,65479.39,1564.3
1784465289,btc,1790323200000,240000.0,call,74.86,3.39e-06,,0.0001,64822.24,222.5
1784465289,btc,1785484800000,84000.0,put,50.45,0.30419954,0.298,0.3105,64409.31,31.6
1784465289,btc,1806048000000,92000.0,call,39.77,0.03214904,0.031,0.0325,66248.31,117.0
1784465289,btc,1813910400000,58000.0,put,45.08,0.10236949,0.1005,0.104,66978.28,8.0
1784465289,btc,1785484800000,104000.0,put,63.39,0.61466053,0.5605,0.6725,64409.31,0.0
1784465289,btc,1806048000000,96000.0,put,39.77,0.47461288,0.4155,0.549,66248.31,1.5
1784465289,btc,1784620800000,69000.0,call,38.37,4.191e-05,,0.0001,64326.78,0.4
1784465289,btc,1787904000000,64000.0,put,34.75,0.04106689,0.0405,0.042,64596.66,425.7
1784465289,btc,1790323200000,115000.0,put,51.64,0.77453395,0.7645,0.786,64822.24,90.3
1784465289,btc,1813910400000,74000.0,call,42.08,0.12214746,0.1205,0.124,66978.97,11.9
1784465289,btc,1813910400000,68000.0,call,42.9,0.15794198,0.156,0.16,66978.97,5.5
1784465289,btc,1790323200000,75000.0,call,33.99,0.01322206,0.013,0.014,64822.23,3144.9
1784465289,btc,1785484800000,105000.0,put,63.57,0.63018599,0.5765,0.687,64410.13,1.1
1784465289,btc,1787904000000,83000.0,put,38.78,0.28625895,0.2425,0.3355,64596.66,0.0
1784465289,btc,1806048000000,65000.0,put,42.16,0.12793086,0.1265,0.1295,66248.31,651.7
1784465289,btc,1785484800000,66000.0,call,33.85,0.01417962,0.014,0.0145,64410.13,2331.0
1784465289,btc,1784880000000,73000.0,put,45.31,0.13415348,0.096,0.1755,64373.42,0.2
1784465289,btc,1798185600000,210000.0,call,56.19,0.0001486,0.0001,0.0002,65479.39,150.4
1784465289,btc,1798185600000,92000.0,call,38.49,0.01251523,0.012,0.013,65479.39,251.7
1784465289,btc,1784793600000,60000.0,call,39.94,0.06849555,0.064,0.1005,64326.78,0.0
1784465289,btc,1784534400000,64500.0,put,27.63,0.00655849,0.006,0.007,64326.78,109.6
1784465289,btc,1790323200000,240000.0,put,74.86,2.70240097,2.5775,2.8365,64822.24,0.0
1784465289,btc,1806048000000,90000.0,call,39.76,0.03602959,0.035,0.0365,66248.31,506.3
1784465289,btc,1790323200000,95000.0,put,41.14,0.46671916,0.459,0.4745,64822.24,147.6
1784465289,btc,1798185600000,86000.0,call,38.34,0.02065256,0.02,0.021,65479.39,293.9
1784465289,btc,1784620800000,71000.0,call,44.27,6.88e-06,,0.0001,64326.78,0.0
1784465289,btc,1813910400000,90000.0,put,40.99,0.40366674,0.3975,0.4835,66978.97,0.2
1784465289,btc,1785484800000,50000.0,put,61.11,0.00034929,0.0003,0.0004,64410.13,3840.3
1784465289,btc,1806048000000,160000.0,put,45.34,1.41697734,1.334,1.5115,66247.51,0.0
1784465289,btc,1798185600000,74000.0,call,38.69,0.05518086,0.0545,0.056,65478.59,98.0
1784465289,btc,1785484800000,73000.0,put,38.11,0.1343394,0.129,0.14,64410.13,97.7
1784465289,btc,1786089600000,67000.0,put,33.22,0.05430845,0.0235,0.0945,64460.24,0.4
1784465289,btc,1790323200000,58000.0,put,39.66,0.02504848,0.0245,0.0255,64822.24,616.0
1784465289,btc,1784620800000,64500.0,call,30.29,0.00735256,0.007,0.008,64326.78,22.9
1784465289,btc,1798185600000,54000.0,call,44.81,0.2166151,0.214,0.219,65478.59,33.0
1784465289,btc,1798185600000,200000.0,call,56.1,0.00022891,0.0002,0.0005,65478.59,951.6
1784465289,btc,1784880000000,68000.0,put,32.85,0.05759574,0.0525,0.096,64373.42,8.1
1784465289,btc,1784880000000,62000.0,put,36.14,0.00403621,0.0038,0.0042,64373.42,162.6
1784465289,btc,1785484800000,46000.0,put,71.23,0.0001444,0.0001,0.0002,64410.13,1686.4
1784465289,btc,1785484800000,61000.0,call,38.51,0.06124347,0.058,0.065,64410.13,969.0
1784465289,btc,1790323200000,320000.0,call,85.42,1.23e-06,,0.0001,64822.24,251.6
1784465289,btc,1813910400000,72000.0,put,42.32,0.20812572,0.2045,0.2115,66978.97,1.0
1784465289,btc,1784793600000,62500.0,put,34.48,0.0039098,0.0037,0.0041,64326.78,0.0
1784465289,btc,1798185600000,45000.0,call,51.58,0.33183796,0.3295,0.334,65479.39,54.2
1784465289,btc,1813910400000,70000.0,call,42.6,0.14514532,0.1435,0.147,66978.28,172.3
1784465289,btc,1784793600000,66500.0,call,31.21,0.00257242,0.0025,0.0028,64326.78,5.0
1784465289,btc,1798185600000,68000.0,put,39.79,0.12674479,0.1255,0.1285,65479.39,298.0
1784465289,btc,1784620800000,67000.0,call,32.84,0.00037795,0.0003,0.0005,64326.78,40.9
1784465289,btc,1785484800000,87000.0,call,51.84,1.822e-05,,0.0001,64409.31,351.9
1784465289,btc,1806048000000,98000.0,put,39.79,0.5020216,0.4435,0.5755,66248.31,0.2
1784465289,btc,1798185600000,115000.0,put,41.9,0.75907101,0.698,0.829,65479.39,0.6
1784465289,btc,1784707200000,61000.0,put,37.36,0.00068204,0.0006,0.0008,64325.98,82.1
1784465289,btc,1787904000000,100000.0,put,49.16,0.54826836,0.5395,0.6045,64596.66,0.1
1784465289,btc,1785484800000,94000.0,call,55.0,1.84e-06,,0.0001,64410.13,892.6
1784465289,btc,1813910400000,78000.0,put,41.67,0.2669549,0.2565,0.277,66978.28,0.3
1784465289,btc,1786089600000,70000.0,call,33.1,0.00539498,0.005,0.006,64461.28,1209.8
1784465289,btc,1790323200000,84000.0,call,36.04,0.00348134,0.0032,0.0038,64822.74,746.0
1784465289,btc,1798185600000,102000.0,put,39.61,0.56372621,0.5075,0.6295,65479.39,7.7
1784465289,btc,1785484800000,61000.0,put,38.51,0.00830373,0.008,0.0085,64410.13,846.2
1784465289,btc,1813910400000,120000.0,call,41.34,0.01692498,0.016,0.018,66978.28,41.1
1784465289,btc,1790323200000,165000.0,call,68.29,9.482e-05,,0.0002,64822.24,192.5
1784465289,btc,1787904000000,98000.0,put,49.14,0.51741085,0.465,0.574,64596.66,0.0
1784465289,btc,1784707200000,62500.0,put,33.82,0.00249854,0.0023,0.0027,64325.98,2.8
1784465289,btc,1790323200000,65000.0,put,35.93,0.06318433,0.062,0.064,64822.23,720.9
1784465289,btc,1784707200000,61500.0,call,35.73,0.0453263,0.012,0.078,64325.98,0.0
1784465289,btc,1785484800000,58000.0,call,42.84,0.1024347,0.0985,0.1065,64410.13,265.4
1784465289,btc,1784707200000,65500.0,call,30.33,0.0040566,0.0039,0.0043,64325.98,6.4
1784465289,btc,1784880000000,69000.0,call,34.25,0.0006306,0.0005,0.0008,64373.42,144.6
1784465289,btc,1806048000000,170000.0,put,46.88,1.56763271,1.48,1.666,66248.31,0.1
1784465289,btc,1785484800000,62000.0,call,37.16,0.04900083,0.0455,0.053,64409.31,1553.4
1784465289,btc,1790323200000,160000.0,put,68.29,1.46840161,1.385,1.5595,64822.24,0.6
1784465289,btc,1790323200000,80000.0,put,34.69,0.24011821,0.234,0.2485,64822.24,613.0
1784465289,btc,1784620800000,57000.0,call,52.17,0.11416672,0.0825,0.144,64326.78,0.0
1784465289,btc,1784534400000,64000.0,call,27.85,0.00819407,0.0075,0.009,64326.78,174.2
1784465289,btc,1790323200000,180000.0,call,70.84,5.399e-05,,0.0002,64822.24,748.1
1784465289,btc,1806048000000,90000.0,put,39.76,0.39456014,0.3885,0.467,66247.51,14.0
1784465289,btc,1784534400000,62000.0,put,36.2,8.594e-05,,0.0001,64326.78,280.7
1784465289,btc,1806048000000,54000.0,put,45.53,0.06230627,0.061,0.0635,66248.31,50.4
1784465289,btc,1787904000000,90000.0,call,44.14,0.00067583,0.0005,0.0009,64596.66,34.3
1784465289,btc,1785484800000,80000.0,call,47.79,0.00017869,0.0001,0.0003,64409.31,6989.4
1784465289,btc,1806048000000,60000.0,put,43.45,0.09381647,0.0925,0.095,66248.31,620.6
1784465289,btc,1785484800000,60000.0,call,39.84,0.07433307,0.07,0.078,64410.13,1141.2
1784465289,btc,1784707200000,57000.0,put,47.78,2.142e-05,,0.0001,64325.98,6.0
1784465289,btc,1798185600000,65000.0,call,40.41,0.1093209,0.1085,0.11,65479.39,620.0
1784465289,btc,1786089600000,71000.0,call,33.51,0.00386302,0.0037,0.0042,64460.24,202.8
1784465289,btc,1785484800000,56000.0,call,45.96,0.13199944,0.128,0.136,64410.13,39.4
1784465289,btc,1784620800000,63500.0,call,31.68,0.01690406,0.0011,0.049,64326.78,5.6
1784465289,btc,1787904000000,53000.0,call,45.04,0.18527143,0.1815,0.1895,64596.66,5.9
1784465289,btc,1798185600000,190000.0,call,56.1,0.00036182,0.0003,0.0004,65479.39,989.5
1784465289,btc,1790323200000,105000.0,put,45.93,0.62041206,0.612,0.6295,64822.24,104.6
1784465289,btc,1785484800000,60000.0,put,39.84,0.00586775,0.0055,0.006,64410.13,2502.0
1784465289,btc,1784793600000,58000.0,put,46.3,0.00021657,0.0001,0.0003,64326.78,0.0
1784465289,btc,1784534400000,71000.0,call,47.39,2e-08,,0.0001,64326.78,0.0
1784465289,btc,1798185600000,230000.0,put,59.82,2.51271409,2.3935,2.6415,65479.39,0.0
1784465289,btc,1790323200000,72000.0,call,34.02,0.02144324,0.021,0.022,64822.23,2246.2
1784465289,btc,1790323200000,130000.0,put,57.19,1.00570962,0.938,1.0805,64822.24,21.4
1784465289,btc,1790323200000,70000.0,put,34.34,0.10934843,0.1055,0.1145,64822.24,1516.1
1784465289,btc,1784620800000,66500.0,put,30.82,0.03409084,0.013,0.072,64326.78,0.0
1784465289,btc,1806048000000,150000.0,call,44.25,0.00242249,0.002,0.0029,66248.31,1897.1
1784465289,btc,1798185600000,45000.0,put,51.58,0.01908015,0.019,0.0195,65479.39,2841.1
1784465289,btc,1813910400000,60000.0,call,44.56,0.21883143,0.216,0.222,66978.28,943.0
1784465289,btc,1784620800000,60000.0,call,43.73,0.06765548,0.063,0.1,64326.78,0.0
1784465289,btc,1785484800000,55000.0,put,48.43,0.00110845,0.0011,0.0012,64410.13,935.0
1784465289,btc,1784620800000,61500.0,call,36.24,0.04460384,0.013,0.077,64326.78,0.0
1784465289,btc,1784793600000,63500.0,put,32.8,0.00761173,0.0075,0.008,64326.78,0.0
1784465289,btc,1786089600000,53000.0,call,49.04,0.17938085,0.1495,0.2105,64460.24,0.0
1784465289,btc,1785484800000,45000.0,call,75.45,0.30149323,0.298,0.327,64409.31,0.0
1784465289,btc,1784880000000,66000.0,put,31.67,0.03063837,0.0049,0.067,64373.42,24.6
1784465289,btc,1790323200000,220000.0,call,72.81,6.51e-06,,0.0002,64822.74,232.5
1784465289,btc,1784620800000,56000.0,put,53.47,9.1e-07,,0.0001,64326.78,26.7
1784465289,btc,1806048000000,106000.0,call,39.97,0.01447959,0.014,0.015,66248.31,45.6
1784465289,btc,1787904000000,80000.0,call,36.33,0.00198906,0.0018,0.0022,64596.66,1535.4
1784465289,btc,1790323200000,100000.0,call,43.92,0.00088233,0.0007,0.0011,64822.24,3604.9
1784465289,btc,1806048000000,98000.0,call,39.79,0.02273278,0.022,0.0235,66248.31,95.3
1784465289,btc,1784620800000,67000.0,put,32.84,0.04162558,0.0125,0.08,64326.78,0.0
1784465289,btc,1785484800000,92000.0,call,53.45,2.86e-06,,0.0001,64410.13,442.8
1784465289,btc,1784793600000,63500.0,call,32.8,0.02105017,0.0205,0.022,64326.78,0.0
1784465289,btc,1784620800000,62000.0,call,35.14,0.03715909,0.0125,0.07,64326.78,0.0
1784465289,btc,1790323200000,60000.0,put,38.39,0.03306348,0.0325,0.0335,64822.24,4002.7
1784465289,btc,1786089600000,61000.0,put,37.02,0.01255448,0.012,0.013,64460.24,76.4
1784465289,btc,1798185600000,72000.0,put,38.94,0.16427062,0.16,0.1715,65478.59,335.4
1784465289,btc,1806048000000,56000.0,call,44.75,0.22638164,0.221,0.2305,66248.31,16.9
1784465289,btc,1784534400000,71000.0,put,47.39,0.10361207,0.0665,0.1435,64326.78,0.0
1784465289,btc,1787904000000,62000.0,put,35.95,0.02901046,0.0285,0.0295,64596.66,711.2
1784465289,btc,1784707200000,64000.0,call,31.73,0.01400493,0.0135,0.0145,64325.98,0.1
1784465289,btc,1785484800000,83000.0,put,50.07,0.28869648,0.2825,0.295,64410.13,29.5
1784465289,btc,1798185600000,56000.0,call,43.81,0.19403314,0.1915,0.196,65479.39,40.2
1784465289,btc,1784793600000,71000.0,call,40.68,0.0001323,0.0001,0.0003,64326.78,0.0
1784465289,btc,1784534400000,65500.0,call,29.22,0.00061136,0.0005,0.0008,64326.78,116.8
1784465289,btc,1790323200000,52000.0,put,45.02,0.01107083,0.0105,0.0115,64822.24,1055.6
1784465289,btc,1806048000000,86000.0,put,39.77,0.34339929,0.2875,0.415,66248.31,1.7
1784465289,btc,1806048000000,40000.0,put,54.13,0.02227978,0.022,0.023,66248.31,1123.1
1784465289,btc,1784707200000,71000.0,put,40.5,0.1033372,0.0665,0.144,64325.98,0.0
1784465289,btc,1806048000000,120000.0,call,41.2,0.00746758,0.007,0.0075,66248.31,327.4
1784465289,btc,1785484800000,77000.0,put,43.8,0.19581647,0.19,0.202,64410.13,249.2
1784465289,btc,1813910400000,140000.0,call,42.18,0.00810087,0.0075,0.0085,66978.97,102.4
1784465289,btc,1790323200000,190000.0,call,72.81,4.147e-05,,0.0002,64822.74,772.5
1784465289,btc,1786089600000,62000.0,call,36.16,0.05472751,0.0515,0.09,64460.24,0.0
1784465289,btc,1784793600000,64500.0,put,31.83,0.01404741,0.0135,0.0145,64326.78,0.0
1784465289,btc,1784707200000,65000.0,call,30.43,0.00639632,0.006,0.007,64325.98,25.0
1784465289,btc,1806048000000,56000.0,put,44.75,0.07168954,0.0705,0.0725,66248.31,75.8
1784465289,btc,1813910400000,56000.0,call,45.65,0.25498404,0.252,0.2585,66978.28,2.7
1784465289,btc,1790323200000,64000.0,call,36.29,0.06849889,0.0675,0.0695,64822.23,273.3
1784465289,btc,1787904000000,40000.0,put,67.9,0.00102316,0.0009,0.0011,64596.66,413.9
1784465289,btc,1785484800000,46000.0,call,71.23,0.28596781,0.261,0.3115,64410.13,0.0
1784465289,btc,1784620800000,66000.0,put,29.91,0.02687992,0.013,0.064,64326.78,0.0
1784465289,btc,1784793600000,62000.0,put,35.4,0.0027549,0.0025,0.003,64326.78,8.0
1784465289,btc,1785484800000,57000.0,call,44.57,0.11712782,0.113,0.151,64410.13,3.8
1784465289,btc,1785484800000,94000.0,put,55.0,0.45940618,0.4115,0.5115,64410.13,1.3
1784465289,btc,1784793600000,59000.0,call,42.76,0.08371174,0.05,0.1155,64326.78,0.0
1784465289,btc,1790323200000,220000.0,put,72.81,2.39387095,2.2795,2.517,64822.74,1.8
1784465289,btc,1798185600000,50000.0,call,47.26,0.26533177,0.263,0.268,65479.39,260.8
1784465289,btc,1784793600000,63000.0,call,33.59,0.02669338,0.0022,0.0595,64326.78,0.0
1784465289,btc,1786089600000,75000.0,put,36.45,0.16468891,0.1245,0.208,64461.28,0.0
1784465289,btc,1813910400000,84000.0,call,41.25,0.0784366,0.077,0.08,66978.97,2.1
1784465289,btc,1785484800000,56000.0,put,45.96,0.00143181,0.0014,0.0015,64410.13,2061.3
1784465289,btc,1785484800000,88000.0,call,52.22,1.275e-05,,0.0001,64410.13,413.8
1784465289,btc,1790323200000,40000.0,put,62.73,0.00312089,0.0029,0.0032,64822.24,2302.5
1784465289,btc,1790323200000,280000.0,put,81.51,3.31946629,3.1735,3.476,64822.24,0.0
1784465289,btc,1784707200000,62500.0,call,33.82,0.03127749,0.003,0.0645,64325.98,6.0
1784465289,btc,1784707200000,61000.0,call,37.36,0.05277121,0.0185,0.0855,64325.98,0.0
1784465289,btc,1784793600000,68000.0,put,32.74,0.05719288,0.0515,0.096,64326.78,0.0
1784465289,btc,1784534400000,61000.0,call,48.96,0.05190288,0.0175,0.0845,64326.78,0.0
1784465289,btc,1813910400000,88000.0,put,41.04,0.37934289,0.319,0.459,66978.28,0.0
1784465289,btc,1784880000000,75000.0,call,48.78,5.774e-05,,0.0001,64373.42,146.0
1784465289,btc,1784534400000,72000.0,call,47.39,0.0,,0.0001,64326.78,0.0
1784465289,btc,1785484800000,63000.0,put,36.05,0.01610438,0.0155,0.0165,64410.13,824.6
1784465289,btc,1785484800000,110000.0,put,68.07,0.70781379,0.699,0.7165,64410.13,46.2
1784465289,btc,1785484800000,96000.0,call,57.73,1.78e-06,,0.0001,64410.13,291.8
1784465289,btc,1785484800000,102000.0,call,63.21,8.4e-07,,0.0001,64410.13,460.8
1784465289,btc,1784620800000,70000.0,put,40.09,0.08788221,0.0515,0.1275,64326.78,0.0
1784465289,btc,1806048000000,82000.0,put,39.89,0.29472431,0.24,0.366,66248.31,3.8
1784465289,btc,1798185600000,64000.0,call,40.7,0.11724108,0.1165,0.118,65479.39,380.5
1784465289,btc,1784707200000,70000.0,put,40.48,0.08787571,0.0515,0.128,64325.98,0.0
1784465289,btc,1806048000000,95000.0,put,39.77,0.46104244,0.4025,0.5345,66247.51,0.6
1784465289,btc,1785484800000,110000.0,call,68.07,2e-07,,0.0001,64409.31,194.2
1784465289,btc,1798185600000,95000.0,call,38.81,0.00997674,0.0095,0.0105,65479.39,1297.6
1784465289,btc,1784880000000,69000.0,put,34.25,0.0725049,0.0675,0.078,64373.42,42.0
1784465289,btc,1785484800000,120000.0,put,77.21,0.86306951,0.8015,0.929,64410.13,4.0
1784465289,btc,1790323200000,95000.0,call,41.14,0.00118477,0.001,0.0013,64822.24,1863.1
1784465289,btc,1786089600000,64000.0,put,34.6,0.02776858,0.027,0.0285,64461.28,33.7
1784465289,btc,1790323200000,35000.0,call,72.15,0.46208246,0.46,0.4645,64822.24,29.3
1784465289,btc,1798185600000,240000.0,put,59.82,2.66538915,2.5415,2.7995,65479.39,0.0
1784465289,btc,1787904000000,86000.0,put,41.06,0.33230325,0.287,0.3825,64596.66,0.0
1784465289,btc,1784707200000,69000.0,put,36.68,0.07240368,0.0365,0.112,64325.98,0.0
1784465289,btc,1813910400000,105000.0,call,40.94,0.03120892,0.03,0.0315,66978.97,13.8
1784465289,btc,1798185600000,86000.0,put,38.34,0.33404874,0.2835,0.397,65479.39,23.4
1784465289,btc,1787904000000,79000.0,call,35.83,0.00238163,0.0022,0.0026,64596.66,89.0
1784465289,btc,1784534400000,67000.0,call,35.42,3.973e-05,,0.0001,64326.78,3.8
1784465289,btc,1790323200000,200000.0,call,72.81,2.218e-05,,0.0002,64822.24,1009.0
1784465289,btc,1787904000000,78000.0,put,35.13,0.2102642,0.1685,0.2575,64596.66,4.1
1784465289,btc,1784534400000,65000.0,call,27.54,0.00156207,0.0015,0.0018,64326.78,144.6
1784465289,btc,1806048000000,150000.0,put,44.25,1.26664008,1.1885,1.3565,66247.51,0.5
1784465289,btc,1790323200000,45000.0,put,54.88,0.00520416,0.0049,0.0055,64822.23,1959.7
1784465289,btc,1784793600000,62500.0,call,34.48,0.03288465,0.0046,0.0655,64326.78,0.0
1784465289,btc,1806048000000,110000.0,call,40.17,0.01170991,0.011,0.012,66248.31,520.5
1784465289,btc,1790323200000,145000.0,call,63.14,0.00017872,0.0001,0.0003,64822.74,495.0
1784465289,btc,1806048000000,125000.0,call,41.61,0.0059668,0.0055,0.006,66248.31,119.4
1784465289,btc,1798185600000,150000.0,put,48.99,1.29159775,1.2135,1.379,65478.59,2.1
1784465289,btc,1813910400000,120000.0,put,41.34,0.80852917,0.7405,0.8945,66978.28,0.0
1784465289,btc,1784707200000,59000.0,call,43.18,0.08330249,0.05,0.1145,64325.98,0.0
1784465289,btc,1784620800000,62500.0,put,33.54,0.0012102,0.0011,0.0012,64326.78,130.6
1784465289,btc,1790323200000,160000.0,call,68.29,0.00013656,,0.0002,64822.24,1444.3
1784465289,btc,1813910400000,64000.0,put,43.7,0.14219403,0.14,0.1435,66978.97,2.3
1784465289,btc,1784880000000,67000.0,call,31.9,0.00259312,0.0024,0.0027,64373.42,1449.1
1784465289,btc,1813910400000,95000.0,call,40.94,0.04818393,0.047,0.0495,66978.28,10.5
1784465289,btc,1798185600000,98000.0,call,39.14,0.00797755,0.0075,0.0085,65478.59,207.9
1784465289,btc,1785484800000,93000.0,put,54.17,0.44388101,0.3955,0.4955,64410.13,0.5
1784465289,btc,1784620800000,63000.0,put,32.56,0.00217283,0.002,0.0024,64326.78,59.1
1784465289,btc,1798185600000,108000.0,put,40.58,0.6534668,0.5955,0.721,65478.59,0.0
1784465289,btc,1784707200000,64000.0,put,31.73,0.00853432,0.008,0.009,64325.98,1.0
1784465289,btc,1813910400000,74000.0,put,42.08,0.22697004,0.2225,0.231,66978.97,0.1
1784465289,btc,1787904000000,94000.0,put,46.82,0.45563374,0.4065,0.509,64597.4,0.0
1784465289,btc,1790323200000,86000.0,call,36.82,0.00272772,0.0025,0.003,64822.74,637.5
1784465289,btc,1798185600000,115000.0,call,41.9,0.00278541,0.0025,0.0031,65479.39,2338.1
1784465289,btc,1785484800000,64000.0,put,35.19,0.02210069,0.0215,0.0225,64410.13,886.7
1784465289,btc,1784620800000,65000.0,put,29.52,0.01436554,0.0043,0.0495,64326.78,0.1
1784465289,btc,1785484800000,93000.0,call,54.17,2.25e-06,,0.0001,64410.13,106.0
1784465289,btc,1806048000000,140000.0,put,43.21,1.11664957,1.043,1.2025,66248.31,0.0
1784465289,btc,1798185600000,80000.0,put,38.55,0.25612525,0.2475,0.264,65479.39,952.0
1784465289,btc,1790323200000,56000.0,put,41.25,0.01903037,0.0185,0.0195,64822.24,964.7
1784465289,btc,1784620800000,62000.0,put,35.14,0.00070167,0.0006,0.0008,64326.78,66.9
1784465289,btc,1787904000000,50000.0,put,49.38,0.00356269,0.0034,0.0037,64596.66,1335.1
1784465289,btc,1786089600000,55000.0,put,45.55,0.00257926,0.0024,0.0028,64460.24,35.7
1784465289,btc,1785484800000,59000.0,call,41.14,0.08807613,0.0835,0.0925,64410.13,197.5
1784465289,btc,1806048000000,70000.0,put,41.19,0.16923281,0.1675,0.1715,66247.51,214.2
1784465289,btc,1813910400000,86000.0,call,41.17,0.07182408,0.0705,0.0735,66978.28,1.3
1784465289,btc,1784707200000,57000.0,call,47.78,0.11426869,0.0825,0.144,64325.98,0.0
1784465289,btc,1785484800000,86000.0,put,50.88,0.33522237,0.2905,0.383,64410.13,15.2
1784465289,btc,1806048000000,64000.0,call,42.38,0.15442962,0.1525,0.1555,66248.31,35.4
1784465289,btc,1798185600000,82000.0,put,38.27,0.28100182,0.273,0.2895,65478.59,158.7
1784465289,btc,1787904000000,78000.0,call,35.13,0.00278583,0.0026,0.003,64596.66,236.0
1784465289,btc,1784534400000,63500.0,call,28.27,0.014091,0.0075,0.0235,64326.78,6.3
1784465289,btc,1798185600000,90000.0,put,38.42,0.38926847,0.38,0.4,65478.59,590.5
1784465289,btc,1785484800000,95000.0,call,56.37,1.81e-06,,0.0001,64410.13,135.8
1784465289,btc,1787904000000,92000.0,call,45.63,0.00057253,0.0004,0.0008,64596.66,46.9
1784465289,btc,1806048000000,50000.0,call,47.47,0.29214343,0.2865,0.296,66248.31,20.5
1784465289,btc,1785484800000,78000.0,put,45.35,0.21128011,0.2055,0.2175,64410.13,445.6
1784465289,btc,1787904000000,79000.0,put,35.83,0.2253405,0.184,0.2725,64596.66,0.3
1784465289,btc,1786089600000,72000.0,call,33.89,0.00273757,0.0026,0.0029,64461.28,621.8
1784465289,btc,1813910400000,140000.0,put,42.18,1.09830575,1.0225,1.1895,66978.97,0.0
1784465289,btc,1798185600000,180000.0,put,54.52,1.74939849,1.656,1.852,65478.59,0.0
1784465289,btc,1787904000000,88000.0,put,42.7,0.36310336,0.3165,0.4145,64596.66,0.0
1784465289,btc,1784620800000,58000.0,put,48.35,1.003e-05,,0.0001,64326.78,2.1
1784465289,btc,1785484800000,98000.0,put,60.4,0.52150838,0.4715,0.575,64410.13,0.1
1784465289,btc,1787904000000,96000.0,put,47.6,0.48648657,0.436,0.541,64596.66,0.1
1784465289,btc,1787904000000,86000.0,call,41.06,0.00098093,0.0008,0.0012,64596.66,142.1
1784465289,btc,1813910400000,76000.0,call,41.86,0.11188928,0.1105,0.1135,66978.28,12.7
1784465289,btc,1798185600000,35000.0,put,62.81,0.00850211,0.008,0.009,65479.39,2309.8
1784465289,btc,1785484800000,75000.0,put,40.74,0.16496078,0.1595,0.1705,64410.13,226.4
1784465289,btc,1786089600000,71000.0,put,33.51,0.10532026,0.068,0.1475,64460.24,0.0
1784465289,btc,1790323200000,150000.0,put,65.47,1.31417718,1.236,1.4,64822.24,0.7
1784465289,btc,1784880000000,61000.0,call,37.89,0.05459205,0.022,0.088,64372.62,13.1
1784465289,btc,1784793600000,58000.0,call,46.3,0.09910523,0.0665,0.13,64326.78,0.0
1784465289,btc,1787904000000,57000.0,call,40.12,0.12910774,0.1255,0.133,64596.66,26.4
1784465289,btc,1806048000000,50000.0,put,47.47,0.04688263,0.046,0.0475,66248.31,2029.6
1784465289,btc,1806048000000,190000.0,call,49.68,0.00112246,0.001,0.0014,66248.31,882.6
1784465289,btc,1784880000000,57000.0,call,49.1,0.11482816,0.083,0.1465,64373.42,0.0
1784465289,btc,1785484800000,76000.0,put,42.43,0.18038562,0.174,0.1865,64409.31,454.7
1784465289,btc,1798185600000,110000.0,call,40.94,0.00363797,0.0034,0.0039,65479.39,2643.1
1784465289,btc,1787904000000,48000.0,put,52.41,0.00261671,0.0024,0.0028,64597.4,812.2
1784465289,btc,1785484800000,104000.0,call,63.39,4.1e-07,,0.0001,64410.13,511.1
1784465289,btc,1790323200000,88000.0,put,37.67,0.3597279,0.3125,0.4125,64822.24,4.8
1784465289,btc,1806048000000,76000.0,put,40.37,0.2277343,0.2185,0.2375,66248.31,19.6
1784465289,btc,1790323200000,76000.0,call,33.99,0.01117506,0.011,0.0115,64822.24,1276.2
1784465289,btc,1790323200000,110000.0,call,48.63,0.00050657,0.0004,0.0007,64822.24,1446.1
1784465289,btc,1798185600000,82000.0,call,38.27,0.02869383,0.028,0.029,65478.59,456.9
1784465289,btc,1784880000000,64000.0,call,33.58,0.01838855,0.018,0.019,64373.42,539.7
1784465289,btc,1790323200000,55000.0,put,42.09,0.01655722,0.016,0.017,64822.23,3156.0
1784465289,btc,1798185600000,130000.0,put,45.11,0.98686556,0.977,1.001,65479.39,52.1
1784465289,btc,1798185600000,106000.0,call,40.25,0.00462073,0.0043,0.0049,65478.59,283.2
1784465289,btc,1786089600000,60000.0,call,38.13,0.07872422,0.046,0.114,64460.24,15.0
1784465289,btc,1784880000000,73000.0,call,45.31,0.00014154,0.0001,0.0002,64373.42,86.6
1784465289,btc,1784880000000,65000.0,put,32.13,0.02014399,0.02,0.0205,64373.42,152.8
1784465289,btc,1798185600000,30000.0,call,70.21,0.54766111,0.546,0.549,65479.39,289.3
1784465289,btc,1798185600000,180000.0,call,54.52,0.00042974,0.0003,0.0006,65479.39,922.6
1784465289,btc,1785484800000,68000.0,put,33.9,0.06214398,0.0575,0.0665,64410.13,426.5
1784465289,btc,1790323200000,74000.0,put,33.89,0.15703816,0.152,0.1625,64822.24,110.7
1784465289,btc,1798185600000,106000.0,put,40.25,0.62345789,0.567,0.69,65478.59,0.1
1784465289,btc,1787904000000,84000.0,put,39.33,0.30154396,0.257,0.3515,64596.66,0.6
1784465289,btc,1806048000000,88000.0,put,39.75,0.36870309,0.312,0.441,66247.51,4.4
1784465289,btc,1786089600000,58000.0,call,40.48,0.1056328,0.073,0.14,64461.28,0.0
1784465289,btc,1784620800000,68000.0,call,36.27,0.00013982,0.0001,0.0002,64326.78,6.2
1784465289,btc,1785484800000,89000.0,call,52.22,8.05e-06,,0.0001,64409.31,248.2
1784465289,btc,1784793600000,65000.0,call,31.33,0.00848277,0.008,0.009,64326.78,0.0
1784465289,btc,1785484800000,57000.0,put,44.57,0.00208577,0.0019,0.0022,64409.31,386.9
1784465289,btc,1798185600000,62000.0,put,41.3,0.08098287,0.08,0.0815,65479.39,699.1
1784465289,btc,1786089600000,66000.0,call,33.6,0.02029854,0.02,0.021,64460.24,46.4
1784465289,btc,1790323200000,45000.0,call,54.88,0.31100365,0.3065,0.315,64822.24,153.4
1784465289,btc,1785484800000,52000.0,call,55.26,0.19316599,0.1645,0.2225,64410.13,0.5
1784465289,btc,1784534400000,72000.0,put,47.39,0.11915588,0.0815,0.159,64326.78,0.0
1784465289,btc,1806048000000,200000.0,call,50.14,0.00084388,0.0008,0.001,66248.31,501.5
1784465289,btc,1785484800000,96000.0,put,57.73,0.49045728,0.441,0.543,64410.13,0.1
1784465289,btc,1784534400000,59000.0,put,62.43,1.224e-05,,0.0001,64326.78,42.5
1784465289,btc,1784620800000,68000.0,put,36.27,0.05692845,0.0215,0.096,64326.78,0.0
1784465289,btc,1798185600000,140000.0,put,46.55,1.13904897,1.066,1.221,65479.39,0.2
1784465289,btc,1790323200000,125000.0,put,55.89,0.92865851,0.8645,0.9995,64822.23,22.7
1784465289,btc,1787904000000,92000.0,put,45.63,0.4247778,0.377,0.4775,64596.66,1.3
1784465289,btc,1786089600000,60000.0,put,38.13,0.00953316,0.009,0.01,64460.24,45.6
1784465289,btc,1806048000000,102000.0,put,39.92,0.55788106,0.497,0.632,66248.31,0.0
1784465289,btc,1787904000000,75000.0,put,33.54,0.16592974,0.16,0.172,64596.66,34.0
1784465289,btc,1806048000000,96000.0,call,39.77,0.02551362,0.0245,0.026,66248.31,119.9
1784465289,btc,1790323200000,98000.0,put,42.45,0.51273847,0.461,0.5695,64822.24,0.1
1784465289,btc,1790323200000,40000.0,call,62.73,0.38605376,0.384,0.3885,64822.23,35.3
1784465289,btc,1787904000000,77000.0,call,34.66,0.00337836,0.0032,0.0036,64596.66,233.2
1784465289,btc,1813910400000,100000.0,put,40.94,0.53179889,0.468,0.614,66978.28,0.0
1784465289,btc,1790323200000,155000.0,call,65.49,0.00012063,,0.0002,64822.74,361.8
1784465289,btc,1784793600000,59000.0,put,42.76,0.00035948,0.0002,0.0004,64326.78,0.0
1784465289,btc,1785484800000,45000.0,put,75.45,0.00014424,0.0001,0.0002,64409.31,1057.4
1784465289,btc,1787904000000,82000.0,put,37.72,0.27088836,0.2275,0.319,64596.66,0.0
1784465289,btc,1784534400000,63000.0,call,30.38,0.02117676,0.016,0.026,64326.78,174.7
1784465289,btc,1790323200000,68000.0,put,34.88,0.0889742,0.0855,0.0955,64822.23,625.6
1784465289,btc,1798185600000,70000.0,put,39.3,0.14469611,0.1385,0.1505,65479.39,1044.9
1784465289,btc,1784880000000,70000.0,put,36.73,0.08779236,0.0505,0.1275,64373.42,0.0
1784465289,btc,1798185600000,125000.0,call,43.98,0.00178894,0.0016,0.002,65479.39,595.6
1784465289,btc,1806048000000,95000.0,call,39.77,0.02703797,0.026,0.0275,66247.51,167.2
1784465289,btc,1813910400000,40000.0,put,53.4,0.03258963,0.032,0.0335,66978.28,470.5
1784465289,btc,1798185600000,70000.0,call,39.3,0.0756527,0.075,0.0765,65479.39,999.0
1784465289,btc,1785484800000,79000.0,call,46.48,0.00022059,0.0002,0.0003,64410.13,1347.0
1784465289,btc,1798185600000,30000.0,put,70.21,0.00582257,0.0055,0.006,65478.59,2133.3
1784465289,btc,1790323200000,140000.0,call,60.72,0.00017875,0.0001,0.0005,64822.24,1183.5
1784465289,btc,1813910400000,95000.0,put,40.94,0.46653725,0.404,0.5485,66978.28,20.0
1784465289,btc,1798185600000,100000.0,call,39.32,0.00685067,0.0065,0.007,65478.59,3856.2
1784465289,btc,1813910400000,82000.0,put,41.38,0.3100585,0.2985,0.321,66978.28,0.1
1784465289,btc,1784707200000,71000.0,call,40.5,3.116e-05,,0.0002,64325.98,1.5
1784465289,btc,1790323200000,180000.0,put,70.84,1.77685218,1.683,1.8785,64822.24,7.3
1784465289,btc,1785484800000,74000.0,put,39.13,0.14958078,0.144,0.1555,64409.31,130.7
1784465289,btc,1784707200000,70000.0,call,40.48,0.00010919,0.0001,0.0002,64325.98,1.8
1784465289,btc,1785484800000,85000.0,put,50.45,0.31970652,0.2755,0.367,64410.13,22.2
1784465289,btc,1806048000000,62000.0,put,42.86,0.10647945,0.105,0.1075,66248.31,248.4
1784465289,btc,1790323200000,102000.0,put,44.41,0.57423618,0.52,0.6335,64822.24,0.4
1784465289,btc,1787904000000,59000.0,call,38.08,0.10321041,0.1,0.107,64596.66,414.2
1784465289,btc,1798185600000,105000.0,call,40.25,0.00502966,0.0046,0.0055,65479.39,843.1
1784465289,btc,1784880000000,66000.0,call,31.67,0.00536542,0.005,0.006,64373.42,1634.0
1784465289,btc,1798185600000,52000.0,call,46.04,0.24057532,0.238,0.243,65479.39,0.0
1784465289,btc,1798185600000,58000.0,put,42.84,0.05835955,0.0575,0.059,65479.39,2168.3
1784465289,btc,1784707200000,62000.0,put,34.57,0.00156813,0.0014,0.0017,64325.98,6.7
1784465289,btc,1785484800000,79000.0,put,46.48,0.22674126,0.2205,0.233,64410.13,144.8
1784465289,btc,1790323200000,145000.0,put,63.14,1.23704392,1.1615,1.32,64822.74,0.2
1784465289,btc,1784880000000,70000.0,call,36.73,0.00038346,0.0003,0.0005,64373.42,1486.2
1784465289,btc,1784620800000,61500.0,put,36.24,0.00037591,0.0003,0.0004,64326.78,6.6
1784465289,btc,1784880000000,55000.0,call,56.29,0.14575212,0.115,0.176,64373.42,0.0
1784465289,btc,1787904000000,105000.0,put,53.74,0.62566294,0.571,0.6855,64596.66,0.0
1784465289,btc,1798185600000,94000.0,put,38.66,0.44628043,0.3935,0.511,65479.39,5.2
1784465289,btc,1785484800000,66000.0,put,33.85,0.03886777,0.035,0.042,64410.13,430.3
1784465289,btc,1784707200000,61500.0,put,35.73,0.00100688,0.0009,0.0011,64325.98,71.2
1784465289,btc,1784534400000,68000.0,call,35.48,1.9e-06,,0.0001,64326.78,6.6
1784465289,btc,1798185600000,220000.0,call,57.97,0.00014291,0.0001,0.0004,65478.59,253.9
1784465289,btc,1784793600000,67000.0,put,31.44,0.04259228,0.011,0.0815,64326.78,0.0
1784465289,btc,1806048000000,80000.0,call,40.0,0.06392813,0.063,0.065,66248.31,913.0
1784465289,btc,1790323200000,175000.0,put,69.15,1.69971944,1.6085,1.7985,64822.24,0.2
1784465289,btc,1813910400000,66000.0,call,43.25,0.17172091,0.17,0.1735,66978.97,21.9
1784465289,btc,1798185600000,56000.0,put,43.81,0.04926787,0.0485,0.05,65479.39,134.5
1784465289,btc,1787904000000,75000.0,call,33.54,0.00489284,0.0049,0.005,64596.66,2598.5
1784465289,btc,1790323200000,75000.0,put,33.99,0.17022291,0.165,0.1775,64822.24,2967.4
1784465289,btc,1813910400000,66000.0,put,43.25,0.15710322,0.155,0.159,66978.97,28.6
1784465289,btc,1784534400000,63000.0,put,30.38,0.00043815,0.0003,0.0006,64326.78,83.7
1784465289,btc,1798185600000,94000.0,call,38.66,0.01070785,0.01,0.011,65479.39,112.4
1784465289,btc,1784620800000,65000.0,call,29.52,0.0042039,0.0041,0.0045,64326.78,11.5
1784465289,btc,1798185600000,140000.0,call,46.55,0.00096216,0.0008,0.0011,65478.59,1472.2
1784465289,btc,1787904000000,72000.0,call,32.79,0.00948,0.009,0.01,64596.66,1922.2
1784465289,btc,1790323200000,90000.0,call,38.73,0.00182382,0.0016,0.0021,64822.24,3021.8
1784465289,btc,1790323200000,56000.0,call,41.25,0.1551364,0.121,0.1945,64822.24,12.2
1784465289,btc,1798185600000,76000.0,put,38.53,0.20768816,0.2005,0.2155,65479.39,141.7
1784465289,btc,1798185600000,250000.0,call,61.81,0.00010484,,0.0002,65479.39,1253.0
1784465289,btc,1813910400000,85000.0,call,41.18,0.07494043,0.0735,0.0765,66978.97,7.1
1784465289,btc,1813910400000,45000.0,put,50.28,0.04552077,0.0445,0.0465,66978.28,81.9
1784465289,btc,1790323200000,62000.0,call,37.27,0.08677861,0.086,0.088,64822.24,658.6
1784465289,btc,1785484800000,58000.0,put,42.84,0.00291823,0.0027,0.003,64410.13,1696.2
1784465289,btc,1806048000000,70000.0,call,41.19,0.11259794,0.1115,0.1135,66248.31,744.6
1784465289,btc,1786089600000,75000.0,call,36.45,0.00117774,0.001,0.0013,64460.24,649.9
1784465289,btc,1784880000000,63000.0,put,34.58,0.00724482,0.007,0.0075,64373.42,302.3
1784465289,btc,1813910400000,160000.0,put,43.77,1.39345908,1.3085,1.491,66978.97,0.0
1784465289,btc,1785484800000,67000.0,call,33.48,0.00945853,0.009,0.01,64409.31,1741.7
1784465289,btc,1784620800000,63000.0,call,32.56,0.02308925,0.0125,0.0555,64326.78,0.7
1784465289,btc,1790323200000,70000.0,call,34.34,0.02948097,0.029,0.03,64822.23,2063.6
1784465289,btc,1784880000000,55000.0,put,56.29,0.00014468,0.0001,0.0002,64373.42,177.1
1784465289,btc,1784707200000,72000.0,put,42.13,0.11885835,0.081,0.16,64325.98,0.0
1784465289,btc,1784620800000,56000.0,call,53.47,0.12970439,0.098,0.159,64326.78,0.0
1784465289,btc,1784880000000,63000.0,call,34.58,0.02857395,0.026,0.0315,64373.42,405.7
1784465289,btc,1784534400000,61500.0,put,42.62,8.075e-05,,0.0001,64326.78,234.4
1784465289,btc,1787904000000,88000.0,call,42.7,0.00082006,0.0006,0.0011,64596.66,175.1
1784465289,btc,1785484800000,82000.0,put,50.07,0.27321153,0.267,0.2795,64410.13,92.0
1784465289,btc,1790323200000,260000.0,put,78.83,3.01093394,2.8755,3.1565,64822.24,0.0
1784465289,btc,1787904000000,55000.0,put,42.39,0.00802497,0.0075,0.0085,64596.66,547.1
1784465289,btc,1784534400000,68000.0,put,35.48,0.05698245,0.021,0.0955,64326.78,0.0
1784465289,btc,1787904000000,77000.0,put,34.66,0.19537625,0.1535,0.243,64596.66,3.4
1784465289,btc,1806048000000,85000.0,call,39.8,0.0479416,0.047,0.0485,66248.31,31.6
1784465289,btc,1784793600000,64500.0,call,31.83,0.01194945,0.0115,0.0125,64326.78,0.0
1784465289,btc,1785484800000,48000.0,put,66.94,0.00024752,0.0002,0.0003,64409.31,1477.9
1784465289,btc,1785484800000,55000.0,call,48.43,0.14720165,0.1165,0.1785,64410.13,11.6
1784465289,btc,1785484800000,80000.0,put,47.79,0.24222494,0.236,0.248,64410.13,385.4
1784465289,btc,1806048000000,45000.0,put,50.36,0.03230198,0.0315,0.033,66248.31,143.6
1784465289,btc,1784534400000,64000.0,put,27.85,0.00299468,0.0028,0.0032,64326.78,59.4
1784465289,btc,1784620800000,65500.0,call,29.43,0.00225053,0.0022,0.0025,64326.78,77.2
1784465289,btc,1798185600000,110000.0,put,40.94,0.68356332,0.6725,0.697,65478.59,54.1
1784465289,btc,1784620800000,58000.0,call,48.35,0.09863149,0.066,0.1295,64326.78,0.0
1784465289,btc,1785484800000,71000.0,put,35.61,0.10419043,0.0985,0.1095,64410.13,109.5
1784465289,btc,1784793600000,63000.0,put,33.59,0.00548674,0.005,0.006,64326.78,0.7
1784465289,btc,1787904000000,67000.0,put,33.5,0.06594965,0.061,0.07,64596.66,92.6
1784465289,btc,1806048000000,52000.0,put,46.42,0.05404288,0.053,0.055,66248.31,89.8
1784465289,btc,1785484800000,115000.0,put,72.75,0.78544165,0.726,0.8485,64410.13,3.4
1784465289,btc,1798185600000,65000.0,put,40.41,0.10200406,0.101,0.103,65478.59,613.9
1784465289,btc,1784620800000,60500.0,put,40.43,0.00014607,0.0001,0.0002,64326.78,8.2
1784465289,btc,1785484800000,83000.0,call,50.07,7.35e-05,,0.0002,64410.13,1220.0
1784465289,btc,1784880000000,58000.0,call,45.02,0.09939908,0.0675,0.131,64373.42,0.0
1784465289,btc,1785484800000,69000.0,call,34.01,0.00412708,0.004,0.0042,64410.13,2031.4
1784465289,btc,1813910400000,130000.0,call,41.66,0.01146994,0.0105,0.0125,66978.28,65.9
1784465289,btc,1787904000000,63000.0,put,35.28,0.03456921,0.034,0.035,64596.66,426.6
1784465289,btc,1787904000000,110000.0,put,58.22,0.70306529,0.6465,0.765,64596.66,0.0
1784465289,btc,1798185600000,40000.0,call,56.97,0.40200139,0.3995,0.404,65479.39,250.8
1784465289,btc,1813910400000,60000.0,put,44.56,0.11463352,0.113,0.1165,66978.97,320.5
1784465289,btc,1798185600000,125000.0,put,43.98,0.91079502,0.8455,0.9845,65479.39,8.4
1784465289,btc,1798185600000,135000.0,put,45.84,1.06292134,0.992,1.1425,65479.39,0.6
1784465289,btc,1806048000000,105000.0,call,39.93,0.01529734,0.0145,0.016,66248.31,158.2
1784465289,btc,1784880000000,67000.0,put,31.9,0.0433998,0.011,0.081,64373.42,4.0
1784465289,btc,1784620800000,57000.0,put,52.17,4.25e-06,,0.0001,64326.78,3.1
1784465289,btc,1806048000000,100000.0,put,39.79,0.52971235,0.47,0.6035,66247.51,12.1
1784465289,btc,1787904000000,58000.0,put,39.19,0.01389792,0.0135,0.0145,64596.66,707.2
1784465289,btc,1785484800000,65000.0,call,34.27,0.02037901,0.02,0.021,64410.13,2009.3
1784465289,btc,1787904000000,81000.0,put,37.14,0.25566752,0.2125,0.304,64596.66,0.1
1784465289,btc,1785484800000,100000.0,put,62.96,0.55255947,0.5445,0.5605,64409.31,99.5
1784465289,btc,1784793600000,62000.0,call,35.4,0.03949795,0.009,0.0725,64326.78,0.0
1784465289,btc,1784793600000,61000.0,put,37.5,0.00135623,0.0012,0.0015,64326.78,0.1
1784465289,btc,1785484800000,106000.0,put,64.33,0.64571154,0.591,0.705,64409.31,0.0
1784465289,btc,1806048000000,110000.0,put,40.17,0.67213614,0.61,0.7395,66248.31,1.9
1784465289,btc,1813910400000,130000.0,put,41.66,0.95237448,0.8815,1.041,66978.28,0.0
1784465289,btc,1785484800000,54000.0,put,49.97,0.00077182,0.0007,0.0008,64410.13,1475.1
1784465289,btc,1806048000000,52000.0,call,46.42,0.26911412,0.2635,0.2715,66248.31,5.1
1784465289,btc,1790323200000,90000.0,put,38.73,0.39022483,0.383,0.398,64822.23,587.5
1784465289,btc,1813910400000,50000.0,put,47.82,0.06291367,0.0615,0.064,66978.28,11.8
1784465289,btc,1790323200000,320000.0,put,85.42,3.93653133,3.77,4.1155,64822.24,0.1
1784465289,btc,1806048000000,68000.0,call,41.52,0.12534478,0.124,0.1265,66248.31,39.5
1784465289,btc,1785484800000,81000.0,put,49.92,0.25774245,0.251,0.2645,64410.13,114.0
1784465289,btc,1798185600000,52000.0,put,46.04,0.03472185,0.034,0.0355,65479.39,70.5
1784465289,btc,1785484800000,88000.0,put,52.22,0.36626362,0.3205,0.415,64410.13,2.1
1784465289,btc,1784793600000,57000.0,put,51.81,0.00018291,0.0001,0.0003,64326.78,0.0
1784465289,btc,1790323200000,94000.0,call,40.87,0.00133015,0.0011,0.0016,64822.24,161.4
1784465289,btc,1784620800000,60000.0,put,43.73,0.00011604,,0.0002,64326.78,61.7
1784465289,btc,1785484800000,74000.0,call,39.13,0.000688,0.0006,0.0008,64409.31,686.2
1784465289,btc,1798185600000,96000.0,call,38.87,0.00920698,0.0085,0.0095,65479.39,287.9
1784465289,btc,1784707200000,59000.0,put,43.18,0.00013427,0.0001,0.0002,64325.98,2.8
1784465289,btc,1784534400000,64500.0,call,27.63,0.00398135,0.004,0.0042,64326.78,72.6
1784465289,btc,1784534400000,63500.0,put,28.27,0.0011243,0.001,0.0012,64326.78,127.4
1784465289,btc,1787904000000,83000.0,call,38.78,0.00137811,0.0012,0.0016,64596.66,251.1
1784465289,btc,1798185600000,68000.0,call,39.79,0.08824549,0.088,0.089,65479.39,497.9
1784465289,btc,1784707200000,63000.0,put,32.95,0.00383858,0.0036,0.0041,64325.98,1.1
1784465289,btc,1813910400000,40000.0,call,53.4,0.43538824,0.4325,0.438,66978.97,0.1
1784465289,btc,1787904000000,74000.0,call,33.11,0.00600149,0.0055,0.0065,64596.66,686.7
1784465289,btc,1786089600000,65000.0,put,34.1,0.03536056,0.0345,0.036,64460.24,15.6
1784465289,btc,1784793600000,66500.0,put,31.21,0.03574319,0.006,0.0735,64326.78,0.0
1784465289,btc,1790323200000,94000.0,put,40.87,0.45143786,0.402,0.5075,64822.24,1.3
1784465289,btc,1806048000000,100000.0,call,39.79,0.02023396,0.0195,0.021,66248.31,544.0
1784465289,btc,1806048000000,68000.0,put,41.52,0.15179009,0.1505,0.154,66248.31,65.4
1784465289,btc,1784880000000,50000.0,put,62.12,3.04e-06,,0.0001,64373.42,276.7
1784465289,btc,1784793600000,64000.0,put,32.29,0.01046406,0.01,0.011,64326.78,0.0
1784465289,btc,1784620800000,70000.0,call,40.09,1.155e-05,,0.0001,64326.78,8.0
1784465289,btc,1784707200000,64500.0,put,31.25,0.01211863,0.0115,0.0125,64325.98,0.5
1784465289,btc,1813910400000,52000.0,put,47.05,0.0714775,0.07,0.073,66978.97,11.4
1784465289,btc,1784534400000,61500.0,call,42.62,0.04413511,0.013,0.0765,64326.78,0.0
1784465289,btc,1790323200000,78000.0,put,34.1,0.21126947,0.2055,0.218,64822.24,635.6
1784465289,btc,1784793600000,61000.0,call,37.5,0.05363568,0.02,0.087,64326.78,0.0
1784465289,btc,1787904000000,67000.0,call,33.5,0.02875668,0.0285,0.0295,64596.66,917.3
1784465289,btc,1786089600000,72000.0,put,33.89,0.1197083,0.081,0.1625,64460.24,0.0
1784465289,btc,1806048000000,125000.0,put,41.61,0.89281479,0.8265,0.9715,66248.31,0.0
1784465289,btc,1806048000000,115000.0,call,40.59,0.00920194,0.009,0.0095,66248.31,765.3
1784465289,btc,1806048000000,86000.0,call,39.77,0.04524787,0.0445,0.046,66248.31,111.0
1784465289,btc,1784707200000,67000.0,call,30.99,0.0008383,0.0007,0.001,64325.98,77.9
1784465289,btc,1787904000000,46000.0,call,56.02,0.28992876,0.263,0.3185,64596.66,1.0
1784465289,btc,1786089600000,55000.0,call,45.55,0.14933774,0.118,0.1825,64460.24,0.0
1784465289,btc,1813910400000,80000.0,put,41.52,0.28818417,0.277,0.299,66978.97,0.3
1784465289,btc,1798185600000,55000.0,put,44.28,0.04510025,0.0445,0.046,65479.39,994.8
1784465289,btc,1790323200000,98000.0,call,42.45,0.00092404,0.0007,0.0013,64822.74,273.8
1784465289,btc,1784707200000,66500.0,put,30.68,0.03484342,0.0048,0.073,64325.98,0.0
1784465289,btc,1786089600000,68000.0,call,33.07,0.01078369,0.0105,0.0115,64461.28,250.1
1784465289,btc,1813910400000,30000.0,put,62.01,0.01623129,0.0155,0.0165,66978.28,181.1
1784465289,btc,1784620800000,66500.0,call,30.82,0.00061372,0.0005,0.0008,64326.78,6.8
1784465289,btc,1790323200000,100000.0,put,43.92,0.54355012,0.5355,0.552,64822.24,272.4
1784465289,btc,1784707200000,58000.0,put,46.65,6.786e-05,,0.0001,64325.98,33.1
1784465289,btc,1787904000000,64000.0,call,34.75,0.0503154,0.0495,0.0515,64596.66,416.7
1784465289,btc,1786089600000,63000.0,put,35.33,0.02157517,0.021,0.022,64461.28,30.1
1784465289,btc,1790323200000,102000.0,call,44.41,0.00071503,0.0005,0.0009,64822.24,68.9
1784465289,btc,1787904000000,71000.0,call,32.79,0.01196714,0.0115,0.0125,64596.66,1065.4
1784465289,btc,1806048000000,102000.0,call,39.92,0.0182131,0.0175,0.019,66248.31,105.8
1784465289,btc,1786089600000,58000.0,put,40.48,0.00541477,0.005,0.006,64460.24,121.4
1784465289,btc,1798185600000,78000.0,put,38.39,0.23113681,0.2235,0.239,65478.59,234.4
1784465289,btc,1787904000000,71000.0,put,32.79,0.11108207,0.073,0.1595,64596.66,7.6
1784465289,btc,1813910400000,76000.0,put,41.86,0.24657193,0.2415,0.251,66978.28,0.1
1784465289,btc,1790323200000,80000.0,call,34.69,0.00598405,0.006,0.0065,64822.24,3478.4
1784465289,btc,1813910400000,78000.0,call,41.67,0.10241218,0.101,0.104,66978.97,3.9
1784465289,btc,1787904000000,58000.0,call,39.19,0.11602939,0.1115,0.12,64596.66,164.0
1784465289,btc,1785484800000,72000.0,put,36.8,0.11917331,0.1135,0.1245,64410.13,364.5
1784465289,btc,1813910400000,62000.0,call,44.09,0.20220897,0.1995,0.2055,66978.28,93.6
1784465289,btc,1790323200000,92000.0,put,39.73,0.42078601,0.373,0.4755,64822.23,4.0
1784465289,btc,1806048000000,58000.0,call,44.07,0.2066997,0.2015,0.21,66248.31,5.1
1784465289,btc,1806048000000,94000.0,call,39.77,0.02864922,0.0275,0.029,66248.31,123.5
1784465289,btc,1784793600000,65000.0,put,31.33,0.01834893,0.018,0.0195,64326.78,0.0
1784465289,btc,1787904000000,53000.0,put,45.04,0.0057375,0.0055,0.006,64596.66,176.1
1784465289,btc,1806048000000,72000.0,call,40.85,0.10078382,0.0995,0.102,66248.31,55.1
1784465289,btc,1813910400000,50000.0,call,47.82,0.31641193,0.3135,0.3195,66978.28,16.9
1784465289,btc,1784620800000,63500.0,put,31.68,0.00375815,0.0036,0.0039,64326.78,7.2
1784465289,btc,1798185600000,55000.0,call,44.28,0.20513757,0.203,0.2075,65479.39,42.8
1784465289,btc,1784534400000,69000.0,put,37.68,0.07252453,0.0365,0.1115,64326.78,0.0
1784465289,btc,1790323200000,52000.0,call,45.02,0.20888357,0.2045,0.213,64822.24,75.0
1784465289,btc,1785484800000,90000.0,put,52.25,0.3973071,0.3505,0.448,64410.13,14.9
1784465289,btc,1798185600000,240000.0,call,59.82,9.748e-05,0.0001,0.0003,65479.39,875.5
1784465289,btc,1787904000000,69000.0,put,33.03,0.08701156,0.0815,0.093,64596.66,49.5
1784465289,btc,1784620800000,61000.0,call,38.11,0.05222257,0.018,0.085,64326.78,0.0
1784465289,btc,1785484800000,105000.0,call,63.57,3e-07,,0.0001,64410.13,516.1
1784465289,btc,1784620800000,65500.0,put,29.43,0.02018664,0.012,0.056,64326.78,0.0
1784465289,btc,1806048000000,66000.0,put,41.94,0.13561907,0.134,0.1375,66248.31,123.6
1784465289,btc,1798185600000,75000.0,call,38.61,0.05096966,0.05,0.0515,65478.59,1323.9
1784465289,btc,1784880000000,54000.0,put,57.26,6.891e-05,,0.0001,64373.42,513.9
1784465289,btc,1806048000000,35000.0,put,58.68,0.01526943,0.015,0.016,66248.31,526.7
1784465289,btc,1784880000000,65000.0,call,32.13,0.0104041,0.01,0.011,64373.42,997.0
1784465289,btc,1784793600000,66000.0,call,31.13,0.00393737,0.0038,0.0042,64326.78,0.1
1784465289,btc,1813910400000,30000.0,call,62.01,0.56833025,0.567,0.5705,66978.28,11.0
1784465289,btc,1785484800000,72000.0,call,36.8,0.00133169,0.0012,0.0015,64410.13,21151.3
1784465289,btc,1787904000000,61000.0,put,36.55,0.02410406,0.0235,0.025,64596.66,563.4
1784465289,btc,1790323200000,50000.0,put,47.6,0.00879273,0.0085,0.009,64822.24,3559.6
1784465289,btc,1806048000000,64000.0,put,42.38,0.12049579,0.119,0.122,66248.31,132.7
1784465289,btc,1787904000000,61000.0,call,36.55,0.07979405,0.075,0.0845,64596.66,589.3
1784465289,btc,1785484800000,70000.0,put,34.72,0.08954889,0.084,0.095,64410.13,909.3
1784465289,btc,1806048000000,115000.0,put,40.59,0.7451021,0.6815,0.8215,66248.31,0.0
1784465289,btc,1806048000000,35000.0,call,58.68,0.486952,0.4855,0.4885,66247.51,3.8
1784465289,btc,1813910400000,54000.0,put,46.3,0.0807639,0.079,0.0825,66978.97,10.8
1784465289,btc,1784620800000,64500.0,put,30.29,0.00974766,0.0095,0.01,64326.78,11.8
1784465289,btc,1790323200000,140000.0,put,60.72,1.15991067,1.087,1.24,64822.24,1.4
1784465289,btc,1785484800000,90000.0,call,52.25,5.07e-06,,0.0001,64409.31,1313.3
1784465289,btc,1784793600000,72000.0,put,42.11,0.11868557,0.0815,0.1605,64326.78,0.0
1784465289,btc,1785484800000,91000.0,put,52.4,0.41283092,0.3655,0.463,64410.13,0.2
1784465289,btc,1784534400000,69000.0,call,37.68,1.5e-07,,0.0001,64326.78,4.8
1784465289,btc,1787904000000,70000.0,call,32.77,0.01496048,0.0145,0.0155,64597.4,1098.9
1784465289,btc,1806048000000,108000.0,put,40.04,0.64321668,0.5815,0.718,66248.31,0.0
1784465289,btc,1784707200000,62000.0,call,34.57,0.03811778,0.007,0.0715,64325.98,0.0
1784465289,btc,1806048000000,180000.0,call,48.55,0.00135111,0.0012,0.0017,66248.31,641.8
1784465289,btc,1806048000000,84000.0,put,39.85,0.31881075,0.263,0.391,66247.51,5.8
1784465289,btc,1787904000000,76000.0,put,34.26,0.18065639,0.1395,0.2285,64596.66,5.4
1784465289,btc,1785484800000,78000.0,call,45.35,0.00028502,0.0002,0.0004,64410.13,1080.6
1784465289,btc,1786089600000,65000.0,call,34.1,0.02698421,0.0265,0.0275,64460.24,47.6
1784465289,btc,1785484800000,70000.0,call,34.72,0.00275842,0.0026,0.0029,64410.13,27495.0
1784465289,btc,1784534400000,62500.0,put,33.15,0.00018553,0.0002,0.0003,64326.78,872.6
1784465289,btc,1786089600000,61000.0,call,37.02,0.06623206,0.0355,0.102,64460.24,0.0
1784465289,btc,1784534400000,57000.0,put,62.43,1e-07,,0.0001,64326.78,42.0
1784465289,btc,1784707200000,68000.0,call,33.95,0.00038013,0.0003,0.0005,64325.98,40.6
1784465289,btc,1790323200000,120000.0,call,53.49,0.00036302,0.0003,0.0007,64822.24,1157.6
1784465289,btc,1784793600000,57000.0,call,51.81,0.11460797,0.082,0.145,64326.78,0.0
1784465289,btc,1790323200000,170000.0,put,68.29,1.62259754,1.534,1.7185,64822.24,0.0
1784465289,btc,1787904000000,72000.0,put,32.79,0.12407543,0.119,0.1295,64596.66,86.1
1784465289,btc,1784534400000,66000.0,call,31.09,0.00023494,0.0002,0.0003,64326.78,86.6
1784465289,btc,1784534400000,60000.0,put,60.06,5.777e-05,,0.0001,64326.78,249.3
1784465289,btc,1806048000000,88000.0,call,39.75,0.0403621,0.0395,0.041,66247.51,58.4
1784465289,btc,1784534400000,57000.0,call,62.43,0.1140017,0.0825,0.1435,64326.78,0.0
1784465289,btc,1806048000000,74000.0,put,40.59,0.20715654,0.1985,0.2165,66248.31,53.6
1784465289,btc,1806048000000,170000.0,call,46.88,0.00151944,0.0011,0.0019,66248.31,248.2
1784465289,btc,1786089600000,70000.0,put,33.1,0.09133874,0.056,0.1335,64460.24,0.0
1784465289,btc,1787904000000,73000.0,put,32.95,0.13763892,0.0975,0.186,64596.66,4.7
1784465289,btc,1784793600000,66000.0,put,31.13,0.02933993,0.0034,0.067,64326.78,0.0
1784465289,btc,1806048000000,74000.0,call,40.59,0.09014253,0.089,0.091,66248.31,49.8
1784465289,btc,1798185600000,64000.0,put,40.7,0.09465219,0.094,0.0955,65479.39,227.9
1784465289,btc,1787904000000,84000.0,call,39.33,0.00118263,0.001,0.0014,64596.66,58.8
1784465289,btc,1806048000000,54000.0,call,45.53,0.24718794,0.242,0.251,66247.51,0.0
1784465289,btc,1784793600000,64000.0,call,32.29,0.0161343,0.016,0.0165,64326.78,0.0
1784465289,btc,1786089600000,53000.0,put,49.04,0.00159541,0.0014,0.0017,64461.28,4.9
1784465289,btc,1790323200000,115000.0,call,51.64,0.00046598,0.0003,0.0006,64822.74,2248.9
1784465289,btc,1784793600000,68000.0,call,32.74,0.00071751,0.0007,0.0008,64326.78,0.1
1784465289,btc,1787904000000,60000.0,call,37.31,0.09120708,0.088,0.096,64596.66,368.4
1784465289,btc,1813910400000,84000.0,put,41.25,0.33255953,0.321,0.344,66978.28,0.0
1784465289,btc,1806048000000,120000.0,put,41.2,0.81884166,0.753,0.8965,66247.51,1.0
1784465289,btc,1784534400000,58000.0,call,62.43,0.09845911,0.066,0.129,64326.78,0.0
1784465289,btc,1784707200000,65000.0,put,30.43,0.01646523,0.016,0.0175,64325.98,0.1
1784465289,btc,1785484800000,52000.0,put,55.26,0.00049605,0.0004,0.0006,64410.13,2472.2
1784465289,btc,1806048000000,104000.0,put,39.93,0.58607836,0.525,0.6605,66248.31,0.0
1784465289,btc,1787904000000,57000.0,put,40.12,0.01149578,0.011,0.012,64596.66,616.6
1784465289,btc,1806048000000,94000.0,put,39.77,0.44755891,0.388,0.5215,66248.31,9.0
1784465289,btc,1798185600000,100000.0,put,39.32,0.53405553,0.5255,0.5445,65479.39,303.1
1784465289,btc,1798185600000,75000.0,put,38.61,0.19637331,0.189,0.204,65479.39,888.9
1784465289,btc,1787904000000,70000.0,put,32.77,0.09859492,0.0945,0.1035,64596.66,105.7
1784465289,btc,1787904000000,60000.0,put,37.31,0.02003661,0.0195,0.0205,64596.66,1087.9
1784465289,btc,1784880000000,60000.0,put,40.01,0.00120261,0.0011,0.0012,64373.42,1303.2
1784465289,btc,1790323200000,130000.0,call,57.19,0.00024427,0.0002,0.0003,64822.24,1434.0
1784465289,btc,1806048000000,76000.0,call,40.37,0.08053072,0.0795,0.0815,66248.31,354.5
1784465289,btc,1785484800000,95000.0,put,56.37,0.47493173,0.4265,0.527,64409.31,0.5
1784465289,btc,1784620800000,59000.0,put,47.68,4.839e-05,,0.0001,64326.78,40.5
1784465289,btc,1790323200000,92000.0,call,39.73,0.00153166,0.0013,0.0018,64822.74,484.9
1784465289,btc,1790323200000,125000.0,call,55.89,0.00032377,0.0002,0.0005,64822.74,2270.7
1784465289,btc,1785484800000,91000.0,call,52.4,3.31e-06,,0.0001,64410.13,283.4
1784465289,btc,1798185600000,120000.0,put,43.01,0.83488201,0.8215,0.8505,65479.39,35.5
1784465289,btc,1787904000000,56000.0,call,41.14,0.14262467,0.139,0.147,64596.66,59.4
1784465289,btc,1784793600000,70000.0,put,37.76,0.08775683,0.0515,0.1285,64326.78,0.0
1784465289,btc,1813910400000,70000.0,put,42.6,0.19024776,0.188,0.1925,66978.97,5.6
1784465289,btc,1798185600000,220000.0,put,57.97,2.35999361,2.246,2.483,65479.39,0.0
1784465289,btc,1784707200000,63500.0,call,32.26,0.01904033,0.018,0.02,64325.98,0.0
1784465289,btc,1806048000000,65000.0,call,42.16,0.14676991,0.1455,0.148,66248.31,211.8
1784465289,btc,1806048000000,130000.0,call,42.12,0.00487009,0.0043,0.0055,66248.31,1055.4
1784465289,btc,1790323200000,175000.0,call,69.15,5.454e-05,,0.0002,64822.24,1355.9
1784465289,btc,1787904000000,74000.0,put,33.11,0.1515579,0.113,0.2,64596.66,3.3
1784465289,btc,1784620800000,61000.0,put,38.11,0.00022414,0.0002,0.0003,64326.78,52.4
1784465289,btc,1787904000000,50000.0,call,49.38,0.22953808,0.2255,0.2335,64596.66,51.0
1784465289,btc,1806048000000,84000.0,call,39.85,0.0508489,0.05,0.0515,66248.31,130.5
1784465289,btc,1813910400000,160000.0,call,43.77,0.0046535,0.0042,0.0049,66978.97,491.7
1784465289,btc,1790323200000,86000.0,put,36.82,0.32942201,0.2835,0.3815,64822.24,11.6
1784465289,btc,1784534400000,58000.0,put,62.43,1.35e-06,,0.0001,64326.78,74.7
1784465289,btc,1790323200000,68000.0,call,34.88,0.0399601,0.0395,0.0405,64822.23,777.3
1784465289,btc,1784880000000,75000.0,put,48.78,0.1651385,0.1255,0.2075,64373.42,0.2
1784465289,btc,1790323200000,280000.0,call,81.51,2.45e-06,,0.0001,64822.74,94.0
1784465289,btc,1798185600000,230000.0,call,59.82,0.0001429,0.0001,0.0003,65479.39,196.3
1784465289,btc,1784793600000,69000.0,call,35.05,0.00036447,0.0003,0.0005,64326.78,0.0
1784465289,btc,1784707200000,65500.0,put,30.33,0.02189676,0.0008,0.058,64325.98,0.0
1784465289,btc,1798185600000,50000.0,put,47.26,0.0289342,0.0285,0.0295,65479.39,1673.2
1784465289,btc,1784620800000,64000.0,put,30.95,0.00621858,0.006,0.0065,64326.78,23.3
1784465289,btc,1787904000000,65000.0,call,34.3,0.0422543,0.0415,0.043,64596.66,999.8
1784465289,btc,1785484800000,120000.0,call,77.21,1.4e-07,,0.0001,64410.13,1062.5
1784465289,btc,1787904000000,68000.0,put,33.2,0.07602506,0.071,0.0805,64596.66,98.0
1784465289,btc,1784707200000,60000.0,call,40.76,0.06795289,0.0345,0.1005,64325.98,0.0
1784465289,btc,1787904000000,76000.0,call,34.26,0.00413899,0.004,0.0043,64596.66,912.2
1784465289,btc,1785484800000,63000.0,call,36.05,0.03799296,0.037,0.039,64410.13,1138.7
1784465289,btc,1798185600000,54000.0,put,44.81,0.04130573,0.0405,0.042,65478.59,1815.8
1784465289,btc,1798185600000,92000.0,put,38.49,0.4175437,0.3645,0.481,65479.39,4.5
1784465289,btc,1787904000000,40000.0,call,67.9,0.38180348,0.3585,0.407,64596.66,11.5
1784465289,btc,1806048000000,78000.0,put,40.15,0.2491131,0.24,0.259,66248.31,182.3
1784465289,btc,1784793600000,65500.0,call,31.28,0.00590815,0.0055,0.0065,64326.78,0.1
1784465289,btc,1790323200000,54000.0,call,43.1,0.1814929,0.148,0.2195,64822.24,7.2
1784465289,btc,1798185600000,108000.0,call,40.58,0.00408555,0.0038,0.0044,65479.39,117.5
1784465289,btc,1798185600000,60000.0,put,42.01,0.06891228,0.068,0.0695,65479.39,6440.4
1784465289,btc,1813910400000,58000.0,call,45.08,0.23642747,0.2335,0.2395,66978.28,4.7
1784465289,btc,1798185600000,250000.0,put,61.81,2.81811699,2.689,2.958,65479.39,10.0
1784465289,btc,1790323200000,85000.0,call,36.4,0.00306561,0.0028,0.0034,64822.74,1211.5
1784465289,btc,1806048000000,190000.0,put,49.68,1.86913141,1.7715,1.979,66248.31,0.9
1784465289,btc,1798185600000,160000.0,call,51.56,0.0007046,0.0006,0.0008,65479.39,1228.1
1784465289,btc,1798185600000,88000.0,put,38.35,0.36139282,0.31,0.4245,65479.39,4.1
1784465289,btc,1784620800000,71000.0,put,44.27,0.10341854,0.0665,0.144,64326.78,0.0
1784465289,btc,1784534400000,59000.0,call,62.43,0.08292618,0.05,0.114,64326.78,0.0
1784465289,btc,1790323200000,96000.0,put,41.52,0.48203871,0.432,0.538,64822.24,1.0
1784465289,btc,1798185600000,96000.0,put,38.87,0.47532365,0.421,0.5395,65478.59,11.2
1784465289,btc,1785484800000,87000.0,put,51.84,0.35074351,0.306,0.399,64410.13,8.1
1784465289,btc,1785484800000,67000.0,put,33.48,0.04967226,0.0455,0.055,64410.13,200.6
1784465289,btc,1798185600000,90000.0,call,38.42,0.01478409,0.0145,0.015,65479.39,2929.3
1784465289,btc,1806048000000,66000.0,call,41.94,0.13936333,0.138,0.1405,66248.31,19.1
1784465289,btc,1813910400000,62000.0,put,44.09,0.12787113,0.126,0.1295,66978.97,10.9
1784465289,btc,1806048000000,200000.0,put,50.14,2.01980067,1.9175,2.134,66248.31,1.0
1784465289,btc,1806048000000,45000.0,call,50.36,0.35303671,0.3475,0.3565,66248.31,3.2
1784465289,btc,1784880000000,61000.0,put,37.89,0.00219107,0.002,0.0023,64373.42,311.1
1784465289,btc,1790323200000,30000.0,put,82.83,0.00131835,0.0012,0.0013,64822.74,2283.5
1784465289,btc,1806048000000,160000.0,call,45.34,0.00181191,0.0015,0.0023,66248.31,854.7
1784465289,btc,1790323200000,260000.0,call,78.83,3.23e-06,,0.0001,64822.24,293.8
1784465289,btc,1785484800000,69000.0,put,34.01,0.07539196,0.0705,0.08,64410.13,216.8
1784465289,btc,1784880000000,54000.0,call,57.26,0.16121076,0.1315,0.191,64373.42,2.0
1784465289,btc,1798185600000,66000.0,put,40.1,0.10965182,0.109,0.1095,65479.39,212.4
1784465289,btc,1790323200000,82000.0,call,35.25,0.00448505,0.0043,0.0048,64822.74,2420.5
1784465289,btc,1806048000000,92000.0,put,39.77,0.42086916,0.363,0.4945,66248.31,0.2
1784465289,btc,1798185600000,190000.0,put,56.1,1.90205106,1.804,2.01,65479.39,0.0
1784465289,btc,1798185600000,35000.0,call,62.81,0.47398041,0.4725,0.476,65479.39,77.6
1784465289,btc,1798185600000,160000.0,put,51.56,1.44423238,1.361,1.537,65479.39,0.0
1784465289,btc,1785484800000,86000.0,call,50.88,2.266e-05,,0.0001,64409.31,303.1
1784465289,btc,1798185600000,120000.0,call,43.01,0.00223617,0.002,0.0025,65479.39,6030.9
1784465289,btc,1784534400000,65500.0,put,29.22,0.01873233,0.0105,0.0555,64326.78,0.0
1784465289,btc,1806048000000,72000.0,put,40.85,0.18760826,0.1835,0.191,66247.51,136.6
1784465289,btc,1785484800000,89000.0,put,52.22,0.3817845,0.3365,0.431,64410.13,5.9
1784465289,btc,1784880000000,58000.0,put,45.02,0.00039487,0.0003,0.0005,64373.42,792.6
1784465289,btc,1784620800000,64000.0,call,30.95,0.01159841,0.011,0.0125,64326.78,14.8
1784465289,btc,1798185600000,150000.0,call,48.99,0.00079046,0.0006,0.001,65479.39,1635.0
1784465289,btc,1784793600000,60000.0,put,39.94,0.0006797,0.0005,0.0008,64326.78,0.3
1784465289,btc,1806048000000,58000.0,put,44.07,0.08219717,0.081,0.083,66248.31,108.1
1784465289,btc,1784620800000,60500.0,call,40.43,0.05991501,0.0255,0.092,64326.78,0.0
1784465289,btc,1787904000000,54000.0,put,43.46,0.00664735,0.0065,0.007,64596.66,836.4
1784465289,btc,1787904000000,81000.0,call,37.14,0.00174767,0.0015,0.002,64596.66,1057.1
1784465289,btc,1785484800000,59000.0,put,41.14,0.00408523,0.0039,0.0043,64410.13,1732.3
1784465289,btc,1784534400000,65000.0,put,27.54,0.01191113,0.0065,0.047,64326.78,0.6
1784465289,btc,1787904000000,95000.0,call,47.46,0.00042845,0.0003,0.0006,64596.66,7.1
1784465289,btc,1813910400000,100000.0,call,40.94,0.0387954,0.0375,0.04,66978.28,55.0
1784465289,btc,1790323200000,88000.0,call,37.67,0.00218026,0.0019,0.0025,64822.24,656.8
1784465289,btc,1798185600000,66000.0,call,40.1,0.10169661,0.101,0.1025,65479.39,215.5
1784465289,btc,1798185600000,102000.0,call,39.61,0.00597724,0.0055,0.0065,65479.39,148.2
1784465289,btc,1787904000000,69000.0,call,33.03,0.01885762,0.0185,0.0195,64596.66,677.7
1784465289,btc,1806048000000,104000.0,call,39.93,0.01622083,0.0155,0.017,66248.31,75.2
1784465289,btc,1784707200000,60000.0,put,40.76,0.0003242,0.0003,0.0004,64325.98,5.6
1784465289,btc,1787904000000,95000.0,put,47.46,0.4710752,0.422,0.526,64596.66,0.0
1784465289,btc,1798185600000,170000.0,call,52.29,0.00046775,0.0003,0.0007,65478.59,2383.9
1784465289,btc,1790323200000,65000.0,call,35.93,0.06045026,0.06,0.061,64822.23,731.9
1784465289,btc,1806048000000,130000.0,put,42.12,0.967192,0.8985,1.0495,66248.31,0.2
1784465289,btc,1806048000000,80000.0,put,40.0,0.27151085,0.262,0.2815,66248.31,139.4
1784465289,btc,1787904000000,62000.0,call,35.95,0.06921995,0.0675,0.0715,64596.66,926.7
1784465289,btc,1790323200000,300000.0,call,84.97,2.42e-06,,0.0001,64822.74,192.5
1784465289,btc,1806048000000,40000.0,call,54.13,0.41848843,0.4165,0.42,66248.31,68.6
1784465289,btc,1784880000000,62000.0,call,36.14,0.04090278,0.037,0.0445,64373.42,129.8
1784465289,btc,1784534400000,67000.0,put,35.42,0.04147645,0.013,0.0795,64326.78,0.0
1784465289,btc,1813910400000,64000.0,call,43.7,0.1866718,0.1855,0.1885,66978.97,15.2
1784465289,btc,1790323200000,135000.0,call,58.2,0.00017878,0.0001,0.0004,64822.24,275.6
1784465289,btc,1784793600000,70000.0,call,37.76,0.00020866,0.0001,0.0003,64326.78,0.0
1784465289,btc,1790323200000,72000.0,put,34.02,0.13216406,0.1265,0.1375,64822.24,275.2
1784465289,btc,1806048000000,85000.0,put,39.8,0.33099824,0.275,0.4025,66248.31,0.8
1784465289,btc,1787904000000,55000.0,call,42.39,0.1565979,0.153,0.1605,64596.66,5.8
1784465289,btc,1790323200000,62000.0,put,37.27,0.04323265,0.0425,0.044,64822.23,950.4
1784465289,btc,1785484800000,76000.0,call,42.43,0.00044168,0.0003,0.0005,64409.31,2509.0
1784465289,btc,1806048000000,55000.0,call,45.12,0.23661928,0.2315,0.2405,66248.31,28.6
1784465289,btc,1806048000000,62000.0,call,42.86,0.17060285,0.1685,0.1715,66248.31,42.2
1784465289,btc,1787904000000,110000.0,call,58.22,0.00021116,0.0001,0.0005,64596.66,103.3
1784465289,btc,1784534400000,60000.0,call,60.06,0.06742787,0.0335,0.0995,64326.78,0.0
1784465289,btc,1785484800000,48000.0,call,66.94,0.25501977,0.228,0.282,64410.13,2.0
1784465289,btc,1813910400000,150000.0,put,43.02,1.24560285,1.166,1.3405,66978.28,0.0
1784465289,btc,1790323200000,120000.0,put,53.49,0.85156437,0.8405,0.863,64822.24,172.3
1784465289,btc,1813910400000,52000.0,call,47.05,0.29511568,0.292,0.2985,66978.97,0.6
1784465289,btc,1787904000000,94000.0,call,46.82,0.00046749,0.0003,0.0007,64596.66,16.8
1784465289,btc,1790323200000,50000.0,call,47.6,0.23745887,0.2335,0.242,64822.24,30.5
1784465289,btc,1787904000000,96000.0,call,47.6,0.00035933,0.0002,0.0006,64596.66,14.8
1784465289,btc,1785484800000,75000.0,call,40.74,0.00054242,0.0005,0.0006,64409.31,4110.0
1784465289,btc,1790323200000,96000.0,call,41.52,0.00107767,0.0009,0.0012,64822.74,288.6
1784465289,btc,1806048000000,112000.0,call,40.23,0.01049431,0.01,0.011,66248.31,65.0
1784465289,btc,1806048000000,82000.0,call,39.89,0.05695203,0.056,0.058,66248.31,634.5
1784465289,btc,1785484800000,108000.0,call,66.12,2.2e-07,,0.0001,64410.13,375.1
1784465289,btc,1790323200000,55000.0,call,42.09,0.16808993,0.1635,0.173,64822.24,90.9
1784465289,btc,1785484800000,68000.0,call,33.9,0.00640468,0.006,0.0065,64410.13,3972.2
1784465289,btc,1785484800000,100000.0,call,62.96,1.66e-06,,0.0001,64410.13,1802.6
1784465289,btc,1813910400000,88000.0,call,41.04,0.06549982,0.0645,0.067,66978.28,1.7
1784465289,btc,1798185600000,74000.0,put,38.69,0.18531245,0.1785,0.193,65478.59,102.6
1784465289,btc,1813910400000,45000.0,call,50.28,0.3736692,0.3705,0.377,66978.28,0.4
1784465289,btc,1784534400000,66000.0,put,31.09,0.02612783,0.013,0.0635,64326.78,0.0
1784465289,btc,1784707200000,66500.0,call,30.68,0.00146523,0.0013,0.0017,64325.98,51.3
1784465289,btc,1790323200000,74000.0,call,33.89,0.01546399,0.015,0.016,64822.24,663.6
1784465289,btc,1785484800000,64000.0,call,35.19,0.02846369,0.028,0.029,64410.13,958.4
1784465289,btc,1784707200000,64500.0,call,31.25,0.00981948,0.0095,0.0105,64325.98,10.7
1784465289,btc,1813910400000,54000.0,call,46.3,0.27454202,0.2715,0.278,66978.28,0.3
1784465289,btc,1798185600000,84000.0,call,38.28,0.02431424,0.0235,0.0245,65479.39,674.2
1784465289,btc,1787904000000,85000.0,call,40.24,0.00108176,0.0009,0.0013,64596.66,311.1
1784465289,btc,1790323200000,76000.0,put,33.99,0.18360259,0.178,0.1895,64822.24,599.6
1784465289,btc,1787904000000,98000.0,call,49.14,0.00032263,0.0002,0.0005,64596.66,80.9
1784465289,btc,1790323200000,54000.0,put,43.1,0.01453351,0.014,0.015,64822.23,323.9
1784465289,btc,1787904000000,100000.0,call,49.16,0.00021916,0.0001,0.0004,64596.66,143.4
1784465289,btc,1798185600000,76000.0,call,38.53,0.04701247,0.046,0.0475,65479.39,311.1
1784465289,btc,1813910400000,86000.0,put,41.17,0.35580708,0.2945,0.4355,66978.97,0.0
1784465289,btc,1787904000000,82000.0,call,37.72,0.00148801,0.0013,0.0017,64596.66,641.1
1784465289,btc,1786089600000,63000.0,call,35.33,0.04422579,0.0435,0.0455,64460.24,22.8
1784465289,btc,1798185600000,104000.0,call,39.94,0.00525003,0.005,0.0055,65479.39,64.4
1784465289,btc,1790323200000,66000.0,call,35.55,0.05296558,0.0525,0.0535,64822.24,764.4
1784465289,btc,1790323200000,155000.0,put,65.49,1.3912524,1.3105,1.4795,64822.24,0.1
1784465289,btc,1790323200000,105000.0,call,45.93,0.00061088,0.0004,0.0008,64822.24,1191.4
1784465289,btc,1785484800000,71000.0,call,35.61,0.00187439,0.0017,0.002,64410.13,1897.2
1784465289,btc,1798185600000,88000.0,call,38.35,0.01745254,0.017,0.018,65479.39,2372.8
1784465289,btc,1813910400000,56000.0,put,45.65,0.09106599,0.0895,0.0925,66978.97,40.4
1784465289,btc,1806048000000,105000.0,put,39.93,0.60024966,0.539,0.6745,66248.31,0.0
1784465289,btc,1787904000000,80000.0,put,36.33,0.24042843,0.197,0.2875,64596.66,12.7
1784465289,btc,1784793600000,71000.0,put,40.68,0.10321688,0.0665,0.1445,64326.78,0.0
1784465289,btc,1785484800000,54000.0,call,49.97,0.1623906,0.1325,0.194,64409.31,1.6
1784465289,btc,1784534400000,61000.0,put,48.96,7.661e-05,,0.0001,64326.78,201.8
1784465289,btc,1813910400000,105000.0,put,40.94,0.59886258,0.5335,0.6815,66978.97,0.0
1784465289,btc,1787904000000,52000.0,put,46.42,0.0048647,0.0047,0.005,64596.66,1016.8
1784465289,btc,1790323200000,82000.0,put,35.25,0.26947258,0.263,0.277,64822.24,194.7
1784465289,btc,1806048000000,112000.0,put,40.23,0.70111011,0.6385,0.7765,66248.31,0.0
1784465289,btc,1785484800000,82000.0,call,50.07,0.00011413,,0.0002,64410.13,2927.4
1784465289,btc,1798185600000,58000.0,call,42.84,0.17258073,0.17,0.1745,65479.39,41.8
1784465289,btc,1785484800000,65000.0,put,34.27,0.02954159,0.029,0.03,64410.13,447.1
1784465289,btc,1784707200000,66000.0,put,30.39,0.02807613,0.0021,0.0655,64325.98,0.0
1784465289,btc,1787904000000,65000.0,put,34.3,0.04848628,0.0475,0.049,64596.66,442.2
1784465289,btc,1784707200000,68000.0,put,33.95,0.05707368,0.0215,0.096,64325.98,0.0
1784465289,btc,1784793600000,67000.0,call,31.44,0.00165331,0.0017,0.0018,64326.78,0.3
1784465289,btc,1790323200000,66000.0,put,35.55,0.07112633,0.07,0.072,64822.24,228.4
1784465289,btc,1784707200000,58000.0,call,46.65,0.0987756,0.0665,0.13,64325.98,0.0
1784465289,btc,1813910400000,90000.0,call,40.99,0.0599636,0.0585,0.0615,66978.97,64.7
1784465289,btc,1784793600000,72000.0,call,42.11,6.459e-05,,0.0001,64326.78,0.0
1784465289,btc,1798185600000,85000.0,call,38.28,0.02236171,0.0215,0.0225,65478.59,2043.7
1784465289,btc,1798185600000,98000.0,put,39.14,0.50463832,0.45,0.57,65479.39,1.1
1784465289,btc,1806048000000,78000.0,call,40.15,0.07171995,0.0705,0.0725,66248.31,349.4
1784465289,btc,1787904000000,90000.0,put,44.14,0.39392012,0.346,0.445,64596.66,0.5
1784465289,btc,1787904000000,85000.0,put,40.24,0.31692358,0.272,0.367,64596.66,0.4
1784465289,btc,1790323200000,200000.0,put,72.81,2.08535349,1.9815,2.1975,64822.24,0.1
1784465289,btc,1787904000000,68000.0,call,33.2,0.0233516,0.023,0.024,64596.66,675.1
1784465289,btc,1787904000000,52000.0,call,46.42,0.19987912,0.195,0.204,64596.66,51.0
1784465289,btc,1798185600000,78000.0,call,38.39,0.03991702,0.039,0.0405,65479.39,345.7
1784465289,btc,1790323200000,85000.0,put,36.4,0.31433323,0.307,0.3235,64822.24,454.5
1784465289,btc,1784880000000,59000.0,put,42.65,0.00069882,0.0006,0.0007,64373.42,393.9
1784465289,btc,1787904000000,54000.0,call,43.46,0.17070078,0.1665,0.175,64596.66,8.0
1784465289,btc,1785484800000,106000.0,call,64.33,2.6e-07,,0.0001,64410.13,44.6
1784465289,btc,1784620800000,62500.0,call,33.54,0.02989712,0.025,0.0335,64326.78,26.0
1784465289,btc,1785484800000,62000.0,put,37.16,0.01158667,0.011,0.012,64410.13,1137.5
1784465289,btc,1784880000000,57000.0,put,49.1,0.00028954,0.0002,0.0004,64373.42,618.2
1784465289,btc,1784880000000,60000.0,call,40.01,0.06913749,0.066,0.0735,64373.42,147.8
1784465289,btc,1784534400000,66500.0,put,35.14,0.03380205,0.013,0.0715,64326.78,0.0
1784465289,btc,1798185600000,95000.0,put,38.81,0.46082136,0.453,0.472,65479.39,85.9
1784465289,btc,1784880000000,59000.0,call,42.65,0.08416863,0.0515,0.117,64373.42,5.3
1784465289,eth,1784534400000,1975.0,call,55.7,0.000159,0.0001,0.0003,1868.25,412.0
1784465289,eth,1790323200000,16000.0,put,130.17,7.537228,7.2075,7.8925,1874.07,30.0
1784465289,eth,1806048000000,4500.0,put,58.63,1.370755,1.272,1.49,1907.06,0.0
1784465289,eth,1790323200000,1600.0,call,53.72,0.17761,0.173,0.182,1874.07,4270.0
1784465289,eth,1806048000000,3000.0,put,55.81,0.622201,0.608,0.6365,1907.06,352.0
1784465289,eth,1785484800000,2750.0,put,77.48,0.471328,0.4145,0.534,1869.14,2.0
1784465289,eth,1798185600000,5200.0,put,63.35,1.756815,1.649,1.879,1887.34,0.0
1784465289,eth,1798185600000,4800.0,call,61.55,0.002336,0.002,0.0027,1887.35,2491.0
1784465289,eth,1785484800000,2750.0,call,77.48,0.000141,0.0001,0.0002,1869.14,1137.0
1784465289,eth,1785484800000,3200.0,put,87.7,0.711943,0.6455,0.7825,1869.15,5.0
1784465289,eth,1813910400000,2000.0,put,57.49,0.242829,0.2405,0.2455,1925.64,35.0
1784465289,eth,1786089600000,1850.0,put,47.16,0.03752,0.037,0.038,1869.13,178.0
1784465289,eth,1798185600000,2700.0,put,53.65,0.46467,0.453,0.476,1887.35,431.0
1784465289,eth,1785484800000,2800.0,put,80.67,0.498076,0.481,0.562,1869.14,2.0
1784465289,eth,1790323200000,7500.0,call,90.95,3.9e-05,,0.0002,1874.07,1322.0
1784465289,eth,1790323200000,6800.0,put,89.25,2.628387,2.4885,2.7805,1874.08,0.0
1784465289,eth,1785484800000,2200.0,call,52.55,0.001765,0.0016,0.002,1869.15,9042.0
1784465289,eth,1785484800000,2450.0,put,63.67,0.311091,0.2605,0.368,1869.14,249.0
1784465289,eth,1785484800000,3000.0,put,87.7,0.605006,0.5435,0.6725,1869.15,5.0
1784465289,eth,1784534400000,1775.0,put,61.41,0.00042,0.0003,0.0005,1868.25,362.0
1784465289,eth,1784793600000,1775.0,call,51.29,0.054369,0.0475,0.0875,1868.25,0.0
1784465289,eth,1798185600000,7000.0,call,69.57,0.000544,0.0003,0.0008,1887.35,2825.0
1784465289,eth,1784880000000,1875.0,call,45.24,0.019005,0.0185,0.0195,1868.36,9669.0
1784465289,eth,1785484800000,1550.0,call,65.05,0.173252,0.1695,0.177,1869.14,1763.0
1784465289,eth,1787904000000,2250.0,call,48.67,0.010872,0.0105,0.0115,1869.59,1282.0
1784465289,eth,1798185600000,1800.0,put,54.46,0.117276,0.116,0.1185,1887.35,4591.0
1784465289,eth,1813910400000,1400.0,put,60.12,0.088764,0.087,0.0905,1925.64,1462.0
1784465289,eth,1813910400000,1600.0,call,58.86,0.299955,0.293,0.308,1925.63,387.0
1784465289,eth,1798185600000,5000.0,call,62.57,0.002021,0.0017,0.0024,1887.34,4257.0
1784465289,eth,1806048000000,2900.0,put,55.71,0.575786,0.562,0.5895,1907.05,260.0
1784465289,eth,1813910400000,4500.0,call,58.44,0.0244,0.0235,0.025,1925.64,761.0
1784465289,eth,1784793600000,1875.0,put,45.58,0.020429,0.0205,0.021,1868.25,5.0
1784465289,eth,1790323200000,4500.0,call,72.05,0.000338,0.0003,0.0006,1874.07,8535.0
1784465289,eth,1787904000000,1100.0,put,79.15,0.001562,0.0014,0.0018,1869.59,1478.0
1784465289,eth,1785484800000,2100.0,call,48.52,0.003909,0.0037,0.0042,1869.15,4166.0
1784465289,eth,1784880000000,1800.0,put,48.44,0.008169,0.0075,0.0085,1868.35,1638.0
1784465289,eth,1806048000000,4400.0,put,58.42,1.31932,1.2225,1.438,1907.06,0.0
1784465289,eth,1784880000000,1950.0,put,44.56,0.049543,0.0455,0.052,1868.36,1014.0
1784465289,eth,1785484800000,2900.0,put,83.51,0.551525,0.534,0.6175,1869.15,3.0
1784465289,eth,1790323200000,7000.0,call,90.94,7.5e-05,,0.0001,1874.07,2032.0
1784465289,eth,1790323200000,11000.0,put,110.93,4.869356,4.643,5.113,1874.07,0.0
1784465289,eth,1790323200000,3300.0,put,59.24,0.76237,0.6935,0.8405,1874.08,3.0
1784465289,eth,1784793600000,1925.0,call,45.29,0.007327,0.007,0.008,1868.25,10.0
1784465289,eth,1806048000000,1000.0,call,66.76,0.498964,0.495,0.503,1907.06,270.0
1784465289,eth,1784620800000,2000.0,call,50.49,0.000381,0.0003,0.0005,1868.25,256.0
1784465289,eth,1784534400000,2200.0,call,67.94,0.0,,0.0001,1868.25,1.0
1784465289,eth,1813910400000,1500.0,call,59.42,0.329589,0.279,0.396,1925.64,50.0
1784465289,eth,1790323200000,8000.0,call,94.35,3.7e-05,,0.0002,1874.07,1092.0
1784465289,eth,1798185600000,6500.0,put,67.79,2.444566,2.311,2.5925,1887.35,0.0
1784465289,eth,1790323200000,4200.0,put,69.36,1.241487,1.155,1.338,1874.08,551.0
1784465289,eth,1806048000000,3600.0,call,56.7,0.025615,0.025,0.0265,1907.06,1749.0
1784465289,eth,1784793600000,1700.0,put,59.54,0.001499,0.0013,0.0017,1868.25,0.0
1784465289,eth,1806048000000,3400.0,put,56.31,0.814221,0.731,0.921,1907.06,8.0
1784465289,eth,1784880000000,1800.0,call,48.44,0.044788,0.041,0.0485,1868.35,1764.0
1784465289,eth,1785484800000,3400.0,put,88.05,0.818925,0.749,0.8945,1869.14,4.0
1784465289,eth,1798185600000,2600.0,call,53.51,0.040648,0.04,0.0415,1887.35,1937.0
1784465289,eth,1785484800000,1950.0,put,45.93,0.059564,0.055,0.064,1869.14,969.0
1784465289,eth,1813910400000,2400.0,call,57.16,0.139814,0.139,0.1415,1925.64,597.0
1784465289,eth,1813910400000,2500.0,put,56.89,0.424664,0.3475,0.529,1925.64,5.0
1784465289,eth,1785484800000,2300.0,call,57.04,0.00091,0.0008,0.001,1869.15,24754.0
1784465289,eth,1787904000000,1750.0,put,49.64,0.036306,0.0355,0.037,1869.59,2536.0
1784465289,eth,1784880000000,1500.0,put,82.44,0.00029,0.0002,0.0004,1868.35,1198.0
1784465289,eth,1798185600000,4200.0,call,58.99,0.004176,0.0038,0.0046,1887.35,3555.0
1784465289,eth,1786089600000,2200.0,call,48.95,0.003804,0.0035,0.0041,1869.13,609.0
1784465289,eth,1784620800000,1600.0,put,86.93,0.000101,,0.0002,1868.25,3351.0
1784465289,eth,1790323200000,8500.0,call,97.73,3.6e-05,,0.0002,1874.08,1253.0
1784465289,eth,1806048000000,5000.0,put,59.62,1.629196,1.523,1.756,1907.06,0.0
1784465289,eth,1790323200000,4500.0,put,72.05,1.401426,1.308,1.504,1874.07,6.0
1784465289,eth,1784707200000,1900.0,call,45.08,0.008763,0.0085,0.0095,1868.25,106.0
1784465289,eth,1787904000000,1400.0,put,62.49,0.006498,0.006,0.007,1869.59,6282.0
1784465289,eth,1806048000000,800.0,call,72.91,0.59321,0.59,0.608,1907.05,0.0
1784465289,eth,1806048000000,4400.0,call,58.42,0.012212,0.0115,0.013,1907.06,1079.0
1784465289,eth,1798185600000,3000.0,put,54.34,0.610142,0.597,0.6225,1887.34,674.0
1784465289,eth,1790323200000,2500.0,put,50.56,0.344822,0.3365,0.3525,1874.07,3173.0
1784465289,eth,1790323200000,13000.0,call,119.8,2.8e-05,,0.0003,1874.07,1873.0
1784465289,eth,1790323200000,7200.0,put,90.95,2.841799,2.693,3.0025,1874.07,0.0
1784465289,eth,1813910400000,1900.0,put,57.76,0.211732,0.2095,0.2145,1925.64,21.0
1784465289,eth,1784534400000,1775.0,call,61.41,0.050319,0.041,0.0885,1868.25,0.0
1784465289,eth,1784707200000,1925.0,put,45.47,0.035785,0.0285,0.0535,1868.25,0.0
1784465289,eth,1785484800000,2650.0,call,72.53,0.000177,0.0001,0.0003,1869.14,2544.0
1784465289,eth,1798185600000,4500.0,call,60.3,0.003087,0.0027,0.0035,1887.34,1648.0
1784465289,eth,1786089600000,1800.0,call,48.24,0.063876,0.0595,0.07,1869.13,100.0
1784465289,eth,1786089600000,1750.0,put,49.71,0.018875,0.018,0.0195,1869.13,262.0
1784465289,eth,1813910400000,1400.0,call,60.12,0.361733,0.3545,0.4255,1925.64,50.0
1784465289,eth,1806048000000,2300.0,call,55.5,0.11336,0.1125,0.115,1907.06,2273.0
1784465289,eth,1785484800000,1300.0,call,88.15,0.305025,0.299,0.331,1869.14,50.0
1784465289,eth,1784793600000,1600.0,call,75.05,0.144178,0.136,0.159,1868.25,0.0
1784465289,eth,1787904000000,1850.0,call,48.07,0.068308,0.0675,0.0695,1869.59,3601.0
1784465289,eth,1790323200000,6400.0,call,86.16,8.4e-05,,0.0002,1874.07,1923.0
1784465289,eth,1806048000000,6000.0,call,62.31,0.004067,0.0038,0.0044,1907.05,3480.0
1784465289,eth,1798185600000,3500.0,put,55.99,0.864106,0.7865,0.9585,1887.35,52.0
1784465289,eth,1785484800000,1450.0,put,74.61,0.001327,0.0012,0.0015,1869.15,5810.0
1784465289,eth,1784880000000,1700.0,call,56.46,0.092126,0.089,0.096,1868.35,313.0
1784465289,eth,1785484800000,1500.0,put,69.75,0.001795,0.0016,0.002,1869.16,12972.0
1784465289,eth,1784534400000,1875.0,put,45.15,0.010386,0.0095,0.011,1868.25,993.0
1784465289,eth,1787904000000,1200.0,call,73.04,0.360637,0.356,0.386,1869.6,51.0
1784465289,eth,1806048000000,3500.0,put,56.48,0.86351,0.779,0.9715,1907.06,5.0
1784465289,eth,1790323200000,3500.0,put,61.42,0.868616,0.8565,0.88,1874.07,1141.0
1784465289,eth,1798185600000,5200.0,call,63.35,0.001717,0.0014,0.0021,1887.34,8599.0
1784465289,eth,1790323200000,6500.0,call,86.6,7.7e-05,,0.0002,1874.07,1337.0
1784465289,eth,1784534400000,2025.0,call,64.6,3.7e-05,,0.0001,1868.25,512.0
1784465289,eth,1785484800000,2550.0,call,68.9,0.000283,0.0002,0.0004,1869.15,1748.0
1784465289,eth,1790323200000,8000.0,put,94.35,3.268638,3.104,3.446,1874.07,0.0
1784465289,eth,1784707200000,2100.0,put,54.52,0.124333,0.112,0.171,1868.25,0.0
1784465289,eth,1784620800000,1825.0,call,49.99,0.028334,0.0225,0.034,1868.25,71.0
1784465289,eth,1790323200000,6800.0,call,89.25,7.6e-05,,0.0002,1874.08,1462.0
1784465289,eth,1806048000000,900.0,call,69.79,0.545609,0.5415,0.5635,1907.06,68.0
1784465289,eth,1798185600000,4600.0,put,60.79,1.44003,1.344,1.551,1887.35,0.0
1784465289,eth,1787904000000,2500.0,call,52.17,0.003754,0.0035,0.004,1869.59,1217.0
1784465289,eth,1790323200000,3600.0,call,62.35,0.000921,0.0007,0.0012,1874.08,2715.0
1784465289,eth,1790323200000,4600.0,put,73.28,1.454768,1.36,1.559,1874.08,38.0
1784465289,eth,1784707200000,1850.0,put,46.75,0.011898,0.0115,0.0125,1868.25,36.0
1784465289,eth,1806048000000,900.0,put,69.79,0.017517,0.017,0.018,1907.05,766.0
1784465289,eth,1813910400000,2600.0,put,56.9,0.465403,0.4535,0.5725,1925.64,0.0
1784465289,eth,1790323200000,15000.0,put,127.3,7.003655,6.6945,7.3365,1874.07,0.0
1784465289,eth,1786089600000,2400.0,put,54.52,0.285098,0.2345,0.341,1869.13,0.0
1784465289,eth,1790323200000,12000.0,put,115.57,5.402931,5.155,5.6695,1874.07,0.0
1784465289,eth,1784620800000,1750.0,put,59.84,0.001052,0.0009,0.0012,1868.25,350.0
1784465289,eth,1785484800000,2150.0,call,50.45,0.002584,0.0024,0.0028,1869.14,8952.0
1784465289,eth,1798185600000,3000.0,call,54.34,0.020663,0.02,0.0215,1887.34,4973.0
1784465289,eth,1798185600000,4200.0,put,58.99,1.229447,1.1405,1.334,1887.35,62.0
1784465289,eth,1784620800000,1775.0,put,55.92,0.001736,0.0016,0.002,1868.25,43.0
1784465289,eth,1806048000000,2100.0,call,55.75,0.145119,0.1435,0.147,1907.05,482.0
1784465289,eth,1806048000000,1300.0,call,60.68,0.370496,0.36,0.375,1907.06,50.0
1784465289,eth,1785484800000,3200.0,call,87.7,1.7e-05,,0.0001,1869.14,4985.0
1784465289,eth,1798185600000,2200.0,put,53.38,0.248055,0.2395,0.255,1887.34,9278.0
1784465289,eth,1785484800000,2350.0,call,59.41,0.000688,0.0006,0.0008,1869.14,7044.0
1784465289,eth,1786089600000,1800.0,put,48.24,0.026855,0.026,0.0275,1869.13,328.0
1784465289,eth,1790323200000,1500.0,call,56.19,0.220535,0.2155,0.225,1874.07,976.0
1784465289,eth,1785484800000,2500.0,put,66.58,0.337787,0.3315,0.3435,1869.15,463.0
1784465289,eth,1787904000000,3000.0,put,60.93,0.605431,0.543,0.675,1869.6,0.0
1784465289,eth,1785484800000,3000.0,call,87.7,7.6e-05,,0.0001,1869.14,3406.0
1784465289,eth,1784620800000,1875.0,call,47.03,0.011437,0.0105,0.012,1868.25,4441.0
1784465289,eth,1784707200000,1775.0,put,52.91,0.003088,0.0029,0.0033,1868.25,72.0
1784465289,eth,1798185600000,2100.0,call,53.48,0.098199,0.097,0.0995,1887.34,1044.0
1784465289,eth,1784620800000,1650.0,put,76.79,0.000184,0.0001,0.0003,1868.25,120.0
1784465289,eth,1784880000000,1850.0,put,46.1,0.016436,0.016,0.017,1868.36,731.0
1784465289,eth,1786089600000,1600.0,call,57.01,0.150698,0.143,0.1835,1869.13,0.0
1784465289,eth,1785484800000,2900.0,call,83.51,9.3e-05,,0.0001,1869.15,13237.0
1784465289,eth,1784620800000,1800.0,call,52.5,0.039432,0.033,0.0665,1868.25,0.0
1784465289,eth,1786089600000,1700.0,call,51.77,0.103799,0.097,0.1365,1869.13,50.0
1784465289,eth,1806048000000,4800.0,call,59.48,0.008973,0.0085,0.0095,1907.06,2887.0
1784465289,eth,1790323200000,3100.0,call,56.75,0.002272,0.002,0.0026,1874.07,2193.0
1784465289,eth,1785484800000,1850.0,call,46.9,0.038856,0.038,0.0395,1869.14,9219.0
1784465289,eth,1790323200000,1600.0,put,53.72,0.031331,0.0305,0.032,1874.07,6198.0
1784465289,eth,1798185600000,3300.0,call,55.42,0.013114,0.0125,0.014,1887.35,1987.0
1784465289,eth,1786089600000,1950.0,call,46.14,0.024476,0.024,0.025,1869.13,285.0
1784465289,eth,1784707200000,1875.0,call,45.54,0.014132,0.014,0.015,1868.25,25.0
1784465289,eth,1787904000000,3400.0,put,67.38,0.81891,0.748,0.897,1869.6,0.0
1784465289,eth,1787904000000,2400.0,call,50.41,0.005508,0.005,0.006,1869.59,11606.0
1784465289,eth,1785484800000,1600.0,call,60.73,0.147545,0.145,0.1515,1869.15,3424.0
1784465289,eth,1787904000000,2400.0,put,50.41,0.289212,0.275,0.3495,1869.59,2.0
1784465289,eth,1784534400000,1750.0,put,69.55,0.000262,0.0002,0.0003,1868.25,273.0
1784465289,eth,1798185600000,1200.0,call,62.96,0.387031,0.383,0.3925,1887.35,341.0
1784465289,eth,1798185600000,3500.0,call,55.99,0.009713,0.009,0.0105,1887.35,24521.0
1784465289,eth,1806048000000,2500.0,put,55.5,0.399781,0.3875,0.4115,1907.06,560.0
1784465289,eth,1798185600000,1200.0,put,62.96,0.022823,0.022,0.0235,1887.35,5465.0
1784465289,eth,1790323200000,4400.0,call,72.05,0.000426,0.0003,0.0005,1874.07,4346.0
1784465289,eth,1784707200000,1775.0,call,52.91,0.052859,0.0465,0.085,1868.25,24.0
1784465289,eth,1784620800000,1950.0,call,47.08,0.001547,0.0014,0.0018,1868.25,2574.0
1784465289,eth,1784534400000,1800.0,put,55.75,0.000888,0.0007,0.001,1868.25,757.0
1784465289,eth,1806048000000,1300.0,put,60.68,0.052141,0.051,0.0535,1907.06,1452.0
1784465289,eth,1813910400000,4500.0,put,58.44,1.361285,1.2575,1.492,1925.63,1.0
1784465289,eth,1798185600000,2700.0,call,53.65,0.034138,0.0335,0.035,1887.35,2404.0
1784465289,eth,1787904000000,1600.0,put,53.67,0.017079,0.0165,0.0175,1869.59,1677.0
1784465289,eth,1784534400000,1725.0,call,71.29,0.076752,0.0675,0.1135,1868.25,0.0
1784465289,eth,1813910400000,1800.0,call,58.05,0.247787,0.241,0.2565,1925.63,1081.0
1784465289,eth,1790323200000,2000.0,call,49.24,0.057813,0.057,0.0585,1874.08,8109.0
1784465289,eth,1784880000000,2100.0,put,51.07,0.124478,0.1125,0.173,1868.35,0.0
1784465289,eth,1798185600000,4500.0,put,60.3,1.387306,1.293,1.4965,1887.35,3.0
1784465289,eth,1784534400000,1925.0,call,48.38,0.000999,0.0009,0.0012,1868.25,578.0
1784465289,eth,1798185600000,2900.0,put,54.05,0.560793,0.491,0.6485,1887.35,174.0
1784465289,eth,1813910400000,2000.0,call,57.49,0.204213,0.2015,0.207,1925.63,1775.0
1784465289,eth,1798185600000,4800.0,put,61.55,1.545504,1.4455,1.66,1887.35,77.0
1784465289,eth,1785484800000,2000.0,call,46.06,0.009995,0.0095,0.0105,1869.15,19330.0
1784465289,eth,1784620800000,2100.0,put,66.32,0.124226,0.1115,0.171,1868.25,0.0
1784465289,eth,1813910400000,3000.0,call,57.0,0.080098,0.078,0.082,1925.64,469.0
1784465289,eth,1798185600000,5000.0,put,62.57,1.651154,1.5475,1.7695,1887.35,2.0
1784465289,eth,1806048000000,3800.0,put,57.02,1.013379,0.9255,1.1245,1907.06,2.0
1784465289,eth,1798185600000,2300.0,put,53.38,0.287799,0.2785,0.2965,1887.35,5194.0
1784465289,eth,1790323200000,6000.0,put,84.23,2.201568,2.0775,2.336,1874.07,0.0
1784465289,eth,1798185600000,2100.0,put,53.48,0.210835,0.207,0.2135,1887.35,1920.0
1784465289,eth,1784534400000,1700.0,put,77.66,5.2e-05,,0.0001,1868.25,869.0
1784465289,eth,1806048000000,2200.0,call,55.58,0.128194,0.127,0.13,1907.06,3037.0
1784465289,eth,1784534400000,1850.0,put,47.16,0.004738,0.0044,0.0049,1868.25,920.0
1784465289,eth,1784620800000,1675.0,call,73.71,0.103682,0.095,0.115,1868.25,0.0
1784465289,eth,1798185600000,3100.0,call,54.68,0.017666,0.017,0.0185,1887.35,1978.0
1784465289,eth,1787904000000,1950.0,call,47.36,0.044453,0.044,0.045,1869.59,3542.0
1784465289,eth,1806048000000,1600.0,call,57.56,0.264945,0.262,0.269,1907.06,943.0
1784465289,eth,1798185600000,3200.0,call,55.03,0.01517,0.0145,0.016,1887.35,67201.0
1784465289,eth,1798185600000,4400.0,call,59.83,0.00339,0.003,0.0038,1887.34,1714.0
1784465289,eth,1806048000000,4000.0,call,57.41,0.017214,0.0165,0.018,1907.06,1825.0
1784465289,eth,1790323200000,7400.0,put,90.95,2.948501,2.796,3.113,1874.07,0.0
1784465289,eth,1784793600000,1750.0,call,53.68,0.066336,0.059,0.095,1868.25,0.0
1784465289,eth,1784620800000,1925.0,call,46.48,0.003214,0.003,0.0036,1868.25,74.0
1784465289,eth,1784620800000,1675.0,put,73.71,0.00031,0.0003,0.0004,1868.25,105.0
1784465289,eth,1787904000000,1300.0,call,67.35,0.308619,0.303,0.337,1869.59,51.0
1784465289,eth,1790323200000,2800.0,put,53.28,0.498546,0.489,0.507,1874.07,1287.0
1784465289,eth,1787904000000,1500.0,call,57.67,0.208107,0.204,0.2125,1869.59,473.0
1784465289,eth,1790323200000,6200.0,call,85.22,9.8e-05,,0.0002,1874.08,2026.0
1784465289,eth,1784880000000,1775.0,call,49.99,0.055665,0.052,0.0595,1868.36,460.0
1784465289,eth,1785484800000,2050.0,call,47.24,0.006261,0.006,0.0065,1869.14,9980.0
1784465289,eth,1784793600000,2100.0,put,54.74,0.124395,0.112,0.173,1868.25,0.0
1784465289,eth,1787904000000,2800.0,put,57.88,0.499108,0.4815,0.5655,1869.6,0.0
1784465289,eth,1806048000000,4600.0,call,58.98,0.010453,0.01,0.011,1907.06,937.0
1784465289,eth,1790323200000,1700.0,put,51.92,0.046388,0.0455,0.047,1874.08,3710.0
1784465289,eth,1806048000000,2000.0,call,55.95,0.164097,0.1625,0.167,1907.06,1201.0
1784465289,eth,1790323200000,5600.0,put,81.34,1.988168,1.873,2.114,1874.07,0.0
1784465289,eth,1790323200000,5500.0,call,81.34,0.000176,0.0001,0.0002,1874.08,1487.0
1784465289,eth,1813910400000,3500.0,call,57.41,0.052365,0.051,0.054,1925.63,840.0
1784465289,eth,1784880000000,1825.0,call,47.18,0.034933,0.0335,0.0385,1868.36,4721.0
1784465289,eth,1813910400000,3600.0,put,57.5,0.917771,0.825,1.0385,1925.64,0.0
1784465289,eth,1790323200000,1700.0,call,51.92,0.13931,0.135,0.1435,1874.07,2630.0
1784465289,eth,1806048000000,1400.0,put,59.34,0.066481,0.065,0.068,1907.06,1476.0
1784465289,eth,1790323200000,7500.0,put,90.95,3.001853,2.8475,3.1685,1874.07,0.0
1784465289,eth,1806048000000,1800.0,put,56.59,0.153141,0.1515,0.155,1907.06,3854.0
1784465289,eth,1790323200000,2200.0,call,49.25,0.029794,0.029,0.0305,1874.07,4761.0
1784465289,eth,1806048000000,3500.0,call,56.48,0.028311,0.0275,0.029,1907.06,4306.0
1784465289,eth,1790323200000,5500.0,put,81.34,1.934839,1.821,2.059,1874.08,1.0
1784465289,eth,1813910400000,1500.0,put,59.42,0.108551,0.1065,0.1105,1925.64,415.0
1784465289,eth,1787904000000,2600.0,put,54.04,0.39333,0.377,0.4565,1869.59,3.0
1784465289,eth,1784707200000,1950.0,put,46.41,0.047012,0.0095,0.092,1868.25,0.0
1784465289,eth,1806048000000,3600.0,put,56.7,0.913248,0.827,1.021,1907.06,1.0
1784465289,eth,1790323200000,2900.0,call,54.39,0.003535,0.0032,0.0039,1874.07,5003.0
1784465289,eth,1806048000000,1900.0,call,56.2,0.185355,0.184,0.1885,1907.05,1363.0
1784465289,eth,1784534400000,2000.0,call,62.95,0.000107,,0.0002,1868.25,815.0
1784465289,eth,1790323200000,5400.0,put,80.21,1.881484,1.7705,2.003,1874.08,4.0
1784465289,eth,1787904000000,3600.0,call,70.73,0.000241,0.0001,0.0005,1869.59,1086.0
1784465289,eth,1790323200000,1900.0,put,49.75,0.09304,0.092,0.094,1874.07,4024.0
1784465289,eth,1790323200000,3400.0,put,60.09,0.815425,0.804,0.8265,1874.07,870.0
1784465289,eth,1806048000000,1900.0,put,56.2,0.181606,0.1795,0.1835,1907.06,805.0
1784465289,eth,1787904000000,3800.0,call,72.79,0.000155,0.0001,0.0003,1869.59,362.0
1784465289,eth,1784707200000,1900.0,put,45.08,0.02591,0.0205,0.0425,1868.25,0.0
1784465289,eth,1784534400000,2200.0,put,67.94,0.17759,0.1325,0.226,1868.25,0.0
1784465289,eth,1790323200000,7400.0,call,90.95,4.4e-05,,0.0002,1874.08,1019.0
1784465289,eth,1790323200000,5200.0,put,78.09,1.77478,1.6675,1.8915,1874.07,3.0
1784465289,eth,1784793600000,1825.0,put,47.52,0.009719,0.0095,0.0105,1868.25,2.0
1784465289,eth,1790323200000,14000.0,put,123.7,6.47008,6.181,6.781,1874.07,0.0
1784465289,eth,1784534400000,1825.0,call,50.49,0.025119,0.0195,0.0315,1868.25,184.0
1784465289,eth,1798185600000,2600.0,put,53.51,0.418197,0.407,0.4285,1887.34,1055.0
1784465289,eth,1790323200000,6400.0,put,86.16,2.414965,2.2835,2.5575,1874.07,0.0
1784465289,eth,1787904000000,2050.0,put,47.37,0.124577,0.116,0.137,1869.59,170.0
1784465289,eth,1790323200000,6600.0,put,87.5,2.521673,2.386,2.669,1874.07,0.0
1784465289,eth,1790323200000,2800.0,call,53.28,0.004535,0.0043,0.0049,1874.07,8024.0
1784465289,eth,1787904000000,1950.0,put,47.36,0.087463,0.0825,0.0915,1869.6,1411.0
1784465289,eth,1798185600000,2900.0,call,54.05,0.024296,0.0235,0.0255,1887.35,1610.0
1784465289,eth,1785484800000,4000.0,call,99.78,1e-06,,0.0001,1869.14,8690.0
1784465289,eth,1784534400000,2000.0,put,62.95,0.070644,0.059,0.116,1868.25,0.0
1784465289,eth,1806048000000,2700.0,put,55.55,0.485579,0.4105,0.585,1907.06,147.0
1784465289,eth,1785484800000,1750.0,put,50.49,0.011998,0.0115,0.0125,1869.14,2938.0
1784465289,eth,1784534400000,1900.0,call,45.74,0.002653,0.0024,0.003,1868.25,1203.0
1784465289,eth,1786089600000,1600.0,put,57.01,0.006679,0.006,0.007,1869.13,176.0
1784465289,eth,1784707200000,1850.0,call,46.76,0.021521,0.021,0.0225,1868.25,42.0
1784465289,eth,1790323200000,3500.0,call,61.42,0.001102,0.0008,0.0014,1874.07,15404.0
1784465289,eth,1790323200000,1800.0,call,50.67,0.106454,0.1055,0.1075,1874.07,2343.0
1784465289,eth,1785484800000,3800.0,call,94.88,1e-06,,0.0001,1869.14,2692.0
1784465289,eth,1784534400000,1900.0,put,45.74,0.019663,0.013,0.025,1868.25,80.0
1784465289,eth,1785484800000,1300.0,put,88.15,0.000495,0.0004,0.0006,1869.15,10691.0
1784465289,eth,1806048000000,3400.0,call,56.31,0.031456,0.0305,0.0325,1907.06,1869.0
1784465289,eth,1785484800000,2000.0,put,46.06,0.079949,0.0755,0.0845,1869.15,3134.0
1784465289,eth,1813910400000,900.0,put,68.0,0.026506,0.0255,0.027,1925.64,585.0
1784465289,eth,1784534400000,1700.0,call,77.66,0.090098,0.0805,0.127,1868.25,0.0
1784465289,eth,1786089600000,1700.0,put,51.77,0.013286,0.0125,0.0135,1869.12,396.0
1784465289,eth,1784707200000,1975.0,call,46.92,0.001706,0.0016,0.002,1868.25,0.0
1784465289,eth,1784534400000,2025.0,put,64.6,0.083956,0.072,0.1295,1868.25,0.0
1784465289,eth,1784793600000,1725.0,call,56.4,0.078797,0.071,0.092,1868.25,0.0
1784465289,eth,1784707200000,1725.0,call,58.92,0.077854,0.07,0.108,1868.25,0.0
1784465289,eth,1813910400000,1300.0,call,61.1,0.396597,0.3515,0.4565,1925.63,108.0
1784465289,eth,1787904000000,1600.0,call,53.67,0.161277,0.1575,0.1655,1869.59,885.0
1784465289,eth,1798185600000,1500.0,call,57.02,0.260297,0.257,0.266,1887.35,753.0
1784465289,eth,1787904000000,1300.0,put,67.35,0.003959,0.0037,0.0039,1869.6,6811.0
1784465289,eth,1787904000000,1450.0,call,59.68,0.232478,0.2265,0.2635,1869.6,51.0
1784465289,eth,1790323200000,5000.0,put,76.15,1.668086,1.5645,1.7805,1874.08,2.0
1784465289,eth,1786089600000,1850.0,call,47.16,0.047791,0.047,0.0485,1869.13,285.0
1784465289,eth,1785484800000,3600.0,call,91.48,2e-06,,0.0001,1869.15,2043.0
1784465289,eth,1798185600000,11000.0,put,81.66,4.82827,4.603,4.843,1887.34,109.0
1784465289,eth,1798185600000,2800.0,call,53.85,0.028772,0.028,0.03,1887.34,5789.0
1784465289,eth,1813910400000,1800.0,put,58.05,0.182541,0.18,0.185,1925.64,294.0
1784465289,eth,1784707200000,2100.0,call,54.52,0.000118,0.0001,0.0002,1868.25,31.0
1784465289,eth,1798185600000,3400.0,put,55.64,0.812617,0.736,0.906,1887.35,89.0
1784465289,eth,1784880000000,1500.0,call,82.44,0.197472,0.1895,0.2235,1868.36,18.0
1784465289,eth,1784620800000,1825.0,put,49.99,0.005257,0.005,0.006,1868.25,1009.0
1784465289,eth,1798185600000,8000.0,put,72.89,3.238976,3.075,3.4185,1887.35,0.0
1784465289,eth,1784620800000,1850.0,put,47.79,0.009034,0.0085,0.0095,1868.25,29.0
1784465289,eth,1787904000000,1800.0,put,48.73,0.046057,0.0455,0.047,1869.6,2419.0
1784465289,eth,1798185600000,1000.0,put,69.22,0.012197,0.0115,0.013,1887.35,19272.0
1784465289,eth,1806048000000,3300.0,put,56.16,0.765392,0.6835,0.871,1907.06,1.0
1784465289,eth,1785484800000,1750.0,call,50.49,0.075789,0.0715,0.0795,1869.14,6842.0
1784465289,eth,1785484800000,2200.0,put,52.55,0.178714,0.173,0.184,1869.14,2338.0
1784465289,eth,1790323200000,14000.0,call,123.7,2.7e-05,,0.0003,1874.07,1212.0
1784465289,eth,1787904000000,2000.0,put,47.36,0.10527,0.0995,0.11,1869.6,453.0
1784465289,eth,1787904000000,3600.0,put,70.73,0.925797,0.8515,1.0075,1869.6,1.0
1784465289,eth,1785484800000,2500.0,call,66.58,0.000345,0.0003,0.0004,1869.14,2518.0
1784465289,eth,1784620800000,1700.0,put,67.63,0.0004,0.0003,0.0005,1868.25,479.0
1784465289,eth,1784620800000,1700.0,call,67.63,0.090389,0.082,0.1155,1868.25,0.0
1784465289,eth,1798185600000,1400.0,call,58.57,0.299709,0.296,0.306,1887.35,946.0
1784465289,eth,1806048000000,2600.0,put,55.51,0.442039,0.4305,0.454,1907.06,626.0
1784465289,eth,1790323200000,4600.0,call,73.28,0.000322,0.0002,0.0005,1874.08,3383.0
1784465289,eth,1806048000000,2800.0,call,55.61,0.062013,0.061,0.0635,1907.06,3057.0
1784465289,eth,1790323200000,10000.0,call,105.8,3e-05,,0.0001,1874.07,1561.0
1784465289,eth,1813910400000,2300.0,call,56.94,0.152587,0.1505,0.155,1925.64,208.0
1784465289,eth,1813910400000,2700.0,call,56.91,0.105078,0.1025,0.107,1925.64,83.0
1784465289,eth,1784707200000,2000.0,call,48.21,0.000975,0.0009,0.0012,1868.25,478.0
1784465289,eth,1787904000000,1900.0,put,47.67,0.071708,0.0705,0.0725,1869.59,1430.0
1784465289,eth,1790323200000,3800.0,put,64.42,1.028267,0.9495,1.1165,1874.07,954.0
1784465289,eth,1790323200000,16000.0,call,130.17,2.4e-05,,0.0003,1874.07,7426.0
1784465289,eth,1798185600000,3300.0,put,55.42,0.761542,0.687,0.854,1887.34,0.0
1784465289,eth,1798185600000,3400.0,call,55.64,0.011207,0.0105,0.012,1887.35,12461.0
1784465289,eth,1785484800000,1400.0,put,79.04,0.000951,0.0008,0.0011,1869.14,9451.0
1784465289,eth,1790323200000,3200.0,call,57.98,0.001873,0.0016,0.0022,1874.07,7794.0
1784465289,eth,1790323200000,6200.0,put,85.22,2.308265,2.18,2.4465,1874.08,0.0
1784465289,eth,1787904000000,1700.0,call,50.74,0.119056,0.115,0.124,1869.59,1001.0
1784465289,eth,1798185600000,2000.0,call,53.74,0.116957,0.116,0.1185,1887.34,3607.0
1784465289,eth,1790323200000,1000.0,put,78.01,0.002914,0.0028,0.0031,1874.07,8875.0
1784465289,eth,1785484800000,1500.0,call,69.75,0.199328,0.1965,0.2025,1869.15,583.0
1784465289,eth,1784880000000,2200.0,call,58.54,0.000179,0.0001,0.0003,1868.36,1508.0
1784465289,eth,1790323200000,1000.0,call,78.01,0.469339,0.4645,0.488,1874.08,124.0
1784465289,eth,1784707200000,1875.0,put,45.54,0.017895,0.0175,0.0185,1868.25,68.0
1784465289,eth,1784707200000,1800.0,put,50.81,0.004951,0.0046,0.0055,1868.25,11.0
1784465289,eth,1784880000000,1900.0,call,44.47,0.013161,0.0125,0.014,1868.35,5556.0
1784465289,eth,1813910400000,3800.0,put,57.73,1.014592,0.9195,1.137,1925.64,0.0
1784465289,eth,1785484800000,1400.0,call,79.04,0.251984,0.2445,0.2765,1869.15,150.0
1784465289,eth,1784793600000,2100.0,call,54.74,0.00039,0.0004,0.0006,1868.25,40.0
1784465289,eth,1798185600000,1800.0,call,54.46,0.163588,0.163,0.1655,1887.35,2478.0
1784465289,eth,1784880000000,2400.0,put,70.46,0.284532,0.235,0.3385,1868.35,0.0
1784465289,eth,1798185600000,800.0,put,76.88,0.006001,0.0055,0.0065,1887.35,5586.0
1784465289,eth,1784534400000,1725.0,put,71.29,9e-05,0.0001,0.0002,1868.25,195.0
1784465289,eth,1784707200000,1700.0,call,61.88,0.090781,0.0825,0.1185,1868.25,0.0
1784465289,eth,1786089600000,2400.0,call,54.52,0.001126,0.001,0.0012,1869.13,17.0
1784465289,eth,1806048000000,4800.0,put,59.48,1.525817,1.4225,1.65,1907.06,0.0
1784465289,eth,1790323200000,5200.0,call,78.09,0.000189,0.0001,0.0003,1874.07,1655.0
1784465289,eth,1785484800000,4200.0,put,102.54,1.246903,1.1605,1.34,1869.15,0.0
1784465289,eth,1787904000000,3400.0,call,67.38,0.000329,0.0002,0.0006,1869.6,432.0
1784465289,eth,1785484800000,2700.0,put,74.22,0.444579,0.438,0.451,1869.15,630.0
1784465289,eth,1785484800000,2600.0,put,71.39,0.391183,0.3755,0.451,1869.14,29.0
1784465289,eth,1813910400000,3000.0,put,57.0,0.638022,0.5525,0.7515,1925.64,58.0
1784465289,eth,1787904000000,2000.0,call,47.36,0.035517,0.0345,0.036,1869.6,2555.0
1784465289,eth,1806048000000,800.0,put,72.91,0.012684,0.012,0.0135,1907.06,439.0
1784465289,eth,1784534400000,2050.0,put,64.6,0.097309,0.085,0.143,1868.25,0.0
1784465289,eth,1798185600000,1500.0,put,57.02,0.055037,0.054,0.0565,1887.35,15798.0
1784465289,eth,1798185600000,2000.0,put,53.74,0.17661,0.1735,0.178,1887.34,9817.0
1784465289,eth,1787904000000,2200.0,put,48.11,0.190399,0.142,0.247,1869.61,170.0
1784465289,eth,1784793600000,2050.0,call,50.33,0.000754,0.0006,0.0009,1868.25,0.0
1784465289,eth,1806048000000,4200.0,call,57.92,0.014445,0.014,0.015,1907.06,2774.0
1784465289,eth,1798185600000,800.0,call,76.88,0.58214,0.5785,0.591,1887.35,171.0
1784465289,eth,1798185600000,5500.0,call,64.39,0.001348,0.001,0.0017,1887.34,1397.0
1784465289,eth,1806048000000,4500.0,call,58.63,0.011213,0.0105,0.012,1907.05,2428.0
1784465289,eth,1798185600000,4000.0,call,58.23,0.005265,0.0049,0.006,1887.34,16351.0
1784465289,eth,1784880000000,1750.0,put,52.05,0.003991,0.0037,0.0042,1868.36,1671.0
1784465289,eth,1784880000000,1650.0,put,61.73,0.001059,0.0009,0.0012,1868.36,4639.0
1784465289,eth,1786089600000,1950.0,put,46.14,0.067703,0.0615,0.0855,1869.13,2.0
1784465289,eth,1784880000000,1550.0,call,74.75,0.170826,0.163,0.195,1868.35,20.0
1784465289,eth,1790323200000,9000.0,put,100.09,3.802208,3.617,4.002,1874.07,0.0
1784465289,eth,1790323200000,1200.0,call,67.97,0.366193,0.3605,0.3725,1874.08,138.0
1784465289,eth,1784880000000,2000.0,put,45.1,0.072778,0.0385,0.119,1868.35,86.0
1784465289,eth,1784707200000,2000.0,put,48.21,0.071656,0.0605,0.117,1868.25,0.0
1784465289,eth,1787904000000,1700.0,put,50.74,0.028345,0.0275,0.029,1869.61,2427.0
1784465289,eth,1784620800000,1725.0,call,63.77,0.077253,0.069,0.104,1868.25,0.0
1784465289,eth,1790323200000,2300.0,put,49.41,0.248287,0.2405,0.2555,1874.07,1212.0
1784465289,eth,1784880000000,1900.0,put,44.47,0.030063,0.0295,0.034,1868.36,627.0
1784465289,eth,1784620800000,1900.0,call,46.22,0.00626,0.006,0.007,1868.25,195.0
1784465289,eth,1813910400000,2100.0,put,57.23,0.275706,0.2695,0.281,1925.64,82.0
1784465289,eth,1798185600000,1000.0,call,69.22,0.48237,0.4785,0.514,1887.35,54.0
1784465289,eth,1798185600000,2800.0,put,53.85,0.512287,0.5,0.524,1887.35,2205.0
1784465289,eth,1790323200000,3000.0,call,55.53,0.002801,0.0025,0.0031,1874.08,13560.0
1784465289,eth,1784880000000,1825.0,put,47.18,0.011694,0.011,0.012,1868.35,5900.0
1784465289,eth,1790323200000,4000.0,put,67.1,1.134873,1.052,1.227,1874.07,140.0
1784465289,eth,1786089600000,2000.0,call,46.2,0.016973,0.0165,0.0175,1869.13,181.0
1784465289,eth,1784620800000,1800.0,put,52.5,0.002973,0.0028,0.0033,1868.25,117.0
1784465289,eth,1786089600000,1400.0,call,71.2,0.253065,0.246,0.2635,1869.13,0.0
1784465289,eth,1784793600000,1875.0,call,45.58,0.016853,0.0165,0.0175,1868.25,1.0
1784465289,eth,1790323200000,6500.0,put,86.6,2.468316,2.334,2.613,1874.08,0.0
1784465289,eth,1798185600000,4400.0,put,59.83,1.334627,1.2425,1.4425,1887.34,20.0
1784465289,eth,1785484800000,3600.0,put,91.48,0.925918,0.852,1.006,1869.14,17.0
1784465289,eth,1784793600000,1950.0,put,45.6,0.048322,0.04,0.0675,1868.25,0.0
1784465289,eth,1785484800000,4000.0,put,99.78,1.139908,1.0575,1.2285,1869.14,0.0
1784465289,eth,1784880000000,1875.0,put,45.24,0.022541,0.022,0.023,1868.35,8891.0
1784465289,eth,1787904000000,2200.0,call,48.11,0.013676,0.013,0.014,1869.59,4754.0
1784465289,eth,1790323200000,3400.0,call,60.09,0.001269,0.001,0.0016,1874.07,6667.0
1784465289,eth,1790323200000,4400.0,put,72.05,1.348157,1.2575,1.449,1874.08,281.0
1784465289,eth,1790323200000,5800.0,put,83.39,2.094879,1.9755,2.2255,1874.08,0.0
1784465289,eth,1787904000000,2350.0,put,49.9,0.263897,0.212,0.3235,1869.59,100.0
1784465289,eth,1813910400000,1200.0,call,62.48,0.434265,0.3925,0.4895,1925.64,50.0
1784465289,eth,1785484800000,1650.0,put,56.96,0.005194,0.0048,0.0055,1869.14,7873.0
1784465289,eth,1798185600000,1300.0,put,60.56,0.030918,0.0305,0.032,1887.34,1304.0
1784465289,eth,1790323200000,2600.0,call,51.3,0.00794,0.0075,0.0085,1874.07,7302.0
1784465289,eth,1784707200000,1975.0,put,46.92,0.059004,0.0185,0.104,1868.25,0.0
1784465289,eth,1784534400000,1825.0,put,50.49,0.001983,0.0017,0.0022,1868.25,2351.0
1784465289,eth,1798185600000,7000.0,put,69.57,2.70933,2.566,2.8675,1887.35,0.0
1784465289,eth,1813910400000,4000.0,call,57.98,0.035402,0.034,0.037,1925.63,4275.0
1784465289,eth,1806048000000,1200.0,put,62.36,0.040422,0.0395,0.0415,1907.06,1005.0
1784465289,eth,1790323200000,7000.0,put,90.94,2.735101,2.5905,2.8915,1874.07,0.0
1784465289,eth,1790323200000,1900.0,call,49.75,0.079248,0.078,0.08,1874.07,1681.0
1784465289,eth,1798185600000,2300.0,call,53.38,0.069198,0.068,0.0705,1887.35,3037.0
1784465289,eth,1784707200000,1600.0,put,74.83,0.000185,0.0001,0.0003,1868.25,562.0
1784465289,eth,1806048000000,1800.0,call,56.59,0.209324,0.2075,0.212,1907.06,3789.0
1784465289,eth,1787904000000,2050.0,call,47.37,0.02808,0.0275,0.0285,1869.59,2746.0
1784465289,eth,1785484800000,1550.0,put,65.05,0.002466,0.0022,0.0027,1869.15,5588.0
1784465289,eth,1784620800000,1750.0,call,59.84,0.064277,0.056,0.093,1868.25,0.0
1784465289,eth,1784793600000,1975.0,put,46.14,0.059931,0.0205,0.1055,1868.25,5.0
1784465289,eth,1784707200000,1750.0,call,55.87,0.065163,0.0575,0.0795,1868.25,0.0
1784465289,eth,1787904000000,1800.0,call,48.73,0.083279,0.0795,0.0875,1869.59,5678.0
1784465289,eth,1784880000000,1400.0,put,95.47,0.000123,,0.0002,1868.35,3771.0
1784465289,eth,1784880000000,2600.0,call,74.83,1e-06,,0.0001,1868.35,0.0
1784465289,eth,1784620800000,1875.0,put,47.03,0.015125,0.0145,0.0155,1868.25,392.0
1784465289,eth,1813910400000,1900.0,call,57.76,0.225047,0.222,0.2275,1925.64,13.0
1784465289,eth,1806048000000,3700.0,call,56.9,0.02317,0.0225,0.024,1907.06,1417.0
1784465289,eth,1806048000000,5000.0,call,59.62,0.007483,0.007,0.008,1907.06,1223.0
1784465289,eth,1806048000000,2000.0,put,55.95,0.212782,0.211,0.215,1907.06,1510.0
1784465289,eth,1784620800000,1950.0,put,47.08,0.045381,0.029,0.0895,1868.25,10.0
1784465289,eth,1790323200000,2100.0,put,49.24,0.162364,0.161,0.168,1874.08,2754.0
1784465289,eth,1806048000000,1200.0,call,62.36,0.411211,0.407,0.4155,1907.06,51.0
1784465289,eth,1785484800000,2450.0,call,63.67,0.000398,0.0003,0.0005,1869.15,5604.0
1784465289,eth,1790323200000,2700.0,put,52.27,0.446608,0.4375,0.455,1874.07,527.0
1784465289,eth,1784793600000,1950.0,call,45.6,0.004605,0.0043,0.0049,1868.25,10.0
1784465289,eth,1806048000000,2500.0,call,55.5,0.088924,0.088,0.0905,1907.06,1687.0
1784465289,eth,1784534400000,1750.0,call,69.55,0.063543,0.029,0.102,1868.25,87.0
1784465289,eth,1784534400000,2100.0,put,64.65,0.124064,0.081,0.17,1868.25,0.0
1784465289,eth,1790323200000,2300.0,call,49.41,0.021064,0.0205,0.0215,1874.07,10493.0
1784465289,eth,1790323200000,1400.0,put,59.43,0.013989,0.0135,0.0145,1874.07,7489.0
1784465289,eth,1806048000000,1500.0,put,58.37,0.083818,0.0825,0.0855,1907.06,4099.0
1784465289,eth,1813910400000,2700.0,put,56.91,0.507209,0.4265,0.6155,1925.64,0.0
1784465289,eth,1813910400000,2900.0,call,56.97,0.087634,0.0855,0.0895,1925.64,0.0
1784465289,eth,1813910400000,1700.0,put,58.38,0.155453,0.1535,0.1575,1925.64,231.0
1784465289,eth,1806048000000,1500.0,call,58.37,0.297304,0.2815,0.331,1907.06,244.0
1784465289,eth,1790323200000,3800.0,call,64.42,0.000681,0.0005,0.0009,1874.08,2006.0
1784465289,eth,1784534400000,1875.0,call,45.15,0.006758,0.0065,0.007,1868.25,2753.0
1784465289,eth,1790323200000,3300.0,call,59.24,0.001571,0.0013,0.0019,1874.08,17690.0
1784465289,eth,1786089600000,2200.0,put,48.95,0.180778,0.169,0.2345,1869.13,0.0
1784465289,eth,1785484800000,2150.0,put,50.45,0.152784,0.147,0.158,1869.15,1097.0
1784465289,eth,1806048000000,3300.0,call,56.16,0.035061,0.0345,0.036,1907.06,1921.0
1784465289,eth,1784793600000,1800.0,call,49.39,0.043178,0.037,0.062,1868.25,0.0
1784465289,eth,1784793600000,2050.0,put,50.33,0.097996,0.055,0.145,1868.25,0.0
1784465289,eth,1790323200000,2200.0,put,49.25,0.203659,0.1965,0.2105,1874.07,5534.0
1784465289,eth,1798185600000,1300.0,call,60.56,0.342143,0.3365,0.3485,1887.35,50.0
1784465289,eth,1790323200000,3200.0,put,57.98,0.709314,0.6985,0.7195,1874.07,1334.0
1784465289,eth,1787904000000,2600.0,call,54.04,0.002651,0.0024,0.0029,1869.59,1055.0
1784465289,eth,1806048000000,3000.0,call,55.81,0.049174,0.0485,0.0505,1907.06,5217.0
1784465289,eth,1786089600000,2100.0,put,46.98,0.131349,0.121,0.1835,1869.13,0.0
1784465289,eth,1784620800000,1925.0,put,46.48,0.033665,0.0255,0.055,1868.25,0.0
1784465289,eth,1790323200000,1200.0,put,67.97,0.006484,0.006,0.007,1874.07,11518.0
1784465289,eth,1798185600000,1900.0,put,54.06,0.145324,0.1435,0.1465,1887.35,2862.0
1784465289,eth,1784707200000,1800.0,call,50.81,0.041339,0.0345,0.057,1868.25,0.0
1784465289,eth,1790323200000,7200.0,call,90.95,5.7e-05,,0.0002,1874.08,1160.0
1784465289,eth,1787904000000,1550.0,call,55.45,0.184175,0.177,0.199,1869.59,167.0
1784465289,eth,1813910400000,3200.0,call,57.12,0.067265,0.0655,0.069,1925.64,224.0
1784465289,eth,1787904000000,3200.0,call,64.69,0.000531,0.0004,0.0007,1869.59,287.0
1784465289,eth,1790323200000,6600.0,call,87.5,7.7e-05,,0.0002,1874.07,1414.0
1784465289,eth,1787904000000,1000.0,call,85.71,0.466096,0.4615,0.474,1869.6,50.0
1784465289,eth,1784793600000,1900.0,put,45.25,0.028269,0.022,0.0415,1868.25,0.0
1784465289,eth,1784793600000,1975.0,call,46.14,0.002831,0.0028,0.0031,1868.25,3.0
1784465289,eth,1786089600000,2100.0,call,46.98,0.007874,0.0075,0.0085,1869.13,14533.0
1784465289,eth,1784620800000,1900.0,put,46.22,0.023331,0.0175,0.028,1868.25,80.0
1784465289,eth,1806048000000,3100.0,call,55.93,0.04388,0.043,0.045,1907.06,1844.0
1784465289,eth,1784620800000,1850.0,call,47.79,0.018728,0.018,0.0195,1868.25,1053.0
1784465289,eth,1784620800000,2100.0,call,66.32,9.5e-05,,0.0001,1868.25,649.0
1784465289,eth,1785484800000,2250.0,call,54.66,0.001233,0.0011,0.0014,1869.14,3207.0
1784465289,eth,1785484800000,1000.0,put,111.11,3.5e-05,,0.0001,1869.15,9463.0
1784465289,eth,1790323200000,2400.0,put,49.85,0.295589,0.2875,0.303,1874.08,2115.0
1784465289,eth,1790323200000,2900.0,put,54.39,0.550903,0.4885,0.6225,1874.07,49.0
1784465289,eth,1790323200000,15000.0,call,127.3,2.7e-05,,0.0002,1874.07,877.0
1784465289,eth,1787904000000,2150.0,put,47.74,0.16735,0.1195,0.2245,1869.59,83.0
1784465289,eth,1790323200000,5600.0,call,81.34,0.000147,0.0001,0.0002,1874.07,6163.0
1784465289,eth,1784880000000,2100.0,call,51.07,0.000534,0.0004,0.0006,1868.36,764.0
1784465289,eth,1806048000000,2700.0,call,55.55,0.069854,0.069,0.0715,1907.06,2590.0
1784465289,eth,1786089600000,2000.0,put,46.2,0.08695,0.079,0.0935,1869.13,0.0
1784465289,eth,1790323200000,3000.0,put,55.53,0.603527,0.5935,0.613,1874.07,7576.0
1784465289,eth,1798185600000,3600.0,put,56.39,0.915863,0.8365,1.0115,1887.34,93.0
1784465289,eth,1790323200000,5000.0,call,76.15,0.00021,0.0001,0.0004,1874.08,4085.0
1784465289,eth,1785484800000,1800.0,put,48.27,0.018628,0.018,0.0195,1869.15,11209.0
1784465289,eth,1787904000000,2250.0,put,48.67,0.214344,0.1645,0.273,1869.59,14.0
1784465289,eth,1813910400000,2200.0,call,57.09,0.168148,0.166,0.171,1925.63,1024.0
1784465289,eth,1798185600000,3600.0,call,56.39,0.008487,0.008,0.009,1887.35,2227.0
1784465289,eth,1784793600000,1775.0,put,51.29,0.004419,0.0042,0.0047,1868.25,10.0
1784465289,eth,1798185600000,9000.0,call,77.17,0.000323,0.0002,0.0005,1887.35,1908.0
1784465289,eth,1813910400000,900.0,call,68.0,0.559129,0.529,0.601,1925.64,2.0
1784465289,eth,1790323200000,2700.0,call,52.27,0.005955,0.0055,0.0065,1874.07,4034.0
1784465289,eth,1790323200000,11000.0,call,110.93,2.9e-05,,0.0002,1874.08,2766.0
1784465289,eth,1784707200000,1600.0,call,74.83,0.14364,0.136,0.1525,1868.25,0.0
1784465289,eth,1787904000000,2100.0,put,47.43,0.145274,0.139,0.151,1869.6,431.0
1784465289,eth,1784707200000,1700.0,put,61.88,0.00086,0.0008,0.0009,1868.25,186.0
1784465289,eth,1790323200000,10000.0,put,105.8,4.335782,4.13,4.558,1874.07,0.0
1784465289,eth,1798185600000,2200.0,call,53.38,0.082436,0.0815,0.0835,1887.35,52619.0
1784465289,eth,1784880000000,1750.0,call,52.05,0.067367,0.0635,0.0715,1868.36,902.0
1784465289,eth,1806048000000,2100.0,put,55.75,0.246238,0.241,0.251,1907.06,486.0
1784465289,eth,1785484800000,1200.0,put,97.07,0.000247,0.0002,0.0003,1869.15,12546.0
1784465289,eth,1785484800000,3400.0,call,88.05,4e-06,,0.0001,1869.14,2540.0
1784465289,eth,1813910400000,2500.0,call,56.89,0.126394,0.124,0.1285,1925.63,2980.0
1784465289,eth,1798185600000,4000.0,put,58.23,1.124571,1.039,1.226,1887.35,223.0
1784465289,eth,1813910400000,800.0,put,70.55,0.019692,0.0185,0.0205,1925.64,110.0
1784465289,eth,1784534400000,2100.0,call,64.65,0.0,,0.0001,1868.25,1.0
1784465289,eth,1806048000000,6000.0,put,62.31,2.150124,2.0255,2.2945,1907.06,1.0
1784465289,eth,1790323200000,3100.0,put,56.75,0.656355,0.591,0.731,1874.07,0.0
1784465289,eth,1798185600000,1600.0,call,55.96,0.224551,0.2215,0.23,1887.35,622.0
1784465289,eth,1806048000000,3100.0,put,55.93,0.669342,0.5895,0.7725,1907.06,99.0
1784465289,eth,1784534400000,2050.0,call,64.6,9e-06,,0.0001,1868.25,2.0
1784465289,eth,1785484800000,3100.0,put,87.7,0.658464,0.5945,0.7285,1869.15,0.0
1784465289,eth,1784620800000,1650.0,call,76.79,0.116939,0.1085,0.129,1868.25,0.0
1784465289,eth,1813910400000,3400.0,put,57.31,0.822493,0.7325,0.941,1925.63,0.0
1784465289,eth,1786089600000,1900.0,put,46.46,0.051141,0.0505,0.052,1869.13,211.0
1784465289,eth,1785484800000,4200.0,call,102.54,0.0,,0.0001,1869.14,1180.0
1784465289,eth,1784707200000,1750.0,put,55.87,0.002009,0.0018,0.0022,1868.25,40.0
1784465289,eth,1790323200000,13000.0,put,119.8,5.936506,5.6685,6.225,1874.07,0.0
1784465289,eth,1798185600000,3800.0,put,57.27,1.019943,0.938,1.118,1887.35,26.0
1784465289,eth,1813910400000,1200.0,put,62.48,0.057434,0.0565,0.0585,1925.63,344.0
1784465289,eth,1785484800000,1700.0,call,53.12,0.098215,0.094,0.102,1869.15,2920.0
1784465289,eth,1784880000000,1600.0,call,68.06,0.144296,0.1365,0.157,1868.35,53.0
1784465289,eth,1790323200000,1300.0,put,63.42,0.009485,0.009,0.01,1874.08,1419.0
1784465289,eth,1790323200000,1400.0,call,59.43,0.266984,0.261,0.2795,1874.07,125.0
1784465289,eth,1787904000000,1450.0,put,59.68,0.008049,0.0075,0.0085,1869.59,5432.0
1784465289,eth,1787904000000,3200.0,put,64.69,0.712136,0.6455,0.786,1869.59,0.0
1784465289,eth,1785484800000,2650.0,put,72.53,0.417866,0.363,0.4785,1869.14,52.0
1784465289,eth,1806048000000,5500.0,call,60.82,0.005315,0.005,0.0055,1907.05,1931.0
1784465289,eth,1790323200000,3600.0,put,62.35,0.921792,0.9095,0.9335,1874.07,539.0
1784465289,eth,1790323200000,1300.0,call,63.42,0.315837,0.31,0.33,1874.08,69.0
1784465289,eth,1784880000000,1850.0,call,46.1,0.02628,0.0255,0.027,1868.35,3248.0
1784465289,eth,1798185600000,1600.0,put,55.96,0.072273,0.0715,0.0735,1887.34,7335.0
1784465289,eth,1784534400000,1925.0,put,48.38,0.031391,0.019,0.074,1868.25,0.0
1784465289,eth,1784880000000,1775.0,put,49.99,0.005671,0.005,0.006,1868.36,2280.0
1784465289,eth,1784620800000,1975.0,call,49.12,0.0008,0.0007,0.001,1868.25,59.0
1784465289,eth,1798185600000,11000.0,call,81.66,0.000178,0.0001,0.0003,1887.35,2141.0
1784465289,eth,1813910400000,1000.0,call,65.75,0.515465,0.481,0.562,1925.64,51.0
1784465289,eth,1813910400000,2300.0,put,56.94,0.346995,0.3345,0.36,1925.64,85.0
1784465289,eth,1785484800000,3100.0,call,87.7,3.6e-05,,0.0001,1869.14,2696.0
1784465289,eth,1785484800000,2550.0,put,68.9,0.364474,0.312,0.4235,1869.14,112.0
1784465289,eth,1787904000000,1500.0,put,57.67,0.010422,0.01,0.011,1869.59,4011.0
1784465289,eth,1784620800000,1775.0,call,55.92,0.051578,0.044,0.06,1868.25,87.0
1784465289,eth,1786089600000,1900.0,call,46.46,0.034663,0.034,0.0355,1869.13,190.0
1784465289,eth,1784793600000,2000.0,call,46.94,0.001731,0.0016,0.002,1868.25,0.0
1784465289,eth,1787904000000,2100.0,call,47.43,0.022033,0.0215,0.0225,1869.6,7069.0
1784465289,eth,1784880000000,1600.0,put,68.06,0.000635,0.0005,0.0008,1868.36,12302.0
1784465289,eth,1813910400000,3200.0,put,57.12,0.72905,0.6415,0.845,1925.64,0.0
1784465289,eth,1790323200000,9000.0,call,100.09,3.1e-05,,0.0004,1874.07,1519.0
1784465289,eth,1813910400000,2100.0,call,57.23,0.185159,0.183,0.188,1925.64,6.0
1784465289,eth,1784534400000,1800.0,call,55.75,0.037405,0.033,0.042,1868.25,469.0
1784465289,eth,1806048000000,3200.0,call,56.07,0.03927,0.0385,0.0405,1907.06,1641.0
1784465289,eth,1785484800000,1800.0,call,48.27,0.055652,0.0515,0.0595,1869.15,13604.0
1784465289,eth,1798185600000,3800.0,call,57.27,0.006602,0.006,0.0075,1887.35,3115.0
1784465289,eth,1790323200000,4800.0,call,75.66,0.000295,0.0002,0.0004,1874.08,1979.0
1784465289,eth,1806048000000,2400.0,call,55.5,0.100416,0.0995,0.102,1907.06,1706.0
1784465289,eth,1806048000000,4000.0,put,57.41,1.114584,1.024,1.228,1907.06,0.0
1784465289,eth,1787904000000,1200.0,put,73.04,0.002489,0.0023,0.0028,1869.6,5894.0
1784465289,eth,1790323200000,4000.0,call,67.1,0.000572,0.0004,0.0008,1874.07,12123.0
1784465289,eth,1790323200000,2100.0,call,49.24,0.041856,0.041,0.0425,1874.07,5228.0
1784465289,eth,1798185600000,2500.0,put,53.4,0.37302,0.362,0.3835,1887.35,1170.0
1784465289,eth,1785484800000,2100.0,put,48.52,0.12736,0.122,0.1325,1869.14,791.0
1784465289,eth,1806048000000,4600.0,put,58.98,1.422429,1.3225,1.544,1907.06,0.0
1784465289,eth,1806048000000,3700.0,put,56.9,0.963238,0.8765,1.073,1907.06,0.0
1784465289,eth,1798185600000,1700.0,call,55.06,0.192148,0.191,0.1945,1887.35,377.0
1784465289,eth,1806048000000,2200.0,put,55.58,0.281748,0.2755,0.2895,1907.06,1687.0
1784465289,eth,1790323200000,6000.0,call,84.23,0.000116,0.0001,0.0002,1874.08,3181.0
1784465289,eth,1787904000000,1650.0,put,52.08,0.022022,0.0215,0.0225,1869.6,1918.0
1784465289,eth,1784707200000,1925.0,call,45.47,0.005255,0.005,0.006,1868.25,46.0
1784465289,eth,1798185600000,3200.0,put,55.03,0.710615,0.696,0.724,1887.34,251.0
1784465289,eth,1790323200000,5400.0,call,80.21,0.000178,0.0001,0.0003,1874.07,1177.0
1784465289,eth,1798185600000,10000.0,call,80.68,0.000281,0.0002,0.0004,1887.35,1675.0
1784465289,eth,1785484800000,1950.0,call,45.93,0.01636,0.0155,0.017,1869.14,8389.0
1784465289,eth,1785484800000,1700.0,put,53.12,0.007685,0.0075,0.0085,1869.16,8378.0
1784465289,eth,1787904000000,3000.0,call,60.93,0.000801,0.0006,0.0009,1869.59,80.0
1784465289,eth,1790323200000,4800.0,put,75.66,1.561456,1.462,1.67,1874.07,110.0
1784465289,eth,1813910400000,2800.0,call,56.94,0.095938,0.094,0.098,1925.64,21.0
1784465289,eth,1787904000000,2150.0,call,47.74,0.017367,0.017,0.018,1869.61,2388.0
1784465289,eth,1798185600000,5500.0,put,64.39,1.915394,1.802,2.0435,1887.35,0.0
1784465289,eth,1784707200000,1725.0,put,58.92,0.001317,0.0012,0.0015,1868.25,165.0
1784465289,eth,1790323200000,4200.0,call,69.36,0.000471,0.0004,0.0007,1874.08,2467.0
1784465289,eth,1787904000000,2500.0,put,52.17,0.340946,0.287,0.4025,1869.6,3.0
1784465289,eth,1813910400000,2800.0,put,56.94,0.55,0.4675,0.66,1925.64,0.0
1784465289,eth,1784880000000,2400.0,call,70.46,2.5e-05,,0.0001,1868.36,503.0
1784465289,eth,1784880000000,2200.0,put,58.54,0.177644,0.132,0.228,1868.36,1.0
1784465289,eth,1787904000000,1850.0,put,48.07,0.05783,0.057,0.059,1869.59,1385.0
1784465289,eth,1813910400000,2600.0,call,56.9,0.115203,0.113,0.1175,1925.64,37.0
1784465289,eth,1813910400000,1300.0,put,61.1,0.071697,0.07,0.0735,1925.64,865.0
1784465289,eth,1806048000000,5500.0,put,60.82,1.889199,1.774,2.0245,1907.06,0.0
1784465289,eth,1806048000000,1400.0,call,59.34,0.332401,0.3135,0.337,1907.06,56.0
1784465289,eth,1784880000000,2000.0,call,45.1,0.002355,0.0022,0.0025,1868.35,5394.0
1784465289,eth,1813910400000,2400.0,put,57.16,0.386153,0.31,0.4885,1925.63,0.0
1784465289,eth,1784793600000,1900.0,call,45.25,0.011313,0.011,0.012,1868.25,0.0
1784465289,eth,1785484800000,2300.0,put,57.04,0.231356,0.2255,0.237,1869.14,2773.0
1784465289,eth,1806048000000,1600.0,put,57.56,0.103893,0.1025,0.1055,1907.06,1551.0
1784465289,eth,1813910400000,3800.0,call,57.73,0.041222,0.0395,0.043,1925.64,0.0
1784465289,eth,1784880000000,1700.0,put,56.46,0.001985,0.0018,0.0021,1868.36,7938.0
1784465289,eth,1784880000000,1950.0,call,44.56,0.005881,0.0055,0.0065,1868.36,6168.0
1784465289,eth,1798185600000,2500.0,call,53.4,0.048453,0.0475,0.049,1887.35,22447.0
1784465289,eth,1785484800000,2400.0,call,61.44,0.000511,0.0004,0.0006,1869.15,10433.0
1784465289,eth,1806048000000,2400.0,put,55.5,0.358838,0.347,0.37,1907.06,357.0
1784465289,eth,1787904000000,2350.0,call,49.9,0.006937,0.0065,0.0075,1869.6,2535.0
1784465289,eth,1787904000000,1550.0,put,55.45,0.013234,0.0125,0.014,1869.6,3092.0
1784465289,eth,1785484800000,2350.0,put,59.41,0.257883,0.252,0.2635,1869.15,538.0
1784465289,eth,1785484800000,1900.0,put,45.91,0.042068,0.0415,0.043,1869.14,3694.0
1784465289,eth,1798185600000,6000.0,put,66.09,2.1799,2.0565,2.3175,1887.35,0.0
1784465289,eth,1806048000000,1700.0,call,56.96,0.235565,0.2345,0.239,1907.06,1337.0
1784465289,eth,1785484800000,2700.0,call,74.22,0.000141,0.0001,0.0002,1869.15,4355.0
1784465289,eth,1784707200000,1950.0,call,46.41,0.003099,0.0031,0.0034,1868.25,82.0
1784465289,eth,1813910400000,1000.0,put,65.75,0.034772,0.0335,0.036,1925.64,4153.0
1784465289,eth,1786089600000,1400.0,put,71.2,0.002048,0.002,0.0021,1869.13,1102.0
1784465289,eth,1790323200000,2000.0,put,49.24,0.124963,0.12,0.13,1874.07,12953.0
1784465289,eth,1787904000000,3800.0,put,72.79,1.032686,0.954,1.1185,1869.59,0.0
1784465289,eth,1784793600000,1825.0,call,47.52,0.032906,0.028,0.0455,1868.25,0.0
1784465289,eth,1798185600000,1400.0,put,58.57,0.041466,0.0405,0.0425,1887.35,13968.0
1784465289,eth,1784620800000,1600.0,call,86.93,0.14362,0.1355,0.1555,1868.25,0.0
1784465289,eth,1787904000000,1900.0,call,47.67,0.055442,0.0545,0.056,1869.59,2616.0
1784465289,eth,1787904000000,2300.0,call,49.02,0.008509,0.008,0.009,1869.6,2099.0
1784465289,eth,1790323200000,1800.0,put,50.67,0.06689,0.066,0.0675,1874.07,3918.0
1784465289,eth,1798185600000,9000.0,put,77.17,3.768763,3.5845,3.97,1887.35,0.0
1784465289,eth,1813910400000,3600.0,call,57.5,0.048263,0.0465,0.05,1925.63,1.0
1784465289,eth,1813910400000,4000.0,put,57.98,1.112634,1.0155,1.238,1925.64,0.0
1784465289,eth,1798185600000,4600.0,call,60.79,0.002827,0.0025,0.0032,1887.35,9040.0
1784465289,eth,1784880000000,1550.0,put,74.75,0.000404,0.0003,0.0005,1868.36,9711.0
1784465289,eth,1798185600000,10000.0,put,80.68,4.298547,4.094,4.522,1887.35,0.0
1784465289,eth,1806048000000,3200.0,put,56.07,0.717167,0.6355,0.822,1907.06,0.0
1784465289,eth,1806048000000,2600.0,call,55.51,0.078748,0.0775,0.08,1907.06,2395.0
1784465289,eth,1784620800000,1725.0,put,63.77,0.000646,0.0005,0.0008,1868.25,283.0
1784465289,eth,1790323200000,2500.0,call,50.56,0.010884,0.0105,0.0115,1874.08,21079.0
1784465289,eth,1784707200000,1825.0,call,48.33,0.030655,0.0255,0.0415,1868.25,0.0
1784465289,eth,1813910400000,1700.0,call,58.38,0.272629,0.2635,0.282,1925.63,654.0
1784465289,eth,1790323200000,2600.0,put,51.3,0.395235,0.3865,0.403,1874.07,8412.0
1784465289,eth,1785484800000,2400.0,put,61.44,0.284455,0.234,0.3405,1869.14,102.0
1784465289,eth,1785484800000,1900.0,call,45.91,0.025613,0.025,0.0265,1869.15,14124.0
1784465289,eth,1787904000000,2300.0,put,49.02,0.238725,0.1885,0.298,1869.59,3.0
1784465289,eth,1784880000000,2600.0,put,74.83,0.391551,0.3375,0.4495,1868.35,0.0
1784465289,eth,1784880000000,1400.0,call,95.47,0.250827,0.2435,0.2605,1868.36,0.0
1784465289,eth,1798185600000,8000.0,call,72.89,0.000364,0.0003,0.0006,1887.34,2427.0
1784465289,eth,1813910400000,1600.0,put,58.86,0.130847,0.1285,0.133,1925.64,1290.0
1784465289,eth,1784620800000,1975.0,put,49.12,0.058017,0.0285,0.1025,1868.25,0.0
1784465289,eth,1784534400000,1975.0,put,55.7,0.057314,0.0455,0.1015,1868.25,0.0
1784465289,eth,1784793600000,2000.0,put,46.94,0.072211,0.031,0.1185,1868.25,0.0
1784465289,eth,1784793600000,1725.0,put,56.4,0.002085,0.0019,0.0023,1868.25,5.0
1784465289,eth,1784534400000,1600.0,call,78.71,0.143571,0.135,0.153,1868.25,0.0
1784465289,eth,1798185600000,3100.0,put,54.68,0.660128,0.588,0.75,1887.34,0.0
1784465289,eth,1798185600000,6500.0,call,67.79,0.000694,0.0005,0.001,1887.34,1765.0
1784465289,eth,1787904000000,1000.0,put,85.71,0.000973,0.0008,0.0012,1869.59,2871.0
1784465289,eth,1785484800000,1850.0,put,46.9,0.028563,0.028,0.0295,1869.15,2430.0
1784465289,eth,1806048000000,3800.0,call,57.02,0.020877,0.02,0.0215,1907.06,1233.0
1784465289,eth,1785484800000,4400.0,call,105.11,0.0,,0.0001,1869.14,988.0
1784465289,eth,1790323200000,1500.0,put,56.19,0.020897,0.02,0.0215,1874.07,11045.0
1784465289,eth,1784793600000,1700.0,call,59.54,0.091591,0.0825,0.101,1868.25,0.0
1784465289,eth,1785484800000,2050.0,put,47.24,0.102963,0.0975,0.108,1869.15,643.0
1784465289,eth,1785484800000,1450.0,call,74.61,0.225611,0.218,0.2375,1869.15,51.0
1784465289,eth,1798185600000,2400.0,put,53.39,0.329535,0.319,0.339,1887.34,1716.0
1784465289,eth,1785484800000,3800.0,put,94.88,1.032913,0.9545,1.1175,1869.15,0.0
1784465289,eth,1806048000000,2300.0,put,55.5,0.319348,0.312,0.328,1907.06,1576.0
1784465289,eth,1806048000000,1700.0,put,56.96,0.126947,0.1255,0.129,1907.06,1458.0
1784465289,eth,1784793600000,1850.0,call,46.39,0.024096,0.0235,0.025,1868.25,0.0
1784465289,eth,1785484800000,1650.0,call,56.96,0.122483,0.1195,0.1265,1869.14,5847.0
1784465289,eth,1790323200000,12000.0,call,115.57,2.8e-05,,0.0002,1874.07,1341.0
1784465289,eth,1813910400000,2900.0,put,56.97,0.593627,0.5095,0.7055,1925.63,0.0
1784465289,eth,1787904000000,1400.0,call,62.49,0.257671,0.251,0.272,1869.6,100.0
1784465289,eth,1784534400000,1950.0,call,52.19,0.0004,0.0003,0.0005,1868.25,241.0
1784465289,eth,1787904000000,2800.0,call,57.88,0.001453,0.0012,0.0017,1869.59,4167.0
1784465289,eth,1806048000000,4200.0,put,57.92,1.216684,1.1225,1.3325,1907.06,5.0
1784465289,eth,1784534400000,1850.0,call,47.16,0.014492,0.0135,0.015,1868.25,635.0
1784465289,eth,1784793600000,1925.0,put,45.29,0.037664,0.0305,0.057,1868.25,0.0
1784465289,eth,1784793600000,1800.0,put,49.39,0.00661,0.0065,0.007,1868.25,11.0
1784465289,eth,1785484800000,1600.0,put,60.73,0.003508,0.0033,0.0038,1869.14,13204.0
1784465289,eth,1790323200000,5800.0,call,83.39,0.000142,0.0001,0.0002,1874.07,4884.0
1784465289,eth,1798185600000,1900.0,call,54.06,0.138653,0.1375,0.1405,1887.35,1199.0
1784465289,eth,1806048000000,1000.0,put,66.76,0.023307,0.0225,0.024,1907.06,7248.0
1784465289,eth,1813910400000,3500.0,put,57.41,0.869942,0.851,0.8885,1925.64,303.0
1784465289,eth,1785484800000,2250.0,put,54.66,0.204931,0.199,0.2105,1869.14,706.0
1784465289,eth,1786089600000,1750.0,call,49.71,0.082645,0.078,0.122,1869.13,50.0
1784465289,eth,1787904000000,1750.0,call,49.64,0.100272,0.0965,0.1045,1869.59,4254.0
1784465289,eth,1784707200000,1825.0,put,48.33,0.007651,0.007,0.008,1868.25,11.0
1784465289,eth,1813910400000,3400.0,call,57.31,0.056847,0.055,0.0585,1925.64,15.0
1784465289,eth,1784793600000,1600.0,put,75.05,0.000563,0.0005,0.0007,1868.25,20.0
1784465289,eth,1806048000000,2800.0,put,55.61,0.530173,0.453,0.63,1907.05,12.0
1784465289,eth,1784793600000,1850.0,put,46.39,0.014287,0.014,0.015,1868.25,2.0
1784465289,eth,1798185600000,2400.0,call,53.39,0.057951,0.057,0.0585,1887.35,11784.0
1784465289,eth,1798185600000,1700.0,put,55.06,0.092854,0.092,0.0945,1887.34,12660.0
1784465289,eth,1790323200000,8500.0,put,97.73,3.535425,3.3605,3.7245,1874.07,0.0
1784465289,eth,1784534400000,1600.0,put,78.71,0.0,,0.0001,1868.25,1362.0
1784465289,eth,1784793600000,1750.0,put,53.68,0.003006,0.0028,0.0032,1868.25,10.0
1784465289,eth,1785484800000,4400.0,put,105.11,1.353898,1.2635,1.4515,1869.14,0.0
1784465289,eth,1790323200000,2400.0,call,49.85,0.015009,0.0145,0.0155,1874.07,7234.0
1784465289,eth,1806048000000,2900.0,call,55.71,0.055193,0.0545,0.0565,1907.05,2102.0
1784465289,eth,1798185600000,6000.0,call,66.09,0.00094,0.0007,0.0013,1887.34,10376.0
1784465289,eth,1785484800000,1000.0,call,111.11,0.465058,0.46,0.473,1869.14,86.0
1784465289,eth,1813910400000,2200.0,put,57.09,0.310625,0.3045,0.3165,1925.64,0.0
1784465289,eth,1787904000000,1650.0,call,52.08,0.139476,0.1355,0.1435,1869.59,1617.0
1784465289,eth,1784620800000,2000.0,put,50.49,0.070981,0.0295,0.1165,1868.25,0.0
1784465289,eth,1784534400000,1950.0,put,52.19,0.044173,0.029,0.088,1868.25,50.0
1784465289,eth,1785484800000,2600.0,call,71.39,0.000243,0.0002,0.0003,1869.14,3665.0
1784465289,eth,1787904000000,1100.0,call,79.15,0.413198,0.408,0.419,1869.6,50.0
1784465289,eth,1784880000000,1650.0,call,61.73,0.11796,0.1095,0.1305,1868.35,4.0
1784465289,eth,1813910400000,800.0,call,70.55,0.604245,0.5785,0.6405,1925.64,114.0
1784465289,eth,1785484800000,1200.0,call,97.07,0.358275,0.3565,0.361,1869.15,284.0
1784465289,eth,1785484800000,2800.0,call,80.67,0.000141,0.0001,0.0002,1869.15,6660.0
