snap_ts,asset,expiry_ms,strike,opt_type,mark_iv,mark_price,bid,ask,underlying_price,open_interest
1784207718,btc,1787904000000,46000.0,put,55.21,0.00242492,0.0023,0.0026,64331.35,495.0
1784207718,btc,1813910400000,80000.0,call,41.74,0.09331377,0.092,0.094,66554.07,60.1
1784207718,btc,1806048000000,140000.0,call,43.93,0.00376037,0.0034,0.0041,65840.88,756.2
1784207718,btc,1786089600000,67000.0,call,32.95,0.01541508,0.015,0.016,64180.37,7.4
1784207718,btc,1785484800000,50000.0,call,55.46,0.22092113,0.2175,0.241,64142.66,3.4
1784207718,btc,1798185600000,62000.0,call,41.7,0.13364179,0.132,0.1345,65154.12,197.6
1784207718,btc,1813910400000,82000.0,call,41.61,0.08545946,0.0845,0.0865,66554.07,22.3
1784207718,btc,1813910400000,110000.0,call,41.45,0.0258389,0.025,0.0265,66550.8,64.4
1784207718,btc,1790323200000,30000.0,call,80.13,0.53649445,0.5355,0.5375,64548.72,107.3
1784207718,btc,1785484800000,108000.0,put,66.12,0.68376042,0.6765,0.7175,64142.66,0.0
1784207718,btc,1813910400000,85000.0,put,41.41,0.35192604,0.3495,0.355,66554.07,4.5
1784207718,btc,1785484800000,73000.0,call,36.28,0.00119332,0.0011,0.0013,64142.66,2095.7
1784207718,btc,1806048000000,108000.0,call,40.81,0.01390134,0.013,0.014,65840.87,57.1
1784207718,btc,1784448000000,67000.0,put,31.83,0.04637942,0.0125,0.085,64038.83,0.0
1784207718,btc,1790323200000,170000.0,call,68.02,7.886e-05,,0.0002,64548.7,359.5
1784207718,btc,1798185600000,60000.0,call,42.4,0.15188841,0.15,0.153,65154.12,789.0
1784207718,btc,1790323200000,190000.0,put,72.81,1.94356476,1.8445,2.051,64548.7,0.0
1784207718,btc,1785484800000,98000.0,call,60.4,9.23e-06,,0.0001,64142.66,1189.3
1784207718,btc,1787904000000,73000.0,call,33.36,0.00823036,0.008,0.0085,64331.31,1176.5
1784207718,btc,1784880000000,64000.0,put,33.25,0.0185308,0.018,0.019,64106.37,130.3
1784207718,btc,1784275200000,63000.0,call,38.38,0.01813332,0.017,0.019,64055.51,965.5
1784207718,btc,1784880000000,56000.0,call,46.8,0.12702746,0.1225,0.151,64106.37,0.1
1784207718,btc,1806048000000,55000.0,put,45.25,0.06983371,0.069,0.0705,65840.88,1354.0
1784207718,btc,1785484800000,84000.0,call,48.37,9.342e-05,,0.0002,64142.66,709.5
1784207718,btc,1784275200000,61000.0,call,49.45,0.04783111,0.0435,0.051,64055.51,193.5
1784207718,btc,1813910400000,150000.0,call,43.57,0.00651826,0.006,0.007,66554.07,82.4
1784207718,btc,1784361600000,65000.0,put,33.86,0.01855774,0.0043,0.021,64038.83,3.7
1784207718,btc,1790323200000,58000.0,call,40.14,0.12941475,0.127,0.131,64548.72,486.8
1784207718,btc,1787904000000,59000.0,put,38.68,0.01957704,0.019,0.02,64331.31,479.0
1784207718,btc,1806048000000,106000.0,put,40.81,0.6255055,0.6215,0.632,65840.88,0.0
1784207718,btc,1787904000000,105000.0,call,52.32,0.00021529,0.0001,0.0004,64331.31,160.5
1784207718,btc,1790323200000,300000.0,put,84.97,3.64765284,3.491,3.8165,64548.72,0.0
1784207718,btc,1787904000000,48000.0,call,52.17,0.25711721,0.254,0.259,64331.31,37.5
1784207718,btc,1784880000000,56000.0,put,46.8,0.00057423,0.0005,0.0006,64106.38,801.3
1784207718,btc,1798185600000,210000.0,put,56.75,2.22330111,2.1145,2.342,65154.12,0.0
1784207718,btc,1790323200000,35000.0,put,70.27,0.00203292,0.0019,0.0021,64548.7,877.1
1784207718,btc,1784361600000,66000.0,put,34.91,0.03156723,0.029,0.036,64038.83,0.0
1784207718,btc,1790323200000,64000.0,put,36.68,0.05993787,0.0595,0.061,64548.72,509.4
1784207718,btc,1790323200000,135000.0,put,59.0,1.0916905,1.021,1.1695,64548.7,11.5
1784207718,btc,1787904000000,56000.0,put,41.57,0.01159343,0.011,0.012,64331.31,702.1
1784207718,btc,1784534400000,70000.0,call,37.9,0.00015118,0.0001,0.0002,64038.83,5.9
1784207718,btc,1798185600000,80000.0,call,38.94,0.03486921,0.0345,0.035,65154.12,7338.4
1784207718,btc,1798185600000,105000.0,put,40.93,0.61709662,0.6125,0.6245,65154.12,109.4
1784207718,btc,1798185600000,200000.0,put,55.34,2.06984672,1.966,2.183,65154.12,0.0
1784207718,btc,1785484800000,115000.0,call,72.75,1.48e-06,,0.0001,64142.66,182.3
1784207718,btc,1784448000000,57000.0,put,56.44,0.00013694,0.0001,0.0002,64038.83,5.1
1784207718,btc,1806048000000,60000.0,call,43.57,0.18625946,0.185,0.187,65840.88,719.9
1784207718,btc,1798185600000,170000.0,put,52.14,1.60966991,1.5215,1.7075,65154.12,0.0
1784207718,btc,1787904000000,63000.0,call,35.75,0.05934134,0.0585,0.06,64331.31,566.0
1784207718,btc,1784275200000,58000.0,put,70.2,9.62e-06,,0.0001,64055.51,1341.4
1784207718,btc,1784275200000,61500.0,put,46.23,0.00022945,0.0002,0.0003,64055.51,46.7
1784207718,btc,1786089600000,68000.0,put,32.82,0.07087962,0.0655,0.075,64180.37,0.0
1784207718,btc,1798185600000,72000.0,call,39.44,0.06522084,0.0645,0.066,65154.12,1114.1
1784207718,btc,1790323200000,78000.0,call,34.71,0.00869252,0.0085,0.009,64548.72,4010.7
1784207718,btc,1798185600000,40000.0,put,56.89,0.01368435,0.0135,0.014,65154.12,3994.1
1784207718,btc,1784534400000,62500.0,call,32.56,0.02889482,0.0255,0.0355,64038.83,0.0
1784207718,btc,1784275200000,66000.0,put,39.81,0.03076738,0.0275,0.036,64055.51,15.1
1784207718,btc,1798185600000,135000.0,call,46.61,0.00140591,0.0013,0.0016,65154.12,1061.9
1784207718,btc,1784448000000,69000.0,call,38.05,0.00015381,0.0001,0.0002,64038.83,27.3
1784207718,btc,1785484800000,81000.0,call,45.74,0.0001855,0.0001,0.0003,64142.66,1464.4
1784207718,btc,1786089600000,64000.0,call,34.36,0.03485884,0.034,0.0355,64180.37,9.9
1784207718,btc,1787904000000,66000.0,put,34.25,0.06144487,0.061,0.0625,64331.31,165.4
1784207718,btc,1785484800000,77000.0,call,41.72,0.00048084,0.0004,0.0006,64142.54,2607.0
1784207718,btc,1786089600000,66000.0,put,33.2,0.04890362,0.048,0.05,64180.37,0.0
1784207718,btc,1798185600000,104000.0,put,40.58,0.60195813,0.596,0.644,65154.12,0.0
1784207718,btc,1784534400000,66500.0,call,30.38,0.00176662,0.0016,0.0019,64038.83,1.1
1784207718,btc,1784880000000,68000.0,call,32.89,0.00261978,0.0025,0.0028,64106.37,1738.4
1784207718,btc,1813910400000,68000.0,put,43.02,0.1782823,0.177,0.18,66554.07,6.1
1784207718,btc,1798185600000,85000.0,put,38.86,0.32781731,0.3245,0.3315,65154.12,548.5
1784207718,btc,1798185600000,84000.0,put,38.85,0.31442261,0.3115,0.318,65154.12,47.0
1784207718,btc,1784275200000,59000.0,put,67.61,4.015e-05,,0.0001,64055.51,732.5
1784207718,btc,1785484800000,85000.0,call,48.56,6.487e-05,,0.0002,64142.66,1273.1
1784207718,btc,1790323200000,84000.0,put,36.37,0.30515173,0.3015,0.3115,64548.72,34.7
1784207718,btc,1806048000000,180000.0,put,48.66,1.73524584,1.642,1.8405,65840.88,0.0
1784207718,btc,1813910400000,72000.0,call,42.47,0.13206053,0.131,0.133,66550.8,7.8
1784207718,btc,1784275200000,52000.0,call,76.93,0.18820385,0.184,0.1915,64055.51,0.1
1784207718,btc,1785484800000,102000.0,put,63.21,0.59022166,0.584,0.6125,64142.54,0.1
1784207718,btc,1784880000000,50000.0,call,66.37,0.22018747,0.2165,0.2235,64106.37,0.0
1784207718,btc,1784275200000,61000.0,put,49.45,0.00013044,0.0001,0.0002,64055.51,375.7
1784207718,btc,1785484800000,92000.0,put,53.45,0.43432628,0.4295,0.4715,64142.66,0.4
1784207718,btc,1784534400000,62000.0,call,33.54,0.03540637,0.0315,0.0605,64038.83,0.0
1784207718,btc,1813910400000,110000.0,put,41.45,0.67870762,0.675,0.6845,66554.07,0.0
1784207718,btc,1790323200000,150000.0,call,64.42,0.00018046,0.0001,0.0003,64548.7,736.8
1784207718,btc,1786089600000,62000.0,put,35.9,0.02003035,0.0195,0.0205,64180.37,0.2
1784207718,btc,1790323200000,165000.0,put,68.01,1.55631921,1.47,1.6505,64548.72,0.0
1784207718,btc,1784534400000,70000.0,put,37.9,0.09257982,0.0565,0.1335,64038.83,0.0
1784207718,btc,1790323200000,60000.0,call,38.77,0.10677713,0.1055,0.108,64548.72,931.9
1784207718,btc,1790323200000,110000.0,put,47.46,0.70460309,0.699,0.714,64548.72,116.3
1784207718,btc,1787904000000,66000.0,call,34.25,0.03550698,0.035,0.036,64331.35,892.4
1784207718,btc,1784448000000,64500.0,put,29.97,0.01417019,0.0135,0.0145,64038.83,4.2
1784207718,btc,1798185600000,130000.0,call,45.5,0.001644,0.0014,0.0018,65154.12,1564.6
1784207718,btc,1790323200000,240000.0,call,74.86,4.82e-06,,0.0001,64548.72,222.5
1784207718,btc,1785484800000,84000.0,put,48.37,0.30968347,0.3055,0.317,64142.54,31.6
1784207718,btc,1806048000000,92000.0,call,40.21,0.03268949,0.032,0.0335,65840.88,117.7
1784207718,btc,1813910400000,58000.0,put,45.11,0.10568935,0.1045,0.107,66550.8,8.0
1784207718,btc,1784448000000,72000.0,put,47.54,0.12380602,0.086,0.1655,64038.83,0.0
1784207718,btc,1785484800000,104000.0,put,63.39,0.6214001,0.6145,0.645,64142.54,0.0
1784207718,btc,1806048000000,96000.0,put,40.29,0.48426762,0.481,0.4885,65840.88,1.5
1784207718,btc,1787904000000,64000.0,put,35.15,0.04531938,0.045,0.046,64331.35,367.9
1784207718,btc,1784448000000,62000.0,call,33.67,0.0342226,0.0043,0.0665,64038.83,0.0
1784207718,btc,1790323200000,115000.0,put,50.32,0.78202126,0.776,0.791,64548.72,90.3
1784207718,btc,1813910400000,74000.0,call,42.23,0.1211083,0.12,0.1225,66554.07,11.8
1784207718,btc,1813910400000,68000.0,call,43.02,0.15650891,0.155,0.1575,66554.07,5.5
1784207718,btc,1784448000000,67500.0,put,33.08,0.05395492,0.0195,0.0935,64038.83,0.0
1784207718,btc,1790323200000,75000.0,call,34.65,0.01410943,0.0135,0.0145,64548.72,3139.7
1784207718,btc,1784275200000,54000.0,call,76.93,0.15698093,0.1535,0.1605,64055.51,0.2
1784207718,btc,1785484800000,105000.0,put,63.57,0.63698978,0.6305,0.662,64142.66,1.1
1784207718,btc,1787904000000,83000.0,put,38.29,0.29166139,0.287,0.3155,64331.31,0.0
1784207718,btc,1806048000000,65000.0,put,42.36,0.13273303,0.132,0.134,65840.88,651.7
1784207718,btc,1784448000000,57000.0,call,56.44,0.11048264,0.0775,0.141,64038.83,0.0
1784207718,btc,1785484800000,66000.0,call,33.08,0.01489761,0.0145,0.015,64142.66,2155.6
1784207718,btc,1784880000000,73000.0,put,40.26,0.13902825,0.135,0.157,64106.37,0.2
1784207718,btc,1798185600000,210000.0,call,56.75,0.0001801,0.0001,0.0003,65154.12,150.4
1784207718,btc,1798185600000,92000.0,call,39.21,0.01340453,0.013,0.0135,65154.12,251.7
1784207718,btc,1784534400000,64500.0,put,30.16,0.01586482,0.015,0.016,64038.83,0.0
1784207718,btc,1790323200000,240000.0,put,74.86,2.71812427,2.5925,2.853,64548.72,0.0
1784207718,btc,1806048000000,90000.0,call,40.19,0.0365329,0.036,0.037,65840.88,508.5
1784207718,btc,1790323200000,95000.0,put,40.97,0.47301105,0.468,0.481,64548.72,147.6
1784207718,btc,1798185600000,86000.0,call,38.9,0.0214699,0.021,0.022,65154.12,293.9
1784207718,btc,1784275200000,67000.0,put,46.07,0.04610581,0.043,0.066,64055.51,9.2
1784207718,btc,1813910400000,90000.0,put,41.26,0.41232806,0.4095,0.4165,66554.07,0.2
1784207718,btc,1785484800000,50000.0,put,55.46,0.00043904,0.0004,0.0005,64142.66,3743.9
1784207718,btc,1806048000000,160000.0,put,46.19,1.43219403,1.349,1.528,65840.87,0.0
1784207718,btc,1798185600000,74000.0,call,39.19,0.05580961,0.055,0.0565,65154.12,91.8
1784207718,btc,1784448000000,59000.0,call,44.67,0.07936246,0.075,0.1115,64038.83,0.0
1784207718,btc,1785484800000,73000.0,put,36.28,0.13928944,0.1355,0.145,64142.66,97.7
1784207718,btc,1786089600000,67000.0,put,32.95,0.05934489,0.057,0.062,64180.37,0.0
1784207718,btc,1790323200000,58000.0,put,40.14,0.02796036,0.0275,0.0285,64548.72,571.6
1784207718,btc,1798185600000,54000.0,call,45.12,0.21519039,0.2135,0.2165,65154.12,33.1
1784207718,btc,1798185600000,200000.0,call,55.34,0.00020766,0.0002,0.0003,65154.12,951.6
1784207718,btc,1784880000000,68000.0,put,32.89,0.06335519,0.061,0.066,64106.37,2.9
1784207718,btc,1784448000000,62500.0,put,32.55,0.00296077,0.0027,0.0032,64038.83,8.3
1784207718,btc,1784880000000,62000.0,put,35.29,0.00789304,0.0075,0.0085,64106.37,132.5
1784207718,btc,1785484800000,46000.0,put,62.76,0.00014094,0.0001,0.0002,64142.66,1693.8
1784207718,btc,1784448000000,62500.0,call,32.55,0.02746263,0.0016,0.0595,64038.83,0.0
1784207718,btc,1785484800000,61000.0,call,36.88,0.05973944,0.058,0.0615,64142.66,962.7
1784207718,btc,1790323200000,320000.0,call,85.42,1.84e-06,,0.0001,64548.72,251.6
1784207718,btc,1813910400000,72000.0,put,42.47,0.21393824,0.2125,0.2155,66554.07,1.0
1784207718,btc,1798185600000,45000.0,call,51.6,0.32962317,0.3275,0.3315,65154.12,54.2
1784207718,btc,1813910400000,70000.0,call,42.72,0.14379342,0.1425,0.145,66550.8,172.3
1784207718,btc,1798185600000,68000.0,put,40.16,0.13189333,0.131,0.133,65154.12,298.9
1784207718,btc,1785484800000,87000.0,call,51.69,5.909e-05,,0.0002,64142.54,347.3
1784207718,btc,1806048000000,98000.0,put,40.37,0.51197684,0.5085,0.518,65840.88,0.2
1784207718,btc,1798185600000,115000.0,put,42.53,0.76815483,0.761,0.81,65154.12,0.6
1784207718,btc,1787904000000,100000.0,put,47.9,0.55467447,0.5485,0.58,64331.31,0.1
1784207718,btc,1785484800000,94000.0,call,55.0,9.41e-06,,0.0001,64142.66,892.6
1784207718,btc,1813910400000,78000.0,put,41.88,0.27388353,0.272,0.2765,66550.8,0.3
1784207718,btc,1786089600000,70000.0,call,32.87,0.00596884,0.0055,0.006,64180.37,4.4
1784207718,btc,1790323200000,84000.0,call,36.37,0.00380992,0.0036,0.004,64548.7,746.2
1784207718,btc,1784448000000,65500.0,call,29.76,0.00288829,0.0027,0.003,64038.83,3.6
1784207718,btc,1784275200000,69000.0,call,47.74,2.26e-06,,0.0001,64055.51,584.7
1784207718,btc,1798185600000,102000.0,put,40.28,0.57204701,0.5655,0.612,65154.12,7.7
1784207718,btc,1785484800000,61000.0,put,36.88,0.01075126,0.0105,0.011,64142.66,752.4
1784207718,btc,1813910400000,120000.0,call,41.7,0.01731512,0.0165,0.018,66550.8,40.5
1784207718,btc,1790323200000,165000.0,call,68.01,0.00011209,,0.0002,64548.72,192.5
1784207718,btc,1787904000000,98000.0,put,47.88,0.52368915,0.5175,0.544,64331.31,0.0
1784207718,btc,1790323200000,65000.0,put,36.26,0.0674152,0.067,0.068,64548.72,720.0
1784207718,btc,1784448000000,65500.0,put,29.76,0.02521034,0.0215,0.0485,64038.83,0.2
1784207718,btc,1785484800000,58000.0,call,41.21,0.10005871,0.098,0.102,64142.66,115.4
1784207718,btc,1784880000000,69000.0,call,33.82,0.00153649,0.0014,0.0017,64106.37,11.9
1784207718,btc,1806048000000,170000.0,put,47.13,1.5835744,1.4955,1.6835,65840.88,0.1
1784207718,btc,1784275200000,63500.0,put,36.95,0.00331693,0.0031,0.0034,64055.53,247.0
1784207718,btc,1785484800000,62000.0,call,35.68,0.04795184,0.047,0.049,64142.54,1553.4
1784207718,btc,1790323200000,160000.0,put,67.42,1.47889055,1.395,1.5705,64548.72,0.6
1784207718,btc,1790323200000,80000.0,put,34.89,0.24567789,0.243,0.2485,64548.72,613.0
1784207718,btc,1784275200000,64500.0,put,35.54,0.01062512,0.01,0.011,64055.51,64.0
1784207718,btc,1784275200000,57000.0,put,70.69,1.37e-06,,0.0001,64055.51,299.3
1784207718,btc,1784534400000,64000.0,call,30.58,0.01302384,0.0125,0.0135,64038.83,26.2
1784207718,btc,1790323200000,180000.0,call,70.84,6.884e-05,,0.0002,64548.72,748.1
1784207718,btc,1806048000000,90000.0,put,40.19,0.40346211,0.4005,0.4085,65840.87,14.0
1784207718,btc,1784534400000,62000.0,put,33.54,0.00298652,0.0028,0.0032,64038.83,102.7
1784207718,btc,1806048000000,54000.0,put,45.7,0.0652663,0.0645,0.066,65840.88,50.4
1784207718,btc,1787904000000,90000.0,call,42.79,0.00064771,0.0005,0.0008,64331.31,34.4
1784207718,btc,1784361600000,56000.0,call,64.16,0.12587417,0.1215,0.1555,64038.83,0.0
1784207718,btc,1785484800000,80000.0,call,44.51,0.0002222,0.0001,0.0003,64142.54,6990.0
1784207718,btc,1806048000000,60000.0,put,43.57,0.09754561,0.0965,0.0985,65840.88,620.1
1784207718,btc,1785484800000,60000.0,call,38.13,0.07244684,0.0705,0.0745,64142.66,1204.2
1784207718,btc,1798185600000,65000.0,call,40.83,0.10917688,0.1085,0.11,65154.12,666.1
1784207718,btc,1785484800000,56000.0,call,43.99,0.12918301,0.1275,0.1315,64142.66,39.4
1784207718,btc,1784448000000,72000.0,call,47.54,3.216e-05,,0.0001,64038.83,0.7
1784207718,btc,1787904000000,53000.0,call,45.38,0.18330089,0.1815,0.185,64331.31,5.9
1784207718,btc,1798185600000,190000.0,call,55.34,0.00033001,0.0002,0.0004,65154.12,989.5
1784207718,btc,1790323200000,105000.0,put,45.03,0.62725947,0.622,0.636,64548.7,104.6
1784207718,btc,1785484800000,60000.0,put,38.13,0.00786855,0.0075,0.0085,64142.66,2597.3
1784207718,btc,1784534400000,71000.0,call,40.77,9.526e-05,,0.0002,64038.83,0.0
1784207718,btc,1798185600000,230000.0,put,60.58,2.53026487,2.411,2.66,65154.12,0.0
1784207718,btc,1790323200000,72000.0,call,34.56,0.0222391,0.0215,0.023,64548.72,2245.9
1784207718,btc,1784361600000,64000.0,call,34.39,0.01007662,0.0095,0.0105,64038.83,6.3
1784207718,btc,1790323200000,130000.0,put,57.21,1.01427113,0.946,1.0895,64548.72,21.4
1784207718,btc,1790323200000,70000.0,put,34.85,0.11464276,0.113,0.116,64548.7,1515.8
1784207718,btc,1806048000000,150000.0,call,45.05,0.00275475,0.0025,0.003,65840.88,1897.1
1784207718,btc,1798185600000,45000.0,put,51.6,0.02029196,0.0195,0.0205,65154.12,2868.7
1784207718,btc,1784275200000,48000.0,call,76.98,0.25064971,0.247,0.253,64055.51,0.0
1784207718,btc,1813910400000,60000.0,call,44.59,0.21665062,0.215,0.218,66550.8,943.0
1784207718,btc,1785484800000,55000.0,put,45.67,0.00166063,0.0016,0.0018,64142.66,942.9
1784207718,btc,1784275200000,66000.0,call,39.81,0.00041074,0.0003,0.0005,64055.51,1124.8
1784207718,btc,1784275200000,62500.0,call,40.26,0.02508666,0.023,0.0275,64055.51,214.8
1784207718,btc,1785484800000,45000.0,call,66.54,0.29857489,0.295,0.3075,64142.54,0.0
1784207718,btc,1784880000000,66000.0,put,32.72,0.03758752,0.036,0.0395,64106.37,21.3
1784207718,btc,1790323200000,220000.0,call,72.81,8.99e-06,,0.0002,64548.7,232.5
1784207718,btc,1806048000000,106000.0,call,40.81,0.01556665,0.015,0.016,65840.88,45.6
1784207718,btc,1787904000000,80000.0,call,36.56,0.00230233,0.0021,0.0025,64331.31,1244.9
1784207718,btc,1790323200000,100000.0,call,43.37,0.00088817,0.0007,0.001,64548.72,3596.6
1784207718,btc,1806048000000,98000.0,call,40.37,0.02354281,0.023,0.024,65840.88,95.3
1784207718,btc,1784275200000,65500.0,call,36.73,0.00076184,0.0006,0.0008,64055.51,149.3
1784207718,btc,1785484800000,92000.0,call,53.45,1.337e-05,,0.0001,64142.66,442.8
1784207718,btc,1784275200000,63500.0,call,36.95,0.01198907,0.011,0.0125,64055.51,163.4
1784207718,btc,1790323200000,60000.0,put,38.77,0.03630687,0.0355,0.037,64548.72,3985.5
1784207718,btc,1786089600000,61000.0,put,36.76,0.01559415,0.015,0.016,64180.37,0.4
1784207718,btc,1798185600000,72000.0,put,39.44,0.1702909,0.169,0.172,65154.12,335.4
1784207718,btc,1806048000000,56000.0,call,44.89,0.22431953,0.222,0.2255,65840.88,16.9
1784207718,btc,1784534400000,71000.0,put,40.77,0.10813324,0.071,0.149,64038.83,0.0
1784207718,btc,1787904000000,62000.0,put,36.44,0.03283282,0.0325,0.0335,64331.31,709.5
1784207718,btc,1785484800000,83000.0,put,48.32,0.29413719,0.2895,0.299,64142.66,29.5
1784207718,btc,1784448000000,64500.0,call,29.97,0.00745611,0.007,0.008,64038.83,1.5
1784207718,btc,1798185600000,56000.0,call,44.13,0.19279927,0.191,0.194,65154.12,40.2
1784207718,btc,1784534400000,65500.0,call,29.83,0.00421415,0.0041,0.0044,64038.83,9.8
1784207718,btc,1790323200000,52000.0,put,45.55,0.01286216,0.0125,0.013,64548.72,1060.5
1784207718,btc,1806048000000,86000.0,put,40.2,0.35188679,0.3495,0.3565,65840.88,1.7
1784207718,btc,1806048000000,40000.0,put,54.05,0.0232896,0.023,0.0235,65840.88,1110.0
1784207718,btc,1806048000000,120000.0,call,42.11,0.00828868,0.008,0.0085,65840.88,316.4
1784207718,btc,1785484800000,77000.0,put,41.72,0.20093839,0.197,0.207,64142.66,249.2
1784207718,btc,1813910400000,140000.0,call,42.89,0.00876952,0.008,0.0095,66554.07,102.3
1784207718,btc,1790323200000,190000.0,call,72.81,5.353e-05,,0.0002,64548.7,772.5
1784207718,btc,1786089600000,62000.0,call,35.9,0.05400574,0.0515,0.056,64180.37,0.0
1784207718,btc,1784448000000,68000.0,put,34.99,0.06164779,0.0565,0.1015,64038.83,0.0
1784207718,btc,1784361600000,68000.0,put,41.76,0.06168435,0.0565,0.1015,64038.83,0.0
1784207718,btc,1806048000000,56000.0,put,44.89,0.07485326,0.074,0.076,65840.88,75.8
1784207718,btc,1813910400000,56000.0,call,45.65,0.25254552,0.2505,0.254,66550.8,3.5
1784207718,btc,1790323200000,64000.0,call,36.68,0.06843935,0.068,0.069,64548.72,223.8
1784207718,btc,1784361600000,68000.0,call,41.76,0.00022649,0.0002,0.0003,64038.83,40.8
1784207718,btc,1787904000000,40000.0,put,64.65,0.00098627,0.0009,0.0011,64331.31,411.7
1784207718,btc,1785484800000,46000.0,call,62.76,0.28298448,0.28,0.2855,64142.66,0.0
1784207718,btc,1784361600000,70000.0,put,48.01,0.09272201,0.087,0.133,64038.83,0.0
1784207718,btc,1785484800000,57000.0,call,42.44,0.11441654,0.1125,0.1165,64142.66,3.8
1784207718,btc,1785484800000,94000.0,put,55.0,0.46550304,0.459,0.486,64142.66,1.3
1784207718,btc,1790323200000,220000.0,put,72.81,2.40828515,2.2935,2.532,64548.7,1.8
1784207718,btc,1798185600000,50000.0,call,47.54,0.26359889,0.262,0.2655,65154.12,260.8
1784207718,btc,1786089600000,75000.0,put,36.3,0.1701003,0.13,0.215,64180.37,0.0
1784207718,btc,1813910400000,84000.0,call,41.5,0.0782177,0.077,0.079,66554.07,2.1
1784207718,btc,1785484800000,56000.0,put,43.99,0.00224304,0.0021,0.0023,64142.66,2076.8
1784207718,btc,1785484800000,88000.0,call,52.22,4.547e-05,,0.0001,64142.66,408.9
1784207718,btc,1790323200000,40000.0,put,61.76,0.00335737,0.0032,0.0035,64548.72,2301.6
1784207718,btc,1790323200000,280000.0,put,81.51,3.33780958,3.191,3.495,64548.72,0.0
1784207718,btc,1784534400000,61000.0,call,35.63,0.0494488,0.045,0.0535,64038.83,0.0
1784207718,btc,1813910400000,88000.0,put,41.33,0.38783286,0.385,0.3915,66550.8,0.0
1784207718,btc,1784880000000,75000.0,call,44.63,0.00018667,0.0001,0.0003,64106.37,164.1
1784207718,btc,1784275200000,65500.0,put,36.73,0.02331276,0.022,0.0255,64055.51,1.4
1784207718,btc,1785484800000,63000.0,put,34.75,0.01964953,0.019,0.02,64142.66,816.6
1784207718,btc,1785484800000,110000.0,put,68.07,0.71494103,0.709,0.724,64142.66,46.2
1784207718,btc,1785484800000,96000.0,call,57.73,9.31e-06,,0.0001,64142.66,291.8
1784207718,btc,1785484800000,102000.0,call,63.21,5.17e-06,,0.0001,64142.66,460.8
1784207718,btc,1806048000000,82000.0,put,40.31,0.30271978,0.301,0.306,65840.88,3.8
1784207718,btc,1798185600000,64000.0,call,41.09,0.11691135,0.116,0.1175,65154.12,379.3
1784207718,btc,1784361600000,62000.0,call,38.11,0.03358273,0.02,0.0375,64038.83,0.0
1784207718,btc,1806048000000,95000.0,put,40.28,0.47058136,0.4675,0.475,65840.87,0.6
1784207718,btc,1785484800000,110000.0,call,68.07,1.68e-06,,0.0001,64142.54,194.2
1784207718,btc,1798185600000,95000.0,call,39.41,0.01062848,0.01,0.011,65154.12,1297.6
1784207718,btc,1784880000000,69000.0,put,33.82,0.0778709,0.0755,0.0805,64106.37,40.0
1784207718,btc,1785484800000,120000.0,put,77.21,0.87084424,0.8625,0.9025,64142.66,4.0
1784207718,btc,1790323200000,95000.0,call,40.97,0.00125543,0.0011,0.0014,64548.72,1849.4
1784207718,btc,1786089600000,64000.0,put,34.36,0.03204553,0.0315,0.0325,64180.37,0.0
1784207718,btc,1790323200000,35000.0,call,70.27,0.45980717,0.4585,0.461,64548.72,29.3
1784207718,btc,1798185600000,240000.0,put,60.58,2.68369136,2.5595,2.819,65154.12,0.0
1784207718,btc,1787904000000,86000.0,put,40.52,0.33788478,0.333,0.374,64331.31,0.0
1784207718,btc,1784361600000,70000.0,call,48.01,4.48e-05,,0.0002,64038.83,2.9
1784207718,btc,1813910400000,105000.0,call,41.29,0.03161543,0.031,0.0325,66554.07,13.8
1784207718,btc,1798185600000,86000.0,put,38.9,0.3414147,0.338,0.345,65154.12,23.4
1784207718,btc,1787904000000,79000.0,call,35.81,0.00263459,0.0024,0.0028,64331.31,88.7
1784207718,btc,1784534400000,67000.0,call,30.99,0.00114692,0.001,0.0013,64038.83,2.3
1784207718,btc,1790323200000,200000.0,call,72.81,2.928e-05,,0.0002,64548.72,1008.2
1784207718,btc,1787904000000,78000.0,put,35.25,0.21558124,0.212,0.247,64331.31,4.1
1784207718,btc,1784534400000,65000.0,call,29.91,0.00635699,0.006,0.0065,64038.83,7.2
1784207718,btc,1806048000000,150000.0,put,45.05,1.2809701,1.202,1.3725,65840.87,0.5
1784207718,btc,1784361600000,55000.0,put,70.83,1.305e-05,,0.0001,64038.83,0.5
1784207718,btc,1784361600000,55000.0,call,70.83,0.14148095,0.11,0.1705,64038.83,0.0
1784207718,btc,1784448000000,67000.0,call,31.83,0.00064541,0.0005,0.0007,64038.83,26.5
1784207718,btc,1790323200000,45000.0,put,53.76,0.0054554,0.005,0.006,64548.72,1955.6
1784207718,btc,1806048000000,110000.0,call,40.99,0.01265339,0.012,0.0135,65840.88,520.6
1784207718,btc,1790323200000,145000.0,call,62.14,0.00018055,0.0001,0.0003,64548.7,495.0
1784207718,btc,1806048000000,125000.0,call,42.34,0.00652138,0.006,0.007,65840.88,117.4
1784207718,btc,1798185600000,150000.0,put,49.04,1.30305876,1.225,1.3905,65154.12,2.1
1784207718,btc,1813910400000,120000.0,put,41.7,0.82044463,0.816,0.8275,66550.8,0.0
1784207718,btc,1784361600000,72000.0,put,51.51,0.12390251,0.0865,0.1655,64038.83,0.0
1784207718,btc,1790323200000,160000.0,call,67.42,0.00014425,0.0001,0.0002,64548.72,1452.2
1784207718,btc,1813910400000,64000.0,put,43.67,0.14612903,0.145,0.1475,66554.07,2.3
1784207718,btc,1784880000000,67000.0,call,32.53,0.00461798,0.0044,0.0047,64106.37,1299.1
1784207718,btc,1813910400000,95000.0,call,41.16,0.04813655,0.047,0.049,66550.8,7.1
1784207718,btc,1798185600000,98000.0,call,39.72,0.00854612,0.008,0.009,65154.12,208.0
1784207718,btc,1785484800000,93000.0,put,54.17,0.4499143,0.444,0.472,64142.66,0.5
1784207718,btc,1798185600000,108000.0,put,41.25,0.66213176,0.656,0.7,65154.12,0.0
1784207718,btc,1784361600000,69000.0,put,47.49,0.07721853,0.0715,0.117,64038.83,0.0
1784207718,btc,1784448000000,66500.0,put,30.76,0.03896345,0.0345,0.054,64038.83,0.0
1784207718,btc,1813910400000,74000.0,put,42.23,0.23303817,0.2315,0.235,66554.07,0.1
1784207718,btc,1787904000000,94000.0,put,45.24,0.46162235,0.457,0.497,64331.35,0.0
1784207718,btc,1790323200000,86000.0,call,37.16,0.00302273,0.0028,0.0032,64548.7,635.4
1784207718,btc,1784361600000,61000.0,call,41.26,0.04832487,0.0145,0.081,64038.83,0.0
1784207718,btc,1798185600000,115000.0,call,42.53,0.00311237,0.0028,0.0034,65154.12,2338.5
1784207718,btc,1785484800000,64000.0,put,34.03,0.02619242,0.0255,0.0265,64142.66,891.7
1784207718,btc,1785484800000,93000.0,call,54.17,1.103e-05,,0.0001,64142.66,106.0
1784207718,btc,1806048000000,140000.0,put,43.93,1.1300947,1.056,1.2175,65840.88,0.0
1784207718,btc,1798185600000,80000.0,put,38.94,0.26272483,0.26,0.266,65154.12,952.0
1784207718,btc,1790323200000,56000.0,put,41.68,0.0214538,0.021,0.022,64548.72,966.6
1784207718,btc,1784275200000,67000.0,call,46.07,0.00013769,0.0001,0.0002,64055.51,320.9
1784207718,btc,1787904000000,50000.0,put,49.26,0.00440352,0.0043,0.0046,64331.35,1327.6
1784207718,btc,1786089600000,55000.0,put,44.3,0.00345992,0.0033,0.0036,64180.37,22.4
1784207718,btc,1785484800000,59000.0,call,39.44,0.08589585,0.084,0.088,64142.66,197.5
1784207718,btc,1806048000000,70000.0,put,41.49,0.17516073,0.174,0.1765,65840.87,83.7
1784207718,btc,1784448000000,66000.0,put,30.09,0.03184839,0.02,0.0375,64038.83,0.0
1784207718,btc,1784361600000,64000.0,put,34.39,0.00909579,0.0085,0.0095,64038.83,10.7
1784207718,btc,1813910400000,86000.0,call,41.4,0.07158148,0.0705,0.0725,66550.8,0.6
1784207718,btc,1785484800000,86000.0,put,49.94,0.34083002,0.336,0.368,64142.66,15.2
1784207718,btc,1784361600000,60000.0,put,44.76,0.00019829,0.0001,0.0003,64038.83,24.6
1784207718,btc,1784448000000,58000.0,call,48.94,0.09487411,0.0615,0.1255,64038.83,0.0
1784207718,btc,1806048000000,64000.0,call,42.55,0.15300094,0.152,0.154,65840.88,35.4
1784207718,btc,1798185600000,82000.0,put,38.84,0.28810151,0.2855,0.2915,65154.12,157.7
1784207718,btc,1787904000000,78000.0,call,35.25,0.00310919,0.0029,0.0033,64331.31,233.1
1784207718,btc,1784275200000,68000.0,put,47.26,0.06160099,0.058,0.078,64055.51,9.5
1784207718,btc,1784534400000,63500.0,call,31.13,0.01759725,0.017,0.018,64038.83,0.0
1784207718,btc,1798185600000,90000.0,put,39.04,0.39692355,0.3935,0.401,65154.12,590.5
1784207718,btc,1785484800000,95000.0,call,56.37,9.35e-06,,0.0001,64142.66,135.8
1784207718,btc,1787904000000,92000.0,call,44.07,0.00053414,0.0004,0.0007,64331.31,45.2
1784207718,btc,1806048000000,50000.0,call,47.45,0.28947657,0.2875,0.291,65840.88,20.5
1784207718,btc,1785484800000,78000.0,put,43.11,0.21644719,0.2125,0.2225,64142.66,445.6
1784207718,btc,1787904000000,79000.0,put,35.81,0.23065115,0.2265,0.254,64331.31,0.3
1784207718,btc,1813910400000,140000.0,put,42.89,1.11242062,1.0365,1.2055,66554.07,0.0
1784207718,btc,1798185600000,180000.0,put,53.47,1.76304457,1.6695,1.866,65154.12,0.0
1784207718,btc,1787904000000,88000.0,put,41.87,0.36876948,0.364,0.3995,64331.31,0.0
1784207718,btc,1784448000000,70000.0,call,43.0,0.00012089,,0.0002,64038.83,0.1
1784207718,btc,1784361600000,62500.0,put,36.66,0.00225491,0.0021,0.0024,64038.83,15.8
1784207718,btc,1785484800000,98000.0,put,60.4,0.52786428,0.5215,0.5515,64142.66,0.1
1784207718,btc,1784275200000,55000.0,put,76.93,6e-08,,0.0001,64055.51,450.4
1784207718,btc,1787904000000,96000.0,put,46.43,0.49263983,0.487,0.523,64331.31,0.1
1784207718,btc,1784448000000,64000.0,call,30.6,0.01120483,0.011,0.0115,64038.83,8.4
1784207718,btc,1787904000000,86000.0,call,40.52,0.00105663,0.0009,0.0012,64331.31,129.8
1784207718,btc,1813910400000,76000.0,call,42.09,0.11124935,0.11,0.112,66550.8,12.6
1784207718,btc,1798185600000,35000.0,put,62.53,0.00895148,0.0085,0.0095,65154.12,2308.1
1784207718,btc,1785484800000,75000.0,put,38.39,0.16994084,0.1665,0.1745,64142.66,226.4
1784207718,btc,1790323200000,150000.0,put,64.42,1.32400512,1.2455,1.41,64548.72,0.7
1784207718,btc,1784880000000,61000.0,call,36.98,0.05355439,0.0515,0.0555,64106.38,12.7
1784207718,btc,1784275200000,56000.0,put,75.47,4.5e-07,,0.0001,64055.51,1406.0
1784207718,btc,1787904000000,57000.0,call,40.57,0.12778195,0.1255,0.1295,64331.31,26.4
1784207718,btc,1806048000000,50000.0,put,47.45,0.04888169,0.048,0.0495,65840.88,2032.0
1784207718,btc,1806048000000,190000.0,call,49.77,0.00115333,0.001,0.0014,65840.88,882.4
1784207718,btc,1784880000000,57000.0,call,44.22,0.11168112,0.108,0.116,64106.37,0.0
1784207718,btc,1785484800000,76000.0,put,40.49,0.18546973,0.1815,0.19,64142.54,456.7
1784207718,btc,1798185600000,110000.0,call,41.65,0.00407149,0.0038,0.0043,65154.12,2643.1
1784207718,btc,1787904000000,48000.0,put,52.17,0.00325386,0.0031,0.0035,64331.35,798.3
1784207718,btc,1785484800000,104000.0,call,63.39,2.89e-06,,0.0001,64142.66,511.1
1784207718,btc,1790323200000,88000.0,put,37.94,0.36572723,0.361,0.392,64548.7,4.8
1784207718,btc,1784275200000,50000.0,call,76.98,0.21942678,0.2155,0.222,64055.51,0.1
1784207718,btc,1806048000000,76000.0,put,40.71,0.23470632,0.233,0.237,65840.88,19.6
1784207718,btc,1790323200000,76000.0,call,34.64,0.01201593,0.0115,0.012,64548.7,1204.7
1784207718,btc,1790323200000,110000.0,call,47.46,0.00046501,0.0004,0.0006,64548.72,1446.0
1784207718,btc,1784275200000,64500.0,call,35.54,0.00368567,0.0034,0.0038,64055.51,45.5
1784207718,btc,1798185600000,82000.0,call,38.84,0.0295495,0.029,0.03,65154.12,454.4
1784207718,btc,1784880000000,64000.0,call,33.25,0.02019128,0.02,0.0205,64106.37,406.1
1784207718,btc,1784448000000,66500.0,call,30.76,0.00103343,0.0008,0.0012,64038.83,36.2
1784207718,btc,1784275200000,70000.0,put,50.06,0.09280287,0.089,0.109,64055.51,0.0
1784207718,btc,1790323200000,55000.0,put,42.6,0.01888093,0.0185,0.0195,64548.72,3158.8
1784207718,btc,1798185600000,130000.0,put,45.5,0.99690939,0.991,1.0135,65154.12,52.1
1784207718,btc,1798185600000,106000.0,call,41.04,0.00517696,0.0048,0.0055,65154.12,283.2
1784207718,btc,1786089600000,60000.0,call,37.79,0.07725806,0.046,0.104,64180.37,0.0
1784207718,btc,1784880000000,73000.0,call,40.26,0.00029764,0.0002,0.0004,64106.37,83.1
1784207718,btc,1784880000000,65000.0,put,32.62,0.02690118,0.026,0.028,64106.37,148.7
1784207718,btc,1798185600000,30000.0,call,69.22,0.54539625,0.544,0.546,65154.12,289.3
1784207718,btc,1798185600000,180000.0,call,53.47,0.00036942,0.0003,0.0006,65154.12,922.6
1784207718,btc,1785484800000,68000.0,put,32.95,0.06724187,0.0645,0.069,64142.66,426.5
1784207718,btc,1790323200000,74000.0,put,34.55,0.16281067,0.16,0.1655,64548.7,110.7
1784207718,btc,1798185600000,106000.0,put,41.04,0.63208567,0.6265,0.6725,65154.12,0.1
1784207718,btc,1787904000000,84000.0,put,38.96,0.30703141,0.3025,0.333,64331.31,0.6
1784207718,btc,1806048000000,88000.0,put,40.17,0.37737716,0.3745,0.381,65840.87,4.4
1784207718,btc,1786089600000,58000.0,call,40.12,0.10357879,0.0995,0.1075,64180.37,0.0
1784207718,btc,1785484800000,89000.0,call,52.22,3.109e-05,,0.0001,64142.54,248.2
1784207718,btc,1784448000000,63500.0,call,31.03,0.01578282,0.015,0.0165,64038.83,0.0
1784207718,btc,1784361600000,63000.0,put,35.72,0.00371473,0.0035,0.0038,64038.83,58.2
1784207718,btc,1784361600000,57000.0,put,58.04,2.21e-05,,0.0001,64038.83,19.8
1784207718,btc,1785484800000,57000.0,put,42.44,0.00306694,0.0029,0.0032,64142.66,361.5
1784207718,btc,1798185600000,62000.0,put,41.7,0.0852299,0.0845,0.086,65154.12,698.3
1784207718,btc,1786089600000,66000.0,call,33.2,0.02055485,0.02,0.021,64180.37,0.6
1784207718,btc,1790323200000,45000.0,call,53.76,0.30830794,0.3055,0.3105,64548.72,153.4
1784207718,btc,1784448000000,60000.0,put,39.92,0.00038924,0.0003,0.0005,64038.83,4.7
1784207718,btc,1785484800000,52000.0,call,51.0,0.18999594,0.1865,0.193,64142.66,0.5
1784207718,btc,1806048000000,200000.0,call,50.11,0.00084981,0.0008,0.001,65840.88,500.6
1784207718,btc,1785484800000,96000.0,put,57.73,0.49668365,0.4905,0.5195,64142.66,0.1
1784207718,btc,1784534400000,59000.0,put,39.77,0.00029672,0.0002,0.0004,64038.83,3.0
1784207718,btc,1798185600000,140000.0,put,47.3,1.14988648,1.0765,1.2325,65154.12,0.2
1784207718,btc,1790323200000,125000.0,put,56.11,0.93691415,0.929,1.01,64548.72,22.7
1784207718,btc,1787904000000,92000.0,put,44.07,0.43062938,0.4255,0.456,64331.31,1.3
1784207718,btc,1786089600000,60000.0,put,37.79,0.01212058,0.0115,0.0125,64180.37,0.4
1784207718,btc,1806048000000,102000.0,put,40.49,0.56812839,0.5645,0.573,65840.88,0.0
1784207718,btc,1787904000000,75000.0,put,34.11,0.17140308,0.169,0.174,64331.31,34.1
1784207718,btc,1806048000000,96000.0,call,40.29,0.02620979,0.0255,0.027,65840.88,119.9
1784207718,btc,1790323200000,98000.0,put,42.51,0.51926102,0.5135,0.55,64548.72,0.1
1784207718,btc,1790323200000,40000.0,call,61.76,0.38367079,0.382,0.385,64548.72,35.3
1784207718,btc,1787904000000,77000.0,call,34.84,0.00376021,0.0035,0.004,64331.31,232.2
1784207718,btc,1813910400000,100000.0,put,41.2,0.54153447,0.538,0.546,66550.8,0.0
1784207718,btc,1790323200000,155000.0,call,66.61,0.00018038,0.0001,0.0175,64548.7,360.8
1784207718,btc,1784361600000,65500.0,put,34.14,0.02472377,0.0225,0.0285,64038.83,0.8
1784207718,btc,1785484800000,45000.0,put,66.54,0.00014099,0.0001,0.0002,64142.54,1115.0
1784207718,btc,1787904000000,82000.0,put,37.83,0.27637828,0.2715,0.291,64331.31,0.0
1784207718,btc,1784534400000,63000.0,call,32.12,0.02304193,0.0205,0.0255,64038.83,0.0
1784207718,btc,1790323200000,68000.0,put,35.26,0.09380244,0.0925,0.095,64548.72,622.9
1784207718,btc,1798185600000,70000.0,put,39.73,0.1502894,0.149,0.152,65154.12,1044.9
1784207718,btc,1784880000000,70000.0,put,35.14,0.09288037,0.089,0.1055,64106.37,0.0
1784207718,btc,1798185600000,125000.0,call,44.4,0.00196054,0.0017,0.0022,65154.12,596.2
1784207718,btc,1784361600000,67000.0,call,38.19,0.00052349,0.0004,0.0006,64038.83,51.6
1784207718,btc,1806048000000,95000.0,call,40.28,0.02771164,0.027,0.0285,65840.87,161.1
1784207718,btc,1813910400000,40000.0,put,53.13,0.03340682,0.033,0.034,66550.8,472.6
1784207718,btc,1798185600000,70000.0,call,39.73,0.07591573,0.075,0.0765,65154.12,997.9
1784207718,btc,1785484800000,79000.0,call,43.77,0.00029471,0.0002,0.0004,64142.66,575.1
1784207718,btc,1798185600000,30000.0,put,69.22,0.00584211,0.0055,0.006,65154.12,2132.3
1784207718,btc,1790323200000,140000.0,call,59.89,0.00018463,0.0002,0.0003,64548.72,1182.1
1784207718,btc,1813910400000,95000.0,put,41.16,0.47561408,0.4725,0.4805,66550.8,20.0
1784207718,btc,1798185600000,100000.0,call,40.08,0.00753839,0.007,0.008,65154.12,3858.8
1784207718,btc,1813910400000,82000.0,put,41.61,0.31759796,0.3155,0.3205,66550.8,0.1
1784207718,btc,1790323200000,180000.0,put,70.84,1.78865843,1.695,1.891,64548.72,7.3
1784207718,btc,1785484800000,74000.0,put,37.44,0.15458677,0.151,0.1605,64142.54,130.7
1784207718,btc,1785484800000,85000.0,put,48.56,0.32524528,0.32,0.346,64142.66,22.2
1784207718,btc,1806048000000,62000.0,put,43.01,0.1106553,0.11,0.1115,65840.88,248.8
1784207718,btc,1784448000000,65000.0,put,29.72,0.01925092,0.016,0.0225,64038.83,3.3
1784207718,btc,1790323200000,102000.0,put,43.8,0.580915,0.575,0.6075,64548.72,0.4
1784207718,btc,1787904000000,59000.0,call,38.68,0.10245074,0.1005,0.1045,64331.31,414.2
1784207718,btc,1784361600000,62000.0,put,38.11,0.00138255,0.0013,0.0015,64038.83,36.4
1784207718,btc,1798185600000,105000.0,call,40.93,0.00553612,0.005,0.006,65154.12,843.1
1784207718,btc,1784880000000,66000.0,call,32.72,0.00805015,0.0075,0.0085,64106.37,1275.9
1784207718,btc,1798185600000,52000.0,call,46.27,0.23886499,0.237,0.2405,65154.12,0.0
1784207718,btc,1798185600000,58000.0,put,43.2,0.06180811,0.061,0.0625,65154.12,2168.3
1784207718,btc,1785484800000,79000.0,put,43.77,0.23193297,0.228,0.238,64142.66,144.8
1784207718,btc,1790323200000,145000.0,put,62.14,1.24654438,1.171,1.33,64548.7,0.2
1784207718,btc,1784275200000,64000.0,put,36.84,0.00637171,0.0055,0.0065,64055.51,324.0
1784207718,btc,1784880000000,70000.0,call,35.14,0.0009469,0.0008,0.0011,64106.37,1452.2
1784207718,btc,1784880000000,55000.0,call,49.11,0.1424403,0.138,0.145,64106.37,0.0
1784207718,btc,1787904000000,105000.0,put,52.32,0.6323892,0.626,0.6615,64331.31,0.0
1784207718,btc,1784361600000,72000.0,call,51.51,5.95e-06,,0.0001,64038.83,0.0
1784207718,btc,1798185600000,94000.0,put,39.41,0.45428953,0.4505,0.4585,65154.12,5.2
1784207718,btc,1785484800000,66000.0,put,33.08,0.04386105,0.0425,0.045,64142.66,426.7
1784207718,btc,1784448000000,61000.0,call,36.5,0.04874303,0.0145,0.081,64038.83,0.0
1784207718,btc,1784534400000,68000.0,call,32.82,0.00051799,0.0004,0.0006,64038.83,0.2
1784207718,btc,1798185600000,220000.0,call,58.71,0.00018002,0.0001,0.0003,65154.12,254.0
1784207718,btc,1806048000000,80000.0,call,40.41,0.06418541,0.0635,0.065,65840.88,908.5
1784207718,btc,1790323200000,175000.0,put,69.12,1.71119773,1.6195,1.8105,64548.72,0.2
1784207718,btc,1784275200000,70000.0,call,50.06,3.6e-07,,0.0001,64055.51,1389.6
1784207718,btc,1813910400000,66000.0,call,43.34,0.17005276,0.169,0.1715,66554.07,22.0
1784207718,btc,1798185600000,56000.0,put,44.13,0.05229821,0.0515,0.053,65154.12,129.4
1784207718,btc,1787904000000,75000.0,call,34.11,0.00556458,0.005,0.006,64331.31,2544.6
1784207718,btc,1790323200000,75000.0,put,34.65,0.17602175,0.173,0.1785,64548.72,2967.9
1784207718,btc,1813910400000,66000.0,put,43.34,0.16177399,0.1605,0.1635,66554.07,28.5
1784207718,btc,1784534400000,63000.0,put,32.12,0.00622862,0.006,0.0065,64038.83,1.5
1784207718,btc,1798185600000,94000.0,call,39.41,0.01155917,0.011,0.012,65154.12,113.1
1784207718,btc,1784275200000,65000.0,call,35.77,0.00172288,0.0014,0.0018,64055.51,1263.9
1784207718,btc,1798185600000,140000.0,call,47.3,0.00113914,0.0009,0.0014,65154.12,1471.2
1784207718,btc,1787904000000,72000.0,call,33.35,0.01031399,0.01,0.0105,64331.31,1885.9
1784207718,btc,1790323200000,90000.0,call,38.73,0.00195211,0.0018,0.0022,64548.72,3030.1
1784207718,btc,1790323200000,56000.0,call,41.68,0.1538926,0.152,0.156,64548.72,12.2
1784207718,btc,1798185600000,76000.0,put,39.05,0.21419379,0.213,0.2165,65154.12,121.0
1784207718,btc,1798185600000,250000.0,call,61.71,0.00011124,,0.0002,65154.12,1253.0
1784207718,btc,1813910400000,85000.0,call,41.41,0.0747093,0.0735,0.075,66554.07,7.0
1784207718,btc,1813910400000,45000.0,put,50.19,0.0470388,0.0465,0.048,66550.8,74.5
1784207718,btc,1790323200000,62000.0,call,37.62,0.08635278,0.0855,0.0875,64548.7,658.6
1784207718,btc,1785484800000,58000.0,put,41.21,0.00429956,0.0043,0.0044,64142.66,1379.4
1784207718,btc,1806048000000,70000.0,call,41.49,0.11199356,0.1115,0.113,65840.88,742.2
1784207718,btc,1786089600000,75000.0,call,36.3,0.00152215,0.0014,0.0016,64180.37,10.5
1784207718,btc,1784880000000,63000.0,put,34.13,0.01226957,0.012,0.0125,64106.37,163.5
1784207718,btc,1813910400000,160000.0,put,44.24,1.40911395,1.325,1.509,66554.07,0.0
1784207718,btc,1785484800000,67000.0,call,32.89,0.01036133,0.01,0.0105,64142.66,1610.6
1784207718,btc,1790323200000,70000.0,call,34.85,0.03019126,0.0295,0.0305,64548.72,1976.7
1784207718,btc,1784361600000,61500.0,call,39.67,0.04085009,0.0365,0.0705,64038.83,0.0
1784207718,btc,1784880000000,55000.0,put,49.11,0.00038803,0.0003,0.0005,64106.37,204.7
1784207718,btc,1784880000000,63000.0,call,34.13,0.02952945,0.0285,0.0305,64106.37,288.8
1784207718,btc,1784275200000,59000.0,call,67.61,0.07896376,0.0755,0.082,64055.51,140.8
1784207718,btc,1787904000000,88000.0,call,41.87,0.0008523,0.0007,0.001,64331.31,177.5
1784207718,btc,1785484800000,82000.0,put,47.75,0.27859202,0.2745,0.285,64142.66,93.8
1784207718,btc,1784361600000,64500.0,put,33.87,0.01327229,0.0125,0.014,64038.83,167.3
1784207718,btc,1790323200000,260000.0,put,78.83,3.02796736,2.8925,3.1745,64548.72,0.0
1784207718,btc,1787904000000,55000.0,put,42.81,0.00986169,0.0095,0.0105,64331.31,499.5
1784207718,btc,1784534400000,68000.0,put,32.82,0.06173455,0.0265,0.1015,64038.83,0.0
1784207718,btc,1787904000000,77000.0,put,34.84,0.20068774,0.1975,0.2035,64331.31,3.4
1784207718,btc,1784448000000,59000.0,put,44.67,0.00023271,0.0002,0.0003,64038.83,3.7
1784207718,btc,1806048000000,85000.0,call,40.21,0.04835389,0.0475,0.049,65840.88,31.6
1784207718,btc,1785484800000,48000.0,put,59.12,0.00025003,0.0002,0.0003,64142.54,1492.3
1784207718,btc,1785484800000,55000.0,call,45.67,0.14419087,0.1405,0.151,64142.66,11.6
1784207718,btc,1784448000000,66000.0,call,30.09,0.00172235,0.0015,0.0019,64038.83,7.4
1784207718,btc,1784361600000,69000.0,call,47.49,0.00015099,0.0001,0.0002,64038.83,72.9
1784207718,btc,1784448000000,69000.0,put,38.05,0.07710375,0.0715,0.117,64038.83,0.0
1784207718,btc,1785484800000,80000.0,put,44.51,0.24745081,0.2435,0.2525,64142.66,385.4
1784207718,btc,1784448000000,68000.0,call,34.99,0.00030581,0.0002,0.0004,64038.83,25.8
1784207718,btc,1806048000000,45000.0,put,50.38,0.03386747,0.0335,0.0345,65840.88,143.6
1784207718,btc,1784534400000,64000.0,put,30.58,0.01181703,0.0115,0.012,64038.83,20.6
1784207718,btc,1798185600000,110000.0,put,41.65,0.69237297,0.6875,0.7005,65154.12,54.1
1784207718,btc,1785484800000,71000.0,put,34.19,0.10915295,0.1065,0.1115,64142.66,109.5
1784207718,btc,1787904000000,67000.0,put,33.94,0.07089768,0.0695,0.0725,64331.31,92.6
1784207718,btc,1806048000000,52000.0,put,46.53,0.05657031,0.056,0.0575,65840.88,89.8
1784207718,btc,1785484800000,115000.0,put,72.75,0.79289262,0.785,0.8205,64142.66,3.4
1784207718,btc,1798185600000,65000.0,put,40.83,0.10680958,0.106,0.108,65154.12,542.5
1784207718,btc,1784361600000,57000.0,call,58.04,0.11027066,0.1055,0.141,64038.83,0.0
1784207718,btc,1785484800000,83000.0,call,48.32,0.0001375,,0.0002,64142.66,1214.3
1784207718,btc,1784880000000,58000.0,call,42.12,0.09652814,0.0925,0.1045,64106.37,0.0
1784207718,btc,1785484800000,69000.0,call,33.11,0.00477922,0.0045,0.0049,64142.66,1964.5
1784207718,btc,1784361600000,60000.0,call,44.76,0.06361783,0.059,0.096,64038.83,0.0
1784207718,btc,1813910400000,130000.0,call,42.36,0.01228861,0.0115,0.013,66550.8,65.2
1784207718,btc,1787904000000,63000.0,put,35.75,0.03864569,0.038,0.0395,64331.31,231.0
1784207718,btc,1787904000000,110000.0,put,55.69,0.71007693,0.703,0.7405,64331.31,0.0
1784207718,btc,1798185600000,40000.0,call,56.89,0.39975654,0.3975,0.401,65154.12,250.8
1784207718,btc,1813910400000,60000.0,put,44.59,0.11821538,0.117,0.1195,66554.07,319.6
1784207718,btc,1784275200000,68000.0,call,47.26,2.141e-05,,0.0001,64055.51,1280.4
1784207718,btc,1798185600000,125000.0,put,44.4,0.92048495,0.9125,0.968,65154.12,8.4
1784207718,btc,1798185600000,135000.0,put,46.61,1.07341228,1.0025,1.154,65154.12,0.6
1784207718,btc,1806048000000,105000.0,call,40.71,0.01630899,0.0155,0.017,65840.88,158.2
1784207718,btc,1784880000000,67000.0,put,32.53,0.04975435,0.0475,0.052,64106.37,0.0
1784207718,btc,1806048000000,100000.0,put,40.42,0.53990218,0.5365,0.544,65840.87,12.1
1784207718,btc,1787904000000,58000.0,put,39.55,0.01640913,0.016,0.017,64331.31,703.9
1784207718,btc,1785484800000,65000.0,call,33.49,0.02089939,0.0205,0.0215,64142.66,2050.0
1784207718,btc,1787904000000,81000.0,put,37.23,0.261104,0.2565,0.285,64331.31,0.1
1784207718,btc,1785484800000,100000.0,put,62.96,0.55904484,0.5535,0.567,64142.54,99.5
1784207718,btc,1785484800000,106000.0,put,64.33,0.65257992,0.646,0.6785,64142.54,0.0
1784207718,btc,1806048000000,110000.0,put,40.99,0.68334465,0.6795,0.6885,65840.88,1.9
1784207718,btc,1813910400000,130000.0,put,42.36,0.96567891,0.961,1.0215,66550.8,0.0
1784207718,btc,1785484800000,54000.0,put,47.43,0.00123841,0.0011,0.0014,64142.66,1456.1
1784207718,btc,1806048000000,52000.0,call,46.53,0.26678899,0.2645,0.268,65840.88,5.1
1784207718,btc,1790323200000,90000.0,put,38.73,0.39624691,0.392,0.4035,64548.72,587.5
1784207718,btc,1813910400000,50000.0,put,47.8,0.0650647,0.064,0.066,66550.8,11.7
1784207718,btc,1790323200000,320000.0,put,85.42,3.95749444,3.79,4.1375,64548.72,0.1
1784207718,btc,1806048000000,68000.0,call,41.8,0.12454379,0.124,0.1255,65840.88,39.5
1784207718,btc,1785484800000,81000.0,put,45.74,0.26300448,0.2585,0.2695,64142.66,114.0
1784207718,btc,1798185600000,52000.0,put,46.27,0.03697115,0.0365,0.0375,65154.12,70.5
1784207718,btc,1784275200000,60000.0,call,55.93,0.06335816,0.059,0.0665,64055.51,210.2
1784207718,btc,1785484800000,88000.0,put,52.22,0.37199695,0.3665,0.3895,64142.66,2.1
1784207718,btc,1790323200000,94000.0,call,40.49,0.00135693,0.0012,0.0015,64548.72,150.5
1784207718,btc,1785484800000,74000.0,call,37.44,0.00090029,0.0008,0.0009,64142.54,677.1
1784207718,btc,1798185600000,96000.0,call,39.66,0.01004028,0.0095,0.01,65154.12,287.8
1784207718,btc,1784534400000,64500.0,call,30.16,0.00926694,0.009,0.0095,64038.83,3.4
1784207718,btc,1784534400000,63500.0,put,31.13,0.00858896,0.008,0.009,64038.83,19.9
1784207718,btc,1787904000000,83000.0,call,38.29,0.00146678,0.0013,0.0016,64331.31,251.1
1784207718,btc,1798185600000,68000.0,call,40.16,0.08821605,0.0875,0.089,65154.12,482.8
1784207718,btc,1813910400000,40000.0,call,53.13,0.43236365,0.4305,0.434,66554.07,0.1
1784207718,btc,1787904000000,74000.0,call,33.59,0.0066686,0.0065,0.007,64331.31,696.6
1784207718,btc,1786089600000,65000.0,put,33.85,0.03996381,0.039,0.0405,64180.37,0.0
1784207718,btc,1790323200000,94000.0,put,40.49,0.45762038,0.4515,0.4885,64548.7,1.3
1784207718,btc,1806048000000,100000.0,call,40.42,0.02109194,0.0205,0.0215,65840.88,544.0
1784207718,btc,1806048000000,68000.0,put,41.8,0.15733475,0.1565,0.159,65840.88,65.4
1784207718,btc,1784275200000,50000.0,put,76.98,0.0,,0.0001,64055.51,443.8
1784207718,btc,1784880000000,50000.0,put,66.37,0.00013994,0.0001,0.0002,64106.37,268.3
1784207718,btc,1813910400000,52000.0,put,46.98,0.0737207,0.0725,0.0745,66554.07,10.7
1784207718,btc,1790323200000,78000.0,put,34.71,0.21708134,0.214,0.22,64548.72,635.6
1784207718,btc,1784448000000,71000.0,put,45.25,0.10822674,0.103,0.1495,64038.83,0.0
1784207718,btc,1784361600000,67000.0,put,38.19,0.04637168,0.013,0.0855,64038.83,0.0
1784207718,btc,1787904000000,67000.0,call,33.94,0.02941528,0.029,0.03,64331.31,815.0
1784207718,btc,1806048000000,125000.0,put,42.34,0.90503418,0.898,0.958,65840.88,0.0
1784207718,btc,1806048000000,115000.0,call,41.4,0.01001239,0.0095,0.0105,65840.88,764.8
1784207718,btc,1806048000000,86000.0,call,40.2,0.04570999,0.045,0.0465,65840.88,111.0
1784207718,btc,1787904000000,46000.0,call,55.21,0.2873773,0.2845,0.292,64331.31,1.0
1784207718,btc,1786089600000,55000.0,call,44.3,0.14650261,0.1425,0.1525,64180.37,0.0
1784207718,btc,1813910400000,80000.0,put,41.74,0.29540011,0.293,0.2985,66554.07,0.3
1784207718,btc,1798185600000,55000.0,put,44.59,0.04794874,0.0475,0.0485,65154.12,994.5
1784207718,btc,1790323200000,98000.0,call,42.51,0.00102891,0.0009,0.0011,64548.7,268.3
1784207718,btc,1786089600000,68000.0,call,32.82,0.01136876,0.011,0.012,64180.37,10.8
1784207718,btc,1813910400000,30000.0,put,61.53,0.0164394,0.016,0.017,66550.8,160.1
1784207718,btc,1790323200000,100000.0,put,43.37,0.5501046,0.5455,0.5585,64548.7,272.4
1784207718,btc,1787904000000,64000.0,call,35.15,0.05047052,0.05,0.051,64331.31,416.5
1784207718,btc,1786089600000,63000.0,put,35.05,0.02543075,0.025,0.026,64180.37,0.0
1784207718,btc,1784361600000,61000.0,put,41.26,0.00051502,0.0004,0.0006,64038.83,34.2
1784207718,btc,1790323200000,102000.0,call,43.8,0.00071423,0.0006,0.0009,64548.72,58.8
1784207718,btc,1787904000000,71000.0,call,33.35,0.01284865,0.0125,0.013,64331.31,932.8
1784207718,btc,1806048000000,102000.0,call,40.49,0.01894195,0.0185,0.0195,65840.88,105.8
1784207718,btc,1786089600000,58000.0,put,40.12,0.00727923,0.007,0.0075,64180.37,55.1
1784207718,btc,1798185600000,78000.0,put,38.95,0.23791811,0.2355,0.2405,65154.12,234.4
1784207718,btc,1787904000000,71000.0,put,33.35,0.1165091,0.114,0.119,64331.31,7.6
1784207718,btc,1813910400000,76000.0,put,42.09,0.25323137,0.251,0.2555,66550.8,0.1
1784207718,btc,1790323200000,80000.0,call,34.89,0.00630474,0.006,0.0065,64548.72,3462.3
1784207718,btc,1813910400000,78000.0,call,41.88,0.10184935,0.1005,0.103,66554.07,3.9
1784207718,btc,1787904000000,58000.0,call,39.55,0.11482735,0.113,0.1165,64331.31,164.0
1784207718,btc,1785484800000,72000.0,put,35.09,0.12409865,0.121,0.1295,64142.66,364.5
1784207718,btc,1813910400000,62000.0,call,44.1,0.20006203,0.1985,0.2015,66550.8,93.7
1784207718,btc,1790323200000,92000.0,put,39.56,0.42688556,0.4215,0.457,64548.72,4.0
1784207718,btc,1806048000000,58000.0,call,44.2,0.20474657,0.203,0.206,65840.88,5.1
1784207718,btc,1806048000000,94000.0,call,40.24,0.02925215,0.0285,0.03,65840.88,123.5
1784207718,btc,1787904000000,53000.0,put,45.38,0.0071601,0.007,0.0075,64331.31,173.9
1784207718,btc,1806048000000,72000.0,call,41.19,0.10045269,0.1,0.1015,65840.88,55.1
1784207718,btc,1813910400000,50000.0,call,47.8,0.31376074,0.312,0.315,66550.8,16.8
1784207718,btc,1798185600000,55000.0,call,44.59,0.203798,0.202,0.205,65154.12,42.8
1784207718,btc,1784534400000,69000.0,put,35.77,0.07711608,0.072,0.1175,64038.83,0.0
1784207718,btc,1790323200000,52000.0,call,45.55,0.20726984,0.205,0.2095,64548.7,75.0
1784207718,btc,1785484800000,90000.0,put,52.25,0.40315346,0.397,0.4245,64142.66,14.9
1784207718,btc,1798185600000,240000.0,call,60.58,0.00012449,0.0001,0.0003,65154.12,875.5
1784207718,btc,1787904000000,69000.0,put,33.45,0.0921833,0.0905,0.094,64331.31,49.5
1784207718,btc,1785484800000,105000.0,call,63.57,2.22e-06,,0.0001,64142.66,516.1
1784207718,btc,1784448000000,73000.0,call,49.56,1.665e-05,,0.0001,64038.83,0.6
1784207718,btc,1806048000000,66000.0,put,42.22,0.14081622,0.14,0.142,65840.88,123.6
1784207718,btc,1798185600000,75000.0,call,39.13,0.0516551,0.051,0.052,65154.12,1312.2
1784207718,btc,1784880000000,54000.0,put,51.98,0.00028616,0.0002,0.0004,64106.37,514.9
1784207718,btc,1784361600000,71000.0,call,49.41,1.497e-05,,0.0001,64038.83,4.0
1784207718,btc,1806048000000,35000.0,put,58.55,0.01594843,0.016,0.0165,65840.88,508.4
1784207718,btc,1784880000000,65000.0,call,32.62,0.01296304,0.0125,0.0135,64106.37,732.4
1784207718,btc,1784361600000,59000.0,call,51.0,0.07915043,0.0745,0.1105,64038.83,0.0
1784207718,btc,1813910400000,30000.0,call,61.53,0.56565702,0.5645,0.5675,66550.8,9.0
1784207718,btc,1785484800000,72000.0,call,35.09,0.00159289,0.0015,0.0017,64142.66,11230.8
1784207718,btc,1787904000000,61000.0,put,37.09,0.0276807,0.027,0.0285,64331.31,545.2
1784207718,btc,1784361600000,63000.0,call,35.72,0.02030524,0.019,0.022,64038.83,0.8
1784207718,btc,1784361600000,65000.0,call,33.86,0.0039289,0.0037,0.0041,64038.83,25.0
1784207718,btc,1790323200000,50000.0,put,47.83,0.01009385,0.01,0.0105,64548.72,3567.8
1784207718,btc,1784361600000,65500.0,call,34.14,0.0022901,0.0021,0.0024,64038.83,13.2
1784207718,btc,1806048000000,64000.0,put,42.55,0.12503949,0.124,0.126,65840.88,132.6
1784207718,btc,1787904000000,61000.0,call,37.09,0.07946538,0.0775,0.0805,64331.31,589.2
1784207718,btc,1785484800000,70000.0,put,33.52,0.09456059,0.092,0.097,64142.66,909.5
1784207718,btc,1806048000000,115000.0,put,41.4,0.75664416,0.7525,0.762,65840.88,0.0
1784207718,btc,1806048000000,35000.0,call,58.55,0.48436485,0.483,0.4855,65840.87,3.8
1784207718,btc,1813910400000,54000.0,put,46.31,0.08347053,0.0825,0.0845,66554.07,10.8
1784207718,btc,1784448000000,60000.0,call,39.92,0.06391102,0.059,0.096,64038.83,0.0
1784207718,btc,1790323200000,140000.0,put,59.89,1.16908764,1.0955,1.2495,64548.72,1.4
1784207718,btc,1784361600000,60500.0,call,43.07,0.05593628,0.051,0.088,64038.83,0.0
1784207718,btc,1785484800000,90000.0,call,52.25,2.127e-05,,0.0001,64142.54,1313.3
1784207718,btc,1785484800000,91000.0,put,52.4,0.41873754,0.4125,0.44,64142.66,0.2
1784207718,btc,1784534400000,69000.0,call,35.77,0.00029356,0.0002,0.0004,64038.83,0.2
1784207718,btc,1787904000000,70000.0,call,33.35,0.01588389,0.0155,0.0165,64331.35,1008.6
1784207718,btc,1806048000000,108000.0,put,40.81,0.6542164,0.65,0.6605,65840.88,0.0
1784207718,btc,1806048000000,180000.0,call,48.66,0.00138742,0.0012,0.0017,65840.88,641.8
1784207718,btc,1806048000000,84000.0,put,40.24,0.3269647,0.3245,0.33,65840.87,5.8
1784207718,btc,1787904000000,76000.0,put,34.42,0.18592829,0.183,0.189,64331.31,5.4
1784207718,btc,1785484800000,78000.0,call,43.11,0.00039928,0.0003,0.0005,64142.66,1077.9
1784207718,btc,1786089600000,65000.0,call,33.85,0.02719608,0.0265,0.028,64180.37,0.0
1784207718,btc,1785484800000,70000.0,call,33.52,0.00323555,0.0031,0.0034,64142.66,17646.9
1784207718,btc,1784534400000,62500.0,put,32.56,0.00427813,0.0041,0.0045,64038.83,1.7
1784207718,btc,1786089600000,61000.0,call,36.76,0.06515059,0.062,0.0675,64180.37,0.0
1784207718,btc,1784534400000,57000.0,put,46.08,8.996e-05,,0.0001,64038.83,20.0
1784207718,btc,1790323200000,120000.0,call,53.11,0.00039382,0.0003,0.0005,64548.72,1157.5
1784207718,btc,1790323200000,170000.0,put,68.02,1.6337468,1.545,1.7305,64548.72,0.0
1784207718,btc,1787904000000,72000.0,put,33.35,0.12951896,0.1265,0.132,64331.31,86.1
1784207718,btc,1784275200000,69000.0,put,47.74,0.0771933,0.0735,0.0885,64055.51,1.2
1784207718,btc,1784534400000,66000.0,call,30.01,0.00274392,0.0025,0.0029,64038.83,0.0
1784207718,btc,1784534400000,60000.0,put,37.84,0.00066962,0.0006,0.0008,64038.83,53.8
1784207718,btc,1806048000000,88000.0,call,40.17,0.04082415,0.04,0.0415,65840.87,58.4
1784207718,btc,1784534400000,57000.0,call,46.08,0.11054093,0.0775,0.1405,64038.83,0.0
1784207718,btc,1806048000000,74000.0,put,40.94,0.21388866,0.2125,0.216,65840.88,53.5
1784207718,btc,1806048000000,170000.0,call,47.13,0.001597,0.0014,0.0019,65840.88,248.1
1784207718,btc,1786089600000,70000.0,put,32.87,0.09664177,0.0885,0.1015,64180.37,0.0
1784207718,btc,1787904000000,73000.0,put,33.36,0.14297984,0.14,0.1455,64331.31,4.7
1784207718,btc,1806048000000,74000.0,call,40.94,0.08996908,0.0895,0.091,65840.88,49.8
1784207718,btc,1798185600000,64000.0,put,41.09,0.09919585,0.0985,0.1,65154.12,228.1
1784207718,btc,1787904000000,84000.0,call,38.96,0.00129228,0.0011,0.0015,64331.31,58.5
1784207718,btc,1806048000000,54000.0,call,45.7,0.24510877,0.243,0.2465,65840.87,0.0
1784207718,btc,1784448000000,71000.0,call,45.25,6.085e-05,,0.0001,64038.83,5.3
1784207718,btc,1784275200000,56000.0,call,75.47,0.12575845,0.1215,0.128,64055.51,6.1
1784207718,btc,1790323200000,115000.0,call,50.32,0.00042236,0.0003,0.0005,64548.7,2248.8
1784207718,btc,1787904000000,60000.0,call,37.92,0.09069907,0.089,0.0925,64331.31,368.4
1784207718,btc,1813910400000,84000.0,put,41.5,0.34040836,0.338,0.3435,66550.8,0.0
1784207718,btc,1806048000000,120000.0,put,42.11,0.83086097,0.824,0.8785,65840.87,1.0
1784207718,btc,1784361600000,56000.0,put,64.16,1.594e-05,,0.0001,64038.83,1.5
1784207718,btc,1784534400000,58000.0,call,42.07,0.09498255,0.0615,0.1255,64038.83,0.0
1784207718,btc,1785484800000,52000.0,put,51.0,0.00069454,0.0006,0.0008,64142.66,2658.6
1784207718,btc,1784275200000,54000.0,put,76.93,1e-08,,0.0001,64055.51,453.9
1784207718,btc,1806048000000,104000.0,put,40.6,0.59663889,0.5925,0.601,65840.88,0.0
1784207718,btc,1784361600000,60500.0,put,43.07,0.00032158,0.0002,0.0004,64038.83,56.5
1784207718,btc,1787904000000,57000.0,put,40.57,0.01381922,0.0135,0.0145,64331.31,544.5
1784207718,btc,1806048000000,94000.0,put,40.24,0.45693377,0.4535,0.4625,65840.88,9.0
1784207718,btc,1798185600000,100000.0,put,40.08,0.54235792,0.5385,0.5465,65154.12,303.1
1784207718,btc,1798185600000,75000.0,put,39.13,0.20276974,0.2015,0.205,65154.12,888.9
1784207718,btc,1787904000000,70000.0,put,33.35,0.10399983,0.1015,0.106,64331.31,105.7
1784207718,btc,1787904000000,60000.0,put,37.92,0.02336987,0.023,0.024,64331.31,1042.4
1784207718,btc,1784880000000,60000.0,put,38.57,0.00321242,0.0032,0.0033,64106.37,1002.5
1784207718,btc,1790323200000,130000.0,call,57.21,0.00028976,0.0002,0.0004,64548.72,1433.9
1784207718,btc,1806048000000,76000.0,call,40.71,0.08041054,0.08,0.081,65840.88,354.2
1784207718,btc,1785484800000,95000.0,put,56.37,0.48109333,0.4745,0.501,64142.54,0.5
1784207718,btc,1790323200000,92000.0,call,39.56,0.00160644,0.0014,0.0018,64548.7,486.2
1784207718,btc,1790323200000,125000.0,call,56.11,0.0003936,0.0003,0.0005,64548.7,2269.7
1784207718,btc,1784448000000,58000.0,put,48.94,0.00013639,0.0001,0.0002,64038.83,5.0
1784207718,btc,1784361600000,63500.0,put,35.05,0.00595721,0.0055,0.006,64038.83,11.9
1784207718,btc,1785484800000,91000.0,call,52.4,1.499e-05,,0.0001,64142.66,283.3
1784207718,btc,1798185600000,120000.0,put,43.41,0.84420879,0.839,0.853,65154.12,35.5
1784207718,btc,1787904000000,56000.0,call,41.57,0.14110068,0.139,0.143,64331.31,9.2
1784207718,btc,1813910400000,70000.0,put,42.72,0.19561897,0.194,0.1975,66554.07,5.6
1784207718,btc,1798185600000,220000.0,put,58.71,2.37678299,2.2625,2.501,65154.12,0.0
1784207718,btc,1784448000000,63000.0,call,31.99,0.02134434,0.0185,0.033,64038.83,0.0
1784207718,btc,1806048000000,65000.0,call,42.36,0.14550638,0.1445,0.1465,65840.88,211.9
1784207718,btc,1806048000000,130000.0,call,43.02,0.00548979,0.005,0.006,65840.88,1055.4
1784207718,btc,1790323200000,175000.0,call,69.12,6.897e-05,,0.0002,64548.72,1355.9
1784207718,btc,1787904000000,74000.0,put,33.59,0.15696259,0.154,0.16,64331.31,3.3
1784207718,btc,1787904000000,50000.0,call,49.26,0.22717785,0.225,0.229,64331.31,51.0
1784207718,btc,1784361600000,63500.0,call,35.05,0.01474288,0.014,0.0155,64038.83,1.0
1784207718,btc,1806048000000,84000.0,call,40.24,0.0511641,0.0505,0.052,65840.88,130.5
1784207718,btc,1813910400000,160000.0,call,44.24,0.00494127,0.0046,0.005,66554.07,488.7
1784207718,btc,1790323200000,86000.0,put,37.16,0.33534887,0.33,0.3595,64548.7,11.6
1784207718,btc,1784534400000,58000.0,put,42.07,0.00013771,0.0001,0.0002,64038.83,0.0
1784207718,btc,1790323200000,68000.0,call,35.26,0.04033526,0.04,0.041,64548.7,775.8
1784207718,btc,1784880000000,75000.0,put,44.63,0.17011539,0.166,0.186,64106.37,0.2
1784207718,btc,1790323200000,280000.0,call,81.51,3.55e-06,,0.0001,64548.7,94.0
1784207718,btc,1798185600000,230000.0,call,60.58,0.00017995,0.0001,0.0003,65154.12,196.3
1784207718,btc,1798185600000,50000.0,put,47.54,0.03100865,0.0305,0.0315,65154.12,1673.3
1784207718,btc,1787904000000,65000.0,call,34.7,0.04259075,0.042,0.043,64331.31,956.3
1784207718,btc,1785484800000,120000.0,call,77.21,1.32e-06,,0.0001,64142.66,1062.5
1784207718,btc,1787904000000,68000.0,put,33.63,0.0810944,0.0795,0.0825,64331.31,98.0
1784207718,btc,1787904000000,76000.0,call,34.42,0.00454527,0.0043,0.0048,64331.31,890.9
1784207718,btc,1785484800000,63000.0,call,34.75,0.03745699,0.037,0.038,64142.66,1163.1
1784207718,btc,1798185600000,54000.0,put,45.12,0.04399294,0.0435,0.0445,65154.12,1815.8
1784207718,btc,1798185600000,92000.0,put,39.21,0.4254385,0.422,0.429,65154.12,4.5
1784207718,btc,1787904000000,40000.0,call,64.65,0.37920573,0.377,0.3855,64331.31,11.5
1784207718,btc,1806048000000,78000.0,put,40.53,0.25650208,0.255,0.259,65840.88,182.3
1784207718,btc,1790323200000,54000.0,call,43.38,0.17985357,0.1775,0.182,64548.7,7.2
1784207718,btc,1798185600000,108000.0,call,41.25,0.00452666,0.0042,0.0048,65154.12,117.5
1784207718,btc,1798185600000,60000.0,put,42.4,0.07278012,0.072,0.0735,65154.12,6440.5
1784207718,btc,1813910400000,58000.0,call,45.11,0.23417675,0.2325,0.2355,66550.8,4.7
1784207718,btc,1798185600000,250000.0,put,61.71,2.83716007,2.7075,2.978,65154.12,10.0
1784207718,btc,1790323200000,85000.0,call,36.72,0.00336632,0.0031,0.0036,64548.7,1199.9
1784207718,btc,1784361600000,64500.0,call,33.87,0.00644828,0.006,0.007,64038.83,8.9
1784207718,btc,1806048000000,190000.0,put,49.77,1.88689279,1.789,1.9975,65840.88,0.9
1784207718,btc,1798185600000,160000.0,call,51.62,0.00074441,0.0006,0.0009,65154.12,1228.1
1784207718,btc,1784448000000,62000.0,put,33.67,0.00191675,0.0018,0.0021,64038.83,16.4
1784207718,btc,1798185600000,88000.0,put,38.91,0.36885182,0.3655,0.3725,65154.12,4.1
1784207718,btc,1784534400000,59000.0,call,39.77,0.07953281,0.046,0.1115,64038.83,0.0
1784207718,btc,1790323200000,96000.0,put,41.4,0.48840254,0.4825,0.512,64548.7,1.0
1784207718,btc,1798185600000,96000.0,put,39.66,0.48346703,0.4795,0.488,65154.12,11.2
1784207718,btc,1785484800000,87000.0,put,51.69,0.35642021,0.3505,0.3725,64142.66,8.1
1784207718,btc,1785484800000,67000.0,put,32.89,0.05491505,0.053,0.0565,64142.66,200.1
1784207718,btc,1798185600000,90000.0,call,39.04,0.01558597,0.015,0.016,65154.12,2854.5
1784207718,btc,1806048000000,66000.0,call,42.22,0.13840146,0.1375,0.1395,65840.88,19.1
1784207718,btc,1813910400000,62000.0,put,44.1,0.13167895,0.1305,0.133,66554.07,10.9
1784207718,btc,1784275200000,52000.0,put,76.93,0.0,,0.0001,64055.51,441.3
1784207718,btc,1784361600000,58000.0,call,56.09,0.09470542,0.0615,0.126,64038.83,0.0
1784207718,btc,1806048000000,200000.0,put,50.11,2.03847028,1.9355,2.1535,65840.88,1.0
1784207718,btc,1806048000000,45000.0,call,50.38,0.35040286,0.3485,0.352,65840.88,3.2
1784207718,btc,1784880000000,61000.0,put,36.98,0.00509662,0.0049,0.0055,64106.37,286.1
1784207718,btc,1790323200000,30000.0,put,80.13,0.00125938,0.0012,0.0013,64548.7,2265.7
1784207718,btc,1784275200000,62000.0,put,42.75,0.00040223,0.0003,0.0005,64055.51,478.1
1784207718,btc,1806048000000,160000.0,call,46.19,0.00209765,0.0019,0.0024,65840.88,854.7
1784207718,btc,1790323200000,260000.0,call,78.83,4.62e-06,,0.0001,64548.72,293.8
1784207718,btc,1785484800000,69000.0,put,33.11,0.0805139,0.078,0.083,64142.66,216.8
1784207718,btc,1784880000000,54000.0,call,51.98,0.15793748,0.1535,0.1635,64106.37,2.0
1784207718,btc,1784361600000,59000.0,put,51.0,0.00012122,,0.0001,64038.83,5.1
1784207718,btc,1798185600000,66000.0,put,40.57,0.11472824,0.114,0.116,65154.12,169.1
1784207718,btc,1790323200000,82000.0,call,35.93,0.00507062,0.0047,0.0055,64548.7,2410.8
1784207718,btc,1784275200000,55000.0,call,76.93,0.14136952,0.137,0.1435,64055.51,4.0
1784207718,btc,1806048000000,92000.0,put,40.21,0.42999491,0.427,0.435,65840.88,0.2
1784207718,btc,1798185600000,190000.0,put,55.34,1.91648712,1.8175,2.025,65154.12,0.0
1784207718,btc,1798185600000,35000.0,call,62.53,0.47176464,0.4705,0.4725,65154.12,77.6
1784207718,btc,1798185600000,160000.0,put,51.62,1.45645566,1.373,1.55,65154.12,0.0
1784207718,btc,1785484800000,86000.0,call,49.94,5.925e-05,,0.0002,64142.54,253.6
1784207718,btc,1798185600000,120000.0,call,43.41,0.00242535,0.0022,0.0026,65154.12,6030.9
1784207718,btc,1784448000000,64000.0,put,30.6,0.01011492,0.0095,0.0105,64038.83,18.5
1784207718,btc,1784534400000,65500.0,put,29.83,0.02641594,0.0235,0.0295,64038.83,0.0
1784207718,btc,1806048000000,72000.0,put,41.19,0.19399606,0.1925,0.1955,65840.87,134.6
1784207718,btc,1785484800000,89000.0,put,52.22,0.38757293,0.382,0.4075,64142.66,5.9
1784207718,btc,1784880000000,58000.0,put,42.12,0.00127307,0.0012,0.0014,64106.37,277.0
1784207718,btc,1798185600000,150000.0,call,49.04,0.00082946,0.0006,0.0011,65154.12,1635.0
1784207718,btc,1784275200000,64000.0,call,36.84,0.00723752,0.0065,0.0075,64055.53,1952.5
1784207718,btc,1806048000000,58000.0,put,44.2,0.08565651,0.085,0.0865,65840.88,108.1
1784207718,btc,1784275200000,63000.0,put,38.38,0.00165558,0.0014,0.0018,64055.53,456.4
1784207718,btc,1787904000000,54000.0,put,44.04,0.00837036,0.008,0.009,64331.31,744.0
1784207718,btc,1787904000000,81000.0,call,37.23,0.00199841,0.0019,0.0021,64331.31,685.8
1784207718,btc,1785484800000,59000.0,put,39.44,0.005727,0.0055,0.006,64142.66,1760.6
1784207718,btc,1784534400000,65000.0,put,29.91,0.0207557,0.019,0.023,64038.83,0.1
1784207718,btc,1784275200000,62000.0,call,42.75,0.03249144,0.03,0.035,64055.51,295.9
1784207718,btc,1787904000000,95000.0,call,46.3,0.0004368,0.0003,0.0006,64331.31,6.0
1784207718,btc,1813910400000,100000.0,call,41.2,0.03892654,0.038,0.0395,66550.8,53.8
1784207718,btc,1784275200000,65000.0,put,35.77,0.01646807,0.015,0.02,64055.51,66.7
1784207718,btc,1784275200000,57000.0,call,70.69,0.1101479,0.106,0.113,64055.51,15.5
1784207718,btc,1790323200000,88000.0,call,37.94,0.00241677,0.0022,0.0026,64548.72,655.8
1784207718,btc,1798185600000,66000.0,call,40.57,0.10174735,0.101,0.1025,65154.12,148.7
1784207718,btc,1798185600000,102000.0,call,40.28,0.00653109,0.006,0.007,65154.12,148.0
1784207718,btc,1787904000000,69000.0,call,33.45,0.01961188,0.019,0.02,64331.31,510.6
1784207718,btc,1806048000000,104000.0,call,40.6,0.01707624,0.0165,0.0175,65840.88,75.2
1784207718,btc,1787904000000,95000.0,put,46.3,0.47716558,0.471,0.501,64331.31,0.0
1784207718,btc,1798185600000,170000.0,call,52.14,0.00047671,0.0003,0.0007,65154.12,2384.6
1784207718,btc,1790323200000,65000.0,call,36.26,0.06042461,0.06,0.061,64548.72,691.8
1784207718,btc,1806048000000,130000.0,put,43.02,0.9799431,0.9725,1.0635,65840.88,0.2
1784207718,btc,1784361600000,66000.0,call,34.91,0.00132872,0.0012,0.0015,64038.83,74.4
1784207718,btc,1806048000000,80000.0,put,40.41,0.2792336,0.2775,0.282,65840.88,139.4
1784207718,btc,1787904000000,62000.0,call,36.44,0.06907299,0.068,0.07,64331.31,926.7
1784207718,btc,1790323200000,300000.0,call,84.97,3.53e-06,,0.0001,64548.7,192.5
1784207718,btc,1784448000000,67500.0,call,33.08,0.00041693,0.0003,0.0005,64038.83,0.1
1784207718,btc,1806048000000,40000.0,call,54.05,0.41576551,0.4145,0.4165,65840.88,69.3
1784207718,btc,1784880000000,62000.0,call,35.29,0.04075176,0.0385,0.0425,64106.37,118.8
1784207718,btc,1784534400000,67000.0,put,30.99,0.04675999,0.0415,0.074,64038.83,0.0
1784207718,btc,1813910400000,64000.0,call,43.67,0.18445996,0.183,0.186,66554.07,15.0
1784207718,btc,1790323200000,135000.0,call,59.0,0.00024831,0.0002,0.0003,64548.72,273.1
1784207718,btc,1790323200000,72000.0,put,34.56,0.13767493,0.1355,0.14,64548.7,278.2
1784207718,btc,1806048000000,85000.0,put,40.21,0.33934259,0.337,0.3425,65840.88,0.8
1784207718,btc,1787904000000,55000.0,call,42.81,0.15491345,0.153,0.157,64331.31,5.8
1784207718,btc,1790323200000,62000.0,put,37.62,0.04686698,0.046,0.0475,64548.72,898.4
1784207718,btc,1785484800000,76000.0,call,40.49,0.00060254,0.0005,0.0007,64142.54,2500.2
1784207718,btc,1806048000000,55000.0,call,45.25,0.23448808,0.2325,0.236,65840.88,28.6
1784207718,btc,1806048000000,62000.0,call,43.01,0.16899295,0.168,0.17,65840.88,42.2
1784207718,btc,1787904000000,110000.0,call,55.69,0.00018045,0.0001,0.0002,64331.31,93.2
1784207718,btc,1784534400000,60000.0,call,37.84,0.06430221,0.0305,0.096,64038.83,0.0
1784207718,btc,1785484800000,48000.0,call,59.12,0.25191286,0.249,0.255,64142.66,2.0
1784207718,btc,1813910400000,150000.0,put,43.57,1.26043015,1.18,1.3565,66550.8,0.0
1784207718,btc,1790323200000,120000.0,put,53.11,0.85945355,0.8535,0.869,64548.72,172.3
1784207718,btc,1813910400000,52000.0,call,46.98,0.29236457,0.2905,0.294,66554.07,0.6
1784207718,btc,1787904000000,94000.0,call,45.24,0.00043809,0.0003,0.0006,64331.31,16.4
1784207718,btc,1784448000000,65000.0,call,29.72,0.00473285,0.0045,0.0049,64038.83,27.2
1784207718,btc,1784275200000,61500.0,call,46.23,0.04012439,0.0355,0.044,64055.51,0.0
1784207718,btc,1790323200000,50000.0,call,47.83,0.23548532,0.2335,0.2375,64548.72,30.5
1784207718,btc,1787904000000,96000.0,call,46.43,0.00036655,0.0002,0.0006,64331.31,14.2
1784207718,btc,1785484800000,75000.0,call,38.39,0.00066401,0.0006,0.0007,64142.54,3406.4
1784207718,btc,1790323200000,96000.0,call,41.4,0.00115476,0.001,0.0013,64548.7,274.6
1784207718,btc,1806048000000,112000.0,call,41.06,0.01139868,0.011,0.012,65840.88,65.0
1784207718,btc,1806048000000,82000.0,call,40.31,0.05729539,0.0565,0.058,65840.88,615.2
1784207718,btc,1785484800000,108000.0,call,66.12,1.78e-06,,0.0001,64142.66,375.1
1784207718,btc,1784361600000,62500.0,call,36.66,0.02665025,0.023,0.0555,64038.83,0.0
1784207718,btc,1790323200000,55000.0,call,42.6,0.16681189,0.1645,0.1685,64548.7,90.9
1784207718,btc,1784448000000,63000.0,put,31.99,0.00464647,0.0043,0.0047,64038.83,5.6
1784207718,btc,1784275200000,48000.0,put,76.98,0.0,,0.0001,64055.51,211.1
1784207718,btc,1785484800000,68000.0,call,32.95,0.00709734,0.0065,0.0075,64142.66,3446.0
1784207718,btc,1784361600000,66500.0,put,36.04,0.03882463,0.0355,0.0435,64038.83,0.0
1784207718,btc,1785484800000,100000.0,call,62.96,9.06e-06,,0.0001,64142.66,1802.6
1784207718,btc,1813910400000,88000.0,call,41.33,0.06553789,0.0645,0.0665,66550.8,0.1
1784207718,btc,1798185600000,74000.0,put,39.19,0.19157606,0.1905,0.194,65154.12,102.6
1784207718,btc,1813910400000,45000.0,call,50.19,0.37086524,0.369,0.3725,66550.8,0.4
1784207718,btc,1784534400000,66000.0,put,30.01,0.03274864,0.0305,0.036,64038.83,0.0
1784207718,btc,1790323200000,74000.0,call,34.55,0.01639051,0.016,0.017,64548.72,659.5
1784207718,btc,1785484800000,64000.0,call,34.03,0.02840952,0.028,0.029,64142.66,871.4
1784207718,btc,1813910400000,54000.0,call,46.31,0.27206225,0.27,0.2735,66550.8,0.3
1784207718,btc,1784448000000,63500.0,put,31.03,0.00688893,0.0065,0.007,64038.83,3.8
1784207718,btc,1784448000000,73000.0,put,49.56,0.13939848,0.1015,0.181,64038.83,0.0
1784207718,btc,1798185600000,84000.0,call,38.85,0.0251742,0.0245,0.0255,65154.12,671.8
1784207718,btc,1787904000000,85000.0,call,39.72,0.00116056,0.001,0.0013,64331.31,310.8
1784207718,btc,1790323200000,76000.0,put,34.64,0.18942043,0.1865,0.192,64548.7,599.6
1784207718,btc,1787904000000,98000.0,call,47.88,0.00032683,0.0002,0.0004,64331.31,80.7
1784207718,btc,1790323200000,54000.0,put,43.38,0.01643045,0.016,0.017,64548.72,336.6
1784207718,btc,1784448000000,61000.0,put,36.5,0.00082921,0.0008,0.0009,64038.83,12.8
1784207718,btc,1787904000000,100000.0,call,47.9,0.00022313,0.0001,0.0004,64331.31,143.3
1784207718,btc,1798185600000,76000.0,call,39.05,0.04773095,0.047,0.048,65154.12,294.9
1784207718,btc,1784448000000,70000.0,put,43.0,0.09267881,0.0565,0.1335,64038.83,0.0
1784207718,btc,1813910400000,86000.0,put,41.4,0.3638243,0.3615,0.3675,66554.07,0.0
1784207718,btc,1787904000000,82000.0,call,37.83,0.00172818,0.0016,0.0019,64331.31,390.2
1784207718,btc,1786089600000,63000.0,call,35.05,0.04382511,0.043,0.045,64180.37,0.0
1784207718,btc,1798185600000,104000.0,call,40.58,0.00574582,0.0055,0.0065,65154.12,64.4
1784207718,btc,1790323200000,66000.0,call,35.94,0.05316968,0.0525,0.054,64548.72,776.0
1784207718,btc,1784361600000,58000.0,put,56.09,6.654e-05,,0.0001,64038.83,33.2
1784207718,btc,1784361600000,66500.0,call,36.04,0.00078128,0.0007,0.0009,64038.83,10.9
1784207718,btc,1790323200000,155000.0,put,66.61,1.40146586,1.3205,1.4905,64548.72,0.1
1784207718,btc,1790323200000,105000.0,call,45.03,0.00058221,0.0005,0.0007,64548.72,1192.1
1784207718,btc,1785484800000,71000.0,call,34.19,0.00223755,0.0021,0.0024,64142.66,1953.4
1784207718,btc,1798185600000,88000.0,call,38.91,0.01821063,0.0175,0.0185,65154.12,2338.4
1784207718,btc,1784275200000,58000.0,call,70.2,0.09454468,0.09,0.0975,64055.51,21.4
1784207718,btc,1813910400000,56000.0,put,45.65,0.09400596,0.093,0.095,66554.07,40.4
1784207718,btc,1806048000000,105000.0,put,40.71,0.61105974,0.607,0.616,65840.88,0.0
1784207718,btc,1787904000000,80000.0,put,36.56,0.2458634,0.2415,0.2685,64331.31,12.7
1784207718,btc,1785484800000,54000.0,call,47.43,0.15935908,0.156,0.1665,64142.54,1.6
1784207718,btc,1784534400000,61000.0,put,35.63,0.0014248,0.0013,0.0016,64038.83,3.4
1784207718,btc,1813910400000,105000.0,put,41.29,0.60935375,0.6055,0.6145,66554.07,0.0
1784207718,btc,1787904000000,52000.0,put,46.83,0.00617698,0.006,0.0065,64331.31,1010.2
1784207718,btc,1790323200000,82000.0,put,35.93,0.27542814,0.2725,0.2785,64548.72,194.7
1784207718,btc,1806048000000,112000.0,put,41.06,0.71246615,0.708,0.7185,65840.88,0.0
1784207718,btc,1785484800000,82000.0,call,47.75,0.00018269,0.0001,0.0002,64142.66,2840.3
1784207718,btc,1798185600000,58000.0,call,43.2,0.17161279,0.17,0.173,65154.12,41.4
1784207718,btc,1785484800000,65000.0,put,33.49,0.03427265,0.0335,0.0345,64142.66,431.2
1784207718,btc,1787904000000,65000.0,put,34.7,0.05298412,0.0525,0.054,64331.31,325.8
1784207718,btc,1784275200000,62500.0,put,40.26,0.00080318,0.0007,0.0009,64055.51,385.2
1784207718,btc,1790323200000,66000.0,put,35.94,0.07565253,0.075,0.0765,64548.72,226.8
1784207718,btc,1813910400000,90000.0,call,41.26,0.05998093,0.059,0.061,66554.07,59.7
1784207718,btc,1798185600000,85000.0,call,38.86,0.02322071,0.0225,0.0235,65154.12,2040.0
1784207718,btc,1798185600000,98000.0,put,39.72,0.51266926,0.509,0.5175,65154.12,1.1
1784207718,btc,1806048000000,78000.0,call,40.53,0.0718301,0.071,0.0725,65840.88,337.3
1784207718,btc,1787904000000,90000.0,put,42.79,0.39965392,0.394,0.423,64331.31,0.5
1784207718,btc,1787904000000,85000.0,put,39.72,0.3224442,0.3175,0.347,64331.31,0.4
1784207718,btc,1790323200000,200000.0,put,72.81,2.09846216,1.994,2.2115,64548.72,0.1
1784207718,btc,1787904000000,68000.0,call,33.63,0.02406748,0.0235,0.0245,64331.35,631.6
1784207718,btc,1787904000000,52000.0,call,46.83,0.19786228,0.196,0.1995,64331.31,51.0
1784207718,btc,1798185600000,78000.0,call,38.95,0.04075888,0.04,0.041,65154.12,304.7
1784207718,btc,1784361600000,71000.0,put,49.41,0.10830186,0.0715,0.149,64038.83,0.0
1784207718,btc,1790323200000,85000.0,put,36.72,0.32020029,0.3165,0.328,64548.72,454.5
1784207718,btc,1784880000000,59000.0,put,40.22,0.00200453,0.0019,0.0021,64106.37,249.6
1784207718,btc,1787904000000,54000.0,call,44.04,0.16896663,0.167,0.171,64331.31,8.0
1784207718,btc,1784361600000,61500.0,put,39.67,0.00084507,0.0007,0.001,64038.83,9.2
1784207718,btc,1785484800000,106000.0,call,64.33,2e-06,,0.0001,64142.66,44.6
1784207718,btc,1785484800000,62000.0,put,35.68,0.01455402,0.014,0.015,64142.66,1149.5
1784207718,btc,1784880000000,57000.0,put,44.22,0.00082695,0.0008,0.0009,64106.37,591.3
1784207718,btc,1784880000000,60000.0,call,38.57,0.06726937,0.065,0.0695,64106.37,140.2
1784207718,btc,1784275200000,60000.0,put,55.93,4.603e-05,,0.0001,64055.51,867.6
1784207718,btc,1784534400000,66500.0,put,30.38,0.03957383,0.036,0.044,64038.83,0.0
1784207718,btc,1798185600000,95000.0,put,39.41,0.46870704,0.465,0.4725,65154.12,85.9
1784207718,btc,1784880000000,59000.0,call,40.22,0.08166061,0.0795,0.0835,64106.37,4.2
1784207718,eth,1784534400000,1975.0,call,43.87,0.002783,0.0026,0.0029,1874.49,230.0
1784207718,eth,1790323200000,16000.0,put,130.17,7.500592,7.174,7.8545,1882.23,30.0
1784207718,eth,1784361600000,1725.0,put,68.68,0.000766,0.0007,0.0008,1874.49,378.0
1784207718,eth,1806048000000,4500.0,put,58.4,1.362755,1.342,1.48,1913.89,0.0
1784207718,eth,1784361600000,1650.0,call,82.96,0.12028,0.1115,0.1285,1874.49,0.0
1784207718,eth,1784275200000,1200.0,put,125.43,0.0,,0.0001,1874.91,2548.0
1784207718,eth,1790323200000,1600.0,call,53.53,0.181443,0.176,0.185,1882.23,4271.0
1784207718,eth,1806048000000,3000.0,put,55.76,0.617999,0.6065,0.6315,1913.89,352.0
1784207718,eth,1785484800000,2750.0,put,70.54,0.465891,0.4095,0.5285,1876.25,2.0
1784207718,eth,1798185600000,5200.0,put,62.38,1.745421,1.638,1.867,1895.22,0.0
1784207718,eth,1798185600000,4800.0,call,60.84,0.002361,0.0021,0.0026,1895.2,2491.0
1784207718,eth,1785484800000,2750.0,call,70.54,0.000186,0.0001,0.0003,1876.25,1137.0
1784207718,eth,1785484800000,3200.0,put,81.75,0.705581,0.64,0.777,1876.23,5.0
1784207718,eth,1813910400000,2000.0,put,57.47,0.241702,0.2395,0.244,1931.53,31.0
1784207718,eth,1786089600000,1850.0,put,46.91,0.03873,0.038,0.0395,1876.18,7.0
1784207718,eth,1784448000000,1800.0,put,49.24,0.003839,0.0036,0.004,1874.49,1.0
1784207718,eth,1798185600000,2700.0,put,53.55,0.460222,0.451,0.4725,1895.2,431.0
1784207718,eth,1784275200000,2200.0,call,76.51,0.0,,0.0001,1874.91,340.0
1784207718,eth,1785484800000,2800.0,put,73.27,0.492536,0.477,0.5565,1876.25,2.0
1784207718,eth,1790323200000,7500.0,call,90.95,5.6e-05,,0.0002,1882.23,1322.0
1784207718,eth,1790323200000,6800.0,put,89.25,2.612841,2.4735,2.7645,1882.21,0.0
1784207718,eth,1784361600000,1725.0,call,68.68,0.080786,0.0715,0.087,1874.49,0.0
1784207718,eth,1785484800000,2200.0,call,50.37,0.002732,0.0026,0.0028,1876.23,9041.0
1784207718,eth,1785484800000,2450.0,put,60.69,0.306521,0.2555,0.364,1876.25,249.0
1784207718,eth,1784275200000,1300.0,put,125.42,0.0,,0.0001,1874.91,1980.0
1784207718,eth,1784448000000,1875.0,put,43.09,0.014954,0.0145,0.0155,1874.49,285.0
1784207718,eth,1785484800000,3000.0,put,77.8,0.599027,0.5375,0.6665,1876.23,5.0
1784207718,eth,1784534400000,1775.0,put,49.36,0.003397,0.0032,0.0036,1874.49,15.0
1784207718,eth,1798185600000,7000.0,call,68.29,0.000507,0.0003,0.0008,1895.2,2825.0
1784207718,eth,1784880000000,1875.0,call,45.32,0.026524,0.026,0.027,1875.51,8367.0
1784207718,eth,1784275200000,1675.0,call,102.0,0.106754,0.103,0.11,1874.91,910.0
1784207718,eth,1785484800000,1550.0,call,61.79,0.17692,0.174,0.1795,1876.25,1763.0
1784207718,eth,1787904000000,2250.0,call,47.88,0.012162,0.012,0.0125,1877.18,1193.0
1784207718,eth,1798185600000,1800.0,put,54.43,0.116437,0.1155,0.1175,1895.2,4591.0
1784207718,eth,1813910400000,1400.0,put,60.3,0.089071,0.088,0.0905,1931.53,1455.0
1784207718,eth,1813910400000,1600.0,call,58.87,0.30209,0.298,0.306,1931.46,367.0
1784207718,eth,1798185600000,5000.0,call,61.62,0.001981,0.0017,0.0023,1895.22,4257.0
1784207718,eth,1784275200000,1850.0,call,53.69,0.017884,0.017,0.0185,1874.98,8373.0
1784207718,eth,1806048000000,2900.0,put,55.69,0.571932,0.561,0.5845,1913.89,260.0
1784207718,eth,1813910400000,4500.0,call,58.41,0.025085,0.024,0.026,1931.53,490.0
1784207718,eth,1784275200000,1550.0,put,111.66,1e-06,,0.0001,1874.91,3996.0
1784207718,eth,1790323200000,4500.0,call,70.31,0.000343,0.0002,0.0005,1882.23,8535.0
1784207718,eth,1787904000000,1100.0,put,76.97,0.001577,0.0014,0.0018,1877.18,1478.0
1784207718,eth,1785484800000,2100.0,call,47.47,0.005908,0.0055,0.006,1876.25,4036.0
1784207718,eth,1784880000000,1800.0,put,47.91,0.011791,0.0115,0.0125,1875.51,1111.0
1784207718,eth,1806048000000,4400.0,put,58.15,1.311475,1.291,1.39,1913.89,0.0
1784207718,eth,1784880000000,1950.0,put,45.22,0.051257,0.05,0.0545,1875.49,965.0
1784207718,eth,1785484800000,2900.0,put,77.17,0.545797,0.486,0.6115,1876.25,3.0
1784207718,eth,1790323200000,7000.0,call,90.94,0.000104,,0.0001,1882.23,2032.0
1784207718,eth,1790323200000,11000.0,put,110.93,4.844174,4.6195,5.089,1882.23,0.0
1784207718,eth,1790323200000,3300.0,put,58.0,0.754889,0.686,0.8335,1882.21,3.0
1784207718,eth,1784275200000,1625.0,call,111.26,0.133335,0.1245,0.1395,1874.91,200.0
1784207718,eth,1806048000000,1000.0,call,66.75,0.500915,0.4965,0.5035,1913.89,270.0
1784207718,eth,1784275200000,1500.0,call,117.37,0.199966,0.1925,0.207,1874.98,55.0
1784207718,eth,1784534400000,2200.0,call,62.48,0.000133,0.0001,0.0002,1874.49,0.0
1784207718,eth,1813910400000,1500.0,call,59.48,0.33186,0.3275,0.3355,1931.46,50.0
1784207718,eth,1784361600000,1825.0,call,52.6,0.031557,0.0255,0.035,1874.49,10.0
1784207718,eth,1790323200000,8000.0,call,94.35,5.3e-05,,0.0002,1882.23,1092.0
1784207718,eth,1798185600000,6500.0,put,66.62,2.430338,2.2975,2.5775,1895.2,0.0
1784207718,eth,1784275200000,2200.0,put,76.51,0.173383,0.129,0.222,1874.91,0.0
1784207718,eth,1790323200000,4200.0,put,67.61,1.231869,1.1455,1.328,1882.21,551.0
1784207718,eth,1806048000000,3600.0,call,56.56,0.026323,0.0255,0.027,1913.89,1749.0
1784207718,eth,1784361600000,2025.0,put,59.11,0.080498,0.0705,0.1275,1874.49,0.0
1784207718,eth,1806048000000,3400.0,put,56.22,0.808889,0.7555,0.8955,1913.89,8.0
1784207718,eth,1784880000000,1800.0,call,47.91,0.052052,0.049,0.054,1875.51,1646.0
1784207718,eth,1785484800000,3400.0,put,87.62,0.812167,0.7425,0.888,1876.25,4.0
1784207718,eth,1798185600000,2600.0,call,53.44,0.042321,0.0415,0.043,1895.2,1886.0
1784207718,eth,1785484800000,1950.0,put,45.57,0.060194,0.058,0.0635,1876.25,969.0
1784207718,eth,1813910400000,2400.0,call,57.04,0.141247,0.1395,0.143,1931.53,284.0
1784207718,eth,1813910400000,2500.0,put,56.99,0.42297,0.4015,0.431,1931.53,5.0
1784207718,eth,1784275200000,1750.0,put,77.78,0.000368,0.0003,0.0005,1874.91,2692.0
1784207718,eth,1785484800000,2300.0,call,54.41,0.001485,0.0013,0.0016,1876.23,24504.0
1784207718,eth,1784275200000,1200.0,call,125.43,0.359973,0.354,0.3655,1874.91,36.0
1784207718,eth,1784448000000,1900.0,put,42.57,0.022459,0.0215,0.023,1874.49,117.0
1784207718,eth,1787904000000,1750.0,put,49.3,0.03662,0.036,0.037,1877.18,2534.0
1784207718,eth,1784361600000,2050.0,call,64.09,0.000405,0.0003,0.0004,1874.49,90.0
1784207718,eth,1784880000000,1500.0,put,75.4,0.000771,0.0007,0.0008,1875.51,404.0
1784207718,eth,1798185600000,4200.0,call,58.48,0.004309,0.004,0.0046,1895.2,3555.0
1784207718,eth,1786089600000,2200.0,call,48.53,0.005325,0.005,0.006,1876.18,0.0
1784207718,eth,1784275200000,1550.0,call,111.66,0.173299,0.17,0.175,1874.91,559.0
1784207718,eth,1784361600000,1675.0,call,78.18,0.107052,0.0985,0.114,1874.49,0.0
1784207718,eth,1790323200000,8500.0,call,97.73,5.2e-05,,0.0002,1882.21,1253.0
1784207718,eth,1806048000000,5000.0,put,59.66,1.620404,1.5145,1.748,1913.89,0.0
1784207718,eth,1784361600000,1775.0,call,59.53,0.055124,0.047,0.0605,1874.49,5.0
1784207718,eth,1790323200000,4500.0,put,70.31,1.391124,1.2985,1.493,1882.23,6.0
1784207718,eth,1787904000000,1400.0,put,61.36,0.006682,0.006,0.007,1877.18,6257.0
1784207718,eth,1784275200000,1450.0,put,120.72,0.0,,0.0001,1874.91,4307.0
1784207718,eth,1806048000000,800.0,call,72.49,0.594505,0.5705,0.5965,1913.9,0.0
1784207718,eth,1806048000000,4400.0,call,58.15,0.012492,0.012,0.013,1913.89,1079.0
1784207718,eth,1798185600000,3000.0,put,54.18,0.604544,0.594,0.6185,1895.22,674.0
1784207718,eth,1790323200000,2500.0,put,50.33,0.340275,0.3325,0.35,1882.23,3172.0
1784207718,eth,1790323200000,13000.0,call,119.8,4.1e-05,,0.0003,1882.23,1873.0
1784207718,eth,1790323200000,7200.0,put,90.95,2.825331,2.6775,2.9855,1882.23,0.0
1784207718,eth,1813910400000,1900.0,put,57.71,0.210689,0.2085,0.213,1931.53,16.0
1784207718,eth,1784534400000,1775.0,call,49.36,0.056847,0.049,0.0615,1874.49,0.0
1784207718,eth,1785484800000,2650.0,call,67.81,0.000295,0.0002,0.0004,1876.25,2498.0
1784207718,eth,1784361600000,1650.0,put,82.96,0.000261,0.0002,0.0003,1874.49,11.0
1784207718,eth,1784361600000,1700.0,call,73.68,0.093889,0.0845,0.1005,1874.49,0.0
1784207718,eth,1798185600000,4500.0,call,59.67,0.003144,0.0029,0.0034,1895.22,1648.0
1784207718,eth,1786089600000,1800.0,call,47.8,0.068771,0.066,0.0705,1876.18,50.0
1784207718,eth,1786089600000,1750.0,put,49.14,0.020175,0.0195,0.021,1876.18,0.0
1784207718,eth,1813910400000,1400.0,call,60.3,0.364234,0.36,0.368,1931.53,50.0
1784207718,eth,1806048000000,2300.0,call,55.65,0.116058,0.115,0.117,1913.89,2273.0
1784207718,eth,1785484800000,1300.0,call,82.91,0.3078,0.301,0.3205,1876.25,50.0
1784207718,eth,1787904000000,1850.0,call,47.83,0.072279,0.0715,0.073,1877.18,3600.0
1784207718,eth,1790323200000,6400.0,call,86.16,0.000116,,0.0002,1882.23,1923.0
1784207718,eth,1806048000000,6000.0,call,61.88,0.004111,0.0038,0.0044,1913.89,3480.0
1784207718,eth,1798185600000,3500.0,put,55.58,0.856807,0.8375,0.9215,1895.2,52.0
1784207718,eth,1785484800000,1450.0,put,70.06,0.001646,0.0015,0.0018,1876.23,5815.0
1784207718,eth,1784880000000,1700.0,call,54.6,0.09756,0.0935,0.101,1875.51,313.0
1784207718,eth,1785484800000,1500.0,put,65.74,0.002203,0.0021,0.0024,1876.23,12956.0
1784207718,eth,1784534400000,1875.0,put,42.42,0.017162,0.0165,0.0175,1874.49,182.0
1784207718,eth,1787904000000,1200.0,call,71.57,0.363342,0.357,0.368,1877.16,51.0
1784207718,eth,1806048000000,3500.0,put,56.33,0.857799,0.804,0.9515,1913.89,5.0
1784207718,eth,1790323200000,3500.0,put,60.02,0.860638,0.849,0.875,1882.23,1166.0
1784207718,eth,1798185600000,5200.0,call,62.38,0.001676,0.0014,0.002,1895.22,8599.0
1784207718,eth,1790323200000,6500.0,call,86.6,0.000107,,0.0002,1882.23,1337.0
1784207718,eth,1784534400000,2025.0,call,47.52,0.001199,0.001,0.0013,1874.49,0.0
1784207718,eth,1785484800000,2550.0,call,63.79,0.000418,0.0004,0.0005,1876.23,1644.0
1784207718,eth,1784448000000,2025.0,put,51.08,0.080688,0.07,0.1275,1874.49,0.0
1784207718,eth,1790323200000,8000.0,put,94.35,3.25033,3.087,3.428,1882.21,0.0
1784207718,eth,1784361600000,1900.0,call,47.37,0.007681,0.007,0.008,1874.49,172.0
1784207718,eth,1790323200000,6800.0,call,89.25,0.000105,,0.0002,1882.21,1462.0
1784207718,eth,1806048000000,900.0,call,69.52,0.54715,0.519,0.549,1913.89,68.0
1784207718,eth,1798185600000,4600.0,put,60.02,1.429993,1.334,1.5405,1895.2,0.0
1784207718,eth,1784275200000,2000.0,put,70.99,0.067027,0.0565,0.113,1874.91,19.0
1784207718,eth,1787904000000,2500.0,call,51.03,0.004251,0.0041,0.0044,1877.18,989.0
1784207718,eth,1790323200000,3600.0,call,60.81,0.000937,0.0007,0.0012,1882.23,2715.0
1784207718,eth,1790323200000,4600.0,put,71.53,1.444237,1.35,1.5485,1882.21,38.0
1784207718,eth,1806048000000,900.0,put,69.52,0.017396,0.017,0.018,1913.9,766.0
1784207718,eth,1813910400000,2600.0,put,56.99,0.463467,0.4555,0.472,1931.53,0.0
1784207718,eth,1790323200000,15000.0,put,127.3,6.96931,6.663,7.3015,1882.23,0.0
1784207718,eth,1786089600000,2400.0,put,53.72,0.28091,0.2305,0.338,1876.18,0.0
1784207718,eth,1790323200000,12000.0,put,115.57,5.375458,5.1305,5.6415,1882.23,0.0
1784207718,eth,1785484800000,2150.0,call,48.86,0.003983,0.0038,0.0041,1876.25,8917.0
1784207718,eth,1784361600000,1500.0,call,108.28,0.200048,0.1925,0.2055,1874.49,0.0
1784207718,eth,1784361600000,2200.0,put,72.13,0.17332,0.1285,0.2235,1874.49,0.0
1784207718,eth,1798185600000,3000.0,call,54.18,0.021614,0.021,0.022,1895.22,5013.0
1784207718,eth,1798185600000,4200.0,put,58.48,1.220411,1.132,1.3245,1895.2,62.0
1784207718,eth,1806048000000,2100.0,call,55.89,0.147985,0.147,0.149,1913.9,482.0
1784207718,eth,1806048000000,1300.0,call,60.77,0.37307,0.369,0.376,1913.89,50.0
1784207718,eth,1785484800000,3200.0,call,81.75,3.4e-05,,0.0001,1876.25,4985.0
1784207718,eth,1798185600000,2200.0,put,53.41,0.245924,0.24,0.253,1895.22,9278.0
1784207718,eth,1785484800000,2350.0,call,56.53,0.001142,0.001,0.0013,1876.25,9533.0
1784207718,eth,1786089600000,1800.0,put,47.8,0.028146,0.0275,0.029,1876.18,10.0
1784207718,eth,1790323200000,1500.0,call,55.98,0.224241,0.219,0.2275,1882.23,976.0
1784207718,eth,1785484800000,2500.0,put,61.97,0.332983,0.327,0.339,1876.23,463.0
1784207718,eth,1784361600000,2100.0,put,68.4,0.120126,0.109,0.1685,1874.49,0.0
1784207718,eth,1787904000000,3000.0,put,59.68,0.599107,0.537,0.6695,1877.16,0.0
1784207718,eth,1785484800000,3000.0,call,77.8,7.6e-05,,0.0002,1876.25,3406.0
1784207718,eth,1798185600000,2100.0,call,53.52,0.101084,0.1,0.102,1895.22,1044.0
1784207718,eth,1784880000000,1850.0,put,46.07,0.020396,0.02,0.021,1875.51,635.0
1784207718,eth,1784275200000,1975.0,put,65.14,0.05391,0.0435,0.1,1874.98,1.0
1784207718,eth,1786089600000,1600.0,call,55.5,0.154606,0.147,0.16,1876.18,0.0
1784207718,eth,1785484800000,2900.0,call,77.17,0.000145,0.0001,0.0002,1876.23,13237.0
1784207718,eth,1786089600000,1700.0,call,50.91,0.108311,0.102,0.1125,1876.18,0.0
1784207718,eth,1784361600000,1600.0,call,92.57,0.146823,0.139,0.155,1874.49,0.0
1784207718,eth,1806048000000,4800.0,call,59.01,0.009025,0.0085,0.0095,1913.89,2887.0
1784207718,eth,1790323200000,3100.0,call,55.71,0.002426,0.0022,0.0027,1882.23,2193.0
1784207718,eth,1785484800000,1850.0,call,46.56,0.044514,0.0435,0.045,1876.25,9223.0
1784207718,eth,1790323200000,1600.0,put,53.53,0.031499,0.031,0.032,1882.23,6108.0
1784207718,eth,1798185600000,3300.0,call,55.02,0.013557,0.013,0.014,1895.2,1978.0
1784207718,eth,1786089600000,1950.0,call,45.95,0.028639,0.028,0.0295,1876.18,20.0
1784207718,eth,1787904000000,3400.0,put,65.36,0.811605,0.742,0.8895,1877.16,0.0
1784207718,eth,1787904000000,2400.0,call,49.61,0.006332,0.006,0.0065,1877.18,11742.0
1784207718,eth,1785484800000,1600.0,call,58.17,0.151543,0.1475,0.1545,1876.23,3424.0
1784207718,eth,1787904000000,2400.0,put,49.61,0.284852,0.2725,0.3075,1877.18,2.0
1784207718,eth,1784361600000,1875.0,call,47.84,0.013342,0.0125,0.0135,1874.49,358.0
1784207718,eth,1784534400000,1750.0,put,52.28,0.002345,0.0022,0.0025,1874.49,15.0
1784207718,eth,1798185600000,1200.0,call,62.79,0.389636,0.385,0.393,1895.2,341.0
1784207718,eth,1798185600000,3500.0,call,55.58,0.010056,0.0095,0.0105,1895.2,24520.0
1784207718,eth,1806048000000,2500.0,put,55.66,0.397636,0.392,0.4065,1913.89,560.0
1784207718,eth,1798185600000,1200.0,put,62.79,0.022808,0.022,0.0235,1895.2,5466.0
1784207718,eth,1784275200000,1450.0,call,120.72,0.226634,0.2195,0.233,1874.91,0.0
1784207718,eth,1790323200000,4400.0,call,70.31,0.000432,0.0003,0.0005,1882.23,4363.0
1784207718,eth,1784534400000,1800.0,put,47.13,0.005136,0.0048,0.0055,1874.49,11.0
1784207718,eth,1806048000000,1300.0,put,60.77,0.052315,0.0515,0.0535,1913.89,1452.0
1784207718,eth,1813910400000,4500.0,put,58.41,1.354917,1.328,1.373,1931.46,0.0
1784207718,eth,1798185600000,2700.0,call,53.55,0.035585,0.035,0.0365,1895.2,2182.0
1784207718,eth,1787904000000,1600.0,put,53.19,0.017556,0.017,0.018,1877.18,1607.0
1784207718,eth,1784534400000,1725.0,call,55.59,0.081793,0.0735,0.088,1874.49,0.0
1784207718,eth,1813910400000,1800.0,call,58.03,0.249873,0.247,0.252,1931.46,1016.0
1784207718,eth,1790323200000,2000.0,call,49.16,0.061062,0.06,0.062,1882.21,8152.0
1784207718,eth,1784880000000,2100.0,put,49.85,0.121692,0.0775,0.172,1875.51,0.0
1784207718,eth,1798185600000,4500.0,put,59.67,1.377539,1.284,1.4865,1895.2,2.0
1784207718,eth,1784361600000,2100.0,call,68.4,0.00015,0.0001,0.0002,1874.49,603.0
1784207718,eth,1784448000000,2100.0,put,59.85,0.12018,0.1105,0.169,1874.49,0.0
1784207718,eth,1784534400000,1925.0,call,42.23,0.007234,0.0065,0.0075,1874.49,11.0
1784207718,eth,1798185600000,2900.0,put,53.9,0.555555,0.505,0.5695,1895.2,174.0
1784207718,eth,1813910400000,2000.0,call,57.47,0.206221,0.204,0.2085,1931.46,1775.0
1784207718,eth,1798185600000,4800.0,put,60.84,1.535049,1.436,1.649,1895.2,77.0
1784207718,eth,1785484800000,2000.0,call,45.77,0.013726,0.013,0.014,1876.23,19181.0
1784207718,eth,1813910400000,3000.0,call,57.01,0.081622,0.08,0.083,1931.53,468.0
1784207718,eth,1798185600000,5000.0,put,61.62,1.640197,1.5375,1.758,1895.2,2.0
1784207718,eth,1806048000000,3800.0,put,56.82,1.006897,0.9565,1.043,1913.89,2.0
1784207718,eth,1798185600000,2300.0,put,53.41,0.285248,0.279,0.293,1895.2,5194.0
1784207718,eth,1790323200000,6000.0,put,83.12,2.187843,2.065,2.322,1882.23,0.0
1784207718,eth,1798185600000,2100.0,put,53.52,0.209135,0.205,0.21,1895.2,1920.0
1784207718,eth,1784534400000,1700.0,put,58.8,0.001207,0.0011,0.0013,1874.49,2.0
1784207718,eth,1806048000000,2200.0,call,55.74,0.131036,0.13,0.132,1913.89,3058.0
1784207718,eth,1784534400000,1850.0,put,43.41,0.011597,0.011,0.012,1874.49,8.0
1784207718,eth,1798185600000,3100.0,call,54.41,0.018392,0.018,0.019,1895.2,2062.0
1784207718,eth,1787904000000,1950.0,call,47.09,0.047911,0.047,0.0485,1877.18,2535.0
1784207718,eth,1806048000000,1600.0,call,57.62,0.267682,0.264,0.271,1913.89,907.0
1784207718,eth,1798185600000,3200.0,call,54.58,0.015599,0.015,0.016,1895.2,67201.0
1784207718,eth,1798185600000,4400.0,call,59.31,0.003494,0.0032,0.0038,1895.22,1714.0
1784207718,eth,1806048000000,4000.0,call,57.31,0.017819,0.0175,0.0185,1913.89,1813.0
1784207718,eth,1790323200000,7400.0,put,90.95,2.93157,2.7805,3.096,1882.21,0.0
1784207718,eth,1784448000000,1725.0,put,60.13,0.001197,0.0011,0.0013,1874.49,1.0
1784207718,eth,1784361600000,1500.0,put,108.28,3.1e-05,,0.0001,1874.49,154.0
1784207718,eth,1784275200000,1775.0,put,71.05,0.000635,0.0005,0.0007,1874.98,2448.0
1784207718,eth,1784448000000,1750.0,put,56.19,0.001704,0.0015,0.0019,1874.49,19.0
1784207718,eth,1784361600000,1850.0,put,49.9,0.008152,0.0075,0.0085,1874.49,735.0
1784207718,eth,1787904000000,1300.0,call,66.25,0.311633,0.305,0.316,1877.18,51.0
1784207718,eth,1784361600000,1925.0,put,48.15,0.030874,0.0275,0.0355,1874.49,909.0
1784207718,eth,1790323200000,2800.0,put,52.86,0.492683,0.4835,0.5035,1882.23,1287.0
1784207718,eth,1784275200000,1875.0,call,50.49,0.009297,0.0085,0.01,1874.91,2697.0
1784207718,eth,1787904000000,1500.0,call,57.0,0.211735,0.2065,0.2155,1877.18,473.0
1784207718,eth,1790323200000,6200.0,call,85.22,0.000135,,0.0002,1882.21,2026.0
1784207718,eth,1784880000000,1775.0,call,49.22,0.062498,0.0585,0.0655,1875.51,458.0
1784207718,eth,1784448000000,2075.0,put,56.87,0.10695,0.096,0.155,1874.49,0.0
1784207718,eth,1785484800000,2050.0,call,46.47,0.008989,0.0085,0.0095,1876.23,9991.0
1784207718,eth,1787904000000,2800.0,put,56.44,0.493262,0.478,0.56,1877.16,0.0
1784207718,eth,1806048000000,4600.0,call,58.55,0.010546,0.01,0.011,1913.89,935.0
1784207718,eth,1790323200000,1700.0,put,51.7,0.046275,0.0455,0.047,1882.21,3704.0
1784207718,eth,1784361600000,1825.0,put,52.6,0.00487,0.0045,0.005,1874.49,225.0
1784207718,eth,1806048000000,2000.0,call,56.08,0.166971,0.1655,0.168,1913.89,1201.0
1784207718,eth,1790323200000,5600.0,put,79.42,1.975344,1.861,2.1005,1882.21,0.0
1784207718,eth,1790323200000,5500.0,call,79.42,0.000178,0.0001,0.0002,1882.21,1487.0
1784207718,eth,1813910400000,3500.0,call,57.33,0.053339,0.052,0.0545,1931.46,840.0
1784207718,eth,1784880000000,1825.0,call,46.81,0.042474,0.042,0.044,1875.49,464.0
1784207718,eth,1813910400000,3600.0,put,57.42,0.91303,0.8995,0.9265,1931.53,0.0
1784207718,eth,1790323200000,1700.0,call,51.7,0.143091,0.1375,0.1455,1882.23,2629.0
1784207718,eth,1806048000000,1400.0,put,59.5,0.066732,0.0655,0.068,1913.89,1467.0
1784207718,eth,1790323200000,7500.0,put,90.95,2.984691,2.8315,3.151,1882.21,0.0
1784207718,eth,1806048000000,1800.0,put,56.63,0.152499,0.151,0.1535,1913.89,3854.0
1784207718,eth,1790323200000,2200.0,call,49.17,0.032191,0.0315,0.0325,1882.23,4737.0
1784207718,eth,1806048000000,3500.0,call,56.33,0.029063,0.028,0.03,1913.89,4306.0
1784207718,eth,1790323200000,5500.0,put,79.42,1.922244,1.81,2.0455,1882.21,1.0
1784207718,eth,1813910400000,1500.0,put,59.48,0.108471,0.107,0.1095,1931.53,368.0
1784207718,eth,1787904000000,2600.0,put,52.75,0.38806,0.333,0.452,1877.16,3.0
1784207718,eth,1806048000000,3600.0,put,56.56,0.907309,0.8385,0.9245,1913.89,1.0
1784207718,eth,1784275200000,2400.0,put,79.68,0.280055,0.231,0.333,1874.91,0.0
1784207718,eth,1790323200000,2900.0,call,53.49,0.003801,0.0036,0.004,1882.23,5003.0
1784207718,eth,1806048000000,1900.0,call,56.32,0.18827,0.187,0.1895,1913.9,1313.0
1784207718,eth,1784448000000,1750.0,call,56.19,0.068468,0.06,0.074,1874.49,0.0
1784207718,eth,1784534400000,2000.0,call,45.45,0.00178,0.0016,0.0019,1874.49,420.0
1784207718,eth,1790323200000,5400.0,put,78.32,1.869118,1.759,1.9905,1882.21,4.0
1784207718,eth,1787904000000,3600.0,call,66.08,0.000182,0.0001,0.0003,1877.18,1086.0
1784207718,eth,1790323200000,1900.0,put,49.6,0.092177,0.091,0.093,1882.23,3988.0
1784207718,eth,1784448000000,1925.0,put,43.25,0.032079,0.028,0.038,1874.49,1.0
1784207718,eth,1790323200000,3400.0,put,58.91,0.807714,0.7965,0.8215,1882.23,870.0
1784207718,eth,1806048000000,1900.0,put,56.32,0.181013,0.179,0.1825,1913.89,805.0
1784207718,eth,1784275200000,1300.0,call,125.42,0.306637,0.3,0.313,1874.91,50.0
1784207718,eth,1787904000000,3800.0,call,70.87,0.000182,0.0001,0.0003,1877.18,362.0
1784207718,eth,1784275200000,2000.0,call,70.99,0.000315,0.0002,0.0004,1874.91,5011.0
1784207718,eth,1784534400000,2200.0,put,62.48,0.173323,0.1285,0.224,1874.49,0.0
1784207718,eth,1790323200000,7400.0,call,90.95,6.3e-05,,0.0002,1882.21,1019.0
1784207718,eth,1790323200000,5200.0,put,76.25,1.762872,1.656,1.8795,1882.23,3.0
1784207718,eth,1790323200000,14000.0,put,123.7,6.438026,6.151,6.748,1882.23,0.0
1784207718,eth,1784448000000,1600.0,put,81.12,0.000284,0.0002,0.0004,1874.49,230.0
1784207718,eth,1784448000000,1950.0,call,43.86,0.00312,0.0029,0.0033,1874.49,1131.0
1784207718,eth,1784534400000,1825.0,call,44.82,0.034436,0.031,0.037,1874.49,0.0
1784207718,eth,1798185600000,2600.0,put,53.44,0.414193,0.4035,0.4255,1895.22,1055.0
1784207718,eth,1790323200000,6400.0,put,86.16,2.400338,2.269,2.543,1882.23,0.0
1784207718,eth,1787904000000,2050.0,put,47.1,0.123003,0.1185,0.1305,1877.18,170.0
1784207718,eth,1790323200000,6600.0,put,87.5,2.506586,2.3715,2.654,1882.23,0.0
1784207718,eth,1790323200000,2800.0,call,52.86,0.005086,0.0047,0.0055,1882.23,8024.0
1784207718,eth,1784275200000,1850.0,put,53.69,0.004592,0.0042,0.0047,1874.98,2392.0
1784207718,eth,1787904000000,1950.0,put,47.09,0.086709,0.084,0.09,1877.16,1411.0
1784207718,eth,1798185600000,2900.0,call,53.9,0.025389,0.0245,0.026,1895.2,1165.0
1784207718,eth,1785484800000,4000.0,call,99.78,6e-06,,0.0001,1876.25,8690.0
1784207718,eth,1784534400000,2000.0,put,45.45,0.068316,0.0585,0.1135,1874.49,0.0
1784207718,eth,1806048000000,2700.0,put,55.66,0.482664,0.4755,0.493,1913.89,147.0
1784207718,eth,1784275200000,1600.0,call,111.29,0.146644,0.143,0.1485,1874.98,978.0
1784207718,eth,1785484800000,1750.0,put,49.61,0.01382,0.0135,0.0145,1876.23,2792.0
1784207718,eth,1784534400000,1900.0,call,42.03,0.011373,0.011,0.012,1874.49,555.0
1784207718,eth,1786089600000,1600.0,put,55.5,0.007385,0.007,0.0075,1876.18,0.0
1784207718,eth,1790323200000,3500.0,call,60.02,0.001141,0.0009,0.0014,1882.23,15404.0
1784207718,eth,1790323200000,1800.0,call,50.43,0.110058,0.109,0.111,1882.23,2343.0
1784207718,eth,1785484800000,3800.0,call,94.88,7e-06,,0.0001,1876.25,2692.0
1784207718,eth,1784534400000,1900.0,put,42.03,0.024582,0.0235,0.0255,1874.49,0.0
1784207718,eth,1785484800000,1300.0,put,82.91,0.000679,0.0006,0.0007,1876.23,10692.0
1784207718,eth,1806048000000,3400.0,call,56.22,0.032402,0.0315,0.033,1913.89,1869.0
1784207718,eth,1785484800000,2000.0,put,45.77,0.079693,0.076,0.0845,1876.23,3384.0
1784207718,eth,1813910400000,900.0,put,67.98,0.026573,0.0255,0.0275,1931.53,570.0
1784207718,eth,1784534400000,1700.0,call,58.8,0.094651,0.0865,0.103,1874.49,0.0
1784207718,eth,1786089600000,1700.0,put,50.91,0.014388,0.014,0.015,1876.18,0.0
1784207718,eth,1784361600000,2025.0,call,59.11,0.000521,0.0004,0.0005,1874.49,318.0
1784207718,eth,1784534400000,2025.0,put,47.52,0.081066,0.071,0.128,1874.49,0.0
1784207718,eth,1813910400000,1300.0,call,61.26,0.398961,0.3945,0.4025,1931.46,108.0
1784207718,eth,1787904000000,1600.0,call,53.19,0.165209,0.16,0.169,1877.18,885.0
1784207718,eth,1798185600000,1500.0,call,57.12,0.263672,0.259,0.267,1895.2,753.0
1784207718,eth,1787904000000,1300.0,put,66.25,0.004164,0.0039,0.0044,1877.18,6802.0
1784207718,eth,1787904000000,1450.0,call,58.93,0.235959,0.2295,0.2405,1877.16,51.0
1784207718,eth,1790323200000,5000.0,put,74.34,1.656637,1.5545,1.769,1882.21,2.0
1784207718,eth,1786089600000,1850.0,call,46.91,0.052705,0.052,0.0535,1876.18,50.0
1784207718,eth,1785484800000,3600.0,call,91.48,1.3e-05,,0.0001,1876.23,2043.0
1784207718,eth,1798185600000,11000.0,put,81.79,4.804286,4.58,4.825,1895.22,109.0
1784207718,eth,1798185600000,2800.0,call,53.72,0.030027,0.0295,0.031,1895.22,5789.0
1784207718,eth,1813910400000,1800.0,put,58.03,0.181806,0.18,0.184,1931.53,293.0
1784207718,eth,1798185600000,3400.0,put,55.23,0.805572,0.785,0.8825,1895.2,89.0
1784207718,eth,1784275200000,1400.0,put,122.7,0.0,,0.0001,1874.98,2528.0
1784207718,eth,1784880000000,1500.0,call,75.4,0.200989,0.193,0.2165,1875.49,18.0
1784207718,eth,1798185600000,8000.0,put,72.07,3.221511,3.0585,3.4,1895.2,0.0
1784207718,eth,1787904000000,1800.0,put,48.46,0.046254,0.0455,0.047,1877.16,1555.0
1784207718,eth,1798185600000,1000.0,put,68.58,0.01193,0.0115,0.0125,1895.2,19272.0
1784207718,eth,1806048000000,3300.0,put,56.06,0.760275,0.7465,0.7755,1913.89,1.0
1784207718,eth,1785484800000,1750.0,call,49.61,0.081099,0.0765,0.0845,1876.25,6859.0
1784207718,eth,1785484800000,2200.0,put,50.37,0.175296,0.17,0.181,1876.25,2338.0
1784207718,eth,1790323200000,14000.0,call,123.7,4e-05,,0.0003,1882.23,1212.0
1784207718,eth,1787904000000,2000.0,put,47.1,0.104124,0.1005,0.108,1877.16,430.0
1784207718,eth,1787904000000,3600.0,put,66.08,0.917962,0.8445,0.999,1877.16,1.0
1784207718,eth,1785484800000,2500.0,call,61.97,0.000524,0.0005,0.0007,1876.25,2517.0
1784207718,eth,1784361600000,1750.0,call,64.0,0.067831,0.059,0.074,1874.49,0.0
1784207718,eth,1798185600000,1400.0,call,58.62,0.30289,0.298,0.306,1895.2,896.0
1784207718,eth,1806048000000,2600.0,put,55.66,0.439569,0.4335,0.4495,1913.89,626.0
1784207718,eth,1784275200000,1675.0,put,102.0,0.000125,,0.0002,1874.91,1847.0
1784207718,eth,1790323200000,4600.0,call,71.53,0.000327,0.0002,0.0005,1882.21,3383.0
1784207718,eth,1806048000000,2800.0,call,55.66,0.063822,0.0625,0.0645,1913.89,3057.0
1784207718,eth,1784448000000,1800.0,call,49.24,0.043939,0.037,0.05,1874.49,0.0
1784207718,eth,1790323200000,10000.0,call,105.8,4.4e-05,,0.0001,1882.23,1561.0
1784207718,eth,1813910400000,2300.0,call,57.12,0.155237,0.1535,0.157,1931.53,8.0
1784207718,eth,1813910400000,2700.0,call,57.0,0.107088,0.1055,0.1085,1931.53,83.0
1784207718,eth,1784275200000,1950.0,call,58.66,0.000915,0.0007,0.001,1874.98,2972.0
1784207718,eth,1784275200000,1825.0,call,58.35,0.028845,0.0245,0.032,1874.91,2569.0
1784207718,eth,1784361600000,1950.0,call,49.79,0.002306,0.002,0.0024,1874.49,2079.0
1784207718,eth,1787904000000,1900.0,put,47.38,0.071292,0.07,0.072,1877.18,1381.0
1784207718,eth,1790323200000,3800.0,put,62.77,1.019568,0.941,1.107,1882.23,954.0
1784207718,eth,1790323200000,16000.0,call,130.17,3.6e-05,,0.0003,1882.23,7426.0
1784207718,eth,1784448000000,2200.0,put,66.47,0.173267,0.1285,0.224,1874.49,0.0
1784207718,eth,1798185600000,3300.0,put,55.02,0.75478,0.7225,0.772,1895.2,0.0
1784207718,eth,1798185600000,3400.0,call,55.23,0.011585,0.011,0.012,1895.2,12461.0
1784207718,eth,1785484800000,1400.0,put,74.12,0.001205,0.0011,0.0012,1876.25,9459.0
1784207718,eth,1790323200000,3200.0,call,56.74,0.001961,0.0017,0.0022,1882.23,7794.0
1784207718,eth,1790323200000,6200.0,put,85.22,2.294101,2.167,2.4325,1882.21,0.0
1784207718,eth,1787904000000,1700.0,call,50.35,0.123126,0.118,0.127,1877.18,1000.0
1784207718,eth,1798185600000,2000.0,call,53.77,0.119975,0.119,0.121,1895.22,3597.0
1784207718,eth,1790323200000,1000.0,put,74.94,0.00252,0.0025,0.0026,1882.23,8472.0
1784207718,eth,1785484800000,1500.0,call,65.74,0.202728,0.199,0.205,1876.23,583.0
1784207718,eth,1784880000000,2200.0,call,55.59,0.000816,0.0007,0.0009,1875.49,735.0
1784207718,eth,1790323200000,1000.0,call,74.94,0.471235,0.466,0.4745,1882.21,124.0
1784207718,eth,1784880000000,1900.0,call,45.11,0.020424,0.02,0.021,1875.51,4034.0
1784207718,eth,1784448000000,2050.0,call,53.31,0.000517,0.0004,0.0006,1874.49,0.0
1784207718,eth,1813910400000,3800.0,put,57.58,1.009292,0.976,1.038,1931.53,0.0
1784207718,eth,1785484800000,1400.0,call,74.12,0.255028,0.248,0.26,1876.23,150.0
1784207718,eth,1798185600000,1800.0,call,54.43,0.166679,0.165,0.168,1895.2,2478.0
1784207718,eth,1784880000000,2400.0,put,66.16,0.279838,0.2305,0.3345,1875.51,0.0
1784207718,eth,1798185600000,800.0,put,76.32,0.005932,0.0055,0.0065,1895.2,5587.0
1784207718,eth,1784534400000,1725.0,put,55.59,0.00168,0.0015,0.0019,1874.49,0.0
1784207718,eth,1784448000000,1950.0,put,43.86,0.043011,0.0075,0.0875,1874.49,2.0
1784207718,eth,1786089600000,2400.0,call,53.72,0.001742,0.0016,0.0019,1876.18,0.0
1784207718,eth,1806048000000,4800.0,put,59.01,1.517007,1.4145,1.641,1913.89,0.0
1784207718,eth,1790323200000,5200.0,call,76.25,0.000192,0.0001,0.0003,1882.23,1645.0
1784207718,eth,1785484800000,4200.0,put,102.54,1.238535,1.1525,1.3315,1876.23,0.0
1784207718,eth,1787904000000,3400.0,call,65.36,0.000368,0.0002,0.0006,1877.16,432.0
1784207718,eth,1785484800000,2700.0,put,69.88,0.439312,0.433,0.4455,1876.23,630.0
1784207718,eth,1785484800000,2600.0,put,66.79,0.386153,0.372,0.446,1876.25,29.0
1784207718,eth,1813910400000,3000.0,put,57.01,0.634843,0.5925,0.645,1931.53,58.0
1784207718,eth,1787904000000,2000.0,call,47.1,0.03869,0.038,0.039,1877.16,2222.0
1784207718,eth,1806048000000,800.0,put,72.49,0.012502,0.012,0.013,1913.89,440.0
1784207718,eth,1784534400000,2050.0,put,49.61,0.094022,0.083,0.1415,1874.49,0.0
1784207718,eth,1784361600000,2000.0,call,55.64,0.000809,0.0006,0.0009,1874.49,1941.0
1784207718,eth,1798185600000,1500.0,put,57.12,0.055137,0.0545,0.056,1895.2,15794.0
1784207718,eth,1798185600000,2000.0,put,53.77,0.175261,0.172,0.176,1895.22,9817.0
1784207718,eth,1787904000000,2200.0,put,47.47,0.18727,0.177,0.2375,1877.18,170.0
1784207718,eth,1806048000000,4200.0,call,57.67,0.014793,0.014,0.0155,1913.89,2775.0
1784207718,eth,1798185600000,800.0,call,76.32,0.583817,0.563,0.586,1895.2,171.0
1784207718,eth,1798185600000,5500.0,call,63.25,0.001284,0.001,0.0016,1895.22,1397.0
1784207718,eth,1806048000000,4500.0,call,58.4,0.011523,0.011,0.012,1913.9,2428.0
1784207718,eth,1798185600000,4000.0,call,57.49,0.005292,0.005,0.0055,1895.22,16368.0
1784207718,eth,1784880000000,1750.0,put,50.71,0.006725,0.0065,0.007,1875.49,1471.0
1784207718,eth,1784880000000,1650.0,put,58.98,0.002433,0.0023,0.0026,1875.49,3144.0
1784207718,eth,1786089600000,1950.0,put,45.95,0.067963,0.0665,0.073,1876.18,0.0
1784207718,eth,1784880000000,1550.0,call,69.39,0.174625,0.1665,0.1865,1875.51,18.0
1784207718,eth,1790323200000,9000.0,put,100.09,3.781607,3.597,3.981,1882.23,0.0
1784207718,eth,1790323200000,1200.0,call,66.42,0.368668,0.3625,0.3725,1882.21,138.0
1784207718,eth,1784880000000,2000.0,put,45.8,0.072569,0.064,0.0815,1875.51,11.0
1784207718,eth,1784361600000,1800.0,call,55.51,0.042878,0.036,0.0475,1874.49,0.0
1784207718,eth,1787904000000,1700.0,put,50.35,0.028745,0.028,0.0295,1877.18,2408.0
1784207718,eth,1790323200000,2300.0,put,49.26,0.244915,0.2385,0.2535,1882.23,1212.0
1784207718,eth,1784880000000,1900.0,put,45.11,0.033481,0.0325,0.034,1875.49,569.0
1784207718,eth,1813910400000,2100.0,put,57.33,0.274818,0.27,0.277,1931.53,0.0
1784207718,eth,1798185600000,1000.0,call,68.58,0.484287,0.479,0.4875,1895.2,54.0
1784207718,eth,1784361600000,1600.0,put,92.57,0.000138,0.0001,0.0002,1874.49,103.0
1784207718,eth,1798185600000,2800.0,put,53.72,0.507428,0.498,0.52,1895.2,2205.0
1784207718,eth,1790323200000,3000.0,call,54.62,0.003023,0.0027,0.0033,1882.23,13560.0
1784207718,eth,1784880000000,1825.0,put,46.81,0.015543,0.015,0.016,1875.51,526.0
1784207718,eth,1784275200000,1400.0,call,122.7,0.253301,0.246,0.259,1874.91,50.0
1784207718,eth,1790323200000,4000.0,put,64.64,1.125655,1.0435,1.217,1882.23,140.0
1784207718,eth,1786089600000,2000.0,call,45.99,0.02056,0.02,0.021,1876.18,30.0
1784207718,eth,1784448000000,1975.0,put,45.51,0.055059,0.016,0.1005,1874.49,0.0
1784207718,eth,1790323200000,6500.0,put,86.6,2.453458,2.321,2.5985,1882.21,0.0
1784207718,eth,1798185600000,4400.0,put,59.31,1.325124,1.233,1.4325,1895.22,20.0
1784207718,eth,1785484800000,3600.0,put,91.48,0.918754,0.845,0.999,1876.25,17.0
1784207718,eth,1784448000000,1900.0,call,42.57,0.009231,0.009,0.0095,1874.49,42.0
1784207718,eth,1785484800000,4000.0,put,99.78,1.13194,1.05,1.221,1876.25,0.0
1784207718,eth,1784880000000,1875.0,put,45.32,0.026252,0.0255,0.027,1875.51,8527.0
1784207718,eth,1787904000000,2200.0,call,47.47,0.015293,0.015,0.0155,1877.18,4484.0
1784207718,eth,1790323200000,3400.0,call,58.91,0.001346,0.0011,0.0016,1882.23,6667.0
1784207718,eth,1790323200000,4400.0,put,70.31,1.338085,1.2475,1.4385,1882.21,281.0
1784207718,eth,1790323200000,5800.0,put,81.44,2.081596,1.9625,2.2115,1882.21,0.0
1784207718,eth,1787904000000,2350.0,put,48.93,0.259681,0.2475,0.316,1877.18,100.0
1784207718,eth,1813910400000,1200.0,call,62.45,0.436073,0.4315,0.4395,1931.53,50.0
1784207718,eth,1785484800000,1650.0,put,54.87,0.00625,0.006,0.0065,1876.25,7864.0
1784207718,eth,1798185600000,1300.0,put,60.54,0.031019,0.0305,0.0315,1895.22,1304.0
1784207718,eth,1790323200000,2600.0,call,50.68,0.008613,0.0085,0.009,1882.23,7301.0
1784207718,eth,1784534400000,1825.0,put,44.82,0.00765,0.007,0.008,1874.49,1.0
1784207718,eth,1798185600000,7000.0,put,68.29,2.694009,2.551,2.8515,1895.2,0.0
1784207718,eth,1813910400000,4000.0,call,57.83,0.036009,0.035,0.037,1931.46,4276.0
1784207718,eth,1806048000000,1200.0,put,62.43,0.040585,0.04,0.0415,1913.89,1003.0
1784207718,eth,1790323200000,7000.0,put,90.94,2.719097,2.5755,2.875,1882.23,0.0
1784207718,eth,1790323200000,1900.0,call,49.6,0.082736,0.082,0.0835,1882.23,1674.0
1784207718,eth,1798185600000,2300.0,call,53.41,0.071669,0.0705,0.0725,1895.2,3037.0
1784207718,eth,1806048000000,1800.0,call,56.63,0.212006,0.211,0.2135,1913.89,3789.0
1784207718,eth,1787904000000,2050.0,call,47.1,0.030934,0.03,0.031,1877.18,2739.0
1784207718,eth,1784448000000,2200.0,call,66.47,5.6e-05,,0.0001,1874.49,107.0
1784207718,eth,1785484800000,1550.0,put,61.79,0.003045,0.0029,0.0032,1876.23,5565.0
1784207718,eth,1787904000000,1800.0,call,48.46,0.087364,0.0835,0.0895,1877.18,4295.0
1784207718,eth,1784880000000,1400.0,put,86.48,0.000381,0.0003,0.0005,1875.51,2686.0
1784207718,eth,1784361600000,1850.0,call,49.9,0.021506,0.0205,0.022,1874.49,2.0
1784207718,eth,1784880000000,2600.0,call,66.32,1.1e-05,,0.0001,1875.51,0.0
1784207718,eth,1813910400000,1900.0,call,57.71,0.226982,0.2245,0.229,1931.53,3.0
1784207718,eth,1784448000000,1975.0,call,45.51,0.001836,0.0016,0.002,1874.49,523.0
1784207718,eth,1806048000000,3700.0,call,56.74,0.023814,0.023,0.0245,1913.89,1417.0
1784207718,eth,1806048000000,5000.0,call,59.66,0.007924,0.0075,0.0085,1913.89,1223.0
1784207718,eth,1806048000000,2000.0,put,56.08,0.211963,0.2095,0.213,1913.89,1510.0
1784207718,eth,1790323200000,2100.0,put,49.16,0.16039,0.1575,0.165,1882.21,2754.0
1784207718,eth,1806048000000,1200.0,call,62.43,0.413589,0.4095,0.416,1913.89,51.0
1784207718,eth,1785484800000,2450.0,call,60.69,0.000711,0.0006,0.0008,1876.23,5597.0
1784207718,eth,1790323200000,2700.0,put,51.72,0.441018,0.4325,0.4525,1882.23,527.0
1784207718,eth,1806048000000,2500.0,call,55.66,0.091396,0.09,0.092,1913.89,1687.0
1784207718,eth,1784534400000,1750.0,call,52.28,0.069126,0.061,0.0745,1874.49,0.0
1784207718,eth,1784534400000,2100.0,put,53.81,0.120273,0.078,0.1695,1874.49,0.0
1784207718,eth,1790323200000,2300.0,call,49.26,0.02296,0.0225,0.0235,1882.23,10519.0
1784207718,eth,1790323200000,1400.0,put,58.89,0.014053,0.0135,0.0145,1882.23,7490.0
1784207718,eth,1806048000000,1500.0,put,58.45,0.083784,0.0825,0.085,1913.89,4111.0
1784207718,eth,1813910400000,2700.0,put,57.0,0.504987,0.464,0.514,1931.53,0.0
1784207718,eth,1813910400000,2900.0,call,57.0,0.089296,0.0875,0.0905,1931.53,0.0
1784207718,eth,1813910400000,1700.0,put,58.4,0.154977,0.153,0.157,1931.53,231.0
1784207718,eth,1784361600000,1775.0,put,59.53,0.001771,0.0016,0.0019,1874.49,518.0
1784207718,eth,1784361600000,1875.0,put,47.84,0.013321,0.0125,0.014,1874.49,678.0
1784207718,eth,1806048000000,1500.0,call,58.45,0.30004,0.2965,0.303,1913.89,197.0
1784207718,eth,1790323200000,3800.0,call,62.77,0.000686,0.0005,0.0009,1882.21,2006.0
1784207718,eth,1784534400000,1875.0,call,42.42,0.017284,0.0165,0.018,1874.49,35.0
1784207718,eth,1790323200000,3300.0,call,58.0,0.00165,0.0014,0.0019,1882.21,17690.0
1784207718,eth,1786089600000,2200.0,put,48.53,0.177895,0.1665,0.2085,1876.18,0.0
1784207718,eth,1785484800000,2150.0,put,48.86,0.149898,0.1455,0.157,1876.23,1097.0
1784207718,eth,1806048000000,3300.0,call,56.06,0.036038,0.035,0.037,1913.89,1921.0
1784207718,eth,1784448000000,2000.0,call,48.04,0.001167,0.001,0.0013,1874.49,413.0
1784207718,eth,1790323200000,2200.0,put,49.17,0.201017,0.1945,0.2085,1882.23,5534.0
1784207718,eth,1798185600000,1300.0,call,60.54,0.345083,0.34,0.3485,1895.2,50.0
1784207718,eth,1790323200000,3200.0,put,56.74,0.702072,0.692,0.715,1882.23,1334.0
1784207718,eth,1784275200000,1650.0,put,109.42,8.8e-05,,0.0001,1874.98,4666.0
1784207718,eth,1787904000000,2600.0,call,52.75,0.002997,0.0028,0.0032,1877.18,588.0
1784207718,eth,1806048000000,3000.0,call,55.76,0.050511,0.0495,0.0515,1913.89,5217.0
1784207718,eth,1786089600000,2100.0,put,46.62,0.129503,0.12,0.1545,1876.18,0.0
1784207718,eth,1790323200000,1200.0,put,66.42,0.006209,0.006,0.0065,1882.23,11510.0
1784207718,eth,1784275200000,1700.0,put,91.58,0.000143,0.0001,0.0002,1874.91,4985.0
1784207718,eth,1784448000000,2025.0,call,51.08,0.0008,0.0007,0.0009,1874.49,12.0
1784207718,eth,1798185600000,1900.0,put,54.04,0.144213,0.143,0.1455,1895.2,2860.0
1784207718,eth,1784448000000,2050.0,put,53.31,0.093737,0.0835,0.141,1874.49,0.0
1784207718,eth,1784448000000,1600.0,call,81.12,0.147039,0.138,0.1535,1874.49,0.0
1784207718,eth,1790323200000,7200.0,call,90.95,8.1e-05,,0.0002,1882.21,1160.0
1784207718,eth,1787904000000,1550.0,call,55.0,0.188052,0.1805,0.193,1877.18,119.0
1784207718,eth,1813910400000,3200.0,call,57.07,0.068467,0.067,0.07,1931.53,224.0
1784207718,eth,1787904000000,3200.0,call,63.26,0.000633,0.0005,0.0007,1877.18,287.0
1784207718,eth,1784361600000,2200.0,call,72.13,1.1e-05,,0.0002,1874.49,40.0
1784207718,eth,1790323200000,6600.0,call,87.5,0.000107,,0.0002,1882.23,1414.0
1784207718,eth,1787904000000,1000.0,call,83.68,0.468302,0.4625,0.472,1877.16,50.0
1784207718,eth,1784275200000,1650.0,call,109.42,0.120051,0.116,0.123,1874.91,941.0
1784207718,eth,1786089600000,2100.0,call,46.62,0.010232,0.01,0.011,1876.18,9510.0
1784207718,eth,1806048000000,3100.0,call,55.85,0.045061,0.044,0.046,1913.89,1844.0
1784207718,eth,1784361600000,1900.0,put,47.37,0.020993,0.02,0.0215,1874.49,77.0
1784207718,eth,1784275200000,1950.0,put,58.66,0.040959,0.0315,0.0745,1874.91,163.0
1784207718,eth,1785484800000,2250.0,call,52.49,0.002014,0.0018,0.0022,1876.25,3194.0
1784207718,eth,1785484800000,1000.0,put,105.64,6.8e-05,,0.0001,1876.23,9426.0
1784207718,eth,1784361600000,2050.0,put,64.09,0.093715,0.0835,0.1415,1874.49,0.0
1784207718,eth,1790323200000,2400.0,put,49.74,0.291678,0.284,0.301,1882.21,2115.0
1784207718,eth,1790323200000,2900.0,put,53.49,0.544526,0.4825,0.6165,1882.23,49.0
1784207718,eth,1790323200000,15000.0,call,127.3,3.9e-05,,0.0002,1882.23,877.0
1784207718,eth,1787904000000,2150.0,put,47.18,0.164657,0.1455,0.202,1877.18,83.0
1784207718,eth,1790323200000,5600.0,call,79.42,0.000149,0.0001,0.0002,1882.23,6163.0
1784207718,eth,1784880000000,2100.0,call,49.85,0.001997,0.0018,0.0021,1875.51,75.0
1784207718,eth,1806048000000,2700.0,call,55.66,0.071925,0.0705,0.0725,1913.89,2594.0
1784207718,eth,1786089600000,2000.0,put,45.99,0.086533,0.0825,0.093,1876.18,0.0
1784207718,eth,1790323200000,3000.0,put,54.62,0.596878,0.587,0.6105,1882.23,7576.0
1784207718,eth,1784275200000,1925.0,call,53.84,0.00188,0.0016,0.002,1874.91,800.0
1784207718,eth,1798185600000,3600.0,put,55.99,0.908323,0.864,0.928,1895.2,93.0
1784207718,eth,1790323200000,5000.0,call,74.34,0.000213,0.0001,0.0005,1882.21,4085.0
1784207718,eth,1785484800000,1800.0,put,47.76,0.020678,0.02,0.021,1876.23,10901.0
1784207718,eth,1787904000000,2250.0,put,47.88,0.210775,0.178,0.222,1877.18,14.0
1784207718,eth,1813910400000,2200.0,call,57.18,0.170497,0.1685,0.1725,1931.46,1023.0
1784207718,eth,1798185600000,3600.0,call,55.99,0.008807,0.0085,0.009,1895.2,2221.0
1784207718,eth,1798185600000,9000.0,call,76.33,0.000326,0.0002,0.0005,1895.2,1908.0
1784207718,eth,1813910400000,900.0,call,67.98,0.560607,0.557,0.564,1931.53,2.0
1784207718,eth,1784275200000,1625.0,put,111.26,3.9e-05,,0.0001,1874.91,1969.0
1784207718,eth,1790323200000,2700.0,call,51.72,0.00655,0.006,0.007,1882.23,4028.0
1784207718,eth,1790323200000,11000.0,call,110.93,4.2e-05,,0.0002,1882.21,2766.0
1784207718,eth,1787904000000,2100.0,put,47.11,0.143221,0.1375,0.1475,1877.16,441.0
1784207718,eth,1790323200000,10000.0,put,105.8,4.312891,4.109,4.5355,1882.23,0.0
1784207718,eth,1798185600000,2200.0,call,53.41,0.085108,0.084,0.086,1895.2,52618.0
1784207718,eth,1784880000000,1750.0,call,50.71,0.073645,0.0695,0.077,1875.49,925.0
1784207718,eth,1806048000000,2100.0,put,55.89,0.245227,0.241,0.2465,1913.89,486.0
1784207718,eth,1785484800000,1200.0,put,90.64,0.000339,0.0003,0.0004,1876.23,12045.0
1784207718,eth,1785484800000,3400.0,call,87.62,2.3e-05,,0.0001,1876.25,2540.0
1784207718,eth,1784448000000,1775.0,call,52.4,0.055925,0.0475,0.062,1874.49,1.0
1784207718,eth,1813910400000,2500.0,call,56.99,0.128619,0.127,0.13,1931.46,2973.0
1784207718,eth,1798185600000,4000.0,put,57.49,1.115865,1.0315,1.2165,1895.2,223.0
1784207718,eth,1813910400000,800.0,put,70.51,0.019755,0.019,0.0205,1931.53,95.0
1784207718,eth,1784534400000,2100.0,call,53.81,0.00041,0.0003,0.0005,1874.49,0.0
1784207718,eth,1806048000000,6000.0,put,61.88,2.139087,2.015,2.283,1913.89,0.0
1784207718,eth,1790323200000,3100.0,put,55.71,0.649409,0.584,0.7245,1882.23,0.0
1784207718,eth,1798185600000,1600.0,call,55.97,0.227814,0.2235,0.2315,1895.2,622.0
1784207718,eth,1806048000000,3100.0,put,55.85,0.664799,0.5945,0.679,1913.89,99.0
1784207718,eth,1784534400000,2050.0,call,49.61,0.000823,0.0007,0.0009,1874.49,0.0
1784207718,eth,1785484800000,3100.0,put,78.01,0.652287,0.5885,0.7215,1876.23,0.0
1784207718,eth,1813910400000,3400.0,put,57.24,0.818214,0.745,0.831,1931.46,0.0
1784207718,eth,1786089600000,1900.0,put,46.24,0.051941,0.051,0.0525,1876.18,21.0
1784207718,eth,1785484800000,4200.0,call,102.54,3e-06,,0.0001,1876.25,1180.0
1784207718,eth,1790323200000,13000.0,put,119.8,5.906742,5.6415,6.196,1882.23,0.0
1784207718,eth,1798185600000,3800.0,put,56.77,1.011841,0.93,1.11,1895.2,26.0
1784207718,eth,1813910400000,1200.0,put,62.45,0.057362,0.0565,0.0585,1931.46,344.0
1784207718,eth,1784275200000,2400.0,call,79.68,0.0,,0.0001,1874.98,39.0
1784207718,eth,1785484800000,1700.0,call,51.86,0.103098,0.0985,0.1065,1876.23,2932.0
1784207718,eth,1784275200000,1600.0,put,111.29,1.4e-05,,0.0001,1874.98,17923.0
1784207718,eth,1784880000000,1600.0,call,64.16,0.148495,0.1405,0.1595,1875.51,53.0
1784207718,eth,1790323200000,1300.0,put,62.5,0.009401,0.009,0.01,1882.21,1420.0
1784207718,eth,1784275200000,1800.0,put,64.23,0.001134,0.001,0.0013,1874.91,2467.0
1784207718,eth,1790323200000,1400.0,call,58.89,0.270254,0.2515,0.274,1882.21,126.0
1784207718,eth,1787904000000,1450.0,put,58.93,0.008398,0.008,0.009,1877.18,5432.0
1784207718,eth,1787904000000,3200.0,put,63.26,0.705326,0.6395,0.7795,1877.18,0.0
1784207718,eth,1785484800000,2650.0,put,67.81,0.412702,0.358,0.4735,1876.25,52.0
1784207718,eth,1806048000000,5500.0,call,60.62,0.005505,0.005,0.006,1913.9,1931.0
1784207718,eth,1790323200000,3600.0,put,60.81,0.913562,0.9015,0.9285,1882.23,539.0
1784207718,eth,1790323200000,1300.0,call,62.5,0.318731,0.3125,0.323,1882.21,69.0
1784207718,eth,1784880000000,1850.0,call,46.07,0.033998,0.033,0.035,1875.51,2286.0
1784207718,eth,1784361600000,2000.0,put,55.64,0.067453,0.058,0.1145,1874.49,0.0
1784207718,eth,1798185600000,1600.0,put,55.97,0.072044,0.071,0.073,1895.22,7334.0
1784207718,eth,1784534400000,1925.0,put,42.23,0.033775,0.03,0.039,1874.49,0.0
1784207718,eth,1784448000000,1850.0,put,44.61,0.009632,0.009,0.01,1874.49,153.0
1784207718,eth,1784880000000,1775.0,put,49.22,0.008908,0.0085,0.0095,1875.49,1003.0
1784207718,eth,1798185600000,11000.0,call,81.79,0.000211,0.0001,0.0004,1895.2,2141.0
1784207718,eth,1813910400000,1000.0,call,65.76,0.517129,0.513,0.5205,1931.53,51.0
1784207718,eth,1784448000000,1850.0,call,44.61,0.023068,0.022,0.0235,1874.49,0.0
1784207718,eth,1784361600000,1700.0,put,73.68,0.000536,0.0004,0.0006,1874.49,306.0
1784207718,eth,1813910400000,2300.0,put,57.12,0.34604,0.3415,0.3475,1931.53,0.0
1784207718,eth,1785484800000,3100.0,call,78.01,3.7e-05,,0.0001,1876.25,2696.0
1784207718,eth,1784361600000,1975.0,call,52.36,0.001317,0.0011,0.0014,1874.49,206.0
1784207718,eth,1784448000000,1700.0,call,64.37,0.094302,0.0855,0.1025,1874.49,0.0
1784207718,eth,1785484800000,2550.0,put,63.79,0.359527,0.307,0.4185,1876.25,112.0
1784207718,eth,1784448000000,1825.0,call,46.53,0.032808,0.0265,0.036,1874.49,1.0
1784207718,eth,1787904000000,1500.0,put,57.0,0.01081,0.0105,0.011,1877.18,3977.0
1784207718,eth,1786089600000,1900.0,call,46.24,0.039266,0.0385,0.04,1876.18,190.0
1784207718,eth,1784275200000,1925.0,put,53.84,0.02859,0.0245,0.034,1874.91,979.0
1784207718,eth,1787904000000,2100.0,call,47.11,0.024515,0.024,0.025,1877.16,6998.0
1784207718,eth,1784275200000,1900.0,call,51.09,0.004265,0.0039,0.0044,1874.91,8778.0
1784207718,eth,1784880000000,1600.0,put,64.16,0.001597,0.0015,0.0017,1875.51,6303.0
1784207718,eth,1813910400000,3200.0,put,57.07,0.725236,0.6805,0.7365,1931.53,0.0
1784207718,eth,1784275200000,1725.0,call,85.11,0.080194,0.0745,0.084,1874.98,420.0
1784207718,eth,1790323200000,9000.0,call,100.09,4.5e-05,,0.0003,1882.23,1519.0
1784207718,eth,1813910400000,2100.0,call,57.33,0.187563,0.1855,0.1895,1931.53,6.0
1784207718,eth,1784534400000,1800.0,call,47.13,0.045254,0.039,0.049,1874.49,0.0
1784207718,eth,1806048000000,3200.0,call,55.92,0.040192,0.039,0.041,1913.89,1641.0
1784207718,eth,1785484800000,1800.0,call,47.76,0.061307,0.0585,0.063,1876.23,13699.0
1784207718,eth,1784361600000,1800.0,put,55.51,0.002857,0.0026,0.003,1874.49,386.0
1784207718,eth,1798185600000,3800.0,call,56.77,0.006797,0.0065,0.007,1895.2,3115.0
1784207718,eth,1790323200000,4800.0,call,73.86,0.0003,0.0002,0.0004,1882.21,1979.0
1784207718,eth,1806048000000,2400.0,call,55.65,0.103004,0.1015,0.104,1913.89,1691.0
1784207718,eth,1806048000000,4000.0,put,57.31,1.107803,1.03,1.1675,1913.89,0.0
1784207718,eth,1784361600000,1750.0,put,64.0,0.001145,0.001,0.0012,1874.49,2429.0
1784207718,eth,1787904000000,1200.0,put,71.57,0.002602,0.0024,0.0029,1877.16,5894.0
1784207718,eth,1784448000000,1700.0,put,64.37,0.000874,0.0008,0.001,1874.49,2034.0
1784207718,eth,1790323200000,4000.0,call,64.64,0.000516,0.0004,0.0008,1882.23,12123.0
1784207718,eth,1790323200000,2100.0,call,49.16,0.044693,0.0435,0.045,1882.23,5140.0
1784207718,eth,1798185600000,2500.0,put,53.42,0.3696,0.363,0.3785,1895.2,1170.0
1784207718,eth,1785484800000,2100.0,put,47.47,0.125174,0.1205,0.1315,1876.25,791.0
1784207718,eth,1806048000000,4600.0,put,58.55,1.414028,1.392,1.4875,1913.89,0.0
1784207718,eth,1806048000000,3700.0,put,56.74,0.957049,0.906,0.9965,1913.89,0.0
1784207718,eth,1798185600000,1700.0,call,55.07,0.195415,0.1935,0.197,1895.2,377.0
1784207718,eth,1806048000000,2200.0,put,55.74,0.280527,0.2755,0.2825,1913.89,1687.0
1784207718,eth,1790323200000,6000.0,call,83.12,0.000135,0.0001,0.0002,1882.21,3181.0
1784207718,eth,1787904000000,1650.0,put,51.65,0.022475,0.022,0.023,1877.16,1922.0
1784207718,eth,1798185600000,3200.0,put,54.58,0.704057,0.6905,0.719,1895.22,251.0
1784207718,eth,1790323200000,5400.0,call,78.32,0.000181,0.0001,0.0003,1882.23,1177.0
1784207718,eth,1798185600000,10000.0,call,79.82,0.000284,0.0002,0.0004,1895.2,1675.0
1784207718,eth,1785484800000,1950.0,call,45.57,0.020875,0.0205,0.0215,1876.25,8379.0
1784207718,eth,1785484800000,1700.0,put,51.86,0.00917,0.009,0.0095,1876.23,7680.0
1784207718,eth,1787904000000,3000.0,call,59.68,0.000957,0.0008,0.0011,1877.18,81.0
1784207718,eth,1790323200000,4800.0,put,73.86,1.550466,1.452,1.659,1882.23,110.0
1784207718,eth,1813910400000,2800.0,call,57.0,0.097767,0.096,0.099,1931.53,21.0
1784207718,eth,1787904000000,2150.0,call,47.18,0.019316,0.019,0.02,1877.16,2026.0
1784207718,eth,1798185600000,5500.0,put,63.25,1.903322,1.791,2.0305,1895.2,0.0
1784207718,eth,1790323200000,4200.0,call,67.61,0.000473,0.0003,0.0007,1882.21,2467.0
1784207718,eth,1787904000000,2500.0,put,51.03,0.336043,0.2825,0.399,1877.16,3.0
1784207718,eth,1813910400000,2800.0,put,57.0,0.54744,0.539,0.557,1931.53,0.0
1784207718,eth,1784880000000,2400.0,call,66.16,0.000186,0.0001,0.0003,1875.49,0.0
1784207718,eth,1784880000000,2200.0,put,55.59,0.173831,0.128,0.225,1875.49,1.0
1784207718,eth,1787904000000,1850.0,put,47.83,0.057805,0.057,0.0585,1877.18,1064.0
1784207718,eth,1813910400000,2600.0,call,56.99,0.117342,0.116,0.1185,1931.53,37.0
1784207718,eth,1813910400000,1300.0,put,61.26,0.072023,0.071,0.073,1931.53,865.0
1784207718,eth,1806048000000,5500.0,put,60.62,1.879233,1.7645,2.0145,1913.89,0.0
1784207718,eth,1806048000000,1400.0,call,59.5,0.335237,0.331,0.338,1913.89,6.0
1784207718,eth,1784880000000,2000.0,call,45.8,0.006193,0.006,0.0065,1875.51,5089.0
1784207718,eth,1784275200000,1725.0,put,85.11,0.000233,0.0002,0.0003,1874.91,1522.0
1784207718,eth,1784275200000,1700.0,call,91.58,0.093437,0.0885,0.0955,1874.98,3254.0
1784207718,eth,1813910400000,2400.0,put,57.04,0.383824,0.379,0.3855,1931.46,0.0
1784207718,eth,1785484800000,2300.0,put,54.41,0.227347,0.2215,0.233,1876.25,2773.0
1784207718,eth,1806048000000,1600.0,put,57.62,0.103676,0.1025,0.105,1913.89,1551.0
1784207718,eth,1813910400000,3800.0,call,57.58,0.041879,0.0405,0.043,1931.53,0.0
1784207718,eth,1784880000000,1700.0,put,54.6,0.00398,0.0039,0.0041,1875.51,2235.0
1784207718,eth,1784880000000,1950.0,call,45.22,0.01154,0.011,0.012,1875.49,2923.0
1784207718,eth,1798185600000,2500.0,call,53.42,0.050492,0.0495,0.051,1895.2,22447.0
1784207718,eth,1785484800000,2400.0,call,58.45,0.000876,0.0008,0.001,1876.23,11169.0
1784207718,eth,1784448000000,2075.0,call,56.87,0.000398,0.0003,0.0005,1874.49,0.0
1784207718,eth,1806048000000,2400.0,put,55.65,0.356995,0.3515,0.3655,1913.89,357.0
1784207718,eth,1787904000000,2350.0,call,48.93,0.007796,0.0075,0.008,1877.16,2534.0
1784207718,eth,1787904000000,1550.0,put,55.0,0.013763,0.0135,0.014,1877.18,3013.0
1784207718,eth,1785484800000,2350.0,put,56.53,0.253654,0.248,0.259,1876.23,538.0
1784207718,eth,1785484800000,1900.0,put,45.86,0.043715,0.043,0.0445,1876.25,3686.0
1784207718,eth,1798185600000,6000.0,put,65.17,2.166784,2.0445,2.304,1895.2,0.0
1784207718,eth,1806048000000,1700.0,call,57.02,0.238327,0.236,0.241,1913.89,1336.0
1784207718,eth,1785484800000,2700.0,call,69.88,0.000256,0.0002,0.0003,1876.23,4355.0
1784207718,eth,1813910400000,1000.0,put,65.76,0.03487,0.034,0.036,1931.53,3992.0
1784207718,eth,1784448000000,1875.0,call,43.09,0.015058,0.0145,0.0155,1874.49,191.0
1784207718,eth,1784361600000,1675.0,put,78.18,0.000367,0.0003,0.0004,1874.49,39.0
1784207718,eth,1790323200000,2000.0,put,49.16,0.123632,0.1215,0.1275,1882.23,12953.0
1784207718,eth,1787904000000,3800.0,put,70.87,1.024505,0.9465,1.1105,1877.18,0.0
1784207718,eth,1798185600000,1400.0,put,58.62,0.041591,0.041,0.0425,1895.2,13968.0
1784207718,eth,1784275200000,1750.0,call,77.78,0.066995,0.063,0.071,1874.98,2713.0
1784207718,eth,1787904000000,1900.0,call,47.38,0.05913,0.0585,0.06,1877.18,2610.0
1784207718,eth,1787904000000,2300.0,call,48.3,0.009659,0.0095,0.01,1877.16,1738.0
1784207718,eth,1790323200000,1800.0,put,50.43,0.066371,0.0655,0.067,1882.23,3919.0
1784207718,eth,1798185600000,9000.0,put,76.33,3.749115,3.5665,3.9495,1895.2,0.0
1784207718,eth,1784275200000,1900.0,put,51.09,0.017642,0.0165,0.018,1874.91,689.0
1784207718,eth,1813910400000,3600.0,call,57.42,0.049165,0.048,0.0505,1931.46,0.0
1784207718,eth,1813910400000,4000.0,put,57.83,1.106971,1.043,1.1575,1931.53,0.0
1784207718,eth,1798185600000,4600.0,call,60.02,0.002834,0.0026,0.0031,1895.2,9030.0
1784207718,eth,1784880000000,1550.0,put,69.39,0.001067,0.001,0.0012,1875.49,4835.0
1784207718,eth,1798185600000,10000.0,put,79.82,4.276716,4.0725,4.499,1895.2,0.0
1784207718,eth,1806048000000,3200.0,put,55.92,0.712179,0.6625,0.7505,1913.89,0.0
1784207718,eth,1806048000000,2600.0,call,55.66,0.081079,0.0795,0.0815,1913.89,2395.0
1784207718,eth,1790323200000,2500.0,call,50.33,0.012063,0.0115,0.0125,1882.21,20998.0
1784207718,eth,1784275200000,1825.0,put,58.35,0.00222,0.002,0.0024,1874.98,2389.0
1784207718,eth,1813910400000,1700.0,call,58.4,0.274819,0.2705,0.2785,1931.46,602.0
1784207718,eth,1790323200000,2600.0,put,50.68,0.389953,0.382,0.401,1882.23,8412.0
1784207718,eth,1784448000000,1775.0,put,52.4,0.002493,0.0023,0.0027,1874.49,2.0
1784207718,eth,1785484800000,2400.0,put,58.45,0.280037,0.23,0.3365,1876.25,102.0
1784207718,eth,1785484800000,1900.0,call,45.86,0.031046,0.03,0.0315,1876.23,14111.0
1784207718,eth,1784448000000,1725.0,call,60.13,0.081292,0.072,0.088,1874.49,0.0
1784207718,eth,1787904000000,2300.0,put,48.3,0.234907,0.208,0.247,1877.18,3.0
1784207718,eth,1784880000000,2600.0,put,66.32,0.386301,0.333,0.444,1875.51,0.0
1784207718,eth,1784880000000,1400.0,call,86.48,0.253917,0.2465,0.2585,1875.49,0.0
1784207718,eth,1784275200000,1500.0,put,117.37,0.0,,0.0001,1874.98,7870.0
1784207718,eth,1784361600000,1975.0,put,52.36,0.054628,0.045,0.099,1874.49,0.0
1784207718,eth,1798185600000,8000.0,call,72.07,0.000366,0.0003,0.0006,1895.22,2427.0
1784207718,eth,1813910400000,1600.0,put,58.87,0.130475,0.129,0.132,1931.53,1289.0
1784207718,eth,1784448000000,2100.0,call,59.85,0.000296,0.0002,0.0004,1874.49,1.0
1784207718,eth,1784534400000,1975.0,put,43.87,0.055987,0.0475,0.0895,1874.49,0.0
1784207718,eth,1784448000000,2000.0,put,48.04,0.067723,0.027,0.114,1874.49,4.0
1784207718,eth,1784534400000,1600.0,call,73.14,0.147178,0.139,0.1555,1874.49,0.0
1784207718,eth,1798185600000,3100.0,put,54.41,0.654087,0.617,0.67,1895.2,0.0
1784207718,eth,1784275200000,1800.0,call,64.23,0.041094,0.037,0.0445,1874.98,3494.0
1784207718,eth,1798185600000,6500.0,call,66.62,0.000657,0.0005,0.001,1895.22,1765.0
1784207718,eth,1787904000000,1000.0,put,83.68,0.001019,0.0009,0.001,1877.18,2860.0
1784207718,eth,1785484800000,1850.0,put,46.56,0.030534,0.03,0.031,1876.23,1880.0
1784207718,eth,1806048000000,3800.0,call,56.82,0.021412,0.0205,0.022,1913.89,1233.0
1784207718,eth,1784275200000,1350.0,call,125.42,0.279969,0.2725,0.2855,1874.91,65.0
1784207718,eth,1785484800000,4400.0,call,105.11,2e-06,,0.0001,1876.25,988.0
1784207718,eth,1790323200000,1500.0,put,55.98,0.021168,0.0205,0.0215,1882.23,10995.0
1784207718,eth,1785484800000,2050.0,put,46.47,0.101606,0.0975,0.109,1876.23,643.0
1784207718,eth,1785484800000,1450.0,call,70.06,0.22882,0.221,0.2335,1876.23,51.0
1784207718,eth,1798185600000,2400.0,put,53.41,0.326556,0.321,0.335,1895.22,1716.0
1784207718,eth,1785484800000,3800.0,put,94.88,1.025345,0.9475,1.11,1876.23,0.0
1784207718,eth,1806048000000,2300.0,put,55.65,0.317799,0.312,0.322,1913.89,1576.0
1784207718,eth,1806048000000,1700.0,put,57.02,0.126571,0.125,0.128,1913.89,1458.0
1784207718,eth,1785484800000,1650.0,call,54.87,0.126827,0.123,0.1295,1876.25,5847.0
1784207718,eth,1784275200000,1350.0,put,125.42,0.0,,0.0001,1874.98,1844.0
1784207718,eth,1790323200000,12000.0,call,115.57,4.1e-05,,0.0002,1882.23,1341.0
1784207718,eth,1813910400000,2900.0,put,57.0,0.590743,0.5505,0.601,1931.46,0.0
1784207718,eth,1787904000000,1400.0,call,61.36,0.260878,0.254,0.266,1877.16,100.0
1784207718,eth,1784534400000,1950.0,call,42.74,0.004464,0.0042,0.0046,1874.49,36.0
1784207718,eth,1787904000000,2800.0,call,56.44,0.001655,0.0014,0.0019,1877.16,1811.0
1784207718,eth,1784448000000,1925.0,call,43.25,0.005519,0.005,0.006,1874.49,67.0
1784207718,eth,1806048000000,4200.0,put,57.67,1.209276,1.157,1.3,1913.89,5.0
1784207718,eth,1784534400000,1850.0,call,43.41,0.025052,0.024,0.026,1874.49,0.0
1784207718,eth,1785484800000,1600.0,put,58.17,0.004317,0.0042,0.0045,1876.25,13172.0
1784207718,eth,1790323200000,5800.0,call,81.44,0.000144,0.0001,0.0002,1882.23,4884.0
1784207718,eth,1798185600000,1900.0,call,54.04,0.141691,0.141,0.143,1895.2,1159.0
1784207718,eth,1806048000000,1000.0,put,66.75,0.023411,0.023,0.024,1913.89,7232.0
1784207718,eth,1784275200000,1975.0,call,65.14,0.000531,0.0004,0.0006,1874.91,1839.0
1784207718,eth,1813910400000,3500.0,put,57.33,0.86543,0.852,0.8785,1931.53,1.0
1784207718,eth,1785484800000,2250.0,put,52.49,0.201227,0.1955,0.207,1876.25,706.0
1784207718,eth,1786089600000,1750.0,call,49.14,0.087449,0.0815,0.09,1876.18,0.0
1784207718,eth,1787904000000,1750.0,call,49.3,0.104365,0.1,0.1065,1877.18,4254.0
1784207718,eth,1784361600000,1925.0,call,48.15,0.004229,0.0039,0.0044,1874.49,949.0
1784207718,eth,1813910400000,3400.0,call,57.24,0.057897,0.0565,0.059,1931.53,14.0
1784207718,eth,1784448000000,1825.0,put,46.53,0.00604,0.0055,0.0065,1874.49,30.0
1784207718,eth,1806048000000,2800.0,put,55.66,0.526811,0.5195,0.538,1913.9,12.0
1784207718,eth,1798185600000,2400.0,call,53.41,0.060213,0.059,0.061,1895.2,11784.0
1784207718,eth,1798185600000,1700.0,put,55.07,0.092409,0.0915,0.0935,1895.22,12652.0
1784207718,eth,1790323200000,8500.0,put,97.73,3.515972,3.3415,3.7045,1882.23,0.0
1784207718,eth,1784534400000,1600.0,put,73.14,0.000407,0.0003,0.0004,1874.49,20.0
1784207718,eth,1785484800000,4400.0,put,105.11,1.34513,1.255,1.4425,1876.25,0.0
1784207718,eth,1790323200000,2400.0,call,49.74,0.016594,0.016,0.017,1882.23,7234.0
1784207718,eth,1784275200000,1875.0,put,50.49,0.00934,0.0085,0.01,1874.91,2264.0
1784207718,eth,1806048000000,2900.0,call,55.69,0.056693,0.0555,0.0575,1913.9,2102.0
1784207718,eth,1798185600000,6000.0,call,65.17,0.000925,0.0007,0.0012,1895.22,10376.0
1784207718,eth,1785484800000,1000.0,call,105.64,0.467084,0.462,0.4705,1876.25,86.0
1784207718,eth,1813910400000,2200.0,put,57.18,0.309526,0.305,0.3115,1931.53,0.0
1784207718,eth,1787904000000,1650.0,call,51.65,0.143493,0.138,0.147,1877.18,1617.0
1784207718,eth,1784275200000,1775.0,call,71.05,0.053928,0.048,0.058,1874.98,1357.0
1784207718,eth,1784534400000,1950.0,put,42.74,0.044337,0.039,0.052,1874.49,0.0
1784207718,eth,1785484800000,2600.0,call,66.79,0.000396,0.0003,0.0005,1876.25,3581.0
1784207718,eth,1787904000000,1100.0,call,76.97,0.415589,0.3905,0.419,1877.16,50.0
1784207718,eth,1784880000000,1650.0,call,58.98,0.122672,0.1145,0.1285,1875.51,5.0
1784207718,eth,1784361600000,1950.0,put,49.79,0.042284,0.0345,0.084,1874.49,11.0
1784207718,eth,1813910400000,800.0,call,70.51,0.605563,0.602,0.609,1931.53,114.0
1784207718,eth,1785484800000,1200.0,call,90.64,0.360759,0.3575,0.363,1876.25,284.0
1784207718,eth,1785484800000,2800.0,call,73.27,0.000181,0.0001,0.0003,1876.23,6660.0
