snap_ts,asset,expiry_ms,strike,opt_type,mark_iv,mark_price,bid,ask,underlying_price,open_interest
1790950558,btc,1821772800000,60000.0,call,43.06,0.36902905,0.3675,0.371,90796.24,0.0
1790950558,btc,1795766400000,70000.0,call,43.34,0.2023165,0.2005,0.204,86980.39,3.3
1790950558,btc,1792137600000,88000.0,put,32.92,0.03570464,0.035,0.036,86462.26,0.2
1790950558,btc,1791100800000,93000.0,put,45.12,0.07804063,0.0755,0.08,86294.87,0.0
1790950558,btc,1791532800000,81000.0,put,34.83,0.00186393,0.0016,0.0019,86364.63,999.9
1790950558,btc,1791100800000,78000.0,put,58.42,7.668e-05,,0.0002,86303.02,5.2
1790950558,btc,1793347200000,106000.0,put,41.27,0.22559279,0.223,0.228,86624.29,0.0
1790950558,btc,1793347200000,90000.0,put,33.92,0.06063079,0.059,0.061,86632.44,42.9
1790950558,btc,1792137600000,75000.0,put,43.7,0.00153356,0.0014,0.0016,86462.25,94.6
1790950558,btc,1813910400000,105000.0,put,38.79,0.24438609,0.242,0.2465,89625.13,2.1
1790950558,btc,1806048000000,112000.0,put,38.78,0.29790715,0.2945,0.3005,88438.62,0.1
1790950558,btc,1798185600000,58000.0,call,51.83,0.33993894,0.338,0.342,87337.7,40.3
1790950558,btc,1791014400000,85000.0,put,32.41,0.00114803,0.0009,0.0011,86289.27,82.1
1790950558,btc,1791014400000,81000.0,put,68.31,0.00022044,,0.0002,86289.27,175.0
1790950558,btc,1791014400000,88000.0,put,33.65,0.02073275,0.0185,0.0225,86289.27,0.0
1790950558,btc,1793347200000,79000.0,call,36.67,0.09750307,0.0955,0.099,86624.29,268.9
1790950558,btc,1795766400000,112000.0,call,40.64,0.00425477,0.0041,0.0044,86972.24,8.8
1790950558,btc,1791532800000,85000.0,call,29.85,0.02509564,0.0245,0.026,86364.63,652.1
1790950558,btc,1813910400000,90000.0,call,38.64,0.12909462,0.128,0.1305,89625.13,763.9
1790950558,btc,1791273600000,82000.0,put,33.11,0.00089844,0.0007,0.0009,86335.71,2.3
1790950558,btc,1806048000000,78000.0,call,38.65,0.16974744,0.1685,0.171,88438.62,647.6
1790950558,btc,1791273600000,76000.0,call,55.6,0.11964111,0.118,0.1215,86335.71,0.0
1790950558,btc,1795766400000,68000.0,put,45.19,0.00579509,0.0055,0.006,86972.24,182.2
1790950558,btc,1791014400000,91000.0,call,49.41,6.195e-05,,0.0002,86289.27,142.5
1790950558,btc,1791187200000,81000.0,call,38.15,0.06177016,0.06,0.0635,86312.66,0.0
1790950558,btc,1791532800000,82000.0,call,32.83,0.05316747,0.051,0.055,86372.78,304.8
1790950558,btc,1798185600000,95000.0,put,36.99,0.12584369,0.124,0.1275,87337.7,143.3
1790950558,btc,1795766400000,81000.0,put,37.01,0.02792626,0.0275,0.028,86980.39,355.2
1790950558,btc,1792742400000,79000.0,call,36.27,0.09317554,0.0915,0.095,86534.66,0.0
1790950558,btc,1791532800000,78000.0,call,42.72,0.09762353,0.0955,0.0995,86372.78,28.2
1790950558,btc,1791187200000,95000.0,call,45.4,9.886e-05,,0.0002,86320.81,0.0
1790950558,btc,1813910400000,55000.0,put,45.91,0.01543598,0.0145,0.016,89628.47,36.9
1790950558,btc,1806048000000,96000.0,call,37.7,0.07064576,0.07,0.0715,88438.62,280.8
1790950558,btc,1793347200000,60000.0,call,63.83,0.30833036,0.3065,0.31,86632.44,13.7
1790950558,btc,1793347200000,76000.0,put,39.57,0.00573171,0.005,0.006,86624.29,889.6
1790950558,btc,1791187200000,83500.0,call,28.24,0.03356064,0.032,0.0355,86320.81,9.2
1790950558,btc,1793347200000,45000.0,call,89.18,0.48072354,0.4795,0.482,86632.44,0.9
1790950558,btc,1793347200000,66000.0,call,54.39,0.23988741,0.2385,0.241,86632.44,76.9
1790950558,btc,1791100800000,81000.0,call,44.44,0.06135225,0.06,0.063,86303.02,7.6
1790950558,btc,1821772800000,108000.0,call,39.16,0.0896127,0.089,0.091,90796.24,0.0
1790950558,btc,1798185600000,70000.0,put,41.85,0.0122032,0.012,0.0125,87337.7,2348.8
1790950558,btc,1793347200000,58000.0,call,66.66,0.33120859,0.3295,0.3325,86632.44,0.0
1790950558,btc,1793347200000,90000.0,call,33.92,0.02165788,0.021,0.022,86632.44,14083.0
1790950558,btc,1795766400000,98000.0,call,36.75,0.01731463,0.017,0.0175,86972.24,734.5
1790950558,btc,1798185600000,125000.0,call,43.04,0.00406888,0.004,0.0043,87337.7,516.6
1790950558,btc,1813910400000,40000.0,put,55.01,0.00536656,0.0046,0.006,89628.47,1251.8
1790950558,btc,1793347200000,94000.0,put,34.8,0.0960928,0.094,0.098,86632.44,0.1
1790950558,btc,1791532800000,81000.0,call,34.83,0.06386095,0.062,0.0655,86372.78,100.3
1790950558,btc,1798185600000,100000.0,call,37.42,0.02480979,0.0245,0.0255,87329.55,5849.2
1790950558,btc,1821772800000,102000.0,put,39.06,0.23146568,0.229,0.234,90804.39,0.0
1790950558,btc,1806048000000,62000.0,put,43.81,0.01499656,0.0145,0.0155,88438.62,443.5
1790950558,btc,1791100800000,95000.0,call,52.32,4.462e-05,,0.0001,86303.02,40.0
1790950558,btc,1795766400000,80000.0,call,37.31,0.1047688,0.1035,0.1055,86972.24,1146.6
1790950558,btc,1792742400000,84000.0,call,33.57,0.04816075,0.0475,0.049,86542.81,20.1
1790950558,btc,1791100800000,87500.0,put,24.88,0.01620705,0.014,0.0175,86303.02,11.4
1790950558,btc,1813910400000,135000.0,put,41.1,0.53186958,0.528,0.535,89625.13,0.0
1790950558,btc,1813910400000,94000.0,put,38.59,0.15979451,0.158,0.1605,89625.13,0.1
1790950558,btc,1795766400000,92000.0,call,36.04,0.03338772,0.033,0.034,86972.24,445.2
1790950558,btc,1798185600000,58000.0,put,51.83,0.00417101,0.0038,0.0043,87337.7,1835.3
1790950558,btc,1793347200000,100000.0,put,37.58,0.1586175,0.1565,0.161,86632.44,1.3
1790950558,btc,1798185600000,220000.0,call,64.9,0.00020554,0.0001,0.0004,87329.55,252.9
1790950558,btc,1806048000000,80000.0,call,38.38,0.1552259,0.1545,0.1565,88438.62,1098.8
1790950558,btc,1798185600000,56000.0,put,53.92,0.00358033,0.0032,0.0038,87337.7,519.3
1790950558,btc,1798185600000,140000.0,call,47.27,0.00192338,0.0018,0.0021,87329.55,1418.6
1790950558,btc,1791273600000,95000.0,call,41.03,0.00015443,0.0001,0.0003,86327.56,0.0
1790950558,btc,1791187200000,74000.0,put,59.47,1.921e-05,,0.0002,86320.81,2.0
1790950558,btc,1793347200000,71000.0,call,46.39,0.18334904,0.1815,0.185,86632.44,945.0
1790950558,btc,1791014400000,76000.0,put,84.16,3.78e-06,,0.0001,86289.27,40.6
1790950558,btc,1791187200000,79000.0,call,47.5,0.08482968,0.083,0.0865,86312.66,3.9
1790950558,btc,1793347200000,106000.0,call,41.27,0.00191358,0.0018,0.002,86624.29,87.9
1790950558,btc,1798185600000,76000.0,put,39.1,0.02318368,0.023,0.0235,87337.82,455.3
1790950558,btc,1798185600000,250000.0,call,71.26,0.00016262,,0.0002,87337.7,1282.4
1790950558,btc,1813910400000,85000.0,call,38.86,0.15566161,0.1545,0.157,89625.13,163.2
1790950558,btc,1813910400000,45000.0,put,51.21,0.00746913,0.0065,0.008,89628.47,162.6
1790950558,btc,1813910400000,106000.0,call,38.83,0.07003652,0.0695,0.071,89628.47,18.7
1790950558,btc,1791532800000,92000.0,put,33.71,0.06718711,0.065,0.0695,86372.78,0.0
1790950558,btc,1806048000000,70000.0,call,40.6,0.23656924,0.235,0.2415,88438.62,770.4
1790950558,btc,1791273600000,96000.0,call,43.27,0.00011462,,0.0003,86327.56,0.1
1790950558,btc,1795766400000,92000.0,put,36.04,0.0912004,0.09,0.092,86980.39,2.1
1790950558,btc,1793347200000,40000.0,put,95.14,8.165e-05,,0.0002,86632.44,223.9
1790950558,btc,1791273600000,83000.0,put,30.12,0.00141391,0.0011,0.0014,86327.56,52.8
1790950558,btc,1792137600000,82000.0,call,33.86,0.05904956,0.057,0.0605,86462.25,17.9
1790950558,btc,1813910400000,108000.0,call,38.91,0.06491324,0.064,0.0655,89625.13,35.2
1790950558,btc,1792742400000,82000.0,call,34.32,0.06452163,0.063,0.066,86542.81,0.0
1790950558,btc,1813910400000,115000.0,put,39.33,0.3332485,0.33,0.3355,89625.13,1.0
1790950558,btc,1806048000000,45000.0,put,55.13,0.0041226,0.0038,0.0043,88438.62,252.6
1790950558,btc,1793347200000,95000.0,put,35.21,0.10597937,0.104,0.108,86632.44,201.3
1790950558,btc,1795766400000,108000.0,call,39.32,0.00613739,0.006,0.0065,86972.24,103.1
1790950558,btc,1795766400000,83000.0,call,36.54,0.08139309,0.0805,0.0825,86980.39,100.1
1790950558,btc,1791187200000,79000.0,put,47.5,0.00022248,0.0001,0.0003,86312.66,36.6
1790950558,btc,1795766400000,98000.0,put,36.75,0.14411509,0.142,0.146,86980.39,0.0
1790950558,btc,1791100800000,83000.0,put,33.26,0.00042153,0.0003,0.0005,86303.02,18.5
1790950558,btc,1795766400000,78000.0,put,38.02,0.01898411,0.0185,0.0195,86972.24,201.7
1790950558,btc,1798185600000,65000.0,put,45.41,0.00752925,0.007,0.008,87329.55,891.8
1790950558,btc,1791100800000,78000.0,call,58.42,0.0960882,0.0945,0.098,86303.0,0.0
1790950558,btc,1795766400000,104000.0,call,38.1,0.00909879,0.0085,0.0095,86972.24,19.6
1790950558,btc,1791532800000,68000.0,put,67.42,0.00011582,0.0001,0.0002,86372.78,801.0
1790950558,btc,1813910400000,130000.0,call,40.64,0.02993901,0.0295,0.0305,89628.47,772.7
1790950558,btc,1795766400000,90000.0,put,35.98,0.07610509,0.0755,0.0765,86972.24,6.8
1790950558,btc,1798185600000,40000.0,call,74.47,0.5431114,0.542,0.5445,87337.7,253.2
1790950558,btc,1795766400000,86000.0,call,36.13,0.06173669,0.061,0.0625,86972.24,177.6
1790950558,btc,1798185600000,135000.0,put,46.05,0.5485341,0.5445,0.5515,87337.82,0.7
1790950558,btc,1806048000000,105000.0,call,38.18,0.04446021,0.044,0.045,88438.62,244.7
1790950558,btc,1806048000000,100000.0,put,37.86,0.18846188,0.186,0.1905,88430.47,12.7
1790950558,btc,1791273600000,88000.0,put,28.16,0.0238571,0.022,0.0255,86327.56,0.0
1790950558,btc,1821772800000,160000.0,put,42.63,0.7852029,0.78,0.795,90804.39,0.0
1790950558,btc,1813910400000,130000.0,put,40.64,0.48050824,0.47,0.4835,89628.47,3.9
1790950558,btc,1798185600000,20000.0,put,114.18,0.00027333,0.0002,0.0003,87329.55,933.2
1790950558,btc,1791273600000,78000.0,put,45.42,0.00021255,0.0001,0.0003,86327.56,0.1
1790950558,btc,1793347200000,74000.0,call,42.1,0.15004854,0.1485,0.1515,86632.44,658.9
1790950558,btc,1791532800000,100000.0,call,44.41,0.00016062,0.0001,0.0003,86372.78,327.5
1790950558,btc,1821772800000,200000.0,put,45.83,1.21384813,1.193,1.232,90804.39,0.0
1790950558,btc,1791187200000,96000.0,put,47.64,0.11244381,0.1095,0.1145,86312.66,0.0
1790950558,btc,1795766400000,99000.0,put,36.93,0.15380047,0.1515,0.156,86972.24,0.0
1790950558,btc,1813910400000,80000.0,call,39.24,0.18657371,0.1855,0.1875,89625.13,185.0
1790950558,btc,1791014400000,80000.0,put,78.0,0.00019009,,0.0002,86289.27,634.6
1790950558,btc,1792137600000,95000.0,put,36.0,0.10196795,0.1,0.1045,86462.25,0.0
1790950558,btc,1806048000000,140000.0,call,42.49,0.00930051,0.009,0.01,88438.62,903.4
1790950558,btc,1795766400000,73000.0,call,40.9,0.17076116,0.169,0.1725,86972.24,0.6
1790950558,btc,1792742400000,78000.0,put,37.84,0.00531521,0.0049,0.0055,86534.66,503.3
1790950558,btc,1798185600000,62000.0,call,47.89,0.29569045,0.294,0.2975,87337.7,247.1
1790950558,btc,1821772800000,92000.0,call,39.1,0.14769877,0.1465,0.149,90804.39,1.0
1790950558,btc,1813910400000,135000.0,call,41.1,0.02550923,0.025,0.026,89625.13,0.5
1790950558,btc,1813910400000,82000.0,call,39.07,0.17369326,0.1725,0.175,89625.13,68.3
1790950558,btc,1793347200000,71000.0,put,46.39,0.00298323,0.0027,0.003,86632.44,1392.1
1790950558,btc,1813910400000,110000.0,call,39.04,0.06026902,0.0595,0.061,89628.47,293.5
1790950558,btc,1791532800000,92000.0,call,33.71,0.001801,0.0017,0.002,86372.78,913.9
1790950558,btc,1813910400000,85000.0,put,38.86,0.10411072,0.103,0.105,89625.13,16.6
1790950558,btc,1806048000000,108000.0,call,38.42,0.03816365,0.038,0.039,88430.47,98.0
1790950558,btc,1795766400000,74000.0,call,40.16,0.16053602,0.159,0.1625,86980.39,0.4
1790950558,btc,1813910400000,104000.0,call,38.75,0.07557917,0.075,0.0765,89625.13,185.9
1790950558,btc,1798185600000,60000.0,call,49.76,0.3177139,0.316,0.3195,87337.7,784.1
1790950558,btc,1791187200000,82500.0,call,32.15,0.04465903,0.0435,0.0465,86320.81,8.7
1790950558,btc,1791014400000,84000.0,put,40.16,0.00055214,0.0004,0.0006,86289.27,352.0
1790950558,btc,1821772800000,74000.0,put,40.23,0.0687704,0.0675,0.07,90804.39,25.0
1790950558,btc,1806048000000,55000.0,put,47.69,0.00867521,0.0085,0.009,88438.62,1159.9
1790950558,btc,1813910400000,150000.0,call,42.6,0.01640723,0.016,0.017,89625.13,219.3
1790950558,btc,1791100800000,94000.0,put,47.9,0.08959784,0.087,0.0915,86303.02,0.0
1790950558,btc,1793347200000,54000.0,call,72.05,0.37706832,0.3755,0.3785,86632.44,0.1
1790950558,btc,1792742400000,82000.0,put,34.32,0.01223819,0.0115,0.0125,86534.66,22.8
1790950558,btc,1793347200000,91000.0,call,34.05,0.01829028,0.018,0.0185,86632.44,1969.4
1790950558,btc,1793347200000,82000.0,put,34.84,0.01650004,0.016,0.017,86632.44,505.8
1790950558,btc,1806048000000,106000.0,put,38.23,0.2410303,0.238,0.2435,88438.62,0.1
1790950558,btc,1791532800000,95000.0,put,37.05,0.10071695,0.0985,0.103,86372.78,0.7
1790950558,btc,1791100800000,82000.0,call,37.59,0.0497845,0.048,0.0525,86303.02,0.0
1790950558,btc,1792137600000,78000.0,call,38.25,0.10034652,0.0985,0.102,86454.1,0.1
1790950558,btc,1792742400000,89000.0,call,33.33,0.01988378,0.0195,0.0205,86542.84,23.9
1790950558,btc,1791100800000,76000.0,put,65.89,3.381e-05,,0.0003,86294.87,5.8
1790950558,btc,1798185600000,210000.0,put,62.34,1.40519513,1.392,1.4125,87329.55,0.0
1790950558,btc,1793347200000,54000.0,put,72.05,0.00045207,0.0003,0.0006,86632.44,191.5
1790950558,btc,1791100800000,85500.0,put,23.34,0.00288563,0.0025,0.0029,86294.87,52.7
1790950558,btc,1791273600000,92000.0,call,33.98,0.00043832,0.0003,0.0006,86335.71,9.1
1790950558,btc,1791532800000,70000.0,put,63.74,0.00019689,0.0001,0.0003,86364.63,123.7
1790950558,btc,1798185600000,80000.0,call,38.05,0.11931567,0.118,0.12,87337.7,8727.2
1790950558,btc,1821772800000,80000.0,put,39.62,0.09409363,0.0925,0.0955,90804.39,300.4
1790950558,btc,1798185600000,105000.0,put,38.13,0.21882961,0.2165,0.221,87337.7,107.5
1790950558,btc,1791100800000,81000.0,put,44.44,0.00021665,0.0001,0.0003,86303.02,15.3
1790950558,btc,1798185600000,200000.0,put,60.48,1.29072476,1.278,1.3,87329.55,0.0
1790950558,btc,1795766400000,106000.0,call,38.66,0.00742696,0.007,0.008,86980.39,29.4
1790950558,btc,1791273600000,80000.0,call,39.9,0.07353152,0.0715,0.0755,86335.71,0.0
1790950558,btc,1795766400000,102000.0,put,37.66,0.1840766,0.182,0.1865,86972.24,4.0
1790950558,btc,1792742400000,88000.0,call,33.25,0.02406859,0.0235,0.0245,86542.81,33.4
1790950558,btc,1795766400000,67000.0,put,46.43,0.00535398,0.005,0.0055,86972.24,181.6
1790950558,btc,1792742400000,86000.0,put,33.24,0.02857559,0.028,0.029,86542.81,38.9
1790950558,btc,1793347200000,64000.0,put,57.53,0.00147021,0.0013,0.0016,86632.44,559.3
1790950558,btc,1793347200000,75000.0,call,40.8,0.13914577,0.1375,0.141,86632.44,1166.8
1790950558,btc,1791014400000,83500.0,call,43.7,0.03249824,0.031,0.034,86289.27,7.8
1790950558,btc,1806048000000,60000.0,call,44.78,0.33418496,0.3325,0.3375,88438.62,647.9
1790950558,btc,1798185600000,170000.0,put,55.54,0.9476158,0.943,0.9515,87337.7,0.1
1790950558,btc,1791273600000,87500.0,call,27.7,0.00567433,0.0055,0.006,86335.71,0.8
1790950558,btc,1791100800000,81500.0,call,40.87,0.05556181,0.0535,0.0575,86303.02,0.0
1790950558,btc,1793347200000,85000.0,call,33.87,0.04701886,0.0465,0.048,86632.44,2030.9
1790950558,btc,1793347200000,66000.0,put,54.39,0.00180088,0.0016,0.0019,86632.44,538.1
1790950558,btc,1821772800000,104000.0,put,39.09,0.24707083,0.2445,0.2535,90796.24,0.0
1790950558,btc,1792137600000,76000.0,put,41.74,0.00180644,0.0016,0.0018,86454.1,547.5
1790950558,btc,1791100800000,75000.0,call,72.08,0.13071467,0.129,0.1325,86303.02,0.0
1790950558,btc,1791014400000,82000.0,put,57.19,0.00022599,0.0001,0.0003,86289.27,54.4
1790950558,btc,1798185600000,72000.0,call,40.77,0.19050953,0.189,0.1935,87337.7,1214.3
1790950558,btc,1798185600000,40000.0,put,74.47,0.00120248,0.0011,0.0012,87337.7,4958.5
1790950558,btc,1821772800000,70000.0,put,40.81,0.0549257,0.054,0.056,90804.39,3.1
1790950558,btc,1791532800000,90000.0,call,32.2,0.00412513,0.0039,0.0044,86372.78,1790.0
1790950558,btc,1791532800000,86000.0,call,30.12,0.01842122,0.018,0.019,86364.63,803.7
1790950558,btc,1791100800000,92000.0,call,38.93,7.756e-05,,0.0002,86303.02,0.8
1790950558,btc,1798185600000,135000.0,call,46.05,0.00247671,0.0025,0.0026,87337.7,1458.5
1790950558,btc,1821772800000,135000.0,call,40.62,0.04120918,0.0405,0.042,90796.24,100.0
1790950558,btc,1791532800000,89000.0,call,31.51,0.00615593,0.006,0.0065,86364.63,276.3
1790950558,btc,1798185600000,104000.0,put,37.99,0.20881472,0.2065,0.211,87337.7,1.3
1790950558,btc,1793347200000,76000.0,call,39.57,0.1283768,0.1265,0.1295,86632.44,495.5
1790950558,btc,1821772800000,120000.0,call,39.61,0.06230519,0.0615,0.0635,90804.39,12.1
1790950558,btc,1813910400000,68000.0,put,41.27,0.03758357,0.0365,0.0385,89625.13,26.6
1790950558,btc,1791100800000,95000.0,put,52.32,0.10118187,0.0985,0.103,86303.02,0.0
1790950558,btc,1791532800000,100000.0,put,44.41,0.15818899,0.156,0.1605,86372.78,10.8
1790950558,btc,1798185600000,85000.0,put,37.16,0.05749,0.057,0.058,87337.7,570.8
1790950558,btc,1791273600000,91000.0,put,32.13,0.05509942,0.053,0.057,86335.71,0.0
1790950558,btc,1791187200000,82000.0,call,34.19,0.05034043,0.0485,0.0525,86320.81,0.0
1790950558,btc,1795766400000,95000.0,call,36.31,0.02408875,0.0235,0.0245,86972.24,1086.1
1790950558,btc,1798185600000,84000.0,put,37.27,0.05239604,0.052,0.0525,87337.7,159.5
1790950558,btc,1793347200000,70000.0,call,47.95,0.1945911,0.193,0.196,86632.44,3758.6
1790950558,btc,1793347200000,86000.0,call,33.9,0.0408506,0.0405,0.0415,86632.44,1276.2
1790950558,btc,1792742400000,100000.0,put,38.33,0.15811921,0.156,0.1605,86534.66,0.0
1790950558,btc,1795766400000,120000.0,call,43.61,0.00226985,0.0022,0.0025,86972.24,120.1
1790950558,btc,1806048000000,180000.0,put,48.84,1.03879877,1.0275,1.0505,88438.62,0.1
1790950558,btc,1791100800000,83500.0,put,30.38,0.00052789,0.0004,0.0005,86303.02,30.0
1790950558,btc,1813910400000,72000.0,call,40.39,0.24539169,0.2435,0.2465,89628.47,87.2
1790950558,btc,1792137600000,82000.0,put,33.86,0.00764649,0.007,0.008,86462.25,179.9
1790950558,btc,1791273600000,80000.0,put,39.9,0.00045357,0.0003,0.0005,86327.56,105.2
1790950558,btc,1821772800000,84000.0,call,39.35,0.18874145,0.187,0.1905,90804.39,502.3
1790950558,btc,1791273600000,89000.0,call,29.11,0.00229551,0.0021,0.0026,86327.56,3.3
1790950558,btc,1792137600000,89000.0,put,33.09,0.04340642,0.0425,0.044,86454.1,7.7
1790950558,btc,1813910400000,110000.0,put,39.04,0.28767375,0.285,0.2905,89625.13,5.3
1790950558,btc,1791014400000,86500.0,call,29.89,0.00419728,0.0039,0.0045,86289.27,137.3
1790950558,btc,1791014400000,75000.0,put,84.17,9.3e-07,,0.0001,86289.27,19.9
1790950558,btc,1821772800000,150000.0,call,41.78,0.02843754,0.028,0.0295,90804.39,23.9
1790950558,btc,1792742400000,75000.0,put,41.49,0.00304958,0.0028,0.0031,86542.81,2.7
1790950558,btc,1795766400000,110000.0,call,40.01,0.00511654,0.0049,0.0055,86972.24,260.8
1790950558,btc,1792137600000,92000.0,call,34.11,0.0063515,0.006,0.007,86462.25,275.7
1790950558,btc,1792742400000,79000.0,put,36.27,0.00621954,0.006,0.0065,86534.66,48.9
1790950558,btc,1798185600000,130000.0,call,44.36,0.00306481,0.0029,0.0033,87337.82,1569.0
1790950558,btc,1791100800000,80500.0,call,48.65,0.06716324,0.0655,0.069,86294.87,0.0
1790950558,btc,1806048000000,92000.0,call,37.61,0.086594,0.086,0.0875,88438.62,419.5
1790950558,btc,1793347200000,87000.0,call,33.79,0.03509675,0.0345,0.0355,86632.44,917.7
1790950558,btc,1813910400000,58000.0,put,44.57,0.0189933,0.018,0.0195,89628.47,100.6
1790950558,btc,1795766400000,71000.0,call,42.39,0.19160289,0.19,0.1935,86980.39,0.2
1790950558,btc,1821772800000,112000.0,call,39.27,0.07918592,0.0785,0.0805,90804.39,0.0
1790950558,btc,1806048000000,96000.0,put,37.7,0.15637666,0.155,0.1565,88438.62,4.4
1790950558,btc,1793347200000,88000.0,call,33.79,0.03003831,0.0295,0.0305,86632.44,1479.0
1790950558,btc,1791187200000,84000.0,put,26.65,0.00134121,0.0011,0.0014,86320.81,84.4
1790950558,btc,1792742400000,88000.0,put,33.25,0.04113026,0.04,0.0415,86542.81,0.0
1790950558,btc,1791273600000,86500.0,call,27.03,0.00984645,0.0095,0.0105,86335.71,28.6
1790950558,btc,1793347200000,62000.0,call,60.6,0.28545344,0.284,0.287,86632.44,13.5
1790950558,btc,1791273600000,79000.0,call,43.19,0.08499739,0.083,0.087,86335.71,0.0
1790950558,btc,1813910400000,74000.0,call,40.04,0.22966773,0.228,0.231,89625.13,23.3
1790950558,btc,1792742400000,83000.0,call,33.87,0.05599758,0.0545,0.057,86542.81,1.8
1790950558,btc,1813910400000,68000.0,call,41.27,0.27882428,0.277,0.2805,89625.13,14.7
1790950558,btc,1791532800000,88000.0,call,30.9,0.00905653,0.0085,0.0095,86364.63,563.4
1790950558,btc,1806048000000,65000.0,put,42.47,0.01903547,0.0185,0.0195,88438.62,893.7
1790950558,btc,1793347200000,57000.0,call,67.84,0.34264673,0.341,0.344,86632.44,0.1
1790950558,btc,1792137600000,76000.0,call,41.74,0.12261905,0.121,0.1245,86454.1,0.0
1790950558,btc,1792742400000,73000.0,put,44.72,0.00230238,0.002,0.0024,86534.66,1.4
1790950558,btc,1798185600000,210000.0,call,62.34,0.00021696,0.0001,0.0004,87337.7,162.5
1790950558,btc,1798185600000,92000.0,call,36.84,0.04851352,0.048,0.049,87337.7,784.0
1790950558,btc,1821772800000,210000.0,put,46.64,1.32250851,1.3025,1.3375,90804.39,0.0
1790950558,btc,1813910400000,112000.0,put,39.15,0.30566631,0.3025,0.3075,89625.13,0.0
1790950558,btc,1806048000000,90000.0,call,37.63,0.09579562,0.0955,0.097,88438.62,762.0
1790950558,btc,1798185600000,86000.0,call,37.02,0.07792647,0.0775,0.0785,87337.82,528.7
1790950558,btc,1791187200000,83000.0,call,30.06,0.03900985,0.0375,0.0405,86320.81,8.8
1790950558,btc,1795766400000,84000.0,call,36.34,0.07437909,0.0735,0.0755,86980.39,83.0
1790950558,btc,1791014400000,80500.0,put,74.01,0.00022048,,0.0003,86289.27,32.1
1790950558,btc,1791100800000,86000.0,put,22.96,0.00484958,0.0043,0.0049,86303.02,7.4
1790950558,btc,1813910400000,90000.0,put,38.64,0.13333485,0.132,0.1345,89625.13,87.3
1790950558,btc,1793347200000,68000.0,put,51.21,0.00220308,0.0019,0.0023,86632.44,1381.5
1790950558,btc,1821772800000,96000.0,call,39.06,0.13040026,0.129,0.132,90804.39,0.4
1790950558,btc,1791532800000,74000.0,call,52.74,0.14342786,0.1415,0.145,86372.78,1.1
1790950558,btc,1806048000000,160000.0,put,45.78,0.81456049,0.8095,0.8175,88430.47,0.1
1790950558,btc,1798185600000,74000.0,call,39.84,0.17120109,0.1695,0.173,87337.82,137.9
1790950558,btc,1792137600000,79000.0,put,36.82,0.00337958,0.003,0.0035,86462.26,165.2
1790950558,btc,1792742400000,83000.0,put,33.87,0.01527166,0.0145,0.0155,86534.66,13.2
1790950558,btc,1791100800000,88000.0,put,25.83,0.02120968,0.018,0.023,86294.87,0.0
1790950558,btc,1791100800000,85500.0,call,23.34,0.0118621,0.0105,0.0135,86303.02,28.0
1790950558,btc,1792137600000,94000.0,put,35.38,0.09126286,0.0895,0.0935,86454.1,0.0
1790950558,btc,1791273600000,94000.0,call,38.24,0.00019387,0.0002,0.0003,86335.71,0.0
1790950558,btc,1798185600000,54000.0,call,56.14,0.38467379,0.383,0.3865,87329.55,32.2
1790950558,btc,1798185600000,200000.0,call,60.48,0.00026936,0.0001,0.0005,87329.55,962.4
1790950558,btc,1791532800000,72000.0,put,57.05,0.00022689,0.0002,0.0004,86372.78,129.1
1790950558,btc,1795766400000,71000.0,put,42.39,0.00795833,0.0075,0.0085,86972.24,28.7
1790950558,btc,1821772800000,135000.0,put,40.62,0.52823373,0.524,0.537,90804.39,0.0
1790950558,btc,1821772800000,150000.0,put,41.78,0.68068704,0.676,0.6895,90804.39,0.0
1790950558,btc,1813910400000,72000.0,put,40.39,0.04878388,0.048,0.0495,89625.13,54.4
1790950558,btc,1791014400000,81000.0,call,68.31,0.06142298,0.0595,0.0635,86289.27,0.0
1790950558,btc,1798185600000,45000.0,call,67.16,0.4862944,0.485,0.4885,87337.7,94.5
1790950558,btc,1791187200000,80500.0,put,40.53,0.00030211,0.0002,0.0004,86320.81,10.6
1790950558,btc,1813910400000,70000.0,call,40.83,0.26186965,0.26,0.2635,89628.47,207.3
1790950558,btc,1792137600000,83000.0,call,33.36,0.05005088,0.049,0.051,86462.25,27.6
1790950558,btc,1791100800000,88500.0,call,27.05,0.00075013,0.0007,0.0009,86303.02,3.8
1790950558,btc,1798185600000,68000.0,put,43.2,0.01003413,0.0095,0.0105,87337.7,694.9
1790950558,btc,1806048000000,98000.0,put,37.76,0.17207019,0.1705,0.174,88438.62,1.6
1790950558,btc,1798185600000,115000.0,put,40.31,0.32465063,0.322,0.3275,87337.7,5.0
1790950558,btc,1813910400000,78000.0,put,39.46,0.07056974,0.0695,0.0715,89628.47,107.0
1790950558,btc,1793347200000,48000.0,put,81.41,0.00022064,0.0001,0.0004,86632.44,198.2
1790950558,btc,1791273600000,92000.0,put,33.98,0.06639867,0.064,0.0685,86327.56,7.8
1790950558,btc,1798185600000,102000.0,put,37.67,0.18910081,0.1865,0.191,87337.7,7.8
1790950558,btc,1813910400000,120000.0,call,39.72,0.04188454,0.0415,0.0425,89628.47,352.3
1790950558,btc,1791100800000,91000.0,call,33.99,9.545e-05,0.0001,0.0002,86303.02,0.7
1790950558,btc,1791532800000,90000.0,put,32.2,0.04635067,0.0445,0.0485,86372.78,2.3
1790950558,btc,1792137600000,85000.0,call,32.84,0.03442311,0.0335,0.035,86462.25,85.7
1790950558,btc,1813910400000,106000.0,put,38.83,0.25280836,0.2505,0.255,89628.47,0.0
1790950558,btc,1792742400000,92000.0,put,34.02,0.07412343,0.0725,0.076,86534.66,0.0
1790950558,btc,1791014400000,80000.0,call,78.0,0.07286878,0.071,0.075,86289.27,0.0
1790950558,btc,1806048000000,170000.0,put,47.28,0.92647512,0.921,0.93,88438.62,0.4
1790950558,btc,1791532800000,94000.0,put,35.91,0.08939238,0.0875,0.0915,86372.78,0.0
1790950558,btc,1793347200000,104000.0,put,39.99,0.20303061,0.201,0.2055,86632.44,0.0
1790950558,btc,1821772800000,84000.0,put,39.35,0.11400117,0.1125,0.1155,90804.39,501.0
1790950558,btc,1793347200000,91000.0,put,34.05,0.06880734,0.0675,0.0695,86632.44,3.5
1790950558,btc,1791273600000,93000.0,put,36.26,0.07784107,0.0755,0.08,86335.71,7.7
1790950558,btc,1821772800000,86000.0,put,39.23,0.12479388,0.123,0.126,90804.39,4.4
1790950558,btc,1821772800000,76000.0,put,40.01,0.07664191,0.075,0.0775,90804.39,25.2
1790950558,btc,1806048000000,90000.0,put,37.63,0.11366834,0.113,0.114,88430.47,45.0
1790950558,btc,1791273600000,84500.0,put,27.36,0.00350649,0.0031,0.0036,86335.71,0.3
1790950558,btc,1793347200000,80000.0,put,35.93,0.01137223,0.011,0.0115,86632.44,2065.5
1790950558,btc,1806048000000,54000.0,put,48.5,0.00815382,0.0075,0.0085,88438.62,85.5
1790950558,btc,1791014400000,82500.0,call,52.13,0.04394999,0.042,0.046,86289.27,0.0
1790950558,btc,1795766400000,93000.0,call,36.11,0.02997625,0.0295,0.0305,86972.24,203.6
1790950558,btc,1821772800000,108000.0,put,39.16,0.27913014,0.276,0.282,90804.39,0.0
1790950558,btc,1791187200000,85500.0,put,24.28,0.004517,0.0041,0.0046,86320.81,17.5
1790950558,btc,1806048000000,60000.0,put,44.78,0.01276677,0.0125,0.013,88438.62,817.4
1790950558,btc,1791187200000,91000.0,put,31.97,0.05474257,0.0525,0.057,86312.66,0.0
1790950558,btc,1798185600000,65000.0,call,45.41,0.26320938,0.2615,0.265,87337.82,916.8
1790950558,btc,1791014400000,92000.0,put,54.57,0.06645445,0.064,0.0685,86289.27,0.0
1790950558,btc,1793347200000,110000.0,put,44.43,0.27119087,0.2685,0.274,86632.44,0.2
1790950558,btc,1821772800000,140000.0,put,41.0,0.57834154,0.574,0.589,90796.24,0.0
1790950558,btc,1791014400000,85500.0,put,30.16,0.00206246,0.0017,0.0021,86289.27,58.4
1790950558,btc,1821772800000,86000.0,call,39.23,0.17750416,0.176,0.1795,90804.39,1.3
1790950558,btc,1791014400000,91000.0,put,49.41,0.05488994,0.0525,0.057,86289.27,0.0
1790950558,btc,1798185600000,190000.0,call,58.25,0.0003252,0.0001,0.0006,87337.7,1027.1
1790950558,btc,1798185600000,230000.0,put,67.62,1.63422935,1.6215,1.643,87337.7,0.0
1790950558,btc,1806048000000,150000.0,call,44.08,0.00664263,0.006,0.007,88438.62,1866.5
1790950558,btc,1798185600000,45000.0,put,67.16,0.00164687,0.0014,0.0018,87337.7,2812.1
1790950558,btc,1791100800000,83000.0,call,33.26,0.03838053,0.0365,0.0405,86303.02,1.2
1790950558,btc,1793347200000,67000.0,put,52.93,0.00201755,0.0018,0.0021,86632.44,685.6
1790950558,btc,1813910400000,125000.0,call,40.17,0.03532334,0.035,0.036,89628.47,640.2
1790950558,btc,1813910400000,60000.0,call,43.76,0.352303,0.3505,0.3535,89628.47,969.9
1790950558,btc,1791187200000,83500.0,put,28.25,0.0009867,0.0008,0.001,86320.81,8.2
1790950558,btc,1792742400000,94000.0,call,34.88,0.00725902,0.007,0.008,86534.66,46.8
1790950558,btc,1795766400000,79000.0,put,37.65,0.02163532,0.021,0.022,86972.24,170.5
1790950558,btc,1791187200000,85000.0,call,24.7,0.01806532,0.0165,0.02,86320.81,3.6
1790950558,btc,1821772800000,190000.0,call,45.05,0.01280424,0.0125,0.0135,90804.39,9.0
1790950558,btc,1793347200000,59000.0,call,65.31,0.31976999,0.318,0.321,86632.44,1.0
1790950558,btc,1813910400000,115000.0,call,39.33,0.05005265,0.0495,0.051,89628.47,150.1
1790950558,btc,1791014400000,79000.0,call,83.83,0.08438972,0.0825,0.0865,86289.27,0.0
1790950558,btc,1806048000000,106000.0,call,38.23,0.04220244,0.042,0.043,88438.62,93.5
1790950558,btc,1793347200000,48000.0,call,81.41,0.44610176,0.4445,0.4475,86632.44,8.5
1790950558,btc,1791532800000,89000.0,put,31.51,0.03680118,0.035,0.0385,86364.63,5.1
1790950558,btc,1792742400000,75000.0,call,41.49,0.13623566,0.1345,0.138,86534.66,0.0
1790950558,btc,1806048000000,98000.0,call,37.76,0.0637199,0.0635,0.0645,88438.62,216.1
1790950558,btc,1793347200000,88000.0,put,33.79,0.04592294,0.045,0.046,86632.44,2385.5
1790950558,btc,1813910400000,116000.0,put,39.41,0.34265292,0.3395,0.345,89625.13,0.0
1790950558,btc,1791187200000,95000.0,put,45.4,0.10088766,0.098,0.103,86312.66,0.0
1790950558,btc,1791273600000,88500.0,call,28.58,0.00312173,0.0029,0.0034,86335.71,4.4
1790950558,btc,1793347200000,102000.0,put,38.73,0.18066638,0.1785,0.183,86624.29,0.0
1790950558,btc,1792137600000,70000.0,call,53.56,0.1909525,0.189,0.1925,86462.25,0.0
1790950558,btc,1795766400000,88000.0,put,35.98,0.06247901,0.062,0.063,86980.39,36.1
1790950558,btc,1798185600000,72000.0,put,40.77,0.01507348,0.0145,0.0155,87329.55,856.1
1790950558,btc,1806048000000,56000.0,call,47.23,0.37614876,0.3745,0.379,88438.62,14.4
1790950558,btc,1791187200000,86500.0,put,24.56,0.00969489,0.009,0.01,86312.66,29.0
1790950558,btc,1795766400000,105000.0,put,38.41,0.21552546,0.213,0.218,86980.39,3.3
1790950558,btc,1791532800000,75000.0,call,50.46,0.13194498,0.13,0.1335,86372.78,0.4
1790950558,btc,1821772800000,72000.0,call,40.52,0.26853955,0.267,0.2705,90804.39,0.0
1790950558,btc,1813910400000,55000.0,call,45.91,0.40173362,0.4,0.403,89628.47,3.7
1790950558,btc,1795766400000,93000.0,put,36.11,0.0992869,0.098,0.1,86980.39,0.0
1790950558,btc,1791187200000,82500.0,put,32.15,0.0006072,0.0005,0.0007,86312.66,16.0
1790950558,btc,1795766400000,108000.0,put,39.32,0.2479175,0.2455,0.2505,86980.39,0.0
1790950558,btc,1791100800000,87000.0,put,24.11,0.01169923,0.0095,0.013,86303.02,14.0
1790950558,btc,1791100800000,84000.0,put,28.22,0.00074991,0.0005,0.0008,86303.02,28.4
1790950558,btc,1791014400000,87000.0,call,30.49,0.00227001,0.0021,0.0025,86289.27,124.7
1790950558,btc,1798185600000,56000.0,call,53.92,0.36225282,0.3605,0.364,87337.7,42.2
1790950558,btc,1791100800000,75000.0,put,72.08,3.356e-05,,0.0001,86303.02,12.0
1790950558,btc,1821772800000,170000.0,put,43.46,0.89110631,0.8855,0.905,90804.39,4.3
1790950558,btc,1806048000000,86000.0,put,37.81,0.08953155,0.0885,0.09,88438.62,29.9
1790950558,btc,1791014400000,84500.0,call,35.8,0.02137341,0.0195,0.023,86289.27,32.7
1790950558,btc,1806048000000,40000.0,put,59.12,0.00270036,0.0026,0.0028,88438.62,1932.7
1790950558,btc,1792742400000,76000.0,put,40.1,0.00360635,0.0033,0.0037,86542.81,0.5
1790950558,btc,1792137600000,92000.0,put,34.11,0.07063126,0.069,0.0725,86462.25,0.1
1790950558,btc,1806048000000,120000.0,call,39.64,0.02122341,0.021,0.022,88438.62,835.9
1790950558,btc,1791187200000,75000.0,put,59.22,4.502e-05,,0.0003,86312.66,9.5
1790950558,btc,1793347200000,80000.0,call,35.93,0.08784075,0.086,0.0895,86632.44,1385.3
1790950558,btc,1813910400000,140000.0,call,41.57,0.02183003,0.0215,0.0225,89625.13,378.4
1790950558,btc,1791100800000,81500.0,put,40.87,0.00022166,0.0001,0.0003,86303.02,6.6
1790950558,btc,1795766400000,67000.0,call,46.43,0.2349904,0.233,0.2365,86980.39,0.6
1790950558,btc,1793347200000,96000.0,put,35.56,0.11606889,0.114,0.118,86632.44,0.1
1790950558,btc,1791187200000,86000.0,call,24.38,0.01027544,0.0095,0.011,86312.66,19.1
1790950558,btc,1791100800000,74000.0,call,72.89,0.14228691,0.1405,0.1445,86294.87,0.0
1790950558,btc,1806048000000,56000.0,put,47.23,0.00949178,0.009,0.01,88438.62,131.8
1790950558,btc,1791014400000,94000.0,call,66.2,1.798e-05,,0.0001,86289.27,6.6
1790950558,btc,1813910400000,56000.0,call,45.4,0.3916296,0.39,0.393,89628.47,2.9
1790950558,btc,1813910400000,94000.0,call,38.59,0.11092138,0.11,0.112,89625.13,29.7
1790950558,btc,1813910400000,200000.0,put,47.58,1.23703143,1.219,1.2525,89628.47,2.1
1790950558,btc,1795766400000,78000.0,call,38.02,0.12214292,0.121,0.123,86972.24,243.0
1790950558,btc,1821772800000,200000.0,call,45.83,0.01084879,0.0105,0.0115,90804.39,27.5
1790950558,btc,1821772800000,118000.0,put,39.53,0.36592716,0.356,0.374,90804.39,0.0
1790950558,btc,1792742400000,96000.0,put,36.01,0.11447796,0.112,0.1165,86534.66,0.0
1790950558,btc,1795766400000,62000.0,put,51.8,0.00333414,0.0031,0.0035,86972.24,346.8
1790950558,btc,1792137600000,86000.0,put,32.81,0.02284143,0.022,0.023,86462.25,21.6
1790950558,btc,1798185600000,50000.0,call,61.14,0.42979211,0.428,0.4315,87337.7,260.7
1790950558,btc,1821772800000,74000.0,call,40.23,0.25366065,0.252,0.256,90804.39,1.4
1790950558,btc,1792742400000,78000.0,call,37.84,0.10382873,0.102,0.1055,86534.66,0.8
1790950558,btc,1793347200000,45000.0,put,89.18,0.00021,0.0001,0.0004,86632.44,321.2
1790950558,btc,1793347200000,69000.0,call,49.65,0.20589861,0.204,0.2075,86632.44,640.3
1790950558,btc,1791100800000,92000.0,put,38.93,0.06632058,0.064,0.0685,86303.0,0.0
1790950558,btc,1791014400000,87500.0,call,31.69,0.00121291,0.0011,0.0014,86289.27,66.3
1790950558,btc,1791014400000,85500.0,call,30.16,0.01098782,0.0095,0.0125,86289.27,25.8
1790950558,btc,1813910400000,84000.0,call,38.92,0.16149143,0.16,0.1625,89625.13,528.8
1790950558,btc,1791273600000,77000.0,call,50.15,0.10804174,0.1065,0.11,86335.71,0.0
1790950558,btc,1791273600000,83500.0,call,28.99,0.03440103,0.0325,0.036,86335.71,0.0
1790950558,btc,1793347200000,69000.0,put,49.65,0.00244451,0.0022,0.0025,86632.44,1586.7
1790950558,btc,1821772800000,104000.0,call,39.09,0.10151118,0.1005,0.103,90796.24,5.1
1790950558,btc,1795766400000,82000.0,put,36.74,0.0316141,0.031,0.032,86972.24,146.3
1790950558,btc,1793347200000,62000.0,put,60.6,0.00119034,0.001,0.0013,86632.44,1261.1
1790950558,btc,1813910400000,88000.0,put,38.69,0.12108791,0.12,0.122,89628.47,30.7
1790950558,btc,1793347200000,40000.0,call,95.14,0.53831591,0.537,0.5395,86632.44,0.3
1790950558,btc,1792742400000,85000.0,put,33.28,0.02328361,0.0225,0.0235,86542.84,3.1
1790950558,btc,1793347200000,86000.0,put,33.9,0.03364694,0.0325,0.034,86632.44,233.0
1790950558,btc,1791014400000,86500.0,put,29.89,0.00681059,0.006,0.007,86289.27,113.3
1790950558,btc,1806048000000,82000.0,put,38.13,0.06890182,0.068,0.0695,88438.62,76.4
1790950558,btc,1791187200000,84500.0,call,25.48,0.02285509,0.0215,0.0245,86320.81,51.7
1790950558,btc,1798185600000,64000.0,call,46.15,0.27387932,0.2725,0.2755,87337.7,404.8
1790950558,btc,1806048000000,95000.0,put,37.68,0.14880389,0.1475,0.149,88430.47,9.3
1790950558,btc,1798185600000,95000.0,call,36.99,0.03787738,0.0375,0.0385,87337.7,1559.5
1790950558,btc,1795766400000,105000.0,call,38.41,0.00823925,0.008,0.0085,86972.24,20.2
1790950558,btc,1795766400000,94000.0,call,36.2,0.02687339,0.0265,0.0275,86972.24,459.5
1790950558,btc,1806048000000,75000.0,call,39.27,0.19338607,0.192,0.1955,88430.47,0.2
1790950558,btc,1791014400000,83000.0,put,49.14,0.00035268,0.0002,0.0004,86281.12,255.7
1790950558,btc,1791273600000,93000.0,call,36.26,0.00029419,0.0003,0.0004,86327.56,0.0
1790950558,btc,1798185600000,240000.0,put,67.64,1.74867806,1.7325,1.76,87337.7,0.0
1790950558,btc,1791273600000,89500.0,call,29.73,0.00169339,0.0017,0.0019,86335.71,20.4
1790950558,btc,1821772800000,72000.0,put,40.52,0.06161931,0.0605,0.0625,90804.39,2.1
1790950558,btc,1813910400000,105000.0,call,38.79,0.07277248,0.072,0.0735,89625.13,163.5
1790950558,btc,1791273600000,85000.0,put,26.73,0.00479812,0.0044,0.0048,86335.71,0.7
1790950558,btc,1798185600000,86000.0,put,37.02,0.06282229,0.062,0.063,87337.7,105.2
1790950558,btc,1821772800000,110000.0,call,39.2,0.0841905,0.0835,0.0855,90804.39,200.6
1790950558,btc,1791014400000,93000.0,put,62.53,0.07804517,0.0755,0.08,86289.27,0.0
1790950558,btc,1791014400000,87500.0,put,31.69,0.01547059,0.0135,0.017,86289.27,12.5
1790950558,btc,1791187200000,90000.0,call,29.67,0.00056439,0.0005,0.0007,86320.81,67.9
1790950558,btc,1791014400000,82000.0,call,57.19,0.04972471,0.048,0.052,86289.27,0.0
1790950558,btc,1821772800000,50000.0,put,46.58,0.01543271,0.0145,0.016,90796.24,738.0
1790950558,btc,1792137600000,75000.0,call,43.7,0.13391443,0.132,0.1355,86454.1,0.0
1790950558,btc,1791187200000,78000.0,put,52.07,0.00018548,,0.0002,86320.81,41.3
1790950558,btc,1791100800000,74000.0,put,72.89,1.488e-05,,0.0001,86303.02,40.8
1790950558,btc,1806048000000,150000.0,put,44.08,0.70309715,0.6985,0.706,88430.47,0.6
1790950558,btc,1791187200000,80500.0,call,40.53,0.06752844,0.0655,0.0695,86320.81,0.0
1790950558,btc,1795766400000,84000.0,put,36.34,0.04020806,0.0395,0.0405,86972.24,76.6
1790950558,btc,1798185600000,20000.0,call,114.18,0.77122779,0.7705,0.7725,87337.7,5.1
1790950558,btc,1806048000000,110000.0,call,38.56,0.03444296,0.034,0.035,88438.62,1215.3
1790950558,btc,1792742400000,87000.0,put,33.18,0.03439479,0.0335,0.0345,86542.84,1.8
1790950558,btc,1806048000000,125000.0,call,40.26,0.01689005,0.0165,0.0175,88438.62,430.4
1790950558,btc,1791187200000,88500.0,call,26.8,0.00166565,0.0016,0.0018,86320.81,6.6
1790950558,btc,1798185600000,150000.0,put,50.27,0.71918121,0.715,0.723,87329.55,4.4
1790950558,btc,1813910400000,120000.0,put,39.72,0.38087152,0.3775,0.3835,89628.47,0.9
1790950558,btc,1813910400000,114000.0,put,39.28,0.32400197,0.321,0.3265,89625.13,0.0
1790950558,btc,1793347200000,87000.0,put,33.79,0.03943724,0.0385,0.0395,86624.29,452.8
1790950558,btc,1793347200000,63000.0,put,58.91,0.00130237,0.0011,0.0014,86632.44,641.0
1790950558,btc,1791532800000,77000.0,call,45.24,0.10902063,0.107,0.1105,86372.78,57.9
1790950558,btc,1813910400000,64000.0,put,42.38,0.02867923,0.028,0.0295,89625.13,64.1
1790950558,btc,1813910400000,95000.0,call,38.58,0.10674193,0.106,0.108,89628.47,58.2
1790950558,btc,1813910400000,65000.0,call,42.08,0.30543779,0.3035,0.3065,89628.47,9.1
1790950558,btc,1791532800000,65000.0,put,76.16,8.2e-05,,0.0001,86364.63,261.5
1790950558,btc,1798185600000,98000.0,call,37.23,0.02943025,0.029,0.03,87337.82,567.1
1790950558,btc,1793347200000,79000.0,put,36.67,0.00949041,0.009,0.01,86632.44,973.7
1790950558,btc,1792137600000,79000.0,call,36.82,0.08948743,0.0875,0.0915,86462.26,8.6
1790950558,btc,1793347200000,98000.0,call,36.44,0.00564967,0.0055,0.006,86632.44,913.4
1790950558,btc,1798185600000,108000.0,put,38.7,0.24969379,0.247,0.252,87329.55,0.1
1790950558,btc,1792137600000,80000.0,put,35.42,0.00429683,0.004,0.0044,86462.26,1079.1
1790950558,btc,1813910400000,74000.0,put,40.04,0.05537637,0.0545,0.056,89625.13,21.7
1790950558,btc,1795766400000,66000.0,call,47.24,0.24589151,0.244,0.2475,86972.24,0.1
1790950558,btc,1791014400000,77000.0,put,84.16,1.358e-05,,0.0001,86289.27,39.5
1790950558,btc,1798185600000,115000.0,call,40.31,0.00763877,0.0075,0.008,87337.7,2324.7
1790950558,btc,1821772800000,106000.0,call,39.14,0.09542099,0.0945,0.0965,90804.39,0.1
1790950558,btc,1806048000000,140000.0,put,42.49,0.59265806,0.5885,0.5955,88438.62,10.9
1790950558,btc,1798185600000,80000.0,put,38.05,0.03549783,0.035,0.0355,87337.7,2233.1
1790950558,btc,1813910400000,116000.0,call,39.41,0.04829884,0.0475,0.049,89625.13,0.0
1790950558,btc,1791532800000,86000.0,put,30.12,0.0142679,0.0135,0.0145,86372.78,271.6
1790950558,btc,1806048000000,70000.0,put,40.6,0.02824802,0.0275,0.0285,88430.47,611.0
1790950558,btc,1791532800000,95000.0,call,37.05,0.00058999,0.0005,0.0007,86372.78,1113.4
1790950558,btc,1813910400000,86000.0,call,38.79,0.14998733,0.1485,0.1515,89628.47,43.7
1790950558,btc,1791100800000,80000.0,call,52.0,0.07294783,0.071,0.075,86303.02,0.0
1790950558,btc,1795766400000,100000.0,call,37.14,0.01391561,0.0135,0.0145,86972.24,487.7
1790950558,btc,1806048000000,64000.0,call,42.88,0.29374229,0.292,0.2965,88438.62,137.9
1790950558,btc,1798185600000,82000.0,put,37.59,0.04323521,0.043,0.0435,87337.82,808.7
1790950558,btc,1798185600000,90000.0,put,36.82,0.08774039,0.087,0.088,87329.55,652.6
1790950558,btc,1791532800000,79000.0,put,39.7,0.00106431,0.0008,0.0011,86372.78,526.2
1790950558,btc,1806048000000,50000.0,call,51.41,0.4406236,0.439,0.4425,88438.62,21.6
1790950558,btc,1792742400000,94000.0,put,34.88,0.09354988,0.092,0.0955,86542.81,0.0
1790950558,btc,1791014400000,83500.0,put,43.7,0.00038986,0.0002,0.0005,86289.27,64.7
1790950558,btc,1793347200000,74000.0,put,42.1,0.00431516,0.004,0.0044,86632.44,1326.1
1790950558,btc,1821772800000,90000.0,call,39.14,0.15709258,0.156,0.1585,90796.24,12.0
1790950558,btc,1821772800000,130000.0,call,40.25,0.04704656,0.0465,0.048,90796.24,43.3
1790950558,btc,1813910400000,140000.0,put,41.57,0.58398151,0.58,0.5875,89625.13,3.4
1790950558,btc,1798185600000,180000.0,put,56.4,1.06160675,1.0505,1.0675,87337.82,0.1
1790950558,btc,1821772800000,112000.0,put,39.27,0.31286555,0.3,0.316,90796.24,0.0
1790950558,btc,1791532800000,74000.0,put,52.74,0.00036885,0.0003,0.0005,86372.78,541.3
1790950558,btc,1791532800000,73000.0,call,55.69,0.15496021,0.153,0.1565,86364.63,0.2
1790950558,btc,1795766400000,110000.0,put,40.01,0.26989258,0.2675,0.2725,86972.24,0.0
1790950558,btc,1813910400000,76000.0,call,39.73,0.21460152,0.213,0.2155,89628.47,73.2
1790950558,btc,1798185600000,35000.0,put,81.05,0.00075374,0.0006,0.0008,87337.7,2142.2
1790950558,btc,1791100800000,77000.0,call,60.43,0.10753758,0.106,0.1095,86294.87,0.0
1790950558,btc,1791100800000,84500.0,call,26.04,0.02165811,0.0205,0.0235,86303.02,37.3
1790950558,btc,1821772800000,98000.0,put,39.04,0.20193089,0.1995,0.203,90804.39,0.0
1790950558,btc,1793347200000,61000.0,call,62.25,0.29689071,0.2955,0.2985,86632.44,17.7
1790950558,btc,1806048000000,50000.0,put,51.41,0.00610844,0.0055,0.0065,88438.62,2329.7
1790950558,btc,1793347200000,92000.0,put,34.26,0.0774913,0.0755,0.079,86632.44,2.6
1790950558,btc,1791100800000,87000.0,call,24.11,0.00328932,0.0031,0.0035,86303.02,60.9
1790950558,btc,1791532800000,85000.0,put,29.85,0.00941975,0.009,0.0095,86372.78,709.9
1790950558,btc,1791100800000,88000.0,call,25.83,0.00120885,0.0011,0.0014,86294.87,27.9
1790950558,btc,1792742400000,100000.0,call,38.33,0.00236731,0.0022,0.0026,86542.81,204.2
1790950558,btc,1806048000000,190000.0,call,50.37,0.00250199,0.0023,0.0028,88438.62,699.0
1790950558,btc,1791273600000,95000.0,put,41.03,0.10087435,0.0985,0.103,86327.56,0.0
1790950558,btc,1798185600000,110000.0,call,39.14,0.01102347,0.0105,0.0115,87337.7,2966.5
1790950558,btc,1821772800000,65000.0,put,41.79,0.04085425,0.04,0.0415,90804.39,3.1
1790950558,btc,1791100800000,83500.0,call,30.38,0.03279049,0.0315,0.0345,86303.02,6.2
1790950558,btc,1813910400000,190000.0,put,46.67,1.12659081,1.107,1.139,89625.13,0.6
1790950558,btc,1791273600000,97000.0,put,46.41,0.1239969,0.1215,0.126,86327.56,0.0
1790950558,btc,1791532800000,82000.0,put,32.83,0.00264826,0.0023,0.0027,86372.78,783.9
1790950558,btc,1813910400000,102000.0,put,38.68,0.21972202,0.2175,0.2215,89628.47,0.0
1790950558,btc,1791100800000,86000.0,call,22.96,0.00803059,0.0075,0.009,86303.02,39.4
1790950558,btc,1806048000000,76000.0,put,39.08,0.04489503,0.044,0.0455,88438.62,640.6
1790950558,btc,1793347200000,98000.0,put,36.44,0.13697573,0.135,0.1395,86632.44,27.0
1790950558,btc,1793347200000,64000.0,call,57.53,0.26264503,0.261,0.264,86624.29,422.1
1790950558,btc,1791273600000,83000.0,call,30.12,0.03973229,0.038,0.0415,86327.56,0.0
1790950558,btc,1791532800000,94000.0,call,35.91,0.00084571,0.0008,0.001,86372.78,483.8
1790950558,btc,1798185600000,82000.0,call,37.59,0.10419242,0.1035,0.1045,87329.55,1321.7
1790950558,btc,1792137600000,81000.0,call,34.43,0.06863279,0.067,0.0705,86462.26,8.9
1790950558,btc,1795766400000,115000.0,put,41.71,0.32557139,0.323,0.3285,86980.39,0.2
1790950558,btc,1813910400000,108000.0,put,38.91,0.27000152,0.2675,0.272,89625.13,0.2
1790950558,btc,1795766400000,64000.0,call,49.43,0.26807995,0.2665,0.27,86980.39,0.2
1790950558,btc,1791273600000,78000.0,call,45.42,0.09646355,0.0945,0.0985,86335.71,0.0
1790950558,btc,1798185600000,130000.0,put,44.36,0.49185657,0.4885,0.495,87337.7,57.0
1790950558,btc,1791100800000,87500.0,call,24.88,0.00200168,0.0018,0.0022,86303.02,155.5
1790950558,btc,1798185600000,106000.0,call,38.33,0.0150873,0.015,0.0155,87329.55,615.0
1790950558,btc,1798185600000,30000.0,call,90.99,0.65701468,0.656,0.6585,87337.7,300.8
1790950558,btc,1795766400000,75000.0,put,39.54,0.01290179,0.0125,0.013,86972.24,1691.4
1790950558,btc,1798185600000,180000.0,call,56.4,0.00043845,0.0002,0.0008,87337.7,934.5
1790950558,btc,1798185600000,106000.0,put,38.33,0.22902866,0.2265,0.2315,87337.82,0.2
1790950558,btc,1793347200000,94000.0,call,34.8,0.01094332,0.0105,0.0115,86632.44,1392.9
1790950558,btc,1806048000000,88000.0,put,37.69,0.1011336,0.1005,0.1015,88430.47,61.1
1790950558,btc,1793347200000,57000.0,put,67.84,0.00066291,0.0005,0.0008,86632.44,206.8
1790950558,btc,1791273600000,77000.0,put,50.15,0.00020421,0.0001,0.0002,86327.56,0.2
1790950558,btc,1791273600000,87000.0,call,27.41,0.0075564,0.007,0.008,86335.71,22.2
1790950558,btc,1791532800000,73000.0,put,55.69,0.00032092,0.0002,0.0004,86364.63,334.8
1790950558,btc,1791273600000,86500.0,put,27.03,0.01208091,0.0115,0.0125,86335.71,0.0
1790950558,btc,1821772800000,180000.0,call,44.28,0.01533359,0.015,0.016,90804.39,51.7
1790950558,btc,1798185600000,62000.0,put,47.89,0.00573162,0.0055,0.006,87337.7,1549.4
1790950558,btc,1821772800000,140000.0,call,41.0,0.036242,0.0355,0.037,90796.24,506.5
1790950558,btc,1791014400000,77000.0,call,84.16,0.10757869,0.106,0.1095,86289.27,0.0
1790950558,btc,1813910400000,96000.0,call,38.59,0.1027566,0.102,0.104,89625.13,151.5
1790950558,btc,1791187200000,88000.0,call,26.03,0.00246412,0.0024,0.0026,86320.81,3.3
1790950558,btc,1792742400000,90000.0,call,33.49,0.01630147,0.016,0.017,86542.81,47.0
1790950558,btc,1806048000000,200000.0,call,51.86,0.00209831,0.0019,0.0024,88438.62,493.0
1790950558,btc,1793347200000,60000.0,put,63.83,0.00097897,0.0008,0.0011,86632.44,1287.7
1790950558,btc,1793347200000,52000.0,put,75.3,0.00036466,0.0002,0.0006,86632.44,127.1
1790950558,btc,1798185600000,140000.0,put,47.27,0.60524216,0.6015,0.6085,87337.7,0.3
1790950558,btc,1806048000000,102000.0,put,37.97,0.20545172,0.203,0.208,88438.62,0.1
1790950558,btc,1821772800000,92000.0,put,39.1,0.16107846,0.159,0.162,90804.39,0.0
1790950558,btc,1821772800000,102000.0,call,39.06,0.10802627,0.107,0.1095,90796.24,2.5
1790950558,btc,1813910400000,104000.0,put,38.75,0.23603456,0.2335,0.238,89625.13,0.0
1790950558,btc,1791014400000,74000.0,put,84.17,2e-07,,0.0001,86289.27,9.5
1790950558,btc,1813910400000,98000.0,put,38.6,0.18863648,0.1865,0.19,89625.13,0.1
1790950558,btc,1813910400000,100000.0,put,38.63,0.2039184,0.202,0.2055,89628.47,2.3
1790950558,btc,1792137600000,86000.0,call,32.81,0.02797144,0.0275,0.0285,86462.25,225.2
1790950558,btc,1795766400000,94000.0,put,36.2,0.107682,0.1065,0.109,86972.24,3.0
1790950558,btc,1792137600000,95000.0,call,36.0,0.00298371,0.0029,0.0032,86454.1,270.6
1790950558,btc,1791273600000,85500.0,put,26.74,0.00671078,0.006,0.007,86335.71,1.8
1790950558,btc,1806048000000,95000.0,call,37.68,0.07438269,0.074,0.075,88430.47,459.5
1790950558,btc,1793347200000,56000.0,call,68.8,0.35408434,0.3525,0.3555,86632.44,0.5
1790950558,btc,1798185600000,70000.0,call,41.85,0.21054381,0.209,0.2125,87337.7,1885.0
1790950558,btc,1798185600000,30000.0,put,90.99,0.00058299,0.0005,0.0006,87329.55,2198.1
1790950558,btc,1791273600000,89000.0,put,29.11,0.03349629,0.0315,0.0355,86327.56,0.0
1790950558,btc,1791532800000,80000.0,put,37.14,0.0013776,0.0011,0.0014,86372.78,1004.2
1790950558,btc,1813910400000,95000.0,put,38.58,0.16677329,0.165,0.1675,89628.47,40.2
1790950558,btc,1821772800000,70000.0,call,40.81,0.28387593,0.282,0.286,90804.39,4.9
1790950558,btc,1793347200000,70000.0,put,47.95,0.00268114,0.0024,0.0027,86624.29,2081.2
1790950558,btc,1813910400000,82000.0,put,39.07,0.0886677,0.0875,0.0895,89628.47,34.7
1790950558,btc,1813910400000,200000.0,call,47.58,0.00538645,0.005,0.0055,89625.13,234.3
1790950558,btc,1791014400000,84000.0,call,40.16,0.02686476,0.0255,0.0285,86289.27,106.5
1790950558,btc,1793347200000,68000.0,call,51.21,0.21720133,0.2155,0.2185,86632.44,467.2
1790950558,btc,1792742400000,87000.0,call,33.18,0.02895945,0.0285,0.0295,86542.81,29.0
1790950558,btc,1791100800000,86500.0,put,23.58,0.00789145,0.007,0.008,86303.02,4.5
1790950558,btc,1795766400000,75000.0,call,39.54,0.15055449,0.149,0.152,86972.24,291.6
1790950558,btc,1793347200000,100000.0,call,37.58,0.00420315,0.0041,0.0044,86632.44,13203.3
1790950558,btc,1791187200000,93000.0,put,37.46,0.07773644,0.0755,0.08,86320.81,0.0
1790950558,btc,1791273600000,91000.0,call,32.13,0.0007256,0.0006,0.0009,86327.56,25.6
1790950558,btc,1798185600000,105000.0,call,38.13,0.01635995,0.016,0.017,87337.82,962.4
1790950558,btc,1821772800000,160000.0,call,42.63,0.02280342,0.0225,0.0235,90804.39,0.2
1790950558,btc,1791273600000,89500.0,put,29.73,0.03868743,0.0365,0.0405,86335.71,0.0
1790950558,btc,1791532800000,72000.0,call,57.05,0.16644646,0.1645,0.168,86364.63,0.0
1790950558,btc,1821772800000,116000.0,put,39.44,0.34794001,0.3385,0.356,90804.39,0.0
1790950558,btc,1798185600000,52000.0,call,58.35,0.40714089,0.4055,0.4095,87337.7,0.1
1790950558,btc,1821772800000,116000.0,call,39.44,0.07020039,0.0695,0.0715,90796.24,0.1
1790950558,btc,1792137600000,94000.0,call,35.38,0.00384687,0.0037,0.004,86454.1,113.3
1790950558,btc,1793347200000,81000.0,call,35.35,0.0786396,0.078,0.0795,86632.44,694.2
1790950558,btc,1791014400000,81500.0,call,62.99,0.05552108,0.054,0.057,86289.27,8.6
1790950558,btc,1793347200000,55000.0,call,70.81,0.36559611,0.364,0.367,86632.44,0.1
1790950558,btc,1791273600000,82000.0,call,33.11,0.05080334,0.049,0.053,86327.56,0.0
1790950558,btc,1798185600000,94000.0,put,36.92,0.11765021,0.116,0.119,87337.7,5.9
1790950558,btc,1821772800000,100000.0,put,39.05,0.21652786,0.2145,0.2175,90804.39,0.0
1790950558,btc,1795766400000,60000.0,call,54.2,0.31293549,0.311,0.3145,86980.39,0.8
1790950558,btc,1813910400000,66000.0,call,41.82,0.29646775,0.295,0.2975,89625.13,25.6
1790950558,btc,1813910400000,66000.0,put,41.82,0.03291059,0.032,0.0335,89625.13,66.7
1790950558,btc,1791273600000,83500.0,put,28.99,0.00187592,0.0015,0.0019,86335.71,25.0
1790950558,btc,1798185600000,94000.0,call,36.92,0.04113618,0.0405,0.042,87337.7,641.9
1790950558,btc,1795766400000,68000.0,call,45.19,0.22393354,0.222,0.2255,86980.39,0.0
1790950558,btc,1791273600000,84500.0,call,27.36,0.02444508,0.0225,0.026,86327.56,0.0
1790950558,btc,1821772800000,170000.0,call,43.46,0.01855687,0.018,0.019,90804.39,2.2
1790950558,btc,1793347200000,105000.0,call,40.67,0.00216883,0.002,0.0022,86632.44,1180.5
1790950558,btc,1793347200000,55000.0,put,70.81,0.000524,0.0003,0.0007,86632.44,301.1
1790950558,btc,1813910400000,160000.0,put,43.49,0.79775837,0.7935,0.802,89625.13,0.2
1790950558,btc,1791273600000,84000.0,call,28.08,0.02928345,0.0275,0.031,86335.71,0.0
1790950558,btc,1793347200000,93000.0,call,34.5,0.01299277,0.0125,0.0135,86632.44,658.0
1790950558,btc,1795766400000,85000.0,put,36.22,0.04517655,0.0445,0.0455,86972.24,321.1
1790950558,btc,1791532800000,87000.0,call,30.46,0.0130965,0.0125,0.0135,86372.78,646.8
1790950558,btc,1821772800000,82000.0,put,39.47,0.10373275,0.102,0.105,90804.39,0.8
1790950558,btc,1792742400000,95000.0,put,35.28,0.10387344,0.102,0.106,86542.81,0.0
1790950558,btc,1791187200000,84500.0,put,25.48,0.00197776,0.0016,0.0021,86320.81,22.5
1790950558,btc,1806048000000,85000.0,call,37.86,0.12267769,0.122,0.124,88438.62,466.8
1790950558,btc,1813910400000,102000.0,call,38.68,0.08158308,0.0805,0.0825,89628.47,53.1
1790950558,btc,1798185600000,110000.0,put,39.14,0.27077394,0.268,0.273,87337.82,81.6
1790950558,btc,1791014400000,78000.0,call,84.16,0.095905,0.094,0.098,86289.27,0.0
1790950558,btc,1791014400000,86000.0,call,29.32,0.0069677,0.0065,0.0075,86289.27,178.5
1790950558,btc,1806048000000,52000.0,put,50.02,0.00712178,0.0065,0.0075,88438.62,322.8
1790950558,btc,1795766400000,87000.0,put,36.04,0.05630866,0.0555,0.0565,86980.39,34.5
1790950558,btc,1792742400000,81000.0,call,34.87,0.07361299,0.072,0.075,86534.66,0.0
1790950558,btc,1791187200000,75000.0,call,59.22,0.13100123,0.129,0.133,86320.81,0.0
1790950558,btc,1793347200000,89000.0,call,33.85,0.0255804,0.025,0.026,86632.44,1149.2
1790950558,btc,1791187200000,88500.0,put,26.8,0.02702726,0.025,0.029,86320.81,0.0
1790950558,btc,1793347200000,61000.0,put,62.25,0.00108347,0.0009,0.0012,86632.44,278.1
1790950558,btc,1813910400000,60000.0,put,43.76,0.02179649,0.021,0.0225,89625.13,242.9
1790950558,btc,1798185600000,125000.0,put,43.04,0.4356035,0.4325,0.4385,87337.7,9.3
1790950558,btc,1795766400000,58000.0,call,56.59,0.33548444,0.334,0.337,86980.39,1.9
1790950558,btc,1813910400000,112000.0,call,39.15,0.05594513,0.0555,0.0565,89628.47,0.0
1790950558,btc,1791014400000,82500.0,put,52.13,0.00025009,0.0001,0.0003,86289.27,30.2
1790950558,btc,1806048000000,110000.0,put,38.56,0.27850961,0.275,0.281,88438.62,5.1
1790950558,btc,1806048000000,52000.0,call,50.02,0.41901755,0.4175,0.4225,88438.62,6.0
1790950558,btc,1821772800000,220000.0,put,47.4,1.43142128,1.41,1.448,90804.39,0.0
1790950558,btc,1813910400000,50000.0,put,48.37,0.01079977,0.01,0.0115,89628.47,342.9
1790950558,btc,1793347200000,105000.0,put,40.67,0.2143039,0.212,0.217,86632.44,0.9
1790950558,btc,1791187200000,81000.0,put,38.15,0.00033745,0.0002,0.0004,86320.81,19.9
1790950558,btc,1806048000000,68000.0,call,41.29,0.25508585,0.2535,0.2575,88438.62,190.9
1790950558,btc,1798185600000,52000.0,put,58.35,0.00265929,0.0024,0.0027,87337.7,436.9
1790950558,btc,1793347200000,83000.0,put,34.45,0.01985547,0.019,0.02,86632.44,653.9
1790950558,btc,1791273600000,90000.0,call,30.27,0.00123077,0.0012,0.0013,86335.71,27.1
1790950558,btc,1791273600000,84000.0,put,28.08,0.0025516,0.0022,0.0026,86335.71,4.4
1790950558,btc,1791273600000,85500.0,call,26.74,0.01606285,0.0155,0.017,86335.71,0.0
1790950558,btc,1798185600000,96000.0,call,37.06,0.03483851,0.0345,0.0355,87337.7,1512.5
1790950558,btc,1795766400000,69000.0,put,44.18,0.00640166,0.006,0.0065,86972.24,123.6
1790950558,btc,1821772800000,125000.0,call,39.91,0.0540051,0.0535,0.055,90796.24,3.8
1790950558,btc,1791273600000,87000.0,put,27.41,0.01558412,0.0145,0.016,86327.56,0.0
1790950558,btc,1813910400000,170000.0,call,44.59,0.00986332,0.0095,0.0105,89625.13,153.0
1790950558,btc,1821772800000,80000.0,call,39.62,0.2128939,0.211,0.215,90804.39,15.3
1790950558,btc,1798185600000,68000.0,call,43.2,0.23135842,0.23,0.233,87337.82,1023.2
1790950558,btc,1821772800000,76000.0,call,40.01,0.23950216,0.238,0.2415,90796.24,7.6
1790950558,btc,1795766400000,102000.0,call,37.66,0.01128428,0.011,0.0115,86972.24,399.1
1790950558,btc,1813910400000,40000.0,call,55.01,0.55903757,0.5575,0.5605,89625.13,24.1
1790950558,btc,1795766400000,100000.0,put,37.14,0.163712,0.1615,0.166,86980.39,26.1
1790950558,btc,1806048000000,100000.0,call,37.86,0.0574922,0.057,0.058,88438.62,1294.7
1790950558,btc,1791532800000,83000.0,put,31.47,0.00400884,0.0036,0.0041,86372.78,547.7
1790950558,btc,1806048000000,68000.0,put,41.29,0.02414523,0.0235,0.0245,88438.62,557.5
1790950558,btc,1791014400000,85000.0,call,32.41,0.01588856,0.0145,0.0175,86289.27,47.5
1790950558,btc,1821772800000,88000.0,call,39.2,0.16710856,0.166,0.169,90804.39,19.2
1790950558,btc,1821772800000,120000.0,put,39.61,0.38410479,0.373,0.392,90804.39,0.0
1790950558,btc,1795766400000,87000.0,call,36.04,0.0559858,0.0555,0.0565,86972.24,207.0
1790950558,btc,1795766400000,97000.0,put,36.56,0.13460027,0.1325,0.1365,86980.39,0.0
1790950558,btc,1791187200000,96000.0,call,47.64,6.776e-05,,0.0002,86320.81,0.0
1790950558,btc,1821772800000,110000.0,put,39.2,0.29584014,0.2865,0.304,90804.39,0.2
1790950558,btc,1792137600000,100000.0,put,40.15,0.1578252,0.1555,0.1605,86462.25,1.1
1790950558,btc,1791187200000,91000.0,call,31.97,0.00030277,0.0003,0.0004,86320.81,17.3
1790950558,btc,1813910400000,52000.0,put,47.3,0.01242745,0.0115,0.013,89625.13,49.0
1790950558,btc,1795766400000,97000.0,call,36.56,0.01929777,0.019,0.02,86972.24,60.5
1790950558,btc,1792137600000,78000.0,put,38.25,0.00267042,0.0023,0.0028,86454.1,590.0
1790950558,btc,1791100800000,80500.0,put,48.65,0.00023217,,0.0003,86303.02,21.1
1790950558,btc,1821772800000,114000.0,put,39.37,0.33032421,0.317,0.3385,90804.39,0.0
1790950558,btc,1791532800000,78000.0,put,42.72,0.00088566,0.0008,0.001,86372.78,889.2
1790950558,btc,1795766400000,77000.0,put,38.48,0.01669176,0.016,0.0165,86980.39,234.4
1790950558,btc,1795766400000,77000.0,call,38.48,0.13134854,0.1295,0.133,86972.24,74.1
1790950558,btc,1791273600000,81000.0,put,36.38,0.0006156,0.0004,0.0007,86327.56,0.0
1790950558,btc,1806048000000,125000.0,put,40.26,0.43060215,0.4265,0.4335,88438.62,0.1
1790950558,btc,1791187200000,76000.0,call,56.22,0.11954274,0.1175,0.1215,86320.81,0.0
1790950558,btc,1806048000000,115000.0,call,39.05,0.0268734,0.0265,0.0275,88438.62,570.7
1790950558,btc,1806048000000,86000.0,call,37.81,0.11689762,0.1165,0.118,88438.62,363.5
1790950558,btc,1795766400000,62000.0,call,51.8,0.29046038,0.2885,0.292,86972.24,0.1
1790950558,btc,1795766400000,80000.0,put,37.31,0.02460592,0.024,0.025,86980.39,243.8
1790950558,btc,1813910400000,80000.0,put,39.24,0.0792317,0.078,0.08,89625.13,55.4
1790950558,btc,1798185600000,55000.0,put,55.06,0.00334206,0.003,0.0034,87337.7,3189.4
1790950558,btc,1792137600000,84000.0,call,32.99,0.04178474,0.041,0.0425,86454.1,29.5
1790950558,btc,1813910400000,30000.0,put,62.98,0.00232439,0.002,0.0026,89628.47,530.2
1790950558,btc,1795766400000,72000.0,call,41.55,0.18105533,0.1795,0.183,86980.39,25.5
1790950558,btc,1793347200000,102000.0,call,38.73,0.00316375,0.0031,0.0034,86632.44,341.7
1790950558,btc,1795766400000,83000.0,put,36.54,0.03572409,0.035,0.036,86980.39,180.7
1790950558,btc,1821772800000,210000.0,call,46.64,0.0093592,0.009,0.01,90796.24,20.6
1790950558,btc,1795766400000,79000.0,call,37.65,0.11329617,0.112,0.114,86980.39,149.0
1790950558,btc,1791273600000,96000.0,put,43.27,0.11242107,0.11,0.1145,86327.56,0.0
1790950558,btc,1806048000000,102000.0,call,37.97,0.05186264,0.0515,0.0525,88438.62,113.2
1790950558,btc,1791014400000,84500.0,put,35.8,0.00074606,0.0005,0.0008,86289.27,118.7
1790950558,btc,1821772800000,82000.0,call,39.47,0.20050302,0.199,0.2025,90796.24,0.3
1790950558,btc,1798185600000,78000.0,put,38.49,0.02874708,0.0285,0.029,87329.55,1448.9
1790950558,btc,1813910400000,76000.0,put,39.73,0.06262661,0.0615,0.0635,89628.47,73.7
1790950558,btc,1792742400000,85000.0,call,33.28,0.04094784,0.0405,0.042,86534.66,2.0
1790950558,btc,1795766400000,81000.0,call,37.01,0.09659118,0.095,0.098,86980.39,162.9
1790950558,btc,1813910400000,78000.0,call,39.46,0.2002282,0.1985,0.202,89625.13,104.3
1790950558,btc,1821772800000,190000.0,put,45.05,1.10565361,1.0855,1.122,90804.39,0.0
1790950558,btc,1795766400000,96000.0,put,36.44,0.12538513,0.1235,0.127,86980.39,0.0
1790950558,btc,1813910400000,62000.0,call,43.05,0.33323058,0.3315,0.3345,89628.47,117.9
1790950558,btc,1792742400000,80000.0,call,35.63,0.08334789,0.0815,0.085,86542.81,0.0
1790950558,btc,1821772800000,94000.0,call,39.08,0.1388066,0.1375,0.1405,90804.39,1.1
1790950558,btc,1795766400000,104000.0,put,38.1,0.20488704,0.2025,0.2075,86972.24,0.0
1790950558,btc,1806048000000,58000.0,call,46.03,0.3550939,0.3535,0.358,88438.62,4.3
1790950558,btc,1791187200000,82000.0,put,34.19,0.00049497,0.0004,0.0006,86312.66,22.2
1790950558,btc,1806048000000,94000.0,call,37.66,0.07829904,0.078,0.079,88438.62,184.8
1790950558,btc,1791273600000,88500.0,put,28.58,0.02852925,0.0265,0.0305,86335.71,0.0
1790950558,btc,1806048000000,72000.0,call,40.01,0.21873152,0.217,0.224,88438.62,88.9
1790950558,btc,1813910400000,50000.0,call,48.37,0.45288853,0.451,0.4545,89628.47,20.2
1790950558,btc,1798185600000,55000.0,call,55.06,0.37346683,0.3715,0.375,87337.7,122.4
1790950558,btc,1795766400000,99000.0,call,36.93,0.01550204,0.015,0.016,86972.24,31.3
1790950558,btc,1798185600000,240000.0,call,67.64,0.00013158,0.0001,0.0003,87337.7,784.9
1790950558,btc,1821772800000,50000.0,call,46.58,0.46468287,0.463,0.4695,90804.39,1.5
1790950558,btc,1791014400000,78000.0,put,84.16,4.328e-05,,0.0001,86289.27,19.0
1790950558,btc,1792742400000,73000.0,call,44.72,0.15860349,0.157,0.1605,86534.66,0.0
1790950558,btc,1791100800000,82000.0,put,37.59,0.00023981,0.0001,0.0004,86294.87,13.0
1790950558,btc,1791100800000,90000.0,put,31.3,0.04339296,0.041,0.0455,86303.02,0.1
1790950558,btc,1806048000000,66000.0,put,42.06,0.02061154,0.02,0.021,88438.62,99.5
1790950558,btc,1791014400000,90000.0,put,43.75,0.04334959,0.0415,0.045,86289.27,8.0
1790950558,btc,1798185600000,75000.0,call,39.45,0.16197632,0.16,0.1635,87337.82,1924.6
1790950558,btc,1791187200000,90000.0,put,29.67,0.04341694,0.0415,0.0455,86320.81,0.0
1790950558,btc,1813910400000,114000.0,call,39.28,0.05196433,0.0515,0.0525,89625.13,6.0
1790950558,btc,1792742400000,92000.0,call,34.02,0.01083168,0.0105,0.0115,86534.66,220.1
1790950558,btc,1806048000000,35000.0,put,64.58,0.00191552,0.0017,0.0023,88438.62,607.1
1790950558,btc,1792137600000,89000.0,call,33.09,0.01383171,0.0135,0.0145,86454.1,463.0
1790950558,btc,1791100800000,76000.0,call,65.89,0.119124,0.1175,0.121,86294.87,0.0
1790950558,btc,1791014400000,86000.0,put,29.32,0.00383811,0.0034,0.0039,86289.27,50.1
1790950558,btc,1813910400000,30000.0,call,62.98,0.66757764,0.666,0.6685,89628.47,86.7
1790950558,btc,1793347200000,73000.0,call,43.52,0.16108189,0.1595,0.1625,86632.44,610.3
1790950558,btc,1793347200000,81000.0,put,35.35,0.01371522,0.013,0.014,86632.44,581.8
1790950558,btc,1791014400000,90000.0,call,43.75,0.00011311,0.0001,0.0003,86289.27,124.5
1790950558,btc,1806048000000,64000.0,put,42.88,0.01756289,0.017,0.018,88438.62,125.8
1790950558,btc,1791187200000,84000.0,call,26.65,0.02802721,0.0265,0.03,86312.66,5.7
1790950558,btc,1806048000000,115000.0,put,39.05,0.32748853,0.324,0.33,88438.62,3.0
1790950558,btc,1806048000000,35000.0,call,64.58,0.60607613,0.605,0.6075,88430.47,21.8
1790950558,btc,1792742400000,86000.0,call,33.24,0.03462896,0.034,0.0355,86542.81,11.5
1790950558,btc,1813910400000,54000.0,put,46.39,0.01440321,0.0135,0.015,89625.13,50.5
1790950558,btc,1793347200000,115000.0,put,47.83,0.32843294,0.326,0.331,86632.44,34.6
1790950558,btc,1791187200000,81500.0,call,35.58,0.05600844,0.054,0.058,86320.81,0.0
1790950558,btc,1793347200000,77000.0,call,38.54,0.11785592,0.116,0.1195,86632.44,210.7
1790950558,btc,1795766400000,106000.0,put,38.66,0.22621114,0.224,0.2285,86980.39,0.0
1790950558,btc,1793347200000,104000.0,call,39.99,0.00243969,0.0024,0.0025,86632.44,295.6
1790950558,btc,1791014400000,89000.0,call,38.04,0.00023593,0.0002,0.0003,86289.27,140.6
1790950558,btc,1821772800000,90000.0,put,39.14,0.14844228,0.1465,0.1495,90804.39,2.6
1790950558,btc,1795766400000,91000.0,put,36.0,0.08346903,0.0825,0.084,86980.39,0.0
1790950558,btc,1806048000000,108000.0,put,38.42,0.25961091,0.2565,0.2615,88438.62,0.1
1790950558,btc,1806048000000,180000.0,call,48.84,0.00305334,0.0028,0.0034,88438.62,689.4
1790950558,btc,1806048000000,84000.0,put,37.93,0.07870999,0.078,0.079,88430.47,427.4
1790950558,btc,1792742400000,81000.0,put,34.87,0.00977202,0.009,0.01,86534.66,1.7
1790950558,btc,1821772800000,100000.0,call,39.05,0.11502819,0.114,0.1165,90804.39,11.4
1790950558,btc,1821772800000,96000.0,put,39.06,0.18783994,0.1855,0.189,90796.24,0.0
1790950558,btc,1792137600000,85000.0,put,32.84,0.01772435,0.017,0.018,86462.26,23.5
1790950558,btc,1793347200000,72000.0,put,44.96,0.00336726,0.0031,0.0034,86632.44,1073.8
1790950558,btc,1793347200000,50000.0,put,78.71,0.00029684,0.0001,0.0005,86632.44,428.5
1790950558,btc,1792742400000,89000.0,put,33.33,0.04845781,0.0475,0.0495,86534.66,0.0
1790950558,btc,1791187200000,85000.0,put,24.7,0.00295185,0.0026,0.0031,86320.81,26.6
1790950558,btc,1793347200000,78000.0,call,37.47,0.10748383,0.106,0.109,86632.44,497.8
1790950558,btc,1806048000000,88000.0,call,37.69,0.10588028,0.1055,0.107,88430.47,130.7
1790950558,btc,1793347200000,83000.0,call,34.45,0.06169156,0.061,0.063,86632.44,707.8
1790950558,btc,1806048000000,74000.0,put,39.5,0.03856018,0.038,0.039,88438.62,229.2
1790950558,btc,1806048000000,170000.0,call,47.28,0.00382666,0.0036,0.0042,88438.62,1008.1
1790950558,btc,1795766400000,85000.0,call,36.22,0.06784961,0.0675,0.0685,86972.24,680.4
1790950558,btc,1806048000000,74000.0,call,39.5,0.20164262,0.2,0.204,88438.62,66.8
1790950558,btc,1798185600000,64000.0,put,46.15,0.00682505,0.0065,0.007,87337.7,380.8
1790950558,btc,1806048000000,54000.0,call,48.5,0.3974302,0.396,0.4,88430.47,0.1
1790950558,btc,1791532800000,84000.0,call,30.52,0.03344061,0.032,0.0345,86372.78,428.5
1790950558,btc,1813910400000,96000.0,put,38.59,0.17394618,0.172,0.175,89628.47,0.1
1790950558,btc,1795766400000,91000.0,call,36.0,0.03715431,0.0365,0.0375,86972.24,227.4
1790950558,btc,1791100800000,82500.0,call,36.04,0.04409781,0.042,0.0465,86294.87,0.0
1790950558,btc,1792137600000,87000.0,put,32.82,0.02883193,0.028,0.029,86462.25,24.5
1790950558,btc,1791100800000,85000.0,put,24.39,0.00172875,0.0014,0.0018,86303.02,40.6
1790950558,btc,1813910400000,84000.0,put,38.92,0.09878232,0.0975,0.0995,89628.47,507.4
1790950558,btc,1806048000000,120000.0,put,39.64,0.3782397,0.3745,0.381,88438.73,9.9
1790950558,btc,1791532800000,65000.0,call,76.16,0.24736356,0.2455,0.249,86372.78,0.7
1790950558,btc,1791532800000,79000.0,call,39.7,0.08632919,0.0845,0.088,86372.78,31.0
1790950558,btc,1793347200000,78000.0,put,37.47,0.00792702,0.0075,0.008,86632.44,1242.2
1790950558,btc,1791532800000,84000.0,put,30.52,0.00618444,0.0055,0.0065,86372.78,160.0
1790950558,btc,1791532800000,70000.0,call,63.74,0.18957703,0.188,0.191,86364.63,0.2
1790950558,btc,1792137600000,80000.0,call,35.42,0.07883662,0.077,0.0805,86454.1,10.6
1790950558,btc,1791532800000,80000.0,call,37.14,0.0749549,0.073,0.0765,86372.78,424.8
1790950558,btc,1806048000000,104000.0,put,38.09,0.22296913,0.2205,0.2255,88438.62,0.1
1790950558,btc,1821772800000,94000.0,put,39.08,0.17421629,0.172,0.1755,90804.39,0.0
1790950558,btc,1821772800000,78000.0,put,39.8,0.08504893,0.0835,0.086,90804.39,0.1
1790950558,btc,1791014400000,88000.0,call,33.65,0.00067931,0.0007,0.0008,86289.27,164.9
1790950558,btc,1806048000000,94000.0,put,37.66,0.14141054,0.14,0.1415,88438.62,20.2
1790950558,btc,1791187200000,74000.0,call,59.47,0.14256267,0.141,0.1445,86320.81,4.4
1790950558,btc,1791014400000,76000.0,call,84.16,0.11904853,0.1175,0.121,86289.27,0.0
1790950558,btc,1798185600000,100000.0,put,37.42,0.17003749,0.1675,0.172,87337.7,302.9
1790950558,btc,1798185600000,75000.0,put,39.45,0.02082036,0.0205,0.021,87337.7,1743.2
1790950558,btc,1795766400000,76000.0,put,39.02,0.01470025,0.014,0.015,86980.39,173.4
1790950558,btc,1791273600000,76000.0,put,55.6,0.00021706,,0.0002,86327.56,3.0
1790950558,btc,1795766400000,120000.0,put,43.61,0.38202552,0.379,0.385,86972.24,9.9
1790950558,btc,1792137600000,83000.0,put,33.36,0.01021606,0.0095,0.0105,86462.25,493.5
1790950558,btc,1806048000000,76000.0,call,39.08,0.18535807,0.184,0.1875,88438.62,541.7
1790950558,btc,1791187200000,77000.0,put,55.95,0.00014324,,0.0002,86312.66,35.0
1790950558,btc,1813910400000,92000.0,call,38.6,0.11968042,0.1185,0.121,89628.47,39.3
1790950558,btc,1791187200000,87500.0,call,25.46,0.00359517,0.0034,0.0038,86320.81,0.2
1790950558,btc,1793347200000,65000.0,put,56.06,0.00164396,0.0015,0.0017,86632.44,643.5
1790950558,btc,1793347200000,59000.0,put,65.31,0.00087446,0.0007,0.001,86632.44,303.3
1790950558,btc,1792742400000,84000.0,put,33.57,0.01899235,0.0185,0.0195,86534.66,10.5
1790950558,btc,1793347200000,82000.0,call,34.84,0.06988028,0.069,0.071,86632.44,1332.7
1790950558,btc,1798185600000,120000.0,put,41.59,0.37973436,0.3765,0.3825,87337.82,35.8
1790950558,btc,1793347200000,110000.0,call,44.43,0.00133509,0.0013,0.0015,86632.44,1254.1
1790950558,btc,1791100800000,79000.0,put,58.3,0.00019408,,0.0003,86303.02,6.4
1790950558,btc,1791532800000,83000.0,call,31.47,0.04284529,0.041,0.0445,86372.78,103.6
1790950558,btc,1813910400000,70000.0,put,40.83,0.04294539,0.042,0.0435,89625.13,147.9
1790950558,btc,1798185600000,220000.0,put,64.9,1.51970648,1.5075,1.527,87337.7,0.0
1790950558,btc,1791532800000,88000.0,put,30.9,0.0280353,0.027,0.029,86372.78,9.2
1790950558,btc,1806048000000,65000.0,call,42.47,0.28390517,0.282,0.2875,88438.62,229.7
1790950558,btc,1791187200000,77000.0,call,55.95,0.10792495,0.106,0.1095,86320.81,0.0
1790950558,btc,1806048000000,130000.0,call,40.97,0.01368419,0.0135,0.014,88435.42,1191.9
1790950558,btc,1813910400000,180000.0,call,45.59,0.00790104,0.0075,0.0085,89628.47,66.7
1790950558,btc,1791187200000,94000.0,put,40.74,0.08929562,0.087,0.0915,86320.81,0.0
1790950558,btc,1793347200000,77000.0,put,38.54,0.00675497,0.006,0.007,86632.44,648.7
1790950558,btc,1795766400000,60000.0,put,54.2,0.00281333,0.0026,0.0029,86980.39,239.8
1790950558,btc,1821772800000,114000.0,call,39.37,0.07461458,0.0735,0.0755,90804.39,0.0
1790950558,btc,1821772800000,78000.0,call,39.8,0.22587918,0.2245,0.228,90796.24,12.0
1790950558,btc,1791532800000,76000.0,put,47.67,0.00055589,0.0004,0.0006,86372.78,648.7
1790950558,btc,1806048000000,84000.0,call,37.93,0.12869546,0.128,0.13,88438.62,322.5
1790950558,btc,1792137600000,90000.0,put,33.33,0.05185115,0.0505,0.0535,86462.25,3.1
1790950558,btc,1813910400000,160000.0,call,43.49,0.01244239,0.012,0.013,89625.13,698.4
1790950558,btc,1791100800000,80000.0,put,52.0,0.00022131,,0.0002,86303.02,17.0
1790950558,btc,1813910400000,170000.0,put,44.59,0.90676155,0.902,0.911,89625.13,15.0
1790950558,btc,1791187200000,87000.0,put,24.91,0.01328371,0.0125,0.0135,86312.66,23.0
1790950558,btc,1791187200000,89000.0,call,27.68,0.00114722,0.0011,0.0013,86320.81,15.7
1790950558,btc,1795766400000,74000.0,put,40.16,0.01138536,0.011,0.0115,86980.39,108.0
1790950558,btc,1798185600000,230000.0,call,67.62,0.00020564,0.0001,0.0004,87337.7,190.7
1790950558,btc,1791100800000,82500.0,put,36.04,0.00034859,0.0002,0.0004,86303.02,7.6
1790950558,btc,1791014400000,75000.0,call,84.17,0.1306372,0.129,0.1325,86289.27,0.0
1790950558,btc,1791100800000,94000.0,call,47.9,5.15e-05,,0.0002,86294.87,6.0
1790950558,btc,1821772800000,98000.0,call,39.04,0.12246121,0.1215,0.124,90804.39,0.5
1790950558,btc,1795766400000,95000.0,put,36.31,0.11639532,0.1145,0.118,86980.39,0.1
1790950558,btc,1791100800000,90000.0,call,31.3,0.0002103,0.0002,0.0003,86294.87,9.4
1790950558,btc,1813910400000,98000.0,call,38.6,0.09513044,0.094,0.096,89628.47,112.0
1790950558,btc,1798185600000,50000.0,put,61.14,0.00240596,0.0022,0.0025,87337.7,2216.0
1790950558,btc,1792137600000,70000.0,put,53.56,0.00073036,0.0006,0.0007,86462.25,71.5
1790950558,btc,1821772800000,60000.0,put,43.06,0.02992885,0.029,0.0305,90796.24,18.3
1790950558,btc,1791187200000,93000.0,call,37.46,0.00012214,0.0001,0.0002,86320.81,0.1
1790950558,btc,1791273600000,85000.0,call,26.73,0.01994344,0.019,0.021,86335.71,0.0
1790950558,btc,1798185600000,54000.0,put,56.14,0.00309674,0.0028,0.0032,87329.55,1907.3
1790950558,btc,1798185600000,92000.0,put,36.84,0.102123,0.1015,0.1025,87337.82,22.9
1790950558,btc,1806048000000,78000.0,put,38.65,0.05186408,0.0515,0.052,88435.42,385.2
1790950558,btc,1795766400000,90000.0,call,35.98,0.04128834,0.041,0.042,86972.24,3212.6
1790950558,btc,1798185600000,108000.0,call,38.7,0.01284787,0.0125,0.0135,87337.7,165.6
1790950558,btc,1798185600000,60000.0,put,49.76,0.00485051,0.0046,0.005,87337.7,6266.1
1790950558,btc,1821772800000,106000.0,put,39.14,0.2629119,0.26,0.2655,90804.39,0.0
1790950558,btc,1813910400000,58000.0,call,44.57,0.37181626,0.37,0.3735,89628.47,13.8
1790950558,btc,1798185600000,250000.0,put,71.26,1.86323186,1.8465,1.874,87337.7,10.0
1790950558,btc,1806048000000,190000.0,put,50.37,1.15108509,1.134,1.1635,88435.42,0.9
1790950558,btc,1798185600000,160000.0,call,52.9,0.00095548,0.0008,0.0012,87337.7,1406.9
1790950558,btc,1791187200000,92000.0,put,34.88,0.06621983,0.064,0.068,86320.81,0.0
1790950558,btc,1795766400000,82000.0,call,36.74,0.08878106,0.088,0.0895,86972.24,149.8
1790950558,btc,1798185600000,88000.0,put,36.88,0.07455502,0.074,0.075,87337.82,145.2
1790950558,btc,1791187200000,87500.0,put,25.46,0.01747959,0.0155,0.019,86320.81,0.0
1790950558,btc,1791273600000,79000.0,put,43.19,0.00033291,0.0002,0.0004,86327.56,3.1
1790950558,btc,1798185600000,96000.0,put,37.06,0.1342571,0.1325,0.1355,87329.55,50.8
1790950558,btc,1791100800000,84000.0,call,28.22,0.02711276,0.0255,0.029,86303.02,6.4
1790950558,btc,1798185600000,90000.0,call,36.82,0.05703546,0.0565,0.0575,87337.7,3752.2
1790950558,btc,1806048000000,66000.0,call,42.06,0.27424454,0.2725,0.277,88435.42,23.9
1790950558,btc,1791187200000,87000.0,call,24.91,0.00519291,0.0049,0.0055,86320.81,147.3
1790950558,btc,1813910400000,62000.0,put,43.05,0.02504052,0.024,0.0255,89625.13,115.8
1790950558,btc,1821772800000,118000.0,call,39.53,0.06615754,0.0655,0.0675,90804.39,0.1
1790950558,btc,1795766400000,89000.0,call,35.96,0.04577054,0.0455,0.0465,86980.39,510.5
1790950558,btc,1806048000000,200000.0,put,51.86,1.26376422,1.2445,1.274,88435.42,1.0
1790950558,btc,1806048000000,45000.0,call,55.13,0.49524455,0.4925,0.497,88435.42,4.8
1790950558,btc,1792137600000,81000.0,put,34.43,0.0056618,0.005,0.006,86454.1,118.6
1790950558,btc,1791532800000,75000.0,put,50.46,0.00046626,0.0003,0.0006,86364.63,1718.9
1790950558,btc,1793347200000,95000.0,call,35.21,0.00928574,0.009,0.0095,86632.44,23398.4
1790950558,btc,1806048000000,160000.0,call,45.78,0.00501381,0.0047,0.0055,88435.42,1034.4
1790950558,btc,1792742400000,96000.0,call,36.01,0.00495613,0.0048,0.0055,86534.66,0.0
1790950558,btc,1793347200000,50000.0,call,78.71,0.42308967,0.4215,0.4245,86632.44,1.1
1790950558,btc,1798185600000,66000.0,put,44.6,0.00823719,0.008,0.0085,87337.7,418.9
1790950558,btc,1793347200000,96000.0,call,35.56,0.00783111,0.0075,0.008,86632.44,620.5
1790950558,btc,1791187200000,78000.0,call,52.07,0.09637994,0.0945,0.0985,86320.81,0.0
1790950558,btc,1792137600000,84000.0,put,32.99,0.01351817,0.013,0.014,86454.1,86.4
1790950558,btc,1791100800000,77000.0,put,60.43,3.83e-05,,0.0002,86294.87,0.1
1790950558,btc,1792742400000,80000.0,put,35.63,0.00785518,0.0075,0.008,86542.81,37.9
1790950558,btc,1806048000000,92000.0,put,37.61,0.12700887,0.126,0.1275,88435.42,15.1
1790950558,btc,1798185600000,190000.0,put,58.25,1.17625782,1.166,1.1825,87337.7,0.0
1790950558,btc,1795766400000,64000.0,put,49.43,0.00394965,0.0037,0.004,86972.24,50.8
1790950558,btc,1791187200000,86500.0,call,24.56,0.00739772,0.007,0.008,86320.81,74.0
1790950558,btc,1791100800000,79000.0,call,58.3,0.08451152,0.0825,0.0865,86294.87,0.0
1790950558,btc,1798185600000,35000.0,call,81.05,0.59992405,0.5985,0.6015,87337.7,87.9
1790950558,btc,1798185600000,160000.0,put,52.9,0.8333198,0.8285,0.837,87337.7,0.1
1790950558,btc,1795766400000,89000.0,put,35.96,0.06908933,0.0685,0.0695,86972.24,30.0
1790950558,btc,1798185600000,120000.0,call,41.59,0.00546113,0.005,0.006,87337.7,5797.6
1790950558,btc,1791187200000,94000.0,call,40.74,9.407e-05,,0.0003,86320.81,6.4
1790950558,btc,1806048000000,72000.0,put,40.01,0.03300262,0.0325,0.0335,88438.73,191.3
1790950558,btc,1821772800000,65000.0,call,41.79,0.32487947,0.323,0.327,90796.24,2.0
1790950558,btc,1798185600000,150000.0,call,50.27,0.00133967,0.0012,0.0016,87337.7,1738.1
1790950558,btc,1821772800000,88000.0,put,39.2,0.13642827,0.1345,0.1375,90804.39,1.1
1790950558,btc,1791100800000,93000.0,call,45.12,8.522e-05,,0.0002,86294.87,9.9
1790950558,btc,1793347200000,58000.0,put,66.66,0.00076891,0.0006,0.0009,86632.44,328.6
1790950558,btc,1813910400000,190000.0,call,46.67,0.00652809,0.006,0.007,89628.47,67.0
1790950558,btc,1806048000000,58000.0,put,46.02,0.01104647,0.0105,0.0115,88435.42,139.7
1790950558,btc,1792137600000,88000.0,call,32.92,0.01769858,0.017,0.018,86462.25,87.2
1790950558,btc,1791014400000,89000.0,put,38.04,0.03188088,0.0295,0.0335,86289.27,0.0
1790950558,btc,1791100800000,88500.0,put,27.05,0.02654641,0.0235,0.0285,86303.02,0.0
1790950558,btc,1795766400000,96000.0,call,36.44,0.02158059,0.021,0.022,86980.39,345.7
1790950558,btc,1813910400000,100000.0,call,38.63,0.08809592,0.087,0.089,89628.47,203.1
1790950558,btc,1795766400000,72000.0,put,41.55,0.00890873,0.0085,0.009,86980.39,84.5
1790950558,btc,1798185600000,66000.0,call,44.6,0.25238691,0.251,0.254,87337.7,267.2
1790950558,btc,1792742400000,105000.0,call,41.8,0.00108434,0.0011,0.0014,86542.81,0.1
1790950558,btc,1798185600000,102000.0,call,37.67,0.02096856,0.0205,0.0215,87337.7,497.3
1790950558,btc,1792742400000,70000.0,put,49.72,0.00156561,0.0013,0.0017,86534.66,9.6
1790950558,btc,1806048000000,104000.0,call,38.09,0.04679365,0.0465,0.0475,88435.42,135.4
1790950558,btc,1792742400000,95000.0,call,35.28,0.00590913,0.0055,0.0065,86534.66,6.3
1790950558,btc,1795766400000,66000.0,put,47.24,0.00475713,0.0045,0.0048,86972.24,175.1
1790950558,btc,1793347200000,84000.0,call,34.1,0.05402529,0.0535,0.055,86632.44,1289.5
1790950558,btc,1798185600000,170000.0,call,55.54,0.00072871,0.0006,0.0011,87329.55,2016.6
1790950558,btc,1795766400000,112000.0,put,40.64,0.29202673,0.2895,0.2945,86972.24,0.0
1790950558,btc,1793347200000,85000.0,put,33.87,0.02827106,0.0275,0.0285,86632.44,749.4
1790950558,btc,1806048000000,130000.0,put,40.97,0.48376571,0.48,0.4865,88435.42,0.5
1790950558,btc,1795766400000,58000.0,put,56.59,0.00236635,0.0021,0.0025,86980.39,272.7
1790950558,btc,1806048000000,80000.0,put,38.38,0.05995676,0.059,0.0605,88435.42,346.0
1790950558,btc,1795766400000,86000.0,put,36.13,0.05056159,0.05,0.051,86972.24,95.7
1790950558,btc,1791273600000,81000.0,call,36.38,0.06210703,0.0605,0.064,86335.71,0.0
1790950558,btc,1793347200000,52000.0,call,75.3,0.4000692,0.3985,0.4015,86632.44,0.1
1790950558,btc,1791014400000,92000.0,call,54.57,3.494e-05,,0.0002,86289.27,14.2
1790950558,btc,1791100800000,89000.0,put,28.35,0.03206522,0.0295,0.034,86303.02,0.0
1790950558,btc,1806048000000,40000.0,call,59.12,0.5503652,0.5495,0.552,88435.42,82.1
1790950558,btc,1821772800000,125000.0,put,39.91,0.43087968,0.4275,0.44,90804.39,0.0
1790950558,btc,1821772800000,180000.0,put,44.28,0.998033,0.993,1.0135,90804.39,0.1
1790950558,btc,1813910400000,64000.0,call,42.38,0.31455284,0.313,0.316,89625.13,33.5
1790950558,btc,1806048000000,85000.0,put,37.86,0.08394392,0.083,0.0845,88435.42,32.5
1790950558,btc,1813910400000,180000.0,put,45.59,1.01638151,1.0,1.028,89625.13,0.0
1790950558,btc,1806048000000,55000.0,call,47.7,0.38671008,0.385,0.3885,88435.42,29.5
1790950558,btc,1813910400000,65000.0,put,42.08,0.0307224,0.03,0.0315,89628.47,51.3
1790950558,btc,1793347200000,75000.0,put,40.8,0.00495653,0.0046,0.005,86632.44,1881.8
1790950558,btc,1806048000000,62000.0,call,43.81,0.31386763,0.312,0.3185,88435.42,52.3
1790950558,btc,1813910400000,150000.0,put,42.6,0.69014096,0.686,0.6935,89628.47,1.1
1790950558,btc,1791100800000,84500.0,put,26.04,0.00109072,0.0008,0.0011,86294.87,35.8
1790950558,btc,1793347200000,92000.0,call,34.26,0.0154301,0.015,0.016,86632.44,1922.9
1790950558,btc,1791273600000,90000.0,put,30.27,0.04401808,0.042,0.046,86327.56,0.0
1790950558,btc,1813910400000,52000.0,call,47.3,0.43219976,0.4305,0.4335,89625.13,1.1
1790950558,btc,1813910400000,125000.0,put,40.17,0.43010145,0.4195,0.4325,89625.13,0.0
1790950558,btc,1791100800000,86500.0,call,23.58,0.00527701,0.005,0.006,86303.02,31.2
1790950558,btc,1791100800000,85000.0,call,24.39,0.01650068,0.015,0.018,86303.02,9.5
1790950558,btc,1791273600000,88000.0,call,28.16,0.00424286,0.0041,0.0045,86327.56,30.0
1790950558,btc,1806048000000,112000.0,call,38.78,0.03124553,0.031,0.032,88435.42,99.2
1790950558,btc,1791187200000,89000.0,put,27.68,0.03241252,0.0305,0.0345,86320.81,0.0
1790950558,btc,1793347200000,84000.0,put,34.1,0.02373334,0.023,0.024,86632.44,787.2
1790950558,btc,1806048000000,82000.0,call,38.13,0.14156987,0.141,0.1425,88435.42,1226.4
1790950558,btc,1793347200000,67000.0,call,52.93,0.22855993,0.227,0.23,86632.44,108.4
1790950558,btc,1793347200000,89000.0,put,33.85,0.05300917,0.052,0.053,86632.44,4.3
1790950558,btc,1791532800000,68000.0,call,67.42,0.21265652,0.211,0.2145,86372.78,1.9
1790950558,btc,1791532800000,87000.0,put,30.46,0.02058119,0.02,0.021,86372.78,123.5
1790950558,btc,1791100800000,91000.0,put,33.99,0.05474925,0.053,0.056,86303.0,7.8
1790950558,btc,1791187200000,81500.0,put,35.58,0.00036936,0.0003,0.0005,86312.66,17.9
1790950558,btc,1791187200000,86000.0,put,24.38,0.00677898,0.006,0.007,86320.81,1.6
1790950558,btc,1791014400000,74000.0,call,84.17,0.14222799,0.1405,0.144,86289.27,0.0
1790950558,btc,1791014400000,87000.0,put,30.49,0.01063936,0.009,0.0115,86289.27,6.3
1790950558,btc,1791187200000,83000.0,put,30.06,0.00075165,0.0006,0.0008,86312.66,90.2
1790950558,btc,1813910400000,88000.0,call,38.69,0.13916412,0.138,0.1405,89628.47,52.4
1790950558,btc,1798185600000,74000.0,put,39.84,0.01866959,0.0185,0.019,87329.55,187.2
1790950558,btc,1813910400000,45000.0,call,51.21,0.50534901,0.504,0.507,89628.47,15.5
1790950558,btc,1795766400000,88000.0,call,35.98,0.05065818,0.05,0.0515,86972.24,1088.1
1790950558,btc,1813910400000,54000.0,call,46.39,0.41185907,0.41,0.4135,89628.47,1.0
1790950558,btc,1791273600000,87500.0,put,27.7,0.01949532,0.018,0.02,86335.71,27.0
1790950558,btc,1791273600000,86000.0,put,26.81,0.00911983,0.0085,0.0095,86327.56,0.6
1790950558,btc,1791273600000,86000.0,call,26.81,0.01267863,0.012,0.0135,86327.56,0.3
1790950558,btc,1791014400000,81500.0,put,62.99,0.00022966,,0.0003,86289.27,47.8
1790950558,btc,1791014400000,94000.0,put,66.2,0.08962052,0.087,0.0915,86289.27,0.0
1790950558,btc,1798185600000,84000.0,call,37.27,0.09040477,0.0895,0.091,87337.7,1249.4
1790950558,btc,1793347200000,65000.0,call,56.06,0.25127463,0.2495,0.2525,86632.44,430.4
1790950558,btc,1792137600000,87000.0,call,32.82,0.02239395,0.022,0.023,86462.26,371.3
1790950558,btc,1792742400000,70000.0,call,49.72,0.19263678,0.191,0.1945,86542.81,0.0
1790950558,btc,1791532800000,76000.0,call,47.67,0.12045433,0.1185,0.122,86372.78,50.2
1790950558,btc,1798185600000,76000.0,call,39.1,0.15283693,0.151,0.1545,87337.82,480.4
1790950558,btc,1791187200000,76000.0,put,56.22,6.474e-05,,0.0003,86312.66,3.2
1790950558,btc,1795766400000,73000.0,put,40.9,0.01011252,0.0095,0.0105,86980.39,63.3
1790950558,btc,1791187200000,88000.0,put,26.03,0.02201529,0.02,0.024,86320.81,0.0
1790950558,btc,1813910400000,86000.0,put,38.79,0.10959466,0.1085,0.1105,89625.13,2.1
1790950558,btc,1792742400000,76000.0,call,40.1,0.12523491,0.1235,0.127,86534.66,0.0
1790950558,btc,1813910400000,92000.0,put,38.6,0.14623711,0.145,0.147,89625.13,0.3
1790950558,btc,1798185600000,104000.0,call,37.99,0.01777791,0.0175,0.0185,87337.7,173.0
1790950558,btc,1792742400000,105000.0,put,41.8,0.21462384,0.212,0.217,86534.66,0.0
1790950558,btc,1795766400000,70000.0,put,43.34,0.00717397,0.0065,0.0075,86972.24,230.7
1790950558,btc,1795766400000,76000.0,call,39.02,0.14085499,0.139,0.143,86972.24,27.5
1790950558,btc,1791014400000,83000.0,call,49.14,0.03837251,0.0365,0.0405,86289.27,0.5
1790950558,btc,1821772800000,220000.0,call,47.4,0.00812201,0.0075,0.0085,90796.24,18.6
1790950558,btc,1798185600000,88000.0,call,36.88,0.06682018,0.0665,0.0675,87337.82,4019.7
1790950558,btc,1793347200000,72000.0,call,44.96,0.17218893,0.1705,0.1735,86632.44,900.2
1790950558,btc,1813910400000,56000.0,put,45.4,0.0164902,0.0155,0.017,89625.13,85.5
1790950558,btc,1806048000000,105000.0,put,38.18,0.23186514,0.2295,0.2345,88435.42,2.4
1790950558,btc,1791014400000,93000.0,call,62.53,3.415e-05,,0.0001,86289.27,18.8
1790950558,btc,1792742400000,90000.0,put,33.49,0.05643885,0.055,0.0575,86542.81,0.0
1790950558,btc,1793347200000,63000.0,call,58.91,0.27402133,0.2725,0.2755,86624.29,148.3
1790950558,btc,1791187200000,80000.0,put,41.64,0.00022345,0.0002,0.0003,86320.81,47.4
1790950558,btc,1793347200000,73000.0,put,43.52,0.00380436,0.0035,0.0039,86632.44,1563.4
1790950558,btc,1793347200000,93000.0,put,34.5,0.08659811,0.0845,0.0885,86632.44,2.0
1790950558,btc,1793347200000,56000.0,put,68.8,0.00055638,0.0004,0.0007,86632.44,470.0
1790950558,btc,1821772800000,130000.0,put,40.25,0.47899613,0.475,0.489,90804.39,4.0
1790950558,btc,1791100800000,89000.0,call,28.35,0.00048005,0.0004,0.0006,86303.0,54.8
1790950558,btc,1793347200000,115000.0,call,47.83,0.00085644,0.0008,0.001,86632.44,138.4
1790950558,btc,1791187200000,92000.0,call,34.88,0.00019278,0.0002,0.0003,86320.81,0.3
1790950558,btc,1795766400000,69000.0,call,44.18,0.21304215,0.2115,0.216,86972.24,0.0
1790950558,btc,1798185600000,85000.0,call,37.16,0.08404645,0.0835,0.0845,87337.82,3167.3
1790950558,btc,1798185600000,98000.0,put,37.23,0.15175339,0.1495,0.1535,87337.7,3.3
1790950558,btc,1791187200000,85500.0,call,24.28,0.01380708,0.013,0.0145,86312.66,7.7
1790950558,btc,1791014400000,80500.0,call,74.01,0.06710341,0.065,0.069,86289.27,0.0
1790950558,btc,1792137600000,100000.0,call,40.15,0.00099968,0.0009,0.001,86454.1,316.3
1790950558,btc,1798185600000,78000.0,call,38.49,0.13546947,0.1335,0.137,87337.7,1087.4
1790950558,btc,1792137600000,90000.0,call,33.33,0.01070818,0.0105,0.011,86462.25,591.2
1790950558,btc,1795766400000,115000.0,call,41.71,0.00330554,0.0032,0.0035,86972.24,45.0
1790950558,btc,1791532800000,77000.0,put,45.24,0.00070248,0.0005,0.0008,86372.78,218.3
1790950558,btc,1806048000000,75000.0,put,39.27,0.0415802,0.041,0.042,88435.42,21.1
1790950558,btc,1791273600000,94000.0,put,38.24,0.08932728,0.087,0.0915,86335.71,0.0
1790950558,btc,1791273600000,97000.0,call,46.41,0.00010392,,0.0002,86327.56,0.0
1790950558,btc,1791014400000,79000.0,put,83.83,0.00011951,,0.0002,86289.27,20.8
1790950558,btc,1791187200000,80000.0,call,41.64,0.0732434,0.0715,0.075,86320.81,0.0
1790950558,eth,1792742400000,2550.0,put,46.32,0.016699,0.016,0.017,2737.96,4.0
1790950558,eth,1791532800000,2650.0,put,40.75,0.009712,0.009,0.01,2734.29,1565.0
1790950558,eth,1806048000000,1000.0,put,77.99,0.003451,0.0031,0.0037,2790.89,6813.0
1790950558,eth,1813910400000,3500.0,put,54.55,0.346634,0.3435,0.351,2824.41,678.0
1790950558,eth,1793347200000,1750.0,call,76.52,0.362276,0.3605,0.364,2739.9,102.0
1790950558,eth,1791273600000,2900.0,call,43.97,0.001946,0.0019,0.0021,2733.68,95.0
1790950558,eth,1791187200000,2450.0,put,57.15,0.000222,0.0001,0.0004,2733.48,14.0
1790950558,eth,1791100800000,2450.0,call,70.61,0.10381,0.1015,0.1055,2733.04,0.0
1790950558,eth,1821772800000,3900.0,put,55.32,0.476224,0.4695,0.482,2856.65,0.0
1790950558,eth,1813910400000,3400.0,call,54.44,0.116071,0.115,0.1175,2824.41,646.0
1790950558,eth,1791187200000,2820.0,call,34.4,0.002304,0.0021,0.0025,2733.48,447.0
1790950558,eth,1791014400000,2400.0,put,98.69,2.1e-05,,0.0001,2732.79,1043.0
1790950558,eth,1806048000000,2800.0,put,53.1,0.147551,0.1465,0.1485,2791.15,400.0
1790950558,eth,1798185600000,2400.0,call,52.44,0.172662,0.17,0.174,2760.06,12780.0
1790950558,eth,1791100800000,2600.0,call,39.79,0.049095,0.046,0.0515,2733.04,1.0
1790950558,eth,1791014400000,2620.0,put,49.72,0.000258,0.0001,0.0004,2732.79,2506.0
1790950558,eth,1795766400000,2300.0,call,53.0,0.183676,0.1815,0.186,2749.61,51.0
1790950558,eth,1806048000000,2900.0,call,53.09,0.129882,0.129,0.1305,2791.15,2581.0
1790950558,eth,1813910400000,2200.0,put,55.43,0.077855,0.0765,0.0785,2824.41,378.0
1790950558,eth,1791100800000,2880.0,call,44.79,0.000591,0.0005,0.0008,2732.78,33.0
1790950558,eth,1792742400000,2700.0,call,45.12,0.049883,0.049,0.0505,2737.96,4.0
1790950558,eth,1791187200000,2880.0,put,40.71,0.054751,0.0515,0.0575,2733.48,0.0
1790950558,eth,1798185600000,8000.0,put,75.15,1.898704,1.8855,1.9145,2760.06,73.0
1790950558,eth,1793347200000,2500.0,call,48.3,0.106043,0.1045,0.107,2739.9,6334.0
1790950558,eth,1821772800000,3600.0,put,55.02,0.393248,0.387,0.3985,2856.65,0.0
1790950558,eth,1795766400000,3500.0,put,53.17,0.287367,0.2805,0.292,2749.61,6.0
1790950558,eth,1795766400000,2400.0,call,51.64,0.155065,0.153,0.1575,2749.61,415.0
1790950558,eth,1791014400000,2550.0,call,72.57,0.066913,0.064,0.0695,2732.94,0.0
1790950558,eth,1792742400000,3000.0,call,47.11,0.013774,0.0135,0.014,2738.11,569.0
1790950558,eth,1806048000000,3300.0,put,53.49,0.26719,0.265,0.27,2790.89,139.0
1790950558,eth,1791187200000,2920.0,call,45.04,0.00075,0.0007,0.0009,2733.48,33.0
1790950558,eth,1791100800000,3100.0,put,75.94,0.134356,0.131,0.1375,2732.78,0.0
1790950558,eth,1798185600000,1400.0,call,74.6,0.495554,0.4935,0.4965,2760.06,1387.0
1790950558,eth,1806048000000,2600.0,put,53.36,0.10976,0.109,0.1105,2790.89,1084.0
1790950558,eth,1791187200000,2680.0,call,28.52,0.022475,0.02,0.0245,2733.48,31.0
1790950558,eth,1791273600000,2720.0,put,33.9,0.011312,0.0105,0.0115,2733.53,0.0
1790950558,eth,1806048000000,2800.0,call,53.1,0.144434,0.1435,0.145,2790.89,7361.0
1790950558,eth,1792742400000,3100.0,call,48.57,0.008911,0.0085,0.0095,2737.96,89.0
1790950558,eth,1791100800000,2620.0,put,35.69,0.000423,0.0003,0.0006,2733.04,777.0
1790950558,eth,1791187200000,2800.0,call,32.6,0.003127,0.0029,0.0033,2733.48,125.0
1790950558,eth,1791100800000,2640.0,call,33.1,0.034726,0.0315,0.0375,2732.78,28.0
1790950558,eth,1821772800000,1500.0,put,60.79,0.030668,0.0295,0.0315,2856.8,854.0
1790950558,eth,1792137600000,2700.0,put,43.94,0.027602,0.027,0.028,2735.97,1390.0
1790950558,eth,1792742400000,2400.0,call,50.09,0.131054,0.1295,0.1325,2737.96,0.0
1790950558,eth,1795766400000,2000.0,call,59.45,0.280184,0.2785,0.2825,2749.46,11.0
1790950558,eth,1791014400000,2700.0,call,32.3,0.0135,0.011,0.016,2732.94,225.0
1790950558,eth,1798185600000,1800.0,call,62.23,0.355971,0.354,0.358,2760.06,2432.0
1790950558,eth,1792137600000,2550.0,call,45.6,0.078315,0.0765,0.081,2735.97,111.0
1790950558,eth,1806048000000,4800.0,put,57.66,0.740332,0.726,0.751,2790.89,40.0
1790950558,eth,1793347200000,2250.0,put,54.45,0.006022,0.0055,0.0065,2739.9,3389.0
1790950558,eth,1793347200000,2900.0,call,47.24,0.0292,0.0285,0.0295,2739.9,4891.0
1790950558,eth,1795766400000,3800.0,call,55.73,0.0077,0.007,0.008,2749.61,1608.0
1790950558,eth,1791532800000,2800.0,call,42.05,0.013018,0.0125,0.0135,2734.44,2712.0
1790950558,eth,1813910400000,4400.0,put,56.09,0.613985,0.6005,0.6245,2824.41,1.0
1790950558,eth,1821772800000,4400.0,put,55.99,0.623779,0.6075,0.6355,2856.8,0.0
1790950558,eth,1798185600000,1500.0,put,71.03,0.003609,0.0033,0.0038,2760.06,16432.0
1790950558,eth,1791187200000,2600.0,call,36.48,0.049539,0.0465,0.052,2733.48,0.0
1790950558,eth,1806048000000,4200.0,call,55.75,0.034763,0.0345,0.0355,2790.89,2912.0
1790950558,eth,1791014400000,3100.0,call,108.81,8.2e-05,,0.0002,2732.79,3250.0
1790950558,eth,1793347200000,1000.0,call,108.74,0.635025,0.634,0.636,2739.75,0.0
1790950558,eth,1813910400000,3100.0,put,54.22,0.244421,0.243,0.246,2824.56,210.0
1790950558,eth,1791532800000,2100.0,put,83.56,0.000338,0.0002,0.0005,2734.29,644.0
1790950558,eth,1791100800000,2740.0,call,27.18,0.006313,0.006,0.007,2733.04,485.0
1790950558,eth,1791532800000,2200.0,put,75.79,0.000579,0.0005,0.0007,2734.44,3644.0
1790950558,eth,1795766400000,2700.0,call,49.75,0.086071,0.0855,0.0865,2749.46,1931.0
1790950558,eth,1792137600000,2650.0,call,44.08,0.051596,0.0505,0.0525,2735.97,492.0
1790950558,eth,1821772800000,2200.0,put,55.66,0.097445,0.096,0.099,2856.65,72.0
1790950558,eth,1792137600000,2400.0,put,51.36,0.004113,0.0038,0.0042,2735.97,1229.0
1790950558,eth,1813910400000,2100.0,put,55.95,0.066074,0.065,0.067,2824.41,864.0
1790950558,eth,1798185600000,1000.0,call,91.25,0.638579,0.637,0.6395,2760.06,75.0
1790950558,eth,1798185600000,2800.0,put,50.98,0.105277,0.1045,0.1055,2760.06,3534.0
1790950558,eth,1791273600000,2700.0,put,33.21,0.008076,0.0075,0.0085,2733.53,1.0
1790950558,eth,1791187200000,3000.0,put,53.84,0.097966,0.0945,0.1015,2733.48,0.0
1790950558,eth,1795766400000,3100.0,call,50.5,0.034789,0.0345,0.0355,2749.46,2028.0
1790950558,eth,1793347200000,1800.0,put,74.75,0.001272,0.0011,0.0014,2739.9,3950.0
1790950558,eth,1821772800000,3300.0,put,54.79,0.31549,0.3115,0.32,2856.8,0.0
1790950558,eth,1798185600000,4400.0,put,58.45,0.601113,0.5915,0.608,2760.21,20.0
1790950558,eth,1791187200000,3100.0,call,63.01,0.000209,0.0001,0.0004,2733.48,16.0
1790950558,eth,1821772800000,4300.0,call,55.85,0.08836,0.087,0.09,2856.8,0.0
1790950558,eth,1798185600000,7000.0,put,72.97,1.536789,1.521,1.5495,2760.06,0.0
1790950558,eth,1792742400000,2650.0,put,45.26,0.028164,0.0275,0.0285,2737.96,21.0
1790950558,eth,1813910400000,4000.0,call,55.31,0.074115,0.073,0.075,2824.41,4629.0
1790950558,eth,1791273600000,2600.0,put,38.38,0.001762,0.0015,0.0019,2733.53,10.0
1790950558,eth,1792137600000,2500.0,call,47.12,0.093717,0.0915,0.0965,2736.12,111.0
1790950558,eth,1806048000000,1800.0,call,59.38,0.378932,0.3765,0.38,2790.89,3251.0
1790950558,eth,1791273600000,2860.0,call,41.09,0.002995,0.0029,0.0032,2733.53,3.0
1790950558,eth,1791273600000,2680.0,call,33.51,0.025418,0.0245,0.0265,2733.53,0.0
1790950558,eth,1791187200000,2920.0,put,45.04,0.069028,0.066,0.0725,2733.33,0.0
1790950558,eth,1792137600000,3100.0,call,50.35,0.004947,0.0046,0.005,2736.12,188.0
1790950558,eth,1813910400000,1900.0,call,57.4,0.37395,0.371,0.3805,2824.41,373.0
1790950558,eth,1791014400000,2780.0,call,40.51,0.001718,0.0016,0.0018,2732.79,2077.0
1790950558,eth,1806048000000,2000.0,put,56.95,0.036522,0.036,0.037,2790.89,2663.0
1790950558,eth,1813910400000,3900.0,call,55.13,0.07965,0.0785,0.081,2824.41,480.0
1790950558,eth,1792137600000,2000.0,put,76.21,0.000773,0.0006,0.001,2736.12,32.0
1790950558,eth,1791014400000,2850.0,put,54.96,0.043537,0.0405,0.0465,2732.79,0.0
1790950558,eth,1795766400000,2150.0,call,55.95,0.230482,0.228,0.2325,2749.61,2.0
1790950558,eth,1791100800000,2480.0,put,64.38,0.000214,,0.0002,2733.04,112.0
1790950558,eth,1791532800000,3000.0,call,49.4,0.002685,0.0025,0.0028,2734.44,5936.0
1790950558,eth,1795766400000,3400.0,call,52.36,0.017542,0.017,0.018,2749.61,1023.0
1790950558,eth,1791014400000,2580.0,put,65.19,0.000273,,0.0003,2732.79,1557.0
1790950558,eth,1795766400000,3000.0,call,50.09,0.04389,0.0435,0.044,2749.46,15592.0
1790950558,eth,1813910400000,6000.0,call,59.64,0.022194,0.0215,0.023,2824.41,2720.0
1790950558,eth,1791532800000,2600.0,call,42.24,0.054983,0.053,0.057,2734.44,174.0
1790950558,eth,1806048000000,4500.0,put,56.72,0.638804,0.6245,0.6495,2790.89,0.0
1790950558,eth,1795766400000,4200.0,put,59.31,0.531645,0.5235,0.538,2749.61,0.0
1790950558,eth,1795766400000,1600.0,put,72.56,0.00232,0.002,0.0026,2749.61,415.0
1790950558,eth,1791100800000,2720.0,put,26.15,0.005027,0.0048,0.0055,2732.78,1209.0
1790950558,eth,1795766400000,2300.0,put,53.0,0.020362,0.0195,0.0205,2749.61,767.0
1790950558,eth,1792137600000,2750.0,call,43.94,0.031586,0.031,0.032,2735.97,764.0
1790950558,eth,1806048000000,3000.0,put,53.13,0.191537,0.1905,0.1925,2790.89,419.0
1790950558,eth,1791100800000,2400.0,put,80.95,0.000177,,0.0002,2733.04,451.0
1790950558,eth,1798185600000,5200.0,put,63.75,0.886867,0.8755,0.895,2760.21,0.0
1790950558,eth,1813910400000,3900.0,put,55.13,0.46044,0.4565,0.466,2824.56,50.0
1790950558,eth,1798185600000,4800.0,call,61.08,0.004326,0.0042,0.0046,2760.06,3494.0
1790950558,eth,1791187200000,2560.0,put,42.22,0.000516,0.0004,0.0006,2733.48,134.0
1790950558,eth,1795766400000,4800.0,call,64.52,0.001569,0.0014,0.0018,2749.61,11.0
1790950558,eth,1813910400000,4400.0,call,56.09,0.056167,0.0555,0.057,2824.41,173.0
1790950558,eth,1813910400000,2000.0,put,56.61,0.055708,0.0545,0.0565,2824.41,1845.0
1790950558,eth,1798185600000,2700.0,put,51.08,0.085807,0.085,0.086,2760.06,4483.0
1790950558,eth,1795766400000,2650.0,put,49.78,0.05934,0.059,0.06,2749.46,778.0
1790950558,eth,1821772800000,4600.0,call,56.29,0.075065,0.074,0.0765,2856.8,9.0
1790950558,eth,1798185600000,7000.0,call,72.97,0.000658,0.0005,0.0009,2760.06,3956.0
1790950558,eth,1798185600000,1800.0,put,62.23,0.008119,0.0075,0.0085,2760.06,6173.0
1790950558,eth,1795766400000,3600.0,call,53.9,0.011395,0.011,0.012,2749.61,6195.0
1790950558,eth,1791273600000,2760.0,put,35.36,0.019694,0.019,0.02,2733.53,0.0
1790950558,eth,1813910400000,1400.0,put,63.93,0.017526,0.0165,0.0185,2824.41,1804.0
1790950558,eth,1813910400000,1600.0,call,60.77,0.45992,0.4575,0.4615,2824.56,358.0
1790950558,eth,1795766400000,2950.0,call,49.94,0.049267,0.049,0.0495,2749.46,586.0
1790950558,eth,1795766400000,2750.0,call,49.67,0.077225,0.077,0.078,2749.46,3134.0
1790950558,eth,1791100800000,2450.0,put,70.61,0.000198,,0.0002,2732.78,32.0
1790950558,eth,1798185600000,5000.0,call,62.48,0.003524,0.0034,0.0038,2760.21,4259.0
1790950558,eth,1791273600000,2300.0,call,75.95,0.15875,0.157,0.161,2733.68,0.0
1790950558,eth,1806048000000,3900.0,call,54.86,0.046131,0.0455,0.047,2790.89,41.0
1790950558,eth,1806048000000,2900.0,put,53.09,0.168825,0.168,0.1695,2791.15,299.0
1790950558,eth,1791532800000,3400.0,call,68.29,0.000328,0.0002,0.0005,2734.44,3905.0
1790950558,eth,1813910400000,4500.0,call,56.31,0.052584,0.0515,0.0535,2824.41,1421.0
1790950558,eth,1791014400000,2480.0,call,88.61,0.092431,0.09,0.095,2732.94,0.0
1790950558,eth,1792742400000,3200.0,put,50.39,0.174663,0.1715,0.1785,2737.96,0.0
1790950558,eth,1795766400000,2900.0,call,49.83,0.055192,0.055,0.0555,2749.61,3973.0
1790950558,eth,1806048000000,4400.0,put,56.37,0.605346,0.5925,0.616,2790.89,2.0
1790950558,eth,1793347200000,1600.0,put,84.19,0.000614,0.0005,0.0008,2739.9,3652.0
1790950558,eth,1791014400000,2680.0,call,35.3,0.019991,0.0175,0.0225,2732.79,171.0
1790950558,eth,1791273600000,3200.0,call,66.8,0.000243,0.0001,0.0004,2733.53,1133.0
1790950558,eth,1813910400000,4200.0,call,55.69,0.064362,0.0635,0.0655,2824.41,574.0
1790950558,eth,1795766400000,4800.0,put,64.52,0.747696,0.7415,0.754,2749.61,0.0
1790950558,eth,1791187200000,2900.0,put,42.55,0.061832,0.059,0.0655,2733.48,0.0
1790950558,eth,1791187200000,2640.0,put,31.87,0.001347,0.0012,0.0014,2733.48,228.0
1790950558,eth,1821772800000,3200.0,call,54.74,0.170841,0.1695,0.1725,2856.65,2502.0
1790950558,eth,1791273600000,2980.0,call,50.63,0.001007,0.001,0.0011,2733.53,190.0
1790950558,eth,1795766400000,2500.0,put,50.61,0.038328,0.0375,0.0385,2749.46,2471.0
1790950558,eth,1791100800000,2600.0,put,39.79,0.000364,0.0002,0.0005,2733.04,70.0
1790950558,eth,1806048000000,1000.0,call,77.99,0.645195,0.6435,0.646,2790.89,269.0
1790950558,eth,1813910400000,3300.0,call,54.34,0.125472,0.1245,0.1265,2824.41,2277.0
1790950558,eth,1791187200000,2400.0,put,69.18,0.000298,,0.0003,2733.48,8.0
1790950558,eth,1795766400000,4000.0,call,57.53,0.005331,0.005,0.006,2749.61,1956.0
1790950558,eth,1791273600000,2960.0,call,48.96,0.001182,0.0011,0.0014,2733.53,156.0
1790950558,eth,1791100800000,2740.0,put,27.18,0.008805,0.0085,0.009,2733.04,113.0
1790950558,eth,1813910400000,1500.0,call,62.26,0.490516,0.4875,0.494,2824.56,50.0
1790950558,eth,1798185600000,6500.0,put,70.75,1.355923,1.342,1.3665,2760.06,0.0
1790950558,eth,1792137600000,2200.0,call,62.88,0.197513,0.1955,0.199,2736.12,0.0
1790950558,eth,1791100800000,2560.0,call,46.8,0.063613,0.0605,0.066,2733.04,0.0
1790950558,eth,1806048000000,3600.0,call,54.07,0.062176,0.0615,0.063,2790.89,2028.0
1790950558,eth,1791273600000,2640.0,put,35.41,0.003095,0.0028,0.0033,2733.53,0.0
1790950558,eth,1791273600000,2940.0,call,47.3,0.001375,0.0013,0.0016,2733.68,0.0
1790950558,eth,1806048000000,3400.0,put,53.65,0.294511,0.292,0.299,2790.89,13.0
1790950558,eth,1793347200000,1400.0,call,95.96,0.489344,0.488,0.4905,2739.75,50.0
1790950558,eth,1791100800000,2680.0,put,27.83,0.001516,0.0013,0.0016,2732.78,692.0
1790950558,eth,1791532800000,2750.0,put,40.98,0.025253,0.0245,0.0255,2734.44,769.0
1790950558,eth,1798185600000,2600.0,call,51.31,0.126751,0.126,0.1275,2760.06,9005.0
1790950558,eth,1813910400000,2400.0,call,54.73,0.255977,0.253,0.2585,2824.41,939.0
1790950558,eth,1813910400000,5000.0,call,57.39,0.03839,0.0375,0.0395,2824.41,5177.0
1790950558,eth,1813910400000,2500.0,put,54.52,0.121728,0.1205,0.123,2824.41,3299.0
1790950558,eth,1793347200000,1850.0,put,71.62,0.001414,0.0013,0.0015,2739.9,1294.0
1790950558,eth,1791187200000,2560.0,call,42.22,0.063943,0.061,0.0665,2733.48,0.0
1790950558,eth,1791014400000,2620.0,call,49.72,0.041355,0.0385,0.0445,2732.79,18.0
1790950558,eth,1791100800000,2540.0,put,51.19,0.000236,0.0001,0.0003,2732.78,416.0
1790950558,eth,1791273600000,2560.0,put,42.36,0.001146,0.0009,0.0012,2733.53,535.0
1790950558,eth,1793347200000,3050.0,call,48.5,0.016872,0.0165,0.0175,2739.75,2106.0
1790950558,eth,1791100800000,2300.0,call,101.0,0.158631,0.1565,0.1605,2733.04,0.0
1790950558,eth,1791273600000,2740.0,put,34.54,0.015167,0.0145,0.0155,2733.53,4.0
1790950558,eth,1791532800000,2600.0,put,42.24,0.005853,0.0055,0.006,2734.44,1729.0
1790950558,eth,1798185600000,4200.0,call,57.31,0.009212,0.009,0.0095,2760.06,6309.0
1790950558,eth,1791187200000,2860.0,call,38.48,0.001369,0.0012,0.0016,2733.48,33.0
1790950558,eth,1792137600000,3200.0,put,52.78,0.172622,0.1695,0.176,2736.12,0.0
1790950558,eth,1791187200000,2550.0,call,43.67,0.067562,0.0645,0.07,2733.48,0.0
1790950558,eth,1806048000000,8000.0,put,67.15,1.869156,1.84,1.891,2790.89,0.0
1790950558,eth,1813910400000,6500.0,put,60.74,1.318822,1.295,1.335,2824.41,0.0
1790950558,eth,1792137600000,2600.0,call,44.68,0.064227,0.063,0.0655,2735.97,107.0
1790950558,eth,1791014400000,2660.0,put,39.63,0.000498,0.0003,0.0006,2732.79,1251.0
1790950558,eth,1793347200000,2550.0,call,47.63,0.09252,0.0915,0.0935,2739.9,2486.0
1790950558,eth,1791014400000,2820.0,put,48.42,0.032827,0.03,0.0355,2732.79,0.0
1790950558,eth,1795766400000,2600.0,call,49.98,0.105927,0.105,0.107,2749.46,1117.0
1790950558,eth,1806048000000,5000.0,put,58.3,0.808938,0.793,0.82,2790.89,21.0
1790950558,eth,1791187200000,2760.0,call,29.76,0.006185,0.006,0.0065,2733.33,1679.0
1790950558,eth,1791273600000,2500.0,put,49.33,0.000708,0.0006,0.0008,2733.68,150.0
1790950558,eth,1793347200000,3200.0,call,50.25,0.009843,0.0095,0.0105,2739.9,16982.0
1790950558,eth,1806048000000,800.0,call,84.93,0.715222,0.7135,0.716,2791.15,0.0
1790950558,eth,1806048000000,4400.0,call,56.37,0.02902,0.0285,0.03,2790.89,955.0
1790950558,eth,1798185600000,3000.0,put,51.17,0.151018,0.15,0.1515,2760.21,839.0
1790950558,eth,1821772800000,5500.0,put,57.82,0.973547,0.9525,0.988,2856.8,0.0
1790950558,eth,1813910400000,4100.0,call,55.49,0.068995,0.068,0.07,2824.41,3.0
1790950558,eth,1792742400000,3000.0,put,47.11,0.109464,0.107,0.112,2737.96,0.0
1790950558,eth,1813910400000,1900.0,put,57.4,0.046639,0.0455,0.0475,2824.41,3370.0
1790950558,eth,1792137600000,3000.0,put,47.75,0.104658,0.1015,0.1075,2736.12,10.0
1790950558,eth,1795766400000,3400.0,put,52.36,0.254382,0.248,0.259,2749.61,3.0
1790950558,eth,1798185600000,4500.0,call,59.25,0.006225,0.006,0.0065,2760.21,3348.0
1790950558,eth,1793347200000,1000.0,put,108.74,1.8e-05,,0.0001,2739.75,2460.0
1790950558,eth,1813910400000,1400.0,call,63.93,0.521857,0.519,0.5255,2824.41,50.0
1790950558,eth,1806048000000,2300.0,call,54.52,0.241753,0.2385,0.245,2790.89,5130.0
1790950558,eth,1798185600000,3500.0,put,52.99,0.294799,0.2895,0.3005,2760.06,70.0
1790950558,eth,1806048000000,6000.0,call,61.46,0.008755,0.008,0.009,2790.89,5412.0
1790950558,eth,1791273600000,2680.0,put,33.51,0.005817,0.0055,0.006,2733.53,2.0
1790950558,eth,1821772800000,2400.0,call,55.18,0.287465,0.2815,0.295,2856.65,0.0
1790950558,eth,1821772800000,2000.0,put,56.49,0.072437,0.071,0.0735,2856.8,172.0
1790950558,eth,1791100800000,2300.0,put,101.0,0.000138,,0.0002,2732.78,450.0
1790950558,eth,1791273600000,2580.0,put,40.26,0.001406,0.0012,0.0015,2733.53,10.0
1790950558,eth,1791014400000,2450.0,call,94.63,0.103383,0.102,0.1055,2732.79,1.0
1790950558,eth,1806048000000,3500.0,put,53.84,0.322779,0.3205,0.3275,2790.89,24.0
1790950558,eth,1793347200000,3400.0,put,53.26,0.246093,0.2425,0.25,2739.75,1.0
1790950558,eth,1821772800000,2700.0,put,54.87,0.18157,0.18,0.1835,2856.8,331.0
1790950558,eth,1791014400000,2560.0,put,70.21,0.00022,,0.0003,2732.79,409.0
1790950558,eth,1798185600000,5200.0,call,63.75,0.002884,0.0028,0.0031,2760.21,9570.0
1790950558,eth,1795766400000,4400.0,call,61.05,0.002748,0.0025,0.003,2749.61,1165.0
1790950558,eth,1791532800000,2300.0,call,67.09,0.159776,0.1575,0.1615,2734.44,18.0
1790950558,eth,1791532800000,2850.0,put,43.41,0.050868,0.0485,0.053,2734.29,64.0
1790950558,eth,1791014400000,2640.0,call,44.69,0.034131,0.0315,0.037,2732.79,18.0
1790950558,eth,1793347200000,2250.0,call,54.45,0.184789,0.1835,0.1865,2739.75,617.0
1790950558,eth,1821772800000,3800.0,call,55.16,0.117702,0.1165,0.1195,2856.65,1002.0
1790950558,eth,1821772800000,3100.0,put,54.69,0.267192,0.2635,0.271,2856.65,100.0
1790950558,eth,1791014400000,2640.0,put,44.69,0.000354,0.0002,0.0004,2732.79,764.0
1790950558,eth,1791100800000,2460.0,call,68.39,0.100153,0.0975,0.102,2733.04,0.0
1790950558,eth,1793347200000,1900.0,put,69.49,0.001709,0.0015,0.0018,2739.9,1241.0
1790950558,eth,1793347200000,2900.0,put,47.24,0.08768,0.0865,0.089,2739.75,145.0
1790950558,eth,1791273600000,2980.0,put,50.63,0.091368,0.088,0.0945,2733.68,0.0
1790950558,eth,1791532800000,2100.0,call,83.56,0.232329,0.2305,0.2345,2734.44,0.0
1790950558,eth,1821772800000,2400.0,put,55.18,0.127562,0.126,0.129,2856.8,52.0
1790950558,eth,1798185600000,4600.0,put,59.63,0.671979,0.6625,0.679,2760.06,0.0
1790950558,eth,1806048000000,900.0,call,81.28,0.680111,0.6785,0.681,2790.89,68.0
1790950558,eth,1792742400000,3400.0,put,54.49,0.244645,0.2405,0.249,2737.96,0.0
1790950558,eth,1791014400000,2520.0,call,76.37,0.0778,0.075,0.0805,2732.79,0.0
1790950558,eth,1795766400000,1800.0,call,65.58,0.349433,0.3475,0.3515,2749.61,1.0
1790950558,eth,1806048000000,900.0,put,81.28,0.002542,0.0022,0.0028,2791.15,918.0
1790950558,eth,1791273600000,3000.0,put,51.65,0.098495,0.095,0.1015,2733.68,0.0
1790950558,eth,1795766400000,3150.0,put,50.74,0.176818,0.1735,0.18,2749.61,18.0
1790950558,eth,1813910400000,2600.0,put,54.35,0.139058,0.138,0.14,2824.41,404.0
1790950558,eth,1791187200000,2480.0,call,53.47,0.09298,0.0905,0.095,2733.33,0.0
1790950558,eth,1791273600000,2620.0,put,36.75,0.002303,0.002,0.0025,2733.53,0.0
1790950558,eth,1791187200000,2660.0,call,29.92,0.028778,0.0265,0.031,2733.48,20.0
1790950558,eth,1793347200000,3100.0,put,49.1,0.145588,0.142,0.1485,2739.75,0.0
1790950558,eth,1791014400000,2550.0,put,72.57,0.000196,,0.0003,2732.79,4.0
1790950558,eth,1793347200000,2300.0,put,52.87,0.007469,0.007,0.008,2739.75,18963.0
1790950558,eth,1791187200000,2620.0,put,34.18,0.000993,0.0009,0.0011,2733.48,1481.0
1790950558,eth,1793347200000,3600.0,put,56.46,0.316822,0.3125,0.3215,2739.75,18.0
1790950558,eth,1792137600000,3400.0,call,58.46,0.00134,0.0012,0.0015,2736.12,760.0
1790950558,eth,1791273600000,2640.0,call,35.41,0.037328,0.0355,0.04,2733.53,0.0
1790950558,eth,1791100800000,2900.0,call,47.55,0.000477,0.0004,0.0006,2733.04,663.0
1790950558,eth,1791014400000,2760.0,put,37.21,0.012967,0.0115,0.0145,2732.79,57.0
1790950558,eth,1795766400000,2100.0,put,57.04,0.010705,0.01,0.011,2749.61,2325.0
1790950558,eth,1798185600000,3000.0,call,51.17,0.064105,0.0635,0.0645,2760.21,12753.0
1790950558,eth,1792742400000,2400.0,put,50.09,0.007606,0.007,0.008,2737.96,51.0
1790950558,eth,1791273600000,2840.0,put,39.68,0.042842,0.0405,0.045,2733.53,0.0
1790950558,eth,1791187200000,2300.0,call,84.86,0.158762,0.1565,0.161,2733.48,0.0
1790950558,eth,1798185600000,4200.0,put,57.31,0.53089,0.522,0.5375,2760.06,62.0
1790950558,eth,1806048000000,2100.0,call,55.98,0.292415,0.2895,0.2935,2791.15,854.0
1790950558,eth,1806048000000,1300.0,call,69.4,0.541877,0.5395,0.543,2790.89,36.0
1790950558,eth,1798185600000,2200.0,put,54.56,0.024718,0.024,0.025,2760.06,9671.0
1790950558,eth,1821772800000,4200.0,put,55.69,0.563533,0.5485,0.576,2856.65,0.0
1790950558,eth,1795766400000,2900.0,put,49.83,0.110008,0.109,0.1105,2749.46,886.0
1790950558,eth,1793347200000,2200.0,put,56.3,0.004935,0.0046,0.005,2739.75,4405.0
1790950558,eth,1795766400000,2200.0,call,54.83,0.214435,0.2125,0.2165,2749.61,1.0
1790950558,eth,1821772800000,3900.0,call,55.32,0.111065,0.1095,0.113,2856.65,61.0
1790950558,eth,1792742400000,2800.0,call,45.24,0.033113,0.0325,0.0335,2737.96,373.0
1790950558,eth,1798185600000,2100.0,call,56.03,0.257883,0.255,0.26,2760.21,1377.0
1790950558,eth,1793347200000,2500.0,put,48.3,0.018525,0.018,0.019,2739.75,4769.0
1790950558,eth,1791187200000,2840.0,call,36.37,0.001748,0.0016,0.002,2733.48,253.0
1790950558,eth,1795766400000,1800.0,put,65.58,0.004231,0.0039,0.0044,2749.61,1355.0
1790950558,eth,1821772800000,3500.0,put,54.92,0.366635,0.3605,0.3715,2856.65,0.0
1790950558,eth,1806048000000,4800.0,call,57.66,0.020703,0.0205,0.0215,2790.89,3480.0
1790950558,eth,1795766400000,3150.0,call,50.74,0.030972,0.0305,0.0315,2749.46,1096.0
1790950558,eth,1793347200000,2850.0,call,46.99,0.034985,0.0345,0.0355,2739.75,1726.0
1790950558,eth,1798185600000,3300.0,call,52.05,0.037699,0.0375,0.0385,2760.06,4032.0
1790950558,eth,1792742400000,3100.0,put,48.57,0.141124,0.1365,0.1445,2737.96,0.0
1790950558,eth,1791100800000,2400.0,call,80.95,0.122082,0.1195,0.1245,2733.04,0.0
1790950558,eth,1793347200000,2150.0,put,58.22,0.00406,0.0038,0.0041,2739.9,4854.0
1790950558,eth,1795766400000,2500.0,call,50.61,0.128951,0.1275,0.131,2749.61,1780.0
1790950558,eth,1791187200000,2880.0,call,40.71,0.001106,0.001,0.0013,2733.48,251.0
1790950558,eth,1798185600000,1200.0,call,82.25,0.566825,0.565,0.5675,2760.06,341.0
1790950558,eth,1795766400000,2450.0,put,51.07,0.032907,0.032,0.033,2749.61,1411.0
1790950558,eth,1798185600000,3500.0,call,52.99,0.026734,0.0265,0.0275,2760.06,32939.0
1790950558,eth,1821772800000,4100.0,put,55.53,0.533905,0.521,0.544,2856.65,0.0
1790950558,eth,1791187200000,2520.0,call,47.38,0.078414,0.0755,0.081,2733.48,0.0
1790950558,eth,1806048000000,7000.0,put,64.47,1.512776,1.491,1.528,2790.89,0.0
1790950558,eth,1806048000000,2500.0,put,53.62,0.093334,0.0925,0.094,2790.89,2190.0
1790950558,eth,1798185600000,1200.0,put,82.25,0.00159,0.0015,0.0018,2760.06,6692.0
1790950558,eth,1793347200000,4000.0,call,62.9,0.001073,0.0009,0.0013,2739.75,2795.0
1790950558,eth,1813910400000,5500.0,call,58.49,0.028776,0.028,0.0295,2824.41,647.0
1790950558,eth,1791187200000,2580.0,call,38.86,0.056686,0.0535,0.0595,2733.48,0.0
1790950558,eth,1813910400000,4600.0,call,56.51,0.049237,0.0485,0.0505,2824.41,203.0
1790950558,eth,1813910400000,5200.0,call,57.83,0.034092,0.0335,0.035,2824.41,23.0
1790950558,eth,1791273600000,2720.0,call,33.9,0.01628,0.0155,0.017,2733.53,0.0
1790950558,eth,1793347200000,2400.0,call,50.28,0.135762,0.1345,0.1375,2739.9,3661.0
1790950558,eth,1806048000000,1300.0,put,69.4,0.00761,0.007,0.008,2790.89,1864.0
1790950558,eth,1795766400000,2350.0,call,52.25,0.169061,0.1665,0.1715,2749.61,52.0
1790950558,eth,1813910400000,4500.0,put,56.31,0.645808,0.6315,0.6575,2824.56,1.0
1790950558,eth,1791187200000,2450.0,call,57.15,0.103893,0.102,0.1065,2733.48,0.0
1790950558,eth,1793347200000,2100.0,call,60.35,0.236903,0.235,0.2395,2739.9,1498.0
1790950558,eth,1813910400000,5200.0,put,57.83,0.875153,0.8565,0.8895,2824.41,0.0
1790950558,eth,1791273600000,2880.0,call,42.53,0.002395,0.0023,0.0026,2733.68,185.0
1790950558,eth,1798185600000,2700.0,call,51.08,0.107585,0.107,0.108,2760.06,6422.0
1790950558,eth,1793347200000,2000.0,put,64.8,0.002389,0.0021,0.0025,2739.75,7199.0
1790950558,eth,1792137600000,2550.0,put,45.6,0.010336,0.01,0.0105,2735.97,2162.0
1790950558,eth,1813910400000,1800.0,call,58.33,0.40149,0.399,0.4045,2824.56,1752.0
1790950558,eth,1821772800000,2500.0,put,55.03,0.144419,0.1425,0.1455,2856.8,4.0
1790950558,eth,1793347200000,3000.0,call,48.04,0.020278,0.02,0.021,2739.75,14000.0
1790950558,eth,1793347200000,3050.0,put,48.5,0.1301,0.127,0.133,2739.9,0.0
1790950558,eth,1821772800000,5400.0,put,57.66,0.940849,0.9205,0.9565,2856.65,0.0
1790950558,eth,1798185600000,4500.0,put,59.25,0.636595,0.627,0.6435,2760.06,2.0
1790950558,eth,1793347200000,2600.0,put,47.15,0.029023,0.0285,0.0295,2739.9,3017.0
1790950558,eth,1821772800000,7000.0,put,60.24,1.476447,1.4535,1.496,2856.65,0.0
1790950558,eth,1791187200000,2680.0,put,28.52,0.00295,0.0028,0.0031,2733.48,680.0
1790950558,eth,1798185600000,2900.0,put,51.02,0.127075,0.126,0.1275,2760.06,894.0
1790950558,eth,1813910400000,2000.0,call,56.61,0.347614,0.3435,0.3545,2824.56,1756.0
1790950558,eth,1798185600000,4800.0,put,61.08,0.743387,0.7335,0.751,2760.06,77.0
1790950558,eth,1793347200000,2950.0,call,47.62,0.024359,0.024,0.025,2739.75,3059.0
1790950558,eth,1791187200000,2600.0,put,36.48,0.000745,0.0006,0.0009,2733.48,382.0
1790950558,eth,1792742400000,2800.0,put,45.24,0.055741,0.055,0.0565,2737.96,188.0
1790950558,eth,1793347200000,4000.0,put,62.9,0.461045,0.4565,0.466,2739.75,0.0
1790950558,eth,1792742400000,2200.0,put,58.1,0.003022,0.0027,0.0031,2737.96,105.0
1790950558,eth,1791014400000,2800.0,call,44.43,0.001102,0.001,0.0013,2732.79,5761.0
1790950558,eth,1813910400000,3000.0,call,54.19,0.159009,0.158,0.16,2824.41,3497.0
1790950558,eth,1798185600000,5000.0,put,62.48,0.815046,0.805,0.8245,2760.06,1.0
1790950558,eth,1793347200000,2600.0,call,47.15,0.080042,0.079,0.081,2739.75,6025.0
1790950558,eth,1806048000000,3800.0,put,54.58,0.412242,0.401,0.421,2790.89,1.0
1790950558,eth,1798185600000,2300.0,put,53.38,0.032451,0.032,0.033,2760.06,7285.0
1790950558,eth,1798185600000,2100.0,put,56.03,0.018722,0.018,0.019,2760.06,2970.0
1790950558,eth,1795766400000,3050.0,call,50.29,0.039089,0.0385,0.0395,2749.46,363.0
1790950558,eth,1806048000000,2200.0,call,55.18,0.266302,0.2635,0.269,2790.89,4113.0
1790950558,eth,1791014400000,2840.0,put,52.73,0.039945,0.037,0.0435,2732.79,0.0
1790950558,eth,1791100800000,2560.0,put,46.8,0.000247,,0.0003,2733.04,46.0
1790950558,eth,1798185600000,3100.0,call,51.37,0.053658,0.053,0.0545,2760.06,4637.0
1790950558,eth,1793347200000,2050.0,call,62.47,0.254587,0.2525,0.257,2739.75,479.0
1790950558,eth,1791273600000,2560.0,call,42.36,0.06446,0.062,0.067,2733.68,0.0
1790950558,eth,1806048000000,1600.0,call,62.7,0.442048,0.439,0.4445,2790.89,872.0
1790950558,eth,1798185600000,3200.0,call,51.68,0.044957,0.0445,0.0455,2760.06,69221.0
1790950558,eth,1798185600000,4400.0,call,58.45,0.006974,0.0065,0.0075,2760.21,3832.0
1790950558,eth,1806048000000,4000.0,call,55.14,0.041881,0.0415,0.0425,2790.89,4556.0
1790950558,eth,1792742400000,2550.0,call,46.32,0.085362,0.084,0.0875,2737.96,0.0
1790950558,eth,1791187200000,2840.0,put,36.37,0.040759,0.0375,0.0435,2733.48,0.0
1790950558,eth,1793347200000,2100.0,put,60.35,0.003388,0.0031,0.0035,2739.75,4974.0
1790950558,eth,1791014400000,2480.0,put,88.61,9.4e-05,,0.0001,2732.79,31.0
1790950558,eth,1792137600000,2200.0,put,62.88,0.00161,0.0014,0.0017,2736.12,48.0
1790950558,eth,1791100800000,2460.0,put,68.39,0.0002,,0.0002,2733.04,2.0
1790950558,eth,1791532800000,2300.0,put,67.09,0.00093,0.0008,0.001,2734.29,1941.0
1790950558,eth,1795766400000,3200.0,call,51.02,0.027547,0.027,0.028,2749.61,4718.0
1790950558,eth,1791273600000,2400.0,put,60.54,0.00035,0.0002,0.0004,2733.53,100.0
1790950558,eth,1791187200000,2540.0,put,45.43,0.00046,0.0004,0.0005,2733.48,119.0
1790950558,eth,1791532800000,2350.0,put,62.22,0.001141,0.001,0.0012,2734.44,1823.0
1790950558,eth,1821772800000,4800.0,put,56.61,0.747836,0.73,0.76,2856.8,35.0
1790950558,eth,1792742400000,2600.0,call,45.62,0.072156,0.071,0.0735,2737.96,0.0
1790950558,eth,1795766400000,3600.0,put,53.9,0.32099,0.3145,0.326,2749.61,10.0
1790950558,eth,1806048000000,4600.0,call,56.99,0.024394,0.024,0.025,2790.89,1898.0
1790950558,eth,1791273600000,2780.0,call,36.3,0.007815,0.0075,0.008,2733.53,882.0
1790950558,eth,1795766400000,4400.0,put,61.05,0.603365,0.595,0.609,2749.61,0.0
1790950558,eth,1793347200000,3600.0,call,56.46,0.002848,0.0027,0.0031,2739.75,8297.0
1790950558,eth,1806048000000,2000.0,call,56.95,0.32001,0.317,0.3245,2790.89,1855.0
1790950558,eth,1791187200000,2500.0,put,51.05,0.000342,0.0002,0.0005,2733.48,0.0
1790950558,eth,1821772800000,6000.0,put,58.67,1.13908,1.1155,1.1545,2856.65,0.0
1790950558,eth,1791187200000,2300.0,put,84.86,0.000214,,0.0003,2733.48,381.0
1790950558,eth,1813910400000,5000.0,put,57.39,0.808641,0.796,0.8205,2824.41,0.0
1790950558,eth,1793347200000,3100.0,call,49.1,0.01411,0.0135,0.0145,2739.9,5247.0
1790950558,eth,1795766400000,3300.0,put,51.64,0.222376,0.216,0.227,2749.61,0.0
1790950558,eth,1795766400000,2250.0,put,53.84,0.017308,0.0165,0.0175,2749.61,733.0
1790950558,eth,1813910400000,3500.0,call,54.55,0.107455,0.1065,0.1085,2824.56,2431.0
1790950558,eth,1791100800000,2800.0,put,33.42,0.026221,0.023,0.029,2733.04,1.0
1790950558,eth,1791187200000,2640.0,call,31.87,0.035506,0.0335,0.0375,2733.33,1.0
1790950558,eth,1813910400000,3600.0,put,54.67,0.374083,0.371,0.3785,2824.41,0.0
1790950558,eth,1791014400000,3000.0,call,89.36,0.000143,0.0001,0.0003,2732.79,376.0
1790950558,eth,1791014400000,2650.0,put,42.29,0.000428,0.0002,0.0006,2732.79,0.0
1790950558,eth,1791100800000,2680.0,call,27.83,0.020977,0.0185,0.023,2733.04,379.0
1790950558,eth,1791273600000,2660.0,call,34.27,0.031127,0.0295,0.034,2733.53,0.0
1790950558,eth,1806048000000,1400.0,put,66.94,0.009647,0.009,0.01,2790.89,2047.0
1790950558,eth,1806048000000,1800.0,put,59.38,0.023793,0.023,0.0245,2790.89,3385.0
1790950558,eth,1806048000000,3500.0,call,53.84,0.068883,0.0685,0.0695,2790.89,4142.0
1790950558,eth,1793347200000,3800.0,put,59.73,0.388674,0.3845,0.3935,2739.9,0.0
1790950558,eth,1795766400000,2100.0,call,57.04,0.246774,0.2445,0.2485,2749.61,1.0
1790950558,eth,1793347200000,2200.0,call,56.3,0.201951,0.2,0.204,2739.9,1278.0
1790950558,eth,1813910400000,1500.0,put,62.26,0.02159,0.0205,0.0225,2824.41,645.0
1790950558,eth,1791532800000,3200.0,call,59.21,0.000833,0.0007,0.001,2734.44,5294.0
1790950558,eth,1806048000000,3600.0,put,54.07,0.351897,0.3485,0.3565,2790.89,1.0
1790950558,eth,1806048000000,1900.0,call,58.12,0.348942,0.346,0.351,2791.15,4029.0
1790950558,eth,1821772800000,2100.0,put,56.04,0.084352,0.083,0.0855,2856.8,150.0
1790950558,eth,1791273600000,2700.0,call,33.21,0.02036,0.0195,0.0215,2733.53,0.0
1790950558,eth,1791014400000,2600.0,put,57.13,0.000256,,0.0004,2732.94,10479.0
1790950558,eth,1791014400000,2920.0,put,71.23,0.068931,0.0655,0.072,2732.79,0.0
1790950558,eth,1806048000000,1900.0,put,58.12,0.029628,0.029,0.03,2790.89,3674.0
1790950558,eth,1791100800000,3100.0,call,75.94,0.000151,,0.0003,2733.04,77.0
1790950558,eth,1795766400000,2250.0,call,53.84,0.198811,0.196,0.2015,2749.61,126.0
1790950558,eth,1813910400000,6500.0,call,60.74,0.017491,0.017,0.018,2824.41,881.0
1790950558,eth,1793347200000,2700.0,call,46.71,0.058549,0.058,0.059,2739.9,4499.0
1790950558,eth,1791187200000,2500.0,call,51.05,0.08572,0.0835,0.0875,2733.48,0.0
1790950558,eth,1792137600000,2850.0,call,44.94,0.018481,0.018,0.019,2736.12,524.0
1790950558,eth,1791014400000,2300.0,put,100.28,1e-06,,0.0001,2732.79,1154.0
1790950558,eth,1791187200000,2720.0,put,27.77,0.007324,0.007,0.0075,2733.33,400.0
1790950558,eth,1791014400000,2860.0,call,56.81,0.000386,0.0003,0.0005,2732.94,1457.0
1790950558,eth,1791532800000,2000.0,call,92.41,0.268783,0.267,0.2705,2734.44,0.0
1790950558,eth,1792137600000,2750.0,put,43.94,0.036707,0.036,0.0375,2735.97,892.0
1790950558,eth,1791014400000,2820.0,call,48.42,0.000741,0.0006,0.0009,2732.79,1343.0
1790950558,eth,1821772800000,4200.0,call,55.69,0.093362,0.092,0.095,2856.8,4.0
1790950558,eth,1798185600000,2600.0,put,51.31,0.068742,0.068,0.069,2760.21,1478.0
1790950558,eth,1792137600000,2900.0,call,45.69,0.014012,0.0135,0.0145,2735.97,5671.0
1790950558,eth,1792742400000,3400.0,call,54.49,0.002862,0.0027,0.0031,2737.96,4.0
1790950558,eth,1798185600000,2900.0,call,51.02,0.076392,0.076,0.077,2760.06,4650.0
1790950558,eth,1791100800000,2880.0,put,44.79,0.054305,0.0515,0.058,2733.04,0.0
1790950558,eth,1795766400000,4000.0,put,57.53,0.460438,0.455,0.4665,2749.61,0.0
1790950558,eth,1791014400000,2900.0,put,67.2,0.061667,0.0585,0.0645,2732.79,0.0
1790950558,eth,1791187200000,2700.0,call,27.78,0.016862,0.015,0.0185,2733.48,279.0
1790950558,eth,1791014400000,2540.0,call,72.57,0.070516,0.068,0.073,2732.79,0.0
1790950558,eth,1806048000000,2700.0,put,53.18,0.127816,0.127,0.1285,2790.89,1269.0
1790950558,eth,1821772800000,2800.0,put,54.99,0.202315,0.202,0.2035,2856.65,1377.0
1790950558,eth,1791014400000,2740.0,put,34.23,0.00755,0.007,0.008,2732.79,256.0
1790950558,eth,1791100800000,2950.0,put,55.31,0.079662,0.0765,0.083,2733.04,20.0
1790950558,eth,1791014400000,2950.0,call,78.05,0.000187,0.0001,0.0003,2732.79,1165.0
1790950558,eth,1821772800000,2300.0,call,55.41,0.306862,0.301,0.315,2856.8,25.0
1790950558,eth,1791187200000,2740.0,put,28.47,0.011111,0.011,0.0115,2733.48,255.0
1790950558,eth,1821772800000,4000.0,call,55.43,0.104716,0.1035,0.1065,2856.8,684.0
1790950558,eth,1806048000000,3400.0,call,53.65,0.07644,0.076,0.077,2790.89,3460.0
1790950558,eth,1821772800000,1800.0,call,57.82,0.422404,0.4165,0.43,2856.8,0.0
1790950558,eth,1791532800000,2550.0,put,44.84,0.003686,0.0034,0.0037,2734.44,1901.0
1790950558,eth,1813910400000,900.0,put,75.69,0.005379,0.0047,0.006,2824.41,894.0
1790950558,eth,1791100800000,2580.0,put,42.7,0.000273,0.0002,0.0004,2733.04,25.0
1790950558,eth,1821772800000,2200.0,call,55.66,0.327356,0.3215,0.3355,2856.8,0.0
1790950558,eth,1793347200000,3300.0,call,51.65,0.007003,0.0065,0.0075,2739.75,1775.0
1790950558,eth,1791014400000,2950.0,put,78.05,0.079867,0.0765,0.083,2732.94,0.0
1790950558,eth,1791014400000,2600.0,call,57.13,0.048673,0.046,0.0515,2732.79,0.0
1790950558,eth,1813910400000,1300.0,call,65.81,0.553876,0.5515,0.555,2824.56,108.0
1790950558,eth,1798185600000,1500.0,call,71.03,0.460152,0.458,0.4615,2760.06,749.0
1790950558,eth,1792137600000,2400.0,call,51.36,0.126917,0.1245,0.1295,2735.97,0.0
1790950558,eth,1793347200000,3400.0,call,53.26,0.005117,0.005,0.0055,2739.75,6532.0
1790950558,eth,1795766400000,2750.0,put,49.67,0.077411,0.0765,0.078,2749.46,1312.0
1790950558,eth,1791532800000,2500.0,put,48.61,0.002546,0.0023,0.0026,2734.3,4048.0
1790950558,eth,1821772800000,3300.0,call,54.79,0.160355,0.159,0.162,2856.8,0.0
1790950558,eth,1791100800000,2900.0,put,47.55,0.061508,0.0585,0.065,2733.04,20.0
1790950558,eth,1791014400000,2760.0,call,37.21,0.002881,0.0027,0.003,2732.79,1360.0
1790950558,eth,1791273600000,2800.0,put,37.24,0.030352,0.0285,0.0315,2733.53,0.0
1790950558,eth,1798185600000,11000.0,put,89.59,2.985492,2.953,2.993,2760.21,748.0
1790950558,eth,1791187200000,2520.0,put,47.38,0.000353,0.0002,0.0005,2733.48,43.0
1790950558,eth,1791014400000,2680.0,put,35.3,0.000853,0.0006,0.0009,2732.94,598.0
1790950558,eth,1798185600000,2800.0,call,50.98,0.090825,0.0905,0.0915,2760.21,8331.0
1790950558,eth,1795766400000,4200.0,call,59.31,0.003783,0.0036,0.004,2749.61,806.0
1790950558,eth,1793347200000,1800.0,call,74.75,0.344285,0.3425,0.346,2739.9,110.0
1790950558,eth,1813910400000,1800.0,put,58.33,0.038776,0.038,0.0395,2824.41,1776.0
1790950558,eth,1798185600000,3400.0,put,52.51,0.263559,0.2585,0.2685,2760.06,89.0
1790950558,eth,1791100800000,2720.0,call,26.15,0.009853,0.009,0.0105,2733.04,532.0
1790950558,eth,1792742400000,2850.0,call,45.5,0.026668,0.026,0.027,2737.96,120.0
1790950558,eth,1798185600000,1000.0,put,91.25,0.000883,0.0007,0.0011,2760.06,18366.0
1790950558,eth,1795766400000,2200.0,put,54.83,0.014744,0.014,0.015,2749.61,1356.0
1790950558,eth,1813910400000,3700.0,put,54.83,0.402349,0.399,0.4075,2824.56,0.0
1790950558,eth,1813910400000,2300.0,call,55.02,0.276707,0.274,0.282,2824.41,251.0
1790950558,eth,1791532800000,2650.0,call,40.75,0.040557,0.0395,0.0415,2734.44,988.0
1790950558,eth,1813910400000,2700.0,call,54.24,0.201837,0.2005,0.2035,2824.41,580.0
1790950558,eth,1791532800000,2450.0,put,52.73,0.001844,0.0016,0.0019,2734.3,5932.0
1790950558,eth,1798185600000,3300.0,put,52.05,0.233304,0.2305,0.2375,2760.21,13.0
1790950558,eth,1798185600000,3400.0,call,52.51,0.031724,0.0315,0.0325,2760.06,14536.0
1790950558,eth,1795766400000,2800.0,put,49.71,0.087614,0.0865,0.088,2749.46,1040.0
1790950558,eth,1798185600000,2000.0,call,57.77,0.289514,0.287,0.2915,2760.06,10233.0
1790950558,eth,1791532800000,2200.0,call,75.79,0.195997,0.194,0.1985,2734.44,0.0
1790950558,eth,1813910400000,5500.0,put,58.49,0.976054,0.9575,0.989,2824.41,0.0
1790950558,eth,1793347200000,1850.0,call,71.62,0.326177,0.324,0.328,2739.9,1008.0
1790950558,eth,1795766400000,2000.0,put,59.45,0.007737,0.0075,0.008,2749.61,2332.0
1790950558,eth,1813910400000,3800.0,put,54.97,0.43111,0.4275,0.4365,2824.41,2.0
1790950558,eth,1795766400000,2950.0,put,49.94,0.122339,0.12,0.1245,2749.61,942.0
1790950558,eth,1798185600000,800.0,put,101.2,0.00043,0.0003,0.0007,2760.06,7354.0
1790950558,eth,1791100800000,2820.0,put,36.06,0.033024,0.03,0.0365,2733.04,0.0
1790950558,eth,1791532800000,2000.0,put,92.41,0.000221,0.0001,0.0004,2734.44,3436.0
1790950558,eth,1813910400000,3000.0,put,54.19,0.221121,0.2195,0.2225,2824.41,382.0
1790950558,eth,1806048000000,800.0,put,84.93,0.001827,0.0015,0.0021,2790.89,2957.0
1790950558,eth,1793347200000,2300.0,call,52.87,0.167986,0.1665,0.17,2739.9,1145.0
1790950558,eth,1791100800000,2840.0,call,38.94,0.000948,0.0008,0.0011,2732.78,46.0
1790950558,eth,1798185600000,2000.0,put,57.77,0.014122,0.0135,0.0145,2760.21,9450.0
1790950558,eth,1798185600000,800.0,call,101.2,0.710586,0.7095,0.7115,2760.06,171.0
1790950558,eth,1806048000000,4500.0,call,56.72,0.026652,0.026,0.027,2791.15,4309.0
1790950558,eth,1798185600000,5500.0,call,65.56,0.00217,0.002,0.0024,2760.06,2165.0
1790950558,eth,1793347200000,2750.0,put,46.64,0.05324,0.0525,0.0535,2739.9,962.0
1790950558,eth,1798185600000,4000.0,call,55.93,0.012146,0.0115,0.0125,2760.21,16175.0
1790950558,eth,1821772800000,3000.0,call,54.65,0.194077,0.1925,0.1955,2856.65,81.0
1790950558,eth,1792742400000,2600.0,put,45.62,0.021741,0.021,0.022,2737.96,36.0
1790950558,eth,1795766400000,3500.0,call,53.17,0.014149,0.0135,0.0145,2749.61,2405.0
1790950558,eth,1792137600000,2000.0,call,76.21,0.269777,0.2675,0.2715,2735.97,0.0
1790950558,eth,1791273600000,2400.0,call,60.54,0.122207,0.1205,0.124,2733.68,0.0
1790950558,eth,1791187200000,2400.0,call,69.18,0.122261,0.12,0.1245,2733.48,0.0
1790950558,eth,1791014400000,2800.0,put,44.43,0.025677,0.0235,0.0285,2732.79,0.0
1790950558,eth,1813910400000,4600.0,put,56.51,0.677866,0.6665,0.689,2824.41,0.0
1790950558,eth,1791100800000,2860.0,call,41.79,0.000732,0.0006,0.0009,2733.04,69.0
1790950558,eth,1791273600000,2820.0,put,38.55,0.036557,0.0335,0.039,2733.68,0.0
1790950558,eth,1813910400000,1200.0,call,68.02,0.586524,0.584,0.5895,2824.41,55.0
1790950558,eth,1793347200000,1200.0,call,103.29,0.56211,0.561,0.5635,2739.75,0.0
1790950558,eth,1793347200000,1700.0,call,79.24,0.380386,0.3785,0.382,2739.9,74.0
1790950558,eth,1798185600000,1300.0,put,78.07,0.002074,0.0018,0.0023,2760.21,4154.0
1790950558,eth,1792137600000,3200.0,call,52.78,0.003027,0.0028,0.0031,2736.12,168.0
1790950558,eth,1791532800000,3100.0,call,54.22,0.001421,0.0013,0.0015,2734.44,6555.0
1790950558,eth,1791532800000,2700.0,call,40.38,0.028604,0.0275,0.029,2734.44,1964.0
1790950558,eth,1806048000000,1200.0,put,72.22,0.006007,0.0055,0.0065,2790.89,1749.0
1790950558,eth,1798185600000,2300.0,call,53.38,0.19915,0.196,0.201,2760.06,6840.0
1790950558,eth,1793347200000,3000.0,put,48.04,0.115256,0.114,0.117,2739.75,148.0
1790950558,eth,1793347200000,2650.0,call,46.81,0.068657,0.0675,0.0695,2739.9,3044.0
1790950558,eth,1791100800000,2660.0,call,30.08,0.027696,0.0245,0.0305,2733.04,0.0
1790950558,eth,1791100800000,2500.0,call,60.75,0.085559,0.0825,0.088,2733.04,0.0
1790950558,eth,1821772800000,3400.0,put,54.85,0.340705,0.3345,0.3455,2856.8,0.0
1790950558,eth,1791273600000,2920.0,call,45.58,0.001635,0.0016,0.0018,2733.53,0.0
1790950558,eth,1793347200000,4200.0,call,66.0,0.000714,0.0006,0.0009,2739.75,1462.0
1790950558,eth,1792742400000,2650.0,call,45.26,0.060321,0.0595,0.061,2737.96,0.0
1790950558,eth,1791014400000,2300.0,call,100.28,0.158216,0.157,0.1605,2732.94,0.0
1790950558,eth,1806048000000,3700.0,call,54.32,0.056188,0.0555,0.057,2790.89,1522.0
1790950558,eth,1806048000000,5000.0,call,58.3,0.017658,0.017,0.0185,2790.89,9680.0
1790950558,eth,1791014400000,2560.0,call,70.21,0.063277,0.0605,0.066,2732.79,0.0
1790950558,eth,1821772800000,3700.0,put,55.09,0.420275,0.414,0.4255,2856.8,1.0
1790950558,eth,1806048000000,1200.0,call,72.22,0.5761,0.574,0.5785,2790.89,68.0
1790950558,eth,1821772800000,3100.0,call,54.69,0.182065,0.1805,0.184,2856.8,20.0
1790950558,eth,1792137600000,2650.0,put,44.08,0.020167,0.0195,0.0205,2735.97,410.0
1790950558,eth,1821772800000,5200.0,call,57.34,0.055678,0.0545,0.057,2856.8,2.0
1790950558,eth,1791532800000,2700.0,put,40.38,0.016045,0.0155,0.0165,2734.44,1191.0
1790950558,eth,1806048000000,2500.0,call,53.62,0.197694,0.1965,0.1985,2790.89,10710.0
1790950558,eth,1806048000000,1500.0,put,64.72,0.01217,0.0115,0.0125,2790.89,4165.0
1790950558,eth,1795766400000,2850.0,call,49.75,0.061918,0.0615,0.0625,2749.46,1940.0
1790950558,eth,1821772800000,2000.0,call,56.49,0.372356,0.367,0.3805,2856.65,5.0
1790950558,eth,1821772800000,3800.0,put,55.16,0.447857,0.4415,0.4535,2856.65,0.0
1790950558,eth,1791532800000,2550.0,call,44.84,0.071103,0.0695,0.073,2734.44,102.0
1790950558,eth,1813910400000,2700.0,put,54.24,0.157755,0.1565,0.159,2824.41,33.0
1790950558,eth,1791100800000,2620.0,call,35.69,0.041836,0.039,0.0445,2733.04,0.0
1790950558,eth,1791100800000,2780.0,call,30.99,0.002622,0.0025,0.0028,2732.78,388.0
1790950558,eth,1813910400000,2900.0,call,54.18,0.172156,0.171,0.1735,2824.41,512.0
1790950558,eth,1813910400000,1700.0,put,59.44,0.032061,0.031,0.033,2824.41,3951.0
1790950558,eth,1793347200000,1200.0,put,103.29,0.000101,,0.0004,2739.9,2658.0
1790950558,eth,1806048000000,1500.0,call,64.72,0.474786,0.472,0.476,2790.89,208.0
1790950558,eth,1791100800000,2520.0,put,56.82,0.000264,,0.0003,2733.04,163.0
1790950558,eth,1791100800000,2950.0,call,55.31,0.000337,0.0002,0.0005,2733.04,335.0
1790950558,eth,1791532800000,2400.0,put,57.52,0.001444,0.0013,0.0015,2734.44,5036.0
1790950558,eth,1793347200000,2450.0,put,49.22,0.014766,0.014,0.015,2739.9,1645.0
1790950558,eth,1792742400000,2300.0,put,53.73,0.004681,0.0044,0.0048,2737.96,486.0
1790950558,eth,1791014400000,2400.0,call,98.69,0.121637,0.1205,0.124,2732.79,1.0
1790950558,eth,1795766400000,2600.0,put,49.98,0.051557,0.051,0.052,2749.46,445.0
1790950558,eth,1821772800000,4400.0,call,55.99,0.0836,0.0825,0.085,2856.8,150.0
1790950558,eth,1821772800000,6500.0,call,59.46,0.03164,0.031,0.0325,2856.8,6.0
1790950558,eth,1795766400000,3000.0,put,50.09,0.135156,0.1325,0.1375,2749.61,617.0
1790950558,eth,1791100800000,3000.0,call,61.63,0.000224,0.0001,0.0004,2732.78,34.0
1790950558,eth,1821772800000,1800.0,put,57.82,0.052477,0.051,0.0535,2856.8,170.0
1790950558,eth,1791532800000,3000.0,put,49.4,0.099842,0.0965,0.103,2734.44,30.0
1790950558,eth,1792742400000,2900.0,call,45.92,0.021416,0.021,0.022,2737.96,181.0
1790950558,eth,1793347200000,1950.0,put,67.08,0.002011,0.0018,0.0021,2739.9,1375.0
1790950558,eth,1791187200000,2900.0,call,42.55,0.000871,0.0008,0.001,2733.48,0.0
1790950558,eth,1792137600000,2300.0,put,56.7,0.002465,0.0022,0.0026,2736.12,822.0
1790950558,eth,1806048000000,3300.0,call,53.49,0.084945,0.084,0.0855,2790.89,1971.0
1790950558,eth,1813910400000,4200.0,put,55.69,0.551369,0.5475,0.5565,2824.41,3.0
1790950558,eth,1791273600000,2300.0,put,75.95,0.000304,0.0002,0.0003,2733.53,1521.0
1790950558,eth,1792137600000,2850.0,put,44.94,0.060152,0.059,0.061,2735.97,5.0
1790950558,eth,1798185600000,1300.0,call,78.07,0.531078,0.5295,0.532,2760.06,50.0
1790950558,eth,1795766400000,2550.0,call,50.26,0.117124,0.116,0.118,2749.46,1148.0
1790950558,eth,1806048000000,3000.0,call,53.13,0.116769,0.116,0.1175,2790.89,8414.0
1790950558,eth,1793347200000,1700.0,put,79.24,0.000874,0.0007,0.001,2739.9,1523.0
1790950558,eth,1792137600000,2900.0,put,45.69,0.073957,0.0725,0.0755,2736.12,0.0
1790950558,eth,1798185600000,1900.0,put,59.84,0.010683,0.01,0.011,2760.06,5072.0
1790950558,eth,1792137600000,2300.0,call,56.7,0.161819,0.1595,0.1645,2735.97,18.0
1790950558,eth,1813910400000,4100.0,put,55.49,0.520605,0.5165,0.526,2824.41,25.0
1790950558,eth,1813910400000,3200.0,call,54.27,0.135721,0.1345,0.137,2824.41,1380.0
1790950558,eth,1791014400000,2920.0,call,71.23,0.000231,0.0001,0.0004,2732.94,181.0
1790950558,eth,1821772800000,2600.0,put,54.94,0.162468,0.1605,0.1645,2856.65,1000.0
1790950558,eth,1795766400000,3800.0,put,55.73,0.390051,0.383,0.395,2749.61,0.0
1790950558,eth,1791014400000,2700.0,put,32.3,0.001641,0.0014,0.0018,2732.79,4339.0
1790950558,eth,1792742400000,2500.0,call,47.3,0.099744,0.098,0.1015,2737.96,0.0
1790950558,eth,1791187200000,2720.0,call,27.77,0.012216,0.0115,0.013,2733.48,89.0
1790950558,eth,1791273600000,3100.0,call,60.09,0.000453,0.0003,0.0007,2733.53,0.0
1790950558,eth,1791532800000,2750.0,call,40.98,0.019526,0.019,0.02,2734.3,3541.0
1790950558,eth,1793347200000,1600.0,call,84.19,0.416625,0.415,0.4185,2739.75,70.0
1790950558,eth,1791187200000,2940.0,put,47.03,0.076216,0.0725,0.0795,2733.48,0.0
1790950558,eth,1792137600000,3400.0,put,58.46,0.244034,0.2405,0.248,2735.97,0.0
1790950558,eth,1791187200000,2660.0,put,29.92,0.001936,0.0018,0.0021,2733.48,510.0
1790950558,eth,1821772800000,4100.0,call,55.53,0.098738,0.0975,0.1005,2856.65,251.0
1790950558,eth,1791273600000,3000.0,call,51.65,0.000816,0.0007,0.001,2733.53,1.0
1790950558,eth,1806048000000,3100.0,call,53.23,0.105021,0.104,0.1055,2790.89,2387.0
1790950558,eth,1791273600000,2760.0,call,35.36,0.010029,0.0095,0.0105,2733.53,258.0
1790950558,eth,1813910400000,6000.0,put,59.64,1.146497,1.13,1.1605,2824.41,1.0
1790950558,eth,1813910400000,3100.0,call,54.22,0.146863,0.1455,0.148,2824.41,336.0
1790950558,eth,1806048000000,2700.0,call,53.18,0.160525,0.1595,0.1615,2790.89,3291.0
1790950558,eth,1791100800000,2840.0,put,38.94,0.040027,0.037,0.0435,2733.04,0.0
1790950558,eth,1798185600000,3600.0,put,53.55,0.32696,0.3215,0.3335,2760.21,244.0
1790950558,eth,1791187200000,2820.0,put,34.4,0.033997,0.0315,0.037,2733.48,0.0
1790950558,eth,1791187200000,2700.0,put,27.78,0.004654,0.0044,0.0048,2733.48,679.0
1790950558,eth,1806048000000,8000.0,call,67.15,0.003108,0.0028,0.0035,2790.89,522.0
1790950558,eth,1791014400000,2540.0,put,72.57,0.000139,,0.0002,2732.79,781.0
1790950558,eth,1813910400000,2200.0,call,55.43,0.298943,0.295,0.3065,2824.56,1090.0
1790950558,eth,1798185600000,3600.0,call,53.55,0.022665,0.022,0.023,2760.06,2750.0
1790950558,eth,1813910400000,900.0,call,75.69,0.686734,0.6845,0.688,2824.41,1.0
1790950558,eth,1798185600000,9000.0,call,80.34,0.000203,0.0001,0.0004,2760.06,2084.0
1790950558,eth,1791187200000,2940.0,call,47.03,0.00062,0.0005,0.0008,2733.48,0.0
1790950558,eth,1793347200000,2350.0,call,51.43,0.151578,0.1495,0.153,2739.9,664.0
1790950558,eth,1793347200000,2750.0,call,46.64,0.04951,0.049,0.05,2739.75,3376.0
1790950558,eth,1813910400000,3700.0,call,54.83,0.092359,0.0915,0.0935,2824.56,339.0
1790950558,eth,1798185600000,2200.0,call,54.56,0.227649,0.2245,0.2295,2760.06,51009.0
1790950558,eth,1791100800000,2580.0,call,42.7,0.056321,0.0535,0.059,2732.78,0.0
1790950558,eth,1791100800000,3000.0,put,61.63,0.097843,0.094,0.1015,2733.04,0.0
1790950558,eth,1806048000000,2100.0,put,55.98,0.044753,0.044,0.0455,2790.89,1430.0
1790950558,eth,1792742400000,2850.0,put,45.5,0.067532,0.066,0.0695,2737.96,3.0
1790950558,eth,1821772800000,4800.0,call,56.61,0.06764,0.0665,0.069,2856.8,3.0
1790950558,eth,1795766400000,2850.0,put,49.75,0.098474,0.0975,0.099,2749.46,482.0
1790950558,eth,1791100800000,2520.0,call,56.82,0.078265,0.075,0.0805,2732.78,0.0
1790950558,eth,1791014400000,2940.0,put,76.19,0.076228,0.073,0.0795,2732.94,0.0
1790950558,eth,1806048000000,7000.0,call,64.47,0.004984,0.0046,0.0055,2790.89,6772.0
1790950558,eth,1813910400000,2500.0,call,54.52,0.2366,0.235,0.2385,2824.56,3226.0
1790950558,eth,1791187200000,2780.0,put,31.09,0.021434,0.0195,0.023,2733.33,1.0
1790950558,eth,1792742400000,2750.0,call,45.08,0.040789,0.04,0.041,2738.11,62.0
1790950558,eth,1798185600000,4000.0,put,55.93,0.461363,0.4555,0.4675,2760.06,529.0
1790950558,eth,1813910400000,800.0,put,78.28,0.003878,0.0035,0.0042,2824.41,688.0
1790950558,eth,1821772800000,3000.0,put,54.65,0.244199,0.2425,0.248,2856.8,333.0
1790950558,eth,1791187200000,2800.0,put,32.6,0.027504,0.025,0.03,2733.48,11.0
1790950558,eth,1806048000000,6000.0,put,61.46,1.158291,1.138,1.172,2790.89,1.0
1790950558,eth,1791532800000,2850.0,call,43.41,0.008569,0.008,0.009,2734.44,6217.0
1790950558,eth,1821772800000,5000.0,call,57.01,0.061371,0.06,0.0625,2856.8,45.0
1790950558,eth,1798185600000,1600.0,call,67.81,0.425029,0.423,0.4265,2760.06,620.0
1790950558,eth,1806048000000,3100.0,put,53.23,0.215614,0.2145,0.2165,2790.89,417.0
1790950558,eth,1793347200000,4400.0,call,68.65,0.000474,0.0003,0.0007,2739.9,686.0
1790950558,eth,1791532800000,3200.0,put,59.21,0.171134,0.167,0.175,2734.44,0.0
1790950558,eth,1813910400000,3400.0,put,54.44,0.319845,0.3175,0.323,2824.56,30.0
1790950558,eth,1791532800000,2400.0,call,57.52,0.123718,0.1215,0.1255,2734.29,24.0
1790950558,eth,1792742400000,2300.0,call,53.73,0.164651,0.1625,0.167,2737.96,0.0
1790950558,eth,1798185600000,3800.0,put,54.62,0.393122,0.3855,0.3995,2760.06,113.0
1790950558,eth,1791014400000,2660.0,call,39.63,0.026969,0.024,0.03,2732.79,0.0
1790950558,eth,1791014400000,2880.0,put,61.67,0.054378,0.0505,0.0575,2732.79,0.0
1790950558,eth,1821772800000,3600.0,call,55.02,0.133101,0.1315,0.135,2856.65,160.0
1790950558,eth,1813910400000,1200.0,put,68.02,0.011383,0.0105,0.012,2824.41,582.0
1790950558,eth,1821772800000,6000.0,call,58.67,0.038835,0.038,0.04,2856.8,562.0
1790950558,eth,1792742400000,2500.0,put,47.3,0.012791,0.012,0.013,2737.96,263.0
1790950558,eth,1791273600000,2960.0,put,48.96,0.084214,0.081,0.0875,2733.68,0.0
1790950558,eth,1795766400000,2150.0,put,55.95,0.012602,0.012,0.0125,2749.61,407.0
1790950558,eth,1791273600000,2620.0,call,36.75,0.043853,0.0415,0.046,2733.53,0.0
1790950558,eth,1791273600000,2660.0,put,34.27,0.00421,0.004,0.0044,2733.53,384.0
1790950558,eth,1791273600000,2840.0,call,39.68,0.00374,0.0036,0.0039,2733.53,0.0
1790950558,eth,1791187200000,2760.0,put,29.76,0.015928,0.015,0.0165,2733.33,103.0
1790950558,eth,1791273600000,2520.0,put,46.83,0.000808,0.0006,0.0009,2733.68,0.0
1790950558,eth,1795766400000,3300.0,call,51.64,0.021951,0.0215,0.0225,2749.46,842.0
1790950558,eth,1806048000000,5500.0,call,59.93,0.012239,0.0115,0.013,2791.15,3179.0
1790950558,eth,1792742400000,2750.0,put,45.08,0.045171,0.0445,0.0455,2737.96,49.0
1790950558,eth,1798185600000,1600.0,put,67.81,0.004716,0.0044,0.0049,2760.21,8414.0
1790950558,eth,1821772800000,2900.0,put,54.66,0.222225,0.221,0.225,2856.65,5.0
1790950558,eth,1793347200000,2050.0,put,62.47,0.002822,0.0026,0.0029,2739.75,1237.0
1790950558,eth,1821772800000,5500.0,call,57.82,0.048323,0.0475,0.0495,2856.65,314.0
1790950558,eth,1791273600000,2540.0,call,44.72,0.071602,0.0695,0.074,2733.53,0.0
1790950558,eth,1821772800000,2800.0,call,54.99,0.222201,0.2195,0.2225,2856.8,337.0
1790950558,eth,1798185600000,11000.0,call,89.59,0.000143,,0.0002,2760.06,2175.0
1790950558,eth,1791014400000,2940.0,call,76.19,0.000207,0.0001,0.0004,2732.79,693.0
1790950558,eth,1813910400000,1000.0,call,72.97,0.653019,0.6505,0.6565,2824.41,101.0
1790950558,eth,1813910400000,2300.0,put,55.02,0.091025,0.09,0.092,2824.41,1035.0
1790950558,eth,1791100800000,2700.0,put,26.3,0.002697,0.0024,0.0028,2732.78,1648.0
1790950558,eth,1793347200000,2400.0,put,50.28,0.011745,0.011,0.012,2739.75,8736.0
1790950558,eth,1792137600000,3000.0,call,47.75,0.008162,0.0075,0.0085,2735.97,882.0
1790950558,eth,1791014400000,2500.0,call,82.35,0.085114,0.0825,0.0885,2732.79,18.0
1790950558,eth,1792137600000,3100.0,put,50.35,0.137992,0.134,0.1415,2736.12,0.0
1790950558,eth,1795766400000,3200.0,put,51.02,0.191632,0.1855,0.196,2749.61,1.0
1790950558,eth,1791187200000,2540.0,call,45.43,0.071204,0.068,0.0735,2733.48,0.0
1790950558,eth,1792742400000,2200.0,call,58.1,0.199515,0.1975,0.2015,2737.96,0.0
1790950558,eth,1791532800000,2800.0,put,42.05,0.037031,0.036,0.038,2734.29,287.0
1790950558,eth,1791014400000,2520.0,put,76.37,0.000103,,0.0001,2732.79,1440.0
1790950558,eth,1791014400000,2580.0,call,65.19,0.05601,0.053,0.0585,2732.79,0.0
1790950558,eth,1791187200000,2620.0,call,34.18,0.042469,0.0395,0.045,2733.48,0.0
1790950558,eth,1813910400000,3200.0,put,54.27,0.268684,0.267,0.2705,2824.41,48.0
1790950558,eth,1795766400000,4600.0,call,62.81,0.002055,0.0019,0.0023,2749.61,1368.0
1790950558,eth,1821772800000,3700.0,call,55.09,0.125124,0.1235,0.127,2856.8,0.0
1790950558,eth,1813910400000,2100.0,call,55.95,0.322577,0.3205,0.326,2824.41,142.0
1790950558,eth,1793347200000,1950.0,call,67.08,0.290275,0.2885,0.292,2739.9,744.0
1790950558,eth,1792137600000,2700.0,call,43.94,0.040756,0.04,0.0415,2735.97,912.0
1790950558,eth,1793347200000,2650.0,put,46.81,0.035888,0.035,0.0365,2739.9,6191.0
1790950558,eth,1791187200000,2550.0,put,43.67,0.000477,0.0004,0.0006,2733.48,0.0
1790950558,eth,1806048000000,3200.0,call,53.34,0.094423,0.0935,0.095,2790.89,1980.0
1790950558,eth,1793347200000,4200.0,put,66.0,0.533684,0.529,0.539,2739.75,0.0
1790950558,eth,1798185600000,3800.0,call,54.62,0.016365,0.016,0.017,2760.06,5872.0
1790950558,eth,1821772800000,2100.0,call,56.04,0.349266,0.343,0.357,2856.65,2.0
1790950558,eth,1806048000000,2400.0,call,54.0,0.218862,0.217,0.221,2790.89,2362.0
1790950558,eth,1791273600000,3100.0,put,60.09,0.134721,0.1305,0.138,2733.68,0.0
1790950558,eth,1806048000000,4000.0,put,55.14,0.474905,0.462,0.4835,2790.89,0.0
1790950558,eth,1795766400000,2550.0,put,50.26,0.044569,0.044,0.045,2749.46,284.0
1790950558,eth,1791532800000,2900.0,call,45.22,0.005712,0.0055,0.006,2734.29,6972.0
1790950558,eth,1821772800000,3400.0,call,54.85,0.150567,0.149,0.1525,2856.65,0.0
1790950558,eth,1791273600000,3200.0,put,66.8,0.1711,0.1675,0.1745,2733.68,0.0
1790950558,eth,1798185600000,2500.0,put,51.76,0.054236,0.0535,0.0545,2760.06,3161.0
1790950558,eth,1806048000000,4600.0,put,56.99,0.672372,0.659,0.6835,2790.89,0.0
1790950558,eth,1806048000000,3700.0,put,54.32,0.381736,0.378,0.3865,2790.89,0.0
1790950558,eth,1806048000000,2200.0,put,55.18,0.054466,0.0535,0.055,2790.89,2250.0
1790950558,eth,1798185600000,1700.0,call,64.85,0.390244,0.388,0.3925,2760.06,365.0
1790950558,eth,1793347200000,2850.0,put,46.99,0.075214,0.0745,0.0755,2739.9,114.0
1790950558,eth,1791532800000,2350.0,call,62.22,0.141702,0.1395,0.1435,2734.44,0.0
1790950558,eth,1791100800000,2500.0,put,60.75,0.000241,,0.0003,2733.04,44.0
1790950558,eth,1791014400000,2850.0,call,54.96,0.000455,0.0004,0.0006,2732.79,652.0
1790950558,eth,1821772800000,6500.0,put,59.46,1.306905,1.2825,1.3265,2856.65,0.0
1790950558,eth,1821772800000,2700.0,call,54.87,0.23646,0.233,0.2395,2856.65,40.0
1790950558,eth,1793347200000,4400.0,put,68.65,0.606443,0.6015,0.612,2739.75,0.0
1790950558,eth,1798185600000,3200.0,put,51.68,0.204331,0.202,0.2075,2760.06,311.0
1790950558,eth,1798185600000,10000.0,call,82.61,0.000112,0.0001,0.0003,2760.06,1741.0
1790950558,eth,1791273600000,2600.0,call,38.38,0.05046,0.048,0.053,2733.68,0.0
1790950558,eth,1813910400000,2800.0,call,54.19,0.186394,0.185,0.1875,2824.41,1233.0
1790950558,eth,1798185600000,5500.0,put,65.56,0.994845,0.983,1.0045,2760.06,0.0
1790950558,eth,1793347200000,2350.0,put,51.43,0.009311,0.009,0.0095,2739.75,2932.0
1790950558,eth,1821772800000,5000.0,put,57.01,0.811575,0.7925,0.824,2856.8,0.0
1790950558,eth,1821772800000,4300.0,put,55.85,0.593535,0.581,0.6045,2856.65,0.0
1790950558,eth,1791532800000,3100.0,put,54.22,0.13515,0.132,0.1385,2734.44,0.0
1790950558,eth,1793347200000,2700.0,put,46.71,0.044029,0.043,0.0445,2739.9,3692.0
1790950558,eth,1792137600000,2500.0,put,47.12,0.007463,0.007,0.008,2736.12,30255.0
1790950558,eth,1813910400000,2800.0,put,54.19,0.177715,0.1765,0.179,2824.41,837.0
1790950558,eth,1795766400000,2650.0,call,49.78,0.095525,0.0945,0.0965,2749.46,2760.0
1790950558,eth,1813910400000,2600.0,call,54.35,0.218543,0.217,0.22,2824.41,404.0
1790950558,eth,1813910400000,1300.0,put,65.81,0.01414,0.0135,0.015,2824.41,1686.0
1790950558,eth,1806048000000,5500.0,put,59.93,0.982647,0.9665,0.994,2790.89,0.0
1790950558,eth,1806048000000,1400.0,call,66.94,0.508089,0.5055,0.509,2790.89,31.0
1790950558,eth,1813910400000,2400.0,put,54.73,0.105682,0.1045,0.1065,2824.56,289.0
1790950558,eth,1821772800000,5200.0,put,57.34,0.87589,0.8555,0.8905,2856.65,0.0
1790950558,eth,1792137600000,2600.0,put,44.68,0.014523,0.014,0.015,2735.97,1217.0
1790950558,eth,1821772800000,1500.0,call,60.79,0.505607,0.501,0.5125,2856.65,0.0
1790950558,eth,1792742400000,3200.0,call,50.39,0.005927,0.0055,0.006,2737.96,31.0
1790950558,eth,1791100800000,2480.0,call,64.38,0.09285,0.09,0.095,2733.04,0.0
1790950558,eth,1791014400000,3000.0,put,89.36,0.098123,0.094,0.1015,2732.79,0.0
1790950558,eth,1795766400000,1600.0,call,72.56,0.420389,0.4185,0.4225,2749.46,18.0
1790950558,eth,1806048000000,1600.0,put,62.7,0.015258,0.0145,0.0155,2790.89,3053.0
1790950558,eth,1813910400000,3800.0,call,54.97,0.085726,0.0845,0.087,2824.41,491.0
1790950558,eth,1791187200000,2740.0,call,28.47,0.008685,0.008,0.0095,2733.33,579.0
1790950558,eth,1795766400000,2800.0,call,49.71,0.069243,0.069,0.07,2749.46,3394.0
1790950558,eth,1791532800000,2500.0,call,48.61,0.088248,0.0855,0.0905,2734.44,460.0
1790950558,eth,1821772800000,7000.0,call,60.24,0.026161,0.0255,0.027,2856.8,598.0
1790950558,eth,1791187200000,2950.0,put,48.47,0.079851,0.076,0.0835,2733.48,0.0
1790950558,eth,1793347200000,1500.0,call,89.73,0.452955,0.4515,0.4545,2739.75,52.0
1790950558,eth,1798185600000,2500.0,call,51.76,0.148475,0.1475,0.1495,2760.06,28796.0
1790950558,eth,1793347200000,2800.0,call,46.78,0.041725,0.041,0.042,2739.9,5060.0
1790950558,eth,1806048000000,3900.0,put,54.86,0.44333,0.4305,0.4525,2790.89,0.0
1790950558,eth,1791100800000,2660.0,put,30.08,0.000918,0.0008,0.001,2732.78,139.0
1790950558,eth,1806048000000,2400.0,put,54.0,0.078676,0.078,0.0795,2790.89,948.0
1790950558,eth,1791100800000,2820.0,call,36.06,0.001263,0.0011,0.0015,2733.04,30.0
1790950558,eth,1793347200000,3300.0,put,51.65,0.21148,0.208,0.215,2739.75,0.0
1790950558,eth,1791014400000,2860.0,put,56.81,0.047127,0.044,0.0505,2732.79,0.0
1790950558,eth,1795766400000,2350.0,put,52.25,0.023893,0.0235,0.0245,2749.46,648.0
1790950558,eth,1798185600000,6000.0,put,68.25,1.175224,1.1625,1.1845,2760.06,100.0
1790950558,eth,1806048000000,1700.0,call,60.94,0.41007,0.407,0.414,2790.89,1244.0
1790950558,eth,1791014400000,2840.0,call,52.73,0.000535,0.0004,0.0007,2732.79,1231.0
1790950558,eth,1813910400000,1000.0,put,72.97,0.007069,0.0065,0.0075,2824.41,4804.0
1790950558,eth,1791100800000,2640.0,put,33.1,0.00063,0.0005,0.0007,2733.04,1275.0
1790950558,eth,1821772800000,2900.0,call,54.66,0.207106,0.2055,0.2085,2856.65,328.0
1790950558,eth,1795766400000,2400.0,put,51.64,0.028128,0.0275,0.0285,2749.61,1903.0
1790950558,eth,1791273600000,2940.0,put,47.3,0.0771,0.074,0.08,2733.68,0.0
1790950558,eth,1821772800000,3200.0,put,54.74,0.290972,0.2875,0.295,2856.8,101.0
1790950558,eth,1791273600000,2520.0,call,46.83,0.078757,0.0765,0.081,2733.53,0.0
1790950558,eth,1791187200000,2860.0,put,38.48,0.047697,0.045,0.0505,2733.48,0.0
1790950558,eth,1793347200000,2550.0,put,47.63,0.023252,0.0225,0.0235,2739.75,2498.0
1790950558,eth,1798185600000,1400.0,put,74.6,0.00278,0.0025,0.003,2760.06,13800.0
1790950558,eth,1792742400000,2700.0,put,45.12,0.035986,0.0355,0.0365,2737.96,113.0
1790950558,eth,1791187200000,2480.0,put,53.47,0.000285,0.0002,0.0005,2733.48,2136.0
1790950558,eth,1793347200000,2000.0,call,64.8,0.272403,0.27,0.274,2739.75,738.0
1790950558,eth,1791100800000,2550.0,call,49.04,0.067267,0.0645,0.0695,2733.04,0.0
1790950558,eth,1791187200000,2580.0,put,38.86,0.000576,0.0004,0.0007,2733.48,106.0
1790950558,eth,1821772800000,5400.0,call,57.66,0.050629,0.0495,0.052,2856.65,3.0
1790950558,eth,1791532800000,3400.0,put,68.29,0.243773,0.2405,0.2475,2734.44,0.0
1790950558,eth,1795766400000,2700.0,put,49.75,0.068071,0.0675,0.0685,2749.46,904.0
1790950558,eth,1798185600000,9000.0,put,80.34,2.260942,2.246,2.2785,2760.06,0.0
1790950558,eth,1813910400000,3600.0,call,54.67,0.099537,0.0985,0.101,2824.56,3341.0
1790950558,eth,1813910400000,4800.0,call,56.94,0.04335,0.0425,0.0445,2824.41,144.0
1790950558,eth,1813910400000,4000.0,put,55.31,0.490311,0.487,0.496,2824.41,19.0
1790950558,eth,1798185600000,4600.0,call,59.63,0.005379,0.005,0.006,2760.06,11133.0
1790950558,eth,1798185600000,10000.0,put,82.61,2.623156,2.605,2.6445,2760.06,0.0
1790950558,eth,1806048000000,3200.0,put,53.34,0.240842,0.2395,0.2415,2790.89,114.0
1790950558,eth,1806048000000,2600.0,call,53.36,0.178294,0.177,0.179,2790.89,3326.0
1790950558,eth,1813910400000,3300.0,put,54.34,0.293828,0.292,0.296,2824.41,69.0
1790950558,eth,1813910400000,1700.0,call,59.44,0.43018,0.428,0.433,2824.41,692.0
1790950558,eth,1791100800000,2700.0,call,26.3,0.01484,0.0125,0.017,2733.04,151.0
1790950558,eth,1791273600000,2780.0,put,36.3,0.024796,0.0235,0.0255,2733.53,1.0
1790950558,eth,1795766400000,2450.0,call,51.07,0.141654,0.1395,0.1435,2749.61,381.0
1790950558,eth,1791273600000,2800.0,call,37.24,0.006055,0.0055,0.0065,2733.53,304.0
1790950558,eth,1793347200000,3800.0,call,59.73,0.001702,0.0016,0.0019,2739.9,4728.0
1790950558,eth,1791100800000,2760.0,call,29.09,0.004078,0.0039,0.0043,2732.78,369.0
1790950558,eth,1791014400000,2740.0,call,34.23,0.00493,0.0047,0.0055,2732.79,1221.0
1790950558,eth,1791273600000,2880.0,put,42.53,0.056166,0.0535,0.059,2733.53,0.0
1790950558,eth,1821772800000,3500.0,call,54.92,0.141492,0.14,0.1435,2856.65,10.0
1790950558,eth,1798185600000,8000.0,call,75.15,0.000269,0.0002,0.0005,2760.21,2888.0
1790950558,eth,1813910400000,1600.0,put,60.77,0.026398,0.0255,0.027,2824.41,1979.0
1790950558,eth,1791187200000,2780.0,call,31.09,0.004374,0.0042,0.0046,2733.33,908.0
1790950558,eth,1793347200000,1900.0,call,69.49,0.308222,0.306,0.3105,2739.75,275.0
1790950558,eth,1795766400000,3050.0,put,50.29,0.148549,0.1455,0.151,2749.61,49.0
1790950558,eth,1791532800000,2900.0,put,45.22,0.066297,0.063,0.0695,2734.29,105.0
1790950558,eth,1821772800000,2500.0,call,55.03,0.269317,0.2665,0.2725,2856.65,0.0
1790950558,eth,1791532800000,2450.0,call,52.73,0.105833,0.1035,0.108,2734.44,172.0
1790950558,eth,1791100800000,2540.0,call,51.19,0.070919,0.068,0.0735,2733.04,0.0
1790950558,eth,1798185600000,3100.0,put,51.37,0.176801,0.1745,0.179,2760.21,45.0
1790950558,eth,1798185600000,6500.0,call,70.75,0.000945,0.0008,0.0012,2760.21,1901.0
1790950558,eth,1806048000000,3800.0,call,54.58,0.050869,0.0505,0.0515,2790.89,1956.0
1790950558,eth,1791014400000,2500.0,put,82.35,9.7e-05,,0.0001,2732.79,1705.0
1790950558,eth,1791100800000,2780.0,put,30.99,0.019748,0.0165,0.0225,2733.04,49.0
1790950558,eth,1798185600000,2400.0,put,52.44,0.042193,0.0415,0.0425,2760.21,9808.0
1790950558,eth,1791187200000,3000.0,call,53.84,0.000419,0.0003,0.0006,2733.48,10.0
1790950558,eth,1791273600000,2580.0,call,40.26,0.057402,0.0555,0.06,2733.53,0.0
1790950558,eth,1793347200000,3200.0,put,50.25,0.17782,0.174,0.1815,2739.75,35.0
1790950558,eth,1793347200000,1400.0,put,95.96,0.000334,0.0002,0.0005,2739.75,4608.0
1790950558,eth,1791014400000,2720.0,put,32.0,0.003686,0.0035,0.0039,2732.79,941.0
1790950558,eth,1791273600000,2820.0,call,38.55,0.004781,0.0046,0.0049,2733.53,106.0
1790950558,eth,1791187200000,2950.0,call,48.47,0.000597,0.0005,0.0007,2733.48,763.0
1790950558,eth,1806048000000,2300.0,put,54.52,0.065742,0.065,0.0665,2790.89,2341.0
1790950558,eth,1806048000000,1700.0,put,60.94,0.019105,0.0185,0.0195,2790.89,1623.0
1790950558,eth,1792137600000,2800.0,put,44.5,0.047775,0.047,0.0485,2735.97,259.0
1790950558,eth,1795766400000,3100.0,put,50.5,0.162442,0.1595,0.165,2749.61,19.0
1790950558,eth,1821772800000,2300.0,put,55.41,0.111956,0.11,0.1135,2856.65,26.0
1790950558,eth,1791014400000,2720.0,call,32.01,0.008259,0.008,0.009,2732.79,1200.0
1790950558,eth,1791014400000,2880.0,call,61.67,0.000317,0.0002,0.0005,2732.79,633.0
1790950558,eth,1821772800000,4000.0,put,55.43,0.504879,0.4935,0.516,2856.65,26.0
1790950558,eth,1813910400000,2900.0,put,54.18,0.198905,0.1975,0.2005,2824.41,471.0
1790950558,eth,1793347200000,2150.0,call,58.22,0.219325,0.217,0.222,2739.9,988.0
1790950558,eth,1813910400000,4800.0,put,56.94,0.74279,0.7305,0.7535,2824.41,0.0
1790950558,eth,1821772800000,2600.0,call,54.94,0.252362,0.2495,0.2555,2856.65,0.0
1790950558,eth,1791273600000,2740.0,call,34.54,0.012818,0.0125,0.013,2733.53,60.0
1790950558,eth,1806048000000,4200.0,put,55.75,0.539438,0.527,0.548,2790.89,7.0
1790950558,eth,1791100800000,2550.0,put,49.04,0.000243,,0.0003,2733.04,0.0
1790950558,eth,1791273600000,2900.0,put,43.97,0.063036,0.06,0.0655,2733.53,0.0
1790950558,eth,1791100800000,2760.0,put,29.09,0.013887,0.0105,0.016,2732.78,37.0
1790950558,eth,1798185600000,1900.0,call,59.84,0.322304,0.32,0.324,2760.06,2687.0
1790950558,eth,1793347200000,2450.0,call,49.22,0.120533,0.1185,0.122,2739.75,1319.0
1790950558,eth,1791187200000,3100.0,put,63.01,0.13434,0.131,0.1375,2733.48,0.0
1790950558,eth,1791014400000,2650.0,call,42.29,0.030546,0.0275,0.0335,2732.79,0.0
1790950558,eth,1791273600000,2500.0,call,49.33,0.085975,0.0835,0.088,2733.68,0.0
1790950558,eth,1791014400000,2900.0,call,67.2,0.000286,0.0002,0.0004,2732.79,252.0
1790950558,eth,1793347200000,1750.0,put,76.52,0.001013,0.0008,0.0012,2739.75,791.0
1790950558,eth,1791100800000,2860.0,put,41.79,0.047128,0.044,0.0505,2733.04,0.0
1790950558,eth,1791273600000,2920.0,put,45.58,0.070027,0.0665,0.0725,2733.53,0.0
1790950558,eth,1791014400000,2450.0,put,94.63,6.7e-05,,0.0001,2732.79,659.0
1790950558,eth,1798185600000,1700.0,put,64.85,0.006162,0.0055,0.0065,2760.21,13316.0
1790950558,eth,1793347200000,1500.0,put,89.73,0.000444,0.0003,0.0006,2739.75,2590.0
1790950558,eth,1791273600000,2540.0,put,44.72,0.00097,0.0008,0.0011,2733.53,0.0
1790950558,eth,1821772800000,4600.0,put,56.29,0.685252,0.6685,0.6975,2856.65,0.0
1790950558,eth,1791273600000,2860.0,put,41.09,0.049421,0.0465,0.052,2733.68,0.0
1790950558,eth,1793347200000,2950.0,put,47.62,0.101088,0.0995,0.103,2739.9,8.0
1790950558,eth,1798185600000,6000.0,call,68.25,0.001397,0.0013,0.0016,2760.21,10687.0
1790950558,eth,1793347200000,2800.0,put,46.78,0.063705,0.063,0.064,2739.75,535.0
1790950558,eth,1792742400000,2900.0,put,45.92,0.080571,0.079,0.0825,2737.96,0.0
1790950558,eth,1792137600000,2800.0,call,44.5,0.024379,0.0235,0.0245,2735.97,1356.0
1790950558,eth,1791014400000,3100.0,put,108.81,0.134661,0.1305,0.138,2732.79,0.0
1790950558,eth,1791100800000,2800.0,call,33.42,0.001777,0.0016,0.002,2733.04,811.0
1790950558,eth,1813910400000,800.0,call,78.28,0.720637,0.719,0.724,2824.41,118.0
1790950558,eth,1791014400000,2780.0,put,40.51,0.019145,0.016,0.022,2732.94,0.0
1790950558,eth,1795766400000,4600.0,put,62.81,0.675427,0.667,0.6815,2749.46,0.0
