snap_ts,asset,expiry_ms,strike,opt_type,mark_iv,mark_price,bid,ask,underlying_price,open_interest
1784349413,btc,1787904000000,46000.0,put,55.61,0.00234676,0.0021,0.0025,64167.99,509.8
1784349413,btc,1813910400000,80000.0,call,41.6,0.09206514,0.0905,0.0935,66472.59,60.3
1784349413,btc,1806048000000,140000.0,call,43.9,0.00362583,0.0032,0.0041,65746.24,756.3
1784349413,btc,1784620800000,69000.0,put,37.48,0.07970858,0.075,0.1195,63912.58,0.0
1784349413,btc,1786089600000,67000.0,call,32.62,0.01343912,0.013,0.014,64039.42,137.6
1784349413,btc,1785484800000,50000.0,call,58.51,0.21899434,0.217,0.248,63982.4,3.4
1784349413,btc,1798185600000,62000.0,call,41.55,0.13168548,0.1305,0.1335,65016.31,197.6
1784349413,btc,1813910400000,82000.0,call,41.52,0.08441368,0.083,0.086,66472.59,22.3
1784349413,btc,1813910400000,110000.0,call,41.21,0.0249566,0.024,0.026,66472.63,64.4
1784349413,btc,1785484800000,108000.0,put,66.12,0.68794652,0.6305,0.749,63982.4,0.0
1784349413,btc,1790323200000,30000.0,call,81.36,0.53538084,0.534,0.5365,64385.98,107.3
1784349413,btc,1813910400000,85000.0,put,41.38,0.35263146,0.3405,0.3625,66472.59,4.5
1784349413,btc,1785484800000,73000.0,call,37.78,0.00098936,0.0009,0.0011,63982.4,2120.0
1784349413,btc,1806048000000,108000.0,call,40.55,0.01321944,0.0125,0.014,65746.54,57.0
1784349413,btc,1784448000000,67000.0,put,29.42,0.04855058,0.013,0.086,63912.55,0.0
1784349413,btc,1790323200000,170000.0,call,68.29,6.914e-05,,0.0002,64386.13,359.5
1784349413,btc,1798185600000,60000.0,call,42.29,0.14999945,0.148,0.152,65016.31,789.0
1784349413,btc,1790323200000,190000.0,put,72.81,1.95098465,1.8515,2.059,64386.13,0.0
1784349413,btc,1785484800000,98000.0,call,60.4,3.37e-06,,0.0001,63982.4,1189.3
1784349413,btc,1787904000000,73000.0,call,33.26,0.00731901,0.007,0.0075,64167.99,1077.9
1784349413,btc,1784880000000,64000.0,put,32.45,0.01719641,0.0165,0.0175,63948.86,151.7
1784349413,btc,1784880000000,56000.0,call,45.86,0.12455163,0.1205,0.155,63948.86,0.1
1784349413,btc,1806048000000,55000.0,put,45.36,0.07019904,0.0695,0.071,65746.24,1354.0
1784349413,btc,1785484800000,84000.0,call,50.37,7.075e-05,,0.0002,63982.4,710.0
1784349413,btc,1813910400000,150000.0,call,43.24,0.00609496,0.0055,0.0065,66472.59,82.4
1784349413,btc,1784361600000,65000.0,put,28.39,0.01702006,0.0065,0.0535,63912.58,3.7
1784349413,btc,1790323200000,58000.0,call,39.82,0.12675212,0.123,0.131,64385.98,486.8
1784349413,btc,1787904000000,59000.0,put,37.83,0.018557,0.018,0.019,64167.99,509.1
1784349413,btc,1806048000000,106000.0,put,40.47,0.62696594,0.565,0.7035,65746.24,0.0
1784349413,btc,1787904000000,105000.0,call,53.49,0.00021141,0.0001,0.0004,64167.99,160.6
1784349413,btc,1790323200000,300000.0,put,84.97,3.65938263,3.5025,3.828,64385.98,0.0
1784349413,btc,1787904000000,48000.0,call,52.14,0.25501898,0.2515,0.2585,64167.99,37.5
1784349413,btc,1784880000000,56000.0,put,45.86,0.00024876,0.0002,0.0003,63948.86,794.1
1784349413,btc,1784620800000,66000.0,call,26.71,0.00116031,0.001,0.0014,63912.58,38.5
1784349413,btc,1798185600000,210000.0,put,57.09,2.23012479,2.121,2.3495,65016.46,0.0
1784349413,btc,1790323200000,35000.0,put,71.19,0.00209604,0.0019,0.0022,64386.13,872.5
1784349413,btc,1784361600000,66000.0,put,36.14,0.03266452,0.013,0.07,63912.58,0.0
1784349413,btc,1790323200000,64000.0,put,36.42,0.06002445,0.059,0.061,64385.98,508.8
1784349413,btc,1790323200000,135000.0,put,58.09,1.09689963,1.026,1.1745,64386.13,11.5
1784349413,btc,1787904000000,56000.0,put,41.14,0.0110313,0.0105,0.0115,64167.99,750.0
1784349413,btc,1784534400000,70000.0,call,42.68,2.774e-05,,0.0001,63912.58,5.9
1784349413,btc,1798185600000,80000.0,call,38.9,0.03390697,0.0335,0.034,65016.31,7516.5
1784349413,btc,1798185600000,105000.0,put,40.7,0.62010468,0.61,0.6295,65016.31,109.4
1784349413,btc,1798185600000,200000.0,put,56.27,2.07637267,1.9725,2.1905,65016.46,0.0
1784349413,btc,1785484800000,115000.0,call,72.75,4.3e-07,,0.0001,63982.4,182.3
1784349413,btc,1784448000000,57000.0,put,55.21,7.5e-07,,0.0001,63912.55,22.6
1784349413,btc,1784620800000,59000.0,call,39.68,0.07710715,0.075,0.109,63912.58,0.0
1784349413,btc,1798185600000,170000.0,put,52.44,1.6151897,1.527,1.7135,65016.31,0.0
1784349413,btc,1806048000000,60000.0,call,43.6,0.18525827,0.184,0.187,65746.24,721.3
1784349413,btc,1787904000000,63000.0,call,35.07,0.05618409,0.0555,0.0575,64167.99,740.4
1784349413,btc,1786089600000,68000.0,put,32.87,0.07179271,0.0675,0.1145,64039.55,0.0
1784349413,btc,1798185600000,72000.0,call,39.2,0.06338258,0.0625,0.064,65016.31,1114.1
1784349413,btc,1790323200000,78000.0,call,34.31,0.00772036,0.0075,0.008,64385.98,4080.1
1784349413,btc,1798185600000,40000.0,put,56.93,0.01364233,0.0135,0.014,65016.31,4008.9
1784349413,btc,1784534400000,62500.0,call,25.72,0.02340987,0.0004,0.0565,63912.58,0.3
1784349413,btc,1798185600000,135000.0,call,46.62,0.00132621,0.0011,0.0015,65016.31,1062.9
1784349413,btc,1784448000000,69000.0,call,37.69,7.1e-07,,0.0001,63912.55,28.3
1784349413,btc,1785484800000,81000.0,call,47.74,0.00014741,0.0001,0.0003,63982.4,1464.6
1784349413,btc,1786089600000,64000.0,call,34.1,0.03224318,0.0315,0.033,64039.42,68.2
1784349413,btc,1787904000000,66000.0,put,33.6,0.06130969,0.0605,0.0625,64167.99,165.4
1784349413,btc,1785484800000,77000.0,call,42.77,0.00034347,0.0003,0.0004,63982.72,2611.9
1784349413,btc,1786089600000,66000.0,put,33.0,0.04903936,0.0455,0.0525,64039.42,0.0
1784349413,btc,1798185600000,104000.0,put,40.55,0.60506716,0.548,0.6725,65016.31,0.0
1784349413,btc,1784534400000,66500.0,call,27.78,0.00026483,0.0002,0.0004,63912.58,35.7
1784349413,btc,1784880000000,68000.0,call,32.88,0.0014744,0.0014,0.0017,63948.86,1964.6
1784349413,btc,1813910400000,68000.0,put,42.99,0.17849656,0.1765,0.1805,66472.59,6.1
1784349413,btc,1798185600000,85000.0,put,38.86,0.3298893,0.323,0.338,65016.31,548.5
1784349413,btc,1798185600000,84000.0,put,38.81,0.31634814,0.307,0.324,65016.31,47.0
1784349413,btc,1785484800000,85000.0,call,50.37,4.642e-05,,0.0002,63982.4,1273.2
1784349413,btc,1790323200000,84000.0,put,36.39,0.30809825,0.301,0.315,64385.98,34.7
1784349413,btc,1806048000000,180000.0,put,49.01,1.73919785,1.646,1.845,65746.24,0.0
1784349413,btc,1813910400000,72000.0,call,42.43,0.13106815,0.1295,0.1325,66472.63,7.9
1784349413,btc,1785484800000,102000.0,put,63.21,0.59417297,0.54,0.652,63982.4,0.1
1784349413,btc,1784880000000,50000.0,call,62.12,0.21815002,0.1905,0.2455,63948.86,0.0
1784349413,btc,1785484800000,92000.0,put,53.45,0.43788506,0.4305,0.49,63982.4,0.4
1784349413,btc,1784534400000,62000.0,call,27.32,0.03066212,0.0018,0.063,63912.58,0.2
1784349413,btc,1813910400000,110000.0,put,41.21,0.67976058,0.613,0.765,66472.59,0.0
1784349413,btc,1790323200000,150000.0,call,65.29,0.00017859,0.0001,0.0003,64386.13,736.8
1784349413,btc,1786089600000,62000.0,put,35.72,0.01942702,0.019,0.02,64039.55,26.8
1784349413,btc,1790323200000,165000.0,put,68.29,1.56275796,1.4765,1.657,64385.98,0.0
1784349413,btc,1784534400000,70000.0,put,42.68,0.0951953,0.0585,0.1355,63912.58,0.0
1784349413,btc,1790323200000,60000.0,call,38.47,0.1041358,0.102,0.1065,64385.98,932.8
1784349413,btc,1790323200000,110000.0,put,48.64,0.70894219,0.6995,0.7175,64385.98,116.3
1784349413,btc,1787904000000,66000.0,call,33.6,0.03276203,0.0325,0.0335,64167.99,912.8
1784349413,btc,1784448000000,64500.0,put,16.42,0.0101544,0.0044,0.046,63912.55,4.6
1784349413,btc,1798185600000,130000.0,call,45.81,0.00163316,0.0014,0.0019,65016.31,1564.3
1784349413,btc,1790323200000,240000.0,call,74.86,3.74e-06,,0.0001,64385.98,222.5
1784349413,btc,1785484800000,84000.0,put,50.37,0.31291763,0.307,0.3185,63982.4,31.6
1784349413,btc,1806048000000,92000.0,call,40.02,0.03169912,0.031,0.0325,65746.24,117.0
1784349413,btc,1813910400000,58000.0,put,45.13,0.10585822,0.104,0.1075,66472.63,8.0
1784349413,btc,1784448000000,72000.0,put,47.54,0.12679021,0.0885,0.167,63912.55,0.0
1784349413,btc,1785484800000,104000.0,put,63.39,0.62543039,0.571,0.6845,63982.4,0.0
1784349413,btc,1806048000000,96000.0,put,40.04,0.48536035,0.4255,0.5605,65746.24,1.5
1784349413,btc,1784620800000,69000.0,call,37.48,0.00017587,0.0001,0.0003,63912.58,0.0
1784349413,btc,1787904000000,64000.0,put,34.57,0.04492195,0.044,0.046,64167.99,368.5
1784349413,btc,1784448000000,62000.0,call,28.88,0.02989965,0.013,0.0625,63912.55,0.0
1784349413,btc,1790323200000,115000.0,put,51.65,0.78656163,0.7765,0.796,64385.98,90.3
1784349413,btc,1813910400000,74000.0,call,42.19,0.12014935,0.1185,0.122,66472.59,11.9
1784349413,btc,1813910400000,68000.0,call,42.99,0.15552683,0.1535,0.1575,66472.59,5.5
1784349413,btc,1784448000000,67500.0,put,33.85,0.05637643,0.0515,0.0945,63912.55,0.0
1784349413,btc,1790323200000,75000.0,call,34.16,0.01269022,0.0125,0.013,64385.98,3140.6
1784349413,btc,1785484800000,105000.0,put,63.57,0.64105928,0.586,0.7,63982.4,1.1
1784349413,btc,1787904000000,83000.0,put,39.27,0.29492075,0.2505,0.345,64167.99,0.0
1784349413,btc,1806048000000,65000.0,put,42.35,0.13303635,0.1315,0.135,65746.24,651.7
1784349413,btc,1784448000000,57000.0,call,55.21,0.10795852,0.076,0.138,63912.55,0.0
1784349413,btc,1785484800000,66000.0,call,32.62,0.01240633,0.012,0.013,63982.4,2252.9
1784349413,btc,1784880000000,73000.0,put,43.08,0.14171199,0.1035,0.184,63948.86,0.2
1784349413,btc,1798185600000,210000.0,call,57.09,0.00017845,0.0001,0.0003,65016.31,150.4
1784349413,btc,1798185600000,92000.0,call,38.91,0.0125477,0.012,0.013,65016.31,251.7
1784349413,btc,1784534400000,64500.0,put,21.29,0.01208125,0.0065,0.048,63912.58,0.2
1784349413,btc,1790323200000,240000.0,put,74.86,2.72750767,2.602,2.863,64385.98,0.0
1784349413,btc,1806048000000,90000.0,call,39.98,0.03543101,0.0345,0.036,65746.24,506.3
1784349413,btc,1798185600000,86000.0,call,38.86,0.02073817,0.02,0.0205,65016.31,293.9
1784349413,btc,1790323200000,95000.0,put,41.29,0.47664534,0.4695,0.4845,64385.98,147.6
1784349413,btc,1784620800000,71000.0,call,43.45,6.066e-05,,0.0003,63912.58,0.0
1784349413,btc,1813910400000,90000.0,put,41.15,0.41295461,0.351,0.4945,66472.59,0.2
1784349413,btc,1785484800000,50000.0,put,58.51,0.00045082,0.0004,0.0005,63982.4,3784.4
1784349413,btc,1806048000000,160000.0,put,46.33,1.43565313,1.352,1.5315,65746.54,0.0
1784349413,btc,1798185600000,74000.0,call,38.99,0.0541619,0.0535,0.0545,65016.46,98.0
1784349413,btc,1784448000000,59000.0,call,48.81,0.07667118,0.0725,0.1085,63912.55,0.0
1784349413,btc,1785484800000,73000.0,put,37.78,0.14191578,0.1365,0.1465,63982.4,97.7
1784349413,btc,1786089600000,67000.0,put,32.62,0.05966782,0.0285,0.1015,64039.55,0.0
1784349413,btc,1790323200000,58000.0,put,39.82,0.02756557,0.027,0.028,64385.98,611.1
1784349413,btc,1784620800000,64500.0,call,26.26,0.00586907,0.0055,0.0065,63912.58,10.9
1784349413,btc,1798185600000,54000.0,call,44.97,0.21325439,0.211,0.2155,65016.46,33.1
1784349413,btc,1798185600000,200000.0,call,56.27,0.0002333,0.0002,0.0014,65016.46,951.6
1784349413,btc,1784880000000,68000.0,put,32.88,0.06482088,0.0595,0.1045,63948.86,8.1
1784349413,btc,1784448000000,62500.0,put,24.51,0.00030445,0.0002,0.0004,63912.55,37.5
1784349413,btc,1784880000000,62000.0,put,34.57,0.00641323,0.006,0.0065,63948.86,152.8
1784349413,btc,1785484800000,46000.0,put,67.94,0.00018145,0.0001,0.0003,63982.4,1687.1
1784349413,btc,1784448000000,62500.0,call,24.51,0.02218797,0.013,0.0555,63912.55,10.0
1784349413,btc,1785484800000,61000.0,call,36.23,0.05629796,0.0535,0.0605,63982.4,965.0
1784349413,btc,1790323200000,320000.0,call,85.42,1.39e-06,,0.0001,64385.98,251.6
1784349413,btc,1813910400000,72000.0,put,42.43,0.21421257,0.205,0.223,66472.59,1.0
1784349413,btc,1798185600000,45000.0,call,51.43,0.32789605,0.3255,0.3305,65016.31,54.2
1784349413,btc,1813910400000,70000.0,call,42.65,0.14269228,0.141,0.1445,66472.63,172.3
1784349413,btc,1798185600000,68000.0,put,40.02,0.13232618,0.1305,0.134,65016.31,298.0
1784349413,btc,1784620800000,67000.0,call,29.4,0.00047698,0.0004,0.0006,63912.58,3.7
1784349413,btc,1785484800000,87000.0,call,51.84,2.803e-05,,0.0001,63982.72,351.9
1784349413,btc,1798185600000,115000.0,put,42.59,0.77176363,0.7095,0.844,65016.31,0.6
1784349413,btc,1806048000000,98000.0,put,40.08,0.51309295,0.4535,0.5885,65746.24,0.2
1784349413,btc,1787904000000,100000.0,put,50.37,0.55869143,0.506,0.6165,64167.99,0.1
1784349413,btc,1785484800000,94000.0,call,55.0,3.46e-06,,0.0001,63982.4,892.6
1784349413,btc,1813910400000,78000.0,put,41.79,0.2741493,0.2635,0.283,66472.63,0.3
1784349413,btc,1786089600000,70000.0,call,33.13,0.00511645,0.0048,0.0055,64039.42,990.1
1784349413,btc,1790323200000,84000.0,call,36.39,0.00347187,0.0032,0.0037,64386.13,744.0
1784349413,btc,1784448000000,65500.0,call,23.93,0.00016997,0.0001,0.0003,63912.55,43.9
1784349413,btc,1785484800000,61000.0,put,36.23,0.00967486,0.0095,0.01,63982.4,768.4
1784349413,btc,1798185600000,102000.0,put,39.92,0.57480598,0.5185,0.6415,65016.31,7.7
1784349413,btc,1813910400000,120000.0,call,41.66,0.01696017,0.016,0.018,66472.63,41.1
1784349413,btc,1790323200000,165000.0,call,68.29,9.9e-05,,0.0002,64385.98,192.5
1784349413,btc,1787904000000,98000.0,put,50.0,0.52762416,0.476,0.5845,64167.99,0.0
1784349413,btc,1790323200000,65000.0,put,35.95,0.06753656,0.0665,0.069,64385.98,720.6
1784349413,btc,1784448000000,65500.0,put,23.93,0.02523604,0.0125,0.0615,63912.55,0.2
1784349413,btc,1785484800000,58000.0,call,40.5,0.09700132,0.0935,0.1015,63982.4,265.4
1784349413,btc,1784880000000,69000.0,call,34.31,0.00082893,0.0007,0.001,63948.86,144.2
1784349413,btc,1806048000000,170000.0,put,47.59,1.5873457,1.499,1.688,65746.24,0.1
1784349413,btc,1785484800000,62000.0,call,35.16,0.04455935,0.044,0.046,63982.72,1553.4
1784349413,btc,1790323200000,160000.0,put,68.29,1.48514458,1.4015,1.577,64385.98,0.6
1784349413,btc,1790323200000,80000.0,put,34.79,0.24822691,0.242,0.254,64385.98,613.0
1784349413,btc,1784620800000,57000.0,call,45.6,0.10825347,0.076,0.1385,63912.58,0.0
1784349413,btc,1784534400000,64000.0,call,21.85,0.0060531,0.0055,0.0065,63912.58,157.7
1784349413,btc,1790323200000,180000.0,call,70.84,5.698e-05,,0.0002,64385.98,748.1
1784349413,btc,1806048000000,90000.0,put,39.98,0.40431996,0.346,0.4785,65746.54,14.0
1784349413,btc,1784448000000,61500.0,call,33.87,0.03768279,0.013,0.0705,63912.55,0.0
1784349413,btc,1784534400000,62000.0,put,27.32,0.00066763,0.0006,0.0007,63912.58,145.6
1784349413,btc,1806048000000,54000.0,put,45.74,0.0654348,0.0645,0.0665,65746.24,50.4
1784349413,btc,1787904000000,90000.0,call,44.34,0.00069827,0.0006,0.0008,64167.99,34.0
1784349413,btc,1784361600000,56000.0,call,68.68,0.1237998,0.1215,0.1535,63912.58,0.0
1784349413,btc,1785484800000,80000.0,call,46.45,0.00017713,0.0001,0.0002,63982.72,6989.3
1784349413,btc,1806048000000,60000.0,put,43.6,0.09785091,0.0965,0.099,65746.24,620.1
1784349413,btc,1785484800000,60000.0,call,37.52,0.06913608,0.066,0.0735,63982.4,1209.2
1784349413,btc,1798185600000,65000.0,call,40.72,0.10738658,0.1065,0.1085,65016.31,605.5
1784349413,btc,1786089600000,71000.0,call,33.42,0.0036486,0.0034,0.0039,64039.42,201.1
1784349413,btc,1785484800000,56000.0,call,43.98,0.12659422,0.123,0.1305,63982.4,39.4
1784349413,btc,1784448000000,72000.0,call,47.54,2e-08,,0.0001,63912.55,0.7
1784349413,btc,1784620800000,63500.0,call,27.25,0.01364607,0.013,0.0145,63912.58,5.6
1784349413,btc,1787904000000,53000.0,call,44.64,0.18055749,0.177,0.1845,64167.99,5.9
1784349413,btc,1798185600000,190000.0,call,56.27,0.00036741,0.0003,0.0004,65016.31,989.5
1784349413,btc,1790323200000,105000.0,put,46.05,0.6313974,0.6225,0.64,64386.13,104.6
1784349413,btc,1785484800000,60000.0,put,37.52,0.00688385,0.0065,0.0075,63982.4,2393.4
1784349413,btc,1784534400000,71000.0,call,47.39,2.105e-05,,0.0001,63912.58,0.0
1784349413,btc,1798185600000,230000.0,put,60.93,2.53773868,2.418,2.6685,65016.31,0.0
1784349413,btc,1790323200000,72000.0,call,34.1,0.02043939,0.02,0.021,64385.98,2246.2
1784349413,btc,1784361600000,64000.0,call,10.66,0.00032352,0.0002,0.0005,63912.58,73.4
1784349413,btc,1790323200000,130000.0,put,57.5,1.01932681,0.951,1.095,64385.98,21.4
1784349413,btc,1790323200000,70000.0,put,34.34,0.1152179,0.11,0.1205,64386.13,1516.1
1784349413,btc,1806048000000,150000.0,call,44.86,0.00258206,0.0023,0.003,65746.24,1897.1
1784349413,btc,1798185600000,45000.0,put,51.43,0.02002741,0.0195,0.0205,65016.31,2842.2
1784349413,btc,1813910400000,60000.0,call,44.59,0.21575209,0.213,0.2195,66472.63,943.0
1784349413,btc,1784620800000,60000.0,call,36.6,0.06167663,0.028,0.0945,63912.58,0.0
1784349413,btc,1785484800000,55000.0,put,45.96,0.001357,0.0012,0.0015,63982.4,930.3
1784349413,btc,1784620800000,61500.0,call,31.66,0.03908538,0.008,0.072,63912.58,0.0
1784349413,btc,1786089600000,53000.0,call,47.46,0.17425295,0.1435,0.2055,64039.42,0.0
1784349413,btc,1785484800000,45000.0,call,70.3,0.29683356,0.2715,0.322,63982.72,0.0
1784349413,btc,1784880000000,66000.0,put,31.45,0.03728668,0.0085,0.0745,63948.86,24.6
1784349413,btc,1790323200000,220000.0,call,72.81,7.08e-06,,0.0002,64386.13,232.5
1784349413,btc,1784620800000,56000.0,put,48.57,2.026e-05,,0.0001,63912.58,25.7
1784349413,btc,1806048000000,106000.0,call,40.47,0.01471895,0.014,0.0155,65746.24,45.6
1784349413,btc,1787904000000,80000.0,call,36.94,0.00208383,0.0019,0.0023,64167.99,1535.4
1784349413,btc,1790323200000,100000.0,call,44.02,0.00087673,0.0007,0.001,64385.98,3603.9
1784349413,btc,1806048000000,98000.0,call,40.08,0.02252498,0.0215,0.0235,65746.24,95.3
1784349413,btc,1784620800000,67000.0,put,29.4,0.04871887,0.014,0.0865,63912.58,0.0
1784349413,btc,1785484800000,92000.0,call,53.45,5.14e-06,,0.0001,63982.4,442.8
1784349413,btc,1784620800000,62000.0,call,30.4,0.03196826,0.0035,0.0645,63912.58,0.0
1784349413,btc,1790323200000,60000.0,put,38.47,0.03601179,0.0355,0.0365,64386.13,4004.7
1784349413,btc,1786089600000,61000.0,put,36.69,0.0150221,0.0145,0.0155,64039.55,75.9
1784349413,btc,1798185600000,72000.0,put,39.2,0.17079275,0.1645,0.177,65016.46,335.4
1784349413,btc,1806048000000,56000.0,call,44.94,0.22332539,0.2155,0.228,65746.24,16.9
1784349413,btc,1784534400000,71000.0,put,47.39,0.11083385,0.0735,0.1515,63912.58,0.0
1784349413,btc,1787904000000,62000.0,put,35.71,0.0320174,0.0315,0.0325,64167.99,711.1
1784349413,btc,1785484800000,83000.0,put,48.9,0.29729684,0.2915,0.303,63982.4,29.5
1784349413,btc,1784448000000,64500.0,call,16.42,0.00073819,0.0006,0.0009,63912.55,287.4
1784349413,btc,1798185600000,56000.0,call,44.05,0.19098115,0.1885,0.193,65016.31,40.2
1784349413,btc,1784534400000,65500.0,call,22.75,0.00064144,0.0006,0.0008,63912.58,91.3
1784349413,btc,1790323200000,52000.0,put,45.31,0.01252784,0.012,0.013,64386.13,1055.6
1784349413,btc,1806048000000,86000.0,put,39.98,0.35249472,0.296,0.426,65746.24,1.7
1784349413,btc,1806048000000,40000.0,put,54.01,0.02315822,0.023,0.0235,65746.24,1122.2
1784349413,btc,1806048000000,120000.0,call,41.5,0.00747827,0.007,0.008,65746.24,327.4
1784349413,btc,1785484800000,77000.0,put,42.77,0.20378645,0.1985,0.209,63982.4,249.2
1784349413,btc,1784448000000,61500.0,put,33.87,0.00014941,0.0001,0.0002,63912.55,51.5
1784349413,btc,1813910400000,140000.0,call,42.59,0.0082756,0.0075,0.009,66472.59,102.4
1784349413,btc,1790323200000,190000.0,call,72.81,4.404e-05,,0.0002,64386.13,772.5
1784349413,btc,1786089600000,62000.0,call,35.72,0.05127485,0.048,0.0545,64039.55,0.0
1784349413,btc,1784448000000,68000.0,put,37.63,0.06420037,0.0285,0.1025,63912.55,0.0
1784349413,btc,1784361600000,68000.0,put,47.32,0.06395738,0.0585,0.1025,63912.58,0.0
1784349413,btc,1806048000000,56000.0,put,44.94,0.07507852,0.074,0.076,65746.24,75.8
1784349413,btc,1813910400000,56000.0,call,45.71,0.25184363,0.2485,0.256,66472.63,2.7
1784349413,btc,1790323200000,64000.0,call,36.42,0.0660234,0.065,0.067,64385.98,272.5
1784349413,btc,1784361600000,68000.0,call,47.32,0.0,,0.0001,63912.58,44.8
1784349413,btc,1787904000000,40000.0,put,67.06,0.00114643,0.001,0.0013,64167.99,413.8
1784349413,btc,1785484800000,46000.0,call,67.94,0.2812415,0.255,0.3075,63982.4,0.0
1784349413,btc,1784620800000,66000.0,put,26.71,0.03375674,0.0041,0.0715,63912.58,0.0
1784349413,btc,1784361600000,70000.0,put,48.0,0.09525025,0.089,0.135,63912.58,0.0
1784349413,btc,1785484800000,57000.0,call,42.18,0.11165146,0.0785,0.145,63982.4,3.8
1784349413,btc,1785484800000,94000.0,put,55.0,0.46914164,0.42,0.522,63982.4,1.3
1784349413,btc,1790323200000,220000.0,put,72.81,2.41688569,2.3015,2.541,64386.13,1.8
1784349413,btc,1798185600000,50000.0,call,47.4,0.2617582,0.2595,0.2645,65016.31,260.8
1784349413,btc,1786089600000,75000.0,put,36.39,0.17231946,0.1325,0.217,64039.42,0.0
1784349413,btc,1813910400000,84000.0,call,41.36,0.07703236,0.076,0.0785,66472.59,2.1
1784349413,btc,1785484800000,56000.0,put,43.98,0.00182548,0.0017,0.0018,63982.4,2061.5
1784349413,btc,1785484800000,88000.0,call,52.22,2.022e-05,,0.0001,63982.4,413.8
1784349413,btc,1790323200000,40000.0,put,62.2,0.00335617,0.0031,0.0035,64385.98,2302.5
1784349413,btc,1790323200000,280000.0,put,81.51,3.34875732,3.2025,3.507,64385.98,0.0
1784349413,btc,1784534400000,61000.0,call,32.68,0.04593424,0.012,0.0785,63912.58,0.0
1784349413,btc,1813910400000,88000.0,put,41.2,0.38834078,0.3265,0.4695,66472.63,0.0
1784349413,btc,1784880000000,75000.0,call,49.29,0.00014154,0.0001,0.0002,63948.86,145.0
1784349413,btc,1784534400000,72000.0,call,47.39,5.28e-06,,0.0001,63912.58,0.0
1784349413,btc,1785484800000,63000.0,put,34.23,0.0187553,0.0185,0.019,63982.4,835.3
1784349413,btc,1785484800000,110000.0,put,68.07,0.71920474,0.7115,0.7255,63982.4,46.2
1784349413,btc,1785484800000,102000.0,call,63.21,1.76e-06,,0.0001,63982.4,460.8
1784349413,btc,1785484800000,96000.0,call,57.73,3.42e-06,,0.0001,63982.4,291.8
1784349413,btc,1784620800000,70000.0,put,43.41,0.09535253,0.0585,0.136,63912.58,0.0
1784349413,btc,1806048000000,82000.0,put,40.1,0.30314703,0.248,0.3755,65746.24,3.8
1784349413,btc,1798185600000,64000.0,call,40.95,0.11504534,0.114,0.116,65016.31,379.3
1784349413,btc,1784361600000,62000.0,call,48.18,0.02992289,0.0125,0.063,63912.58,1.0
1784349413,btc,1806048000000,95000.0,put,40.04,0.47164883,0.412,0.5465,65746.54,0.6
1784349413,btc,1785484800000,110000.0,call,68.07,5e-07,,0.0001,63982.72,194.2
1784349413,btc,1798185600000,95000.0,call,39.26,0.01006083,0.0095,0.0105,65016.31,1297.6
1784349413,btc,1784880000000,69000.0,put,34.31,0.0798129,0.075,0.0845,63948.86,42.0
1784349413,btc,1785484800000,120000.0,put,77.21,0.87549592,0.8125,0.9435,63982.4,4.0
1784349413,btc,1790323200000,95000.0,call,41.29,0.00117503,0.001,0.0013,64385.98,1863.1
1784349413,btc,1786089600000,64000.0,put,34.09,0.03162558,0.031,0.0325,64039.42,22.1
1784349413,btc,1790323200000,35000.0,call,71.19,0.45850171,0.4565,0.4605,64385.98,29.3
1784349413,btc,1798185600000,240000.0,put,60.93,2.69149067,2.5665,2.8275,65016.31,0.0
1784349413,btc,1787904000000,86000.0,put,41.59,0.34127997,0.2955,0.393,64167.99,0.0
1784349413,btc,1784361600000,70000.0,call,48.0,0.0,,0.0001,63912.58,2.9
1784349413,btc,1813910400000,105000.0,call,41.11,0.03074805,0.0295,0.032,66472.59,13.8
1784349413,btc,1798185600000,86000.0,put,38.86,0.3434781,0.291,0.4085,65016.31,23.4
1784349413,btc,1787904000000,79000.0,call,36.3,0.00243051,0.0022,0.0027,64167.99,88.8
1784349413,btc,1784534400000,67000.0,call,30.05,0.00017622,0.0001,0.0003,63912.58,2.2
1784349413,btc,1790323200000,200000.0,call,72.81,2.375e-05,,0.0002,64385.98,1008.2
1784349413,btc,1787904000000,78000.0,put,35.61,0.21838615,0.176,0.267,64167.99,4.1
1784349413,btc,1784534400000,65000.0,call,21.65,0.00135938,0.0013,0.0016,63912.58,22.3
1784349413,btc,1806048000000,150000.0,put,44.86,1.28406366,1.205,1.375,65746.54,0.5
1784349413,btc,1784361600000,55000.0,put,70.83,0.0,,0.0001,63912.58,0.5
1784349413,btc,1784361600000,55000.0,call,70.83,0.13944623,0.109,0.1685,63912.58,0.0
1784349413,btc,1784448000000,67000.0,call,29.42,9.71e-06,,0.0001,63912.55,28.4
1784349413,btc,1790323200000,45000.0,put,54.18,0.00550152,0.005,0.006,64385.98,1959.8
1784349413,btc,1806048000000,110000.0,call,40.58,0.01182191,0.011,0.0125,65746.24,520.5
1784349413,btc,1790323200000,145000.0,call,62.99,0.00017862,0.0001,0.0003,64386.13,495.0
1784349413,btc,1806048000000,125000.0,call,42.18,0.00621071,0.0055,0.007,65746.24,119.4
1784349413,btc,1798185600000,150000.0,put,49.34,1.30792539,1.2295,1.396,65016.46,2.1
1784349413,btc,1813910400000,120000.0,put,41.66,0.82220087,0.752,0.9095,66472.63,0.0
1784349413,btc,1784361600000,72000.0,put,51.51,0.12654311,0.0885,0.167,63912.58,0.0
1784349413,btc,1784620800000,62500.0,put,29.2,0.00306687,0.0029,0.0032,63912.58,16.5
1784349413,btc,1790323200000,160000.0,call,68.29,0.00014196,,0.0002,64385.98,1444.3
1784349413,btc,1813910400000,64000.0,put,43.86,0.14706637,0.1445,0.1485,66472.59,2.3
1784349413,btc,1784880000000,67000.0,call,32.2,0.00284322,0.0028,0.003,63948.86,1432.3
1784349413,btc,1813910400000,95000.0,call,41.11,0.04745551,0.046,0.049,66472.63,10.5
1784349413,btc,1798185600000,98000.0,call,39.48,0.00797455,0.0075,0.0085,65016.46,207.9
1784349413,btc,1785484800000,93000.0,put,54.17,0.45351318,0.404,0.506,63982.4,0.5
1784349413,btc,1784620800000,63000.0,put,28.23,0.00474133,0.0045,0.0048,63912.58,3.0
1784349413,btc,1798185600000,108000.0,put,41.2,0.66539916,0.6065,0.7345,65016.46,0.0
1784349413,btc,1784361600000,69000.0,put,47.34,0.07960382,0.0435,0.1185,63912.58,0.0
1784349413,btc,1784448000000,66500.0,put,28.83,0.04075145,0.013,0.078,63912.55,0.0
1784349413,btc,1813910400000,74000.0,put,42.19,0.23338112,0.2235,0.243,66472.59,0.1
1784349413,btc,1787904000000,94000.0,put,47.49,0.46543386,0.4155,0.521,64168.22,0.0
1784349413,btc,1790323200000,86000.0,call,37.29,0.00278462,0.0027,0.003,64386.13,636.5
1784349413,btc,1784361600000,61000.0,call,60.99,0.04556778,0.013,0.078,63912.58,0.0
1784349413,btc,1798185600000,115000.0,call,42.59,0.00298349,0.0027,0.0033,65016.31,2338.1
1784349413,btc,1785484800000,64000.0,put,33.6,0.02556229,0.025,0.026,63982.4,884.5
1784349413,btc,1784620800000,65000.0,put,25.92,0.02042034,0.0005,0.056,63912.58,0.1
1784349413,btc,1785484800000,93000.0,call,54.17,4.14e-06,,0.0001,63982.4,106.0
1784349413,btc,1806048000000,140000.0,put,43.9,1.13300865,1.059,1.22,65746.24,0.0
1784349413,btc,1798185600000,80000.0,put,38.9,0.26436272,0.2555,0.271,65016.31,952.0
1784349413,btc,1790323200000,56000.0,put,41.38,0.02105079,0.0205,0.0215,64385.98,966.5
1784349413,btc,1784620800000,62000.0,put,30.4,0.00198314,0.0018,0.0021,63912.58,22.7
1784349413,btc,1787904000000,50000.0,put,48.94,0.00406395,0.004,0.0042,64167.99,1333.4
1784349413,btc,1786089600000,55000.0,put,44.39,0.00310182,0.0029,0.0033,64039.55,35.5
1784349413,btc,1785484800000,59000.0,call,39.11,0.08283976,0.0795,0.087,63982.4,197.5
1784349413,btc,1806048000000,70000.0,put,41.48,0.17566106,0.167,0.183,65746.54,214.2
1784349413,btc,1784448000000,66000.0,put,28.76,0.03302507,0.0125,0.07,63912.55,0.0
1784349413,btc,1784361600000,64000.0,put,10.66,0.00169518,0.0012,0.0023,63912.58,83.8
1784349413,btc,1813910400000,86000.0,call,41.27,0.0704736,0.069,0.072,66472.63,1.3
1784349413,btc,1785484800000,86000.0,put,50.86,0.34413906,0.2985,0.3935,63982.4,15.2
1784349413,btc,1784361600000,60000.0,put,66.24,0.0,,0.0001,63912.58,42.3
1784349413,btc,1784448000000,58000.0,call,50.39,0.09230991,0.06,0.123,63912.55,0.0
1784349413,btc,1806048000000,64000.0,call,42.63,0.15214383,0.151,0.1535,65746.24,35.4
1784349413,btc,1798185600000,82000.0,put,38.85,0.29000384,0.281,0.297,65016.46,157.7
1784349413,btc,1787904000000,78000.0,call,35.61,0.00282984,0.0026,0.0031,64167.99,236.0
1784349413,btc,1784534400000,63500.0,call,22.66,0.01064855,0.01,0.0115,63912.58,4.4
1784349413,btc,1798185600000,90000.0,put,38.89,0.39912462,0.391,0.408,65016.46,590.5
1784349413,btc,1785484800000,95000.0,call,56.37,3.44e-06,,0.0001,63982.4,135.8
1784349413,btc,1787904000000,92000.0,call,45.88,0.00060059,0.0005,0.0007,64167.99,46.9
1784349413,btc,1806048000000,50000.0,call,47.53,0.28855796,0.281,0.2935,65746.24,20.5
1784349413,btc,1785484800000,78000.0,put,44.25,0.21935687,0.214,0.2245,63982.4,445.6
1784349413,btc,1787904000000,79000.0,put,36.3,0.23357089,0.1905,0.282,64167.99,0.3
1784349413,btc,1786089600000,72000.0,call,33.93,0.00265098,0.0024,0.0029,64039.42,620.3
1784349413,btc,1813910400000,140000.0,put,42.59,1.11438976,1.038,1.2065,66472.59,0.0
1784349413,btc,1798185600000,180000.0,put,55.06,1.76899291,1.6755,1.873,65016.46,0.0
1784349413,btc,1787904000000,88000.0,put,42.94,0.37224247,0.3255,0.425,64167.99,0.0
1784349413,btc,1784448000000,70000.0,call,39.22,8e-08,,0.0001,63912.55,0.1
1784349413,btc,1784620800000,58000.0,put,45.5,0.00014664,0.0001,0.0002,63912.58,0.4
1784349413,btc,1784361600000,62500.0,put,40.65,6.07e-06,,0.0001,63912.58,134.3
1784349413,btc,1785484800000,98000.0,put,60.4,0.53165807,0.4795,0.5875,63982.4,0.1
1784349413,btc,1787904000000,96000.0,put,48.09,0.49646974,0.4455,0.553,64167.99,0.1
1784349413,btc,1784448000000,64000.0,call,15.52,0.00272749,0.0025,0.0031,63912.55,159.0
1784349413,btc,1787904000000,86000.0,call,41.59,0.00105121,0.0009,0.0012,64167.99,141.5
1784349413,btc,1813910400000,76000.0,call,41.95,0.10994334,0.1085,0.1115,66472.63,12.7
1784349413,btc,1798185600000,35000.0,put,62.75,0.00900513,0.0085,0.0095,65016.31,2309.6
1784349413,btc,1785484800000,75000.0,put,40.65,0.17278739,0.1675,0.178,63982.4,226.4
1784349413,btc,1786089600000,71000.0,put,33.42,0.11233846,0.0745,0.156,64039.42,0.0
1784349413,btc,1790323200000,150000.0,put,65.29,1.32986855,1.2515,1.4165,64385.98,0.7
1784349413,btc,1784880000000,61000.0,call,36.14,0.04987677,0.0185,0.0835,63949.05,13.1
1784349413,btc,1787904000000,57000.0,call,39.91,0.12474739,0.1215,0.129,64167.99,26.4
1784349413,btc,1806048000000,50000.0,put,47.53,0.04905183,0.048,0.05,65746.24,2029.6
1784349413,btc,1806048000000,190000.0,call,50.09,0.00117318,0.001,0.0015,65746.24,882.5
1784349413,btc,1784880000000,57000.0,call,43.31,0.10906103,0.0765,0.1405,63948.86,0.0
1784349413,btc,1785484800000,76000.0,put,42.15,0.18830161,0.183,0.193,63982.72,454.7
1784349413,btc,1798185600000,110000.0,call,41.68,0.00389186,0.0037,0.0042,65016.31,2643.1
1784349413,btc,1787904000000,48000.0,put,52.14,0.00305363,0.0028,0.0033,64167.99,812.1
1784349413,btc,1785484800000,104000.0,call,63.39,9.2e-07,,0.0001,63982.4,511.1
1784349413,btc,1790323200000,88000.0,put,38.1,0.36897765,0.321,0.4225,64386.13,4.8
1784349413,btc,1806048000000,76000.0,put,40.52,0.23487548,0.2265,0.244,65746.24,19.6
1784349413,btc,1790323200000,76000.0,call,34.16,0.01073134,0.0105,0.011,64386.13,1266.1
1784349413,btc,1790323200000,110000.0,call,48.64,0.00050289,0.0003,0.0007,64385.98,1446.1
1784349413,btc,1798185600000,82000.0,call,38.85,0.0287867,0.028,0.0285,65016.46,454.9
1784349413,btc,1784880000000,64000.0,call,32.45,0.01639988,0.016,0.017,63948.86,541.1
1784349413,btc,1784448000000,66500.0,call,28.83,3.552e-05,,0.0001,63912.55,104.2
1784349413,btc,1790323200000,55000.0,put,42.32,0.01848976,0.018,0.019,64385.98,3156.8
1784349413,btc,1798185600000,130000.0,put,45.81,1.00112375,0.987,1.014,65016.31,52.1
1784349413,btc,1798185600000,106000.0,call,41.09,0.00497418,0.0045,0.0055,65016.46,283.2
1784349413,btc,1786089600000,60000.0,call,37.73,0.07461861,0.043,0.1105,64039.55,15.0
1784349413,btc,1784880000000,73000.0,call,43.08,0.00017822,0.0001,0.0003,63948.86,84.2
1784349413,btc,1784880000000,65000.0,put,31.36,0.02587409,0.0255,0.027,63948.86,151.1
1784349413,btc,1798185600000,30000.0,call,69.76,0.54457554,0.543,0.546,65016.31,289.3
1784349413,btc,1798185600000,180000.0,call,55.06,0.00046747,0.0003,0.0007,65016.31,922.6
1784349413,btc,1785484800000,68000.0,put,32.62,0.06826102,0.0635,0.0725,63982.4,426.5
1784349413,btc,1790323200000,74000.0,put,34.16,0.16426368,0.1585,0.1695,64386.13,110.7
1784349413,btc,1798185600000,106000.0,put,41.09,0.63532805,0.577,0.704,65016.46,0.1
1784349413,btc,1787904000000,84000.0,put,39.84,0.31031224,0.2655,0.3605,64167.99,0.6
1784349413,btc,1806048000000,88000.0,put,39.98,0.3781693,0.321,0.452,65746.54,4.4
1784349413,btc,1786089600000,58000.0,call,39.63,0.10082811,0.0675,0.1355,64039.42,0.0
1784349413,btc,1784620800000,68000.0,call,33.53,0.00027917,0.0002,0.0004,63912.58,5.4
1784349413,btc,1785484800000,89000.0,call,52.22,1.322e-05,,0.0001,63982.72,248.2
1784349413,btc,1784448000000,63500.0,call,17.03,0.00769111,0.0065,0.0085,63912.55,41.6
1784349413,btc,1784361600000,63000.0,put,31.68,2.201e-05,,0.0001,63912.58,108.4
1784349413,btc,1784361600000,57000.0,put,68.67,0.0,,0.0001,63912.58,22.3
1784349413,btc,1785484800000,57000.0,put,42.18,0.00251184,0.0025,0.0026,63982.4,391.9
1784349413,btc,1798185600000,62000.0,put,41.55,0.08528869,0.0845,0.086,65016.31,698.4
1784349413,btc,1786089600000,66000.0,call,33.0,0.01842607,0.018,0.019,64039.42,45.7
1784349413,btc,1790323200000,45000.0,call,54.18,0.30659456,0.303,0.31,64385.98,153.4
1784349413,btc,1784448000000,60000.0,put,44.56,4.449e-05,,0.0001,63912.55,31.1
1784349413,btc,1785484800000,52000.0,call,52.35,0.18788377,0.158,0.218,63982.4,0.5
1784349413,btc,1784534400000,72000.0,put,47.39,0.12646334,0.0885,0.1675,63912.58,0.0
1784349413,btc,1806048000000,200000.0,call,50.29,0.00084353,0.0008,0.001,65746.24,501.2
1784349413,btc,1785484800000,96000.0,put,57.73,0.50039985,0.4495,0.555,63982.4,0.1
1784349413,btc,1784534400000,59000.0,put,45.8,0.00013008,0.0001,0.0002,63912.58,42.0
1784349413,btc,1784620800000,68000.0,put,33.53,0.06416646,0.0285,0.103,63912.58,0.0
1784349413,btc,1798185600000,140000.0,put,47.6,1.15442549,1.081,1.2375,65016.31,0.2
1784349413,btc,1790323200000,125000.0,put,56.72,0.941786,0.8755,1.015,64385.98,22.7
1784349413,btc,1787904000000,92000.0,put,45.88,0.43433368,0.386,0.489,64167.99,1.3
1784349413,btc,1786089600000,60000.0,put,37.73,0.01154007,0.011,0.012,64039.55,44.6
1784349413,btc,1806048000000,102000.0,put,40.29,0.56962425,0.509,0.6455,65746.24,0.0
1784349413,btc,1787904000000,75000.0,put,34.27,0.17382131,0.1675,0.179,64167.99,34.0
1784349413,btc,1806048000000,96000.0,call,40.04,0.02521213,0.0245,0.026,65746.24,119.9
1784349413,btc,1790323200000,98000.0,put,42.53,0.52297492,0.471,0.5815,64385.98,0.1
1784349413,btc,1790323200000,40000.0,call,62.2,0.38210552,0.38,0.3845,64385.98,35.3
1784349413,btc,1787904000000,77000.0,call,34.9,0.00330482,0.0031,0.0035,64167.99,232.2
1784349413,btc,1813910400000,100000.0,put,41.11,0.54257855,0.478,0.6255,66472.63,0.0
1784349413,btc,1790323200000,155000.0,call,65.29,0.00012035,0.0001,0.0002,64386.13,361.8
1784349413,btc,1784361600000,65500.0,put,30.37,0.02484133,0.013,0.0615,63912.58,0.8
1784349413,btc,1785484800000,45000.0,put,70.3,0.00014439,0.0001,0.0002,63982.72,1116.7
1784349413,btc,1787904000000,82000.0,put,38.34,0.27947673,0.235,0.3285,64167.99,0.0
1784349413,btc,1784534400000,63000.0,call,23.99,0.01659373,0.0135,0.0205,63912.58,174.8
1784349413,btc,1798185600000,70000.0,put,39.54,0.15075195,0.1445,0.1565,65016.31,1044.9
1784349413,btc,1790323200000,68000.0,put,34.91,0.09428485,0.0895,0.099,64385.98,623.2
1784349413,btc,1784880000000,70000.0,put,36.26,0.09513459,0.058,0.1355,63948.86,0.0
1784349413,btc,1798185600000,125000.0,call,44.76,0.00196547,0.0019,0.0022,65016.31,595.6
1784349413,btc,1784361600000,67000.0,call,47.29,0.0,,0.0001,63912.58,57.6
1784349413,btc,1806048000000,95000.0,call,40.04,0.02671048,0.026,0.0275,65746.54,167.2
1784349413,btc,1813910400000,40000.0,put,53.35,0.03373284,0.0325,0.035,66472.63,469.9
1784349413,btc,1798185600000,70000.0,call,39.54,0.07410317,0.0735,0.075,65016.31,999.0
1784349413,btc,1785484800000,79000.0,call,45.82,0.00024369,0.0002,0.0003,63982.4,1151.9
1784349413,btc,1798185600000,30000.0,put,69.76,0.00599644,0.0055,0.0065,65016.46,2133.3
1784349413,btc,1790323200000,140000.0,call,60.59,0.00017864,0.0001,0.0003,64385.98,1182.2
1784349413,btc,1813910400000,95000.0,put,41.11,0.4766044,0.413,0.5595,66472.63,20.0
1784349413,btc,1798185600000,100000.0,call,39.79,0.00697499,0.0065,0.0075,65016.46,3853.8
1784349413,btc,1813910400000,82000.0,put,41.52,0.31799483,0.3065,0.3275,66472.63,0.1
1784349413,btc,1790323200000,180000.0,put,70.84,1.79568493,1.7015,1.898,64385.98,7.3
1784349413,btc,1785484800000,74000.0,put,39.35,0.15733806,0.152,0.162,63982.4,130.7
1784349413,btc,1785484800000,85000.0,put,50.37,0.32852243,0.284,0.377,63982.4,22.2
1784349413,btc,1806048000000,62000.0,put,43.05,0.11100294,0.1095,0.1125,65746.24,248.4
1784349413,btc,1784448000000,65000.0,put,19.37,0.01750829,0.0105,0.054,63912.55,3.3
1784349413,btc,1790323200000,102000.0,put,44.52,0.58490263,0.531,0.6455,64385.98,0.4
1784349413,btc,1787904000000,59000.0,call,37.83,0.09909774,0.096,0.103,64167.99,414.2
1784349413,btc,1784361600000,62000.0,put,48.18,1.68e-06,,0.0001,63912.58,205.4
1784349413,btc,1798185600000,105000.0,call,40.7,0.00513151,0.0048,0.0055,65016.31,843.1
1784349413,btc,1784880000000,66000.0,call,31.45,0.00521512,0.005,0.0055,63948.86,1562.5
1784349413,btc,1798185600000,52000.0,call,46.14,0.23700583,0.2345,0.2395,65016.31,0.0
1784349413,btc,1798185600000,58000.0,put,43.09,0.06181428,0.061,0.0625,65016.31,2168.3
1784349413,btc,1785484800000,79000.0,put,45.82,0.23494492,0.2295,0.2395,63982.4,144.8
1784349413,btc,1790323200000,145000.0,put,62.99,1.25221224,1.176,1.3355,64386.13,0.2
1784349413,btc,1784880000000,70000.0,call,36.26,0.00051317,0.0004,0.0006,63948.86,1488.8
1784349413,btc,1784620800000,61500.0,put,31.66,0.00127756,0.0011,0.0014,63912.58,0.3
1784349413,btc,1784880000000,55000.0,call,47.92,0.14008557,0.1095,0.1705,63948.86,0.0
1784349413,btc,1787904000000,105000.0,put,53.49,0.63653721,0.581,0.697,64167.99,0.0
1784349413,btc,1784361600000,72000.0,call,51.51,0.0,,0.0001,63912.58,0.0
1784349413,btc,1798185600000,94000.0,put,39.26,0.45674509,0.403,0.5225,65016.31,5.2
1784349413,btc,1785484800000,66000.0,put,32.62,0.0439287,0.04,0.0475,63982.4,426.7
1784349413,btc,1784448000000,61000.0,call,39.88,0.04550642,0.013,0.078,63912.55,0.0
1784349413,btc,1784534400000,68000.0,call,31.62,4.19e-05,,0.0002,63912.58,4.9
1784349413,btc,1798185600000,220000.0,call,59.06,0.00017843,0.0001,0.0004,65016.46,253.9
1784349413,btc,1806048000000,80000.0,call,40.26,0.06293294,0.062,0.064,65746.24,913.0
1784349413,btc,1790323200000,175000.0,put,69.15,1.71802903,1.626,1.8175,64385.98,0.2
1784349413,btc,1813910400000,66000.0,call,43.32,0.1691129,0.1675,0.171,66472.59,21.9
1784349413,btc,1798185600000,56000.0,put,44.05,0.05230017,0.0515,0.053,65016.31,129.5
1784349413,btc,1787904000000,75000.0,call,34.27,0.00501716,0.0046,0.0055,64167.99,2593.7
1784349413,btc,1790323200000,75000.0,put,34.16,0.1775352,0.171,0.183,64385.98,2967.4
1784349413,btc,1813910400000,66000.0,put,43.32,0.16199528,0.16,0.164,66472.59,28.5
1784349413,btc,1784534400000,63000.0,put,23.99,0.00224453,0.0021,0.0024,63912.58,37.4
1784349413,btc,1798185600000,94000.0,call,39.26,0.01095958,0.0105,0.011,65016.31,111.5
1784349413,btc,1784620800000,65000.0,call,25.92,0.00346925,0.0033,0.0038,63912.58,2.2
1784349413,btc,1798185600000,140000.0,call,47.6,0.00112793,0.0009,0.0014,65016.46,1471.8
1784349413,btc,1790323200000,90000.0,call,38.97,0.00181809,0.0016,0.002,64385.98,3021.8
1784349413,btc,1787904000000,72000.0,call,33.04,0.00908941,0.0085,0.0095,64167.99,1922.0
1784349413,btc,1790323200000,56000.0,call,41.38,0.15129987,0.117,0.1905,64385.98,12.2
1784349413,btc,1798185600000,76000.0,put,38.83,0.2151013,0.2085,0.222,65016.31,141.7
1784349413,btc,1798185600000,250000.0,call,61.81,0.00010423,,0.0002,65016.31,1253.0
1784349413,btc,1813910400000,85000.0,call,41.38,0.0739193,0.0725,0.0755,66472.59,7.1
1784349413,btc,1813910400000,45000.0,put,50.24,0.04710589,0.046,0.0485,66472.63,80.9
1784349413,btc,1790323200000,62000.0,call,37.39,0.0838755,0.083,0.0855,64386.13,658.6
1784349413,btc,1785484800000,58000.0,put,40.5,0.00349084,0.0033,0.0037,63982.4,1754.3
1784349413,btc,1806048000000,70000.0,call,41.48,0.11096965,0.11,0.112,65746.24,742.8
1784349413,btc,1786089600000,75000.0,call,36.39,0.00116768,0.001,0.0012,64039.42,610.8
1784349413,btc,1784880000000,63000.0,put,33.09,0.01059685,0.0105,0.011,63948.86,309.7
1784349413,btc,1813910400000,160000.0,put,43.69,1.41143848,1.327,1.5105,66472.59,0.0
1784349413,btc,1785484800000,67000.0,call,32.57,0.00835778,0.008,0.0085,63982.72,1702.6
1784349413,btc,1784620800000,63000.0,call,28.23,0.01908105,0.0003,0.0515,63912.58,0.6
1784349413,btc,1790323200000,70000.0,call,34.34,0.02802941,0.0275,0.0285,64385.98,2061.1
1784349413,btc,1784361600000,61500.0,call,54.75,0.03774488,0.013,0.07,63912.58,0.0
1784349413,btc,1784880000000,55000.0,put,47.92,0.00014526,0.0001,0.0002,63948.86,177.1
1784349413,btc,1784620800000,56000.0,call,48.57,0.12387778,0.092,0.1535,63912.58,0.0
1784349413,btc,1784880000000,63000.0,call,33.09,0.02543757,0.025,0.0265,63948.86,406.2
1784349413,btc,1784534400000,61500.0,put,30.02,0.00043649,0.0004,0.0005,63912.58,40.1
1784349413,btc,1787904000000,88000.0,call,42.94,0.0008456,0.0007,0.001,64167.99,173.9
1784349413,btc,1785484800000,82000.0,put,48.54,0.28170133,0.276,0.287,63982.4,92.0
1784349413,btc,1784361600000,64500.0,put,18.7,0.00920248,0.0049,0.0135,63912.58,156.1
1784349413,btc,1790323200000,260000.0,put,78.83,3.03813284,2.9015,3.185,64385.98,0.0
1784349413,btc,1787904000000,55000.0,put,41.95,0.00902395,0.0085,0.0095,64167.99,546.5
1784349413,btc,1784534400000,68000.0,put,31.62,0.06391895,0.0285,0.1025,63912.58,0.0
1784349413,btc,1787904000000,77000.0,put,34.9,0.20327708,0.1615,0.252,64167.99,3.4
1784349413,btc,1784448000000,59000.0,put,48.81,1.314e-05,,0.0001,63912.55,30.6
1784349413,btc,1806048000000,85000.0,call,40.04,0.04719433,0.0465,0.048,65746.24,31.6
1784349413,btc,1785484800000,48000.0,put,63.32,0.00028945,0.0002,0.0004,63982.4,1478.9
1784349413,btc,1785484800000,55000.0,call,45.96,0.1417549,0.11,0.174,63982.4,11.6
1784349413,btc,1784448000000,66000.0,call,28.76,0.00013407,0.0001,0.0002,63912.55,84.7
1784349413,btc,1784361600000,69000.0,call,47.34,0.0,,0.0001,63912.58,74.3
1784349413,btc,1784448000000,69000.0,put,37.69,0.07984131,0.0435,0.118,63912.55,0.0
1784349413,btc,1785484800000,80000.0,put,46.45,0.25050749,0.245,0.256,63982.4,385.4
1784349413,btc,1784448000000,68000.0,call,37.63,9.64e-06,,0.0001,63912.55,28.3
1784349413,btc,1806048000000,45000.0,put,50.37,0.03378538,0.033,0.0345,65746.24,143.6
1784349413,btc,1784534400000,64000.0,put,21.85,0.00734916,0.007,0.0075,63912.58,36.2
1784349413,btc,1784620800000,65500.0,call,25.9,0.00195663,0.0018,0.0021,63912.58,4.2
1784349413,btc,1798185600000,110000.0,put,41.68,0.69576852,0.685,0.7055,65016.46,54.1
1784349413,btc,1784620800000,58000.0,call,45.5,0.09271336,0.06,0.1245,63912.58,0.0
1784349413,btc,1785484800000,71000.0,put,34.96,0.11141597,0.1065,0.116,63982.4,109.5
1784349413,btc,1787904000000,67000.0,put,33.3,0.07097808,0.067,0.075,64167.99,92.6
1784349413,btc,1806048000000,52000.0,put,46.51,0.05656005,0.0555,0.0575,65746.24,89.8
1784349413,btc,1785484800000,115000.0,put,72.75,0.79735032,0.737,0.8625,63982.4,3.4
1784349413,btc,1798185600000,65000.0,put,40.72,0.10713187,0.106,0.1085,65016.46,582.6
1784349413,btc,1784361600000,57000.0,call,68.67,0.10815337,0.076,0.138,63912.58,0.0
1784349413,btc,1784620800000,60500.0,put,34.67,0.0005613,0.0005,0.0007,63912.58,0.8
1784349413,btc,1785484800000,83000.0,call,48.9,7.909e-05,,0.0002,63982.4,1217.0
1784349413,btc,1784880000000,58000.0,call,41.46,0.09373037,0.0605,0.126,63948.86,0.0
1784349413,btc,1785484800000,69000.0,call,33.06,0.00362919,0.0035,0.0037,63982.4,2034.9
1784349413,btc,1784361600000,60000.0,call,66.24,0.06121408,0.0275,0.0935,63912.58,0.0
1784349413,btc,1787904000000,63000.0,put,35.07,0.03797958,0.0375,0.038,64167.99,422.8
1784349413,btc,1813910400000,130000.0,call,42.1,0.0117106,0.011,0.0125,66472.63,65.9
1784349413,btc,1787904000000,110000.0,put,56.97,0.7144249,0.657,0.7785,64167.99,0.0
1784349413,btc,1798185600000,40000.0,call,56.93,0.39841445,0.396,0.4005,65016.31,250.8
1784349413,btc,1813910400000,60000.0,put,44.59,0.11837244,0.1165,0.12,66472.59,320.5
1784349413,btc,1798185600000,135000.0,put,46.62,1.07772029,1.007,1.1585,65016.31,0.6
1784349413,btc,1798185600000,125000.0,put,44.76,0.92455258,0.858,1.001,65016.31,8.4
1784349413,btc,1806048000000,105000.0,call,40.29,0.01530925,0.0145,0.016,65746.24,158.2
1784349413,btc,1784880000000,67000.0,put,32.2,0.05055229,0.0175,0.0895,63948.86,4.0
1784349413,btc,1784620800000,57000.0,put,45.6,4.135e-05,,0.0001,63912.58,1.1
1784349413,btc,1806048000000,100000.0,put,40.17,0.54120746,0.4805,0.616,65746.54,12.1
1784349413,btc,1787904000000,58000.0,put,38.84,0.01554685,0.015,0.016,64167.99,703.9
1784349413,btc,1785484800000,65000.0,call,32.84,0.01790097,0.0175,0.0185,63982.4,2005.0
1784349413,btc,1787904000000,81000.0,put,37.66,0.26412722,0.221,0.313,64167.99,0.1
1784349413,btc,1785484800000,100000.0,put,62.96,0.56291625,0.556,0.5695,63982.4,99.5
1784349413,btc,1785484800000,106000.0,put,64.33,0.65668834,0.601,0.717,63982.4,0.0
1784349413,btc,1806048000000,110000.0,put,40.58,0.68490841,0.6215,0.762,65746.24,1.9
1784349413,btc,1813910400000,130000.0,put,42.1,0.96738803,0.895,1.057,66472.63,0.0
1784349413,btc,1785484800000,54000.0,put,48.08,0.00102788,0.001,0.0011,63982.4,1480.7
1784349413,btc,1806048000000,52000.0,call,46.51,0.26564643,0.2585,0.271,65746.24,5.1
1784349413,btc,1790323200000,90000.0,put,38.97,0.39963207,0.392,0.407,64385.98,587.5
1784349413,btc,1813910400000,50000.0,put,47.8,0.06507201,0.0635,0.0665,66472.63,11.8
1784349413,btc,1790323200000,320000.0,put,85.42,3.97000663,3.8025,4.1505,64385.98,0.1
1784349413,btc,1785484800000,81000.0,put,47.74,0.26610689,0.2605,0.2715,63982.4,114.0
1784349413,btc,1806048000000,68000.0,call,41.71,0.12320291,0.122,0.1245,65746.24,39.5
1784349413,btc,1798185600000,52000.0,put,46.14,0.03680207,0.036,0.0375,65016.31,70.5
1784349413,btc,1785484800000,88000.0,put,52.22,0.37538361,0.329,0.425,63982.4,2.1
1784349413,btc,1790323200000,94000.0,call,40.88,0.00128608,0.0011,0.0015,64385.98,161.4
1784349413,btc,1784620800000,60000.0,put,36.6,0.00040069,0.0003,0.0005,63912.58,59.4
1784349413,btc,1785484800000,74000.0,call,39.35,0.00078246,0.0007,0.0008,63982.72,681.1
1784349413,btc,1798185600000,96000.0,call,39.48,0.00946116,0.009,0.0095,65016.31,287.8
1784349413,btc,1784534400000,64500.0,call,21.29,0.00296257,0.0028,0.0032,63912.58,28.2
1784349413,btc,1784534400000,63500.0,put,22.66,0.00412197,0.0039,0.0043,63912.58,33.2
1784349413,btc,1787904000000,83000.0,call,39.27,0.00144416,0.0013,0.0016,64167.99,251.1
1784349413,btc,1798185600000,68000.0,call,40.02,0.08643879,0.0855,0.0875,65016.31,495.9
1784349413,btc,1813910400000,40000.0,call,53.35,0.43198594,0.4285,0.4355,66472.59,0.1
1784349413,btc,1787904000000,74000.0,call,33.62,0.00596349,0.0055,0.0065,64167.99,686.9
1784349413,btc,1786089600000,65000.0,put,33.41,0.03960356,0.039,0.0405,64039.55,15.0
1784349413,btc,1790323200000,94000.0,put,40.88,0.46122511,0.411,0.518,64386.13,1.3
1784349413,btc,1806048000000,100000.0,call,40.17,0.02021973,0.0195,0.021,65746.24,544.0
1784349413,btc,1806048000000,68000.0,put,41.71,0.15747457,0.156,0.1595,65746.24,65.4
1784349413,btc,1784880000000,50000.0,put,62.12,2.247e-05,,0.0001,63948.86,276.7
1784349413,btc,1784620800000,70000.0,call,43.41,0.00017443,0.0001,0.0002,63912.58,8.0
1784349413,btc,1813910400000,52000.0,put,47.05,0.07395323,0.0725,0.0755,66472.59,11.4
1784349413,btc,1784534400000,61500.0,call,30.02,0.03825357,0.0065,0.0715,63912.58,0.0
1784349413,btc,1790323200000,78000.0,put,34.31,0.21915913,0.2125,0.225,64385.98,635.6
1784349413,btc,1784448000000,71000.0,put,44.05,0.11114038,0.073,0.151,63912.55,0.0
1784349413,btc,1784361600000,67000.0,put,47.29,0.04831095,0.013,0.086,63912.58,0.0
1784349413,btc,1787904000000,67000.0,call,33.3,0.02684638,0.026,0.0275,64167.99,917.3
1784349413,btc,1786089600000,72000.0,put,33.93,0.12695619,0.0885,0.1705,64039.42,0.0
1784349413,btc,1806048000000,125000.0,put,42.18,0.90744537,0.8395,0.989,65746.24,0.0
1784349413,btc,1806048000000,115000.0,call,41.37,0.00973035,0.0095,0.01,65746.24,765.3
1784349413,btc,1806048000000,86000.0,call,39.98,0.04444527,0.0435,0.0455,65746.24,111.0
1784349413,btc,1787904000000,46000.0,call,55.61,0.28548022,0.258,0.315,64167.99,1.0
1784349413,btc,1786089600000,55000.0,call,44.39,0.14425715,0.112,0.177,64039.55,0.0
1784349413,btc,1813910400000,80000.0,put,41.6,0.29555894,0.285,0.3065,66472.59,0.3
1784349413,btc,1798185600000,55000.0,put,44.46,0.04781743,0.047,0.0485,65016.31,994.8
1784349413,btc,1790323200000,98000.0,call,42.53,0.00091082,0.0007,0.0011,64386.13,269.9
1784349413,btc,1786089600000,68000.0,call,32.87,0.0099486,0.0095,0.0105,64039.42,186.1
1784349413,btc,1813910400000,30000.0,put,61.91,0.01676211,0.016,0.0175,66472.63,160.1
1784349413,btc,1790323200000,100000.0,put,44.02,0.55400336,0.5455,0.562,64386.13,272.4
1784349413,btc,1787904000000,64000.0,call,34.57,0.04754241,0.047,0.048,64167.99,416.6
1784349413,btc,1786089600000,63000.0,put,34.88,0.02494497,0.0245,0.0255,64039.42,30.0
1784349413,btc,1784361600000,61000.0,put,60.99,1.3e-07,,0.0001,63912.58,104.7
1784349413,btc,1787904000000,71000.0,call,33.04,0.01145027,0.011,0.012,64167.99,1064.8
1784349413,btc,1790323200000,102000.0,call,44.52,0.00071345,0.0005,0.0009,64385.98,63.0
1784349413,btc,1806048000000,102000.0,call,40.29,0.01821677,0.0175,0.019,65746.24,105.8
1784349413,btc,1786089600000,58000.0,put,39.63,0.00651885,0.006,0.007,64039.55,106.4
1784349413,btc,1798185600000,78000.0,put,38.71,0.23896235,0.231,0.246,65016.46,234.4
1784349413,btc,1787904000000,71000.0,put,33.04,0.1179182,0.08,0.167,64167.99,7.6
1784349413,btc,1813910400000,76000.0,put,41.95,0.25326245,0.244,0.2625,66472.63,0.1
1784349413,btc,1790323200000,80000.0,call,34.79,0.0057256,0.0055,0.006,64385.98,3471.9
1784349413,btc,1813910400000,78000.0,call,41.79,0.10074284,0.0995,0.1025,66472.59,3.9
1784349413,btc,1787904000000,58000.0,call,38.84,0.11167164,0.1085,0.1155,64167.99,164.0
1784349413,btc,1785484800000,72000.0,put,36.47,0.12661984,0.1215,0.131,63982.4,364.5
1784349413,btc,1813910400000,62000.0,call,44.15,0.19933393,0.1965,0.203,66472.63,93.8
1784349413,btc,1790323200000,92000.0,put,39.92,0.43039603,0.3815,0.4865,64385.98,4.0
1784349413,btc,1806048000000,58000.0,call,44.26,0.20378173,0.2025,0.2055,65746.24,5.1
1784349413,btc,1806048000000,94000.0,call,40.02,0.0282621,0.0275,0.029,65746.24,123.5
1784349413,btc,1787904000000,53000.0,put,44.64,0.00651243,0.006,0.007,64167.99,171.6
1784349413,btc,1806048000000,72000.0,call,41.09,0.09916308,0.098,0.1005,65746.24,55.1
1784349413,btc,1813910400000,50000.0,call,47.8,0.31288838,0.3095,0.317,66472.63,16.9
1784349413,btc,1784620800000,63500.0,put,27.25,0.00712906,0.0065,0.0075,63912.58,2.9
1784349413,btc,1798185600000,55000.0,call,44.46,0.2018791,0.1995,0.204,65016.31,42.8
1784349413,btc,1784534400000,69000.0,put,36.43,0.079549,0.043,0.1185,63912.58,0.0
1784349413,btc,1790323200000,52000.0,call,45.31,0.20490199,0.2015,0.2095,64386.13,75.0
1784349413,btc,1785484800000,90000.0,put,52.25,0.4066303,0.3595,0.4575,63982.4,14.9
1784349413,btc,1787904000000,69000.0,put,32.84,0.09279599,0.0875,0.0975,64167.99,49.5
1784349413,btc,1798185600000,240000.0,call,60.93,0.00012343,0.0001,0.0003,65016.31,875.5
1784349413,btc,1784620800000,61000.0,call,33.16,0.04647476,0.0135,0.079,63912.58,0.0
1784349413,btc,1785484800000,105000.0,call,63.57,6.8e-07,,0.0001,63982.4,516.1
1784349413,btc,1784448000000,73000.0,call,49.56,0.0,,0.0001,63912.55,0.6
1784349413,btc,1784620800000,65500.0,put,25.9,0.02673042,0.0015,0.064,63912.58,0.0
1784349413,btc,1806048000000,66000.0,put,42.16,0.14100093,0.1395,0.143,65746.24,123.6
1784349413,btc,1798185600000,75000.0,call,38.88,0.04996257,0.0495,0.0505,65016.46,1323.9
1784349413,btc,1784880000000,54000.0,put,50.73,9.727e-05,,0.0001,63948.86,513.8
1784349413,btc,1784361600000,71000.0,call,49.41,0.0,,0.0001,63912.58,4.0
1784349413,btc,1806048000000,35000.0,put,58.95,0.016273,0.016,0.017,65746.24,525.3
1784349413,btc,1784880000000,65000.0,call,31.36,0.00944003,0.009,0.01,63948.86,992.9
1784349413,btc,1784361600000,59000.0,call,66.35,0.07686051,0.0435,0.108,63912.58,0.0
1784349413,btc,1813910400000,30000.0,call,61.91,0.56545194,0.562,0.5685,66472.63,11.0
1784349413,btc,1785484800000,72000.0,call,36.47,0.00132249,0.0012,0.0014,63982.4,21132.2
1784349413,btc,1787904000000,61000.0,put,36.42,0.0268676,0.0265,0.0275,64167.99,563.0
1784349413,btc,1784361600000,63000.0,call,31.68,0.01429679,0.0105,0.0185,63912.58,59.3
1784349413,btc,1784361600000,65000.0,call,28.39,1.97e-06,,0.0001,63912.58,123.9
1784349413,btc,1790323200000,50000.0,put,47.32,0.0095826,0.0095,0.01,64385.98,3562.5
1784349413,btc,1784361600000,65500.0,call,30.37,3e-08,,0.0001,63912.58,32.0
1784349413,btc,1806048000000,64000.0,put,42.63,0.12557597,0.124,0.1275,65746.24,132.7
1784349413,btc,1787904000000,61000.0,call,36.42,0.07624022,0.073,0.08,64167.99,589.3
1784349413,btc,1785484800000,70000.0,put,33.87,0.09651111,0.0915,0.101,63982.4,909.3
1784349413,btc,1806048000000,115000.0,put,41.37,0.75886624,0.6945,0.8375,65746.24,0.0
1784349413,btc,1806048000000,35000.0,call,58.95,0.4839273,0.4825,0.4855,65746.54,3.8
1784349413,btc,1813910400000,54000.0,put,46.33,0.0835735,0.082,0.085,66472.59,10.8
1784349413,btc,1784620800000,64500.0,put,26.26,0.01499745,0.014,0.0155,63912.58,0.1
1784349413,btc,1784448000000,60000.0,call,44.56,0.06105267,0.0275,0.093,63912.55,0.0
1784349413,btc,1790323200000,140000.0,put,60.59,1.17455594,1.1015,1.2555,64385.98,1.4
1784349413,btc,1784361600000,60500.0,call,66.23,0.05339089,0.0195,0.085,63912.58,0.0
1784349413,btc,1785484800000,90000.0,call,52.25,8.65e-06,,0.0001,63982.72,1313.3
1784349413,btc,1785484800000,91000.0,put,52.4,0.42225663,0.374,0.474,63982.4,0.2
1784349413,btc,1784534400000,69000.0,call,36.43,2.67e-05,,0.0001,63912.58,1.4
1784349413,btc,1787904000000,70000.0,call,32.78,0.01403712,0.0135,0.0145,64167.99,1090.1
1784349413,btc,1806048000000,108000.0,put,40.55,0.65588618,0.593,0.7325,65746.24,0.0
1784349413,btc,1806048000000,180000.0,call,49.01,0.00141994,0.0012,0.0018,65746.24,641.8
1784349413,btc,1806048000000,84000.0,put,40.05,0.32757053,0.271,0.4005,65746.54,5.8
1784349413,btc,1787904000000,76000.0,put,34.4,0.18836619,0.1475,0.237,64167.99,5.4
1784349413,btc,1785484800000,78000.0,call,44.25,0.00028477,0.0002,0.0004,63982.4,1078.6
1784349413,btc,1786089600000,65000.0,call,33.41,0.02460532,0.024,0.025,64039.55,46.6
1784349413,btc,1785484800000,70000.0,call,33.87,0.00247208,0.0024,0.0025,63982.4,27398.7
1784349413,btc,1784534400000,62500.0,put,25.72,0.00123804,0.0011,0.0014,63912.58,768.8
1784349413,btc,1786089600000,61000.0,call,36.69,0.06248529,0.0315,0.0975,64039.55,0.0
1784349413,btc,1784534400000,57000.0,put,49.65,1.316e-05,,0.0001,63912.58,42.0
1784349413,btc,1790323200000,120000.0,call,54.42,0.00042954,0.0003,0.0006,64385.98,1157.5
1784349413,btc,1790323200000,170000.0,put,68.29,1.64038442,1.551,1.7375,64385.98,0.0
1784349413,btc,1787904000000,72000.0,put,33.04,0.13114139,0.126,0.1365,64167.99,86.1
1784349413,btc,1784534400000,66000.0,call,25.01,0.00037874,0.0003,0.0005,63912.58,51.9
1784349413,btc,1784534400000,60000.0,put,39.2,0.00018476,0.0001,0.0003,63912.58,222.1
1784349413,btc,1806048000000,88000.0,call,39.98,0.0397001,0.039,0.0405,65746.54,58.4
1784349413,btc,1784534400000,57000.0,call,49.65,0.10823386,0.076,0.139,63912.58,0.0
1784349413,btc,1806048000000,74000.0,put,40.83,0.21419902,0.206,0.222,65746.24,53.6
1784349413,btc,1806048000000,170000.0,call,47.59,0.00166656,0.0014,0.0021,65746.24,248.2
1784349413,btc,1786089600000,70000.0,put,33.13,0.09819136,0.0615,0.142,64039.55,0.0
1784349413,btc,1787904000000,73000.0,put,33.26,0.14495505,0.1055,0.1945,64167.99,4.7
1784349413,btc,1806048000000,74000.0,call,40.83,0.0886681,0.0875,0.09,65746.24,49.8
1784349413,btc,1798185600000,64000.0,put,40.95,0.09940994,0.0985,0.1005,65016.31,227.9
1784349413,btc,1787904000000,84000.0,call,39.84,0.0012516,0.0011,0.0014,64167.99,58.7
1784349413,btc,1806048000000,54000.0,call,45.74,0.24410142,0.2365,0.249,65746.54,0.0
1784349413,btc,1784448000000,71000.0,call,44.05,5e-08,,0.0001,63912.55,5.3
1784349413,btc,1786089600000,53000.0,put,47.46,0.00186652,0.0017,0.0021,64039.42,4.7
1784349413,btc,1790323200000,115000.0,call,51.65,0.000466,0.0003,0.0006,64386.13,2248.9
1784349413,btc,1787904000000,60000.0,call,37.24,0.08748624,0.084,0.091,64167.99,368.4
1784349413,btc,1806048000000,120000.0,put,41.5,0.83266354,0.7665,0.9125,65746.54,1.0
1784349413,btc,1813910400000,84000.0,put,41.36,0.34070085,0.3295,0.3505,66472.63,0.0
1784349413,btc,1784361600000,56000.0,put,68.68,0.0,,0.0001,63912.58,1.6
1784349413,btc,1784534400000,58000.0,call,47.99,0.0926201,0.06,0.124,63912.58,0.0
1784349413,btc,1785484800000,52000.0,put,52.35,0.00059851,0.0005,0.0007,63982.4,2477.2
1784349413,btc,1806048000000,104000.0,put,40.29,0.59805137,0.537,0.674,65746.24,0.0
1784349413,btc,1784361600000,60500.0,put,66.23,3e-08,,0.0001,63912.58,72.6
1784349413,btc,1787904000000,57000.0,put,39.91,0.01303855,0.0125,0.0135,64167.99,614.3
1784349413,btc,1806048000000,94000.0,put,40.02,0.45799057,0.3995,0.532,65746.24,9.0
1784349413,btc,1798185600000,100000.0,put,39.79,0.54504467,0.5355,0.554,65016.31,303.1
1784349413,btc,1798185600000,75000.0,put,38.88,0.20351483,0.197,0.2105,65016.31,888.9
1784349413,btc,1787904000000,70000.0,put,32.78,0.10492099,0.1,0.1095,64167.99,105.7
1784349413,btc,1787904000000,60000.0,put,37.24,0.02252956,0.022,0.023,64167.99,1076.5
1784349413,btc,1784880000000,60000.0,put,37.83,0.00216767,0.002,0.0023,63948.86,1338.0
1784349413,btc,1790323200000,130000.0,call,57.5,0.00026218,0.0002,0.0004,64385.98,1434.0
1784349413,btc,1806048000000,76000.0,call,40.52,0.07892481,0.078,0.0795,65746.24,354.2
1784349413,btc,1785484800000,95000.0,put,56.37,0.48477074,0.435,0.538,63982.72,0.5
1784349413,btc,1784620800000,59000.0,put,39.68,0.00018584,0.0001,0.0003,63912.58,40.5
1784349413,btc,1790323200000,92000.0,call,39.92,0.00151952,0.0013,0.0017,64386.13,484.9
1784349413,btc,1790323200000,125000.0,call,56.72,0.0003777,0.0003,0.0006,64386.13,2270.6
1784349413,btc,1784448000000,58000.0,put,50.39,2.01e-06,,0.0001,63912.55,39.5
1784349413,btc,1784361600000,63500.0,put,20.79,9.834e-05,0.0001,0.0002,63912.58,113.6
1784349413,btc,1785484800000,91000.0,call,52.4,5.84e-06,,0.0001,63982.4,283.4
1784349413,btc,1798185600000,120000.0,put,43.53,0.84802635,0.836,0.8595,65016.31,35.5
1784349413,btc,1787904000000,56000.0,call,41.14,0.1383242,0.1345,0.1425,64167.99,59.4
1784349413,btc,1798185600000,220000.0,put,59.06,2.38393174,2.27,2.5085,65016.31,0.0
1784349413,btc,1813910400000,70000.0,put,42.65,0.19574936,0.1935,0.198,66472.59,5.6
1784349413,btc,1784448000000,63000.0,call,20.32,0.01463344,0.0085,0.048,63912.55,10.6
1784349413,btc,1806048000000,65000.0,call,42.35,0.14439433,0.143,0.146,65746.24,211.8
1784349413,btc,1806048000000,130000.0,call,42.6,0.00502915,0.0046,0.0055,65746.24,1055.4
1784349413,btc,1790323200000,175000.0,call,69.15,5.741e-05,,0.0002,64385.98,1355.9
1784349413,btc,1787904000000,74000.0,put,33.62,0.15918359,0.119,0.208,64167.99,3.3
1784349413,btc,1784620800000,61000.0,put,33.16,0.00084424,0.0007,0.001,63912.58,29.2
1784349413,btc,1787904000000,50000.0,call,48.94,0.22486118,0.2215,0.2285,64167.99,51.0
1784349413,btc,1784361600000,63500.0,call,20.79,0.0065499,0.0055,0.007,63912.58,83.2
1784349413,btc,1806048000000,84000.0,call,40.05,0.04994084,0.049,0.051,65746.24,130.5
1784349413,btc,1813910400000,160000.0,call,43.69,0.00445087,0.004,0.0049,66472.59,489.7
1784349413,btc,1790323200000,86000.0,put,37.29,0.33847353,0.292,0.392,64386.13,11.6
1784349413,btc,1784534400000,58000.0,put,47.99,4.465e-05,,0.0001,63912.58,70.7
1784349413,btc,1790323200000,68000.0,call,34.91,0.03815873,0.0375,0.039,64386.13,777.2
1784349413,btc,1784880000000,75000.0,put,49.29,0.17295021,0.133,0.216,63948.86,0.2
1784349413,btc,1790323200000,280000.0,call,81.51,2.74e-06,,0.0001,64386.13,94.0
1784349413,btc,1798185600000,230000.0,call,60.93,0.0001784,0.0001,0.0003,65016.31,196.3
1784349413,btc,1798185600000,50000.0,put,47.4,0.03079304,0.03,0.0315,65016.31,1673.2
1784349413,btc,1784620800000,64000.0,put,26.94,0.01064374,0.01,0.011,63912.58,1.6
1784349413,btc,1787904000000,65000.0,call,34.05,0.03968202,0.039,0.0405,64167.99,874.1
1784349413,btc,1785484800000,120000.0,call,77.21,3.8e-07,,0.0001,63982.4,1062.5
1784349413,btc,1787904000000,68000.0,put,33.07,0.08152897,0.0765,0.086,64167.99,98.0
1784349413,btc,1785484800000,63000.0,call,34.23,0.03412014,0.0335,0.0355,63982.4,1136.0
1784349413,btc,1787904000000,76000.0,call,34.4,0.00397798,0.0038,0.0042,64167.99,912.0
1784349413,btc,1798185600000,54000.0,put,44.97,0.04381202,0.043,0.0445,65016.46,1815.8
1784349413,btc,1798185600000,92000.0,put,38.91,0.42757181,0.3745,0.493,65016.31,4.5
1784349413,btc,1787904000000,40000.0,call,67.06,0.37778422,0.3545,0.4025,64167.99,11.5
1784349413,btc,1806048000000,78000.0,put,40.35,0.25680028,0.249,0.266,65746.24,182.3
1784349413,btc,1790323200000,54000.0,call,43.09,0.17734962,0.143,0.216,64386.13,7.2
1784349413,btc,1798185600000,108000.0,call,41.2,0.00428389,0.004,0.0046,65016.31,117.5
1784349413,btc,1798185600000,60000.0,put,42.29,0.07284126,0.072,0.0735,65016.31,6440.3
1784349413,btc,1813910400000,58000.0,call,45.13,0.23332522,0.2305,0.2375,66472.63,4.7
1784349413,btc,1798185600000,250000.0,put,61.81,2.84527845,2.716,2.9865,65016.31,10.0
1784349413,btc,1790323200000,85000.0,call,36.76,0.00307226,0.0028,0.0033,64386.13,1201.9
1784349413,btc,1784361600000,64500.0,call,18.7,7.61e-06,,0.0001,63912.58,130.7
1784349413,btc,1806048000000,190000.0,put,50.09,1.89104987,1.7925,2.0015,65746.24,0.9
1784349413,btc,1798185600000,160000.0,call,51.94,0.00073722,0.0006,0.0009,65016.31,1228.1
1784349413,btc,1784448000000,62000.0,put,28.88,0.0001912,0.0001,0.0003,63912.55,48.3
1784349413,btc,1798185600000,88000.0,put,38.86,0.37105467,0.318,0.436,65016.31,4.1
1784349413,btc,1784620800000,71000.0,put,43.45,0.11088416,0.0735,0.1515,63912.58,0.0
1784349413,btc,1784534400000,59000.0,call,45.81,0.07706031,0.044,0.109,63912.58,0.0
1784349413,btc,1798185600000,96000.0,put,39.48,0.48600806,0.4315,0.5515,65016.46,11.2
1784349413,btc,1790323200000,96000.0,put,41.86,0.4921094,0.441,0.549,64386.13,1.0
1784349413,btc,1785484800000,87000.0,put,51.84,0.3597623,0.3135,0.409,63982.4,8.1
1784349413,btc,1785484800000,67000.0,put,32.57,0.05550946,0.051,0.059,63982.4,200.1
1784349413,btc,1798185600000,90000.0,call,38.89,0.0148619,0.014,0.015,65016.31,2862.7
1784349413,btc,1806048000000,66000.0,call,42.16,0.13714903,0.136,0.1385,65746.24,19.1
1784349413,btc,1813910400000,62000.0,put,44.15,0.13204163,0.13,0.134,66472.59,10.9
1784349413,btc,1784361600000,58000.0,call,66.54,0.09250694,0.06,0.123,63912.58,0.0
1784349413,btc,1806048000000,200000.0,put,50.29,2.04281899,1.9395,2.158,65746.24,1.0
1784349413,btc,1806048000000,45000.0,call,50.37,0.3493409,0.3425,0.3545,65746.24,3.2
1784349413,btc,1784880000000,61000.0,put,36.14,0.00376115,0.0036,0.0039,63948.86,309.5
1784349413,btc,1790323200000,30000.0,put,81.36,0.00131883,0.0012,0.0013,64386.13,2283.4
1784349413,btc,1790323200000,260000.0,call,78.83,3.58e-06,,0.0001,64385.98,293.8
1784349413,btc,1806048000000,160000.0,call,46.33,0.00207276,0.0018,0.0025,65746.24,854.7
1784349413,btc,1785484800000,69000.0,put,33.06,0.08203912,0.0775,0.0865,63982.4,216.8
1784349413,btc,1784880000000,54000.0,call,50.73,0.15567503,0.125,0.1855,63948.86,2.0
1784349413,btc,1784361600000,59000.0,put,66.35,0.0,,0.0001,63912.58,38.7
1784349413,btc,1798185600000,66000.0,put,40.42,0.11502251,0.114,0.1165,65016.31,209.1
1784349413,btc,1790323200000,82000.0,call,35.83,0.00458008,0.0044,0.0048,64386.13,2418.4
1784349413,btc,1806048000000,92000.0,put,40.02,0.43100783,0.372,0.5055,65746.24,0.2
1784349413,btc,1798185600000,190000.0,put,56.27,1.92269981,1.8235,2.032,65016.31,0.0
1784349413,btc,1798185600000,35000.0,call,62.75,0.47068074,0.469,0.472,65016.31,77.6
1784349413,btc,1798185600000,160000.0,put,51.94,1.46164871,1.3785,1.5555,65016.31,0.0
1784349413,btc,1785484800000,86000.0,call,50.86,3.392e-05,,0.0001,63982.72,303.1
1784349413,btc,1798185600000,120000.0,call,43.53,0.00234273,0.0021,0.0026,65016.31,6030.9
1784349413,btc,1784448000000,64000.0,put,15.52,0.00431877,0.0036,0.0048,63912.55,148.1
1784349413,btc,1784534400000,65500.0,put,22.75,0.02540537,0.0006,0.063,63912.58,0.0
1784349413,btc,1806048000000,72000.0,put,41.09,0.19427424,0.187,0.2025,65746.54,136.6
1784349413,btc,1785484800000,89000.0,put,52.22,0.39100575,0.3445,0.441,63982.4,5.9
1784349413,btc,1784880000000,58000.0,put,41.46,0.00070242,0.0006,0.0008,63948.86,774.2
1784349413,btc,1784620800000,64000.0,call,26.94,0.00933806,0.009,0.01,63912.58,13.9
1784349413,btc,1798185600000,150000.0,call,49.34,0.00082086,0.0006,0.0011,65016.31,1635.0
1784349413,btc,1806048000000,58000.0,put,44.26,0.08595462,0.085,0.087,65746.24,108.1
1784349413,btc,1784620800000,60500.0,call,34.67,0.05401445,0.02,0.087,63912.58,0.0
1784349413,btc,1787904000000,54000.0,put,43.45,0.00776498,0.0075,0.008,64167.99,778.2
1784349413,btc,1787904000000,81000.0,call,37.66,0.00181874,0.0016,0.002,64167.99,1057.1
1784349413,btc,1785484800000,59000.0,put,39.11,0.00495867,0.0048,0.0055,63982.4,1781.6
1784349413,btc,1784534400000,65000.0,put,21.65,0.0183006,0.0002,0.0545,63912.58,0.6
1784349413,btc,1787904000000,95000.0,call,48.09,0.00048598,0.0004,0.0005,64167.99,7.1
1784349413,btc,1813910400000,100000.0,call,41.11,0.0382113,0.037,0.0395,66472.63,54.0
1784349413,btc,1790323200000,88000.0,call,38.1,0.0022262,0.002,0.0024,64385.98,656.8
1784349413,btc,1798185600000,66000.0,call,40.42,0.09989652,0.099,0.101,65016.31,214.0
1784349413,btc,1798185600000,102000.0,call,39.92,0.0059749,0.0055,0.0065,65016.31,148.1
1784349413,btc,1787904000000,69000.0,call,32.84,0.01749617,0.017,0.018,64167.99,677.7
1784349413,btc,1806048000000,104000.0,call,40.29,0.01622413,0.0155,0.017,65746.24,75.2
1784349413,btc,1787904000000,95000.0,put,48.09,0.48097123,0.431,0.5365,64167.99,0.0
1784349413,btc,1798185600000,170000.0,call,52.44,0.00047124,0.0003,0.0007,65016.46,2383.9
1784349413,btc,1790323200000,65000.0,call,35.95,0.05800425,0.0575,0.0585,64385.98,730.2
1784349413,btc,1806048000000,130000.0,put,42.6,0.9823132,0.912,1.0655,65746.24,0.2
1784349413,btc,1784361600000,66000.0,call,36.14,0.0,,0.0001,63912.58,93.5
1784349413,btc,1806048000000,80000.0,put,40.26,0.27972312,0.271,0.289,65746.24,139.4
1784349413,btc,1787904000000,62000.0,call,35.71,0.06580597,0.064,0.068,64167.99,926.7
1784349413,btc,1790323200000,300000.0,call,84.97,2.71e-06,,0.0001,64386.13,192.5
1784349413,btc,1784448000000,67500.0,call,33.85,1.063e-05,,0.0001,63912.55,6.2
1784349413,btc,1784880000000,62000.0,call,34.57,0.0368914,0.0335,0.0405,63948.86,123.7
1784349413,btc,1806048000000,40000.0,call,54.01,0.41476313,0.4135,0.417,65746.24,68.6
1784349413,btc,1784534400000,67000.0,put,30.05,0.04840802,0.0135,0.0865,63912.58,0.0
1784349413,btc,1790323200000,135000.0,call,58.09,0.00017867,0.0001,0.0003,64385.98,273.2
1784349413,btc,1813910400000,64000.0,call,43.86,0.18427133,0.1835,0.1855,66472.59,15.2
1784349413,btc,1790323200000,72000.0,put,34.1,0.13869057,0.1335,0.144,64386.13,275.2
1784349413,btc,1806048000000,85000.0,put,40.04,0.3400339,0.283,0.4125,65746.24,0.8
1784349413,btc,1787904000000,55000.0,call,41.95,0.1519009,0.1485,0.1565,64167.99,5.8
1784349413,btc,1790323200000,62000.0,put,37.39,0.04681401,0.046,0.0475,64385.98,948.0
1784349413,btc,1785484800000,76000.0,call,42.15,0.00048778,0.0004,0.0006,63982.4,2508.9
1784349413,btc,1806048000000,55000.0,call,45.36,0.23365579,0.227,0.2385,65746.24,28.6
1784349413,btc,1806048000000,62000.0,call,43.05,0.16799055,0.1665,0.1695,65746.24,42.2
1784349413,btc,1787904000000,110000.0,call,56.97,0.00017882,0.0001,0.0003,64167.99,93.4
1784349413,btc,1784534400000,60000.0,call,39.2,0.06146971,0.028,0.0935,63912.58,0.0
1784349413,btc,1785484800000,48000.0,call,63.32,0.25009123,0.223,0.277,63982.4,2.0
1784349413,btc,1813910400000,150000.0,put,43.24,1.26264584,1.1825,1.3575,66472.63,0.0
1784349413,btc,1790323200000,120000.0,put,54.42,0.86418151,0.8535,0.874,64385.98,172.3
1784349413,btc,1787904000000,94000.0,call,47.49,0.00053266,0.0004,0.0007,64167.99,16.5
1784349413,btc,1813910400000,52000.0,call,47.05,0.29168226,0.2885,0.296,66472.59,0.6
1784349413,btc,1784448000000,65000.0,call,19.37,0.00026715,0.0002,0.0004,63912.55,48.0
1784349413,btc,1790323200000,50000.0,call,47.32,0.23301928,0.2295,0.237,64385.98,30.5
1784349413,btc,1787904000000,96000.0,call,48.09,0.00040042,0.0003,0.0005,64167.99,14.8
1784349413,btc,1785484800000,75000.0,call,40.65,0.00060268,0.0006,0.0007,63982.72,4047.1
1784349413,btc,1790323200000,96000.0,call,41.86,0.00110783,0.001,0.0012,64386.13,288.6
1784349413,btc,1806048000000,112000.0,call,40.74,0.01071946,0.01,0.0115,65746.24,65.0
1784349413,btc,1806048000000,82000.0,call,40.1,0.05593709,0.055,0.057,65746.24,634.5
1784349413,btc,1785484800000,108000.0,call,66.12,5.3e-07,,0.0001,63982.4,375.1
1784349413,btc,1784361600000,62500.0,call,40.65,0.02210406,0.0175,0.026,63912.58,40.9
1784349413,btc,1790323200000,55000.0,call,42.32,0.16427011,0.16,0.1685,64386.13,90.9
1784349413,btc,1784448000000,63000.0,put,20.32,0.00057485,0.0005,0.0007,63912.55,62.7
1784349413,btc,1785484800000,68000.0,call,32.62,0.00548023,0.005,0.006,63982.4,3886.3
1784349413,btc,1784361600000,66500.0,put,43.26,0.04048774,0.0125,0.078,63912.58,0.0
1784349413,btc,1785484800000,100000.0,call,62.96,3.3e-06,,0.0001,63982.4,1802.6
1784349413,btc,1813910400000,88000.0,call,41.2,0.0644976,0.0635,0.066,66472.63,1.7
1784349413,btc,1798185600000,74000.0,put,38.99,0.19233346,0.186,0.1995,65016.46,102.6
1784349413,btc,1813910400000,45000.0,call,50.24,0.37014062,0.3665,0.374,66472.63,0.4
1784349413,btc,1784534400000,66000.0,put,25.01,0.03296526,0.0025,0.0705,63912.58,0.0
1784349413,btc,1790323200000,74000.0,call,34.16,0.01494997,0.0145,0.0155,64385.98,662.9
1784349413,btc,1785484800000,64000.0,call,33.6,0.025298,0.025,0.026,63982.4,930.3
1784349413,btc,1813910400000,54000.0,call,46.33,0.27121518,0.268,0.2755,66472.63,0.3
1784349413,btc,1784448000000,63500.0,put,17.03,0.00145746,0.0013,0.0017,63912.55,219.5
1784349413,btc,1784448000000,73000.0,put,49.56,0.14244006,0.104,0.1835,63912.55,0.0
1784349413,btc,1798185600000,84000.0,call,38.81,0.02436961,0.0235,0.024,65016.31,674.2
1784349413,btc,1787904000000,85000.0,call,40.72,0.00114461,0.001,0.0013,64167.99,310.8
1784349413,btc,1790323200000,76000.0,put,34.16,0.19110759,0.1845,0.197,64386.13,599.6
1784349413,btc,1787904000000,98000.0,call,50.0,0.00038674,0.0003,0.0004,64167.99,80.8
1784349413,btc,1790323200000,54000.0,put,43.09,0.016038,0.0155,0.0165,64385.98,323.8
1784349413,btc,1784448000000,61000.0,put,39.88,0.00014811,0.0001,0.0002,63912.55,54.5
1784349413,btc,1787904000000,100000.0,call,50.37,0.0002859,0.0002,0.0004,64167.99,143.4
1784349413,btc,1798185600000,76000.0,call,38.83,0.04616834,0.0455,0.0465,65016.31,311.1
1784349413,btc,1784448000000,70000.0,put,39.22,0.09549054,0.0585,0.1345,63912.55,0.0
1784349413,btc,1813910400000,86000.0,put,41.27,0.36422944,0.3035,0.444,66472.59,0.0
1784349413,btc,1787904000000,82000.0,call,38.34,0.00158419,0.0014,0.0018,64167.99,641.1
1784349413,btc,1786089600000,63000.0,call,34.88,0.04117745,0.0405,0.042,64039.55,22.0
1784349413,btc,1798185600000,104000.0,call,40.55,0.00547469,0.005,0.006,65016.31,64.4
1784349413,btc,1790323200000,66000.0,call,35.52,0.0506487,0.05,0.0515,64385.98,763.3
1784349413,btc,1784361600000,58000.0,put,66.54,0.0,,0.0001,63912.58,39.8
1784349413,btc,1784361600000,66500.0,call,43.26,0.0,,0.0001,63912.58,20.8
1784349413,btc,1790323200000,155000.0,put,65.29,1.40746664,1.3265,1.4965,64385.98,0.1
1784349413,btc,1790323200000,105000.0,call,46.05,0.00061443,0.0004,0.0009,64385.98,1181.3
1784349413,btc,1785484800000,71000.0,call,34.96,0.00174776,0.0016,0.0019,63982.4,1892.2
1784349413,btc,1798185600000,88000.0,call,38.86,0.01755334,0.017,0.0175,65016.31,2371.8
1784349413,btc,1813910400000,56000.0,put,45.71,0.09428929,0.0925,0.096,66472.59,40.4
1784349413,btc,1806048000000,105000.0,put,40.29,0.61234637,0.551,0.6885,65746.24,0.0
1784349413,btc,1787904000000,80000.0,put,36.94,0.24880825,0.2055,0.2975,64167.99,12.7
1784349413,btc,1785484800000,54000.0,call,48.08,0.1570549,0.126,0.188,63982.72,1.6
1784349413,btc,1784534400000,61000.0,put,32.68,0.00029454,0.0002,0.0004,63912.58,123.8
1784349413,btc,1813910400000,105000.0,put,41.11,0.61033367,0.5445,0.6945,66472.59,0.0
1784349413,btc,1787904000000,52000.0,put,45.94,0.00550695,0.005,0.006,64167.99,1016.8
1784349413,btc,1790323200000,82000.0,put,35.83,0.27814393,0.2715,0.284,64385.98,194.7
1784349413,btc,1806048000000,112000.0,put,40.74,0.71422571,0.651,0.7915,65746.24,0.0
1784349413,btc,1785484800000,82000.0,call,48.54,0.00011271,,0.0002,63982.4,2890.8
1784349413,btc,1798185600000,58000.0,call,43.09,0.16973386,0.1675,0.1715,65016.31,41.4
1784349413,btc,1785484800000,65000.0,put,32.84,0.03379419,0.0335,0.0345,63982.4,431.1
1784349413,btc,1787904000000,65000.0,put,34.05,0.05264562,0.052,0.0535,64167.99,325.7
1784349413,btc,1790323200000,66000.0,put,35.52,0.07571228,0.075,0.077,64385.98,226.8
1784349413,btc,1813910400000,90000.0,call,41.15,0.05902409,0.058,0.0605,66472.59,64.7
1784349413,btc,1798185600000,85000.0,call,38.86,0.02253006,0.022,0.0225,65016.46,2043.7
1784349413,btc,1798185600000,98000.0,put,39.48,0.51528284,0.4605,0.581,65016.31,1.1
1784349413,btc,1787904000000,90000.0,put,44.34,0.40326325,0.3555,0.457,64167.99,0.5
1784349413,btc,1806048000000,78000.0,call,40.35,0.07042985,0.0695,0.0715,65746.24,340.9
1784349413,btc,1787904000000,85000.0,put,40.72,0.32578931,0.2805,0.377,64167.99,0.4
1784349413,btc,1790323200000,200000.0,put,72.81,2.10627702,2.0015,2.2195,64385.98,0.1
1784349413,btc,1787904000000,68000.0,call,33.07,0.0218132,0.021,0.0225,64167.99,619.1
1784349413,btc,1787904000000,52000.0,call,45.94,0.19513607,0.1915,0.1995,64167.99,51.0
1784349413,btc,1798185600000,78000.0,call,38.71,0.039268,0.0385,0.0395,65016.31,336.2
1784349413,btc,1784361600000,71000.0,put,49.41,0.11089668,0.073,0.151,63912.58,0.0
1784349413,btc,1784880000000,59000.0,put,39.65,0.0012424,0.0012,0.0013,63948.86,387.6
1784349413,btc,1790323200000,85000.0,put,36.76,0.3232299,0.316,0.33,64385.98,454.5
1784349413,btc,1787904000000,54000.0,call,43.45,0.166226,0.1625,0.1705,64167.99,8.0
1784349413,btc,1784361600000,61500.0,put,54.75,4.6e-07,,0.0001,63912.58,128.1
1784349413,btc,1785484800000,106000.0,call,64.33,6.1e-07,,0.0001,63982.4,44.6
1784349413,btc,1784620800000,62500.0,call,29.2,0.02522928,0.0013,0.0575,63912.58,0.0
1784349413,btc,1785484800000,62000.0,put,35.16,0.01356538,0.013,0.014,63982.4,1135.2
1784349413,btc,1784880000000,57000.0,put,43.31,0.00039562,0.0003,0.0005,63948.86,619.2
1784349413,btc,1784880000000,60000.0,call,37.83,0.06392077,0.0605,0.068,63948.86,144.4
1784349413,btc,1784534400000,66500.0,put,27.78,0.04067406,0.0075,0.0785,63912.58,0.0
1784349413,btc,1798185600000,95000.0,put,39.26,0.47122703,0.462,0.4795,65016.31,85.9
1784349413,btc,1784880000000,59000.0,call,39.65,0.07863292,0.045,0.112,63948.86,4.3
1784349413,eth,1784534400000,1975.0,call,41.84,0.000172,0.0001,0.0003,1841.59,266.0
1784349413,eth,1790323200000,16000.0,put,130.17,7.658925,7.3255,8.0195,1847.81,30.0
1784349413,eth,1784361600000,1725.0,put,86.03,0.0,,0.0001,1841.59,2120.0
1784349413,eth,1806048000000,4500.0,put,58.71,1.404851,1.3055,1.5255,1879.53,0.0
1784349413,eth,1784361600000,1650.0,call,104.37,0.104046,0.097,0.112,1841.59,0.0
1784349413,eth,1790323200000,1600.0,call,52.83,0.168555,0.165,0.1725,1847.81,4271.0
1784349413,eth,1806048000000,3000.0,put,55.81,0.643104,0.628,0.6565,1879.53,352.0
1784349413,eth,1785484800000,2750.0,put,75.85,0.492849,0.4355,0.5565,1842.28,2.0
1784349413,eth,1798185600000,5200.0,put,63.61,1.796258,1.6875,1.9205,1860.74,0.0
1784349413,eth,1798185600000,4800.0,call,61.84,0.002277,0.002,0.0026,1860.7,2491.0
1784349413,eth,1785484800000,2750.0,call,75.85,0.000141,0.0001,0.0002,1842.28,1137.0
1784349413,eth,1785484800000,3200.0,put,84.59,0.736984,0.6705,0.8095,1842.24,5.0
1784349413,eth,1813910400000,2000.0,put,57.42,0.25296,0.246,0.263,1897.24,32.0
1784349413,eth,1786089600000,1850.0,put,45.94,0.045094,0.0445,0.046,1842.76,132.0
1784349413,eth,1784448000000,1800.0,put,29.67,0.000637,0.0005,0.0008,1841.59,1969.0
1784349413,eth,1798185600000,2700.0,put,53.7,0.48334,0.4715,0.4935,1860.7,431.0
1784349413,eth,1785484800000,2800.0,put,78.86,0.519989,0.503,0.5845,1842.24,2.0
1784349413,eth,1790323200000,7500.0,call,90.95,3.9e-05,,0.0002,1847.81,1322.0
1784349413,eth,1790323200000,6800.0,put,89.25,2.680108,2.538,2.8345,1847.76,0.0
1784349413,eth,1784361600000,1725.0,call,86.03,0.0633,0.0525,0.0995,1841.59,0.0
1784349413,eth,1785484800000,2200.0,call,52.73,0.001666,0.0015,0.0019,1842.24,9042.0
1784349413,eth,1785484800000,2450.0,put,64.21,0.330324,0.279,0.3885,1842.28,249.0
1784349413,eth,1784448000000,1875.0,put,25.96,0.018953,0.0135,0.0235,1841.59,378.0
1784349413,eth,1785484800000,3000.0,put,84.59,0.628476,0.566,0.6975,1842.24,5.0
1784349413,eth,1784534400000,1775.0,put,36.74,0.001226,0.0011,0.0014,1841.59,43.0
1784349413,eth,1798185600000,7000.0,call,70.22,0.00057,0.0004,0.0008,1860.7,2825.0
1784349413,eth,1784880000000,1875.0,call,41.59,0.013868,0.013,0.0145,1841.76,9733.0
1784349413,eth,1785484800000,1550.0,call,59.86,0.161564,0.1595,0.1645,1842.28,1763.0
1784349413,eth,1787904000000,2250.0,call,48.86,0.009827,0.009,0.0105,1843.3,1208.0
1784349413,eth,1798185600000,1800.0,put,54.39,0.124879,0.1235,0.126,1860.7,4591.0
1784349413,eth,1813910400000,1400.0,put,60.0,0.093134,0.091,0.095,1897.24,1462.0
1784349413,eth,1813910400000,1600.0,call,58.78,0.293722,0.289,0.2975,1897.28,387.0
1784349413,eth,1798185600000,5000.0,call,62.65,0.00192,0.0016,0.0023,1860.74,4257.0
1784349413,eth,1806048000000,2900.0,put,55.75,0.595799,0.581,0.609,1879.58,260.0
1784349413,eth,1813910400000,4500.0,call,58.63,0.023682,0.0225,0.025,1897.24,751.0
1784349413,eth,1790323200000,4500.0,call,72.02,0.000322,0.0002,0.0006,1847.81,8535.0
1784349413,eth,1787904000000,1100.0,put,77.34,0.001747,0.0015,0.002,1843.3,1478.0
1784349413,eth,1785484800000,2100.0,call,48.41,0.003398,0.0032,0.0036,1842.28,4056.0
1784349413,eth,1784880000000,1800.0,put,43.33,0.01265,0.012,0.013,1841.76,1612.0
1784349413,eth,1806048000000,4400.0,put,58.55,1.352647,1.2555,1.4725,1879.53,0.0
1784349413,eth,1784880000000,1950.0,put,42.73,0.063257,0.0575,0.0675,1841.72,1014.0
1784349413,eth,1785484800000,2900.0,put,80.25,0.574206,0.5135,0.6405,1842.28,3.0
1784349413,eth,1790323200000,7000.0,call,90.94,7.5e-05,,0.0001,1847.81,2032.0
1784349413,eth,1790323200000,11000.0,put,110.93,4.953023,4.7235,5.2015,1847.81,0.0
1784349413,eth,1790323200000,3300.0,put,59.33,0.787367,0.7175,0.8675,1847.76,3.0
1784349413,eth,1806048000000,1000.0,call,66.61,0.492758,0.4895,0.496,1879.53,270.0
1784349413,eth,1784620800000,2000.0,call,42.6,0.000275,0.0002,0.0004,1841.59,0.0
1784349413,eth,1784534400000,2200.0,call,67.94,5e-06,,0.0001,1841.59,0.0
1784349413,eth,1813910400000,1500.0,call,59.32,0.323209,0.319,0.327,1897.28,50.0
1784349413,eth,1784361600000,1825.0,call,31.35,0.009213,0.008,0.01,1841.59,1533.0
1784349413,eth,1790323200000,8000.0,call,94.35,3.7e-05,,0.0002,1847.81,1092.0
1784349413,eth,1798185600000,6500.0,put,68.35,2.493947,2.359,2.6445,1860.7,0.0
1784349413,eth,1790323200000,4200.0,put,69.71,1.273431,1.1855,1.371,1847.76,551.0
1784349413,eth,1806048000000,3600.0,call,56.75,0.024443,0.0235,0.0255,1879.53,1749.0
1784349413,eth,1784361600000,2025.0,put,78.9,0.09958,0.0885,0.145,1841.59,0.0
1784349413,eth,1806048000000,3400.0,put,56.42,0.839085,0.7555,0.947,1879.53,8.0
1784349413,eth,1784880000000,1800.0,call,43.33,0.035319,0.0345,0.0385,1841.76,1713.0
1784349413,eth,1785484800000,3400.0,put,87.62,0.845535,0.7745,0.9225,1842.28,4.0
1784349413,eth,1798185600000,2600.0,call,53.52,0.038454,0.0375,0.0395,1860.7,1937.0
1784349413,eth,1785484800000,1950.0,put,44.5,0.071451,0.068,0.075,1842.28,969.0
1784349413,eth,1813910400000,2400.0,call,56.9,0.13464,0.1325,0.137,1897.24,583.0
1784349413,eth,1813910400000,2500.0,put,56.9,0.440237,0.3625,0.546,1897.24,5.0
1784349413,eth,1785484800000,2300.0,call,57.34,0.000927,0.0008,0.0011,1842.24,24754.0
1784349413,eth,1784448000000,1900.0,put,31.34,0.03204,0.0215,0.0745,1841.59,136.0
1784349413,eth,1787904000000,1750.0,put,48.84,0.041543,0.041,0.042,1843.3,2536.0
1784349413,eth,1784361600000,2050.0,call,80.04,0.0,,0.0001,1841.59,100.0
1784349413,eth,1784880000000,1500.0,put,71.47,0.000392,0.0003,0.0004,1841.76,1594.0
1784349413,eth,1798185600000,4200.0,call,59.24,0.004024,0.0037,0.0044,1860.7,3555.0
1784349413,eth,1786089600000,2200.0,call,49.2,0.003428,0.0032,0.0037,1842.76,554.0
1784349413,eth,1784620800000,1600.0,put,64.84,0.000184,0.0001,0.0003,1841.59,3319.0
1784349413,eth,1784361600000,1675.0,call,97.52,0.090471,0.0815,0.1255,1841.59,0.0
1784349413,eth,1790323200000,8500.0,call,97.73,3.7e-05,,0.0002,1847.76,1253.0
1784349413,eth,1806048000000,5000.0,put,60.14,1.667627,1.5595,1.797,1879.53,0.0
1784349413,eth,1784361600000,1775.0,call,59.36,0.036173,0.0165,0.073,1841.59,5.0
1784349413,eth,1790323200000,4500.0,put,72.02,1.435637,1.3415,1.5395,1847.81,6.0
1784349413,eth,1787904000000,1400.0,put,60.25,0.007029,0.0065,0.0075,1843.3,6282.0
1784349413,eth,1806048000000,800.0,call,72.43,0.587639,0.5855,0.5905,1879.58,0.0
1784349413,eth,1806048000000,4400.0,call,58.55,0.011711,0.011,0.0125,1879.53,1079.0
1784349413,eth,1798185600000,3000.0,put,54.53,0.631939,0.6185,0.6435,1860.74,674.0
1784349413,eth,1790323200000,2500.0,put,50.61,0.36289,0.3535,0.37,1847.81,3172.0
1784349413,eth,1790323200000,13000.0,call,119.8,2.9e-05,,0.0003,1847.81,1873.0
1784349413,eth,1790323200000,7200.0,put,90.95,2.896562,2.7465,3.06,1847.81,0.0
1784349413,eth,1813910400000,1900.0,put,57.69,0.220836,0.2185,0.2235,1897.24,21.0
1784349413,eth,1784534400000,1775.0,call,36.74,0.037476,0.031,0.044,1841.59,0.0
1784349413,eth,1785484800000,2650.0,call,71.22,0.000177,0.0001,0.0003,1842.28,2498.0
1784349413,eth,1784361600000,1650.0,put,104.37,0.0,,0.0001,1841.59,2360.0
1784349413,eth,1784361600000,1700.0,call,89.88,0.076896,0.0675,0.1125,1841.59,0.0
1784349413,eth,1798185600000,4500.0,call,60.58,0.002994,0.0026,0.0034,1860.74,1648.0
1784349413,eth,1786089600000,1800.0,call,46.62,0.055766,0.055,0.057,1842.76,105.0
1784349413,eth,1786089600000,1750.0,put,47.91,0.023093,0.0225,0.0235,1842.76,245.0
1784349413,eth,1813910400000,1400.0,call,60.0,0.355235,0.351,0.3595,1897.24,50.0
1784349413,eth,1806048000000,2300.0,call,55.46,0.109176,0.108,0.1105,1879.53,2273.0
1784349413,eth,1785484800000,1300.0,call,82.54,0.294952,0.2895,0.3005,1842.28,50.0
1784349413,eth,1787904000000,1850.0,call,47.47,0.061826,0.061,0.063,1843.3,4201.0
1784349413,eth,1790323200000,6400.0,call,86.16,8.3e-05,,0.0002,1847.81,1923.0
1784349413,eth,1806048000000,6000.0,call,62.69,0.00403,0.0037,0.0044,1879.53,3480.0
1784349413,eth,1798185600000,3500.0,put,56.1,0.890171,0.8125,0.9855,1860.7,52.0
1784349413,eth,1785484800000,1450.0,put,68.32,0.001455,0.0013,0.0015,1842.24,5829.0
1784349413,eth,1784880000000,1700.0,call,49.62,0.080128,0.078,0.083,1841.76,313.0
1784349413,eth,1785484800000,1500.0,put,63.85,0.002013,0.0018,0.0022,1842.24,12977.0
1784349413,eth,1784534400000,1875.0,put,30.6,0.021076,0.017,0.025,1841.59,242.0
1784349413,eth,1787904000000,1200.0,call,71.14,0.35175,0.347,0.3575,1843.26,51.0
1784349413,eth,1806048000000,3500.0,put,56.57,0.889223,0.8045,0.9975,1879.53,5.0
1784349413,eth,1790323200000,3500.0,put,61.7,0.895198,0.882,0.9055,1847.81,1166.0
1784349413,eth,1798185600000,5200.0,call,63.61,0.001671,0.0014,0.002,1860.74,8599.0
1784349413,eth,1790323200000,6500.0,call,86.6,7.7e-05,,0.0002,1847.81,1337.0
1784349413,eth,1784534400000,2025.0,call,52.58,0.000131,,0.0002,1841.59,510.0
1784349413,eth,1785484800000,2550.0,call,67.85,0.00028,0.0002,0.0003,1842.24,1718.0
1784349413,eth,1784448000000,2025.0,put,58.56,0.099674,0.0885,0.146,1841.59,0.0
1784349413,eth,1790323200000,8000.0,put,94.35,3.329487,3.163,3.51,1847.81,0.0
1784349413,eth,1784361600000,1900.0,call,54.41,6e-06,,0.0001,1841.59,1476.0
1784349413,eth,1784620800000,1825.0,call,37.58,0.018801,0.018,0.0195,1841.59,54.0
1784349413,eth,1790323200000,6800.0,call,89.25,7.6e-05,,0.0002,1847.76,1462.0
1784349413,eth,1806048000000,900.0,call,69.25,0.539448,0.5365,0.5425,1879.53,68.0
1784349413,eth,1798185600000,4600.0,put,61.0,1.474858,1.378,1.5875,1860.7,0.0
1784349413,eth,1787904000000,2500.0,call,52.76,0.003578,0.0034,0.0037,1843.3,1217.0
1784349413,eth,1790323200000,3600.0,call,62.86,0.00092,0.0007,0.0012,1847.81,2715.0
1784349413,eth,1790323200000,4600.0,put,73.55,1.489756,1.394,1.596,1847.76,38.0
1784349413,eth,1806048000000,900.0,put,69.25,0.018276,0.0175,0.019,1879.58,766.0
1784349413,eth,1813910400000,2600.0,put,56.91,0.481969,0.471,0.5895,1897.24,0.0
1784349413,eth,1790323200000,15000.0,put,127.3,7.117746,6.805,7.456,1847.81,0.0
1784349413,eth,1786089600000,2400.0,put,55.36,0.303522,0.253,0.3605,1842.76,0.0
1784349413,eth,1790323200000,12000.0,put,115.57,5.494204,5.244,5.765,1847.81,0.0
1784349413,eth,1784620800000,1750.0,put,44.18,0.002046,0.0018,0.0023,1841.59,310.0
1784349413,eth,1785484800000,2150.0,call,50.5,0.002336,0.0021,0.0026,1842.28,8947.0
1784349413,eth,1784361600000,1500.0,call,144.69,0.185496,0.1795,0.192,1841.59,0.0
1784349413,eth,1784361600000,2200.0,put,84.06,0.194605,0.1485,0.244,1841.59,0.0
1784349413,eth,1798185600000,3000.0,call,54.53,0.019677,0.019,0.0205,1860.7,5014.0
1784349413,eth,1798185600000,4200.0,put,59.24,1.26119,1.1715,1.367,1860.7,62.0
1784349413,eth,1784620800000,1775.0,put,41.43,0.003404,0.0031,0.0037,1841.59,20.0
1784349413,eth,1806048000000,2100.0,call,55.64,0.140029,0.1385,0.142,1879.58,482.0
1784349413,eth,1806048000000,1300.0,call,60.47,0.363492,0.361,0.3675,1879.53,50.0
1784349413,eth,1785484800000,3200.0,call,84.59,1.6e-05,,0.0001,1842.28,4985.0
1784349413,eth,1798185600000,2200.0,put,53.42,0.261017,0.2545,0.2665,1860.74,9278.0
1784349413,eth,1785484800000,2350.0,call,59.5,0.000705,0.0006,0.0008,1842.28,7044.0
1784349413,eth,1786089600000,1800.0,put,46.62,0.03254,0.032,0.0325,1842.76,269.0
1784349413,eth,1790323200000,1500.0,call,55.14,0.21111,0.208,0.215,1847.81,976.0
1784349413,eth,1785484800000,2500.0,put,66.47,0.357382,0.35,0.3625,1842.24,463.0
1784349413,eth,1784361600000,2100.0,put,84.03,0.140305,0.129,0.1875,1841.59,0.0
1784349413,eth,1787904000000,3000.0,put,62.63,0.628448,0.565,0.7,1843.26,0.0
1784349413,eth,1785484800000,3000.0,call,84.59,6.8e-05,,0.0001,1842.28,3406.0
1784349413,eth,1784620800000,1875.0,call,36.43,0.006407,0.006,0.007,1841.59,4044.0
1784349413,eth,1798185600000,2100.0,call,53.42,0.093707,0.0925,0.095,1860.74,1044.0
1784349413,eth,1784620800000,1650.0,put,58.26,0.000398,0.0003,0.0005,1841.59,76.0
1784349413,eth,1784880000000,1850.0,put,42.07,0.024128,0.0235,0.0245,1841.76,709.0
1784349413,eth,1786089600000,1600.0,call,54.38,0.139815,0.134,0.146,1842.76,0.0
1784349413,eth,1785484800000,2900.0,call,80.25,7.8e-05,,0.0001,1842.24,13237.0
1784349413,eth,1784620800000,1800.0,call,38.92,0.028276,0.0245,0.033,1841.59,50.0
1784349413,eth,1786089600000,1700.0,call,49.61,0.093684,0.0885,0.0995,1842.76,50.0
1784349413,eth,1784361600000,1600.0,call,115.17,0.131196,0.125,0.1385,1841.59,0.0
1784349413,eth,1806048000000,4800.0,call,59.44,0.008472,0.008,0.009,1879.53,2887.0
1784349413,eth,1790323200000,3100.0,call,57.09,0.002172,0.0019,0.0025,1847.81,2193.0
1784349413,eth,1785484800000,1850.0,call,44.79,0.031911,0.031,0.0325,1842.28,9218.0
1784349413,eth,1790323200000,1600.0,put,52.83,0.034445,0.0335,0.0355,1847.81,6114.0
1784349413,eth,1798185600000,3300.0,call,55.31,0.012194,0.0115,0.013,1860.7,1978.0
1784349413,eth,1786089600000,1950.0,call,45.4,0.020681,0.02,0.0215,1842.76,275.0
1784349413,eth,1787904000000,3400.0,put,69.44,0.844942,0.774,0.9245,1843.26,0.0
1784349413,eth,1787904000000,2400.0,call,51.03,0.005206,0.005,0.0055,1843.3,11764.0
1784349413,eth,1785484800000,1600.0,call,56.13,0.135805,0.1335,0.139,1842.24,3424.0
1784349413,eth,1787904000000,2400.0,put,51.03,0.307219,0.293,0.369,1843.3,2.0
1784349413,eth,1784361600000,1875.0,call,37.96,2e-05,,0.0001,1841.59,4599.0
1784349413,eth,1784534400000,1750.0,put,40.26,0.000609,0.0005,0.0007,1841.59,208.0
1784349413,eth,1798185600000,1200.0,call,62.47,0.379413,0.3765,0.384,1860.7,341.0
1784349413,eth,1798185600000,3500.0,call,56.1,0.009198,0.0085,0.01,1860.7,24520.0
1784349413,eth,1806048000000,2500.0,put,55.47,0.415493,0.402,0.427,1879.53,560.0
1784349413,eth,1798185600000,1200.0,put,62.47,0.024318,0.0235,0.025,1860.7,5465.0
1784349413,eth,1790323200000,4400.0,call,71.19,0.00036,0.0003,0.0005,1847.81,4346.0
1784349413,eth,1784620800000,1950.0,call,39.11,0.000916,0.0008,0.0011,1841.59,1912.0
1784349413,eth,1784534400000,1800.0,put,33.84,0.002643,0.0024,0.0029,1841.59,311.0
1784349413,eth,1806048000000,1300.0,put,60.47,0.055133,0.054,0.0565,1879.53,1452.0
1784349413,eth,1813910400000,4500.0,put,58.63,1.395499,1.291,1.5275,1897.28,0.0
1784349413,eth,1798185600000,2700.0,call,53.7,0.032305,0.0315,0.033,1860.7,2404.0
1784349413,eth,1787904000000,1600.0,put,52.39,0.019487,0.019,0.02,1843.3,1649.0
1784349413,eth,1784534400000,1725.0,call,43.49,0.063698,0.0545,0.101,1841.59,0.0
1784349413,eth,1813910400000,1800.0,call,57.97,0.241892,0.2395,0.2445,1897.28,1081.0
1784349413,eth,1790323200000,2000.0,call,48.97,0.05318,0.0525,0.054,1847.76,8107.0
1784349413,eth,1784880000000,2100.0,put,51.71,0.140902,0.1295,0.1905,1841.76,0.0
1784349413,eth,1798185600000,4500.0,put,60.58,1.421386,1.3265,1.5325,1860.7,2.0
1784349413,eth,1784361600000,2100.0,call,84.03,0.0,,0.0001,1841.59,1659.0
1784349413,eth,1784448000000,2100.0,put,76.25,0.140397,0.1285,0.188,1841.59,0.0
1784349413,eth,1784534400000,1925.0,call,34.62,0.000537,0.0005,0.0007,1841.59,256.0
1784349413,eth,1798185600000,2900.0,put,54.25,0.581682,0.5115,0.671,1860.7,174.0
1784349413,eth,1813910400000,2000.0,call,57.42,0.198819,0.1965,0.2015,1897.28,1775.0
1784349413,eth,1798185600000,4800.0,put,61.84,1.581896,1.481,1.6985,1860.7,77.0
1784349413,eth,1785484800000,2000.0,call,45.18,0.008049,0.0075,0.0085,1842.24,19170.0
1784349413,eth,1784620800000,2100.0,put,53.67,0.14041,0.129,0.188,1841.59,0.0
1784349413,eth,1813910400000,3000.0,call,56.99,0.077252,0.0755,0.079,1897.24,469.0
1784349413,eth,1798185600000,5000.0,put,62.65,1.689023,1.5845,1.8095,1860.7,2.0
1784349413,eth,1806048000000,3800.0,put,57.16,1.04177,0.9535,1.1535,1879.53,2.0
1784349413,eth,1798185600000,2300.0,put,53.42,0.301974,0.2925,0.31,1860.7,5194.0
1784349413,eth,1790323200000,6000.0,put,84.23,2.247202,2.122,2.384,1847.81,0.0
1784349413,eth,1798185600000,2100.0,put,53.42,0.222291,0.2185,0.227,1860.7,1920.0
1784349413,eth,1784534400000,1700.0,put,47.8,0.000178,0.0001,0.0003,1841.59,812.0
1784349413,eth,1806048000000,2200.0,call,55.46,0.123408,0.122,0.125,1879.53,3037.0
1784349413,eth,1784534400000,1850.0,put,30.83,0.011846,0.0115,0.0125,1841.59,391.0
1784349413,eth,1784620800000,1675.0,call,54.73,0.091025,0.084,0.0985,1841.59,0.0
1784349413,eth,1798185600000,3100.0,call,54.75,0.016684,0.016,0.0175,1860.7,1983.0
1784349413,eth,1787904000000,1950.0,call,46.87,0.039658,0.039,0.0405,1843.26,3542.0
1784349413,eth,1806048000000,1600.0,call,57.43,0.258293,0.256,0.2615,1879.53,943.0
1784349413,eth,1798185600000,3200.0,call,54.98,0.01419,0.0135,0.015,1860.7,67201.0
1784349413,eth,1798185600000,4400.0,call,60.08,0.00327,0.0029,0.0037,1860.74,1714.0
1784349413,eth,1806048000000,4000.0,call,57.68,0.016707,0.016,0.0175,1879.53,1813.0
1784349413,eth,1790323200000,7400.0,put,90.95,3.004785,2.8505,3.172,1847.81,0.0
1784349413,eth,1784448000000,1725.0,put,47.24,5.6e-05,,0.0001,1841.59,694.0
1784349413,eth,1784361600000,1500.0,put,144.69,0.0,,0.0001,1841.59,895.0
1784349413,eth,1784620800000,1925.0,call,37.75,0.001754,0.0016,0.002,1841.59,18.0
1784349413,eth,1784448000000,1750.0,put,40.0,8.5e-05,,0.0002,1841.59,351.0
1784349413,eth,1784620800000,1675.0,put,54.73,0.000583,0.0005,0.0007,1841.59,8.0
1784349413,eth,1784361600000,1850.0,put,25.68,0.005062,0.0043,0.006,1841.59,1098.0
1784349413,eth,1787904000000,1300.0,call,65.55,0.299155,0.294,0.305,1843.3,51.0
1784349413,eth,1784361600000,1925.0,put,55.95,0.04528,0.04,0.05,1841.59,928.0
1784349413,eth,1790323200000,2800.0,put,53.7,0.519622,0.509,0.5275,1847.81,1287.0
1784349413,eth,1787904000000,1500.0,call,55.8,0.197804,0.195,0.2015,1843.3,473.0
1784349413,eth,1790323200000,6200.0,call,85.22,9.8e-05,,0.0002,1847.76,2026.0
1784349413,eth,1784880000000,1775.0,call,44.64,0.045255,0.043,0.0485,1841.76,460.0
1784349413,eth,1784448000000,2075.0,put,71.38,0.126825,0.1155,0.1745,1841.59,0.0
1784349413,eth,1785484800000,2050.0,call,46.72,0.005189,0.0049,0.0055,1842.28,10017.0
1784349413,eth,1787904000000,2800.0,put,58.48,0.520485,0.5025,0.5885,1843.26,0.0
1784349413,eth,1806048000000,4600.0,call,59.04,0.009971,0.0095,0.0105,1879.53,937.0
1784349413,eth,1790323200000,1700.0,put,51.24,0.05109,0.05,0.052,1847.76,3710.0
1784349413,eth,1784361600000,1825.0,put,31.35,0.000192,0.0001,0.0003,1841.59,1671.0
1784349413,eth,1806048000000,2000.0,call,55.91,0.158884,0.157,0.161,1879.53,1201.0
1784349413,eth,1790323200000,5600.0,put,81.46,2.030762,1.914,2.159,1847.81,0.0
1784349413,eth,1790323200000,5500.0,call,81.46,0.000176,0.0001,0.0002,1847.76,1487.0
1784349413,eth,1813910400000,3500.0,call,57.46,0.050489,0.049,0.052,1897.28,840.0
1784349413,eth,1784880000000,1825.0,call,42.47,0.026721,0.026,0.0275,1841.72,4751.0
1784349413,eth,1813910400000,3600.0,put,57.59,0.944053,0.851,1.0655,1897.24,0.0
1784349413,eth,1790323200000,1700.0,call,51.24,0.131082,0.1295,0.133,1847.81,2629.0
1784349413,eth,1806048000000,1400.0,put,59.21,0.070365,0.069,0.0715,1879.53,1476.0
1784349413,eth,1790323200000,7500.0,put,90.95,3.058898,2.9025,3.2285,1847.81,0.0
1784349413,eth,1806048000000,1800.0,put,56.46,0.160796,0.159,0.1625,1879.53,3854.0
1784349413,eth,1790323200000,2200.0,call,49.09,0.027131,0.0265,0.028,1847.81,4762.0
1784349413,eth,1806048000000,3500.0,call,56.57,0.027115,0.026,0.028,1879.53,4306.0
1784349413,eth,1790323200000,5500.0,put,81.46,1.976672,1.862,2.1025,1847.76,1.0
1784349413,eth,1813910400000,1500.0,put,59.32,0.113815,0.1115,0.116,1897.24,415.0
1784349413,eth,1787904000000,2600.0,put,54.85,0.413161,0.3975,0.4775,1843.26,3.0
1784349413,eth,1806048000000,3600.0,put,56.75,0.939755,0.854,1.05,1879.53,1.0
1784349413,eth,1790323200000,2900.0,call,54.79,0.00337,0.0031,0.0037,1847.81,5003.0
1784349413,eth,1806048000000,1900.0,call,56.15,0.179758,0.178,0.182,1879.58,1363.0
1784349413,eth,1784448000000,1750.0,call,40.0,0.049765,0.0405,0.0865,1841.59,0.0
1784349413,eth,1784534400000,2000.0,call,46.94,0.00014,0.0001,0.0002,1841.59,462.0
1784349413,eth,1790323200000,5400.0,put,81.19,1.92258,1.81,2.0465,1847.76,4.0
1784349413,eth,1787904000000,3600.0,call,72.82,0.000318,0.0002,0.0005,1843.3,1086.0
1784349413,eth,1790323200000,1900.0,put,49.41,0.101677,0.101,0.103,1847.81,4023.0
1784349413,eth,1784448000000,1925.0,put,38.81,0.045519,0.035,0.089,1841.59,1.0
1784349413,eth,1790323200000,3400.0,put,60.67,0.841283,0.8285,0.8515,1847.81,870.0
1784349413,eth,1806048000000,1900.0,put,56.15,0.190617,0.1885,0.1925,1879.53,805.0
1784349413,eth,1787904000000,3800.0,call,75.71,0.000236,0.0001,0.0003,1843.3,362.0
1784349413,eth,1784534400000,2200.0,put,67.94,0.194511,0.149,0.2445,1841.59,0.0
1784349413,eth,1790323200000,7400.0,call,90.95,4.5e-05,,0.0002,1847.76,1019.0
1784349413,eth,1790323200000,5200.0,put,78.97,1.814352,1.706,1.9335,1847.81,3.0
1784349413,eth,1790323200000,14000.0,put,123.7,6.576565,6.2845,6.8925,1847.81,0.0
1784349413,eth,1784448000000,1600.0,put,82.29,1.3e-05,,0.0001,1841.59,6307.0
1784349413,eth,1784448000000,1950.0,call,46.19,0.000124,0.0001,0.0002,1841.59,1253.0
1784349413,eth,1784534400000,1825.0,call,31.77,0.014887,0.014,0.016,1841.59,184.0
1784349413,eth,1798185600000,2600.0,put,53.52,0.435747,0.4245,0.4455,1860.74,1055.0
1784349413,eth,1790323200000,6400.0,put,86.16,2.463643,2.3305,2.609,1847.81,0.0
1784349413,eth,1787904000000,2050.0,put,46.91,0.136855,0.13,0.1435,1843.3,170.0
1784349413,eth,1790323200000,6600.0,put,87.5,2.571872,2.4345,2.7215,1847.81,0.0
1784349413,eth,1790323200000,2800.0,call,53.7,0.004314,0.004,0.0047,1847.81,8024.0
1784349413,eth,1787904000000,1950.0,put,46.87,0.097543,0.0935,0.1015,1843.26,1411.0
1784349413,eth,1798185600000,2900.0,call,54.25,0.023162,0.0225,0.024,1860.7,1610.0
1784349413,eth,1785484800000,4000.0,call,99.78,1e-06,,0.0001,1842.28,8690.0
1784349413,eth,1784534400000,2000.0,put,46.94,0.086055,0.075,0.1315,1841.59,0.0
1784349413,eth,1806048000000,2700.0,put,55.55,0.503467,0.4275,0.6035,1879.53,147.0
1784349413,eth,1785484800000,1750.0,put,47.32,0.015424,0.0145,0.016,1842.28,2857.0
1784349413,eth,1784534400000,1900.0,call,31.7,0.001165,0.0011,0.0013,1841.59,1099.0
1784349413,eth,1786089600000,1600.0,put,54.38,0.008059,0.0075,0.0085,1842.76,118.0
1784349413,eth,1790323200000,3500.0,call,61.7,0.001064,0.0008,0.0014,1847.81,15404.0
1784349413,eth,1790323200000,1800.0,call,50.13,0.099294,0.0985,0.1005,1847.81,2343.0
1784349413,eth,1785484800000,3800.0,call,94.88,2e-06,,0.0001,1842.28,2692.0
1784349413,eth,1784534400000,1900.0,put,31.7,0.032784,0.0016,0.0755,1841.59,81.0
1784349413,eth,1785484800000,1300.0,put,82.54,0.000595,0.0005,0.0006,1842.24,10691.0
1784349413,eth,1806048000000,3400.0,call,56.42,0.03018,0.0295,0.031,1879.53,1869.0
1784349413,eth,1785484800000,2000.0,put,45.18,0.093654,0.088,0.098,1842.24,3134.0
1784349413,eth,1813910400000,900.0,put,67.56,0.027551,0.0265,0.0285,1897.24,571.0
1784349413,eth,1784534400000,1700.0,call,47.8,0.07715,0.068,0.1135,1841.59,0.0
1784349413,eth,1786089600000,1700.0,put,49.61,0.016193,0.0155,0.017,1842.76,348.0
1784349413,eth,1784361600000,2025.0,call,78.9,0.0,,0.0001,1841.59,819.0
1784349413,eth,1784534400000,2025.0,put,52.58,0.09962,0.0885,0.1465,1841.59,0.0
1784349413,eth,1813910400000,1300.0,call,60.93,0.390028,0.386,0.394,1897.28,108.0
1784349413,eth,1787904000000,1600.0,call,52.39,0.151478,0.1485,0.155,1843.3,885.0
1784349413,eth,1798185600000,1500.0,call,56.89,0.25303,0.2505,0.257,1860.7,753.0
1784349413,eth,1787904000000,1300.0,put,65.55,0.004412,0.0042,0.0046,1843.3,6808.0
1784349413,eth,1787904000000,1450.0,call,58.01,0.222407,0.218,0.2285,1843.26,51.0
1784349413,eth,1790323200000,5000.0,put,76.35,1.706116,1.602,1.821,1847.76,2.0
1784349413,eth,1786089600000,1850.0,call,45.94,0.041187,0.0405,0.042,1842.76,284.0
1784349413,eth,1785484800000,3600.0,call,91.48,3e-06,,0.0001,1842.24,2043.0
1784349413,eth,1798185600000,11000.0,put,81.88,4.911804,4.6845,4.927,1860.74,109.0
1784349413,eth,1798185600000,2800.0,call,53.89,0.027183,0.0265,0.028,1860.74,5789.0
1784349413,eth,1813910400000,1800.0,put,57.97,0.190618,0.1885,0.193,1897.24,294.0
1784349413,eth,1798185600000,3400.0,put,55.84,0.837927,0.7615,0.9315,1860.7,89.0
1784349413,eth,1784880000000,1500.0,call,71.47,0.18595,0.18,0.193,1841.72,18.0
1784349413,eth,1784620800000,1825.0,put,37.58,0.00981,0.009,0.0105,1841.59,65.0
1784349413,eth,1798185600000,8000.0,put,73.16,3.299727,3.1345,3.4825,1860.7,0.0
1784349413,eth,1784620800000,1850.0,put,37.0,0.016138,0.0155,0.0165,1841.59,1.0
1784349413,eth,1787904000000,1800.0,put,48.16,0.052614,0.052,0.0535,1843.26,3017.0
1784349413,eth,1798185600000,1000.0,put,68.77,0.013034,0.0125,0.0135,1860.7,19272.0
1784349413,eth,1806048000000,3300.0,put,56.16,0.789135,0.707,0.896,1879.53,1.0
1784349413,eth,1785484800000,1750.0,call,47.32,0.065519,0.0645,0.0685,1842.28,6859.0
1784349413,eth,1785484800000,2200.0,put,52.73,0.195832,0.189,0.2005,1842.28,2338.0
1784349413,eth,1790323200000,14000.0,call,123.7,2.9e-05,,0.0003,1847.81,1212.0
1784349413,eth,1787904000000,2000.0,put,46.9,0.116487,0.113,0.1175,1843.26,453.0
1784349413,eth,1787904000000,3600.0,put,72.82,0.953337,0.878,1.037,1843.26,1.0
1784349413,eth,1785484800000,2500.0,call,66.47,0.000375,0.0003,0.0004,1842.28,2517.0
1784349413,eth,1784361600000,1750.0,call,71.56,0.049746,0.04,0.0865,1841.59,0.0
1784349413,eth,1784620800000,1700.0,put,50.56,0.000813,0.0007,0.0009,1841.59,390.0
1784349413,eth,1784620800000,1700.0,call,50.56,0.07768,0.071,0.086,1841.59,0.0
1784349413,eth,1798185600000,1400.0,call,58.28,0.292058,0.289,0.296,1860.7,946.0
1784349413,eth,1806048000000,2600.0,put,55.5,0.458889,0.4465,0.4705,1879.53,626.0
1784349413,eth,1790323200000,4600.0,call,73.55,0.000322,0.0002,0.0005,1847.76,3383.0
1784349413,eth,1806048000000,2800.0,call,55.63,0.059455,0.0585,0.0605,1879.53,3057.0
1784349413,eth,1784448000000,1800.0,call,29.67,0.023166,0.013,0.0605,1841.59,0.0
1784349413,eth,1790323200000,10000.0,call,105.8,3.1e-05,,0.0001,1847.81,1561.0
1784349413,eth,1813910400000,2300.0,call,56.96,0.14824,0.146,0.1505,1897.24,208.0
1784349413,eth,1813910400000,2700.0,call,56.91,0.101627,0.0995,0.1035,1897.24,83.0
1784349413,eth,1784361600000,1950.0,call,62.09,0.0,,0.0001,1841.59,7112.0
1784349413,eth,1787904000000,1900.0,put,47.1,0.080541,0.078,0.0825,1843.3,1429.0
1784349413,eth,1790323200000,3800.0,put,64.8,1.057163,0.9775,1.1465,1847.81,954.0
1784349413,eth,1790323200000,16000.0,call,130.17,2.6e-05,,0.0003,1847.81,7426.0
1784349413,eth,1784448000000,2200.0,put,77.84,0.194688,0.1485,0.2445,1841.59,0.0
1784349413,eth,1798185600000,3300.0,put,55.31,0.785682,0.7105,0.8785,1860.74,0.0
1784349413,eth,1798185600000,3400.0,call,55.84,0.010697,0.01,0.0115,1860.7,12461.0
1784349413,eth,1785484800000,1400.0,put,72.77,0.001052,0.001,0.0011,1842.28,9452.0
1784349413,eth,1790323200000,3200.0,call,58.2,0.001771,0.0015,0.0021,1847.81,7794.0
1784349413,eth,1790323200000,6200.0,put,85.22,2.355421,2.226,2.4965,1847.76,0.0
1784349413,eth,1787904000000,1700.0,call,49.72,0.110146,0.107,0.113,1843.3,1000.0
1784349413,eth,1798185600000,2000.0,call,53.65,0.111855,0.111,0.113,1860.74,3607.0
1784349413,eth,1790323200000,1000.0,put,77.4,0.003304,0.0032,0.0034,1847.81,8772.0
1784349413,eth,1785484800000,1500.0,call,63.85,0.187809,0.1855,0.1905,1842.24,583.0
1784349413,eth,1784880000000,2200.0,call,58.82,0.00028,0.0002,0.0004,1841.72,1468.0
1784349413,eth,1790323200000,1000.0,call,77.4,0.462123,0.458,0.466,1847.76,124.0
1784349413,eth,1784880000000,1900.0,call,41.71,0.009641,0.009,0.01,1841.76,5568.0
1784349413,eth,1784448000000,2050.0,call,64.93,1.7e-05,,0.0001,1841.59,2.0
1784349413,eth,1813910400000,3800.0,put,57.79,1.042584,0.947,1.1665,1897.24,0.0
1784349413,eth,1785484800000,1400.0,call,72.77,0.241129,0.236,0.2465,1842.24,150.0
1784349413,eth,1798185600000,1800.0,call,54.39,0.157522,0.1565,0.1595,1860.7,2478.0
1784349413,eth,1784880000000,2400.0,put,70.46,0.303166,0.253,0.3585,1841.76,0.0
1784349413,eth,1798185600000,800.0,put,76.69,0.006526,0.0065,0.007,1860.7,5587.0
1784349413,eth,1784534400000,1725.0,put,43.49,0.000299,0.0002,0.0004,1841.59,131.0
1784349413,eth,1784448000000,1950.0,put,46.19,0.059052,0.048,0.1035,1841.59,2.0
1784349413,eth,1786089600000,2400.0,call,55.36,0.001156,0.001,0.0013,1842.76,16.0
1784349413,eth,1806048000000,4800.0,put,59.44,1.56222,1.4585,1.688,1879.53,0.0
1784349413,eth,1790323200000,5200.0,call,78.97,0.00021,0.0001,0.0004,1847.81,1655.0
1784349413,eth,1785484800000,4200.0,put,102.54,1.279772,1.192,1.3745,1842.24,0.0
1784349413,eth,1787904000000,3400.0,call,69.44,0.000424,0.0003,0.0006,1843.26,432.0
1784349413,eth,1785484800000,2700.0,put,72.77,0.465708,0.4575,0.4725,1842.24,630.0
1784349413,eth,1785484800000,2600.0,put,70.22,0.411529,0.3965,0.472,1842.28,29.0
1784349413,eth,1813910400000,3000.0,put,56.99,0.658463,0.5725,0.7725,1897.24,58.0
1784349413,eth,1787904000000,2000.0,call,46.9,0.031476,0.0305,0.0315,1843.26,2554.0
1784349413,eth,1806048000000,800.0,put,72.43,0.013264,0.0125,0.014,1879.53,440.0
1784349413,eth,1784534400000,2050.0,put,53.86,0.113127,0.102,0.16,1841.59,0.0
1784349413,eth,1784361600000,2000.0,call,76.95,0.0,,0.0001,1841.59,1924.0
1784349413,eth,1798185600000,1500.0,put,56.89,0.059161,0.058,0.06,1860.7,15798.0
1784349413,eth,1798185600000,2000.0,put,53.65,0.186696,0.1825,0.191,1860.74,9817.0
1784349413,eth,1787904000000,2200.0,put,48.11,0.205711,0.1565,0.2515,1843.26,170.0
1784349413,eth,1806048000000,4200.0,call,57.92,0.01371,0.013,0.0145,1879.53,2775.0
1784349413,eth,1798185600000,800.0,call,76.69,0.576589,0.574,0.5795,1860.7,171.0
1784349413,eth,1798185600000,5500.0,call,64.71,0.001326,0.0011,0.0016,1860.74,1397.0
1784349413,eth,1806048000000,4500.0,call,58.71,0.010711,0.01,0.0115,1879.58,2428.0
1784349413,eth,1798185600000,4000.0,call,58.48,0.00507,0.0047,0.0055,1860.7,16363.0
1784349413,eth,1784880000000,1750.0,put,45.83,0.00626,0.006,0.0065,1841.76,1654.0
1784349413,eth,1784880000000,1650.0,put,54.1,0.001668,0.0015,0.0018,1841.72,4504.0
1784349413,eth,1786089600000,1950.0,put,45.4,0.078853,0.0735,0.084,1842.76,1.0
1784349413,eth,1784880000000,1550.0,call,65.35,0.159011,0.1535,0.1665,1841.76,20.0
1784349413,eth,1790323200000,9000.0,put,100.09,3.870663,3.683,4.074,1847.81,0.0
1784349413,eth,1790323200000,1200.0,call,66.69,0.357587,0.3535,0.3625,1847.76,138.0
1784349413,eth,1784880000000,2000.0,put,44.68,0.088031,0.0775,0.1355,1841.76,86.0
1784349413,eth,1784361600000,1800.0,call,44.77,0.022609,0.0125,0.06,1841.59,58.0
1784349413,eth,1787904000000,1700.0,put,49.72,0.032405,0.0315,0.033,1843.3,2445.0
1784349413,eth,1784620800000,1725.0,call,47.3,0.064564,0.058,0.0725,1841.59,0.0
1784349413,eth,1790323200000,2300.0,put,49.32,0.263862,0.2555,0.2705,1847.81,1212.0
1784349413,eth,1784880000000,1900.0,put,41.71,0.041268,0.0405,0.0445,1841.72,627.0
1784349413,eth,1784620800000,1900.0,call,36.86,0.003401,0.0031,0.0037,1841.59,143.0
1784349413,eth,1813910400000,2100.0,put,57.24,0.28711,0.279,0.2975,1897.24,82.0
1784349413,eth,1798185600000,1000.0,call,68.77,0.475614,0.473,0.4795,1860.7,54.0
1784349413,eth,1784361600000,1600.0,put,115.17,0.0,,0.0001,1841.59,350.0
1784349413,eth,1798185600000,2800.0,put,53.89,0.53196,0.5185,0.5425,1860.7,2205.0
1784349413,eth,1790323200000,3000.0,call,55.89,0.002672,0.0024,0.003,1847.81,13560.0
1784349413,eth,1784880000000,1825.0,put,42.47,0.017626,0.017,0.018,1841.72,4910.0
1784349413,eth,1790323200000,4000.0,put,67.49,1.165296,1.0815,1.259,1847.81,140.0
1784349413,eth,1786089600000,2000.0,call,45.5,0.014194,0.0135,0.015,1842.76,163.0
1784349413,eth,1784620800000,1800.0,put,38.92,0.005711,0.005,0.0065,1841.59,56.0
1784349413,eth,1786089600000,1400.0,call,67.4,0.242593,0.237,0.248,1842.76,0.0
1784349413,eth,1784448000000,1975.0,put,52.83,0.072595,0.0615,0.1175,1841.59,0.0
1784349413,eth,1790323200000,6500.0,put,86.6,2.517755,2.382,2.6655,1847.76,0.0
1784349413,eth,1798185600000,4400.0,put,60.08,1.367921,1.2745,1.4765,1860.74,20.0
1784349413,eth,1785484800000,3600.0,put,91.48,0.954093,0.8785,1.035,1842.28,17.0
1784349413,eth,1784448000000,1900.0,call,31.34,0.000264,0.0002,0.0004,1841.59,1834.0
1784349413,eth,1785484800000,4000.0,put,99.78,1.171212,1.088,1.261,1842.28,0.0
1784349413,eth,1784880000000,1875.0,put,41.59,0.031922,0.031,0.035,1841.76,8827.0
1784349413,eth,1787904000000,2200.0,call,48.11,0.0122,0.0115,0.013,1843.3,4684.0
1784349413,eth,1790323200000,3400.0,call,60.67,0.001267,0.001,0.0016,1847.81,6667.0
1784349413,eth,1790323200000,4400.0,put,71.19,1.381557,1.29,1.4835,1847.76,281.0
1784349413,eth,1790323200000,5800.0,put,83.48,2.138993,2.018,2.2715,1847.76,0.0
1784349413,eth,1787904000000,2350.0,put,50.02,0.281146,0.2295,0.342,1843.3,100.0
1784349413,eth,1813910400000,1200.0,call,62.13,0.427433,0.4235,0.4315,1897.24,50.0
1784349413,eth,1785484800000,1650.0,put,52.95,0.006556,0.006,0.007,1842.28,7872.0
1784349413,eth,1798185600000,1300.0,put,60.1,0.032965,0.0325,0.034,1860.74,1304.0
1784349413,eth,1790323200000,2600.0,call,51.65,0.007447,0.007,0.008,1847.81,7301.0
1784349413,eth,1784534400000,1825.0,put,31.77,0.005785,0.0055,0.0065,1841.59,1237.0
1784349413,eth,1798185600000,7000.0,put,70.22,2.762514,2.6175,2.924,1860.7,0.0
1784349413,eth,1813910400000,4000.0,call,57.96,0.033921,0.0325,0.0355,1897.28,4275.0
1784349413,eth,1806048000000,1200.0,put,62.07,0.042654,0.042,0.0435,1879.53,1005.0
1784349413,eth,1790323200000,7000.0,put,90.94,2.788343,2.6425,2.9475,1847.81,0.0
1784349413,eth,1790323200000,1900.0,call,49.41,0.073433,0.0725,0.0745,1847.81,1681.0
1784349413,eth,1798185600000,2300.0,call,53.42,0.065906,0.0645,0.067,1860.7,3037.0
1784349413,eth,1806048000000,1800.0,call,56.46,0.20314,0.2015,0.2055,1879.53,3789.0
1784349413,eth,1787904000000,2050.0,call,46.91,0.024719,0.024,0.0255,1843.3,2740.0
1784349413,eth,1784448000000,2200.0,call,77.84,0.0,,0.0001,1841.59,107.0
1784349413,eth,1785484800000,1550.0,put,59.86,0.002908,0.0027,0.0031,1842.24,5586.0
1784349413,eth,1784620800000,1750.0,call,44.18,0.051762,0.046,0.059,1841.59,0.0
1784349413,eth,1787904000000,1800.0,call,48.16,0.076104,0.075,0.077,1843.3,5678.0
1784349413,eth,1784880000000,1400.0,put,83.97,0.00018,0.0001,0.0002,1841.76,3770.0
1784349413,eth,1784361600000,1850.0,call,25.68,0.000508,0.0005,0.0006,1841.59,3462.0
1784349413,eth,1784880000000,2600.0,call,74.83,5e-06,,0.0001,1841.76,0.0
1784349413,eth,1784620800000,1875.0,put,36.43,0.024569,0.02,0.028,1841.59,18.0
1784349413,eth,1813910400000,1900.0,call,57.69,0.219402,0.217,0.2215,1897.24,13.0
1784349413,eth,1784448000000,1975.0,call,52.83,9.1e-05,,0.0002,1841.59,1231.0
1784349413,eth,1806048000000,3700.0,call,57.0,0.022192,0.0215,0.023,1879.53,1417.0
1784349413,eth,1806048000000,5000.0,call,60.14,0.007473,0.007,0.008,1879.53,1223.0
1784349413,eth,1806048000000,2000.0,put,55.91,0.222946,0.219,0.228,1879.53,1510.0
1784349413,eth,1784620800000,1950.0,put,39.11,0.059804,0.0485,0.1045,1841.59,10.0
1784349413,eth,1790323200000,2100.0,put,48.97,0.174676,0.173,0.177,1847.76,2754.0
1784349413,eth,1806048000000,1200.0,call,62.07,0.404217,0.4015,0.4085,1879.53,51.0
1784349413,eth,1785484800000,2450.0,call,64.21,0.000457,0.0004,0.0005,1842.24,5604.0
1784349413,eth,1790323200000,2700.0,put,52.33,0.466642,0.4565,0.474,1847.81,527.0
1784349413,eth,1806048000000,2500.0,call,55.47,0.085416,0.084,0.0865,1879.53,1687.0
1784349413,eth,1784534400000,1750.0,call,40.26,0.050434,0.0125,0.0875,1841.59,87.0
1784349413,eth,1784534400000,2100.0,put,60.48,0.140244,0.1285,0.188,1841.59,0.0
1784349413,eth,1790323200000,2300.0,call,49.32,0.019145,0.0185,0.02,1847.81,10465.0
1784349413,eth,1790323200000,1400.0,put,58.09,0.015089,0.0145,0.0155,1847.81,7489.0
1784349413,eth,1806048000000,1500.0,put,58.32,0.088763,0.0875,0.09,1879.53,4099.0
1784349413,eth,1813910400000,2700.0,put,56.91,0.524717,0.4435,0.6345,1897.24,0.0
1784349413,eth,1813910400000,2900.0,call,56.95,0.084543,0.083,0.0865,1897.24,0.0
1784349413,eth,1813910400000,1700.0,put,58.37,0.162806,0.1605,0.165,1897.24,231.0
1784349413,eth,1784361600000,1775.0,put,59.36,2e-06,,0.0001,1841.59,1462.0
1784349413,eth,1784361600000,1875.0,put,37.96,0.018149,0.013,0.023,1841.59,793.0
1784349413,eth,1806048000000,1500.0,call,58.32,0.290716,0.288,0.2945,1879.53,244.0
1784349413,eth,1790323200000,3800.0,call,64.8,0.000674,0.0005,0.0009,1847.76,2006.0
1784349413,eth,1784534400000,1875.0,call,30.6,0.003026,0.0028,0.0034,1841.59,1577.0
1784349413,eth,1790323200000,3300.0,call,59.33,0.00147,0.0012,0.0018,1847.76,17690.0
1784349413,eth,1786089600000,2200.0,put,49.2,0.197263,0.186,0.252,1842.76,0.0
1784349413,eth,1785484800000,2150.0,put,50.5,0.169362,0.1625,0.1745,1842.24,1097.0
1784349413,eth,1806048000000,3300.0,call,56.16,0.033433,0.0325,0.0345,1879.53,1921.0
1784349413,eth,1784448000000,2000.0,call,56.63,4.7e-05,,0.0001,1841.59,423.0
1784349413,eth,1790323200000,2200.0,put,49.09,0.217729,0.21,0.224,1847.81,5534.0
1784349413,eth,1798185600000,1300.0,call,60.1,0.334318,0.331,0.3395,1860.7,50.0
1784349413,eth,1790323200000,3200.0,put,58.2,0.733551,0.7215,0.743,1847.81,1334.0
1784349413,eth,1787904000000,2600.0,call,54.85,0.002618,0.0024,0.0028,1843.3,1050.0
1784349413,eth,1806048000000,3000.0,call,55.81,0.047011,0.046,0.048,1879.53,5217.0
1784349413,eth,1786089600000,2100.0,put,47.12,0.146466,0.136,0.1995,1842.76,0.0
1784349413,eth,1784620800000,1925.0,put,37.75,0.047066,0.01,0.091,1841.59,0.0
1784349413,eth,1790323200000,1200.0,put,66.69,0.007005,0.0065,0.007,1847.81,11520.0
1784349413,eth,1784448000000,2025.0,call,58.56,1.9e-05,,0.0001,1841.59,40.0
1784349413,eth,1798185600000,1900.0,put,53.98,0.154166,0.1525,0.1555,1860.7,2862.0
1784349413,eth,1784448000000,2050.0,put,64.93,0.113249,0.102,0.16,1841.59,0.0
1784349413,eth,1784448000000,1600.0,call,82.29,0.131149,0.125,0.139,1841.59,0.0
1784349413,eth,1790323200000,7200.0,call,90.95,5.8e-05,,0.0002,1847.76,1160.0
1784349413,eth,1787904000000,1550.0,call,54.08,0.174191,0.169,0.181,1843.3,167.0
1784349413,eth,1813910400000,3200.0,call,57.17,0.064935,0.063,0.0665,1897.24,224.0
1784349413,eth,1787904000000,3200.0,call,65.81,0.000587,0.0005,0.0007,1843.3,287.0
1784349413,eth,1784361600000,2200.0,call,84.06,0.0,,0.0001,1841.59,41.0
1784349413,eth,1790323200000,6600.0,call,87.5,7.7e-05,,0.0002,1847.81,1414.0
1784349413,eth,1787904000000,1000.0,call,83.86,0.458582,0.455,0.4635,1843.26,50.0
1784349413,eth,1786089600000,2100.0,call,47.12,0.006895,0.0065,0.0075,1842.76,14523.0
1784349413,eth,1784620800000,1900.0,put,36.86,0.035138,0.0295,0.0405,1841.59,0.0
1784349413,eth,1806048000000,3100.0,call,55.93,0.041923,0.041,0.043,1879.53,1844.0
1784349413,eth,1784361600000,1900.0,put,54.41,0.03171,0.021,0.0745,1841.59,77.0
1784349413,eth,1784620800000,1850.0,call,37.0,0.011552,0.011,0.0125,1841.59,1046.0
1784349413,eth,1784620800000,2100.0,call,53.67,6.9e-05,,0.0001,1841.59,30.0
1784349413,eth,1785484800000,2250.0,call,55.02,0.001225,0.0011,0.0014,1842.28,3207.0
1784349413,eth,1785484800000,1000.0,put,111.11,8.4e-05,,0.0001,1842.24,9444.0
1784349413,eth,1784361600000,2050.0,put,80.04,0.113155,0.102,0.159,1841.59,0.0
1784349413,eth,1790323200000,2400.0,put,49.84,0.3125,0.304,0.3205,1847.76,2115.0
1784349413,eth,1790323200000,2900.0,put,54.79,0.572795,0.5105,0.646,1847.81,49.0
1784349413,eth,1790323200000,15000.0,call,127.3,2.8e-05,,0.0002,1847.81,877.0
1784349413,eth,1787904000000,2150.0,put,47.6,0.181775,0.1335,0.24,1843.3,83.0
1784349413,eth,1790323200000,5600.0,call,81.46,0.000147,0.0001,0.0002,1847.81,6163.0
1784349413,eth,1784880000000,2100.0,call,51.71,0.000682,0.0006,0.0008,1841.72,754.0
1784349413,eth,1806048000000,2700.0,call,55.55,0.066983,0.066,0.068,1879.53,2594.0
1784349413,eth,1786089600000,2000.0,put,45.5,0.099499,0.0935,0.106,1842.76,0.0
1784349413,eth,1790323200000,3000.0,put,55.89,0.626215,0.615,0.6345,1847.81,7576.0
1784349413,eth,1798185600000,3600.0,put,56.71,0.942913,0.8635,1.0395,1860.74,93.0
1784349413,eth,1790323200000,5000.0,call,76.35,0.00021,0.0001,0.0005,1847.76,4085.0
1784349413,eth,1785484800000,1800.0,put,45.74,0.023954,0.023,0.0245,1842.24,11214.0
1784349413,eth,1787904000000,2250.0,put,48.86,0.230464,0.18,0.29,1843.3,14.0
1784349413,eth,1813910400000,2200.0,call,57.08,0.163422,0.161,0.166,1897.28,1023.0
1784349413,eth,1798185600000,3600.0,call,56.71,0.008199,0.0075,0.009,1860.7,2220.0
1784349413,eth,1798185600000,9000.0,call,77.42,0.000322,0.0002,0.0005,1860.7,1908.0
1784349413,eth,1813910400000,900.0,call,67.56,0.553187,0.5495,0.5565,1897.24,2.0
1784349413,eth,1790323200000,2700.0,call,52.33,0.005453,0.005,0.006,1847.81,4029.0
1784349413,eth,1790323200000,11000.0,call,110.93,3e-05,,0.0002,1847.76,2766.0
1784349413,eth,1787904000000,2100.0,put,47.17,0.158723,0.1515,0.165,1843.26,431.0
1784349413,eth,1790323200000,10000.0,put,105.8,4.411843,4.203,4.6375,1847.81,0.0
1784349413,eth,1798185600000,2200.0,call,53.42,0.078692,0.0775,0.0795,1860.7,52619.0
1784349413,eth,1784880000000,1750.0,call,45.83,0.056076,0.054,0.0595,1841.72,916.0
1784349413,eth,1806048000000,2100.0,put,55.64,0.257294,0.2535,0.2625,1879.53,486.0
1784349413,eth,1785484800000,1200.0,put,90.75,0.000287,0.0002,0.0003,1842.24,12545.0
1784349413,eth,1785484800000,3400.0,call,87.62,6e-06,,0.0001,1842.28,2540.0
1784349413,eth,1784448000000,1775.0,call,34.31,0.03628,0.0265,0.0735,1841.59,25.0
1784349413,eth,1813910400000,2500.0,call,56.9,0.122561,0.1205,0.1245,1897.28,2976.0
1784349413,eth,1798185600000,4000.0,put,58.48,1.154752,1.0685,1.2575,1860.7,223.0
1784349413,eth,1813910400000,800.0,put,70.18,0.020532,0.0195,0.0215,1897.24,106.0
1784349413,eth,1784534400000,2100.0,call,60.48,3.4e-05,,0.0001,1841.59,0.0
1784349413,eth,1806048000000,6000.0,put,62.69,2.196216,2.0705,2.343,1879.53,0.0
1784349413,eth,1790323200000,3100.0,put,57.09,0.679834,0.614,0.7565,1847.81,0.0
1784349413,eth,1798185600000,1600.0,call,55.81,0.217485,0.215,0.221,1860.7,622.0
1784349413,eth,1806048000000,3100.0,put,55.93,0.691219,0.611,0.7955,1879.53,99.0
1784349413,eth,1784534400000,2050.0,call,53.86,6.4e-05,,0.0002,1841.59,0.0
1784349413,eth,1785484800000,3100.0,put,84.59,0.682721,0.618,0.753,1842.24,0.0
1784349413,eth,1784620800000,1650.0,call,58.26,0.104416,0.0975,0.1115,1841.59,0.0
1784349413,eth,1813910400000,3400.0,put,57.32,0.846769,0.756,0.966,1897.28,0.0
1784349413,eth,1786089600000,1900.0,put,45.38,0.060448,0.056,0.0615,1842.76,211.0
1784349413,eth,1785484800000,4200.0,call,102.54,1e-06,,0.0001,1842.28,1180.0
1784349413,eth,1790323200000,13000.0,put,119.8,6.035385,5.764,6.3285,1847.81,0.0
1784349413,eth,1798185600000,3800.0,put,57.51,1.048541,0.966,1.148,1860.7,26.0
1784349413,eth,1813910400000,1200.0,put,62.13,0.059917,0.058,0.0615,1897.28,344.0
1784349413,eth,1785484800000,1700.0,call,50.01,0.087304,0.0845,0.09,1842.24,2922.0
1784349413,eth,1784880000000,1600.0,call,58.85,0.13217,0.1265,0.14,1841.76,53.0
1784349413,eth,1790323200000,1300.0,put,61.79,0.010046,0.0095,0.0105,1847.76,1419.0
1784349413,eth,1790323200000,1400.0,call,58.09,0.257435,0.2535,0.263,1847.81,126.0
1784349413,eth,1787904000000,1450.0,put,58.01,0.00904,0.0085,0.0095,1843.3,5432.0
1784349413,eth,1787904000000,3200.0,put,65.81,0.736603,0.6695,0.812,1843.3,0.0
1784349413,eth,1785484800000,2650.0,put,71.22,0.438604,0.383,0.5,1842.28,52.0
1784349413,eth,1806048000000,5500.0,call,61.57,0.005473,0.005,0.006,1879.58,1931.0
1784349413,eth,1790323200000,3600.0,put,62.86,0.949172,0.9355,0.96,1847.81,539.0
1784349413,eth,1790323200000,1300.0,call,61.79,0.306511,0.302,0.312,1847.76,71.0
1784349413,eth,1784880000000,1850.0,call,42.07,0.019649,0.019,0.0205,1841.76,3273.0
1784349413,eth,1784361600000,2000.0,put,76.95,0.086005,0.075,0.131,1841.59,0.0
1784349413,eth,1798185600000,1600.0,put,55.81,0.077358,0.0765,0.0785,1860.74,7335.0
1784349413,eth,1784534400000,1925.0,put,34.62,0.04573,0.008,0.0895,1841.59,0.0
1784349413,eth,1784448000000,1850.0,put,23.51,0.007889,0.007,0.0085,1841.59,1239.0
1784349413,eth,1784880000000,1775.0,put,44.64,0.009012,0.0085,0.0095,1841.72,2265.0
1784349413,eth,1784620800000,1975.0,call,40.58,0.00048,0.0004,0.0006,1841.59,45.0
1784349413,eth,1798185600000,11000.0,call,81.88,0.000178,0.0001,0.0003,1860.7,2141.0
1784349413,eth,1813910400000,1000.0,call,65.41,0.509246,0.5055,0.513,1897.24,51.0
1784349413,eth,1784448000000,1850.0,call,23.51,0.003265,0.0029,0.0037,1841.59,1994.0
1784349413,eth,1784361600000,1700.0,put,89.88,0.0,,0.0001,1841.59,499.0
1784349413,eth,1813910400000,2300.0,put,56.96,0.360502,0.347,0.3715,1897.24,85.0
1784349413,eth,1785484800000,3100.0,call,84.59,3.3e-05,,0.0001,1842.28,2696.0
1784349413,eth,1784361600000,1975.0,call,72.37,0.0,,0.0001,1841.59,434.0
1784349413,eth,1784448000000,1700.0,call,53.55,0.076866,0.067,0.1125,1841.59,0.0
1784349413,eth,1785484800000,2550.0,put,67.85,0.384427,0.331,0.444,1842.28,112.0
1784349413,eth,1784448000000,1825.0,call,25.21,0.011177,0.01,0.012,1841.59,694.0
1784349413,eth,1787904000000,1500.0,put,55.8,0.011562,0.011,0.012,1843.3,4011.0
1784349413,eth,1784620800000,1775.0,call,41.43,0.039545,0.034,0.045,1841.59,0.0
1784349413,eth,1786089600000,1900.0,call,45.38,0.029408,0.0285,0.0305,1842.76,190.0
1784349413,eth,1787904000000,2100.0,call,47.17,0.019462,0.019,0.02,1843.26,7031.0
1784349413,eth,1784880000000,1600.0,put,58.85,0.000909,0.0008,0.001,1841.76,12294.0
1784349413,eth,1813910400000,3200.0,put,57.17,0.75156,0.6635,0.868,1897.24,0.0
1784349413,eth,1790323200000,9000.0,call,100.09,3.2e-05,,0.0004,1847.81,1519.0
1784349413,eth,1813910400000,2100.0,call,57.24,0.180263,0.178,0.183,1897.24,6.0
1784349413,eth,1784534400000,1800.0,call,33.84,0.02532,0.023,0.0285,1841.59,469.0
1784349413,eth,1806048000000,3200.0,call,56.05,0.037428,0.0365,0.0385,1879.53,1641.0
1784349413,eth,1785484800000,1800.0,call,45.74,0.046909,0.046,0.048,1842.24,13595.0
1784349413,eth,1784361600000,1800.0,put,44.77,1.3e-05,,0.0001,1841.59,3270.0
1784349413,eth,1798185600000,3800.0,call,57.51,0.006343,0.0055,0.007,1860.7,3115.0
1784349413,eth,1790323200000,4800.0,call,75.89,0.000295,0.0002,0.0004,1847.76,1979.0
1784349413,eth,1806048000000,2400.0,call,55.47,0.096597,0.0955,0.0975,1879.53,1706.0
1784349413,eth,1806048000000,4000.0,put,57.68,1.14483,1.0535,1.2595,1879.53,0.0
1784349413,eth,1784361600000,1750.0,put,71.56,0.0,,0.0001,1841.59,3224.0
1784349413,eth,1787904000000,1200.0,put,71.14,0.002756,0.0025,0.003,1843.26,5894.0
1784349413,eth,1784448000000,1700.0,put,53.55,3.4e-05,,0.0001,1841.59,4679.0
1784349413,eth,1790323200000,4000.0,call,67.49,0.000571,0.0004,0.0008,1847.81,12123.0
1784349413,eth,1790323200000,2100.0,call,48.97,0.038196,0.0375,0.039,1847.81,5143.0
1784349413,eth,1798185600000,2500.0,put,53.42,0.389491,0.378,0.3985,1860.7,1170.0
1784349413,eth,1785484800000,2100.0,put,48.41,0.143284,0.1365,0.1485,1842.28,791.0
1784349413,eth,1806048000000,4600.0,put,59.04,1.457313,1.357,1.5795,1879.53,0.0
1784349413,eth,1806048000000,3700.0,put,57.0,0.990707,0.9035,1.102,1879.53,0.0
1784349413,eth,1798185600000,1700.0,call,54.94,0.185526,0.184,0.1875,1860.7,377.0
1784349413,eth,1806048000000,2200.0,put,55.46,0.293876,0.29,0.3005,1879.53,1687.0
1784349413,eth,1790323200000,6000.0,call,84.23,0.000115,0.0001,0.0002,1847.76,3181.0
1784349413,eth,1787904000000,1650.0,put,51.03,0.025274,0.0245,0.026,1843.26,1917.0
1784349413,eth,1798185600000,3200.0,put,54.98,0.733936,0.7195,0.7465,1860.74,251.0
1784349413,eth,1790323200000,5400.0,call,81.19,0.000201,0.0001,0.0003,1847.81,1177.0
1784349413,eth,1798185600000,10000.0,call,80.92,0.000281,0.0002,0.0004,1860.7,1675.0
1784349413,eth,1785484800000,1950.0,call,44.5,0.012986,0.0125,0.0135,1842.28,8390.0
1784349413,eth,1785484800000,1700.0,put,50.01,0.010069,0.0095,0.0105,1842.24,8332.0
1784349413,eth,1787904000000,3000.0,call,62.63,0.000932,0.0008,0.0011,1843.3,80.0
1784349413,eth,1790323200000,4800.0,put,75.89,1.597965,1.498,1.7085,1847.81,110.0
1784349413,eth,1813910400000,2800.0,call,56.92,0.092645,0.091,0.0945,1897.24,21.0
1784349413,eth,1787904000000,2150.0,call,47.6,0.015389,0.015,0.016,1843.26,2362.0
1784349413,eth,1798185600000,5500.0,put,64.71,1.957139,1.8425,2.087,1860.7,0.0
1784349413,eth,1790323200000,4200.0,call,69.71,0.00047,0.0004,0.0007,1847.76,2467.0
1784349413,eth,1787904000000,2500.0,put,52.76,0.359841,0.3455,0.4225,1843.26,3.0
1784349413,eth,1813910400000,2800.0,put,56.92,0.568442,0.5545,0.68,1897.24,0.0
1784349413,eth,1784880000000,2400.0,call,70.46,5.7e-05,,0.0001,1841.72,502.0
1784349413,eth,1784880000000,2200.0,put,58.82,0.194796,0.149,0.246,1841.72,1.0
1784349413,eth,1787904000000,1850.0,put,47.47,0.065461,0.0645,0.0665,1843.3,1383.0
1784349413,eth,1813910400000,2600.0,call,56.91,0.111586,0.1095,0.1135,1897.24,37.0
1784349413,eth,1813910400000,1300.0,put,60.93,0.07522,0.0735,0.077,1897.24,865.0
1784349413,eth,1806048000000,5500.0,put,61.57,1.931643,1.8145,2.069,1879.53,0.0
1784349413,eth,1806048000000,1400.0,call,59.21,0.325521,0.323,0.3415,1879.53,56.0
1784349413,eth,1784880000000,2000.0,call,44.68,0.002107,0.0019,0.0023,1841.76,5990.0
1784349413,eth,1813910400000,2400.0,put,56.9,0.399609,0.324,0.503,1897.28,0.0
1784349413,eth,1785484800000,2300.0,put,57.34,0.249373,0.2425,0.2555,1842.28,2773.0
1784349413,eth,1806048000000,1600.0,put,57.43,0.109543,0.108,0.111,1879.53,1551.0
1784349413,eth,1813910400000,3800.0,call,57.79,0.039716,0.038,0.0415,1897.24,0.0
1784349413,eth,1784880000000,1700.0,put,49.62,0.003165,0.003,0.0033,1841.72,7813.0
1784349413,eth,1784880000000,1950.0,call,42.73,0.004482,0.0042,0.0048,1841.72,4999.0
1784349413,eth,1798185600000,2500.0,call,53.42,0.04594,0.045,0.0465,1860.7,22447.0
1784349413,eth,1785484800000,2400.0,call,62.19,0.000585,0.0005,0.0007,1842.24,10433.0
1784349413,eth,1784448000000,2075.0,call,71.38,1.7e-05,,0.0001,1841.59,0.0
1784349413,eth,1806048000000,2400.0,put,55.47,0.373471,0.3605,0.3845,1879.53,357.0
1784349413,eth,1787904000000,2350.0,call,50.02,0.006259,0.006,0.0065,1843.26,2534.0
1784349413,eth,1787904000000,1550.0,put,54.08,0.015074,0.0145,0.0155,1843.3,3014.0
1784349413,eth,1785484800000,2350.0,put,59.5,0.276291,0.269,0.2825,1842.24,538.0
1784349413,eth,1785484800000,1900.0,put,44.32,0.051992,0.049,0.055,1842.28,3695.0
1784349413,eth,1798185600000,6000.0,put,66.76,2.225502,2.101,2.366,1860.7,0.0
1784349413,eth,1806048000000,1700.0,call,56.83,0.229149,0.2275,0.2315,1879.53,1337.0
1784349413,eth,1785484800000,2700.0,call,72.77,0.000141,0.0001,0.0002,1842.24,4355.0
1784349413,eth,1813910400000,1000.0,put,65.41,0.036316,0.035,0.0375,1897.24,3995.0
1784349413,eth,1784448000000,1875.0,call,25.96,0.000753,0.0006,0.001,1841.59,727.0
1784349413,eth,1786089600000,1400.0,put,67.4,0.002307,0.0021,0.0025,1842.76,1076.0
1784349413,eth,1784361600000,1675.0,put,97.52,0.0,,0.0001,1841.59,167.0
1784349413,eth,1790323200000,2000.0,put,48.97,0.135542,0.131,0.141,1847.81,12953.0
1784349413,eth,1787904000000,3800.0,put,75.71,1.061756,0.982,1.15,1843.3,0.0
1784349413,eth,1798185600000,1400.0,put,58.28,0.044447,0.0435,0.0455,1860.7,13968.0
1784349413,eth,1784620800000,1600.0,call,64.84,0.131353,0.125,0.1385,1841.59,0.0
1784349413,eth,1787904000000,1900.0,call,47.1,0.049781,0.049,0.0505,1843.3,2611.0
1784349413,eth,1787904000000,2300.0,call,49.49,0.00787,0.0075,0.008,1843.26,2099.0
1784349413,eth,1790323200000,1800.0,put,50.13,0.07342,0.0725,0.0745,1847.81,3919.0
1784349413,eth,1798185600000,9000.0,put,77.42,3.837108,3.651,4.042,1860.7,0.0
1784349413,eth,1813910400000,3600.0,call,57.59,0.0466,0.045,0.0485,1897.28,0.0
1784349413,eth,1813910400000,4000.0,put,57.96,1.142202,1.0445,1.2685,1897.24,0.0
1784349413,eth,1798185600000,4600.0,call,61.0,0.002724,0.0024,0.0031,1860.7,9035.0
1784349413,eth,1784880000000,1550.0,put,65.35,0.000601,0.0005,0.0007,1841.72,9711.0
1784349413,eth,1798185600000,10000.0,put,80.92,4.374487,4.168,4.602,1860.7,0.0
1784349413,eth,1806048000000,3200.0,put,56.05,0.739927,0.658,0.8455,1879.53,0.0
1784349413,eth,1806048000000,2600.0,call,55.5,0.075609,0.0745,0.0765,1879.53,2395.0
1784349413,eth,1784620800000,1725.0,put,47.3,0.001273,0.0011,0.0014,1841.59,210.0
1784349413,eth,1790323200000,2500.0,call,50.61,0.009937,0.0095,0.0105,1847.76,21002.0
1784349413,eth,1813910400000,1700.0,call,58.37,0.266786,0.262,0.2705,1897.28,654.0
1784349413,eth,1790323200000,2600.0,put,51.65,0.414518,0.4045,0.4215,1847.81,8412.0
1784349413,eth,1784448000000,1775.0,put,34.32,0.000199,0.0001,0.0003,1841.59,3602.0
1784349413,eth,1785484800000,2400.0,put,62.19,0.303311,0.2895,0.36,1842.28,102.0
1784349413,eth,1785484800000,1900.0,call,44.32,0.020667,0.02,0.0215,1842.24,14091.0
1784349413,eth,1784448000000,1725.0,call,47.24,0.063312,0.0285,0.1,1841.59,0.0
1784349413,eth,1787904000000,2300.0,put,49.49,0.255632,0.2045,0.316,1843.3,3.0
1784349413,eth,1784880000000,2600.0,put,74.83,0.411706,0.3575,0.4705,1841.76,0.0
1784349413,eth,1784880000000,1400.0,call,83.97,0.240033,0.234,0.2465,1841.72,0.0
1784349413,eth,1784361600000,1975.0,put,72.37,0.07243,0.0615,0.117,1841.59,0.0
1784349413,eth,1798185600000,8000.0,call,73.16,0.000362,0.0003,0.0006,1860.74,2427.0
1784349413,eth,1813910400000,1600.0,put,58.78,0.137035,0.135,0.139,1897.24,1290.0
1784349413,eth,1784448000000,2100.0,call,76.25,1.3e-05,,0.0001,1841.59,1.0
1784349413,eth,1784620800000,1975.0,put,40.58,0.072943,0.032,0.1185,1841.59,0.0
1784349413,eth,1784534400000,1975.0,put,41.84,0.072513,0.0615,0.1175,1841.59,0.0
1784349413,eth,1784448000000,2000.0,put,56.63,0.086127,0.075,0.132,1841.59,4.0
1784349413,eth,1784534400000,1600.0,call,66.14,0.131307,0.125,0.1385,1841.59,0.0
1784349413,eth,1798185600000,3100.0,put,54.75,0.682688,0.61,0.7735,1860.74,0.0
1784349413,eth,1798185600000,6500.0,call,68.35,0.000713,0.0005,0.001,1860.74,1765.0
1784349413,eth,1787904000000,1000.0,put,83.86,0.001088,0.0009,0.0013,1843.3,2861.0
1784349413,eth,1785484800000,1850.0,put,44.79,0.036096,0.035,0.037,1842.24,2375.0
1784349413,eth,1806048000000,3800.0,call,57.16,0.020052,0.019,0.021,1879.53,1233.0
1784349413,eth,1785484800000,4400.0,call,105.11,0.0,,0.0001,1842.28,988.0
1784349413,eth,1790323200000,1500.0,put,55.14,0.022881,0.022,0.0235,1847.81,11029.0
1784349413,eth,1785484800000,2050.0,put,46.72,0.117934,0.112,0.123,1842.24,643.0
1784349413,eth,1785484800000,1450.0,call,68.32,0.214391,0.209,0.221,1842.24,51.0
1784349413,eth,1798185600000,2400.0,put,53.42,0.344882,0.334,0.3535,1860.74,1716.0
1784349413,eth,1785484800000,3800.0,put,94.88,1.062652,0.9835,1.1485,1842.24,0.0
1784349413,eth,1806048000000,2300.0,put,55.46,0.332847,0.3205,0.3435,1879.53,1576.0
1784349413,eth,1806048000000,1700.0,put,56.83,0.133601,0.132,0.135,1879.53,1458.0
1784349413,eth,1785484800000,1650.0,call,52.95,0.110932,0.1085,0.114,1842.28,5847.0
1784349413,eth,1790323200000,12000.0,call,115.57,3e-05,,0.0002,1847.81,1341.0
1784349413,eth,1813910400000,2900.0,put,56.95,0.613047,0.5285,0.7255,1897.28,0.0
1784349413,eth,1787904000000,1400.0,call,60.25,0.247521,0.2425,0.254,1843.26,100.0
1784349413,eth,1784534400000,1950.0,call,37.98,0.00028,0.0003,0.0004,1841.59,193.0
1784349413,eth,1787904000000,2800.0,call,58.48,0.001437,0.0013,0.0016,1843.3,2609.0
1784349413,eth,1784448000000,1925.0,call,38.81,0.000167,0.0001,0.0003,1841.59,316.0
1784349413,eth,1806048000000,4200.0,put,57.92,1.248239,1.1535,1.3655,1879.53,5.0
1784349413,eth,1784534400000,1850.0,call,30.83,0.007374,0.0065,0.008,1841.59,609.0
1784349413,eth,1785484800000,1600.0,put,56.13,0.004289,0.004,0.0045,1842.28,13174.0
1784349413,eth,1790323200000,5800.0,call,83.48,0.000142,0.0001,0.0002,1847.81,4884.0
1784349413,eth,1798185600000,1900.0,call,53.98,0.133067,0.132,0.1345,1860.7,1199.0
1784349413,eth,1806048000000,1000.0,put,66.61,0.024789,0.024,0.0255,1879.53,7247.0
1784349413,eth,1813910400000,3500.0,put,57.46,0.895235,0.8035,1.016,1897.24,3.0
1784349413,eth,1785484800000,2250.0,put,55.02,0.222531,0.2155,0.2285,1842.28,706.0
1784349413,eth,1786089600000,1750.0,call,47.91,0.073451,0.069,0.074,1842.76,50.0
1784349413,eth,1787904000000,1750.0,call,48.84,0.092159,0.089,0.0955,1843.3,4254.0
1784349413,eth,1784361600000,1925.0,call,55.95,0.0,,0.0001,1841.59,2179.0
1784349413,eth,1813910400000,3400.0,call,57.32,0.05473,0.053,0.0565,1897.24,15.0
1784349413,eth,1784448000000,1825.0,put,25.21,0.002225,0.0019,0.0026,1841.59,3749.0
1784349413,eth,1806048000000,2800.0,put,55.63,0.549141,0.4725,0.65,1879.58,12.0
1784349413,eth,1798185600000,2400.0,call,53.42,0.055072,0.054,0.0555,1860.7,11784.0
1784349413,eth,1798185600000,1700.0,put,54.94,0.099141,0.098,0.1005,1860.74,12655.0
1784349413,eth,1790323200000,8500.0,put,97.73,3.600077,3.423,3.7925,1847.81,0.0
1784349413,eth,1784534400000,1600.0,put,66.14,3.9e-05,,0.0001,1841.59,1345.0
1784349413,eth,1785484800000,4400.0,put,105.11,1.388332,1.2965,1.4875,1842.28,0.0
1784349413,eth,1790323200000,2400.0,call,49.84,0.013665,0.013,0.0145,1847.81,7234.0
1784349413,eth,1806048000000,2900.0,call,55.75,0.052909,0.052,0.054,1879.58,2102.0
1784349413,eth,1798185600000,6000.0,call,66.76,0.000978,0.0008,0.0012,1860.74,10376.0
1784349413,eth,1785484800000,1000.0,call,111.11,0.457282,0.453,0.4615,1842.28,86.0
1784349413,eth,1813910400000,2200.0,put,57.08,0.322977,0.311,0.3335,1897.24,0.0
1784349413,eth,1787904000000,1650.0,call,51.03,0.13014,0.127,0.1335,1843.3,1617.0
1784349413,eth,1784620800000,2000.0,put,42.6,0.086313,0.0445,0.132,1841.59,0.0
1784349413,eth,1784534400000,1950.0,put,37.98,0.059047,0.0185,0.1035,1841.59,50.0
1784349413,eth,1785484800000,2600.0,call,70.22,0.000242,0.0002,0.0003,1842.28,3655.0
1784349413,eth,1787904000000,1100.0,call,77.34,0.404991,0.4005,0.409,1843.26,50.0
1784349413,eth,1784880000000,1650.0,call,54.1,0.105781,0.0995,0.1125,1841.76,5.0
1784349413,eth,1784361600000,1950.0,put,62.09,0.058855,0.0285,0.1025,1841.59,11.0
1784349413,eth,1813910400000,800.0,call,70.18,0.598876,0.5955,0.6025,1897.24,114.0
1784349413,eth,1785484800000,1200.0,call,90.75,0.348923,0.3475,0.351,1842.28,284.0
1784349413,eth,1785484800000,2800.0,call,78.86,0.000141,0.0001,0.0002,1842.24,6660.0
