snap_ts,asset,expiry_ms,strike,opt_type,mark_iv,mark_price,bid,ask,underlying_price,open_interest
1791369553,btc,1795766400000,73000.0,put,39.14,0.01167534,0.0115,0.012,84287.43,65.4
1791369553,btc,1798185600000,104000.0,call,38.36,0.01204098,0.0115,0.0125,84601.46,175.3
1791369553,btc,1821772800000,60000.0,call,42.35,0.35055696,0.3495,0.353,87942.93,0.0
1791369553,btc,1791446400000,86000.0,call,36.59,0.00051457,0.0004,0.0006,83678.6,142.2
1791369553,btc,1795766400000,70000.0,call,41.04,0.17708748,0.1755,0.1795,84287.43,3.3
1791369553,btc,1792137600000,88000.0,put,33.17,0.05521398,0.0535,0.057,83788.18,10.3
1791369553,btc,1791446400000,86000.0,put,36.59,0.02831944,0.026,0.03,83673.84,0.3
1791369553,btc,1791532800000,81000.0,put,36.61,0.00134186,0.0012,0.0015,83692.36,1102.4
1791369553,btc,1793347200000,106000.0,put,45.16,0.26326205,0.2605,0.2655,83971.29,0.0
1791369553,btc,1791619200000,81500.0,put,32.43,0.00274118,0.0026,0.0029,83705.61,12.0
1791369553,btc,1793347200000,90000.0,put,34.23,0.08229131,0.0805,0.084,83976.05,45.3
1791369553,btc,1792137600000,75000.0,put,40.27,0.00093376,0.0008,0.001,83788.18,149.5
1791369553,btc,1813910400000,105000.0,put,38.68,0.27146259,0.269,0.2735,86832.08,2.1
1791369553,btc,1806048000000,112000.0,put,38.75,0.33188047,0.328,0.334,85664.14,0.1
1791369553,btc,1798185600000,58000.0,call,49.17,0.31822373,0.3165,0.3205,84601.46,40.3
1791369553,btc,1793347200000,79000.0,call,34.35,0.07092191,0.0705,0.072,83971.29,263.9
1791369553,btc,1795766400000,112000.0,call,42.76,0.00274928,0.0026,0.003,84287.43,9.3
1791369553,btc,1791532800000,85000.0,call,29.87,0.00296894,0.0029,0.0032,83687.6,469.4
1791369553,btc,1813910400000,90000.0,call,38.42,0.11385948,0.113,0.115,86832.08,750.3
1791369553,btc,1806048000000,78000.0,call,38.0,0.14955997,0.149,0.1505,85664.14,647.6
1791369553,btc,1791619200000,86000.0,call,30.49,0.00229289,0.0022,0.0025,83700.85,1.4
1791369553,btc,1795766400000,68000.0,put,42.88,0.00598635,0.0055,0.006,84282.67,182.2
1791369553,btc,1791446400000,77000.0,call,72.26,0.07987078,0.078,0.082,83678.6,0.0
1791369553,btc,1791532800000,82000.0,call,32.84,0.02267607,0.0215,0.0245,83692.36,292.0
1791369553,btc,1798185600000,95000.0,put,36.94,0.15008883,0.1475,0.1515,84601.46,143.8
1791369553,btc,1795766400000,81000.0,put,36.44,0.03596102,0.0355,0.0365,84287.43,364.0
1791369553,btc,1792742400000,79000.0,call,33.27,0.0652792,0.0635,0.067,83872.1,0.0
1791369553,btc,1791532800000,78000.0,call,51.21,0.06833954,0.0665,0.0705,83692.36,28.2
1791369553,btc,1813910400000,55000.0,put,44.97,0.0167487,0.016,0.0175,86826.92,37.0
1791369553,btc,1806048000000,96000.0,call,37.52,0.05809928,0.0575,0.059,85664.41,269.6
1791369553,btc,1791619200000,88000.0,put,33.51,0.05196989,0.0495,0.054,83705.61,0.0
1791369553,btc,1793347200000,60000.0,call,58.47,0.28592302,0.2845,0.2875,83976.05,13.7
1791369553,btc,1793347200000,76000.0,put,36.43,0.0060297,0.0055,0.0065,83971.29,915.6
1791369553,btc,1793347200000,45000.0,call,86.68,0.46419225,0.463,0.4655,83976.05,0.9
1791369553,btc,1793347200000,66000.0,call,49.77,0.21513285,0.2135,0.2165,83976.05,79.8
1791369553,btc,1821772800000,108000.0,call,39.11,0.07887996,0.078,0.08,87938.17,0.0
1791369553,btc,1793347200000,58000.0,call,61.37,0.30962151,0.308,0.311,83976.05,0.0
1791369553,btc,1798185600000,70000.0,put,40.19,0.01376432,0.0135,0.014,84601.46,2531.1
1791369553,btc,1793347200000,90000.0,call,34.23,0.01049115,0.01,0.011,83976.05,14999.9
1791369553,btc,1795766400000,98000.0,call,37.72,0.01102132,0.0105,0.0115,84282.67,786.4
1791369553,btc,1798185600000,125000.0,call,44.39,0.00281706,0.0027,0.0029,84601.46,521.1
1791369553,btc,1813910400000,40000.0,put,53.86,0.00551876,0.005,0.006,86826.92,1251.1
1791369553,btc,1791446400000,82500.0,call,35.91,0.01615253,0.0145,0.0185,83678.6,0.0
1791369553,btc,1793347200000,94000.0,put,36.52,0.12449702,0.122,0.1265,83976.05,0.1
1791369553,btc,1791532800000,81000.0,call,36.61,0.03345039,0.0315,0.0355,83692.36,101.1
1791369553,btc,1798185600000,100000.0,call,37.59,0.01711136,0.017,0.0175,84596.45,5851.2
1791369553,btc,1791619200000,81500.0,call,32.43,0.0290161,0.027,0.031,83700.85,0.0
1791369553,btc,1821772800000,102000.0,put,38.97,0.25578319,0.2525,0.258,87938.17,0.0
1791369553,btc,1806048000000,62000.0,put,42.7,0.01656979,0.016,0.017,85664.14,443.1
1791369553,btc,1791446400000,84500.0,put,31.37,0.01235827,0.0105,0.014,83673.84,69.8
1791369553,btc,1795766400000,80000.0,call,36.67,0.08240238,0.082,0.0835,84282.67,1150.9
1791369553,btc,1792742400000,84000.0,call,31.9,0.0257792,0.0255,0.0265,83872.1,20.4
1791369553,btc,1813910400000,135000.0,put,41.17,0.57583723,0.5715,0.5785,86832.08,0.0
1791369553,btc,1813910400000,94000.0,put,38.41,0.17962978,0.178,0.1805,86832.08,0.1
1791369553,btc,1795766400000,92000.0,call,36.56,0.02243609,0.022,0.023,84287.43,457.6
1791369553,btc,1798185600000,58000.0,put,49.17,0.00387765,0.0036,0.0041,84601.46,1823.3
1791369553,btc,1793347200000,100000.0,put,40.32,0.19276161,0.19,0.195,83976.05,1.3
1791369553,btc,1791705600000,81500.0,put,29.11,0.00299765,0.0029,0.0033,83724.73166666666,0.1
1791369553,btc,1798185600000,220000.0,call,67.99,0.000177,0.0001,0.0003,84596.45,252.9
1791369553,btc,1806048000000,80000.0,call,37.78,0.13564244,0.135,0.1365,85664.14,1107.0
1791369553,btc,1791619200000,87000.0,put,31.73,0.04056362,0.0385,0.0425,83705.61,0.0
1791369553,btc,1798185600000,56000.0,put,51.14,0.0032316,0.003,0.0033,84601.46,520.4
1791369553,btc,1798185600000,140000.0,call,48.65,0.00130774,0.0012,0.0014,84596.45,1418.2
1791369553,btc,1793347200000,71000.0,call,42.22,0.15679328,0.155,0.1585,83976.05,939.4
1791369553,btc,1793347200000,106000.0,call,45.16,0.00091652,0.0008,0.001,83971.29,178.6
1791369553,btc,1798185600000,76000.0,put,37.91,0.02777772,0.0275,0.0285,84601.46,444.9
1791369553,btc,1798185600000,250000.0,call,73.51,0.00011969,,0.0002,84601.46,1282.4
1791369553,btc,1813910400000,85000.0,call,38.52,0.13874981,0.138,0.14,86832.08,163.0
1791369553,btc,1813910400000,45000.0,put,50.3,0.00794893,0.0075,0.0085,86826.92,161.6
1791369553,btc,1813910400000,106000.0,call,38.73,0.05965192,0.059,0.0605,86826.92,19.0
1791369553,btc,1806048000000,70000.0,call,39.64,0.21489393,0.2135,0.217,85664.14,770.5
1791369553,btc,1791532800000,92000.0,put,50.64,0.09938971,0.097,0.1015,83692.36,0.0
1791369553,btc,1795766400000,92000.0,put,36.56,0.11400871,0.112,0.1155,84287.43,2.1
1791369553,btc,1793347200000,40000.0,put,94.14,3.658e-05,,0.0001,83976.05,226.8
1791369553,btc,1792137600000,82000.0,call,31.41,0.0318085,0.031,0.033,83788.18,18.0
1791369553,btc,1813910400000,108000.0,call,38.85,0.05512722,0.0545,0.056,86832.08,35.2
1791369553,btc,1791619200000,82500.0,put,30.84,0.00517079,0.0048,0.0055,83705.61,9.2
1791369553,btc,1791446400000,80000.0,call,54.28,0.04441112,0.0425,0.0465,83673.84,0.0
1791369553,btc,1791619200000,80000.0,put,36.67,0.0012081,0.0011,0.0013,83700.85,4.8
1791369553,btc,1792742400000,82000.0,call,31.91,0.03886997,0.0385,0.04,83872.1,0.3
1791369553,btc,1813910400000,115000.0,put,39.26,0.36645397,0.363,0.3685,86832.08,1.0
1791369553,btc,1793347200000,95000.0,put,36.81,0.13545144,0.133,0.1375,83976.05,201.3
1791369553,btc,1806048000000,45000.0,put,53.58,0.00411764,0.0038,0.0041,85664.14,252.9
1791369553,btc,1795766400000,108000.0,call,41.11,0.00388502,0.0037,0.0041,84282.67,104.7
1791369553,btc,1791619200000,86500.0,put,31.01,0.03505868,0.033,0.037,83705.61,0.0
1791369553,btc,1795766400000,83000.0,call,36.29,0.06154737,0.061,0.062,84287.43,102.4
1791369553,btc,1795766400000,98000.0,put,37.72,0.17378346,0.1715,0.176,84287.43,0.0
1791369553,btc,1795766400000,78000.0,put,37.06,0.02393422,0.0235,0.0245,84282.67,715.8
1791369553,btc,1798185600000,65000.0,put,43.29,0.00785061,0.0075,0.008,84596.45,828.7
1791369553,btc,1795766400000,104000.0,call,39.64,0.00575055,0.0055,0.006,84282.67,69.0
1791369553,btc,1791532800000,68000.0,put,94.76,2.003e-05,,0.0001,83692.36,802.0
1791369553,btc,1791705600000,85500.0,put,27.39,0.02500214,0.0235,0.0275,83724.73166666666,0.0
1791369553,btc,1813910400000,130000.0,call,40.59,0.02449155,0.024,0.025,86826.92,771.8
1791369553,btc,1795766400000,90000.0,put,36.43,0.09638122,0.095,0.097,84282.67,9.5
1791369553,btc,1791619200000,92000.0,call,41.31,6.147e-05,,0.0002,83700.85,66.7
1791369553,btc,1798185600000,40000.0,call,72.18,0.52815291,0.527,0.53,84601.46,253.2
1791369553,btc,1795766400000,86000.0,call,36.26,0.04493469,0.0445,0.0455,84287.43,183.2
1791369553,btc,1798185600000,135000.0,put,47.37,0.59760106,0.593,0.6005,84601.46,0.7
1791369553,btc,1806048000000,105000.0,call,38.06,0.0353706,0.035,0.036,85664.14,243.8
1791369553,btc,1806048000000,100000.0,put,37.68,0.21389796,0.2115,0.2155,85664.14,12.7
1791369553,btc,1821772800000,160000.0,put,42.93,0.83911056,0.834,0.8435,87942.93,0.0
1791369553,btc,1813910400000,130000.0,put,40.59,0.52181497,0.518,0.5245,86826.92,3.9
1791369553,btc,1798185600000,20000.0,put,110.93,0.00018784,0.0001,0.0003,84596.45,934.2
1791369553,btc,1793347200000,74000.0,call,38.41,0.12272511,0.121,0.1245,83976.05,615.7
1791369553,btc,1791619200000,85500.0,call,30.07,0.00327793,0.0032,0.0035,83705.61,2.3
1791369553,btc,1791532800000,100000.0,call,53.61,2e-08,,0.0001,83692.36,328.0
1791369553,btc,1821772800000,200000.0,put,46.32,1.28377898,1.262,1.306,87942.93,0.0
1791369553,btc,1791446400000,76000.0,put,72.64,3.84e-05,,0.0001,83678.6,14.2
1791369553,btc,1795766400000,99000.0,put,38.02,0.18448573,0.182,0.1865,84287.43,0.0
1791369553,btc,1813910400000,80000.0,call,38.84,0.16841579,0.1675,0.1695,86832.08,185.0
1791369553,btc,1792137600000,95000.0,put,39.08,0.134365,0.132,0.137,83788.18,0.0
1791369553,btc,1806048000000,140000.0,call,42.65,0.00694181,0.0065,0.0075,85664.14,905.4
1791369553,btc,1795766400000,73000.0,call,39.14,0.14553619,0.144,0.148,84287.43,0.6
1791369553,btc,1792742400000,78000.0,put,34.15,0.0055328,0.005,0.006,83867.34,537.2
1791369553,btc,1798185600000,62000.0,call,45.58,0.27277454,0.2715,0.275,84601.46,247.1
1791369553,btc,1791446400000,77000.0,put,72.26,0.00011467,,0.0002,83678.6,3.8
1791369553,btc,1821772800000,92000.0,call,38.94,0.13309467,0.132,0.134,87942.93,3.2
1791369553,btc,1813910400000,135000.0,call,41.17,0.02092444,0.0205,0.0215,86832.08,12.8
1791369553,btc,1793347200000,71000.0,put,42.22,0.00232661,0.0022,0.0023,83976.05,1635.4
1791369553,btc,1813910400000,82000.0,call,38.69,0.15597033,0.155,0.157,86832.08,68.3
1791369553,btc,1791619200000,85000.0,put,29.78,0.02017888,0.0185,0.0215,83700.85,0.5
1791369553,btc,1813910400000,110000.0,call,38.85,0.0506388,0.05,0.0515,86826.92,289.0
1791369553,btc,1791532800000,92000.0,call,50.64,5.607e-05,,0.0001,83687.6,951.8
1791369553,btc,1813910400000,85000.0,put,38.52,0.11776897,0.1165,0.119,86832.08,16.8
1791369553,btc,1791446400000,89500.0,call,49.73,2.344e-05,,0.0001,83678.6,200.7
1791369553,btc,1806048000000,108000.0,call,38.3,0.03001481,0.0295,0.0305,85659.38,98.0
1791369553,btc,1795766400000,74000.0,call,38.63,0.1354974,0.134,0.1375,84287.43,0.4
1791369553,btc,1813910400000,104000.0,call,38.64,0.06463685,0.064,0.0655,86832.08,185.9
1791369553,btc,1791705600000,93000.0,put,40.46,0.110867,0.1085,0.113,83724.73166666666,0.0
1791369553,btc,1798185600000,60000.0,call,47.37,0.29541917,0.294,0.298,84601.46,784.1
1791369553,btc,1791619200000,91000.0,put,37.41,0.08729374,0.085,0.0895,83705.61,0.0
1791369553,btc,1791446400000,88500.0,put,44.38,0.0577204,0.0555,0.06,83678.6,0.0
1791369553,btc,1821772800000,74000.0,put,39.83,0.07696025,0.0755,0.078,87942.93,25.1
1791369553,btc,1791619200000,90000.0,put,36.9,0.07544064,0.073,0.0775,83700.85,0.0
1791369553,btc,1806048000000,55000.0,put,46.31,0.00915353,0.009,0.0095,85664.14,1159.8
1791369553,btc,1813910400000,150000.0,call,42.81,0.01344367,0.013,0.014,86832.08,219.3
1791369553,btc,1791446400000,87500.0,put,43.75,0.04588658,0.0435,0.048,83678.6,0.0
1791369553,btc,1793347200000,54000.0,call,66.9,0.35709357,0.356,0.3585,83976.05,0.1
1791369553,btc,1791446400000,84000.0,call,31.56,0.00447085,0.0044,0.0049,83678.6,10.4
1791369553,btc,1792742400000,82000.0,put,31.91,0.01662334,0.016,0.017,83867.34,33.4
1791369553,btc,1791619200000,83000.0,call,29.98,0.01529511,0.0145,0.016,83700.85,0.0
1791369553,btc,1793347200000,91000.0,call,34.6,0.00859964,0.0085,0.009,83976.05,2080.7
1791369553,btc,1791446400000,96000.0,call,51.22,0.0,,0.0001,83678.6,0.9
1791369553,btc,1793347200000,82000.0,put,33.31,0.02246644,0.022,0.023,83976.05,628.4
1791369553,btc,1806048000000,106000.0,put,38.12,0.2709172,0.2675,0.273,85664.14,0.1
1791369553,btc,1791619200000,89500.0,put,35.02,0.06948645,0.067,0.0715,83700.85,0.0
1791369553,btc,1791532800000,95000.0,put,51.92,0.135185,0.133,0.1375,83692.36,0.7
1791369553,btc,1791619200000,94000.0,put,48.43,0.12311883,0.1205,0.1255,83700.85,0.0
1791369553,btc,1792137600000,78000.0,call,34.88,0.07133277,0.0695,0.0735,83788.18,0.1
1791369553,btc,1792742400000,89000.0,call,33.31,0.00779883,0.0075,0.008,83872.1,272.7
1791369553,btc,1791446400000,92000.0,put,51.14,0.09951273,0.097,0.1015,83678.6,0.0
1791369553,btc,1793347200000,54000.0,put,66.9,0.00017525,0.0001,0.0003,83976.05,191.6
1791369553,btc,1798185600000,210000.0,put,65.08,1.48271703,1.4725,1.491,84596.45,0.0
1791369553,btc,1791532800000,70000.0,put,89.17,4.718e-05,,0.0001,83687.6,138.6
1791369553,btc,1798185600000,80000.0,call,37.21,0.09764081,0.0975,0.099,84601.46,8731.0
1791369553,btc,1821772800000,80000.0,put,39.3,0.10525193,0.104,0.1065,87942.93,335.4
1791369553,btc,1798185600000,105000.0,put,38.57,0.25232636,0.2495,0.2545,84601.46,107.5
1791369553,btc,1798185600000,200000.0,put,62.91,1.36453255,1.355,1.372,84596.45,0.0
1791369553,btc,1795766400000,106000.0,call,40.47,0.00476317,0.0045,0.005,84287.43,30.2
1791369553,btc,1795766400000,102000.0,put,38.8,0.21720799,0.215,0.2185,84282.67,5.0
1791369553,btc,1792742400000,88000.0,call,32.87,0.01000312,0.0095,0.0105,83872.1,42.5
1791369553,btc,1795766400000,67000.0,put,43.82,0.00530721,0.005,0.0055,84287.43,183.4
1791369553,btc,1791705600000,84500.0,call,27.11,0.00718926,0.007,0.0075,83724.73166666666,0.2
1791369553,btc,1792742400000,86000.0,put,32.34,0.04184552,0.041,0.0425,83872.1,69.6
1791369553,btc,1793347200000,64000.0,put,52.0,0.00076422,0.0007,0.0008,83976.05,650.5
1791369553,btc,1793347200000,75000.0,call,37.36,0.11170981,0.11,0.1135,83976.05,1166.1
1791369553,btc,1798185600000,170000.0,put,56.34,1.01011363,1.003,1.0155,84601.46,0.1
1791369553,btc,1806048000000,60000.0,call,43.7,0.31361108,0.312,0.3155,85664.14,647.9
1791369553,btc,1793347200000,85000.0,call,33.4,0.02778535,0.0275,0.0285,83976.05,1976.4
1791369553,btc,1793347200000,66000.0,put,49.77,0.00112158,0.001,0.0012,83976.05,538.7
1791369553,btc,1821772800000,104000.0,put,39.01,0.27250566,0.269,0.275,87938.17,0.0
1791369553,btc,1792137600000,76000.0,put,38.37,0.00123951,0.0011,0.0013,83783.42,523.2
1791369553,btc,1791705600000,76000.0,put,46.93,0.00039368,0.0003,0.0005,83724.73166666666,0.0
1791369553,btc,1791705600000,79000.0,put,35.7,0.00087976,0.0008,0.001,83724.73166666666,0.0
1791369553,btc,1798185600000,72000.0,call,39.31,0.16630173,0.165,0.1685,84601.46,1214.1
1791369553,btc,1798185600000,40000.0,put,72.18,0.00101768,0.0009,0.0011,84601.46,4990.7
1791369553,btc,1821772800000,70000.0,put,40.34,0.06133467,0.06,0.062,87942.93,7.2
1791369553,btc,1791532800000,90000.0,call,42.74,9.634e-05,,0.0002,83692.36,1840.8
1791369553,btc,1791532800000,86000.0,call,30.89,0.00119648,0.0012,0.0014,83687.6,889.2
1791369553,btc,1798185600000,135000.0,call,47.37,0.00168245,0.0016,0.0018,84601.46,1466.7
1791369553,btc,1791705600000,87000.0,call,28.55,0.00136189,0.0013,0.0016,83724.73166666666,0.1
1791369553,btc,1791705600000,94000.0,call,41.09,4.332e-05,,0.0001,83724.73166666666,0.0
1791369553,btc,1791446400000,82000.0,put,38.81,0.00142294,0.0013,0.0015,83678.6,70.9
1791369553,btc,1821772800000,135000.0,call,40.81,0.03570085,0.035,0.0365,87938.17,100.0
1791369553,btc,1791532800000,89000.0,call,39.05,0.00014546,0.0001,0.0002,83687.6,1114.7
1791369553,btc,1793347200000,76000.0,call,36.43,0.10095177,0.0995,0.1025,83976.05,519.5
1791369553,btc,1798185600000,104000.0,put,38.36,0.24148939,0.2385,0.2435,84601.46,0.3
1791369553,btc,1791619200000,89000.0,call,34.71,0.00027878,0.0002,0.0004,83700.85,0.1
1791369553,btc,1821772800000,120000.0,call,39.71,0.05440828,0.054,0.0555,87942.93,12.6
1791369553,btc,1813910400000,68000.0,put,40.58,0.04213981,0.041,0.043,86832.08,22.6
1791369553,btc,1791532800000,100000.0,put,53.61,0.19492788,0.1925,0.1975,83692.36,10.8
1791369553,btc,1798185600000,85000.0,put,36.73,0.07065196,0.07,0.071,84601.46,608.6
1791369553,btc,1795766400000,95000.0,call,37.07,0.01571609,0.0155,0.016,84282.67,1088.3
1791369553,btc,1798185600000,84000.0,put,36.76,0.06441403,0.064,0.065,84601.46,226.7
1791369553,btc,1793347200000,70000.0,call,43.68,0.16836709,0.1665,0.17,83976.05,3746.9
1791369553,btc,1793347200000,86000.0,call,33.4,0.02304166,0.023,0.0235,83976.05,1343.2
1791369553,btc,1792742400000,100000.0,put,41.32,0.19309707,0.1905,0.1955,83867.34,0.0
1791369553,btc,1795766400000,120000.0,call,45.98,0.00148317,0.0013,0.0017,84282.67,123.2
1791369553,btc,1806048000000,180000.0,put,50.22,1.10398272,1.096,1.11,85664.14,0.1
1791369553,btc,1791705600000,88000.0,put,29.74,0.05175749,0.0495,0.0545,83724.73166666666,0.0
1791369553,btc,1813910400000,72000.0,call,39.8,0.22576578,0.2245,0.227,86826.92,87.2
1791369553,btc,1792137600000,82000.0,put,31.41,0.01054042,0.01,0.011,83788.18,212.4
1791369553,btc,1791705600000,91000.0,put,35.18,0.08703597,0.0845,0.09,83724.73166666666,0.0
1791369553,btc,1821772800000,84000.0,call,39.07,0.17215413,0.1705,0.1745,87942.93,503.1
1791369553,btc,1792137600000,89000.0,put,33.63,0.06563136,0.064,0.0675,83783.42,7.7
1791369553,btc,1813910400000,110000.0,put,38.85,0.31760477,0.315,0.32,86832.08,5.3
1791369553,btc,1791619200000,87000.0,call,31.73,0.00112704,0.0011,0.0012,83705.61,17.6
1791369553,btc,1821772800000,150000.0,call,42.09,0.02461618,0.024,0.0255,87942.93,25.7
1791369553,btc,1791705600000,74000.0,put,53.43,0.00022694,0.0002,0.0003,83724.73166666666,0.0
1791369553,btc,1792742400000,75000.0,put,37.52,0.00255525,0.0023,0.0027,83872.1,12.8
1791369553,btc,1795766400000,110000.0,call,41.93,0.00325528,0.0031,0.0035,84282.67,270.6
1791369553,btc,1792137600000,92000.0,call,36.03,0.0011743,0.0011,0.0013,83788.18,627.9
1791369553,btc,1792742400000,79000.0,put,33.27,0.00726111,0.007,0.0075,83867.34,100.1
1791369553,btc,1798185600000,130000.0,call,45.93,0.00216527,0.0022,0.0023,84601.46,1572.0
1791369553,btc,1806048000000,92000.0,call,37.45,0.07246831,0.072,0.073,85664.14,419.7
1791369553,btc,1793347200000,87000.0,call,33.56,0.01906885,0.019,0.0195,83976.05,674.7
1791369553,btc,1813910400000,58000.0,put,43.73,0.0208599,0.02,0.0215,86826.92,101.6
1791369553,btc,1795766400000,71000.0,call,40.44,0.16643575,0.165,0.1685,84287.43,0.2
1791369553,btc,1821772800000,112000.0,call,39.25,0.06941951,0.0685,0.0705,87942.93,0.0
1791369553,btc,1791705600000,84000.0,call,27.09,0.00960852,0.0095,0.01,83724.73166666666,0.2
1791369553,btc,1806048000000,96000.0,put,37.52,0.17882078,0.1765,0.1805,85664.14,6.8
1791369553,btc,1793347200000,88000.0,call,33.77,0.01571648,0.0155,0.0165,83976.05,1506.9
1791369553,btc,1791446400000,96000.0,put,51.22,0.14731706,0.145,0.1495,83678.6,0.0
1791369553,btc,1792742400000,88000.0,put,32.87,0.05928757,0.0575,0.061,83872.1,0.0
1791369553,btc,1793347200000,62000.0,call,55.44,0.26225409,0.2605,0.2635,83976.05,13.5
1791369553,btc,1791619200000,77000.0,put,48.13,0.0004002,0.0003,0.0005,83700.85,18.0
1791369553,btc,1813910400000,74000.0,call,39.49,0.21027501,0.209,0.2115,86832.08,23.3
1791369553,btc,1792742400000,83000.0,call,31.92,0.03191071,0.0315,0.0325,83872.1,1.9
1791369553,btc,1813910400000,68000.0,call,40.58,0.25892448,0.2575,0.26,86832.08,14.7
1791369553,btc,1791532800000,88000.0,call,34.93,0.00021916,0.0002,0.0003,83687.6,565.5
1791369553,btc,1791446400000,83500.0,put,32.11,0.0053343,0.005,0.0055,83678.6,112.0
1791369553,btc,1791705600000,90000.0,call,32.15,0.00017909,0.0001,0.0003,83724.73166666666,0.0
1791369553,btc,1806048000000,65000.0,put,41.32,0.02115858,0.0205,0.0215,85664.14,894.2
1791369553,btc,1793347200000,57000.0,call,62.89,0.32148507,0.32,0.323,83976.05,0.1
1791369553,btc,1791619200000,93000.0,put,45.33,0.11118165,0.109,0.1135,83700.85,0.0
1791369553,btc,1792137600000,76000.0,call,38.37,0.09412212,0.0925,0.096,83783.42,0.0
1791369553,btc,1791619200000,82500.0,call,30.85,0.01950266,0.0185,0.0205,83700.85,0.0
1791369553,btc,1792742400000,73000.0,put,40.69,0.00169527,0.0015,0.0018,83867.34,7.9
1791369553,btc,1798185600000,210000.0,call,65.08,0.00017697,0.0001,0.0003,84601.46,162.5
1791369553,btc,1798185600000,92000.0,call,36.78,0.03570719,0.0355,0.036,84601.46,747.0
1791369553,btc,1821772800000,210000.0,put,47.18,1.39624032,1.373,1.42,87942.93,0.0
1791369553,btc,1806048000000,90000.0,call,37.42,0.08074781,0.08,0.0815,85664.14,900.2
1791369553,btc,1813910400000,112000.0,put,39.1,0.33715484,0.334,0.339,86832.08,0.0
1791369553,btc,1798185600000,86000.0,call,36.65,0.06044996,0.06,0.061,84601.46,724.3
1791369553,btc,1795766400000,84000.0,call,36.27,0.0555803,0.055,0.056,84287.43,83.0
1791369553,btc,1813910400000,90000.0,put,38.42,0.150468,0.149,0.1515,86832.08,87.0
1791369553,btc,1793347200000,68000.0,put,46.53,0.00145519,0.0013,0.0015,83976.05,1393.3
1791369553,btc,1821772800000,96000.0,call,38.93,0.1167616,0.1155,0.118,87942.93,0.4
1791369553,btc,1791532800000,74000.0,call,65.78,0.11581872,0.114,0.1175,83692.36,1.1
1791369553,btc,1806048000000,160000.0,put,46.41,0.87177477,0.866,0.8745,85659.38,0.1
1791369553,btc,1798185600000,74000.0,call,38.54,0.14725734,0.146,0.1495,84596.45,137.7
1791369553,btc,1792137600000,79000.0,put,33.6,0.00335161,0.0031,0.0035,83788.18,611.8
1791369553,btc,1792742400000,83000.0,put,31.92,0.0215879,0.021,0.022,83872.1,220.3
1791369553,btc,1792137600000,94000.0,put,37.72,0.12255795,0.12,0.125,83788.18,0.0
1791369553,btc,1798185600000,54000.0,call,53.2,0.3643346,0.363,0.3665,84596.45,32.2
1791369553,btc,1798185600000,200000.0,call,62.91,0.00020869,0.0001,0.0004,84596.45,962.4
1791369553,btc,1791532800000,72000.0,put,76.67,4.969e-05,,0.0001,83692.36,151.2
1791369553,btc,1791446400000,75000.0,call,75.41,0.10367519,0.102,0.1055,83678.6,0.0
1791369553,btc,1795766400000,71000.0,put,40.44,0.00884506,0.0085,0.009,84287.43,28.7
1791369553,btc,1791532800000,84500.0,put,29.86,0.01432649,0.013,0.015,83692.36,84.8
1791369553,btc,1791446400000,85000.0,call,32.27,0.0013704,0.0013,0.0016,83678.6,187.7
1791369553,btc,1791619200000,85500.0,put,30.07,0.02478988,0.023,0.0265,83700.85,0.3
1791369553,btc,1821772800000,135000.0,put,40.81,0.57088069,0.566,0.575,87942.93,0.0
1791369553,btc,1821772800000,150000.0,put,42.09,0.73037156,0.725,0.7345,87942.93,0.0
1791369553,btc,1791619200000,83000.0,put,29.98,0.0069415,0.0065,0.0075,83705.61,5.0
1791369553,btc,1813910400000,72000.0,put,39.8,0.0550526,0.054,0.056,86832.08,54.5
1791369553,btc,1791446400000,94000.0,call,51.22,1e-08,,0.0001,83678.6,4.4
1791369553,btc,1798185600000,45000.0,call,64.32,0.46938386,0.468,0.471,84601.46,94.5
1791369553,btc,1813910400000,70000.0,call,40.14,0.24192496,0.2405,0.243,86826.92,207.3
1791369553,btc,1792137600000,83000.0,call,31.29,0.02440777,0.024,0.025,83788.18,39.2
1791369553,btc,1798185600000,68000.0,put,41.4,0.0110304,0.0105,0.0115,84601.46,695.2
1791369553,btc,1798185600000,115000.0,put,41.39,0.36473474,0.361,0.367,84601.46,5.0
1791369553,btc,1806048000000,98000.0,put,37.59,0.19603594,0.194,0.1975,85664.14,1.6
1791369553,btc,1813910400000,78000.0,put,38.99,0.07991089,0.079,0.081,86826.92,106.5
1791369553,btc,1793347200000,48000.0,put,78.54,9.725e-05,,0.0001,83976.05,196.2
1791369553,btc,1798185600000,102000.0,put,37.98,0.22016086,0.217,0.2225,84601.46,7.8
1791369553,btc,1813910400000,120000.0,call,39.66,0.03475836,0.034,0.0355,86826.92,352.3
1791369553,btc,1791532800000,90000.0,put,42.74,0.07553142,0.073,0.0775,83692.36,2.3
1791369553,btc,1791619200000,91000.0,call,37.41,6.697e-05,,0.0002,83705.61,24.2
1791369553,btc,1791619200000,87500.0,put,32.66,0.04622634,0.044,0.048,83705.61,0.0
1791369553,btc,1791446400000,84000.0,put,31.56,0.00837328,0.0075,0.0085,83678.6,308.3
1791369553,btc,1792137600000,85000.0,call,31.55,0.01335849,0.013,0.014,83788.18,96.3
1791369553,btc,1813910400000,106000.0,put,38.73,0.2805464,0.278,0.2825,86826.92,0.0
1791369553,btc,1792742400000,92000.0,put,34.94,0.10069594,0.0985,0.103,83867.34,0.0
1791369553,btc,1791619200000,84000.0,call,29.82,0.00890194,0.0085,0.0095,83705.61,102.4
1791369553,btc,1806048000000,170000.0,put,48.33,0.98776038,0.9815,0.9905,85664.14,0.4
1791369553,btc,1791705600000,82000.0,call,28.39,0.02467305,0.0225,0.0275,83724.73166666666,0.0
1791369553,btc,1791532800000,94000.0,put,51.92,0.12324236,0.121,0.1255,83692.36,0.0
1791369553,btc,1791446400000,82000.0,call,38.81,0.02142324,0.0195,0.0235,83678.6,0.0
1791369553,btc,1793347200000,104000.0,put,43.38,0.23964029,0.237,0.242,83976.05,0.0
1791369553,btc,1821772800000,84000.0,put,39.07,0.12737714,0.126,0.129,87942.93,501.0
1791369553,btc,1791446400000,95000.0,call,51.22,0.0,,0.0001,83678.6,3.4
1791369553,btc,1793347200000,91000.0,put,34.6,0.09231137,0.0905,0.0945,83976.05,3.5
1791369553,btc,1821772800000,86000.0,put,38.97,0.13928458,0.138,0.141,87942.93,4.4
1791369553,btc,1791705600000,93000.0,call,40.46,8.41e-05,,0.0002,83724.73166666666,0.0
1791369553,btc,1791446400000,86500.0,call,37.71,0.00028089,0.0002,0.0004,83678.6,83.6
1791369553,btc,1821772800000,76000.0,put,39.63,0.08575846,0.0845,0.087,87942.93,25.6
1791369553,btc,1806048000000,90000.0,put,37.42,0.13142415,0.1305,0.132,85664.41,44.9
1791369553,btc,1791446400000,83500.0,call,32.11,0.00740808,0.007,0.008,83678.6,2.1
1791369553,btc,1791446400000,91000.0,put,51.14,0.08756402,0.085,0.0895,83673.84,0.0
1791369553,btc,1793347200000,80000.0,put,33.87,0.01462207,0.014,0.015,83976.05,2395.6
1791369553,btc,1806048000000,54000.0,put,47.1,0.00855961,0.008,0.009,85664.14,85.5
1791369553,btc,1795766400000,93000.0,call,36.72,0.01993932,0.0195,0.0205,84287.43,202.8
1791369553,btc,1821772800000,108000.0,put,39.11,0.30702384,0.304,0.31,87942.93,0.0
1791369553,btc,1806048000000,60000.0,put,43.7,0.01406197,0.0135,0.0145,85664.14,817.4
1791369553,btc,1791446400000,81000.0,call,45.92,0.03271208,0.031,0.035,83673.84,0.0
1791369553,btc,1798185600000,65000.0,call,43.29,0.23944535,0.238,0.2415,84601.46,916.8
1791369553,btc,1793347200000,110000.0,put,48.48,0.31061416,0.308,0.313,83976.05,0.2
1791369553,btc,1821772800000,140000.0,put,41.31,0.62360702,0.6185,0.6275,87938.17,0.0
1791369553,btc,1791705600000,86000.0,put,27.7,0.02989149,0.0275,0.0325,83724.73166666666,0.0
1791369553,btc,1791619200000,81000.0,put,33.58,0.00202765,0.0019,0.0022,83705.61,9.8
1791369553,btc,1791619200000,85000.0,call,29.78,0.00464176,0.0046,0.0049,83705.61,0.6
1791369553,btc,1821772800000,86000.0,call,38.97,0.16131816,0.1595,0.163,87942.93,1.8
1791369553,btc,1798185600000,190000.0,call,59.87,0.00021869,0.0001,0.0004,84601.46,1027.1
1791369553,btc,1791446400000,85000.0,put,32.27,0.01722374,0.015,0.019,83678.6,63.4
1791369553,btc,1798185600000,230000.0,put,69.83,1.71912374,1.7075,1.7285,84601.46,0.0
1791369553,btc,1806048000000,150000.0,call,44.67,0.00517931,0.0049,0.0055,85664.14,1866.5
1791369553,btc,1791705600000,78000.0,call,39.15,0.06900271,0.067,0.0705,83724.73166666666,0.0
1791369553,btc,1798185600000,45000.0,put,64.32,0.00135673,0.0012,0.0015,84601.46,2812.3
1791369553,btc,1793347200000,67000.0,put,48.12,0.00127248,0.0011,0.0014,83976.05,690.5
1791369553,btc,1813910400000,125000.0,call,40.14,0.02914197,0.0285,0.0295,86826.92,640.2
1791369553,btc,1813910400000,60000.0,call,42.89,0.33288886,0.3315,0.334,86826.92,969.9
1791369553,btc,1792742400000,94000.0,call,36.37,0.00233693,0.0022,0.0025,83867.34,120.5
1791369553,btc,1795766400000,79000.0,put,36.82,0.02751998,0.027,0.028,84287.43,185.1
1791369553,btc,1821772800000,190000.0,call,45.56,0.01117305,0.0105,0.012,87942.93,10.7
1791369553,btc,1791446400000,76000.0,call,72.64,0.09174572,0.09,0.094,83678.6,0.0
1791369553,btc,1793347200000,59000.0,call,60.01,0.29777266,0.2965,0.299,83976.05,1.0
1791369553,btc,1791446400000,79000.0,put,60.75,0.00030873,0.0003,0.0004,83678.6,38.4
1791369553,btc,1813910400000,115000.0,call,39.26,0.04189864,0.041,0.043,86826.92,150.1
1791369553,btc,1806048000000,106000.0,call,38.12,0.03345396,0.033,0.034,85664.14,94.5
1791369553,btc,1793347200000,48000.0,call,78.54,0.42846909,0.427,0.43,83976.05,8.5
1791369553,btc,1791532800000,89000.0,put,39.05,0.06363126,0.0615,0.0655,83687.6,5.1
1791369553,btc,1792742400000,75000.0,call,37.52,0.10826863,0.1065,0.11,83867.34,0.0
1791369553,btc,1806048000000,98000.0,call,37.59,0.05196608,0.0515,0.0525,85664.14,238.6
1791369553,btc,1793347200000,88000.0,put,33.77,0.06370144,0.0625,0.0645,83976.05,2430.8
1791369553,btc,1813910400000,116000.0,put,39.37,0.37650866,0.373,0.3785,86832.08,0.0
1791369553,btc,1793347200000,102000.0,put,41.88,0.21614479,0.2135,0.2185,83976.05,0.0
1791369553,btc,1792137600000,70000.0,call,52.17,0.16485303,0.163,0.1665,83783.42,0.0
1791369553,btc,1795766400000,88000.0,put,36.32,0.08007821,0.079,0.0805,84287.43,35.8
1791369553,btc,1798185600000,72000.0,put,39.31,0.01745832,0.017,0.018,84596.45,880.9
1791369553,btc,1806048000000,56000.0,call,45.86,0.35631862,0.355,0.359,85664.14,14.4
1791369553,btc,1795766400000,105000.0,put,40.04,0.25104049,0.248,0.2535,84287.43,3.9
1791369553,btc,1791532800000,75000.0,call,65.2,0.10395024,0.102,0.106,83692.36,0.4
1791369553,btc,1821772800000,72000.0,call,40.05,0.25000817,0.2485,0.2525,87942.93,0.0
1791369553,btc,1791705600000,75000.0,call,50.89,0.10453373,0.1025,0.106,83724.73166666666,0.0
1791369553,btc,1791619200000,88000.0,call,33.51,0.00058576,0.0005,0.0007,83705.61,86.5
1791369553,btc,1813910400000,55000.0,call,44.97,0.38326572,0.382,0.385,86826.92,3.7
1791369553,btc,1795766400000,93000.0,put,36.72,0.12337686,0.1215,0.125,84287.43,0.0
1791369553,btc,1795766400000,108000.0,put,41.11,0.28529636,0.2825,0.2875,84287.43,0.0
1791369553,btc,1798185600000,56000.0,call,51.14,0.34122092,0.3395,0.343,84601.46,42.2
1791369553,btc,1821772800000,170000.0,put,43.83,0.94922459,0.9435,0.9535,87942.93,4.3
1791369553,btc,1791619200000,89000.0,put,34.71,0.06361046,0.0615,0.066,83705.61,0.0
1791369553,btc,1806048000000,86000.0,put,37.51,0.10402004,0.103,0.1045,85664.14,33.8
1791369553,btc,1806048000000,40000.0,put,57.31,0.00256922,0.0025,0.0027,85664.14,1938.9
1791369553,btc,1792742400000,76000.0,put,36.23,0.00325351,0.003,0.0034,83872.1,16.6
1791369553,btc,1806048000000,120000.0,call,39.75,0.01637032,0.016,0.017,85664.14,835.9
1791369553,btc,1792137600000,92000.0,put,36.03,0.09926377,0.097,0.1015,83788.18,0.1
1791369553,btc,1793347200000,80000.0,call,33.87,0.06190846,0.0615,0.063,83976.05,1380.2
1791369553,btc,1813910400000,140000.0,call,41.74,0.01796807,0.0175,0.0185,86832.08,378.4
1791369553,btc,1795766400000,67000.0,call,43.82,0.21035759,0.2085,0.2125,84287.43,0.6
1791369553,btc,1793347200000,96000.0,put,37.56,0.14675581,0.1445,0.149,83976.05,0.4
1791369553,btc,1791446400000,80000.0,put,54.28,0.00050867,0.0004,0.0006,83678.6,44.3
1791369553,btc,1791446400000,93000.0,call,51.15,8e-08,,0.0001,83678.6,9.4
1791369553,btc,1806048000000,56000.0,put,45.86,0.01007278,0.0095,0.0105,85664.14,132.0
1791369553,btc,1813910400000,56000.0,call,44.41,0.37284835,0.3715,0.3745,86826.92,2.9
1791369553,btc,1813910400000,94000.0,call,38.41,0.09694976,0.096,0.0975,86832.08,30.1
1791369553,btc,1813910400000,200000.0,put,48.43,1.30826189,1.299,1.316,86826.92,2.1
1791369553,btc,1795766400000,78000.0,call,37.06,0.09847048,0.098,0.0995,84282.67,244.7
1791369553,btc,1821772800000,200000.0,call,46.32,0.00943847,0.009,0.01,87942.93,30.0
1791369553,btc,1821772800000,118000.0,put,39.59,0.39964393,0.396,0.403,87942.93,0.0
1791369553,btc,1792742400000,96000.0,put,37.94,0.14620754,0.1435,0.1485,83867.34,0.2
1791369553,btc,1795766400000,62000.0,put,48.93,0.00299663,0.0027,0.0032,84282.67,374.6
1791369553,btc,1792137600000,86000.0,put,32.02,0.03613161,0.035,0.037,83788.18,76.6
1791369553,btc,1798185600000,50000.0,call,57.73,0.41085953,0.4095,0.4125,84601.46,259.9
1791369553,btc,1821772800000,74000.0,call,39.83,0.23545426,0.234,0.2375,87942.93,1.4
1791369553,btc,1792742400000,78000.0,call,34.15,0.07547472,0.074,0.0775,83872.1,0.8
1791369553,btc,1793347200000,45000.0,put,86.68,9.366e-05,,0.0001,83976.05,353.3
1791369553,btc,1793347200000,69000.0,call,45.16,0.17999787,0.1785,0.182,83976.05,585.5
1791369553,btc,1813910400000,84000.0,call,38.57,0.14432134,0.1435,0.1455,86832.08,543.8
1791369553,btc,1793347200000,69000.0,put,45.16,0.00171336,0.0016,0.0018,83976.05,2008.0
1791369553,btc,1791532800000,87500.0,put,33.94,0.04589671,0.0435,0.048,83687.6,0.0
1791369553,btc,1821772800000,104000.0,call,39.01,0.0898486,0.089,0.091,87938.17,5.7
1791369553,btc,1791532800000,86500.0,put,31.68,0.03437249,0.0325,0.0365,83692.36,0.0
1791369553,btc,1791705600000,82500.0,call,27.97,0.02020496,0.0195,0.021,83724.73166666666,0.0
1791369553,btc,1795766400000,82000.0,put,36.32,0.04088075,0.0405,0.0415,84287.43,180.7
1791369553,btc,1793347200000,62000.0,put,55.44,0.00060714,0.0005,0.0007,83976.05,1256.6
1791369553,btc,1813910400000,88000.0,put,38.44,0.13685675,0.1355,0.1375,86826.92,30.7
1791369553,btc,1791446400000,75000.0,put,75.41,1.665e-05,,0.0001,83678.6,25.1
1791369553,btc,1793347200000,40000.0,call,94.14,0.52367978,0.523,0.525,83976.05,0.3
1791369553,btc,1792742400000,85000.0,put,32.15,0.03423618,0.0335,0.0345,83867.34,22.9
1791369553,btc,1793347200000,86000.0,put,33.4,0.04720879,0.0465,0.0475,83976.05,447.4
1791369553,btc,1791446400000,89000.0,call,46.86,2.812e-05,,0.0001,83678.6,289.9
1791369553,btc,1806048000000,82000.0,put,37.61,0.07998577,0.0795,0.0805,85664.14,77.4
1791369553,btc,1798185600000,64000.0,call,44.06,0.25049238,0.249,0.2525,84601.46,404.8
1791369553,btc,1806048000000,95000.0,put,37.5,0.17046283,0.168,0.172,85664.14,10.3
1791369553,btc,1791619200000,75000.0,call,54.6,0.10412362,0.1025,0.106,83700.85,0.0
1791369553,btc,1798185600000,95000.0,call,36.94,0.02703499,0.0265,0.0275,84601.46,1751.3
1791369553,btc,1795766400000,105000.0,call,40.04,0.00522391,0.005,0.0055,84282.67,31.5
1791369553,btc,1795766400000,94000.0,call,36.92,0.01773694,0.0175,0.018,84287.43,459.7
1791369553,btc,1806048000000,75000.0,call,38.46,0.17229775,0.171,0.1735,85659.38,1.7
1791369553,btc,1798185600000,240000.0,put,72.37,1.83733852,1.8245,1.8475,84601.46,0.0
1791369553,btc,1791446400000,83000.0,call,33.59,0.01138046,0.011,0.0125,83678.6,0.0
1791369553,btc,1821772800000,72000.0,put,40.05,0.06877075,0.0675,0.07,87942.93,2.1
1791369553,btc,1813910400000,105000.0,call,38.68,0.06208598,0.0615,0.063,86832.08,163.5
1791369553,btc,1791705600000,82000.0,put,28.39,0.00407302,0.004,0.0044,83724.73166666666,0.2
1791369553,btc,1798185600000,86000.0,put,36.65,0.07710922,0.0765,0.0775,84601.46,106.3
1791369553,btc,1821772800000,110000.0,call,39.17,0.07395112,0.073,0.075,87942.93,200.7
1791369553,btc,1821772800000,50000.0,put,45.82,0.0166906,0.016,0.0175,87938.17,739.1
1791369553,btc,1792137600000,75000.0,call,40.27,0.10576372,0.104,0.1075,83788.18,0.0
1791369553,btc,1806048000000,150000.0,put,44.67,0.75630654,0.751,0.7595,85659.38,0.6
1791369553,btc,1795766400000,84000.0,put,36.27,0.05223357,0.0515,0.0525,84282.67,82.0
1791369553,btc,1798185600000,20000.0,call,110.93,0.76375546,0.763,0.765,84601.46,5.1
1791369553,btc,1806048000000,110000.0,call,38.47,0.02694082,0.0265,0.0275,85664.14,1257.0
1791369553,btc,1792742400000,87000.0,put,32.59,0.05023764,0.049,0.0515,83867.34,2.3
1791369553,btc,1806048000000,125000.0,call,40.38,0.01289265,0.0125,0.0135,85664.14,433.2
1791369553,btc,1798185600000,150000.0,put,51.62,0.77414264,0.769,0.7775,84596.45,4.4
1791369553,btc,1813910400000,120000.0,put,39.66,0.41690306,0.4135,0.419,86826.92,0.9
1791369553,btc,1813910400000,114000.0,put,39.24,0.356703,0.3535,0.359,86832.08,0.0
1791369553,btc,1793347200000,87000.0,put,33.56,0.0551449,0.054,0.0555,83976.05,457.2
1791369553,btc,1791619200000,82000.0,call,31.45,0.02404192,0.0225,0.026,83700.85,0.0
1791369553,btc,1793347200000,63000.0,put,53.51,0.00066297,0.0006,0.0007,83976.05,641.5
1791369553,btc,1791446400000,88500.0,call,44.38,3.748e-05,,0.0001,83678.6,67.8
1791369553,btc,1791532800000,77000.0,call,56.51,0.0801963,0.0785,0.082,83692.36,60.3
1791369553,btc,1813910400000,64000.0,put,41.62,0.03193057,0.031,0.0325,86832.08,64.1
1791369553,btc,1813910400000,65000.0,call,41.4,0.28573361,0.2845,0.287,86826.92,9.1
1791369553,btc,1813910400000,95000.0,call,38.42,0.09309089,0.092,0.094,86826.92,58.2
1791369553,btc,1791532800000,65000.0,put,94.76,1.52e-06,,0.0001,83687.6,261.5
1791369553,btc,1798185600000,98000.0,call,37.29,0.02052122,0.02,0.021,84596.45,981.1
1791369553,btc,1793347200000,79000.0,put,34.35,0.0117266,0.0115,0.012,83976.05,670.0
1791369553,btc,1793347200000,98000.0,call,39.02,0.00256177,0.0024,0.0028,83976.05,1439.9
1791369553,btc,1792137600000,79000.0,call,33.6,0.06042882,0.0585,0.0625,83788.18,8.6
1791369553,btc,1798185600000,108000.0,put,39.35,0.28543707,0.282,0.2875,84596.45,0.1
1791369553,btc,1792137600000,80000.0,put,32.77,0.00498687,0.0047,0.0055,83788.18,1410.0
1791369553,btc,1813910400000,74000.0,put,39.49,0.06259758,0.0615,0.0635,86832.08,21.6
1791369553,btc,1795766400000,66000.0,call,44.67,0.22157808,0.22,0.2235,84287.43,0.1
1791369553,btc,1798185600000,115000.0,call,41.39,0.00524852,0.005,0.0055,84601.46,2324.9
1791369553,btc,1821772800000,106000.0,call,39.06,0.08419557,0.0835,0.0855,87942.93,0.1
1791369553,btc,1806048000000,140000.0,put,42.65,0.64132722,0.637,0.644,85664.14,10.9
1791369553,btc,1791705600000,83000.0,call,27.38,0.01608153,0.015,0.017,83724.73166666666,0.0
1791369553,btc,1798185600000,80000.0,put,37.21,0.04337036,0.043,0.044,84601.46,2248.6
1791369553,btc,1813910400000,116000.0,call,39.37,0.04043546,0.04,0.041,86832.08,0.0
1791369553,btc,1791532800000,86000.0,put,30.89,0.02883445,0.0275,0.031,83692.36,387.7
1791369553,btc,1791619200000,84500.0,call,29.84,0.00654243,0.0065,0.007,83705.61,0.6
1791369553,btc,1791446400000,83000.0,put,33.59,0.00333136,0.0031,0.0035,83678.6,286.5
1791369553,btc,1806048000000,70000.0,put,39.64,0.03208664,0.0315,0.0325,85659.38,566.0
1791369553,btc,1791532800000,95000.0,call,51.92,3.53e-06,,0.0001,83692.36,1132.0
1791369553,btc,1813910400000,86000.0,call,38.5,0.1334615,0.1325,0.1345,86826.92,43.6
1791369553,btc,1795766400000,100000.0,call,38.35,0.00884404,0.0085,0.0095,84282.67,494.1
1791369553,btc,1806048000000,64000.0,call,41.79,0.27240072,0.271,0.2745,85664.14,137.9
1791369553,btc,1798185600000,82000.0,put,36.89,0.05308188,0.0525,0.0535,84596.45,808.3
1791369553,btc,1798185600000,90000.0,put,36.67,0.10663593,0.1055,0.1075,84596.45,652.3
1791369553,btc,1806048000000,50000.0,call,49.74,0.4224458,0.421,0.4245,85664.14,21.6
1791369553,btc,1791532800000,79000.0,put,45.96,0.0005288,0.0005,0.0006,83692.36,508.1
1791369553,btc,1792742400000,94000.0,put,36.37,0.12317615,0.121,0.1255,83867.34,0.2
1791369553,btc,1793347200000,74000.0,put,38.41,0.0039852,0.0038,0.0041,83976.05,1313.2
1791369553,btc,1821772800000,90000.0,call,38.98,0.14207532,0.141,0.143,87942.93,14.5
1791369553,btc,1821772800000,130000.0,call,40.46,0.04097841,0.0405,0.042,87938.17,45.3
1791369553,btc,1813910400000,140000.0,put,41.74,0.63047021,0.626,0.633,86832.08,3.4
1791369553,btc,1798185600000,180000.0,put,58.59,1.12822045,1.1205,1.134,84596.45,0.1
1791369553,btc,1821772800000,112000.0,put,39.25,0.34305019,0.3395,0.3465,87938.17,0.0
1791369553,btc,1791532800000,74000.0,put,65.78,6.534e-05,,0.0001,83692.36,572.4
1791369553,btc,1791532800000,73000.0,call,70.46,0.12775366,0.126,0.1295,83687.6,0.2
1791369553,btc,1795766400000,110000.0,put,41.93,0.30839646,0.3055,0.311,84282.67,0.0
1791369553,btc,1813910400000,76000.0,call,39.2,0.19544238,0.1945,0.197,86826.92,73.2
1791369553,btc,1798185600000,35000.0,put,80.16,0.00070796,0.0006,0.0007,84601.46,2142.4
1791369553,btc,1821772800000,98000.0,put,38.93,0.22376515,0.2215,0.225,87942.93,0.0
1791369553,btc,1793347200000,61000.0,call,56.63,0.27406129,0.2725,0.2755,83976.05,17.7
1791369553,btc,1806048000000,50000.0,put,49.74,0.00615487,0.006,0.0065,85664.14,2331.2
1791369553,btc,1793347200000,92000.0,put,35.07,0.10271017,0.1005,0.105,83976.05,2.6
1791369553,btc,1791532800000,85000.0,put,29.87,0.01865763,0.017,0.0205,83692.36,728.1
1791369553,btc,1792742400000,100000.0,call,41.32,0.00071492,0.0006,0.0009,83867.34,204.8
1791369553,btc,1806048000000,190000.0,call,51.82,0.00218052,0.0021,0.0023,85664.14,714.2
1791369553,btc,1798185600000,110000.0,call,39.81,0.00739766,0.007,0.008,84601.46,2972.8
1791369553,btc,1821772800000,65000.0,put,41.21,0.04534552,0.0445,0.046,87942.93,3.3
1791369553,btc,1813910400000,190000.0,put,47.2,1.193848,1.1855,1.201,86832.08,0.6
1791369553,btc,1791446400000,93000.0,put,51.15,0.11146349,0.109,0.1135,83678.6,0.0
1791369553,btc,1791705600000,84000.0,put,27.09,0.0128963,0.0125,0.0135,83724.73166666666,0.4
1791369553,btc,1791532800000,82000.0,put,32.84,0.00251668,0.0023,0.0027,83692.36,837.3
1791369553,btc,1813910400000,102000.0,put,38.57,0.24489976,0.2425,0.2465,86826.92,0.0
1791369553,btc,1793347200000,98000.0,put,39.02,0.16963594,0.167,0.172,83976.05,27.0
1791369553,btc,1806048000000,76000.0,put,38.29,0.05171709,0.051,0.052,85664.14,681.5
1791369553,btc,1793347200000,64000.0,call,52.0,0.23859334,0.237,0.2405,83976.05,418.9
1791369553,btc,1791532800000,94000.0,call,51.92,1.017e-05,,0.0001,83692.36,532.8
1791369553,btc,1798185600000,82000.0,call,36.89,0.08370909,0.0835,0.0845,84596.45,1319.9
1791369553,btc,1792137600000,81000.0,call,31.81,0.04041578,0.039,0.042,83783.42,33.6
1791369553,btc,1791705600000,84500.0,put,27.11,0.01644899,0.0155,0.0175,83724.73166666666,0.0
1791369553,btc,1795766400000,115000.0,put,43.98,0.36662355,0.3635,0.369,84282.67,0.2
1791369553,btc,1791705600000,81000.0,call,30.09,0.03478873,0.033,0.0375,83724.73166666666,0.0
1791369553,btc,1813910400000,108000.0,put,38.85,0.29905745,0.296,0.301,86832.08,0.2
1791369553,btc,1795766400000,64000.0,call,46.67,0.24433714,0.2425,0.2465,84287.43,0.2
1791369553,btc,1798185600000,130000.0,put,45.93,0.53897578,0.5345,0.5415,84601.46,57.0
1791369553,btc,1798185600000,106000.0,call,38.86,0.01022482,0.01,0.0105,84596.45,616.8
1791369553,btc,1798185600000,30000.0,call,88.3,0.64579637,0.645,0.647,84601.46,300.8
1791369553,btc,1795766400000,75000.0,put,38.1,0.01554286,0.015,0.016,84282.67,1727.0
1791369553,btc,1798185600000,180000.0,call,58.59,0.00032897,0.0002,0.0005,84601.46,940.9
1791369553,btc,1791446400000,78000.0,call,66.96,0.06799805,0.066,0.07,83678.6,0.0
1791369553,btc,1798185600000,106000.0,put,38.86,0.26331647,0.26,0.2655,84596.45,0.2
1791369553,btc,1793347200000,94000.0,call,36.52,0.00505853,0.0048,0.0055,83976.05,1501.2
1791369553,btc,1806048000000,88000.0,put,37.46,0.11730504,0.1165,0.1175,85664.14,69.2
1791369553,btc,1793347200000,57000.0,put,62.89,0.00029352,0.0002,0.0004,83976.05,209.3
1791369553,btc,1791532800000,73000.0,put,70.46,5.1e-05,,0.0001,83687.6,377.7
1791369553,btc,1791532800000,85500.0,call,30.36,0.00190576,0.0018,0.0021,83692.36,177.5
1791369553,btc,1791619200000,83500.0,put,29.78,0.00941136,0.009,0.01,83700.85,76.4
1791369553,btc,1821772800000,180000.0,call,44.76,0.01336944,0.013,0.014,87942.93,53.2
1791369553,btc,1798185600000,62000.0,put,45.58,0.00571494,0.0055,0.006,84601.46,1553.8
1791369553,btc,1791446400000,79000.0,call,60.75,0.05616246,0.0545,0.0585,83678.6,0.0
1791369553,btc,1821772800000,140000.0,call,41.31,0.03156867,0.031,0.0325,87938.17,508.5
1791369553,btc,1813910400000,96000.0,call,38.43,0.08938098,0.0885,0.09,86832.08,151.5
1791369553,btc,1791532800000,85500.0,put,30.36,0.02356909,0.0215,0.0255,83687.6,6.2
1791369553,btc,1792742400000,90000.0,call,33.78,0.00606058,0.0055,0.0065,83867.34,82.8
1791369553,btc,1806048000000,200000.0,call,52.94,0.00173122,0.0016,0.0019,85664.14,502.9
1791369553,btc,1793347200000,60000.0,put,58.47,0.00045823,0.0004,0.0005,83976.05,1282.8
1791369553,btc,1793347200000,52000.0,put,70.82,0.00014648,0.0001,0.0002,83976.05,135.1
1791369553,btc,1798185600000,140000.0,put,48.65,0.65633445,0.6515,0.6595,84601.46,0.3
1791369553,btc,1806048000000,102000.0,put,37.82,0.23240939,0.2295,0.2345,85664.14,0.1
1791369553,btc,1821772800000,92000.0,put,38.94,0.1792913,0.177,0.1805,87942.93,0.0
1791369553,btc,1821772800000,102000.0,call,38.97,0.09586953,0.095,0.097,87938.17,6.8
1791369553,btc,1813910400000,104000.0,put,38.64,0.26249559,0.26,0.2645,86832.08,0.0
1791369553,btc,1813910400000,98000.0,put,38.46,0.2111656,0.2085,0.2125,86832.08,0.1
1791369553,btc,1813910400000,100000.0,put,38.5,0.22774254,0.2255,0.229,86826.92,2.4
1791369553,btc,1792137600000,86000.0,call,32.02,0.00966065,0.0095,0.01,83788.18,314.8
1791369553,btc,1795766400000,94000.0,put,36.92,0.1330394,0.131,0.135,84282.67,3.0
1791369553,btc,1792137600000,95000.0,call,39.08,0.0004686,0.0004,0.0006,83788.18,289.7
1791369553,btc,1791619200000,76000.0,put,52.07,0.00029934,0.0002,0.0004,83700.85,1.4
1791369553,btc,1806048000000,95000.0,call,37.5,0.06141558,0.061,0.062,85659.38,459.0
1791369553,btc,1793347200000,56000.0,call,64.28,0.33334993,0.332,0.335,83976.05,0.5
1791369553,btc,1798185600000,70000.0,call,40.19,0.18625096,0.185,0.1885,84601.46,1884.8
1791369553,btc,1798185600000,30000.0,put,88.3,0.00044495,0.0004,0.0006,84596.45,2229.9
1791369553,btc,1791532800000,80000.0,put,41.34,0.00082348,0.0007,0.0009,83692.36,1020.2
1791369553,btc,1813910400000,95000.0,put,38.42,0.18728877,0.1855,0.188,86826.92,40.2
1791369553,btc,1821772800000,70000.0,call,40.34,0.26531549,0.264,0.2675,87942.93,5.0
1791369553,btc,1793347200000,70000.0,put,43.68,0.0019915,0.0018,0.002,83976.05,2474.6
1791369553,btc,1813910400000,82000.0,put,38.69,0.10043587,0.099,0.1015,86826.92,34.7
1791369553,btc,1813910400000,200000.0,call,48.43,0.0046874,0.0044,0.0049,86832.08,234.4
1791369553,btc,1793347200000,68000.0,call,46.53,0.19164863,0.19,0.1935,83976.05,449.7
1791369553,btc,1792742400000,87000.0,call,32.59,0.01286973,0.0125,0.0135,83872.1,61.9
1791369553,btc,1795766400000,75000.0,call,38.1,0.12567388,0.124,0.1275,84282.67,291.2
1791369553,btc,1793347200000,100000.0,call,40.32,0.0018696,0.0019,0.002,83976.05,13942.6
1791369553,btc,1791705600000,75000.0,put,50.89,0.00032638,0.0003,0.0004,83724.73166666666,7.7
1791369553,btc,1798185600000,105000.0,call,38.57,0.01105633,0.0105,0.0115,84601.46,993.2
1791369553,btc,1791705600000,80000.0,put,32.52,0.00132633,0.0012,0.0015,83724.73166666666,6.3
1791369553,btc,1821772800000,160000.0,call,42.93,0.01963816,0.019,0.0205,87942.93,3.2
1791369553,btc,1791532800000,72000.0,call,76.67,0.13970163,0.138,0.1415,83687.6,0.0
1791369553,btc,1821772800000,116000.0,put,39.46,0.38044713,0.3765,0.384,87942.93,0.0
1791369553,btc,1798185600000,52000.0,call,55.15,0.38749743,0.386,0.3895,84601.46,0.1
1791369553,btc,1791446400000,92000.0,call,51.14,5.4e-07,,0.0001,83673.84,65.7
1791369553,btc,1791705600000,92000.0,put,38.55,0.09896377,0.0965,0.1015,83724.73166666666,0.0
1791369553,btc,1791619200000,95000.0,put,52.38,0.1350667,0.1325,0.1375,83700.85,0.0
1791369553,btc,1791619200000,79000.0,call,40.23,0.05692563,0.055,0.059,83700.85,0.0
1791369553,btc,1821772800000,116000.0,call,39.46,0.06132964,0.0605,0.0625,87938.17,2.3
1791369553,btc,1792137600000,94000.0,call,37.72,0.00059697,0.0005,0.0007,83783.42,117.6
1791369553,btc,1793347200000,81000.0,call,33.54,0.0535703,0.053,0.0545,83976.05,685.0
1791369553,btc,1793347200000,55000.0,call,64.68,0.34519343,0.344,0.3465,83976.05,0.1
1791369553,btc,1798185600000,94000.0,put,36.93,0.14099182,0.1385,0.1425,84601.46,5.9
1791369553,btc,1821772800000,100000.0,put,38.94,0.23955374,0.2365,0.2415,87942.93,0.0
1791369553,btc,1813910400000,66000.0,call,41.12,0.27665255,0.2755,0.278,86832.08,25.6
1791369553,btc,1795766400000,60000.0,call,51.22,0.29053768,0.289,0.2925,84287.43,0.8
1791369553,btc,1813910400000,66000.0,put,41.12,0.03683213,0.036,0.0375,86832.08,66.7
1791369553,btc,1798185600000,94000.0,call,36.93,0.0297596,0.0295,0.03,84601.46,682.9
1791369553,btc,1795766400000,68000.0,call,42.88,0.1991718,0.1975,0.2015,84287.43,0.0
1791369553,btc,1821772800000,170000.0,call,43.83,0.01603516,0.0155,0.0165,87942.93,4.2
1791369553,btc,1793347200000,105000.0,call,44.32,0.00101459,0.0009,0.0011,83976.05,1248.1
1791369553,btc,1793347200000,55000.0,put,64.68,0.00018403,0.0001,0.0003,83976.05,300.5
1791369553,btc,1813910400000,160000.0,put,43.98,0.85329089,0.8485,0.8565,86832.08,0.2
1791369553,btc,1791446400000,85500.0,call,34.01,0.0007957,0.0008,0.001,83678.6,481.0
1791369553,btc,1793347200000,93000.0,call,35.72,0.00594024,0.0055,0.0065,83976.05,763.0
1791369553,btc,1795766400000,85000.0,put,36.19,0.05846673,0.058,0.059,84287.43,324.7
1791369553,btc,1791619200000,88500.0,call,34.53,0.00043392,0.0004,0.0006,83700.85,9.6
1791369553,btc,1791532800000,87000.0,call,33.04,0.00052068,0.0005,0.0006,83692.36,634.9
1791369553,btc,1821772800000,82000.0,put,39.19,0.11606168,0.1145,0.1175,87942.93,1.2
1791369553,btc,1792742400000,95000.0,put,37.12,0.13463436,0.132,0.137,83872.1,0.1
1791369553,btc,1791619200000,75000.0,put,54.6,0.00018964,0.0001,0.0003,83700.85,0.2
1791369553,btc,1791619200000,81000.0,call,33.58,0.03427635,0.0325,0.036,83705.61,0.0
1791369553,btc,1806048000000,85000.0,call,37.54,0.10538859,0.105,0.106,85664.14,623.1
1791369553,btc,1813910400000,102000.0,call,38.57,0.07007677,0.0695,0.071,86826.92,53.1
1791369553,btc,1798185600000,110000.0,put,39.81,0.30777579,0.3045,0.31,84596.45,81.6
1791369553,btc,1791446400000,94000.0,put,51.22,0.12341464,0.121,0.1255,83678.6,0.0
1791369553,btc,1806048000000,52000.0,put,48.29,0.00719985,0.007,0.0075,85664.14,323.1
1791369553,btc,1791532800000,84500.0,call,29.86,0.00461297,0.0046,0.0049,83692.36,0.7
1791369553,btc,1795766400000,87000.0,put,36.3,0.07252341,0.0715,0.073,84287.43,32.9
1791369553,btc,1791446400000,86500.0,put,37.71,0.03406128,0.032,0.036,83678.6,168.4
1791369553,btc,1791446400000,85500.0,put,34.01,0.02262496,0.0205,0.0245,83678.6,103.4
1791369553,btc,1792742400000,81000.0,call,32.12,0.04681969,0.0455,0.0485,83867.34,0.0
1791369553,btc,1793347200000,89000.0,call,33.96,0.01284315,0.0125,0.0135,83976.05,1078.7
1791369553,btc,1793347200000,61000.0,put,56.63,0.00050542,0.0004,0.0006,83976.05,279.9
1791369553,btc,1813910400000,60000.0,put,42.89,0.0239612,0.023,0.0245,86832.08,241.2
1791369553,btc,1798185600000,125000.0,put,44.39,0.48051948,0.4765,0.483,84601.46,9.3
1791369553,btc,1795766400000,58000.0,call,53.75,0.31385671,0.3125,0.316,84287.43,1.9
1791369553,btc,1813910400000,112000.0,call,39.1,0.04715312,0.0465,0.048,86826.92,0.0
1791369553,btc,1791619200000,78000.0,call,43.69,0.06860858,0.0665,0.0705,83700.85,0.0
1791369553,btc,1806048000000,110000.0,put,38.47,0.31110078,0.3075,0.3135,85664.14,5.1
1791369553,btc,1806048000000,52000.0,call,48.29,0.4001427,0.399,0.4025,85664.14,6.0
1791369553,btc,1821772800000,220000.0,put,48.03,1.50895954,1.484,1.5345,87942.93,0.0
1791369553,btc,1813910400000,50000.0,put,47.37,0.01153453,0.011,0.0115,86826.92,343.2
1791369553,btc,1793347200000,105000.0,put,44.32,0.2514512,0.2485,0.254,83976.05,0.3
1791369553,btc,1806048000000,68000.0,call,40.24,0.2333385,0.232,0.2355,85664.14,190.9
1791369553,btc,1798185600000,52000.0,put,55.15,0.00222163,0.002,0.0023,84601.46,437.9
1791369553,btc,1791705600000,86500.0,put,28.07,0.03506808,0.033,0.038,83724.73166666666,0.0
1791369553,btc,1791705600000,88000.0,call,29.74,0.0006941,0.0006,0.0009,83724.73166666666,0.2
1791369553,btc,1793347200000,83000.0,put,33.4,0.02770191,0.027,0.028,83976.05,693.4
1791369553,btc,1791705600000,77000.0,call,43.13,0.08081551,0.0785,0.083,83724.73166666666,0.0
1791369553,btc,1798185600000,96000.0,call,37.1,0.024736,0.0245,0.025,84601.46,1521.9
1791369553,btc,1795766400000,69000.0,put,41.93,0.00674757,0.0065,0.007,84287.43,123.3
1791369553,btc,1821772800000,125000.0,call,40.05,0.04700968,0.0465,0.048,87938.17,3.9
1791369553,btc,1813910400000,170000.0,call,45.29,0.00844077,0.008,0.009,86832.08,153.0
1791369553,btc,1821772800000,80000.0,call,39.3,0.19551573,0.194,0.198,87942.93,33.1
1791369553,btc,1798185600000,68000.0,call,41.4,0.20716029,0.206,0.209,84601.46,1023.2
1791369553,btc,1821772800000,76000.0,call,39.63,0.22150907,0.22,0.2235,87938.17,7.6
1791369553,btc,1795766400000,102000.0,call,38.8,0.00698617,0.0065,0.0075,84282.67,405.2
1791369553,btc,1813910400000,40000.0,call,53.86,0.54480386,0.544,0.5465,86832.08,24.1
1791369553,btc,1791619200000,78000.0,put,43.69,0.00051724,0.0004,0.0006,83705.61,0.2
1791369553,btc,1795766400000,100000.0,put,38.35,0.19533602,0.1925,0.1975,84287.43,26.1
1791369553,btc,1791705600000,89000.0,put,31.24,0.06338001,0.061,0.066,83724.73166666666,0.0
1791369553,btc,1806048000000,100000.0,call,37.68,0.04647981,0.046,0.047,85664.14,1308.1
1791369553,btc,1791532800000,83000.0,put,30.66,0.00526403,0.005,0.0055,83692.36,548.4
1791369553,btc,1791619200000,80000.0,call,36.67,0.04540434,0.0435,0.0475,83700.85,0.0
1791369553,btc,1806048000000,68000.0,put,40.24,0.02718285,0.027,0.0275,85664.14,574.0
1791369553,btc,1821772800000,88000.0,call,39.01,0.15157333,0.1505,0.1525,87942.93,19.3
1791369553,btc,1791705600000,83000.0,put,27.38,0.00742541,0.007,0.008,83724.73166666666,0.4
1791369553,btc,1821772800000,120000.0,put,39.71,0.41901258,0.415,0.4225,87942.93,0.0
1791369553,btc,1795766400000,87000.0,call,36.3,0.04027538,0.04,0.041,84282.67,216.0
1791369553,btc,1795766400000,97000.0,put,37.49,0.16329961,0.161,0.1655,84287.43,0.0
1791369553,btc,1821772800000,110000.0,put,39.17,0.3248384,0.3175,0.328,87942.93,0.2
1791369553,btc,1792137600000,100000.0,put,44.02,0.19369404,0.191,0.196,83788.18,1.1
1791369553,btc,1813910400000,52000.0,put,46.17,0.01319368,0.0125,0.0135,86832.08,51.2
1791369553,btc,1795766400000,97000.0,call,37.49,0.01240239,0.012,0.013,84282.67,140.3
1791369553,btc,1792137600000,78000.0,put,34.88,0.00232166,0.0021,0.0025,83788.18,656.8
1791369553,btc,1821772800000,114000.0,put,39.37,0.36166786,0.354,0.365,87942.93,0.0
1791369553,btc,1791532800000,78000.0,put,51.21,0.00038327,0.0003,0.0005,83692.36,969.2
1791369553,btc,1795766400000,77000.0,put,37.31,0.02070797,0.02,0.021,84287.43,239.8
1791369553,btc,1795766400000,77000.0,call,37.31,0.10710914,0.1065,0.1085,84282.67,80.4
1791369553,btc,1806048000000,125000.0,put,40.38,0.47216534,0.468,0.475,85664.14,0.1
1791369553,btc,1806048000000,115000.0,call,39.08,0.02087142,0.0205,0.0215,85664.14,572.0
1791369553,btc,1806048000000,86000.0,call,37.51,0.10004035,0.0995,0.1005,85664.41,372.5
1791369553,btc,1795766400000,62000.0,call,48.93,0.2673716,0.2655,0.2695,84282.67,0.1
1791369553,btc,1795766400000,80000.0,put,36.67,0.03159597,0.031,0.032,84287.43,322.2
1791369553,btc,1813910400000,80000.0,put,38.84,0.08984558,0.0885,0.0905,86832.08,55.4
1791369553,btc,1798185600000,55000.0,put,52.19,0.0029635,0.0027,0.0029,84601.46,3189.7
1791369553,btc,1792137600000,84000.0,call,31.33,0.01825674,0.018,0.019,83788.18,62.4
1791369553,btc,1813910400000,30000.0,put,62.31,0.00244324,0.0021,0.0027,86826.92,530.2
1791369553,btc,1795766400000,72000.0,call,39.76,0.15587148,0.1545,0.158,84287.43,25.5
1791369553,btc,1793347200000,102000.0,call,41.88,0.00143494,0.0013,0.0015,83976.05,338.4
1791369553,btc,1795766400000,83000.0,put,36.29,0.04633571,0.0455,0.0465,84287.43,183.0
1791369553,btc,1821772800000,210000.0,call,47.18,0.00818279,0.0075,0.009,87938.17,20.6
1791369553,btc,1795766400000,79000.0,call,36.82,0.09019132,0.0895,0.0915,84287.43,133.8
1791369553,btc,1806048000000,102000.0,call,37.82,0.04164271,0.041,0.0425,85664.41,113.5
1791369553,btc,1798185600000,78000.0,put,37.49,0.03486581,0.0345,0.0355,84596.45,1331.6
1791369553,btc,1821772800000,82000.0,call,39.19,0.18358208,0.1815,0.186,87938.17,0.6
1791369553,btc,1813910400000,76000.0,put,39.2,0.07080068,0.07,0.072,86826.92,73.7
1791369553,btc,1791446400000,89500.0,put,49.73,0.06965758,0.067,0.072,83678.6,0.0
1791369553,btc,1791446400000,84500.0,call,31.37,0.00248071,0.0024,0.0028,83678.6,91.9
1791369553,btc,1791705600000,86000.0,call,27.7,0.0027159,0.0026,0.003,83724.73166666666,0.2
1791369553,btc,1792742400000,85000.0,call,32.15,0.02071135,0.0205,0.021,83872.1,7.6
1791369553,btc,1813910400000,78000.0,call,38.99,0.18151684,0.1805,0.1825,86832.08,104.0
1791369553,btc,1795766400000,81000.0,call,36.44,0.07490251,0.0745,0.076,84287.43,142.9
1791369553,btc,1791705600000,94000.0,put,41.09,0.12277012,0.1205,0.125,83724.73166666666,0.0
1791369553,btc,1795766400000,96000.0,put,37.3,0.15301223,0.1505,0.155,84287.43,0.0
1791369553,btc,1821772800000,190000.0,put,45.56,1.17179653,1.151,1.186,87942.93,0.0
1791369553,btc,1813910400000,62000.0,call,42.33,0.31377188,0.3125,0.315,86826.92,122.9
1791369553,btc,1792742400000,80000.0,call,32.6,0.05568317,0.054,0.0575,83872.1,0.0
1791369553,btc,1821772800000,94000.0,call,38.93,0.12469169,0.1235,0.126,87942.93,1.1
1791369553,btc,1795766400000,104000.0,put,39.64,0.23970221,0.237,0.242,84287.43,0.0
1791369553,btc,1791705600000,81000.0,put,30.09,0.0022448,0.0021,0.0025,83724.73166666666,0.0
1791369553,btc,1806048000000,58000.0,call,44.7,0.33475785,0.3335,0.337,85664.14,4.3
1791369553,btc,1806048000000,94000.0,call,37.48,0.06492144,0.0645,0.0655,85664.14,186.8
1791369553,btc,1791532800000,83500.0,put,30.11,0.00756205,0.007,0.008,83692.36,12.2
1791369553,btc,1806048000000,72000.0,call,39.09,0.19718175,0.196,0.1995,85664.14,88.9
1791369553,btc,1813910400000,50000.0,call,47.37,0.4356409,0.4345,0.4375,86826.92,20.2
1791369553,btc,1798185600000,55000.0,call,52.19,0.35277443,0.351,0.3545,84601.46,122.4
1791369553,btc,1795766400000,99000.0,call,38.02,0.00985867,0.0095,0.0105,84282.67,40.7
1791369553,btc,1791619200000,90000.0,call,36.9,0.00016141,0.0001,0.0003,83705.61,15.0
1791369553,btc,1791619200000,82000.0,put,31.45,0.00373737,0.0036,0.0039,83705.61,17.5
1791369553,btc,1798185600000,240000.0,call,72.37,0.00014988,0.0001,0.0002,84601.46,785.6
1791369553,btc,1821772800000,50000.0,call,45.82,0.44810548,0.447,0.45,87942.93,1.6
1791369553,btc,1792742400000,73000.0,call,40.69,0.13125629,0.1295,0.133,83867.34,0.0
1791369553,btc,1806048000000,66000.0,put,40.97,0.02305557,0.0225,0.0235,85664.14,99.5
1791369553,btc,1791619200000,88500.0,put,34.53,0.05779182,0.0555,0.06,83700.85,0.0
1791369553,btc,1798185600000,75000.0,call,38.21,0.13815063,0.137,0.1405,84596.45,1925.2
1791369553,btc,1813910400000,114000.0,call,39.24,0.04366554,0.043,0.0445,86832.08,6.0
1791369553,btc,1792742400000,92000.0,call,34.94,0.00370436,0.0035,0.0039,83867.34,420.5
1791369553,btc,1791705600000,77000.0,put,43.13,0.00049598,0.0004,0.0006,83724.73166666666,0.0
1791369553,btc,1806048000000,35000.0,put,62.93,0.00181858,0.0017,0.0018,85664.14,617.0
1791369553,btc,1792137600000,89000.0,call,33.63,0.00334916,0.0032,0.0036,83788.18,515.0
1791369553,btc,1813910400000,30000.0,call,62.31,0.65690706,0.656,0.658,86826.92,87.4
1791369553,btc,1793347200000,73000.0,call,39.6,0.13394765,0.1325,0.136,83976.05,573.5
1791369553,btc,1793347200000,81000.0,put,33.54,0.01819283,0.0175,0.0185,83976.05,949.6
1791369553,btc,1791619200000,84500.0,put,29.84,0.01610462,0.015,0.0165,83700.85,1.9
1791369553,btc,1791446400000,87000.0,put,39.93,0.03993713,0.0375,0.042,83678.6,0.1
1791369553,btc,1806048000000,64000.0,put,41.79,0.01954834,0.019,0.02,85664.14,125.8
1791369553,btc,1806048000000,115000.0,put,39.08,0.3634023,0.3595,0.366,85664.14,3.0
1791369553,btc,1806048000000,35000.0,call,62.93,0.59322223,0.5925,0.5945,85659.38,21.8
1791369553,btc,1791619200000,86500.0,call,31.01,0.00159587,0.0015,0.0018,83700.85,1.1
1791369553,btc,1792742400000,86000.0,call,32.34,0.01640221,0.016,0.017,83872.1,29.9
1791369553,btc,1813910400000,54000.0,put,45.24,0.01533417,0.0145,0.016,86832.08,50.6
1791369553,btc,1793347200000,115000.0,put,52.6,0.36996098,0.367,0.3725,83976.05,34.6
1791369553,btc,1793347200000,77000.0,call,35.68,0.09055688,0.089,0.092,83976.05,205.7
1791369553,btc,1795766400000,106000.0,put,40.47,0.26244467,0.2595,0.2645,84287.43,0.0
1791369553,btc,1793347200000,104000.0,call,43.38,0.0011126,0.001,0.0012,83976.05,278.0
1791369553,btc,1821772800000,90000.0,put,38.98,0.16552855,0.1635,0.1665,87942.93,2.8
1791369553,btc,1795766400000,91000.0,put,36.53,0.10508859,0.103,0.106,84282.67,0.2
1791369553,btc,1806048000000,108000.0,put,38.3,0.29082642,0.2875,0.293,85664.14,0.1
1791369553,btc,1806048000000,180000.0,call,50.22,0.00263004,0.0025,0.0028,85664.14,689.4
1791369553,btc,1806048000000,84000.0,put,37.56,0.09155877,0.0905,0.092,85664.14,427.4
1791369553,btc,1792742400000,81000.0,put,32.12,0.01264924,0.012,0.013,83872.1,34.5
1791369553,btc,1821772800000,100000.0,call,38.94,0.10238349,0.1015,0.1035,87942.93,12.0
1791369553,btc,1821772800000,96000.0,put,38.93,0.20844504,0.206,0.2095,87938.17,0.0
1791369553,btc,1791619200000,96000.0,put,55.54,0.14700833,0.1445,0.149,83705.61,0.0
1791369553,btc,1792137600000,85000.0,put,31.55,0.02789767,0.027,0.0285,83788.18,50.1
1791369553,btc,1793347200000,72000.0,put,40.91,0.00277043,0.0026,0.0028,83976.05,1187.1
1791369553,btc,1793347200000,50000.0,put,73.25,9.822e-05,,0.0001,83976.05,428.9
1791369553,btc,1791619200000,95000.0,call,52.38,4.974e-05,,0.0001,83700.85,0.1
1791369553,btc,1792742400000,89000.0,put,33.31,0.06901895,0.067,0.071,83867.34,0.0
1791369553,btc,1791446400000,81000.0,put,45.92,0.00076086,0.0007,0.0008,83678.6,87.8
1791369553,btc,1793347200000,78000.0,call,34.93,0.08048242,0.079,0.082,83976.05,487.0
1791369553,btc,1806048000000,88000.0,call,37.46,0.08997711,0.0895,0.0905,85664.41,337.5
1791369553,btc,1791532800000,87500.0,call,33.94,0.00033483,0.0003,0.0005,83687.6,65.1
1791369553,btc,1793347200000,83000.0,call,33.4,0.03926154,0.0385,0.04,83976.05,702.8
1791369553,btc,1806048000000,74000.0,put,38.65,0.04425988,0.0435,0.0445,85664.14,229.2
1791369553,btc,1806048000000,170000.0,call,48.33,0.00314952,0.003,0.0033,85664.14,1010.7
1791369553,btc,1795766400000,85000.0,call,36.19,0.04994854,0.0495,0.0505,84287.43,687.6
1791369553,btc,1806048000000,74000.0,call,38.65,0.18037005,0.179,0.1825,85664.14,66.8
1791369553,btc,1798185600000,64000.0,put,44.06,0.00707602,0.0065,0.0075,84601.46,376.5
1791369553,btc,1791705600000,86500.0,call,28.07,0.00192055,0.0018,0.0022,83724.73166666666,0.0
1791369553,btc,1806048000000,54000.0,call,47.1,0.37815367,0.3765,0.3805,85664.14,0.1
1791369553,btc,1791532800000,84000.0,call,29.85,0.00684411,0.0065,0.0075,83692.36,414.1
1791369553,btc,1813910400000,96000.0,put,38.43,0.19509673,0.193,0.1965,86826.92,0.1
1791369553,btc,1795766400000,91000.0,call,36.53,0.02538089,0.025,0.026,84287.43,234.8
1791369553,btc,1792137600000,87000.0,put,32.48,0.0452579,0.0435,0.047,83783.42,82.5
1791369553,btc,1791705600000,85000.0,put,27.17,0.02049069,0.0195,0.0215,83724.73166666666,0.0
1791369553,btc,1806048000000,120000.0,put,39.75,0.41727211,0.4135,0.42,85659.38,9.9
1791369553,btc,1813910400000,84000.0,put,38.57,0.11182262,0.1105,0.113,86826.92,507.5
1791369553,btc,1791532800000,65000.0,call,94.76,0.2232984,0.2215,0.225,83692.36,0.7
1791369553,btc,1791532800000,79000.0,call,45.96,0.05653579,0.0545,0.0585,83692.36,31.0
1791369553,btc,1793347200000,78000.0,put,34.93,0.00937819,0.009,0.0095,83976.05,1225.9
1791369553,btc,1791705600000,76000.0,call,46.93,0.09265712,0.0905,0.0945,83724.73166666666,0.0
1791369553,btc,1791705600000,83500.0,call,27.31,0.0126242,0.012,0.0135,83724.73166666666,0.2
1791369553,btc,1791532800000,84000.0,put,29.85,0.01058274,0.01,0.011,83692.36,287.4
1791369553,btc,1791532800000,70000.0,call,89.17,0.16359767,0.162,0.1655,83687.6,0.2
1791369553,btc,1792137600000,80000.0,call,32.77,0.05013721,0.0485,0.052,83788.18,10.6
1791369553,btc,1791532800000,80000.0,call,41.34,0.04488119,0.043,0.047,83692.36,424.8
1791369553,btc,1806048000000,104000.0,put,37.98,0.25146052,0.2485,0.2535,85664.14,3.9
1791369553,btc,1791619200000,83500.0,call,29.78,0.01179119,0.0115,0.0125,83705.61,0.1
1791369553,btc,1791446400000,90000.0,put,50.87,0.07562373,0.0735,0.0775,83678.6,0.1
1791369553,btc,1821772800000,94000.0,put,38.93,0.19363172,0.1915,0.1945,87942.93,0.0
1791369553,btc,1821772800000,78000.0,put,39.45,0.09518204,0.094,0.0965,87942.93,0.1
1791369553,btc,1806048000000,94000.0,put,37.48,0.1622945,0.1615,0.163,85664.14,21.6
1791369553,btc,1791705600000,85000.0,call,27.17,0.00525901,0.005,0.0055,83724.73166666666,0.1
1791369553,btc,1798185600000,100000.0,put,37.59,0.19927329,0.1965,0.2015,84601.46,303.0
1791369553,btc,1798185600000,75000.0,put,38.21,0.02477208,0.0245,0.025,84601.46,1760.5
1791369553,btc,1795766400000,76000.0,put,37.76,0.01803299,0.0175,0.0185,84282.67,177.0
1791369553,btc,1791705600000,80000.0,call,32.52,0.04581416,0.0435,0.0475,83724.73166666666,0.0
1791369553,btc,1795766400000,120000.0,put,45.98,0.42527354,0.4225,0.427,84282.67,8.8
1791369553,btc,1792137600000,83000.0,put,31.29,0.01507545,0.0145,0.0155,83788.18,498.2
1791369553,btc,1806048000000,76000.0,call,38.29,0.1644793,0.1635,0.1655,85664.14,541.7
1791369553,btc,1813910400000,92000.0,call,38.41,0.10508668,0.104,0.106,86826.92,45.2
1791369553,btc,1793347200000,65000.0,put,50.8,0.00091646,0.0008,0.001,83976.05,1957.6
1791369553,btc,1793347200000,59000.0,put,60.01,0.00039894,0.0003,0.0005,83976.05,282.4
1791369553,btc,1791619200000,94000.0,call,48.43,4.942e-05,,0.0001,83705.61,0.2
1791369553,btc,1792742400000,84000.0,put,31.9,0.02738021,0.027,0.028,83867.34,21.3
1791369553,btc,1793347200000,82000.0,call,33.31,0.04593499,0.0455,0.047,83976.05,1332.2
1791369553,btc,1798185600000,120000.0,put,42.78,0.42233695,0.4185,0.425,84601.46,35.9
1791369553,btc,1793347200000,110000.0,call,48.48,0.00063295,0.0006,0.0007,83976.05,1263.4
1791369553,btc,1791532800000,83000.0,call,30.66,0.0134739,0.013,0.0145,83692.36,80.4
1791369553,btc,1798185600000,220000.0,put,67.99,1.60093326,1.5895,1.6095,84601.46,0.0
1791369553,btc,1813910400000,70000.0,put,40.14,0.04817603,0.047,0.049,86832.08,148.0
1791369553,btc,1791532800000,88000.0,put,34.93,0.05175568,0.0495,0.054,83692.36,9.2
1791369553,btc,1806048000000,65000.0,call,41.32,0.26233678,0.261,0.2645,85664.14,229.7
1791369553,btc,1806048000000,130000.0,call,41.17,0.01040908,0.01,0.011,85664.14,1222.4
1791369553,btc,1813910400000,180000.0,call,46.0,0.00651172,0.006,0.007,86826.92,66.7
1791369553,btc,1791705600000,82500.0,put,27.97,0.00557688,0.005,0.006,83724.73166666666,0.0
1791369553,btc,1793347200000,77000.0,put,35.68,0.00754373,0.007,0.008,83976.05,637.3
1791369553,btc,1795766400000,60000.0,put,51.22,0.00243287,0.0022,0.0026,84287.43,243.6
1791369553,btc,1821772800000,114000.0,call,39.37,0.06529377,0.0645,0.0665,87942.93,0.0
1791369553,btc,1821772800000,78000.0,call,39.45,0.20818924,0.2065,0.2105,87938.17,12.4
1791369553,btc,1791532800000,76000.0,put,60.36,0.00019175,0.0001,0.0003,83692.36,652.1
1791369553,btc,1806048000000,84000.0,call,37.56,0.11092752,0.1105,0.1115,85664.14,332.4
1791369553,btc,1792137600000,90000.0,put,34.41,0.07657642,0.0745,0.0785,83788.18,3.1
1791369553,btc,1813910400000,160000.0,call,43.98,0.01043129,0.01,0.011,86832.08,698.4
1791369553,btc,1791446400000,88000.0,call,43.91,7.549e-05,,0.0001,83678.6,176.3
1791369553,btc,1813910400000,170000.0,put,45.29,0.96647908,0.961,0.97,86832.08,15.1
1791369553,btc,1791619200000,84000.0,put,29.82,0.01249589,0.012,0.013,83705.61,7.7
1791369553,btc,1795766400000,74000.0,put,38.63,0.01350146,0.013,0.014,84287.43,108.6
1791369553,btc,1798185600000,230000.0,call,69.83,0.0001513,0.0001,0.0002,84601.46,190.7
1791369553,btc,1791705600000,78000.0,put,39.15,0.00062708,0.0005,0.0007,83724.73166666666,0.0
1791369553,btc,1791446400000,89000.0,put,46.86,0.06368664,0.0615,0.066,83678.6,0.0
1791369553,btc,1821772800000,98000.0,call,38.93,0.1093383,0.1085,0.1105,87942.93,0.5
1791369553,btc,1795766400000,95000.0,put,37.07,0.14288347,0.1405,0.1445,84287.43,0.1
1791369553,btc,1813910400000,98000.0,call,38.46,0.0824141,0.0815,0.083,86826.92,112.0
1791369553,btc,1798185600000,50000.0,put,57.73,0.0019405,0.0018,0.0021,84601.46,2213.6
1791369553,btc,1791705600000,74000.0,call,53.43,0.11637818,0.1145,0.1185,83724.73166666666,0.0
1791369553,btc,1792137600000,70000.0,put,52.17,0.00035589,0.0003,0.0004,83788.18,152.7
1791369553,btc,1821772800000,60000.0,put,42.35,0.03285911,0.032,0.0335,87938.17,19.9
1791369553,btc,1798185600000,54000.0,put,53.2,0.00270205,0.0024,0.0028,84596.45,1909.4
1791369553,btc,1798185600000,92000.0,put,36.78,0.12329616,0.121,0.1245,84601.46,23.4
1791369553,btc,1806048000000,78000.0,put,38.0,0.06014613,0.0595,0.0605,85664.14,416.7
1791369553,btc,1795766400000,90000.0,call,36.43,0.02853844,0.028,0.029,84282.67,3226.3
1791369553,btc,1798185600000,108000.0,call,39.35,0.00870218,0.0085,0.009,84601.46,165.7
1791369553,btc,1798185600000,60000.0,put,47.37,0.00471633,0.0046,0.0049,84601.46,6265.6
1791369553,btc,1821772800000,106000.0,put,39.06,0.28959604,0.2855,0.2925,87942.93,0.0
1791369553,btc,1813910400000,58000.0,call,43.73,0.35282329,0.3515,0.3545,86826.92,13.8
1791369553,btc,1798185600000,250000.0,put,73.51,1.95552453,1.942,1.9665,84601.46,10.0
1791369553,btc,1806048000000,190000.0,put,51.82,1.22027501,1.2115,1.227,85664.14,0.9
1791369553,btc,1798185600000,160000.0,call,54.3,0.00064031,0.0005,0.0008,84601.46,1406.9
1791369553,btc,1791446400000,91000.0,call,51.14,3.05e-06,,0.0001,83673.84,41.5
1791369553,btc,1795766400000,82000.0,call,36.32,0.06795733,0.0675,0.069,84282.67,109.9
1791369553,btc,1798185600000,88000.0,put,36.65,0.09125237,0.0905,0.0915,84601.46,145.5
1791369553,btc,1798185600000,96000.0,put,37.1,0.15961146,0.157,0.1615,84596.45,50.8
1791369553,btc,1798185600000,90000.0,call,36.67,0.0426902,0.042,0.043,84601.46,3739.4
1791369553,btc,1806048000000,66000.0,call,40.97,0.25255959,0.251,0.2555,85664.14,23.9
1791369553,btc,1813910400000,62000.0,put,42.33,0.02787998,0.027,0.0285,86832.08,115.8
1791369553,btc,1821772800000,118000.0,call,39.59,0.05778304,0.057,0.059,87942.93,0.1
1791369553,btc,1795766400000,89000.0,call,36.38,0.03208353,0.0315,0.0325,84282.67,525.7
1791369553,btc,1806048000000,200000.0,put,52.94,1.33656752,1.3275,1.344,85664.14,1.0
1791369553,btc,1806048000000,45000.0,call,53.58,0.47877948,0.478,0.481,85664.14,4.8
1791369553,btc,1792137600000,81000.0,put,31.81,0.00720865,0.0065,0.0075,83788.18,334.9
1791369553,btc,1791532800000,75000.0,put,65.2,0.00014613,0.0001,0.0002,83687.6,1530.9
1791369553,btc,1793347200000,95000.0,call,36.81,0.00410403,0.004,0.0043,83976.05,24868.8
1791369553,btc,1791619200000,79000.0,put,40.23,0.00078184,0.0007,0.0008,83705.61,4.6
1791369553,btc,1806048000000,160000.0,call,46.41,0.00390573,0.0037,0.004,85664.14,1034.6
1791369553,btc,1792742400000,96000.0,call,37.94,0.00152067,0.0014,0.0017,83867.34,2.5
1791369553,btc,1793347200000,50000.0,call,73.25,0.40465222,0.4035,0.406,83976.05,1.1
1791369553,btc,1791705600000,83500.0,put,27.31,0.00994003,0.0095,0.0105,83724.73166666666,8.4
1791369553,btc,1798185600000,66000.0,put,42.57,0.00873934,0.0085,0.009,84601.46,418.9
1791369553,btc,1793347200000,96000.0,call,37.56,0.00349948,0.0034,0.0037,83976.05,1611.9
1791369553,btc,1792137600000,84000.0,put,31.33,0.02086016,0.0205,0.0215,83788.18,248.5
1791369553,btc,1791446400000,88000.0,put,43.91,0.0517828,0.0495,0.054,83678.6,0.0
1791369553,btc,1792742400000,80000.0,put,32.6,0.0095889,0.0095,0.01,83872.1,759.1
1791369553,btc,1806048000000,92000.0,put,37.45,0.14649301,0.1455,0.147,85664.14,16.7
1791369553,btc,1791532800000,86500.0,call,31.68,0.00075988,0.0007,0.0009,83687.6,77.0
1791369553,btc,1798185600000,190000.0,put,59.87,1.24632637,1.2375,1.253,84601.46,0.0
1791369553,btc,1795766400000,64000.0,put,46.67,0.00369201,0.0035,0.0037,84282.67,55.6
1791369553,btc,1798185600000,35000.0,call,80.16,0.58695129,0.586,0.5885,84601.46,87.9
1791369553,btc,1798185600000,160000.0,put,54.3,0.8920994,0.887,0.8955,84601.46,0.1
1791369553,btc,1795766400000,89000.0,put,36.38,0.08806139,0.087,0.0885,84282.67,48.6
1791369553,btc,1798185600000,120000.0,call,42.78,0.00374263,0.0036,0.004,84601.46,5798.6
1791369553,btc,1791705600000,90000.0,put,32.15,0.07513028,0.0725,0.0775,83724.73166666666,0.0
1791369553,btc,1806048000000,72000.0,put,39.09,0.03772282,0.0375,0.038,85659.38,195.0
1791369553,btc,1821772800000,65000.0,call,41.21,0.30618486,0.305,0.3085,87938.17,2.1
1791369553,btc,1798185600000,150000.0,call,51.62,0.00089974,0.0008,0.001,84601.46,1769.3
1791369553,btc,1821772800000,88000.0,put,39.01,0.15228316,0.1505,0.1535,87942.93,1.3
1791369553,btc,1791619200000,76000.0,call,52.07,0.09228577,0.0905,0.094,83700.85,0.0
1791369553,btc,1793347200000,58000.0,put,61.37,0.00033888,0.0003,0.0004,83976.05,335.3
1791369553,btc,1813910400000,190000.0,call,47.2,0.00545223,0.005,0.006,86826.92,67.0
1791369553,btc,1806048000000,58000.0,put,44.7,0.01186038,0.0115,0.0125,85664.14,149.7
1791369553,btc,1791705600000,89000.0,call,31.24,0.00037272,0.0003,0.0005,83724.73166666666,0.1
1791369553,btc,1792137600000,88000.0,call,33.17,0.00486985,0.0047,0.005,83788.18,221.9
1791369553,btc,1791446400000,90000.0,call,50.87,1.399e-05,,0.0001,83673.84,31.3
1791369553,btc,1795766400000,96000.0,call,37.3,0.01397993,0.0135,0.0145,84287.43,360.1
1791369553,btc,1813910400000,100000.0,call,38.5,0.0759553,0.075,0.0765,86826.92,204.2
1791369553,btc,1795766400000,72000.0,put,39.76,0.01014571,0.0095,0.0105,84287.43,85.0
1791369553,btc,1798185600000,66000.0,call,42.57,0.22851247,0.2275,0.2305,84601.46,267.2
1791369553,btc,1792742400000,105000.0,call,44.77,0.00027912,0.0002,0.0004,83872.1,35.5
1791369553,btc,1791446400000,87000.0,call,39.93,0.00018104,0.0001,0.0003,83678.6,224.0
1791369553,btc,1798185600000,102000.0,call,37.98,0.01435568,0.014,0.015,84601.46,545.7
1791369553,btc,1792742400000,70000.0,put,45.52,0.00095126,0.0008,0.001,83872.1,74.1
1791369553,btc,1806048000000,104000.0,call,37.98,0.03734564,0.037,0.038,85664.14,136.7
1791369553,btc,1792742400000,95000.0,call,37.12,0.00187131,0.0017,0.0021,83867.34,18.0
1791369553,btc,1795766400000,66000.0,put,44.67,0.00466279,0.0044,0.0049,84287.43,197.7
1791369553,btc,1791705600000,87000.0,put,28.55,0.04048138,0.038,0.043,83724.73166666666,0.0
1791369553,btc,1793347200000,84000.0,call,33.21,0.03299917,0.0325,0.0335,83976.05,1239.2
1791369553,btc,1798185600000,170000.0,call,56.34,0.00043835,0.0003,0.0006,84596.45,2018.6
1791369553,btc,1795766400000,112000.0,put,42.76,0.33162029,0.3285,0.334,84282.67,0.0
1791369553,btc,1793347200000,85000.0,put,33.4,0.04004356,0.039,0.0405,83976.05,867.8
1791369553,btc,1806048000000,130000.0,put,41.17,0.52805268,0.5235,0.5305,85664.14,0.5
1791369553,btc,1795766400000,58000.0,put,53.75,0.00202206,0.0018,0.0022,84287.43,275.6
1791369553,btc,1806048000000,80000.0,put,37.78,0.06957696,0.069,0.07,85664.14,398.2
1791369553,btc,1791619200000,86000.0,put,30.49,0.02978193,0.028,0.0315,83705.61,0.0
1791369553,btc,1795766400000,86000.0,put,36.26,0.06531779,0.0645,0.0655,84287.43,318.4
1791369553,btc,1793347200000,52000.0,call,70.82,0.38088263,0.3795,0.382,83976.05,0.1
1791369553,btc,1806048000000,40000.0,call,57.31,0.53560196,0.535,0.5375,85664.14,82.1
1791369553,btc,1821772800000,125000.0,put,40.05,0.46847249,0.4645,0.472,87942.93,0.0
1791369553,btc,1813910400000,64000.0,call,41.62,0.29478673,0.2935,0.296,86832.08,33.5
1791369553,btc,1821772800000,180000.0,put,44.76,1.0602759,1.041,1.0735,87942.93,0.1
1791369553,btc,1806048000000,85000.0,put,37.54,0.09769402,0.097,0.098,85664.14,61.1
1791369553,btc,1813910400000,180000.0,put,46.0,1.07972877,1.072,1.0865,86832.08,0.0
1791369553,btc,1813910400000,65000.0,put,41.4,0.03439532,0.0335,0.035,86826.92,51.5
1791369553,btc,1806048000000,55000.0,call,46.31,0.36707354,0.3655,0.3695,85664.14,29.5
1791369553,btc,1806048000000,62000.0,call,42.7,0.29277054,0.2915,0.295,85664.14,51.3
1791369553,btc,1793347200000,75000.0,put,37.36,0.00487882,0.0046,0.005,83976.05,1831.3
1791369553,btc,1813910400000,150000.0,put,42.81,0.74112453,0.7365,0.744,86826.92,1.1
1791369553,btc,1793347200000,92000.0,call,35.07,0.00708952,0.007,0.0075,83976.05,2581.4
1791369553,btc,1813910400000,52000.0,call,46.17,0.41426431,0.413,0.416,86832.08,1.1
1791369553,btc,1813910400000,125000.0,put,40.14,0.46887603,0.465,0.471,86832.08,0.0
1791369553,btc,1791446400000,95000.0,put,51.22,0.13536585,0.133,0.1375,83678.6,0.0
1791369553,btc,1791705600000,79000.0,call,35.7,0.05731149,0.055,0.059,83724.73166666666,0.0
1791369553,btc,1806048000000,112000.0,call,38.75,0.02437214,0.024,0.025,85664.14,99.3
1791369553,btc,1793347200000,84000.0,put,33.21,0.03334846,0.0325,0.0335,83976.05,753.3
1791369553,btc,1806048000000,82000.0,call,37.61,0.12270276,0.122,0.1235,85664.14,1232.8
1791369553,btc,1793347200000,67000.0,call,48.12,0.20337716,0.202,0.205,83981.36,108.4
1791369553,btc,1793347200000,89000.0,put,33.96,0.07273703,0.071,0.0745,83976.05,22.8
1791369553,btc,1791532800000,87000.0,put,33.04,0.04010792,0.038,0.042,83692.36,148.5
1791369553,btc,1791532800000,68000.0,call,94.76,0.18746908,0.186,0.189,83692.36,1.9
1791369553,btc,1813910400000,88000.0,call,38.44,0.12328397,0.1225,0.1245,86826.92,53.7
1791369553,btc,1798185600000,74000.0,put,38.54,0.02205717,0.0215,0.0225,84596.45,189.4
1791369553,btc,1813910400000,45000.0,call,50.3,0.48964467,0.4885,0.4915,86826.92,15.4
1791369553,btc,1791446400000,82500.0,put,35.91,0.00212787,0.0019,0.0023,83678.6,25.3
1791369553,btc,1795766400000,88000.0,call,36.32,0.03596527,0.0355,0.0365,84287.43,1326.6
1791369553,btc,1791705600000,91000.0,call,35.18,0.00014088,0.0001,0.0002,83724.73166666666,0.3
1791369553,btc,1791619200000,89500.0,call,35.02,0.000181,0.0001,0.0003,83705.61,9.3
1791369553,btc,1813910400000,54000.0,call,45.24,0.39336905,0.392,0.3955,86826.92,1.0
1791369553,btc,1791619200000,93000.0,call,45.33,5.978e-05,,0.0001,83700.85,10.0
1791369553,btc,1798185600000,84000.0,call,36.76,0.07139801,0.071,0.072,84601.46,1249.0
1791369553,btc,1793347200000,65000.0,call,50.8,0.22683665,0.226,0.2285,83976.05,411.9
1791369553,btc,1791705600000,85500.0,call,27.39,0.0037985,0.0037,0.0041,83724.73166666666,0.3
1791369553,btc,1791619200000,87500.0,call,32.66,0.00081599,0.0008,0.0009,83700.85,56.6
1791369553,btc,1792137600000,87000.0,call,32.48,0.00684721,0.0065,0.0075,83788.18,514.3
1791369553,btc,1792742400000,70000.0,call,45.52,0.16628375,0.1645,0.168,83867.34,0.0
1791369553,btc,1791532800000,76000.0,call,60.36,0.09204657,0.09,0.094,83692.36,50.2
1791369553,btc,1791532800000,83500.0,call,30.11,0.00979728,0.0095,0.0105,83692.36,10.0
1791369553,btc,1798185600000,76000.0,call,37.91,0.12933465,0.128,0.1315,84601.46,480.3
1791369553,btc,1791446400000,87500.0,call,43.75,0.00015488,0.0001,0.0002,83678.6,117.3
1791369553,btc,1813910400000,86000.0,put,38.5,0.12399853,0.1225,0.125,86832.08,2.0
1791369553,btc,1792742400000,76000.0,call,36.23,0.09704307,0.0955,0.099,83867.34,0.0
1791369553,btc,1813910400000,92000.0,put,38.41,0.16473095,0.163,0.1655,86832.08,0.3
1791369553,btc,1792742400000,105000.0,put,44.77,0.25228039,0.2495,0.255,83867.34,0.0
1791369553,btc,1795766400000,70000.0,put,41.04,0.00763186,0.007,0.008,84282.67,226.1
1791369553,btc,1791619200000,96000.0,call,55.54,4.383e-05,,0.0001,83705.61,30.1
1791369553,btc,1795766400000,76000.0,call,37.76,0.11629908,0.1155,0.1175,84282.67,27.5
1791369553,btc,1821772800000,220000.0,call,48.03,0.00718499,0.0065,0.008,87938.17,41.0
1791369553,btc,1798185600000,88000.0,call,36.65,0.05094987,0.0505,0.0515,84601.46,4282.7
1791369553,btc,1793347200000,72000.0,call,40.91,0.14532819,0.1435,0.147,83976.05,645.1
1791369553,btc,1791619200000,92000.0,put,41.31,0.09923578,0.097,0.1015,83700.85,0.0
1791369553,btc,1813910400000,56000.0,put,44.41,0.01784921,0.017,0.0185,86832.08,85.5
1791369553,btc,1806048000000,105000.0,put,38.06,0.26115966,0.258,0.2635,85664.14,2.4
1791369553,btc,1792742400000,90000.0,put,33.78,0.07920452,0.077,0.081,83867.34,0.3
1791369553,btc,1793347200000,63000.0,call,53.51,0.250401,0.249,0.252,83971.29,148.3
1791369553,btc,1791446400000,78000.0,put,66.96,0.00019317,0.0001,0.0003,83678.6,33.7
1791369553,btc,1793347200000,73000.0,put,39.6,0.00329859,0.0032,0.0034,83981.36,1543.6
1791369553,btc,1793347200000,93000.0,put,35.72,0.11346688,0.1115,0.1155,83981.36,2.2
1791369553,btc,1791619200000,77000.0,call,48.13,0.08043909,0.0785,0.0825,83705.61,0.0
1791369553,btc,1793347200000,56000.0,put,64.28,0.00024944,0.0002,0.0003,83981.36,469.9
1791369553,btc,1821772800000,130000.0,put,40.46,0.51929974,0.5145,0.523,87942.93,4.0
1791369553,btc,1793347200000,115000.0,call,52.6,0.00043522,0.0004,0.0005,83981.36,282.9
1791369553,btc,1795766400000,69000.0,call,41.93,0.1880681,0.1865,0.1905,84287.43,0.0
1791369553,btc,1798185600000,85000.0,call,36.73,0.06581432,0.0655,0.0665,84596.45,3197.0
1791369553,btc,1798185600000,98000.0,put,37.29,0.17903991,0.176,0.181,84601.46,4.1
1791369553,btc,1792137600000,100000.0,call,44.02,0.00011853,,0.0002,83783.42,350.9
1791369553,btc,1798185600000,78000.0,call,37.49,0.11277951,0.112,0.114,84601.46,1087.4
1791369553,btc,1792137600000,90000.0,call,34.41,0.00235846,0.0022,0.0026,83788.18,980.1
1791369553,btc,1795766400000,115000.0,call,43.98,0.00215778,0.002,0.0024,84282.67,66.5
1791369553,btc,1791532800000,77000.0,put,56.51,0.00029075,0.0002,0.0004,83687.6,264.1
1791369553,btc,1791705600000,92000.0,call,38.55,0.00012478,,0.0002,83724.73166666666,0.0
1791369553,btc,1791705600000,81500.0,call,29.11,0.02956963,0.0275,0.032,83724.73166666666,0.0
1791369553,btc,1806048000000,75000.0,put,38.46,0.04786137,0.0475,0.0485,85664.14,31.1
1791369553,eth,1795766400000,3100.0,put,49.91,0.215953,0.2115,0.2185,2588.09,19.0
1791369553,eth,1821772800000,2300.0,put,54.79,0.131989,0.1305,0.1335,2691.88,26.0
1791369553,eth,1791446400000,3100.0,call,88.55,0.0,,0.0001,2576.53,300.0
1791369553,eth,1813910400000,2900.0,put,53.36,0.235125,0.234,0.2365,2659.48,471.0
1791369553,eth,1793347200000,2150.0,call,53.7,0.171711,0.1705,0.175,2580.33,988.0
1791369553,eth,1813910400000,4800.0,put,56.56,0.837762,0.8315,0.849,2659.62,0.0
1791369553,eth,1821772800000,2600.0,call,54.42,0.224553,0.2225,0.2265,2691.88,0.0
1791369553,eth,1806048000000,4200.0,put,55.36,0.62305,0.6175,0.6275,2627.55,7.0
1791369553,eth,1792742400000,2550.0,put,42.4,0.029765,0.029,0.03,2579.03,644.0
1791369553,eth,1791532800000,2650.0,put,38.65,0.030988,0.028,0.0325,2576.64,2214.0
1791369553,eth,1806048000000,1000.0,put,75.66,0.003698,0.0033,0.004,2627.55,6813.0
1791369553,eth,1813910400000,3500.0,put,53.89,0.402592,0.3995,0.4065,2659.62,678.0
1791369553,eth,1791619200000,2920.0,put,51.62,0.13346,0.13,0.137,2576.74,0.0
1791369553,eth,1793347200000,1750.0,call,72.32,0.322643,0.3215,0.3255,2580.33,102.0
1791369553,eth,1791619200000,2680.0,put,37.82,0.04229,0.0395,0.045,2576.74,1.0
1791369553,eth,1791532800000,2620.0,call,38.74,0.004684,0.0045,0.0049,2576.64,235.0
1791369553,eth,1821772800000,3900.0,put,55.01,0.541976,0.526,0.5535,2691.88,0.0
1791369553,eth,1813910400000,3400.0,call,53.77,0.094131,0.093,0.095,2659.62,646.0
1791369553,eth,1806048000000,2800.0,put,52.17,0.181155,0.18,0.182,2627.41,481.0
1791369553,eth,1798185600000,2400.0,call,50.43,0.132841,0.1325,0.134,2597.71,12780.0
1791369553,eth,1791446400000,2840.0,call,64.23,1e-05,,0.0001,2576.53,32.0
1791369553,eth,1791532800000,2580.0,put,40.05,0.012294,0.012,0.013,2576.64,255.0
1791369553,eth,1791619200000,3000.0,call,58.66,2.9e-05,,0.0001,2576.88,4.0
1791369553,eth,1795766400000,2300.0,call,50.64,0.14005,0.139,0.143,2588.09,76.0
1791369553,eth,1806048000000,2900.0,call,52.21,0.102353,0.102,0.103,2627.41,2577.0
1791369553,eth,1813910400000,2200.0,put,54.34,0.093239,0.092,0.094,2659.62,378.0
1791369553,eth,1792742400000,2700.0,call,42.23,0.017249,0.017,0.018,2579.03,157.0
1791369553,eth,1798185600000,8000.0,put,78.69,2.079999,2.0595,2.0965,2597.71,73.0
1791369553,eth,1793347200000,2500.0,call,44.81,0.061352,0.0605,0.062,2580.33,6331.0
1791369553,eth,1821772800000,3600.0,put,54.64,0.450173,0.435,0.4615,2691.88,0.0
1791369553,eth,1795766400000,3500.0,put,53.26,0.359046,0.354,0.3625,2588.09,6.0
1791369553,eth,1795766400000,2400.0,call,49.51,0.113021,0.1125,0.1145,2588.09,415.0
1791369553,eth,1792742400000,3000.0,call,47.69,0.003001,0.0029,0.0032,2578.89,634.0
1791369553,eth,1791619200000,2950.0,put,53.09,0.145088,0.1415,0.1485,2576.88,0.0
1791369553,eth,1806048000000,3300.0,put,52.74,0.319984,0.3165,0.323,2627.55,139.0
1791369553,eth,1798185600000,1400.0,call,71.53,0.464004,0.463,0.4655,2597.71,1387.0
1791369553,eth,1806048000000,2600.0,put,52.29,0.135774,0.135,0.1365,2627.55,1403.0
1791369553,eth,1791446400000,2740.0,call,59.58,0.0002,0.0001,0.0003,2576.53,698.0
1791369553,eth,1806048000000,2800.0,call,52.17,0.115284,0.1145,0.116,2627.55,7362.0
1791369553,eth,1792742400000,3100.0,call,50.43,0.001868,0.0018,0.0021,2579.03,3042.0
1791369553,eth,1821772800000,1500.0,put,59.7,0.035642,0.0345,0.0365,2691.74,881.0
1791369553,eth,1792137600000,2700.0,put,40.82,0.0564,0.0545,0.058,2577.62,1692.0
1791369553,eth,1791446400000,2580.0,call,43.61,0.007904,0.0075,0.0085,2576.53,59.0
1791369553,eth,1792742400000,2400.0,call,45.1,0.080985,0.0795,0.084,2579.03,0.0
1791369553,eth,1795766400000,2000.0,call,56.53,0.237049,0.236,0.24,2588.09,9.0
1791369553,eth,1798185600000,1800.0,call,59.49,0.316888,0.316,0.3195,2597.71,2432.0
1791369553,eth,1792137600000,2550.0,call,41.09,0.031122,0.0305,0.032,2577.62,119.0
1791369553,eth,1791705600000,3000.0,put,53.72,0.164262,0.16,0.168,2576.4133333333334,0.0
1791369553,eth,1806048000000,4800.0,put,57.42,0.841206,0.834,0.8465,2627.55,40.0
1791369553,eth,1793347200000,2250.0,put,49.89,0.008053,0.0075,0.0085,2580.33,3540.0
1791369553,eth,1793347200000,2900.0,call,46.16,0.009998,0.01,0.0105,2580.33,5268.0
1791369553,eth,1795766400000,3800.0,call,56.39,0.003404,0.0032,0.0036,2588.09,1620.0
1791369553,eth,1791532800000,2800.0,call,46.97,7.8e-05,,0.0002,2576.5,7929.0
1791369553,eth,1813910400000,4400.0,put,55.62,0.697642,0.692,0.705,2659.62,1.0
1791369553,eth,1821772800000,4400.0,put,55.76,0.703643,0.6855,0.716,2691.74,0.0
1791369553,eth,1791619200000,2620.0,call,37.9,0.006737,0.0065,0.007,2576.88,16.0
1791369553,eth,1798185600000,1500.0,put,68.18,0.004032,0.0038,0.004,2597.71,16575.0
1791369553,eth,1806048000000,4200.0,call,55.36,0.024244,0.0235,0.025,2627.55,2912.0
1791369553,eth,1793347200000,1000.0,call,108.79,0.612463,0.6115,0.614,2580.47,0.0
1791369553,eth,1791532800000,2620.0,put,38.74,0.021757,0.0195,0.0225,2576.64,229.0
1791369553,eth,1813910400000,3100.0,put,53.47,0.287254,0.286,0.289,2659.48,210.0
1791369553,eth,1791532800000,2100.0,put,113.88,0.000151,0.0001,0.0002,2576.64,1114.0
1791369553,eth,1791532800000,2200.0,put,99.28,0.000314,0.0002,0.0004,2576.5,4080.0
1791369553,eth,1795766400000,2700.0,call,48.0,0.053279,0.053,0.0545,2588.09,2926.0
1791369553,eth,1792137600000,2650.0,call,40.37,0.013845,0.0135,0.0145,2577.62,598.0
1791369553,eth,1821772800000,2200.0,put,55.02,0.115081,0.1135,0.1165,2691.88,72.0
1791369553,eth,1792137600000,2400.0,put,46.43,0.005998,0.0055,0.0065,2577.62,4021.0
1791369553,eth,1813910400000,2100.0,put,54.77,0.079027,0.078,0.08,2659.62,852.0
1791369553,eth,1798185600000,1000.0,call,88.56,0.615894,0.615,0.617,2597.71,75.0
1791369553,eth,1798185600000,2800.0,put,49.58,0.139285,0.1385,0.1395,2597.71,3542.0
1791369553,eth,1791705600000,2460.0,put,44.19,0.00359,0.0035,0.0038,2576.3733333333334,0.0
1791369553,eth,1791446400000,2450.0,put,71.02,0.001162,0.0011,0.0013,2576.48,1150.0
1791369553,eth,1795766400000,3100.0,call,49.91,0.017959,0.0175,0.0185,2588.09,2051.0
1791369553,eth,1793347200000,1800.0,put,69.91,0.001061,0.0009,0.0012,2580.33,3950.0
1791369553,eth,1791619200000,2500.0,put,45.18,0.005215,0.005,0.0055,2576.74,1313.0
1791369553,eth,1821772800000,3300.0,put,54.35,0.363557,0.3515,0.3735,2691.74,0.0
1791369553,eth,1798185600000,4400.0,put,58.74,0.697504,0.6875,0.7065,2597.57,20.0
1791369553,eth,1821772800000,4300.0,call,55.58,0.073061,0.072,0.074,2691.74,0.0
1791369553,eth,1798185600000,7000.0,put,73.98,1.695158,1.677,1.7095,2597.71,0.0
1791369553,eth,1792742400000,2650.0,put,41.99,0.050896,0.05,0.052,2579.03,2789.0
1791369553,eth,1813910400000,4000.0,call,54.8,0.058112,0.0575,0.059,2659.48,4626.0
1791369553,eth,1791446400000,2560.0,call,45.4,0.01244,0.012,0.0135,2576.48,1.0
1791369553,eth,1791619200000,2780.0,put,41.49,0.079347,0.076,0.0825,2576.88,1.0
1791369553,eth,1792137600000,2500.0,call,42.27,0.043669,0.043,0.0445,2577.47,113.0
1791369553,eth,1806048000000,1800.0,call,57.54,0.343485,0.342,0.3455,2627.55,3251.0
1791369553,eth,1791619200000,2740.0,call,39.97,0.00062,0.0006,0.0008,2576.88,954.0
1791369553,eth,1791446400000,2660.0,call,46.06,0.000837,0.0008,0.001,2576.48,535.0
1791369553,eth,1792137600000,3100.0,call,55.46,0.00056,0.0005,0.0006,2577.47,1301.0
1791369553,eth,1813910400000,1900.0,call,56.05,0.340977,0.3395,0.3435,2659.62,373.0
1791369553,eth,1791619200000,2720.0,call,38.46,0.000844,0.0008,0.001,2576.88,371.0
1791369553,eth,1806048000000,2000.0,put,55.23,0.044673,0.044,0.045,2627.55,2662.0
1791369553,eth,1813910400000,3900.0,call,54.59,0.06275,0.062,0.064,2659.62,451.0
1791369553,eth,1792137600000,2000.0,put,75.68,0.000589,0.0005,0.0006,2577.47,657.0
1791369553,eth,1791446400000,2900.0,put,74.32,0.125634,0.1225,0.129,2576.48,0.0
1791369553,eth,1795766400000,2150.0,call,52.99,0.186017,0.185,0.189,2588.09,2.0
1791369553,eth,1791532800000,3000.0,call,70.23,2e-05,,0.0001,2576.5,6071.0
1791369553,eth,1791446400000,2850.0,put,64.36,0.106227,0.103,0.11,2576.53,0.0
1791369553,eth,1791619200000,2900.0,call,49.43,5.1e-05,,0.0002,2576.74,33.0
1791369553,eth,1795766400000,3400.0,call,52.33,0.008236,0.008,0.0085,2588.09,1044.0
1791369553,eth,1791705600000,2200.0,call,76.23,0.14685,0.1455,0.1495,2576.3733333333334,0.0
1791369553,eth,1795766400000,3000.0,call,49.15,0.023458,0.023,0.024,2588.09,16064.0
1791369553,eth,1791619200000,2580.0,call,38.89,0.013104,0.013,0.014,2576.88,124.0
1791369553,eth,1791619200000,2300.0,call,71.62,0.108146,0.1065,0.1105,2576.74,0.0
1791369553,eth,1813910400000,6000.0,call,59.4,0.016329,0.016,0.017,2659.62,2662.0
1791369553,eth,1791532800000,2600.0,call,38.95,0.007186,0.007,0.008,2576.64,317.0
1791369553,eth,1806048000000,4500.0,put,56.36,0.731232,0.725,0.736,2627.55,0.0
1791369553,eth,1791705600000,2580.0,call,35.68,0.014102,0.0135,0.0145,2576.4133333333334,80.0
1791369553,eth,1795766400000,4200.0,put,60.23,0.624676,0.6165,0.6315,2588.09,0.0
1791369553,eth,1795766400000,1600.0,put,69.24,0.002479,0.0022,0.0028,2588.09,428.0
1791369553,eth,1795766400000,2300.0,put,50.64,0.028884,0.0285,0.0295,2588.09,875.0
1791369553,eth,1792137600000,2750.0,call,41.73,0.005659,0.0055,0.006,2577.62,945.0
1791369553,eth,1806048000000,3000.0,put,52.28,0.232853,0.232,0.2335,2627.55,405.0
1791369553,eth,1798185600000,5200.0,put,64.33,1.003323,0.991,1.014,2597.57,0.0
1791369553,eth,1813910400000,3900.0,put,54.59,0.529196,0.5255,0.534,2659.48,50.0
1791369553,eth,1798185600000,4800.0,call,61.64,0.002219,0.0021,0.0024,2597.71,3493.0
1791369553,eth,1795766400000,4800.0,call,66.26,0.000677,0.0005,0.0009,2588.09,17.0
1791369553,eth,1813910400000,4400.0,call,55.62,0.043189,0.0425,0.044,2659.48,173.0
1791369553,eth,1813910400000,2000.0,put,55.36,0.066477,0.0655,0.0675,2659.62,1840.0
1791369553,eth,1798185600000,2700.0,put,49.58,0.114593,0.114,0.115,2597.71,4476.0
1791369553,eth,1795766400000,2650.0,put,48.14,0.085149,0.0845,0.085,2588.09,789.0
1791369553,eth,1791446400000,2580.0,put,43.61,0.009324,0.0085,0.01,2576.53,1214.0
1791369553,eth,1791705600000,2440.0,put,46.26,0.002928,0.0028,0.0032,2576.4133333333334,0.0
1791369553,eth,1791619200000,2520.0,call,43.08,0.028493,0.0275,0.0305,2576.74,18.0
1791369553,eth,1821772800000,4600.0,call,56.08,0.06162,0.061,0.063,2691.74,14.0
1791369553,eth,1798185600000,7000.0,call,73.98,0.000321,0.0003,0.0005,2597.71,3956.0
1791369553,eth,1791705600000,2400.0,call,50.84,0.070684,0.069,0.0725,2576.3733333333334,0.0
1791369553,eth,1791619200000,2540.0,put,41.23,0.008561,0.0085,0.009,2576.74,560.0
1791369553,eth,1798185600000,1800.0,put,59.49,0.009846,0.0095,0.0105,2597.71,6174.0
1791369553,eth,1795766400000,3600.0,call,54.4,0.005225,0.005,0.0055,2588.09,6841.0
1791369553,eth,1813910400000,1400.0,put,62.14,0.01999,0.019,0.02,2659.62,1804.0
1791369553,eth,1813910400000,1600.0,call,59.15,0.4291,0.4275,0.431,2659.48,358.0
1791369553,eth,1795766400000,2950.0,call,48.92,0.026988,0.0265,0.0275,2588.09,811.0
1791369553,eth,1795766400000,2750.0,call,48.2,0.046765,0.0465,0.0475,2588.09,3135.0
1791369553,eth,1798185600000,5000.0,call,62.92,0.001759,0.0016,0.002,2597.57,4259.0
1791369553,eth,1806048000000,3900.0,call,54.36,0.032816,0.0325,0.0335,2627.55,42.0
1791369553,eth,1806048000000,2900.0,put,52.21,0.206291,0.2055,0.207,2627.41,309.0
1791369553,eth,1791532800000,3400.0,call,84.41,0.0,,0.0001,2576.5,5051.0
1791369553,eth,1813910400000,4500.0,call,55.86,0.040293,0.0395,0.041,2659.62,1411.0
1791369553,eth,1792742400000,3200.0,put,53.25,0.242063,0.238,0.2465,2579.03,0.0
1791369553,eth,1795766400000,2900.0,call,48.72,0.031047,0.0305,0.0315,2588.09,3973.0
1791369553,eth,1806048000000,4400.0,put,56.03,0.694947,0.6885,0.7,2627.55,2.0
1791369553,eth,1793347200000,1600.0,put,78.89,0.000398,0.0003,0.0005,2580.33,3647.0
1791369553,eth,1813910400000,4200.0,call,55.21,0.050002,0.0495,0.051,2659.62,574.0
1791369553,eth,1795766400000,4800.0,put,66.26,0.855635,0.8465,0.8635,2588.09,0.0
1791369553,eth,1821772800000,3200.0,call,54.32,0.147413,0.146,0.1485,2691.88,2506.0
1791369553,eth,1791446400000,2760.0,put,64.19,0.07146,0.0675,0.075,2576.48,1.0
1791369553,eth,1795766400000,2500.0,put,48.66,0.055498,0.055,0.056,2588.09,2429.0
1791369553,eth,1791446400000,2700.0,call,52.11,0.000355,0.0003,0.0004,2576.53,253.0
1791369553,eth,1791619200000,2800.0,put,44.2,0.087087,0.0835,0.0905,2576.88,0.0
1791369553,eth,1806048000000,1000.0,call,75.66,0.623029,0.6225,0.6245,2627.55,269.0
1791369553,eth,1813910400000,3300.0,call,53.62,0.102345,0.1015,0.1035,2659.62,2273.0
1791369553,eth,1795766400000,4000.0,call,58.35,0.002296,0.0021,0.0025,2588.09,1962.0
1791369553,eth,1813910400000,1500.0,call,60.56,0.460876,0.459,0.4625,2659.48,51.0
1791369553,eth,1791446400000,3100.0,put,88.55,0.203257,0.199,0.207,2576.48,0.0
1791369553,eth,1798185600000,6500.0,put,71.76,1.502818,1.4905,1.515,2597.71,0.0
1791369553,eth,1792137600000,2200.0,call,59.65,0.148018,0.1465,0.151,2577.47,0.0
1791369553,eth,1791446400000,2600.0,call,42.59,0.004619,0.0045,0.0049,2576.48,702.0
1791369553,eth,1791619200000,2450.0,call,50.32,0.051883,0.05,0.0545,2576.74,0.0
1791369553,eth,1806048000000,3600.0,call,53.48,0.045365,0.045,0.046,2627.55,2028.0
1791369553,eth,1791619200000,2640.0,put,37.52,0.029303,0.027,0.0305,2576.74,1.0
1791369553,eth,1791705600000,2500.0,call,40.52,0.035479,0.0335,0.0385,2576.3733333333334,0.0
1791369553,eth,1791619200000,2560.0,call,39.83,0.017481,0.017,0.018,2576.88,13.0
1791369553,eth,1806048000000,3400.0,put,52.96,0.351097,0.347,0.3545,2627.55,13.0
1791369553,eth,1793347200000,1400.0,call,90.61,0.457613,0.4565,0.4595,2580.47,50.0
1791369553,eth,1791532800000,2750.0,put,42.11,0.067711,0.0635,0.071,2576.5,1428.0
1791369553,eth,1798185600000,2600.0,call,49.67,0.091492,0.091,0.0925,2597.71,9100.0
1791369553,eth,1813910400000,2400.0,call,53.73,0.223977,0.2225,0.2255,2659.62,939.0
1791369553,eth,1813910400000,5000.0,call,57.04,0.028945,0.0285,0.03,2659.62,5164.0
1791369553,eth,1813910400000,2500.0,put,53.56,0.145363,0.144,0.1465,2659.62,3298.0
1791369553,eth,1793347200000,1850.0,put,67.49,0.001318,0.0012,0.0014,2580.33,1304.0
1791369553,eth,1793347200000,3050.0,call,48.61,0.005132,0.0049,0.0055,2580.47,2108.0
1791369553,eth,1791532800000,2600.0,put,38.95,0.016495,0.0155,0.0175,2576.5,2261.0
1791369553,eth,1791619200000,2680.0,call,37.82,0.002034,0.0018,0.0021,2576.88,80.0
1791369553,eth,1791532800000,2740.0,call,41.67,0.000224,0.0002,0.0003,2576.64,615.0
1791369553,eth,1798185600000,4200.0,call,57.61,0.004903,0.0046,0.005,2597.71,6308.0
1791369553,eth,1791705600000,2620.0,put,34.72,0.024307,0.0225,0.0255,2576.4133333333334,0.0
1791369553,eth,1792137600000,3200.0,put,59.54,0.241876,0.238,0.246,2577.47,0.0
1791369553,eth,1791532800000,2640.0,call,38.56,0.002903,0.0027,0.0031,2576.64,774.0
1791369553,eth,1806048000000,8000.0,put,67.4,2.047344,2.0265,2.0685,2627.55,0.0
1791369553,eth,1813910400000,6500.0,put,60.61,1.456902,1.4465,1.4655,2659.62,0.0
1791369553,eth,1792137600000,2600.0,call,40.5,0.021191,0.021,0.0215,2577.62,542.0
1791369553,eth,1793347200000,2550.0,call,44.36,0.050164,0.05,0.051,2580.33,2587.0
1791369553,eth,1791619200000,2440.0,put,51.51,0.002576,0.0024,0.0027,2576.74,0.0
1791369553,eth,1795766400000,2600.0,call,48.26,0.069603,0.0695,0.0705,2588.09,1189.0
1791369553,eth,1806048000000,5000.0,put,58.05,0.915136,0.908,0.921,2627.55,21.0
1791369553,eth,1791619200000,2820.0,call,45.0,0.000174,0.0001,0.0003,2576.74,506.0
1791369553,eth,1793347200000,3200.0,call,51.46,0.002816,0.0027,0.003,2580.33,16238.0
1791369553,eth,1791532800000,2560.0,call,41.96,0.015372,0.015,0.016,2576.5,0.0
1791369553,eth,1806048000000,800.0,call,83.03,0.697429,0.6965,0.6985,2627.41,0.0
1791369553,eth,1806048000000,4400.0,call,56.03,0.020007,0.0195,0.0205,2627.55,1050.0
1791369553,eth,1798185600000,3000.0,put,49.93,0.195475,0.192,0.197,2597.57,841.0
1791369553,eth,1821772800000,5500.0,put,57.65,1.082086,1.0595,1.099,2691.74,0.0
1791369553,eth,1813910400000,4100.0,call,55.0,0.053862,0.053,0.055,2659.62,4.0
1791369553,eth,1792742400000,3000.0,put,47.69,0.166287,0.162,0.1695,2579.03,0.0
1791369553,eth,1813910400000,1900.0,put,56.05,0.0554,0.0545,0.056,2659.62,3368.0
1791369553,eth,1791705600000,2580.0,put,35.68,0.01532,0.015,0.016,2576.3733333333334,128.0
1791369553,eth,1792137600000,3000.0,put,51.19,0.164884,0.161,0.1685,2577.47,10.0
1791369553,eth,1795766400000,3400.0,put,52.33,0.322164,0.3175,0.3255,2588.09,3.0
1791369553,eth,1798185600000,4500.0,call,59.47,0.003171,0.003,0.0034,2597.57,3349.0
1791369553,eth,1793347200000,1000.0,put,108.79,1.1e-05,,0.0001,2580.47,2460.0
1791369553,eth,1813910400000,1400.0,call,62.14,0.493573,0.492,0.4955,2659.62,50.0
1791369553,eth,1806048000000,2300.0,call,53.16,0.206026,0.205,0.2085,2627.55,5130.0
1791369553,eth,1798185600000,3500.0,put,52.32,0.362355,0.358,0.3665,2597.71,70.0
1791369553,eth,1806048000000,6000.0,call,61.71,0.005876,0.0055,0.0065,2627.55,5393.0
1791369553,eth,1821772800000,2400.0,call,54.6,0.258532,0.2525,0.2655,2691.88,1.0
1791369553,eth,1821772800000,2000.0,put,55.74,0.085569,0.0845,0.087,2691.74,237.0
1791369553,eth,1806048000000,3500.0,put,53.22,0.383085,0.38,0.3865,2627.55,24.0
1791369553,eth,1793347200000,3400.0,put,55.88,0.31913,0.3135,0.324,2580.47,1.0
1791369553,eth,1791705600000,2420.0,call,48.49,0.063303,0.0615,0.0665,2576.4133333333334,0.0
1791369553,eth,1821772800000,2700.0,put,54.35,0.212269,0.2105,0.2145,2691.74,481.0
1791369553,eth,1798185600000,5200.0,call,64.33,0.001444,0.0013,0.0017,2597.57,9570.0
1791369553,eth,1795766400000,4400.0,call,62.44,0.001185,0.001,0.0014,2588.09,1173.0
1791369553,eth,1791532800000,2300.0,call,82.53,0.107756,0.1065,0.1095,2576.5,36.0
1791369553,eth,1791532800000,2850.0,put,51.98,0.106399,0.103,0.11,2576.64,74.0
1791369553,eth,1793347200000,2250.0,call,49.89,0.136071,0.135,0.1395,2580.47,603.0
1791369553,eth,1821772800000,3800.0,call,54.87,0.09911,0.098,0.1,2691.88,1002.0
1791369553,eth,1821772800000,3100.0,put,54.25,0.309481,0.306,0.3145,2691.88,100.0
1791369553,eth,1793347200000,1900.0,put,65.15,0.001642,0.0015,0.0018,2580.33,1239.0
1791369553,eth,1793347200000,2900.0,put,46.16,0.133885,0.13,0.136,2580.47,145.0
1791369553,eth,1791532800000,2100.0,call,113.88,0.18494,0.184,0.187,2576.5,0.0
1791369553,eth,1821772800000,2400.0,put,54.6,0.150149,0.1485,0.152,2691.74,52.0
1791369553,eth,1791705600000,3000.0,call,53.72,5.5e-05,,0.0002,2576.4133333333334,0.0
1791369553,eth,1791619200000,3000.0,put,58.66,0.164494,0.161,0.168,2576.88,0.0
1791369553,eth,1791446400000,2800.0,put,64.2,0.086858,0.083,0.0905,2576.53,1.0
1791369553,eth,1798185600000,4600.0,put,60.19,0.773693,0.7665,0.7825,2597.71,0.0
1791369553,eth,1806048000000,900.0,call,79.18,0.66013,0.6595,0.6615,2627.55,68.0
1791369553,eth,1792742400000,3400.0,put,58.43,0.318955,0.3135,0.323,2579.03,0.0
1791369553,eth,1795766400000,1800.0,call,62.79,0.309496,0.3085,0.312,2588.09,0.0
1791369553,eth,1806048000000,900.0,put,79.18,0.002731,0.0024,0.003,2627.41,919.0
1791369553,eth,1795766400000,3150.0,put,50.02,0.23278,0.2285,0.2355,2588.09,18.0
1791369553,eth,1813910400000,2600.0,put,53.46,0.165831,0.1645,0.167,2659.62,405.0
1791369553,eth,1791619200000,2400.0,put,56.85,0.001784,0.0016,0.0018,2576.74,192.0
1791369553,eth,1793347200000,3100.0,put,49.39,0.205514,0.2015,0.209,2580.47,0.0
1791369553,eth,1793347200000,2300.0,put,48.45,0.010519,0.01,0.011,2580.47,19690.0
1791369553,eth,1791705600000,2300.0,put,63.25,0.00102,0.0009,0.0012,2576.4133333333334,0.0
1791369553,eth,1793347200000,3600.0,put,60.33,0.39603,0.39,0.4005,2580.47,91.0
1791369553,eth,1791619200000,2760.0,call,40.74,0.000415,0.0003,0.0006,2576.74,351.0
1791369553,eth,1792137600000,3400.0,call,67.95,0.000172,0.0001,0.0003,2577.47,1309.0
1791369553,eth,1795766400000,2100.0,put,53.92,0.014027,0.0135,0.0145,2588.09,2427.0
1791369553,eth,1798185600000,3000.0,call,49.93,0.040545,0.04,0.041,2597.57,12860.0
1791369553,eth,1792742400000,2400.0,put,45.1,0.011614,0.011,0.012,2579.03,3122.0
1791369553,eth,1798185600000,4200.0,put,57.61,0.621805,0.612,0.629,2597.71,62.0
1791369553,eth,1806048000000,2100.0,call,54.37,0.255693,0.2545,0.2575,2627.41,854.0
1791369553,eth,1806048000000,1300.0,call,67.27,0.513743,0.5125,0.515,2627.55,36.0
1791369553,eth,1798185600000,2200.0,put,52.23,0.032657,0.032,0.033,2597.57,9695.0
1791369553,eth,1821772800000,4200.0,put,55.44,0.637885,0.627,0.6515,2691.88,0.0
1791369553,eth,1795766400000,2900.0,put,48.72,0.151751,0.149,0.1525,2588.09,848.0
1791369553,eth,1793347200000,2200.0,put,51.69,0.00627,0.006,0.0065,2580.47,4664.0
1791369553,eth,1795766400000,2200.0,call,51.96,0.169908,0.169,0.173,2588.09,1.0
1791369553,eth,1821772800000,3900.0,call,55.01,0.093099,0.092,0.094,2691.88,61.0
1791369553,eth,1792742400000,2800.0,call,43.32,0.009278,0.009,0.01,2579.03,463.0
1791369553,eth,1798185600000,2100.0,call,53.52,0.215831,0.215,0.2185,2597.57,1377.0
1791369553,eth,1793347200000,2500.0,put,44.81,0.03022,0.03,0.0305,2580.33,4658.0
1791369553,eth,1791705600000,2400.0,put,50.84,0.00205,0.0019,0.0022,2576.3733333333334,0.0
1791369553,eth,1791532800000,2580.0,call,40.05,0.010749,0.0105,0.0115,2576.5,81.0
1791369553,eth,1791532800000,2660.0,put,38.77,0.03436,0.0315,0.037,2576.5,1050.0
1791369553,eth,1791446400000,2550.0,call,47.38,0.015278,0.0145,0.0165,2576.53,0.0
1791369553,eth,1795766400000,1800.0,put,62.79,0.005105,0.0048,0.0055,2588.09,1366.0
1791369553,eth,1821772800000,3500.0,put,54.55,0.420739,0.407,0.4315,2691.88,0.0
1791369553,eth,1806048000000,4800.0,call,57.42,0.013999,0.0135,0.0145,2627.55,3481.0
1791369553,eth,1795766400000,3150.0,call,50.02,0.015464,0.015,0.016,2588.09,1181.0
1791369553,eth,1793347200000,2850.0,call,45.41,0.012569,0.012,0.013,2580.33,2199.0
1791369553,eth,1791619200000,2920.0,call,51.62,4.8e-05,,0.0002,2576.88,0.0
1791369553,eth,1791619200000,2620.0,put,37.9,0.023703,0.0215,0.0245,2576.74,241.0
1791369553,eth,1798185600000,3300.0,call,51.1,0.021897,0.0215,0.0225,2597.71,3861.0
1791369553,eth,1791446400000,2560.0,put,45.4,0.006098,0.0055,0.0065,2576.48,863.0
1791369553,eth,1791619200000,2640.0,call,37.52,0.004573,0.0044,0.0047,2576.88,142.0
1791369553,eth,1791619200000,2780.0,call,41.49,0.000276,0.0002,0.0004,2576.88,73.0
1791369553,eth,1792742400000,3100.0,put,50.43,0.203931,0.199,0.208,2579.03,0.0
1791369553,eth,1793347200000,2150.0,put,53.7,0.004938,0.0047,0.0055,2580.33,4804.0
1791369553,eth,1795766400000,2500.0,call,48.66,0.089374,0.089,0.091,2588.09,1780.0
1791369553,eth,1791446400000,2640.0,call,43.96,0.001435,0.0013,0.0016,2576.53,928.0
1791369553,eth,1791446400000,2500.0,call,57.68,0.031728,0.03,0.035,2576.53,0.0
1791369553,eth,1798185600000,1200.0,call,79.26,0.539646,0.5385,0.5415,2597.71,341.0
1791369553,eth,1795766400000,2450.0,put,49.04,0.047536,0.047,0.048,2588.09,1537.0
1791369553,eth,1798185600000,3500.0,call,52.32,0.014937,0.0145,0.0155,2597.71,32956.0
1791369553,eth,1821772800000,4100.0,put,55.27,0.605451,0.595,0.6175,2691.88,0.0
1791369553,eth,1791705600000,2900.0,put,47.94,0.125548,0.1225,0.129,2576.4133333333334,0.0
1791369553,eth,1806048000000,7000.0,put,64.81,1.667977,1.65,1.686,2627.55,0.0
1791369553,eth,1806048000000,2500.0,put,52.48,0.11579,0.115,0.1165,2627.55,2192.0
1791369553,eth,1798185600000,1200.0,put,79.26,0.001618,0.0014,0.0018,2597.71,6711.0
1791369553,eth,1793347200000,4000.0,call,68.59,0.000363,0.0003,0.0005,2580.47,2742.0
1791369553,eth,1813910400000,5500.0,call,58.21,0.021415,0.021,0.022,2659.62,627.0
1791369553,eth,1791619200000,2560.0,put,39.83,0.011158,0.011,0.0115,2576.88,592.0
1791369553,eth,1813910400000,4600.0,call,56.1,0.037627,0.037,0.0385,2659.62,203.0
1791369553,eth,1813910400000,5200.0,call,57.51,0.025567,0.025,0.0265,2659.62,23.0
1791369553,eth,1791705600000,2350.0,call,56.77,0.089424,0.0875,0.0915,2576.4133333333334,0.0
1791369553,eth,1793347200000,2400.0,call,46.25,0.08794,0.087,0.089,2580.33,3631.0
1791369553,eth,1806048000000,1300.0,put,67.27,0.008612,0.008,0.009,2627.55,1864.0
1791369553,eth,1795766400000,2350.0,call,49.97,0.126051,0.1255,0.1285,2588.09,52.0
1791369553,eth,1813910400000,4500.0,put,55.86,0.732346,0.7265,0.7385,2659.48,1.0
1791369553,eth,1791705600000,2460.0,call,44.19,0.048941,0.047,0.052,2576.3733333333334,0.0
1791369553,eth,1793347200000,2100.0,call,55.74,0.190043,0.189,0.193,2580.33,1498.0
1791369553,eth,1813910400000,5200.0,put,57.51,0.980829,0.9735,0.988,2659.62,0.0
1791369553,eth,1798185600000,2700.0,call,49.58,0.075156,0.0745,0.076,2597.71,6658.0
1791369553,eth,1793347200000,2000.0,put,60.33,0.002508,0.0024,0.0025,2580.47,7191.0
1791369553,eth,1792137600000,2550.0,put,41.09,0.020464,0.02,0.021,2577.62,3235.0
1791369553,eth,1791705600000,2560.0,put,36.7,0.012018,0.0115,0.0125,2576.4133333333334,124.0
1791369553,eth,1813910400000,1800.0,call,56.9,0.369011,0.3675,0.371,2659.48,1752.0
1791369553,eth,1821772800000,2500.0,put,54.5,0.169727,0.168,0.1715,2691.74,12.0
1791369553,eth,1793347200000,3000.0,call,47.56,0.006283,0.006,0.0065,2580.47,15411.0
1791369553,eth,1793347200000,3050.0,put,48.61,0.187151,0.1825,0.19,2580.33,0.0
1791369553,eth,1821772800000,5400.0,put,57.45,1.046804,1.0245,1.065,2691.88,0.0
1791369553,eth,1798185600000,4500.0,put,59.47,0.735566,0.7255,0.7435,2597.71,2.0
1791369553,eth,1793347200000,2600.0,put,44.27,0.048287,0.0475,0.0485,2580.33,3621.0
1791369553,eth,1821772800000,7000.0,put,60.32,1.621365,1.589,1.646,2691.88,0.0
1791369553,eth,1798185600000,2900.0,put,49.72,0.166363,0.1635,0.1675,2597.71,960.0
1791369553,eth,1813910400000,2000.0,call,55.36,0.314453,0.313,0.317,2659.48,1746.0
1791369553,eth,1798185600000,4800.0,put,61.64,0.850107,0.8395,0.8585,2597.71,77.0
1791369553,eth,1791446400000,2540.0,call,49.06,0.018251,0.0175,0.0195,2576.53,0.0
1791369553,eth,1793347200000,2950.0,call,46.85,0.007923,0.0075,0.0085,2580.33,3028.0
1791369553,eth,1792742400000,2800.0,put,43.32,0.095012,0.092,0.098,2579.03,219.0
1791369553,eth,1793347200000,4000.0,put,68.59,0.550552,0.5455,0.556,2580.47,0.0
1791369553,eth,1792742400000,2200.0,put,53.25,0.003516,0.0033,0.0037,2579.03,159.0
1791369553,eth,1813910400000,3000.0,call,53.4,0.132621,0.1315,0.1335,2659.62,3486.0
1791369553,eth,1798185600000,5000.0,put,62.92,0.926642,0.9185,0.936,2597.71,1.0
1791369553,eth,1793347200000,2600.0,call,44.27,0.040664,0.0405,0.041,2580.33,6096.0
1791369553,eth,1806048000000,3800.0,put,54.05,0.483021,0.478,0.487,2627.55,1.0
1791369553,eth,1798185600000,2300.0,put,51.2,0.043386,0.043,0.044,2597.71,7296.0
1791369553,eth,1798185600000,2100.0,put,53.52,0.024282,0.024,0.025,2597.71,2996.0
1791369553,eth,1791619200000,2950.0,call,53.09,3.1e-05,,0.0002,2576.74,23.0
1791369553,eth,1795766400000,3050.0,call,49.46,0.020456,0.02,0.021,2588.09,464.0
1791369553,eth,1791705600000,2620.0,call,34.72,0.007567,0.007,0.008,2576.4133333333334,0.0
1791369553,eth,1806048000000,2200.0,call,53.7,0.229929,0.2285,0.2325,2627.55,4113.0
1791369553,eth,1791619200000,2840.0,put,46.81,0.102503,0.099,0.106,2576.74,0.0
1791369553,eth,1791705600000,2740.0,put,36.32,0.064131,0.061,0.0675,2576.4133333333334,0.0
1791369553,eth,1798185600000,3100.0,call,50.25,0.03295,0.0325,0.0335,2597.71,4937.0
1791369553,eth,1793347200000,2050.0,call,58.03,0.208654,0.2075,0.2115,2580.47,479.0
1791369553,eth,1806048000000,1600.0,call,60.72,0.408923,0.4075,0.4105,2627.55,872.0
1791369553,eth,1798185600000,3200.0,call,50.65,0.026822,0.0265,0.0275,2597.71,69269.0
1791369553,eth,1798185600000,4400.0,call,58.74,0.003607,0.0034,0.0039,2597.57,3831.0
1791369553,eth,1791705600000,2520.0,call,38.9,0.02926,0.0275,0.032,2576.4133333333334,0.0
1791369553,eth,1806048000000,4000.0,call,54.67,0.029576,0.029,0.03,2627.55,4590.0
1791369553,eth,1792742400000,2550.0,call,42.4,0.040971,0.0405,0.0415,2579.03,0.0
1791369553,eth,1791532800000,2680.0,call,38.82,0.001006,0.0009,0.0011,2576.5,369.0
1791369553,eth,1791705600000,2520.0,put,38.9,0.007194,0.007,0.008,2576.4133333333334,5.0
1791369553,eth,1793347200000,2100.0,put,55.74,0.003892,0.0037,0.0041,2580.47,4962.0
1791369553,eth,1791619200000,2720.0,put,38.46,0.056625,0.053,0.06,2576.74,1.0
1791369553,eth,1792137600000,2200.0,put,59.65,0.001568,0.0014,0.0017,2577.47,564.0
1791369553,eth,1791619200000,2850.0,call,48.03,0.000137,0.0001,0.0003,2576.88,1.0
1791369553,eth,1791532800000,2300.0,put,82.53,0.000606,0.0005,0.0007,2576.64,2560.0
1791369553,eth,1795766400000,3200.0,call,50.42,0.013543,0.013,0.014,2588.09,4980.0
1791369553,eth,1791446400000,2450.0,call,71.02,0.050201,0.0485,0.052,2576.48,0.0
1791369553,eth,1791705600000,2800.0,put,39.95,0.086945,0.0835,0.0905,2576.4133333333334,0.0
1791369553,eth,1791532800000,2350.0,put,74.72,0.00092,0.0008,0.001,2576.5,2452.0
1791369553,eth,1821772800000,4800.0,put,56.38,0.838369,0.8195,0.8535,2691.74,35.0
1791369553,eth,1792742400000,2600.0,call,42.04,0.031186,0.031,0.0315,2579.03,158.0
1791369553,eth,1795766400000,3600.0,put,54.4,0.396443,0.391,0.4015,2588.09,10.0
1791369553,eth,1806048000000,4600.0,call,56.74,0.016688,0.016,0.0175,2627.55,1905.0
1791369553,eth,1795766400000,4400.0,put,62.44,0.701563,0.694,0.7085,2588.09,0.0
1791369553,eth,1793347200000,3600.0,call,60.33,0.000859,0.0008,0.001,2580.47,8961.0
1791369553,eth,1806048000000,2000.0,call,55.23,0.283337,0.282,0.285,2627.55,1855.0
1791369553,eth,1821772800000,6000.0,put,58.52,1.259936,1.2425,1.2775,2691.88,0.0
1791369553,eth,1813910400000,5000.0,put,57.04,0.909004,0.902,0.9155,2659.62,0.0
1791369553,eth,1791446400000,2780.0,call,64.2,8.9e-05,,0.0001,2576.53,2019.0
1791369553,eth,1793347200000,3100.0,call,49.39,0.004117,0.004,0.0043,2580.33,5482.0
1791369553,eth,1791619200000,2700.0,put,38.03,0.049328,0.0465,0.052,2576.74,0.0
1791369553,eth,1795766400000,3300.0,put,51.3,0.285755,0.281,0.289,2588.09,0.0
1791369553,eth,1795766400000,2250.0,put,51.19,0.02407,0.0235,0.0245,2588.09,764.0
1791369553,eth,1813910400000,3500.0,call,53.89,0.08655,0.0855,0.0875,2659.48,2435.0
1791369553,eth,1813910400000,3600.0,put,54.06,0.433401,0.43,0.438,2659.62,0.0
1791369553,eth,1791705600000,2500.0,put,40.52,0.005651,0.0055,0.006,2576.3733333333334,1007.0
1791369553,eth,1806048000000,1400.0,put,64.92,0.011126,0.0105,0.0115,2627.55,2056.0
1791369553,eth,1806048000000,1800.0,put,57.54,0.028688,0.028,0.029,2627.55,3435.0
1791369553,eth,1806048000000,3500.0,call,53.22,0.050746,0.05,0.0515,2627.55,4142.0
1791369553,eth,1793347200000,3800.0,put,64.72,0.473232,0.467,0.4785,2580.33,0.0
1791369553,eth,1795766400000,2100.0,call,53.92,0.202483,0.2015,0.2055,2588.09,1.0
1791369553,eth,1793347200000,2200.0,call,51.69,0.153666,0.1525,0.157,2580.33,1278.0
1791369553,eth,1813910400000,1500.0,put,60.56,0.024894,0.024,0.0255,2659.62,646.0
1791369553,eth,1791532800000,3200.0,call,76.18,1e-06,,0.0001,2576.5,5946.0
1791369553,eth,1806048000000,3600.0,put,53.48,0.415771,0.411,0.4195,2627.55,1.0
1791369553,eth,1791619200000,2580.0,put,38.89,0.014544,0.014,0.015,2576.74,650.0
1791369553,eth,1806048000000,1900.0,call,56.31,0.312693,0.311,0.315,2627.41,4029.0
1791369553,eth,1821772800000,2100.0,put,55.33,0.099595,0.098,0.101,2691.74,213.0
1791369553,eth,1806048000000,1900.0,put,56.31,0.035962,0.0355,0.0365,2627.55,3722.0
1791369553,eth,1791446400000,2820.0,call,64.2,2.1e-05,,0.0001,2576.53,161.0
1791369553,eth,1795766400000,2250.0,call,51.19,0.154558,0.154,0.1575,2588.09,126.0
1791369553,eth,1813910400000,6500.0,call,60.61,0.012824,0.0125,0.0135,2659.62,892.0
1791369553,eth,1793347200000,2700.0,call,44.48,0.025968,0.0255,0.0265,2580.47,5484.0
1791369553,eth,1792137600000,2850.0,call,44.77,0.002471,0.0024,0.0027,2577.47,792.0
1791369553,eth,1791532800000,2000.0,call,115.3,0.223632,0.2225,0.2255,2576.5,0.0
1791369553,eth,1791619200000,2800.0,call,44.2,0.000253,0.0002,0.0004,2576.74,5.0
1791369553,eth,1791705600000,2780.0,call,38.79,0.000466,0.0004,0.0006,2576.4133333333334,0.0
1791369553,eth,1792137600000,2750.0,put,41.73,0.072597,0.07,0.0755,2577.62,887.0
1791369553,eth,1791619200000,2300.0,put,71.62,0.000903,0.0008,0.001,2576.88,668.0
1791369553,eth,1821772800000,4200.0,call,55.44,0.077556,0.0765,0.0785,2691.74,4.0
1791369553,eth,1798185600000,2600.0,put,49.67,0.092432,0.092,0.093,2597.57,1478.0
1791369553,eth,1791619200000,2480.0,put,46.97,0.004031,0.0039,0.0042,2576.74,0.0
1791369553,eth,1792137600000,2900.0,call,46.77,0.001735,0.0017,0.0019,2577.62,5655.0
1791369553,eth,1792742400000,3400.0,call,58.43,0.000563,0.0005,0.0007,2579.03,88.0
1791369553,eth,1798185600000,2900.0,call,49.72,0.049931,0.0495,0.0505,2597.71,4671.0
1791369553,eth,1795766400000,4000.0,put,58.35,0.548094,0.5405,0.5535,2588.09,0.0
1791369553,eth,1791446400000,2640.0,put,43.96,0.026144,0.0235,0.029,2576.48,267.0
1791369553,eth,1806048000000,2700.0,put,52.21,0.157639,0.157,0.158,2627.55,1369.0
1791369553,eth,1821772800000,2800.0,put,54.17,0.234628,0.232,0.238,2691.88,1382.0
1791369553,eth,1791619200000,2600.0,put,38.0,0.018645,0.018,0.019,2576.74,127.0
1791369553,eth,1791446400000,2680.0,put,49.05,0.040771,0.037,0.0445,2576.53,662.0
1791369553,eth,1821772800000,2300.0,call,54.79,0.277523,0.2735,0.287,2691.74,20.0
1791369553,eth,1821772800000,4000.0,call,55.12,0.087432,0.0865,0.0885,2691.74,690.0
1791369553,eth,1806048000000,3400.0,call,52.96,0.056825,0.0565,0.0575,2627.55,3802.0
1791369553,eth,1821772800000,1800.0,call,56.9,0.39296,0.3875,0.4,2691.74,0.0
1791369553,eth,1791532800000,2550.0,put,42.74,0.007814,0.0075,0.008,2576.5,3824.0
1791369553,eth,1813910400000,900.0,put,74.23,0.00603,0.0055,0.0065,2659.62,910.0
1791369553,eth,1791446400000,2850.0,call,64.36,7e-06,,0.0001,2576.48,0.0
1791369553,eth,1791705600000,2660.0,put,34.7,0.036009,0.033,0.038,2576.4133333333334,0.0
1791369553,eth,1821772800000,2200.0,call,55.02,0.297766,0.291,0.306,2691.74,0.0
1791369553,eth,1791446400000,2880.0,put,70.14,0.117871,0.115,0.1215,2576.53,0.0
1791369553,eth,1793347200000,3300.0,call,53.55,0.001981,0.0019,0.0021,2580.47,2616.0
1791369553,eth,1813910400000,1300.0,call,63.99,0.527166,0.526,0.528,2659.48,108.0
1791369553,eth,1791705600000,2480.0,put,42.27,0.004474,0.0044,0.0048,2576.4133333333334,0.0
1791369553,eth,1798185600000,1500.0,call,68.18,0.426567,0.4255,0.4285,2597.71,749.0
1791369553,eth,1792137600000,2400.0,call,46.43,0.074852,0.0735,0.078,2577.62,35.0
1791369553,eth,1793347200000,3400.0,call,55.88,0.001469,0.0014,0.0016,2580.47,8979.0
1791369553,eth,1795766400000,2750.0,put,48.2,0.109501,0.1085,0.1095,2588.09,1307.0
1791369553,eth,1791532800000,2500.0,put,48.9,0.003802,0.0037,0.004,2576.5,6816.0
1791369553,eth,1821772800000,3300.0,call,54.35,0.137584,0.1365,0.139,2691.74,150.0
1791369553,eth,1798185600000,11000.0,put,89.41,3.234798,3.208,3.2415,2597.57,774.0
1791369553,eth,1791619200000,2860.0,put,49.14,0.110253,0.106,0.1135,2576.88,0.0
1791369553,eth,1791446400000,2300.0,put,105.17,0.00025,0.0002,0.0003,2576.53,627.0
1791369553,eth,1798185600000,2800.0,call,49.58,0.06135,0.061,0.062,2597.57,8340.0
1791369553,eth,1795766400000,4200.0,call,60.23,0.001588,0.0014,0.0018,2588.09,813.0
1791369553,eth,1793347200000,1800.0,call,69.91,0.303475,0.302,0.306,2580.33,110.0
1791369553,eth,1813910400000,1800.0,put,56.9,0.045833,0.045,0.0465,2659.62,1776.0
1791369553,eth,1798185600000,3400.0,put,51.63,0.326894,0.3225,0.3305,2597.71,89.0
1791369553,eth,1792742400000,2850.0,call,44.12,0.006822,0.0065,0.0075,2578.89,2971.0
1791369553,eth,1791619200000,2660.0,call,37.73,0.003109,0.0028,0.0032,2576.88,135.0
1791369553,eth,1791446400000,2550.0,put,47.38,0.005054,0.0049,0.0055,2576.48,125.0
1791369553,eth,1798185600000,1000.0,put,88.56,0.000871,0.0007,0.0011,2597.71,18366.0
1791369553,eth,1795766400000,2200.0,put,51.96,0.020097,0.0195,0.0205,2588.09,1373.0
1791369553,eth,1791532800000,2760.0,put,43.55,0.071578,0.0675,0.075,2576.5,2.0
1791369553,eth,1813910400000,3700.0,put,54.22,0.464768,0.461,0.4695,2659.48,0.0
1791369553,eth,1791446400000,2680.0,call,49.05,0.000536,0.0005,0.0006,2576.48,1660.0
1791369553,eth,1791705600000,2900.0,call,47.94,0.000148,0.0001,0.0003,2576.4133333333334,0.0
1791369553,eth,1791619200000,2740.0,put,39.97,0.064165,0.06,0.0675,2576.74,12.0
1791369553,eth,1813910400000,2300.0,call,53.98,0.244159,0.2425,0.247,2659.62,251.0
1791369553,eth,1791532800000,2650.0,call,38.65,0.00227,0.002,0.0024,2576.64,1077.0
1791369553,eth,1813910400000,2700.0,call,53.35,0.17227,0.171,0.1735,2659.62,580.0
1791369553,eth,1791532800000,2720.0,call,39.89,0.00033,0.0003,0.0005,2576.5,2086.0
1791369553,eth,1791446400000,2720.0,put,56.47,0.056042,0.053,0.0595,2576.48,521.0
1791369553,eth,1791532800000,2450.0,put,56.13,0.002026,0.0019,0.0021,2576.5,5818.0
1791369553,eth,1798185600000,3300.0,put,51.1,0.29232,0.288,0.298,2597.57,13.0
1791369553,eth,1798185600000,3400.0,call,51.63,0.017974,0.0175,0.0185,2597.71,14532.0
1791369553,eth,1795766400000,2800.0,put,48.45,0.12306,0.12,0.124,2588.09,1100.0
1791369553,eth,1798185600000,2000.0,call,55.26,0.248109,0.247,0.25,2597.57,10233.0
1791369553,eth,1791619200000,2450.0,put,50.32,0.002863,0.0027,0.003,2576.88,0.0
1791369553,eth,1791532800000,2200.0,call,99.28,0.146284,0.145,0.1485,2576.5,0.0
1791369553,eth,1813910400000,5500.0,put,58.21,1.08948,1.082,1.097,2659.62,0.0
1791369553,eth,1793347200000,1850.0,call,67.49,0.284355,0.283,0.2865,2580.33,1008.0
1791369553,eth,1795766400000,2000.0,put,56.53,0.009948,0.0095,0.0105,2588.09,2358.0
1791369553,eth,1813910400000,3800.0,put,54.39,0.496701,0.493,0.5015,2659.62,2.0
1791369553,eth,1795766400000,2950.0,put,48.92,0.167015,0.163,0.1695,2588.09,942.0
1791369553,eth,1798185600000,800.0,put,96.81,0.000339,0.0002,0.0006,2597.71,7354.0
1791369553,eth,1791446400000,2400.0,call,83.57,0.069142,0.0675,0.071,2576.53,0.0
1791369553,eth,1791532800000,2000.0,put,115.3,2.3e-05,,0.0002,2576.5,3441.0
1791369553,eth,1791619200000,2850.0,put,48.03,0.106379,0.103,0.1095,2576.88,0.0
1791369553,eth,1813910400000,3000.0,put,53.4,0.260657,0.259,0.262,2659.62,441.0
1791369553,eth,1806048000000,800.0,put,83.03,0.001964,0.0017,0.0022,2627.55,2513.0
1791369553,eth,1793347200000,2300.0,call,48.45,0.11916,0.118,0.121,2580.33,1100.0
1791369553,eth,1798185600000,2000.0,put,55.26,0.018063,0.0175,0.0185,2597.57,9488.0
1791369553,eth,1791446400000,2660.0,put,46.06,0.03331,0.03,0.036,2576.53,2214.0
1791369553,eth,1798185600000,800.0,call,96.81,0.692358,0.6915,0.6935,2597.71,171.0
1791369553,eth,1806048000000,4500.0,call,56.36,0.018225,0.018,0.019,2627.41,4319.0
1791369553,eth,1798185600000,5500.0,call,66.06,0.001057,0.0009,0.0013,2597.57,2165.0
1791369553,eth,1793347200000,2750.0,put,44.67,0.086211,0.0845,0.0875,2580.33,1196.0
1791369553,eth,1798185600000,4000.0,call,55.7,0.006324,0.006,0.007,2597.57,16177.0
1791369553,eth,1821772800000,3000.0,call,54.16,0.16891,0.168,0.1705,2691.88,231.0
1791369553,eth,1791705600000,2700.0,call,35.06,0.001723,0.0016,0.002,2576.3733333333334,70.0
1791369553,eth,1792742400000,2600.0,put,42.04,0.039367,0.0385,0.04,2579.03,748.0
1791369553,eth,1795766400000,3500.0,call,53.26,0.006473,0.006,0.007,2588.09,2442.0
1791369553,eth,1791705600000,2600.0,put,34.88,0.01936,0.019,0.02,2576.4133333333334,12.0
1791369553,eth,1792137600000,2000.0,call,75.68,0.224634,0.2235,0.227,2577.62,0.0
1791369553,eth,1791446400000,2720.0,call,56.47,0.00028,0.0002,0.0004,2576.53,1583.0
1791369553,eth,1791705600000,2600.0,call,34.88,0.010381,0.01,0.011,2576.4133333333334,0.0
1791369553,eth,1791446400000,2920.0,call,78.16,6e-06,,0.0001,2576.48,281.0
1791369553,eth,1791532800000,2780.0,put,46.33,0.079316,0.076,0.0825,2576.5,0.0
1791369553,eth,1813910400000,4600.0,put,56.1,0.767282,0.7615,0.7775,2659.62,0.0
1791369553,eth,1813910400000,1200.0,call,66.24,0.561591,0.5595,0.563,2659.62,55.0
1791369553,eth,1793347200000,1200.0,call,102.21,0.535012,0.534,0.5365,2580.47,0.0
1791369553,eth,1793347200000,1700.0,call,75.08,0.341873,0.3405,0.3445,2580.33,74.0
1791369553,eth,1798185600000,1300.0,put,75.14,0.002178,0.0019,0.0022,2597.57,4154.0
1791369553,eth,1791532800000,2560.0,put,41.96,0.009154,0.009,0.0095,2576.5,0.0
1791369553,eth,1792137600000,3200.0,call,59.54,0.000348,0.0003,0.0005,2577.47,1158.0
1791369553,eth,1791532800000,3100.0,call,75.87,5e-06,,0.0001,2576.5,6089.0
1791369553,eth,1791532800000,2700.0,call,38.89,0.00055,0.0005,0.0007,2576.5,5172.0
1791369553,eth,1806048000000,1200.0,put,69.87,0.006609,0.006,0.007,2627.55,1754.0
1791369553,eth,1798185600000,2300.0,call,51.2,0.15794,0.1575,0.159,2597.71,6840.0
1791369553,eth,1793347200000,3000.0,put,47.56,0.168925,0.165,0.1715,2580.47,148.0
1791369553,eth,1793347200000,2650.0,call,44.34,0.032654,0.0325,0.033,2580.33,2920.0
1791369553,eth,1821772800000,3400.0,put,54.44,0.391773,0.3785,0.402,2691.74,0.0
1791369553,eth,1793347200000,4200.0,call,71.97,0.00024,0.0002,0.0003,2580.47,1445.0
1791369553,eth,1791446400000,2880.0,call,70.14,6e-06,,0.0001,2576.53,11.0
1791369553,eth,1792742400000,2650.0,call,41.99,0.023326,0.023,0.024,2579.03,142.0
1791369553,eth,1806048000000,3700.0,call,53.74,0.040608,0.04,0.0415,2627.55,1524.0
1791369553,eth,1806048000000,5000.0,call,58.05,0.011795,0.0115,0.0125,2627.55,9707.0
1791369553,eth,1791532800000,2640.0,put,38.56,0.027739,0.025,0.0295,2576.5,300.0
1791369553,eth,1821772800000,3700.0,put,54.75,0.480243,0.465,0.492,2691.74,1.0
1791369553,eth,1806048000000,1200.0,call,69.87,0.549807,0.549,0.5515,2627.55,68.0
1791369553,eth,1791619200000,2460.0,put,49.17,0.003199,0.0031,0.0034,2576.88,0.0
1791369553,eth,1821772800000,3100.0,call,54.25,0.15781,0.1565,0.159,2691.74,23.0
1791369553,eth,1792137600000,2650.0,put,40.37,0.041985,0.04,0.043,2577.62,636.0
1791369553,eth,1821772800000,5200.0,call,57.1,0.04487,0.044,0.046,2691.74,2.0
1791369553,eth,1791532800000,2700.0,put,38.89,0.048678,0.045,0.052,2576.5,1716.0
1791369553,eth,1806048000000,2500.0,call,52.48,0.164119,0.1635,0.165,2627.55,10710.0
1791369553,eth,1791619200000,2420.0,put,54.16,0.002132,0.002,0.0023,2576.88,3.0
1791369553,eth,1806048000000,1500.0,put,62.71,0.014189,0.0135,0.0145,2627.55,4216.0
1791369553,eth,1795766400000,2850.0,call,48.53,0.035643,0.035,0.036,2588.09,1940.0
1791369553,eth,1791705600000,2680.0,call,34.77,0.002545,0.0023,0.0028,2576.4133333333334,5.0
1791369553,eth,1821772800000,2000.0,call,55.74,0.342555,0.336,0.3505,2691.88,1.0
1791369553,eth,1791705600000,2700.0,put,35.06,0.04951,0.0465,0.053,2576.4133333333334,0.0
1791369553,eth,1821772800000,3800.0,put,54.87,0.510836,0.495,0.5215,2691.88,0.0
1791369553,eth,1791532800000,2550.0,call,42.74,0.017915,0.0175,0.019,2576.5,129.0
1791369553,eth,1813910400000,2700.0,put,53.35,0.187502,0.1865,0.1885,2659.62,35.0
1791369553,eth,1813910400000,2900.0,call,53.36,0.14469,0.1435,0.146,2659.62,540.0
1791369553,eth,1813910400000,1700.0,put,57.93,0.037644,0.0365,0.0385,2659.62,3951.0
1791369553,eth,1793347200000,1200.0,put,102.21,6.8e-05,,0.0001,2580.33,2658.0
1791369553,eth,1806048000000,1500.0,call,62.71,0.443186,0.442,0.4445,2627.55,208.0
1791369553,eth,1791705600000,2640.0,call,34.7,0.005397,0.005,0.0055,2576.3733333333334,1.0
1791369553,eth,1791619200000,2460.0,call,49.17,0.048338,0.0465,0.0505,2576.74,0.0
1791369553,eth,1791532800000,2400.0,put,65.63,0.001339,0.0012,0.0015,2576.64,5098.0
1791369553,eth,1793347200000,2450.0,put,45.4,0.02344,0.023,0.024,2580.33,2068.0
1791369553,eth,1791619200000,2880.0,put,49.19,0.117967,0.1145,0.1215,2576.88,0.0
1791369553,eth,1792742400000,2300.0,put,48.51,0.006162,0.006,0.0065,2579.03,1046.0
1791369553,eth,1795766400000,2600.0,put,48.26,0.074372,0.0735,0.0745,2588.09,457.0
1791369553,eth,1821772800000,4400.0,call,55.76,0.069012,0.068,0.07,2691.74,150.0
1791369553,eth,1821772800000,6500.0,call,59.44,0.025159,0.025,0.0255,2691.74,305.0
1791369553,eth,1795766400000,3000.0,put,49.15,0.182806,0.179,0.185,2588.09,622.0
1791369553,eth,1821772800000,1800.0,put,56.9,0.061672,0.0605,0.063,2691.74,173.0
1791369553,eth,1791532800000,3000.0,put,70.23,0.164607,0.161,0.168,2576.5,30.0
1791369553,eth,1792742400000,2900.0,call,45.15,0.005093,0.005,0.0055,2579.03,954.0
1791369553,eth,1793347200000,1950.0,put,62.81,0.002045,0.0019,0.002,2580.33,1381.0
1791369553,eth,1792137600000,2300.0,put,52.39,0.002875,0.0027,0.003,2577.47,3193.0
1791369553,eth,1791705600000,2740.0,call,36.32,0.000822,0.0007,0.001,2576.4133333333334,100.0
1791369553,eth,1791446400000,3000.0,call,88.54,3e-06,,0.0001,2576.48,114.0
1791369553,eth,1806048000000,3300.0,call,52.74,0.063779,0.063,0.0645,2627.55,1970.0
1791369553,eth,1791619200000,3100.0,call,70.12,2.9e-05,,0.0001,2576.88,0.0
1791369553,eth,1813910400000,4200.0,put,55.21,0.629252,0.624,0.6385,2659.62,3.0
1791369553,eth,1792137600000,2850.0,put,44.77,0.108207,0.105,0.111,2577.62,16.0
1791369553,eth,1798185600000,1300.0,call,75.14,0.501709,0.5005,0.503,2597.71,50.0
1791369553,eth,1795766400000,2550.0,call,48.5,0.079128,0.079,0.08,2588.09,1150.0
1791369553,eth,1806048000000,3000.0,call,52.28,0.090848,0.0905,0.0915,2627.55,8276.0
1791369553,eth,1791532800000,2760.0,call,43.55,0.000158,0.0001,0.0003,2576.5,172.0
1791369553,eth,1793347200000,1700.0,put,75.08,0.000703,0.0006,0.0008,2580.33,1523.0
1791369553,eth,1791446400000,2540.0,put,49.06,0.004146,0.004,0.0044,2576.53,1240.0
1791369553,eth,1792137600000,2900.0,put,46.77,0.126869,0.123,0.1305,2577.47,0.0
1791369553,eth,1798185600000,1900.0,put,57.23,0.013348,0.013,0.0135,2597.71,5074.0
1791369553,eth,1792137600000,2300.0,call,52.39,0.110527,0.109,0.1125,2577.62,18.0
1791369553,eth,1813910400000,4100.0,put,55.0,0.595511,0.5905,0.601,2659.62,25.0
1791369553,eth,1813910400000,3200.0,call,53.55,0.111586,0.1105,0.1125,2659.62,1380.0
1791369553,eth,1791619200000,2400.0,call,56.85,0.070212,0.0685,0.0725,2576.88,0.0
1791369553,eth,1821772800000,2600.0,put,54.42,0.190471,0.1885,0.1925,2691.88,1000.0
1791369553,eth,1791705600000,2680.0,put,34.77,0.042569,0.0395,0.046,2576.4133333333334,0.0
1791369553,eth,1795766400000,3800.0,put,56.39,0.471912,0.4655,0.4775,2588.09,0.0
1791369553,eth,1792742400000,2500.0,call,42.87,0.052524,0.052,0.0535,2579.03,1.0
1791369553,eth,1791446400000,2740.0,put,59.58,0.063724,0.0605,0.067,2576.53,18.0
1791369553,eth,1791532800000,2750.0,call,42.11,0.000173,0.0001,0.0003,2576.5,4677.0
1791369553,eth,1793347200000,1600.0,call,78.89,0.380322,0.3795,0.382,2580.47,70.0
1791369553,eth,1792137600000,3400.0,put,67.95,0.319295,0.315,0.3235,2577.62,0.0
1791369553,eth,1821772800000,4100.0,call,55.27,0.082272,0.0815,0.0835,2691.88,251.0
1791369553,eth,1791705600000,2560.0,call,36.7,0.018562,0.018,0.019,2576.4133333333334,0.0
1791369553,eth,1791705600000,2540.0,call,37.5,0.023536,0.0225,0.0245,2576.4133333333334,0.0
1791369553,eth,1806048000000,3100.0,call,52.41,0.080696,0.08,0.0815,2627.55,2387.0
1791369553,eth,1791446400000,2950.0,call,83.48,6e-06,,0.0001,2576.48,3.0
1791369553,eth,1813910400000,6000.0,put,59.4,1.272401,1.264,1.2805,2659.62,1.0
1791369553,eth,1813910400000,3100.0,call,53.47,0.121617,0.1205,0.1225,2659.62,336.0
1791369553,eth,1806048000000,2700.0,call,52.21,0.129835,0.129,0.1305,2627.55,3358.0
1791369553,eth,1798185600000,3600.0,put,53.01,0.39839,0.3935,0.4045,2597.57,244.0
1791369553,eth,1806048000000,8000.0,call,67.4,0.001999,0.0017,0.0024,2627.55,522.0
1791369553,eth,1791446400000,3000.0,put,88.54,0.164446,0.161,0.168,2576.53,0.0
1791369553,eth,1813910400000,2200.0,call,54.34,0.266013,0.2645,0.269,2659.48,1090.0
1791369553,eth,1798185600000,3600.0,call,53.01,0.012474,0.012,0.013,2597.71,2903.0
1791369553,eth,1791705600000,2820.0,put,40.95,0.094616,0.0915,0.098,2576.4133333333334,0.0
1791369553,eth,1813910400000,900.0,call,74.23,0.667619,0.666,0.6685,2659.62,1.0
1791369553,eth,1798185600000,9000.0,call,84.22,0.000146,0.0001,0.0004,2597.71,2084.0
1791369553,eth,1793347200000,2350.0,call,47.25,0.103061,0.102,0.106,2580.33,664.0
1791369553,eth,1793347200000,2750.0,call,44.67,0.020456,0.02,0.021,2580.33,3434.0
1791369553,eth,1791619200000,2700.0,call,38.03,0.001309,0.0012,0.0014,2576.74,300.0
1791369553,eth,1813910400000,3700.0,call,54.22,0.073524,0.0725,0.0745,2659.48,339.0
1791369553,eth,1791705600000,2720.0,put,35.62,0.056732,0.0535,0.06,2576.3733333333334,0.0
1791369553,eth,1798185600000,2200.0,call,52.23,0.185708,0.1845,0.188,2597.71,51009.0
1791369553,eth,1806048000000,2100.0,put,54.37,0.055096,0.0545,0.0555,2627.55,1430.0
1791369553,eth,1792742400000,2850.0,put,44.12,0.111944,0.1085,0.115,2579.03,9.0
1791369553,eth,1821772800000,4800.0,call,56.38,0.055136,0.0545,0.056,2691.74,3.0
1791369553,eth,1795766400000,2850.0,put,48.53,0.137024,0.134,0.138,2588.09,482.0
1791369553,eth,1791705600000,2820.0,call,40.95,0.000261,0.0002,0.0004,2576.4133333333334,1.0
1791369553,eth,1806048000000,7000.0,call,64.81,0.0033,0.0031,0.0036,2627.55,6797.0
1791369553,eth,1791446400000,2820.0,put,64.2,0.094597,0.0915,0.098,2576.53,0.0
1791369553,eth,1813910400000,2500.0,call,53.56,0.205333,0.204,0.207,2659.48,3226.0
1791369553,eth,1792742400000,2750.0,call,42.59,0.012604,0.0125,0.013,2578.89,235.0
1791369553,eth,1791705600000,2640.0,put,34.7,0.029899,0.0265,0.031,2576.4133333333334,0.0
1791369553,eth,1798185600000,4000.0,put,55.7,0.546231,0.541,0.5525,2597.71,529.0
1791369553,eth,1813910400000,800.0,put,76.85,0.004315,0.0039,0.0046,2659.62,688.0
1791369553,eth,1821772800000,3000.0,put,54.16,0.283431,0.2805,0.288,2691.74,535.0
1791369553,eth,1806048000000,6000.0,put,61.71,1.289885,1.2745,1.304,2627.55,1.0
1791369553,eth,1791532800000,2850.0,call,51.98,4.1e-05,,0.0002,2576.5,11357.0
1791369553,eth,1821772800000,5000.0,call,56.78,0.049752,0.049,0.051,2691.74,56.0
1791369553,eth,1791705600000,2780.0,put,38.79,0.079297,0.076,0.083,2576.4133333333334,0.0
1791369553,eth,1798185600000,1600.0,call,65.11,0.389501,0.3885,0.3915,2597.71,620.0
1791369553,eth,1791705600000,2540.0,put,37.5,0.009231,0.009,0.01,2576.4133333333334,1.0
1791369553,eth,1806048000000,3100.0,put,52.41,0.260768,0.258,0.262,2627.55,544.0
1791369553,eth,1793347200000,4400.0,call,75.61,0.000176,0.0001,0.0003,2580.33,990.0
1791369553,eth,1791446400000,2920.0,put,78.16,0.133397,0.13,0.137,2576.48,0.0
1791369553,eth,1791532800000,3200.0,put,76.18,0.242227,0.2375,0.246,2576.5,0.0
1791369553,eth,1813910400000,3400.0,put,53.77,0.372572,0.3695,0.377,2659.48,30.0
1791369553,eth,1791532800000,2400.0,call,65.63,0.069669,0.068,0.072,2576.64,24.0
1791369553,eth,1792742400000,2300.0,call,48.51,0.114309,0.113,0.1175,2579.03,0.0
1791369553,eth,1791446400000,2950.0,put,83.48,0.145041,0.141,0.1485,2576.53,0.0
1791369553,eth,1798185600000,3800.0,put,54.32,0.47168,0.4665,0.476,2597.71,113.0
1791369553,eth,1821772800000,3600.0,call,54.64,0.112748,0.1115,0.114,2691.88,160.0
1791369553,eth,1813910400000,1200.0,put,66.24,0.012805,0.012,0.013,2659.48,584.0
1791369553,eth,1821772800000,6000.0,call,58.52,0.030894,0.0305,0.0315,2691.74,712.0
1791369553,eth,1792742400000,2500.0,put,42.87,0.021929,0.0215,0.0225,2579.03,464.0
1791369553,eth,1795766400000,2150.0,put,52.99,0.016883,0.0165,0.0175,2588.09,408.0
1791369553,eth,1791532800000,2660.0,call,38.77,0.001759,0.0015,0.0019,2576.5,1693.0
1791369553,eth,1791705600000,2720.0,call,35.62,0.001185,0.0011,0.0014,2576.4133333333334,306.0
1791369553,eth,1791619200000,2480.0,call,46.97,0.041407,0.0395,0.0445,2576.88,0.0
1791369553,eth,1791619200000,2820.0,put,45.0,0.094771,0.0915,0.098,2576.88,0.0
1791369553,eth,1795766400000,3300.0,call,51.3,0.010472,0.01,0.011,2588.09,3584.0
1791369553,eth,1806048000000,5500.0,call,59.86,0.008111,0.008,0.0085,2627.41,3169.0
1791369553,eth,1792742400000,2750.0,put,42.59,0.07895,0.077,0.081,2579.03,211.0
1791369553,eth,1791446400000,2750.0,call,61.3,0.000173,0.0001,0.0003,2576.53,12.0
1791369553,eth,1791705600000,2480.0,call,42.27,0.042063,0.04,0.045,2576.3733333333334,0.0
1791369553,eth,1791705600000,2440.0,call,46.26,0.05604,0.054,0.058,2576.4133333333334,0.0
1791369553,eth,1798185600000,1600.0,put,65.11,0.005464,0.005,0.006,2597.57,8435.0
1791369553,eth,1821772800000,2900.0,put,54.17,0.258578,0.2555,0.263,2691.88,327.0
1791369553,eth,1793347200000,2050.0,put,58.03,0.003126,0.003,0.0033,2580.47,1146.0
1791369553,eth,1821772800000,5500.0,call,57.65,0.038798,0.0385,0.0395,2691.88,314.0
1791369553,eth,1821772800000,2800.0,call,54.17,0.194408,0.193,0.196,2691.74,342.0
1791369553,eth,1798185600000,11000.0,call,89.41,5.5e-05,,0.0002,2597.71,2175.0
1791369553,eth,1791446400000,2500.0,put,57.68,0.002096,0.002,0.0022,2576.48,389.0
1791369553,eth,1813910400000,1000.0,call,71.16,0.631786,0.63,0.6325,2659.62,101.0
1791369553,eth,1813910400000,2300.0,put,53.98,0.108986,0.108,0.11,2659.62,1035.0
1791369553,eth,1791619200000,2420.0,call,54.16,0.062797,0.061,0.0655,2576.74,0.0
1791369553,eth,1793347200000,2400.0,put,46.25,0.018053,0.0175,0.0185,2580.47,8742.0
1791369553,eth,1792137600000,3000.0,call,51.19,0.000952,0.0009,0.0011,2577.62,2100.0
1791369553,eth,1792137600000,3100.0,put,55.46,0.20329,0.1995,0.207,2577.47,0.0
1791369553,eth,1795766400000,3200.0,put,50.42,0.250181,0.2455,0.253,2588.09,3.0
1791369553,eth,1792742400000,2200.0,call,53.25,0.150439,0.149,0.1535,2579.03,0.0
1791369553,eth,1791619200000,2660.0,put,37.73,0.035601,0.033,0.0375,2576.88,15.0
1791369553,eth,1791619200000,2600.0,call,38.0,0.009441,0.0095,0.01,2576.88,241.0
1791369553,eth,1791619200000,3100.0,put,70.12,0.20331,0.1995,0.207,2576.88,0.0
1791369553,eth,1791532800000,2800.0,put,46.97,0.087026,0.0835,0.0905,2576.64,249.0
1791369553,eth,1813910400000,3200.0,put,53.55,0.314824,0.3125,0.317,2659.62,48.0
1791369553,eth,1795766400000,4600.0,call,64.1,0.000853,0.0007,0.001,2588.09,1378.0
1791369553,eth,1821772800000,3700.0,call,54.75,0.105667,0.1045,0.1075,2691.74,0.0
1791369553,eth,1791446400000,2700.0,put,52.11,0.048354,0.0445,0.0515,2576.48,623.0
1791369553,eth,1813910400000,2100.0,call,54.77,0.289402,0.288,0.292,2659.62,142.0
1791369553,eth,1793347200000,1950.0,call,62.81,0.246328,0.245,0.249,2580.33,744.0
1791369553,eth,1792137600000,2700.0,call,40.82,0.008862,0.0085,0.0095,2577.62,1492.0
1791369553,eth,1793347200000,2650.0,put,44.34,0.059654,0.0585,0.06,2580.33,6860.0
1791369553,eth,1806048000000,3200.0,call,52.55,0.071692,0.071,0.0725,2627.55,1935.0
1791369553,eth,1793347200000,4200.0,put,71.97,0.627939,0.621,0.6335,2580.47,0.0
1791369553,eth,1798185600000,3800.0,call,54.32,0.008768,0.0085,0.0095,2597.71,5862.0
1791369553,eth,1821772800000,2100.0,call,55.33,0.31943,0.3135,0.3275,2691.88,3.0
1791369553,eth,1806048000000,2400.0,call,52.77,0.184111,0.1835,0.185,2627.55,2343.0
1791369553,eth,1806048000000,4000.0,put,54.67,0.552249,0.547,0.556,2627.55,0.0
1791369553,eth,1795766400000,2550.0,put,48.5,0.064575,0.064,0.0645,2588.09,311.0
1791369553,eth,1791532800000,2780.0,call,46.33,0.000132,,0.0002,2576.5,519.0
1791369553,eth,1791532800000,2900.0,call,57.67,2.8e-05,,0.0001,2576.64,8476.0
1791369553,eth,1821772800000,3400.0,call,54.44,0.128649,0.1275,0.13,2691.88,0.0
1791369553,eth,1791705600000,2760.0,put,37.6,0.07169,0.0685,0.075,2576.3733333333334,0.0
1791369553,eth,1798185600000,2500.0,put,49.93,0.073104,0.0725,0.0735,2597.71,3149.0
1791369553,eth,1791446400000,2840.0,put,64.23,0.102349,0.0995,0.106,2576.48,0.0
1791369553,eth,1806048000000,4600.0,put,56.74,0.767762,0.7615,0.773,2627.55,0.0
1791369553,eth,1806048000000,3700.0,put,53.74,0.449081,0.4445,0.4545,2627.55,0.0
1791369553,eth,1791619200000,2440.0,call,51.51,0.055477,0.054,0.058,2576.88,0.0
1791369553,eth,1806048000000,2200.0,put,53.7,0.067399,0.0665,0.068,2627.55,2260.0
1791369553,eth,1798185600000,1700.0,call,62.02,0.352796,0.352,0.355,2597.71,365.0
1791369553,eth,1793347200000,2850.0,put,45.41,0.117079,0.1135,0.1195,2580.33,114.0
1791369553,eth,1791532800000,2350.0,call,74.72,0.08866,0.087,0.0905,2576.5,0.0
1791369553,eth,1791705600000,2800.0,call,39.95,0.000352,0.0003,0.0005,2576.4133333333334,0.0
1791369553,eth,1791705600000,2850.0,put,42.83,0.106178,0.103,0.1095,2576.4133333333334,0.0
1791369553,eth,1791705600000,2300.0,call,63.25,0.108461,0.107,0.11,2576.4133333333334,0.0
1791369553,eth,1821772800000,6500.0,put,59.44,1.439954,1.4115,1.459,2691.74,0.0
1791369553,eth,1821772800000,2700.0,call,54.35,0.2092,0.2075,0.211,2691.88,45.0
1791369553,eth,1791446400000,2780.0,put,64.2,0.07914,0.076,0.0825,2576.48,0.0
1791369553,eth,1791446400000,2620.0,call,42.79,0.002582,0.0024,0.0028,2576.53,526.0
1791369553,eth,1793347200000,4400.0,put,75.61,0.705384,0.7,0.711,2580.47,0.0
1791369553,eth,1798185600000,3200.0,put,50.65,0.258748,0.255,0.262,2597.57,311.0
1791369553,eth,1798185600000,10000.0,call,87.18,9e-05,0.0001,0.0003,2597.71,1741.0
1791369553,eth,1791446400000,2760.0,call,64.19,0.000173,0.0001,0.0003,2576.48,690.0
1791369553,eth,1813910400000,2800.0,call,53.36,0.157931,0.157,0.159,2659.62,1127.0
1791369553,eth,1798185600000,5500.0,put,66.06,1.118429,1.11,1.1295,2597.71,0.0
1791369553,eth,1791705600000,2200.0,put,76.23,0.000602,0.0005,0.0007,2576.4133333333334,203.0
1791369553,eth,1793347200000,2350.0,put,47.25,0.013797,0.0135,0.014,2580.47,3074.0
1791369553,eth,1821772800000,5000.0,put,56.78,0.907286,0.8875,0.9215,2691.74,0.0
1791369553,eth,1821772800000,4300.0,put,55.58,0.670541,0.66,0.6825,2691.88,0.0
1791369553,eth,1791619200000,2860.0,call,49.14,0.000129,0.0001,0.0003,2576.88,37.0
1791369553,eth,1791532800000,3100.0,put,75.87,0.203412,0.1995,0.207,2576.5,0.0
1791369553,eth,1791446400000,2860.0,put,65.72,0.110108,0.107,0.1135,2576.53,0.0
1791369553,eth,1793347200000,2700.0,put,44.48,0.072345,0.071,0.073,2580.33,3720.0
1791369553,eth,1792137600000,2500.0,put,42.27,0.013613,0.013,0.014,2577.47,30587.0
1791369553,eth,1813910400000,2800.0,put,53.36,0.210764,0.2095,0.212,2659.62,837.0
1791369553,eth,1791705600000,2850.0,call,42.83,0.000181,0.0001,0.0003,2576.4133333333334,3.0
1791369553,eth,1791532800000,2720.0,put,39.89,0.056223,0.053,0.0595,2576.5,277.0
1791369553,eth,1795766400000,2650.0,call,48.14,0.061058,0.061,0.062,2588.09,2760.0
1791369553,eth,1813910400000,2600.0,call,53.46,0.1882,0.187,0.1895,2659.62,404.0
1791369553,eth,1791619200000,2540.0,call,41.23,0.022648,0.022,0.0235,2576.88,0.0
1791369553,eth,1813910400000,1300.0,put,63.99,0.015981,0.015,0.0165,2659.62,1686.0
1791369553,eth,1806048000000,5500.0,put,59.86,1.101786,1.0875,1.116,2627.55,0.0
1791369553,eth,1806048000000,1400.0,call,64.92,0.47819,0.477,0.48,2627.55,31.0
1791369553,eth,1813910400000,2400.0,put,53.73,0.126405,0.125,0.1275,2659.62,312.0
1791369553,eth,1821772800000,5200.0,put,57.1,0.976706,0.9555,0.9945,2691.88,0.0
1791369553,eth,1792137600000,2600.0,put,40.5,0.029932,0.0295,0.0305,2577.62,1656.0
1791369553,eth,1791705600000,2420.0,put,48.49,0.00243,0.0023,0.0026,2576.4133333333334,0.0
1791369553,eth,1821772800000,1500.0,call,59.7,0.478381,0.474,0.485,2691.88,0.0
1791369553,eth,1792742400000,3200.0,call,53.25,0.001224,0.0012,0.0014,2579.03,91.0
1791369553,eth,1795766400000,1600.0,call,69.24,0.384159,0.383,0.386,2588.09,18.0
1791369553,eth,1806048000000,1600.0,put,60.72,0.017992,0.0175,0.0185,2627.55,3053.0
1791369553,eth,1813910400000,3800.0,call,54.39,0.067856,0.067,0.069,2659.62,491.0
1791369553,eth,1795766400000,2800.0,call,48.45,0.041001,0.0405,0.0415,2588.09,3425.0
1791369553,eth,1791532800000,2500.0,call,48.9,0.033312,0.0315,0.0365,2576.5,458.0
1791369553,eth,1821772800000,7000.0,call,60.32,0.020816,0.0205,0.0215,2691.74,626.0
1791369553,eth,1793347200000,1500.0,call,85.27,0.418965,0.418,0.421,2580.47,52.0
1791369553,eth,1798185600000,2500.0,call,49.93,0.110662,0.11,0.112,2597.71,28796.0
1791369553,eth,1791619200000,2520.0,put,43.08,0.006644,0.0065,0.007,2576.88,210.0
1791369553,eth,1793347200000,2800.0,call,44.96,0.016025,0.0155,0.0165,2580.33,4807.0
1791369553,eth,1806048000000,3900.0,put,54.36,0.517422,0.512,0.521,2627.55,0.0
1791369553,eth,1806048000000,2400.0,put,52.77,0.097715,0.097,0.0985,2627.55,957.0
1791369553,eth,1793347200000,3300.0,put,53.55,0.280887,0.2755,0.2855,2580.47,0.0
1791369553,eth,1795766400000,2350.0,put,49.97,0.034207,0.0335,0.0345,2588.09,739.0
1791369553,eth,1798185600000,6000.0,put,69.16,1.310559,1.3015,1.3215,2597.71,100.0
1791369553,eth,1806048000000,1700.0,call,58.98,0.375597,0.374,0.3775,2627.55,1244.0
1791369553,eth,1791532800000,2680.0,put,38.82,0.041371,0.0385,0.044,2576.64,346.0
1791369553,eth,1813910400000,1000.0,put,71.16,0.007798,0.007,0.008,2659.62,4819.0
1791369553,eth,1821772800000,2900.0,call,54.17,0.181208,0.18,0.1825,2691.88,328.0
1791369553,eth,1795766400000,2400.0,put,49.51,0.0405,0.04,0.041,2588.09,1986.0
1791369553,eth,1821772800000,3200.0,put,54.32,0.336235,0.3325,0.341,2691.74,101.0
1791369553,eth,1793347200000,2550.0,put,44.36,0.03841,0.038,0.039,2580.47,2473.0
1791369553,eth,1798185600000,1400.0,put,71.53,0.002971,0.0027,0.0029,2597.71,13801.0
1791369553,eth,1792742400000,2700.0,put,42.23,0.064207,0.0625,0.0655,2579.03,343.0
1791369553,eth,1791532800000,2740.0,put,41.67,0.063881,0.0605,0.067,2576.5,1.0
1791369553,eth,1793347200000,2000.0,call,60.33,0.227414,0.226,0.23,2580.47,738.0
1791369553,eth,1821772800000,5400.0,call,57.45,0.040666,0.04,0.0415,2691.88,8.0
1791369553,eth,1791532800000,3400.0,put,84.41,0.319866,0.316,0.324,2576.5,0.0
1791369553,eth,1795766400000,2700.0,put,48.0,0.096693,0.096,0.097,2588.09,945.0
1791369553,eth,1798185600000,9000.0,put,84.22,2.464936,2.441,2.4845,2597.71,0.0
1791369553,eth,1813910400000,3600.0,call,54.06,0.079758,0.079,0.081,2659.48,3340.0
1791369553,eth,1791446400000,2860.0,call,65.72,6e-06,,0.0001,2576.48,35.0
1791369553,eth,1813910400000,4800.0,call,56.56,0.032904,0.0325,0.034,2659.62,135.0
1791369553,eth,1813910400000,4000.0,put,54.8,0.56216,0.5575,0.5675,2659.62,19.0
1791369553,eth,1798185600000,4600.0,call,60.19,0.002801,0.0026,0.003,2597.71,11128.0
1791369553,eth,1798185600000,10000.0,put,87.18,2.849857,2.8265,2.8725,2597.71,0.0
1791369553,eth,1791619200000,2500.0,call,45.18,0.034827,0.033,0.038,2576.88,0.0
1791369553,eth,1806048000000,3200.0,put,52.55,0.28983,0.2865,0.2925,2627.55,121.0
1791369553,eth,1806048000000,2600.0,call,52.29,0.146037,0.1455,0.147,2627.55,3312.0
1791369553,eth,1813910400000,3300.0,put,53.62,0.343184,0.3405,0.3475,2659.62,69.0
1791369553,eth,1813910400000,1700.0,call,57.93,0.398424,0.397,0.4,2659.48,692.0
1791369553,eth,1795766400000,2450.0,call,49.04,0.100735,0.1,0.102,2588.09,381.0
1791369553,eth,1793347200000,3800.0,call,64.72,0.000552,0.0005,0.0007,2580.33,4715.0
1791369553,eth,1791705600000,2760.0,call,37.6,0.00062,0.0005,0.0008,2576.4133333333334,0.0
1791369553,eth,1821772800000,3500.0,call,54.55,0.120464,0.12,0.122,2691.88,12.0
1791369553,eth,1798185600000,8000.0,call,78.69,0.000185,0.0002,0.0004,2597.57,2888.0
1791369553,eth,1813910400000,1600.0,put,59.15,0.03072,0.03,0.0315,2659.62,1979.0
1791369553,eth,1791619200000,2760.0,put,40.74,0.071723,0.0685,0.075,2576.74,0.0
1791369553,eth,1793347200000,1900.0,call,65.15,0.265302,0.264,0.267,2580.33,274.0
1791369553,eth,1795766400000,3050.0,put,49.46,0.199127,0.195,0.2015,2588.09,49.0
1791369553,eth,1791532800000,2900.0,put,57.67,0.125795,0.1215,0.129,2576.64,105.0
1791369553,eth,1821772800000,2500.0,call,54.5,0.240959,0.2315,0.248,2691.88,0.0
1791369553,eth,1791446400000,2750.0,put,61.3,0.067579,0.0645,0.071,2576.48,0.0
1791369553,eth,1791532800000,2450.0,call,56.13,0.050946,0.0495,0.0535,2576.5,190.0
1791369553,eth,1791446400000,2900.0,call,74.32,7e-06,,0.0001,2576.53,81.0
1791369553,eth,1798185600000,3100.0,put,50.25,0.226378,0.2225,0.229,2597.57,45.0
1791369553,eth,1791446400000,2800.0,call,64.2,4.4e-05,,0.0002,2576.53,2219.0
1791369553,eth,1798185600000,6500.0,call,71.76,0.00047,0.0005,0.0007,2597.57,1901.0
1791369553,eth,1806048000000,3800.0,call,54.05,0.036482,0.036,0.037,2627.55,1784.0
1791369553,eth,1798185600000,2400.0,put,50.43,0.056785,0.0565,0.0575,2597.57,9820.0
1791369553,eth,1793347200000,3200.0,put,51.46,0.242967,0.238,0.247,2580.47,35.0
1791369553,eth,1793347200000,1400.0,put,90.61,0.000179,0.0001,0.0003,2580.47,4904.0
1791369553,eth,1791619200000,2880.0,call,49.19,8e-05,,0.0002,2576.74,0.0
1791369553,eth,1791619200000,2840.0,call,46.81,0.000142,0.0001,0.0002,2576.74,2.0
1791369553,eth,1791619200000,2900.0,put,49.43,0.125701,0.1225,0.129,2576.74,0.0
1791369553,eth,1806048000000,2300.0,put,53.16,0.081563,0.081,0.082,2627.55,2351.0
1791369553,eth,1806048000000,1700.0,put,58.98,0.022733,0.022,0.023,2627.55,1635.0
1791369553,eth,1791446400000,2600.0,put,42.59,0.013802,0.013,0.0145,2576.53,1817.0
1791369553,eth,1792137600000,2800.0,put,43.15,0.09004,0.087,0.093,2577.62,259.0
1791369553,eth,1821772800000,4000.0,put,55.12,0.573459,0.5635,0.5845,2691.88,28.0
1791369553,eth,1791446400000,2520.0,call,52.95,0.024733,0.023,0.028,2576.53,0.0
1791369553,eth,1798185600000,1900.0,call,57.23,0.281892,0.281,0.2845,2597.71,2687.0
1791369553,eth,1791446400000,2620.0,put,42.79,0.019528,0.0165,0.0215,2576.53,812.0
1791369553,eth,1793347200000,2450.0,call,45.4,0.073949,0.073,0.075,2580.47,1319.0
1791369553,eth,1791446400000,2400.0,put,83.57,0.000696,0.0006,0.0008,2576.48,1103.0
1791369553,eth,1791446400000,2300.0,call,105.17,0.107511,0.106,0.109,2576.48,0.0
1791369553,eth,1793347200000,1750.0,put,72.32,0.000851,0.0007,0.001,2580.47,791.0
1791369553,eth,1791446400000,2520.0,put,52.95,0.002865,0.0028,0.003,2576.53,268.0
1791369553,eth,1798185600000,1700.0,put,62.02,0.007256,0.007,0.0075,2597.57,13318.0
1791369553,eth,1793347200000,1500.0,put,85.27,0.000286,0.0002,0.0004,2580.47,2676.0
1791369553,eth,1821772800000,4600.0,put,56.08,0.770552,0.759,0.784,2691.88,0.0
1791369553,eth,1791705600000,2660.0,call,34.7,0.003746,0.0035,0.0039,2576.3733333333334,3.0
1791369553,eth,1793347200000,2950.0,put,46.85,0.151188,0.147,0.154,2580.33,137.0
1791369553,eth,1798185600000,6000.0,call,69.16,0.000699,0.0005,0.001,2597.57,10687.0
1791369553,eth,1793347200000,2800.0,put,44.96,0.101157,0.0975,0.1025,2580.47,632.0
1791369553,eth,1792742400000,2900.0,put,45.15,0.129604,0.126,0.133,2579.03,0.0
1791369553,eth,1792137600000,2800.0,call,43.15,0.003703,0.0036,0.0039,2577.62,1567.0
1791369553,eth,1791705600000,2350.0,put,56.77,0.001386,0.0012,0.0016,2576.3733333333334,0.0
1791369553,eth,1813910400000,800.0,call,76.85,0.703505,0.7025,0.7045,2659.62,118.0
1791369553,eth,1795766400000,4600.0,put,64.1,0.778521,0.7705,0.785,2588.23,0.0
