snap_ts,asset,expiry_ms,strike,opt_type,mark_iv,mark_price,bid,ask,underlying_price,open_interest
1786570390,btc,1786867200000,66000.0,put,28.67,0.04109993,0.0085,0.0785,63455.16,0.2
1786570390,btc,1813910400000,110000.0,put,41.64,0.69176864,0.686,0.7115,65854.22,0.3
1786570390,btc,1786780800000,70000.0,put,47.23,0.10339147,0.066,0.144,63444.34,0.0
1786570390,btc,1790323200000,150000.0,call,72.57,3.082e-05,,0.0001,63753.02,736.8
1786570390,btc,1786780800000,64000.0,put,27.14,0.01393656,0.013,0.015,63444.34,4.5
1786570390,btc,1790323200000,165000.0,put,75.32,1.5880986,1.5005,1.6815,63752.55,0.0
1786570390,btc,1790323200000,60000.0,call,36.93,0.08421162,0.082,0.0865,63752.55,854.2
1786570390,btc,1790323200000,110000.0,put,55.96,0.72556693,0.7145,0.735,63752.55,116.1
1786570390,btc,1787299200000,60000.0,call,32.86,0.05807259,0.055,0.0885,63487.24,0.0
1786570390,btc,1787904000000,66000.0,call,29.52,0.01004532,0.0095,0.0105,63548.11,897.9
1786570390,btc,1798185600000,130000.0,call,47.06,0.00092479,0.0007,0.0012,64476.87,1583.4
1786570390,btc,1786694400000,64000.0,put,25.93,0.01191268,0.0115,0.0135,63434.68,530.6
1786570390,btc,1790323200000,240000.0,call,75.51,2e-08,,0.0001,63752.55,220.0
1786570390,btc,1806048000000,92000.0,call,40.2,0.02594337,0.025,0.027,65150.55,126.2
1786570390,btc,1786608000000,61000.0,call,43.86,0.03816349,0.0125,0.0705,63418.27,0.0
1786570390,btc,1813910400000,58000.0,put,43.99,0.1001009,0.099,0.101,65854.69,15.9
1786570390,btc,1806048000000,96000.0,put,40.43,0.4940974,0.4895,0.555,65150.55,1.6
1786570390,btc,1793347200000,88000.0,call,38.09,0.00293182,0.0027,0.0032,64019.45,5.1
1786570390,btc,1787904000000,64000.0,put,30.55,0.02885211,0.028,0.0295,63548.11,838.6
1786570390,btc,1793347200000,62000.0,call,38.12,0.08619775,0.0855,0.087,64019.45,13.5
1786570390,btc,1790323200000,115000.0,put,56.29,0.80390416,0.7925,0.8135,63752.55,92.4
1786570390,btc,1813910400000,74000.0,call,41.61,0.10849955,0.107,0.11,65854.22,13.3
1786570390,btc,1813910400000,68000.0,call,42.24,0.14266692,0.1415,0.144,65854.22,10.9
1786570390,btc,1786694400000,62500.0,put,27.56,0.00185517,0.0016,0.0019,63434.68,352.3
1786570390,btc,1790323200000,75000.0,call,33.88,0.0047449,0.0046,0.005,63752.55,3725.9
1786570390,btc,1787904000000,83000.0,put,48.44,0.30621735,0.262,0.3545,63548.61,0.1
1786570390,btc,1806048000000,65000.0,put,41.34,0.12773949,0.1265,0.129,65150.55,655.1
1786570390,btc,1793347200000,57000.0,call,40.59,0.13870477,0.1365,0.141,64019.45,0.0
1786570390,btc,1786694400000,58000.0,call,60.13,0.08578663,0.052,0.1175,63434.22,0.0
1786570390,btc,1798185600000,210000.0,call,59.6,9.368e-05,,0.0002,64476.87,151.7
1786570390,btc,1798185600000,92000.0,call,39.77,0.00894233,0.0085,0.009,64476.87,254.3
1786570390,btc,1790323200000,240000.0,put,75.51,2.76448859,2.637,2.9,63752.55,0.0
1786570390,btc,1806048000000,90000.0,call,40.12,0.02921331,0.0285,0.03,65150.55,506.0
1786570390,btc,1786694400000,67000.0,put,42.06,0.05638491,0.055,0.058,63434.22,5.9
1786570390,btc,1790323200000,95000.0,put,44.83,0.49040494,0.481,0.4985,63752.55,147.6
1786570390,btc,1798185600000,86000.0,call,39.14,0.01492488,0.0145,0.015,64476.87,332.6
1786570390,btc,1786867200000,57000.0,put,48.99,0.00018665,,0.0003,63455.16,0.0
1786570390,btc,1813910400000,90000.0,put,41.11,0.41836225,0.414,0.4235,65854.22,0.5
1786570390,btc,1793347200000,68000.0,put,36.55,0.10504336,0.1035,0.1075,64019.45,4.0
1786570390,btc,1787299200000,72000.0,call,38.0,0.00032021,0.0003,0.0004,63487.24,724.1
1786570390,btc,1806048000000,160000.0,put,47.43,1.45737205,1.3725,1.5525,65150.91,0.0
1786570390,btc,1798185600000,74000.0,call,38.73,0.04327744,0.0425,0.044,64477.27,148.7
1786570390,btc,1786608000000,67000.0,put,44.48,0.05647057,0.021,0.0945,63418.75,0.0
1786570390,btc,1790323200000,58000.0,put,38.66,0.01786588,0.0175,0.0185,63752.55,1381.5
1786570390,btc,1798185600000,54000.0,call,43.7,0.19886934,0.1965,0.201,64477.27,33.1
1786570390,btc,1798185600000,200000.0,call,58.34,0.00011506,,0.0002,64477.27,951.4
1786570390,btc,1786608000000,69000.0,put,44.96,0.08800631,0.0515,0.1275,63418.27,0.0
1786570390,btc,1786608000000,63000.0,call,21.15,0.00732485,0.0065,0.008,63418.27,30.2
1786570390,btc,1790323200000,320000.0,call,85.42,0.0,,0.0001,63752.55,276.6
1786570390,btc,1813910400000,72000.0,put,41.8,0.21229691,0.2095,0.2145,65854.22,1.3
1786570390,btc,1787299200000,64000.0,put,28.03,0.0213991,0.021,0.022,63487.24,180.6
1786570390,btc,1798185600000,45000.0,call,50.51,0.31713023,0.3145,0.3195,64476.87,54.3
1786570390,btc,1787299200000,58000.0,call,37.2,0.08770408,0.0545,0.1205,63487.24,0.0
1786570390,btc,1813910400000,70000.0,call,42.0,0.130362,0.129,0.132,65854.22,192.6
1786570390,btc,1787299200000,61000.0,call,31.3,0.04440939,0.0345,0.0475,63487.64,4.0
1786570390,btc,1798185600000,68000.0,put,39.22,0.12704772,0.1265,0.1275,64476.87,455.9
1786570390,btc,1806048000000,98000.0,put,40.47,0.52244204,0.5175,0.5275,65150.55,0.2
1786570390,btc,1798185600000,115000.0,put,44.07,0.78549498,0.7235,0.856,64476.87,0.7
1786570390,btc,1787904000000,100000.0,put,59.75,0.57360542,0.5215,0.63,63548.61,0.5
1786570390,btc,1813910400000,78000.0,put,41.33,0.27448598,0.271,0.278,65854.69,0.4
1786570390,btc,1793347200000,48000.0,put,48.41,0.00912322,0.0085,0.0095,64019.45,175.1
1786570390,btc,1790323200000,84000.0,call,37.83,0.00093175,0.0008,0.0011,63753.02,1676.0
1786570390,btc,1798185600000,102000.0,put,41.47,0.58619672,0.5295,0.652,64476.87,7.8
1786570390,btc,1813910400000,120000.0,call,42.22,0.01443622,0.0135,0.015,65854.69,119.9
1786570390,btc,1786780800000,71000.0,put,47.3,0.11910463,0.0815,0.1595,63444.78,0.0
1786570390,btc,1790323200000,165000.0,call,75.32,1.27e-05,,0.0001,63752.55,184.2
1786570390,btc,1786608000000,62000.0,put,32.89,9.747e-05,0.0001,0.0002,63418.27,212.4
1786570390,btc,1787904000000,98000.0,put,59.46,0.54211877,0.4895,0.5975,63548.11,0.0
1786570390,btc,1790323200000,65000.0,put,34.55,0.05839517,0.058,0.059,63752.55,685.4
1786570390,btc,1786867200000,56000.0,put,53.17,0.00012278,0.0001,0.0003,63455.16,4.0
1786570390,btc,1806048000000,170000.0,put,48.76,1.61055336,1.521,1.71,65150.55,0.1
1786570390,btc,1786694400000,80000.0,call,51.26,0.0,,0.0001,63434.68,905.1
1786570390,btc,1790323200000,160000.0,put,75.32,1.50967931,1.4245,1.6005,63752.55,0.6
1786570390,btc,1790323200000,80000.0,put,35.39,0.25650536,0.249,0.263,63752.55,612.6
1786570390,btc,1787299200000,56000.0,put,42.31,0.00058393,0.0005,0.0007,63487.24,101.8
1786570390,btc,1786867200000,67000.0,put,31.8,0.05634711,0.022,0.095,63455.16,0.0
1786570390,btc,1790323200000,180000.0,call,75.32,3.17e-06,,0.0001,63752.55,748.1
1786570390,btc,1806048000000,90000.0,put,40.12,0.4106304,0.4065,0.415,65150.91,14.1
1786570390,btc,1793347200000,80000.0,put,36.67,0.25804575,0.232,0.27,64019.45,0.7
1786570390,btc,1806048000000,54000.0,put,44.2,0.05823357,0.057,0.059,65150.55,58.7
1786570390,btc,1787904000000,90000.0,call,55.07,3.967e-05,,0.0005,63548.11,368.4
1786570390,btc,1806048000000,60000.0,put,42.34,0.09121126,0.09,0.092,65150.55,613.2
1786570390,btc,1786608000000,63500.0,put,20.58,0.0035246,0.003,0.0036,63418.27,220.4
1786570390,btc,1798185600000,65000.0,call,39.72,0.0923316,0.092,0.093,64476.87,1013.8
1786570390,btc,1786867200000,63000.0,call,24.35,0.01341671,0.0125,0.0145,63455.16,20.0
1786570390,btc,1787904000000,53000.0,call,46.13,0.16692509,0.1635,0.1705,63548.11,10.9
1786570390,btc,1798185600000,190000.0,call,55.64,0.00010599,0.0001,0.0002,64476.87,993.0
1786570390,btc,1790323200000,105000.0,put,51.79,0.64714195,0.637,0.6565,63753.02,104.6
1786570390,btc,1798185600000,230000.0,put,63.04,2.56723058,2.4455,2.6965,64476.87,0.0
1786570390,btc,1790323200000,72000.0,call,33.59,0.00931396,0.009,0.0095,63752.55,3213.5
1786570390,btc,1790323200000,130000.0,put,63.53,1.03914564,0.9705,1.113,63752.55,21.4
1786570390,btc,1790323200000,70000.0,put,33.61,0.1124067,0.1085,0.115,63753.02,1522.7
1786570390,btc,1806048000000,150000.0,call,46.32,0.00205039,0.0019,0.0024,65150.55,1913.1
1786570390,btc,1798185600000,45000.0,put,50.51,0.01505049,0.0145,0.0155,64476.87,2905.9
1786570390,btc,1793347200000,67000.0,put,36.72,0.09513102,0.0945,0.0955,64019.45,15.3
1786570390,btc,1786867200000,64500.0,call,25.0,0.00365834,0.0034,0.0039,63455.16,150.8
1786570390,btc,1813910400000,60000.0,call,43.52,0.20186059,0.1995,0.204,65854.69,943.5
1786570390,btc,1786694400000,63500.0,put,26.04,0.00704036,0.0065,0.0075,63434.22,82.9
1786570390,btc,1786780800000,60000.0,call,37.61,0.05470407,0.021,0.0865,63444.34,0.0
1786570390,btc,1786694400000,50000.0,put,71.24,0.0,,0.0001,63434.68,156.5
1786570390,btc,1787299200000,67000.0,call,27.82,0.00209358,0.002,0.0023,63487.64,1369.5
1786570390,btc,1793347200000,59000.0,call,39.48,0.11608961,0.0825,0.118,64019.45,1.0
1786570390,btc,1790323200000,220000.0,call,75.38,9e-08,,0.0001,63753.02,230.1
1786570390,btc,1806048000000,106000.0,call,41.12,0.01179387,0.011,0.0125,65150.55,43.6
1786570390,btc,1793347200000,48000.0,call,48.41,0.25935635,0.257,0.278,64019.45,0.1
1786570390,btc,1787904000000,80000.0,call,44.0,0.0001771,0.0001,0.0003,63548.11,2145.8
1786570390,btc,1790323200000,100000.0,call,48.83,0.00024404,0.0002,0.0005,63752.55,3632.8
1786570390,btc,1806048000000,98000.0,call,40.47,0.01823232,0.0175,0.019,65150.55,102.1
1786570390,btc,1793347200000,88000.0,put,38.09,0.37750441,0.329,0.4325,64019.45,0.0
1786570390,btc,1786694400000,65000.0,put,28.83,0.02541914,0.024,0.027,63434.22,98.7
1786570390,btc,1786780800000,57000.0,call,54.94,0.10170134,0.0695,0.133,63444.34,0.0
1786570390,btc,1790323200000,60000.0,put,36.93,0.02533376,0.025,0.026,63753.02,4893.8
1786570390,btc,1798185600000,72000.0,put,38.81,0.16819459,0.1655,0.17,64477.27,330.5
1786570390,btc,1806048000000,56000.0,call,43.46,0.20832873,0.206,0.2105,65150.55,16.9
1786570390,btc,1787904000000,62000.0,put,31.98,0.01552849,0.015,0.016,63548.11,901.9
1786570390,btc,1813910400000,55000.0,call,44.74,0.24749817,0.2435,0.25,65854.69,2.7
1786570390,btc,1798185600000,56000.0,call,42.69,0.17584163,0.1735,0.178,64476.87,41.4
1786570390,btc,1786867200000,66000.0,call,28.67,0.00101014,0.0009,0.0012,63455.58,25.4
1786570390,btc,1790323200000,52000.0,put,45.58,0.00650683,0.006,0.0065,63753.02,1285.2
1786570390,btc,1806048000000,86000.0,put,40.03,0.35720297,0.3535,0.361,65150.55,1.8
1786570390,btc,1806048000000,40000.0,put,52.65,0.01871943,0.018,0.0195,65150.55,1135.4
1786570390,btc,1806048000000,120000.0,call,42.52,0.00596708,0.0055,0.0065,65150.55,329.0
1786570390,btc,1786608000000,59000.0,call,55.53,0.06967613,0.036,0.101,63418.27,0.0
1786570390,btc,1793347200000,80000.0,call,36.67,0.0084343,0.008,0.009,64019.45,233.1
1786570390,btc,1813910400000,140000.0,call,43.62,0.00720329,0.0065,0.008,65854.22,213.6
1786570390,btc,1786867200000,60000.0,call,33.64,0.05502186,0.0215,0.0875,63455.16,0.0
1786570390,btc,1790323200000,190000.0,call,75.38,1.29e-06,,0.0001,63753.02,772.5
1786570390,btc,1806048000000,56000.0,put,43.46,0.06787713,0.0665,0.069,65150.55,83.2
1786570390,btc,1813910400000,56000.0,call,44.47,0.237859,0.234,0.2405,65854.69,2.0
1786570390,btc,1790323200000,64000.0,call,34.9,0.04618354,0.046,0.047,63752.55,702.9
1786570390,btc,1787904000000,40000.0,put,69.36,1.764e-05,,0.0002,63548.11,753.0
1786570390,btc,1790323200000,220000.0,put,75.38,2.45078128,2.334,2.575,63753.02,1.8
1786570390,btc,1798185600000,50000.0,call,46.28,0.24897889,0.2465,0.251,64476.87,260.8
1786570390,btc,1786694400000,52000.0,call,71.24,0.18026588,0.15,0.208,63434.22,0.0
1786570390,btc,1793347200000,45000.0,put,52.21,0.00652425,0.006,0.007,64019.45,46.8
1786570390,btc,1793347200000,69000.0,call,36.39,0.03768555,0.037,0.0385,64019.45,35.5
1786570390,btc,1813910400000,84000.0,call,41.16,0.06823961,0.067,0.0695,65854.22,2.7
1786570390,btc,1790323200000,40000.0,put,66.07,0.00135043,0.0012,0.0014,63752.55,2319.0
1786570390,btc,1790323200000,280000.0,put,81.51,3.39190335,3.243,3.55,63752.55,0.0
1786570390,btc,1793347200000,69000.0,put,36.39,0.11547542,0.1135,0.118,64019.45,0.1
1786570390,btc,1793347200000,62000.0,put,38.12,0.05464662,0.054,0.055,64019.45,24.5
1786570390,btc,1813910400000,88000.0,put,41.11,0.39295872,0.389,0.3975,65854.69,0.1
1786570390,btc,1793347200000,40000.0,call,59.21,0.37900677,0.354,0.407,64019.45,0.0
1786570390,btc,1793347200000,86000.0,put,37.62,0.34708444,0.3005,0.402,64019.45,0.1
1786570390,btc,1806048000000,82000.0,put,39.96,0.30591187,0.3025,0.3595,65150.55,3.9
1786570390,btc,1798185600000,64000.0,call,39.95,0.09987251,0.0995,0.1005,64476.87,420.8
1786570390,btc,1806048000000,95000.0,put,40.33,0.47990255,0.4755,0.485,65150.91,0.6
1786570390,btc,1798185600000,95000.0,call,40.19,0.00702589,0.0065,0.0075,64476.87,1302.3
1786570390,btc,1790323200000,95000.0,call,44.83,0.00029488,0.0002,0.0004,63752.55,1861.6
1786570390,btc,1790323200000,35000.0,call,76.79,0.45180514,0.4495,0.454,63752.55,29.3
1786570390,btc,1786694400000,65500.0,put,30.77,0.03294485,0.012,0.071,63434.22,0.0
1786570390,btc,1798185600000,240000.0,put,64.69,2.72232033,2.596,2.858,64476.87,0.0
1786570390,btc,1787904000000,86000.0,put,52.56,0.35339302,0.3085,0.4035,63548.61,0.0
1786570390,btc,1813910400000,105000.0,call,41.42,0.02644486,0.0255,0.0275,65854.22,100.1
1786570390,btc,1798185600000,86000.0,put,39.14,0.34872805,0.316,0.395,64476.87,23.4
1786570390,btc,1787904000000,79000.0,call,43.42,0.00024173,0.0002,0.0003,63548.11,1004.0
1786570390,btc,1790323200000,200000.0,call,75.38,5.2e-07,,0.0001,63752.55,1009.2
1786570390,btc,1787904000000,78000.0,put,41.2,0.22763624,0.187,0.274,63548.11,4.1
1786570390,btc,1786780800000,59000.0,put,42.6,0.00022487,0.0001,0.0003,63444.34,9.0
1786570390,btc,1806048000000,150000.0,put,46.32,1.3044122,1.225,1.395,65150.91,0.5
1786570390,btc,1790323200000,45000.0,put,56.45,0.00239169,0.0022,0.0025,63752.55,2176.2
1786570390,btc,1798185600000,20000.0,call,87.08,0.69115336,0.689,0.6925,64476.87,2.7
1786570390,btc,1806048000000,110000.0,call,41.57,0.0096906,0.009,0.01,65150.55,531.9
1786570390,btc,1790323200000,145000.0,call,69.92,3.053e-05,,0.0001,63753.02,493.3
1786570390,btc,1806048000000,125000.0,call,43.35,0.0049893,0.0045,0.005,65150.55,126.1
1786570390,btc,1798185600000,150000.0,put,51.86,1.3269335,1.2475,1.4135,64477.27,2.0
1786570390,btc,1813910400000,120000.0,put,42.22,0.83661524,0.83,0.8545,65854.69,0.1
1786570390,btc,1793347200000,63000.0,put,37.76,0.06152036,0.061,0.062,64019.45,330.4
1786570390,btc,1790323200000,160000.0,call,75.32,2.026e-05,,0.0002,63752.55,1444.3
1786570390,btc,1813910400000,64000.0,put,42.82,0.14210938,0.1405,0.1435,65854.22,13.5
1786570390,btc,1786867200000,65500.0,call,27.17,0.00149414,0.0013,0.0017,63455.58,515.2
1786570390,btc,1813910400000,95000.0,call,41.15,0.04117428,0.04,0.042,65854.69,27.2
1786570390,btc,1798185600000,98000.0,call,40.66,0.0055791,0.0055,0.006,64477.27,210.0
1786570390,btc,1786694400000,52000.0,put,71.24,4e-08,,0.0001,63434.22,271.4
1786570390,btc,1798185600000,108000.0,put,42.56,0.6778503,0.619,0.7455,64477.27,0.1
1786570390,btc,1787299200000,56000.0,call,42.31,0.11852998,0.0865,0.15,63487.24,0.0
1786570390,btc,1786694400000,64500.0,call,26.98,0.00146616,0.0013,0.0017,63434.22,146.2
1786570390,btc,1813910400000,74000.0,put,41.61,0.23217661,0.229,0.2345,65854.22,0.1
1786570390,btc,1787904000000,94000.0,put,59.46,0.47919531,0.4295,0.5325,63547.68,0.0
1786570390,btc,1790323200000,86000.0,call,39.16,0.00073163,0.0006,0.0009,63753.02,899.2
1786570390,btc,1786608000000,72000.0,put,44.98,0.13531093,0.097,0.176,63418.75,0.0
1786570390,btc,1798185600000,115000.0,call,44.07,0.00192099,0.0017,0.0021,64476.87,2339.9
1786570390,btc,1806048000000,140000.0,put,45.12,1.15170108,1.077,1.2375,65150.55,0.0
1786570390,btc,1786608000000,62500.0,put,27.17,0.00024063,0.0002,0.0003,63418.75,308.8
1786570390,btc,1798185600000,80000.0,put,38.77,0.2661616,0.261,0.269,64476.87,951.8
1786570390,btc,1790323200000,56000.0,put,40.62,0.0125642,0.0125,0.013,63752.55,1388.0
1786570390,btc,1787904000000,50000.0,put,53.37,0.00049604,0.0004,0.0006,63548.11,2827.1
1786570390,btc,1806048000000,70000.0,put,40.73,0.17238971,0.17,0.1745,65150.91,211.8
1786570390,btc,1786867200000,69000.0,put,39.72,0.08757815,0.051,0.1285,63455.16,0.0
1786570390,btc,1813910400000,86000.0,call,41.12,0.06218988,0.061,0.063,65854.69,2.9
1786570390,btc,1786867200000,62000.0,call,26.13,0.02539086,0.0014,0.0585,63455.58,0.0
1786570390,btc,1786780800000,65500.0,put,30.9,0.03365612,0.0195,0.0545,63444.34,0.0
1786570390,btc,1786780800000,64000.0,call,27.14,0.00518533,0.0049,0.0055,63444.34,67.3
1786570390,btc,1806048000000,64000.0,call,41.49,0.13738672,0.136,0.139,65150.55,135.2
1786570390,btc,1798185600000,82000.0,put,38.87,0.29304023,0.288,0.296,64477.27,158.8
1786570390,btc,1787904000000,78000.0,call,41.2,0.00024154,0.0002,0.0003,63548.11,1325.1
1786570390,btc,1798185600000,90000.0,put,39.43,0.40629909,0.4015,0.4105,64477.27,590.6
1786570390,btc,1787904000000,92000.0,call,58.29,4.04e-05,,0.0004,63548.11,112.6
1786570390,btc,1806048000000,50000.0,call,45.91,0.2748085,0.272,0.2775,65150.55,20.6
1786570390,btc,1786867200000,61000.0,call,29.22,0.0397405,0.008,0.0725,63455.16,0.0
1786570390,btc,1786608000000,71000.0,put,44.97,0.11954272,0.0815,0.16,63418.75,0.0
1786570390,btc,1787904000000,79000.0,put,43.42,0.24337226,0.2015,0.289,63548.11,0.7
1786570390,btc,1793347200000,74000.0,put,36.15,0.17514752,0.1465,0.199,64019.45,0.3
1786570390,btc,1813910400000,140000.0,put,43.62,1.13307881,1.0565,1.224,65854.22,0.0
1786570390,btc,1786780800000,62500.0,put,27.24,0.00329582,0.003,0.0035,63444.78,6.9
1786570390,btc,1786867200000,62000.0,put,26.13,0.0024449,0.0022,0.0026,63455.58,10.6
1786570390,btc,1798185600000,180000.0,put,55.64,1.79186577,1.697,1.8945,64477.27,0.0
1786570390,btc,1787904000000,88000.0,put,52.74,0.38480146,0.3375,0.4355,63548.11,0.0
1786570390,btc,1787904000000,96000.0,put,59.46,0.51065402,0.4595,0.5655,63548.11,0.2
1786570390,btc,1787904000000,86000.0,call,52.56,9.597e-05,,0.0004,63548.11,188.3
1786570390,btc,1813910400000,76000.0,call,41.47,0.09893173,0.0975,0.1,65854.69,20.8
1786570390,btc,1798185600000,35000.0,put,62.0,0.00601009,0.0055,0.0065,64476.87,2352.9
1786570390,btc,1790323200000,150000.0,put,72.57,1.35283618,1.274,1.4385,63752.55,0.7
1786570390,btc,1787904000000,57000.0,call,39.16,0.10617151,0.103,0.111,63548.11,28.5
1786570390,btc,1793347200000,61000.0,call,38.55,0.0956145,0.0945,0.0965,64019.45,1.2
1786570390,btc,1806048000000,50000.0,put,45.91,0.04226244,0.0415,0.043,65150.55,2109.1
1786570390,btc,1806048000000,190000.0,call,51.61,0.0008797,0.0007,0.0011,65150.55,883.6
1786570390,btc,1798185600000,110000.0,call,42.99,0.00252934,0.0023,0.0028,64476.87,2639.8
1786570390,btc,1787904000000,48000.0,put,59.24,0.00038337,0.0003,0.0005,63548.11,1545.6
1786570390,btc,1790323200000,88000.0,put,40.86,0.38094146,0.334,0.433,63753.02,5.7
1786570390,btc,1787299200000,59000.0,call,34.97,0.07266084,0.0695,0.0985,63487.24,0.0
1786570390,btc,1786694400000,63500.0,call,26.04,0.00601885,0.0055,0.0065,63434.22,113.4
1786570390,btc,1786867200000,68000.0,call,35.9,0.00031803,0.0002,0.0005,63455.58,0.1
1786570390,btc,1786694400000,60000.0,call,46.33,0.0544524,0.0205,0.0875,63434.22,1.0
1786570390,btc,1806048000000,76000.0,put,40.12,0.2346573,0.2315,0.2375,65150.55,19.2
1786570390,btc,1790323200000,76000.0,call,34.07,0.00379759,0.0036,0.0038,63753.02,2819.1
1786570390,btc,1793347200000,64000.0,call,37.43,0.06928419,0.069,0.07,64019.9,421.2
1786570390,btc,1790323200000,110000.0,call,55.96,0.00017633,0.0001,0.0002,63752.55,1324.7
1786570390,btc,1798185600000,82000.0,call,38.87,0.02127442,0.0205,0.0215,64477.27,540.9
1786570390,btc,1786780800000,61500.0,put,30.1,0.00118296,0.0011,0.0014,63444.78,11.6
1786570390,btc,1786608000000,69000.0,call,44.96,0.0,,0.0001,63418.75,9.3
1786570390,btc,1790323200000,55000.0,put,41.73,0.01058229,0.01,0.011,63752.55,2573.3
1786570390,btc,1798185600000,130000.0,put,47.06,1.01713888,0.948,1.094,64476.87,54.9
1786570390,btc,1798185600000,106000.0,call,42.19,0.00323308,0.003,0.0034,64477.27,320.2
1786570390,btc,1786867200000,64000.0,call,24.63,0.00589087,0.0055,0.0065,63455.16,12.9
1786570390,btc,1798185600000,30000.0,call,69.21,0.5385295,0.536,0.5405,64476.87,291.0
1786570390,btc,1798185600000,180000.0,call,55.64,0.00018473,0.0001,0.0003,64476.87,923.8
1786570390,btc,1790323200000,74000.0,put,33.73,0.1666516,0.162,0.1705,63753.02,110.7
1786570390,btc,1798185600000,106000.0,put,42.19,0.64722302,0.5895,0.714,64477.27,0.2
1786570390,btc,1787904000000,84000.0,put,48.98,0.3219071,0.2775,0.37,63548.11,0.8
1786570390,btc,1806048000000,88000.0,put,40.07,0.38368212,0.3795,0.3915,65150.91,4.5
1786570390,btc,1793347200000,57000.0,put,40.59,0.02905292,0.0285,0.0295,64019.45,96.1
1786570390,btc,1786694400000,64000.0,call,25.93,0.0030091,0.003,0.0033,63434.22,256.5
1786570390,btc,1786780800000,64500.0,call,27.84,0.00313694,0.0029,0.0034,63444.78,128.4
1786570390,btc,1798185600000,62000.0,put,40.47,0.07785843,0.077,0.0785,64476.87,936.4
1786570390,btc,1790323200000,45000.0,call,56.45,0.29655008,0.2935,0.2995,63752.55,224.8
1786570390,btc,1786867200000,65000.0,call,25.92,0.00230344,0.0021,0.0026,63455.16,33.4
1786570390,btc,1806048000000,200000.0,call,51.61,0.00059721,0.0004,0.0008,65150.55,497.0
1786570390,btc,1786694400000,50000.0,call,71.24,0.21179408,0.1835,0.2375,63434.22,0.0
1786570390,btc,1786780800000,69000.0,put,45.43,0.08771815,0.051,0.1275,63444.78,0.0
1786570390,btc,1793347200000,60000.0,put,39.0,0.04280366,0.042,0.0435,64019.45,264.9
1786570390,btc,1793347200000,52000.0,put,44.37,0.01507643,0.0145,0.0155,64019.45,46.4
1786570390,btc,1798185600000,140000.0,put,49.45,1.17198353,1.098,1.254,64476.87,0.2
1786570390,btc,1790323200000,125000.0,put,61.77,0.96073492,0.8945,1.0325,63752.55,21.8
1786570390,btc,1787904000000,92000.0,put,58.29,0.44773671,0.399,0.501,63548.11,1.2
1786570390,btc,1786867200000,70000.0,put,42.31,0.10324588,0.067,0.1435,63455.16,0.0
1786570390,btc,1813910400000,55000.0,put,44.74,0.08266355,0.0815,0.0835,65854.69,9.1
1786570390,btc,1806048000000,102000.0,put,40.84,0.5803025,0.575,0.5855,65150.55,0.1
1786570390,btc,1787904000000,75000.0,put,35.59,0.18051052,0.1755,0.1865,63548.11,44.2
1786570390,btc,1806048000000,96000.0,call,40.43,0.02058584,0.0195,0.0215,65150.55,132.9
1786570390,btc,1790323200000,98000.0,put,47.64,0.53744871,0.4855,0.595,63752.55,0.1
1786570390,btc,1793347200000,60000.0,call,39.0,0.10559508,0.1035,0.1075,64019.45,11.4
1786570390,btc,1790323200000,40000.0,call,66.07,0.37393567,0.371,0.3775,63752.55,34.4
1786570390,btc,1787904000000,77000.0,call,39.7,0.00028227,0.0002,0.0004,63548.11,231.6
1786570390,btc,1813910400000,100000.0,put,41.26,0.55138656,0.5465,0.567,65854.69,0.1
1786570390,btc,1790323200000,155000.0,call,75.11,3.107e-05,,0.0002,63753.02,363.1
1786570390,btc,1793347200000,76000.0,put,36.18,0.20167217,0.1735,0.2445,64019.9,0.0
1786570390,btc,1793347200000,45000.0,call,52.21,0.30361781,0.275,0.3355,64019.45,0.0
1786570390,btc,1793347200000,66000.0,call,36.94,0.05490397,0.0545,0.0555,64019.45,148.6
1786570390,btc,1787904000000,82000.0,put,48.11,0.29051523,0.247,0.3385,63548.11,1.5
1786570390,btc,1790323200000,68000.0,put,33.7,0.0883771,0.086,0.091,63752.55,616.3
1786570390,btc,1798185600000,70000.0,put,38.99,0.14687249,0.146,0.1475,64476.87,1006.1
1786570390,btc,1793347200000,58000.0,call,40.0,0.12712358,0.1185,0.129,64019.45,0.0
1786570390,btc,1793347200000,90000.0,call,38.67,0.00234168,0.0021,0.0026,64019.45,60.1
1786570390,btc,1798185600000,125000.0,call,46.01,0.00114552,0.0009,0.0014,64476.87,595.4
1786570390,btc,1806048000000,95000.0,call,40.33,0.02174007,0.021,0.0225,65150.91,343.0
1786570390,btc,1813910400000,40000.0,put,51.5,0.02831837,0.0275,0.029,65854.69,504.3
1786570390,btc,1793347200000,56000.0,call,41.24,0.15074336,0.1485,0.18,64019.45,0.0
1786570390,btc,1798185600000,70000.0,call,38.99,0.06121876,0.0605,0.062,64476.87,1824.9
1786570390,btc,1798185600000,30000.0,put,69.21,0.00380967,0.0036,0.004,64477.27,2135.6
1786570390,btc,1790323200000,140000.0,call,69.71,5.025e-05,,0.0001,63752.55,1184.4
1786570390,btc,1787299200000,65000.0,put,27.4,0.03133694,0.0295,0.034,63487.24,98.7
1786570390,btc,1813910400000,95000.0,put,41.15,0.48373266,0.479,0.4945,65854.69,20.1
1786570390,btc,1798185600000,100000.0,call,41.36,0.00504414,0.0046,0.005,64477.27,3653.9
1786570390,btc,1793347200000,70000.0,put,36.29,0.12650461,0.1245,0.1285,64019.9,11.8
1786570390,btc,1786780800000,57000.0,put,54.94,0.00012041,,0.0003,63444.78,51.2
1786570390,btc,1813910400000,82000.0,put,41.19,0.3199888,0.316,0.324,65854.69,0.2
1786570390,btc,1790323200000,180000.0,put,75.32,1.8233696,1.7275,1.9255,63752.55,7.3
1786570390,btc,1787299200000,66000.0,put,27.48,0.04362115,0.04,0.0565,63487.64,11.7
1786570390,btc,1806048000000,62000.0,put,41.88,0.10481579,0.104,0.106,65150.55,244.2
1786570390,btc,1790323200000,102000.0,put,50.7,0.60015176,0.546,0.659,63752.55,0.4
1786570390,btc,1793347200000,68000.0,call,36.55,0.04287363,0.0425,0.0435,64019.45,67.6
1786570390,btc,1787904000000,59000.0,call,35.61,0.07730293,0.074,0.081,63548.11,214.3
1786570390,btc,1786694400000,75000.0,put,47.53,0.18230888,0.142,0.225,63434.22,0.4
1786570390,btc,1786694400000,67000.0,call,42.06,0.00018898,0.0001,0.0003,63434.22,788.6
1786570390,btc,1798185600000,105000.0,call,41.99,0.00344812,0.0032,0.0037,64476.87,828.9
1786570390,btc,1786694400000,58000.0,put,60.13,0.00010549,,0.0002,63434.22,1556.8
1786570390,btc,1786780800000,62000.0,put,28.45,0.00194543,0.0018,0.0022,63444.78,12.9
1786570390,btc,1798185600000,52000.0,call,44.87,0.22328387,0.221,0.2255,64476.87,0.1
1786570390,btc,1798185600000,58000.0,put,41.81,0.05383417,0.053,0.0545,64476.87,2135.7
1786570390,btc,1787299200000,63000.0,put,28.75,0.01379043,0.0135,0.014,63487.24,170.8
1786570390,btc,1790323200000,145000.0,put,69.92,1.27440905,1.197,1.357,63753.02,0.2
1786570390,btc,1786608000000,58000.0,call,60.25,0.08544401,0.0525,0.1165,63418.27,0.0
1786570390,btc,1787904000000,105000.0,put,63.37,0.65226435,0.596,0.712,63548.11,1.0
1786570390,btc,1793347200000,55000.0,call,41.96,0.16324764,0.1605,0.1655,64019.45,0.0
1786570390,btc,1798185600000,94000.0,put,40.05,0.46548355,0.4595,0.487,64476.87,5.3
1786570390,btc,1786780800000,64500.0,put,27.84,0.01976904,0.007,0.034,63444.34,0.0
1786570390,btc,1798185600000,220000.0,call,61.32,8.682e-05,,0.0002,64477.27,252.8
1786570390,btc,1806048000000,80000.0,call,39.99,0.05344248,0.053,0.0545,65150.55,928.5
1786570390,btc,1790323200000,175000.0,put,75.32,1.74494461,1.652,1.8435,63752.55,0.2
1786570390,btc,1786867200000,67000.0,call,31.8,0.00049839,0.0004,0.0006,63455.16,41.7
1786570390,btc,1813910400000,66000.0,call,42.52,0.15600707,0.1545,0.1575,65854.22,27.9
1786570390,btc,1798185600000,56000.0,put,42.69,0.04436462,0.044,0.045,64476.87,462.3
1786570390,btc,1787904000000,75000.0,call,35.59,0.00032332,0.0003,0.0005,63548.11,2718.8
1786570390,btc,1790323200000,75000.0,put,33.88,0.18114758,0.1765,0.186,63752.55,2967.4
1786570390,btc,1813910400000,66000.0,put,42.52,0.15820553,0.1565,0.16,65854.22,35.1
1786570390,btc,1786608000000,64500.0,call,26.7,0.00012217,0.0001,0.0002,63418.27,607.6
1786570390,btc,1798185600000,94000.0,call,40.05,0.00760568,0.007,0.008,64476.87,117.8
1786570390,btc,1786780800000,70000.0,call,47.23,6.981e-05,,0.0003,63444.78,5.3
1786570390,btc,1786694400000,62000.0,put,29.81,0.00098624,0.0008,0.0011,63434.22,1473.2
1786570390,btc,1786867200000,65500.0,put,27.17,0.03370446,0.0043,0.072,63455.16,0.0
1786570390,btc,1798185600000,140000.0,call,49.45,0.00067605,0.0005,0.0009,64477.27,1482.0
1786570390,btc,1793347200000,71000.0,call,36.22,0.02898436,0.0285,0.0295,64019.45,252.6
1786570390,btc,1787904000000,72000.0,call,31.59,0.00072136,0.0006,0.0008,63548.11,2946.1
1786570390,btc,1790323200000,90000.0,call,42.32,0.00052772,0.0004,0.0006,63752.55,3018.7
1786570390,btc,1790323200000,56000.0,call,40.62,0.13418353,0.1325,0.1365,63752.55,12.2
1786570390,btc,1798185600000,76000.0,put,38.67,0.21492829,0.212,0.2175,64476.87,142.1
1786570390,btc,1798185600000,250000.0,call,64.88,5.616e-05,,0.0002,64476.87,1120.9
1786570390,btc,1813910400000,85000.0,call,41.13,0.065105,0.064,0.066,65854.22,8.2
1786570390,btc,1813910400000,45000.0,put,48.55,0.04102452,0.04,0.042,65854.69,184.1
1786570390,btc,1790323200000,62000.0,call,35.78,0.06352064,0.063,0.0645,63752.55,680.5
1786570390,btc,1806048000000,70000.0,call,40.73,0.0979542,0.0975,0.0985,65150.55,783.9
1786570390,btc,1786867200000,58000.0,call,43.01,0.08620345,0.053,0.118,63455.58,0.0
1786570390,btc,1793347200000,55000.0,put,41.96,0.02235552,0.022,0.023,64019.45,70.0
1786570390,btc,1813910400000,160000.0,put,45.53,1.43384125,1.348,1.5325,65854.22,0.0
1786570390,btc,1790323200000,70000.0,call,33.61,0.01443086,0.014,0.015,63752.55,9262.9
1786570390,btc,1786608000000,64000.0,call,22.41,0.00045587,0.0003,0.0006,63418.27,208.3
1786570390,btc,1793347200000,40000.0,put,59.21,0.0038125,0.0035,0.0041,64019.45,45.4
1786570390,btc,1786694400000,70000.0,put,47.35,0.10349201,0.0665,0.1435,63434.22,3.6
1786570390,btc,1786694400000,66000.0,call,34.04,0.00026922,0.0002,0.0004,63434.68,1100.8
1786570390,btc,1787904000000,88000.0,call,52.74,4.848e-05,,0.0005,63548.11,183.7
1786570390,btc,1790323200000,260000.0,put,78.83,3.07819597,2.94,3.2255,63752.55,0.0
1786570390,btc,1787904000000,55000.0,put,42.95,0.0017521,0.0016,0.0019,63548.11,1166.6
1786570390,btc,1786608000000,66500.0,call,39.77,9.9e-07,,0.0001,63418.75,89.1
1786570390,btc,1787904000000,77000.0,put,39.7,0.21194113,0.171,0.2565,63548.11,3.4
1786570390,btc,1786867200000,59000.0,put,38.32,0.00034007,0.0002,0.0005,63455.16,0.1
1786570390,btc,1806048000000,85000.0,call,39.99,0.03944298,0.039,0.0405,65150.55,94.1
1786570390,btc,1786780800000,66000.0,call,32.79,0.00084861,0.0007,0.001,63444.78,245.3
1786570390,btc,1786780800000,63000.0,put,26.76,0.00563033,0.005,0.006,63444.78,8.2
1786570390,btc,1806048000000,45000.0,put,48.84,0.02812268,0.0275,0.029,65150.55,227.2
1786570390,btc,1793347200000,95000.0,put,40.18,0.4853023,0.434,0.5425,64019.45,0.1
1786570390,btc,1798185600000,110000.0,put,42.99,0.70855665,0.6935,0.7195,64477.27,54.2
1786570390,btc,1786694400000,80000.0,put,51.26,0.26112947,0.2185,0.3075,63434.22,0.1
1786570390,btc,1787299200000,64000.0,call,28.03,0.01333744,0.013,0.0135,63487.64,68.3
1786570390,btc,1787904000000,67000.0,put,29.26,0.06074664,0.057,0.065,63548.11,60.8
1786570390,btc,1806048000000,52000.0,put,44.99,0.04967222,0.0485,0.0505,65150.55,117.8
1786570390,btc,1786780800000,62500.0,call,27.24,0.01818719,0.016,0.039,63444.78,0.0
1786570390,btc,1786608000000,67500.0,call,44.96,1.1e-07,,0.0001,63418.75,11.9
1786570390,btc,1798185600000,65000.0,put,39.72,0.10043864,0.0995,0.101,64477.27,896.2
1786570390,btc,1786780800000,67000.0,put,37.44,0.05650462,0.0215,0.0955,63444.34,0.0
1786570390,btc,1793347200000,61000.0,put,38.55,0.04844323,0.048,0.049,64019.45,162.1
1786570390,btc,1813910400000,130000.0,call,43.03,0.01020298,0.0095,0.011,65854.69,83.2
1786570390,btc,1787904000000,63000.0,put,31.29,0.02146538,0.021,0.022,63548.11,678.5
1786570390,btc,1787904000000,110000.0,put,65.75,0.73094222,0.672,0.7935,63548.11,0.2
1786570390,btc,1798185600000,40000.0,call,56.25,0.38941296,0.3855,0.391,64476.87,250.9
1786570390,btc,1813910400000,60000.0,put,43.52,0.1129501,0.1115,0.114,65854.22,77.4
1786570390,btc,1798185600000,135000.0,put,48.86,1.09463468,1.023,1.1745,64476.87,0.6
1786570390,btc,1798185600000,125000.0,put,46.01,0.93981291,0.873,1.0145,64476.87,9.1
1786570390,btc,1786608000000,67500.0,put,44.96,0.0643541,0.028,0.103,63418.27,0.0
1786570390,btc,1806048000000,105000.0,call,41.11,0.01254585,0.012,0.013,65150.55,187.4
1786570390,btc,1806048000000,100000.0,put,40.57,0.55114079,0.546,0.5565,65150.91,12.1
1786570390,btc,1787904000000,58000.0,put,37.31,0.00418694,0.0039,0.0044,63548.11,1015.1
1786570390,btc,1787904000000,81000.0,put,46.08,0.27477934,0.2315,0.322,63548.11,0.1
1786570390,btc,1787299200000,63000.0,call,28.75,0.02147974,0.021,0.022,63487.24,35.2
1786570390,btc,1806048000000,110000.0,put,41.57,0.69808926,0.692,0.704,65150.55,4.0
1786570390,btc,1813910400000,130000.0,put,43.03,0.98423025,0.977,1.001,65854.69,1.3
1786570390,btc,1798185600000,20000.0,put,87.08,0.00134014,0.0011,0.0016,64477.27,118.8
1786570390,btc,1806048000000,52000.0,call,44.99,0.25152013,0.2485,0.2545,65150.55,5.2
1786570390,btc,1790323200000,90000.0,put,42.32,0.41221094,0.4065,0.4195,63752.55,586.2
1786570390,btc,1787299200000,70000.0,put,31.94,0.10298758,0.0655,0.144,63487.64,0.0
1786570390,btc,1793347200000,74000.0,call,36.15,0.01925693,0.0185,0.0195,64019.45,128.6
1786570390,btc,1786694400000,65500.0,call,30.77,0.0003951,0.0003,0.0006,63434.68,139.5
1786570390,btc,1813910400000,50000.0,put,46.38,0.05888758,0.058,0.06,65854.22,283.5
1786570390,btc,1790323200000,320000.0,put,85.42,4.0193181,3.849,4.2005,63752.55,25.1
1786570390,btc,1806048000000,68000.0,call,40.88,0.10967795,0.1085,0.1105,65150.55,97.0
1786570390,btc,1787904000000,46000.0,put,60.78,0.00016277,0.0001,0.0003,63548.11,1755.4
1786570390,btc,1813910400000,80000.0,call,41.25,0.08211251,0.0805,0.0835,65854.22,77.0
1786570390,btc,1798185600000,52000.0,put,44.87,0.02976951,0.0295,0.0305,64476.87,420.7
1786570390,btc,1787299200000,67000.0,put,27.82,0.05740813,0.046,0.061,63487.24,10.4
1786570390,btc,1786867200000,70000.0,call,42.31,0.00012035,,0.0003,63455.16,0.0
1786570390,btc,1806048000000,140000.0,call,45.12,0.00283005,0.0026,0.0031,65150.55,761.5
1786570390,btc,1790323200000,94000.0,call,44.83,0.00036333,0.0003,0.0004,63752.55,170.0
1786570390,btc,1798185600000,62000.0,call,40.47,0.11627941,0.1155,0.117,64476.87,255.1
1786570390,btc,1813910400000,82000.0,call,41.19,0.07483313,0.0735,0.076,65854.22,62.0
1786570390,btc,1793347200000,71000.0,put,36.22,0.13801452,0.136,0.156,64019.45,0.0
1786570390,btc,1786608000000,66000.0,call,39.31,6.56e-06,,0.0001,63418.27,195.5
1786570390,btc,1813910400000,110000.0,call,41.64,0.02143787,0.0205,0.0225,65854.69,227.7
1786570390,btc,1790323200000,30000.0,call,87.73,0.52986272,0.5275,0.5315,63752.55,134.0
1786570390,btc,1813910400000,85000.0,put,41.13,0.35581514,0.352,0.36,65854.22,6.8
1786570390,btc,1787299200000,53000.0,put,50.47,0.00021919,0.0001,0.0004,63487.24,89.7
1786570390,btc,1806048000000,108000.0,call,41.36,0.01070169,0.01,0.0115,65150.91,57.3
1786570390,btc,1786780800000,61000.0,put,32.12,0.00075835,0.0006,0.0009,63444.78,51.1
1786570390,btc,1798185600000,96000.0,call,40.47,0.00659651,0.0065,0.007,64476.87,1321.3
1786570390,btc,1786694400000,70000.0,call,47.35,3.73e-06,,0.0001,63434.68,1666.6
1786570390,btc,1786867200000,63500.0,put,24.36,0.00978291,0.0095,0.0105,63455.16,21.0
1786570390,btc,1790323200000,170000.0,call,75.32,7.98e-06,,0.0001,63753.02,359.5
1786570390,btc,1813910400000,170000.0,call,46.25,0.00329703,0.0031,0.0036,65854.22,43.7
1786570390,btc,1798185600000,60000.0,call,41.07,0.13440109,0.1325,0.1365,64476.87,787.0
1786570390,btc,1790323200000,190000.0,put,75.38,1.98022141,1.879,2.087,63753.02,0.0
1786570390,btc,1787904000000,83000.0,call,48.44,0.00012835,0.0001,0.0004,63548.11,539.8
1786570390,btc,1798185600000,68000.0,call,39.22,0.07241266,0.072,0.073,64476.87,701.2
1786570390,btc,1786694400000,63000.0,put,26.09,0.00364239,0.0034,0.0038,63434.22,485.2
1786570390,btc,1787904000000,73000.0,call,32.77,0.00052476,0.0004,0.0007,63548.11,1749.6
1786570390,btc,1786694400000,61000.0,put,36.69,0.00041112,0.0003,0.0005,63434.22,439.9
1786570390,btc,1786867200000,62500.0,call,25.07,0.01897873,0.0003,0.052,63455.58,0.0
1786570390,btc,1813910400000,40000.0,call,51.5,0.42092537,0.4155,0.424,65854.22,17.0
1786570390,btc,1787904000000,74000.0,call,34.36,0.00042358,0.0003,0.0006,63548.11,2162.3
1786570390,btc,1790323200000,94000.0,put,44.83,0.47478803,0.4245,0.5295,63753.02,1.9
1786570390,btc,1806048000000,100000.0,call,40.57,0.01623292,0.0155,0.017,65150.55,570.0
1786570390,btc,1786867200000,71000.0,put,42.42,0.11892638,0.082,0.1605,63455.16,0.0
1786570390,btc,1806048000000,68000.0,put,40.88,0.1534153,0.152,0.155,65150.55,75.7
1786570390,btc,1806048000000,55000.0,put,43.8,0.06286795,0.0615,0.064,65150.55,1353.3
1786570390,btc,1813910400000,150000.0,call,44.59,0.00547657,0.005,0.006,65854.22,90.5
1786570390,btc,1786867200000,56000.0,call,53.17,0.11762235,0.086,0.1485,63455.58,0.0
1786570390,btc,1790323200000,58000.0,call,38.66,0.10811447,0.1055,0.1105,63752.55,460.8
1786570390,btc,1793347200000,54000.0,call,42.71,0.17610651,0.1735,0.209,64019.45,0.0
1786570390,btc,1787904000000,59000.0,put,35.61,0.00571686,0.0055,0.006,63548.11,813.4
1786570390,btc,1786867200000,63000.0,put,24.35,0.00622969,0.006,0.0065,63455.16,171.2
1786570390,btc,1813910400000,52000.0,put,45.62,0.06753121,0.0665,0.0685,65854.22,31.1
1786570390,btc,1790323200000,78000.0,put,34.56,0.22591756,0.2185,0.232,63752.55,625.3
1786570390,btc,1786867200000,59000.0,call,38.32,0.07056283,0.037,0.103,63455.16,0.0
1786570390,btc,1786694400000,64500.0,put,26.98,0.01825179,0.017,0.0195,63434.22,47.4
1786570390,btc,1787299200000,75000.0,put,44.26,0.18147963,0.1415,0.225,63487.64,0.0
1786570390,btc,1793347200000,82000.0,put,36.99,0.28729692,0.282,0.333,64019.45,0.0
1786570390,btc,1806048000000,106000.0,put,41.12,0.63879622,0.633,0.6445,65150.55,0.1
1786570390,btc,1787904000000,67000.0,call,29.26,0.00644607,0.006,0.007,63548.11,1568.4
1786570390,btc,1786780800000,68000.0,call,41.73,0.00027313,0.0002,0.0003,63444.34,1.8
1786570390,btc,1806048000000,125000.0,put,43.35,0.92362414,0.8555,1.0045,65150.55,0.1
1786570390,btc,1787904000000,105000.0,call,63.37,2.26e-06,,0.0001,63548.11,169.1
1786570390,btc,1790323200000,300000.0,put,84.97,3.70561073,3.546,3.8755,63752.55,0.0
1786570390,btc,1806048000000,115000.0,call,41.93,0.00746534,0.007,0.008,65150.55,762.2
1786570390,btc,1786608000000,62000.0,call,32.89,0.02246862,0.0075,0.0545,63418.27,0.0
1786570390,btc,1787904000000,48000.0,call,59.24,0.24506356,0.242,0.248,63548.11,37.5
1786570390,btc,1806048000000,86000.0,call,40.03,0.0371822,0.0365,0.038,65150.55,134.1
1786570390,btc,1787904000000,46000.0,call,60.78,0.27631462,0.25,0.302,63548.11,1.0
1786570390,btc,1786780800000,71000.0,call,47.3,2.123e-05,,0.0002,63444.78,4.0
1786570390,btc,1798185600000,210000.0,put,59.6,2.25705489,2.1465,2.3755,64477.27,0.0
1786570390,btc,1793347200000,54000.0,put,42.71,0.01959424,0.019,0.02,64019.45,58.3
1786570390,btc,1790323200000,35000.0,put,76.79,0.00079306,0.0007,0.001,63753.02,892.4
1786570390,btc,1813910400000,80000.0,put,41.25,0.29689853,0.2935,0.3005,65854.22,8.5
1786570390,btc,1798185600000,55000.0,put,43.17,0.04018635,0.0395,0.041,64476.87,1055.7
1786570390,btc,1790323200000,98000.0,call,47.64,0.00028254,0.0002,0.0003,63753.02,363.7
1786570390,btc,1790323200000,64000.0,put,34.9,0.05004716,0.0495,0.0505,63752.55,669.1
1786570390,btc,1790323200000,135000.0,put,66.77,1.11757471,1.0455,1.1945,63753.02,11.5
1786570390,btc,1787904000000,56000.0,put,40.88,0.00228767,0.0021,0.0024,63548.11,1149.4
1786570390,btc,1813910400000,30000.0,put,59.89,0.01313247,0.0125,0.0135,65854.69,339.7
1786570390,btc,1798185600000,80000.0,call,38.77,0.02541447,0.025,0.0255,64476.87,8336.2
1786570390,btc,1798185600000,105000.0,put,41.99,0.63192873,0.6205,0.6425,64476.87,109.4
1786570390,btc,1790323200000,100000.0,put,48.83,0.56878095,0.5595,0.575,63753.02,431.5
1786570390,btc,1786867200000,61000.0,put,29.22,0.0010356,0.0009,0.0012,63455.16,16.8
1786570390,btc,1786694400000,62500.0,call,27.56,0.01659777,0.014,0.0195,63434.68,0.0
1786570390,btc,1798185600000,200000.0,put,58.34,2.10198288,1.9965,2.2155,64477.27,0.0
1786570390,btc,1786608000000,62500.0,call,27.17,0.01472767,0.0135,0.0165,63418.27,20.0
1786570390,btc,1787904000000,64000.0,call,30.55,0.02175903,0.021,0.022,63548.11,550.0
1786570390,btc,1786608000000,60000.0,put,54.79,9.03e-06,,0.0001,63418.75,28.3
1786570390,btc,1786608000000,72000.0,call,44.98,0.0,,0.0001,63418.27,0.0
1786570390,btc,1793347200000,64000.0,put,37.43,0.06897335,0.0685,0.0695,64019.45,372.8
1786570390,btc,1790323200000,102000.0,call,50.7,0.00024411,0.0002,0.0004,63752.55,91.3
1786570390,btc,1787904000000,71000.0,call,30.92,0.00110477,0.001,0.0013,63548.11,1571.0
1786570390,btc,1793347200000,75000.0,call,36.15,0.01674314,0.016,0.017,64019.45,113.5
1786570390,btc,1786867200000,63500.0,call,24.36,0.00909047,0.0085,0.0095,63455.16,10.1
1786570390,btc,1806048000000,102000.0,call,40.84,0.01469647,0.014,0.0155,65150.55,105.8
1786570390,btc,1806048000000,60000.0,call,42.34,0.17026653,0.1685,0.1725,65150.55,718.8
1786570390,btc,1798185600000,170000.0,put,54.15,1.6368279,1.547,1.734,64476.87,0.0
1786570390,btc,1798185600000,78000.0,put,38.71,0.24010624,0.2355,0.2425,64477.27,234.6
1786570390,btc,1787904000000,71000.0,put,30.92,0.11834866,0.0805,0.162,63548.11,11.1
1786570390,btc,1787904000000,63000.0,call,31.29,0.03010812,0.0295,0.0305,63548.11,984.7
1786570390,btc,1813910400000,76000.0,put,41.47,0.25297844,0.2495,0.2565,65854.69,9.2
1786570390,btc,1786780800000,61000.0,call,32.12,0.03929233,0.0065,0.072,63444.78,0.0
1786570390,btc,1787299200000,68000.0,call,28.41,0.00106502,0.001,0.0012,63487.24,2079.0
1786570390,btc,1790323200000,80000.0,call,35.39,0.00167583,0.0016,0.0019,63752.55,3274.5
1786570390,btc,1793347200000,85000.0,call,37.47,0.00430066,0.004,0.0045,64019.45,9.4
1786570390,btc,1793347200000,66000.0,put,36.94,0.08583341,0.085,0.0865,64019.45,50.6
1786570390,btc,1813910400000,78000.0,call,41.33,0.09006962,0.0885,0.0915,65854.22,9.9
1786570390,btc,1787904000000,58000.0,call,37.31,0.09150883,0.088,0.0945,63548.11,155.1
1786570390,btc,1798185600000,72000.0,call,38.81,0.05152218,0.051,0.052,64476.87,1164.0
1786570390,btc,1790323200000,78000.0,call,34.56,0.00245877,0.0023,0.0025,63752.55,4767.9
1786570390,btc,1813910400000,62000.0,call,43.14,0.1855096,0.184,0.187,65854.69,94.3
1786570390,btc,1790323200000,92000.0,put,43.5,0.44348235,0.3945,0.4975,63752.55,4.3
1786570390,btc,1798185600000,40000.0,put,56.25,0.00978652,0.0095,0.01,64476.87,4369.0
1786570390,btc,1798185600000,135000.0,call,48.86,0.0008739,0.0007,0.0011,64476.87,1111.8
1786570390,btc,1806048000000,58000.0,call,42.87,0.1886808,0.1865,0.191,65150.55,5.2
1786570390,btc,1806048000000,94000.0,call,40.3,0.02308263,0.022,0.024,65150.55,141.2
1786570390,btc,1787904000000,53000.0,put,46.13,0.00092405,0.0008,0.001,63548.11,1108.9
1786570390,btc,1786780800000,66500.0,put,34.62,0.0487348,0.0145,0.088,63444.78,0.0
1786570390,btc,1787904000000,66000.0,put,29.52,0.04861006,0.046,0.051,63548.11,213.4
1786570390,btc,1806048000000,72000.0,call,40.52,0.08705064,0.0865,0.0875,65150.55,70.2
1786570390,btc,1798185600000,104000.0,put,41.83,0.61666942,0.5595,0.6825,64476.87,0.1
1786570390,btc,1793347200000,76000.0,call,36.18,0.0145413,0.014,0.015,64019.45,135.7
1786570390,btc,1813910400000,50000.0,call,46.38,0.29964632,0.295,0.3025,65854.69,17.1
1786570390,btc,1786608000000,68000.0,call,44.96,1e-08,,0.0001,63418.75,21.6
1786570390,btc,1798185600000,55000.0,call,43.17,0.1871727,0.185,0.189,64476.87,44.9
1786570390,btc,1790323200000,52000.0,call,45.58,0.19086764,0.1895,0.1935,63753.02,75.0
1786570390,btc,1813910400000,68000.0,put,42.24,0.17523503,0.1735,0.177,65854.22,9.5
1786570390,btc,1798185600000,240000.0,call,64.69,7.894e-05,,0.0002,64476.87,804.4
1786570390,btc,1787904000000,69000.0,put,29.54,0.08833562,0.0845,0.0925,63548.11,49.4
1786570390,btc,1786694400000,55000.0,call,70.94,0.13298096,0.102,0.162,63434.22,0.0
1786570390,btc,1798185600000,85000.0,put,39.09,0.33463353,0.33,0.338,64476.87,548.4
1786570390,btc,1798185600000,84000.0,put,39.01,0.32062659,0.316,0.324,64476.87,47.1
1786570390,btc,1793347200000,70000.0,call,36.29,0.0330946,0.0325,0.0335,64019.45,115.6
1786570390,btc,1793347200000,86000.0,call,37.62,0.00375214,0.0035,0.004,64019.45,8.7
1786570390,btc,1790323200000,84000.0,put,37.83,0.31850275,0.311,0.324,63752.55,34.7
1786570390,btc,1806048000000,66000.0,put,41.19,0.1360269,0.135,0.1375,65150.55,123.9
1786570390,btc,1806048000000,180000.0,put,50.55,1.76391938,1.669,1.8695,65150.55,0.0
1786570390,btc,1798185600000,75000.0,call,38.69,0.03959168,0.039,0.04,64477.27,1939.8
1786570390,btc,1813910400000,72000.0,call,41.8,0.1189895,0.1175,0.1205,65854.69,24.8
1786570390,btc,1786694400000,68000.0,call,47.06,9.525e-05,,0.0002,63434.22,2600.4
1786570390,btc,1786867200000,61500.0,put,27.48,0.00155091,0.0014,0.0017,63455.58,16.2
1786570390,btc,1786694400000,59000.0,put,54.29,0.000196,,0.0003,63434.22,284.6
1786570390,btc,1806048000000,35000.0,put,57.26,0.01239677,0.012,0.013,65150.55,575.8
1786570390,btc,1813910400000,30000.0,call,59.89,0.55758772,0.5535,0.56,65854.69,37.3
1786570390,btc,1793347200000,73000.0,call,36.13,0.02208189,0.0215,0.0225,64019.45,66.9
1786570390,btc,1787904000000,61000.0,put,32.95,0.01111848,0.0105,0.0115,63548.11,960.0
1786570390,btc,1787299200000,61000.0,put,31.3,0.00521815,0.005,0.0055,63487.24,1337.5
1786570390,btc,1790323200000,50000.0,put,48.29,0.00473677,0.0045,0.0049,63752.55,3758.7
1786570390,btc,1786608000000,65500.0,call,38.56,3.417e-05,,0.0001,63418.27,245.0
1786570390,btc,1806048000000,64000.0,put,41.49,0.11972776,0.1185,0.1205,65150.55,133.1
1786570390,btc,1787904000000,61000.0,call,32.95,0.05123289,0.0495,0.053,63548.11,610.7
1786570390,btc,1806048000000,115000.0,put,41.93,0.77260939,0.7665,0.779,65150.55,1.8
1786570390,btc,1806048000000,35000.0,call,57.26,0.47517902,0.4715,0.4775,65150.91,7.0
1786570390,btc,1813910400000,54000.0,put,45.02,0.07737757,0.076,0.0785,65854.22,20.5
1786570390,btc,1786694400000,63000.0,call,26.09,0.01050293,0.0095,0.011,63434.68,130.2
1786570390,btc,1790323200000,140000.0,put,69.71,1.19600192,1.1225,1.276,63752.55,1.4
1786570390,btc,1787299200000,59000.0,put,34.97,0.00196768,0.0017,0.0019,63487.24,328.9
1786570390,btc,1787904000000,70000.0,call,30.06,0.00163956,0.0015,0.0018,63548.11,2301.6
1786570390,btc,1806048000000,108000.0,put,41.36,0.66840219,0.6625,0.736,65150.55,0.1
1786570390,btc,1806048000000,180000.0,call,50.55,0.00108521,0.0009,0.0013,65150.55,642.5
1786570390,btc,1806048000000,84000.0,put,39.97,0.33121511,0.3275,0.335,65150.91,55.1
1786570390,btc,1787904000000,76000.0,put,37.35,0.19620509,0.156,0.24,63548.11,5.4
1786570390,btc,1793347200000,72000.0,put,36.15,0.14994186,0.1475,0.1845,64019.45,5.1
1786570390,btc,1786780800000,65000.0,call,29.2,0.00195419,0.0017,0.0022,63444.78,49.4
1786570390,btc,1793347200000,50000.0,put,46.26,0.01166219,0.0115,0.012,64019.45,98.9
1786570390,btc,1790323200000,120000.0,call,59.28,7.655e-05,,0.0002,63752.55,1137.3
1786570390,btc,1793347200000,78000.0,call,36.27,0.01093521,0.0105,0.011,64019.45,183.5
1786570390,btc,1790323200000,170000.0,put,75.32,1.66652072,1.576,1.763,63752.55,0.0
1786570390,btc,1787904000000,72000.0,put,31.59,0.13370107,0.1275,0.1395,63548.11,86.3
1786570390,btc,1786608000000,58000.0,put,60.25,4e-08,,0.0001,63418.27,24.9
1786570390,btc,1806048000000,88000.0,call,40.07,0.03296319,0.0325,0.034,65150.91,71.0
1786570390,btc,1806048000000,74000.0,put,40.27,0.21280524,0.21,0.2155,65150.55,54.0
1786570390,btc,1806048000000,170000.0,call,48.76,0.00120997,0.0009,0.0016,65150.55,250.0
1786570390,btc,1786608000000,67000.0,call,44.48,6.8e-07,,0.0001,63418.27,22.9
1786570390,btc,1787904000000,73000.0,put,32.77,0.14924031,0.11,0.193,63548.11,5.1
1786570390,btc,1806048000000,74000.0,call,40.27,0.07697341,0.076,0.078,65150.55,50.1
1786570390,btc,1798185600000,64000.0,put,39.95,0.09247022,0.092,0.093,64476.87,316.8
1786570390,btc,1786694400000,72000.0,call,47.53,7e-08,,0.0001,63434.22,1276.0
1786570390,btc,1787904000000,84000.0,call,48.98,9.743e-05,,0.0002,63548.11,60.2
1786570390,btc,1806048000000,54000.0,call,44.2,0.22938332,0.2265,0.232,65150.91,0.1
1786570390,btc,1786780800000,68000.0,put,41.73,0.07207132,0.0355,0.1115,63444.78,0.0
1786570390,btc,1786780800000,67000.0,call,37.44,0.00046818,0.0004,0.0006,63444.34,45.7
1786570390,btc,1786780800000,63000.0,call,26.76,0.01264083,0.012,0.013,63444.78,75.0
1786570390,btc,1786608000000,66000.0,put,39.31,0.04070825,0.0125,0.079,63418.27,0.4
1786570390,btc,1790323200000,115000.0,call,56.29,8.672e-05,,0.0002,63753.02,2184.0
1786570390,btc,1787904000000,60000.0,call,34.15,0.06378777,0.062,0.067,63548.11,434.9
1786570390,btc,1813910400000,84000.0,put,41.16,0.34376492,0.34,0.348,65854.69,0.1
1786570390,btc,1806048000000,120000.0,put,42.52,0.84785653,0.782,0.9265,65150.91,1.8
1786570390,btc,1793347200000,78000.0,put,36.27,0.22930637,0.204,0.274,64019.45,0.1
1786570390,btc,1787299200000,66000.0,call,27.48,0.00405756,0.0039,0.0042,63487.64,806.5
1786570390,btc,1786780800000,58000.0,put,49.82,0.00018741,0.0001,0.0003,63444.78,18.6
1786570390,btc,1806048000000,104000.0,put,41.01,0.60950238,0.604,0.615,65150.55,0.1
1786570390,btc,1787904000000,57000.0,put,39.16,0.00311378,0.0029,0.0033,63547.68,1017.9
1786570390,btc,1806048000000,94000.0,put,40.3,0.46589603,0.461,0.4705,65150.55,9.1
1786570390,btc,1798185600000,100000.0,put,41.36,0.55597805,0.545,0.5655,64476.87,303.3
1786570390,btc,1798185600000,75000.0,put,38.69,0.20279211,0.1995,0.205,64476.87,896.2
1786570390,btc,1787904000000,70000.0,put,30.06,0.10314762,0.099,0.1075,63548.11,178.4
1786570390,btc,1787904000000,60000.0,put,34.15,0.00793753,0.0075,0.0085,63547.68,1574.9
1786570390,btc,1786608000000,70000.0,call,44.96,0.0,,0.0001,63418.27,5.0
1786570390,btc,1787299200000,69000.0,put,29.85,0.08743492,0.0505,0.128,63487.64,0.0
1786570390,btc,1790323200000,130000.0,call,63.53,4.766e-05,,0.0002,63752.55,1431.9
1786570390,btc,1806048000000,76000.0,call,40.12,0.06812732,0.0675,0.069,65150.55,399.6
1786570390,btc,1786608000000,68000.0,put,44.96,0.07223811,0.0365,0.1105,63418.75,0.0
1786570390,btc,1813910400000,92000.0,call,41.12,0.04718568,0.046,0.0485,65854.69,5.8
1786570390,btc,1786867200000,64500.0,put,25.0,0.02010972,0.0004,0.052,63455.16,0.2
1786570390,btc,1793347200000,65000.0,put,37.16,0.07707837,0.0765,0.0775,64019.45,308.0
1786570390,btc,1793347200000,59000.0,put,39.48,0.03767805,0.037,0.038,64019.45,45.0
1786570390,btc,1790323200000,92000.0,call,43.5,0.00042839,0.0004,0.0005,63753.02,489.8
1786570390,btc,1790323200000,125000.0,call,61.77,6.379e-05,,0.0002,63753.02,2323.8
1786570390,btc,1793347200000,82000.0,call,36.99,0.00644519,0.006,0.007,64019.45,22.6
1786570390,btc,1798185600000,120000.0,put,44.95,0.86256635,0.849,0.8755,64476.87,35.6
1786570390,btc,1787299200000,60000.0,put,32.86,0.00313039,0.0029,0.0031,63487.64,695.5
1786570390,btc,1787904000000,56000.0,call,40.88,0.12108122,0.118,0.125,63548.11,63.4
1786570390,btc,1813910400000,70000.0,put,42.0,0.19329976,0.19,0.1955,65854.22,9.6
1786570390,btc,1798185600000,220000.0,put,61.32,2.41214143,2.2965,2.5365,64476.87,0.0
1786570390,btc,1806048000000,65000.0,call,41.34,0.13004937,0.1285,0.1315,65150.55,364.2
1786570390,btc,1806048000000,130000.0,call,43.79,0.00399683,0.0037,0.0043,65150.55,1066.3
1786570390,btc,1786780800000,69000.0,call,45.43,0.00015823,,0.0003,63444.78,10.8
1786570390,btc,1790323200000,175000.0,call,75.32,5.03e-06,,0.0001,63752.55,1355.3
1786570390,btc,1786780800000,65000.0,put,29.2,0.02646716,0.0225,0.03,63444.78,0.0
1786570390,btc,1786608000000,60000.0,call,54.79,0.05391659,0.019,0.086,63418.27,0.0
1786570390,btc,1787904000000,74000.0,put,34.36,0.16487496,0.1255,0.208,63548.11,3.3
1786570390,btc,1787904000000,50000.0,call,53.37,0.21370457,0.2105,0.218,63548.11,51.0
1786570390,btc,1786694400000,65000.0,call,28.83,0.00075145,0.0007,0.0009,63434.68,763.8
1786570390,btc,1806048000000,84000.0,call,39.97,0.0418925,0.0415,0.0425,65150.55,266.4
1786570390,btc,1813910400000,160000.0,call,45.53,0.00426923,0.0039,0.0047,65854.22,514.2
1786570390,btc,1813910400000,170000.0,put,46.25,1.58471731,1.495,1.688,65854.22,14.6
1786570390,btc,1790323200000,86000.0,put,39.16,0.34967337,0.304,0.4005,63753.02,11.6
1786570390,btc,1787299200000,75000.0,call,44.26,0.00015738,0.0001,0.0003,63487.24,1519.2
1786570390,btc,1786867200000,61500.0,call,27.48,0.03237634,0.0037,0.0645,63455.58,0.0
1786570390,btc,1790323200000,68000.0,call,33.7,0.02177201,0.0215,0.0225,63753.02,844.8
1786570390,btc,1786694400000,62000.0,call,29.81,0.0236109,0.022,0.025,63434.68,17.5
1786570390,btc,1786608000000,64000.0,put,22.41,0.00962114,0.008,0.011,63418.75,189.6
1786570390,btc,1790323200000,280000.0,call,81.51,1e-08,,0.0001,63753.02,91.7
1786570390,btc,1798185600000,230000.0,call,63.04,8.258e-05,,0.0004,64476.87,195.9
1786570390,btc,1786780800000,66500.0,call,34.62,0.00057922,0.0005,0.0007,63444.34,76.5
1786570390,btc,1798185600000,50000.0,put,46.28,0.02444584,0.024,0.025,64476.87,1932.3
1786570390,btc,1786694400000,66500.0,put,36.54,0.04848358,0.013,0.087,63434.68,0.0
1786570390,btc,1786608000000,63500.0,call,20.58,0.00224343,0.002,0.0025,63418.27,75.9
1786570390,btc,1787904000000,65000.0,call,29.85,0.01500556,0.0145,0.0155,63547.68,1433.6
1786570390,btc,1786780800000,65500.0,call,30.9,0.00126228,0.0011,0.0014,63444.78,5034.7
1786570390,btc,1786780800000,62000.0,call,28.45,0.02471768,0.0215,0.0425,63444.78,0.0
1786570390,btc,1787904000000,68000.0,put,29.41,0.07416508,0.07,0.078,63548.11,84.3
1786570390,btc,1787904000000,76000.0,call,37.35,0.00028206,0.0002,0.0004,63548.11,1025.3
1786570390,btc,1798185600000,54000.0,put,43.7,0.03637365,0.036,0.037,64477.27,1812.3
1786570390,btc,1798185600000,92000.0,put,39.77,0.43580153,0.43,0.486,64476.87,4.6
1786570390,btc,1787904000000,40000.0,call,69.36,0.37058446,0.3695,0.392,63548.11,23.4
1786570390,btc,1806048000000,78000.0,put,40.04,0.25759117,0.255,0.2605,65150.55,183.0
1786570390,btc,1790323200000,54000.0,call,42.97,0.16196483,0.1605,0.195,63753.02,7.2
1786570390,btc,1798185600000,108000.0,call,42.56,0.00284167,0.0026,0.0031,64476.87,123.1
1786570390,btc,1798185600000,60000.0,put,41.07,0.06496144,0.0645,0.0655,64476.87,6442.6
1786570390,btc,1787299200000,55000.0,call,45.39,0.13413576,0.102,0.165,63487.64,0.0
1786570390,btc,1813910400000,58000.0,call,43.99,0.21938104,0.2155,0.2215,65854.69,5.3
1786570390,btc,1798185600000,250000.0,put,64.88,2.87739093,2.746,3.018,64476.87,10.0
1786570390,btc,1790323200000,85000.0,call,38.54,0.00083081,0.0007,0.001,63753.02,1202.4
1786570390,btc,1806048000000,190000.0,put,51.61,1.91720466,1.8175,2.027,65150.55,0.9
1786570390,btc,1798185600000,160000.0,call,53.11,0.00035743,0.0002,0.0006,64476.87,1224.0
1786570390,btc,1798185600000,88000.0,put,39.24,0.37726165,0.344,0.408,64476.87,4.2
1786570390,btc,1786608000000,59000.0,put,55.53,3.6e-07,,0.0001,63418.75,10.9
1786570390,btc,1790323200000,96000.0,put,45.68,0.50608009,0.455,0.562,63753.02,1.0
1786570390,btc,1798185600000,96000.0,put,40.47,0.49549306,0.4895,0.531,64477.27,11.3
1786570390,btc,1798185600000,90000.0,call,39.43,0.01045858,0.01,0.011,64476.87,3329.9
1786570390,btc,1806048000000,66000.0,call,41.19,0.1229877,0.1215,0.124,65150.55,17.0
1786570390,btc,1813910400000,62000.0,put,43.14,0.12696875,0.1255,0.128,65854.22,70.1
1786570390,btc,1806048000000,200000.0,put,51.61,2.07041295,1.966,2.185,65150.55,1.0
1786570390,btc,1806048000000,45000.0,call,48.84,0.33741414,0.3345,0.34,65150.55,3.3
1786570390,btc,1790323200000,30000.0,put,87.73,0.00042379,0.0003,0.0005,63753.02,2604.1
1786570390,btc,1793347200000,95000.0,call,40.18,0.0013887,0.0012,0.0016,64019.45,31.1
1786570390,btc,1806048000000,160000.0,call,47.43,0.00151946,0.0013,0.0019,65150.55,860.6
1786570390,btc,1790323200000,260000.0,call,78.83,1e-08,,0.0001,63752.55,292.0
1786570390,btc,1793347200000,50000.0,call,46.26,0.23065503,0.228,0.243,64019.45,0.1
1786570390,btc,1787299200000,55000.0,put,45.39,0.00043875,0.0003,0.0005,63487.64,120.2
1786570390,btc,1798185600000,66000.0,put,39.53,0.10887268,0.108,0.1095,64476.87,364.5
1786570390,btc,1790323200000,82000.0,call,36.57,0.00122887,0.0011,0.0014,63753.02,2567.7
1786570390,btc,1786694400000,66000.0,put,34.04,0.04070103,0.0395,0.042,63434.22,14.4
1786570390,btc,1786780800000,66000.0,put,32.79,0.04112332,0.0365,0.052,63444.34,0.0
1786570390,btc,1806048000000,92000.0,put,40.2,0.43805862,0.4335,0.4425,65150.55,0.6
1786570390,btc,1798185600000,190000.0,put,55.64,1.94688041,1.847,2.0545,64476.87,0.0
1786570390,btc,1798185600000,35000.0,call,62.0,0.46318322,0.46,0.465,64476.87,77.8
1786570390,btc,1798185600000,160000.0,put,53.11,1.48185168,1.3975,1.574,64476.87,0.0
1786570390,btc,1786608000000,65000.0,call,32.69,5.889e-05,,0.0002,63418.27,252.4
1786570390,btc,1798185600000,120000.0,call,44.95,0.00144566,0.0012,0.0017,64476.87,6032.1
1786570390,btc,1786867200000,60000.0,put,33.64,0.00055803,0.0004,0.0007,63455.16,36.6
1786570390,btc,1806048000000,72000.0,put,40.52,0.19218431,0.1895,0.1945,65150.91,139.1
1786570390,btc,1787299200000,65000.0,call,27.4,0.00752432,0.007,0.008,63487.24,334.6
1786570390,btc,1787299200000,68000.0,put,28.41,0.07213053,0.0365,0.1135,63487.24,0.3
1786570390,btc,1798185600000,150000.0,call,51.86,0.00053264,0.0004,0.0007,64476.87,1633.9
1786570390,btc,1793347200000,58000.0,put,40.0,0.03309188,0.0325,0.0335,64019.45,53.3
1786570390,btc,1806048000000,58000.0,put,42.87,0.07892737,0.078,0.08,65150.55,109.5
1786570390,btc,1787904000000,54000.0,put,44.63,0.00128822,0.0012,0.0014,63548.11,1669.6
1786570390,btc,1787904000000,81000.0,call,46.08,0.00017716,0.0001,0.0005,63548.11,1451.1
1786570390,btc,1787904000000,95000.0,call,59.46,1.987e-05,,0.0001,63548.11,62.7
1786570390,btc,1786780800000,60000.0,put,37.61,0.00040835,0.0003,0.0005,63444.34,36.7
1786570390,btc,1813910400000,100000.0,call,41.26,0.03290405,0.032,0.034,65854.69,114.5
1786570390,btc,1790323200000,88000.0,call,40.86,0.00062898,0.0005,0.0007,63752.55,658.2
1786570390,btc,1798185600000,66000.0,call,39.53,0.0852563,0.0845,0.086,64476.87,267.1
1786570390,btc,1798185600000,102000.0,call,41.47,0.00424413,0.004,0.0044,64476.87,215.7
1786570390,btc,1787904000000,69000.0,call,29.54,0.00256339,0.0024,0.0028,63548.11,947.0
1786570390,btc,1806048000000,104000.0,call,41.01,0.0131982,0.0125,0.014,65150.55,101.4
1786570390,btc,1787904000000,95000.0,put,59.46,0.49492366,0.444,0.549,63548.11,0.3
1786570390,btc,1793347200000,84000.0,call,37.47,0.00501932,0.0046,0.0055,64019.45,31.1
1786570390,btc,1798185600000,170000.0,call,54.15,0.00024025,0.0001,0.0005,64477.27,2379.5
1786570390,btc,1790323200000,65000.0,call,34.55,0.03884618,0.0385,0.0395,63752.55,1296.3
1786570390,btc,1786694400000,55000.0,put,70.94,7.47e-06,,0.0002,63434.22,513.0
1786570390,btc,1793347200000,85000.0,put,37.47,0.33201282,0.3265,0.36,64019.45,0.0
1786570390,btc,1806048000000,130000.0,put,43.79,0.99937707,0.9285,1.081,65150.55,0.3
1786570390,btc,1787299200000,72000.0,put,38.0,0.13438958,0.097,0.1765,63487.64,0.0
1786570390,btc,1786694400000,66500.0,call,36.54,0.00016971,0.0001,0.0003,63434.68,98.9
1786570390,btc,1806048000000,80000.0,put,39.99,0.28136878,0.2785,0.285,65150.55,139.2
1786570390,btc,1786867200000,58000.0,put,43.01,0.00022175,0.0001,0.0003,63455.16,2.0
1786570390,btc,1786694400000,61000.0,call,36.69,0.0387999,0.0375,0.04,63434.22,12.0
1786570390,btc,1787299200000,69000.0,call,29.85,0.00061845,0.0005,0.0007,63487.64,587.9
1786570390,btc,1787904000000,62000.0,call,31.98,0.03990707,0.039,0.041,63548.11,900.9
1786570390,btc,1787299200000,53000.0,call,50.47,0.16541813,0.1355,0.195,63487.64,0.0
1786570390,btc,1793347200000,52000.0,call,44.37,0.20282899,0.2005,0.218,64019.45,0.1
1786570390,btc,1790323200000,300000.0,call,84.97,1e-08,,0.0001,63753.02,192.1
1786570390,btc,1786608000000,66500.0,put,39.77,0.04858678,0.0135,0.086,63418.75,0.0
1786570390,btc,1806048000000,40000.0,call,52.65,0.40475628,0.402,0.4075,65150.55,81.3
1786570390,btc,1786867200000,69000.0,call,39.72,0.00021155,0.0001,0.0004,63455.16,1.6
1786570390,btc,1813910400000,64000.0,call,42.82,0.17028057,0.169,0.172,65854.22,19.6
1786570390,btc,1790323200000,135000.0,call,66.77,4.988e-05,,0.0002,63752.55,271.9
1786570390,btc,1790323200000,72000.0,put,33.59,0.13866053,0.1345,0.1435,63753.02,274.7
1786570390,btc,1806048000000,85000.0,put,39.99,0.34411467,0.3405,0.4105,65150.55,0.9
1786570390,btc,1787904000000,55000.0,call,42.95,0.13628149,0.132,0.14,63548.11,11.8
1786570390,btc,1790323200000,62000.0,put,35.78,0.03601352,0.0355,0.0365,63752.55,1176.5
1786570390,btc,1806048000000,55000.0,call,43.8,0.21866862,0.216,0.2215,65150.55,28.6
1786570390,btc,1806048000000,62000.0,call,41.88,0.15317291,0.1515,0.1555,65150.55,41.9
1786570390,btc,1793347200000,75000.0,put,36.15,0.18825388,0.1625,0.2305,64019.45,6.1
1786570390,btc,1787904000000,110000.0,call,65.75,9.8e-07,,0.0001,63548.11,117.3
1786570390,btc,1786867200000,64000.0,put,24.63,0.01446278,0.0135,0.0155,63455.16,0.1
1786570390,btc,1813910400000,150000.0,put,44.59,1.28320034,1.2025,1.3785,65854.69,0.0
1786570390,btc,1790323200000,120000.0,put,59.28,0.88232083,0.87,0.893,63752.55,174.5
1786570390,btc,1813910400000,52000.0,call,45.62,0.2779203,0.2735,0.2805,65854.22,1.1
1786570390,btc,1787904000000,94000.0,call,59.46,2.734e-05,,0.0004,63548.11,218.8
1786570390,btc,1786780800000,63500.0,call,26.86,0.00832674,0.008,0.0085,63444.78,95.6
1786570390,btc,1787299200000,62000.0,put,29.65,0.00845278,0.008,0.009,63487.24,248.6
1786570390,btc,1790323200000,50000.0,call,48.29,0.22046832,0.219,0.2235,63752.55,30.5
1786570390,btc,1787904000000,96000.0,call,59.46,1.439e-05,,0.0001,63548.11,25.3
1786570390,btc,1790323200000,96000.0,call,45.68,0.00028466,0.0002,0.0004,63753.02,306.4
1786570390,btc,1806048000000,112000.0,call,41.69,0.0087035,0.008,0.0095,65150.55,62.7
1786570390,btc,1793347200000,84000.0,put,37.47,0.31711134,0.3115,0.3355,64019.9,0.3
1786570390,btc,1806048000000,82000.0,call,39.96,0.04728741,0.047,0.048,65150.55,703.9
1786570390,btc,1793347200000,67000.0,call,36.72,0.04858144,0.048,0.049,64019.45,21.0
1786570390,btc,1790323200000,55000.0,call,41.73,0.14788699,0.1465,0.1505,63753.02,143.7
1786570390,btc,1786867200000,71000.0,call,42.42,4.191e-05,,0.0002,63455.16,2.0
1786570390,btc,1786780800000,63500.0,put,26.86,0.00919711,0.0085,0.0095,63444.78,37.7
1786570390,btc,1786780800000,61500.0,call,30.1,0.03183607,0.0285,0.036,63444.34,0.0
1786570390,btc,1787299200000,58000.0,put,37.2,0.00125996,0.0011,0.0012,63487.24,383.9
1786570390,btc,1813910400000,88000.0,call,41.11,0.05669411,0.0555,0.058,65854.22,5.9
1786570390,btc,1798185600000,74000.0,put,38.73,0.19096853,0.188,0.193,64477.27,106.0
1786570390,btc,1786608000000,71000.0,call,44.97,0.0,,0.0001,63418.75,0.8
1786570390,btc,1813910400000,45000.0,call,48.55,0.35770739,0.3525,0.3605,65854.69,0.6
1786570390,btc,1790323200000,74000.0,call,33.73,0.00593429,0.0055,0.0065,63752.55,1197.0
1786570390,btc,1813910400000,54000.0,call,45.02,0.25739701,0.253,0.2595,65854.69,0.9
1786570390,btc,1786694400000,75000.0,call,47.53,0.0,,0.0001,63434.68,630.2
1786570390,btc,1798185600000,84000.0,call,39.01,0.0178421,0.0175,0.018,64476.87,776.7
1786570390,btc,1793347200000,65000.0,call,37.16,0.06176907,0.0615,0.0625,64019.45,374.8
1786570390,btc,1787904000000,85000.0,call,50.79,9.674e-05,,0.0002,63548.11,319.4
1786570390,btc,1790323200000,76000.0,put,34.07,0.19588564,0.1915,0.2005,63753.02,599.6
1786570390,btc,1786608000000,70000.0,put,44.96,0.10377451,0.0665,0.1435,63418.27,0.0
1786570390,btc,1787904000000,98000.0,call,59.46,7.48e-06,,0.0001,63548.11,160.6
1786570390,btc,1786867200000,62500.0,put,25.07,0.00391224,0.0036,0.0041,63455.58,0.7
1786570390,btc,1790323200000,54000.0,put,42.97,0.00897476,0.0085,0.0095,63752.55,619.0
1786570390,btc,1787904000000,100000.0,call,59.75,4.16e-06,,0.0001,63548.11,179.6
1786570390,btc,1798185600000,76000.0,call,38.67,0.03621852,0.0355,0.0365,64476.87,386.2
1786570390,btc,1786608000000,61000.0,put,43.86,2.414e-05,,0.0001,63418.27,406.5
1786570390,btc,1813910400000,86000.0,put,41.12,0.36808484,0.364,0.372,65854.22,0.1
1786570390,btc,1786694400000,72000.0,put,47.53,0.13501659,0.097,0.176,63434.68,0.0
1786570390,btc,1786867200000,68000.0,put,35.9,0.07192569,0.036,0.111,63455.16,0.0
1786570390,btc,1787904000000,82000.0,call,48.11,0.00017722,0.0001,0.0005,63548.11,1507.6
1786570390,btc,1813910400000,92000.0,put,41.12,0.44418959,0.3945,0.4495,65854.22,0.1
1786570390,btc,1798185600000,104000.0,call,41.83,0.00369816,0.0035,0.0039,64476.87,87.7
1786570390,btc,1790323200000,66000.0,call,34.19,0.03228734,0.032,0.033,63752.55,1127.7
1786570390,btc,1790323200000,155000.0,put,75.11,1.43126327,1.349,1.5195,63752.55,0.1
1786570390,btc,1786780800000,59000.0,call,42.6,0.07028233,0.037,0.1025,63444.78,0.0
1786570390,btc,1790323200000,105000.0,call,51.79,0.00017819,0.0001,0.0004,63752.55,1206.8
1786570390,btc,1798185600000,88000.0,call,39.24,0.01243981,0.012,0.013,64476.87,2674.4
1786570390,btc,1793347200000,72000.0,call,36.15,0.02529156,0.025,0.026,64019.45,213.1
1786570390,btc,1786867200000,65000.0,put,25.92,0.02663429,0.0017,0.064,63455.16,0.0
1786570390,btc,1786694400000,68000.0,put,47.06,0.0720553,0.0705,0.0735,63434.22,7.3
1786570390,btc,1813910400000,56000.0,put,44.47,0.08820921,0.087,0.089,65854.22,42.0
1786570390,btc,1786608000000,65500.0,put,38.56,0.03285175,0.007,0.0705,63418.27,0.3
1786570390,btc,1806048000000,105000.0,put,41.11,0.62419911,0.6185,0.6295,65150.55,0.4
1786570390,btc,1787904000000,80000.0,put,44.0,0.25904345,0.252,0.264,63548.11,29.5
1786570390,btc,1793347200000,63000.0,call,37.76,0.07745134,0.077,0.078,64019.9,123.1
1786570390,btc,1793347200000,90000.0,put,38.67,0.40815456,0.3595,0.464,64019.45,0.1
1786570390,btc,1786694400000,59000.0,call,54.29,0.07011302,0.0365,0.102,63434.68,0.4
1786570390,btc,1813910400000,105000.0,put,41.42,0.6208515,0.571,0.6315,65854.22,0.1
1786570390,btc,1787904000000,52000.0,put,48.68,0.0007605,0.0007,0.0009,63548.11,1332.8
1786570390,btc,1793347200000,73000.0,put,36.13,0.16235234,0.1585,0.175,64019.45,0.0
1786570390,btc,1790323200000,82000.0,put,36.57,0.28742913,0.28,0.294,63752.55,194.1
1786570390,btc,1806048000000,112000.0,put,41.69,0.72780031,0.722,0.7335,65150.55,0.1
1786570390,btc,1798185600000,58000.0,call,41.81,0.1542925,0.1525,0.1565,64476.87,41.8
1786570390,btc,1786694400000,60000.0,put,46.33,0.0002995,0.0002,0.0004,63434.22,2750.8
1786570390,btc,1787904000000,65000.0,put,29.85,0.03783447,0.037,0.039,63548.11,912.9
1786570390,btc,1793347200000,56000.0,put,41.24,0.02547138,0.025,0.026,64019.45,31.7
1786570390,btc,1787299200000,62000.0,call,29.65,0.03189305,0.03,0.0325,63487.24,39.9
1786570390,btc,1790323200000,66000.0,put,34.19,0.0675217,0.067,0.068,63752.55,870.2
1786570390,btc,1786608000000,65000.0,put,32.69,0.02499237,0.0235,0.026,63418.75,24.5
1786570390,btc,1813910400000,90000.0,call,41.11,0.05172798,0.0505,0.053,65854.22,93.1
1786570390,btc,1798185600000,85000.0,call,39.09,0.0163397,0.016,0.0165,64477.27,2290.1
1786570390,btc,1798185600000,98000.0,put,40.66,0.52549433,0.4705,0.5895,64476.87,1.2
1786570390,btc,1806048000000,78000.0,call,40.04,0.06036303,0.06,0.061,65150.55,444.2
1786570390,btc,1787904000000,90000.0,put,55.07,0.41626432,0.3685,0.4675,63548.11,11.1
1786570390,btc,1787904000000,85000.0,put,50.79,0.33764224,0.292,0.387,63548.11,0.8
1786570390,btc,1790323200000,200000.0,put,75.38,2.13707434,2.031,2.25,63752.55,0.1
1786570390,btc,1787904000000,68000.0,call,29.41,0.00412868,0.004,0.0044,63548.11,1342.5
1786570390,btc,1787904000000,52000.0,call,48.68,0.18249737,0.1785,0.186,63548.11,51.0
1786570390,btc,1786780800000,58000.0,call,49.82,0.0860066,0.0535,0.1185,63444.34,0.0
1786570390,btc,1798185600000,78000.0,call,38.71,0.03037779,0.03,0.0305,64476.87,565.2
1786570390,btc,1790323200000,85000.0,put,38.54,0.33408718,0.328,0.341,63752.55,453.0
1786570390,btc,1787904000000,54000.0,call,44.63,0.15155343,0.1475,0.155,63548.11,12.2
1786570390,btc,1786608000000,63000.0,put,21.15,0.00072191,0.0006,0.0009,63418.27,294.3
1786570390,btc,1786608000000,64500.0,put,26.7,0.01717154,0.0155,0.0185,63418.27,64.3
1786570390,btc,1787299200000,70000.0,call,31.94,0.00042014,0.0003,0.0006,63487.24,1502.2
1786570390,btc,1798185600000,95000.0,put,40.19,0.48041311,0.4745,0.4855,64476.87,85.9
1786570390,btc,1786867200000,57000.0,call,48.99,0.10192729,0.07,0.1335,63455.16,0.0
1786570390,eth,1790323200000,8500.0,call,99.33,1e-06,,0.0002,1881.21,1253.0
1786570390,eth,1806048000000,5000.0,put,60.88,1.61928,1.514,1.7445,1913.54,0.0
1786570390,eth,1790323200000,4500.0,put,83.01,1.392258,1.3,1.4935,1881.22,6.0
1786570390,eth,1786867200000,2100.0,put,48.03,0.119008,0.076,0.166,1876.89,0.0
1786570390,eth,1786694400000,1700.0,put,64.42,9.1e-05,,0.0001,1876.48,5746.0
1786570390,eth,1793347200000,3200.0,call,56.83,0.002845,0.0025,0.0032,1886.29,1264.0
1786570390,eth,1786694400000,2100.0,call,64.34,3.4e-05,,0.0026,1876.47,3079.0
1786570390,eth,1787904000000,1400.0,put,69.25,0.000875,0.0008,0.001,1878.43,7246.0
1786570390,eth,1787299200000,2100.0,call,43.7,0.001331,0.0012,0.0016,1877.53,4743.0
1786570390,eth,1806048000000,800.0,call,73.13,0.592081,0.569,0.6225,1913.56,0.0
1786570390,eth,1806048000000,4400.0,call,59.2,0.010124,0.0095,0.011,1913.54,1082.0
1786570390,eth,1798185600000,3000.0,put,54.79,0.598927,0.5885,0.6115,1895.02,781.0
1786570390,eth,1790323200000,2500.0,put,50.7,0.333345,0.3265,0.3405,1881.22,3042.0
1786570390,eth,1790323200000,13000.0,call,119.8,0.0,,0.0003,1881.22,1873.0
1786570390,eth,1790323200000,7200.0,put,99.33,2.827392,2.68,2.9865,1881.22,0.0
1786570390,eth,1813910400000,1900.0,put,57.23,0.200078,0.1985,0.202,1932.26,3092.0
1786570390,eth,1798185600000,4500.0,call,61.76,0.00204,0.0017,0.0024,1895.01,2934.0
1786570390,eth,1793347200000,1000.0,put,74.23,0.00316,0.0029,0.0033,1886.29,1606.0
1786570390,eth,1813910400000,1400.0,call,59.87,0.356705,0.3255,0.3635,1932.26,50.0
1786570390,eth,1806048000000,2300.0,call,55.01,0.10393,0.1025,0.1055,1913.54,5111.0
1786570390,eth,1786780800000,2040.0,call,45.99,0.00018,0.0001,0.0004,1876.72,34.0
1786570390,eth,1787904000000,1850.0,call,44.02,0.043899,0.043,0.0445,1878.43,4339.0
1786570390,eth,1790323200000,6400.0,call,99.33,2.7e-05,,0.0002,1881.22,1918.0
1786570390,eth,1798185600000,3500.0,put,57.08,0.854096,0.779,0.945,1895.01,51.0
1786570390,eth,1806048000000,6000.0,call,63.64,0.003302,0.003,0.0037,1913.54,5154.0
1786570390,eth,1787299200000,2400.0,call,58.6,8.9e-05,,0.0003,1877.53,1296.0
1786570390,eth,1787299200000,1900.0,put,40.43,0.031107,0.0305,0.032,1877.53,928.0
1786570390,eth,1786780800000,2020.0,call,44.71,0.000309,0.0002,0.0005,1876.72,124.0
1786570390,eth,1787904000000,1200.0,call,84.84,0.361393,0.334,0.387,1878.43,69.0
1786570390,eth,1806048000000,3500.0,put,56.75,0.853134,0.841,0.897,1913.54,23.0
1786570390,eth,1793347200000,3400.0,put,58.38,0.804362,0.7335,0.8855,1886.29,0.0
1786570390,eth,1790323200000,3500.0,put,66.47,0.860856,0.85,0.872,1881.22,1133.0
1786570390,eth,1798185600000,5200.0,call,65.77,0.001191,0.001,0.0015,1895.02,8859.0
1786570390,eth,1790323200000,6500.0,call,99.33,2.3e-05,,0.0002,1881.22,1337.0
1786570390,eth,1793347200000,2250.0,call,50.71,0.03354,0.033,0.034,1886.29,337.0
1786570390,eth,1786780800000,1900.0,put,37.43,0.019463,0.016,0.0365,1876.72,22.0
1786570390,eth,1793347200000,1900.0,put,50.96,0.098045,0.0975,0.099,1886.29,487.0
1786570390,eth,1786780800000,1900.0,call,37.43,0.007055,0.0065,0.0075,1876.72,266.0
1786570390,eth,1790323200000,8000.0,put,99.33,3.252652,3.0885,3.429,1881.22,0.0
1786570390,eth,1790323200000,6800.0,call,99.33,1.4e-05,,0.0002,1881.21,1462.0
1786570390,eth,1798185600000,4600.0,put,62.18,1.429258,1.3345,1.538,1895.01,0.0
1786570390,eth,1806048000000,900.0,call,69.89,0.543924,0.5175,0.5785,1913.54,68.0
1786570390,eth,1787904000000,2500.0,call,55.63,0.000265,0.0001,0.0006,1878.45,28355.0
1786570390,eth,1790323200000,3600.0,call,68.41,0.000291,0.0002,0.0004,1881.22,2723.0
1786570390,eth,1790323200000,4600.0,put,84.67,1.445413,1.3515,1.549,1881.21,38.0
1786570390,eth,1786608000000,1840.0,call,39.71,0.01979,0.011,0.044,1876.25,87.0
1786570390,eth,1806048000000,900.0,put,69.89,0.014261,0.0135,0.015,1913.56,767.0
1786570390,eth,1813910400000,2600.0,put,56.44,0.452443,0.447,0.46,1932.26,0.0
1786570390,eth,1786867200000,1780.0,call,41.5,0.053341,0.016,0.091,1876.89,0.0
1786570390,eth,1790323200000,15000.0,put,127.3,6.973719,6.666,7.3045,1881.22,0.0
1786570390,eth,1790323200000,12000.0,put,115.57,5.378975,5.133,5.6435,1881.22,0.0
1786570390,eth,1786694400000,1750.0,call,53.09,0.067598,0.029,0.1045,1876.48,50.0
1786570390,eth,1786867200000,1600.0,put,70.43,0.000208,0.0001,0.0004,1876.89,257.0
1786570390,eth,1793347200000,2300.0,put,50.86,0.248296,0.217,0.2885,1886.29,0.0
1786570390,eth,1786694400000,2050.0,put,55.21,0.09255,0.051,0.139,1876.47,228.0
1786570390,eth,1793347200000,3600.0,put,60.21,0.909845,0.8355,0.9945,1886.29,0.0
1786570390,eth,1798185600000,3000.0,call,54.79,0.015822,0.015,0.0165,1895.01,5212.0
1786570390,eth,1798185600000,4200.0,put,60.25,1.219152,1.1315,1.3205,1895.01,62.0
1786570390,eth,1806048000000,2100.0,call,55.16,0.135282,0.134,0.137,1913.56,884.0
1786570390,eth,1806048000000,1300.0,call,60.52,0.365933,0.3405,0.371,1913.54,50.0
1786570390,eth,1798185600000,2200.0,put,52.82,0.232549,0.2275,0.238,1895.02,9286.0
1786570390,eth,1790323200000,1500.0,call,57.05,0.213494,0.2095,0.2175,1881.22,976.0
1786570390,eth,1793347200000,2200.0,put,50.59,0.205118,0.2,0.241,1886.29,19.0
1786570390,eth,1786867200000,1820.0,call,37.51,0.034277,0.0035,0.072,1876.9,0.0
1786570390,eth,1786694400000,1920.0,put,35.81,0.025024,0.0205,0.03,1876.48,378.0
1786570390,eth,1787904000000,3000.0,put,75.18,0.597146,0.5355,0.665,1878.43,5.0
1786570390,eth,1786694400000,2400.0,put,76.35,0.279011,0.23,0.332,1876.48,2.0
1786570390,eth,1786694400000,1820.0,put,39.42,0.001268,0.001,0.0014,1876.47,919.0
1786570390,eth,1786867200000,1840.0,put,36.28,0.00623,0.0055,0.0065,1876.89,50.0
1786570390,eth,1798185600000,2100.0,call,52.82,0.086898,0.086,0.088,1895.01,1703.0
1786570390,eth,1786867200000,2050.0,put,43.17,0.092516,0.051,0.139,1876.89,0.0
1786570390,eth,1793347200000,2500.0,put,51.77,0.341633,0.332,0.369,1886.31,1.0
1786570390,eth,1786608000000,1860.0,put,32.39,0.001392,0.0011,0.0016,1876.25,1853.0
1786570390,eth,1806048000000,4800.0,call,60.29,0.007291,0.0065,0.008,1913.54,2857.0
1786570390,eth,1790323200000,3100.0,call,59.62,0.000656,0.0005,0.0009,1881.22,2164.0
1786570390,eth,1790323200000,1600.0,put,53.5,0.017773,0.017,0.018,1881.22,8113.0
1786570390,eth,1798185600000,3300.0,call,56.1,0.00964,0.009,0.01,1895.01,1913.0
1786570390,eth,1787299200000,1750.0,put,46.07,0.005583,0.005,0.006,1877.53,988.0
1786570390,eth,1786867200000,1900.0,call,35.3,0.008457,0.008,0.009,1876.89,163.0
1786570390,eth,1787904000000,3400.0,put,84.51,0.810041,0.7405,0.886,1878.43,1.0
1786570390,eth,1787904000000,2400.0,call,52.81,0.00051,0.0004,0.0007,1878.43,17635.0
1786570390,eth,1787904000000,2400.0,put,52.81,0.278173,0.229,0.3335,1878.45,2.0
1786570390,eth,1793347200000,2150.0,put,50.56,0.184785,0.1795,0.23,1886.31,1.0
1786570390,eth,1786867200000,1800.0,call,39.32,0.043544,0.009,0.081,1876.89,0.0
1786570390,eth,1798185600000,1200.0,call,63.24,0.384019,0.38,0.3875,1895.01,341.0
1786570390,eth,1786608000000,1800.0,put,55.48,0.000101,,0.0002,1876.25,620.0
1786570390,eth,1798185600000,3500.0,call,57.08,0.00714,0.0065,0.0075,1895.01,28522.0
1786570390,eth,1806048000000,2500.0,put,55.08,0.386559,0.38,0.394,1913.54,560.0
1786570390,eth,1798185600000,1200.0,put,63.24,0.017262,0.0165,0.018,1895.01,7264.0
1786570390,eth,1790323200000,4400.0,call,82.7,0.000178,0.0001,0.0002,1881.22,4356.0
1786570390,eth,1793347200000,4000.0,call,63.75,0.000746,0.0006,0.0008,1886.29,410.0
1786570390,eth,1786780800000,1600.0,call,76.45,0.147542,0.1125,0.182,1876.72,0.0
1786570390,eth,1793347200000,2400.0,call,51.25,0.02165,0.021,0.0225,1886.29,727.0
1786570390,eth,1806048000000,1300.0,put,60.52,0.045309,0.044,0.0465,1913.54,1536.0
1786570390,eth,1813910400000,4500.0,put,58.93,1.350625,1.3355,1.4115,1932.28,1.0
1786570390,eth,1786780800000,1920.0,call,38.01,0.00423,0.0039,0.0045,1876.72,336.0
1786570390,eth,1793347200000,2100.0,call,50.56,0.05202,0.051,0.0525,1886.29,1213.0
1786570390,eth,1798185600000,2700.0,call,53.66,0.027125,0.0265,0.028,1895.01,3080.0
1786570390,eth,1793347200000,2000.0,put,50.6,0.12928,0.127,0.132,1886.29,74.0
1786570390,eth,1787904000000,1600.0,put,54.6,0.003562,0.0032,0.0038,1878.43,13077.0
1786570390,eth,1813910400000,1800.0,call,57.57,0.240041,0.235,0.2445,1932.28,1466.0
1786570390,eth,1793347200000,3000.0,call,55.19,0.004424,0.004,0.0048,1886.29,753.0
1786570390,eth,1790323200000,2000.0,call,48.07,0.041169,0.0405,0.042,1881.22,28431.0
1786570390,eth,1798185600000,4500.0,put,61.76,1.376698,1.284,1.4835,1895.01,2.0
1786570390,eth,1793347200000,2600.0,put,52.28,0.390605,0.3455,0.407,1886.31,95.0
1786570390,eth,1786780800000,1760.0,put,48.13,0.000818,0.0006,0.001,1876.72,16.0
1786570390,eth,1798185600000,2900.0,put,54.35,0.549131,0.5385,0.586,1895.01,173.0
1786570390,eth,1813910400000,2000.0,call,56.95,0.195669,0.1935,0.1975,1932.28,1861.0
1786570390,eth,1798185600000,4800.0,put,63.19,1.534492,1.436,1.647,1895.01,77.0
1786570390,eth,1786780800000,1750.0,call,49.55,0.068186,0.0285,0.1055,1876.72,0.0
1786570390,eth,1793347200000,4000.0,put,63.75,1.121311,1.039,1.2135,1886.29,0.0
1786570390,eth,1786608000000,1960.0,put,45.41,0.044655,0.0285,0.088,1876.25,18.0
1786570390,eth,1813910400000,3000.0,call,56.71,0.073028,0.0715,0.0745,1932.26,490.0
1786570390,eth,1798185600000,5000.0,put,64.15,1.639787,1.537,1.756,1895.01,2.0
1786570390,eth,1793347200000,2600.0,call,52.28,0.012238,0.012,0.013,1886.29,550.0
1786570390,eth,1806048000000,3800.0,put,57.53,1.003479,0.9315,1.1045,1913.54,1.0
1786570390,eth,1798185600000,2300.0,put,52.83,0.272489,0.27,0.2785,1895.01,5186.0
1786570390,eth,1790323200000,6000.0,put,99.33,2.189543,2.0665,2.323,1881.22,0.0
1786570390,eth,1786608000000,1750.0,put,70.44,1.4e-05,,0.0001,1876.25,1632.0
1786570390,eth,1798185600000,2100.0,put,52.82,0.195072,0.1925,0.199,1895.01,3157.0
1786570390,eth,1786780800000,1980.0,call,41.06,0.000806,0.0007,0.001,1876.72,255.0
1786570390,eth,1786780800000,1860.0,put,37.68,0.008283,0.0075,0.009,1876.72,121.0
1786570390,eth,1806048000000,2200.0,call,55.04,0.118506,0.117,0.12,1913.54,4038.0
1786570390,eth,1786694400000,1850.0,call,35.7,0.017641,0.0135,0.0215,1876.47,736.0
1786570390,eth,1787299200000,1650.0,call,53.03,0.122927,0.086,0.16,1877.53,1.0
1786570390,eth,1798185600000,3100.0,call,55.13,0.013261,0.0125,0.014,1895.01,2325.0
1786570390,eth,1793347200000,2050.0,call,50.54,0.059942,0.059,0.0605,1886.29,399.0
1786570390,eth,1787904000000,1950.0,call,43.24,0.020232,0.0195,0.021,1878.43,4675.0
1786570390,eth,1806048000000,1600.0,call,57.13,0.25753,0.253,0.2615,1913.54,933.0
1786570390,eth,1798185600000,3200.0,call,55.59,0.011252,0.0105,0.012,1895.01,67901.0
1786570390,eth,1798185600000,4400.0,call,61.21,0.002247,0.0019,0.0026,1895.01,3322.0
1786570390,eth,1806048000000,4000.0,call,58.14,0.014576,0.014,0.0155,1913.54,2195.0
1786570390,eth,1790323200000,7400.0,put,99.33,2.933706,2.782,3.097,1881.22,0.0
1786570390,eth,1793347200000,2100.0,put,50.56,0.165316,0.1605,0.2055,1886.29,1.0
1786570390,eth,1786780800000,2050.0,call,47.6,0.000162,,0.0004,1876.72,219.0
1786570390,eth,1787904000000,1300.0,call,77.01,0.308381,0.2795,0.3375,1878.45,51.0
1786570390,eth,1790323200000,2800.0,put,54.41,0.489827,0.482,0.5,1881.22,1287.0
1786570390,eth,1787904000000,1500.0,call,61.49,0.203157,0.1985,0.207,1878.45,443.0
1786570390,eth,1790323200000,6200.0,call,99.33,3.9e-05,,0.0002,1881.21,2026.0
1786570390,eth,1787904000000,2800.0,put,67.68,0.490709,0.4335,0.554,1878.43,0.0
1786570390,eth,1787299200000,1700.0,put,49.07,0.003019,0.0027,0.0033,1877.53,8312.0
1786570390,eth,1806048000000,4600.0,call,59.7,0.008518,0.008,0.009,1913.54,957.0
1786570390,eth,1790323200000,1700.0,put,50.94,0.029215,0.0285,0.0295,1881.22,4735.0
1786570390,eth,1786694400000,1840.0,call,36.59,0.021903,0.016,0.0275,1876.48,0.0
1786570390,eth,1793347200000,3600.0,call,60.21,0.001337,0.0011,0.0016,1886.29,763.0
1786570390,eth,1806048000000,2000.0,call,55.35,0.154376,0.153,0.156,1913.54,1861.0
1786570390,eth,1790323200000,5600.0,put,99.33,1.97697,1.8625,2.1025,1881.22,0.0
1786570390,eth,1790323200000,5500.0,call,99.33,0.000138,,0.0002,1881.21,2065.0
1786570390,eth,1813910400000,5000.0,put,59.82,1.603289,1.509,1.66,1932.26,0.0
1786570390,eth,1787299200000,1600.0,call,57.31,0.148859,0.1125,0.1845,1877.53,0.0
1786570390,eth,1813910400000,3500.0,call,57.38,0.047071,0.0455,0.0485,1932.28,2213.0
1786570390,eth,1813910400000,3600.0,put,57.5,0.906326,0.895,0.9655,1932.26,0.0
1786570390,eth,1790323200000,1700.0,call,50.94,0.125532,0.1205,0.13,1881.22,2254.0
1786570390,eth,1806048000000,1400.0,put,59.13,0.058607,0.0575,0.06,1913.54,1719.0
1786570390,eth,1786867200000,1600.0,call,70.43,0.147729,0.112,0.1815,1876.89,0.0
1786570390,eth,1786694400000,2000.0,call,46.19,0.000146,0.0001,0.0003,1876.47,9661.0
1786570390,eth,1790323200000,7500.0,put,99.33,2.986863,2.833,3.1525,1881.22,0.0
1786570390,eth,1806048000000,1800.0,put,56.0,0.140932,0.1395,0.1425,1913.54,3907.0
1786570390,eth,1790323200000,2200.0,call,48.42,0.016897,0.0165,0.0175,1881.22,7721.0
1786570390,eth,1786867200000,1760.0,call,43.98,0.063465,0.0255,0.101,1876.89,0.0
1786570390,eth,1806048000000,3500.0,call,56.75,0.024045,0.023,0.025,1913.54,4513.0
1786570390,eth,1790323200000,5500.0,put,99.33,1.923835,1.8105,2.0475,1881.21,1.0
1786570390,eth,1793347200000,2200.0,call,50.59,0.038808,0.038,0.0395,1886.29,1243.0
1786570390,eth,1813910400000,1500.0,put,59.07,0.100022,0.0985,0.1015,1932.26,431.0
1786570390,eth,1787904000000,2600.0,put,58.96,0.384295,0.3315,0.4435,1878.45,3.0
1786570390,eth,1806048000000,3600.0,put,57.0,0.902967,0.8325,1.003,1913.54,1.0
1786570390,eth,1786780800000,1600.0,put,76.45,9.7e-05,0.0001,0.0003,1876.72,152.0
1786570390,eth,1790323200000,2900.0,call,56.07,0.001051,0.0009,0.0013,1881.22,5699.0
1786570390,eth,1786608000000,1750.0,call,70.44,0.067298,0.029,0.1035,1876.25,18.0
1786570390,eth,1786608000000,1700.0,call,73.07,0.093933,0.056,0.1285,1876.25,0.0
1786570390,eth,1806048000000,1900.0,call,55.63,0.175994,0.1745,0.178,1913.56,2393.0
1786570390,eth,1790323200000,5400.0,put,98.56,1.87069,1.76,1.992,1881.21,4.0
1786570390,eth,1787904000000,3600.0,call,84.51,5e-06,,0.0001,1878.45,1218.0
1786570390,eth,1790323200000,1900.0,put,48.3,0.071842,0.071,0.0725,1881.22,17749.0
1786570390,eth,1790323200000,3400.0,put,64.5,0.807735,0.7975,0.8205,1881.22,870.0
1786570390,eth,1806048000000,1900.0,put,55.63,0.168928,0.1675,0.1705,1913.54,2583.0
1786570390,eth,1787904000000,3800.0,call,84.51,1e-06,,0.0001,1878.45,398.0
1786570390,eth,1786780800000,2000.0,put,42.59,0.066171,0.0255,0.1115,1876.72,2.0
1786570390,eth,1786694400000,2100.0,put,64.34,0.119168,0.0765,0.166,1876.48,63.0
1786570390,eth,1790323200000,7400.0,call,99.33,5e-06,,0.0001,1881.21,1019.0
1786570390,eth,1790323200000,5200.0,put,94.83,1.764362,1.6575,1.881,1881.22,3.0
1786570390,eth,1790323200000,14000.0,put,123.7,6.442138,6.155,6.751,1881.22,0.0
1786570390,eth,1798185600000,2600.0,put,53.37,0.4048,0.3965,0.414,1895.02,1065.0
1786570390,eth,1790323200000,6400.0,put,99.33,2.402147,2.271,2.544,1881.22,0.0
1786570390,eth,1787904000000,2050.0,put,44.04,0.09975,0.086,0.1455,1878.45,180.0
1786570390,eth,1786608000000,2200.0,put,64.99,0.172558,0.128,0.222,1876.25,0.0
1786570390,eth,1790323200000,6600.0,put,99.33,2.508455,2.373,2.6545,1881.22,0.0
1786570390,eth,1790323200000,2800.0,call,54.41,0.0014,0.0012,0.0017,1881.22,7367.0
1786570390,eth,1787904000000,1950.0,put,43.24,0.058332,0.0555,0.062,1878.43,2620.0
1786570390,eth,1798185600000,2900.0,call,54.35,0.018796,0.018,0.0195,1895.01,2326.0
1786570390,eth,1787299200000,1700.0,call,49.07,0.09757,0.0905,0.1195,1877.53,50.0
1786570390,eth,1787299200000,2050.0,call,42.11,0.002602,0.0024,0.0029,1877.53,5076.0
1786570390,eth,1786694400000,1920.0,call,35.81,0.001817,0.0016,0.0021,1876.47,3077.0
1786570390,eth,1806048000000,2700.0,put,55.25,0.472929,0.4665,0.5245,1913.54,147.0
1786570390,eth,1786867200000,1760.0,put,43.98,0.001191,0.001,0.0014,1876.89,120.0
1786570390,eth,1790323200000,3500.0,call,66.47,0.000322,0.0002,0.0007,1881.22,15578.0
1786570390,eth,1786867200000,1880.0,call,35.37,0.012886,0.012,0.0135,1876.89,804.0
1786570390,eth,1786608000000,1760.0,put,68.72,2.5e-05,,0.0001,1876.25,160.0
1786570390,eth,1790323200000,1800.0,call,49.18,0.089933,0.086,0.093,1881.22,6562.0
1786570390,eth,1786694400000,1960.0,call,39.46,0.000399,0.0003,0.0006,1876.47,327.0
1786570390,eth,1786780800000,1740.0,call,51.01,0.073397,0.035,0.11,1876.72,0.0
1786570390,eth,1806048000000,3400.0,call,56.54,0.02687,0.026,0.028,1913.54,1870.0
1786570390,eth,1786780800000,1880.0,put,37.43,0.0131,0.0125,0.0135,1876.72,60.0
1786570390,eth,1786608000000,1760.0,call,68.72,0.061979,0.029,0.0985,1876.26,0.0
1786570390,eth,1786780800000,1780.0,call,45.19,0.052756,0.0445,0.0815,1876.72,0.0
1786570390,eth,1813910400000,900.0,put,67.78,0.022858,0.022,0.024,1932.26,779.0
1786570390,eth,1786608000000,2200.0,call,64.99,0.0,,0.0001,1876.25,61.0
1786570390,eth,1813910400000,1300.0,call,60.95,0.392399,0.3645,0.4385,1932.28,108.0
1786570390,eth,1787904000000,1600.0,call,54.6,0.151787,0.147,0.1555,1878.45,885.0
1786570390,eth,1790323200000,1850.0,put,48.77,0.058514,0.0575,0.059,1881.22,2078.0
1786570390,eth,1798185600000,1500.0,call,56.83,0.25359,0.2495,0.2575,1895.01,763.0
1786570390,eth,1793347200000,3400.0,call,58.38,0.001882,0.0016,0.0022,1886.29,1281.0
1786570390,eth,1787904000000,1300.0,put,77.01,0.000448,0.0003,0.0007,1878.45,8956.0
1786570390,eth,1790323200000,5000.0,put,91.6,1.658046,1.555,1.7705,1881.21,2.0
1786570390,eth,1787904000000,1450.0,call,65.29,0.229289,0.1965,0.263,1878.43,51.0
1786570390,eth,1798185600000,11000.0,put,89.39,4.804919,4.581,4.819,1895.02,109.0
1786570390,eth,1786608000000,1950.0,put,41.63,0.039329,0.012,0.0825,1876.25,0.0
1786570390,eth,1798185600000,2800.0,call,53.99,0.022531,0.022,0.0235,1895.01,9170.0
1786570390,eth,1793347200000,1800.0,call,51.66,0.117762,0.113,0.121,1886.31,102.0
1786570390,eth,1786608000000,2100.0,call,62.47,0.0,,0.0001,1876.25,19.0
1786570390,eth,1786780800000,1940.0,call,38.68,0.002434,0.0022,0.0027,1876.72,37.0
1786570390,eth,1813910400000,1800.0,put,57.57,0.171593,0.1695,0.1735,1932.26,305.0
1786570390,eth,1786608000000,2050.0,put,62.2,0.092611,0.0505,0.138,1876.25,0.0
1786570390,eth,1798185600000,3400.0,put,56.57,0.802452,0.789,0.888,1895.01,89.0
1786570390,eth,1798185600000,8000.0,put,75.88,3.221837,3.059,3.4,1895.01,0.0
1786570390,eth,1793347200000,2500.0,call,51.77,0.016281,0.016,0.017,1886.29,769.0
1786570390,eth,1787904000000,1800.0,put,44.98,0.01901,0.0185,0.0195,1878.43,5263.0
1786570390,eth,1798185600000,1000.0,put,69.68,0.008624,0.008,0.009,1895.01,19240.0
1786570390,eth,1806048000000,3300.0,put,56.28,0.75456,0.675,0.802,1913.54,1.0
1786570390,eth,1786694400000,2200.0,put,66.27,0.172427,0.128,0.2215,1876.47,0.0
1786570390,eth,1790323200000,14000.0,call,123.7,0.0,,0.0001,1881.22,1212.0
1786570390,eth,1787904000000,2000.0,put,43.46,0.077853,0.0735,0.083,1878.43,615.0
1786570390,eth,1787904000000,3600.0,put,84.51,0.916499,0.843,0.9965,1878.43,18.0
1786570390,eth,1786694400000,2200.0,call,66.27,1e-06,,0.0001,1876.47,2556.0
1786570390,eth,1798185600000,1400.0,call,58.56,0.294385,0.29,0.298,1895.01,946.0
1786570390,eth,1806048000000,2600.0,put,55.14,0.429082,0.423,0.4375,1913.54,626.0
1786570390,eth,1786780800000,1780.0,put,45.19,0.001224,0.001,0.0014,1876.72,29.0
1786570390,eth,1787299200000,1850.0,call,41.23,0.032834,0.032,0.0335,1877.53,501.0
1786570390,eth,1790323200000,1850.0,call,48.77,0.075105,0.074,0.076,1881.22,1449.0
1786570390,eth,1790323200000,4600.0,call,84.67,0.000139,0.0001,0.0003,1881.21,3425.0
1786570390,eth,1806048000000,2800.0,call,55.39,0.054614,0.0535,0.056,1913.54,4821.0
1786570390,eth,1790323200000,10000.0,call,105.8,0.0,,0.0001,1881.22,1561.0
1786570390,eth,1786694400000,1900.0,put,35.08,0.016488,0.013,0.02,1876.47,2635.0
1786570390,eth,1813910400000,2300.0,call,56.49,0.144053,0.142,0.1455,1932.26,215.0
1786570390,eth,1813910400000,2700.0,call,56.46,0.096887,0.095,0.0985,1932.26,295.0
1786570390,eth,1786867200000,1960.0,put,37.06,0.046325,0.01,0.0905,1876.9,0.0
1786570390,eth,1786867200000,2200.0,put,48.39,0.172163,0.1275,0.221,1876.9,0.0
1786570390,eth,1787904000000,1900.0,put,43.43,0.041855,0.041,0.0425,1878.43,6936.0
1786570390,eth,1790323200000,3800.0,put,70.91,1.020213,0.9425,1.106,1881.22,954.0
1786570390,eth,1790323200000,16000.0,call,130.17,0.0,,0.0001,1881.22,7426.0
1786570390,eth,1786608000000,1820.0,put,49.52,0.000253,0.0001,0.0004,1876.25,290.0
1786570390,eth,1786867200000,1960.0,call,37.06,0.002039,0.0018,0.0024,1876.89,242.0
1786570390,eth,1787299200000,1900.0,call,40.43,0.019139,0.0185,0.0195,1877.53,1264.0
1786570390,eth,1798185600000,3300.0,put,56.1,0.751056,0.738,0.833,1895.02,10.0
1786570390,eth,1798185600000,3400.0,call,56.57,0.008265,0.0075,0.009,1895.01,13035.0
1786570390,eth,1790323200000,3200.0,call,60.93,0.000502,0.0004,0.0009,1881.22,7858.0
1786570390,eth,1790323200000,6200.0,put,99.33,2.295842,2.169,2.433,1881.21,0.0
1786570390,eth,1798185600000,2000.0,call,52.99,0.105407,0.1045,0.1065,1895.01,10800.0
1786570390,eth,1787904000000,1700.0,call,48.78,0.103008,0.098,0.107,1878.45,1002.0
1786570390,eth,1786608000000,2000.0,put,58.68,0.065966,0.029,0.11,1876.25,80.0
1786570390,eth,1790323200000,1000.0,put,83.15,0.001005,0.0008,0.001,1881.22,9682.0
1786570390,eth,1786867200000,1840.0,call,36.28,0.025882,0.0013,0.063,1876.9,0.0
1786570390,eth,1786608000000,1700.0,put,73.07,0.0,,0.0001,1876.25,366.0
1786570390,eth,1790323200000,1000.0,call,83.15,0.469424,0.4465,0.4935,1881.21,125.0
1786570390,eth,1786608000000,2100.0,put,62.47,0.11926,0.076,0.1665,1876.25,0.0
1786570390,eth,1786780800000,2020.0,put,44.71,0.076661,0.035,0.1225,1876.72,10.0
1786570390,eth,1793347200000,1850.0,call,51.26,0.103588,0.1025,0.1045,1886.29,767.0
1786570390,eth,1813910400000,3800.0,put,57.82,1.003379,0.9905,1.062,1932.26,2.0
1786570390,eth,1786780800000,1720.0,put,54.68,0.000412,0.0003,0.0006,1876.72,10.0
1786570390,eth,1798185600000,1800.0,call,53.82,0.153105,0.1515,0.1545,1895.01,2476.0
1786570390,eth,1786694400000,1950.0,call,38.33,0.000571,0.0004,0.0008,1876.47,10929.0
1786570390,eth,1798185600000,800.0,put,77.92,0.004045,0.0037,0.0044,1895.01,6142.0
1786570390,eth,1806048000000,4800.0,put,60.29,1.515757,1.414,1.6375,1913.54,0.0
1786570390,eth,1793347200000,2250.0,put,50.71,0.226358,0.193,0.2625,1886.31,1.0
1786570390,eth,1790323200000,5200.0,call,94.83,0.000139,0.0001,0.0003,1881.22,1681.0
1786570390,eth,1786780800000,2000.0,call,42.59,0.000477,0.0004,0.0007,1876.72,11.0
1786570390,eth,1787904000000,3400.0,call,84.51,1.9e-05,,0.0006,1878.43,600.0
1786570390,eth,1786867200000,1940.0,put,36.32,0.036979,0.0047,0.0805,1876.89,0.0
1786570390,eth,1786780800000,2100.0,call,56.74,0.000124,,0.0003,1876.72,17.0
1786570390,eth,1813910400000,3000.0,put,56.71,0.625614,0.5465,0.683,1932.26,63.0
1786570390,eth,1787904000000,2000.0,call,43.46,0.013134,0.0125,0.0135,1878.43,9505.0
1786570390,eth,1806048000000,800.0,put,73.13,0.010158,0.0095,0.0105,1913.54,2802.0
1786570390,eth,1793347200000,2300.0,call,50.86,0.028971,0.0285,0.0295,1886.29,603.0
1786570390,eth,1798185600000,1500.0,put,56.83,0.045142,0.0445,0.046,1895.01,16408.0
1786570390,eth,1798185600000,2000.0,put,52.99,0.160811,0.16,0.1625,1895.01,7972.0
1786570390,eth,1787299200000,1500.0,put,67.42,0.00046,0.0003,0.0005,1877.53,716.0
1786570390,eth,1787904000000,2200.0,put,46.78,0.173375,0.1685,0.1795,1878.45,681.0
1786570390,eth,1806048000000,4200.0,call,58.62,0.012047,0.011,0.013,1913.54,2820.0
1786570390,eth,1798185600000,800.0,call,77.92,0.581884,0.562,0.6065,1895.01,171.0
1786570390,eth,1806048000000,4500.0,call,59.4,0.00923,0.0085,0.01,1913.56,2399.0
1786570390,eth,1798185600000,5500.0,call,66.36,0.000852,0.0006,0.0012,1895.02,1617.0
1786570390,eth,1798185600000,4000.0,call,59.26,0.003552,0.0032,0.0039,1895.01,16977.0
1786570390,eth,1793347200000,1000.0,call,74.23,0.473019,0.449,0.5,1886.29,0.0
1786570390,eth,1786780800000,2040.0,put,45.99,0.087189,0.0455,0.1335,1876.72,0.0
1786570390,eth,1790323200000,9000.0,put,100.09,3.784232,3.5995,3.9825,1881.22,0.0
1786570390,eth,1786694400000,1800.0,call,43.05,0.041448,0.0285,0.079,1876.47,60.0
1786570390,eth,1790323200000,1200.0,call,70.54,0.364548,0.3365,0.395,1881.21,138.0
1786570390,eth,1787904000000,1700.0,put,48.78,0.008019,0.0075,0.0085,1878.43,8619.0
1786570390,eth,1790323200000,2300.0,put,48.99,0.233325,0.227,0.2415,1881.22,1089.0
1786570390,eth,1813910400000,2100.0,put,56.72,0.263335,0.2595,0.2685,1932.26,87.0
1786570390,eth,1798185600000,1000.0,call,69.68,0.480923,0.454,0.5135,1895.01,54.0
1786570390,eth,1798185600000,2800.0,put,53.99,0.500096,0.49,0.5115,1895.01,2141.0
1786570390,eth,1790323200000,3000.0,call,57.64,0.000797,0.0006,0.001,1881.22,28577.0
1786570390,eth,1786867200000,1980.0,call,37.75,0.001205,0.0011,0.0015,1876.89,714.0
1786570390,eth,1790323200000,4000.0,put,74.58,1.126506,1.0445,1.216,1881.22,140.0
1786570390,eth,1786694400000,2050.0,call,55.21,6.1e-05,,0.0001,1876.47,3183.0
1786570390,eth,1786867200000,2060.0,call,44.29,0.000242,0.0001,0.0004,1876.89,0.0
1786570390,eth,1793347200000,1800.0,put,51.66,0.072016,0.0715,0.073,1886.29,953.0
1786570390,eth,1790323200000,6500.0,put,99.33,2.455301,2.3215,2.5995,1881.21,0.0
1786570390,eth,1798185600000,4400.0,put,61.21,1.324134,1.233,1.429,1895.02,20.0
1786570390,eth,1787904000000,2200.0,call,46.78,0.002184,0.002,0.0024,1878.43,8611.0
1786570390,eth,1790323200000,3400.0,call,64.5,0.000359,0.0003,0.0006,1881.22,7035.0
1786570390,eth,1790323200000,5800.0,put,99.33,2.083251,1.9645,2.213,1881.21,0.0
1786570390,eth,1790323200000,4400.0,put,82.7,1.339136,1.249,1.4385,1881.21,281.0
1786570390,eth,1787904000000,2350.0,put,51.16,0.251746,0.203,0.3065,1878.45,100.0
1786570390,eth,1786694400000,1960.0,put,39.46,0.044924,0.0285,0.0885,1876.48,0.0
1786570390,eth,1813910400000,1200.0,call,62.24,0.43047,0.405,0.474,1932.26,55.0
1786570390,eth,1793347200000,1200.0,call,65.5,0.37104,0.34,0.4055,1886.29,0.0
1786570390,eth,1793347200000,1700.0,call,52.73,0.150049,0.1465,0.152,1886.31,51.0
1786570390,eth,1798185600000,1300.0,put,60.67,0.024025,0.0235,0.0245,1895.01,1974.0
1786570390,eth,1790323200000,2600.0,call,51.86,0.002928,0.0029,0.0032,1881.22,10910.0
1786570390,eth,1798185600000,7000.0,put,72.72,2.694276,2.5515,2.851,1895.01,0.0
1786570390,eth,1786608000000,1900.0,call,29.37,0.000527,0.0004,0.0008,1876.25,1871.0
1786570390,eth,1806048000000,1200.0,put,62.27,0.0346,0.0335,0.0355,1913.54,1237.0
1786570390,eth,1813910400000,4000.0,call,58.14,0.031458,0.03,0.0325,1932.28,4059.0
1786570390,eth,1790323200000,7000.0,put,99.33,2.721078,2.5775,2.876,1881.22,0.0
1786570390,eth,1786867200000,1800.0,put,39.32,0.002581,0.0022,0.0029,1876.89,13.0
1786570390,eth,1786867200000,2100.0,call,48.03,0.00013,0.0001,0.0004,1876.89,122.0
1786570390,eth,1790323200000,1900.0,call,48.3,0.061854,0.0615,0.0625,1881.22,10960.0
1786570390,eth,1798185600000,2300.0,call,52.83,0.058775,0.058,0.0595,1895.01,7638.0
1786570390,eth,1786867200000,2040.0,call,42.42,0.000341,0.0002,0.0006,1876.89,0.0
1786570390,eth,1806048000000,1800.0,call,56.0,0.200257,0.1975,0.2035,1913.54,3788.0
1786570390,eth,1787904000000,2050.0,call,44.04,0.008413,0.008,0.009,1878.43,4352.0
1786570390,eth,1793347200000,3000.0,put,55.19,0.594848,0.5305,0.671,1886.29,72.0
1786570390,eth,1787904000000,1800.0,call,44.98,0.060763,0.056,0.063,1878.45,6075.0
1786570390,eth,1786694400000,1940.0,call,37.36,0.000833,0.0007,0.0011,1876.47,533.0
1786570390,eth,1786867200000,1740.0,put,46.82,0.000866,0.0007,0.0011,1876.89,1000.0
1786570390,eth,1813910400000,1900.0,call,57.23,0.216774,0.2145,0.219,1932.26,118.0
1786570390,eth,1806048000000,3700.0,call,57.28,0.019514,0.0185,0.0205,1913.54,1475.0
1786570390,eth,1806048000000,5000.0,call,60.88,0.006295,0.0055,0.007,1913.54,1887.0
1786570390,eth,1806048000000,2000.0,put,55.35,0.19957,0.198,0.2015,1913.54,1508.0
1786570390,eth,1786694400000,2400.0,call,76.35,0.0,,0.0001,1876.48,1543.0
1786570390,eth,1790323200000,2100.0,put,48.1,0.142916,0.1405,0.1475,1881.21,2716.0
1786570390,eth,1806048000000,1200.0,call,62.27,0.407483,0.386,0.4125,1913.54,69.0
1786570390,eth,1790323200000,2700.0,put,53.04,0.437253,0.4285,0.447,1881.22,527.0
1786570390,eth,1806048000000,2500.0,call,55.08,0.080067,0.0785,0.0815,1913.54,9272.0
1786570390,eth,1790323200000,16000.0,put,130.17,7.5053,7.177,7.858,1881.22,30.0
1786570390,eth,1787299200000,1500.0,call,67.42,0.201534,0.167,0.2345,1877.53,0.0
1786570390,eth,1786867200000,2050.0,call,43.17,0.000278,0.0002,0.0005,1876.89,2.0
1786570390,eth,1790323200000,2300.0,call,48.99,0.010691,0.0105,0.0115,1881.22,12432.0
1786570390,eth,1790323200000,1400.0,put,61.19,0.006655,0.006,0.007,1881.22,9829.0
1786570390,eth,1806048000000,1500.0,put,58.02,0.074672,0.0735,0.076,1913.54,3978.0
1786570390,eth,1787299200000,1950.0,put,40.45,0.048902,0.0455,0.0525,1877.53,896.0
1786570390,eth,1806048000000,4500.0,put,59.4,1.360917,1.264,1.478,1913.54,0.0
1786570390,eth,1786867200000,2000.0,put,39.21,0.06637,0.026,0.1115,1876.89,0.0
1786570390,eth,1813910400000,2700.0,put,56.46,0.494215,0.4885,0.553,1932.26,0.0
1786570390,eth,1790323200000,1600.0,call,53.5,0.167246,0.163,0.1715,1881.22,3575.0
1786570390,eth,1786608000000,1940.0,put,37.45,0.033992,0.0165,0.0765,1876.25,2.0
1786570390,eth,1806048000000,3000.0,put,55.71,0.610507,0.601,0.622,1913.54,352.0
1786570390,eth,1813910400000,2900.0,call,56.6,0.08009,0.0785,0.0815,1932.26,61.0
1786570390,eth,1786780800000,1820.0,call,40.18,0.033261,0.024,0.066,1876.72,50.0
1786570390,eth,1813910400000,1700.0,put,57.95,0.145267,0.1435,0.147,1932.26,2962.0
1786570390,eth,1798185600000,5200.0,put,65.77,1.74524,1.6385,1.8655,1895.02,0.0
1786570390,eth,1793347200000,1200.0,put,65.5,0.007209,0.0065,0.0075,1886.31,2259.0
1786570390,eth,1798185600000,4800.0,call,63.19,0.001524,0.0012,0.0018,1895.01,2770.0
1786570390,eth,1786694400000,1600.0,put,88.57,3.1e-05,,0.0001,1876.47,5548.0
1786570390,eth,1813910400000,2000.0,put,56.95,0.230726,0.229,0.233,1932.26,195.0
1786570390,eth,1806048000000,1500.0,call,58.02,0.290782,0.2615,0.295,1913.54,244.0
1786570390,eth,1786694400000,1750.0,put,53.09,0.00021,0.0001,0.0003,1876.47,11201.0
1786570390,eth,1786780800000,2100.0,put,56.74,0.119103,0.0765,0.167,1876.72,0.0
1786570390,eth,1798185600000,2700.0,put,53.66,0.45192,0.443,0.4625,1895.01,446.0
1786570390,eth,1790323200000,3800.0,call,70.91,0.000204,0.0001,0.0004,1881.21,2047.0
1786570390,eth,1786608000000,1900.0,put,29.37,0.01319,0.009,0.018,1876.25,786.0
1786570390,eth,1790323200000,7500.0,call,99.33,4e-06,,0.0002,1881.22,1322.0
1786570390,eth,1790323200000,6800.0,put,99.33,2.614766,2.4755,2.7655,1881.21,0.0
1786570390,eth,1787299200000,1950.0,call,40.45,0.0103,0.01,0.011,1877.53,4799.0
1786570390,eth,1786694400000,2000.0,put,46.19,0.065988,0.0285,0.111,1876.47,73.0
1786570390,eth,1786694400000,1950.0,put,38.33,0.039766,0.035,0.0445,1876.48,3268.0
1786570390,eth,1786608000000,1860.0,call,32.39,0.010049,0.009,0.0105,1876.25,222.0
1786570390,eth,1786780800000,1960.0,put,39.65,0.045762,0.038,0.0715,1876.72,0.0
1786570390,eth,1786867200000,1920.0,put,35.74,0.028376,0.0018,0.0705,1876.89,0.0
1786570390,eth,1790323200000,3300.0,call,63.37,0.000462,0.0003,0.0008,1881.21,17701.0
1786570390,eth,1793347200000,1950.0,put,50.74,0.113041,0.112,0.1145,1886.29,414.0
1786570390,eth,1798185600000,7000.0,call,72.72,0.000364,0.0003,0.0006,1895.01,2825.0
1786570390,eth,1806048000000,3300.0,call,56.28,0.02999,0.029,0.031,1913.54,1910.0
1786570390,eth,1786608000000,1820.0,call,49.52,0.030228,0.0135,0.0675,1876.25,0.0
1786570390,eth,1787904000000,2250.0,call,48.11,0.001451,0.0013,0.0016,1878.43,2907.0
1786570390,eth,1798185600000,1800.0,put,53.82,0.102968,0.102,0.104,1895.01,5612.0
1786570390,eth,1787299200000,1400.0,call,81.32,0.254649,0.2235,0.285,1877.53,0.0
1786570390,eth,1790323200000,2200.0,put,48.42,0.186372,0.18,0.1925,1881.22,5506.0
1786570390,eth,1786867200000,2040.0,put,42.42,0.087251,0.0455,0.1335,1876.89,0.0
1786570390,eth,1813910400000,1400.0,put,59.87,0.081246,0.08,0.0825,1932.26,1784.0
1786570390,eth,1798185600000,1300.0,call,60.67,0.338013,0.3175,0.364,1895.01,50.0
1786570390,eth,1786694400000,1840.0,put,36.59,0.002476,0.0022,0.0028,1876.47,693.0
1786570390,eth,1786608000000,1940.0,call,37.45,2e-05,,0.0001,1876.25,517.0
1786570390,eth,1790323200000,3200.0,put,60.93,0.701562,0.6915,0.7115,1881.22,1323.0
1786570390,eth,1787904000000,2600.0,call,58.96,0.000161,,0.0005,1878.45,6178.0
1786570390,eth,1806048000000,3000.0,call,55.71,0.042716,0.0415,0.044,1913.54,4700.0
1786570390,eth,1813910400000,1600.0,call,58.46,0.29336,0.287,0.2985,1932.28,367.0
1786570390,eth,1790323200000,1200.0,put,70.54,0.002445,0.0022,0.0024,1881.22,11247.0
1786570390,eth,1798185600000,5000.0,call,64.15,0.001279,0.001,0.0016,1895.01,4539.0
1786570390,eth,1786608000000,1980.0,call,50.05,5e-06,,0.0001,1876.25,534.0
1786570390,eth,1786867200000,1750.0,call,45.36,0.068611,0.0305,0.105,1876.89,0.0
1786570390,eth,1806048000000,2900.0,put,55.55,0.563793,0.555,0.574,1913.56,258.0
1786570390,eth,1793347200000,1700.0,put,52.73,0.051288,0.0505,0.052,1886.29,482.0
1786570390,eth,1813910400000,4500.0,call,58.93,0.021746,0.0205,0.023,1932.26,1246.0
1786570390,eth,1786867200000,1700.0,put,52.59,0.000483,0.0003,0.0006,1876.89,208.0
1786570390,eth,1798185600000,1900.0,put,53.33,0.130038,0.129,0.131,1895.01,5087.0
1786570390,eth,1786780800000,1860.0,call,37.68,0.017189,0.016,0.0175,1876.72,110.0
1786570390,eth,1790323200000,4500.0,call,83.01,0.000143,0.0001,0.0004,1881.22,8442.0
1786570390,eth,1786867200000,1920.0,call,35.74,0.005403,0.005,0.006,1876.89,126.0
1786570390,eth,1787299200000,2000.0,put,41.21,0.070531,0.063,0.092,1877.53,1.0
1786570390,eth,1787904000000,1100.0,put,94.57,0.000133,,0.0013,1878.45,2239.0
1786570390,eth,1786608000000,2040.0,call,62.15,0.0,,0.0001,1876.25,127.0
1786570390,eth,1806048000000,4400.0,put,59.2,1.309551,1.23,1.4175,1913.54,0.0
1786570390,eth,1790323200000,7200.0,call,99.33,7e-06,,0.0002,1881.21,1160.0
1786570390,eth,1787904000000,1550.0,call,57.94,0.177279,0.1415,0.2135,1878.45,149.0
1786570390,eth,1786608000000,1800.0,call,55.48,0.040736,0.011,0.0775,1876.25,0.0
1786570390,eth,1813910400000,3200.0,call,56.93,0.060924,0.0595,0.0625,1932.26,283.0
1786570390,eth,1793347200000,1600.0,put,54.33,0.035667,0.035,0.0365,1886.29,1903.0
1786570390,eth,1786694400000,1850.0,put,35.69,0.003542,0.0032,0.0039,1876.47,3178.0
1786570390,eth,1787904000000,3200.0,call,81.98,4.7e-05,,0.0011,1878.45,1074.0
1786570390,eth,1786694400000,1880.0,put,35.02,0.009742,0.009,0.0105,1876.47,1507.0
1786570390,eth,1790323200000,7000.0,call,99.33,1e-05,,0.0001,1881.22,2033.0
1786570390,eth,1790323200000,11000.0,put,110.93,4.847394,4.622,5.09,1881.22,0.0
1786570390,eth,1787904000000,1000.0,call,96.31,0.467669,0.4455,0.4885,1878.43,50.0
1786570390,eth,1790323200000,6600.0,call,99.33,1.9e-05,,0.0002,1881.22,1414.0
1786570390,eth,1790323200000,3300.0,put,63.37,0.75468,0.687,0.83,1881.21,3.0
1786570390,eth,1786780800000,1880.0,call,37.43,0.011353,0.0105,0.012,1876.72,283.0
1786570390,eth,1787299200000,2200.0,put,48.22,0.172189,0.127,0.2225,1877.53,11.0
1786570390,eth,1806048000000,1000.0,call,66.95,0.496863,0.492,0.5015,1913.54,270.0
1786570390,eth,1786608000000,2020.0,put,61.0,0.076623,0.035,0.1215,1876.25,0.0
1786570390,eth,1793347200000,1600.0,call,54.33,0.187441,0.183,0.192,1886.29,68.0
1786570390,eth,1813910400000,1500.0,call,59.07,0.323729,0.289,0.375,1932.28,52.0
1786570390,eth,1786608000000,1920.0,call,31.9,7.4e-05,,0.0003,1876.25,612.0
1786570390,eth,1790323200000,8000.0,call,99.33,2e-06,,0.0002,1881.22,1092.0
1786570390,eth,1787299200000,1750.0,call,46.07,0.073504,0.066,0.0805,1877.53,53.0
1786570390,eth,1798185600000,6500.0,put,70.79,2.430531,2.298,2.577,1895.01,0.0
1786570390,eth,1806048000000,3100.0,call,55.88,0.037855,0.0365,0.039,1913.54,1656.0
1786570390,eth,1790323200000,4200.0,put,78.81,1.232822,1.147,1.3275,1881.21,551.0
1786570390,eth,1806048000000,3600.0,call,57.0,0.021617,0.021,0.0225,1913.54,2214.0
1786570390,eth,1786780800000,2050.0,put,47.6,0.092499,0.0505,0.139,1876.72,0.0
1786570390,eth,1790323200000,2400.0,put,49.76,0.282597,0.276,0.291,1881.21,2064.0
1786570390,eth,1806048000000,3400.0,put,56.54,0.8037,0.7915,0.8465,1913.54,6.0
1786570390,eth,1790323200000,2900.0,put,56.07,0.542636,0.4825,0.61,1881.22,49.0
1786570390,eth,1786867200000,2060.0,put,44.29,0.097808,0.056,0.144,1876.9,0.0
1786570390,eth,1790323200000,15000.0,call,127.3,0.0,,0.0001,1881.22,878.0
1786570390,eth,1787904000000,2150.0,put,45.65,0.147953,0.1385,0.168,1878.45,66.0
1786570390,eth,1790323200000,5600.0,call,99.33,0.000115,,0.0002,1881.22,7164.0
1786570390,eth,1793347200000,1400.0,call,59.09,0.27427,0.269,0.316,1886.29,50.0
1786570390,eth,1798185600000,2600.0,call,53.37,0.032775,0.032,0.0335,1895.01,6519.0
1786570390,eth,1786780800000,1740.0,put,51.01,0.000551,0.0004,0.0008,1876.72,112.0
1786570390,eth,1786608000000,1880.0,call,29.26,0.003116,0.0027,0.0036,1876.25,911.0
1786570390,eth,1813910400000,2400.0,call,56.43,0.130223,0.1285,0.132,1932.26,669.0
1786570390,eth,1813910400000,5000.0,call,59.82,0.015645,0.0145,0.0165,1932.26,583.0
1786570390,eth,1806048000000,2700.0,call,55.25,0.061917,0.0605,0.063,1913.54,3047.0
1786570390,eth,1813910400000,2500.0,put,56.43,0.411772,0.364,0.4635,1932.26,6.0
1786570390,eth,1786694400000,1880.0,call,35.02,0.007861,0.007,0.0085,1876.47,1644.0
1786570390,eth,1790323200000,3000.0,put,57.64,0.595541,0.586,0.607,1881.22,7526.0
1786570390,eth,1786694400000,1700.0,call,64.42,0.094125,0.0565,0.1295,1876.48,5.0
1786570390,eth,1786608000000,2050.0,call,62.2,0.0,,0.0001,1876.25,115.0
1786570390,eth,1793347200000,1850.0,put,51.26,0.084349,0.0835,0.0855,1886.29,754.0
1786570390,eth,1787299200000,2000.0,call,41.21,0.005297,0.005,0.006,1877.53,11323.0
1786570390,eth,1798185600000,3600.0,put,57.54,0.905898,0.8285,0.9985,1895.02,93.0
1786570390,eth,1786780800000,1940.0,put,38.68,0.036157,0.027,0.072,1876.72,0.0
1786570390,eth,1790323200000,5000.0,call,91.6,0.000139,0.0001,0.0004,1881.21,4100.0
1786570390,eth,1786694400000,1940.0,put,37.36,0.0347,0.027,0.0645,1876.47,20.0
1786570390,eth,1813910400000,2200.0,call,56.58,0.159423,0.1575,0.1615,1932.28,1059.0
1786570390,eth,1787904000000,2250.0,put,48.11,0.19926,0.153,0.252,1878.45,27.0
1786570390,eth,1787904000000,1750.0,put,46.57,0.012339,0.0115,0.0125,1878.43,22992.0
1786570390,eth,1798185600000,3600.0,call,57.54,0.006171,0.0055,0.0065,1895.01,2230.0
1786570390,eth,1813910400000,900.0,call,67.78,0.557083,0.5455,0.5635,1932.26,0.0
1786570390,eth,1798185600000,9000.0,call,80.72,0.000207,0.0001,0.0004,1895.01,1905.0
1786570390,eth,1798185600000,4200.0,call,60.25,0.002804,0.0025,0.0032,1895.01,4354.0
1786570390,eth,1790323200000,2700.0,call,53.04,0.001984,0.0018,0.0022,1881.22,4151.0
1786570390,eth,1790323200000,11000.0,call,110.93,0.0,,0.0002,1881.21,2766.0
1786570390,eth,1786867200000,1860.0,call,35.44,0.018618,0.0175,0.0195,1876.89,0.0
1786570390,eth,1787904000000,2100.0,put,44.95,0.123362,0.1185,0.129,1878.43,1161.0
1786570390,eth,1790323200000,10000.0,put,105.8,4.315813,4.111,4.536,1881.22,0.0
1786570390,eth,1798185600000,2200.0,call,52.82,0.071605,0.0705,0.0725,1895.01,52532.0
1786570390,eth,1806048000000,2100.0,put,55.16,0.232736,0.2295,0.2385,1913.54,487.0
1786570390,eth,1813910400000,2500.0,call,56.43,0.11795,0.116,0.1195,1932.28,2980.0
1786570390,eth,1798185600000,4000.0,put,59.26,1.114359,1.031,1.2125,1895.01,223.0
1786570390,eth,1813910400000,800.0,put,70.4,0.016789,0.016,0.018,1932.26,683.0
1786570390,eth,1806048000000,6000.0,put,63.64,2.138885,2.0155,2.281,1913.54,1.0
1786570390,eth,1790323200000,3100.0,put,59.62,0.648558,0.5845,0.72,1881.22,0.0
1786570390,eth,1798185600000,1600.0,call,55.57,0.21636,0.2125,0.22,1895.01,621.0
1786570390,eth,1787299200000,1800.0,call,43.01,0.05132,0.0455,0.076,1877.53,232.0
1786570390,eth,1806048000000,3100.0,put,55.88,0.657903,0.648,0.703,1913.54,99.0
1786570390,eth,1813910400000,3400.0,put,57.2,0.810751,0.7325,0.865,1932.28,2.0
1786570390,eth,1786608000000,2020.0,call,61.0,1e-06,,0.0001,1876.25,266.0
1786570390,eth,1790323200000,13000.0,put,119.8,5.910556,5.644,6.197,1881.22,0.0
1786570390,eth,1798185600000,3800.0,put,58.6,1.010007,0.9295,1.1055,1895.01,26.0
1786570390,eth,1787299200000,1650.0,put,53.03,0.001746,0.0015,0.0019,1877.53,960.0
1786570390,eth,1813910400000,1200.0,put,62.24,0.051504,0.0505,0.0525,1932.28,471.0
1786570390,eth,1790323200000,1300.0,put,65.68,0.004049,0.0038,0.0042,1881.22,3429.0
1786570390,eth,1790323200000,1400.0,call,61.19,0.262443,0.2575,0.2665,1881.22,1550.0
1786570390,eth,1787904000000,1450.0,put,65.29,0.00121,0.001,0.0014,1878.43,8684.0
1786570390,eth,1787904000000,3200.0,put,81.98,0.703597,0.6385,0.775,1878.45,5.0
1786570390,eth,1806048000000,5500.0,call,62.18,0.00442,0.0044,0.0048,1913.56,2465.0
1786570390,eth,1790323200000,3600.0,put,68.41,0.913984,0.9025,0.926,1881.22,907.0
1786570390,eth,1790323200000,1300.0,call,65.68,0.312994,0.282,0.3465,1881.21,69.0
1786570390,eth,1786867200000,2000.0,call,39.21,0.000772,0.0006,0.001,1876.89,113.0
1786570390,eth,1798185600000,1600.0,put,55.57,0.060683,0.06,0.0615,1895.01,7409.0
1786570390,eth,1793347200000,2050.0,put,50.54,0.146731,0.1435,0.1795,1886.29,48.0
1786570390,eth,1786608000000,1840.0,put,39.71,0.000474,0.0002,0.0006,1876.25,1956.0
1786570390,eth,1786780800000,1980.0,put,41.06,0.055843,0.0295,0.0905,1876.72,0.0
1786570390,eth,1798185600000,11000.0,call,89.39,0.000201,0.0001,0.0003,1895.01,2143.0
1786570390,eth,1813910400000,1000.0,call,65.65,0.51307,0.5065,0.543,1932.26,57.0
1786570390,eth,1813910400000,2300.0,put,56.49,0.334369,0.3305,0.3405,1932.26,85.0
1786570390,eth,1793347200000,2400.0,put,51.25,0.293988,0.2855,0.3195,1886.29,10.0
1786570390,eth,1786780800000,1750.0,put,49.55,0.000668,0.0005,0.0007,1876.72,11.0
1786570390,eth,1787299200000,1800.0,put,43.01,0.01003,0.0095,0.0105,1877.53,711.0
1786570390,eth,1786694400000,1860.0,put,35.29,0.00509,0.0047,0.0055,1876.47,975.0
1786570390,eth,1787904000000,1500.0,put,61.49,0.001697,0.0015,0.0019,1878.43,5467.0
1786570390,eth,1787904000000,2100.0,call,44.95,0.005408,0.005,0.006,1878.43,8780.0
1786570390,eth,1813910400000,3200.0,put,56.93,0.717016,0.7075,0.776,1932.26,0.0
1786570390,eth,1787299200000,2400.0,put,58.6,0.278371,0.229,0.3325,1877.53,0.0
1786570390,eth,1790323200000,9000.0,call,100.09,0.0,,0.0005,1881.22,1519.0
1786570390,eth,1813910400000,2100.0,call,56.72,0.176525,0.1745,0.1785,1932.26,15.0
1786570390,eth,1793347200000,1950.0,call,50.74,0.079266,0.0785,0.08,1886.29,212.0
1786570390,eth,1806048000000,3200.0,call,56.05,0.033615,0.0325,0.0345,1913.54,1244.0
1786570390,eth,1786867200000,1980.0,put,37.74,0.056147,0.017,0.101,1876.89,10.0
1786570390,eth,1798185600000,3800.0,call,58.59,0.00474,0.0042,0.005,1895.01,2914.0
1786570390,eth,1790323200000,4800.0,call,88.22,0.000139,0.0001,0.0012,1881.21,1853.0
1786570390,eth,1806048000000,2400.0,call,55.04,0.09121,0.0895,0.0925,1913.54,1877.0
1786570390,eth,1786867200000,1880.0,put,35.37,0.014543,0.014,0.015,1876.89,132.0
1786570390,eth,1806048000000,4000.0,put,58.14,1.104964,1.0295,1.209,1913.54,0.0
1786570390,eth,1786780800000,1820.0,put,40.18,0.003042,0.0027,0.0033,1876.72,2701.0
1786570390,eth,1787299200000,2100.0,put,43.7,0.119827,0.0765,0.169,1877.53,10.0
1786570390,eth,1787904000000,1200.0,put,84.84,0.000225,,0.0005,1878.43,7119.0
1786570390,eth,1790323200000,4000.0,call,74.58,0.000181,0.0001,0.015,1881.22,12153.0
1786570390,eth,1790323200000,2100.0,call,48.1,0.0266,0.026,0.027,1881.22,6378.0
1786570390,eth,1798185600000,2500.0,put,53.12,0.358967,0.351,0.3675,1895.01,1075.0
1786570390,eth,1806048000000,4600.0,put,59.7,1.412465,1.3145,1.5315,1913.54,0.0
1786570390,eth,1806048000000,3700.0,put,57.28,0.953123,0.881,1.054,1913.54,0.0
1786570390,eth,1806048000000,2200.0,put,55.04,0.26822,0.265,0.2745,1913.54,1707.0
1786570390,eth,1798185600000,1700.0,call,54.54,0.182715,0.179,0.187,1895.01,368.0
1786570390,eth,1786608000000,1880.0,put,29.26,0.005114,0.0046,0.006,1876.25,1595.0
1786570390,eth,1790323200000,6000.0,call,99.33,5.6e-05,,0.0002,1881.21,3191.0
1786570390,eth,1786780800000,1700.0,call,57.62,0.094448,0.0565,0.1305,1876.72,0.0
1786570390,eth,1787904000000,1650.0,put,51.73,0.005375,0.0049,0.0055,1878.43,6860.0
1786570390,eth,1786608000000,1920.0,put,31.9,0.023397,0.0185,0.0295,1876.25,284.0
1786570390,eth,1786867200000,2200.0,call,48.39,5e-06,,,1876.89,20.0
1786570390,eth,1798185600000,3200.0,put,55.59,0.699898,0.6885,0.7145,1895.02,251.0
1786570390,eth,1790323200000,5400.0,call,98.56,0.000151,,0.0002,1881.22,1730.0
1786570390,eth,1798185600000,10000.0,call,85.4,0.000207,0.0001,0.0004,1895.01,1663.0
1786570390,eth,1786780800000,1700.0,put,57.62,0.000289,0.0002,0.0004,1876.72,1295.0
1786570390,eth,1787904000000,3000.0,call,75.18,6.7e-05,,0.0001,1878.45,1528.0
1786570390,eth,1813910400000,2800.0,call,56.51,0.088016,0.0865,0.0895,1932.26,1086.0
1786570390,eth,1790323200000,4800.0,put,88.22,1.551729,1.4535,1.6595,1881.22,110.0
1786570390,eth,1787904000000,2150.0,call,45.65,0.00338,0.0031,0.0037,1878.43,5060.0
1786570390,eth,1798185600000,5500.0,put,66.36,1.903212,1.791,2.029,1895.01,0.0
1786570390,eth,1790323200000,4200.0,call,78.81,0.000181,0.0001,0.0004,1881.21,2517.0
1786570390,eth,1787904000000,2500.0,put,55.63,0.331164,0.28,0.3885,1878.43,6.0
1786570390,eth,1813910400000,2800.0,put,56.51,0.537096,0.53,0.597,1932.26,0.0
1786570390,eth,1787904000000,1850.0,put,44.02,0.028764,0.028,0.0295,1878.43,2661.0
1786570390,eth,1786780800000,1800.0,call,42.45,0.042766,0.0345,0.0505,1876.72,0.0
1786570390,eth,1813910400000,2600.0,call,56.44,0.106868,0.105,0.1085,1932.26,288.0
1786570390,eth,1786608000000,2000.0,call,58.68,5e-06,,0.0001,1876.25,1846.0
1786570390,eth,1813910400000,1300.0,put,60.95,0.065186,0.064,0.0665,1932.26,1656.0
1786570390,eth,1806048000000,5500.0,put,62.18,1.878704,1.765,2.0125,1913.54,0.0
1786570390,eth,1786780800000,1960.0,call,39.65,0.001382,0.0012,0.0016,1876.72,113.0
1786570390,eth,1806048000000,1400.0,call,59.13,0.326971,0.299,0.3315,1913.54,57.0
1786570390,eth,1813910400000,2400.0,put,56.43,0.372292,0.325,0.426,1932.28,2.0
1786570390,eth,1786694400000,1820.0,call,39.42,0.031352,0.024,0.0385,1876.47,123.0
1786570390,eth,1786608000000,1960.0,call,45.41,1.3e-05,,0.0001,1876.25,824.0
1786570390,eth,1790323200000,1950.0,call,48.11,0.05063,0.05,0.0515,1881.22,3062.0
1786570390,eth,1786608000000,1980.0,put,50.05,0.055307,0.0285,0.099,1876.25,0.0
1786570390,eth,1786867200000,1940.0,call,36.32,0.00335,0.003,0.0037,1876.89,0.0
1786570390,eth,1806048000000,1600.0,put,57.13,0.093685,0.0925,0.0955,1913.54,1538.0
1786570390,eth,1813910400000,3800.0,call,57.82,0.03677,0.0355,0.038,1932.26,503.0
1786570390,eth,1786694400000,1600.0,call,88.57,0.147357,0.112,0.181,1876.47,0.0
1786570390,eth,1786867200000,2020.0,put,40.77,0.07676,0.0355,0.1225,1876.89,0.0
1786570390,eth,1793347200000,1500.0,call,56.38,0.229081,0.206,0.267,1886.29,50.0
1786570390,eth,1798185600000,2500.0,call,53.12,0.039713,0.039,0.0405,1895.01,27176.0
1786570390,eth,1793347200000,2800.0,call,53.69,0.007223,0.0065,0.008,1886.29,300.0
1786570390,eth,1787299200000,1400.0,put,81.32,0.000313,0.0002,0.0005,1877.53,282.0
1786570390,eth,1806048000000,2400.0,put,55.04,0.345443,0.3405,0.3525,1913.54,357.0
1786570390,eth,1787904000000,2350.0,call,51.16,0.000701,0.0006,0.0008,1878.43,4551.0
1786570390,eth,1787904000000,1550.0,put,57.94,0.002436,0.0022,0.0027,1878.43,5785.0
1786570390,eth,1798185600000,6000.0,put,68.63,2.166828,2.0445,2.303,1895.01,0.0
1786570390,eth,1806048000000,1700.0,call,56.51,0.227459,0.223,0.2315,1913.54,1337.0
1786570390,eth,1786867200000,1860.0,put,35.43,0.009622,0.009,0.01,1876.89,300.0
1786570390,eth,1813910400000,1000.0,put,65.65,0.030599,0.0295,0.0315,1932.26,4737.0
1786570390,eth,1787299200000,1850.0,put,41.23,0.018173,0.0175,0.019,1877.53,1657.0
1786570390,eth,1790323200000,2000.0,put,48.07,0.104326,0.101,0.1085,1881.22,13241.0
1786570390,eth,1787904000000,3800.0,put,84.51,1.022967,0.945,1.1075,1878.45,0.0
1786570390,eth,1786694400000,1800.0,put,43.05,0.000705,0.0005,0.0008,1876.47,2655.0
1786570390,eth,1798185600000,1400.0,put,58.56,0.033168,0.0325,0.034,1895.01,13754.0
1786570390,eth,1786867200000,1700.0,call,52.59,0.094725,0.057,0.1315,1876.9,0.0
1786570390,eth,1793347200000,2000.0,call,50.6,0.068997,0.0685,0.07,1886.29,741.0
1786570390,eth,1787904000000,1900.0,call,43.43,0.030372,0.0295,0.031,1878.43,6805.0
1786570390,eth,1786867200000,1750.0,put,45.36,0.001009,0.0008,0.0012,1876.89,0.0
1786570390,eth,1787904000000,2300.0,call,49.71,0.00101,0.0009,0.0011,1878.43,5808.0
1786570390,eth,1790323200000,1800.0,put,49.18,0.046772,0.046,0.0475,1881.22,9646.0
1786570390,eth,1798185600000,9000.0,put,80.72,3.749522,3.5665,3.9495,1895.01,0.0
1786570390,eth,1813910400000,3600.0,call,57.5,0.043223,0.042,0.0445,1932.28,2.0
1786570390,eth,1786780800000,1760.0,call,48.13,0.063007,0.0245,0.0995,1876.72,0.0
1786570390,eth,1813910400000,4000.0,put,58.14,1.101573,1.0885,1.1615,1932.26,0.0
1786570390,eth,1787299200000,2050.0,put,42.11,0.094467,0.0855,0.122,1877.53,0.0
1786570390,eth,1786608000000,1780.0,put,62.8,5.3e-05,,0.0002,1876.25,1442.0
1786570390,eth,1798185600000,4600.0,call,62.18,0.00183,0.0015,0.0022,1895.01,10789.0
1786570390,eth,1798185600000,10000.0,put,85.4,4.277224,4.0735,4.4995,1895.01,0.0
1786570390,eth,1806048000000,3200.0,put,56.05,0.705925,0.6955,0.7515,1913.54,20.0
1786570390,eth,1806048000000,2600.0,call,55.14,0.07033,0.069,0.0715,1913.54,3139.0
1786570390,eth,1790323200000,2500.0,call,50.7,0.004393,0.0041,0.0047,1881.22,24343.0
1786570390,eth,1813910400000,1700.0,call,57.95,0.265468,0.2595,0.2705,1932.28,659.0
1786570390,eth,1790323200000,2600.0,put,51.86,0.385039,0.3775,0.3945,1881.22,8390.0
1786570390,eth,1786780800000,1840.0,call,38.65,0.024616,0.019,0.039,1876.72,50.0
1786570390,eth,1787904000000,2300.0,put,49.71,0.225437,0.2195,0.2325,1878.45,1000.0
1786570390,eth,1798185600000,8000.0,call,75.88,0.000224,0.0002,0.0005,1895.02,2428.0
1786570390,eth,1813910400000,1600.0,put,58.46,0.121406,0.12,0.123,1932.26,1276.0
1786570390,eth,1793347200000,1900.0,call,50.96,0.090777,0.09,0.0915,1886.29,289.0
1786570390,eth,1798185600000,3100.0,put,55.13,0.649136,0.6365,0.7245,1895.02,0.0
1786570390,eth,1798185600000,6500.0,call,70.79,0.00047,0.0004,0.0007,1895.02,1766.0
1786570390,eth,1787904000000,1000.0,put,96.31,2.8e-05,,0.0001,1878.45,2979.0
1786570390,eth,1806048000000,3800.0,call,57.53,0.01761,0.0165,0.0185,1913.54,1162.0
1786570390,eth,1790323200000,1500.0,put,57.05,0.010863,0.01,0.0115,1881.22,12826.0
1786570390,eth,1798185600000,2400.0,put,52.94,0.314761,0.309,0.322,1895.02,1716.0
1786570390,eth,1790323200000,1950.0,put,48.11,0.087197,0.0855,0.089,1881.22,178.0
1786570390,eth,1786694400000,1900.0,call,35.08,0.003941,0.0036,0.0043,1876.47,2377.0
1786570390,eth,1793347200000,3200.0,put,56.83,0.699297,0.632,0.7775,1886.29,0.0
1786570390,eth,1793347200000,1400.0,put,59.09,0.016468,0.0155,0.017,1886.29,2633.0
1786570390,eth,1806048000000,2300.0,put,55.01,0.305903,0.3015,0.312,1913.54,1583.0
1786570390,eth,1786780800000,1800.0,put,42.45,0.001891,0.0016,0.0021,1876.72,17.0
1786570390,eth,1806048000000,1700.0,put,56.51,0.115866,0.1145,0.1175,1913.54,1510.0
1786570390,eth,1786780800000,1920.0,put,38.0,0.027296,0.022,0.0595,1876.72,64.0
1786570390,eth,1790323200000,12000.0,call,115.57,0.0,,0.0002,1881.22,1341.0
1786570390,eth,1813910400000,2900.0,put,56.6,0.580923,0.505,0.6375,1932.28,3.0
1786570390,eth,1786694400000,1860.0,call,35.29,0.01386,0.013,0.0145,1876.48,170.0
1786570390,eth,1793347200000,2150.0,call,50.56,0.044982,0.044,0.0455,1886.29,758.0
1786570390,eth,1787904000000,1400.0,call,69.25,0.255572,0.224,0.287,1878.43,100.0
1786570390,eth,1787904000000,2800.0,call,67.68,0.000103,,0.0004,1878.45,5427.0
1786570390,eth,1786608000000,1950.0,call,41.63,1.7e-05,,0.0001,1876.25,0.0
1786570390,eth,1806048000000,4200.0,put,58.62,1.206955,1.1295,1.3125,1913.54,1.0
1786570390,eth,1786867200000,1740.0,call,46.82,0.073796,0.035,0.111,1876.89,0.0
1786570390,eth,1786608000000,1780.0,call,62.8,0.051347,0.029,0.0875,1876.25,0.0
1786570390,eth,1790323200000,5800.0,call,99.33,8e-05,,0.0002,1881.22,4885.0
1786570390,eth,1798185600000,1900.0,call,53.33,0.127405,0.126,0.129,1895.01,3882.0
1786570390,eth,1806048000000,1000.0,put,66.95,0.01946,0.0185,0.02,1913.54,7536.0
1786570390,eth,1813910400000,3500.0,put,57.38,0.858421,0.8475,0.871,1932.26,303.0
1786570390,eth,1787904000000,1750.0,call,46.57,0.08071,0.0765,0.0845,1878.45,4211.0
1786570390,eth,1786867200000,1820.0,put,37.51,0.00397,0.0036,0.0042,1876.89,354.0
1786570390,eth,1793347200000,1750.0,call,52.13,0.133226,0.13,0.1365,1886.31,102.0
1786570390,eth,1786608000000,2040.0,put,62.15,0.087281,0.046,0.1325,1876.25,0.0
1786570390,eth,1793347200000,1750.0,put,52.13,0.060973,0.0605,0.0615,1886.29,389.0
1786570390,eth,1786780800000,1720.0,call,54.68,0.083915,0.0455,0.1205,1876.72,0.0
1786570390,eth,1813910400000,3400.0,call,57.2,0.051153,0.05,0.0525,1932.26,205.0
1786570390,eth,1806048000000,2800.0,put,55.39,0.517886,0.454,0.5575,1913.56,12.0
1786570390,eth,1786608000000,2060.0,put,62.35,0.097941,0.0555,0.144,1876.25,0.0
1786570390,eth,1798185600000,2400.0,call,52.94,0.048277,0.0475,0.049,1895.01,12157.0
1786570390,eth,1787299200000,2200.0,call,48.22,0.000431,0.0003,0.0006,1877.53,1617.0
1786570390,eth,1798185600000,1700.0,put,54.54,0.079809,0.079,0.0805,1895.01,13928.0
1786570390,eth,1790323200000,8500.0,put,99.33,3.518441,3.344,3.706,1881.22,0.0
1786570390,eth,1793347200000,1500.0,put,56.38,0.024293,0.0235,0.025,1886.29,1499.0
1786570390,eth,1786780800000,1840.0,put,38.65,0.005054,0.0047,0.0055,1876.72,281.0
1786570390,eth,1786608000000,2060.0,call,62.35,0.0,,0.0001,1876.25,1130.0
1786570390,eth,1786867200000,2020.0,call,40.77,0.000506,0.0004,0.0008,1876.89,15.0
1786570390,eth,1786867200000,1780.0,put,41.5,0.001723,0.0014,0.002,1876.89,3.0
1786570390,eth,1790323200000,2400.0,call,49.76,0.006803,0.0065,0.0075,1881.22,12763.0
1786570390,eth,1786867200000,1900.0,put,35.3,0.020773,0.0006,0.062,1876.9,131.0
1786570390,eth,1806048000000,2900.0,call,55.55,0.048261,0.047,0.0495,1913.56,1948.0
1786570390,eth,1798185600000,6000.0,call,68.63,0.000618,0.0006,0.0009,1895.02,10395.0
1786570390,eth,1793347200000,2800.0,put,53.69,0.491619,0.4445,0.5355,1886.29,0.0
1786570390,eth,1813910400000,2200.0,put,56.58,0.297986,0.293,0.3035,1932.26,111.0
1786570390,eth,1787904000000,1650.0,call,51.73,0.126982,0.122,0.1305,1878.45,1604.0
1786570390,eth,1787904000000,1100.0,call,94.57,0.414537,0.39,0.4385,1878.43,50.0
1786570390,eth,1813910400000,800.0,call,70.4,0.602766,0.5775,0.637,1932.26,117.0
1786570390,eth,1787299200000,1600.0,put,57.31,0.001047,0.0009,0.0012,1877.53,3150.0
