snap_ts,asset,expiry_ms,strike,opt_type,mark_iv,mark_price,bid,ask,underlying_price,open_interest
1791133833,btc,1795766400000,73000.0,put,39.61,0.01004093,0.0095,0.0105,85956.4,64.3
1791133833,btc,1798185600000,104000.0,call,37.8,0.01498467,0.0145,0.0155,86292.54,174.4
1791133833,btc,1821772800000,60000.0,call,42.74,0.36214667,0.36,0.364,89734.45,0.0
1791133833,btc,1791446400000,86000.0,call,30.74,0.00888301,0.0085,0.0095,85363.88,5.0
1791133833,btc,1791360000000,78000.0,call,48.14,0.08636477,0.0845,0.0885,85357.42,0.0
1791133833,btc,1795766400000,70000.0,call,42.12,0.192643,0.1905,0.196,85956.4,3.3
1791133833,btc,1792137600000,88000.0,put,33.41,0.04195428,0.041,0.0425,85448.61,0.2
1791133833,btc,1791360000000,91000.0,call,40.23,0.0004103,0.0003,0.0005,85357.42,0.3
1791133833,btc,1791446400000,86000.0,put,30.74,0.01634254,0.0155,0.017,85363.29,0.0
1791133833,btc,1791532800000,81000.0,put,34.31,0.00150163,0.0014,0.0016,85368.76,1118.2
1791133833,btc,1793347200000,106000.0,put,42.95,0.23953346,0.2355,0.242,85618.67,0.0
1791133833,btc,1793347200000,90000.0,put,34.14,0.06807116,0.0665,0.069,85619.26,43.1
1791133833,btc,1792137600000,75000.0,put,40.26,0.00092381,0.0009,0.001,85448.61,108.7
1791133833,btc,1813910400000,105000.0,put,38.64,0.25367746,0.245,0.2645,88579.93,2.1
1791133833,btc,1806048000000,112000.0,put,38.48,0.30937958,0.3025,0.3185,87402.12,0.1
1791133833,btc,1798185600000,58000.0,call,50.25,0.33165448,0.3295,0.3345,86292.54,40.3
1791133833,btc,1793347200000,79000.0,call,35.2,0.08692145,0.085,0.0905,85618.67,268.9
1791133833,btc,1795766400000,112000.0,call,41.53,0.00362632,0.0034,0.0039,85955.81,8.8
1791133833,btc,1791532800000,85000.0,call,31.38,0.01631047,0.016,0.017,85368.76,575.9
1791133833,btc,1813910400000,90000.0,call,38.49,0.12308157,0.122,0.1245,88579.93,749.8
1791133833,btc,1791273600000,82000.0,put,34.98,0.0004045,0.0003,0.0005,85338.95,5.5
1791133833,btc,1791273600000,75000.0,put,52.16,7.8e-07,,0.0001,85338.95,0.0
1791133833,btc,1806048000000,78000.0,call,38.25,0.16185481,0.161,0.163,87402.12,647.6
1791133833,btc,1791273600000,76000.0,call,52.16,0.10942409,0.1075,0.112,85338.36,0.0
1791133833,btc,1795766400000,68000.0,put,43.8,0.00551333,0.005,0.006,85955.81,182.2
1791133833,btc,1791446400000,77000.0,call,47.09,0.0981904,0.096,0.101,85363.88,0.0
1791133833,btc,1791187200000,81000.0,call,47.62,0.05074238,0.049,0.0535,85328.51,0.0
1791133833,btc,1791532800000,82000.0,call,32.38,0.04187749,0.04,0.045,85369.35,300.0
1791133833,btc,1791360000000,93000.0,put,45.41,0.08973458,0.0865,0.092,85357.42,0.0
1791133833,btc,1798185600000,95000.0,put,36.64,0.1338312,0.1285,0.1385,86292.54,143.5
1791133833,btc,1795766400000,81000.0,put,36.48,0.03010158,0.0295,0.0305,85956.4,355.2
1791133833,btc,1792742400000,79000.0,call,34.57,0.0823502,0.081,0.086,85526.11,0.0
1791133833,btc,1791532800000,78000.0,call,43.23,0.08688308,0.085,0.0895,85369.35,28.2
1791133833,btc,1791187200000,95000.0,call,45.4,0.0,,0.0001,85329.27,0.0
1791133833,btc,1813910400000,55000.0,put,45.09,0.01529043,0.0145,0.016,88579.34,36.9
1791133833,btc,1806048000000,96000.0,call,37.5,0.06544258,0.065,0.066,87402.12,280.8
1791133833,btc,1793347200000,60000.0,call,60.81,0.29986211,0.298,0.302,85619.26,13.7
1791133833,btc,1793347200000,76000.0,put,37.56,0.00528138,0.005,0.0055,85618.67,939.6
1791133833,btc,1791187200000,83500.0,call,32.32,0.02170612,0.02,0.0235,85329.27,9.2
1791133833,btc,1793347200000,45000.0,call,83.66,0.47449909,0.473,0.4755,85619.26,0.9
1791133833,btc,1793347200000,66000.0,call,51.48,0.23043268,0.2285,0.2325,85619.26,76.9
1791133833,btc,1821772800000,108000.0,call,38.91,0.08465879,0.083,0.0865,89734.45,0.0
1791133833,btc,1791360000000,84000.0,call,29.23,0.01972183,0.0175,0.0225,85356.83,0.3
1791133833,btc,1793347200000,58000.0,call,62.8,0.32302003,0.3215,0.325,85619.26,0.0
1791133833,btc,1798185600000,70000.0,put,40.94,0.012388,0.012,0.0125,86292.54,2340.2
1791133833,btc,1793347200000,90000.0,call,34.14,0.01689757,0.0165,0.0175,85619.26,14316.8
1791133833,btc,1795766400000,98000.0,call,36.96,0.01446561,0.014,0.015,85955.81,735.3
1791133833,btc,1798185600000,125000.0,call,43.33,0.00343145,0.0032,0.0037,86292.54,517.6
1791133833,btc,1813910400000,40000.0,put,54.46,0.0053368,0.0047,0.006,88579.34,1250.8
1791133833,btc,1791446400000,82500.0,call,31.14,0.03563121,0.0335,0.0385,85363.88,0.0
1791133833,btc,1793347200000,94000.0,put,35.34,0.10610205,0.103,0.109,85619.26,0.1
1791133833,btc,1791532800000,81000.0,call,34.31,0.05266778,0.051,0.055,85369.35,100.3
1791133833,btc,1791360000000,87500.0,put,31.73,0.02773712,0.0255,0.03,85356.83,0.0
1791133833,btc,1798185600000,100000.0,call,37.34,0.02142607,0.021,0.022,86291.95,5845.2
1791133833,btc,1821772800000,102000.0,put,38.82,0.23931245,0.2365,0.243,89734.45,0.0
1791133833,btc,1806048000000,62000.0,put,43.21,0.01525977,0.0145,0.016,87402.12,443.5
1791133833,btc,1791446400000,84500.0,put,29.56,0.00731313,0.007,0.0075,85363.29,0.0
1791133833,btc,1795766400000,80000.0,call,36.51,0.09541356,0.0945,0.0965,85955.81,1146.8
1791133833,btc,1792742400000,84000.0,call,32.69,0.03896742,0.0385,0.04,85526.7,20.1
1791133833,btc,1813910400000,135000.0,put,40.88,0.5472717,0.538,0.5595,88579.93,0.0
1791133833,btc,1813910400000,94000.0,put,38.43,0.16646059,0.1645,0.168,88579.93,0.1
1791133833,btc,1795766400000,92000.0,call,35.91,0.028403,0.028,0.029,85955.81,457.4
1791133833,btc,1798185600000,58000.0,put,50.25,0.00379165,0.0036,0.004,86292.54,1826.3
1791133833,btc,1793347200000,100000.0,put,38.83,0.17115567,0.167,0.174,85619.26,1.3
1791133833,btc,1791360000000,83000.0,put,30.46,0.001798,0.0017,0.002,85356.83,3.1
1791133833,btc,1798185600000,220000.0,call,66.61,0.00021041,0.0001,0.0004,86291.95,252.9
1791133833,btc,1806048000000,80000.0,call,38.06,0.14765938,0.1465,0.149,87402.12,1099.0
1791133833,btc,1798185600000,56000.0,put,52.78,0.00337538,0.0032,0.0035,86292.54,519.4
1791133833,btc,1798185600000,140000.0,call,47.75,0.00164285,0.0014,0.0019,86291.95,1418.5
1791133833,btc,1791273600000,95000.0,call,48.11,3.58e-06,,0.0001,85338.36,30.1
1791133833,btc,1791187200000,74000.0,put,59.47,0.0,,0.0001,85329.27,2.0
1791133833,btc,1793347200000,71000.0,call,44.05,0.17318223,0.171,0.1765,85619.26,944.4
1791133833,btc,1791187200000,79000.0,call,48.8,0.07415835,0.0725,0.076,85328.51,3.9
1791133833,btc,1793347200000,106000.0,call,42.95,0.00148457,0.0014,0.0015,85618.67,142.6
1791133833,btc,1798185600000,76000.0,put,38.24,0.02409119,0.0235,0.0245,86292.54,455.4
1791133833,btc,1798185600000,250000.0,call,71.26,0.00012301,,0.0002,86292.54,1282.4
1791133833,btc,1813910400000,85000.0,call,38.67,0.14908942,0.148,0.1505,88579.93,163.2
1791133833,btc,1813910400000,45000.0,put,50.71,0.00750641,0.007,0.008,88579.34,162.6
1791133833,btc,1813910400000,106000.0,call,38.68,0.06565732,0.0645,0.067,88579.34,18.6
1791133833,btc,1806048000000,70000.0,call,40.14,0.2284056,0.2215,0.2325,87402.12,770.5
1791133833,btc,1791532800000,92000.0,put,39.95,0.07861662,0.0755,0.081,85369.35,0.0
1791133833,btc,1791273600000,96000.0,call,48.11,9.8e-07,,0.0001,85338.36,0.1
1791133833,btc,1795766400000,92000.0,put,35.91,0.09873099,0.0975,0.1,85956.4,2.1
1791133833,btc,1793347200000,40000.0,put,94.14,5.388e-05,,0.0001,85619.26,226.8
1791133833,btc,1791273600000,83000.0,put,30.35,0.00077259,0.0007,0.0009,85338.36,88.5
1791133833,btc,1792137600000,82000.0,call,32.68,0.04841239,0.047,0.05,85448.61,17.8
1791133833,btc,1813910400000,108000.0,call,38.79,0.06081847,0.0595,0.062,88579.93,35.2
1791133833,btc,1791446400000,80000.0,call,38.22,0.06349304,0.0615,0.0665,85363.29,0.0
1791133833,btc,1792742400000,82000.0,call,33.09,0.05430997,0.053,0.056,85526.7,0.0
1791133833,btc,1813910400000,115000.0,put,39.15,0.34471195,0.3365,0.3565,88579.93,1.0
1791133833,btc,1793347200000,95000.0,put,35.89,0.11653011,0.113,0.119,85619.26,201.3
1791133833,btc,1806048000000,45000.0,put,54.26,0.00397661,0.0037,0.0043,87402.12,252.9
1791133833,btc,1795766400000,108000.0,call,40.12,0.00521675,0.005,0.0055,85955.81,103.9
1791133833,btc,1795766400000,83000.0,call,36.03,0.07301906,0.072,0.074,85956.4,102.4
1791133833,btc,1791187200000,79000.0,put,48.8,2.8e-07,,0.0001,85328.51,37.8
1791133833,btc,1795766400000,98000.0,put,36.96,0.15459761,0.1495,0.157,85956.4,0.0
1791133833,btc,1795766400000,78000.0,put,37.27,0.02008194,0.0195,0.0205,85955.81,702.0
1791133833,btc,1798185600000,65000.0,put,44.25,0.00733611,0.007,0.0075,86291.95,891.8
1791133833,btc,1795766400000,104000.0,call,38.75,0.00769044,0.0075,0.008,85955.81,20.3
1791133833,btc,1791532800000,68000.0,put,69.61,3.719e-05,,0.0002,85369.35,802.0
1791133833,btc,1813910400000,130000.0,call,40.46,0.02744132,0.0265,0.0285,88579.34,771.7
1791133833,btc,1795766400000,90000.0,put,35.81,0.08263101,0.0815,0.0835,85955.81,6.9
1791133833,btc,1798185600000,40000.0,call,73.62,0.53757399,0.5365,0.539,86292.54,253.2
1791133833,btc,1795766400000,86000.0,call,35.74,0.05435708,0.054,0.055,85955.81,177.7
1791133833,btc,1791360000000,75000.0,put,55.71,4.091e-05,,0.0002,85357.42,0.0
1791133833,btc,1798185600000,135000.0,put,46.5,0.56656945,0.5595,0.571,86292.54,0.7
1791133833,btc,1806048000000,105000.0,call,37.92,0.04039174,0.04,0.041,87402.12,244.7
1791133833,btc,1806048000000,100000.0,put,37.61,0.19690372,0.1905,0.206,87401.53,12.7
1791133833,btc,1791273600000,88000.0,put,32.89,0.03200758,0.0295,0.034,85338.36,0.0
1791133833,btc,1821772800000,160000.0,put,42.31,0.80374232,0.7895,0.823,89735.04,0.0
1791133833,btc,1813910400000,130000.0,put,40.46,0.4950621,0.486,0.5065,88579.34,3.9
1791133833,btc,1798185600000,20000.0,put,114.41,0.00026569,0.0002,0.0003,86291.95,933.2
1791133833,btc,1791273600000,78000.0,put,51.03,4.102e-05,,0.0002,85338.36,33.2
1791133833,btc,1793347200000,74000.0,call,40.06,0.13952753,0.1375,0.143,85619.26,655.7
1791133833,btc,1791532800000,100000.0,call,54.76,0.00010786,,0.0002,85369.35,328.0
1791133833,btc,1821772800000,200000.0,put,45.73,1.23875573,1.22,1.264,89735.04,0.0
1791133833,btc,1791446400000,76000.0,put,50.35,0.00016437,,0.0004,85363.88,7.2
1791133833,btc,1791187200000,96000.0,put,47.64,0.12507375,0.122,0.1275,85328.51,0.0
1791133833,btc,1795766400000,99000.0,put,37.19,0.16470453,0.1595,0.1675,85955.81,0.0
1791133833,btc,1813910400000,80000.0,call,39.0,0.17949466,0.178,0.1805,88579.93,185.0
1791133833,btc,1792137600000,95000.0,put,38.27,0.1136698,0.1105,0.116,85448.61,0.0
1791133833,btc,1806048000000,140000.0,call,42.24,0.00805412,0.0075,0.0085,87402.12,903.4
1791133833,btc,1795766400000,73000.0,call,39.61,0.16075894,0.1585,0.1645,85955.81,0.6
1791133833,btc,1792742400000,78000.0,put,35.7,0.00485488,0.0046,0.005,85526.11,509.0
1791133833,btc,1791360000000,80000.0,put,40.38,0.00037078,0.0002,0.0006,85357.42,0.1
1791133833,btc,1798185600000,62000.0,call,46.71,0.28701461,0.285,0.2895,86292.54,247.1
1791133833,btc,1791446400000,77000.0,put,47.09,0.00021813,0.0001,0.0003,85363.88,0.0
1791133833,btc,1821772800000,92000.0,call,38.89,0.14162856,0.14,0.1435,89735.04,1.1
1791133833,btc,1813910400000,135000.0,call,40.88,0.02320396,0.0225,0.024,88579.93,12.8
1791133833,btc,1793347200000,71000.0,put,44.05,0.00244139,0.0023,0.0025,85619.26,1392.1
1791133833,btc,1813910400000,82000.0,call,38.82,0.16670587,0.1655,0.168,88579.93,68.3
1791133833,btc,1813910400000,110000.0,call,38.91,0.05634567,0.0555,0.0575,88579.34,293.5
1791133833,btc,1791532800000,92000.0,call,39.95,0.0009288,0.0008,0.001,85368.76,965.9
1791133833,btc,1813910400000,85000.0,put,38.67,0.10868762,0.1075,0.11,88579.93,16.6
1791133833,btc,1806048000000,108000.0,call,38.12,0.03441819,0.034,0.035,87401.53,98.0
1791133833,btc,1795766400000,74000.0,call,39.06,0.1506312,0.1485,0.154,85956.4,0.4
1791133833,btc,1813910400000,104000.0,call,38.58,0.07095103,0.07,0.072,88579.93,185.9
1791133833,btc,1798185600000,60000.0,call,48.36,0.30921254,0.306,0.3125,86292.54,784.1
1791133833,btc,1791187200000,82500.0,call,38.36,0.03323081,0.032,0.035,85329.27,8.7
1791133833,btc,1791446400000,88500.0,put,34.24,0.03932831,0.036,0.0415,85363.88,0.0
1791133833,btc,1821772800000,74000.0,put,39.98,0.07128787,0.07,0.0725,89735.04,25.1
1791133833,btc,1806048000000,55000.0,put,46.81,0.00851368,0.008,0.009,87402.12,1159.8
1791133833,btc,1813910400000,150000.0,call,42.5,0.01496225,0.014,0.016,88579.93,219.3
1791133833,btc,1791446400000,87500.0,put,32.68,0.02928015,0.027,0.031,85363.88,0.0
1791133833,btc,1793347200000,54000.0,call,68.24,0.36954141,0.368,0.3715,85619.26,0.1
1791133833,btc,1791446400000,84000.0,call,29.94,0.02146047,0.0205,0.0225,85363.88,0.0
1791133833,btc,1792742400000,82000.0,put,33.09,0.01309104,0.0125,0.0135,85526.11,32.8
1791133833,btc,1791360000000,77000.0,put,51.06,0.0001177,,0.0003,85357.42,0.1
1791133833,btc,1793347200000,91000.0,call,34.48,0.01420378,0.014,0.0145,85619.26,1972.7
1791133833,btc,1793347200000,82000.0,put,33.88,0.0178844,0.0175,0.0185,85619.26,504.1
1791133833,btc,1806048000000,106000.0,put,37.98,0.25108258,0.245,0.2595,87402.12,0.1
1791133833,btc,1791532800000,95000.0,put,44.49,0.11313846,0.11,0.1155,85369.35,0.7
1791133833,btc,1792137600000,78000.0,call,35.75,0.08924558,0.0875,0.0925,85448.02,0.1
1791133833,btc,1792742400000,89000.0,call,33.55,0.01468359,0.0145,0.015,85526.7,37.1
1791133833,btc,1791360000000,93000.0,call,45.41,0.00017999,0.0001,0.0003,85357.42,0.6
1791133833,btc,1791446400000,92000.0,put,40.36,0.07825463,0.075,0.0805,85363.88,0.0
1791133833,btc,1793347200000,54000.0,put,68.24,0.00024556,0.0001,0.0005,85619.26,191.5
1791133833,btc,1798185600000,210000.0,put,63.71,1.43381057,1.4225,1.4405,86291.95,0.0
1791133833,btc,1791273600000,92000.0,call,44.72,5.739e-05,,0.0002,85338.95,9.2
1791133833,btc,1791532800000,70000.0,put,69.6,0.0001272,,0.0002,85368.76,128.9
1791133833,btc,1798185600000,80000.0,call,37.43,0.11051664,0.1095,0.1115,86292.54,8727.3
1791133833,btc,1821772800000,80000.0,put,39.41,0.09764768,0.096,0.099,89735.04,300.4
1791133833,btc,1798185600000,105000.0,put,38.15,0.23075181,0.226,0.234,86292.54,107.5
1791133833,btc,1798185600000,200000.0,put,60.66,1.31792523,1.307,1.329,86291.95,0.0
1791133833,btc,1795766400000,106000.0,call,39.54,0.00638888,0.006,0.0065,85956.4,29.5
1791133833,btc,1791273600000,80000.0,call,45.95,0.06273365,0.061,0.065,85338.36,0.0
1791133833,btc,1795766400000,102000.0,put,38.12,0.19611803,0.191,0.199,85955.81,5.0
1791133833,btc,1792742400000,88000.0,call,33.13,0.01797605,0.0175,0.0185,85526.11,36.4
1791133833,btc,1795766400000,67000.0,put,44.99,0.00504276,0.0046,0.0055,85955.81,186.2
1791133833,btc,1792742400000,86000.0,put,32.69,0.03238311,0.032,0.033,85526.7,52.2
1791133833,btc,1793347200000,64000.0,put,54.84,0.00105497,0.001,0.0011,85619.26,558.8
1791133833,btc,1793347200000,75000.0,call,38.86,0.12853712,0.1265,0.132,85619.26,1166.2
1791133833,btc,1798185600000,170000.0,put,55.59,0.97062991,0.962,0.9755,86292.54,0.1
1791133833,btc,1806048000000,60000.0,call,44.25,0.32653646,0.3215,0.33,87402.12,647.9
1791133833,btc,1791273600000,87500.0,call,31.2,0.00116873,0.0011,0.0013,85338.36,8.5
1791133833,btc,1793347200000,85000.0,call,33.74,0.03924747,0.039,0.04,85619.26,2033.5
1791133833,btc,1793347200000,66000.0,put,51.48,0.00129331,0.0012,0.0014,85619.26,538.6
1791133833,btc,1821772800000,104000.0,put,38.82,0.25513423,0.2525,0.259,89734.45,0.0
1791133833,btc,1792137600000,76000.0,put,38.78,0.00121262,0.0012,0.0013,85448.02,552.3
1791133833,btc,1798185600000,72000.0,call,39.99,0.18116826,0.177,0.185,86292.54,1214.3
1791133833,btc,1798185600000,40000.0,put,73.62,0.00111687,0.001,0.0012,86292.54,4960.4
1791133833,btc,1821772800000,70000.0,put,40.54,0.05684576,0.0555,0.058,89735.04,3.1
1791133833,btc,1791532800000,90000.0,call,36.82,0.00203822,0.0019,0.0022,85369.47,1780.2
1791133833,btc,1791532800000,86000.0,call,31.74,0.01090002,0.0105,0.0115,85369.47,916.0
1791133833,btc,1798185600000,135000.0,call,46.5,0.00211225,0.002,0.0023,86292.54,1462.5
1791133833,btc,1791446400000,82000.0,put,32.13,0.00156344,0.0014,0.0017,85363.88,0.1
1791133833,btc,1821772800000,135000.0,call,40.38,0.03819395,0.037,0.0395,89734.45,100.0
1791133833,btc,1791532800000,89000.0,call,35.45,0.00311038,0.003,0.0033,85368.76,308.9
1791133833,btc,1793347200000,76000.0,call,37.56,0.11762369,0.116,0.121,85619.26,495.5
1791133833,btc,1798185600000,104000.0,put,37.8,0.22019614,0.215,0.2235,86292.54,1.3
1791133833,btc,1791360000000,87000.0,call,30.79,0.00356378,0.0034,0.0038,85356.83,6.5
1791133833,btc,1821772800000,120000.0,call,39.4,0.05842886,0.057,0.06,89735.04,12.1
1791133833,btc,1813910400000,68000.0,put,40.77,0.03859862,0.0375,0.0395,88579.93,26.6
1791133833,btc,1791532800000,100000.0,put,54.76,0.17150766,0.168,0.174,85369.35,10.8
1791133833,btc,1798185600000,85000.0,put,36.62,0.0612631,0.0605,0.062,86292.54,595.2
1791133833,btc,1791273600000,91000.0,put,44.63,0.06651867,0.0635,0.0685,85338.95,0.0
1791133833,btc,1791187200000,82000.0,call,43.1,0.03907458,0.037,0.0415,85329.27,0.0
1791133833,btc,1795766400000,95000.0,call,36.47,0.02040872,0.02,0.021,85955.81,1087.2
1791133833,btc,1798185600000,84000.0,put,36.71,0.05579377,0.055,0.0565,86292.54,159.3
1791133833,btc,1793347200000,70000.0,call,45.84,0.18463721,0.183,0.1875,85619.26,3758.5
1791133833,btc,1793347200000,86000.0,call,33.74,0.03354893,0.033,0.034,85619.26,1278.3
1791133833,btc,1792742400000,100000.0,put,40.23,0.17095164,0.1675,0.1735,85526.11,0.0
1791133833,btc,1795766400000,120000.0,call,44.9,0.00202517,0.0018,0.0023,85955.81,121.9
1791133833,btc,1806048000000,180000.0,put,49.11,1.06225225,1.0515,1.0765,87402.12,0.1
1791133833,btc,1813910400000,72000.0,call,40.04,0.23774909,0.236,0.239,88579.34,87.2
1791133833,btc,1792137600000,82000.0,put,32.68,0.00807058,0.0075,0.0085,85448.61,184.1
1791133833,btc,1791273600000,80000.0,put,45.95,0.00018579,0.0001,0.0003,85338.36,131.5
1791133833,btc,1821772800000,84000.0,call,39.19,0.18233061,0.18,0.184,89735.04,502.4
1791133833,btc,1791273600000,89000.0,call,36.27,0.00040857,0.0003,0.0005,85338.36,3.4
1791133833,btc,1792137600000,89000.0,put,34.13,0.05093428,0.0485,0.053,85448.02,7.7
1791133833,btc,1813910400000,110000.0,put,38.91,0.29817864,0.2895,0.3095,88579.93,5.3
1791133833,btc,1821772800000,150000.0,call,41.57,0.02620062,0.025,0.0275,89735.04,23.9
1791133833,btc,1792742400000,75000.0,put,39.21,0.00252477,0.0024,0.0027,85526.7,4.0
1791133833,btc,1795766400000,110000.0,call,40.79,0.00432426,0.0041,0.0046,85956.4,263.3
1791133833,btc,1792137600000,92000.0,call,35.87,0.00408537,0.0039,0.0043,85448.61,576.6
1791133833,btc,1792742400000,79000.0,put,34.57,0.00605391,0.0055,0.0065,85526.11,50.5
1791133833,btc,1798185600000,130000.0,call,44.85,0.0026326,0.0024,0.0029,86292.54,1572.0
1791133833,btc,1806048000000,92000.0,call,37.45,0.08092372,0.08,0.0815,87402.12,419.5
1791133833,btc,1793347200000,87000.0,call,33.87,0.02857408,0.028,0.029,85619.26,912.1
1791133833,btc,1813910400000,58000.0,put,44.02,0.01927656,0.0185,0.02,88579.34,101.6
1791133833,btc,1795766400000,71000.0,call,41.18,0.18183898,0.1795,0.185,85955.81,0.2
1791133833,btc,1791360000000,85000.0,put,28.84,0.00778136,0.0075,0.0085,85357.42,0.3
1791133833,btc,1821772800000,112000.0,call,39.09,0.07481547,0.0735,0.0765,89735.04,0.0
1791133833,btc,1806048000000,96000.0,put,37.5,0.16382793,0.163,0.1645,87402.12,4.4
1791133833,btc,1793347200000,88000.0,call,34.02,0.02420965,0.0235,0.0245,85619.26,1475.8
1791133833,btc,1791187200000,84000.0,put,28.04,0.00045889,0.0004,0.0006,85329.27,547.3
1791133833,btc,1791360000000,81000.0,call,36.85,0.05161912,0.0495,0.054,85357.42,0.0
1791133833,btc,1792742400000,88000.0,put,33.13,0.04691183,0.046,0.048,85526.11,0.0
1791133833,btc,1791273600000,86500.0,call,28.69,0.00271071,0.0025,0.0029,85338.95,40.1
1791133833,btc,1793347200000,62000.0,call,57.97,0.27669754,0.275,0.279,85619.26,13.5
1791133833,btc,1791273600000,79000.0,call,50.66,0.07438911,0.0725,0.077,85338.36,0.0
1791133833,btc,1813910400000,74000.0,call,39.69,0.22206058,0.2205,0.2235,88579.93,23.3
1791133833,btc,1792742400000,83000.0,call,32.7,0.04614297,0.0455,0.047,85526.7,1.8
1791133833,btc,1813910400000,68000.0,call,40.77,0.27092006,0.2695,0.2725,88579.93,14.7
1791133833,btc,1791532800000,88000.0,call,34.44,0.00486583,0.0045,0.005,85369.47,491.0
1791133833,btc,1791446400000,83500.0,put,29.97,0.00393981,0.0037,0.0041,85363.88,0.1
1791133833,btc,1806048000000,65000.0,put,41.93,0.01954202,0.019,0.02,87402.12,893.7
1791133833,btc,1793347200000,57000.0,call,65.18,0.33469272,0.333,0.3365,85619.26,0.1
1791133833,btc,1792137600000,76000.0,call,38.78,0.11177332,0.11,0.1145,85448.02,0.0
1791133833,btc,1791360000000,79000.0,call,43.24,0.07468397,0.073,0.077,85357.42,0.0
1791133833,btc,1792742400000,73000.0,put,42.4,0.00180773,0.0017,0.0019,85526.11,1.9
1791133833,btc,1798185600000,210000.0,call,63.71,0.00021048,0.0001,0.0004,86292.54,162.5
1791133833,btc,1798185600000,92000.0,call,36.53,0.04284851,0.0425,0.0435,86292.54,704.8
1791133833,btc,1821772800000,210000.0,put,46.55,1.34882519,1.329,1.3755,89735.04,0.0
1791133833,btc,1806048000000,90000.0,call,37.45,0.08977618,0.089,0.0905,87402.12,762.4
1791133833,btc,1813910400000,112000.0,put,38.98,0.31647808,0.308,0.328,88579.93,0.0
1791133833,btc,1798185600000,86000.0,call,36.52,0.07039219,0.07,0.071,86292.54,717.8
1791133833,btc,1791187200000,83000.0,call,36.53,0.02747128,0.026,0.029,85329.27,8.8
1791133833,btc,1795766400000,84000.0,call,35.92,0.06638634,0.066,0.067,85956.4,82.9
1791133833,btc,1813910400000,90000.0,put,38.49,0.13912673,0.1375,0.1405,88579.93,87.3
1791133833,btc,1793347200000,68000.0,put,48.59,0.00167678,0.0015,0.0018,85619.26,1379.9
1791133833,btc,1821772800000,96000.0,call,38.84,0.12460926,0.123,0.1265,89735.04,0.4
1791133833,btc,1791532800000,74000.0,call,56.43,0.13341331,0.1315,0.136,85369.35,1.1
1791133833,btc,1806048000000,160000.0,put,45.7,0.83501767,0.825,0.8475,87401.53,0.1
1791133833,btc,1798185600000,74000.0,call,39.09,0.16186319,0.158,0.1655,86291.95,137.9
1791133833,btc,1792137600000,79000.0,put,34.65,0.00288997,0.0027,0.003,85448.61,186.9
1791133833,btc,1792742400000,83000.0,put,32.7,0.01661649,0.016,0.017,85526.11,15.8
1791133833,btc,1792137600000,94000.0,put,37.36,0.10248829,0.099,0.105,85448.02,0.0
1791133833,btc,1791360000000,87500.0,call,31.73,0.00261856,0.0024,0.0029,85357.42,5.3
1791133833,btc,1791273600000,94000.0,call,48.11,1.206e-05,,0.0001,85338.95,2.5
1791133833,btc,1798185600000,54000.0,call,54.41,0.37694858,0.3755,0.38,86291.95,32.2
1791133833,btc,1798185600000,200000.0,call,60.66,0.00021086,0.0001,0.0004,86291.95,962.4
1791133833,btc,1791532800000,72000.0,put,62.68,0.00016791,0.0001,0.0003,85369.35,132.7
1791133833,btc,1791446400000,75000.0,call,53.89,0.12153329,0.12,0.124,85363.88,0.0
1791133833,btc,1795766400000,71000.0,put,41.18,0.00785298,0.0075,0.0085,85955.81,28.7
1791133833,btc,1791446400000,85000.0,call,29.98,0.01413216,0.0135,0.015,85363.88,0.0
1791133833,btc,1821772800000,135000.0,put,40.38,0.54263389,0.531,0.5585,89735.04,0.0
1791133833,btc,1791273600000,75000.0,call,52.16,0.1211394,0.119,0.1235,85338.36,0.0
1791133833,btc,1821772800000,150000.0,put,41.57,0.69780055,0.6845,0.7155,89735.04,0.0
1791133833,btc,1813910400000,72000.0,put,40.04,0.05058521,0.0495,0.0515,88579.93,54.4
1791133833,btc,1791446400000,94000.0,call,43.39,0.00020267,0.0001,0.0003,85363.88,0.0
1791133833,btc,1798185600000,45000.0,call,65.34,0.47991553,0.4785,0.4815,86292.54,94.5
1791133833,btc,1791187200000,80500.0,put,47.65,8.07e-06,,0.0002,85329.27,10.0
1791133833,btc,1813910400000,70000.0,call,40.35,0.25394774,0.2525,0.2555,88579.34,207.3
1791133833,btc,1792137600000,83000.0,call,32.21,0.03974042,0.039,0.0405,85448.61,39.2
1791133833,btc,1798185600000,68000.0,put,42.19,0.01002736,0.0095,0.0105,86292.54,695.5
1791133833,btc,1798185600000,115000.0,put,40.5,0.33915009,0.333,0.345,86292.54,5.0
1791133833,btc,1806048000000,98000.0,put,37.52,0.17998898,0.1745,0.189,87402.12,1.6
1791133833,btc,1813910400000,78000.0,put,39.18,0.07346995,0.0725,0.0745,88579.34,106.5
1791133833,btc,1793347200000,48000.0,put,79.33,0.00013914,,0.0003,85619.26,195.9
1791133833,btc,1791273600000,92000.0,put,44.72,0.07812735,0.0765,0.0795,85338.36,7.8
1791133833,btc,1798185600000,102000.0,put,37.58,0.19996949,0.1955,0.205,86292.54,7.8
1791133833,btc,1813910400000,120000.0,call,39.63,0.038913,0.038,0.04,88579.34,352.3
1791133833,btc,1791532800000,90000.0,put,36.82,0.0562971,0.053,0.0585,85369.35,2.3
1791133833,btc,1791446400000,84000.0,put,29.94,0.00549072,0.005,0.006,85363.88,0.0
1791133833,btc,1792137600000,85000.0,call,32.48,0.02576704,0.0255,0.0265,85448.61,89.5
1791133833,btc,1813910400000,106000.0,put,38.68,0.26233273,0.254,0.273,88579.34,0.0
1791133833,btc,1792742400000,92000.0,put,34.82,0.08348027,0.0805,0.0855,85526.11,0.0
1791133833,btc,1806048000000,170000.0,put,47.68,0.94861097,0.938,0.96,87402.12,0.4
1791133833,btc,1791532800000,94000.0,put,42.36,0.10151637,0.0985,0.104,85369.35,0.0
1791133833,btc,1791446400000,82000.0,call,32.13,0.04096249,0.039,0.0435,85363.88,0.0
1791133833,btc,1793347200000,104000.0,put,41.51,0.21656001,0.213,0.2195,85619.26,0.0
1791133833,btc,1821772800000,84000.0,put,39.19,0.11842657,0.1165,0.12,89735.04,501.0
1791133833,btc,1791446400000,95000.0,call,46.51,0.00017376,0.0001,0.0002,85363.88,0.0
1791133833,btc,1793347200000,91000.0,put,34.48,0.07705707,0.0735,0.0795,85619.26,3.5
1791133833,btc,1791273600000,93000.0,put,48.11,0.08982545,0.088,0.0915,85338.95,7.7
1791133833,btc,1821772800000,86000.0,put,39.08,0.12962242,0.1275,0.1315,89735.04,4.4
1791133833,btc,1791446400000,86500.0,call,31.11,0.00689626,0.0065,0.0075,85363.29,0.3
1791133833,btc,1821772800000,76000.0,put,39.81,0.07960512,0.078,0.081,89735.04,25.2
1791133833,btc,1806048000000,90000.0,put,37.45,0.11951245,0.119,0.12,87401.53,44.5
1791133833,btc,1791446400000,83500.0,call,29.97,0.02576689,0.024,0.029,85363.88,0.0
1791133833,btc,1791273600000,84500.0,put,27.21,0.00332414,0.003,0.0035,85338.36,9.7
1791133833,btc,1791446400000,91000.0,put,38.51,0.06681507,0.065,0.069,85363.88,0.0
1791133833,btc,1793347200000,80000.0,put,34.71,0.01189337,0.0115,0.0125,85619.26,2363.4
1791133833,btc,1806048000000,54000.0,put,47.65,0.00801161,0.0075,0.0085,87402.12,85.5
1791133833,btc,1795766400000,93000.0,call,36.04,0.02539968,0.025,0.026,85955.81,203.7
1791133833,btc,1821772800000,108000.0,put,38.91,0.28821074,0.2785,0.3005,89735.04,0.0
1791133833,btc,1791187200000,85500.0,put,21.82,0.00468489,0.0045,0.005,85329.27,18.3
1791133833,btc,1806048000000,60000.0,put,44.25,0.0130273,0.0125,0.0135,87402.12,817.4
1791133833,btc,1791446400000,81000.0,call,34.44,0.05202738,0.05,0.0545,85363.29,0.0
1791133833,btc,1791187200000,91000.0,put,42.67,0.0664767,0.0635,0.069,85328.51,0.0
1791133833,btc,1798185600000,65000.0,call,44.25,0.25407894,0.2515,0.257,86292.54,916.8
1791133833,btc,1793347200000,110000.0,put,46.09,0.28578711,0.282,0.2885,85619.26,0.2
1791133833,btc,1821772800000,140000.0,put,40.73,0.5935966,0.5815,0.6105,89734.45,0.0
1791133833,btc,1821772800000,86000.0,call,39.08,0.17123846,0.1695,0.173,89735.04,1.4
1791133833,btc,1798185600000,190000.0,call,59.75,0.00032331,0.0002,0.0005,86292.54,1027.1
1791133833,btc,1791446400000,85000.0,put,29.98,0.00987705,0.0095,0.01,85363.88,0.0
1791133833,btc,1798185600000,230000.0,put,66.62,1.66550174,1.654,1.6745,86292.54,0.0
1791133833,btc,1806048000000,150000.0,call,44.2,0.00597188,0.0055,0.0065,87402.12,1866.5
1791133833,btc,1798185600000,45000.0,put,65.34,0.00140127,0.0013,0.0015,86292.54,2812.3
1791133833,btc,1793347200000,67000.0,put,50.14,0.00149081,0.0013,0.0016,85619.26,688.7
1791133833,btc,1813910400000,125000.0,call,39.97,0.03243843,0.0315,0.0335,88579.34,640.2
1791133833,btc,1813910400000,60000.0,call,43.2,0.34477127,0.343,0.346,88579.34,969.9
1791133833,btc,1791187200000,83500.0,put,32.32,0.00028588,0.0002,0.0004,85329.27,58.6
1791133833,btc,1792742400000,94000.0,call,36.01,0.00516973,0.0049,0.0055,85526.11,48.2
1791133833,btc,1795766400000,79000.0,put,37.0,0.02308779,0.0225,0.0235,85955.81,170.8
1791133833,btc,1791187200000,85000.0,call,22.62,0.00593929,0.005,0.0065,85329.27,103.4
1791133833,btc,1821772800000,190000.0,call,44.9,0.01169808,0.011,0.0125,89735.04,9.0
1791133833,btc,1791446400000,76000.0,call,50.35,0.10985129,0.108,0.112,85363.88,0.0
1791133833,btc,1793347200000,59000.0,call,62.07,0.31145003,0.31,0.3135,85619.26,1.0
1791133833,btc,1791446400000,79000.0,put,41.05,0.00043953,0.0003,0.0005,85363.29,4.0
1791133833,btc,1813910400000,115000.0,call,39.15,0.04643202,0.0455,0.0475,88579.34,150.1
1791133833,btc,1806048000000,106000.0,call,37.98,0.03828209,0.0375,0.0385,87402.12,93.5
1791133833,btc,1793347200000,48000.0,call,79.33,0.43951323,0.438,0.441,85619.26,8.5
1791133833,btc,1791532800000,89000.0,put,35.45,0.0456562,0.043,0.0475,85368.76,5.1
1791133833,btc,1792742400000,75000.0,call,39.21,0.12559087,0.124,0.1275,85526.7,0.0
1791133833,btc,1806048000000,98000.0,call,37.52,0.0587206,0.058,0.0595,87402.12,216.2
1791133833,btc,1793347200000,88000.0,put,34.02,0.05202382,0.0505,0.0525,85619.26,2383.0
1791133833,btc,1791360000000,82500.0,put,31.39,0.00124151,0.0011,0.0014,85357.42,4.8
1791133833,btc,1813910400000,116000.0,put,39.28,0.3544877,0.346,0.3665,88579.93,0.0
1791133833,btc,1791187200000,95000.0,put,45.4,0.11335423,0.111,0.1155,85328.51,0.0
1791133833,btc,1791273600000,88500.0,call,34.38,0.00055522,0.0005,0.0007,85338.95,5.8
1791133833,btc,1793347200000,102000.0,put,40.09,0.19372948,0.19,0.1965,85618.67,0.0
1791133833,btc,1792137600000,70000.0,call,49.51,0.18111059,0.1795,0.183,85448.02,0.0
1791133833,btc,1795766400000,88000.0,put,35.79,0.06803773,0.067,0.0685,85956.4,36.4
1791133833,btc,1798185600000,72000.0,put,39.99,0.01554544,0.015,0.016,86291.95,856.4
1791133833,btc,1806048000000,56000.0,call,46.56,0.36879191,0.364,0.372,87402.12,14.4
1791133833,btc,1791360000000,86000.0,put,29.79,0.01431902,0.0135,0.015,85356.83,0.0
1791133833,btc,1791187200000,86500.0,put,25.29,0.0142039,0.013,0.016,85328.51,29.0
1791133833,btc,1795766400000,105000.0,put,39.07,0.22852761,0.223,0.2315,85955.81,3.9
1791133833,btc,1791532800000,75000.0,call,52.91,0.12174206,0.12,0.124,85369.35,0.4
1791133833,btc,1821772800000,72000.0,call,40.27,0.26148039,0.2595,0.2635,89735.04,0.0
1791133833,btc,1813910400000,55000.0,call,45.09,0.39437394,0.391,0.397,88579.34,3.7
1791133833,btc,1795766400000,93000.0,put,36.04,0.10736168,0.103,0.1115,85956.4,0.0
1791133833,btc,1791187200000,82500.0,put,38.36,9.106e-05,,0.0002,85328.51,28.6
1791133833,btc,1795766400000,108000.0,put,40.12,0.26168875,0.2565,0.2655,85956.4,0.0
1791133833,btc,1798185600000,56000.0,call,52.78,0.35441536,0.3515,0.357,86292.54,42.2
1791133833,btc,1821772800000,170000.0,put,43.25,0.91144012,0.8965,0.932,89735.04,4.3
1791133833,btc,1806048000000,86000.0,put,37.59,0.09420631,0.0935,0.095,87402.12,30.3
1791133833,btc,1806048000000,40000.0,put,58.23,0.00257362,0.0024,0.0028,87402.12,1935.8
1791133833,btc,1792742400000,76000.0,put,37.98,0.0031192,0.0029,0.0032,85526.7,1.8
1791133833,btc,1806048000000,120000.0,call,39.4,0.01882691,0.0185,0.019,87402.12,835.9
1791133833,btc,1792137600000,92000.0,put,35.87,0.08077505,0.0775,0.083,85448.02,0.1
1791133833,btc,1791187200000,75000.0,put,56.07,0.0,,0.0001,85328.51,9.5
1791133833,btc,1791360000000,88000.0,put,32.75,0.03291006,0.0305,0.035,85356.83,0.0
1791133833,btc,1793347200000,80000.0,call,34.71,0.07751686,0.077,0.0785,85619.26,1385.2
1791133833,btc,1813910400000,140000.0,call,41.44,0.01995221,0.019,0.021,88579.93,378.4
1791133833,btc,1795766400000,67000.0,call,44.99,0.22556476,0.2235,0.229,85956.4,0.6
1791133833,btc,1793347200000,96000.0,put,36.52,0.1272013,0.124,0.13,85619.26,0.4
1791133833,btc,1791187200000,86000.0,call,23.1,0.00109625,0.001,0.0013,85329.27,76.4
1791133833,btc,1791273600000,82500.0,call,32.96,0.033828,0.032,0.0365,85338.36,0.0
1791133833,btc,1791446400000,80000.0,put,38.22,0.0006647,0.0005,0.0008,85363.88,0.0
1791133833,btc,1791446400000,93000.0,call,42.43,0.000347,0.0002,0.0004,85363.88,3.0
1791133833,btc,1806048000000,56000.0,put,46.56,0.0095167,0.009,0.01,87402.12,131.8
1791133833,btc,1813910400000,56000.0,call,44.82,0.38444199,0.3805,0.387,88579.34,2.9
1791133833,btc,1813910400000,94000.0,call,38.43,0.10525787,0.104,0.1065,88579.93,29.7
1791133833,btc,1813910400000,200000.0,put,48.1,1.26311467,1.244,1.2815,88579.34,2.1
1791133833,btc,1795766400000,78000.0,call,37.27,0.11262995,0.1115,0.1135,85955.81,243.0
1791133833,btc,1821772800000,200000.0,call,45.73,0.00995582,0.009,0.011,89735.04,29.5
1791133833,btc,1821772800000,118000.0,put,39.33,0.37715458,0.367,0.3905,89735.04,0.0
1791133833,btc,1792742400000,96000.0,put,37.3,0.12595546,0.1225,0.1285,85526.11,0.2
1791133833,btc,1795766400000,62000.0,put,49.82,0.00287657,0.0027,0.003,85955.81,373.4
1791133833,btc,1792137600000,86000.0,put,32.85,0.02683276,0.026,0.027,85448.02,21.6
1791133833,btc,1798185600000,50000.0,call,58.84,0.42255002,0.421,0.425,86292.54,260.7
1791133833,btc,1821772800000,74000.0,call,39.98,0.2466319,0.2445,0.2485,89735.04,1.4
1791133833,btc,1792742400000,78000.0,call,35.7,0.09284362,0.091,0.096,85526.11,0.8
1791133833,btc,1793347200000,45000.0,put,83.66,8.588e-05,,0.0002,85619.26,353.3
1791133833,btc,1793347200000,69000.0,call,47.08,0.19599869,0.194,0.199,85619.26,617.3
1791133833,btc,1813910400000,84000.0,call,38.76,0.15493513,0.1535,0.156,88579.93,528.8
1791133833,btc,1791273600000,77000.0,call,51.83,0.09771578,0.096,0.1,85338.36,0.0
1791133833,btc,1791273600000,83500.0,call,28.92,0.02276371,0.021,0.026,85338.95,0.0
1791133833,btc,1793347200000,69000.0,put,47.08,0.00189843,0.0017,0.002,85619.26,1586.7
1791133833,btc,1821772800000,104000.0,call,38.82,0.09615828,0.0945,0.098,89734.45,5.4
1791133833,btc,1791360000000,81500.0,put,34.73,0.00071429,0.0006,0.0008,85357.42,3.6
1791133833,btc,1795766400000,82000.0,put,36.21,0.03412537,0.0335,0.0345,85955.81,146.3
1791133833,btc,1793347200000,62000.0,put,57.97,0.00083934,0.0007,0.0009,85619.26,1258.5
1791133833,btc,1813910400000,88000.0,put,38.56,0.12648386,0.125,0.128,88579.34,30.7
1791133833,btc,1791446400000,75000.0,put,53.89,0.00013173,,0.0002,85363.88,0.0
1791133833,btc,1793347200000,40000.0,call,94.14,0.53286562,0.532,0.534,85619.26,0.3
1791133833,btc,1791360000000,85000.0,call,28.84,0.01195189,0.0115,0.0125,85357.42,11.7
1791133833,btc,1792742400000,85000.0,put,32.68,0.02638274,0.026,0.0265,85526.11,21.3
1791133833,btc,1793347200000,86000.0,put,33.74,0.03800368,0.037,0.038,85619.26,225.7
1791133833,btc,1791446400000,89000.0,call,35.12,0.00203031,0.0018,0.0022,85363.88,20.3
1791133833,btc,1806048000000,82000.0,put,37.85,0.07242605,0.0715,0.073,87402.12,76.4
1791133833,btc,1791187200000,84500.0,call,24.73,0.01061454,0.009,0.0125,85329.27,55.8
1791133833,btc,1798185600000,64000.0,call,44.83,0.26485627,0.2625,0.268,86292.54,404.8
1791133833,btc,1806048000000,95000.0,put,37.47,0.15595201,0.155,0.1565,87401.53,6.9
1791133833,btc,1798185600000,95000.0,call,36.64,0.03291687,0.0325,0.0335,86292.54,1549.5
1791133833,btc,1795766400000,105000.0,call,39.07,0.00695762,0.0065,0.0075,85955.81,21.2
1791133833,btc,1795766400000,94000.0,call,36.34,0.02289108,0.0225,0.0235,85955.81,459.6
1791133833,btc,1791360000000,82000.0,put,32.77,0.00090196,0.0008,0.001,85357.42,6.4
1791133833,btc,1806048000000,75000.0,call,38.84,0.18529317,0.1785,0.1905,87401.53,0.2
1791133833,btc,1791273600000,93000.0,call,48.11,3.734e-05,,0.0002,85338.36,1.0
1791133833,btc,1798185600000,240000.0,put,69.22,1.78138879,1.768,1.795,86292.54,0.0
1791133833,btc,1791273600000,81500.0,call,37.81,0.04529803,0.0435,0.048,85338.36,0.0
1791133833,btc,1791273600000,89500.0,call,38.17,0.00030758,0.0002,0.0004,85338.95,20.6
1791133833,btc,1791446400000,83000.0,call,30.44,0.03054441,0.0285,0.034,85363.88,0.0
1791133833,btc,1821772800000,72000.0,put,40.27,0.06384836,0.0625,0.065,89735.04,2.1
1791133833,btc,1813910400000,105000.0,call,38.64,0.06829144,0.067,0.0695,88579.93,163.5
1791133833,btc,1791273600000,85000.0,put,27.2,0.00540322,0.005,0.006,85338.95,47.9
1791133833,btc,1798185600000,86000.0,put,36.52,0.06700937,0.0665,0.0675,86292.54,105.7
1791133833,btc,1821772800000,110000.0,call,39.02,0.07965026,0.078,0.0815,89735.04,200.6
1791133833,btc,1791187200000,90000.0,call,42.67,6.06e-06,,0.0001,85329.27,95.5
1791133833,btc,1821772800000,50000.0,put,46.23,0.01575209,0.0145,0.017,89734.45,738.2
1791133833,btc,1791360000000,89000.0,call,34.82,0.0010624,0.001,0.0012,85356.83,3.0
1791133833,btc,1792137600000,75000.0,call,40.26,0.12318766,0.1215,0.126,85448.02,0.0
1791133833,btc,1791187200000,78000.0,put,49.15,2e-08,,0.0001,85329.27,44.3
1791133833,btc,1806048000000,150000.0,put,44.2,0.72219899,0.7115,0.7335,87401.53,0.6
1791133833,btc,1791187200000,80500.0,call,47.65,0.05658686,0.055,0.059,85329.27,0.0
1791133833,btc,1791360000000,82500.0,call,31.39,0.03470115,0.0325,0.0375,85357.42,0.0
1791133833,btc,1795766400000,84000.0,put,35.92,0.04364234,0.043,0.044,85955.81,76.7
1791133833,btc,1798185600000,20000.0,call,114.41,0.76849425,0.768,0.7695,86292.54,5.1
1791133833,btc,1806048000000,110000.0,call,38.2,0.03080197,0.0305,0.031,87402.12,1225.4
1791133833,btc,1792742400000,87000.0,put,33.07,0.03945115,0.0385,0.0395,85526.11,2.3
1791133833,btc,1806048000000,125000.0,call,40.07,0.01495395,0.0145,0.0155,87402.12,430.4
1791133833,btc,1791187200000,88500.0,call,37.97,5.232e-05,,0.0002,85328.51,10.5
1791133833,btc,1798185600000,150000.0,put,50.52,0.7393844,0.732,0.7455,86291.95,4.4
1791133833,btc,1813910400000,120000.0,put,39.63,0.39363988,0.385,0.406,88579.34,0.9
1791133833,btc,1813910400000,114000.0,put,39.15,0.33540152,0.327,0.347,88579.93,0.0
1791133833,btc,1793347200000,87000.0,put,33.87,0.04470854,0.044,0.045,85618.67,454.3
1791133833,btc,1793347200000,63000.0,put,55.95,0.00089234,0.0008,0.001,85619.26,641.0
1791133833,btc,1791446400000,88500.0,call,34.24,0.00258216,0.0023,0.0029,85363.88,0.0
1791133833,btc,1791532800000,77000.0,call,46.2,0.09845785,0.0965,0.1005,85369.35,57.9
1791133833,btc,1813910400000,64000.0,put,41.91,0.02943536,0.0285,0.0305,88579.93,64.1
1791133833,btc,1813910400000,65000.0,call,41.62,0.29774452,0.296,0.299,88579.34,9.1
1791133833,btc,1813910400000,95000.0,call,38.4,0.10113127,0.1,0.1025,88579.34,58.2
1791133833,btc,1791532800000,65000.0,put,72.46,7.64e-06,,0.0001,85368.76,261.5
1791133833,btc,1798185600000,98000.0,call,37.02,0.02541753,0.025,0.026,86291.95,545.4
1791133833,btc,1793347200000,79000.0,put,35.2,0.00961826,0.0095,0.01,85619.26,973.7
1791133833,btc,1793347200000,98000.0,call,37.58,0.00429214,0.0041,0.0044,85619.26,964.5
1791133833,btc,1792137600000,79000.0,call,34.65,0.07834122,0.0765,0.081,85448.02,8.6
1791133833,btc,1798185600000,108000.0,put,38.8,0.26251738,0.258,0.266,86291.95,0.1
1791133833,btc,1792137600000,80000.0,put,33.66,0.0040106,0.0038,0.0041,85448.02,1298.8
1791133833,btc,1813910400000,74000.0,put,39.69,0.05747548,0.0565,0.0585,88579.93,21.7
1791133833,btc,1795766400000,66000.0,call,45.93,0.2366584,0.2345,0.24,85955.81,0.1
1791133833,btc,1798185600000,115000.0,call,40.5,0.00646433,0.006,0.007,86292.54,2324.7
1791133833,btc,1821772800000,106000.0,call,38.89,0.09032905,0.0885,0.092,89735.04,0.1
1791133833,btc,1806048000000,140000.0,put,42.24,0.60986609,0.602,0.621,87402.12,10.9
1791133833,btc,1798185600000,80000.0,put,37.43,0.03760239,0.037,0.038,86292.54,2186.3
1791133833,btc,1813910400000,116000.0,call,39.28,0.04491839,0.044,0.046,88579.93,0.0
1791133833,btc,1791532800000,86000.0,put,31.74,0.01829992,0.0175,0.019,85369.35,258.9
1791133833,btc,1791446400000,83000.0,put,30.44,0.00286001,0.0026,0.003,85363.88,1.0
1791133833,btc,1806048000000,70000.0,put,40.14,0.02931158,0.0285,0.03,87401.53,611.0
1791133833,btc,1791532800000,95000.0,call,44.49,0.00030865,0.0002,0.0003,85369.35,1111.1
1791133833,btc,1813910400000,86000.0,call,38.63,0.14355168,0.1425,0.145,88579.34,43.7
1791133833,btc,1791360000000,75000.0,call,55.71,0.12136786,0.1195,0.1235,85357.42,0.0
1791133833,btc,1795766400000,100000.0,call,37.54,0.01167779,0.0115,0.012,85955.81,487.8
1791133833,btc,1806048000000,64000.0,call,42.36,0.28577407,0.2805,0.2895,87402.12,137.9
1791133833,btc,1798185600000,82000.0,put,37.02,0.04600469,0.0455,0.0465,86291.95,808.6
1791133833,btc,1798185600000,90000.0,put,36.46,0.09372887,0.093,0.094,86291.95,654.5
1791133833,btc,1806048000000,50000.0,call,50.64,0.43392736,0.4315,0.4365,87402.12,21.6
1791133833,btc,1791532800000,79000.0,put,39.89,0.00073757,0.0007,0.0008,85369.35,557.7
1791133833,btc,1792742400000,94000.0,put,36.01,0.10426022,0.101,0.1065,85526.11,0.2
1791133833,btc,1793347200000,74000.0,put,40.06,0.00382581,0.0037,0.004,85619.26,1321.8
1791133833,btc,1821772800000,90000.0,call,38.95,0.15097119,0.149,0.153,89734.45,12.1
1791133833,btc,1821772800000,130000.0,call,40.07,0.04393316,0.0425,0.0455,89734.45,43.3
1791133833,btc,1813910400000,140000.0,put,41.44,0.6004669,0.5885,0.6125,88579.93,3.4
1791133833,btc,1798185600000,180000.0,put,57.8,1.08637175,1.077,1.092,86291.95,0.1
1791133833,btc,1821772800000,112000.0,put,39.09,0.32294341,0.3125,0.3355,89734.45,0.0
1791133833,btc,1791532800000,74000.0,put,56.43,0.00024916,0.0002,0.0003,85369.35,571.7
1791133833,btc,1791532800000,73000.0,call,58.77,0.14506126,0.1435,0.1475,85368.76,0.2
1791133833,btc,1795766400000,110000.0,put,40.79,0.28406363,0.279,0.2865,85955.81,0.0
1791133833,btc,1791360000000,92000.0,put,41.35,0.07804906,0.075,0.0805,85357.42,0.0
1791133833,btc,1813910400000,76000.0,call,39.42,0.20712224,0.2055,0.2085,88579.34,73.2
1791133833,btc,1798185600000,35000.0,put,80.98,0.00074455,0.0006,0.0008,86292.54,2142.4
1791133833,btc,1791360000000,86500.0,call,30.49,0.00501737,0.0047,0.0055,85357.42,2.1
1791133833,btc,1821772800000,98000.0,put,38.81,0.20886112,0.2065,0.212,89735.04,0.0
1791133833,btc,1793347200000,61000.0,call,59.27,0.28826326,0.2865,0.2905,85619.26,17.7
1791133833,btc,1806048000000,50000.0,put,50.64,0.00600306,0.0055,0.0065,87402.12,2329.9
1791133833,btc,1793347200000,92000.0,put,34.82,0.08644681,0.0825,0.089,85619.26,2.6
1791133833,btc,1791532800000,85000.0,put,31.38,0.0120003,0.0115,0.0125,85369.35,717.5
1791133833,btc,1792742400000,100000.0,call,40.23,0.00170643,0.0016,0.0019,85526.11,204.3
1791133833,btc,1806048000000,190000.0,call,50.91,0.0023668,0.0022,0.0026,87402.12,700.2
1791133833,btc,1791273600000,95000.0,put,48.11,0.11322799,0.11,0.1155,85338.36,0.0
1791133833,btc,1798185600000,110000.0,call,39.34,0.00943605,0.009,0.0095,86292.54,2965.9
1791133833,btc,1821772800000,65000.0,put,41.54,0.04230351,0.041,0.0435,89735.04,3.2
1791133833,btc,1813910400000,190000.0,put,47.02,1.15119362,1.1335,1.1685,88579.93,0.6
1791133833,btc,1791446400000,93000.0,put,42.43,0.08980905,0.0865,0.092,85363.88,0.0
1791133833,btc,1791273600000,97000.0,put,48.11,0.13666096,0.1335,0.139,85338.36,0.0
1791133833,btc,1791532800000,82000.0,put,32.38,0.00242533,0.0023,0.0025,85369.35,825.7
1791133833,btc,1813910400000,102000.0,put,38.52,0.22828835,0.226,0.2305,88579.34,0.0
1791133833,btc,1793347200000,98000.0,put,37.58,0.14890338,0.1455,0.1515,85619.26,27.0
1791133833,btc,1806048000000,76000.0,put,38.54,0.04660869,0.0465,0.047,87402.12,641.7
1791133833,btc,1793347200000,64000.0,call,54.84,0.25355375,0.252,0.256,85618.67,422.1
1791133833,btc,1791273600000,83000.0,call,30.35,0.02816599,0.026,0.031,85338.36,0.0
1791133833,btc,1791532800000,94000.0,call,42.36,0.00040056,0.0003,0.0005,85369.35,478.3
1791133833,btc,1798185600000,82000.0,call,37.02,0.0957418,0.095,0.0965,86291.95,1321.7
1791133833,btc,1792137600000,81000.0,call,32.77,0.05761271,0.056,0.061,85448.02,8.6
1791133833,btc,1795766400000,115000.0,put,42.66,0.34074024,0.3355,0.3445,85955.81,0.2
1791133833,btc,1791360000000,89000.0,put,34.82,0.04375443,0.042,0.046,85357.42,0.0
1791133833,btc,1813910400000,108000.0,put,38.79,0.28007266,0.2715,0.291,88579.93,0.2
1791133833,btc,1795766400000,64000.0,call,47.6,0.25893166,0.257,0.2615,85956.4,0.2
1791133833,btc,1791273600000,78000.0,call,51.03,0.08602518,0.0845,0.0885,85338.95,0.0
1791133833,btc,1798185600000,130000.0,put,44.85,0.50914694,0.5025,0.5145,86292.54,57.0
1791133833,btc,1798185600000,106000.0,call,38.44,0.01295046,0.0125,0.0135,86291.95,485.1
1791133833,btc,1791360000000,83500.0,put,29.69,0.00261699,0.0024,0.0029,85357.42,0.5
1791133833,btc,1798185600000,30000.0,call,90.56,0.65289238,0.652,0.6535,86292.54,300.8
1791133833,btc,1795766400000,75000.0,put,38.46,0.01319066,0.013,0.0135,85955.81,1724.6
1791133833,btc,1798185600000,180000.0,call,57.8,0.00042882,0.0003,0.0006,86292.54,935.8
1791133833,btc,1791446400000,78000.0,call,44.65,0.08659098,0.0845,0.0885,85363.88,0.0
1791133833,btc,1798185600000,106000.0,put,38.44,0.24133908,0.2365,0.2445,86291.95,0.2
1791133833,btc,1793347200000,94000.0,call,35.34,0.00820964,0.008,0.0085,85619.26,1462.7
1791133833,btc,1806048000000,88000.0,put,37.52,0.10647883,0.1055,0.107,87401.53,62.6
1791133833,btc,1793347200000,57000.0,put,65.18,0.00043599,0.0003,0.0006,85619.26,206.8
1791133833,btc,1791273600000,77000.0,put,51.83,1.346e-05,,0.0002,85338.36,1.7
1791133833,btc,1791273600000,87000.0,call,29.79,0.00175715,0.0016,0.0019,85338.95,35.1
1791133833,btc,1791532800000,73000.0,put,58.77,0.00018311,0.0001,0.0003,85368.76,368.9
1791133833,btc,1791273600000,86500.0,put,28.69,0.01633083,0.014,0.0185,85338.36,0.0
1791133833,btc,1821772800000,180000.0,call,44.06,0.01396002,0.013,0.015,89735.04,51.7
1791133833,btc,1798185600000,62000.0,put,46.71,0.00550607,0.005,0.006,86292.54,1549.2
1791133833,btc,1791446400000,79000.0,call,41.05,0.07498252,0.073,0.077,85363.88,0.0
1791133833,btc,1821772800000,140000.0,call,40.73,0.03343667,0.032,0.035,89734.45,506.5
1791133833,btc,1813910400000,96000.0,call,38.4,0.09718743,0.096,0.098,88579.93,151.5
1791133833,btc,1791187200000,88000.0,call,34.13,7.06e-05,,0.0002,85328.51,22.2
1791133833,btc,1792742400000,90000.0,call,33.93,0.01189868,0.0115,0.0125,85526.11,61.9
1791133833,btc,1806048000000,200000.0,call,52.71,0.00207629,0.0018,0.0024,87402.12,493.0
1791133833,btc,1793347200000,60000.0,put,60.81,0.0006445,0.0006,0.0008,85619.26,1287.7
1791133833,btc,1793347200000,52000.0,put,72.25,0.00021397,0.0001,0.0004,85619.26,135.4
1791133833,btc,1798185600000,140000.0,put,47.75,0.62404291,0.6165,0.63,86292.54,0.3
1791133833,btc,1791360000000,84000.0,put,29.23,0.00383565,0.0036,0.0041,85357.42,4.6
1791133833,btc,1806048000000,102000.0,put,37.73,0.21446255,0.2085,0.2225,87402.12,0.1
1791133833,btc,1821772800000,92000.0,put,38.89,0.16687652,0.165,0.169,89735.04,0.0
1791133833,btc,1821772800000,102000.0,call,38.82,0.1026245,0.101,0.1045,89734.45,2.7
1791133833,btc,1813910400000,104000.0,put,38.58,0.24504765,0.2425,0.2475,88579.93,0.0
1791133833,btc,1813910400000,98000.0,put,38.46,0.19631653,0.194,0.198,88579.93,0.1
1791133833,btc,1813910400000,100000.0,put,38.48,0.21204329,0.2095,0.214,88579.34,2.4
1791133833,btc,1792137600000,86000.0,call,32.85,0.02036197,0.02,0.021,85448.02,273.5
1791133833,btc,1795766400000,94000.0,put,36.34,0.11648708,0.112,0.1205,85955.81,3.0
1791133833,btc,1792137600000,95000.0,call,38.27,0.00187068,0.0018,0.002,85448.02,287.5
1791133833,btc,1791360000000,76000.0,put,55.57,9.86e-05,,0.0002,85357.42,1.0
1791133833,btc,1791273600000,85500.0,put,27.46,0.00829168,0.0075,0.0085,85338.95,13.3
1791133833,btc,1806048000000,95000.0,call,37.47,0.06900817,0.0685,0.0695,87401.53,459.5
1791133833,btc,1793347200000,56000.0,call,65.5,0.3462669,0.3445,0.3485,85619.26,0.5
1791133833,btc,1798185600000,70000.0,call,40.94,0.20118797,0.1975,0.2045,86292.54,1884.9
1791133833,btc,1798185600000,30000.0,put,90.56,0.00054954,0.0005,0.0006,86291.95,2229.2
1791133833,btc,1791273600000,89000.0,put,36.27,0.04332407,0.041,0.0455,85338.36,0.0
1791133833,btc,1791532800000,80000.0,put,36.95,0.00102007,0.001,0.0011,85369.35,1004.3
1791133833,btc,1813910400000,95000.0,put,38.4,0.17362339,0.1715,0.1755,88579.34,40.2
1791133833,btc,1821772800000,70000.0,call,40.54,0.2767658,0.2745,0.279,89735.04,4.9
1791133833,btc,1793347200000,70000.0,put,45.84,0.00221666,0.0021,0.0022,85618.67,2081.2
1791133833,btc,1813910400000,82000.0,put,38.82,0.0924359,0.091,0.0935,88579.34,34.7
1791133833,btc,1813910400000,200000.0,call,48.1,0.00523654,0.0046,0.0055,88579.93,234.3
1791133833,btc,1793347200000,68000.0,call,48.59,0.20745674,0.2055,0.2105,85619.26,467.2
1791133833,btc,1792742400000,87000.0,call,33.07,0.02220783,0.022,0.0225,85526.7,29.1
1791133833,btc,1795766400000,75000.0,call,38.46,0.14064066,0.1385,0.144,85955.81,291.4
1791133833,btc,1793347200000,100000.0,call,38.83,0.00318502,0.003,0.0033,85619.26,13080.9
1791133833,btc,1791187200000,93000.0,put,42.67,0.08991519,0.087,0.092,85329.27,0.0
1791133833,btc,1791273600000,91000.0,call,44.63,0.00016687,,0.0002,85338.36,25.9
1791133833,btc,1798185600000,105000.0,call,38.15,0.01395177,0.0135,0.0145,86292.54,965.2
1791133833,btc,1821772800000,160000.0,call,42.31,0.0207024,0.0195,0.022,89735.04,0.2
1791133833,btc,1791273600000,89500.0,put,38.17,0.04908216,0.0465,0.0515,85338.95,0.0
1791133833,btc,1791532800000,72000.0,call,62.68,0.15676005,0.155,0.159,85368.76,0.0
1791133833,btc,1821772800000,116000.0,put,39.25,0.35881918,0.3485,0.372,89735.04,0.0
1791133833,btc,1798185600000,52000.0,call,56.74,0.39975382,0.398,0.402,86292.54,0.1
1791133833,btc,1791446400000,92000.0,call,40.36,0.00050722,0.0004,0.0006,85363.29,0.0
1791133833,btc,1821772800000,116000.0,call,39.25,0.06611523,0.0645,0.0675,89734.45,0.3
1791133833,btc,1792137600000,94000.0,call,37.36,0.00239231,0.0023,0.0026,85448.02,114.3
1791133833,btc,1791360000000,83000.0,call,30.46,0.02939982,0.0275,0.0325,85357.42,0.0
1791133833,btc,1793347200000,81000.0,call,34.22,0.06852924,0.068,0.07,85619.26,694.0
1791133833,btc,1793347200000,55000.0,call,67.95,0.35794386,0.3565,0.36,85619.26,0.1
1791133833,btc,1791273600000,82000.0,call,34.98,0.03951606,0.0375,0.042,85338.36,0.0
1791133833,btc,1798185600000,94000.0,put,36.58,0.1252618,0.12,0.13,86292.54,5.9
1791133833,btc,1821772800000,100000.0,put,38.81,0.22386228,0.2215,0.227,89735.04,0.0
1791133833,btc,1813910400000,66000.0,call,41.26,0.28853823,0.287,0.29,88579.93,25.6
1791133833,btc,1795766400000,60000.0,call,52.42,0.30441351,0.303,0.3075,85955.81,0.8
1791133833,btc,1813910400000,66000.0,put,41.26,0.03363801,0.033,0.0345,88579.93,66.7
1791133833,btc,1791273600000,83500.0,put,28.92,0.00122938,0.0011,0.0013,85338.95,43.5
1791133833,btc,1798185600000,94000.0,call,36.58,0.03593605,0.0355,0.0365,86292.54,666.8
1791133833,btc,1795766400000,68000.0,call,43.8,0.21440133,0.2125,0.218,85956.4,0.0
1791133833,btc,1791273600000,84500.0,call,27.21,0.01314032,0.0125,0.0145,85338.36,9.5
1791133833,btc,1821772800000,170000.0,call,43.25,0.0169602,0.016,0.018,89735.04,2.2
1791133833,btc,1793347200000,105000.0,call,42.21,0.00165931,0.0015,0.0017,85619.26,1218.6
1791133833,btc,1793347200000,55000.0,put,67.95,0.00032772,0.0002,0.0005,85619.26,300.1
1791133833,btc,1813910400000,160000.0,put,43.74,0.81801746,0.804,0.832,88579.93,0.2
1791133833,btc,1791446400000,85500.0,call,30.42,0.01130771,0.0105,0.0115,85363.88,0.0
1791133833,btc,1791273600000,84000.0,call,27.88,0.01769674,0.016,0.02,85338.95,0.0
1791133833,btc,1793347200000,93000.0,call,35.12,0.00993383,0.0095,0.0105,85619.26,661.8
1791133833,btc,1795766400000,85000.0,put,35.85,0.04909284,0.0485,0.0495,85956.4,321.4
1791133833,btc,1791532800000,87000.0,call,33.07,0.00732046,0.007,0.0075,85369.35,670.2
1791133833,btc,1821772800000,82000.0,put,39.33,0.10789208,0.106,0.1095,89735.04,1.2
1791133833,btc,1792742400000,95000.0,put,36.56,0.1149815,0.1115,0.1175,85526.7,0.0
1791133833,btc,1791187200000,84500.0,put,24.73,0.00091383,0.0008,0.001,85329.27,148.2
1791133833,btc,1806048000000,85000.0,call,37.63,0.11584674,0.115,0.1165,87402.12,463.6
1791133833,btc,1813910400000,102000.0,call,38.52,0.0767705,0.0755,0.078,88579.34,53.1
1791133833,btc,1798185600000,110000.0,put,39.34,0.28417896,0.279,0.288,86291.95,81.6
1791133833,btc,1791446400000,94000.0,put,43.39,0.10137937,0.0985,0.104,85363.88,0.0
1791133833,btc,1806048000000,52000.0,put,49.23,0.00700743,0.0065,0.0075,87402.12,322.9
1791133833,btc,1795766400000,87000.0,put,35.77,0.06126952,0.0605,0.0615,85956.4,34.5
1791133833,btc,1791446400000,86500.0,put,31.11,0.02021312,0.0195,0.021,85363.88,0.0
1791133833,btc,1791446400000,85500.0,put,30.42,0.01290992,0.0125,0.0135,85363.88,0.0
1791133833,btc,1791360000000,85500.0,call,29.15,0.00903603,0.0085,0.0095,85356.83,1.8
1791133833,btc,1792742400000,81000.0,call,33.33,0.06298945,0.061,0.0665,85526.11,0.0
1791133833,btc,1791187200000,75000.0,call,56.07,0.12103614,0.1195,0.1235,85329.27,0.0
1791133833,btc,1793347200000,89000.0,call,34.14,0.02035847,0.02,0.021,85619.26,1152.5
1791133833,btc,1791187200000,88500.0,put,37.97,0.03722968,0.0345,0.039,85328.51,0.0
1791133833,btc,1793347200000,61000.0,put,59.27,0.00072535,0.0006,0.0009,85619.26,278.1
1791133833,btc,1813910400000,60000.0,put,43.2,0.02213471,0.0215,0.023,88579.93,243.2
1791133833,btc,1798185600000,125000.0,put,43.33,0.45200293,0.4455,0.457,86292.54,9.3
1791133833,btc,1795766400000,58000.0,call,54.86,0.32727703,0.3255,0.3305,85956.4,1.9
1791133833,btc,1813910400000,112000.0,call,38.98,0.05206632,0.051,0.053,88579.34,0.0
1791133833,btc,1791360000000,90000.0,call,37.24,0.00062197,0.0005,0.0008,85357.42,13.9
1791133833,btc,1791273600000,82500.0,put,32.96,0.00057552,0.0005,0.0007,85338.36,26.0
1791133833,btc,1806048000000,110000.0,put,38.2,0.28936852,0.282,0.2985,87402.12,5.1
1791133833,btc,1806048000000,52000.0,call,49.23,0.41204869,0.4095,0.4145,87402.12,6.0
1791133833,btc,1821772800000,220000.0,put,47.56,1.45935907,1.437,1.4875,89735.04,0.0
1791133833,btc,1813910400000,50000.0,put,47.7,0.01074534,0.01,0.011,88579.34,342.9
1791133833,btc,1793347200000,105000.0,put,42.21,0.22802849,0.2245,0.2305,85619.26,0.3
1791133833,btc,1791187200000,81000.0,put,47.62,2.335e-05,,0.0002,85329.27,83.3
1791133833,btc,1806048000000,68000.0,call,40.8,0.24692881,0.241,0.252,87402.12,190.9
1791133833,btc,1798185600000,52000.0,put,56.74,0.00235956,0.0022,0.0023,86292.54,437.5
1791133833,btc,1793347200000,83000.0,put,33.55,0.02171795,0.0215,0.022,85619.26,663.9
1791133833,btc,1791360000000,82000.0,call,32.77,0.04021942,0.0385,0.0425,85357.42,0.0
1791133833,btc,1791273600000,90000.0,call,39.83,0.00022763,0.0002,0.0004,85338.36,28.1
1791133833,btc,1791273600000,84000.0,put,27.88,0.00202149,0.0018,0.002,85338.95,27.5
1791133833,btc,1791273600000,85500.0,call,27.46,0.0063897,0.006,0.007,85338.36,5.8
1791133833,btc,1798185600000,96000.0,call,36.86,0.03037023,0.03,0.031,86292.54,1516.4
1791133833,btc,1791360000000,85500.0,put,29.15,0.01072331,0.01,0.0115,85357.42,0.8
1791133833,btc,1795766400000,69000.0,put,42.59,0.00601832,0.0055,0.0065,85955.81,123.6
1791133833,btc,1821772800000,125000.0,call,39.69,0.05043146,0.049,0.052,89734.45,3.9
1791133833,btc,1791273600000,87000.0,put,29.79,0.02123635,0.018,0.0235,85338.36,0.0
1791133833,btc,1813910400000,170000.0,call,44.78,0.009215,0.0085,0.01,88579.93,153.0
1791133833,btc,1821772800000,80000.0,call,39.41,0.20612772,0.204,0.208,89735.04,16.5
1791133833,btc,1798185600000,68000.0,call,42.19,0.22200447,0.218,0.2255,86292.54,1023.2
1791133833,btc,1821772800000,76000.0,call,39.81,0.23266115,0.2305,0.2345,89735.04,7.6
1791133833,btc,1795766400000,102000.0,call,38.12,0.00945004,0.009,0.01,85955.81,400.2
1791133833,btc,1813910400000,40000.0,call,54.46,0.55376117,0.5525,0.556,88579.93,24.1
1791133833,btc,1795766400000,100000.0,put,37.54,0.17507779,0.17,0.178,85956.4,26.1
1791133833,btc,1806048000000,100000.0,call,37.61,0.05275232,0.052,0.0535,87402.12,1295.1
1791133833,btc,1791532800000,83000.0,put,31.08,0.00411103,0.0039,0.0041,85369.35,589.0
1791133833,btc,1806048000000,68000.0,put,40.8,0.02495176,0.0245,0.0255,87402.12,573.8
1791133833,btc,1821772800000,88000.0,call,38.99,0.16077502,0.159,0.1625,89735.04,19.2
1791133833,btc,1821772800000,120000.0,put,39.4,0.39570881,0.385,0.4095,89735.04,0.0
1791133833,btc,1795766400000,87000.0,call,35.77,0.04911153,0.0485,0.0495,85955.81,207.0
1791133833,btc,1795766400000,97000.0,put,36.94,0.1449025,0.1395,0.149,85956.4,0.0
1791133833,btc,1791187200000,96000.0,call,47.64,0.0,,0.0001,85329.27,104.2
1791133833,btc,1791360000000,77000.0,call,51.06,0.09801336,0.096,0.1005,85357.42,0.0
1791133833,btc,1821772800000,110000.0,put,39.02,0.30549021,0.2955,0.318,89735.04,0.2
1791133833,btc,1792137600000,100000.0,put,42.66,0.1708983,0.1675,0.1735,85448.61,1.1
1791133833,btc,1791187200000,91000.0,call,42.67,5.4e-07,,0.0001,85329.27,18.3
1791133833,btc,1813910400000,52000.0,put,46.56,0.01233031,0.012,0.013,88579.93,51.0
1791133833,btc,1795766400000,97000.0,call,36.94,0.01640451,0.016,0.017,85955.81,127.1
1791133833,btc,1792137600000,78000.0,put,35.75,0.00209118,0.002,0.0022,85448.02,644.0
1791133833,btc,1821772800000,114000.0,put,39.16,0.34073344,0.33,0.3535,89735.04,0.0
1791133833,btc,1791532800000,78000.0,put,43.23,0.00057493,0.0005,0.0007,85369.35,880.9
1791133833,btc,1795766400000,77000.0,put,37.71,0.01756892,0.017,0.018,85956.4,237.7
1791133833,btc,1795766400000,77000.0,call,37.71,0.12175093,0.1205,0.1225,85955.81,82.4
1791133833,btc,1791273600000,81000.0,put,39.61,0.00023144,0.0002,0.0004,85338.36,5.0
1791133833,btc,1806048000000,125000.0,put,40.07,0.44514321,0.4365,0.455,87402.12,0.1
1791133833,btc,1791187200000,76000.0,call,50.86,0.10931662,0.1075,0.1115,85329.27,0.0
1791133833,btc,1806048000000,115000.0,call,38.76,0.02394136,0.0235,0.0245,87402.12,572.0
1791133833,btc,1806048000000,86000.0,call,37.59,0.1102361,0.1095,0.111,87402.12,363.6
1791133833,btc,1795766400000,62000.0,call,49.82,0.28156858,0.28,0.285,85955.81,0.1
1791133833,btc,1795766400000,80000.0,put,36.51,0.02613356,0.026,0.0265,85956.4,267.7
1791133833,btc,1813910400000,80000.0,put,39.0,0.08264592,0.0815,0.0835,88579.93,55.4
1791133833,btc,1798185600000,55000.0,put,53.36,0.00296703,0.0028,0.003,86292.54,3189.6
1791133833,btc,1792137600000,84000.0,call,32.06,0.03208994,0.0315,0.033,85448.02,36.4
1791133833,btc,1813910400000,30000.0,put,62.35,0.00226512,0.002,0.0026,88579.34,530.2
1791133833,btc,1795766400000,72000.0,call,40.6,0.17138592,0.169,0.1745,85956.4,25.5
1791133833,btc,1793347200000,102000.0,call,40.09,0.00239942,0.0022,0.0026,85619.26,333.0
1791133833,btc,1795766400000,83000.0,put,36.03,0.03863699,0.038,0.039,85956.4,178.0
1791133833,btc,1821772800000,210000.0,call,46.55,0.00858529,0.008,0.0095,89734.45,20.6
1791133833,btc,1791360000000,94000.0,call,45.68,8.31e-05,,0.0003,85357.42,0.0
1791133833,btc,1795766400000,79000.0,call,37.0,0.10400179,0.103,0.105,85956.4,149.0
1791133833,btc,1791273600000,96000.0,put,48.11,0.12494354,0.1225,0.127,85338.36,0.0
1791133833,btc,1806048000000,102000.0,call,37.73,0.04742811,0.047,0.048,87402.12,113.4
1791133833,btc,1798185600000,78000.0,put,37.73,0.03015673,0.0295,0.031,86291.95,1448.8
1791133833,btc,1821772800000,82000.0,call,39.33,0.19408411,0.192,0.196,89734.45,0.3
1791133833,btc,1813910400000,76000.0,put,39.42,0.06511593,0.064,0.066,88579.34,73.7
1791133833,btc,1791446400000,84500.0,call,29.56,0.01742557,0.017,0.0185,85363.88,0.0
1791133833,btc,1792742400000,85000.0,call,32.68,0.03252431,0.032,0.033,85526.11,2.3
1791133833,btc,1813910400000,78000.0,call,39.18,0.19289748,0.1915,0.1945,88579.93,104.2
1791133833,btc,1795766400000,81000.0,call,36.48,0.08774759,0.087,0.0885,85956.4,162.9
1791133833,btc,1795766400000,96000.0,put,36.67,0.13512561,0.131,0.1375,85956.4,0.0
1791133833,btc,1821772800000,190000.0,put,44.9,1.12905799,1.112,1.153,89735.04,0.0
1791133833,btc,1813910400000,62000.0,call,42.52,0.32560035,0.324,0.327,88579.34,117.9
1791133833,btc,1792742400000,80000.0,call,33.96,0.07246109,0.0705,0.076,85526.7,0.0
1791133833,btc,1821772800000,94000.0,call,38.84,0.13278067,0.131,0.1345,89735.04,1.1
1791133833,btc,1795766400000,104000.0,put,38.75,0.21762644,0.2135,0.2205,85955.81,0.0
1791133833,btc,1806048000000,58000.0,call,45.25,0.34741377,0.3425,0.3515,87402.12,4.3
1791133833,btc,1791187200000,82000.0,put,43.1,7.507e-05,,0.0001,85328.51,13.1
1791133833,btc,1806048000000,94000.0,call,37.44,0.07273754,0.072,0.0735,87402.12,184.8
1791133833,btc,1791273600000,88500.0,put,34.38,0.03761165,0.035,0.04,85338.36,0.0
1791133833,btc,1806048000000,72000.0,call,39.56,0.21056013,0.2035,0.2155,87402.12,88.9
1791133833,btc,1813910400000,50000.0,call,47.7,0.44627581,0.443,0.449,88579.34,20.2
1791133833,btc,1798185600000,55000.0,call,53.36,0.36559558,0.364,0.368,86292.54,122.4
1791133833,btc,1795766400000,99000.0,call,37.19,0.01293853,0.0125,0.0135,85955.81,31.4
1791133833,btc,1798185600000,240000.0,call,69.22,0.00013155,,0.0003,86292.54,785.6
1791133833,btc,1821772800000,50000.0,call,46.23,0.45855211,0.455,0.462,89735.04,1.5
1791133833,btc,1791360000000,88000.0,call,32.75,0.00193367,0.0018,0.0021,85357.42,8.5
1791133833,btc,1792742400000,73000.0,call,42.4,0.14825874,0.1465,0.1505,85526.11,0.0
1791133833,btc,1806048000000,66000.0,put,41.45,0.02109063,0.0205,0.0215,87402.12,99.5
1791133833,btc,1798185600000,75000.0,call,38.6,0.15242865,0.148,0.1565,86291.95,1924.6
1791133833,btc,1791187200000,90000.0,put,42.67,0.05476269,0.052,0.057,85329.27,0.0
1791133833,btc,1813910400000,114000.0,call,39.15,0.04841099,0.0475,0.0495,88579.93,6.0
1791133833,btc,1792742400000,92000.0,call,34.82,0.00777469,0.0075,0.008,85526.11,226.3
1791133833,btc,1806048000000,35000.0,put,63.46,0.001768,0.0016,0.0021,87402.12,609.6
1791133833,btc,1792137600000,89000.0,call,34.13,0.00935404,0.009,0.0095,85448.02,480.9
1791133833,btc,1813910400000,30000.0,call,62.35,0.6635834,0.663,0.6655,88579.34,87.4
1791133833,btc,1793347200000,73000.0,call,41.29,0.15063652,0.1485,0.154,85619.26,577.9
1791133833,btc,1793347200000,81000.0,put,34.22,0.01458546,0.014,0.015,85619.26,601.4
1791133833,btc,1791446400000,87000.0,put,31.82,0.02457147,0.0225,0.0265,85363.88,0.0
1791133833,btc,1806048000000,64000.0,put,42.36,0.01803097,0.0175,0.0185,87402.12,125.8
1791133833,btc,1791187200000,84000.0,call,28.04,0.01601936,0.0145,0.018,85328.51,5.8
1791133833,btc,1806048000000,115000.0,put,38.76,0.33971548,0.3315,0.349,87402.12,3.0
1791133833,btc,1806048000000,35000.0,call,63.46,0.60131501,0.6005,0.603,87401.53,21.8
1791133833,btc,1792742400000,86000.0,call,32.69,0.02683223,0.0265,0.0275,85526.11,24.2
1791133833,btc,1813910400000,54000.0,put,45.6,0.01426984,0.0135,0.015,88579.93,50.5
1791133833,btc,1793347200000,115000.0,put,49.46,0.34380529,0.3395,0.3465,85619.26,34.6
1791133833,btc,1791187200000,81500.0,call,46.84,0.04491352,0.043,0.0475,85329.27,0.0
1791133833,btc,1793347200000,77000.0,call,36.88,0.10719648,0.105,0.1105,85619.26,210.7
1791133833,btc,1795766400000,106000.0,put,39.54,0.23959288,0.2345,0.2425,85956.4,0.0
1791133833,btc,1793347200000,104000.0,call,41.51,0.00187053,0.0017,0.0019,85619.26,285.8
1791133833,btc,1821772800000,90000.0,put,38.95,0.15393115,0.152,0.1555,89735.04,2.6
1791133833,btc,1795766400000,91000.0,put,35.89,0.0905705,0.0895,0.0915,85955.81,0.1
1791133833,btc,1791360000000,83500.0,call,29.69,0.02436098,0.0225,0.0275,85357.42,0.0
1791133833,btc,1806048000000,108000.0,put,38.12,0.27010171,0.264,0.2785,87402.12,0.1
1791133833,btc,1806048000000,180000.0,call,49.11,0.00277971,0.0025,0.0031,87402.12,689.4
1791133833,btc,1806048000000,84000.0,put,37.72,0.08289576,0.082,0.0835,87401.53,427.4
1791133833,btc,1792742400000,81000.0,put,33.33,0.01007807,0.0095,0.0105,85526.11,27.3
1791133833,btc,1821772800000,100000.0,call,38.81,0.10946233,0.1075,0.1115,89735.04,11.4
1791133833,btc,1821772800000,96000.0,put,38.84,0.19443321,0.192,0.197,89734.45,0.0
1791133833,btc,1792137600000,85000.0,put,32.48,0.02053468,0.02,0.021,85448.61,34.8
1791133833,btc,1793347200000,72000.0,put,42.67,0.00281828,0.0027,0.0029,85619.26,1053.3
1791133833,btc,1793347200000,50000.0,put,76.12,0.00018096,0.0001,0.0003,85619.26,428.8
1791133833,btc,1792742400000,89000.0,put,33.55,0.05531182,0.052,0.0575,85526.11,0.0
1791133833,btc,1791187200000,85000.0,put,22.62,0.00209833,0.0019,0.0022,85329.27,210.7
1791133833,btc,1791446400000,81000.0,put,34.44,0.00091368,0.0008,0.001,85363.88,50.0
1791133833,btc,1793347200000,78000.0,call,36.19,0.09701391,0.095,0.1005,85619.26,492.0
1791133833,btc,1791360000000,94000.0,put,45.68,0.10135333,0.0985,0.104,85356.83,0.0
1791133833,btc,1791360000000,86000.0,call,29.79,0.00677392,0.006,0.007,85357.42,22.1
1791133833,btc,1806048000000,88000.0,call,37.52,0.09962559,0.099,0.1005,87401.53,327.0
1791133833,btc,1793347200000,83000.0,call,33.55,0.05230231,0.052,0.0535,85619.26,707.8
1791133833,btc,1806048000000,74000.0,put,39.09,0.04023456,0.0395,0.0405,87402.12,229.2
1791133833,btc,1806048000000,170000.0,call,47.68,0.00355358,0.0034,0.0038,87402.12,1003.3
1791133833,btc,1795766400000,85000.0,call,35.85,0.06020753,0.0595,0.061,85955.81,679.6
1791133833,btc,1806048000000,74000.0,call,39.09,0.19356252,0.1865,0.1985,87402.12,66.8
1791133833,btc,1798185600000,64000.0,put,44.83,0.00652487,0.0065,0.007,86292.54,380.7
1791133833,btc,1806048000000,54000.0,call,47.65,0.39016985,0.3875,0.393,87401.53,0.1
1791133833,btc,1791532800000,84000.0,call,30.69,0.02314257,0.0225,0.024,85369.35,422.8
1791133833,btc,1813910400000,96000.0,put,38.4,0.18096893,0.179,0.183,88579.34,0.1
1791133833,btc,1795766400000,91000.0,call,35.89,0.0318765,0.0315,0.0325,85955.81,227.5
1791133833,btc,1792137600000,87000.0,put,33.18,0.03400573,0.033,0.0345,85448.02,24.5
1791133833,btc,1806048000000,120000.0,put,39.4,0.39180859,0.3835,0.401,87401.53,9.9
1791133833,btc,1813910400000,84000.0,put,38.76,0.10324395,0.1025,0.1045,88579.34,507.4
1791133833,btc,1791532800000,65000.0,call,72.46,0.23859776,0.237,0.2405,85369.35,0.7
1791133833,btc,1791532800000,79000.0,call,39.89,0.07533172,0.0735,0.0775,85369.35,31.0
1791133833,btc,1793347200000,78000.0,put,36.19,0.00803101,0.0075,0.0085,85619.26,1226.3
1791133833,btc,1791532800000,84000.0,put,30.69,0.00711841,0.0065,0.0075,85369.35,233.6
1791133833,btc,1791532800000,70000.0,call,69.6,0.18014733,0.1785,0.1825,85368.76,0.2
1791133833,btc,1791360000000,90000.0,put,37.24,0.05502964,0.052,0.0575,85357.42,0.0
1791133833,btc,1792137600000,80000.0,call,33.66,0.06775871,0.066,0.0705,85448.02,10.6
1791133833,btc,1791532800000,80000.0,call,36.95,0.06390022,0.062,0.0665,85369.35,424.8
1791133833,btc,1806048000000,104000.0,put,37.83,0.2324704,0.2265,0.2405,87402.12,0.1
1791133833,btc,1791360000000,79000.0,put,43.24,0.00021959,0.0001,0.0003,85357.42,8.0
1791133833,btc,1791446400000,90000.0,put,36.61,0.05554323,0.053,0.058,85363.88,0.0
1791133833,btc,1821772800000,94000.0,put,38.84,0.18031663,0.178,0.183,89735.04,0.0
1791133833,btc,1821772800000,78000.0,put,39.55,0.08813783,0.0865,0.0895,89735.04,0.1
1791133833,btc,1791360000000,87000.0,put,30.79,0.02282453,0.02,0.025,85356.83,0.0
1791133833,btc,1806048000000,94000.0,put,37.44,0.14823986,0.1475,0.149,87402.12,19.4
1791133833,btc,1791187200000,74000.0,call,59.47,0.13275565,0.131,0.135,85329.27,4.4
1791133833,btc,1798185600000,100000.0,put,37.34,0.18028326,0.1755,0.185,86292.54,302.9
1791133833,btc,1798185600000,75000.0,put,38.6,0.02157154,0.021,0.022,86292.54,1743.2
1791133833,btc,1795766400000,76000.0,put,37.91,0.01508125,0.015,0.0155,85955.81,174.2
1791133833,btc,1791273600000,76000.0,put,52.16,3.62e-06,,0.0002,85338.36,3.6
1791133833,btc,1795766400000,120000.0,put,44.9,0.39810516,0.3925,0.402,85955.81,9.9
1791133833,btc,1792137600000,83000.0,put,32.21,0.01110177,0.0105,0.0115,85448.02,491.3
1791133833,btc,1806048000000,76000.0,call,38.54,0.17705362,0.176,0.1785,87402.12,541.7
1791133833,btc,1791187200000,77000.0,put,49.19,0.0,,0.0001,85328.51,35.0
1791133833,btc,1813910400000,92000.0,call,38.45,0.11385758,0.1125,0.115,88579.34,28.6
1791133833,btc,1791360000000,84500.0,call,29.18,0.01562975,0.0145,0.0165,85357.42,4.1
1791133833,btc,1791187200000,87500.0,call,32.98,0.00017162,,0.0002,85328.51,6.3
1791133833,btc,1793347200000,65000.0,put,53.0,0.00114622,0.001,0.0013,85619.26,1255.4
1791133833,btc,1793347200000,59000.0,put,62.07,0.00055272,0.0005,0.0007,85619.26,313.3
1791133833,btc,1791360000000,91000.0,put,40.23,0.06653361,0.0635,0.069,85357.42,0.0
1791133833,btc,1792742400000,84000.0,put,32.69,0.02113339,0.0205,0.0215,85526.11,15.0
1791133833,btc,1793347200000,82000.0,call,33.88,0.06014847,0.0595,0.0615,85619.26,1332.6
1791133833,btc,1798185600000,120000.0,put,41.9,0.39526938,0.389,0.4,86292.54,35.8
1791133833,btc,1793347200000,110000.0,call,46.09,0.00101939,0.0009,0.0012,85619.26,1255.8
1791133833,btc,1791532800000,83000.0,call,31.08,0.03184919,0.03,0.034,85369.35,85.5
1791133833,btc,1798185600000,220000.0,put,66.61,1.54969622,1.5375,1.557,86292.54,0.0
1791133833,btc,1813910400000,70000.0,put,40.35,0.04420508,0.0435,0.0455,88579.93,148.0
1791133833,btc,1791532800000,88000.0,put,34.44,0.03569594,0.033,0.0375,85368.76,9.2
1791133833,btc,1806048000000,65000.0,call,41.93,0.27584361,0.2705,0.2795,87402.12,229.7
1791133833,btc,1791187200000,77000.0,call,49.19,0.0975971,0.096,0.0995,85329.27,0.0
1791133833,btc,1806048000000,130000.0,call,40.73,0.0119643,0.0115,0.0125,87402.12,1193.3
1791133833,btc,1813910400000,180000.0,call,45.63,0.00723516,0.0065,0.008,88579.34,66.7
1791133833,btc,1791187200000,94000.0,put,42.67,0.10163471,0.0985,0.104,85329.27,0.0
1791133833,btc,1793347200000,77000.0,put,36.88,0.00653388,0.006,0.007,85619.26,645.9
1791133833,btc,1795766400000,60000.0,put,52.42,0.00245351,0.0023,0.0025,85956.4,241.0
1791133833,btc,1821772800000,114000.0,call,39.16,0.07031749,0.069,0.072,89735.04,0.0
1791133833,btc,1821772800000,78000.0,call,39.55,0.21890586,0.217,0.221,89734.45,12.2
1791133833,btc,1791532800000,76000.0,put,48.6,0.00031016,0.0002,0.0004,85369.35,645.9
1791133833,btc,1806048000000,84000.0,call,37.72,0.12180858,0.121,0.1225,87402.12,331.0
1791133833,btc,1792137600000,90000.0,put,34.32,0.06021779,0.0575,0.0625,85448.61,3.1
1791133833,btc,1813910400000,160000.0,call,43.74,0.01171496,0.011,0.0125,88579.93,698.4
1791133833,btc,1791446400000,88000.0,call,33.48,0.00332131,0.0031,0.0036,85363.88,0.0
1791133833,btc,1813910400000,170000.0,put,44.78,0.92841142,0.913,0.9435,88579.93,15.0
1791133833,btc,1791187200000,87000.0,put,27.07,0.0197834,0.018,0.0215,85328.51,23.0
1791133833,btc,1791187200000,89000.0,call,38.77,2.088e-05,,0.0001,85329.27,20.7
1791133833,btc,1795766400000,74000.0,put,39.06,0.0115472,0.011,0.012,85956.4,107.9
1791133833,btc,1798185600000,230000.0,call,66.62,0.00013022,0.0001,0.0003,86292.54,190.7
1791133833,btc,1791446400000,89000.0,put,35.12,0.04463378,0.042,0.047,85363.88,0.0
1791133833,btc,1821772800000,98000.0,call,38.81,0.11674917,0.115,0.1185,89735.04,0.5
1791133833,btc,1795766400000,95000.0,put,36.47,0.12563871,0.1215,0.1295,85956.4,0.1
1791133833,btc,1813910400000,98000.0,call,38.46,0.08995624,0.089,0.091,88579.34,112.0
1791133833,btc,1798185600000,50000.0,put,58.84,0.00197861,0.0018,0.002,86292.54,2212.5
1791133833,btc,1792137600000,70000.0,put,49.51,0.000331,0.0002,0.0005,85448.61,93.9
1791133833,btc,1821772800000,60000.0,put,42.74,0.03078664,0.0295,0.032,89734.45,18.5
1791133833,btc,1791187200000,93000.0,call,42.67,0.0,,0.0001,85329.27,1.2
1791133833,btc,1791273600000,85000.0,call,27.2,0.00936032,0.009,0.01,85338.95,5.8
1791133833,btc,1798185600000,54000.0,put,54.41,0.00273146,0.0025,0.0029,86291.95,1907.2
1791133833,btc,1798185600000,92000.0,put,36.53,0.10899712,0.108,0.11,86292.54,23.0
1791133833,btc,1806048000000,78000.0,put,38.25,0.05429291,0.054,0.0545,87402.12,392.2
1791133833,btc,1795766400000,90000.0,call,35.81,0.03557101,0.035,0.036,85955.81,3212.9
1791133833,btc,1798185600000,108000.0,call,38.8,0.01095162,0.0105,0.011,86292.54,165.6
1791133833,btc,1798185600000,60000.0,put,48.36,0.00452685,0.0043,0.0048,86292.54,6265.9
1791133833,btc,1821772800000,106000.0,put,38.89,0.271593,0.269,0.2755,89735.04,0.0
1791133833,btc,1813910400000,58000.0,call,44.02,0.3644919,0.3605,0.367,88579.34,13.8
1791133833,btc,1798185600000,250000.0,put,71.26,1.89726598,1.883,1.911,86292.54,10.0
1791133833,btc,1806048000000,190000.0,put,50.91,1.17625447,1.1645,1.191,87402.12,0.9
1791133833,btc,1798185600000,160000.0,call,53.15,0.00077891,0.0006,0.001,86292.54,1406.9
1791133833,btc,1791187200000,92000.0,put,42.67,0.07819571,0.075,0.0805,85329.27,0.0
1791133833,btc,1791446400000,91000.0,call,38.51,0.00078231,0.0006,0.0008,85363.29,0.0
1791133833,btc,1795766400000,82000.0,call,36.21,0.08013737,0.0795,0.081,85955.81,149.8
1791133833,btc,1798185600000,88000.0,put,36.41,0.07963297,0.079,0.08,86292.54,145.2
1791133833,btc,1791187200000,87500.0,put,32.98,0.02562946,0.024,0.027,85328.51,12.5
1791133833,btc,1791273600000,79000.0,put,50.66,0.00012309,,0.0003,85338.36,3.8
1791133833,btc,1798185600000,96000.0,put,36.86,0.14287313,0.138,0.1475,86291.95,50.8
1791133833,btc,1798185600000,90000.0,call,36.46,0.05075741,0.05,0.0515,86292.54,3764.5
1791133833,btc,1806048000000,66000.0,call,41.45,0.2659507,0.2605,0.271,87402.12,23.9
1791133833,btc,1791187200000,87000.0,call,27.07,0.00018532,0.0001,0.0003,85329.27,176.4
1791133833,btc,1813910400000,62000.0,put,42.52,0.02554257,0.0245,0.0265,88579.93,115.8
1791133833,btc,1821772800000,118000.0,call,39.33,0.06216263,0.0605,0.064,89735.04,0.1
1791133833,btc,1795766400000,89000.0,call,35.81,0.03974053,0.039,0.04,85955.81,512.5
1791133833,btc,1806048000000,200000.0,put,52.71,1.2903791,1.2755,1.306,87402.12,1.0
1791133833,btc,1806048000000,45000.0,call,54.26,0.48910848,0.4885,0.4915,87402.12,4.8
1791133833,btc,1792137600000,81000.0,put,32.77,0.00556775,0.005,0.006,85448.02,117.8
1791133833,btc,1791360000000,86500.0,put,30.49,0.0184203,0.0175,0.019,85356.83,0.0
1791133833,btc,1791532800000,75000.0,put,52.91,0.00029191,0.0002,0.0004,85368.76,1747.9
1791133833,btc,1793347200000,95000.0,call,35.89,0.006958,0.007,0.0075,85619.26,24103.4
1791133833,btc,1806048000000,160000.0,call,45.7,0.00437542,0.0041,0.0046,87402.12,1034.4
1791133833,btc,1792742400000,96000.0,call,37.3,0.00348006,0.0033,0.0037,85526.7,0.6
1791133833,btc,1793347200000,50000.0,call,76.12,0.41619563,0.415,0.418,85619.26,1.1
1791133833,btc,1798185600000,66000.0,put,43.4,0.00803187,0.008,0.0085,86292.54,421.0
1791133833,btc,1793347200000,96000.0,call,36.52,0.00594948,0.0055,0.0065,85619.26,1611.7
1791133833,btc,1791187200000,78000.0,call,49.15,0.0858776,0.084,0.0885,85329.27,0.0
1791133833,btc,1792137600000,84000.0,put,32.06,0.01515443,0.015,0.0155,85448.02,95.7
1791133833,btc,1791360000000,92000.0,call,41.35,0.0002101,0.0001,0.0004,85357.42,0.1
1791133833,btc,1791446400000,88000.0,put,33.48,0.03421013,0.031,0.036,85363.88,0.0
1791133833,btc,1792742400000,80000.0,put,33.96,0.00785725,0.0075,0.0085,85526.7,538.8
1791133833,btc,1806048000000,92000.0,put,37.45,0.13354301,0.1325,0.134,87402.12,16.7
1791133833,btc,1798185600000,190000.0,put,59.75,1.20215197,1.1915,1.2085,86292.54,0.0
1791133833,btc,1795766400000,64000.0,put,47.6,0.00350766,0.0033,0.0035,85955.81,54.0
1791133833,btc,1791187200000,86500.0,call,25.29,0.00046558,0.0004,0.0006,85328.51,121.1
1791133833,btc,1798185600000,35000.0,call,80.98,0.59514454,0.5945,0.5965,86292.54,87.9
1791133833,btc,1798185600000,160000.0,put,53.15,0.85495041,0.8475,0.86,86292.54,0.1
1791133833,btc,1795766400000,89000.0,put,35.81,0.07516652,0.0745,0.0755,85955.81,41.6
1791133833,btc,1798185600000,120000.0,call,41.9,0.00464075,0.0044,0.0049,86292.54,5797.6
1791133833,btc,1791187200000,94000.0,call,42.67,0.0,,0.0001,85329.27,31.1
1791133833,btc,1806048000000,72000.0,put,39.56,0.03434915,0.034,0.035,87401.53,192.5
1791133833,btc,1791360000000,84500.0,put,29.18,0.0056014,0.005,0.006,85356.83,2.6
1791133833,btc,1821772800000,65000.0,call,41.54,0.31794354,0.3155,0.32,89734.45,2.0
1791133833,btc,1798185600000,150000.0,call,50.52,0.00109862,0.0009,0.0013,86292.54,1738.4
1791133833,btc,1821772800000,88000.0,put,38.99,0.14144698,0.1395,0.143,89735.04,1.3
1791133833,btc,1793347200000,58000.0,put,62.8,0.00044301,0.0003,0.0006,85619.26,329.4
1791133833,btc,1813910400000,190000.0,call,47.02,0.00620939,0.0055,0.007,88579.34,67.0
1791133833,btc,1806048000000,58000.0,put,45.25,0.01102159,0.0105,0.0115,87402.12,149.7
1791133833,btc,1792137600000,88000.0,call,33.41,0.01207719,0.0115,0.0125,85448.61,123.5
1791133833,btc,1791446400000,90000.0,call,36.61,0.00122511,0.0011,0.0013,85363.29,0.2
1791133833,btc,1795766400000,96000.0,call,36.67,0.01826358,0.018,0.0185,85956.4,345.7
1791133833,btc,1813910400000,100000.0,call,38.48,0.08310422,0.082,0.0845,88579.34,203.2
1791133833,btc,1791273600000,81500.0,put,37.81,0.0003274,0.0002,0.0004,85338.36,0.0
1791133833,btc,1795766400000,72000.0,put,40.6,0.00903392,0.0085,0.0095,85956.4,84.8
1791133833,btc,1798185600000,66000.0,call,43.4,0.24318613,0.241,0.246,86292.54,267.2
1791133833,btc,1792742400000,105000.0,call,43.98,0.0007826,0.0007,0.001,85526.7,31.3
1791133833,btc,1791446400000,87000.0,call,31.82,0.00539729,0.005,0.006,85363.88,2.2
1791133833,btc,1798185600000,102000.0,call,37.58,0.01793516,0.0175,0.0185,86292.54,497.1
1791133833,btc,1792742400000,70000.0,put,47.0,0.00109642,0.001,0.0011,85526.11,34.6
1791133833,btc,1806048000000,104000.0,call,37.83,0.04255294,0.042,0.043,87402.12,136.5
1791133833,btc,1792742400000,95000.0,call,36.56,0.00419856,0.004,0.0044,85526.11,6.3
1791133833,btc,1795766400000,66000.0,put,45.93,0.0045024,0.0044,0.0046,85955.81,175.1
1791133833,btc,1793347200000,84000.0,call,33.52,0.04534192,0.045,0.0465,85619.26,1292.7
1791133833,btc,1798185600000,170000.0,call,55.59,0.00057269,0.0004,0.0008,86291.95,2018.6
1791133833,btc,1795766400000,112000.0,put,41.53,0.30663432,0.3015,0.3105,85955.81,0.0
1791133833,btc,1793347200000,85000.0,put,33.74,0.03202252,0.031,0.032,85619.26,763.9
1791133833,btc,1806048000000,130000.0,put,40.73,0.49936113,0.4905,0.5095,87402.12,0.5
1791133833,btc,1795766400000,58000.0,put,54.86,0.00204903,0.0018,0.0023,85956.4,273.0
1791133833,btc,1806048000000,80000.0,put,38.06,0.06298051,0.0625,0.0635,87402.12,348.5
1791133833,btc,1795766400000,86000.0,put,35.74,0.05488108,0.054,0.0555,85955.81,95.8
1791133833,btc,1791273600000,81000.0,call,39.61,0.05106115,0.049,0.0535,85338.95,0.0
1791133833,btc,1791360000000,81500.0,call,34.73,0.04588957,0.044,0.048,85356.83,0.0
1791133833,btc,1793347200000,52000.0,call,72.25,0.39286923,0.3915,0.3945,85619.26,0.1
1791133833,btc,1806048000000,40000.0,call,58.23,0.54491306,0.5445,0.547,87402.12,82.1
1791133833,btc,1821772800000,125000.0,put,39.69,0.4434314,0.4325,0.458,89735.04,0.0
1791133833,btc,1813910400000,64000.0,call,41.91,0.30691435,0.305,0.3085,88579.93,33.5
1791133833,btc,1821772800000,180000.0,put,44.06,1.01987993,1.0035,1.042,89735.04,0.1
1791133833,btc,1806048000000,85000.0,put,37.63,0.08837544,0.0875,0.089,87402.12,32.5
1791133833,btc,1813910400000,180000.0,put,45.63,1.03932548,1.0225,1.0555,88579.93,0.0
1791133833,btc,1791360000000,80000.0,call,40.38,0.06311951,0.061,0.0655,85357.42,0.0
1791133833,btc,1813910400000,65000.0,put,41.62,0.03155491,0.0305,0.0325,88579.34,51.4
1791133833,btc,1806048000000,55000.0,call,46.81,0.37923041,0.3765,0.382,87402.12,29.5
1791133833,btc,1806048000000,62000.0,call,43.21,0.30588589,0.3005,0.3095,87402.12,52.3
1791133833,btc,1793347200000,75000.0,put,38.86,0.00451511,0.0043,0.0047,85619.26,1885.9
1791133833,btc,1813910400000,150000.0,put,42.5,0.70837085,0.698,0.7215,88579.34,1.1
1791133833,btc,1793347200000,92000.0,call,34.82,0.01191381,0.0115,0.0125,85619.26,2426.0
1791133833,btc,1791273600000,90000.0,put,39.83,0.05486129,0.052,0.057,85338.36,0.0
1791133833,btc,1813910400000,52000.0,call,46.56,0.42528199,0.422,0.428,88579.93,1.1
1791133833,btc,1813910400000,125000.0,put,39.97,0.44361227,0.435,0.4545,88579.93,0.0
1791133833,btc,1791446400000,95000.0,put,46.51,0.11306511,0.11,0.1155,85363.88,0.0
1791133833,btc,1791273600000,88000.0,call,32.89,0.00081023,0.0007,0.0009,85338.36,36.5
1791133833,btc,1806048000000,112000.0,call,38.48,0.02793001,0.0275,0.0285,87402.12,99.3
1791133833,btc,1791187200000,89000.0,put,38.77,0.043058,0.0405,0.045,85329.27,0.0
1791133833,btc,1793347200000,84000.0,put,33.52,0.02643727,0.026,0.027,85618.67,779.6
1791133833,btc,1791360000000,81000.0,put,36.85,0.00058602,0.0004,0.0008,85356.83,6.7
1791133833,btc,1806048000000,82000.0,call,37.85,0.1342219,0.1335,0.1355,87402.12,1232.8
1791133833,btc,1793347200000,67000.0,call,50.14,0.21895048,0.217,0.221,85619.26,108.4
1791133833,btc,1793347200000,89000.0,put,34.14,0.05985235,0.0585,0.0605,85619.26,4.3
1791133833,btc,1791532800000,87000.0,put,33.07,0.02643829,0.0255,0.027,85369.35,123.5
1791133833,btc,1791532800000,68000.0,call,69.61,0.20348532,0.202,0.205,85369.35,1.9
1791133833,btc,1791187200000,81500.0,put,46.84,5.425e-05,,0.0002,85328.51,19.3
1791133833,btc,1791187200000,86000.0,put,23.1,0.00897481,0.007,0.0105,85329.27,1.6
1791133833,btc,1791187200000,83000.0,put,36.53,0.00019129,0.0001,0.0003,85328.51,193.5
1791133833,btc,1813910400000,88000.0,call,38.56,0.13301748,0.1315,0.1345,88579.34,52.4
1791133833,btc,1798185600000,74000.0,put,39.09,0.01941751,0.019,0.02,86291.95,187.2
1791133833,btc,1813910400000,45000.0,call,50.71,0.49948383,0.4985,0.502,88579.34,15.4
1791133833,btc,1791446400000,82500.0,put,31.14,0.00208949,0.0019,0.0022,85363.88,1.0
1791133833,btc,1795766400000,88000.0,call,35.79,0.04424574,0.0435,0.0445,85955.81,1087.7
1791133833,btc,1813910400000,54000.0,call,45.6,0.40464275,0.401,0.4075,88579.34,1.0
1791133833,btc,1791273600000,87500.0,put,31.2,0.02650701,0.0245,0.028,85338.36,27.0
1791133833,btc,1791273600000,86000.0,put,27.89,0.01195146,0.011,0.0125,85338.36,0.6
1791133833,btc,1791273600000,86000.0,call,27.89,0.00419041,0.004,0.0044,85338.36,15.4
1791133833,btc,1798185600000,84000.0,call,36.71,0.08235373,0.082,0.083,86292.54,1249.4
1791133833,btc,1793347200000,65000.0,call,53.0,0.2419653,0.24,0.244,85619.26,427.4
1791133833,btc,1792137600000,87000.0,call,33.18,0.01583179,0.0155,0.0165,85448.02,496.0
1791133833,btc,1792742400000,70000.0,call,47.0,0.18262478,0.181,0.1855,85526.11,0.0
1791133833,btc,1791532800000,76000.0,call,48.6,0.11004631,0.1085,0.1125,85369.35,50.2
1791133833,btc,1798185600000,76000.0,call,38.24,0.14335973,0.139,0.1475,86292.54,480.4
1791133833,btc,1791187200000,76000.0,put,50.86,0.0,,0.0001,85328.51,3.2
1791133833,btc,1791446400000,87500.0,call,32.68,0.00424865,0.004,0.0044,85363.88,0.0
1791133833,btc,1791187200000,88000.0,put,34.13,0.0313882,0.0285,0.0335,85329.27,0.0
1791133833,btc,1813910400000,86000.0,put,38.63,0.11443928,0.113,0.1155,88579.93,2.1
1791133833,btc,1792742400000,76000.0,call,37.98,0.11449285,0.1125,0.117,85526.11,0.0
1791133833,btc,1813910400000,92000.0,put,38.45,0.15248152,0.151,0.154,88579.93,0.3
1791133833,btc,1792742400000,105000.0,put,43.98,0.22849006,0.225,0.231,85526.11,0.0
1791133833,btc,1795766400000,70000.0,put,42.12,0.00702299,0.0065,0.0075,85955.81,231.8
1791133833,btc,1795766400000,76000.0,call,37.91,0.13089726,0.129,0.134,85955.81,27.5
1791133833,btc,1821772800000,220000.0,call,47.56,0.00767918,0.007,0.008,89734.45,18.9
1791133833,btc,1798185600000,88000.0,call,36.41,0.05983865,0.0595,0.0605,86292.54,4027.0
1791133833,btc,1793347200000,72000.0,call,42.67,0.16187941,0.16,0.165,85619.26,742.7
1791133833,btc,1791360000000,76000.0,call,55.57,0.1097099,0.108,0.112,85357.42,0.0
1791133833,btc,1813910400000,56000.0,put,44.82,0.01664786,0.016,0.0175,88579.93,85.5
1791133833,btc,1806048000000,105000.0,put,37.92,0.24175071,0.2355,0.25,87402.12,2.4
1791133833,btc,1792742400000,90000.0,put,33.93,0.06421936,0.061,0.0665,85526.11,0.3
1791133833,btc,1793347200000,63000.0,call,55.95,0.26507083,0.2635,0.2675,85618.67,148.3
1791133833,btc,1791446400000,78000.0,put,44.65,0.00033335,0.0002,0.0005,85363.88,0.1
1791133833,btc,1791360000000,78000.0,put,48.14,0.00018475,0.0001,0.0003,85356.83,5.4
1791133833,btc,1791187200000,80000.0,put,47.77,2.61e-06,,0.0001,85329.27,58.9
1791133833,btc,1793347200000,73000.0,put,41.29,0.00325509,0.0031,0.0034,85619.26,1543.4
1791133833,btc,1793347200000,93000.0,put,35.12,0.09614653,0.0925,0.099,85619.26,2.0
1791133833,btc,1793347200000,56000.0,put,65.5,0.00033047,0.0002,0.0005,85619.26,469.8
1791133833,btc,1821772800000,130000.0,put,40.07,0.4926531,0.481,0.5075,89735.04,4.0
1791133833,btc,1793347200000,115000.0,call,49.46,0.00063904,0.0005,0.0008,85619.26,218.5
1791133833,btc,1791187200000,92000.0,call,42.67,3e-08,,0.0001,85329.27,1.4
1791133833,btc,1795766400000,69000.0,call,42.59,0.20327232,0.2015,0.2065,85955.81,0.0
1791133833,btc,1798185600000,85000.0,call,36.62,0.07623449,0.0755,0.077,86291.95,3146.8
1791133833,btc,1798185600000,98000.0,put,37.02,0.16109757,0.1565,0.167,86292.54,3.5
1791133833,btc,1791187200000,85500.0,call,21.82,0.00266608,0.0025,0.0029,85328.51,230.8
1791133833,btc,1792137600000,100000.0,call,42.66,0.00058343,0.0005,0.0006,85448.02,336.9
1791133833,btc,1798185600000,78000.0,call,37.73,0.12624812,0.1255,0.127,86292.54,1087.4
1791133833,btc,1792137600000,90000.0,call,34.32,0.0069344,0.0065,0.0075,85448.61,608.5
1791133833,btc,1795766400000,115000.0,call,42.66,0.00283025,0.0026,0.0031,85955.81,45.0
1791133833,btc,1791532800000,77000.0,put,46.2,0.0004357,0.0003,0.0005,85368.76,228.5
1791133833,btc,1806048000000,75000.0,put,38.84,0.04340673,0.043,0.044,87402.12,21.1
1791133833,btc,1791273600000,94000.0,put,48.11,0.10151832,0.0985,0.104,85338.95,0.0
1791133833,btc,1791273600000,97000.0,call,48.11,2.5e-07,,0.0001,85338.36,0.0
1791133833,btc,1791187200000,80000.0,call,47.77,0.06244116,0.0605,0.065,85329.27,0.0
1791133833,eth,1795766400000,3100.0,put,50.72,0.172517,0.1655,0.177,2714.41,19.0
1791133833,eth,1821772800000,2300.0,put,55.49,0.116954,0.115,0.1185,2816.51,26.0
1791133833,eth,1791446400000,3100.0,call,67.66,0.000548,0.0004,0.0007,2701.82,263.0
1791133833,eth,1813910400000,2900.0,put,54.18,0.207169,0.2045,0.2085,2785.14,471.0
1791133833,eth,1793347200000,2150.0,call,57.6,0.209366,0.2085,0.2115,2705.98,988.0
1791133833,eth,1791360000000,2680.0,put,38.55,0.009309,0.009,0.01,2701.99,89.0
1791133833,eth,1813910400000,4800.0,put,57.04,0.764387,0.75,0.7765,2785.12,0.0
1791133833,eth,1821772800000,2600.0,call,55.06,0.246267,0.244,0.248,2816.51,0.0
1791133833,eth,1806048000000,4200.0,put,55.71,0.55753,0.5455,0.5675,2753.03,7.0
1791133833,eth,1792742400000,2550.0,put,46.0,0.017956,0.0175,0.0185,2704.51,16.0
1791133833,eth,1791532800000,2650.0,put,40.66,0.010064,0.0095,0.0105,2701.9,1862.0
1791133833,eth,1806048000000,1000.0,put,77.0,0.003323,0.0029,0.0038,2753.03,6813.0
1791133833,eth,1813910400000,3500.0,put,54.58,0.359341,0.347,0.374,2785.12,678.0
1791133833,eth,1793347200000,1750.0,call,75.88,0.354136,0.3535,0.3565,2705.98,102.0
1791133833,eth,1791273600000,2900.0,call,55.81,0.000416,0.0003,0.0006,2701.48,95.0
1791133833,eth,1791187200000,2450.0,put,75.6,7e-06,,0.0001,2701.46,87.0
1791133833,eth,1791360000000,2540.0,call,51.12,0.061395,0.0595,0.0635,2701.99,0.0
1791133833,eth,1813910400000,3400.0,call,54.47,0.111049,0.11,0.1125,2785.12,646.0
1791133833,eth,1821772800000,3900.0,put,55.38,0.491556,0.4775,0.5075,2816.51,0.0
1791133833,eth,1791187200000,2820.0,call,47.28,9.5e-05,,0.0002,2701.46,452.0
1791133833,eth,1806048000000,2800.0,put,53.28,0.155289,0.1545,0.156,2753.05,411.0
1791133833,eth,1798185600000,2400.0,call,52.33,0.163897,0.163,0.165,2724.13,12780.0
1791133833,eth,1791446400000,2840.0,call,45.52,0.003186,0.0031,0.0034,2701.82,0.0
1791133833,eth,1791360000000,2560.0,put,48.46,0.00176,0.0016,0.0019,2701.99,1.0
1791133833,eth,1795766400000,2300.0,call,52.75,0.174215,0.1735,0.1765,2714.41,76.0
1791133833,eth,1806048000000,2900.0,call,53.25,0.123946,0.123,0.125,2753.05,2731.0
1791133833,eth,1813910400000,2200.0,put,55.37,0.081416,0.08,0.0825,2785.12,378.0
1791133833,eth,1792742400000,2700.0,call,44.67,0.041035,0.0405,0.0415,2704.51,88.0
1791133833,eth,1791187200000,2880.0,put,62.04,0.066161,0.063,0.069,2701.46,0.0
1791133833,eth,1798185600000,8000.0,put,76.55,1.936993,1.919,1.9505,2724.13,73.0
1791133833,eth,1793347200000,2500.0,call,47.81,0.095802,0.095,0.097,2705.98,6334.0
1791133833,eth,1821772800000,3600.0,put,55.12,0.406724,0.394,0.4215,2816.51,0.0
1791133833,eth,1795766400000,2400.0,call,51.5,0.145858,0.145,0.148,2714.41,415.0
1791133833,eth,1795766400000,3500.0,put,53.47,0.3014,0.294,0.3065,2714.41,6.0
1791133833,eth,1792742400000,3000.0,call,47.4,0.009961,0.0095,0.0105,2704.54,619.0
1791133833,eth,1806048000000,3300.0,put,53.57,0.278791,0.269,0.2905,2753.03,139.0
1791133833,eth,1791360000000,2480.0,call,59.55,0.083038,0.0815,0.0855,2701.99,0.0
1791133833,eth,1791187200000,2920.0,call,66.6,1.9e-05,,0.0001,2701.46,38.0
1791133833,eth,1798185600000,1400.0,call,74.07,0.48881,0.488,0.4905,2724.13,1387.0
1791133833,eth,1806048000000,2600.0,put,53.5,0.115811,0.115,0.1165,2753.03,1388.0
1791133833,eth,1791187200000,2680.0,call,28.47,0.009652,0.008,0.012,2701.46,42.0
1791133833,eth,1791446400000,2740.0,call,39.98,0.009903,0.0095,0.0105,2701.82,1.0
1791133833,eth,1791273600000,2720.0,put,34.62,0.013056,0.012,0.0135,2701.62,81.0
1791133833,eth,1806048000000,2800.0,call,53.28,0.138221,0.1375,0.139,2753.03,7361.0
1791133833,eth,1792742400000,3100.0,call,49.55,0.00645,0.006,0.007,2704.51,136.0
1791133833,eth,1791187200000,2800.0,call,39.33,7.7e-05,0.0001,0.0002,2701.46,1420.0
1791133833,eth,1821772800000,1500.0,put,60.67,0.031871,0.0305,0.033,2816.53,859.0
1791133833,eth,1792137600000,2700.0,put,43.76,0.03054,0.03,0.031,2703.18,1569.0
1791133833,eth,1791446400000,2580.0,call,44.11,0.048319,0.0475,0.0505,2701.82,0.0
1791133833,eth,1792742400000,2400.0,call,49.41,0.12023,0.1195,0.1225,2704.51,0.0
1791133833,eth,1795766400000,2000.0,call,59.22,0.271191,0.27,0.2735,2714.41,9.0
1791133833,eth,1791360000000,2820.0,call,45.07,0.002571,0.0024,0.0028,2701.99,102.0
1791133833,eth,1798185600000,1800.0,call,61.82,0.347556,0.3465,0.3495,2724.13,2432.0
1791133833,eth,1792137600000,2550.0,call,45.47,0.067553,0.0665,0.0695,2703.18,111.0
1791133833,eth,1793347200000,2250.0,put,53.88,0.00601,0.0055,0.0065,2705.98,3400.0
1791133833,eth,1806048000000,4800.0,put,57.62,0.762346,0.75,0.777,2753.03,40.0
1791133833,eth,1793347200000,2900.0,call,47.21,0.023507,0.023,0.024,2705.98,4944.0
1791133833,eth,1795766400000,3800.0,call,56.24,0.006471,0.006,0.007,2714.41,1618.0
1791133833,eth,1791532800000,2800.0,call,43.27,0.006693,0.0065,0.007,2701.92,2637.0
1791133833,eth,1813910400000,4400.0,put,56.16,0.632965,0.6205,0.6435,2785.12,1.0
1791133833,eth,1821772800000,4400.0,put,56.04,0.642294,0.6285,0.659,2816.53,0.0
1791133833,eth,1791360000000,2500.0,put,56.38,0.001001,0.0008,0.0012,2701.99,0.0
1791133833,eth,1798185600000,1500.0,put,70.55,0.003599,0.0033,0.0039,2724.13,16432.0
1791133833,eth,1791187200000,2600.0,call,46.46,0.037698,0.035,0.041,2701.46,0.0
1791133833,eth,1806048000000,4200.0,call,55.71,0.031927,0.0315,0.0325,2753.03,2912.0
1791133833,eth,1793347200000,1000.0,call,108.79,0.630455,0.63,0.632,2705.95,0.0
1791133833,eth,1813910400000,3100.0,put,54.23,0.254168,0.251,0.256,2785.14,210.0
1791133833,eth,1791532800000,2100.0,put,91.56,0.000214,0.0001,0.0004,2701.9,1144.0
1791133833,eth,1791532800000,2200.0,put,80.55,0.000328,0.0002,0.0005,2701.92,3674.0
1791133833,eth,1795766400000,2700.0,call,49.68,0.078321,0.078,0.0795,2714.39,2432.0
1791133833,eth,1792137600000,2650.0,call,43.94,0.041777,0.041,0.0425,2703.18,480.0
1791133833,eth,1792137600000,2400.0,put,51.25,0.003913,0.0037,0.0041,2703.18,1229.0
1791133833,eth,1821772800000,2200.0,put,55.75,0.10192,0.1,0.1035,2816.51,72.0
1791133833,eth,1813910400000,2100.0,put,55.88,0.06912,0.068,0.07,2785.12,864.0
1791133833,eth,1798185600000,1000.0,call,89.53,0.633664,0.633,0.635,2724.13,75.0
1791133833,eth,1798185600000,2800.0,put,51.09,0.112028,0.1115,0.1125,2724.13,3534.0
1791133833,eth,1791273600000,2700.0,put,35.19,0.009073,0.0085,0.0095,2701.48,313.0
1791133833,eth,1791446400000,2450.0,put,57.71,0.000994,0.0008,0.0012,2701.84,0.0
1791133833,eth,1791187200000,3000.0,put,77.02,0.110535,0.107,0.1135,2701.46,0.0
1791133833,eth,1793347200000,1800.0,put,74.04,0.001094,0.001,0.0013,2705.98,3950.0
1791133833,eth,1795766400000,3100.0,call,50.72,0.030447,0.03,0.031,2714.41,2028.0
1791133833,eth,1821772800000,3300.0,put,54.92,0.32708,0.315,0.3415,2816.53,0.0
1791133833,eth,1798185600000,4400.0,put,58.86,0.621284,0.612,0.629,2724.15,20.0
1791133833,eth,1791187200000,3100.0,call,77.28,0.0,,0.0001,2701.46,70.0
1791133833,eth,1821772800000,4300.0,call,55.89,0.084627,0.0825,0.0865,2816.53,0.0
1791133833,eth,1798185600000,7000.0,put,73.01,1.570166,1.554,1.5815,2724.13,0.0
1791133833,eth,1792742400000,2650.0,put,44.83,0.030696,0.03,0.031,2704.51,131.0
1791133833,eth,1813910400000,4000.0,call,55.4,0.070481,0.0695,0.0715,2785.14,4644.0
1791133833,eth,1791446400000,2560.0,call,45.88,0.055093,0.0535,0.0575,2701.82,0.0
1791133833,eth,1791273600000,2600.0,put,45.63,0.001476,0.0013,0.0016,2701.48,200.0
1791133833,eth,1792137600000,2500.0,call,46.84,0.08272,0.082,0.085,2703.18,113.0
1791133833,eth,1806048000000,1800.0,call,59.23,0.371089,0.37,0.373,2753.03,3251.0
1791133833,eth,1791273600000,2860.0,call,49.26,0.000562,0.0005,0.0008,2701.62,6.0
1791133833,eth,1791273600000,2680.0,call,35.83,0.013979,0.0135,0.015,2701.62,108.0
1791133833,eth,1791187200000,2920.0,put,66.6,0.080936,0.0775,0.084,2701.44,0.0
1791133833,eth,1791446400000,2660.0,call,39.45,0.024501,0.024,0.0255,2701.82,0.0
1791133833,eth,1792137600000,3100.0,call,51.84,0.003027,0.0029,0.0032,2703.18,712.0
1791133833,eth,1813910400000,1900.0,call,57.34,0.366633,0.3655,0.3685,2785.12,373.0
1791133833,eth,1791360000000,2840.0,put,47.29,0.053185,0.049,0.0565,2701.99,0.0
1791133833,eth,1806048000000,2000.0,put,56.81,0.038341,0.0375,0.039,2753.03,2663.0
1791133833,eth,1813910400000,3900.0,call,55.17,0.075665,0.0745,0.077,2785.12,481.0
1791133833,eth,1792137600000,2000.0,put,76.83,0.000578,0.0004,0.0008,2703.2,91.0
1791133833,eth,1791446400000,2900.0,put,50.71,0.075274,0.0715,0.0785,2701.84,0.0
1791133833,eth,1791360000000,2740.0,call,39.33,0.007507,0.0075,0.008,2701.99,928.0
1791133833,eth,1795766400000,2150.0,call,55.46,0.220944,0.2205,0.223,2714.41,2.0
1791133833,eth,1791532800000,3000.0,call,56.9,0.001442,0.0013,0.0016,2701.9,6065.0
1791133833,eth,1795766400000,3400.0,call,52.66,0.01497,0.0145,0.0155,2714.41,1023.0
1791133833,eth,1791360000000,2450.0,put,63.22,0.000677,0.0005,0.0008,2701.99,111.0
1791133833,eth,1795766400000,3000.0,call,50.35,0.038897,0.0385,0.0395,2714.41,15557.0
1791133833,eth,1813910400000,6000.0,call,59.7,0.020706,0.02,0.0215,2785.12,2721.0
1791133833,eth,1791532800000,2600.0,call,42.42,0.043289,0.042,0.0455,2701.9,228.0
1791133833,eth,1806048000000,4500.0,put,56.64,0.658846,0.645,0.671,2753.03,0.0
1791133833,eth,1795766400000,4200.0,put,60.29,0.550573,0.5415,0.557,2714.41,0.0
1791133833,eth,1795766400000,1600.0,put,72.09,0.00225,0.0019,0.0026,2714.41,415.0
1791133833,eth,1795766400000,2300.0,put,52.75,0.021557,0.021,0.022,2714.41,767.0
1791133833,eth,1806048000000,3000.0,put,53.28,0.200857,0.2,0.202,2753.03,439.0
1791133833,eth,1792137600000,2750.0,call,43.99,0.023662,0.023,0.024,2703.18,908.0
1791133833,eth,1813910400000,3900.0,put,55.17,0.475973,0.4645,0.49,2785.14,50.0
1791133833,eth,1798185600000,5200.0,put,64.56,0.911454,0.9005,0.9205,2724.15,0.0
1791133833,eth,1798185600000,4800.0,call,61.85,0.003867,0.0036,0.0041,2724.13,3494.0
1791133833,eth,1791187200000,2560.0,put,58.77,0.000108,,0.0002,2701.46,328.0
1791133833,eth,1795766400000,4800.0,call,66.16,0.001427,0.0011,0.0017,2714.41,11.0
1791133833,eth,1813910400000,4400.0,call,56.16,0.053129,0.052,0.0545,2785.14,173.0
1791133833,eth,1813910400000,2000.0,put,56.47,0.058157,0.057,0.059,2785.12,1845.0
1791133833,eth,1798185600000,2700.0,put,51.16,0.091486,0.091,0.092,2724.14,4474.0
1791133833,eth,1791360000000,2640.0,put,40.54,0.005051,0.0046,0.0055,2701.99,28.0
1791133833,eth,1795766400000,2650.0,put,49.91,0.064024,0.063,0.0645,2714.39,779.0
1791133833,eth,1791360000000,2560.0,call,48.46,0.054307,0.0525,0.0565,2701.99,0.0
1791133833,eth,1791446400000,2580.0,put,44.11,0.003242,0.003,0.0035,2701.82,0.0
1791133833,eth,1821772800000,4600.0,call,56.3,0.071648,0.0695,0.0735,2816.53,14.0
1791133833,eth,1798185600000,7000.0,call,73.01,0.000519,0.0004,0.0008,2724.13,3956.0
1791133833,eth,1798185600000,1800.0,put,61.82,0.008323,0.008,0.0085,2724.13,6173.0
1791133833,eth,1795766400000,3600.0,call,54.6,0.00983,0.0095,0.01,2714.41,6842.0
1791133833,eth,1791273600000,2760.0,put,36.57,0.024225,0.022,0.0255,2701.48,2.0
1791133833,eth,1813910400000,1400.0,put,63.65,0.018088,0.0175,0.0185,2785.12,1804.0
1791133833,eth,1813910400000,1600.0,call,60.47,0.452801,0.452,0.455,2785.14,358.0
1791133833,eth,1795766400000,2950.0,call,50.18,0.04388,0.0435,0.0445,2714.39,836.0
1791133833,eth,1795766400000,2750.0,call,49.67,0.069948,0.0695,0.071,2714.41,3134.0
1791133833,eth,1798185600000,5000.0,call,63.24,0.003139,0.0028,0.0034,2724.15,4259.0
1791133833,eth,1791273600000,2300.0,call,92.53,0.148695,0.148,0.151,2701.48,0.0
1791133833,eth,1806048000000,3900.0,call,54.85,0.042711,0.042,0.0435,2753.03,41.0
1791133833,eth,1806048000000,2900.0,put,53.25,0.177338,0.1765,0.1785,2753.05,309.0
1791133833,eth,1813910400000,4500.0,call,56.37,0.049669,0.0485,0.051,2785.12,1421.0
1791133833,eth,1791532800000,3400.0,call,81.89,0.00021,0.0001,0.0004,2701.92,5010.0
1791133833,eth,1792742400000,3200.0,put,51.7,0.187464,0.1825,0.191,2704.51,0.0
1791133833,eth,1795766400000,2900.0,call,50.02,0.04942,0.049,0.05,2714.39,3973.0
1791133833,eth,1806048000000,4400.0,put,56.35,0.624843,0.6125,0.6345,2753.03,2.0
1791133833,eth,1793347200000,1600.0,put,84.53,0.000547,0.0004,0.0007,2705.98,3647.0
1791133833,eth,1791273600000,3200.0,call,94.49,7.4e-05,,0.0002,2701.62,1135.0
1791133833,eth,1813910400000,4200.0,call,55.79,0.061111,0.06,0.0625,2785.12,574.0
1791133833,eth,1795766400000,4800.0,put,66.16,0.769793,0.7605,0.7765,2714.41,0.0
1791133833,eth,1791187200000,2900.0,put,64.38,0.073545,0.07,0.0765,2701.46,0.0
1791133833,eth,1791187200000,2640.0,put,38.51,0.000513,0.0004,0.0006,2701.46,588.0
1791133833,eth,1821772800000,3200.0,call,54.84,0.16561,0.1635,0.1675,2816.51,2502.0
1791133833,eth,1791446400000,2760.0,put,40.81,0.029362,0.0275,0.03,2701.84,1.0
1791133833,eth,1791273600000,2980.0,call,66.07,0.000207,0.0001,0.0004,2701.62,670.0
1791133833,eth,1795766400000,2500.0,put,50.48,0.041102,0.0405,0.0415,2714.39,2471.0
1791133833,eth,1791360000000,2680.0,call,38.55,0.017444,0.017,0.0185,2701.99,1.0
1791133833,eth,1791446400000,2700.0,call,39.42,0.015983,0.0155,0.0165,2701.82,18.0
1791133833,eth,1806048000000,1000.0,call,77.0,0.640084,0.6395,0.6415,2753.03,269.0
1791133833,eth,1813910400000,3300.0,call,54.36,0.120159,0.119,0.1215,2785.12,2277.0
1791133833,eth,1791187200000,2400.0,put,75.71,1e-06,,0.0001,2701.46,112.0
1791133833,eth,1795766400000,4000.0,call,58.32,0.004538,0.0043,0.0048,2714.41,1956.0
1791133833,eth,1791273600000,2960.0,call,62.16,0.000207,0.0001,0.0004,2701.62,157.0
1791133833,eth,1813910400000,1500.0,call,61.95,0.48369,0.483,0.4855,2785.14,50.0
1791133833,eth,1791446400000,3100.0,put,67.66,0.147915,0.144,0.1515,2701.82,0.0
1791133833,eth,1798185600000,6500.0,put,71.21,1.386895,1.373,1.399,2724.13,0.0
1791133833,eth,1792137600000,2200.0,call,63.14,0.187486,0.1865,0.1895,2703.2,0.0
1791133833,eth,1791446400000,2600.0,call,42.86,0.041876,0.041,0.044,2701.84,0.0
1791133833,eth,1806048000000,3600.0,call,54.12,0.058136,0.0575,0.059,2753.03,2028.0
1791133833,eth,1791273600000,2640.0,put,39.69,0.002765,0.0026,0.0029,2701.62,390.0
1791133833,eth,1791273600000,2940.0,call,60.97,0.000286,0.0002,0.0005,2701.48,8.0
1791133833,eth,1806048000000,3400.0,put,53.71,0.30687,0.297,0.315,2753.03,13.0
1791133833,eth,1793347200000,1400.0,call,93.28,0.482829,0.482,0.4845,2705.95,50.0
1791133833,eth,1791360000000,2840.0,call,47.29,0.002104,0.002,0.0023,2701.99,281.0
1791133833,eth,1791532800000,2750.0,put,41.28,0.028917,0.028,0.0295,2701.9,1522.0
1791133833,eth,1798185600000,2600.0,call,51.32,0.118895,0.118,0.1195,2724.13,9000.0
1791133833,eth,1813910400000,2400.0,call,54.68,0.248701,0.2475,0.251,2785.12,939.0
1791133833,eth,1813910400000,5000.0,call,57.39,0.035958,0.035,0.037,2785.12,5165.0
1791133833,eth,1813910400000,2500.0,put,54.51,0.127228,0.1255,0.1285,2785.12,3299.0
1791133833,eth,1793347200000,1850.0,put,71.45,0.001293,0.0011,0.0015,2705.98,1304.0
1791133833,eth,1791187200000,2560.0,call,58.77,0.052454,0.0495,0.0555,2701.46,0.0
1791133833,eth,1791360000000,3100.0,call,73.52,0.000319,0.0002,0.0005,2701.99,1.0
1791133833,eth,1791360000000,2620.0,call,41.75,0.034024,0.0325,0.036,2701.99,0.0
1791133833,eth,1791273600000,2560.0,put,51.88,0.000863,0.0007,0.001,2701.62,590.0
1791133833,eth,1793347200000,3050.0,call,48.62,0.012996,0.0125,0.0135,2705.95,2101.0
1791133833,eth,1791273600000,2740.0,put,35.18,0.01821,0.016,0.019,2701.48,3.0
1791133833,eth,1791532800000,2600.0,put,42.42,0.005568,0.0055,0.006,2701.9,1912.0
1791133833,eth,1798185600000,4200.0,call,57.56,0.007976,0.0075,0.0085,2724.13,6309.0
1791133833,eth,1791187200000,2860.0,call,56.81,5.8e-05,,0.0002,2701.46,118.0
1791133833,eth,1792137600000,3200.0,put,55.38,0.185728,0.181,0.1895,2703.2,0.0
1791133833,eth,1791187200000,2550.0,call,60.41,0.056132,0.0535,0.06,2701.46,0.0
1791133833,eth,1806048000000,8000.0,put,67.62,1.908802,1.886,1.93,2753.03,0.0
1791133833,eth,1813910400000,6500.0,put,60.76,1.35007,1.3305,1.3655,2785.12,0.0
1791133833,eth,1792137600000,2600.0,call,44.47,0.053778,0.0525,0.0555,2703.18,126.0
1791133833,eth,1793347200000,2550.0,call,47.21,0.082589,0.082,0.0835,2705.98,2496.0
1791133833,eth,1795766400000,2600.0,call,49.92,0.097556,0.097,0.099,2714.39,1117.0
1791133833,eth,1806048000000,5000.0,put,58.27,0.83218,0.819,0.847,2753.03,21.0
1791133833,eth,1791187200000,2760.0,call,29.88,0.000203,0.0001,0.0004,2701.46,2216.0
1791133833,eth,1791273600000,2500.0,put,60.77,0.000413,0.0003,0.0006,2701.48,194.0
1791133833,eth,1793347200000,3200.0,call,50.58,0.007335,0.007,0.0075,2705.98,16978.0
1791133833,eth,1791360000000,2700.0,call,38.27,0.013295,0.013,0.014,2701.99,303.0
1791133833,eth,1806048000000,800.0,call,83.31,0.711058,0.7105,0.7125,2753.05,0.0
1791133833,eth,1806048000000,4400.0,call,56.35,0.026592,0.026,0.027,2753.03,955.0
1791133833,eth,1798185600000,3000.0,put,51.26,0.159867,0.1575,0.161,2724.15,842.0
1791133833,eth,1813910400000,4100.0,call,55.6,0.065603,0.0645,0.067,2785.12,3.0
1791133833,eth,1821772800000,5500.0,put,57.67,0.998223,0.981,1.013,2816.53,0.0
1791133833,eth,1792742400000,3000.0,put,47.4,0.119224,0.1145,0.123,2704.51,0.0
1791133833,eth,1813910400000,1900.0,put,57.34,0.048835,0.0475,0.0495,2785.12,3370.0
1791133833,eth,1792137600000,3000.0,put,48.88,0.115018,0.1115,0.1185,2703.2,10.0
1791133833,eth,1795766400000,3400.0,put,52.66,0.267563,0.2605,0.273,2714.41,3.0
1791133833,eth,1798185600000,4500.0,call,59.79,0.005475,0.005,0.006,2724.15,3348.0
1791133833,eth,1793347200000,1000.0,put,108.79,1.2e-05,,0.0001,2705.95,2460.0
1791133833,eth,1813910400000,1400.0,call,63.65,0.515413,0.5145,0.517,2785.12,50.0
1791133833,eth,1806048000000,2300.0,call,54.52,0.233903,0.233,0.236,2753.03,5130.0
1791133833,eth,1806048000000,6000.0,call,61.62,0.007962,0.0075,0.008,2753.03,5412.0
1791133833,eth,1798185600000,3500.0,put,53.16,0.308583,0.3,0.315,2724.13,70.0
1791133833,eth,1791273600000,2680.0,put,35.83,0.006028,0.0055,0.0065,2701.62,653.0
1791133833,eth,1821772800000,2400.0,call,55.32,0.281196,0.272,0.29,2816.51,1.0
1791133833,eth,1821772800000,2000.0,put,56.54,0.075774,0.074,0.0775,2816.52,174.0
1791133833,eth,1791273600000,2580.0,put,49.1,0.001153,0.001,0.0013,2701.62,179.0
1791133833,eth,1793347200000,3400.0,put,53.88,0.260211,0.255,0.2645,2705.95,1.0
1791133833,eth,1806048000000,3500.0,put,53.92,0.33596,0.3265,0.344,2753.03,24.0
1791133833,eth,1821772800000,2700.0,put,54.98,0.189113,0.187,0.191,2816.53,481.0
1791133833,eth,1798185600000,5200.0,call,64.56,0.002574,0.0023,0.0028,2724.15,9570.0
1791133833,eth,1795766400000,4400.0,call,62.39,0.002437,0.0022,0.0027,2714.41,1165.0
1791133833,eth,1791532800000,2300.0,call,71.82,0.149397,0.1485,0.1515,2701.9,18.0
1791133833,eth,1791532800000,2850.0,put,46.01,0.058989,0.055,0.0625,2701.9,74.0
1791133833,eth,1793347200000,2250.0,call,53.88,0.174506,0.174,0.177,2705.95,603.0
1791133833,eth,1821772800000,3800.0,call,55.25,0.113422,0.1115,0.1155,2816.51,1002.0
1791133833,eth,1821772800000,3100.0,put,54.85,0.277574,0.2665,0.2915,2816.51,100.0
1791133833,eth,1793347200000,1900.0,put,69.03,0.001547,0.0013,0.0018,2705.98,1241.0
1791133833,eth,1793347200000,2900.0,put,47.21,0.095223,0.0935,0.096,2705.95,145.0
1791133833,eth,1791273600000,2980.0,put,66.07,0.103306,0.0995,0.1065,2701.48,0.0
1791133833,eth,1791532800000,2100.0,call,91.56,0.222989,0.2215,0.225,2701.9,0.0
1791133833,eth,1821772800000,2400.0,put,55.32,0.13332,0.1315,0.135,2816.53,52.0
1791133833,eth,1791360000000,3000.0,put,64.73,0.110921,0.1075,0.1145,2701.99,0.0
1791133833,eth,1791446400000,2800.0,put,43.05,0.041299,0.039,0.0425,2701.82,1.0
1791133833,eth,1806048000000,900.0,call,79.91,0.675445,0.675,0.677,2753.03,68.0
1791133833,eth,1798185600000,4600.0,put,60.78,0.693616,0.6835,0.7005,2724.13,0.0
1791133833,eth,1792742400000,3400.0,put,56.74,0.259285,0.254,0.263,2704.51,0.0
1791133833,eth,1795766400000,1800.0,call,65.25,0.341116,0.34,0.343,2714.41,0.0
1791133833,eth,1806048000000,900.0,put,79.91,0.00236,0.002,0.0028,2753.05,918.0
1791133833,eth,1791273600000,3000.0,put,68.3,0.110675,0.107,0.1135,2701.48,0.0
1791133833,eth,1795766400000,3150.0,put,50.97,0.187457,0.1805,0.192,2714.41,18.0
1791133833,eth,1791360000000,2820.0,put,45.07,0.04625,0.0425,0.0495,2701.99,0.0
1791133833,eth,1813910400000,2600.0,put,54.32,0.145169,0.1435,0.1465,2785.12,404.0
1791133833,eth,1791187200000,2480.0,call,75.59,0.081988,0.0795,0.085,2701.44,0.0
1791133833,eth,1791273600000,2620.0,put,42.55,0.001987,0.0018,0.0021,2701.48,10.0
1791133833,eth,1791187200000,2660.0,call,33.46,0.016226,0.015,0.0185,2701.46,150.0
1791133833,eth,1793347200000,3100.0,put,49.35,0.156411,0.1505,0.1605,2705.95,0.0
1791133833,eth,1793347200000,2300.0,put,52.25,0.007535,0.007,0.008,2705.95,18964.0
1791133833,eth,1791360000000,2950.0,call,58.94,0.000824,0.0007,0.001,2701.99,86.0
1791133833,eth,1791187200000,2620.0,put,43.18,0.000303,0.0002,0.0004,2701.46,1042.0
1791133833,eth,1793347200000,3600.0,put,57.87,0.332557,0.327,0.3365,2705.95,18.0
1791133833,eth,1792137600000,3400.0,call,61.66,0.000831,0.0007,0.0009,2703.18,808.0
1791133833,eth,1791273600000,2640.0,call,39.69,0.025523,0.024,0.0275,2701.48,30.0
1791133833,eth,1795766400000,2100.0,put,56.57,0.011019,0.0105,0.0115,2714.41,2325.0
1791133833,eth,1798185600000,3000.0,call,51.26,0.058595,0.058,0.059,2724.14,12765.0
1791133833,eth,1792742400000,2400.0,put,49.41,0.00764,0.0075,0.008,2704.51,73.0
1791133833,eth,1791273600000,2840.0,put,46.69,0.052001,0.0485,0.055,2701.48,0.0
1791133833,eth,1791187200000,2300.0,call,76.85,0.148593,0.147,0.151,2701.46,0.0
1791133833,eth,1798185600000,4200.0,put,57.56,0.549764,0.541,0.5575,2724.13,62.0
1791133833,eth,1806048000000,2100.0,call,55.9,0.284326,0.283,0.2865,2753.05,854.0
1791133833,eth,1806048000000,1300.0,call,68.71,0.535397,0.5345,0.537,2753.03,36.0
1791133833,eth,1798185600000,2200.0,put,54.3,0.026075,0.0255,0.0265,2724.15,9671.0
1791133833,eth,1821772800000,4200.0,put,55.75,0.580803,0.566,0.5975,2816.51,0.0
1791133833,eth,1795766400000,2900.0,put,50.02,0.117808,0.1165,0.118,2714.41,886.0
1791133833,eth,1793347200000,2200.0,put,55.67,0.004831,0.0046,0.005,2705.95,4505.0
1791133833,eth,1795766400000,2200.0,call,54.61,0.205029,0.204,0.207,2714.41,1.0
1791133833,eth,1821772800000,3900.0,call,55.38,0.106854,0.1045,0.1085,2816.51,61.0
1791133833,eth,1792742400000,2800.0,call,45.03,0.025995,0.0255,0.0265,2704.51,382.0
1791133833,eth,1798185600000,2100.0,call,55.67,0.24868,0.2475,0.2505,2724.15,1377.0
1791133833,eth,1793347200000,2500.0,put,47.81,0.019696,0.0195,0.02,2705.98,4725.0
1791133833,eth,1791360000000,2520.0,put,54.21,0.001245,0.0011,0.0013,2701.99,2.0
1791133833,eth,1791187200000,2840.0,call,51.82,7e-05,,0.0002,2701.46,257.0
1791133833,eth,1795766400000,1800.0,put,65.25,0.004254,0.004,0.0045,2714.41,1355.0
1791133833,eth,1791360000000,2400.0,put,69.03,0.000435,0.0003,0.0006,2701.99,153.0
1791133833,eth,1821772800000,3500.0,put,55.04,0.379518,0.367,0.394,2816.51,0.0
1791133833,eth,1806048000000,4800.0,call,57.62,0.018799,0.018,0.0195,2753.03,3480.0
1791133833,eth,1795766400000,3150.0,call,50.97,0.026967,0.0265,0.0275,2714.39,1096.0
1791133833,eth,1793347200000,2850.0,call,46.87,0.028569,0.028,0.029,2705.98,1751.0
1791133833,eth,1791187200000,2850.0,call,54.81,6.8e-05,,0.0002,2701.46,48.0
1791133833,eth,1798185600000,3300.0,call,52.2,0.033859,0.033,0.0345,2724.13,3910.0
1791133833,eth,1791446400000,2560.0,put,45.88,0.002596,0.0024,0.0028,2701.82,0.0
1791133833,eth,1792742400000,3100.0,put,49.55,0.152688,0.1475,0.156,2704.51,0.0
1791133833,eth,1793347200000,2150.0,put,57.6,0.003914,0.0037,0.0041,2705.98,4854.0
1791133833,eth,1795766400000,2500.0,call,50.48,0.120078,0.1195,0.1215,2714.41,1780.0
1791133833,eth,1791187200000,2880.0,call,62.04,5.2e-05,,0.0001,2701.46,544.0
1791133833,eth,1791273600000,2450.0,put,67.13,0.000216,0.0001,0.0004,2701.48,10.0
1791133833,eth,1791446400000,2640.0,call,40.57,0.029921,0.029,0.031,2701.82,0.0
1791133833,eth,1791446400000,2500.0,call,52.63,0.076244,0.0745,0.0785,2701.82,0.0
1791133833,eth,1798185600000,1200.0,call,81.53,0.561004,0.5605,0.5625,2724.13,341.0
1791133833,eth,1795766400000,2450.0,put,50.86,0.0351,0.0345,0.0355,2714.41,1413.0
1791133833,eth,1798185600000,3500.0,call,53.16,0.023762,0.023,0.0245,2724.13,32956.0
1791133833,eth,1821772800000,4100.0,put,55.61,0.550617,0.536,0.5665,2816.51,0.0
1791133833,eth,1791187200000,2520.0,call,68.38,0.067213,0.0645,0.071,2701.46,0.0
1791133833,eth,1806048000000,7000.0,put,64.86,1.547277,1.528,1.568,2753.03,0.0
1791133833,eth,1806048000000,2500.0,put,53.75,0.098622,0.098,0.0995,2753.03,2190.0
1791133833,eth,1798185600000,1200.0,put,81.53,0.001515,0.0015,0.0017,2724.13,6712.0
1791133833,eth,1793347200000,4000.0,call,65.01,0.000836,0.0007,0.001,2705.95,2795.0
1791133833,eth,1813910400000,5500.0,call,58.56,0.026952,0.026,0.028,2785.12,647.0
1791133833,eth,1791187200000,2580.0,call,53.82,0.045093,0.0425,0.048,2701.46,0.0
1791133833,eth,1813910400000,4600.0,call,56.56,0.046445,0.0455,0.0475,2785.12,203.0
1791133833,eth,1813910400000,5200.0,call,57.87,0.03196,0.031,0.033,2785.12,23.0
1791133833,eth,1791273600000,2720.0,call,34.62,0.006201,0.006,0.0065,2701.48,767.0
1791133833,eth,1793347200000,2400.0,call,49.75,0.125277,0.1245,0.1275,2705.98,3660.0
1791133833,eth,1806048000000,1300.0,put,68.71,0.007608,0.007,0.008,2753.03,1864.0
1791133833,eth,1795766400000,2350.0,call,52.13,0.159771,0.159,0.162,2714.41,52.0
1791133833,eth,1813910400000,4500.0,put,56.37,0.66541,0.652,0.6765,2785.14,1.0
1791133833,eth,1791187200000,2450.0,call,75.6,0.093073,0.0905,0.096,2701.46,0.0
1791133833,eth,1793347200000,2100.0,call,59.67,0.227131,0.226,0.2295,2705.98,1498.0
1791133833,eth,1813910400000,5200.0,put,57.87,0.899038,0.884,0.9135,2785.12,0.0
1791133833,eth,1791273600000,2880.0,call,52.08,0.000456,0.0003,0.0007,2701.48,374.0
1791133833,eth,1798185600000,2700.0,call,51.16,0.100352,0.0995,0.101,2724.14,6674.0
1791133833,eth,1793347200000,2000.0,put,64.43,0.002247,0.002,0.0025,2705.95,7198.0
1791133833,eth,1792137600000,2550.0,put,45.47,0.010894,0.0105,0.011,2703.18,2620.0
1791133833,eth,1813910400000,1800.0,call,58.17,0.394128,0.393,0.396,2785.14,1752.0
1791133833,eth,1821772800000,2500.0,put,55.15,0.150735,0.1485,0.1525,2816.53,8.0
1791133833,eth,1793347200000,3000.0,call,48.18,0.015908,0.0155,0.0165,2705.95,15676.0
1791133833,eth,1793347200000,3050.0,put,48.62,0.140146,0.1345,0.1445,2705.98,0.0
1791133833,eth,1821772800000,5400.0,put,57.6,0.965165,0.948,0.979,2816.51,0.0
1791133833,eth,1798185600000,4500.0,put,59.79,0.657391,0.647,0.6645,2724.13,2.0
1791133833,eth,1793347200000,2600.0,put,46.76,0.031343,0.031,0.032,2705.98,2916.0
1791133833,eth,1821772800000,7000.0,put,60.09,1.50971,1.487,1.5285,2816.51,0.0
1791133833,eth,1791187200000,2680.0,put,28.47,0.001727,0.0016,0.0019,2701.46,1982.0
1791133833,eth,1798185600000,2900.0,put,51.13,0.13491,0.134,0.1355,2724.13,913.0
1791133833,eth,1813910400000,2000.0,call,56.47,0.34005,0.339,0.3425,2785.14,1756.0
1791133833,eth,1798185600000,4800.0,put,61.85,0.76591,0.7555,0.775,2724.13,77.0
1791133833,eth,1791446400000,2540.0,call,47.82,0.062013,0.0605,0.0645,2701.82,0.0
1791133833,eth,1793347200000,2950.0,call,47.72,0.019386,0.019,0.02,2705.98,3028.0
1791133833,eth,1791187200000,2600.0,put,46.46,0.000159,0.0001,0.0002,2701.46,351.0
1791133833,eth,1792742400000,2800.0,put,45.03,0.061307,0.06,0.062,2704.51,188.0
1791133833,eth,1793347200000,4000.0,put,65.01,0.479065,0.4735,0.484,2705.95,0.0
1791133833,eth,1792742400000,2200.0,put,57.61,0.00281,0.0025,0.003,2704.51,115.0
1791133833,eth,1813910400000,3000.0,call,54.22,0.153065,0.152,0.1545,2785.12,3487.0
1791133833,eth,1798185600000,5000.0,put,63.24,0.838601,0.8275,0.8475,2724.13,1.0
1791133833,eth,1793347200000,2600.0,call,46.76,0.070494,0.07,0.0715,2705.98,6029.0
1791133833,eth,1806048000000,3800.0,put,54.58,0.427545,0.4175,0.438,2753.03,1.0
1791133833,eth,1798185600000,2300.0,put,53.19,0.034421,0.034,0.035,2724.13,7295.0
1791133833,eth,1798185600000,2100.0,put,55.67,0.019572,0.019,0.02,2724.14,2970.0
1791133833,eth,1795766400000,3050.0,call,50.52,0.034414,0.034,0.035,2714.41,363.0
1791133833,eth,1806048000000,2200.0,call,55.12,0.258261,0.257,0.26,2753.03,4113.0
1791133833,eth,1791273600000,2550.0,put,52.72,0.000714,0.0006,0.0008,2701.48,18.0
1791133833,eth,1793347200000,2050.0,call,61.94,0.245065,0.244,0.2475,2705.95,479.0
1791133833,eth,1798185600000,3100.0,call,51.49,0.048757,0.048,0.0495,2724.14,4937.0
1791133833,eth,1791273600000,2560.0,call,51.88,0.053235,0.052,0.056,2701.48,0.0
1791133833,eth,1806048000000,1600.0,call,62.44,0.43465,0.434,0.4365,2753.03,872.0
1791133833,eth,1798185600000,3200.0,call,51.75,0.040511,0.04,0.041,2724.13,69221.0
1791133833,eth,1798185600000,4400.0,call,58.86,0.006078,0.0055,0.0065,2724.15,3832.0
1791133833,eth,1806048000000,4000.0,call,55.13,0.038694,0.038,0.0395,2753.03,4576.0
1791133833,eth,1792742400000,2550.0,call,46.0,0.075083,0.0745,0.077,2704.51,0.0
1791133833,eth,1791187200000,2840.0,put,51.82,0.051373,0.048,0.054,2701.46,0.0
1791133833,eth,1793347200000,2100.0,put,59.67,0.003201,0.003,0.0034,2705.95,4971.0
1791133833,eth,1792137600000,2200.0,put,63.14,0.001348,0.0011,0.0016,2703.2,49.0
1791133833,eth,1791532800000,2300.0,put,71.82,0.000644,0.0005,0.0008,2701.9,1904.0
1791133833,eth,1795766400000,3200.0,call,51.29,0.023947,0.0235,0.0245,2714.41,4718.0
1791133833,eth,1791273600000,2400.0,put,70.42,8.2e-05,,0.0001,2701.62,358.0
1791133833,eth,1791446400000,2450.0,call,57.71,0.094204,0.0935,0.0965,2701.82,0.0
1791133833,eth,1791187200000,2850.0,put,54.81,0.055073,0.0515,0.058,2701.46,0.0
1791133833,eth,1791360000000,2600.0,put,43.54,0.002772,0.0026,0.0029,2702.02,15.0
1791133833,eth,1791187200000,2540.0,put,63.76,8.1e-05,,0.0002,2701.46,205.0
1791133833,eth,1791532800000,2350.0,put,66.73,0.00086,0.0007,0.001,2701.92,1820.0
1791133833,eth,1821772800000,4800.0,put,56.63,0.768742,0.754,0.781,2816.53,35.0
1791133833,eth,1792742400000,2600.0,call,45.28,0.062244,0.0615,0.0635,2704.51,4.0
1791133833,eth,1795766400000,3600.0,put,54.6,0.336104,0.329,0.3415,2714.41,10.0
1791133833,eth,1806048000000,4600.0,call,56.96,0.022242,0.0215,0.023,2753.03,1904.0
1791133833,eth,1791273600000,2780.0,call,38.87,0.001777,0.0016,0.002,2701.48,1123.0
1791133833,eth,1795766400000,4400.0,put,62.39,0.623439,0.6145,0.629,2714.41,0.0
1791133833,eth,1793347200000,3600.0,call,57.87,0.002151,0.002,0.0023,2705.95,8795.0
1791133833,eth,1806048000000,2000.0,call,56.81,0.311863,0.311,0.314,2753.03,1855.0
1791133833,eth,1791187200000,2500.0,put,74.98,5.7e-05,,0.0002,2701.46,310.0
1791133833,eth,1821772800000,6000.0,put,58.44,1.166505,1.1475,1.1825,2816.51,0.0
1791133833,eth,1791187200000,2300.0,put,76.85,0.0,,0.0001,2701.46,1334.0
1791133833,eth,1813910400000,5000.0,put,57.39,0.831226,0.8165,0.8435,2785.12,0.0
1791133833,eth,1791446400000,2780.0,call,41.62,0.006126,0.006,0.0065,2701.82,30.0
1791133833,eth,1793347200000,3100.0,call,49.35,0.010783,0.01,0.011,2705.98,5248.0
1791133833,eth,1795766400000,3300.0,put,52.0,0.234699,0.2275,0.239,2714.41,0.0
1791133833,eth,1795766400000,2250.0,put,53.44,0.018124,0.0175,0.0185,2714.39,733.0
1791133833,eth,1813910400000,3500.0,call,54.58,0.102653,0.1015,0.104,2785.14,2431.0
1791133833,eth,1791187200000,2640.0,call,38.51,0.023245,0.0205,0.027,2701.46,23.0
1791133833,eth,1813910400000,3600.0,put,54.74,0.387648,0.375,0.402,2785.12,0.0
1791133833,eth,1791273600000,2660.0,call,37.39,0.019378,0.0175,0.0215,2701.62,100.0
1791133833,eth,1806048000000,1400.0,put,66.75,0.010003,0.0095,0.0105,2753.03,2052.0
1791133833,eth,1806048000000,1800.0,put,59.23,0.024919,0.0245,0.0255,2753.03,3385.0
1791133833,eth,1806048000000,3500.0,call,53.92,0.064624,0.064,0.0655,2753.03,4142.0
1791133833,eth,1793347200000,3800.0,put,61.16,0.405572,0.3995,0.41,2705.98,0.0
1791133833,eth,1795766400000,2100.0,call,56.57,0.237359,0.2365,0.2395,2714.41,1.0
1791133833,eth,1793347200000,2200.0,call,55.67,0.191804,0.191,0.194,2705.98,1278.0
1791133833,eth,1813910400000,1500.0,put,61.95,0.02227,0.0215,0.023,2785.12,645.0
1791133833,eth,1791532800000,3200.0,call,70.88,0.000528,0.0004,0.0007,2701.9,5936.0
1791133833,eth,1806048000000,3600.0,put,54.12,0.365796,0.356,0.374,2753.03,1.0
1791133833,eth,1806048000000,1900.0,call,57.94,0.340884,0.34,0.343,2753.05,4029.0
1791133833,eth,1821772800000,2100.0,put,56.1,0.088202,0.0865,0.09,2816.53,150.0
1791133833,eth,1791273600000,2700.0,call,35.19,0.009621,0.009,0.01,2701.62,663.0
1791133833,eth,1791273600000,2850.0,call,48.02,0.00064,0.0006,0.0008,2701.48,1012.0
1791133833,eth,1806048000000,1900.0,put,57.94,0.031037,0.0305,0.0315,2753.03,3674.0
1791133833,eth,1791446400000,2820.0,call,43.99,0.003892,0.0038,0.0041,2701.82,0.0
1791133833,eth,1795766400000,2250.0,call,53.44,0.189203,0.1885,0.1915,2714.41,126.0
1791133833,eth,1813910400000,6500.0,call,60.76,0.016222,0.0155,0.017,2785.12,881.0
1791133833,eth,1793347200000,2700.0,call,46.3,0.049955,0.0495,0.051,2705.98,4490.0
1791133833,eth,1791187200000,2500.0,call,74.98,0.074615,0.072,0.0775,2701.46,0.0
1791133833,eth,1792137600000,2850.0,call,45.32,0.01281,0.0125,0.013,2703.18,600.0
1791133833,eth,1791187200000,2720.0,put,24.24,0.008343,0.0075,0.009,2701.46,901.0
1791133833,eth,1791273600000,2450.0,call,67.13,0.093306,0.092,0.0955,2701.48,0.0
1791133833,eth,1791360000000,2600.0,call,43.54,0.040515,0.0395,0.0425,2702.02,0.0
1791133833,eth,1791532800000,2000.0,call,101.86,0.259918,0.259,0.262,2701.9,0.0
1791133833,eth,1792137600000,2750.0,put,43.99,0.04099,0.0405,0.0415,2703.18,882.0
1791133833,eth,1821772800000,4200.0,call,55.75,0.089586,0.0875,0.0915,2816.53,4.0
1791133833,eth,1798185600000,2600.0,put,51.32,0.073335,0.0725,0.074,2724.15,1478.0
1791133833,eth,1791360000000,2500.0,call,56.38,0.075754,0.0745,0.078,2701.99,0.0
1791133833,eth,1792137600000,2900.0,call,46.35,0.009412,0.009,0.01,2703.18,5689.0
1791133833,eth,1791360000000,2450.0,call,63.22,0.093934,0.093,0.096,2701.99,0.0
1791133833,eth,1792742400000,3400.0,call,56.74,0.002121,0.0019,0.0024,2704.51,30.0
1791133833,eth,1798185600000,2900.0,call,51.13,0.070342,0.0695,0.071,2724.13,4671.0
1791133833,eth,1795766400000,4000.0,put,58.32,0.478176,0.4695,0.4835,2714.41,0.0
1791133833,eth,1791446400000,2640.0,put,40.57,0.007033,0.0065,0.0075,2701.82,11.0
1791133833,eth,1791187200000,2700.0,call,24.38,0.004268,0.004,0.0047,2701.46,1919.0
1791133833,eth,1806048000000,2700.0,put,53.35,0.13472,0.134,0.1355,2753.03,1274.0
1791133833,eth,1821772800000,2800.0,put,54.93,0.209866,0.2075,0.212,2816.51,1377.0
1791133833,eth,1791273600000,2850.0,put,48.02,0.055617,0.0525,0.0585,2701.62,0.0
1791133833,eth,1791446400000,2680.0,put,39.49,0.011922,0.0115,0.0125,2701.82,11.0
1791133833,eth,1821772800000,2300.0,call,55.49,0.300335,0.2915,0.309,2816.53,20.0
1791133833,eth,1791187200000,2740.0,put,27.02,0.014822,0.0115,0.0175,2701.46,999.0
1791133833,eth,1821772800000,4000.0,call,55.5,0.100685,0.099,0.1025,2816.53,1167.0
1791133833,eth,1791273600000,2550.0,call,52.72,0.056787,0.054,0.06,2701.48,0.0
1791133833,eth,1806048000000,3400.0,call,53.71,0.071858,0.071,0.0725,2753.03,3460.0
1791133833,eth,1791532800000,2550.0,put,45.46,0.003202,0.0029,0.0034,2701.92,2323.0
1791133833,eth,1821772800000,1800.0,call,57.74,0.415585,0.4085,0.423,2816.53,0.0
1791133833,eth,1813910400000,900.0,put,75.14,0.005386,0.0048,0.006,2785.12,906.0
1791133833,eth,1821772800000,2200.0,call,55.75,0.320806,0.312,0.329,2816.53,0.0
1791133833,eth,1791446400000,2880.0,put,48.92,0.068197,0.0645,0.0715,2701.82,0.0
1791133833,eth,1793347200000,3300.0,call,52.32,0.005222,0.005,0.0055,2705.95,1775.0
1791133833,eth,1791360000000,2900.0,call,53.12,0.001156,0.001,0.0014,2701.99,115.0
1791133833,eth,1813910400000,1300.0,call,65.57,0.547824,0.547,0.5495,2785.14,108.0
1791133833,eth,1798185600000,1500.0,call,70.55,0.452961,0.452,0.4545,2724.13,749.0
1791133833,eth,1792137600000,2400.0,call,51.25,0.116063,0.1145,0.1185,2703.18,0.0
1791133833,eth,1793347200000,3400.0,call,53.88,0.003716,0.0036,0.0039,2705.95,8682.0
1791133833,eth,1795766400000,2750.0,put,49.67,0.083074,0.082,0.0835,2714.39,1278.0
1791133833,eth,1791532800000,2500.0,put,50.3,0.002118,0.0019,0.0023,2701.9,4037.0
1791133833,eth,1821772800000,3300.0,call,54.92,0.155409,0.1535,0.157,2816.53,0.0
1791133833,eth,1791360000000,2660.0,call,39.09,0.022313,0.0215,0.023,2701.99,0.0
1791133833,eth,1791273600000,2800.0,put,41.53,0.037763,0.0345,0.041,2701.62,18.0
1791133833,eth,1798185600000,11000.0,put,89.49,3.038064,3.012,3.044,2724.14,748.0
1791133833,eth,1791187200000,2520.0,put,68.38,6e-05,,0.0002,2701.46,193.0
1791133833,eth,1791446400000,2300.0,put,74.53,0.000364,0.0002,0.0006,2701.82,281.0
1791133833,eth,1798185600000,2800.0,call,51.09,0.084184,0.0835,0.085,2724.13,8324.0
1791133833,eth,1795766400000,4200.0,call,60.29,0.003253,0.003,0.0035,2714.39,807.0
1791133833,eth,1793347200000,1800.0,call,74.04,0.335891,0.335,0.338,2705.98,110.0
1791133833,eth,1813910400000,1800.0,put,58.17,0.040424,0.0395,0.041,2785.12,1776.0
1791133833,eth,1798185600000,3400.0,put,52.66,0.276433,0.2685,0.283,2724.13,89.0
1791133833,eth,1792742400000,2850.0,call,45.43,0.020474,0.02,0.021,2704.54,172.0
1791133833,eth,1791360000000,2660.0,put,39.09,0.006776,0.0065,0.0075,2701.99,43.0
1791133833,eth,1798185600000,1000.0,put,89.53,0.000757,0.0006,0.0009,2724.13,18366.0
1791133833,eth,1795766400000,2200.0,put,54.61,0.01553,0.015,0.016,2714.41,1357.0
1791133833,eth,1813910400000,3700.0,put,54.9,0.416596,0.405,0.4305,2785.14,0.0
1791133833,eth,1791446400000,2680.0,call,39.49,0.019983,0.0195,0.021,2701.82,0.0
1791133833,eth,1813910400000,2300.0,call,54.97,0.269338,0.268,0.2725,2785.12,251.0
1791133833,eth,1791532800000,2650.0,call,40.66,0.02928,0.0285,0.03,2701.9,1068.0
1791133833,eth,1813910400000,2700.0,call,54.24,0.195168,0.194,0.197,2785.12,580.0
1791133833,eth,1791446400000,2720.0,put,39.7,0.019408,0.0185,0.02,2701.82,0.0
1791133833,eth,1791532800000,2450.0,put,55.25,0.001458,0.0013,0.0015,2701.9,5491.0
1791133833,eth,1798185600000,3300.0,put,52.2,0.245263,0.2375,0.2515,2724.15,13.0
1791133833,eth,1798185600000,3400.0,call,52.66,0.028319,0.0275,0.029,2724.13,14552.0
1791133833,eth,1795766400000,2800.0,put,49.81,0.094028,0.093,0.0945,2714.39,1040.0
1791133833,eth,1798185600000,2000.0,call,57.28,0.280412,0.2795,0.2825,2724.15,10233.0
1791133833,eth,1791532800000,2200.0,call,80.55,0.186092,0.1845,0.1885,2701.9,0.0
1791133833,eth,1791360000000,2620.0,put,41.75,0.003683,0.0035,0.0039,2701.99,54.0
1791133833,eth,1813910400000,5500.0,put,58.56,1.001746,0.9855,1.017,2785.12,0.0
1791133833,eth,1793347200000,1850.0,call,71.45,0.317612,0.317,0.32,2705.98,1008.0
1791133833,eth,1795766400000,2000.0,put,59.22,0.00801,0.0075,0.0085,2714.41,2332.0
1791133833,eth,1813910400000,3800.0,put,55.03,0.446031,0.4345,0.4605,2785.12,2.0
1791133833,eth,1795766400000,2950.0,put,50.18,0.130687,0.128,0.1315,2714.41,942.0
1791133833,eth,1798185600000,800.0,put,95.81,0.000251,0.0001,0.0004,2724.13,7354.0
1791133833,eth,1791446400000,2400.0,call,63.19,0.112382,0.1115,0.1145,2701.82,0.0
1791133833,eth,1791532800000,2000.0,put,101.86,0.000133,0.0001,0.0003,2701.92,3440.0
1791133833,eth,1791360000000,2640.0,call,40.54,0.027989,0.0265,0.03,2701.99,0.0
1791133833,eth,1813910400000,3000.0,put,54.22,0.230226,0.227,0.2315,2785.12,392.0
1791133833,eth,1806048000000,800.0,put,83.31,0.001649,0.0013,0.0021,2753.03,2957.0
1791133833,eth,1793347200000,2300.0,call,52.25,0.157553,0.157,0.16,2705.98,1125.0
1791133833,eth,1798185600000,2000.0,put,57.28,0.014596,0.014,0.015,2724.15,9450.0
1791133833,eth,1791446400000,2660.0,put,39.45,0.009023,0.0085,0.0095,2701.82,0.0
1791133833,eth,1798185600000,800.0,call,95.81,0.706577,0.706,0.708,2724.13,171.0
1791133833,eth,1793347200000,2750.0,put,46.49,0.058066,0.057,0.0585,2705.98,950.0
1791133833,eth,1798185600000,5500.0,call,66.43,0.001944,0.0017,0.0022,2724.15,2165.0
1791133833,eth,1806048000000,4500.0,call,56.64,0.024271,0.0235,0.025,2753.05,4319.0
1791133833,eth,1798185600000,4000.0,call,56.06,0.010498,0.01,0.011,2724.15,16176.0
1791133833,eth,1821772800000,3000.0,call,54.74,0.188477,0.187,0.1905,2816.51,81.0
1791133833,eth,1792742400000,2600.0,put,45.28,0.023605,0.023,0.024,2704.51,145.0
1791133833,eth,1795766400000,3500.0,call,53.47,0.011967,0.0115,0.0125,2714.39,2405.0
1791133833,eth,1792137600000,2000.0,call,76.83,0.260704,0.26,0.263,2703.18,0.0
1791133833,eth,1791446400000,2720.0,call,39.7,0.012677,0.0125,0.0135,2701.82,190.0
1791133833,eth,1791273600000,2400.0,call,70.42,0.11168,0.111,0.114,2701.48,0.0
1791133833,eth,1791187200000,2400.0,call,75.71,0.111576,0.111,0.114,2701.46,0.0
1791133833,eth,1791446400000,2920.0,call,52.43,0.001635,0.0015,0.0018,2701.84,0.0
1791133833,eth,1791360000000,2580.0,put,45.51,0.002118,0.002,0.0022,2701.99,21.0
1791133833,eth,1813910400000,4600.0,put,56.56,0.698092,0.685,0.709,2785.12,0.0
1791133833,eth,1791273600000,2820.0,put,43.96,0.044816,0.041,0.048,2701.48,0.0
1791133833,eth,1813910400000,1200.0,call,67.81,0.580886,0.58,0.5825,2785.12,55.0
1791133833,eth,1793347200000,1200.0,call,102.21,0.556599,0.556,0.558,2705.95,0.0
1791133833,eth,1793347200000,1700.0,call,79.49,0.372548,0.372,0.3745,2705.98,74.0
1791133833,eth,1798185600000,1300.0,put,77.68,0.002048,0.0018,0.0023,2724.13,4154.0
1791133833,eth,1792137600000,3200.0,call,55.38,0.001928,0.0018,0.0021,2703.2,170.0
1791133833,eth,1791532800000,2700.0,call,40.35,0.018455,0.018,0.019,2701.9,2151.0
1791133833,eth,1791532800000,3100.0,call,64.02,0.000833,0.0007,0.001,2701.9,5454.0
1791133833,eth,1806048000000,1200.0,put,71.54,0.00598,0.0055,0.006,2753.03,1749.0
1791133833,eth,1798185600000,2300.0,call,53.19,0.190109,0.189,0.192,2724.13,6840.0
1791133833,eth,1793347200000,3000.0,put,48.18,0.12458,0.1185,0.1285,2705.95,148.0
1791133833,eth,1793347200000,2650.0,call,46.57,0.059715,0.059,0.0605,2705.98,3124.0
1791133833,eth,1821772800000,3400.0,put,54.97,0.352959,0.341,0.3675,2816.53,0.0
1791133833,eth,1791273600000,2920.0,call,57.63,0.000315,0.0002,0.0005,2701.62,1.0
1791133833,eth,1793347200000,4200.0,call,67.95,0.000535,0.0004,0.0007,2705.95,1462.0
1791133833,eth,1791446400000,2880.0,call,48.92,0.002236,0.0021,0.0025,2701.82,0.0
1791133833,eth,1792742400000,2650.0,call,44.83,0.050848,0.05,0.0515,2704.51,88.0
1791133833,eth,1806048000000,3700.0,call,54.34,0.052366,0.0515,0.053,2753.03,1523.0
1791133833,eth,1806048000000,5000.0,call,58.27,0.015986,0.0155,0.0165,2753.03,9705.0
1791133833,eth,1821772800000,3700.0,put,55.18,0.434371,0.421,0.4495,2816.53,1.0
1791133833,eth,1806048000000,1200.0,call,71.54,0.570094,0.569,0.5715,2753.03,68.0
1791133833,eth,1821772800000,3100.0,call,54.85,0.176919,0.175,0.1785,2816.52,20.0
1791133833,eth,1792137600000,2650.0,put,43.94,0.022111,0.0215,0.0225,2703.18,496.0
1791133833,eth,1821772800000,5200.0,call,57.21,0.052526,0.0505,0.054,2816.53,2.0
1791133833,eth,1791532800000,2700.0,put,40.35,0.017745,0.017,0.018,2701.9,1428.0
1791133833,eth,1791273600000,2480.0,call,62.45,0.082274,0.0795,0.0855,2701.62,0.0
1791133833,eth,1806048000000,2500.0,call,53.75,0.190525,0.19,0.1915,2753.03,10710.0
1791133833,eth,1806048000000,1500.0,put,64.35,0.012512,0.012,0.013,2753.03,4165.0
1791133833,eth,1795766400000,2850.0,call,49.82,0.055504,0.055,0.0565,2714.39,1940.0
1791133833,eth,1821772800000,2000.0,call,56.54,0.365674,0.358,0.3735,2816.51,1.0
1791133833,eth,1821772800000,3800.0,put,55.25,0.462619,0.449,0.4785,2816.51,0.0
1791133833,eth,1791532800000,2550.0,call,45.46,0.059427,0.0585,0.062,2701.9,102.0
1791133833,eth,1813910400000,2700.0,put,54.24,0.164613,0.163,0.166,2785.12,33.0
1791133833,eth,1813910400000,2900.0,call,54.18,0.165914,0.1645,0.1675,2785.12,533.0
1791133833,eth,1813910400000,1700.0,put,59.23,0.033312,0.0325,0.034,2785.12,3951.0
1791133833,eth,1793347200000,1200.0,put,102.21,6.8e-05,,0.0002,2705.98,2658.0
1791133833,eth,1806048000000,1500.0,call,64.35,0.467654,0.467,0.4695,2753.03,208.0
1791133833,eth,1791360000000,2880.0,call,51.41,0.001424,0.0013,0.0016,2702.02,20.0
1791133833,eth,1791360000000,2720.0,call,38.6,0.010021,0.01,0.0105,2701.99,392.0
1791133833,eth,1791532800000,2400.0,put,61.48,0.001153,0.001,0.0013,2701.9,5036.0
1791133833,eth,1793347200000,2450.0,put,48.7,0.015535,0.015,0.016,2705.98,1645.0
1791133833,eth,1792742400000,2300.0,put,53.25,0.004558,0.0043,0.0047,2704.51,496.0
1791133833,eth,1795766400000,2600.0,put,49.92,0.055419,0.0545,0.056,2714.39,525.0
1791133833,eth,1821772800000,4400.0,call,56.04,0.080066,0.078,0.082,2816.53,150.0
1791133833,eth,1821772800000,6500.0,call,59.36,0.029621,0.028,0.031,2816.52,6.0
1791133833,eth,1795766400000,3000.0,put,50.35,0.144126,0.1415,0.145,2714.41,622.0
1791133833,eth,1791532800000,3000.0,put,56.9,0.111763,0.108,0.115,2701.9,30.0
1791133833,eth,1821772800000,1800.0,put,57.74,0.054678,0.053,0.056,2816.53,171.0
1791133833,eth,1792742400000,2900.0,call,45.93,0.016057,0.0155,0.0165,2704.51,205.0
1791133833,eth,1793347200000,1950.0,put,66.62,0.001849,0.0016,0.0021,2705.98,1376.0
1791133833,eth,1791187200000,2900.0,call,64.38,3.1e-05,,0.0001,2701.46,613.0
1791133833,eth,1792137600000,2300.0,put,57.05,0.002249,0.0021,0.0024,2703.2,1454.0
1791133833,eth,1791360000000,2880.0,put,51.41,0.067309,0.064,0.071,2701.99,0.0
1791133833,eth,1791446400000,3000.0,call,59.54,0.00097,0.0008,0.0012,2701.84,0.0
1791133833,eth,1806048000000,3300.0,call,53.57,0.080103,0.0795,0.081,2753.03,1971.0
1791133833,eth,1813910400000,4200.0,put,55.79,0.569136,0.557,0.5815,2785.12,3.0
1791133833,eth,1791273600000,2300.0,put,92.53,8e-05,,0.0001,2701.62,2521.0
1791133833,eth,1791360000000,2540.0,put,51.12,0.001447,0.0013,0.0016,2701.99,0.0
1791133833,eth,1792137600000,2850.0,put,45.32,0.067127,0.065,0.0685,2703.18,6.0
1791133833,eth,1798185600000,1300.0,call,77.68,0.524829,0.524,0.5265,2724.13,50.0
1791133833,eth,1795766400000,2550.0,call,50.2,0.108462,0.108,0.1095,2714.39,1148.0
1791133833,eth,1791360000000,2300.0,call,80.08,0.148956,0.148,0.151,2702.02,0.0
1791133833,eth,1806048000000,3000.0,call,53.28,0.111141,0.1105,0.112,2753.03,8414.0
1791133833,eth,1793347200000,1700.0,put,79.49,0.000796,0.0007,0.001,2705.98,1523.0
1791133833,eth,1791446400000,2540.0,put,47.82,0.002113,0.0019,0.0023,2701.82,0.0
1791133833,eth,1792137600000,2900.0,put,46.35,0.082231,0.0795,0.083,2703.2,0.0
1791133833,eth,1798185600000,1900.0,put,59.42,0.011019,0.0105,0.0115,2724.13,5072.0
1791133833,eth,1792137600000,2300.0,call,57.05,0.151393,0.15,0.1535,2703.18,18.0
1791133833,eth,1813910400000,4100.0,put,55.6,0.537723,0.5255,0.5475,2785.12,25.0
1791133833,eth,1813910400000,3200.0,call,54.29,0.130184,0.129,0.1315,2785.12,1380.0
1791133833,eth,1821772800000,2600.0,put,55.06,0.169402,0.1675,0.171,2816.51,1000.0
1791133833,eth,1795766400000,3800.0,put,56.24,0.406428,0.3985,0.412,2714.41,0.0
1791133833,eth,1792742400000,2500.0,call,47.0,0.089206,0.088,0.0915,2704.51,0.0
1791133833,eth,1791187200000,2720.0,call,24.24,0.001461,0.0013,0.0017,2701.46,4390.0
1791133833,eth,1791446400000,2740.0,put,39.98,0.024035,0.023,0.025,2701.82,0.0
1791133833,eth,1791360000000,2760.0,call,40.34,0.005619,0.0055,0.006,2702.02,409.0
1791133833,eth,1791273600000,3100.0,call,80.77,9.6e-05,,0.0001,2701.62,3.0
1791133833,eth,1791532800000,2750.0,call,41.28,0.011119,0.0105,0.0115,2701.9,4825.0
1791133833,eth,1793347200000,1600.0,call,84.53,0.409255,0.408,0.411,2705.95,70.0
1791133833,eth,1791187200000,2940.0,put,68.47,0.088332,0.085,0.0915,2701.46,0.0
1791133833,eth,1792137600000,3400.0,put,61.66,0.258618,0.254,0.2625,2703.18,0.0
1791133833,eth,1791187200000,2660.0,put,33.46,0.000897,0.0008,0.001,2701.46,5373.0
1791133833,eth,1821772800000,4100.0,call,55.61,0.094904,0.093,0.0965,2816.51,251.0
1791133833,eth,1791273600000,3000.0,call,68.3,0.000173,0.0001,0.0003,2701.62,8.0
1791133833,eth,1806048000000,3100.0,call,53.35,0.099619,0.099,0.1005,2753.03,2387.0
1791133833,eth,1791360000000,2780.0,call,41.34,0.004172,0.0041,0.0044,2701.99,136.0
1791133833,eth,1791273600000,2760.0,call,36.57,0.002563,0.0024,0.0028,2701.48,446.0
1791133833,eth,1791446400000,2950.0,call,55.14,0.001331,0.0012,0.0015,2701.82,0.0
1791133833,eth,1813910400000,6000.0,put,59.7,1.175027,1.1575,1.1925,2785.12,1.0
1791133833,eth,1813910400000,3100.0,call,54.23,0.141102,0.14,0.1425,2785.12,336.0
1791133833,eth,1806048000000,2700.0,call,53.35,0.153975,0.153,0.155,2753.03,3304.0
1791133833,eth,1798185600000,3600.0,put,53.66,0.341495,0.333,0.3485,2724.15,244.0
1791133833,eth,1791187200000,2820.0,put,47.28,0.043994,0.0405,0.047,2701.46,0.0
1791133833,eth,1791187200000,2700.0,put,24.38,0.003746,0.0033,0.004,2701.46,2636.0
1791133833,eth,1806048000000,8000.0,call,67.62,0.002891,0.0025,0.0033,2753.03,522.0
1791133833,eth,1791446400000,3000.0,put,59.54,0.111325,0.1075,0.1145,2701.82,0.0
1791133833,eth,1791360000000,2800.0,put,43.08,0.039511,0.037,0.041,2701.99,10.0
1791133833,eth,1813910400000,2200.0,call,55.37,0.291498,0.2905,0.2945,2785.14,1090.0
1791133833,eth,1798185600000,3600.0,call,53.66,0.019963,0.0195,0.0205,2724.13,2760.0
1791133833,eth,1791360000000,2300.0,put,80.08,0.000183,,0.0003,2702.02,305.0
1791133833,eth,1798185600000,9000.0,call,82.37,0.000209,0.0001,0.0004,2724.13,2084.0
1791133833,eth,1813910400000,900.0,call,75.14,0.682238,0.681,0.6835,2785.12,1.0
1791133833,eth,1791187200000,2940.0,call,68.47,1.1e-05,,0.0001,2701.46,1001.0
1791133833,eth,1793347200000,2350.0,call,50.87,0.141096,0.14,0.1435,2705.98,664.0
1791133833,eth,1793347200000,2750.0,call,46.49,0.041783,0.0415,0.0425,2705.98,3376.0
1791133833,eth,1813910400000,3700.0,call,54.9,0.088098,0.087,0.0895,2785.14,339.0
1791133833,eth,1798185600000,2200.0,call,54.3,0.218472,0.2175,0.2205,2724.13,51009.0
1791133833,eth,1806048000000,2100.0,put,55.9,0.047128,0.0465,0.048,2753.03,1430.0
1791133833,eth,1792742400000,2850.0,put,45.43,0.074273,0.072,0.0755,2704.51,3.0
1791133833,eth,1821772800000,4800.0,call,56.63,0.064493,0.0625,0.066,2816.53,3.0
1791133833,eth,1795766400000,2850.0,put,49.82,0.10547,0.1045,0.106,2714.39,502.0
1791133833,eth,1806048000000,7000.0,call,64.86,0.004606,0.0042,0.005,2753.03,6787.0
1791133833,eth,1791446400000,2820.0,put,43.99,0.047645,0.0455,0.0495,2701.82,0.0
1791133833,eth,1813910400000,2500.0,call,54.51,0.229594,0.2285,0.231,2785.14,3226.0
1791133833,eth,1791187200000,2780.0,put,35.57,0.029233,0.026,0.032,2701.44,1.0
1791133833,eth,1792742400000,2750.0,call,44.79,0.03282,0.0325,0.0335,2704.51,142.0
1791133833,eth,1798185600000,4000.0,put,56.06,0.478867,0.47,0.486,2724.13,529.0
1791133833,eth,1813910400000,800.0,put,78.18,0.004,0.0037,0.0043,2785.12,688.0
1791133833,eth,1821772800000,3000.0,put,54.74,0.253633,0.2495,0.254,2816.53,333.0
1791133833,eth,1791187200000,2800.0,put,39.33,0.036573,0.0335,0.0395,2701.46,11.0
1791133833,eth,1806048000000,6000.0,put,61.62,1.187394,1.1715,1.205,2753.03,1.0
1791133833,eth,1791532800000,2850.0,call,46.01,0.004171,0.004,0.0044,2701.92,6317.0
1791133833,eth,1821772800000,5000.0,call,56.93,0.05815,0.056,0.06,2816.53,46.0
1791133833,eth,1798185600000,1600.0,call,67.15,0.417328,0.4165,0.419,2724.13,620.0
1791133833,eth,1806048000000,3100.0,put,53.35,0.225659,0.2245,0.2265,2753.03,441.0
1791133833,eth,1793347200000,4400.0,call,70.8,0.000358,0.0002,0.0006,2705.98,686.0
1791133833,eth,1791446400000,2920.0,put,52.43,0.082404,0.078,0.086,2701.84,0.0
1791133833,eth,1791532800000,3200.0,put,70.88,0.184871,0.18,0.188,2701.9,0.0
1791133833,eth,1813910400000,3400.0,put,54.47,0.331831,0.32,0.345,2785.14,30.0
1791133833,eth,1791532800000,2400.0,call,61.48,0.112895,0.1115,0.115,2701.9,24.0
1791133833,eth,1792742400000,2300.0,call,53.25,0.154123,0.1535,0.1565,2704.51,0.0
1791133833,eth,1791446400000,2950.0,put,55.14,0.09318,0.0895,0.0965,2701.82,0.0
1791133833,eth,1798185600000,3800.0,put,54.96,0.40942,0.401,0.4165,2724.13,113.0
1791133833,eth,1821772800000,3600.0,call,55.12,0.128538,0.127,0.13,2816.51,160.0
1791133833,eth,1813910400000,1200.0,put,67.81,0.011751,0.011,0.0125,2785.14,583.0
1791133833,eth,1821772800000,6000.0,call,58.44,0.036194,0.0345,0.0375,2816.53,562.0
1791133833,eth,1792742400000,2500.0,put,47.0,0.013591,0.0135,0.014,2704.51,309.0
1791133833,eth,1791273600000,2960.0,put,62.16,0.095903,0.0925,0.099,2701.48,0.0
1791133833,eth,1795766400000,2150.0,put,55.46,0.013025,0.0125,0.0135,2714.41,408.0
1791133833,eth,1791273600000,2620.0,call,42.55,0.032148,0.031,0.0345,2701.62,151.0
1791133833,eth,1791273600000,2660.0,put,37.39,0.004023,0.0039,0.0042,2701.62,583.0
1791133833,eth,1791273600000,2840.0,call,46.69,0.000726,0.0007,0.0009,2701.62,304.0
1791133833,eth,1791187200000,2760.0,put,29.88,0.021892,0.0185,0.025,2701.44,102.0
1791133833,eth,1791360000000,2800.0,call,43.08,0.003234,0.0031,0.0035,2701.99,635.0
1791133833,eth,1791273600000,2520.0,put,57.73,0.000518,0.0004,0.0007,2701.48,385.0
1791133833,eth,1795766400000,3300.0,call,52.0,0.018947,0.0185,0.0195,2714.39,846.0
1791133833,eth,1806048000000,5500.0,call,59.87,0.010976,0.0105,0.0115,2753.05,3179.0
1791133833,eth,1792742400000,2750.0,put,44.79,0.049644,0.049,0.05,2704.51,324.0
1791133833,eth,1791360000000,2860.0,call,49.57,0.001751,0.0016,0.002,2701.99,259.0
1791133833,eth,1798185600000,1600.0,put,67.15,0.004676,0.0044,0.0049,2724.15,8415.0
1791133833,eth,1793347200000,2050.0,put,61.94,0.002658,0.0025,0.0028,2705.95,1237.0
1791133833,eth,1821772800000,2900.0,put,54.89,0.231544,0.2295,0.2335,2816.51,5.0
1791133833,eth,1791360000000,2740.0,put,39.33,0.021578,0.02,0.0225,2701.99,0.0
1791133833,eth,1821772800000,5500.0,call,57.67,0.045438,0.0435,0.047,2816.51,314.0
1791133833,eth,1791360000000,2760.0,put,40.34,0.027092,0.025,0.029,2701.99,0.0
1791133833,eth,1791273600000,2540.0,call,54.44,0.060417,0.0575,0.064,2701.62,0.0
1791133833,eth,1821772800000,2800.0,call,54.93,0.215721,0.214,0.2175,2816.53,337.0
1791133833,eth,1798185600000,11000.0,call,89.49,0.000107,,0.0002,2724.13,2175.0
1791133833,eth,1791446400000,2500.0,put,52.63,0.001541,0.0014,0.0017,2701.84,0.0
1791133833,eth,1813910400000,1000.0,call,72.7,0.648183,0.6475,0.6495,2785.12,101.0
1791133833,eth,1791360000000,3000.0,call,64.73,0.000624,0.0005,0.0008,2701.99,1016.0
1791133833,eth,1813910400000,2300.0,put,54.97,0.095161,0.0935,0.0965,2785.12,1035.0
1791133833,eth,1793347200000,2400.0,put,49.75,0.012215,0.012,0.0125,2705.95,8735.0
1791133833,eth,1792137600000,3000.0,call,48.88,0.005206,0.005,0.0055,2703.18,1407.0
1791133833,eth,1795766400000,3200.0,put,51.29,0.202857,0.1965,0.2075,2714.41,1.0
1791133833,eth,1792137600000,3100.0,put,51.84,0.149833,0.1455,0.1535,2703.2,0.0
1791133833,eth,1791187200000,2540.0,call,63.76,0.059831,0.057,0.063,2701.46,0.0
1791133833,eth,1792742400000,2200.0,call,57.61,0.189351,0.188,0.1915,2704.51,0.0
1791133833,eth,1791532800000,2800.0,put,43.27,0.043005,0.0405,0.0445,2701.9,267.0
1791133833,eth,1791360000000,2580.0,call,45.51,0.047263,0.0455,0.0495,2701.99,0.0
1791133833,eth,1791187200000,2620.0,call,43.18,0.030439,0.0275,0.0335,2701.46,0.0
1791133833,eth,1813910400000,3200.0,put,54.29,0.279155,0.276,0.281,2785.12,48.0
1791133833,eth,1795766400000,4600.0,call,64.25,0.001833,0.0016,0.0021,2714.41,1368.0
1791133833,eth,1821772800000,3700.0,call,55.18,0.120679,0.119,0.1225,2816.53,0.0
1791133833,eth,1791446400000,2700.0,put,39.42,0.015324,0.0145,0.016,2701.82,0.0
1791133833,eth,1813910400000,2100.0,call,55.88,0.315112,0.314,0.3175,2785.12,142.0
1791133833,eth,1793347200000,1950.0,call,66.62,0.281212,0.28,0.2835,2705.98,744.0
1791133833,eth,1792137600000,2700.0,call,43.76,0.031709,0.031,0.032,2703.18,962.0
1791133833,eth,1793347200000,2650.0,put,46.57,0.039042,0.0385,0.0395,2705.98,6601.0
1791133833,eth,1791187200000,2550.0,put,60.41,8.3e-05,,0.0002,2701.46,326.0
1791133833,eth,1806048000000,3200.0,call,53.42,0.089234,0.0885,0.09,2753.03,1980.0
1791133833,eth,1793347200000,4200.0,put,67.95,0.552676,0.545,0.557,2705.95,0.0
1791133833,eth,1798185600000,3800.0,call,54.96,0.014469,0.014,0.015,2724.13,5872.0
1791133833,eth,1821772800000,2100.0,call,56.1,0.342593,0.3345,0.351,2816.51,2.0
1791133833,eth,1806048000000,2400.0,call,54.06,0.211293,0.2105,0.2135,2753.03,2362.0
1791133833,eth,1791360000000,2400.0,call,69.03,0.112197,0.1115,0.1145,2701.99,0.0
1791133833,eth,1791273600000,3100.0,put,80.77,0.147615,0.144,0.1505,2701.48,0.0
1791133833,eth,1806048000000,4000.0,put,55.13,0.491649,0.481,0.501,2753.03,0.0
1791133833,eth,1795766400000,2550.0,put,50.2,0.047905,0.047,0.0485,2714.39,364.0
1791133833,eth,1791532800000,2900.0,call,49.19,0.00273,0.0026,0.0029,2701.9,7150.0
1791133833,eth,1821772800000,3400.0,call,54.97,0.145782,0.144,0.1475,2816.51,0.0
1791133833,eth,1791273600000,3200.0,put,94.49,0.18461,0.181,0.1885,2701.48,0.0
1791133833,eth,1798185600000,2500.0,put,51.74,0.057874,0.057,0.0585,2724.13,3149.0
1791133833,eth,1791446400000,2840.0,put,45.52,0.054342,0.05,0.0575,2701.84,0.0
1791133833,eth,1806048000000,4600.0,put,56.96,0.693141,0.681,0.7055,2753.03,0.0
1791133833,eth,1806048000000,3700.0,put,54.34,0.396349,0.3865,0.4065,2753.03,0.0
1791133833,eth,1798185600000,1700.0,call,64.39,0.382197,0.3815,0.384,2724.13,365.0
1791133833,eth,1806048000000,2200.0,put,55.12,0.057386,0.057,0.058,2753.03,2260.0
1791133833,eth,1791532800000,2350.0,call,66.73,0.131098,0.13,0.1335,2701.92,0.0
1791133833,eth,1793347200000,2850.0,put,46.87,0.081808,0.0805,0.0825,2705.98,114.0
1791133833,eth,1791360000000,2950.0,put,58.94,0.092616,0.089,0.0965,2701.99,0.0
1791133833,eth,1821772800000,6500.0,put,59.36,1.337457,1.316,1.355,2816.53,0.0
1791133833,eth,1821772800000,2700.0,call,54.98,0.230473,0.228,0.232,2816.51,45.0
1791133833,eth,1791446400000,2780.0,put,41.62,0.035072,0.033,0.0365,2701.84,0.0
1791133833,eth,1791446400000,2620.0,call,41.59,0.035688,0.034,0.038,2701.82,0.0
1791133833,eth,1793347200000,4400.0,put,70.8,0.62641,0.6185,0.631,2705.95,0.0
1791133833,eth,1798185600000,3200.0,put,51.75,0.215202,0.207,0.2215,2724.15,311.0
1791133833,eth,1798185600000,10000.0,call,85.31,0.000129,0.0001,0.0004,2724.14,1741.0
1791133833,eth,1791446400000,2760.0,call,40.81,0.00782,0.0075,0.0085,2701.82,10.0
1791133833,eth,1791273600000,2600.0,call,45.63,0.03904,0.037,0.0415,2701.48,19.0
1791133833,eth,1813910400000,2800.0,call,54.21,0.180014,0.179,0.1815,2785.12,1253.0
1791133833,eth,1798185600000,5500.0,put,66.43,1.020952,1.009,1.0305,2724.13,0.0
1791133833,eth,1793347200000,2350.0,put,50.87,0.009556,0.009,0.01,2705.95,2973.0
1791133833,eth,1821772800000,5000.0,put,56.93,0.833409,0.818,0.8525,2816.53,0.0
1791133833,eth,1821772800000,4300.0,put,55.89,0.61135,0.598,0.628,2816.51,0.0
1791133833,eth,1791532800000,3100.0,put,64.02,0.148166,0.144,0.1515,2701.9,0.0
1791133833,eth,1791446400000,2860.0,put,47.14,0.061201,0.0575,0.0645,2701.82,0.0
1791133833,eth,1793347200000,2700.0,put,46.3,0.047759,0.047,0.048,2705.98,3606.0
1791133833,eth,1792137600000,2500.0,put,46.84,0.00756,0.007,0.008,2703.18,30262.0
1791133833,eth,1813910400000,2800.0,put,54.21,0.185364,0.1835,0.1865,2785.12,837.0
1791133833,eth,1795766400000,2650.0,call,49.91,0.087739,0.087,0.0885,2714.39,2760.0
1791133833,eth,1813910400000,2600.0,call,54.32,0.21163,0.2105,0.2135,2785.12,404.0
1791133833,eth,1791360000000,2780.0,put,41.34,0.033048,0.031,0.0345,2701.99,0.0
1791133833,eth,1813910400000,1300.0,put,65.57,0.014594,0.014,0.015,2785.12,1686.0
1791133833,eth,1806048000000,5500.0,put,59.87,1.00879,0.994,1.0205,2753.03,0.0
1791133833,eth,1806048000000,1400.0,call,66.75,0.501468,0.5005,0.503,2753.03,31.0
1791133833,eth,1813910400000,2400.0,put,54.68,0.110429,0.109,0.1115,2785.14,289.0
1791133833,eth,1791360000000,2900.0,put,53.12,0.074443,0.0705,0.078,2702.02,0.0
1791133833,eth,1821772800000,5200.0,put,57.21,0.898796,0.8825,0.9125,2816.51,0.0
1791133833,eth,1792137600000,2600.0,put,44.47,0.015611,0.015,0.016,2703.18,1283.0
1791133833,eth,1821772800000,1500.0,call,60.67,0.499294,0.493,0.506,2816.51,0.0
1791133833,eth,1792742400000,3200.0,call,51.7,0.004251,0.004,0.0045,2704.51,46.0
1791133833,eth,1795766400000,1600.0,call,72.09,0.412794,0.412,0.415,2714.41,18.0
1791133833,eth,1806048000000,1600.0,put,62.44,0.015832,0.015,0.0165,2753.03,3053.0
1791133833,eth,1791360000000,3100.0,put,73.52,0.147626,0.1435,0.1515,2701.99,0.0
1791133833,eth,1813910400000,3800.0,call,55.03,0.081627,0.0805,0.083,2785.12,491.0
1791133833,eth,1791187200000,2740.0,call,27.02,0.000536,0.0005,0.0007,2701.46,2587.0
1791133833,eth,1791532800000,2500.0,call,50.3,0.076839,0.0755,0.079,2701.92,458.0
1791133833,eth,1795766400000,2800.0,call,49.81,0.062483,0.062,0.063,2714.39,3415.0
1791133833,eth,1821772800000,7000.0,call,60.09,0.024347,0.0235,0.025,2816.53,599.0
1791133833,eth,1791360000000,2720.0,put,38.6,0.01669,0.016,0.017,2701.99,0.0
1791133833,eth,1791187200000,2950.0,put,69.6,0.092031,0.0885,0.095,2701.46,0.0
1791133833,eth,1793347200000,1500.0,call,88.7,0.446001,0.445,0.448,2705.95,52.0
1791133833,eth,1798185600000,2500.0,call,51.74,0.140143,0.1395,0.141,2724.13,28796.0
1791133833,eth,1793347200000,2800.0,call,46.61,0.034606,0.034,0.035,2705.98,5060.0
1791133833,eth,1806048000000,3900.0,put,54.85,0.459342,0.4485,0.469,2753.03,0.0
1791133833,eth,1806048000000,2400.0,put,54.06,0.083066,0.0825,0.0835,2753.03,948.0
1791133833,eth,1793347200000,3300.0,put,52.32,0.224761,0.2185,0.229,2705.95,0.0
1791133833,eth,1795766400000,2350.0,put,52.13,0.025534,0.025,0.026,2714.41,648.0
1791133833,eth,1798185600000,6000.0,put,69.13,1.2038,1.1905,1.214,2724.13,100.0
1791133833,eth,1806048000000,1700.0,call,60.74,0.402423,0.4015,0.404,2753.03,1244.0
1791133833,eth,1813910400000,1000.0,put,72.7,0.007236,0.0065,0.008,2785.12,4804.0
1791133833,eth,1821772800000,2900.0,call,54.89,0.201894,0.2,0.2035,2816.51,328.0
1791133833,eth,1795766400000,2400.0,put,51.5,0.03004,0.0295,0.0305,2714.39,1906.0
1791133833,eth,1791273600000,2940.0,put,60.97,0.088578,0.085,0.0915,2701.48,0.0
1791133833,eth,1821772800000,3200.0,put,54.84,0.301776,0.2905,0.316,2816.53,101.0
1791133833,eth,1791273600000,2520.0,call,57.73,0.067696,0.065,0.071,2701.62,0.0
1791133833,eth,1791187200000,2860.0,put,56.81,0.058764,0.0555,0.0615,2701.46,0.0
1791133833,eth,1793347200000,2550.0,put,47.21,0.02496,0.0245,0.0255,2705.95,2457.0
1791133833,eth,1798185600000,1400.0,put,74.07,0.00274,0.0025,0.003,2724.13,13800.0
1791133833,eth,1792742400000,2700.0,put,44.67,0.039371,0.0385,0.04,2704.51,260.0
1791133833,eth,1791187200000,2480.0,put,75.59,2.7e-05,,0.0001,2701.46,2001.0
1791133833,eth,1793347200000,2000.0,call,64.43,0.263132,0.262,0.2655,2705.95,738.0
1791133833,eth,1791187200000,2580.0,put,53.82,0.000149,0.0001,0.0003,2701.46,195.0
1791133833,eth,1821772800000,5400.0,call,57.6,0.047885,0.046,0.0495,2816.51,8.0
1791133833,eth,1791532800000,3400.0,put,81.89,0.258575,0.254,0.262,2701.9,0.0
1791133833,eth,1795766400000,2700.0,put,49.68,0.073025,0.072,0.0735,2714.39,914.0
1791133833,eth,1798185600000,9000.0,put,82.37,2.30404,2.282,2.3205,2724.13,0.0
1791133833,eth,1813910400000,3600.0,call,54.74,0.095055,0.094,0.0965,2785.14,3341.0
1791133833,eth,1791446400000,2860.0,call,47.14,0.00264,0.0025,0.0029,2701.82,0.0
1791133833,eth,1813910400000,4800.0,call,57.04,0.04093,0.04,0.042,2785.12,144.0
1791133833,eth,1791360000000,2860.0,put,49.57,0.060234,0.056,0.0635,2701.99,0.0
1791133833,eth,1813910400000,4000.0,put,55.4,0.506695,0.4945,0.517,2785.12,19.0
1791133833,eth,1798185600000,4600.0,call,60.78,0.004991,0.0045,0.005,2724.13,11133.0
1791133833,eth,1798185600000,10000.0,put,85.31,2.671053,2.647,2.6895,2724.13,0.0
1791133833,eth,1791360000000,2480.0,put,59.55,0.000884,0.0007,0.0011,2702.02,0.0
1791133833,eth,1806048000000,3200.0,put,53.42,0.251598,0.2505,0.2525,2753.03,137.0
1791133833,eth,1806048000000,2600.0,call,53.5,0.17139,0.1705,0.1725,2753.03,3312.0
1791133833,eth,1813910400000,3300.0,put,54.36,0.305035,0.302,0.3065,2785.12,69.0
1791133833,eth,1813910400000,1700.0,call,59.23,0.422921,0.422,0.425,2785.14,692.0
1791133833,eth,1791273600000,2780.0,put,38.87,0.030842,0.027,0.034,2701.62,1.0
1791133833,eth,1795766400000,2450.0,call,50.86,0.132496,0.132,0.135,2714.41,381.0
1791133833,eth,1791273600000,2800.0,call,41.53,0.001294,0.0012,0.0015,2701.48,1001.0
1791133833,eth,1793347200000,3800.0,call,61.16,0.001254,0.0011,0.0014,2705.98,4728.0
1791133833,eth,1791273600000,2880.0,put,52.08,0.066538,0.063,0.0695,2701.48,0.0
1791133833,eth,1821772800000,3500.0,call,55.04,0.136836,0.135,0.1385,2816.51,12.0
1791133833,eth,1798185600000,8000.0,call,76.55,0.000254,0.0002,0.0005,2724.15,2888.0
1791133833,eth,1813910400000,1600.0,put,60.47,0.027287,0.0265,0.028,2785.12,1979.0
1791133833,eth,1791360000000,2520.0,call,54.21,0.068596,0.067,0.071,2701.99,0.0
1791133833,eth,1791187200000,2780.0,call,35.57,0.000141,,0.0002,2701.44,1120.0
1791133833,eth,1793347200000,1900.0,call,69.03,0.299388,0.2985,0.3015,2705.98,275.0
1791133833,eth,1795766400000,3050.0,put,50.52,0.158063,0.1555,0.159,2714.41,49.0
1791133833,eth,1791532800000,2900.0,put,49.19,0.076051,0.0715,0.0795,2701.9,105.0
1791133833,eth,1821772800000,2500.0,call,55.15,0.263105,0.261,0.265,2816.51,0.0
1791133833,eth,1791532800000,2450.0,call,55.25,0.094696,0.094,0.097,2701.9,172.0
1791133833,eth,1791446400000,2900.0,call,50.71,0.001908,0.0018,0.0021,2701.82,0.0
1791133833,eth,1798185600000,3100.0,put,51.49,0.186739,0.1845,0.188,2724.15,45.0
1791133833,eth,1791446400000,2800.0,call,43.05,0.004945,0.0046,0.0055,2701.82,2.0
1791133833,eth,1798185600000,6500.0,call,71.21,0.000795,0.0005,0.0011,2724.15,1901.0
1791133833,eth,1806048000000,3800.0,call,54.58,0.047238,0.0465,0.048,2753.03,1784.0
1791133833,eth,1791273600000,2480.0,put,62.45,0.00029,0.0002,0.0004,2701.62,10.0
1791133833,eth,1798185600000,2400.0,put,52.33,0.044914,0.0445,0.0455,2724.14,9811.0
1791133833,eth,1791187200000,3000.0,call,77.02,4e-06,,0.0001,2701.46,2535.0
1791133833,eth,1791273600000,2580.0,call,49.1,0.046121,0.045,0.0485,2701.62,0.0
1791133833,eth,1793347200000,3200.0,put,50.58,0.189919,0.184,0.194,2705.95,35.0
1791133833,eth,1793347200000,1400.0,put,93.28,0.000209,0.0001,0.0004,2705.95,4609.0
1791133833,eth,1791273600000,2820.0,call,43.96,0.000944,0.0009,0.0011,2701.62,591.0
1791133833,eth,1791187200000,2950.0,call,69.6,9e-06,,0.0001,2701.46,860.0
1791133833,eth,1806048000000,2300.0,put,54.52,0.069352,0.0685,0.07,2753.03,2351.0
1791133833,eth,1806048000000,1700.0,put,60.74,0.019929,0.0195,0.0205,2753.03,1633.0
1791133833,eth,1791446400000,2600.0,put,42.86,0.004201,0.0041,0.0044,2701.82,30.0
1791133833,eth,1792137600000,2800.0,put,44.44,0.053217,0.051,0.054,2703.18,259.0
1791133833,eth,1821772800000,4000.0,put,55.5,0.520893,0.5065,0.525,2816.51,26.0
1791133833,eth,1791273600000,2740.0,call,35.18,0.003951,0.0038,0.0042,2701.48,655.0
1791133833,eth,1791273600000,2900.0,put,55.81,0.073902,0.0705,0.077,2701.62,0.0
1791133833,eth,1791446400000,2520.0,call,50.06,0.069075,0.0675,0.0715,2701.82,0.0
1791133833,eth,1798185600000,1900.0,call,59.42,0.313544,0.3125,0.3155,2724.13,2687.0
1791133833,eth,1791446400000,2620.0,put,41.59,0.005414,0.005,0.0055,2701.82,0.0
1791133833,eth,1793347200000,2450.0,call,48.7,0.11012,0.1095,0.111,2705.95,1319.0
1791133833,eth,1791187200000,3100.0,put,77.28,0.147549,0.144,0.1505,2701.46,0.0
1791133833,eth,1791446400000,2400.0,put,63.19,0.000686,0.0005,0.0009,2701.84,160.0
1791133833,eth,1791446400000,2300.0,call,74.53,0.149074,0.1485,0.1515,2701.84,0.0
1791133833,eth,1791360000000,2700.0,put,38.27,0.012562,0.012,0.013,2701.99,253.0
1791133833,eth,1791273600000,2500.0,call,60.77,0.074994,0.0725,0.078,2701.48,0.0
1791133833,eth,1793347200000,1750.0,put,75.88,0.000861,0.0007,0.001,2705.95,791.0
1791133833,eth,1791446400000,2520.0,put,50.06,0.001775,0.0016,0.002,2701.82,0.0
1791133833,eth,1791273600000,2920.0,put,57.63,0.081204,0.0775,0.0845,2701.62,0.0
1791133833,eth,1798185600000,1700.0,put,64.39,0.006254,0.006,0.0065,2724.15,13317.0
1791133833,eth,1793347200000,1500.0,put,88.7,0.000337,0.0002,0.0005,2705.95,2590.0
1791133833,eth,1791273600000,2540.0,put,54.44,0.000642,0.0005,0.0008,2701.62,130.0
1791133833,eth,1821772800000,4600.0,put,56.3,0.704887,0.691,0.717,2816.51,0.0
1791133833,eth,1791273600000,2860.0,put,49.26,0.059241,0.056,0.0625,2701.48,0.0
1791133833,eth,1793347200000,2950.0,put,47.72,0.109581,0.107,0.1105,2705.98,137.0
1791133833,eth,1798185600000,6000.0,call,69.13,0.001246,0.001,0.0015,2724.15,10687.0
1791133833,eth,1793347200000,2800.0,put,46.61,0.069367,0.0685,0.0695,2705.95,618.0
1791133833,eth,1792742400000,2900.0,put,45.93,0.088344,0.086,0.09,2704.51,0.0
1791133833,eth,1792137600000,2800.0,call,44.44,0.017397,0.017,0.018,2703.18,1482.0
1791133833,eth,1813910400000,800.0,call,78.18,0.716757,0.716,0.718,2785.12,118.0
1791133833,eth,1795766400000,4600.0,put,64.25,0.696517,0.6875,0.7025,2714.39,0.0
