snap_ts,asset,expiry_ms,strike,opt_type,mark_iv,mark_price,bid,ask,underlying_price,open_interest
1786174779,btc,1787904000000,110000.0,put,65.75,0.69083244,0.6335,0.7525,65057.1,0.2
1786174779,btc,1786348800000,64000.0,put,18.86,0.00111915,0.001,0.0013,64919.01,11.3
1786174779,btc,1798185600000,40000.0,call,56.81,0.40337995,0.4015,0.405,66017.44,250.9
1786174779,btc,1798185600000,135000.0,put,47.36,1.04587769,0.9765,1.124,66017.44,0.6
1786174779,btc,1806048000000,105000.0,call,40.47,0.01424275,0.014,0.015,66697.38,183.3
1786174779,btc,1806048000000,100000.0,put,40.14,0.51802097,0.513,0.5595,66697.53,12.1
1786174779,btc,1787904000000,58000.0,put,37.28,0.00363085,0.0034,0.0036,65057.1,1008.0
1786174779,btc,1787904000000,81000.0,put,38.37,0.24529734,0.2035,0.2915,65057.1,0.1
1786174779,btc,1787299200000,63000.0,call,29.14,0.04036714,0.038,0.0425,64997.53,16.5
1786174779,btc,1813910400000,130000.0,put,42.16,0.93894135,0.8675,1.0265,67425.47,1.3
1786174779,btc,1798185600000,20000.0,put,86.81,0.00128878,0.0013,0.0016,66017.56,106.1
1786174779,btc,1787299200000,70000.0,put,25.83,0.07837372,0.0745,0.0975,64997.63,0.0
1786174779,btc,1793347200000,74000.0,call,35.45,0.02488588,0.0245,0.0255,65552.48,112.0
1786174779,btc,1787904000000,46000.0,put,59.66,0.00024896,0.0002,0.0003,65057.1,1737.6
1786174779,btc,1813910400000,80000.0,call,41.25,0.09030347,0.0885,0.0915,67425.27,68.6
1786174779,btc,1786262400000,57000.0,put,53.89,1e-08,,0.0001,64911.56,30.0
1786174779,btc,1806048000000,140000.0,call,43.88,0.00297913,0.0027,0.0033,66697.38,761.4
1786174779,btc,1798185600000,62000.0,call,40.58,0.13005033,0.1285,0.132,66017.44,255.1
1786174779,btc,1793347200000,71000.0,put,35.78,0.11994452,0.1175,0.1215,65552.48,0.0
1786174779,btc,1813910400000,82000.0,call,41.12,0.08235989,0.081,0.084,67425.27,62.0
1786174779,btc,1813910400000,110000.0,call,41.27,0.02393519,0.023,0.025,67425.47,227.6
1786174779,btc,1790323200000,30000.0,call,88.56,0.54097441,0.54,0.5425,65277.36,134.0
1786174779,btc,1787299200000,53000.0,put,46.97,0.00029235,0.0002,0.0004,64997.53,64.4
1786174779,btc,1813910400000,85000.0,put,41.01,0.33251233,0.323,0.345,67425.27,6.8
1786174779,btc,1786176000000,63500.0,call,30.88,0.02198365,0.0185,0.027,64927.05,30.8
1786174779,btc,1806048000000,108000.0,call,40.69,0.0121503,0.0115,0.013,66697.53,57.3
1786174779,btc,1786694400000,70000.0,call,27.74,0.00023705,0.0002,0.0003,64950.39,1624.4
1786174779,btc,1790323200000,170000.0,call,75.32,2.52e-05,,0.0002,65277.54,359.5
1786174779,btc,1798185600000,60000.0,call,41.31,0.14907158,0.1475,0.151,66017.44,787.0
1786174779,btc,1790323200000,190000.0,put,75.38,1.91065564,1.8125,2.0165,65277.54,0.0
1786174779,btc,1787904000000,73000.0,call,29.01,0.00132968,0.0012,0.0015,65057.1,1747.7
1786174779,btc,1786262400000,65500.0,call,15.34,0.00054073,0.0004,0.0006,64911.56,205.2
1786174779,btc,1806048000000,55000.0,put,44.13,0.05763761,0.0565,0.0585,66697.38,1353.8
1786174779,btc,1813910400000,150000.0,call,43.56,0.0057035,0.005,0.0065,67425.27,89.2
1786174779,btc,1790323200000,58000.0,call,38.55,0.12607742,0.123,0.128,65277.36,460.8
1786174779,btc,1786176000000,61500.0,put,44.8,0.0,,0.0001,64927.05,30.6
1786174779,btc,1793347200000,54000.0,call,42.76,0.19310515,0.1905,0.2015,65552.48,0.0
1786174779,btc,1787904000000,59000.0,put,35.65,0.00473132,0.0045,0.0049,65057.1,831.0
1786174779,btc,1793347200000,82000.0,put,36.06,0.25959585,0.255,0.2815,65552.48,0.0
1786174779,btc,1806048000000,106000.0,put,40.47,0.60265825,0.597,0.6435,66697.38,0.1
1786174779,btc,1787904000000,105000.0,call,63.37,3.162e-05,,0.0001,65057.1,169.2
1786174779,btc,1790323200000,300000.0,put,84.97,3.59576428,3.441,3.7625,65277.36,0.0
1786174779,btc,1787904000000,48000.0,call,55.64,0.26255963,0.2595,0.2665,65057.1,37.5
1786174779,btc,1793347200000,54000.0,put,42.76,0.01686645,0.0165,0.0175,65552.48,31.0
1786174779,btc,1798185600000,210000.0,put,58.2,2.18106761,2.0735,2.298,66017.56,0.0
1786174779,btc,1790323200000,35000.0,put,74.42,0.00069901,0.0006,0.0009,65277.54,896.3
1786174779,btc,1790323200000,64000.0,put,34.52,0.04026113,0.0395,0.041,65277.36,634.2
1786174779,btc,1790323200000,135000.0,put,66.78,1.06822625,0.998,1.1445,65277.54,11.5
1786174779,btc,1787904000000,56000.0,put,40.83,0.00222131,0.002,0.0024,65056.92,1082.2
1786174779,btc,1798185600000,80000.0,call,38.38,0.03060847,0.0305,0.031,66017.44,8219.7
1786174779,btc,1798185600000,105000.0,put,40.67,0.59444759,0.5825,0.606,66017.44,109.4
1786174779,btc,1786262400000,59000.0,put,44.29,1.1e-07,,0.0001,64911.56,38.2
1786174779,btc,1798185600000,200000.0,put,58.2,2.02965872,1.9275,2.141,66017.56,0.0
1786174779,btc,1786262400000,72000.0,put,42.78,0.10919639,0.072,0.1485,64911.56,0.0
1786174779,btc,1786348800000,64500.0,call,17.26,0.00896788,0.0085,0.01,64919.01,40.6
1786174779,btc,1793347200000,64000.0,put,37.14,0.05852681,0.058,0.059,65552.48,197.3
1786174779,btc,1793347200000,75000.0,call,35.49,0.02189563,0.0215,0.0225,65552.48,95.5
1786174779,btc,1798185600000,170000.0,put,52.63,1.5753302,1.4885,1.671,66017.44,0.0
1786174779,btc,1806048000000,60000.0,call,42.51,0.18362289,0.182,0.186,66697.38,718.9
1786174779,btc,1787904000000,63000.0,call,31.08,0.04712063,0.045,0.0495,65057.1,982.3
1786174779,btc,1787299200000,68000.0,call,25.42,0.00457286,0.0044,0.0048,64997.53,1761.2
1786174779,btc,1793347200000,85000.0,call,36.59,0.00595377,0.0055,0.0065,65552.48,5.9
1786174779,btc,1793347200000,66000.0,put,36.71,0.07344507,0.0725,0.074,65552.48,31.6
1786174779,btc,1798185600000,72000.0,call,38.7,0.06049045,0.06,0.061,66017.44,1137.8
1786174779,btc,1790323200000,78000.0,call,33.21,0.00404594,0.0039,0.0043,65277.36,4755.2
1786174779,btc,1786435200000,58000.0,put,44.85,3.241e-05,,0.0001,64932.29,20.8
1786174779,btc,1798185600000,40000.0,put,56.81,0.00927706,0.009,0.0095,66017.44,4336.3
1786174779,btc,1798185600000,135000.0,call,47.36,0.00097496,0.0008,0.0012,66017.44,1107.8
1786174779,btc,1787904000000,66000.0,put,29.3,0.03541118,0.0345,0.036,65057.1,219.9
1786174779,btc,1793347200000,76000.0,call,35.49,0.01916421,0.0185,0.0195,65552.48,97.9
1786174779,btc,1798185600000,104000.0,put,40.52,0.57959464,0.5235,0.645,66017.44,0.1
1786174779,btc,1813910400000,68000.0,put,42.33,0.16228233,0.158,0.165,67425.27,8.7
1786174779,btc,1798185600000,85000.0,put,38.39,0.30713114,0.3025,0.3105,66017.44,548.4
1786174779,btc,1798185600000,84000.0,put,38.39,0.2938466,0.289,0.297,66017.44,47.1
1786174779,btc,1793347200000,70000.0,call,35.92,0.0417608,0.041,0.0425,65552.48,115.0
1786174779,btc,1793347200000,86000.0,call,36.63,0.0051638,0.0049,0.0055,65552.48,8.6
1786174779,btc,1790323200000,84000.0,put,36.41,0.28842695,0.2815,0.2935,65277.36,34.7
1786174779,btc,1806048000000,180000.0,put,48.69,1.69975033,1.608,1.803,66697.38,0.0
1786174779,btc,1786435200000,64000.0,call,21.36,0.01690626,0.014,0.022,64932.11,0.0
1786174779,btc,1813910400000,72000.0,call,41.89,0.12928827,0.127,0.1315,67425.47,24.8
1786174779,btc,1786694400000,68000.0,call,23.94,0.00093625,0.0009,0.0011,64950.25,2661.8
1786174779,btc,1786694400000,59000.0,put,38.42,0.00045802,0.0004,0.0005,64950.25,296.4
1786174779,btc,1813910400000,110000.0,put,41.27,0.65535915,0.5895,0.7385,67425.27,0.3
1786174779,btc,1790323200000,150000.0,call,72.57,8.468e-05,,0.0001,65277.54,736.8
1786174779,btc,1790323200000,165000.0,put,75.32,1.52770848,1.4425,1.62,65277.36,0.0
1786174779,btc,1790323200000,60000.0,call,36.94,0.10147428,0.099,0.104,65277.36,852.4
1786174779,btc,1790323200000,110000.0,put,51.25,0.68529219,0.6735,0.6915,65277.36,116.1
1786174779,btc,1787299200000,60000.0,call,33.09,0.07974191,0.0765,0.0925,64997.53,0.0
1786174779,btc,1787904000000,66000.0,call,29.3,0.02092166,0.021,0.0215,65057.1,840.8
1786174779,btc,1798185600000,130000.0,call,45.52,0.00102549,0.0008,0.0013,66017.44,1574.9
1786174779,btc,1786694400000,64000.0,put,25.94,0.00713894,0.0065,0.0075,64950.39,394.1
1786174779,btc,1790323200000,240000.0,call,75.51,1e-07,,0.0001,65277.36,220.1
1786174779,btc,1806048000000,92000.0,call,39.87,0.02979941,0.029,0.0305,66697.38,127.3
1786174779,btc,1786435200000,58000.0,call,44.85,0.10679424,0.0745,0.137,64932.29,0.0
1786174779,btc,1813910400000,58000.0,put,44.15,0.09245766,0.091,0.094,67425.47,15.0
1786174779,btc,1786435200000,65000.0,put,20.06,0.00780829,0.007,0.0085,64932.11,2.7
1786174779,btc,1806048000000,96000.0,put,40.04,0.46301343,0.4585,0.5035,66697.38,1.6
1786174779,btc,1793347200000,88000.0,call,37.05,0.00404842,0.0039,0.0043,65552.48,4.1
1786174779,btc,1787904000000,64000.0,put,30.32,0.02070418,0.02,0.021,65057.1,809.3
1786174779,btc,1793347200000,62000.0,call,37.91,0.10047238,0.099,0.1025,65552.48,13.5
1786174779,btc,1790323200000,115000.0,put,55.06,0.76188767,0.7525,0.7705,65277.36,92.4
1786174779,btc,1813910400000,74000.0,call,41.63,0.11809747,0.1165,0.1195,67425.27,13.3
1786174779,btc,1813910400000,68000.0,call,42.33,0.1537657,0.1515,0.156,67425.27,9.9
1786174779,btc,1786348800000,65000.0,put,17.36,0.00579127,0.005,0.006,64919.01,49.3
1786174779,btc,1790323200000,75000.0,call,32.53,0.00743061,0.007,0.008,65277.36,3521.7
1786174779,btc,1787904000000,83000.0,put,42.07,0.27603975,0.233,0.3235,65057.1,0.1
1786174779,btc,1806048000000,65000.0,put,41.42,0.11660186,0.115,0.1175,66697.38,650.6
1786174779,btc,1786262400000,72000.0,call,42.78,1e-08,,0.0001,64911.56,0.0
1786174779,btc,1793347200000,57000.0,call,40.66,0.15533113,0.153,0.1675,65552.48,0.0
1786174779,btc,1786694400000,58000.0,call,42.45,0.1073656,0.0755,0.139,64950.25,0.0
1786174779,btc,1798185600000,210000.0,call,58.2,0.0001078,,0.0002,66017.44,151.7
1786174779,btc,1798185600000,92000.0,call,38.63,0.01045098,0.01,0.011,66017.44,253.8
1786174779,btc,1790323200000,240000.0,put,75.51,2.67661149,2.5525,2.81,65277.36,0.0
1786174779,btc,1786262400000,66000.0,put,19.93,0.01701972,0.009,0.0535,64911.56,0.0
1786174779,btc,1806048000000,90000.0,call,39.87,0.03360053,0.033,0.034,66697.38,507.9
1786174779,btc,1786694400000,67000.0,put,23.78,0.03405169,0.0305,0.0505,64950.25,5.4
1786174779,btc,1798185600000,86000.0,call,38.43,0.0179427,0.0175,0.018,66017.44,325.0
1786174779,btc,1790323200000,95000.0,put,42.16,0.45575075,0.446,0.4615,65277.36,147.6
1786174779,btc,1813910400000,90000.0,put,40.94,0.39216076,0.3315,0.4715,67425.27,0.5
1786174779,btc,1793347200000,68000.0,put,36.25,0.09039167,0.088,0.092,65552.48,2.1
1786174779,btc,1787299200000,72000.0,call,28.12,0.00057618,0.0005,0.0006,64997.53,178.9
1786174779,btc,1806048000000,160000.0,put,46.15,1.40045607,1.3185,1.494,66697.53,0.0
1786174779,btc,1798185600000,74000.0,call,38.49,0.05109158,0.0505,0.0515,66017.44,146.7
1786174779,btc,1786435200000,59000.0,call,43.15,0.09145037,0.0585,0.1225,64932.11,0.0
1786174779,btc,1786262400000,67000.0,put,24.5,0.03219933,0.013,0.0695,64911.56,0.3
1786174779,btc,1790323200000,58000.0,put,38.55,0.01459184,0.014,0.015,65277.36,1207.7
1786174779,btc,1786348800000,71000.0,call,36.3,3.32e-06,,0.0001,64919.19,30.4
1786174779,btc,1786176000000,63500.0,put,30.88,0.0,,0.0001,64927.05,134.3
1786174779,btc,1798185600000,54000.0,call,44.02,0.21467789,0.213,0.217,66017.56,33.1
1786174779,btc,1798185600000,200000.0,call,58.2,0.00017319,,0.0003,66017.56,951.5
1786174779,btc,1786435200000,66000.0,call,19.45,0.00171555,0.0017,0.0019,64932.11,21.5
1786174779,btc,1786348800000,60000.0,put,38.19,2.235e-05,,0.0001,64919.01,9.4
1786174779,btc,1790323200000,320000.0,call,85.42,2e-08,,0.0001,65277.36,276.6
1786174779,btc,1813910400000,72000.0,put,41.89,0.1971294,0.189,0.207,67425.27,1.3
1786174779,btc,1787299200000,64000.0,put,28.11,0.01421837,0.0135,0.015,64997.53,79.9
1786174779,btc,1798185600000,45000.0,call,51.09,0.33239459,0.3305,0.3345,66017.44,54.3
1786174779,btc,1786435200000,69000.0,put,24.5,0.06266747,0.0265,0.101,64932.11,0.0
1786174779,btc,1787299200000,58000.0,call,36.68,0.1090303,0.0765,0.141,64997.53,0.0
1786174779,btc,1813910400000,70000.0,call,42.13,0.14122505,0.139,0.143,67425.47,186.5
1786174779,btc,1787299200000,61000.0,call,31.61,0.06577049,0.0625,0.078,64997.63,2.0
1786174779,btc,1786435200000,60000.0,call,36.72,0.07605661,0.043,0.1075,64932.29,0.0
1786174779,btc,1786262400000,66500.0,put,23.7,0.02459348,0.0031,0.0605,64911.41,0.0
1786174779,btc,1786262400000,61000.0,call,37.83,0.06026903,0.0265,0.092,64911.41,0.0
1786174779,btc,1798185600000,68000.0,put,39.25,0.11358603,0.112,0.1145,66017.44,455.9
1786174779,btc,1798185600000,115000.0,put,42.51,0.74408436,0.6835,0.8135,66017.44,0.7
1786174779,btc,1806048000000,98000.0,put,40.1,0.49039221,0.4855,0.532,66697.38,0.2
1786174779,btc,1787904000000,100000.0,put,59.75,0.53715636,0.4855,0.5935,65057.1,0.5
1786174779,btc,1813910400000,78000.0,put,41.36,0.25563166,0.247,0.2665,67425.47,0.4
1786174779,btc,1793347200000,48000.0,put,48.44,0.00806197,0.008,0.0085,65552.48,153.3
1786174779,btc,1790323200000,84000.0,call,36.41,0.00161296,0.0016,0.0017,65277.54,1664.6
1786174779,btc,1798185600000,102000.0,put,40.42,0.55009388,0.495,0.615,66017.44,7.8
1786174779,btc,1813910400000,120000.0,call,41.67,0.01594452,0.015,0.017,67425.47,97.3
1786174779,btc,1790323200000,165000.0,call,75.32,3.815e-05,,0.0002,65277.36,184.2
1786174779,btc,1786348800000,69000.0,put,28.63,0.06286841,0.0265,0.101,64919.01,0.0
1786174779,btc,1786435200000,72000.0,call,36.56,9e-06,,0.0001,64932.11,0.0
1786174779,btc,1787904000000,98000.0,put,58.66,0.50643158,0.455,0.5605,65057.1,0.0
1786174779,btc,1790323200000,65000.0,put,34.14,0.04716627,0.0465,0.047,65277.36,658.5
1786174779,btc,1806048000000,170000.0,put,47.53,1.55007481,1.463,1.648,66697.38,0.1
1786174779,btc,1786694400000,80000.0,call,51.26,1.526e-05,,0.0001,64950.39,905.1
1786174779,btc,1790323200000,160000.0,put,75.32,1.45113211,1.368,1.5405,65277.36,0.6
1786174779,btc,1790323200000,80000.0,put,33.86,0.22829898,0.222,0.234,65277.36,612.6
1786174779,btc,1786262400000,70000.0,call,42.66,2.39e-06,,0.0001,64911.41,3.3
1786174779,btc,1786176000000,69000.0,put,39.03,0.06272643,0.0001,,64927.05,0.0
1786174779,btc,1787299200000,56000.0,put,40.65,0.00070621,0.0006,0.0008,64997.53,20.3
1786174779,btc,1786176000000,69000.0,call,39.03,0.0,,0.0001,64927.05,37.0
1786174779,btc,1790323200000,180000.0,call,75.32,1.105e-05,,0.0002,65277.36,748.1
1786174779,btc,1806048000000,90000.0,put,39.87,0.38296997,0.379,0.4185,66697.53,14.1
1786174779,btc,1793347200000,80000.0,put,35.62,0.2314932,0.2275,0.2565,65552.48,0.5
1786174779,btc,1786262400000,63500.0,put,23.76,0.00019727,0.0001,0.0002,64911.56,55.2
1786174779,btc,1806048000000,54000.0,put,44.52,0.05340563,0.0525,0.0545,66697.38,58.7
1786174779,btc,1787904000000,90000.0,call,51.04,0.00014147,0.0001,0.0002,65057.1,329.8
1786174779,btc,1786176000000,60000.0,put,44.83,0.0,,0.0001,64927.05,38.7
1786174779,btc,1806048000000,60000.0,put,42.51,0.08320252,0.082,0.0845,66697.38,613.3
1786174779,btc,1798185600000,65000.0,call,39.84,0.10497803,0.104,0.106,66017.44,843.5
1786174779,btc,1786176000000,57000.0,put,56.67,0.0,,0.0001,64927.05,5.5
1786174779,btc,1786262400000,71000.0,put,42.78,0.09379106,0.0565,0.133,64911.56,0.0
1786174779,btc,1786348800000,66500.0,call,20.37,0.00036421,0.0003,0.0005,64919.19,55.2
1786174779,btc,1787904000000,53000.0,call,46.32,0.18644398,0.1835,0.1915,65057.1,10.9
1786174779,btc,1798185600000,190000.0,call,56.66,0.00020591,0.0001,0.0003,66017.44,990.7
1786174779,btc,1790323200000,105000.0,put,47.98,0.60872795,0.6,0.617,65277.54,104.6
1786174779,btc,1798185600000,230000.0,put,62.41,2.48402099,2.3665,2.612,66017.44,0.0
1786174779,btc,1790323200000,72000.0,call,32.45,0.01400185,0.0135,0.0145,65277.36,2760.6
1786174779,btc,1786348800000,60000.0,call,38.19,0.07580053,0.043,0.107,64919.01,0.0
1786174779,btc,1790323200000,130000.0,put,63.46,0.99162436,0.924,1.0655,65277.36,21.4
1786174779,btc,1790323200000,70000.0,put,32.53,0.09320352,0.0905,0.0955,65277.54,1514.7
1786174779,btc,1806048000000,150000.0,call,45.02,0.00212748,0.0019,0.0025,66697.38,1902.2
1786174779,btc,1798185600000,45000.0,put,51.09,0.01402883,0.0135,0.014,66017.44,2907.6
1786174779,btc,1793347200000,67000.0,put,36.45,0.08161405,0.0805,0.0825,65552.48,12.1
1786174779,btc,1786262400000,58000.0,call,51.29,0.10648078,0.075,0.137,64911.56,0.0
1786174779,btc,1813910400000,60000.0,call,43.69,0.2145339,0.2125,0.217,67425.47,943.4
1786174779,btc,1786435200000,67000.0,call,20.94,0.00040174,0.0004,0.0005,64932.11,100.0
1786174779,btc,1786176000000,71000.0,call,47.87,0.0,,0.0001,64927.05,2.2
1786174779,btc,1786435200000,64500.0,call,20.41,0.01117586,0.0105,0.012,64932.29,0.0
1786174779,btc,1786694400000,50000.0,put,62.34,1.004e-05,,0.0001,64950.39,156.5
1786174779,btc,1787299200000,67000.0,call,25.73,0.00799188,0.008,0.0085,64997.63,1092.1
1786174779,btc,1793347200000,59000.0,call,39.37,0.13188679,0.1295,0.147,65552.48,1.0
1786174779,btc,1790323200000,220000.0,call,75.38,4.5e-07,,0.0002,65277.54,230.1
1786174779,btc,1806048000000,106000.0,call,40.47,0.01340091,0.0125,0.014,66697.38,43.6
1786174779,btc,1793347200000,48000.0,call,48.44,0.2758297,0.2735,0.2835,65552.48,0.1
1786174779,btc,1786348800000,64500.0,put,17.26,0.00250634,0.0023,0.0028,64919.01,22.5
1786174779,btc,1787904000000,80000.0,call,36.48,0.00024194,0.0002,0.0003,65057.1,2144.6
1786174779,btc,1790323200000,100000.0,call,45.03,0.00028459,0.0002,0.0005,65277.36,3631.1
1786174779,btc,1806048000000,98000.0,call,40.1,0.02107882,0.02,0.0215,66697.38,102.6
1786174779,btc,1793347200000,88000.0,put,37.05,0.34647424,0.299,0.4015,65552.48,0.0
1786174779,btc,1786694400000,65000.0,put,24.94,0.01315944,0.0125,0.0135,64950.25,93.8
1786174779,btc,1790323200000,60000.0,put,36.94,0.02062713,0.02,0.021,65277.54,4676.0
1786174779,btc,1798185600000,72000.0,put,38.7,0.15110524,0.1475,0.1525,66017.56,330.5
1786174779,btc,1806048000000,56000.0,call,43.75,0.22253966,0.22,0.2255,66697.38,16.9
1786174779,btc,1786176000000,64000.0,put,23.59,0.0,,0.0001,64927.05,191.4
1786174779,btc,1787904000000,62000.0,put,31.82,0.01137559,0.011,0.0115,65057.1,1265.3
1786174779,btc,1813910400000,55000.0,call,44.95,0.2607238,0.259,0.2635,67425.47,0.9
1786174779,btc,1798185600000,56000.0,call,42.95,0.19134897,0.1895,0.1935,66017.44,41.4
1786174779,btc,1790323200000,52000.0,put,45.22,0.00551383,0.005,0.0055,65277.4,1243.8
1786174779,btc,1806048000000,86000.0,put,39.75,0.33175158,0.3285,0.373,66697.38,1.8
1786174779,btc,1806048000000,40000.0,put,53.08,0.01754183,0.017,0.018,66697.38,1132.2
1786174779,btc,1806048000000,120000.0,call,41.64,0.00664379,0.006,0.007,66697.38,328.1
1786174779,btc,1793347200000,80000.0,call,35.62,0.01110608,0.0105,0.0115,65552.48,179.8
1786174779,btc,1813910400000,140000.0,call,42.78,0.00770736,0.007,0.0085,67425.27,214.4
1786174779,btc,1790323200000,190000.0,call,75.38,4.95e-06,,0.0002,65277.54,772.5
1786174779,btc,1786348800000,70000.0,put,34.37,0.07827082,0.041,0.1175,64919.01,0.0
1786174779,btc,1786348800000,63000.0,call,23.6,0.02987404,0.0011,0.063,64919.19,0.0
1786174779,btc,1806048000000,56000.0,put,43.75,0.06214731,0.061,0.063,66697.38,83.2
1786174779,btc,1813910400000,56000.0,call,44.7,0.25107282,0.249,0.2535,67425.47,2.0
1786174779,btc,1790323200000,64000.0,call,34.52,0.05983143,0.059,0.0605,65277.36,594.0
1786174779,btc,1787904000000,40000.0,put,69.36,4.944e-05,,0.0001,65057.1,750.2
1786174779,btc,1790323200000,220000.0,put,75.38,2.37022756,2.256,2.4925,65277.54,1.8
1786174779,btc,1798185600000,50000.0,call,46.62,0.26473613,0.262,0.267,66017.44,260.8
1786174779,btc,1786694400000,52000.0,call,60.33,0.19943026,0.1705,0.227,64950.25,0.0
1786174779,btc,1786176000000,66500.0,put,29.79,0.02422185,0.0001,,64927.05,0.0
1786174779,btc,1793347200000,45000.0,put,52.43,0.00597468,0.0055,0.006,65552.48,33.6
1786174779,btc,1793347200000,69000.0,call,36.04,0.04709059,0.0465,0.048,65552.48,35.5
1786174779,btc,1786176000000,64000.0,call,23.59,0.01428274,0.0001,,64927.05,14.4
1786174779,btc,1813910400000,84000.0,call,41.08,0.07533733,0.074,0.0765,67425.27,2.7
1786174779,btc,1786435200000,61000.0,call,31.71,0.06070937,0.027,0.0925,64932.29,0.0
1786174779,btc,1790323200000,40000.0,put,64.96,0.00125723,0.0011,0.0013,65277.36,2309.5
1786174779,btc,1790323200000,280000.0,put,81.51,3.28938,3.145,3.445,65277.36,0.0
1786174779,btc,1793347200000,69000.0,put,36.04,0.09967448,0.097,0.1015,65552.48,0.0
1786174779,btc,1786435200000,59000.0,put,43.15,8.92e-05,,0.0001,64932.11,6.8
1786174779,btc,1793347200000,62000.0,put,37.91,0.0462724,0.0455,0.047,65552.48,22.9
1786174779,btc,1786348800000,66000.0,put,18.9,0.01747811,0.014,0.029,64919.19,0.0
1786174779,btc,1813910400000,88000.0,put,40.98,0.36796999,0.3075,0.446,67425.47,0.1
1786174779,btc,1793347200000,40000.0,call,58.99,0.39328433,0.3915,0.3955,65552.48,0.0
1786174779,btc,1786176000000,66000.0,put,25.52,0.01652093,0.0009,,64927.05,0.0
1786174779,btc,1793347200000,86000.0,put,36.63,0.31707995,0.312,0.322,65552.48,0.1
1786174779,btc,1786348800000,71000.0,put,36.3,0.09366581,0.057,0.1325,64919.01,0.0
1786174779,btc,1806048000000,82000.0,put,39.73,0.28295775,0.2805,0.2855,66697.38,3.9
1786174779,btc,1786435200000,67500.0,put,22.52,0.03977772,0.007,0.078,64932.11,0.0
1786174779,btc,1798185600000,64000.0,call,40.1,0.11300767,0.112,0.114,66017.44,420.5
1786174779,btc,1806048000000,95000.0,put,39.99,0.44940026,0.445,0.4905,66697.53,0.6
1786174779,btc,1798185600000,95000.0,call,39.19,0.00836614,0.008,0.0085,66017.44,1304.7
1786174779,btc,1790323200000,95000.0,call,42.16,0.00042541,0.0003,0.0005,65277.36,1862.7
1786174779,btc,1790323200000,35000.0,call,74.42,0.46452652,0.4625,0.4665,65277.36,29.3
1786174779,btc,1798185600000,240000.0,put,62.53,2.63546024,2.513,2.768,66017.44,0.0
1786174779,btc,1787904000000,86000.0,put,44.67,0.32205186,0.2775,0.371,65057.1,0.0
1786174779,btc,1813910400000,105000.0,call,41.15,0.02967354,0.0285,0.031,67425.27,98.0
1786174779,btc,1798185600000,86000.0,put,38.43,0.32062147,0.3155,0.3505,66017.44,23.4
1786174779,btc,1787904000000,79000.0,call,35.21,0.00028274,0.0002,0.0004,65057.1,668.8
1786174779,btc,1790323200000,200000.0,call,75.38,2.21e-06,,0.0002,65277.36,1009.2
1786174779,btc,1787904000000,78000.0,put,34.02,0.19928304,0.159,0.243,65057.1,4.1
1786174779,btc,1806048000000,150000.0,put,45.02,1.25107655,1.1735,1.34,66697.53,0.5
1786174779,btc,1786348800000,68000.0,call,27.69,8.811e-05,,0.0002,64919.01,5.7
1786174779,btc,1790323200000,45000.0,put,55.73,0.00215421,0.002,0.0022,65277.36,2175.2
1786174779,btc,1798185600000,20000.0,call,86.81,0.69834023,0.6975,0.699,66017.44,2.7
1786174779,btc,1806048000000,110000.0,call,40.71,0.01078588,0.01,0.0115,66697.38,531.9
1786174779,btc,1790323200000,145000.0,call,69.92,8.454e-05,,0.0001,65277.54,493.3
1786174779,btc,1806048000000,125000.0,call,42.35,0.00545866,0.0049,0.006,66697.38,125.5
1786174779,btc,1798185600000,150000.0,put,49.77,1.27264616,1.1955,1.3585,66017.56,2.0
1786174779,btc,1813910400000,120000.0,put,41.67,0.79567975,0.727,0.8805,67425.47,0.1
1786174779,btc,1793347200000,63000.0,put,37.46,0.05203251,0.0515,0.053,65552.48,294.8
1786174779,btc,1790323200000,160000.0,call,75.32,5.785e-05,,0.0002,65277.36,1444.3
1786174779,btc,1813910400000,64000.0,put,42.84,0.13106212,0.1295,0.133,67425.27,13.6
1786174779,btc,1786435200000,65500.0,call,19.42,0.00354326,0.0033,0.0039,64932.11,68.4
1786174779,btc,1813910400000,95000.0,call,40.93,0.04580451,0.0445,0.047,67425.47,27.0
1786174779,btc,1798185600000,98000.0,call,39.4,0.006461,0.006,0.007,66017.56,210.1
1786174779,btc,1786694400000,52000.0,put,60.33,4.131e-05,,0.0001,64950.25,235.2
1786174779,btc,1786435200000,65500.0,put,19.42,0.01228637,0.01,0.0135,64932.29,0.0
1786174779,btc,1798185600000,108000.0,put,41.25,0.63919836,0.582,0.706,66017.56,0.1
1786174779,btc,1787299200000,56000.0,call,40.65,0.13914018,0.1075,0.17,64997.53,0.0
1786174779,btc,1813910400000,74000.0,put,41.63,0.21560086,0.2075,0.226,67425.27,0.1
1786174779,btc,1787904000000,94000.0,put,55.86,0.44499323,0.395,0.4985,65056.92,0.0
1786174779,btc,1790323200000,86000.0,call,36.87,0.00110148,0.0011,0.0012,65277.54,872.6
1786174779,btc,1798185600000,115000.0,call,42.51,0.00213018,0.0019,0.0024,66017.44,2339.9
1786174779,btc,1786262400000,66500.0,call,23.7,0.00012738,0.0001,0.0002,64911.56,83.8
1786174779,btc,1806048000000,140000.0,put,43.88,1.10199826,1.029,1.187,66697.38,0.0
1786174779,btc,1798185600000,80000.0,put,38.38,0.24240268,0.2375,0.2455,66017.44,951.8
1786174779,btc,1790323200000,56000.0,put,40.44,0.01035797,0.01,0.011,65277.36,1295.0
1786174779,btc,1787904000000,50000.0,put,52.26,0.00060089,0.0005,0.0007,65057.1,2860.1
1786174779,btc,1806048000000,70000.0,put,40.72,0.15778989,0.1555,0.1585,66697.53,211.8
1786174779,btc,1813910400000,86000.0,call,41.03,0.068807,0.0675,0.07,67425.47,2.7
1786174779,btc,1806048000000,64000.0,call,41.61,0.14973214,0.1485,0.152,66697.38,135.2
1786174779,btc,1798185600000,82000.0,put,38.38,0.26775333,0.263,0.271,66017.56,158.8
1786174779,btc,1787904000000,78000.0,call,34.02,0.00034087,0.0003,0.0004,65057.1,1332.4
1786174779,btc,1798185600000,90000.0,put,38.49,0.37571386,0.371,0.3795,66017.56,590.6
1786174779,btc,1787904000000,92000.0,call,54.08,0.00014154,0.0001,0.0002,65057.1,66.7
1786174779,btc,1806048000000,50000.0,call,46.36,0.28943657,0.2865,0.292,66697.38,20.6
1786174779,btc,1787904000000,79000.0,put,35.21,0.21459596,0.1735,0.2595,65057.1,0.7
1786174779,btc,1793347200000,74000.0,put,35.45,0.15374396,0.1505,0.1565,65552.48,0.0
1786174779,btc,1786176000000,59000.0,put,50.79,0.0,,0.0001,64927.05,89.0
1786174779,btc,1813910400000,140000.0,put,42.78,1.08406512,1.0095,1.1745,67425.27,0.0
1786174779,btc,1798185600000,180000.0,put,55.37,1.72680429,1.6345,1.828,66017.56,0.0
1786174779,btc,1787904000000,88000.0,put,47.9,0.35279408,0.306,0.403,65057.1,0.0
1786174779,btc,1787904000000,96000.0,put,56.61,0.47569815,0.426,0.53,65057.1,0.2
1786174779,btc,1787904000000,86000.0,call,44.67,0.00014127,0.0001,0.0002,65057.1,190.4
1786174779,btc,1786176000000,60000.0,call,44.83,0.07589006,0.0001,,64927.05,0.0
1786174779,btc,1813910400000,76000.0,call,41.49,0.10805701,0.1065,0.1095,67425.47,23.6
1786174779,btc,1786176000000,66500.0,call,29.79,0.0,,0.0001,64927.05,80.6
1786174779,btc,1798185600000,35000.0,put,62.96,0.00599462,0.0055,0.006,66017.44,2332.7
1786174779,btc,1786348800000,67000.0,call,22.34,0.00018594,0.0002,0.0003,64919.01,541.4
1786174779,btc,1790323200000,150000.0,put,72.57,1.2979668,1.2205,1.382,65277.36,0.7
1786174779,btc,1787904000000,57000.0,call,39.04,0.12668004,0.1235,0.1305,65057.1,28.5
1786174779,btc,1793347200000,61000.0,call,38.34,0.11040155,0.109,0.1125,65552.48,1.2
1786174779,btc,1786435200000,66500.0,call,19.95,0.0008079,0.0008,0.001,64932.11,36.2
1786174779,btc,1806048000000,50000.0,put,46.36,0.03908626,0.038,0.04,66697.38,2052.2
1786174779,btc,1786262400000,65500.0,put,15.34,0.00960133,0.0041,0.046,64911.56,0.2
1786174779,btc,1806048000000,190000.0,call,50.4,0.00092213,0.0007,0.0012,66697.38,882.8
1786174779,btc,1798185600000,110000.0,call,41.71,0.00292949,0.0027,0.0032,66017.44,2640.1
1786174779,btc,1787904000000,48000.0,put,55.64,0.00037019,0.0003,0.0004,65057.1,1637.8
1786174779,btc,1790323200000,88000.0,put,38.24,0.34898714,0.303,0.4005,65277.54,5.7
1786174779,btc,1787299200000,59000.0,call,34.87,0.09424455,0.091,0.102,64997.53,0.0
1786174779,btc,1786694400000,60000.0,call,34.96,0.07688675,0.0445,0.109,64950.25,1.0
1786174779,btc,1806048000000,76000.0,put,39.97,0.21572233,0.214,0.219,66697.38,19.2
1786174779,btc,1793347200000,64000.0,call,37.14,0.08221711,0.0815,0.0835,65552.48,417.8
1786174779,btc,1790323200000,76000.0,call,32.55,0.0059381,0.0055,0.0065,65277.54,2582.6
1786174779,btc,1790323200000,110000.0,call,51.25,0.00017863,0.0001,0.0003,65277.36,1293.7
1786174779,btc,1798185600000,82000.0,call,38.38,0.02566426,0.025,0.026,66017.56,530.3
1786174779,btc,1790323200000,55000.0,put,41.26,0.008602,0.0085,0.0095,65277.36,2609.4
1786174779,btc,1798185600000,130000.0,put,45.52,0.97019109,0.9545,0.986,66017.44,54.8
1786174779,btc,1798185600000,106000.0,call,40.88,0.00372758,0.0035,0.004,66017.56,320.2
1786174779,btc,1798185600000,30000.0,call,69.61,0.54928459,0.548,0.5505,66017.44,291.0
1786174779,btc,1798185600000,180000.0,call,55.37,0.00026731,0.0001,0.0008,66017.44,923.8
1786174779,btc,1790323200000,74000.0,put,32.45,0.14280994,0.139,0.1465,65277.54,110.7
1786174779,btc,1798185600000,106000.0,put,40.88,0.60935491,0.5525,0.6755,66017.56,0.2
1786174779,btc,1787904000000,84000.0,put,42.07,0.29133533,0.2475,0.339,65057.1,0.8
1786174779,btc,1786262400000,66000.0,call,19.93,0.00025637,0.0002,0.0003,64911.41,312.4
1786174779,btc,1806048000000,88000.0,put,39.78,0.35704145,0.3535,0.3945,66697.53,4.5
1786174779,btc,1793347200000,57000.0,put,40.66,0.02485695,0.0245,0.0255,65552.48,64.3
1786174779,btc,1786694400000,64000.0,call,25.94,0.02177149,0.021,0.0225,64950.25,224.1
1786174779,btc,1798185600000,62000.0,put,40.58,0.06919084,0.0685,0.07,66017.44,957.4
1786174779,btc,1786176000000,62500.0,call,41.31,0.03738548,0.0001,,64927.05,0.0
1786174779,btc,1790323200000,45000.0,call,55.73,0.31278958,0.31,0.3165,65277.36,224.8
1786174779,btc,1806048000000,200000.0,call,51.55,0.00077835,0.0006,0.001,66697.38,502.7
1786174779,btc,1786694400000,50000.0,call,62.34,0.23019172,0.203,0.2565,64950.25,0.0
1786174779,btc,1793347200000,60000.0,put,38.84,0.03619826,0.0355,0.037,65552.48,37.9
1786174779,btc,1793347200000,52000.0,put,44.67,0.01330055,0.0125,0.014,65552.48,40.0
1786174779,btc,1798185600000,140000.0,put,47.74,1.12136502,1.0495,1.202,66017.44,0.2
1786174779,btc,1790323200000,125000.0,put,62.13,0.91507982,0.85,0.986,65277.36,21.8
1786174779,btc,1786348800000,65000.0,call,17.36,0.00455096,0.0041,0.005,64919.01,143.1
1786174779,btc,1787904000000,92000.0,put,54.08,0.41427845,0.3665,0.467,65057.1,1.5
1786174779,btc,1786435200000,64500.0,put,20.41,0.00451831,0.0043,0.0049,64932.11,3.8
1786174779,btc,1813910400000,55000.0,put,44.95,0.07643578,0.075,0.078,67425.47,8.8
1786174779,btc,1806048000000,102000.0,put,40.22,0.54597669,0.541,0.582,66697.38,0.1
1786174779,btc,1787904000000,75000.0,put,30.62,0.15351131,0.1465,0.1575,65057.1,44.2
1786174779,btc,1786348800000,57000.0,call,48.27,0.12199044,0.0905,0.1515,64919.01,0.0
1786174779,btc,1806048000000,96000.0,call,40.04,0.02368603,0.023,0.0245,66697.38,132.9
1786174779,btc,1793347200000,60000.0,call,38.84,0.12090793,0.1195,0.123,65552.48,5.6
1786174779,btc,1790323200000,98000.0,put,44.64,0.50166798,0.4505,0.5575,65277.36,0.1
1786174779,btc,1790323200000,40000.0,call,64.96,0.38848866,0.3865,0.3905,65277.36,34.4
1786174779,btc,1787904000000,77000.0,call,32.49,0.00038716,0.0003,0.0005,65057.1,220.2
1786174779,btc,1793347200000,76000.0,put,35.49,0.17853197,0.175,0.2025,65552.67,0.0
1786174779,btc,1790323200000,155000.0,call,75.11,8.478e-05,,0.0002,65277.54,363.1
1786174779,btc,1813910400000,100000.0,put,40.97,0.51977722,0.4565,0.6015,67425.47,0.1
1786174779,btc,1793347200000,45000.0,call,52.43,0.31950693,0.292,0.351,65552.48,0.0
1786174779,btc,1793347200000,66000.0,call,36.71,0.0666257,0.066,0.0675,65552.48,119.6
1786174779,btc,1787904000000,82000.0,put,40.24,0.26066855,0.2175,0.307,65057.1,1.5
1786174779,btc,1786435200000,62000.0,call,28.9,0.04556406,0.0125,0.078,64932.11,0.0
1786174779,btc,1793347200000,58000.0,call,39.98,0.14337897,0.141,0.161,65552.48,0.0
1786174779,btc,1798185600000,70000.0,put,38.89,0.1314613,0.13,0.1325,66017.44,1004.7
1786174779,btc,1790323200000,68000.0,put,33.07,0.07247942,0.0705,0.074,65277.36,633.9
1786174779,btc,1793347200000,90000.0,call,37.54,0.00321582,0.003,0.0034,65552.48,27.7
1786174779,btc,1798185600000,125000.0,call,44.53,0.00128304,0.0011,0.0015,66017.44,594.9
1786174779,btc,1806048000000,95000.0,call,39.99,0.02506585,0.0245,0.0255,66697.53,344.4
1786174779,btc,1786176000000,59000.0,call,50.79,0.0912919,0.0001,,64927.05,0.0
1786174779,btc,1793347200000,56000.0,call,41.31,0.1675782,0.165,0.184,65552.48,0.0
1786174779,btc,1813910400000,40000.0,put,51.84,0.02652863,0.026,0.027,67425.47,505.7
1786174779,btc,1786262400000,61000.0,put,37.83,4.85e-06,,0.0001,64911.56,31.7
1786174779,btc,1798185600000,70000.0,call,38.89,0.07114137,0.0705,0.0715,66017.44,1569.2
1786174779,btc,1798185600000,30000.0,put,69.61,0.00370742,0.0035,0.0039,66017.56,2136.4
1786174779,btc,1790323200000,140000.0,call,69.72,0.00013213,,0.0001,65277.36,1184.4
1786174779,btc,1787299200000,65000.0,put,27.31,0.02058786,0.02,0.021,64997.53,96.4
1786174779,btc,1813910400000,95000.0,put,40.93,0.45476156,0.3915,0.5355,67425.47,20.1
1786174779,btc,1798185600000,100000.0,call,39.93,0.00572135,0.0055,0.006,66017.56,3651.9
1786174779,btc,1793347200000,70000.0,put,35.92,0.10959952,0.107,0.111,65552.67,11.3
1786174779,btc,1813910400000,82000.0,put,41.12,0.2985123,0.289,0.3105,67425.47,0.2
1786174779,btc,1790323200000,180000.0,put,75.32,1.75746959,1.664,1.858,65277.36,7.3
1786174779,btc,1787299200000,66000.0,put,26.42,0.02869535,0.028,0.0295,64997.63,4.7
1786174779,btc,1806048000000,62000.0,put,42.06,0.09571265,0.0945,0.0965,66697.38,244.2
1786174779,btc,1790323200000,102000.0,put,46.85,0.56284449,0.51,0.621,65277.36,0.4
1786174779,btc,1793347200000,68000.0,call,36.25,0.05306262,0.0525,0.054,65552.48,65.6
1786174779,btc,1787904000000,59000.0,call,35.65,0.09783917,0.0945,0.1015,65057.1,214.3
1786174779,btc,1786694400000,75000.0,put,40.03,0.15476956,0.116,0.197,64950.25,0.4
1786174779,btc,1786694400000,67000.0,call,23.78,0.00249514,0.0023,0.0027,64950.25,719.1
1786174779,btc,1786176000000,66000.0,call,25.52,0.0,,0.0001,64927.05,127.2
1786174779,btc,1798185600000,105000.0,call,40.67,0.00396769,0.0037,0.0042,66017.44,834.3
1786174779,btc,1786176000000,70000.0,put,42.6,0.07812826,0.0001,,64927.05,0.0
1786174779,btc,1786694400000,58000.0,put,42.45,0.00035485,0.0003,0.0004,64950.25,1653.1
1786174779,btc,1798185600000,52000.0,call,45.28,0.23924712,0.2365,0.241,66017.44,0.1
1786174779,btc,1798185600000,58000.0,put,42.02,0.04793187,0.0475,0.0485,66017.44,2135.5
1786174779,btc,1787299200000,63000.0,put,29.14,0.00962892,0.009,0.01,64997.53,86.7
1786174779,btc,1786435200000,70000.0,put,29.49,0.0780669,0.042,0.116,64932.11,0.0
1786174779,btc,1786176000000,61000.0,call,44.8,0.06048823,0.0001,,64927.05,0.0
1786174779,btc,1790323200000,145000.0,put,69.92,1.22137059,1.1465,1.303,65277.54,0.2
1786174779,btc,1786176000000,64500.0,put,20.73,0.0,,0.0001,64927.05,162.4
1786174779,btc,1787904000000,105000.0,put,63.37,0.61399222,0.5595,0.673,65057.1,1.0
1786174779,btc,1793347200000,55000.0,call,42.13,0.18031762,0.1775,0.192,65552.48,0.0
1786174779,btc,1798185600000,94000.0,put,38.96,0.43281333,0.42,0.4365,66017.44,5.3
1786174779,btc,1798185600000,220000.0,call,59.49,9.115e-05,,0.0002,66017.56,252.8
1786174779,btc,1806048000000,80000.0,call,39.86,0.06049487,0.06,0.061,66697.38,918.9
1786174779,btc,1790323200000,175000.0,put,75.32,1.68087914,1.59,1.778,65277.36,0.2
1786174779,btc,1813910400000,66000.0,call,42.63,0.16754836,0.1655,0.17,67425.27,27.1
1786174779,btc,1798185600000,56000.0,put,42.95,0.03960492,0.039,0.04,66017.44,462.3
1786174779,btc,1787904000000,75000.0,call,30.62,0.0006823,0.0006,0.0008,65057.1,2421.3
1786174779,btc,1790323200000,75000.0,put,32.53,0.15637167,0.1525,0.16,65277.36,2967.4
1786174779,btc,1813910400000,66000.0,put,42.63,0.14640273,0.142,0.149,67425.27,35.1
1786174779,btc,1798185600000,94000.0,call,38.96,0.00895513,0.0085,0.0095,66017.44,117.5
1786174779,btc,1786694400000,62000.0,put,29.32,0.00191782,0.0017,0.0021,64950.25,1610.6
1786174779,btc,1798185600000,140000.0,call,47.74,0.00072515,0.0007,0.001,66017.56,1475.0
1786174779,btc,1793347200000,71000.0,call,35.78,0.03685096,0.0365,0.0375,65552.48,229.5
1786174779,btc,1790323200000,90000.0,call,39.22,0.0006897,0.0006,0.0008,65277.36,3018.7
1786174779,btc,1787904000000,72000.0,call,28.51,0.00197008,0.0019,0.0022,65056.92,3020.8
1786174779,btc,1790323200000,56000.0,call,40.44,0.15248198,0.1495,0.159,65277.36,12.2
1786174779,btc,1798185600000,76000.0,put,38.39,0.19431168,0.191,0.1965,66017.44,142.1
1786174779,btc,1798185600000,250000.0,call,62.95,5.786e-05,,0.0005,66017.44,1120.9
1786174779,btc,1813910400000,85000.0,call,41.01,0.07186655,0.0705,0.0735,67425.27,8.1
1786174779,btc,1786262400000,65000.0,call,13.21,0.0021523,0.0019,0.0024,64911.41,291.1
1786174779,btc,1813910400000,45000.0,put,48.94,0.03836636,0.0375,0.0395,67425.47,247.6
1786174779,btc,1790323200000,62000.0,call,35.52,0.07912134,0.078,0.081,65277.54,680.5
1786174779,btc,1806048000000,70000.0,call,40.72,0.10828033,0.1075,0.1095,66697.38,749.9
1786174779,btc,1793347200000,55000.0,put,42.13,0.01933376,0.019,0.02,65552.48,57.5
1786174779,btc,1813910400000,160000.0,put,44.39,1.37733631,1.294,1.474,67425.27,0.0
1786174779,btc,1790323200000,70000.0,call,32.53,0.02085822,0.0205,0.0215,65277.4,6371.9
1786174779,btc,1793347200000,40000.0,put,58.99,0.00347789,0.0034,0.0035,65552.48,6.6
1786174779,btc,1786176000000,62500.0,put,41.31,0.0,,0.0001,64927.05,63.8
1786174779,btc,1786176000000,63000.0,put,35.43,0.0,,0.0001,64927.05,84.9
1786174779,btc,1786348800000,58000.0,put,48.23,7.66e-06,,0.0001,64919.01,11.5
1786174779,btc,1786694400000,70000.0,put,27.74,0.07798269,0.0415,0.118,64950.25,3.6
1786174779,btc,1786694400000,66000.0,call,24.21,0.00604387,0.006,0.0065,64950.25,826.3
1786174779,btc,1787904000000,88000.0,call,47.9,0.00014138,0.0001,0.0002,65057.1,184.8
1786174779,btc,1786176000000,62000.0,call,44.67,0.0450864,0.0001,,64927.05,0.0
1786174779,btc,1790323200000,260000.0,put,78.83,2.98299574,2.8485,3.1275,65277.36,0.0
1786174779,btc,1787904000000,55000.0,put,42.75,0.00177486,0.0017,0.0019,65056.92,1162.0
1786174779,btc,1787904000000,77000.0,put,32.49,0.18395827,0.144,0.228,65057.1,3.4
1786174779,btc,1786348800000,69000.0,call,28.63,1.332e-05,,0.0001,64919.01,6.0
1786174779,btc,1806048000000,85000.0,call,39.81,0.04508665,0.0445,0.0455,66697.38,94.1
1786174779,btc,1786176000000,70000.0,call,42.6,0.0,,0.0001,64927.05,0.4
1786174779,btc,1793347200000,95000.0,put,38.63,0.45101729,0.401,0.508,65552.48,0.1
1786174779,btc,1806048000000,45000.0,put,49.26,0.02611833,0.0255,0.027,66697.38,225.9
1786174779,btc,1798185600000,110000.0,put,41.71,0.66914653,0.6565,0.682,66017.56,54.2
1786174779,btc,1786694400000,80000.0,put,51.26,0.23172457,0.1905,0.276,64950.25,0.1
1786174779,btc,1786176000000,71000.0,put,47.87,0.09353009,0.0001,,64927.05,0.0
1786174779,btc,1787299200000,64000.0,call,28.11,0.02957148,0.0285,0.0305,64997.63,44.1
1786174779,btc,1787904000000,67000.0,put,28.69,0.04469456,0.042,0.046,65057.1,60.8
1786174779,btc,1806048000000,52000.0,put,45.33,0.04561072,0.0445,0.0465,66697.38,117.8
1786174779,btc,1786262400000,62000.0,put,32.97,2.18e-05,,0.0001,64911.41,74.2
1786174779,btc,1798185600000,65000.0,put,39.84,0.08956083,0.0885,0.0905,66017.56,742.1
1786174779,btc,1786435200000,65000.0,call,20.06,0.00676551,0.006,0.0075,64932.29,42.1
1786174779,btc,1786262400000,63000.0,call,27.92,0.02956633,0.013,0.062,64911.56,0.0
1786174779,btc,1793347200000,61000.0,put,38.34,0.04094672,0.0405,0.0415,65552.48,102.8
1786174779,btc,1787904000000,63000.0,put,31.08,0.01549699,0.015,0.016,65057.1,665.2
1786174779,btc,1813910400000,130000.0,call,42.16,0.01089486,0.01,0.011,67425.47,82.2
1786174779,btc,1813910400000,60000.0,put,43.69,0.10440151,0.103,0.106,67425.27,75.7
1786174779,btc,1798185600000,125000.0,put,44.53,0.89471149,0.8295,0.9685,66017.44,9.1
1786174779,btc,1806048000000,110000.0,put,40.71,0.6600152,0.6545,0.6975,66697.38,3.9
1786174779,btc,1806048000000,52000.0,call,45.33,0.26597504,0.2635,0.269,66697.38,5.2
1786174779,btc,1790323200000,90000.0,put,39.22,0.37941897,0.37,0.3845,65277.36,586.2
1786174779,btc,1786348800000,66000.0,call,18.9,0.00083411,0.0008,0.0009,64919.01,237.8
1786174779,btc,1786262400000,60000.0,put,41.52,8.4e-07,,0.0001,64911.56,23.1
1786174779,btc,1813910400000,50000.0,put,46.63,0.05457608,0.0535,0.056,67425.47,285.1
1786174779,btc,1790323200000,320000.0,put,85.42,3.90214854,3.737,4.0795,65277.36,25.1
1786174779,btc,1806048000000,68000.0,call,40.98,0.12093563,0.1195,0.122,66697.38,97.9
1786174779,btc,1798185600000,52000.0,put,45.28,0.02691336,0.0265,0.027,66017.44,413.8
1786174779,btc,1787299200000,67000.0,put,25.73,0.0387941,0.0365,0.0415,64997.53,10.2
1786174779,btc,1786176000000,65500.0,put,18.79,0.00882001,0.0006,,64927.05,3.6
1786174779,btc,1790323200000,94000.0,call,41.66,0.00047302,0.0004,0.0006,65277.36,169.0
1786174779,btc,1786435200000,64000.0,put,21.36,0.00254838,0.0023,0.0029,64932.11,4.7
1786174779,btc,1786348800000,59000.0,call,44.57,0.0911997,0.0585,0.122,64919.01,0.0
1786174779,btc,1798185600000,96000.0,call,39.31,0.0077147,0.0075,0.008,66017.44,1311.1
1786174779,btc,1813910400000,170000.0,call,45.41,0.00351922,0.0029,0.0041,67425.27,24.0
1786174779,btc,1787904000000,83000.0,call,42.07,0.00024231,0.0002,0.0003,65057.1,473.8
1786174779,btc,1798185600000,68000.0,call,39.25,0.08356095,0.083,0.0845,66017.44,678.5
1786174779,btc,1786694400000,63000.0,put,27.17,0.00361653,0.0034,0.0039,64950.25,387.4
1786174779,btc,1786694400000,61000.0,put,31.86,0.0010738,0.001,0.0012,64950.29,320.0
1786174779,btc,1786435200000,63500.0,put,22.73,0.00145908,0.0013,0.0017,64932.29,8.3
1786174779,btc,1813910400000,40000.0,call,51.84,0.43328356,0.4315,0.436,67425.27,17.0
1786174779,btc,1787904000000,74000.0,call,29.76,0.00093852,0.0009,0.0011,65057.1,1897.8
1786174779,btc,1790323200000,94000.0,put,41.66,0.44047915,0.3915,0.4945,65277.54,1.9
1786174779,btc,1806048000000,100000.0,call,40.14,0.01872159,0.018,0.0195,66697.38,559.8
1786174779,btc,1806048000000,68000.0,put,40.98,0.1404592,0.1385,0.1415,66697.38,75.7
1786174779,btc,1786176000000,65000.0,put,13.6,0.00115473,0.0002,0.0016,64927.05,337.6
1786174779,btc,1786435200000,71000.0,call,34.54,2.138e-05,,0.0001,64932.11,0.0
1786174779,btc,1813910400000,52000.0,put,45.89,0.06259413,0.0615,0.064,67425.27,17.7
1786174779,btc,1790323200000,78000.0,put,33.21,0.19894464,0.1945,0.203,65277.36,629.3
1786174779,btc,1787299200000,75000.0,put,34.27,0.1542111,0.115,0.197,64997.63,0.0
1786174779,btc,1787904000000,67000.0,call,28.69,0.01483398,0.0145,0.0155,65057.1,1271.1
1786174779,btc,1806048000000,125000.0,put,42.35,0.87958288,0.8115,0.959,66697.38,0.1
1786174779,btc,1786348800000,65500.0,call,17.46,0.00190498,0.0017,0.0022,64919.01,51.3
1786174779,btc,1806048000000,115000.0,call,41.14,0.00839376,0.0075,0.009,66697.38,761.7
1786174779,btc,1806048000000,86000.0,call,39.75,0.04235411,0.042,0.043,66697.38,122.1
1786174779,btc,1787904000000,46000.0,call,59.66,0.2931805,0.268,0.319,65057.1,1.0
1786174779,btc,1813910400000,80000.0,put,41.25,0.27679361,0.2675,0.288,67425.27,8.5
1786174779,btc,1798185600000,55000.0,put,43.43,0.03589259,0.0355,0.0365,66017.44,1058.8
1786174779,btc,1790323200000,98000.0,call,44.64,0.000385,0.0003,0.0004,65277.54,344.1
1786174779,btc,1786435200000,57000.0,call,48.61,0.12218133,0.0905,0.152,64932.11,0.0
1786174779,btc,1786348800000,64000.0,call,18.86,0.01528254,0.0125,0.019,64919.01,0.1
1786174779,btc,1813910400000,30000.0,put,60.33,0.01255053,0.012,0.013,67425.47,308.0
1786174779,btc,1790323200000,100000.0,put,45.03,0.532206,0.522,0.538,65277.54,431.5
1786174779,btc,1786262400000,57000.0,call,53.89,0.12188621,0.09,0.152,64911.56,0.0
1786174779,btc,1787904000000,64000.0,call,30.32,0.03695676,0.0365,0.0375,65057.1,531.8
1786174779,btc,1787904000000,71000.0,call,28.24,0.0029992,0.0029,0.0032,65056.92,1466.8
1786174779,btc,1790323200000,102000.0,call,46.85,0.00028465,0.0002,0.0005,65277.36,91.3
1786174779,btc,1806048000000,102000.0,call,40.22,0.01669132,0.016,0.0175,66697.38,105.8
1786174779,btc,1798185600000,78000.0,put,38.31,0.21774675,0.214,0.22,66017.56,234.6
1786174779,btc,1787904000000,71000.0,put,28.24,0.09434432,0.0905,0.1115,65057.1,11.5
1786174779,btc,1813910400000,76000.0,put,41.49,0.23522265,0.227,0.2455,67425.47,9.2
1786174779,btc,1786348800000,72000.0,put,40.53,0.10906855,0.072,0.1485,64919.01,0.0
1786174779,btc,1790323200000,80000.0,call,33.86,0.00276185,0.0027,0.0029,65277.36,3218.7
1786174779,btc,1813910400000,78000.0,call,41.36,0.09880377,0.097,0.1,67425.27,9.9
1786174779,btc,1787904000000,58000.0,call,37.28,0.11210975,0.109,0.115,65057.1,155.1
1786174779,btc,1813910400000,62000.0,call,43.21,0.19758653,0.196,0.2005,67425.47,94.3
1786174779,btc,1790323200000,92000.0,put,40.26,0.40991476,0.362,0.463,65277.36,4.0
1786174779,btc,1806048000000,58000.0,call,43.1,0.20251175,0.2005,0.2045,66697.38,5.2
1786174779,btc,1806048000000,94000.0,call,39.96,0.02656427,0.026,0.027,66697.38,145.2
1786174779,btc,1787904000000,53000.0,put,46.32,0.00110981,0.001,0.0012,65057.1,687.1
1786174779,btc,1806048000000,72000.0,call,40.44,0.09655452,0.096,0.0975,66697.38,68.1
1786174779,btc,1813910400000,50000.0,call,46.63,0.31301974,0.3075,0.3175,67425.47,17.1
1786174779,btc,1786348800000,61000.0,put,38.15,0.0001352,,0.0002,64919.01,12.2
1786174779,btc,1798185600000,55000.0,call,43.43,0.20278407,0.201,0.205,66017.44,44.9
1786174779,btc,1790323200000,52000.0,call,45.22,0.2089146,0.206,0.212,65277.54,75.0
1786174779,btc,1787904000000,69000.0,put,28.13,0.06749934,0.064,0.0705,65057.1,49.4
1786174779,btc,1798185600000,240000.0,call,62.53,7.76e-05,,0.0004,66017.44,874.4
1786174779,btc,1786694400000,55000.0,call,52.91,0.1533465,0.1225,0.183,64950.25,0.0
1786174779,btc,1806048000000,66000.0,put,41.26,0.1242323,0.1225,0.1255,66697.38,123.9
1786174779,btc,1786348800000,63000.0,put,23.6,0.00030695,0.0002,0.0004,64919.01,567.2
1786174779,btc,1786176000000,63000.0,call,35.43,0.02968457,0.025,0.035,64927.05,25.0
1786174779,btc,1798185600000,75000.0,call,38.45,0.04698105,0.0465,0.0475,66017.56,1917.0
1786174779,btc,1786176000000,61500.0,call,44.8,0.05278732,0.0001,,64927.05,0.0
1786174779,btc,1806048000000,35000.0,put,57.45,0.01153672,0.0115,0.012,66697.38,574.1
1786174779,btc,1786262400000,68000.0,put,26.99,0.04757645,0.013,0.0855,64911.56,0.0
1786174779,btc,1786176000000,68000.0,call,38.87,0.0,,0.0001,64927.05,135.4
1786174779,btc,1813910400000,30000.0,call,60.33,0.56761673,0.566,0.57,67425.47,37.0
1786174779,btc,1793347200000,73000.0,call,35.55,0.02845026,0.028,0.029,65552.48,28.8
1786174779,btc,1787904000000,61000.0,put,33.19,0.00859368,0.008,0.009,65057.1,811.0
1786174779,btc,1787299200000,61000.0,put,31.61,0.00426206,0.004,0.0044,64997.53,414.8
1786174779,btc,1786176000000,68000.0,put,38.87,0.04732459,0.0001,,64927.05,0.0
1786174779,btc,1790323200000,50000.0,put,48.07,0.00416983,0.004,0.0042,65277.4,3732.9
1786174779,btc,1786348800000,57000.0,put,48.27,1.17e-06,,0.0001,64919.19,0.0
1786174779,btc,1786348800000,72000.0,call,40.53,2.36e-06,,0.0001,64919.01,0.0
1786174779,btc,1806048000000,64000.0,put,41.61,0.10928374,0.108,0.1105,66697.38,133.1
1786174779,btc,1787904000000,61000.0,call,33.19,0.07095942,0.068,0.075,65057.1,610.9
1786174779,btc,1806048000000,115000.0,put,41.14,0.73258804,0.7265,0.7695,66697.38,1.2
1786174779,btc,1806048000000,35000.0,call,57.45,0.48678193,0.4865,0.4885,66697.53,5.9
1786174779,btc,1786435200000,68000.0,call,23.97,0.00013666,0.0001,0.0002,64932.11,32.1
1786174779,btc,1813910400000,54000.0,put,45.26,0.07162923,0.07,0.073,67425.27,20.2
1786174779,btc,1786694400000,63000.0,call,27.17,0.03364545,0.031,0.0365,64950.39,54.3
1786174779,btc,1786262400000,62000.0,call,32.97,0.04488048,0.013,0.077,64911.56,0.0
1786174779,btc,1790323200000,140000.0,put,69.72,1.14482211,1.0705,1.224,65277.36,1.4
1786174779,btc,1787299200000,59000.0,put,34.87,0.00196591,0.0018,0.0021,64997.53,132.8
1786174779,btc,1787904000000,70000.0,call,28.13,0.00458087,0.0044,0.0047,65057.1,2290.7
1786174779,btc,1806048000000,108000.0,put,40.69,0.63139363,0.6255,0.673,66697.38,0.1
1786174779,btc,1806048000000,180000.0,call,48.69,0.00101145,0.0009,0.0013,66697.38,641.6
1786174779,btc,1806048000000,84000.0,put,39.74,0.30705559,0.3045,0.31,66697.53,55.1
1786174779,btc,1787904000000,76000.0,put,31.34,0.16868744,0.129,0.2125,65057.1,5.4
1786174779,btc,1786176000000,57000.0,call,56.67,0.12209556,0.0001,,64927.05,0.0
1786174779,btc,1793347200000,72000.0,put,35.67,0.13079845,0.128,0.1325,65552.48,5.1
1786174779,btc,1793347200000,50000.0,put,46.74,0.01054138,0.01,0.011,65552.48,68.7
1786174779,btc,1786176000000,67000.0,put,33.37,0.03192276,0.0001,,64927.05,0.0
1786174779,btc,1790323200000,120000.0,call,58.68,0.00017806,0.0001,0.0003,65277.36,1138.6
1786174779,btc,1793347200000,78000.0,call,35.53,0.014618,0.014,0.015,65552.48,179.5
1786174779,btc,1790323200000,170000.0,put,75.32,1.6042916,1.5165,1.6995,65277.36,0.0
1786174779,btc,1787904000000,72000.0,put,28.51,0.10868612,0.105,0.112,65057.1,86.3
1786174779,btc,1806048000000,88000.0,call,39.78,0.037658,0.037,0.0385,66697.53,70.9
1786174779,btc,1806048000000,74000.0,put,40.23,0.19551143,0.1935,0.1975,66697.38,54.0
1786174779,btc,1806048000000,170000.0,call,47.53,0.00126586,0.0011,0.0016,66697.38,249.9
1786174779,btc,1787904000000,73000.0,put,29.01,0.12341658,0.0855,0.1685,65057.1,5.1
1786174779,btc,1806048000000,74000.0,call,40.23,0.08602989,0.0855,0.087,66697.38,50.1
1786174779,btc,1786694400000,72000.0,call,33.95,0.0001387,0.0001,0.0002,64950.25,1469.9
1786174779,btc,1798185600000,64000.0,put,40.1,0.08244304,0.0815,0.083,66017.44,268.8
1786174779,btc,1787904000000,84000.0,call,42.07,0.00016684,0.0001,0.0002,65057.1,60.2
1786174779,btc,1806048000000,54000.0,call,44.52,0.24378396,0.2415,0.247,66697.53,0.1
1786174779,btc,1790323200000,115000.0,call,55.06,0.00017805,0.0001,0.0003,65277.54,2175.9
1786174779,btc,1787904000000,60000.0,call,34.28,0.08405931,0.081,0.087,65057.1,435.9
1786174779,btc,1786348800000,70000.0,call,34.37,1.203e-05,,0.0001,64919.01,35.0
1786174779,btc,1806048000000,120000.0,put,41.64,0.80580304,0.741,0.8835,66697.53,1.8
1786174779,btc,1813910400000,84000.0,put,41.08,0.32115198,0.3115,0.3335,67425.47,0.1
1786174779,btc,1786435200000,62500.0,call,26.44,0.03802121,0.0075,0.071,64932.29,0.0
1786174779,btc,1793347200000,78000.0,put,35.53,0.20449544,0.2005,0.2295,65552.48,0.1
1786174779,btc,1787299200000,66000.0,call,26.42,0.01327824,0.0125,0.014,64997.63,383.7
1786174779,btc,1786435200000,60000.0,put,36.72,9.609e-05,,0.0001,64932.11,0.1
1786174779,btc,1806048000000,104000.0,put,40.34,0.57421383,0.569,0.6105,66697.38,0.1
1786174779,btc,1786435200000,63000.0,call,24.45,0.03063528,0.027,0.034,64932.11,0.0
1786174779,btc,1786176000000,56000.0,put,61.8,0.0,,0.0001,64927.05,31.4
1786174779,btc,1787904000000,57000.0,put,39.04,0.00283008,0.0026,0.003,65057.1,1017.4
1786174779,btc,1806048000000,94000.0,put,39.96,0.43590568,0.4315,0.478,66697.38,9.1
1786174779,btc,1798185600000,100000.0,put,39.93,0.52046411,0.509,0.5315,66017.44,303.3
1786174779,btc,1798185600000,75000.0,put,38.45,0.18303813,0.1795,0.1855,66017.44,896.2
1786174779,btc,1787904000000,70000.0,put,28.13,0.08055461,0.077,0.0845,65057.1,181.5
1786174779,btc,1787904000000,60000.0,put,34.28,0.00632252,0.006,0.0065,65057.1,1637.9
1786174779,btc,1787299200000,69000.0,put,25.48,0.06412272,0.0605,0.075,64997.63,0.0
1786174779,btc,1790323200000,130000.0,call,63.46,0.00012652,,0.0002,65277.36,1431.9
1786174779,btc,1806048000000,76000.0,call,39.97,0.0762548,0.0755,0.0765,66697.38,374.1
1786174779,btc,1786348800000,66500.0,put,20.37,0.02471006,0.0002,0.062,64919.01,0.0
1786174779,btc,1786435200000,71000.0,put,34.54,0.09346811,0.0565,0.133,64932.11,0.0
1786174779,btc,1813910400000,92000.0,call,40.93,0.05240497,0.051,0.0535,67425.47,3.5
1786174779,btc,1786348800000,63500.0,call,20.91,0.02240009,0.0022,0.0505,64919.19,0.0
1786174779,btc,1793347200000,65000.0,put,36.88,0.06563752,0.065,0.0665,65552.48,235.2
1786174779,btc,1793347200000,59000.0,put,39.37,0.03192229,0.0315,0.0325,65552.48,23.0
1786174779,btc,1786176000000,65500.0,call,18.79,0.0,,0.0001,64927.05,159.0
1786174779,btc,1790323200000,92000.0,call,40.26,0.00054707,0.0004,0.0006,65277.54,489.9
1786174779,btc,1790323200000,125000.0,call,62.13,0.00017806,0.0001,0.0003,65277.54,2323.7
1786174779,btc,1793347200000,82000.0,call,36.06,0.00869906,0.0085,0.009,65552.48,8.9
1786174779,btc,1798185600000,120000.0,put,43.5,0.81932057,0.8055,0.8335,66017.44,35.6
1786174779,btc,1787299200000,60000.0,put,33.09,0.00284837,0.0026,0.003,64997.63,593.0
1786174779,btc,1786262400000,60000.0,call,41.52,0.07567052,0.0425,0.1065,64911.56,0.0
1786174779,btc,1787904000000,56000.0,call,40.83,0.14144232,0.138,0.1455,65057.1,63.4
1786174779,btc,1786262400000,63500.0,call,23.76,0.02194769,0.0125,0.055,64911.56,0.0
1786174779,btc,1786176000000,58000.0,put,55.73,0.0,,0.0001,64927.05,88.0
1786174779,btc,1798185600000,220000.0,put,59.49,2.33252523,2.22,2.455,66017.44,0.0
1786174779,btc,1813910400000,70000.0,put,42.13,0.17940393,0.171,0.1885,67425.27,9.5
1786174779,btc,1806048000000,65000.0,call,41.42,0.14205727,0.141,0.1435,66697.38,314.4
1786174779,btc,1806048000000,130000.0,call,42.56,0.00422999,0.004,0.0045,66697.38,1066.1
1786174779,btc,1786262400000,69000.0,call,35.2,2.51e-06,,0.0001,64911.56,15.5
1786174779,btc,1790323200000,175000.0,call,75.32,1.667e-05,,0.0002,65277.36,1355.3
1786174779,btc,1786176000000,67000.0,call,33.37,0.0,,0.0001,64927.05,88.1
1786174779,btc,1786435200000,62500.0,put,26.44,0.00056235,0.0004,0.0007,64932.29,22.7
1786174779,btc,1787904000000,74000.0,put,29.76,0.13839647,0.1,0.182,65057.1,3.3
1786174779,btc,1787904000000,50000.0,call,52.26,0.23204822,0.229,0.2355,65057.1,51.0
1786174779,btc,1786694400000,65000.0,call,24.94,0.01239562,0.012,0.013,64950.39,616.5
1786174779,btc,1806048000000,84000.0,call,39.74,0.04764411,0.047,0.0485,66697.38,266.3
1786174779,btc,1813910400000,160000.0,call,44.39,0.00435601,0.0039,0.0049,67425.27,513.6
1786174779,btc,1813910400000,170000.0,put,45.41,1.52481079,1.437,1.626,67425.27,14.6
1786174779,btc,1786348800000,68000.0,put,27.69,0.0475395,0.012,0.0855,64919.19,0.0
1786174779,btc,1790323200000,86000.0,put,36.87,0.3185539,0.2735,0.369,65277.54,11.6
1786174779,btc,1786262400000,64500.0,put,14.25,0.00082688,0.0007,0.0009,64911.56,250.2
1786174779,btc,1787299200000,75000.0,call,34.27,0.00032802,0.0002,0.0004,64997.53,1511.9
1786174779,btc,1790323200000,68000.0,call,33.07,0.03077204,0.03,0.0315,65277.4,809.7
1786174779,btc,1786694400000,62000.0,call,29.32,0.04734311,0.0445,0.051,64950.39,18.6
1786174779,btc,1790323200000,280000.0,call,81.51,5e-08,,0.0001,65277.54,91.7
1786174779,btc,1798185600000,230000.0,call,62.41,0.00011263,,0.0003,66017.44,195.9
1786174779,btc,1786435200000,66000.0,put,19.45,0.01815899,0.0155,0.0405,64932.29,0.0
1786174779,btc,1798185600000,50000.0,put,46.62,0.02210751,0.0215,0.0225,66017.44,1941.5
1786174779,btc,1786348800000,58000.0,call,48.23,0.10659323,0.0745,0.1375,64919.01,0.0
1786174779,btc,1787904000000,65000.0,call,29.75,0.02821413,0.0275,0.029,65057.1,1392.1
1786174779,btc,1787904000000,68000.0,put,28.52,0.05561828,0.0525,0.057,65057.1,84.3
1786174779,btc,1786348800000,61000.0,call,38.15,0.06050968,0.0265,0.0925,64919.01,0.0
1786174779,btc,1787904000000,76000.0,call,31.34,0.00048738,0.0004,0.0006,65057.1,919.2
1786174779,btc,1786435200000,61000.0,put,31.71,0.00014952,0.0001,0.0002,64932.29,9.4
1786174779,btc,1798185600000,54000.0,put,44.02,0.03263898,0.032,0.033,66017.56,1808.3
1786174779,btc,1798185600000,92000.0,put,38.63,0.40401433,0.392,0.46,66017.44,4.6
1786174779,btc,1787904000000,40000.0,call,69.36,0.3852073,0.384,0.4065,65057.1,23.4
1786174779,btc,1806048000000,78000.0,put,39.79,0.23704853,0.235,0.2395,66697.38,183.0
1786174779,btc,1790323200000,54000.0,call,42.78,0.18030548,0.177,0.185,65277.54,7.2
1786174779,btc,1798185600000,108000.0,call,41.25,0.00327617,0.003,0.0036,66017.44,123.1
1786174779,btc,1798185600000,60000.0,put,41.31,0.05791724,0.057,0.0585,66017.44,6443.4
1786174779,btc,1786262400000,64000.0,call,18.28,0.0143491,0.0105,0.0185,64911.56,0.1
1786174779,btc,1786176000000,64500.0,call,20.73,0.00658182,0.0055,0.0075,64927.05,183.9
1786174779,btc,1786176000000,65000.0,call,13.6,3.563e-05,,0.0001,64927.05,459.2
1786174779,btc,1787299200000,55000.0,call,42.52,0.15432297,0.124,0.185,64997.63,0.0
1786174779,btc,1813910400000,58000.0,call,44.15,0.23225231,0.2305,0.235,67425.47,5.1
1786174779,btc,1798185600000,250000.0,put,62.95,2.78691477,2.6595,2.9255,66017.44,10.0
1786174779,btc,1790323200000,85000.0,call,36.75,0.00135803,0.0013,0.0015,65277.54,1199.0
1786174779,btc,1806048000000,190000.0,put,50.4,1.84959095,1.753,1.958,66697.38,0.9
1786174779,btc,1798185600000,160000.0,call,50.9,0.00034657,0.0002,0.0006,66017.44,1224.0
1786174779,btc,1798185600000,88000.0,put,38.45,0.34791903,0.316,0.3615,66017.44,4.2
1786174779,btc,1798185600000,96000.0,put,39.31,0.46186775,0.4565,0.4915,66017.56,11.3
1786174779,btc,1790323200000,96000.0,put,42.7,0.47103152,0.4215,0.526,65277.54,1.0
1786174779,btc,1798185600000,90000.0,call,38.49,0.01244537,0.012,0.013,66017.44,3304.6
1786174779,btc,1806048000000,66000.0,call,41.26,0.13469471,0.1335,0.136,66697.38,17.5
1786174779,btc,1813910400000,62000.0,put,43.21,0.1171164,0.1155,0.119,67425.27,34.8
1786174779,btc,1786176000000,58000.0,call,55.73,0.10669373,0.0001,,64927.05,0.0
1786174779,btc,1806048000000,200000.0,put,51.55,1.9993771,1.8975,2.113,66697.38,1.0
1786174779,btc,1806048000000,45000.0,call,49.26,0.35143361,0.349,0.354,66697.38,3.3
1786174779,btc,1790323200000,30000.0,put,88.56,0.00055083,0.0005,0.0006,65277.54,2585.3
1786174779,btc,1793347200000,95000.0,call,38.63,0.00180759,0.0017,0.0019,65552.48,24.4
1786174779,btc,1786435200000,63000.0,put,24.45,0.00087674,0.0007,0.001,64932.11,31.4
1786174779,btc,1790323200000,260000.0,call,78.83,7e-08,,0.0001,65277.36,292.0
1786174779,btc,1806048000000,160000.0,call,46.15,0.00157706,0.0014,0.0019,66697.38,860.6
1786174779,btc,1793347200000,50000.0,call,46.74,0.24779943,0.245,0.2525,65552.48,0.1
1786174779,btc,1787299200000,55000.0,put,42.52,0.00050389,0.0005,0.0006,64997.63,64.3
1786174779,btc,1798185600000,66000.0,put,39.62,0.09716127,0.096,0.098,66017.44,363.7
1786174779,btc,1790323200000,82000.0,call,35.4,0.0021773,0.0021,0.0023,65277.54,2534.7
1786174779,btc,1786694400000,66000.0,put,24.21,0.02220405,0.02,0.0235,64950.25,11.7
1786174779,btc,1786348800000,67000.0,put,22.34,0.03223364,0.0018,0.069,64919.01,0.0
1786174779,btc,1806048000000,92000.0,put,39.87,0.40915484,0.405,0.4425,66697.38,0.6
1786174779,btc,1786348800000,59000.0,put,44.57,1.783e-05,,0.0001,64919.01,67.8
1786174779,btc,1798185600000,190000.0,put,56.66,1.87821716,1.7805,1.985,66017.44,0.0
1786174779,btc,1786435200000,70000.0,call,29.49,2.083e-05,,0.0001,64932.29,0.0
1786174779,btc,1798185600000,35000.0,call,62.96,0.47583465,0.475,0.477,66017.44,77.8
1786174779,btc,1798185600000,160000.0,put,50.9,1.42393499,1.3415,1.514,66017.44,0.0
1786174779,btc,1786262400000,68000.0,call,26.99,2.1e-06,,0.0001,64911.56,44.1
1786174779,btc,1798185600000,120000.0,call,43.5,0.00162925,0.0014,0.0019,66017.44,6033.2
1786174779,btc,1806048000000,72000.0,put,40.44,0.17605007,0.1745,0.178,66697.53,139.1
1786174779,btc,1787299200000,65000.0,call,27.31,0.02055586,0.02,0.021,64997.53,245.3
1786174779,btc,1787299200000,68000.0,put,25.42,0.05076019,0.0225,0.059,64997.53,0.0
1786174779,btc,1798185600000,150000.0,call,49.77,0.00053201,0.0004,0.0007,66017.44,1626.2
1786174779,btc,1793347200000,58000.0,put,39.98,0.02815963,0.0275,0.029,65552.48,17.9
1786174779,btc,1806048000000,58000.0,put,43.1,0.07210539,0.071,0.0725,66697.38,109.5
1786174779,btc,1787904000000,54000.0,put,44.61,0.00141474,0.0013,0.0015,65057.1,1492.5
1786174779,btc,1787904000000,81000.0,call,38.37,0.00024202,0.0002,0.0003,65057.1,1451.2
1786174779,btc,1786348800000,62500.0,call,26.44,0.03746379,0.0047,0.07,64919.01,0.0
1786174779,btc,1786262400000,70000.0,put,42.66,0.07838776,0.042,0.1175,64911.56,0.0
1786174779,btc,1787904000000,95000.0,call,56.15,9.225e-05,,0.0002,65057.1,58.3
1786174779,btc,1813910400000,100000.0,call,40.97,0.03666454,0.0355,0.038,67425.47,89.6
1786174779,btc,1790323200000,88000.0,call,38.24,0.0008963,0.0008,0.001,65277.36,655.6
1786174779,btc,1786262400000,67000.0,call,24.5,3.047e-05,,0.0001,64911.56,73.8
1786174779,btc,1798185600000,66000.0,call,39.62,0.09743105,0.0965,0.0985,66017.44,268.7
1786174779,btc,1798185600000,102000.0,call,40.42,0.00505626,0.0047,0.005,66017.44,214.3
1786174779,btc,1787904000000,69000.0,call,28.13,0.00689665,0.0065,0.0075,65057.1,917.6
1786174779,btc,1806048000000,104000.0,call,40.34,0.01494248,0.0145,0.0155,66697.38,101.4
1786174779,btc,1793347200000,84000.0,call,36.06,0.00648724,0.006,0.007,65552.48,25.0
1786174779,btc,1787904000000,95000.0,put,56.15,0.46034232,0.4105,0.5135,65057.1,0.3
1786174779,btc,1798185600000,170000.0,call,52.63,0.00026751,0.0001,0.0009,66017.56,2384.5
1786174779,btc,1790323200000,65000.0,call,34.14,0.05141735,0.051,0.052,65277.36,1299.5
1786174779,btc,1786694400000,55000.0,put,52.91,0.00014665,0.0001,0.0002,64950.25,504.9
1786174779,btc,1793347200000,85000.0,put,36.59,0.30261508,0.2975,0.325,65552.48,0.0
1786174779,btc,1806048000000,130000.0,put,42.56,0.95331918,0.885,1.034,66697.38,0.3
1786174779,btc,1787299200000,72000.0,put,28.12,0.10830394,0.071,0.151,64997.63,0.0
1786174779,btc,1806048000000,80000.0,put,39.86,0.25993438,0.2575,0.2685,66697.38,139.2
1786174779,btc,1786694400000,61000.0,call,31.86,0.06189546,0.0285,0.095,64950.25,14.0
1786174779,btc,1787299200000,69000.0,call,25.48,0.00255029,0.0025,0.0028,64997.63,581.7
1786174779,btc,1787904000000,62000.0,call,31.82,0.05837028,0.056,0.0605,65057.1,902.2
1786174779,btc,1787299200000,53000.0,call,46.97,0.18488165,0.156,0.214,64997.63,0.0
1786174779,btc,1793347200000,52000.0,call,44.67,0.22004892,0.2175,0.232,65552.48,0.1
1786174779,btc,1790323200000,300000.0,call,84.97,5e-08,,0.0001,65277.54,192.1
1786174779,btc,1806048000000,40000.0,call,53.08,0.41782208,0.416,0.42,66697.38,81.3
1786174779,btc,1790323200000,135000.0,call,66.78,0.00013235,,0.0002,65277.36,271.9
1786174779,btc,1813910400000,64000.0,call,42.84,0.18187,0.18,0.1845,67425.27,18.6
1786174779,btc,1790323200000,72000.0,put,32.45,0.11698527,0.1135,0.12,65277.54,274.7
1786174779,btc,1806048000000,85000.0,put,39.81,0.31949112,0.3165,0.3225,66697.38,0.9
1786174779,btc,1787904000000,55000.0,call,42.75,0.15636692,0.153,0.1615,65057.1,11.8
1786174779,btc,1790323200000,62000.0,put,35.52,0.02891262,0.0285,0.0295,65277.36,1144.7
1786174779,btc,1806048000000,55000.0,call,44.13,0.23302295,0.2305,0.236,66697.38,28.6
1786174779,btc,1793347200000,75000.0,put,35.49,0.16600855,0.1625,0.1925,65552.48,1.1
1786174779,btc,1806048000000,62000.0,call,42.06,0.16614704,0.165,0.1685,66697.38,42.2
1786174779,btc,1787904000000,110000.0,call,65.75,1.657e-05,,0.0001,65057.1,105.0
1786174779,btc,1813910400000,150000.0,put,43.56,1.23037253,1.151,1.3245,67425.47,0.0
1786174779,btc,1790323200000,120000.0,put,58.68,0.83848375,0.828,0.8455,65277.36,174.5
1786174779,btc,1787904000000,94000.0,call,55.86,0.00011421,,0.0002,65057.1,220.7
1786174779,btc,1813910400000,52000.0,call,45.89,0.29137553,0.2855,0.2955,67425.27,1.1
1786174779,btc,1787299200000,62000.0,put,30.25,0.00639688,0.006,0.007,64997.53,202.1
1786174779,btc,1790323200000,50000.0,call,48.07,0.23820896,0.235,0.242,65277.36,30.5
1786174779,btc,1787904000000,96000.0,call,56.61,7.703e-05,,0.0001,65057.1,25.7
1786174779,btc,1786176000000,56000.0,call,61.8,0.13749739,0.0001,,64927.05,0.0
1786174779,btc,1786262400000,71000.0,call,42.78,1.9e-07,,0.0001,64911.56,0.3
1786174779,btc,1786262400000,62500.0,call,28.96,0.03718778,0.013,0.0705,64911.41,0.0
1786174779,btc,1790323200000,96000.0,call,42.7,0.00038696,0.0003,0.0005,65277.54,306.4
1786174779,btc,1806048000000,112000.0,call,40.84,0.00970232,0.009,0.0105,66697.38,62.7
1786174779,btc,1793347200000,84000.0,put,36.06,0.28789371,0.2435,0.3105,65552.67,0.0
1786174779,btc,1806048000000,82000.0,call,39.73,0.05353186,0.0535,0.054,66697.38,696.7
1786174779,btc,1786435200000,69000.0,call,24.5,2.206e-05,,0.0001,64932.29,42.2
1786174779,btc,1793347200000,67000.0,call,36.45,0.05953984,0.059,0.0605,65552.48,20.4
1786174779,btc,1790323200000,55000.0,call,41.26,0.16604523,0.1635,0.17,65277.54,143.7
1786174779,btc,1786435200000,72000.0,put,36.56,0.10885639,0.0715,0.149,64932.11,0.0
1786174779,btc,1787299200000,58000.0,put,36.68,0.00136654,0.0012,0.0015,64997.53,802.7
1786174779,btc,1813910400000,88000.0,call,40.98,0.06283083,0.0615,0.064,67425.47,2.9
1786174779,btc,1798185600000,74000.0,put,38.49,0.17200123,0.1685,0.174,66017.56,106.0
1786174779,btc,1813910400000,45000.0,call,48.94,0.37096565,0.369,0.3735,67425.47,0.6
1786174779,btc,1786262400000,62500.0,put,28.96,3.186e-05,,0.0001,64911.41,118.1
1786174779,btc,1790323200000,74000.0,call,32.45,0.00918809,0.0085,0.0095,65277.36,841.4
1786174779,btc,1813910400000,54000.0,call,45.26,0.27074838,0.269,0.2735,67425.47,0.7
1786174779,btc,1786694400000,75000.0,call,40.03,4.208e-05,,0.0001,64950.39,628.7
1786174779,btc,1786435200000,57000.0,put,48.61,1.885e-05,,0.0001,64932.11,2.1
1786174779,btc,1798185600000,84000.0,call,38.39,0.02146268,0.021,0.0215,66017.44,768.6
1786174779,btc,1793347200000,65000.0,call,36.88,0.07407299,0.0735,0.075,65552.48,305.4
1786174779,btc,1787904000000,85000.0,call,43.01,0.00014122,0.0001,0.0002,65057.1,319.2
1786174779,btc,1790323200000,76000.0,put,32.55,0.17019837,0.166,0.174,65277.54,599.6
1786174779,btc,1786348800000,62000.0,put,30.41,0.0001698,0.0001,0.0003,64919.01,114.0
1786174779,btc,1787904000000,98000.0,call,58.66,6.835e-05,,0.0001,65057.1,161.0
1786174779,btc,1790323200000,54000.0,put,42.78,0.00754304,0.007,0.008,65277.36,600.1
1786174779,btc,1786176000000,62000.0,put,44.67,0.0,,0.0001,64927.05,61.1
1786174779,btc,1787904000000,100000.0,call,59.75,5.102e-05,,0.0001,65057.1,189.9
1786174779,btc,1798185600000,76000.0,call,38.39,0.04310718,0.0425,0.0435,66017.44,382.9
1786174779,btc,1786348800000,62500.0,put,26.44,0.00019486,0.0001,0.0003,64919.19,40.3
1786174779,btc,1813910400000,86000.0,put,41.03,0.34428391,0.3345,0.357,67425.27,0.1
1786174779,btc,1786694400000,72000.0,put,33.95,0.10867708,0.0705,0.1495,64950.39,0.0
1786174779,btc,1813910400000,92000.0,put,40.93,0.41686864,0.3545,0.497,67425.27,0.1
1786174779,btc,1787904000000,82000.0,call,40.24,0.00024217,0.0002,0.0003,65057.1,1506.4
1786174779,btc,1798185600000,104000.0,call,40.52,0.00426217,0.004,0.0044,66017.44,86.0
1786174779,btc,1790323200000,66000.0,call,33.74,0.04371754,0.043,0.044,65277.36,1015.1
1786174779,btc,1786435200000,67500.0,call,22.52,0.00023329,0.0002,0.0003,64932.11,1.4
1786174779,btc,1790323200000,155000.0,put,75.11,1.37456297,1.294,1.4615,65277.36,0.1
1786174779,btc,1790323200000,105000.0,call,47.98,0.00021047,0.0001,0.0005,65277.36,1206.6
1786174779,btc,1798185600000,88000.0,call,38.45,0.0149454,0.0145,0.0155,66017.44,2596.2
1786174779,btc,1786262400000,63000.0,put,27.92,0.00011316,,0.0001,64911.56,59.8
1786174779,btc,1793347200000,72000.0,call,35.67,0.03245004,0.032,0.033,65552.48,199.3
1786174779,btc,1786694400000,68000.0,put,23.94,0.04788917,0.044,0.0575,64950.25,7.3
1786174779,btc,1813910400000,56000.0,put,44.7,0.08161592,0.08,0.083,67425.27,41.6
1786174779,btc,1806048000000,105000.0,put,40.47,0.58850709,0.583,0.6255,66697.38,0.4
1786174779,btc,1787904000000,80000.0,put,36.48,0.22992621,0.2225,0.2345,65057.1,29.5
1786174779,btc,1786435200000,66500.0,put,19.95,0.02495166,0.0215,0.028,64932.29,0.0
1786174779,btc,1786348800000,62000.0,call,30.41,0.04514059,0.012,0.0775,64919.01,0.0
1786174779,btc,1786348800000,65500.0,put,17.46,0.01084714,0.008,0.0265,64919.01,1.3
1786174779,btc,1793347200000,63000.0,call,37.46,0.09097766,0.0895,0.093,65552.67,117.3
1786174779,btc,1793347200000,90000.0,put,37.54,0.37615132,0.3275,0.432,65552.48,0.1
1786174779,btc,1786435200000,62000.0,put,28.9,0.00040487,0.0003,0.0005,64932.11,9.5
1786174779,btc,1786694400000,59000.0,call,38.42,0.0920724,0.059,0.1245,64950.39,0.0
1786174779,btc,1813910400000,105000.0,put,41.15,0.58694186,0.5225,0.669,67425.27,0.1
1786174779,btc,1787904000000,52000.0,put,48.31,0.00090407,0.0008,0.0009,65057.1,1303.2
1786174779,btc,1786435200000,68000.0,put,23.97,0.04738141,0.013,0.0855,64932.29,0.0
1786174779,btc,1793347200000,73000.0,put,35.55,0.14205351,0.1395,0.186,65552.48,0.0
1786174779,btc,1790323200000,82000.0,put,35.4,0.25835286,0.25,0.264,65277.36,194.1
1786174779,btc,1806048000000,112000.0,put,40.84,0.68891763,0.683,0.7305,66697.38,0.1
1786174779,btc,1786694400000,60000.0,put,34.96,0.00066874,0.0006,0.0008,64950.25,2453.7
1786174779,btc,1798185600000,58000.0,call,42.02,0.16938106,0.1675,0.1715,66017.44,41.8
1786174779,btc,1787904000000,65000.0,put,29.75,0.0273326,0.0265,0.0275,65057.1,843.4
1786174779,btc,1786435200000,63500.0,call,22.73,0.02351729,0.02,0.027,64932.11,0.0
1786174779,btc,1793347200000,56000.0,put,41.31,0.02184918,0.0215,0.0225,65552.48,31.7
1786174779,btc,1787299200000,62000.0,call,30.25,0.0525202,0.05,0.055,64997.53,26.1
1786174779,btc,1790323200000,66000.0,put,33.74,0.05478567,0.054,0.0555,65277.36,872.9
1786174779,btc,1786176000000,61000.0,put,44.8,0.0,,0.0001,64927.05,49.8
1786174779,btc,1813910400000,90000.0,call,40.94,0.05735935,0.056,0.0585,67425.27,76.5
1786174779,btc,1798185600000,85000.0,call,38.39,0.01959979,0.019,0.02,66017.56,2232.6
1786174779,btc,1786262400000,58000.0,put,51.29,9e-08,,0.0001,64911.41,194.9
1786174779,btc,1798185600000,98000.0,put,39.4,0.49090891,0.4855,0.5195,66017.44,1.2
1786174779,btc,1787904000000,90000.0,put,51.04,0.38353627,0.337,0.434,65057.1,11.1
1786174779,btc,1806048000000,78000.0,call,39.79,0.06759502,0.0675,0.068,66697.38,425.7
1786174779,btc,1786262400000,64000.0,put,18.28,0.00030144,0.0002,0.0003,64911.56,85.0
1786174779,btc,1787904000000,85000.0,put,43.01,0.30668075,0.262,0.354,65057.1,0.8
1786174779,btc,1790323200000,200000.0,put,75.38,2.06384504,1.9605,2.175,65277.36,0.1
1786174779,btc,1787904000000,68000.0,call,28.52,0.01038665,0.01,0.011,65057.1,1203.9
1786174779,btc,1786435200000,67000.0,put,20.94,0.03224583,0.0025,0.0695,64932.11,0.0
1786174779,btc,1787904000000,52000.0,call,48.31,0.20160929,0.1985,0.2065,65057.1,51.0
1786174779,btc,1798185600000,78000.0,call,38.31,0.03624739,0.036,0.0365,66017.44,422.6
1786174779,btc,1786262400000,65000.0,put,13.21,0.00351014,0.0031,0.0041,64911.41,17.2
1786174779,btc,1790323200000,85000.0,put,36.75,0.30349123,0.2965,0.309,65277.36,453.0
1786174779,btc,1787904000000,54000.0,call,44.61,0.17137786,0.168,0.1765,65057.1,12.2
1786174779,btc,1786262400000,59000.0,call,44.29,0.0910753,0.059,0.1215,64911.56,0.0
1786174779,btc,1786348800000,63500.0,put,20.91,0.00053485,0.0004,0.0007,64919.01,75.9
1786174779,btc,1786262400000,64500.0,call,14.25,0.00717179,0.0065,0.008,64911.56,39.8
1786174779,btc,1787299200000,70000.0,call,25.83,0.00141618,0.0014,0.0015,64997.6,1392.8
1786174779,btc,1786262400000,69000.0,put,35.2,0.06298237,0.0265,0.1015,64911.41,0.0
1786174779,btc,1798185600000,95000.0,put,39.19,0.44737176,0.442,0.452,66017.44,85.9
1786174779,eth,1786435200000,1860.0,put,32.83,0.002697,0.0024,0.0029,1913.39,22.0
1786174779,eth,1786262400000,1700.0,call,65.45,0.111448,0.1075,0.118,1913.26,0.0
1786174779,eth,1813910400000,1900.0,call,57.14,0.225741,0.2235,0.2285,1970.0,118.0
1786174779,eth,1786435200000,1750.0,call,47.57,0.085702,0.0815,0.0915,1913.39,0.0
1786174779,eth,1806048000000,2000.0,put,55.17,0.188419,0.187,0.19,1950.8,1508.0
1786174779,eth,1790323200000,2100.0,put,47.26,0.128507,0.1265,0.1315,1918.58,2716.0
1786174779,eth,1790323200000,16000.0,put,130.17,7.339632,7.0205,7.6885,1918.55,30.0
1786174779,eth,1786435200000,1600.0,call,68.7,0.163836,0.1595,0.169,1913.39,0.0
1786174779,eth,1806048000000,4500.0,put,59.63,1.317695,1.302,1.386,1950.8,0.0
1786174779,eth,1790323200000,1600.0,call,52.57,0.181862,0.1795,0.1855,1918.55,3575.0
1786174779,eth,1806048000000,3000.0,put,55.72,0.585193,0.576,0.5945,1950.8,352.0
1786174779,eth,1798185600000,5200.0,put,65.23,1.693582,1.5895,1.8135,1931.57,0.0
1786174779,eth,1798185600000,4800.0,call,63.47,0.002074,0.0018,0.0024,1931.54,2770.0
1786174779,eth,1813910400000,2000.0,put,56.9,0.219657,0.2175,0.222,1970.0,190.0
1786174779,eth,1786694400000,1750.0,put,44.97,0.001443,0.0012,0.0017,1913.73,9433.0
1786174779,eth,1786176000000,2020.0,put,59.62,0.055646,0.0001,,1913.55,0.0
1786174779,eth,1798185600000,2700.0,put,53.37,0.428966,0.42,0.437,1931.54,446.0
1786174779,eth,1790323200000,7500.0,call,93.45,4e-06,,0.0002,1918.55,1322.0
1786174779,eth,1786348800000,2040.0,put,35.12,0.066304,0.026,0.111,1913.29,0.0
1786174779,eth,1790323200000,6800.0,put,93.45,2.544358,2.409,2.693,1918.58,0.0
1786174779,eth,1786694400000,2000.0,put,36.21,0.049427,0.0435,0.053,1913.73,73.0
1786174779,eth,1786694400000,1950.0,put,35.8,0.029496,0.027,0.0315,1913.73,2852.0
1786174779,eth,1786176000000,1900.0,call,23.07,0.007066,0.0065,0.008,1913.55,165.0
1786174779,eth,1798185600000,7000.0,call,71.71,0.000432,0.0003,0.0008,1931.54,2825.0
1786174779,eth,1786262400000,2060.0,put,47.31,0.07673,0.036,0.122,1913.26,0.0
1786174779,eth,1787904000000,2250.0,call,45.64,0.003327,0.0031,0.0035,1915.0,2912.0
1786174779,eth,1798185600000,1800.0,put,53.54,0.095544,0.0945,0.0965,1931.54,5173.0
1786174779,eth,1787299200000,1400.0,call,70.33,0.269078,0.2655,0.2745,1914.44,0.0
1786174779,eth,1813910400000,1400.0,put,59.73,0.076734,0.0755,0.0785,1970.0,1779.0
1786174779,eth,1813910400000,1600.0,call,58.36,0.302842,0.296,0.3105,1970.03,367.0
1786174779,eth,1798185600000,5000.0,call,64.51,0.001773,0.0015,0.0021,1931.57,4539.0
1786174779,eth,1806048000000,2900.0,put,55.57,0.539921,0.531,0.5495,1950.83,258.0
1786174779,eth,1813910400000,4500.0,call,59.23,0.024647,0.0235,0.026,1970.0,1236.0
1786174779,eth,1790323200000,4500.0,call,80.01,0.000209,0.0001,0.0004,1918.55,8441.0
1786174779,eth,1787904000000,1100.0,put,86.58,0.000145,0.0001,0.0002,1915.0,2187.0
1786174779,eth,1806048000000,4400.0,put,59.17,1.267179,1.252,1.336,1950.8,0.0
1786174779,eth,1793347200000,1600.0,put,53.89,0.032436,0.032,0.033,1923.26,1373.0
1786174779,eth,1786694400000,1850.0,put,37.61,0.006759,0.0065,0.0075,1913.73,2641.0
1786174779,eth,1786435200000,1920.0,call,30.03,0.009271,0.009,0.01,1913.39,81.0
1786174779,eth,1790323200000,7000.0,call,93.45,1e-05,,0.0001,1918.55,2033.0
1786174779,eth,1786348800000,2040.0,call,35.12,6.1e-05,,0.0001,1913.29,25.0
1786174779,eth,1790323200000,11000.0,put,110.93,4.733498,4.514,4.973,1918.55,0.0
1786174779,eth,1790323200000,3300.0,put,62.59,0.720881,0.6545,0.797,1918.58,3.0
1786174779,eth,1806048000000,1000.0,call,66.78,0.505723,0.5045,0.5105,1950.8,270.0
1786174779,eth,1813910400000,1500.0,call,58.91,0.333083,0.326,0.362,1970.03,52.0
1786174779,eth,1786176000000,1740.0,put,71.4,0.0,,0.0001,1913.52,732.0
1786174779,eth,1790323200000,8000.0,call,94.35,2e-06,,0.0002,1918.55,1092.0
1786174779,eth,1787299200000,1750.0,call,45.06,0.091995,0.088,0.098,1914.44,50.0
1786174779,eth,1798185600000,6500.0,put,70.46,2.365752,2.2365,2.511,1931.54,0.0
1786174779,eth,1790323200000,4200.0,put,75.13,1.189389,1.1055,1.2835,1918.58,551.0
1786174779,eth,1806048000000,3600.0,call,57.08,0.024613,0.0235,0.0255,1950.8,2214.0
1786174779,eth,1786176000000,1720.0,put,72.8,0.0,,0.0001,1913.52,44.0
1786174779,eth,1786176000000,1800.0,put,60.66,0.0,,0.152,1913.55,885.0
1786174779,eth,1806048000000,3400.0,put,56.63,0.773272,0.762,0.8375,1950.8,6.0
1786174779,eth,1793347200000,1400.0,call,58.55,0.287148,0.2855,0.292,1923.29,50.0
1786174779,eth,1798185600000,2600.0,call,53.21,0.0376,0.037,0.0385,1931.54,6520.0
1786174779,eth,1813910400000,2400.0,call,56.49,0.138046,0.136,0.14,1970.0,646.0
1786174779,eth,1813910400000,5000.0,call,60.12,0.017915,0.017,0.0185,1970.0,571.0
1786174779,eth,1813910400000,2500.0,put,56.47,0.394333,0.3885,0.4055,1970.0,6.0
1786174779,eth,1786694400000,1880.0,call,36.71,0.028764,0.0275,0.0325,1913.73,939.0
1786174779,eth,1786694400000,1700.0,call,49.95,0.112461,0.1085,0.1185,1913.73,5.0
1786174779,eth,1793347200000,1850.0,put,50.73,0.076615,0.076,0.0775,1923.26,344.0
1786174779,eth,1787904000000,1750.0,put,45.82,0.011477,0.011,0.012,1915.0,22880.0
1786174779,eth,1798185600000,4200.0,call,60.41,0.003671,0.0034,0.004,1931.54,4090.0
1786174779,eth,1790323200000,8500.0,call,97.73,2e-06,,0.0002,1918.58,1253.0
1786174779,eth,1786435200000,2020.0,put,34.07,0.056215,0.0475,0.0575,1913.42,10.0
1786174779,eth,1786435200000,1940.0,call,29.77,0.005305,0.005,0.0055,1913.42,76.0
1786174779,eth,1806048000000,5000.0,put,61.32,1.570767,1.4675,1.697,1950.8,0.0
1786174779,eth,1790323200000,4500.0,put,80.01,1.345731,1.256,1.446,1918.55,6.0
1786174779,eth,1786694400000,1700.0,put,49.95,0.000765,0.0007,0.0009,1913.73,5199.0
1786174779,eth,1793347200000,3200.0,call,56.47,0.00391,0.0037,0.0042,1923.26,511.0
1786174779,eth,1786694400000,2100.0,call,40.56,0.000811,0.0007,0.001,1913.73,2970.0
1786174779,eth,1787904000000,1400.0,put,65.69,0.00101,0.0009,0.0011,1915.0,7282.0
1786174779,eth,1787299200000,2100.0,call,41.05,0.004614,0.0044,0.0049,1914.44,675.0
1786174779,eth,1806048000000,800.0,call,73.17,0.599678,0.5985,0.6035,1950.83,0.0
1786174779,eth,1806048000000,4400.0,call,59.17,0.011694,0.011,0.0125,1950.8,1082.0
1786174779,eth,1798185600000,3000.0,put,54.41,0.571562,0.561,0.5815,1931.57,781.0
1786174779,eth,1790323200000,2500.0,put,50.49,0.309974,0.3,0.3165,1918.55,3072.0
1786174779,eth,1790323200000,13000.0,call,119.8,1e-06,,0.0001,1918.55,1873.0
1786174779,eth,1790323200000,7200.0,put,93.45,2.752841,2.609,2.91,1918.55,0.0
1786174779,eth,1813910400000,1900.0,put,57.14,0.190193,0.1885,0.1925,1970.0,3091.0
1786174779,eth,1798185600000,4500.0,call,61.9,0.0027,0.0024,0.003,1931.57,2679.0
1786174779,eth,1793347200000,1000.0,put,74.15,0.003173,0.003,0.0034,1923.29,1315.0
1786174779,eth,1813910400000,1400.0,call,59.73,0.366085,0.3585,0.4005,1970.0,50.0
1786174779,eth,1806048000000,2300.0,call,55.08,0.111998,0.111,0.1135,1950.8,5096.0
1786174779,eth,1786176000000,2000.0,put,54.37,0.045194,0.0001,,1913.55,0.0
1786174779,eth,1787904000000,1850.0,call,43.2,0.058913,0.058,0.061,1915.0,4166.0
1786174779,eth,1790323200000,6400.0,call,93.45,2.9e-05,,0.0002,1918.55,1918.0
1786174779,eth,1806048000000,6000.0,call,64.02,0.004118,0.0037,0.0046,1950.8,4889.0
1786174779,eth,1798185600000,3500.0,put,56.59,0.82045,0.79,0.8335,1931.54,51.0
1786174779,eth,1787299200000,2400.0,call,51.72,0.000384,0.0003,0.0005,1914.44,1131.0
1786174779,eth,1787299200000,1900.0,put,40.25,0.026566,0.0255,0.027,1914.44,768.0
1786174779,eth,1786176000000,1780.0,put,67.65,0.0,,0.0001,1913.55,304.0
1786174779,eth,1786435200000,2060.0,put,37.56,0.076798,0.0355,0.1225,1913.39,0.0
1786174779,eth,1787904000000,1200.0,call,78.36,0.373619,0.3705,0.378,1915.03,69.0
1786174779,eth,1786262400000,2020.0,call,37.75,2e-05,,0.0001,1913.26,354.0
1786174779,eth,1786435200000,1980.0,put,31.27,0.036405,0.0037,0.0795,1913.39,0.0
1786174779,eth,1793347200000,3400.0,put,58.24,0.770541,0.701,0.8525,1923.29,0.0
1786174779,eth,1806048000000,3500.0,put,56.76,0.821296,0.81,0.8875,1950.8,23.0
1786174779,eth,1790323200000,3500.0,put,66.55,0.824963,0.81,0.835,1918.55,1133.0
1786174779,eth,1798185600000,5200.0,call,65.23,0.001472,0.0012,0.0018,1931.57,8859.0
1786174779,eth,1790323200000,6500.0,call,93.45,2.4e-05,,0.0002,1918.55,1337.0
1786174779,eth,1793347200000,2250.0,call,50.16,0.039641,0.039,0.0405,1923.29,56.0
1786174779,eth,1793347200000,1900.0,put,50.39,0.089132,0.0885,0.09,1923.26,408.0
1786174779,eth,1790323200000,8000.0,put,94.35,3.169818,3.0105,3.344,1918.55,0.0
1786174779,eth,1790323200000,6800.0,call,93.45,1.4e-05,,0.0002,1918.58,1462.0
1786174779,eth,1786176000000,1880.0,call,29.59,0.017517,0.015,0.0215,1913.55,551.0
1786174779,eth,1806048000000,900.0,call,69.8,0.552194,0.551,0.557,1950.8,68.0
1786174779,eth,1798185600000,4600.0,put,62.46,1.383957,1.291,1.4925,1931.54,0.0
1786174779,eth,1787904000000,2500.0,call,52.83,0.000784,0.0007,0.0009,1915.0,28356.0
1786174779,eth,1790323200000,3600.0,call,66.56,0.00047,0.0003,0.0006,1918.55,2713.0
1786174779,eth,1790323200000,4600.0,put,81.74,1.397851,1.306,1.5005,1918.58,38.0
1786174779,eth,1786348800000,1980.0,call,28.28,0.00046,0.0004,0.0006,1913.29,132.0
1786174779,eth,1806048000000,900.0,put,69.8,0.013544,0.013,0.014,1950.83,767.0
1786174779,eth,1786348800000,2050.0,put,37.35,0.071529,0.031,0.1165,1913.29,0.0
1786174779,eth,1813910400000,2600.0,put,56.51,0.433756,0.428,0.445,1970.0,0.0
1786174779,eth,1790323200000,15000.0,put,127.3,6.818406,6.519,7.1455,1918.55,0.0
1786174779,eth,1790323200000,12000.0,put,115.57,5.254725,5.0155,5.516,1918.55,0.0
1786174779,eth,1786694400000,1750.0,call,44.97,0.087013,0.083,0.093,1913.73,50.0
1786174779,eth,1793347200000,2300.0,put,50.26,0.230338,0.224,0.234,1923.29,0.0
1786174779,eth,1786694400000,2050.0,put,37.98,0.072996,0.0645,0.0865,1913.73,228.0
1786174779,eth,1786262400000,1820.0,put,44.08,0.000127,,0.0002,1913.23,86.0
1786174779,eth,1793347200000,3600.0,put,60.11,0.873794,0.801,0.9595,1923.29,0.0
1786174779,eth,1786262400000,1740.0,put,57.28,7e-06,,0.0001,1913.26,110.0
1786174779,eth,1786435200000,1900.0,call,30.47,0.014866,0.014,0.0155,1913.42,0.0
1786174779,eth,1798185600000,3000.0,call,54.41,0.018422,0.018,0.019,1931.57,5157.0
1786174779,eth,1798185600000,4200.0,put,60.41,1.178068,1.092,1.28,1931.54,62.0
1786174779,eth,1806048000000,2100.0,call,55.21,0.144362,0.143,0.146,1950.83,482.0
1786174779,eth,1806048000000,1300.0,call,60.36,0.376106,0.375,0.385,1950.8,50.0
1786174779,eth,1798185600000,2200.0,put,52.61,0.218232,0.213,0.2235,1931.57,9286.0
1786174779,eth,1786176000000,1860.0,put,42.88,0.0,,0.0001,1913.55,271.0
1786174779,eth,1790323200000,1500.0,call,55.8,0.227843,0.2255,0.2315,1918.55,976.0
1786174779,eth,1793347200000,2200.0,put,50.13,0.189555,0.1845,0.1935,1923.29,0.0
1786174779,eth,1786694400000,1920.0,put,36.01,0.020147,0.0195,0.0205,1913.73,332.0
1786174779,eth,1787904000000,3000.0,put,69.03,0.566745,0.507,0.634,1915.03,5.0
1786174779,eth,1786435200000,2080.0,put,39.97,0.087198,0.0445,0.133,1913.42,0.0
1786174779,eth,1786694400000,2400.0,put,64.06,0.254158,0.2065,0.308,1913.73,2.0
1786174779,eth,1786694400000,1820.0,put,39.55,0.004206,0.0039,0.0045,1913.73,714.0
1786174779,eth,1798185600000,2100.0,call,52.69,0.095578,0.0945,0.0965,1931.57,1693.0
1786174779,eth,1793347200000,2500.0,put,50.98,0.31961,0.311,0.359,1923.26,1.0
1786174779,eth,1786176000000,1960.0,call,36.62,0.0,,0.0007,1913.55,3321.0
1786174779,eth,1786348800000,2200.0,call,58.12,8e-06,,0.0001,1913.26,59.0
1786174779,eth,1806048000000,4800.0,call,60.52,0.008715,0.0085,0.0095,1950.8,2856.0
1786174779,eth,1790323200000,3100.0,call,59.4,0.001232,0.0011,0.0014,1918.55,2164.0
1786174779,eth,1786348800000,2100.0,call,47.44,4.7e-05,,0.0001,1913.29,522.0
1786174779,eth,1790323200000,1600.0,put,52.57,0.015825,0.015,0.0165,1918.55,8132.0
1786174779,eth,1798185600000,3300.0,call,55.75,0.011439,0.011,0.012,1931.54,1853.0
1786174779,eth,1787299200000,1750.0,put,45.06,0.006087,0.0055,0.0065,1914.44,252.0
1786174779,eth,1786176000000,1920.0,call,17.78,0.0,,0.0001,1913.55,2310.0
1786174779,eth,1786262400000,1750.0,put,54.1,7e-06,,0.0001,1913.26,5.0
1786174779,eth,1787904000000,3400.0,put,76.49,0.7755,0.7075,0.8505,1915.03,1.0
1786174779,eth,1787904000000,2400.0,call,49.91,0.001331,0.0013,0.0015,1915.0,17814.0
1786174779,eth,1787904000000,2400.0,put,49.91,0.254594,0.206,0.3105,1915.0,2.0
1786174779,eth,1793347200000,2150.0,put,50.12,0.170383,0.1655,0.174,1923.26,0.0
1786174779,eth,1786435200000,1860.0,call,32.83,0.030615,0.027,0.0355,1913.42,0.0
1786174779,eth,1786435200000,2040.0,call,35.77,0.000308,0.0002,0.0004,1913.39,0.0
1786174779,eth,1798185600000,1200.0,call,63.18,0.395055,0.393,0.3995,1931.54,341.0
1786174779,eth,1798185600000,3500.0,call,56.59,0.008453,0.008,0.009,1931.54,28522.0
1786174779,eth,1786348800000,1800.0,put,39.75,0.000203,0.0001,0.0003,1913.29,57.0
1786174779,eth,1786262400000,1920.0,call,18.52,0.002383,0.0021,0.0028,1913.23,501.0
1786174779,eth,1806048000000,2500.0,put,55.15,0.36866,0.3625,0.377,1950.8,560.0
1786174779,eth,1798185600000,1200.0,put,63.18,0.016311,0.0155,0.017,1931.54,7159.0
1786174779,eth,1786435200000,1840.0,put,34.65,0.001585,0.0014,0.0017,1913.39,25.0
1786174779,eth,1790323200000,4400.0,call,78.16,0.000209,0.0001,0.0004,1918.55,4355.0
1786174779,eth,1793347200000,4000.0,call,63.9,0.001174,0.001,0.0014,1923.29,390.0
1786174779,eth,1786176000000,1960.0,put,36.62,0.02429,0.0001,,1913.55,0.0
1786174779,eth,1793347200000,2400.0,call,50.56,0.026037,0.0255,0.0265,1923.26,625.0
1786174779,eth,1786176000000,2100.0,put,76.13,0.097454,0.0001,,1913.55,0.0
1786174779,eth,1806048000000,1300.0,put,60.36,0.042499,0.042,0.043,1950.8,1364.0
1786174779,eth,1813910400000,4500.0,put,59.23,1.308877,1.294,1.3845,1970.03,1.0
1786174779,eth,1793347200000,2100.0,call,50.12,0.06018,0.059,0.0605,1923.26,959.0
1786174779,eth,1798185600000,2700.0,call,53.37,0.031139,0.0305,0.032,1931.54,3079.0
1786174779,eth,1793347200000,2000.0,put,50.2,0.11843,0.1145,0.1215,1923.29,16.0
1786174779,eth,1787904000000,1600.0,put,53.24,0.003807,0.0036,0.004,1915.0,13244.0
1786174779,eth,1813910400000,1800.0,call,57.47,0.249208,0.2455,0.2525,1970.03,1465.0
1786174779,eth,1793347200000,3000.0,call,54.86,0.005947,0.0055,0.0065,1923.29,703.0
1786174779,eth,1790323200000,2000.0,call,47.25,0.05054,0.05,0.051,1918.58,19287.0
1786174779,eth,1798185600000,4500.0,put,61.9,1.332411,1.241,1.44,1931.54,2.0
1786174779,eth,1786262400000,2060.0,call,47.31,1.1e-05,,0.0001,1913.26,7.0
1786174779,eth,1793347200000,2600.0,put,51.58,0.367018,0.3575,0.4075,1923.26,95.0
1786174779,eth,1798185600000,2900.0,put,54.07,0.523273,0.513,0.572,1931.54,173.0
1786174779,eth,1813910400000,2000.0,call,56.9,0.204444,0.202,0.208,1970.03,1852.0
1786174779,eth,1798185600000,4800.0,put,63.47,1.487099,1.391,1.6,1931.54,77.0
1786174779,eth,1786176000000,1750.0,call,68.42,0.085455,0.0001,,1913.55,0.0
1786174779,eth,1793347200000,4000.0,put,63.9,1.080976,1.001,1.174,1923.29,0.0
1786174779,eth,1786176000000,1900.0,put,23.07,0.0,,0.0001,1913.52,3145.0
1786174779,eth,1813910400000,3000.0,call,56.9,0.07917,0.0785,0.0805,1970.0,480.0
1786174779,eth,1798185600000,5000.0,put,64.51,1.59034,1.4905,1.707,1931.54,2.0
1786174779,eth,1793347200000,2600.0,call,51.58,0.015147,0.0145,0.016,1923.26,537.0
1786174779,eth,1806048000000,3800.0,put,57.6,0.968094,0.955,1.0335,1950.8,1.0
1786174779,eth,1798185600000,2300.0,put,52.68,0.256492,0.2535,0.264,1931.54,5186.0
1786174779,eth,1790323200000,6000.0,put,93.45,2.127421,2.0075,2.2595,1918.55,0.0
1786174779,eth,1798185600000,2100.0,put,52.69,0.182777,0.1785,0.187,1931.54,3120.0
1786174779,eth,1786435200000,1880.0,put,31.45,0.00465,0.0043,0.0048,1913.39,286.0
1786174779,eth,1786348800000,2020.0,put,32.89,0.055905,0.016,0.1,1913.29,0.0
1786174779,eth,1806048000000,2200.0,call,55.13,0.127188,0.126,0.1285,1950.8,2986.0
1786174779,eth,1786694400000,1850.0,call,37.61,0.040076,0.0385,0.0435,1913.73,933.0
1786174779,eth,1787299200000,1650.0,call,50.86,0.14048,0.1365,0.146,1914.44,1.0
1786174779,eth,1793347200000,2050.0,call,50.11,0.068752,0.068,0.0695,1923.29,398.0
1786174779,eth,1798185600000,3100.0,call,54.87,0.015669,0.015,0.0165,1931.54,2325.0
1786174779,eth,1787904000000,1950.0,call,42.34,0.03142,0.0305,0.032,1915.0,4362.0
1786174779,eth,1786348800000,1940.0,call,25.57,0.002594,0.0024,0.0029,1913.29,143.0
1786174779,eth,1806048000000,1600.0,call,56.99,0.267852,0.267,0.275,1950.8,933.0
1786174779,eth,1798185600000,3200.0,call,55.12,0.013165,0.0125,0.0135,1931.54,67732.0
1786174779,eth,1786435200000,2020.0,call,34.07,0.000514,0.0004,0.0007,1913.39,383.0
1786174779,eth,1798185600000,4400.0,call,61.39,0.002974,0.0027,0.0033,1931.57,2522.0
1786174779,eth,1806048000000,4000.0,call,58.12,0.016684,0.016,0.0175,1950.8,2184.0
1786174779,eth,1790323200000,7400.0,put,93.45,2.857085,2.7095,3.0185,1918.55,0.0
1786174779,eth,1793347200000,2100.0,put,50.12,0.152076,0.1475,0.156,1923.29,1.0
1786174779,eth,1786435200000,2050.0,call,36.96,0.000256,0.0001,0.0004,1913.42,0.0
1786174779,eth,1787904000000,1300.0,call,71.81,0.321649,0.3185,0.3265,1915.0,51.0
1786174779,eth,1786262400000,2020.0,put,37.75,0.055831,0.029,0.1,1913.26,0.0
1786174779,eth,1786435200000,1800.0,put,39.49,0.000632,0.0005,0.0008,1913.39,141.0
1786174779,eth,1790323200000,2800.0,put,54.57,0.462,0.45,0.4695,1918.55,1287.0
1786174779,eth,1786435200000,2000.0,call,32.53,0.000892,0.0008,0.0011,1913.39,378.0
1786174779,eth,1786348800000,1960.0,call,26.75,0.001094,0.001,0.0013,1913.29,117.0
1786174779,eth,1786262400000,2000.0,put,33.84,0.045396,0.0285,0.0885,1913.23,0.0
1786174779,eth,1787904000000,1500.0,call,59.24,0.218641,0.217,0.2225,1915.0,443.0
1786174779,eth,1790323200000,6200.0,call,93.45,4.1e-05,,0.0002,1918.58,2026.0
1786174779,eth,1786435200000,2000.0,put,32.53,0.046141,0.0095,0.09,1913.39,2.0
1786174779,eth,1787904000000,2800.0,put,63.02,0.462424,0.4065,0.5255,1915.03,0.0
1786174779,eth,1787299200000,1700.0,put,47.66,0.003694,0.0034,0.0039,1914.44,163.0
1786174779,eth,1806048000000,4600.0,call,60.02,0.010212,0.01,0.011,1950.8,956.0
1786174779,eth,1790323200000,1700.0,put,50.11,0.025846,0.025,0.0265,1918.58,4665.0
1786174779,eth,1786348800000,1940.0,put,25.57,0.01657,0.013,0.019,1913.29,1.0
1786174779,eth,1786435200000,2200.0,call,59.64,9.2e-05,,0.0001,1913.39,133.0
1786174779,eth,1793347200000,3600.0,call,60.11,0.001972,0.0018,0.0022,1923.29,495.0
1786174779,eth,1806048000000,2000.0,call,55.17,0.163199,0.162,0.165,1950.8,1861.0
1786174779,eth,1786262400000,2050.0,put,45.04,0.071505,0.031,0.1165,1913.26,0.0
1786174779,eth,1790323200000,5600.0,put,93.45,1.918994,1.8075,2.043,1918.55,0.0
1786174779,eth,1790323200000,5500.0,call,93.44,0.000147,,0.0002,1918.58,2065.0
1786174779,eth,1813910400000,5000.0,put,60.12,1.555947,1.5395,1.6345,1970.0,0.0
1786174779,eth,1787299200000,1600.0,call,54.52,0.165807,0.162,0.1715,1914.44,0.0
1786174779,eth,1813910400000,3500.0,call,57.44,0.051368,0.05,0.053,1970.03,2218.0
1786174779,eth,1786262400000,1980.0,call,30.68,0.0001,,0.0002,1913.26,1414.0
1786174779,eth,1813910400000,3600.0,put,57.6,0.874758,0.8635,0.946,1970.0,0.0
1786174779,eth,1790323200000,1700.0,call,50.11,0.13976,0.138,0.1435,1918.55,2264.0
1786174779,eth,1806048000000,1400.0,put,58.95,0.05493,0.0545,0.0555,1950.8,1538.0
1786174779,eth,1786176000000,1820.0,put,53.23,0.0,,0.0001,1913.52,1426.0
1786174779,eth,1786694400000,2000.0,call,36.21,0.004363,0.0041,0.0046,1913.73,7546.0
1786174779,eth,1786435200000,2050.0,put,36.96,0.071636,0.031,0.117,1913.39,0.0
1786174779,eth,1790323200000,7500.0,put,93.45,2.909207,2.7595,3.0725,1918.55,0.0
1786174779,eth,1806048000000,1800.0,put,55.88,0.132822,0.132,0.134,1950.8,3907.0
1786174779,eth,1790323200000,2200.0,call,47.58,0.022435,0.022,0.023,1918.55,7264.0
1786174779,eth,1806048000000,3500.0,call,56.76,0.02716,0.0265,0.028,1950.8,4508.0
1786174779,eth,1790323200000,5500.0,put,93.44,1.866896,1.7575,1.9895,1918.58,1.0
1786174779,eth,1793347200000,2200.0,call,50.13,0.045664,0.045,0.046,1923.26,200.0
1786174779,eth,1813910400000,1500.0,put,58.91,0.094493,0.0925,0.0965,1970.0,431.0
1786174779,eth,1787904000000,2600.0,put,55.78,0.358195,0.306,0.4175,1915.0,3.0
1786174779,eth,1806048000000,3600.0,put,57.08,0.87001,0.858,0.9335,1950.8,1.0
1786174779,eth,1790323200000,2900.0,call,56.01,0.001929,0.0018,0.0021,1918.55,5450.0
1786174779,eth,1806048000000,1900.0,call,55.47,0.185302,0.184,0.187,1950.83,2363.0
1786174779,eth,1790323200000,5400.0,put,93.44,1.814803,1.7075,1.9355,1918.58,4.0
1786174779,eth,1787904000000,3600.0,call,80.02,2.5e-05,,0.0001,1915.0,1218.0
1786174779,eth,1790323200000,1900.0,put,47.52,0.063613,0.063,0.0645,1918.55,17505.0
1786174779,eth,1786176000000,1940.0,put,27.52,0.013838,0.0075,0.0175,1913.55,255.0
1786174779,eth,1790323200000,3400.0,put,64.92,0.772946,0.7595,0.7825,1918.55,870.0
1786174779,eth,1806048000000,1900.0,put,55.47,0.159261,0.158,0.1605,1950.8,2553.0
1786174779,eth,1787904000000,3800.0,call,81.7,1.1e-05,,0.0001,1915.0,398.0
1786174779,eth,1786262400000,2100.0,call,52.82,3e-06,,0.0001,1913.26,1033.0
1786174779,eth,1786435200000,1900.0,put,30.47,0.007852,0.0075,0.0085,1913.39,47.0
1786174779,eth,1786694400000,2100.0,put,40.56,0.098127,0.056,0.1455,1913.73,63.0
1786174779,eth,1790323200000,7400.0,call,93.45,5e-06,,0.0002,1918.58,1019.0
1786174779,eth,1790323200000,5200.0,put,90.45,1.710558,1.607,1.826,1918.55,3.0
1786174779,eth,1790323200000,14000.0,put,123.7,6.297179,6.018,6.6025,1918.55,0.0
1786174779,eth,1786262400000,1860.0,put,29.7,0.000219,0.0002,0.0004,1913.23,897.0
1786174779,eth,1798185600000,2600.0,put,53.21,0.383656,0.375,0.392,1931.57,1065.0
1786174779,eth,1790323200000,6400.0,put,93.45,2.335881,2.208,2.476,1918.55,0.0
1786174779,eth,1787904000000,2050.0,put,42.41,0.085517,0.081,0.0865,1915.0,180.0
1786174779,eth,1786435200000,1920.0,put,30.03,0.01271,0.012,0.0135,1913.42,291.0
1786174779,eth,1786262400000,2000.0,call,33.84,3.8e-05,,0.0001,1913.26,367.0
1786174779,eth,1790323200000,6600.0,put,93.45,2.440118,2.3085,2.5845,1918.55,0.0
1786174779,eth,1790323200000,2800.0,call,54.57,0.002565,0.0024,0.0026,1918.55,7321.0
1786174779,eth,1787904000000,1950.0,put,42.34,0.049697,0.0485,0.0505,1915.03,2524.0
1786174779,eth,1798185600000,2900.0,call,54.07,0.021904,0.0215,0.0225,1931.54,1949.0
1786174779,eth,1786435200000,1780.0,call,42.22,0.070155,0.0325,0.107,1913.39,0.0
1786174779,eth,1786348800000,2020.0,call,32.89,0.000115,,0.0002,1913.29,278.0
1786174779,eth,1787299200000,1700.0,call,47.66,0.11572,0.1115,0.121,1914.44,50.0
1786174779,eth,1787299200000,2050.0,call,40.16,0.00785,0.0075,0.0085,1914.44,3133.0
1786174779,eth,1786176000000,1750.0,put,68.42,0.0,,0.0001,1913.55,271.0
1786174779,eth,1786694400000,1920.0,call,36.01,0.016886,0.016,0.0175,1913.73,646.0
1786174779,eth,1806048000000,2700.0,put,55.35,0.452119,0.4445,0.4605,1950.8,147.0
1786174779,eth,1786348800000,1840.0,call,32.57,0.038825,0.0033,0.0755,1913.29,0.0
1786174779,eth,1790323200000,3500.0,call,66.55,0.000669,0.0005,0.0009,1918.55,15565.0
1786174779,eth,1790323200000,1800.0,call,48.44,0.103136,0.1025,0.1045,1918.55,6563.0
1786174779,eth,1806048000000,3400.0,call,56.63,0.030397,0.0295,0.0315,1950.8,1869.0
1786174779,eth,1786348800000,2050.0,call,37.35,6e-05,,0.0001,1913.29,43.0
1786174779,eth,1786348800000,1800.0,call,39.75,0.0594,0.0215,0.0955,1913.29,0.0
1786174779,eth,1813910400000,900.0,put,67.79,0.021799,0.0205,0.023,1970.0,668.0
1786174779,eth,1786435200000,2060.0,call,37.56,0.000192,0.0001,0.0003,1913.39,300.0
1786174779,eth,1813910400000,1300.0,call,60.84,0.401733,0.394,0.4305,1970.03,108.0
1786174779,eth,1787904000000,1600.0,call,53.24,0.168298,0.1665,0.1735,1915.0,885.0
1786174779,eth,1790323200000,1850.0,put,47.89,0.051584,0.051,0.0525,1918.58,1364.0
1786174779,eth,1798185600000,1500.0,call,56.62,0.265328,0.264,0.2705,1931.54,833.0
1786174779,eth,1786176000000,1780.0,call,67.65,0.069777,0.0001,,1913.52,0.0
1786174779,eth,1793347200000,3400.0,call,58.24,0.002709,0.0025,0.0028,1923.29,806.0
1786174779,eth,1787904000000,1300.0,put,71.81,0.0005,0.0004,0.0006,1915.0,9055.0
1786174779,eth,1786435200000,1800.0,call,39.49,0.059908,0.0215,0.0965,1913.39,0.0
1786174779,eth,1787904000000,1450.0,call,62.52,0.244225,0.2405,0.2495,1915.03,51.0
1786174779,eth,1790323200000,5000.0,put,87.33,1.606312,1.5065,1.7175,1918.58,2.0
1786174779,eth,1798185600000,11000.0,put,87.16,4.695052,4.477,4.7105,1931.57,109.0
1786174779,eth,1798185600000,2800.0,call,53.75,0.026135,0.0255,0.027,1931.57,9093.0
1786174779,eth,1793347200000,1800.0,call,51.08,0.129319,0.1285,0.131,1923.26,102.0
1786174779,eth,1813910400000,1800.0,put,57.47,0.1629,0.161,0.165,1970.0,305.0
1786174779,eth,1798185600000,3400.0,put,56.29,0.770145,0.7575,0.8215,1931.54,89.0
1786174779,eth,1786176000000,1800.0,call,60.66,0.059325,0.0001,,1913.55,0.0
1786174779,eth,1798185600000,8000.0,put,75.13,3.141988,2.983,3.318,1931.54,0.0
1786174779,eth,1793347200000,2500.0,call,50.98,0.019733,0.019,0.0205,1923.26,71.0
1786174779,eth,1787904000000,1800.0,put,44.41,0.017119,0.0165,0.0175,1915.03,4176.0
1786174779,eth,1798185600000,1000.0,put,69.61,0.008268,0.0075,0.009,1931.54,19218.0
1786174779,eth,1806048000000,3300.0,put,56.41,0.725504,0.7145,0.791,1950.8,1.0
1786174779,eth,1786694400000,2200.0,put,47.26,0.149809,0.106,0.199,1913.73,0.0
1786174779,eth,1790323200000,14000.0,call,123.7,1e-06,,0.0001,1918.55,1212.0
1786174779,eth,1786262400000,1760.0,call,51.66,0.080093,0.0415,0.116,1913.26,0.0
1786174779,eth,1787904000000,2000.0,put,42.28,0.066368,0.062,0.0675,1915.03,505.0
1786174779,eth,1787904000000,3600.0,put,80.02,0.879921,0.8085,0.9595,1915.03,18.0
1786174779,eth,1786348800000,1760.0,put,49.94,0.00015,,0.0002,1913.29,1009.0
1786174779,eth,1786694400000,2200.0,call,47.26,0.00024,0.0002,0.0003,1913.73,2543.0
1786174779,eth,1786348800000,1920.0,call,25.52,0.005944,0.0055,0.0065,1913.29,2004.0
1786174779,eth,1798185600000,1400.0,call,58.38,0.30607,0.3045,0.311,1931.54,946.0
1786174779,eth,1806048000000,2600.0,put,55.26,0.409819,0.4025,0.4175,1950.8,626.0
1786174779,eth,1787299200000,1850.0,call,41.12,0.050201,0.0485,0.0545,1914.44,397.0
1786174779,eth,1786348800000,2100.0,put,47.44,0.09765,0.056,0.144,1913.29,0.0
1786174779,eth,1786176000000,2040.0,put,62.88,0.066098,0.0001,,1913.55,0.0
1786174779,eth,1790323200000,1850.0,call,47.89,0.087314,0.0865,0.0885,1918.55,1187.0
1786174779,eth,1790323200000,4600.0,call,81.74,0.000207,0.0001,0.0003,1918.58,3405.0
1786174779,eth,1786348800000,1760.0,call,49.94,0.080254,0.043,0.116,1913.26,0.0
1786174779,eth,1786262400000,1840.0,call,36.57,0.038421,0.0235,0.075,1913.26,15.0
1786174779,eth,1806048000000,2800.0,call,55.48,0.060288,0.059,0.0615,1950.8,4821.0
1786174779,eth,1786435200000,1880.0,call,31.45,0.022116,0.02,0.0265,1913.39,4.0
1786174779,eth,1790323200000,10000.0,call,105.8,2e-06,,0.0001,1918.55,1561.0
1786174779,eth,1786694400000,1900.0,put,36.31,0.015154,0.0145,0.0155,1913.73,1915.0
1786174779,eth,1813910400000,2300.0,call,56.55,0.152233,0.15,0.1545,1970.0,215.0
1786174779,eth,1813910400000,2700.0,call,56.53,0.103643,0.102,0.1055,1970.0,295.0
1786174779,eth,1787904000000,1900.0,put,42.65,0.035876,0.035,0.0365,1915.0,6709.0
1786174779,eth,1790323200000,3800.0,put,69.43,0.981019,0.964,0.992,1918.55,954.0
1786174779,eth,1790323200000,16000.0,call,130.17,1e-06,,0.0001,1918.55,7426.0
1786174779,eth,1787299200000,1900.0,call,40.25,0.034125,0.0335,0.0345,1914.44,894.0
1786174779,eth,1798185600000,3300.0,put,55.75,0.719894,0.708,0.7715,1931.57,10.0
1786174779,eth,1798185600000,3400.0,call,56.29,0.009919,0.009,0.0105,1931.54,13044.0
1786174779,eth,1790323200000,3200.0,call,61.24,0.001036,0.001,0.0012,1918.55,7859.0
1786174779,eth,1790323200000,6200.0,put,93.45,2.231648,2.1085,2.3675,1918.58,0.0
1786174779,eth,1787904000000,1700.0,call,48.42,0.120342,0.118,0.1255,1915.0,1002.0
1786174779,eth,1798185600000,2000.0,call,52.79,0.114733,0.114,0.116,1931.57,10494.0
1786174779,eth,1790323200000,1000.0,put,81.4,0.001012,0.001,0.0012,1918.55,9682.0
1786174779,eth,1790323200000,1000.0,call,81.4,0.479785,0.4775,0.4835,1918.58,125.0
1786174779,eth,1793347200000,1850.0,call,50.73,0.114706,0.114,0.1165,1923.26,104.0
1786174779,eth,1813910400000,3800.0,put,57.97,0.96952,0.9575,1.0395,1970.0,2.0
1786174779,eth,1798185600000,1800.0,call,53.54,0.163659,0.1625,0.1655,1931.54,2476.0
1786174779,eth,1786694400000,1950.0,call,35.8,0.010559,0.01,0.011,1913.73,11235.0
1786174779,eth,1798185600000,800.0,put,77.7,0.003912,0.0037,0.0041,1931.54,6127.0
1786174779,eth,1786262400000,1900.0,call,19.53,0.008442,0.0075,0.009,1913.26,189.0
1786174779,eth,1793347200000,2250.0,put,50.16,0.20953,0.203,0.2135,1923.26,1.0
1786174779,eth,1806048000000,4800.0,put,60.52,1.469244,1.3695,1.592,1950.8,0.0
1786174779,eth,1790323200000,5200.0,call,90.45,0.000177,0.0001,0.0003,1918.55,1681.0
1786174779,eth,1786348800000,1960.0,put,26.75,0.025524,0.0185,0.0635,1913.29,12.0
1786174779,eth,1787904000000,3400.0,call,76.49,4.3e-05,,0.0001,1915.03,560.0
1786174779,eth,1813910400000,3000.0,put,56.9,0.601989,0.5935,0.6115,1970.0,63.0
1786174779,eth,1787904000000,2000.0,call,42.28,0.021982,0.021,0.0225,1915.03,7853.0
1786174779,eth,1806048000000,800.0,put,73.17,0.009767,0.009,0.0105,1950.8,2792.0
1786174779,eth,1793347200000,2300.0,call,50.26,0.034452,0.0335,0.035,1923.26,552.0
1786174779,eth,1798185600000,1500.0,put,56.62,0.041898,0.041,0.0425,1931.54,16392.0
1786174779,eth,1798185600000,2000.0,put,52.79,0.15016,0.1485,0.1515,1931.57,7956.0
1786174779,eth,1786176000000,1860.0,call,42.88,0.027969,0.0235,,1913.55,84.0
1786174779,eth,1787299200000,1500.0,put,62.08,0.000705,0.0006,0.0008,1914.44,593.0
1786174779,eth,1787904000000,2200.0,put,44.95,0.153764,0.146,0.159,1915.0,681.0
1786174779,eth,1806048000000,4200.0,call,58.88,0.014183,0.0135,0.015,1950.8,2780.0
1786174779,eth,1798185600000,800.0,call,77.7,0.589741,0.588,0.5925,1931.54,171.0
1786174779,eth,1798185600000,5500.0,call,66.75,0.001207,0.0009,0.0016,1931.57,1657.0
1786174779,eth,1806048000000,4500.0,call,59.63,0.010949,0.0105,0.0115,1950.83,2399.0
1786174779,eth,1798185600000,4000.0,call,59.25,0.004518,0.0042,0.0049,1931.57,16463.0
1786174779,eth,1786262400000,1960.0,put,25.33,0.024639,0.013,0.0675,1913.26,0.0
1786174779,eth,1786176000000,1820.0,call,53.23,0.048873,0.0001,,1913.55,100.0
1786174779,eth,1793347200000,1000.0,call,74.15,0.483223,0.4815,0.487,1923.29,0.0
1786174779,eth,1790323200000,9000.0,put,100.09,3.691044,3.5115,3.887,1918.55,0.0
1786174779,eth,1786694400000,1800.0,call,40.94,0.062506,0.0585,0.0685,1913.73,55.0
1786174779,eth,1790323200000,1200.0,call,69.44,0.376934,0.3745,0.3815,1918.58,138.0
1786174779,eth,1786435200000,1960.0,call,30.44,0.002972,0.0027,0.0032,1913.39,169.0
1786174779,eth,1786262400000,1880.0,put,24.09,0.000483,0.0003,0.0006,1913.23,291.0
1786174779,eth,1786348800000,1840.0,put,32.57,0.000534,0.0004,0.0006,1913.29,28.0
1786174779,eth,1787904000000,1700.0,put,48.42,0.00807,0.0075,0.0085,1915.0,8641.0
1786174779,eth,1786348800000,1900.0,put,25.76,0.004639,0.0043,0.0048,1913.29,688.0
1786174779,eth,1790323200000,2300.0,put,48.25,0.213677,0.206,0.2195,1918.55,1089.0
1786174779,eth,1786262400000,1980.0,put,30.68,0.035005,0.021,0.078,1913.26,0.0
1786174779,eth,1786435200000,1820.0,call,37.1,0.049821,0.0455,0.056,1913.39,0.0
1786174779,eth,1813910400000,2100.0,put,56.8,0.251448,0.2465,0.262,1970.0,87.0
1786174779,eth,1798185600000,1000.0,call,69.61,0.490554,0.489,0.4945,1931.54,54.0
1786174779,eth,1798185600000,2800.0,put,53.75,0.475733,0.466,0.484,1931.54,2205.0
1786174779,eth,1790323200000,3000.0,call,57.73,0.00153,0.0014,0.0017,1918.55,28574.0
1786174779,eth,1790323200000,4000.0,put,71.3,1.085153,1.0055,1.1745,1918.55,140.0
1786174779,eth,1786694400000,2050.0,call,37.98,0.001806,0.0016,0.002,1913.73,3287.0
1786174779,eth,1793347200000,1800.0,put,51.08,0.06523,0.0645,0.066,1923.26,543.0
1786174779,eth,1790323200000,6500.0,put,93.45,2.387999,2.2585,2.5305,1918.58,0.0
1786174779,eth,1798185600000,4400.0,put,61.39,1.280914,1.192,1.3865,1931.57,20.0
1786174779,eth,1787904000000,2200.0,call,44.95,0.004939,0.0045,0.005,1915.0,8608.0
1786174779,eth,1790323200000,3400.0,call,64.92,0.000774,0.0006,0.001,1918.55,7116.0
1786174779,eth,1790323200000,4400.0,put,78.16,1.293608,1.2055,1.392,1918.58,281.0
1786174779,eth,1790323200000,5800.0,put,93.45,2.023201,1.9075,2.151,1918.58,0.0
1786174779,eth,1787904000000,2350.0,put,48.34,0.228905,0.181,0.284,1915.0,100.0
1786174779,eth,1813910400000,1200.0,call,62.08,0.43946,0.4315,0.4665,1970.0,55.0
1786174779,eth,1793347200000,1200.0,call,65.55,0.383089,0.3805,0.3865,1923.29,0.0
1786174779,eth,1793347200000,1700.0,call,52.26,0.162603,0.161,0.1695,1923.26,50.0
1786174779,eth,1798185600000,1300.0,put,60.42,0.022372,0.022,0.023,1931.57,1964.0
1786174779,eth,1790323200000,2600.0,call,51.56,0.004751,0.0046,0.005,1918.55,9888.0
1786174779,eth,1786262400000,1880.0,call,24.09,0.017846,0.0105,0.055,1913.26,20.0
1786174779,eth,1798185600000,7000.0,put,71.71,2.624427,2.4855,2.7795,1931.54,0.0
1786174779,eth,1813910400000,4000.0,call,58.24,0.034772,0.0335,0.036,1970.03,4054.0
1786174779,eth,1806048000000,1200.0,put,62.11,0.03249,0.032,0.033,1950.8,1237.0
1786174779,eth,1786176000000,1840.0,call,51.44,0.038421,0.0001,,1913.55,68.0
1786174779,eth,1790323200000,7000.0,put,93.45,2.648599,2.509,2.8015,1918.55,0.0
1786174779,eth,1790323200000,1900.0,call,47.52,0.073282,0.0725,0.074,1918.58,10686.0
1786174779,eth,1798185600000,2300.0,call,52.68,0.065751,0.065,0.0665,1931.54,7625.0
1786174779,eth,1806048000000,1800.0,call,55.88,0.210123,0.209,0.213,1950.8,3788.0
1786174779,eth,1786435200000,2040.0,put,35.77,0.066462,0.026,0.1115,1913.42,0.0
1786174779,eth,1786262400000,1760.0,put,51.66,8e-06,,0.0001,1913.26,2.0
1786174779,eth,1786262400000,1780.0,call,47.27,0.069644,0.031,0.105,1913.26,0.0
1786174779,eth,1787904000000,2050.0,call,42.41,0.015021,0.0145,0.0155,1915.0,4342.0
1786174779,eth,1793347200000,3000.0,put,54.86,0.565799,0.5025,0.6425,1923.29,72.0
1786174779,eth,1786176000000,1880.0,put,29.59,0.0,,0.0001,1913.55,633.0
1786174779,eth,1787904000000,1800.0,call,44.41,0.077171,0.0755,0.0815,1915.0,6080.0
1786174779,eth,1806048000000,3700.0,call,57.28,0.02217,0.0215,0.023,1950.8,1475.0
1786174779,eth,1806048000000,5000.0,call,61.32,0.007716,0.0075,0.0085,1950.8,1446.0
1786174779,eth,1786694400000,2400.0,call,64.06,8.2e-05,,0.0001,1913.73,1040.0
1786174779,eth,1786176000000,1920.0,put,17.78,0.003387,0.0025,0.0042,1913.52,297.0
1786174779,eth,1806048000000,1200.0,call,62.11,0.417358,0.4165,0.4245,1950.8,69.0
1786174779,eth,1786348800000,1750.0,call,52.55,0.085474,0.047,0.121,1913.29,0.0
1786174779,eth,1790323200000,2700.0,put,53.09,0.410777,0.3995,0.418,1918.55,527.0
1786174779,eth,1806048000000,2500.0,call,55.15,0.087134,0.086,0.0885,1950.8,9264.0
1786174779,eth,1787299200000,1500.0,call,62.08,0.217199,0.2135,0.2225,1914.44,0.0
1786174779,eth,1786176000000,1840.0,put,51.44,0.0,,0.004,1913.52,1346.0
1786174779,eth,1790323200000,2300.0,call,48.25,0.014855,0.014,0.0155,1918.55,12150.0
1786174779,eth,1790323200000,1400.0,put,59.84,0.006034,0.0055,0.0065,1918.55,9752.0
1786174779,eth,1787299200000,1950.0,put,39.57,0.040263,0.0395,0.041,1914.44,528.0
1786174779,eth,1806048000000,1500.0,put,57.82,0.069994,0.069,0.071,1950.8,3977.0
1786174779,eth,1786262400000,1750.0,call,54.1,0.085318,0.047,0.121,1913.23,0.0
1786174779,eth,1813910400000,2700.0,put,56.53,0.47418,0.468,0.485,1970.0,0.0
1786174779,eth,1813910400000,2900.0,call,56.73,0.086338,0.085,0.088,1970.0,61.0
1786174779,eth,1813910400000,1700.0,put,57.86,0.137776,0.136,0.1395,1970.0,2962.0
1786174779,eth,1793347200000,1200.0,put,65.55,0.007029,0.0065,0.0075,1923.26,1970.0
1786174779,eth,1786694400000,1600.0,put,62.44,0.000325,0.0003,0.0004,1913.73,5396.0
1786174779,eth,1806048000000,1500.0,call,57.82,0.301079,0.3,0.311,1950.8,244.0
1786174779,eth,1790323200000,3800.0,call,69.43,0.000356,0.0002,0.0006,1918.58,2047.0
1786174779,eth,1787299200000,1950.0,call,39.57,0.021704,0.021,0.0225,1914.44,1752.0
1786174779,eth,1786348800000,1700.0,put,61.73,6.8e-05,,0.0001,1913.29,2192.0
1786174779,eth,1790323200000,3300.0,call,62.59,0.000832,0.0007,0.001,1918.58,17691.0
1786174779,eth,1793347200000,1950.0,put,50.3,0.103237,0.102,0.104,1923.26,320.0
1786174779,eth,1806048000000,3300.0,call,56.41,0.03389,0.033,0.035,1950.8,1910.0
1786174779,eth,1786435200000,1600.0,put,68.7,3.5e-05,,0.0002,1913.42,1559.0
1786174779,eth,1786176000000,1850.0,put,47.13,0.0,,,1913.55,2.0
1786174779,eth,1790323200000,2200.0,put,47.58,0.169134,0.162,0.175,1918.55,5506.0
1786174779,eth,1798185600000,1300.0,call,60.42,0.349345,0.3485,0.3555,1931.54,50.0
1786174779,eth,1790323200000,3200.0,put,61.24,0.668962,0.655,0.678,1918.55,1323.0
1786174779,eth,1787904000000,2600.0,call,55.78,0.000493,0.0005,0.0006,1915.0,6151.0
1786174779,eth,1806048000000,3000.0,call,55.72,0.047363,0.0465,0.0485,1950.8,4701.0
1786174779,eth,1786435200000,1760.0,put,45.59,0.000322,0.0003,0.0004,1913.39,21.0
1786174779,eth,1790323200000,1200.0,put,69.44,0.002407,0.0022,0.0025,1918.55,11235.0
1786174779,eth,1793347200000,1700.0,put,52.26,0.046518,0.046,0.0475,1923.26,894.0
1786174779,eth,1798185600000,1900.0,put,53.04,0.120925,0.12,0.122,1931.54,5057.0
1786174779,eth,1787299200000,2000.0,put,39.69,0.057946,0.0535,0.0605,1914.44,0.0
1786174779,eth,1790323200000,7200.0,call,93.45,7e-06,,0.0002,1918.58,1160.0
1786174779,eth,1787904000000,1550.0,call,56.35,0.193338,0.1895,0.1985,1915.0,149.0
1786174779,eth,1813910400000,3200.0,call,57.0,0.066011,0.0645,0.0675,1970.0,233.0
1786174779,eth,1787904000000,3200.0,call,74.58,0.000106,,0.0002,1915.0,1074.0
1786174779,eth,1786694400000,1880.0,put,36.71,0.011123,0.0105,0.0115,1913.73,1221.0
1786174779,eth,1786348800000,1860.0,call,29.5,0.028845,0.025,0.0325,1913.29,102.0
1786174779,eth,1790323200000,6600.0,call,93.45,2e-05,,0.0002,1918.55,1414.0
1786174779,eth,1787904000000,1000.0,call,95.08,0.477888,0.4755,0.481,1915.03,50.0
1786174779,eth,1787299200000,2200.0,put,44.6,0.151003,0.1065,0.202,1914.44,11.0
1786174779,eth,1793347200000,1600.0,call,53.89,0.200515,0.1985,0.2065,1923.29,50.0
1786174779,eth,1786176000000,2000.0,call,54.37,0.0,,,1913.55,4406.0
1786174779,eth,1786176000000,1740.0,call,71.4,0.090681,0.0001,,1913.52,0.0
1786174779,eth,1806048000000,3100.0,call,55.99,0.042372,0.0415,0.0435,1950.8,1656.0
1786174779,eth,1786262400000,2040.0,put,43.67,0.066284,0.029,0.111,1913.23,0.0
1786174779,eth,1786348800000,1880.0,put,26.99,0.00209,0.0018,0.0023,1913.29,115.0
1786174779,eth,1786262400000,1860.0,call,29.7,0.028036,0.0006,0.0495,1913.26,3.0
1786174779,eth,1790323200000,2400.0,put,49.12,0.260854,0.252,0.267,1918.58,2064.0
1786174779,eth,1790323200000,2900.0,put,56.01,0.513488,0.4545,0.582,1918.55,49.0
1786174779,eth,1786348800000,1600.0,call,73.1,0.163738,0.1595,0.1695,1913.29,0.0
1786174779,eth,1790323200000,15000.0,call,127.3,1e-06,,0.0001,1918.55,878.0
1786174779,eth,1787904000000,2150.0,put,43.54,0.129619,0.122,0.1415,1915.0,66.0
1786174779,eth,1790323200000,5600.0,call,93.45,0.000123,,0.0002,1918.55,7164.0
1786174779,eth,1786348800000,1700.0,call,61.73,0.111532,0.107,0.118,1913.29,0.0
1786174779,eth,1786348800000,1920.0,put,25.52,0.009467,0.009,0.01,1913.29,455.0
1786174779,eth,1806048000000,2700.0,call,55.35,0.068071,0.067,0.0695,1950.8,3047.0
1786174779,eth,1790323200000,3000.0,put,57.73,0.565211,0.553,0.5735,1918.55,7526.0
1786174779,eth,1787299200000,2000.0,call,39.69,0.01327,0.0125,0.014,1914.44,7765.0
1786174779,eth,1786348800000,2060.0,put,39.41,0.076753,0.036,0.122,1913.29,0.0
1786174779,eth,1798185600000,3600.0,put,57.21,0.871221,0.7955,0.9645,1931.57,93.0
1786174779,eth,1786262400000,1840.0,put,36.57,0.00015,0.0001,0.0003,1913.26,172.0
1786174779,eth,1790323200000,5000.0,call,87.33,0.000177,0.0001,0.0003,1918.58,4100.0
1786174779,eth,1787904000000,2250.0,put,45.64,0.178261,0.169,0.2055,1915.0,27.0
1786174779,eth,1813910400000,2200.0,call,56.62,0.167886,0.166,0.17,1970.03,1059.0
1786174779,eth,1798185600000,3600.0,call,57.21,0.007453,0.007,0.008,1931.54,2230.0
1786174779,eth,1786435200000,2100.0,put,43.62,0.097643,0.0555,0.144,1913.42,0.0
1786174779,eth,1798185600000,9000.0,call,79.41,0.000238,0.0001,0.0005,1931.54,1905.0
1786174779,eth,1813910400000,900.0,call,67.79,0.564953,0.556,0.588,1970.0,2.0
1786174779,eth,1786262400000,1800.0,call,44.59,0.059212,0.029,0.0955,1913.26,0.0
1786174779,eth,1790323200000,2700.0,call,53.09,0.003464,0.0033,0.0037,1918.55,4405.0
1786174779,eth,1790323200000,11000.0,call,110.93,1e-06,,0.0002,1918.58,2766.0
1786174779,eth,1786348800000,1980.0,put,28.28,0.035343,0.0055,0.0785,1913.29,10.0
1786174779,eth,1786262400000,1800.0,put,44.59,3.4e-05,,0.0001,1913.26,59.0
1786174779,eth,1787904000000,2100.0,put,42.96,0.10686,0.1,0.1115,1915.03,1161.0
1786174779,eth,1790323200000,10000.0,put,105.8,4.212271,4.013,4.4305,1918.55,0.0
1786174779,eth,1798185600000,2200.0,call,52.61,0.079262,0.0785,0.08,1931.54,53013.0
1786174779,eth,1806048000000,2100.0,put,55.21,0.220844,0.217,0.227,1950.8,487.0
1786174779,eth,1786176000000,2040.0,call,62.88,0.0,,,1913.52,855.0
1786174779,eth,1786262400000,2200.0,put,63.3,0.149894,0.106,0.198,1913.26,0.0
1786174779,eth,1813910400000,2500.0,call,56.47,0.125317,0.1235,0.1275,1970.03,2980.0
1786174779,eth,1798185600000,4000.0,put,59.25,1.075372,0.9935,1.1745,1931.54,223.0
1786174779,eth,1813910400000,800.0,put,70.4,0.016034,0.015,0.017,1970.0,669.0
1786174779,eth,1786262400000,2040.0,call,43.67,1.9e-05,,0.0001,1913.26,596.0
1786174779,eth,1806048000000,6000.0,put,64.02,2.079779,1.9595,2.2225,1950.8,1.0
1786174779,eth,1790323200000,3100.0,put,59.4,0.617036,0.5545,0.689,1918.55,0.0
1786174779,eth,1798185600000,1600.0,call,55.23,0.227705,0.227,0.233,1931.54,621.0
1786174779,eth,1787299200000,1800.0,call,42.88,0.069881,0.066,0.0745,1914.44,56.0
1786174779,eth,1806048000000,3100.0,put,55.99,0.631463,0.6215,0.6935,1950.8,99.0
1786174779,eth,1786262400000,1600.0,put,83.06,0.0,,0.0001,1913.26,243.0
1786174779,eth,1813910400000,3400.0,put,57.32,0.781723,0.7715,0.8525,1970.03,2.0
1786174779,eth,1786262400000,1720.0,put,63.45,6e-06,,0.0001,1913.26,557.0
1786174779,eth,1790323200000,13000.0,put,119.8,5.775952,5.5165,6.059,1918.55,0.0
1786174779,eth,1798185600000,3800.0,put,58.13,0.973002,0.894,1.069,1931.54,26.0
1786174779,eth,1787299200000,1650.0,put,50.86,0.002337,0.0022,0.0025,1914.44,172.0
1786174779,eth,1813910400000,1200.0,put,62.08,0.048588,0.047,0.05,1970.03,464.0
1786174779,eth,1790323200000,1300.0,put,64.38,0.00379,0.0036,0.004,1918.58,3113.0
1786174779,eth,1790323200000,1400.0,call,59.84,0.276316,0.2735,0.2795,1918.55,1550.0
1786174779,eth,1787904000000,1450.0,put,62.52,0.001405,0.0012,0.0015,1915.0,8764.0
1786174779,eth,1787904000000,3200.0,put,74.58,0.671124,0.6075,0.7425,1915.0,5.0
1786174779,eth,1806048000000,5500.0,call,62.58,0.005464,0.005,0.006,1950.83,2464.0
1786174779,eth,1790323200000,3600.0,put,66.56,0.876887,0.8605,0.8875,1918.55,907.0
1786174779,eth,1790323200000,1300.0,call,64.38,0.326194,0.323,0.331,1918.58,69.0
1786174779,eth,1798185600000,1600.0,put,55.23,0.056047,0.0555,0.057,1931.57,7409.0
1786174779,eth,1793347200000,2050.0,put,50.11,0.134651,0.131,0.139,1923.29,0.0
1786174779,eth,1786262400000,1820.0,call,44.08,0.048852,0.029,0.0855,1913.26,42.0
1786174779,eth,1798185600000,11000.0,call,87.16,0.000203,0.0001,0.0003,1931.54,2143.0
1786174779,eth,1813910400000,1000.0,call,65.45,0.521215,0.5135,0.5455,1970.0,57.0
1786174779,eth,1813910400000,2300.0,put,56.55,0.319728,0.315,0.331,1970.0,85.0
1786174779,eth,1793347200000,2400.0,put,50.56,0.273918,0.266,0.3135,1923.29,10.0
1786174779,eth,1786262400000,1700.0,put,65.45,3e-06,,0.0001,1913.26,231.0
1786174779,eth,1786262400000,1960.0,call,25.33,0.000188,0.0001,0.0004,1913.26,1970.0
1786174779,eth,1787299200000,1800.0,put,42.88,0.010089,0.0095,0.0105,1914.44,307.0
1786174779,eth,1787904000000,1500.0,put,59.24,0.00193,0.0018,0.0021,1915.0,5352.0
1786174779,eth,1786176000000,1720.0,call,72.8,0.101133,0.0001,,1913.55,0.0
1786174779,eth,1786348800000,2200.0,put,58.12,0.149877,0.106,0.198,1913.26,0.0
1786174779,eth,1786176000000,2100.0,call,76.13,0.0,,0.0001,1913.52,624.0
1786174779,eth,1786262400000,1600.0,call,83.06,0.163714,0.1595,0.1695,1913.26,0.0
1786174779,eth,1786176000000,2050.0,put,63.67,0.071324,0.0001,,1913.55,0.0
1786174779,eth,1787904000000,2100.0,call,42.96,0.010254,0.0095,0.0105,1915.03,8747.0
1786174779,eth,1813910400000,3200.0,put,57.0,0.690351,0.681,0.76,1970.0,0.0
1786174779,eth,1787299200000,2400.0,put,51.72,0.253994,0.206,0.3085,1914.44,0.0
1786174779,eth,1790323200000,9000.0,call,100.09,2e-06,,0.0005,1918.55,1519.0
1786174779,eth,1813910400000,2100.0,call,56.8,0.185474,0.183,0.1885,1970.0,14.0
1786174779,eth,1793347200000,1950.0,call,50.3,0.089334,0.0885,0.0905,1923.26,152.0
1786174779,eth,1806048000000,3200.0,call,56.21,0.037881,0.037,0.039,1950.8,1244.0
1786174779,eth,1786348800000,2000.0,call,29.95,0.000197,0.0001,0.0003,1913.29,127.0
1786174779,eth,1786176000000,1600.0,call,80.51,0.163845,,,1913.52,0.0
1786174779,eth,1798185600000,3800.0,call,58.13,0.005691,0.005,0.0065,1931.54,2912.0
1786174779,eth,1790323200000,4800.0,call,84.06,0.000177,0.0001,0.0004,1918.58,2195.0
1786174779,eth,1806048000000,2400.0,call,55.13,0.098856,0.0975,0.1,1950.8,1877.0
1786174779,eth,1806048000000,4000.0,put,58.12,1.067124,1.0535,1.133,1950.8,0.0
1786174779,eth,1787299200000,2100.0,put,41.05,0.101523,0.0935,0.11,1914.44,10.0
1786174779,eth,1787904000000,1200.0,put,78.36,0.00025,0.0002,0.0003,1915.03,7230.0
1786174779,eth,1790323200000,4000.0,call,71.3,0.000246,0.0002,0.0005,1918.55,12144.0
1786174779,eth,1790323200000,2100.0,call,47.26,0.03393,0.033,0.0345,1918.55,6121.0
1786174779,eth,1798185600000,2500.0,put,52.91,0.339367,0.3315,0.3455,1931.54,1075.0
1786174779,eth,1806048000000,4600.0,put,60.02,1.368219,1.352,1.438,1950.8,0.0
1786174779,eth,1806048000000,3700.0,put,57.28,0.918828,0.9065,0.9825,1950.8,0.0
1786174779,eth,1798185600000,1700.0,call,54.28,0.193867,0.193,0.1995,1931.54,368.0
1786174779,eth,1806048000000,2200.0,put,55.13,0.254931,0.251,0.2615,1950.8,1707.0
1786174779,eth,1786176000000,1760.0,put,68.1,0.0,,0.0001,1913.55,121.0
1786174779,eth,1786348800000,1780.0,put,44.23,0.000156,0.0001,0.0002,1913.29,292.0
1786174779,eth,1786176000000,2050.0,call,63.67,0.0,,0.0001,1913.55,2890.0
1786174779,eth,1786262400000,1940.0,call,21.06,0.000563,0.0004,0.0008,1913.26,790.0
1786174779,eth,1790323200000,6000.0,call,93.45,5.9e-05,,0.0003,1918.58,3192.0
1786174779,eth,1787904000000,1650.0,put,50.78,0.005548,0.005,0.006,1915.03,6863.0
1786174779,eth,1798185600000,3200.0,put,55.12,0.669849,0.6585,0.681,1931.57,251.0
1786174779,eth,1786435200000,1820.0,put,37.1,0.000997,0.0009,0.0011,1913.39,583.0
1786174779,eth,1790323200000,5400.0,call,93.44,0.000177,0.0001,0.0003,1918.55,1178.0
1786174779,eth,1798185600000,10000.0,call,83.21,0.000209,0.0001,0.0004,1931.54,1663.0
1786174779,eth,1786348800000,1780.0,call,44.23,0.069807,0.031,0.1065,1913.29,0.0
1786174779,eth,1787904000000,3000.0,call,69.03,0.000166,0.0001,0.0002,1915.0,1528.0
1786174779,eth,1790323200000,4800.0,put,84.06,1.502067,1.4065,1.609,1918.55,110.0
1786174779,eth,1813910400000,2800.0,call,56.72,0.094888,0.094,0.0965,1970.0,1081.0
1786174779,eth,1787904000000,2150.0,call,43.54,0.006904,0.0065,0.0075,1915.03,5176.0
1786174779,eth,1798185600000,5500.0,put,66.75,1.848632,1.7385,1.974,1931.54,0.0
1786174779,eth,1790323200000,4200.0,call,75.13,0.000236,0.0001,0.0004,1918.58,2516.0
1786174779,eth,1787904000000,2500.0,put,52.83,0.306267,0.256,0.3635,1915.03,4.0
1786174779,eth,1813910400000,2800.0,put,56.72,0.516186,0.5085,0.5265,1970.0,0.0
1786174779,eth,1787904000000,1850.0,put,43.2,0.024971,0.0245,0.0255,1915.0,2641.0
1786174779,eth,1813910400000,2600.0,call,56.51,0.113979,0.112,0.116,1970.0,288.0
1786174779,eth,1786262400000,2050.0,call,45.04,1.3e-05,,0.0001,1913.26,311.0
1786174779,eth,1813910400000,1300.0,put,60.84,0.061621,0.06,0.063,1970.0,1591.0
1786174779,eth,1786176000000,1850.0,call,47.13,0.033195,0.0001,,1913.55,0.0
1786174779,eth,1806048000000,5500.0,put,62.58,1.824821,1.7135,1.959,1950.8,0.0
1786174779,eth,1806048000000,1400.0,call,58.95,0.337276,0.3365,0.347,1950.8,57.0
1786174779,eth,1813910400000,2400.0,put,56.49,0.356301,0.3515,0.3675,1970.03,2.0
1786174779,eth,1786694400000,1820.0,call,39.55,0.053199,0.049,0.059,1913.73,123.0
1786174779,eth,1786348800000,2000.0,put,29.95,0.045533,0.044,0.0865,1913.29,80.0
1786174779,eth,1786435200000,2080.0,call,39.97,0.000139,0.0001,0.0002,1913.39,0.0
1786174779,eth,1790323200000,1950.0,call,47.34,0.06108,0.0605,0.0615,1918.55,560.0
1786174779,eth,1806048000000,1600.0,put,56.99,0.088028,0.0875,0.089,1950.8,1538.0
1786174779,eth,1813910400000,3800.0,call,57.97,0.040615,0.039,0.042,1970.0,479.0
1786174779,eth,1786694400000,1600.0,call,62.44,0.164274,0.16,0.17,1913.73,0.0
1786174779,eth,1793347200000,1500.0,call,55.95,0.242278,0.241,0.248,1923.29,50.0
1786174779,eth,1798185600000,2500.0,call,52.91,0.045083,0.0445,0.046,1931.54,27174.0
1786174779,eth,1793347200000,2800.0,call,53.0,0.009174,0.0085,0.01,1923.26,295.0
1786174779,eth,1787299200000,1400.0,put,70.33,0.000351,0.0003,0.0004,1914.44,125.0
1786174779,eth,1806048000000,2400.0,put,55.13,0.32912,0.323,0.3375,1950.8,357.0
1786174779,eth,1786435200000,1940.0,put,29.77,0.019196,0.0155,0.02,1913.39,30.0
1786174779,eth,1786348800000,1750.0,put,52.55,0.000143,,0.0001,1913.29,3056.0
1786174779,eth,1787904000000,2350.0,call,48.34,0.001751,0.0016,0.0019,1915.03,4551.0
1786174779,eth,1786176000000,1980.0,put,47.21,0.034742,0.0001,,1913.55,0.0
1786174779,eth,1787904000000,1550.0,put,56.35,0.002737,0.0026,0.0029,1915.0,5782.0
1786174779,eth,1786176000000,1980.0,call,47.21,0.0,,0.0535,1913.52,5209.0
1786174779,eth,1798185600000,6000.0,put,68.78,2.107139,1.9875,2.2425,1931.54,0.0
1786174779,eth,1806048000000,1700.0,call,56.35,0.237505,0.2365,0.245,1950.8,1337.0
1786174779,eth,1813910400000,1000.0,put,65.45,0.028822,0.0275,0.03,1970.0,4602.0
1786174779,eth,1787299200000,1850.0,put,41.12,0.016526,0.016,0.017,1914.44,842.0
1786174779,eth,1786435200000,1760.0,call,45.59,0.080503,0.0425,0.117,1913.39,0.0
1786174779,eth,1790323200000,2000.0,put,47.25,0.092994,0.0915,0.094,1918.58,13159.0
1786174779,eth,1787904000000,3800.0,put,81.7,0.984345,0.9085,1.0675,1915.0,0.0
1786174779,eth,1786694400000,1800.0,put,40.94,0.003063,0.0028,0.0033,1913.73,2773.0
1786174779,eth,1798185600000,1400.0,put,58.38,0.030869,0.03,0.0315,1931.54,13753.0
1786174779,eth,1786262400000,1740.0,call,57.28,0.090545,0.0525,0.1255,1913.26,0.0
1786174779,eth,1786176000000,1940.0,call,27.52,0.0,,0.0001,1913.52,10086.0
1786174779,eth,1786176000000,1600.0,put,80.51,0.0,,0.0001,1913.52,567.0
1786174779,eth,1793347200000,2000.0,call,50.2,0.078529,0.0775,0.0795,1923.29,368.0
1786174779,eth,1787904000000,1900.0,call,42.65,0.043709,0.043,0.0445,1915.0,6511.0
1786174779,eth,1786348800000,1600.0,put,73.1,6e-06,,0.0001,1913.29,0.0
1786174779,eth,1786435200000,1780.0,put,42.22,0.000426,0.0004,0.0006,1913.39,37.0
1786174779,eth,1787904000000,2300.0,call,46.85,0.002364,0.0022,0.0026,1915.03,5564.0
1786174779,eth,1790323200000,1800.0,put,48.44,0.041344,0.0405,0.042,1918.55,10024.0
1786174779,eth,1798185600000,9000.0,put,79.41,3.65966,3.4815,3.8575,1931.54,0.0
1786174779,eth,1813910400000,3600.0,call,57.6,0.047374,0.046,0.049,1970.03,2.0
1786174779,eth,1813910400000,4000.0,put,58.24,1.065198,1.0525,1.1375,1970.0,0.0
1786174779,eth,1787299200000,2050.0,put,40.16,0.078643,0.0425,0.1215,1914.44,0.0
1786174779,eth,1798185600000,4600.0,call,62.46,0.002474,0.0022,0.0028,1931.54,10539.0
1786174779,eth,1798185600000,10000.0,put,83.21,4.177345,3.9795,4.3965,1931.54,0.0
1786174779,eth,1786435200000,1700.0,call,56.52,0.111714,0.107,0.118,1913.39,0.0
1786174779,eth,1786435200000,1750.0,put,47.57,0.000294,0.0002,0.0004,1913.42,1.0
1786174779,eth,1806048000000,3200.0,put,56.21,0.678234,0.668,0.7405,1950.8,20.0
1786174779,eth,1806048000000,2600.0,call,55.26,0.077032,0.076,0.078,1950.8,3139.0
1786174779,eth,1790323200000,2500.0,call,50.49,0.006907,0.0065,0.007,1918.58,24452.0
1786174779,eth,1813910400000,1700.0,call,57.86,0.274845,0.269,0.2845,1970.03,659.0
1786174779,eth,1790323200000,2600.0,put,51.56,0.359941,0.3495,0.3665,1918.55,8390.0
1786174779,eth,1786176000000,1700.0,call,72.8,0.111585,0.0001,,1913.55,0.0
1786174779,eth,1787904000000,2300.0,put,46.85,0.203408,0.198,0.2085,1915.0,1000.0
1786174779,eth,1786435200000,1700.0,put,56.52,0.000176,0.0001,0.0003,1913.42,403.0
1786174779,eth,1798185600000,8000.0,call,75.13,0.00028,0.0002,0.0006,1931.57,2428.0
1786174779,eth,1813910400000,1600.0,put,58.36,0.115012,0.1135,0.1165,1970.0,1274.0
1786174779,eth,1786435200000,1980.0,call,31.27,0.001609,0.0014,0.0019,1913.39,13.0
1786174779,eth,1793347200000,1900.0,call,50.39,0.101226,0.1005,0.1025,1923.26,250.0
1786174779,eth,1786435200000,2200.0,put,59.64,0.149866,0.106,0.199,1913.42,0.0
1786174779,eth,1798185600000,3100.0,put,54.87,0.620581,0.6095,0.673,1931.57,0.0
1786174779,eth,1786262400000,1720.0,call,63.45,0.100998,0.0965,0.107,1913.23,0.0
1786174779,eth,1798185600000,6500.0,call,70.46,0.000614,0.0005,0.001,1931.57,1765.0
1786174779,eth,1787904000000,1000.0,put,95.08,8.1e-05,,0.0001,1915.0,2978.0
1786174779,eth,1806048000000,3800.0,call,57.6,0.020175,0.0195,0.021,1950.8,1160.0
1786174779,eth,1786348800000,2060.0,call,39.41,5.6e-05,,0.0001,1913.29,70.0
1786174779,eth,1786348800000,1860.0,put,29.5,0.001008,0.0008,0.0011,1913.29,24.0
1786174779,eth,1786262400000,1940.0,put,21.06,0.01456,0.0065,0.0565,1913.26,1.0
1786174779,eth,1790323200000,1500.0,put,55.8,0.009683,0.009,0.0105,1918.55,13031.0
1786174779,eth,1798185600000,2400.0,put,52.8,0.297032,0.29,0.304,1931.57,1716.0
1786174779,eth,1790323200000,1950.0,put,47.34,0.077473,0.0765,0.078,1918.58,40.0
1786174779,eth,1786694400000,1900.0,call,36.31,0.022344,0.0215,0.023,1913.73,1983.0
1786174779,eth,1786435200000,1960.0,put,30.44,0.027316,0.0225,0.03,1913.42,0.0
1786174779,eth,1793347200000,3200.0,put,56.47,0.667751,0.6015,0.747,1923.29,0.0
1786174779,eth,1793347200000,1400.0,put,58.55,0.015079,0.0145,0.0155,1923.29,1619.0
1786174779,eth,1806048000000,2300.0,put,55.08,0.291001,0.2865,0.298,1950.8,1583.0
1786174779,eth,1806048000000,1700.0,put,56.35,0.108942,0.108,0.11,1950.8,1511.0
1786174779,eth,1790323200000,12000.0,call,115.57,1e-06,,0.0002,1918.55,1341.0
1786174779,eth,1813910400000,2900.0,put,56.73,0.558397,0.5505,0.568,1970.03,3.0
1786174779,eth,1793347200000,2150.0,call,50.12,0.05249,0.0515,0.053,1923.26,816.0
1786174779,eth,1787904000000,1400.0,call,65.69,0.26994,0.267,0.2745,1915.03,100.0
1786174779,eth,1787904000000,2800.0,call,63.02,0.000283,0.0002,0.0004,1915.0,5427.0
1786174779,eth,1806048000000,4200.0,put,58.88,1.167146,1.1525,1.2335,1950.8,1.0
1786174779,eth,1786262400000,1900.0,put,19.53,0.001532,0.0012,0.0019,1913.23,737.0
1786174779,eth,1790323200000,5800.0,call,93.45,8.5e-05,,0.0002,1918.55,4885.0
1786174779,eth,1798185600000,1900.0,call,53.04,0.137269,0.1365,0.1395,1931.54,3859.0
1786174779,eth,1786435200000,2100.0,call,43.62,0.000132,,0.0002,1913.42,0.0
1786174779,eth,1786176000000,1760.0,call,68.1,0.080229,0.0001,,1913.55,0.0
1786174779,eth,1806048000000,1000.0,put,66.78,0.018333,0.0175,0.019,1950.8,7536.0
1786174779,eth,1786348800000,1880.0,call,26.99,0.019474,0.016,0.0245,1913.29,30.0
1786174779,eth,1813910400000,3500.0,put,57.44,0.82799,0.8175,0.8375,1970.0,303.0
1786174779,eth,1786176000000,2020.0,call,59.62,0.0,,,1913.55,973.0
1786174779,eth,1787904000000,1750.0,call,45.82,0.097639,0.096,0.103,1915.0,4211.0
1786174779,eth,1793347200000,1750.0,call,51.58,0.14528,0.1445,0.147,1923.26,102.0
1786174779,eth,1786435200000,1840.0,call,34.65,0.039957,0.0355,0.046,1913.42,0.0
1786174779,eth,1793347200000,1750.0,put,51.58,0.055193,0.0545,0.056,1923.29,28.0
1786174779,eth,1813910400000,3400.0,call,57.32,0.055861,0.0545,0.0575,1970.0,205.0
1786174779,eth,1806048000000,2800.0,put,55.48,0.495597,0.4875,0.503,1950.83,12.0
1786174779,eth,1786262400000,1780.0,put,47.27,1.3e-05,,0.0001,1913.23,193.0
1786174779,eth,1798185600000,2400.0,call,52.8,0.054519,0.0535,0.0555,1931.54,12073.0
1786174779,eth,1787299200000,2200.0,call,44.6,0.001859,0.0018,0.002,1914.44,1687.0
1786174779,eth,1786348800000,1820.0,call,36.06,0.04906,0.048,0.0825,1913.29,88.0
1786174779,eth,1798185600000,1700.0,put,54.28,0.07398,0.073,0.075,1931.57,14097.0
1786174779,eth,1790323200000,8500.0,put,97.73,3.430431,3.261,3.6155,1918.55,0.0
1786174779,eth,1793347200000,1500.0,put,55.95,0.022204,0.0215,0.023,1923.29,1441.0
1786174779,eth,1786348800000,1900.0,call,25.76,0.01157,0.011,0.0125,1913.29,0.0
1786174779,eth,1786262400000,2200.0,call,63.3,0.0,,0.0001,1913.23,95.0
1786174779,eth,1786348800000,1820.0,put,36.06,0.000316,0.0002,0.0004,1913.29,71.0
1786174779,eth,1786262400000,1920.0,put,18.52,0.005926,0.005,0.007,1913.26,134.0
1786174779,eth,1790323200000,2400.0,call,49.12,0.009909,0.0095,0.0105,1918.55,12134.0
1786174779,eth,1806048000000,2900.0,call,55.57,0.053351,0.0525,0.0545,1950.83,1948.0
1786174779,eth,1798185600000,6000.0,call,68.78,0.000857,0.0006,0.0012,1931.57,10385.0
1786174779,eth,1793347200000,2800.0,put,53.0,0.465035,0.454,0.503,1923.29,0.0
1786174779,eth,1813910400000,2200.0,put,56.62,0.28462,0.2795,0.296,1970.0,110.0
1786174779,eth,1786176000000,1700.0,put,72.8,0.0,,0.0001,1913.55,145.0
1786174779,eth,1787904000000,1650.0,call,50.78,0.143929,0.142,0.148,1915.0,1604.0
1786174779,eth,1786262400000,2100.0,put,52.82,0.097629,0.056,0.1435,1913.26,0.0
1786174779,eth,1787904000000,1100.0,call,86.58,0.425732,0.4235,0.4295,1915.03,50.0
1786174779,eth,1813910400000,800.0,call,70.4,0.609949,0.585,0.644,1970.0,117.0
1786174779,eth,1787299200000,1600.0,put,54.52,0.001548,0.0014,0.0017,1914.44,141.0
