snap_ts,asset,expiry_ms,strike,opt_type,mark_iv,mark_price,bid,ask,underlying_price,open_interest
1784562202,btc,1787904000000,46000.0,put,57.36,0.00178469,0.0016,0.0021,65512.01,618.4
1784562202,btc,1813910400000,80000.0,call,41.6,0.09754892,0.096,0.0995,67857.04,60.4
1784562202,btc,1806048000000,140000.0,call,43.4,0.00369414,0.0036,0.0042,67084.48,756.3
1784562202,btc,1784620800000,69000.0,put,43.57,0.05802553,0.056,,65224.89,0.0
1784562202,btc,1784707200000,63000.0,call,36.48,0.03399168,0.0023,,65225.92,0.0
1784562202,btc,1786089600000,67000.0,call,33.36,0.01836757,0.0185,0.0195,65373.82,149.3
1784562202,btc,1785484800000,50000.0,call,63.45,0.23381531,0.2285,,65322.24,3.4
1784562202,btc,1798185600000,62000.0,call,41.69,0.14154266,0.1365,0.1475,66380.78,236.1
1784562202,btc,1813910400000,82000.0,call,41.46,0.08939179,0.088,0.0915,67857.04,22.3
1784562202,btc,1813910400000,110000.0,call,40.93,0.0263688,0.0255,0.027,67857.04,65.4
1784562202,btc,1790323200000,30000.0,call,82.48,0.54412695,0.542,0.548,65738.11,107.3
1784562202,btc,1785484800000,108000.0,put,66.12,0.65543639,,,65322.24,0.0
1784562202,btc,1813910400000,85000.0,put,41.26,0.33235898,0.32,0.3425,67857.04,4.5
1784562202,btc,1785484800000,73000.0,call,38.61,0.00127174,0.001,0.0014,65322.24,2120.4
1784562202,btc,1806048000000,108000.0,call,40.41,0.01433732,0.013,0.015,67084.48,57.0
1784562202,btc,1790323200000,170000.0,call,68.29,7.004e-05,,0.0002,65736.89,359.5
1784562202,btc,1798185600000,60000.0,call,42.44,0.16037839,0.1555,0.1665,66380.78,785.0
1784562202,btc,1790323200000,190000.0,put,72.81,1.89071639,,,65737.92,0.0
1784562202,btc,1785484800000,98000.0,call,60.4,1.18e-06,,0.0001,65322.24,1189.3
1784562202,btc,1784707200000,69000.0,call,41.47,0.00024643,,0.0003,65225.92,11.7
1784562202,btc,1787904000000,73000.0,call,33.07,0.00916062,0.0085,0.0095,65512.01,1081.2
1784562202,btc,1784880000000,64000.0,put,35.0,0.0063455,0.006,0.007,65259.51,156.2
1784562202,btc,1784880000000,56000.0,call,60.67,0.14013634,0.1345,,65260.08,0.1
1784562202,btc,1806048000000,55000.0,put,45.39,0.06382099,0.064,0.065,67084.55,1354.0
1784562202,btc,1785484800000,84000.0,call,52.18,6.915e-05,,0.0002,65322.24,713.8
1784562202,btc,1813910400000,150000.0,call,43.21,0.00663704,0.0055,0.0075,67857.04,84.5
1784562202,btc,1790323200000,58000.0,call,40.13,0.13867305,0.135,0.145,65738.11,486.8
1784562202,btc,1784793600000,69000.0,put,36.1,0.05935279,,,65225.92,0.0
1784562202,btc,1787904000000,59000.0,put,38.71,0.01403947,0.013,0.014,65513.48,510.5
1784562202,btc,1806048000000,106000.0,put,40.28,0.59925089,,,67084.48,0.0
1784562202,btc,1787904000000,105000.0,call,53.7,0.00022576,0.0001,0.0004,65503.3,160.6
1784562202,btc,1790323200000,300000.0,put,84.97,3.56954813,,,65738.11,0.0
1784562202,btc,1787904000000,48000.0,call,53.68,0.26864508,0.2655,0.274,65513.04,37.5
1784562202,btc,1784880000000,56000.0,put,60.73,0.00011036,0.0001,0.0002,65259.51,844.4
1784562202,btc,1784620800000,66000.0,call,31.38,0.00141011,0.0011,0.0014,65224.89,112.3
1784562202,btc,1798185600000,210000.0,put,56.3,2.16786221,,,66370.76,0.0
1784562202,btc,1784880000000,64500.0,put,34.44,0.00871356,0.008,0.0095,65259.51,0.1
1784562202,btc,1790323200000,35000.0,put,73.4,0.00187968,0.0019,0.002,65736.89,877.7
1784562202,btc,1790323200000,64000.0,put,36.49,0.0496087,0.0485,0.05,65738.11,515.1
1784562202,btc,1790323200000,135000.0,put,58.18,1.05409486,,,65737.92,11.5
1784562202,btc,1787904000000,56000.0,put,41.91,0.00808667,0.0075,0.0085,65513.48,749.2
1784562202,btc,1798185600000,80000.0,call,38.67,0.03740287,0.037,0.038,66380.78,7546.4
1784562202,btc,1798185600000,105000.0,put,40.17,0.58929603,0.5765,0.599,66380.94,109.4
1784562202,btc,1784707200000,63500.0,put,35.01,0.00150948,0.0013,0.0019,65225.92,55.0
1784562202,btc,1798185600000,200000.0,put,55.65,2.01707952,,,66370.76,0.0
1784562202,btc,1785484800000,115000.0,call,72.75,9e-08,,0.0001,65322.24,182.3
1784562202,btc,1784620800000,59000.0,call,59.76,0.09531806,0.087,,65224.89,0.0
1784562202,btc,1806048000000,60000.0,call,43.64,0.19352007,0.1885,0.202,67084.48,719.3
1784562202,btc,1798185600000,170000.0,put,52.09,1.56481375,,,66380.94,0.0
1784562202,btc,1787904000000,63000.0,call,35.54,0.06568828,0.063,0.0715,65513.48,837.9
1784562202,btc,1784793600000,65500.0,put,32.39,0.01325306,0.013,0.014,65225.92,0.7
1784562202,btc,1786089600000,68000.0,put,33.19,0.05570268,0.022,,65373.82,0.0
1784562202,btc,1798185600000,72000.0,call,39.21,0.06971278,0.0685,0.071,66380.78,1114.1
1784562202,btc,1790323200000,78000.0,call,34.07,0.00933603,0.0085,0.0095,65736.89,4118.7
1784562202,btc,1798185600000,40000.0,put,57.46,0.01207801,0.012,0.013,66380.78,4028.5
1784562202,btc,1798185600000,135000.0,call,46.16,0.00137915,0.0009,0.0018,66380.94,1062.9
1784562202,btc,1784707200000,72000.0,call,53.17,3.162e-05,,0.0001,65225.92,0.0
1784562202,btc,1785484800000,81000.0,call,49.78,0.00016712,,0.0002,65322.24,1466.8
1784562202,btc,1786089600000,64000.0,call,35.04,0.0408013,0.0415,0.0435,65373.82,69.0
1784562202,btc,1787904000000,66000.0,put,33.95,0.04928307,0.047,0.049,65513.48,166.8
1784562202,btc,1784707200000,67000.0,put,32.84,0.02951,0.0036,,65225.92,0.0
1784562202,btc,1785484800000,77000.0,call,44.78,0.00044988,0.0002,0.0005,65323.27,2606.6
1784562202,btc,1786089600000,66000.0,put,33.77,0.03611136,0.034,0.036,65373.82,0.9
1784562202,btc,1798185600000,104000.0,put,39.87,0.5744641,,,66380.94,0.0
1784562202,btc,1784880000000,68000.0,call,34.49,0.00201918,0.0017,0.002,65259.51,2031.2
1784562202,btc,1813910400000,68000.0,put,43.02,0.16629432,0.164,0.168,67857.04,6.1
1784562202,btc,1798185600000,85000.0,put,38.57,0.30686068,0.2965,0.314,66380.94,548.5
1784562202,btc,1798185600000,84000.0,put,38.57,0.29386868,0.2835,0.301,66380.94,47.0
1784562202,btc,1785484800000,85000.0,call,52.18,4.406e-05,,0.0002,65322.24,1274.4
1784562202,btc,1790323200000,84000.0,put,35.64,0.28330387,0.2745,0.289,65738.11,34.7
1784562202,btc,1806048000000,180000.0,put,48.38,1.6902882,,,67084.48,0.0
1784562202,btc,1813910400000,72000.0,call,42.44,0.13789058,0.1365,0.1405,67860.17,12.4
1784562202,btc,1785484800000,102000.0,put,63.21,0.56346812,,,65323.27,0.1
1784562202,btc,1784880000000,50000.0,call,65.64,0.23215635,,,65260.08,0.0
1784562202,btc,1785484800000,92000.0,put,53.45,0.41018864,,,65322.24,0.4
1784562202,btc,1813910400000,110000.0,put,40.93,0.64933561,,,67857.04,0.0
1784562202,btc,1790323200000,150000.0,call,63.76,0.00014139,,0.0002,65736.89,738.3
1784562202,btc,1784707200000,66000.0,call,31.39,0.00389993,0.0037,0.0045,65225.92,140.8
1784562202,btc,1786089600000,62000.0,put,36.87,0.01255911,0.012,0.013,65373.82,165.8
1784562202,btc,1790323200000,165000.0,put,68.29,1.51334963,,,65738.11,0.0
1784562202,btc,1790323200000,60000.0,call,38.66,0.11588256,0.1115,0.1215,65736.89,932.8
1784562202,btc,1790323200000,110000.0,put,47.99,0.67405993,0.665,0.684,65736.89,116.1
1784562202,btc,1787904000000,66000.0,call,33.95,0.03961952,0.04,0.0415,65513.48,1005.9
1784562202,btc,1798185600000,130000.0,call,44.95,0.00159395,0.0012,0.0021,66380.94,1564.3
1784562202,btc,1790323200000,240000.0,call,74.86,3.49e-06,,0.0001,65736.89,222.5
1784562202,btc,1785484800000,84000.0,put,52.18,0.28763069,0.279,0.2925,65323.27,31.6
1784562202,btc,1806048000000,92000.0,call,39.82,0.0340123,0.033,0.0355,67084.48,117.0
1784562202,btc,1813910400000,58000.0,put,45.32,0.09833369,0.0965,0.0995,67857.04,11.0
1784562202,btc,1785484800000,104000.0,put,63.39,0.59412406,,,65323.27,0.0
1784562202,btc,1806048000000,96000.0,put,39.85,0.46108009,,,67084.48,1.5
1784562202,btc,1784620800000,69000.0,call,43.57,7.33e-06,,0.0001,65224.89,3.7
1784562202,btc,1787904000000,64000.0,put,34.95,0.03518992,0.0335,0.035,65513.48,457.0
1784562202,btc,1790323200000,115000.0,put,50.12,0.75001576,0.7405,0.7605,65736.89,90.3
1784562202,btc,1813910400000,74000.0,call,42.18,0.12656841,0.1255,0.129,67857.04,11.9
1784562202,btc,1813910400000,68000.0,call,43.02,0.16300575,0.162,0.165,67857.04,5.9
1784562202,btc,1790323200000,75000.0,call,33.97,0.01508846,0.0145,0.0155,65738.11,3152.4
1784562202,btc,1785484800000,105000.0,put,63.57,0.6094521,,,65322.24,1.1
1784562202,btc,1787904000000,83000.0,put,38.26,0.2712089,,,65503.3,0.0
1784562202,btc,1806048000000,65000.0,put,42.36,0.12231179,0.1205,0.123,67084.48,651.7
1784562202,btc,1785484800000,66000.0,call,34.16,0.01807697,0.018,0.0195,65322.24,2332.0
1784562202,btc,1784880000000,73000.0,put,45.77,0.12115374,,,65260.08,0.2
1784562202,btc,1798185600000,210000.0,call,56.3,0.0001638,,0.0002,66380.94,150.4
1784562202,btc,1798185600000,92000.0,call,38.72,0.01406372,0.013,0.015,66380.78,251.7
1784562202,btc,1784793600000,60000.0,call,44.92,0.07938131,0.072,,65225.92,0.0
1784562202,btc,1790323200000,240000.0,put,74.86,2.65564003,,,65738.11,0.0
1784562202,btc,1806048000000,90000.0,call,39.82,0.03808416,0.037,0.0385,67084.48,506.3
1784562202,btc,1790323200000,95000.0,put,40.2,0.44651663,0.439,0.455,65736.89,147.6
1784562202,btc,1798185600000,86000.0,call,38.58,0.02294554,0.0215,0.0235,66380.78,293.7
1784562202,btc,1784620800000,71000.0,call,44.27,2e-08,,0.0001,65224.89,0.0
1784562202,btc,1813910400000,90000.0,put,41.04,0.39060127,,,67857.04,0.2
1784562202,btc,1785484800000,50000.0,put,63.45,0.00022099,0.0002,0.0003,65322.24,3839.9
1784562202,btc,1806048000000,160000.0,put,45.78,1.3922072,,,67074.3,0.0
1784562202,btc,1798185600000,74000.0,call,38.93,0.05971148,0.0585,0.061,66380.78,98.0
1784562202,btc,1785484800000,73000.0,put,38.61,0.12022404,0.1125,0.1245,65322.24,97.7
1784562202,btc,1786089600000,67000.0,put,33.35,0.04521245,0.0425,0.045,65373.82,0.4
1784562202,btc,1790323200000,58000.0,put,40.13,0.02211856,0.0215,0.023,65738.11,685.8
1784562202,btc,1784620800000,64500.0,call,30.9,0.01249596,0.009,0.015,65224.89,66.9
1784562202,btc,1798185600000,54000.0,call,45.32,0.22435582,0.22,0.2305,66370.76,33.0
1784562202,btc,1798185600000,200000.0,call,55.65,0.00022389,0.0002,0.0004,66370.76,951.6
1784562202,btc,1784880000000,68000.0,put,34.52,0.04605948,0.041,,65260.08,8.1
1784562202,btc,1784880000000,62000.0,put,38.99,0.00171463,0.0017,0.0021,65259.51,178.2
1784562202,btc,1785484800000,46000.0,put,73.97,9.167e-05,,0.0003,65322.24,1691.1
1784562202,btc,1785484800000,61000.0,call,38.84,0.07021802,0.0675,0.077,65322.24,944.0
1784562202,btc,1790323200000,320000.0,call,85.42,1.22e-06,,0.0001,65736.89,251.6
1784562202,btc,1813910400000,72000.0,put,42.44,0.20019613,0.1905,0.2085,67857.04,1.0
1784562202,btc,1784793600000,62500.0,put,37.58,0.00134567,0.0013,0.0017,65225.92,44.0
1784562202,btc,1798185600000,45000.0,call,52.09,0.33985524,0.3355,0.3455,66380.78,54.2
1784562202,btc,1813910400000,70000.0,call,42.73,0.15007723,0.1485,0.152,67860.17,172.3
1784562202,btc,1784793600000,66500.0,call,32.33,0.00403364,0.0038,0.004,65225.92,46.4
1784562202,btc,1798185600000,68000.0,put,40.0,0.1185999,0.1175,0.12,66380.78,298.0
1784562202,btc,1784620800000,67000.0,call,38.26,0.00035703,0.0001,0.0003,65224.89,98.7
1784562202,btc,1785484800000,87000.0,call,52.22,1.756e-05,,0.0001,65323.27,351.9
1784562202,btc,1806048000000,98000.0,put,39.88,0.48809014,,,67084.48,0.2
1784562202,btc,1798185600000,115000.0,put,41.96,0.73777512,,,66380.94,0.6
1784562202,btc,1784707200000,61000.0,put,44.13,0.00012615,0.0001,0.0003,65225.92,92.2
1784562202,btc,1787904000000,100000.0,put,49.15,0.53003383,,,65503.3,0.1
1784562202,btc,1785484800000,94000.0,call,55.0,1.35e-06,,0.0001,65322.24,892.6
1784562202,btc,1813910400000,78000.0,put,41.78,0.25735083,0.247,0.2665,67860.17,0.3
1784562202,btc,1786089600000,70000.0,call,33.31,0.00693214,0.0065,0.007,65373.82,1330.4
1784562202,btc,1790323200000,84000.0,call,35.63,0.00389477,0.0034,0.0041,65736.89,748.0
1784562202,btc,1798185600000,102000.0,put,39.82,0.54530949,,,66380.94,7.7
1784562202,btc,1785484800000,61000.0,put,38.84,0.00523295,0.005,0.006,65322.24,847.6
1784562202,btc,1813910400000,120000.0,call,41.21,0.01762146,0.0165,0.019,67857.04,41.1
1784562202,btc,1790323200000,165000.0,call,68.29,9.947e-05,,0.0002,65738.11,192.5
1784562202,btc,1787904000000,98000.0,put,48.96,0.49819035,,,65513.04,0.0
1784562202,btc,1784707200000,62500.0,put,38.17,0.00052149,0.0004,0.0008,65225.92,25.7
1784562202,btc,1790323200000,65000.0,put,36.01,0.05620467,0.055,0.057,65738.11,720.0
1784562202,btc,1784707200000,61500.0,call,42.26,0.0562646,0.0001,,65225.92,0.0
1784562202,btc,1785484800000,58000.0,call,43.63,0.1126976,0.11,0.119,65322.24,265.4
1784562202,btc,1784707200000,65500.0,call,31.68,0.00666727,0.006,0.0075,65225.92,180.9
1784562202,btc,1784880000000,69000.0,call,36.14,0.00099864,0.0007,0.001,65259.51,176.8
1784562202,btc,1806048000000,170000.0,put,46.84,1.54111671,,,67084.48,0.1
1784562202,btc,1785484800000,62000.0,call,37.46,0.05722835,0.0545,0.0635,65323.27,1473.3
1784562202,btc,1790323200000,160000.0,put,68.29,1.43439635,,,65736.89,0.6
1784562202,btc,1790323200000,80000.0,put,34.29,0.22516679,0.2165,0.2305,65738.11,613.0
1784562202,btc,1784620800000,57000.0,call,59.76,0.12598497,0.0001,,65224.89,0.0
1784562202,btc,1790323200000,180000.0,call,70.84,5.614e-05,,0.0002,65738.11,748.1
1784562202,btc,1806048000000,90000.0,put,39.82,0.38237741,0.377,,67074.3,14.0
1784562202,btc,1806048000000,54000.0,put,45.81,0.05951271,0.058,0.0605,67084.55,50.4
1784562202,btc,1787904000000,90000.0,call,43.7,0.00072312,0.0005,0.217,65513.04,34.3
1784562202,btc,1785484800000,80000.0,call,48.4,0.00020544,0.0001,0.0005,65323.27,6989.4
1784562202,btc,1806048000000,60000.0,put,43.64,0.08982063,0.088,0.0905,67084.48,617.3
1784562202,btc,1785484800000,60000.0,call,40.32,0.0839171,0.081,0.09,65322.24,1141.2
1784562202,btc,1784707200000,57000.0,put,54.87,1.41e-06,,0.0005,65225.92,9.0
1784562202,btc,1798185600000,65000.0,call,40.73,0.11601916,0.115,0.118,66380.78,620.0
1784562202,btc,1786089600000,71000.0,call,33.61,0.00494439,0.0047,0.005,65373.82,203.8
1784562202,btc,1785484800000,56000.0,call,47.45,0.14249651,0.1395,0.1485,65322.24,39.4
1784562202,btc,1784620800000,63500.0,call,35.79,0.02657656,0.0021,,65224.89,13.2
1784562202,btc,1787904000000,53000.0,call,46.14,0.19419703,0.192,0.201,65503.3,5.9
1784562202,btc,1798185600000,190000.0,call,54.9,0.0003064,0.0002,0.0004,66380.94,990.5
1784562202,btc,1790323200000,105000.0,put,45.67,0.59814617,0.5895,0.6075,65737.92,104.6
1784562202,btc,1785484800000,60000.0,put,40.32,0.00360392,0.0034,0.004,65322.24,2556.6
1784562202,btc,1784793600000,58000.0,put,51.62,5.071e-05,,0.0003,65225.92,3.2
1784562202,btc,1798185600000,230000.0,put,59.71,2.46953303,,,66380.94,0.0
1784562202,btc,1790323200000,72000.0,call,34.1,0.02465547,0.024,0.0255,65736.89,2247.2
1784562202,btc,1790323200000,130000.0,put,58.02,0.98044305,,,65738.11,21.4
1784562202,btc,1790323200000,70000.0,put,34.35,0.09837881,0.0925,0.104,65737.92,1516.1
1784562202,btc,1784620800000,66500.0,put,34.33,0.02034039,0.0011,,65224.89,0.0
1784562202,btc,1806048000000,150000.0,call,44.56,0.00270245,0.002,0.003,67084.48,1897.1
1784562202,btc,1798185600000,45000.0,put,52.09,0.01799543,0.0175,0.019,66380.94,2840.9
1784562202,btc,1813910400000,60000.0,call,44.77,0.22481386,0.218,0.2325,67860.17,943.0
1784562202,btc,1784620800000,60000.0,call,57.75,0.0799867,0.072,,65224.89,0.0
1784562202,btc,1785484800000,55000.0,put,49.5,0.00063083,0.0006,0.0008,65322.24,1198.9
1784562202,btc,1784620800000,61500.0,call,50.62,0.05700711,0.0001,,65224.89,0.0
1784562202,btc,1784793600000,63500.0,put,35.35,0.00305998,0.0027,0.0035,65225.92,10.9
1784562202,btc,1786089600000,53000.0,call,49.93,0.18858511,,,65363.64,0.0
1784562202,btc,1785484800000,45000.0,call,76.79,0.31031039,0.305,,65323.27,0.0
1784562202,btc,1784880000000,66000.0,put,33.3,0.01991301,0.0195,0.021,65259.51,24.6
1784562202,btc,1790323200000,220000.0,call,72.81,6.75e-06,,0.0002,65736.89,232.5
1784562202,btc,1784620800000,56000.0,put,59.76,0.0,,0.0001,65224.89,26.7
1784562202,btc,1806048000000,106000.0,call,40.28,0.01578656,0.0145,0.017,67084.48,45.6
1784562202,btc,1787904000000,80000.0,call,36.16,0.00232957,0.002,0.0026,65512.01,1526.1
1784562202,btc,1790323200000,100000.0,call,43.58,0.00094548,0.0007,0.0013,65738.11,3604.9
1784562202,btc,1806048000000,98000.0,call,39.88,0.02413256,0.0235,0.0255,67084.48,95.3
1784562202,btc,1784620800000,67000.0,put,38.26,0.02770804,0.0001,,65224.89,0.0
1784562202,btc,1785484800000,92000.0,call,53.45,2.19e-06,,0.0001,65322.24,442.8
1784562202,btc,1784793600000,63500.0,call,35.35,0.02873251,0.024,,65225.92,3.8
1784562202,btc,1784620800000,62000.0,call,50.02,0.0493844,0.012,,65224.89,0.0
1784562202,btc,1790323200000,60000.0,put,38.66,0.02872664,0.028,0.029,65737.92,4021.9
1784562202,btc,1786089600000,61000.0,put,37.91,0.00945173,0.0085,0.01,65373.82,79.5
1784562202,btc,1798185600000,72000.0,put,39.21,0.15537047,0.148,0.1615,66380.94,335.4
1784562202,btc,1806048000000,56000.0,call,45.02,0.23216622,,,67084.48,16.9
1784562202,btc,1787904000000,62000.0,put,36.22,0.02456753,0.023,0.0245,65513.48,711.2
1784562202,btc,1784707200000,64000.0,call,33.85,0.02051347,0.0055,,65225.92,7.2
1784562202,btc,1785484800000,83000.0,put,52.07,0.27233875,0.2635,0.277,65322.24,29.5
1784562202,btc,1798185600000,56000.0,call,44.24,0.20156148,0.197,0.208,66380.94,40.2
1784562202,btc,1784793600000,71000.0,call,42.12,0.00011974,,0.0004,65225.92,0.5
1784562202,btc,1790323200000,52000.0,put,46.14,0.01005257,0.01,0.011,65736.89,1029.2
1784562202,btc,1806048000000,86000.0,put,39.88,0.33233874,,,67084.48,1.7
1784562202,btc,1806048000000,40000.0,put,54.23,0.02111253,0.0205,0.0215,67084.48,1138.2
1784562202,btc,1784707200000,71000.0,put,52.22,0.08987229,0.0001,,65225.92,0.0
1784562202,btc,1806048000000,120000.0,call,41.24,0.00795895,0.007,0.0085,67084.48,327.5
1784562202,btc,1785484800000,77000.0,put,44.78,0.18071463,0.1725,0.185,65322.24,249.1
1784562202,btc,1813910400000,140000.0,call,42.34,0.00875853,0.0075,0.009,67857.04,103.4
1784562202,btc,1790323200000,190000.0,call,72.81,4.347e-05,,0.0002,65736.89,772.5
1784562202,btc,1786089600000,62000.0,call,36.87,0.06227725,0.06,0.069,65363.64,100.0
1784562202,btc,1784793600000,64500.0,put,33.68,0.0066913,0.006,0.0075,65225.92,4.3
1784562202,btc,1784707200000,65000.0,call,32.19,0.01055938,0.01,0.0115,65225.92,53.2
1784562202,btc,1806048000000,56000.0,put,45.02,0.06845089,0.067,0.0695,67084.48,75.8
1784562202,btc,1813910400000,56000.0,call,45.91,0.26125772,0.15,,67860.17,2.7
1784562202,btc,1790323200000,64000.0,call,36.49,0.07477228,0.0745,0.0765,65738.11,273.3
1784562202,btc,1787904000000,40000.0,put,69.04,0.00089112,0.0008,0.0011,65503.3,414.9
1784562202,btc,1785484800000,46000.0,call,73.97,0.29499845,,,65322.24,0.0
1784562202,btc,1784620800000,66000.0,put,31.38,0.01342752,0.006,,65224.89,0.0
1784562202,btc,1784793600000,62000.0,put,38.9,0.00089737,0.0008,0.0012,65225.92,41.4
1784562202,btc,1785484800000,57000.0,call,45.45,0.12751126,0.1215,,65322.24,3.8
1784562202,btc,1785484800000,94000.0,put,55.0,0.44084403,,,65322.24,1.3
1784562202,btc,1784793600000,59000.0,call,48.25,0.09462322,0.088,,65225.92,0.0
1784562202,btc,1790323200000,220000.0,put,72.81,2.34710171,,,65737.92,1.8
1784562202,btc,1798185600000,50000.0,call,47.89,0.27323182,0.269,0.2795,66380.94,260.8
1784562202,btc,1784793600000,63000.0,call,36.36,0.03530631,,,65225.92,0.0
1784562202,btc,1784880000000,64500.0,call,34.44,0.02024326,0.0195,0.021,65259.51,0.4
1784562202,btc,1786089600000,75000.0,put,36.23,0.15119973,,,65373.82,0.0
1784562202,btc,1813910400000,84000.0,call,41.33,0.08181382,0.0805,0.084,67857.04,2.1
1784562202,btc,1785484800000,56000.0,put,47.45,0.00087087,0.0006,0.0011,65322.24,2059.1
1784562202,btc,1785484800000,88000.0,call,52.31,1.114e-05,,0.0001,65322.24,413.8
1784562202,btc,1790323200000,40000.0,put,63.92,0.00288846,0.0025,0.0032,65736.89,2301.9
1784562202,btc,1790323200000,280000.0,put,81.51,3.26491179,,,65738.11,0.0
1784562202,btc,1784707200000,62500.0,call,38.13,0.04126675,0.0345,,65225.92,6.0
1784562202,btc,1784707200000,61000.0,call,44.08,0.06385071,0.0575,,65225.92,0.0
1784562202,btc,1784793600000,68000.0,put,33.96,0.04454571,,,65225.92,0.0
1784562202,btc,1786089600000,69000.0,put,33.12,0.06730813,,,65363.64,0.0
1784562202,btc,1813910400000,88000.0,put,41.11,0.36684462,,,67860.17,0.0
1784562202,btc,1784880000000,75000.0,call,52.14,5.97e-05,,0.0001,65260.08,154.0
1784562202,btc,1785484800000,63000.0,put,36.42,0.0109967,0.0105,0.0115,65322.24,827.0
1784562202,btc,1785484800000,110000.0,put,68.07,0.68609261,0.675,0.6925,65322.24,46.2
1784562202,btc,1785484800000,96000.0,call,57.73,1.26e-06,,0.0001,65322.24,291.8
1784562202,btc,1785484800000,102000.0,call,63.21,5.3e-07,,0.0001,65322.24,460.8
1784562202,btc,1784620800000,70000.0,put,43.57,0.07335218,0.0001,,65224.89,0.0
1784562202,btc,1806048000000,82000.0,put,40.01,0.28473089,,,67084.48,3.8
1784562202,btc,1798185600000,64000.0,call,41.03,0.12360578,0.119,0.13,66380.94,380.5
1784562202,btc,1784707200000,70000.0,put,46.67,0.07456253,0.0705,,65225.92,0.0
1784562202,btc,1806048000000,95000.0,put,39.85,0.44772995,,,67074.3,0.6
1784562202,btc,1785484800000,110000.0,call,68.07,1.1e-07,,0.0001,65323.27,194.2
1784562202,btc,1798185600000,95000.0,call,38.91,0.01109795,0.01,0.012,66380.78,1297.6
1784562202,btc,1784880000000,69000.0,put,36.17,0.06050392,0.052,0.063,65260.08,42.0
1784562202,btc,1785484800000,120000.0,put,77.21,0.8393737,,,65322.24,4.0
1784562202,btc,1790323200000,95000.0,call,40.21,0.0011596,0.001,0.0016,65738.11,1864.1
1784562202,btc,1786089600000,64000.0,put,35.05,0.02162188,0.0205,0.022,65373.82,35.1
1784562202,btc,1790323200000,35000.0,call,73.38,0.46878277,0.466,0.4725,65738.11,29.3
1784562202,btc,1798185600000,240000.0,put,59.71,2.62032834,,,66380.94,0.0
1784562202,btc,1787904000000,86000.0,put,40.57,0.31666412,,,65503.3,0.0
1784562202,btc,1784707200000,69000.0,put,41.47,0.05930168,0.0001,,65225.92,0.0
1784562202,btc,1813910400000,105000.0,call,40.92,0.03270042,0.032,0.0345,67857.04,14.8
1784562202,btc,1798185600000,86000.0,put,38.58,0.32000697,,,66380.94,23.4
1784562202,btc,1787904000000,79000.0,call,35.56,0.00276142,0.0024,0.003,65512.01,89.0
1784562202,btc,1790323200000,200000.0,call,72.81,2.317e-05,,0.0002,65736.89,1009.0
1784562202,btc,1787904000000,78000.0,put,34.94,0.19645724,,,65503.3,4.1
1784562202,btc,1806048000000,150000.0,put,44.56,1.24345386,,,67074.3,0.5
1784562202,btc,1790323200000,45000.0,put,56.1,0.00486535,0.0045,0.0055,65738.11,1959.5
1784562202,btc,1784793600000,62500.0,call,37.55,0.04225096,,,65225.92,0.0
1784562202,btc,1806048000000,110000.0,call,40.43,0.01275351,0.0115,0.013,67084.48,520.6
1784562202,btc,1790323200000,145000.0,call,63.07,0.00019068,0.0001,0.0003,65736.89,495.0
1784562202,btc,1806048000000,125000.0,call,41.81,0.00649592,0.0055,0.007,67084.48,119.5
1784562202,btc,1798185600000,150000.0,put,48.98,1.26349861,,,66370.76,2.1
1784562202,btc,1813910400000,120000.0,put,41.21,0.7881307,,,67860.17,0.0
1784562202,btc,1784707200000,59000.0,call,53.01,0.0944382,0.0001,,65225.92,0.0
1784562202,btc,1784620800000,62500.0,put,44.21,8.322e-05,,0.0003,65224.89,187.8
1784562202,btc,1790323200000,160000.0,call,68.29,0.00014348,,0.0002,65738.11,1444.3
1784562202,btc,1813910400000,64000.0,put,43.81,0.1362968,0.1345,0.1375,67857.04,2.9
1784562202,btc,1784880000000,67000.0,call,33.47,0.0041908,0.0039,0.0041,65259.51,1463.9
1784562202,btc,1813910400000,95000.0,call,40.91,0.05028045,0.0495,0.0525,67860.17,10.6
1784562202,btc,1798185600000,98000.0,call,39.22,0.00887923,0.008,0.0095,66380.78,207.9
1784562202,btc,1785484800000,93000.0,put,54.17,0.42551625,,,65322.24,0.5
1784562202,btc,1784620800000,63000.0,put,39.94,0.0001407,0.0001,0.0003,65224.89,164.3
1784562202,btc,1798185600000,108000.0,put,40.65,0.6336213,,,66370.76,0.0
1784562202,btc,1784707200000,64000.0,put,33.86,0.00260031,0.0023,0.0031,65225.92,62.4
1784562202,btc,1813910400000,74000.0,put,42.18,0.21838245,0.2085,0.227,67857.04,0.1
1784562202,btc,1787904000000,94000.0,put,46.18,0.43847167,,,65513.48,0.0
1784562202,btc,1790323200000,86000.0,call,36.39,0.00302787,0.0026,0.0033,65736.89,637.5
1784562202,btc,1798185600000,115000.0,call,41.96,0.00308314,0.0025,0.0034,66380.94,2338.1
1784562202,btc,1785484800000,64000.0,put,35.39,0.01560424,0.015,0.016,65322.24,871.7
1784562202,btc,1784620800000,65000.0,put,29.57,0.00359082,0.0033,0.0043,65224.89,13.8
1784562202,btc,1785484800000,93000.0,call,54.17,1.68e-06,,0.0001,65322.24,106.0
1784562202,btc,1806048000000,140000.0,put,43.4,1.09506212,,,67084.48,0.0
1784562202,btc,1798185600000,80000.0,put,38.67,0.24387594,0.2345,0.2505,66380.94,952.0
1784562202,btc,1790323200000,56000.0,put,41.96,0.01699964,0.0165,0.0175,65738.11,964.8
1784562202,btc,1784620800000,62000.0,put,50.02,6.742e-05,,0.0003,65224.89,103.0
1784562202,btc,1787904000000,50000.0,put,50.43,0.00308207,0.003,0.0034,65513.48,1337.8
1784562202,btc,1786089600000,55000.0,put,46.52,0.00182491,0.0016,0.0022,65373.82,36.2
1784562202,btc,1785484800000,59000.0,call,41.83,0.09810738,0.0955,0.1045,65322.24,197.5
1784562202,btc,1806048000000,70000.0,put,41.36,0.16212116,0.16,0.1635,67084.48,212.2
1784562202,btc,1813910400000,86000.0,call,41.2,0.07481392,0.0735,0.077,67860.17,1.3
1784562202,btc,1784707200000,57000.0,call,54.87,0.12510775,0.0001,,65225.92,0.0
1784562202,btc,1785484800000,86000.0,put,52.18,0.31824557,,,65322.24,15.2
1784562202,btc,1806048000000,64000.0,call,42.58,0.15950388,0.1545,0.168,67084.48,35.4
1784562202,btc,1798185600000,82000.0,put,38.55,0.26835914,0.259,0.2755,66370.76,158.7
1784562202,btc,1787904000000,78000.0,call,34.94,0.0032185,0.0028,0.0032,65513.48,995.2
1784562202,btc,1798185600000,90000.0,put,38.7,0.37405561,0.363,0.382,66370.76,590.5
1784562202,btc,1785484800000,95000.0,call,56.37,1.3e-06,,0.0001,65322.24,135.8
1784562202,btc,1787904000000,92000.0,call,44.97,0.00057297,0.0004,,65503.3,46.8
1784562202,btc,1806048000000,50000.0,call,47.69,0.29787705,0.0315,,67084.48,20.5
1784562202,btc,1785484800000,78000.0,put,45.85,0.19592743,0.188,0.2005,65322.24,445.6
1784562202,btc,1787904000000,79000.0,put,35.56,0.21020459,,,65513.04,0.3
1784562202,btc,1786089600000,72000.0,call,34.06,0.00353709,0.0033,0.0038,65373.82,654.6
1784562202,btc,1813910400000,140000.0,put,42.34,1.07435265,,,67857.04,0.0
1784562202,btc,1798185600000,180000.0,put,53.42,1.71554382,,,66370.76,0.0
1784562202,btc,1787904000000,88000.0,put,42.03,0.34705474,,,65503.3,0.0
1784562202,btc,1784620800000,58000.0,put,59.76,1e-08,,0.0002,65224.89,4.1
1784562202,btc,1785484800000,98000.0,put,60.4,0.50215632,,,65322.24,0.1
1784562202,btc,1787904000000,96000.0,put,47.48,0.46766983,,,65513.04,0.1
1784562202,btc,1787904000000,86000.0,call,40.57,0.00104192,0.0007,0.0013,65513.48,142.2
1784562202,btc,1813910400000,76000.0,call,41.95,0.11609604,0.115,0.1185,67860.17,13.0
1784562202,btc,1798185600000,35000.0,put,63.65,0.00818765,0.0075,0.009,66380.78,2311.2
1784562202,btc,1785484800000,75000.0,put,40.77,0.15024459,0.1425,0.1545,65322.24,226.4
1784562202,btc,1786089600000,71000.0,put,33.61,0.09332245,,,65363.64,0.0
1784562202,btc,1790323200000,150000.0,put,63.76,1.28491221,,,65738.11,0.7
1784562202,btc,1784880000000,61000.0,call,41.35,0.06422411,0.065,,65249.9,15.3
1784562202,btc,1784793600000,58000.0,call,51.62,0.10991928,,,65225.92,0.0
1784562202,btc,1787904000000,57000.0,call,40.78,0.1377162,0.135,0.1445,65503.3,26.4
1784562202,btc,1806048000000,50000.0,put,47.69,0.04461595,0.0435,0.046,67084.55,2026.5
1784562202,btc,1806048000000,190000.0,call,49.52,0.00115295,0.0009,0.0014,67084.48,882.6
1784562202,btc,1784880000000,57000.0,call,54.19,0.12477765,,,65260.08,0.0
1784562202,btc,1785484800000,76000.0,put,43.15,0.16549826,0.1575,0.1695,65323.27,455.7
1784562202,btc,1798185600000,110000.0,call,41.02,0.00407751,0.0034,0.0045,66380.78,2643.1
1784562202,btc,1787904000000,48000.0,put,53.68,0.00228144,0.0019,0.0026,65512.01,812.1
1784562202,btc,1785484800000,104000.0,call,63.39,2.5e-07,,0.0001,65322.24,511.1
1784562202,btc,1790323200000,88000.0,put,37.18,0.34122848,,,65737.92,4.8
1784562202,btc,1806048000000,76000.0,put,40.52,0.21876264,0.209,0.227,67084.48,19.6
1784562202,btc,1790323200000,76000.0,call,34.03,0.01304954,0.012,0.013,65736.89,1284.4
1784562202,btc,1790323200000,110000.0,call,47.96,0.00050076,0.0004,0.001,65738.11,1446.1
1784562202,btc,1798185600000,82000.0,call,38.55,0.03168717,0.0305,0.0325,66380.78,460.9
1784562202,btc,1784880000000,64000.0,call,35.0,0.02553776,0.0225,0.03,65259.51,538.6
1784562202,btc,1790323200000,55000.0,put,42.91,0.01489197,0.0145,0.0155,65738.11,3180.8
1784562202,btc,1798185600000,130000.0,put,44.95,0.96255011,0.946,0.976,66380.94,52.1
1784562202,btc,1798185600000,106000.0,call,40.55,0.00532091,0.0045,0.006,66380.78,283.2
1784562202,btc,1786089600000,60000.0,call,39.15,0.08743317,,,65363.64,15.0
1784562202,btc,1784880000000,73000.0,call,45.77,0.00011635,,0.0003,65259.51,89.4
1784562202,btc,1784880000000,65000.0,put,33.63,0.01159753,0.011,0.0125,65259.51,155.4
1784562202,btc,1798185600000,30000.0,call,70.36,0.55285246,0.55,0.557,66380.94,289.3
1784562202,btc,1798185600000,180000.0,call,53.42,0.00037376,0.0002,0.0006,66380.94,922.7
1784562202,btc,1785484800000,68000.0,put,34.1,0.05066843,0.0445,0.054,65322.24,426.5
1784562202,btc,1790323200000,74000.0,put,33.95,0.14377296,0.137,0.1495,65737.92,110.7
1784562202,btc,1798185600000,106000.0,put,40.55,0.60420067,,,66370.76,0.1
1784562202,btc,1787904000000,84000.0,put,38.9,0.28630774,,,65503.3,0.6
1784562202,btc,1806048000000,88000.0,put,39.82,0.35701744,,,67074.3,4.4
1784562202,btc,1786089600000,58000.0,call,41.86,0.11497363,,,65373.82,0.0
1784562202,btc,1784620800000,68000.0,call,43.36,8.417e-05,,0.0003,65224.89,63.5
1784562202,btc,1785484800000,89000.0,call,52.31,6.85e-06,,0.0001,65323.27,248.2
1784562202,btc,1784793600000,65000.0,call,32.99,0.01313458,0.0125,0.014,65225.92,68.6
1784562202,btc,1785484800000,57000.0,put,45.45,0.00121373,0.001,0.0015,65323.27,443.7
1784562202,btc,1798185600000,62000.0,put,41.69,0.07568896,0.075,0.077,66380.78,699.1
1784562202,btc,1786089600000,66000.0,call,33.77,0.02465349,0.0245,0.026,65373.82,51.3
1784562202,btc,1790323200000,45000.0,call,56.1,0.31943349,0.316,0.3245,65738.11,153.4
1784562202,btc,1785484800000,52000.0,call,57.31,0.20324543,,,65322.24,0.5
1784562202,btc,1806048000000,200000.0,call,49.99,0.00086634,0.0007,0.001,67084.48,501.6
1784562202,btc,1785484800000,96000.0,put,57.73,0.47150016,,,65322.24,0.1
1784562202,btc,1784620800000,68000.0,put,43.36,0.04276878,0.012,,65224.89,0.0
1784562202,btc,1798185600000,140000.0,put,47.16,1.11296973,,,66380.94,0.2
1784562202,btc,1790323200000,125000.0,put,55.79,0.90432323,,,65738.11,22.7
1784562202,btc,1787904000000,92000.0,put,44.97,0.40798277,,,65503.3,1.3
1784562202,btc,1786089600000,60000.0,put,39.15,0.00714578,0.007,0.0075,65373.82,52.6
1784562202,btc,1806048000000,102000.0,put,40.01,0.54309339,,,67084.48,0.0
1784562202,btc,1787904000000,75000.0,put,33.93,0.15339611,0.1435,0.156,65503.3,33.9
1784562202,btc,1806048000000,96000.0,call,39.85,0.02712192,0.026,0.0285,67084.48,119.9
1784562202,btc,1790323200000,98000.0,put,42.12,0.49371586,,,65738.11,0.1
1784562202,btc,1790323200000,40000.0,call,63.92,0.39364659,0.3905,0.398,65738.11,34.3
1784562202,btc,1787904000000,77000.0,call,34.42,0.0039513,0.0035,0.0042,65512.01,233.7
1784562202,btc,1813910400000,100000.0,put,40.89,0.51591934,,,67860.17,0.0
1784562202,btc,1790323200000,155000.0,call,66.34,0.00015057,,0.0002,65736.89,361.8
1784562202,btc,1784793600000,59000.0,put,48.25,9.766e-05,,0.0004,65225.92,64.2
1784562202,btc,1785484800000,45000.0,put,76.79,7.55e-05,,0.0001,65323.27,1058.3
1784562202,btc,1787904000000,82000.0,put,37.52,0.25501924,,,65513.04,0.0
1784562202,btc,1790323200000,68000.0,put,34.86,0.08000708,0.0785,0.0805,65738.11,625.6
1784562202,btc,1798185600000,70000.0,put,39.57,0.13659741,0.1345,0.1375,66380.94,1044.9
1784562202,btc,1784880000000,70000.0,put,38.6,0.0754667,,,65260.08,0.0
1784562202,btc,1798185600000,125000.0,call,44.15,0.00201006,0.0015,0.0025,66380.94,595.6
1784562202,btc,1806048000000,95000.0,call,39.85,0.02871568,0.028,0.03,67084.48,167.2
1784562202,btc,1813910400000,40000.0,put,53.56,0.03111385,0.03,0.0325,67857.04,471.5
1784562202,btc,1798185600000,70000.0,call,39.57,0.08114652,0.08,0.0825,66380.78,995.2
1784562202,btc,1785484800000,79000.0,call,47.65,0.00028495,0.0002,0.0005,65322.24,1587.4
1784562202,btc,1798185600000,30000.0,put,70.36,0.0053452,0.0055,0.006,66380.78,2133.3
1784562202,btc,1790323200000,140000.0,call,60.63,0.00019118,0.0001,0.0003,65736.89,1183.5
1784562202,btc,1813910400000,95000.0,put,40.91,0.45193361,,,67860.17,20.0
1784562202,btc,1798185600000,100000.0,call,39.59,0.00782115,0.007,0.0085,66380.78,3853.2
1784562202,btc,1813910400000,82000.0,put,41.46,0.29923978,0.2875,0.309,67860.17,0.1
1784562202,btc,1784707200000,71000.0,call,52.22,0.00010233,,0.0003,65225.92,2.7
1784562202,btc,1790323200000,180000.0,put,70.84,1.73858919,,,65736.89,7.3
1784562202,btc,1785484800000,74000.0,put,39.56,0.13515861,0.1275,0.1395,65323.27,130.7
1784562202,btc,1784707200000,70000.0,call,46.67,0.0001468,,0.0003,65225.92,11.9
1784562202,btc,1785484800000,85000.0,put,52.18,0.30293372,,,65322.24,22.2
1784562202,btc,1806048000000,62000.0,put,43.08,0.10172862,0.1,0.1025,67084.55,248.4
1784562202,btc,1790323200000,102000.0,put,44.14,0.5544187,,,65738.11,0.4
1784562202,btc,1787904000000,59000.0,call,38.71,0.11146144,0.1085,0.118,65503.3,414.3
1784562202,btc,1784880000000,63500.0,call,35.87,0.02993158,,,65260.08,0.0
1784562202,btc,1798185600000,105000.0,call,40.17,0.00550254,0.0048,0.006,66380.78,843.1
1784562202,btc,1784880000000,66000.0,call,33.3,0.00845503,0.008,0.009,65259.51,1618.9
1784562202,btc,1798185600000,52000.0,call,46.52,0.24826932,,,66380.94,0.0
1784562202,btc,1798185600000,58000.0,put,43.3,0.05453466,0.0535,0.056,66380.78,2168.4
1784562202,btc,1784707200000,62000.0,put,40.12,0.00032025,0.0001,0.0005,65225.92,14.5
1784562202,btc,1785484800000,79000.0,put,47.65,0.21120593,0.203,0.2155,65322.24,144.8
1784562202,btc,1790323200000,145000.0,put,63.07,1.20623054,,,65737.92,0.2
1784562202,btc,1784880000000,70000.0,call,38.55,0.00055097,0.0003,0.0005,65259.51,1500.2
1784562202,btc,1784620800000,61500.0,put,50.62,2.334e-05,,0.0002,65224.89,19.7
1784562202,btc,1784880000000,55000.0,call,61.18,0.15542239,,,65260.08,0.0
1784562202,btc,1787904000000,105000.0,put,53.7,0.60650868,,,65503.3,0.0
1784562202,btc,1798185600000,94000.0,put,38.83,0.42980422,,,66380.94,5.2
1784562202,btc,1785484800000,66000.0,put,34.16,0.02973247,0.0285,0.03,65322.24,430.2
1784562202,btc,1784707200000,61500.0,put,42.27,0.00020453,0.0001,0.0004,65225.92,78.8
1784562202,btc,1798185600000,220000.0,call,57.85,0.00014924,0.0001,0.0003,66370.76,253.9
1784562202,btc,1784793600000,67000.0,put,32.66,0.03064106,,,65225.92,0.0
1784562202,btc,1806048000000,80000.0,call,40.13,0.06722596,0.0665,0.0695,67084.55,913.0
1784562202,btc,1790323200000,175000.0,put,69.15,1.6656253,,,65738.11,0.2
1784562202,btc,1813910400000,66000.0,call,43.39,0.17703504,0.176,0.179,67857.04,22.2
1784562202,btc,1798185600000,56000.0,put,44.24,0.04595847,0.045,0.047,66380.78,135.1
1784562202,btc,1787904000000,75000.0,call,33.92,0.00614435,0.0055,0.006,65512.01,2622.0
1784562202,btc,1790323200000,75000.0,put,33.97,0.15635547,0.149,0.162,65736.89,2967.4
1784562202,btc,1813910400000,66000.0,put,43.39,0.15081513,0.149,0.1525,67857.04,28.6
1784562202,btc,1798185600000,94000.0,call,38.83,0.01199272,0.011,0.013,66380.78,112.7
1784562202,btc,1784620800000,65000.0,call,29.57,0.00690701,0.0065,0.008,65224.89,40.2
1784562202,btc,1798185600000,140000.0,call,47.16,0.00117079,0.0008,0.0018,66370.76,1473.0
1784562202,btc,1787904000000,72000.0,call,32.9,0.01123656,0.011,0.012,65513.48,1925.1
1784562202,btc,1790323200000,90000.0,call,38.1,0.0019069,0.0016,0.0023,65738.11,3021.8
1784562202,btc,1790323200000,56000.0,call,41.96,0.16401777,,,65738.11,12.2
1784562202,btc,1798185600000,76000.0,put,38.76,0.19714631,0.1885,0.2035,66380.94,141.7
1784562202,btc,1798185600000,250000.0,call,61.81,0.00011147,,0.0002,66380.94,1253.0
1784562202,btc,1813910400000,85000.0,call,41.26,0.07824826,0.077,0.08,67857.04,7.1
1784562202,btc,1813910400000,45000.0,put,50.44,0.04348539,0.0425,0.045,67860.17,144.5
1784562202,btc,1790323200000,62000.0,call,37.5,0.09449089,0.0905,0.1,65737.92,682.5
1784562202,btc,1785484800000,58000.0,put,43.63,0.00172818,0.0015,0.002,65322.24,1933.8
1784562202,btc,1806048000000,70000.0,call,41.36,0.11729093,0.1165,0.12,67084.48,744.6
1784562202,btc,1786089600000,75000.0,call,36.23,0.00137972,0.0011,0.0013,65373.82,651.6
1784562202,btc,1784880000000,63000.0,put,36.89,0.0033415,0.003,0.0038,65259.51,533.8
1784562202,btc,1813910400000,160000.0,put,43.7,1.36556169,,,67857.04,0.0
1784562202,btc,1785484800000,67000.0,call,34.1,0.01249973,0.0125,0.0135,65323.27,1913.1
1784562202,btc,1784620800000,63000.0,call,39.94,0.03412409,0.0001,,65224.89,0.7
1784562202,btc,1790323200000,70000.0,call,34.36,0.03302132,0.0325,0.034,65738.11,2066.1
1784562202,btc,1784880000000,55000.0,put,61.23,4.577e-05,,0.0001,65259.51,177.1
1784562202,btc,1784707200000,72000.0,put,53.17,0.10516045,0.0001,,65225.92,0.0
1784562202,btc,1784620800000,56000.0,call,59.76,0.14131856,0.0001,,65224.89,0.0
1784562202,btc,1784880000000,63000.0,call,36.89,0.03622419,0.0355,0.0435,65260.08,412.8
1784562202,btc,1787904000000,88000.0,call,42.03,0.00083667,0.0006,0.0011,65503.3,175.1
1784562202,btc,1785484800000,82000.0,put,50.31,0.25702279,0.2485,0.2615,65322.24,92.0
1784562202,btc,1790323200000,260000.0,put,78.83,2.96027621,,,65738.11,0.0
1784562202,btc,1787904000000,55000.0,put,43.1,0.00676498,0.0065,0.0075,65503.3,549.7
1784562202,btc,1784880000000,65500.0,put,33.32,0.01535453,0.015,0.016,65259.51,0.1
1784562202,btc,1787904000000,77000.0,put,34.43,0.18182693,,,65503.3,3.4
1784562202,btc,1806048000000,85000.0,call,39.87,0.05031473,0.05,0.0525,67084.48,31.8
1784562202,btc,1784793600000,64500.0,call,33.68,0.01793515,0.0175,0.0195,65225.92,2.5
1784562202,btc,1785484800000,48000.0,put,68.03,0.00012961,0.0001,0.0003,65323.27,1462.9
1784562202,btc,1785484800000,55000.0,call,49.5,0.15758458,,,65322.24,11.6
1784562202,btc,1785484800000,80000.0,put,48.4,0.22645453,0.218,0.231,65322.24,385.4
1784562202,btc,1806048000000,45000.0,put,50.61,0.03076421,0.03,0.032,67084.48,143.6
1784562202,btc,1784620800000,65500.0,call,29.62,0.00322303,0.0031,0.004,65224.89,112.5
1784562202,btc,1798185600000,110000.0,put,41.02,0.66330586,0.65,0.674,66370.76,54.1
1784562202,btc,1784620800000,58000.0,call,59.76,0.11065138,0.0001,,65224.89,0.0
1784562202,btc,1785484800000,71000.0,put,36.1,0.09081456,0.0835,0.0945,65322.24,109.5
1784562202,btc,1784793600000,63000.0,put,36.35,0.00202294,0.0018,0.0024,65225.92,1.8
1784562202,btc,1787904000000,67000.0,put,33.49,0.05761106,0.0555,0.057,65513.48,92.6
1784562202,btc,1806048000000,52000.0,put,46.68,0.05153946,0.0505,0.053,67084.48,89.8
1784562202,btc,1785484800000,115000.0,put,72.75,0.76273315,,,65322.24,3.4
1784562202,btc,1798185600000,65000.0,put,40.73,0.09536609,0.0945,0.097,66380.78,671.9
1784562202,btc,1784620800000,60500.0,put,52.95,2.93e-06,,0.0002,65224.89,10.6
1784562202,btc,1785484800000,83000.0,call,52.07,0.00010532,,0.0004,65322.24,1219.0
1784562202,btc,1784880000000,58000.0,call,51.13,0.10950314,,,65260.08,0.0
1784562202,btc,1785484800000,69000.0,call,34.68,0.00563977,0.0055,0.006,65322.24,2146.3
1784562202,btc,1813910400000,130000.0,call,41.75,0.01225873,0.0115,0.013,67857.04,65.9
1784562202,btc,1787904000000,63000.0,put,35.53,0.02910595,0.028,0.0295,65513.04,595.1
1784562202,btc,1787904000000,110000.0,put,57.39,0.68144575,,,65513.04,0.0
1784562202,btc,1798185600000,40000.0,call,57.46,0.40879304,0.405,0.414,66380.94,250.8
1784562202,btc,1813910400000,60000.0,put,44.77,0.11006849,0.108,0.1115,67857.04,320.5
1784562202,btc,1798185600000,125000.0,put,44.15,0.88754483,,,66380.94,8.4
1784562202,btc,1798185600000,135000.0,put,46.16,1.0377567,,,66380.94,0.6
1784562202,btc,1806048000000,105000.0,call,40.17,0.01654821,0.0155,0.0175,67084.48,158.2
1784562202,btc,1784880000000,67000.0,put,33.49,0.03267735,,,65260.08,4.0
1784562202,btc,1784620800000,57000.0,put,59.76,0.0,,0.0002,65224.89,3.1
1784562202,btc,1806048000000,100000.0,put,39.92,0.51541511,,,67074.3,12.1
1784562202,btc,1787904000000,58000.0,put,39.68,0.01163651,0.0115,0.012,65513.48,706.3
1784562202,btc,1785484800000,65000.0,call,34.77,0.02555834,0.0255,0.027,65322.24,2054.6
1784562202,btc,1787904000000,81000.0,put,36.77,0.24107408,,,65503.3,0.1
1784562202,btc,1785484800000,100000.0,put,62.96,0.53281247,0.5225,0.5385,65323.27,99.5
1784562202,btc,1784793600000,62000.0,call,38.87,0.04944392,,,65225.92,0.0
1784562202,btc,1784793600000,61000.0,put,41.83,0.00041137,0.0003,0.0007,65225.92,26.7
1784562202,btc,1785484800000,106000.0,put,64.33,0.62478019,,,65323.27,0.0
1784562202,btc,1806048000000,110000.0,put,40.43,0.65597121,,0.74,67084.48,1.7
1784562202,btc,1813910400000,130000.0,put,41.75,0.93031042,,,67860.17,0.0
1784562202,btc,1785484800000,54000.0,put,51.84,0.00047655,0.0003,0.0006,65322.24,1630.0
1784562202,btc,1806048000000,52000.0,call,46.68,0.27494952,,,67084.48,5.1
1784562202,btc,1790323200000,90000.0,put,38.1,0.37277062,0.3635,0.379,65738.11,587.5
1784562202,btc,1813910400000,50000.0,put,48.05,0.06030667,0.059,0.0615,67860.17,11.9
1784562202,btc,1790323200000,320000.0,put,85.42,3.87418333,,,65738.11,0.1
1784562202,btc,1806048000000,68000.0,call,41.72,0.13037197,0.13,0.133,67084.48,39.6
1784562202,btc,1785484800000,81000.0,put,49.78,0.24174432,0.2335,0.2465,65322.24,114.0
1784562202,btc,1798185600000,52000.0,put,46.52,0.03241666,0.0315,0.0335,66380.78,70.5
1784562202,btc,1785484800000,88000.0,put,52.31,0.34888513,,,65322.24,2.1
1784562202,btc,1784793600000,57000.0,put,53.56,2.204e-05,,0.0001,65225.92,2.3
1784562202,btc,1790323200000,94000.0,call,39.77,0.00129371,0.0011,0.0017,65736.89,161.4
1784562202,btc,1784620800000,60000.0,put,57.75,2.53e-06,,0.0001,65224.89,61.8
1784562202,btc,1785484800000,74000.0,call,39.56,0.0008782,0.0006,0.0009,65323.27,697.0
1784562202,btc,1798185600000,96000.0,call,39.05,0.01024435,0.0095,0.011,66380.94,287.9
1784562202,btc,1784707200000,59000.0,put,53.01,2.673e-05,,0.0002,65225.92,8.4
1784562202,btc,1787904000000,83000.0,call,38.26,0.00148049,0.0012,0.0017,65513.48,261.5
1784562202,btc,1798185600000,68000.0,call,40.0,0.09405234,0.093,0.096,66380.78,499.9
1784562202,btc,1784707200000,63000.0,put,36.51,0.00088373,0.0008,0.0012,65225.92,4.7
1784562202,btc,1813910400000,40000.0,call,53.56,0.44094411,,,67857.04,0.1
1784562202,btc,1787904000000,74000.0,call,33.32,0.0073729,0.0065,0.0075,65512.01,661.7
1784562202,btc,1786089600000,65000.0,put,34.32,0.02791978,0.0265,0.0285,65373.82,18.6
1784562202,btc,1784793600000,66500.0,put,32.35,0.02435309,,,65225.92,0.0
1784562202,btc,1790323200000,94000.0,put,39.77,0.4314161,,,65737.92,1.3
1784562202,btc,1806048000000,100000.0,call,39.92,0.02158084,0.0205,0.023,67084.48,544.0
1784562202,btc,1806048000000,68000.0,put,41.72,0.14534991,0.1435,0.1465,67084.48,65.4
1784562202,btc,1784880000000,50000.0,put,65.64,4e-07,,0.0001,65260.08,276.7
1784562202,btc,1784793600000,64000.0,put,34.53,0.0045879,0.0042,0.005,65225.92,5.1
1784562202,btc,1784620800000,70000.0,call,43.57,3.8e-07,,0.0001,65224.89,8.0
1784562202,btc,1784707200000,64500.0,put,32.96,0.00437766,0.004,0.0049,65225.92,6.9
1784562202,btc,1813910400000,52000.0,put,47.28,0.06854589,0.067,0.07,67857.04,11.4
1784562202,btc,1790323200000,78000.0,put,34.07,0.19603333,0.1885,0.202,65736.89,635.6
1784562202,btc,1784793600000,61000.0,call,41.8,0.06426736,,,65225.92,0.0
1784562202,btc,1787904000000,67000.0,call,33.49,0.03264958,0.033,0.0345,65503.3,906.8
1784562202,btc,1786089600000,72000.0,put,34.06,0.10727708,,,65363.64,0.0
1784562202,btc,1806048000000,125000.0,put,41.81,0.87378876,,,67084.48,0.0
1784562202,btc,1806048000000,115000.0,call,40.88,0.01014072,0.0095,0.011,67084.48,764.7
1784562202,btc,1806048000000,86000.0,call,39.88,0.04782893,0.047,0.0495,67084.48,111.0
1784562202,btc,1784707200000,67000.0,call,32.82,0.0012548,0.001,0.0013,65225.92,108.3
1784562202,btc,1787904000000,46000.0,call,57.36,0.29871652,,,65513.04,1.0
1784562202,btc,1786089600000,55000.0,call,46.5,0.15866121,,,65363.64,0.0
1784562202,btc,1813910400000,80000.0,put,41.6,0.27788842,0.2665,0.2875,67857.04,0.3
1784562202,btc,1798185600000,55000.0,put,44.75,0.04211337,0.0415,0.0435,66380.78,994.6
1784562202,btc,1790323200000,98000.0,call,42.12,0.00101473,0.0007,0.0015,65736.89,302.8
1784562202,btc,1784707200000,66500.0,put,31.84,0.02270873,0.0001,,65225.92,0.0
1784562202,btc,1786089600000,68000.0,call,33.19,0.01346219,0.013,0.014,65373.82,395.1
1784562202,btc,1813910400000,30000.0,put,62.13,0.01547235,0.015,0.017,67857.04,184.3
1784562202,btc,1784620800000,66500.0,call,34.33,0.00065618,0.0004,0.0006,65224.89,65.0
1784562202,btc,1790323200000,100000.0,put,43.59,0.52236912,0.514,0.531,65737.92,272.4
1784562202,btc,1784707200000,58000.0,put,54.21,6.53e-06,,0.0002,65225.92,49.1
1784562202,btc,1787904000000,64000.0,call,34.94,0.05660985,0.0565,0.0585,65513.04,414.7
1784562202,btc,1786089600000,63000.0,put,35.86,0.01651917,0.0155,0.017,65373.82,30.1
1784562202,btc,1790323200000,102000.0,call,44.14,0.00077314,0.0005,0.0012,65738.11,68.9
1784562202,btc,1787904000000,71000.0,call,32.77,0.01416341,0.0135,0.015,65512.01,1101.7
1784562202,btc,1806048000000,102000.0,call,40.01,0.01938243,0.0185,0.0205,67084.48,105.8
1784562202,btc,1786089600000,58000.0,put,41.87,0.00408503,0.0038,0.0045,65373.82,123.6
1784562202,btc,1798185600000,78000.0,put,38.67,0.21995768,0.2115,0.2265,66380.94,234.4
1784562202,btc,1787904000000,71000.0,put,32.77,0.09933385,,,65513.04,7.6
1784562202,btc,1813910400000,76000.0,put,41.95,0.23741856,0.227,0.2465,67860.17,0.1
1784562202,btc,1790323200000,80000.0,call,34.28,0.00672482,0.006,0.0065,65736.89,3483.3
1784562202,btc,1813910400000,78000.0,call,41.78,0.10651982,0.105,0.1085,67857.04,5.9
1784562202,btc,1787904000000,58000.0,call,39.68,0.12435642,0.122,0.131,65513.48,164.0
1784562202,btc,1785484800000,72000.0,put,37.28,0.10538827,0.098,0.1095,65322.24,364.5
1784562202,btc,1813910400000,62000.0,call,44.26,0.2079195,0.2015,0.216,67860.17,94.0
1784562202,btc,1790323200000,92000.0,put,39.08,0.40291318,,,65738.11,4.0
1784562202,btc,1806048000000,58000.0,call,44.3,0.21230507,,,67084.48,5.1
1784562202,btc,1806048000000,94000.0,call,39.84,0.03038417,0.0295,0.032,67084.48,123.5
1784562202,btc,1784793600000,65000.0,put,32.99,0.00955551,0.009,0.0105,65225.92,20.3
1784562202,btc,1787904000000,53000.0,put,46.14,0.00498746,0.0046,0.0055,65513.48,174.3
1784562202,btc,1806048000000,72000.0,call,41.03,0.10526466,0.105,0.108,67084.48,55.1
1784562202,btc,1813910400000,50000.0,call,48.05,0.32259448,,,67860.17,16.9
1784562202,btc,1784620800000,63500.0,put,35.79,0.00025997,0.0001,0.0005,65224.89,104.7
1784562202,btc,1798185600000,55000.0,call,44.75,0.212777,0.2085,0.2195,66380.94,42.8
1784562202,btc,1790323200000,52000.0,call,46.14,0.21892104,0.2145,0.224,65737.92,75.0
1784562202,btc,1785484800000,90000.0,put,52.32,0.37953441,,,65322.24,14.9
1784562202,btc,1798185600000,240000.0,call,59.71,0.00010159,0.0001,0.0002,66380.94,875.5
1784562202,btc,1787904000000,69000.0,put,32.97,0.07654216,0.07,0.0805,65513.04,49.5
1784562202,btc,1784620800000,61000.0,call,52.87,0.06466125,0.056,,65224.89,0.0
1784562202,btc,1785484800000,105000.0,call,63.57,1.7e-07,,0.0001,65322.24,516.1
1784562202,btc,1784620800000,65500.0,put,29.62,0.00757364,0.007,0.0085,65224.89,0.1
1784562202,btc,1806048000000,66000.0,put,42.17,0.12981677,0.128,0.131,67084.55,123.8
1784562202,btc,1798185600000,75000.0,call,38.82,0.05520541,0.054,0.0565,66380.78,1324.0
1784562202,btc,1784880000000,54000.0,put,64.19,2.79e-05,,0.0001,65259.51,514.2
1784562202,btc,1806048000000,35000.0,put,59.07,0.01468365,0.014,0.0155,67084.48,528.5
1784562202,btc,1784880000000,65000.0,call,33.63,0.01546467,0.015,0.0165,65259.51,1004.7
1784562202,btc,1784793600000,66000.0,call,32.45,0.0062488,0.006,0.007,65225.92,91.6
1784562202,btc,1813910400000,30000.0,call,62.13,0.57284504,0.5515,,67860.17,11.0
1784562202,btc,1785484800000,72000.0,call,37.28,0.0017641,0.0015,0.0019,65322.24,21168.4
1784562202,btc,1787904000000,61000.0,put,36.95,0.02038587,0.019,0.0205,65513.48,564.8
1784562202,btc,1790323200000,50000.0,put,48.75,0.00802294,0.008,0.0085,65736.89,3559.6
1784562202,btc,1806048000000,64000.0,put,42.58,0.11515219,0.1135,0.1165,67084.48,132.7
1784562202,btc,1787904000000,61000.0,call,36.95,0.08721198,0.0845,0.0935,65513.48,588.3
1784562202,btc,1785484800000,70000.0,put,35.24,0.07670411,0.0695,0.0805,65322.24,909.3
1784562202,btc,1806048000000,115000.0,put,40.88,0.72799652,,,67084.48,0.0
1784562202,btc,1806048000000,35000.0,call,59.07,0.49190065,,,67074.3,3.8
1784562202,btc,1813910400000,54000.0,put,46.54,0.07750844,0.076,0.079,67857.04,10.8
1784562202,btc,1784620800000,64500.0,put,30.9,0.00151298,0.0013,0.0021,65224.89,24.0
1784562202,btc,1790323200000,140000.0,put,60.63,1.13016071,,,65736.89,1.4
1784562202,btc,1785484800000,90000.0,call,52.32,4.19e-06,,0.0001,65323.27,1313.3
1784562202,btc,1784793600000,72000.0,put,47.71,0.10509883,,,65225.92,0.0
1784562202,btc,1785484800000,91000.0,put,52.42,0.39486095,,,65322.24,0.2
1784562202,btc,1787904000000,70000.0,call,32.87,0.01747957,0.0175,0.019,65513.48,969.7
1784562202,btc,1806048000000,108000.0,put,40.41,0.62760673,,,67084.48,0.0
1784562202,btc,1784707200000,62000.0,call,40.12,0.04871954,0.0005,,65225.92,0.0
1784562202,btc,1806048000000,180000.0,call,48.38,0.0013865,0.0011,0.0025,67084.48,641.8
1784562202,btc,1806048000000,84000.0,put,39.92,0.30815633,,,67084.48,5.8
1784562202,btc,1787904000000,76000.0,put,34.04,0.16741846,,,65503.3,5.4
1784562202,btc,1785484800000,78000.0,call,45.85,0.00033457,0.0002,0.0004,65322.24,1080.6
1784562202,btc,1786089600000,65000.0,call,34.32,0.03184837,0.0325,0.034,65363.64,58.1
1784562202,btc,1785484800000,70000.0,call,35.24,0.00373616,0.0036,0.004,65322.24,27298.5
1784562202,btc,1786089600000,61000.0,call,37.91,0.07445555,0.0725,0.0815,65363.64,25.0
1784562202,btc,1786089600000,69000.0,call,33.14,0.00968613,0.0095,0.0105,65373.82,100.0
1784562202,btc,1784707200000,68000.0,call,36.32,0.00047196,0.0002,0.0004,65225.92,50.0
1784562202,btc,1790323200000,120000.0,call,52.78,0.0003565,0.0002,0.0008,65736.89,1157.7
1784562202,btc,1784880000000,63500.0,put,35.89,0.00461675,0.0043,0.0055,65259.51,31.7
1784562202,btc,1784793600000,57000.0,call,53.56,0.12523331,,,65225.92,0.0
1784562202,btc,1790323200000,170000.0,put,68.29,1.58646161,,,65736.89,0.0
1784562202,btc,1787904000000,72000.0,put,32.9,0.1118603,0.104,0.1155,65513.04,86.1
1784562202,btc,1806048000000,88000.0,call,39.82,0.04261605,0.042,0.0445,67084.48,58.4
1784562202,btc,1806048000000,74000.0,put,40.75,0.19943622,0.1895,0.2065,67084.48,54.6
1784562202,btc,1806048000000,170000.0,call,46.84,0.00159844,0.001,0.0022,67084.48,248.2
1784562202,btc,1786089600000,70000.0,put,33.3,0.07994147,,,65363.64,0.0
1784562202,btc,1787904000000,73000.0,put,33.07,0.12489925,,,65513.04,4.7
1784562202,btc,1784793600000,66000.0,put,32.45,0.01799929,0.0175,0.019,65225.92,0.5
1784562202,btc,1806048000000,74000.0,call,40.75,0.09429046,0.094,0.097,67084.48,49.8
1784562202,btc,1798185600000,64000.0,put,41.03,0.08844138,0.0875,0.09,66380.78,228.4
1784562202,btc,1787904000000,84000.0,call,38.9,0.0012814,0.001,0.0014,65513.48,58.8
1784562202,btc,1806048000000,54000.0,call,45.81,0.25307452,,,67074.3,0.0
1784562202,btc,1784793600000,64000.0,call,34.53,0.02267283,,0.032,65225.92,12.7
1784562202,btc,1786089600000,53000.0,put,49.94,0.00110218,0.0009,0.0014,65373.82,6.0
1784562202,btc,1790323200000,115000.0,call,50.12,0.00039794,0.0003,0.0008,65736.89,2249.3
1784562202,btc,1784793600000,68000.0,call,33.94,0.00102163,0.0008,0.0011,65225.92,55.4
1784562202,btc,1787904000000,60000.0,call,37.77,0.09963369,0.0965,0.1055,65513.04,368.5
1784562202,btc,1813910400000,84000.0,put,41.33,0.3211703,0.3095,0.3315,67860.17,0.0
1784562202,btc,1806048000000,120000.0,put,41.24,0.80056008,,,67074.3,1.0
1784562202,btc,1784707200000,65000.0,put,32.18,0.00758707,0.0065,0.008,65225.92,0.2
1784562202,btc,1785484800000,52000.0,put,57.31,0.00030734,0.0003,0.0004,65322.24,2222.3
1784562202,btc,1806048000000,104000.0,put,40.09,0.57097971,,,67084.48,0.0
1784562202,btc,1787904000000,57000.0,put,40.78,0.00957077,0.0095,0.01,65512.01,619.5
1784562202,btc,1806048000000,94000.0,put,39.84,0.43445475,,,67084.48,9.0
1784562202,btc,1798185600000,100000.0,put,39.59,0.51617281,0.5035,0.525,66380.94,303.1
1784562202,btc,1798185600000,75000.0,put,38.82,0.18617208,0.1775,0.1925,66380.94,888.9
1784562202,btc,1787904000000,70000.0,put,32.87,0.08833485,0.0805,0.0915,65513.48,105.7
1784562202,btc,1787904000000,60000.0,put,37.77,0.01689985,0.0155,0.017,65503.3,1317.1
1784562202,btc,1784880000000,60000.0,put,45.04,0.00053693,0.0006,0.0007,65259.51,1361.9
1784562202,btc,1790323200000,130000.0,call,58.03,0.00031198,0.0002,0.0006,65736.89,1432.3
1784562202,btc,1806048000000,76000.0,call,40.52,0.0841037,0.084,0.085,67084.48,359.5
1784562202,btc,1785484800000,95000.0,put,56.37,0.45617209,,,65323.27,0.5
1784562202,btc,1784620800000,59000.0,put,59.76,2.9e-07,,0.0001,65224.89,41.5
1784562202,btc,1790323200000,92000.0,call,39.07,0.00161341,0.0013,0.002,65736.89,484.9
1784562202,btc,1790323200000,125000.0,call,55.84,0.00035437,0.0002,0.0007,65736.89,2300.7
1784562202,btc,1785484800000,91000.0,call,52.42,2.61e-06,,0.0001,65322.24,283.4
1784562202,btc,1798185600000,120000.0,put,42.97,0.81254534,0.7975,0.8245,66380.94,35.5
1784562202,btc,1787904000000,56000.0,call,41.92,0.15207247,0.149,0.158,65513.04,59.4
1784562202,btc,1784793600000,70000.0,put,39.06,0.07450153,,,65225.92,0.0
1784562202,btc,1813910400000,70000.0,put,42.73,0.18287429,0.1805,0.184,67857.04,9.1
1784562202,btc,1798185600000,220000.0,put,57.85,2.31869043,,,66380.94,0.0
1784562202,btc,1784707200000,63500.0,call,35.0,0.02700612,0.0001,,65225.92,12.7
1784562202,btc,1806048000000,65000.0,call,42.36,0.15211228,0.1515,0.1555,67084.48,211.6
1784562202,btc,1806048000000,130000.0,call,42.31,0.00531161,0.0044,0.0055,67084.48,1055.4
1784562202,btc,1790323200000,175000.0,call,69.15,5.778e-05,,0.0002,65736.89,1355.9
1784562202,btc,1787904000000,74000.0,put,33.32,0.13839562,,,65513.04,3.3
1784562202,btc,1784620800000,61000.0,put,52.87,1.068e-05,,0.0002,65224.89,93.2
1784562202,btc,1787904000000,50000.0,call,50.44,0.23883797,0.236,0.2445,65513.04,51.0
1784562202,btc,1806048000000,84000.0,call,39.92,0.05353879,0.053,0.0555,67084.48,130.5
1784562202,btc,1813910400000,160000.0,call,43.7,0.00488269,0.004,0.0049,67857.04,491.7
1784562202,btc,1790323200000,86000.0,put,36.39,0.31143772,,,65737.92,11.6
1784562202,btc,1790323200000,68000.0,call,34.86,0.04469517,0.044,0.046,65736.89,780.6
1784562202,btc,1784880000000,75000.0,put,52.14,0.15182576,,,65260.08,0.2
1784562202,btc,1790323200000,280000.0,call,81.51,2.47e-06,,0.0001,65736.89,94.0
1784562202,btc,1798185600000,230000.0,call,59.71,0.00014906,0.0001,0.0003,66380.94,196.3
1784562202,btc,1784793600000,69000.0,call,36.07,0.00043488,0.0003,0.0007,65225.92,34.4
1784562202,btc,1784707200000,65500.0,put,31.68,0.01082648,0.01,0.0115,65225.92,0.0
1784562202,btc,1798185600000,50000.0,put,47.89,0.02744573,0.0265,0.0285,66380.94,1673.3
1784562202,btc,1784620800000,64000.0,put,32.76,0.00059358,0.0004,0.0009,65224.89,90.7
1784562202,btc,1787904000000,65000.0,call,34.43,0.04788074,0.0475,0.0495,65512.01,991.7
1784562202,btc,1785484800000,120000.0,call,77.21,7e-08,,0.0001,65322.24,1062.5
1784562202,btc,1787904000000,68000.0,put,33.2,0.06698258,0.06,0.07,65513.48,98.0
1784562202,btc,1784707200000,60000.0,call,46.64,0.07910317,0.0715,,65225.92,0.0
1784562202,btc,1787904000000,76000.0,call,34.04,0.00477559,0.0045,0.005,65513.48,935.9
1784562202,btc,1785484800000,63000.0,call,36.42,0.04532554,0.0425,0.0515,65322.24,1138.2
1784562202,btc,1798185600000,54000.0,put,45.32,0.03863078,0.038,0.04,66380.78,1815.8
1784562202,btc,1798185600000,92000.0,put,38.72,0.40169115,,,66380.94,4.5
1784562202,btc,1787904000000,40000.0,call,69.05,0.38951796,,,65513.04,11.5
1784562202,btc,1806048000000,78000.0,put,40.28,0.2402195,0.2295,0.248,67084.48,182.3
1784562202,btc,1784793600000,65500.0,call,32.39,0.00916735,0.009,0.01,65225.92,44.3
1784562202,btc,1790323200000,54000.0,call,43.98,0.19141128,,,65737.92,7.2
1784562202,btc,1798185600000,108000.0,call,40.65,0.00451927,0.0039,0.005,66380.94,117.5
1784562202,btc,1798185600000,60000.0,put,42.44,0.06439094,0.0635,0.066,66380.78,6439.9
1784562202,btc,1813910400000,58000.0,call,45.32,0.24258756,,,67860.17,4.7
1784562202,btc,1798185600000,250000.0,put,61.81,2.771181,,,66380.94,10.0
1784562202,btc,1790323200000,85000.0,call,35.81,0.00333732,0.003,0.0032,65736.89,1216.7
1784562202,btc,1806048000000,190000.0,put,49.52,1.83943807,,,67084.48,0.9
1784562202,btc,1798185600000,160000.0,call,51.42,0.00074275,0.0006,0.0008,66380.94,1228.1
1784562202,btc,1798185600000,88000.0,put,38.58,0.34669649,,,66380.94,4.1
1784562202,btc,1784620800000,71000.0,put,44.27,0.08868541,0.0001,,65224.89,0.0
1784562202,btc,1790323200000,96000.0,put,40.7,0.46164274,,,65737.92,1.0
1784562202,btc,1798185600000,96000.0,put,39.05,0.45833505,,,66370.76,11.2
1784562202,btc,1785484800000,87000.0,put,52.22,0.33356344,,,65322.24,8.1
1784562202,btc,1785484800000,67000.0,put,34.1,0.03948335,0.0335,0.043,65322.24,200.6
1784562202,btc,1798185600000,90000.0,call,38.7,0.01661479,0.016,0.0175,66380.78,2925.1
1784562202,btc,1806048000000,66000.0,call,42.17,0.14433209,0.144,0.1475,67084.48,19.1
1784562202,btc,1813910400000,62000.0,put,44.26,0.12268261,0.121,0.124,67857.04,10.9
1784562202,btc,1806048000000,200000.0,put,49.99,1.98853489,,,67084.48,1.0
1784562202,btc,1806048000000,45000.0,call,50.61,0.35866389,,,67084.48,3.2
1784562202,btc,1784880000000,61000.0,put,41.37,0.00088478,0.0008,0.0012,65259.51,405.8
1784562202,btc,1790323200000,30000.0,put,82.5,0.00107211,0.0009,0.0012,65736.89,2287.5
1784562202,btc,1806048000000,160000.0,call,45.78,0.00207236,0.0014,0.0025,67084.48,854.7
1784562202,btc,1790323200000,260000.0,call,78.83,3.28e-06,,0.0001,65736.89,293.8
1784562202,btc,1785484800000,69000.0,put,34.68,0.06327961,0.0565,0.067,65322.24,216.8
1784562202,btc,1784880000000,54000.0,call,64.19,0.17075965,,,65260.08,2.0
1784562202,btc,1798185600000,66000.0,put,40.44,0.1026739,0.102,0.1045,66380.78,237.8
1784562202,btc,1790323200000,82000.0,call,34.95,0.00510005,0.0045,0.0055,65736.89,2426.1
1784562202,btc,1806048000000,92000.0,put,39.82,0.40819445,,,67084.48,0.2
1784562202,btc,1798185600000,190000.0,put,54.9,1.86631925,,,66380.94,0.0
1784562202,btc,1798185600000,35000.0,call,63.65,0.48029535,0.477,0.485,66380.94,77.6
1784562202,btc,1798185600000,160000.0,put,51.42,1.41422725,,,66380.94,0.0
1784562202,btc,1785484800000,86000.0,call,52.18,2.78e-05,,0.0004,65323.27,303.1
1784562202,btc,1798185600000,120000.0,call,42.97,0.00245771,0.0022,0.0026,66380.78,6030.9
1784562202,btc,1806048000000,72000.0,put,41.03,0.18051533,0.1715,0.1875,67074.3,136.7
1784562202,btc,1785484800000,89000.0,put,52.31,0.36420896,,,65322.24,5.9
1784562202,btc,1784880000000,58000.0,put,51.16,0.00018034,0.0001,0.0004,65259.51,778.4
1784562202,btc,1784620800000,64000.0,call,32.76,0.01924337,0.015,0.025,65224.89,29.4
1784562202,btc,1798185600000,150000.0,call,48.98,0.00085689,0.0006,0.0015,66380.94,1635.0
1784562202,btc,1784793600000,60000.0,put,44.95,0.00019558,0.0002,0.0005,65225.92,35.8
1784562202,btc,1806048000000,58000.0,put,44.3,0.07872895,0.077,0.0795,67084.48,108.1
1784562202,btc,1784620800000,60500.0,call,52.95,0.0723203,0.0001,,65224.89,0.0
1784562202,btc,1787904000000,54000.0,put,44.42,0.00562689,0.0055,0.006,65512.01,837.0
1784562202,btc,1787904000000,81000.0,call,36.76,0.00197502,0.0016,0.0022,65512.01,1057.1
1784562202,btc,1785484800000,59000.0,put,41.83,0.00246609,0.0022,0.0028,65322.24,1721.4
1784562202,btc,1787904000000,95000.0,call,47.23,0.00046523,0.0002,0.001,65513.04,7.1
1784562202,btc,1813910400000,100000.0,call,40.89,0.04049497,0.0395,0.0425,67860.17,55.1
1784562202,btc,1790323200000,88000.0,call,37.18,0.0023905,0.002,0.0027,65736.89,658.3
1784562202,btc,1798185600000,66000.0,call,40.44,0.1082601,0.1075,0.11,66380.78,240.7
1784562202,btc,1798185600000,102000.0,call,39.82,0.00678034,0.006,0.007,66380.78,148.3
1784562202,btc,1787904000000,69000.0,call,32.97,0.0219399,0.0215,0.023,65512.01,678.0
1784562202,btc,1806048000000,104000.0,call,40.09,0.01739207,0.0165,0.0185,67084.48,75.2
1784562202,btc,1784707200000,60000.0,put,46.64,3.884e-05,0.0001,0.0003,65225.92,43.8
1784562202,btc,1787904000000,95000.0,put,47.23,0.45245385,,,65513.04,0.0
1784562202,btc,1798185600000,170000.0,call,52.09,0.00048647,0.0003,0.0007,66370.76,2383.9
1784562202,btc,1790323200000,65000.0,call,36.01,0.06670705,0.066,0.068,65736.89,735.9
1784562202,btc,1806048000000,130000.0,put,42.31,0.94729616,,,67084.48,0.2
1784562202,btc,1806048000000,80000.0,put,40.13,0.26205647,0.251,0.27,67084.48,139.4
1784562202,btc,1787904000000,62000.0,call,36.22,0.07609571,0.0735,0.0825,65513.48,926.7
1784562202,btc,1790323200000,300000.0,call,84.97,2.41e-06,,0.0001,65736.89,192.5
1784562202,btc,1806048000000,40000.0,call,54.23,0.42357882,0.42,0.4305,67084.48,68.6
1784562202,btc,1784880000000,62000.0,call,38.97,0.0497878,0.05,0.057,65260.08,129.8
1784562202,btc,1813910400000,64000.0,call,43.81,0.1920252,0.1905,0.195,67857.04,15.4
1784562202,btc,1790323200000,135000.0,call,58.17,0.0001921,0.0001,0.0003,65738.11,275.6
1784562202,btc,1784793600000,70000.0,call,39.06,0.00021947,0.0001,0.0004,65225.92,8.8
1784562202,btc,1790323200000,72000.0,put,34.1,0.12006837,0.1135,0.1255,65737.92,274.9
1784562202,btc,1806048000000,85000.0,put,39.87,0.32007386,,,67084.48,0.8
1784562202,btc,1787904000000,55000.0,call,43.12,0.16605321,0.163,0.172,65513.04,5.8
1784562202,btc,1790323200000,62000.0,put,37.5,0.03776311,0.037,0.039,65736.89,968.7
1784562202,btc,1785484800000,76000.0,call,43.15,0.00056162,0.0003,0.0005,65323.27,2509.0
1784562202,btc,1806048000000,55000.0,call,45.39,0.24245738,0.2375,0.2505,67084.48,28.6
1784562202,btc,1806048000000,62000.0,call,43.08,0.17591814,0.171,0.1845,67084.48,42.2
1784562202,btc,1787904000000,110000.0,call,57.39,0.00019577,0.0001,0.0003,65513.04,103.3
1784562202,btc,1785484800000,48000.0,call,68.03,0.26438016,,,65322.24,2.0
1784562202,btc,1813910400000,150000.0,put,43.21,1.2197736,,,67860.17,0.0
1784562202,btc,1790323200000,120000.0,put,52.78,0.82604466,0.8155,0.837,65736.89,172.3
1784562202,btc,1813910400000,52000.0,call,47.28,0.30132522,0.16,,67857.04,0.6
1784562202,btc,1787904000000,94000.0,call,46.21,0.0004762,0.0003,0.0015,65513.04,16.8
1784562202,btc,1790323200000,50000.0,call,48.75,0.24731954,0.2435,0.2525,65736.89,30.5
1784562202,btc,1787904000000,96000.0,call,47.48,0.00039712,0.0002,,65513.04,14.8
1784562202,btc,1785484800000,75000.0,call,40.77,0.00063607,0.0004,0.0006,65323.27,4138.9
1784562202,btc,1790323200000,96000.0,call,40.7,0.00109221,0.0009,0.0015,65736.89,304.6
1784562202,btc,1806048000000,112000.0,call,40.53,0.01149161,0.0105,0.0125,67084.48,65.1
1784562202,btc,1806048000000,82000.0,call,40.01,0.06000551,0.0595,0.061,67084.48,648.5
1784562202,btc,1785484800000,108000.0,call,66.12,1.2e-07,,0.0001,65322.24,375.1
1784562202,btc,1790323200000,55000.0,call,42.91,0.1779382,0.1735,0.183,65737.92,90.9
1784562202,btc,1785484800000,68000.0,call,34.1,0.0083567,0.008,0.009,65322.24,4474.7
1784562202,btc,1785484800000,100000.0,call,62.96,1.11e-06,,0.0003,65322.24,1802.6
1784562202,btc,1813910400000,88000.0,call,41.11,0.06847117,0.0675,0.0705,67860.17,1.7
1784562202,btc,1798185600000,74000.0,put,38.93,0.17557542,0.1675,0.182,66380.94,102.6
1784562202,btc,1813910400000,45000.0,call,50.44,0.37954442,0.18,,67860.17,0.4
1784562202,btc,1784707200000,66500.0,call,31.82,0.00221024,0.002,0.0022,65225.92,135.1
1784562202,btc,1784880000000,65500.0,call,33.32,0.01155911,0.011,0.0125,65259.51,20.2
1784562202,btc,1790323200000,74000.0,call,33.95,0.01769161,0.017,0.0185,65738.11,664.0
1784562202,btc,1785484800000,64000.0,call,35.39,0.03460496,0.0345,0.0355,65322.24,1109.2
1784562202,btc,1784707200000,64500.0,call,32.96,0.01554913,0.015,0.017,65225.92,17.0
1784562202,btc,1813910400000,54000.0,call,46.54,0.28077928,,,67860.17,0.3
1784562202,btc,1798185600000,84000.0,call,38.57,0.0270008,0.0255,0.0275,66380.78,674.2
1784562202,btc,1787904000000,85000.0,call,39.74,0.00117411,0.0008,0.0014,65512.01,311.1
1784562202,btc,1790323200000,76000.0,put,34.03,0.16931871,0.162,0.175,65737.92,599.6
1784562202,btc,1787904000000,98000.0,call,48.96,0.00034946,0.0001,0.0005,65513.04,80.9
1784562202,btc,1790323200000,54000.0,put,43.98,0.01297096,0.013,0.0135,65736.89,352.7
1784562202,btc,1787904000000,100000.0,call,49.15,0.00024484,0.0001,0.0004,65513.04,143.4
1784562202,btc,1798185600000,76000.0,call,38.76,0.05107716,0.05,0.0525,66380.78,311.1
1784562202,btc,1813910400000,86000.0,put,41.2,0.34367888,0.331,0.354,67857.04,0.0
1784562202,btc,1787904000000,82000.0,call,37.52,0.0017238,0.0014,0.002,65512.01,641.1
1784562202,btc,1786089600000,63000.0,call,35.87,0.0509733,0.0165,,65373.82,22.8
1784562202,btc,1798185600000,104000.0,call,39.87,0.00575765,0.005,0.0065,66380.78,64.4
1784562202,btc,1790323200000,66000.0,call,35.62,0.05876424,0.058,0.06,65736.89,764.4
1784562202,btc,1790323200000,155000.0,put,66.34,1.36108044,,,65738.11,0.1
1784562202,btc,1790323200000,105000.0,call,45.67,0.00066903,0.0004,0.0011,65736.89,1191.4
1784562202,btc,1785484800000,71000.0,call,36.1,0.00251849,0.0023,0.0028,65322.24,1917.1
1784562202,btc,1798185600000,88000.0,call,38.58,0.0194438,0.0185,0.0195,66380.78,2377.7
1784562202,btc,1813910400000,56000.0,put,45.91,0.08749537,0.0855,0.0885,67857.04,40.4
1784562202,btc,1806048000000,105000.0,put,40.17,0.58507419,,,67084.48,0.0
1784562202,btc,1787904000000,80000.0,put,36.16,0.22505683,,,65513.04,12.7
1784562202,btc,1784793600000,71000.0,put,42.12,0.08975808,,,65225.92,0.0
1784562202,btc,1785484800000,54000.0,call,51.84,0.17275842,,,65323.27,1.6
1784562202,btc,1813910400000,105000.0,put,40.92,0.58189601,,,67857.04,0.0
1784562202,btc,1787904000000,52000.0,put,47.34,0.00410348,0.004,0.0045,65512.01,1023.7
1784562202,btc,1790323200000,82000.0,put,34.95,0.25265363,0.2445,0.259,65736.89,194.7
1784562202,btc,1806048000000,112000.0,put,40.53,0.68458599,,,67084.48,0.0
1784562202,btc,1785484800000,82000.0,call,50.31,0.00011748,,0.0002,65322.24,2928.7
1784562202,btc,1798185600000,58000.0,call,43.3,0.180021,0.1755,0.1865,66380.94,41.8
1784562202,btc,1785484800000,65000.0,put,34.77,0.02188573,0.0205,0.0215,65322.24,465.1
1784562202,btc,1784707200000,66000.0,put,31.4,0.01660206,0.0001,,65225.92,0.0
1784562202,btc,1787904000000,65000.0,put,34.43,0.04134664,0.04,0.0415,65512.01,441.0
1784562202,btc,1784707200000,68000.0,put,36.37,0.04415509,0.0001,,65225.92,0.0
1784562202,btc,1784793600000,67000.0,call,32.64,0.00256645,0.0023,0.0026,65225.92,103.0
1784562202,btc,1790323200000,66000.0,put,35.62,0.06289273,0.062,0.064,65736.89,232.1
1784562202,btc,1784707200000,58000.0,call,54.21,0.1097647,0.0001,,65225.92,0.0
1784562202,btc,1813910400000,90000.0,call,41.04,0.06271933,0.0615,0.0625,67857.04,64.7
1784562202,btc,1784793600000,72000.0,call,47.71,0.00010254,,0.0001,65225.92,0.2
1784562202,btc,1798185600000,85000.0,call,38.57,0.02489573,0.0235,0.0255,66380.78,2039.7
1784562202,btc,1798185600000,98000.0,put,39.22,0.48705319,,,66380.94,1.1
1784562202,btc,1806048000000,78000.0,call,40.28,0.07528179,0.075,0.0755,67084.48,359.3
1784562202,btc,1787904000000,90000.0,put,43.7,0.37629129,,,65513.04,0.5
1784562202,btc,1787904000000,85000.0,put,39.74,0.30032182,,,65513.04,0.4
1784562202,btc,1790323200000,200000.0,put,72.81,2.04283677,,,65736.89,0.1
1784562202,btc,1787904000000,68000.0,call,33.2,0.02672316,0.027,0.0285,65513.48,674.6
1784562202,btc,1787904000000,52000.0,call,47.34,0.20933076,0.2065,0.215,65513.04,51.0
1784562202,btc,1798185600000,78000.0,call,38.67,0.04368533,0.0425,0.0445,66380.78,345.1
1784562202,btc,1790323200000,85000.0,put,35.81,0.2965331,0.2895,0.304,65736.89,454.5
1784562202,btc,1784880000000,59000.0,put,47.66,0.00029011,0.0002,0.0005,65259.51,405.6
1784562202,btc,1787904000000,54000.0,call,44.42,0.18028599,0.1775,0.1865,65513.04,8.0
1784562202,btc,1785484800000,106000.0,call,64.33,1.5e-07,,0.0001,65322.24,44.6
1784562202,btc,1784620800000,62500.0,call,44.21,0.0417334,0.0375,0.0475,65224.89,26.0
1784562202,btc,1785484800000,62000.0,put,37.46,0.00757139,0.007,0.0085,65322.24,1228.0
1784562202,btc,1784880000000,57000.0,put,54.25,0.00010755,0.0001,0.0004,65259.51,692.9
1784562202,btc,1784880000000,60000.0,call,45.0,0.0791878,0.077,0.0865,65260.08,148.4
1784562202,btc,1798185600000,95000.0,put,38.91,0.4440009,0.432,0.4525,66380.94,85.9
1784562202,btc,1784880000000,59000.0,call,47.63,0.09426956,0.012,,65260.08,5.3
1784562202,eth,1790323200000,16000.0,put,130.17,7.434571,,,1896.97,30.0
1784562202,eth,1806048000000,4500.0,put,58.62,1.340804,,,1931.68,0.0
1784562202,eth,1790323200000,1600.0,call,53.73,0.184518,0.18,0.1895,1896.97,4270.0
1784562202,eth,1806048000000,3000.0,put,55.73,0.603693,0.5905,0.6185,1931.68,352.0
1784562202,eth,1785484800000,2750.0,put,80.13,0.453632,,,1891.6,2.0
1784562202,eth,1798185600000,5200.0,put,63.06,1.723443,,,1910.59,0.0
1784562202,eth,1798185600000,4800.0,call,61.39,0.002421,0.0019,0.0026,1910.49,2491.0
1784562202,eth,1785484800000,2750.0,call,80.13,0.000159,0.0001,0.0002,1891.48,1137.0
1784562202,eth,1785484800000,3200.0,put,95.48,0.691351,,,1891.48,5.0
1784562202,eth,1813910400000,2000.0,put,57.54,0.234279,0.232,0.2365,1950.47,37.0
1784562202,eth,1786089600000,1850.0,put,47.02,0.030779,0.03,0.0315,1891.33,176.0
1784562202,eth,1798185600000,2700.0,put,53.73,0.449204,0.4375,0.4595,1910.47,431.0
1784562202,eth,1785484800000,2800.0,put,83.49,0.480058,0.4665,,1891.6,2.0
1784562202,eth,1790323200000,7500.0,call,90.95,3.8e-05,,0.0002,1896.97,1322.0
1784562202,eth,1790323200000,6800.0,put,89.25,2.584758,,,1896.85,0.0
1784562202,eth,1785484800000,2200.0,call,53.53,0.002049,0.0018,0.0021,1891.48,9117.0
1784562202,eth,1785484800000,2450.0,put,67.11,0.295462,,,1891.6,249.0
1784562202,eth,1785484800000,3000.0,put,93.03,0.585716,,,1891.48,5.0
1784562202,eth,1784793600000,1775.0,call,53.1,0.063043,,,1890.98,0.0
1784562202,eth,1798185600000,7000.0,call,69.85,0.000595,0.0003,0.0008,1910.49,2825.0
1784562202,eth,1784880000000,1875.0,call,45.02,0.022553,0.0215,0.023,1891.09,9984.0
1784562202,eth,1785484800000,1550.0,call,66.67,0.182443,0.1785,0.187,1891.6,1759.0
1784562202,eth,1787904000000,2250.0,call,48.08,0.011598,0.011,0.012,1892.98,1284.0
1784562202,eth,1798185600000,1800.0,put,54.48,0.11093,0.11,0.1125,1910.49,4591.0
1784562202,eth,1813910400000,1400.0,put,60.32,0.08536,0.085,0.087,1950.47,1462.0
1784562202,eth,1813910400000,1600.0,call,58.98,0.305577,0.302,0.31,1950.47,387.0
1784562202,eth,1798185600000,5000.0,call,62.24,0.002044,0.0015,0.0022,1910.49,4257.0
1784562202,eth,1806048000000,2900.0,put,55.67,0.558245,0.5455,0.5725,1931.8,260.0
1784562202,eth,1813910400000,4500.0,call,58.46,0.02539,0.024,0.026,1950.47,764.0
1784562202,eth,1784793600000,1875.0,put,44.89,0.011391,0.011,0.012,1890.98,50.0
1784562202,eth,1790323200000,4500.0,call,72.25,0.000362,0.0003,0.0006,1896.97,8535.0
1784562202,eth,1787904000000,1100.0,put,78.52,0.001172,0.0011,0.0014,1892.98,1478.0
1784562202,eth,1785484800000,2100.0,call,49.03,0.004527,0.0042,0.0046,1891.48,4245.0
1784562202,eth,1784880000000,1800.0,put,49.38,0.004052,0.0039,0.0044,1891.09,1711.0
1784562202,eth,1806048000000,4400.0,put,58.39,1.290068,,,1931.68,0.0
1784562202,eth,1784880000000,1950.0,put,44.73,0.037818,0.033,0.042,1891.09,1014.0
1784562202,eth,1785484800000,2900.0,put,88.91,0.532892,0.519,,1891.6,3.0
1784562202,eth,1790323200000,7000.0,call,90.94,7.5e-05,,0.0001,1896.97,2032.0
1784562202,eth,1790323200000,11000.0,put,110.93,4.79878,,,1896.97,0.0
1784562202,eth,1790323200000,3300.0,put,59.02,0.741265,,,1896.85,3.0
1784562202,eth,1784793600000,1925.0,call,44.22,0.007935,0.0075,0.008,1890.98,40.0
1784562202,eth,1806048000000,1000.0,call,66.94,0.504534,0.499,0.5105,1931.68,270.0
1784562202,eth,1784620800000,2000.0,call,62.82,0.000197,0.0001,0.0002,1891.1,1051.0
1784562202,eth,1813910400000,1500.0,call,59.57,0.335362,0.3315,0.3395,1950.47,50.0
1784562202,eth,1790323200000,8000.0,call,94.35,3.6e-05,,0.0002,1896.97,1092.0
1784562202,eth,1798185600000,6500.0,put,67.91,2.402867,,,1910.47,0.0
1784562202,eth,1790323200000,4200.0,put,69.44,1.214567,,,1896.85,551.0
1784562202,eth,1806048000000,3600.0,call,56.67,0.026718,0.025,0.0275,1931.68,1749.0
1784562202,eth,1784793600000,1700.0,put,62.99,0.000465,0.0004,0.0006,1890.98,170.0
1784562202,eth,1806048000000,3400.0,put,56.29,0.792551,,,1931.68,8.0
1784562202,eth,1784793600000,2025.0,call,49.9,0.001027,0.0008,0.001,1890.98,0.0
1784562202,eth,1784880000000,1800.0,call,49.38,0.052265,0.0515,0.057,1891.09,1719.0
1784562202,eth,1785484800000,3400.0,put,95.48,0.79703,,,1891.6,4.0
1784562202,eth,1798185600000,2600.0,call,53.54,0.042707,0.041,0.0435,1910.49,1937.0
1784562202,eth,1785484800000,1950.0,put,45.7,0.049307,0.045,0.0535,1891.6,983.0
1784562202,eth,1813910400000,2400.0,call,56.83,0.142201,0.1405,0.1445,1950.47,602.0
1784562202,eth,1813910400000,2500.0,put,56.79,0.41116,,,1950.47,5.0
1784562202,eth,1785484800000,2300.0,call,58.96,0.001117,0.0009,0.0012,1891.48,24753.0
1784562202,eth,1787904000000,1750.0,put,49.5,0.031202,0.031,0.032,1892.84,2559.0
1784562202,eth,1784880000000,1500.0,put,89.65,0.000127,0.0001,0.0003,1891.09,1859.0
1784562202,eth,1798185600000,4200.0,call,58.8,0.004325,0.0036,0.0045,1910.49,3555.0
1784562202,eth,1786089600000,2200.0,call,49.36,0.004378,0.004,0.0044,1891.33,609.0
1784562202,eth,1784620800000,1600.0,put,95.87,0.0,,0.0001,1891.1,3351.0
1784562202,eth,1790323200000,8500.0,call,97.73,3.5e-05,,0.0002,1896.85,1253.0
1784562202,eth,1806048000000,5000.0,put,59.99,1.595989,,,1931.68,0.0
1784562202,eth,1790323200000,4500.0,put,72.25,1.372578,,,1896.97,6.0
1784562202,eth,1784707200000,1900.0,call,44.24,0.009774,0.009,0.01,1890.98,456.0
1784562202,eth,1787904000000,1400.0,put,62.22,0.005209,0.005,0.0055,1892.84,6362.0
1784562202,eth,1806048000000,800.0,call,72.78,0.597744,,,1931.8,0.0
1784562202,eth,1806048000000,4400.0,call,58.39,0.012777,0.011,0.0135,1931.76,1079.0
1784562202,eth,1784880000000,1925.0,call,44.45,0.010417,0.0095,0.011,1891.21,0.0
1784562202,eth,1798185600000,3000.0,put,54.37,0.592031,0.5785,0.6035,1910.59,674.0
1784562202,eth,1790323200000,2500.0,put,50.25,0.329433,0.321,0.3365,1896.97,3163.0
1784562202,eth,1790323200000,13000.0,call,119.8,2.6e-05,,0.0003,1896.97,1873.0
1784562202,eth,1790323200000,7200.0,put,90.95,2.795604,,,1896.97,0.0
1784562202,eth,1813910400000,1900.0,put,57.81,0.204037,0.202,0.2065,1950.47,21.0
1784562202,eth,1784707200000,1925.0,put,44.86,0.023263,0.0001,,1890.98,36.0
1784562202,eth,1785484800000,2650.0,call,77.41,0.000273,0.0002,0.0003,1891.48,2544.0
1784562202,eth,1798185600000,4500.0,call,60.11,0.003192,0.0025,0.0033,1910.49,1648.0
1784562202,eth,1786089600000,1800.0,call,48.18,0.069864,,,1891.33,100.0
1784562202,eth,1786089600000,1750.0,put,49.72,0.014763,0.0145,0.0155,1891.33,261.0
1784562202,eth,1813910400000,1400.0,call,60.32,0.367632,0.364,0.372,1950.47,50.0
1784562202,eth,1806048000000,2300.0,call,55.61,0.117478,0.116,0.1185,1931.68,2273.0
1784562202,eth,1785484800000,1300.0,call,91.59,0.313261,0.305,,1891.6,50.0
1784562202,eth,1784793600000,1600.0,call,77.31,0.154054,,,1890.98,0.0
1784562202,eth,1787904000000,1850.0,call,47.85,0.073391,0.072,0.074,1892.84,3601.0
1784562202,eth,1790323200000,6400.0,call,86.16,8.4e-05,,0.0002,1896.97,1923.0
1784562202,eth,1806048000000,6000.0,call,62.37,0.004306,0.0033,0.0046,1931.76,3555.0
1784562202,eth,1798185600000,3500.0,put,56.03,0.842226,,,1910.47,52.0
1784562202,eth,1785484800000,1450.0,put,76.72,0.000904,0.0008,0.0011,1891.48,5878.0
1784562202,eth,1784880000000,1700.0,call,59.19,0.101908,0.0985,0.107,1891.21,313.0
1784562202,eth,1785484800000,1500.0,put,71.61,0.001218,0.0012,0.0014,1891.48,13077.0
1784562202,eth,1787904000000,1200.0,call,72.72,0.368017,,,1892.86,51.0
1784562202,eth,1806048000000,3500.0,put,56.38,0.840885,,,1931.68,5.0
1784562202,eth,1790323200000,3500.0,put,61.5,0.846245,0.8335,0.857,1896.97,1141.0
1784562202,eth,1798185600000,5200.0,call,63.06,0.001742,0.0012,0.0019,1910.49,8599.0
1784562202,eth,1790323200000,6500.0,call,86.6,7.7e-05,,0.0002,1896.97,1337.0
1784562202,eth,1785484800000,2550.0,call,71.75,0.000351,0.0003,0.0004,1891.48,1748.0
1784562202,eth,1790323200000,8000.0,put,94.35,3.21731,,,1896.97,0.0
1784562202,eth,1784707200000,2100.0,put,68.69,0.110711,0.103,,1890.98,0.0
1784562202,eth,1784620800000,1825.0,call,52.78,0.035494,0.0005,0.05,1891.1,72.0
1784562202,eth,1790323200000,6800.0,call,89.25,7.6e-05,,0.0002,1896.85,1462.0
1784562202,eth,1806048000000,900.0,call,69.74,0.550593,,,1931.68,68.0
1784562202,eth,1798185600000,4600.0,put,60.51,1.410548,,,1910.47,0.0
1784562202,eth,1787904000000,2500.0,call,51.99,0.004068,0.0036,0.0042,1892.98,1217.0
1784562202,eth,1790323200000,3600.0,call,62.35,0.000979,0.0007,0.0012,1896.97,2715.0
1784562202,eth,1790323200000,4600.0,put,73.46,1.425275,,,1896.85,38.0
1784562202,eth,1784707200000,1850.0,put,46.89,0.004571,0.0045,0.005,1890.98,135.0
1784562202,eth,1806048000000,900.0,put,69.74,0.016403,0.0155,0.0175,1931.8,766.0
1784562202,eth,1813910400000,2600.0,put,56.8,0.451022,,,1950.47,0.0
1784562202,eth,1790323200000,15000.0,put,127.3,6.907414,,,1896.97,0.0
1784562202,eth,1786089600000,2400.0,put,55.81,0.270228,,,1891.33,0.0
1784562202,eth,1790323200000,12000.0,put,115.57,5.325938,,,1896.97,0.0
1784562202,eth,1784620800000,1750.0,put,76.91,0.000104,0.0001,0.0002,1891.1,873.0
1784562202,eth,1785484800000,2150.0,call,51.17,0.002989,0.0027,0.0031,1891.48,9034.0
1784562202,eth,1798185600000,3000.0,call,54.37,0.021819,0.0205,0.0225,1910.59,4974.0
1784562202,eth,1798185600000,4200.0,put,58.8,1.202622,,,1910.47,62.0
1784562202,eth,1784620800000,1775.0,put,68.61,0.000165,0.0001,0.0003,1891.1,1430.0
1784562202,eth,1806048000000,2100.0,call,55.89,0.149944,0.1485,0.152,1931.8,482.0
1784562202,eth,1806048000000,1300.0,call,60.89,0.376818,,,1931.68,50.0
1784562202,eth,1785484800000,3200.0,call,95.48,3.7e-05,,0.0001,1891.48,4985.0
1784562202,eth,1798185600000,2200.0,put,53.43,0.237475,0.228,0.2455,1910.59,9278.0
1784562202,eth,1785484800000,2350.0,call,61.97,0.000887,0.0007,0.0009,1891.48,7044.0
1784562202,eth,1786089600000,1800.0,put,48.18,0.0215,0.021,0.0225,1891.33,371.0
1784562202,eth,1790323200000,1500.0,call,56.28,0.227821,0.2235,0.233,1896.97,976.0
1784562202,eth,1785484800000,2500.0,put,69.44,0.321775,0.315,0.3275,1891.48,463.0
1784562202,eth,1787904000000,3000.0,put,61.79,0.585756,,,1892.86,0.0
1784562202,eth,1785484800000,3000.0,call,93.03,0.000109,,0.0001,1891.48,3407.0
1784562202,eth,1784620800000,1875.0,call,44.42,0.012593,0.0115,0.0135,1891.1,4568.0
1784562202,eth,1784707200000,1775.0,put,56.08,0.000733,0.0007,0.0009,1890.98,250.0
1784562202,eth,1798185600000,2100.0,call,53.55,0.102234,0.101,0.1035,1910.59,1044.0
1784562202,eth,1784620800000,1650.0,put,95.85,5e-06,,0.0001,1891.1,426.0
1784562202,eth,1784880000000,1850.0,put,45.88,0.009323,0.009,0.01,1891.09,756.0
1784562202,eth,1786089600000,1600.0,call,57.51,0.159147,,,1891.33,0.0
1784562202,eth,1785484800000,2900.0,call,88.91,0.000139,,0.0002,1891.48,13238.0
1784562202,eth,1784620800000,1800.0,call,60.0,0.04842,0.0005,,1891.1,80.0
1784562202,eth,1786089600000,1700.0,call,51.93,0.111443,,,1891.33,50.0
1784562202,eth,1806048000000,4800.0,call,59.27,0.009232,0.008,0.01,1931.68,2851.0
1784562202,eth,1790323200000,3100.0,call,56.75,0.002449,0.002,0.0026,1896.97,2193.0
1784562202,eth,1785484800000,1850.0,call,46.79,0.043905,0.043,0.0445,1891.6,8906.0
1784562202,eth,1790323200000,1600.0,put,53.73,0.027973,0.0275,0.029,1896.97,6198.0
1784562202,eth,1798185600000,3300.0,call,55.4,0.013833,0.0125,0.014,1910.49,1987.0
1784562202,eth,1786089600000,1950.0,call,45.84,0.027229,0.0265,0.028,1891.33,285.0
1784562202,eth,1784707200000,1875.0,call,45.17,0.016874,0.016,0.0175,1890.98,424.0
1784562202,eth,1787904000000,3400.0,put,68.31,0.7965,,,1892.86,0.0
1784562202,eth,1787904000000,2400.0,call,49.98,0.005882,0.0055,0.0065,1892.98,11606.0
1784562202,eth,1785484800000,1600.0,call,62.04,0.156719,0.153,0.161,1891.48,3424.0
1784562202,eth,1787904000000,2400.0,put,49.98,0.273724,0.262,,1892.98,2.0
1784562202,eth,1798185600000,1200.0,call,63.21,0.393351,0.3885,0.3995,1910.47,341.0
1784562202,eth,1798185600000,3500.0,call,56.03,0.010312,0.009,0.0105,1910.47,24521.0
1784562202,eth,1806048000000,2500.0,put,55.61,0.386366,0.374,0.398,1931.68,560.0
1784562202,eth,1798185600000,1200.0,put,63.21,0.021436,0.021,0.0225,1910.49,5466.0
1784562202,eth,1790323200000,4400.0,call,72.25,0.000456,0.0003,0.0005,1896.97,4346.0
1784562202,eth,1784707200000,1775.0,call,56.08,0.062094,0.0515,,1890.98,24.0
1784562202,eth,1784620800000,1950.0,call,50.36,0.000785,0.0006,0.0008,1891.1,2762.0
1784562202,eth,1806048000000,1300.0,put,60.89,0.049654,0.0485,0.0515,1931.76,1432.0
1784562202,eth,1813910400000,4500.0,put,58.46,1.332372,,,1950.59,1.0
1784562202,eth,1798185600000,2700.0,call,53.73,0.036013,0.0345,0.037,1910.47,2404.0
1784562202,eth,1787904000000,1600.0,put,53.57,0.014257,0.014,0.015,1892.84,1691.0
1784562202,eth,1813910400000,1800.0,call,58.14,0.253065,0.249,0.257,1950.47,1251.0
1784562202,eth,1790323200000,2000.0,call,49.08,0.061344,0.0605,0.0615,1896.85,7959.0
1784562202,eth,1784880000000,2100.0,put,54.48,0.111031,,,1891.21,10.0
1784562202,eth,1798185600000,4500.0,put,60.11,1.35851,,,1910.47,3.0
1784562202,eth,1798185600000,2900.0,put,54.19,0.543681,,,1910.47,174.0
1784562202,eth,1813910400000,2000.0,call,57.54,0.208953,0.2065,0.2115,1950.47,1775.0
1784562202,eth,1798185600000,4800.0,put,61.39,1.51476,,,1910.47,77.0
1784562202,eth,1785484800000,2000.0,call,46.16,0.011537,0.011,0.012,1891.48,19637.0
1784562202,eth,1784620800000,2100.0,put,74.72,0.110501,0.1015,,1891.1,0.0
1784562202,eth,1813910400000,3000.0,call,56.87,0.082206,0.08,0.084,1950.47,469.0
1784562202,eth,1798185600000,5000.0,put,62.24,1.619064,,,1910.47,2.0
1784562202,eth,1806048000000,3800.0,put,56.97,0.98853,,,1931.68,2.0
1784562202,eth,1798185600000,2300.0,put,53.43,0.276166,0.2665,0.2845,1910.47,5194.0
1784562202,eth,1790323200000,6000.0,put,84.58,2.16308,,,1896.97,0.0
1784562202,eth,1798185600000,2100.0,put,53.55,0.201382,0.193,0.209,1910.47,1927.0
1784562202,eth,1806048000000,2200.0,call,55.71,0.132668,0.1315,0.134,1931.68,3014.0
1784562202,eth,1784620800000,1675.0,call,93.88,0.114262,0.0001,,1891.1,0.0
1784562202,eth,1798185600000,3100.0,call,54.72,0.018691,0.0175,0.019,1910.49,1978.0
1784562202,eth,1787904000000,1950.0,call,46.76,0.047683,0.047,0.048,1892.84,3722.0
1784562202,eth,1806048000000,1600.0,call,57.74,0.271118,0.263,0.2785,1931.68,943.0
1784562202,eth,1798185600000,3200.0,call,54.96,0.015929,0.0145,0.0165,1910.49,67201.0
1784562202,eth,1798185600000,4400.0,call,59.65,0.00351,0.0028,0.0037,1910.49,1714.0
1784562202,eth,1806048000000,4000.0,call,57.45,0.018097,0.0165,0.018,1931.68,1825.0
1784562202,eth,1790323200000,7400.0,put,90.95,2.901022,,,1896.97,0.0
1784562202,eth,1784793600000,1750.0,call,56.13,0.075665,0.065,,1890.98,0.0
1784562202,eth,1784620800000,1925.0,call,45.93,0.002015,0.0017,0.0021,1891.1,1257.0
1784562202,eth,1784620800000,1675.0,put,93.88,1.5e-05,,0.0001,1891.1,1333.0
1784562202,eth,1787904000000,1300.0,call,67.16,0.316403,0.308,,1892.98,51.0
1784562202,eth,1790323200000,2800.0,put,53.14,0.480897,0.4715,0.489,1896.97,1287.0
1784562202,eth,1787904000000,1500.0,call,57.55,0.216148,0.2125,0.221,1892.98,473.0
1784562202,eth,1790323200000,6200.0,call,85.22,9.9e-05,,0.0002,1896.85,2026.0
1784562202,eth,1784880000000,1775.0,call,51.27,0.064052,0.0605,0.069,1891.21,461.0
1784562202,eth,1785484800000,2050.0,call,47.42,0.007181,0.0065,0.0075,1891.6,10012.0
1784562202,eth,1784793600000,2100.0,put,57.67,0.110771,0.1035,,1890.98,0.0
1784562202,eth,1787904000000,2800.0,put,57.98,0.480738,,,1892.86,0.0
1784562202,eth,1806048000000,4600.0,call,58.77,0.010763,0.0095,0.0115,1931.68,937.0
1784562202,eth,1790323200000,1700.0,put,51.83,0.041678,0.0415,0.0425,1896.85,3710.0
1784562202,eth,1806048000000,2000.0,call,56.08,0.169189,0.168,0.171,1931.68,1201.0
1784562202,eth,1790323200000,5600.0,put,81.58,1.952247,,,1896.97,0.0
1784562202,eth,1790323200000,5500.0,call,81.58,0.000186,0.0001,0.0002,1896.85,1487.0
1784562202,eth,1813910400000,3500.0,call,57.23,0.053669,0.052,0.0555,1950.47,840.0
1784562202,eth,1784880000000,1825.0,call,47.31,0.041113,0.0375,0.046,1891.09,4725.0
1784562202,eth,1813910400000,3600.0,put,57.33,0.895072,,,1950.47,0.0
1784562202,eth,1790323200000,1700.0,call,51.83,0.145507,0.141,0.1505,1896.97,2630.0
1784562202,eth,1806048000000,1400.0,put,59.58,0.063419,0.062,0.065,1931.76,1476.0
1784562202,eth,1790323200000,7500.0,put,90.95,2.953733,,,1896.97,0.0
1784562202,eth,1806048000000,1800.0,put,56.65,0.14635,0.145,0.148,1931.68,3854.0
1784562202,eth,1790323200000,2200.0,call,49.09,0.031832,0.031,0.0325,1896.97,4767.0
1784562202,eth,1806048000000,3500.0,call,56.38,0.029404,0.028,0.0305,1931.76,4306.0
1784562202,eth,1790323200000,5500.0,put,81.58,1.899561,,,1896.85,1.0
1784562202,eth,1813910400000,1500.0,put,59.57,0.104356,0.1025,0.106,1950.47,415.0
1784562202,eth,1787904000000,2600.0,put,53.95,0.376372,0.3635,,1892.98,3.0
1784562202,eth,1784707200000,1950.0,put,46.36,0.033961,0.0001,,1890.98,0.0
1784562202,eth,1806048000000,3600.0,put,56.67,0.889956,,,1931.68,1.0
1784562202,eth,1790323200000,2900.0,call,54.29,0.003784,0.0033,0.004,1896.85,5003.0
1784562202,eth,1806048000000,1900.0,call,56.35,0.190792,0.1895,0.193,1931.8,1363.0
1784562202,eth,1790323200000,5400.0,put,80.68,1.846855,,,1896.85,4.0
1784562202,eth,1787904000000,3600.0,call,71.25,0.000267,0.0001,0.0006,1892.98,1086.0
1784562202,eth,1790323200000,1900.0,put,49.59,0.085271,0.0845,0.0865,1896.97,4024.0
1784562202,eth,1790323200000,3400.0,put,60.34,0.793742,0.7815,0.804,1896.97,870.0
1784562202,eth,1806048000000,1900.0,put,56.35,0.174168,0.1725,0.1765,1931.68,805.0
1784562202,eth,1787904000000,3800.0,call,72.52,0.000151,0.0001,0.0003,1892.98,362.0
1784562202,eth,1784707200000,1900.0,put,44.24,0.014514,0.014,0.015,1890.98,2.0
1784562202,eth,1790323200000,7400.0,call,90.95,4.4e-05,,0.0002,1896.85,1019.0
1784562202,eth,1790323200000,5200.0,put,79.01,1.74145,,,1896.97,3.0
1784562202,eth,1784793600000,1825.0,put,48.15,0.004353,0.0043,0.0047,1890.98,18.0
1784562202,eth,1790323200000,14000.0,put,123.7,6.380255,,,1896.97,0.0
1784562202,eth,1798185600000,2600.0,put,53.54,0.403557,0.392,0.413,1910.59,1055.0
1784562202,eth,1790323200000,6400.0,put,86.16,2.373903,,,1896.97,0.0
1784562202,eth,1787904000000,2050.0,put,46.76,0.113104,,,1892.98,170.0
1784562202,eth,1790323200000,6600.0,put,87.5,2.479328,,,1896.97,0.0
1784562202,eth,1790323200000,2800.0,call,53.14,0.004852,0.0042,0.0055,1896.97,8024.0
1784562202,eth,1787904000000,1950.0,put,46.76,0.07781,0.073,0.0825,1892.86,1411.0
1784562202,eth,1798185600000,2900.0,call,54.19,0.02581,0.0245,0.0265,1910.49,1615.0
1784562202,eth,1785484800000,4000.0,call,99.78,0.0,,0.0001,1891.48,8690.0
1784562202,eth,1806048000000,2700.0,put,55.62,0.470134,,,1931.68,147.0
1784562202,eth,1785484800000,1750.0,put,50.75,0.008395,0.008,0.009,1891.6,2790.0
1784562202,eth,1786089600000,1600.0,put,57.51,0.005046,0.005,0.0055,1891.33,185.0
1784562202,eth,1784707200000,1850.0,call,46.89,0.026271,0.0001,,1890.98,105.0
1784562202,eth,1790323200000,3500.0,call,61.5,0.001188,0.0009,0.0014,1896.97,15404.0
1784562202,eth,1790323200000,1800.0,call,50.48,0.11172,0.1105,0.113,1896.97,2343.0
1784562202,eth,1785484800000,3800.0,call,96.29,1e-06,,0.0001,1891.48,2692.0
1784562202,eth,1785484800000,1300.0,put,91.59,0.000357,0.0003,0.0005,1891.48,10691.0
1784562202,eth,1806048000000,3400.0,call,56.29,0.032826,0.0315,0.034,1931.68,1869.0
1784562202,eth,1785484800000,2000.0,put,46.16,0.068608,0.0635,0.073,1891.48,3303.0
1784562202,eth,1813910400000,900.0,put,68.15,0.025353,0.024,0.0265,1950.47,588.0
1784562202,eth,1786089600000,1700.0,put,51.93,0.01021,0.01,0.011,1891.33,406.0
1784562202,eth,1784707200000,1975.0,call,48.62,0.001478,0.0012,0.0015,1890.98,11.0
1784562202,eth,1784793600000,1725.0,call,59.43,0.088526,,,1890.98,0.0
1784562202,eth,1784707200000,1725.0,call,64.01,0.088057,0.077,,1890.98,0.0
1784562202,eth,1813910400000,1300.0,call,61.29,0.402402,0.399,0.407,1950.47,108.0
1784562202,eth,1787904000000,1600.0,call,53.56,0.169023,0.165,0.174,1892.98,885.0
1784562202,eth,1798185600000,1500.0,call,57.23,0.266762,0.2615,0.2735,1910.47,753.0
1784562202,eth,1787904000000,1300.0,put,67.18,0.003154,0.0031,0.0036,1892.84,6822.0
1784562202,eth,1787904000000,1450.0,call,59.74,0.240644,,,1892.86,51.0
1784562202,eth,1790323200000,5000.0,put,77.18,1.636048,,,1896.85,2.0
1784562202,eth,1786089600000,1850.0,call,47.02,0.052709,0.0515,0.0535,1891.33,286.0
1784562202,eth,1785484800000,3600.0,call,95.59,2e-06,,0.0001,1891.48,2043.0
1784562202,eth,1798185600000,11000.0,put,81.69,4.757629,,4.772,1910.59,109.0
1784562202,eth,1798185600000,2800.0,call,53.92,0.030406,0.029,0.031,1910.49,5789.0
1784562202,eth,1813910400000,1800.0,put,58.14,0.175858,0.1735,0.178,1950.47,294.0
1784562202,eth,1784707200000,2100.0,call,68.69,0.000208,,0.0002,1890.98,634.0
1784562202,eth,1798185600000,3400.0,put,55.65,0.791433,,,1910.47,89.0
1784562202,eth,1784880000000,1500.0,call,89.65,0.206971,0.1975,,1891.09,18.0
1784562202,eth,1784620800000,1825.0,put,52.78,0.000567,0.0006,0.0008,1891.1,3627.0
1784562202,eth,1798185600000,8000.0,put,72.85,3.187609,,,1910.47,0.0
1784562202,eth,1784620800000,1850.0,put,47.22,0.001441,0.0015,0.0018,1891.1,2228.0
1784562202,eth,1787904000000,1800.0,put,48.57,0.039989,0.0395,0.041,1892.84,2419.0
1784562202,eth,1798185600000,1000.0,put,69.18,0.011232,0.011,0.012,1910.49,19270.0
1784562202,eth,1806048000000,3300.0,put,56.09,0.744427,,,1931.68,1.0
1784562202,eth,1785484800000,1750.0,call,50.75,0.083457,0.0795,0.0875,1891.6,6842.0
1784562202,eth,1785484800000,2200.0,put,53.53,0.164828,0.159,0.17,1891.6,2338.0
1784562202,eth,1790323200000,14000.0,call,123.7,2.6e-05,,0.0003,1896.97,1212.0
1784562202,eth,1787904000000,2000.0,put,46.75,0.094658,0.0895,0.1,1892.86,471.0
1784562202,eth,1787904000000,3600.0,put,71.25,0.90203,,,1892.86,1.0
1784562202,eth,1785484800000,2500.0,call,69.44,0.000436,0.0003,0.0005,1891.48,2522.0
1784562202,eth,1784620800000,1700.0,put,82.14,1.2e-05,,0.0001,1891.1,612.0
1784562202,eth,1784620800000,1700.0,call,82.14,0.10104,0.09,,1891.1,0.0
1784562202,eth,1798185600000,1400.0,call,58.78,0.306218,0.301,0.3125,1910.47,946.0
1784562202,eth,1806048000000,2600.0,put,55.61,0.427656,0.4155,0.44,1931.68,626.0
1784562202,eth,1790323200000,4600.0,call,73.46,0.000343,0.0002,0.0005,1896.85,3384.0
1784562202,eth,1806048000000,2800.0,call,55.63,0.0645,0.063,0.066,1931.68,3057.0
1784562202,eth,1790323200000,10000.0,call,105.8,2.9e-05,,0.0001,1896.97,1561.0
1784562202,eth,1813910400000,2300.0,call,56.92,0.156401,0.1545,0.1585,1950.47,208.0
1784562202,eth,1813910400000,2700.0,call,56.8,0.107736,0.1055,0.1095,1950.47,83.0
1784562202,eth,1784707200000,2000.0,call,51.36,0.000816,0.0006,0.0007,1890.98,543.0
1784562202,eth,1787904000000,1900.0,put,47.13,0.063136,0.0625,0.0645,1892.98,1865.0
1784562202,eth,1784793600000,2025.0,put,49.9,0.071821,,,1890.98,0.0
1784562202,eth,1790323200000,3800.0,put,64.78,1.003962,,,1896.97,954.0
1784562202,eth,1790323200000,16000.0,call,130.17,2.3e-05,,0.0003,1896.97,7426.0
1784562202,eth,1798185600000,3300.0,put,55.4,0.741067,,,1910.59,0.0
1784562202,eth,1798185600000,3400.0,call,55.65,0.011859,0.0105,0.0125,1910.47,12533.0
1784562202,eth,1785484800000,1400.0,put,81.18,0.000636,0.0006,0.0008,1891.48,9451.0
1784562202,eth,1790323200000,3200.0,call,57.93,0.002,0.0016,0.0022,1896.97,7794.0
1784562202,eth,1790323200000,6200.0,put,85.22,2.268487,,,1896.85,0.0
1784562202,eth,1787904000000,1700.0,call,50.61,0.12605,0.1215,0.131,1892.98,1001.0
1784562202,eth,1798185600000,2000.0,call,53.8,0.121394,0.1195,0.123,1910.59,3589.0
1784562202,eth,1790323200000,1000.0,put,77.35,0.002387,0.0022,0.0027,1896.97,8879.0
1784562202,eth,1785484800000,1500.0,call,71.61,0.208414,0.2045,0.2125,1891.48,583.0
1784562202,eth,1784880000000,2200.0,call,63.0,0.00019,0.0001,0.0002,1891.09,1520.0
1784562202,eth,1790323200000,1000.0,call,77.35,0.475227,0.4695,,1896.85,125.0
1784562202,eth,1784707200000,1875.0,put,45.17,0.008395,0.008,0.009,1890.98,113.0
1784562202,eth,1784707200000,1800.0,put,52.42,0.001306,0.0013,0.0016,1890.98,207.0
1784562202,eth,1784880000000,1900.0,call,44.35,0.015566,0.015,0.016,1891.09,6332.0
1784562202,eth,1813910400000,3800.0,put,57.56,0.990403,,,1950.47,0.0
1784562202,eth,1785484800000,1400.0,call,81.18,0.260686,0.252,,1891.48,150.0
1784562202,eth,1784793600000,2100.0,call,57.67,0.000318,0.0002,0.0004,1890.98,103.0
1784562202,eth,1798185600000,1800.0,call,54.48,0.168803,0.1625,0.1755,1910.47,2478.0
1784562202,eth,1784880000000,2400.0,put,70.53,0.269057,,,1891.21,0.0
1784562202,eth,1798185600000,800.0,put,76.7,0.005452,0.005,0.006,1910.47,5585.0
1784562202,eth,1784707200000,1700.0,call,67.61,0.10117,0.09,,1890.98,0.0
1784562202,eth,1786089600000,2400.0,call,55.81,0.001381,0.0012,0.0014,1891.33,19.0
1784562202,eth,1806048000000,4800.0,put,59.27,1.49355,,,1931.68,0.0
1784562202,eth,1790323200000,5200.0,call,79.01,0.000222,0.0001,0.0005,1896.97,1665.0
1784562202,eth,1785484800000,4200.0,put,102.54,1.21985,,,1891.48,0.0
1784562202,eth,1787904000000,3400.0,call,68.31,0.00039,0.0002,0.0007,1892.86,432.0
1784562202,eth,1785484800000,2700.0,put,78.47,0.427246,0.42,0.434,1891.48,630.0
1784562202,eth,1785484800000,2600.0,put,73.88,0.374475,,,1891.6,29.0
1784562202,eth,1813910400000,3000.0,put,56.87,0.620195,,,1950.47,58.0
1784562202,eth,1787904000000,2000.0,call,46.74,0.038109,0.037,0.038,1892.84,4071.0
1784562202,eth,1806048000000,800.0,put,72.78,0.011797,0.011,0.013,1931.68,439.0
1784562202,eth,1798185600000,1500.0,put,57.23,0.051868,0.051,0.053,1910.49,15798.0
1784562202,eth,1798185600000,2000.0,put,53.8,0.168202,0.167,0.1695,1910.59,9817.0
1784562202,eth,1787904000000,2200.0,put,47.51,0.176816,,0.1915,1892.98,170.0
1784562202,eth,1784793600000,2050.0,call,52.07,0.000649,0.0005,0.0007,1890.98,10.0
1784562202,eth,1806048000000,4200.0,call,57.87,0.015081,0.0135,0.016,1931.76,2774.0
1784562202,eth,1798185600000,800.0,call,76.7,0.586729,,,1910.47,171.0
1784562202,eth,1798185600000,5500.0,call,64.2,0.001384,0.0009,0.0016,1910.49,1397.0
1784562202,eth,1806048000000,4500.0,call,58.62,0.011756,0.01,0.0125,1931.8,2428.0
1784562202,eth,1798185600000,4000.0,call,57.97,0.00542,0.0046,0.006,1910.49,16351.0
1784562202,eth,1784880000000,1750.0,put,53.65,0.001737,0.0017,0.002,1891.09,1794.0
1784562202,eth,1784880000000,1650.0,put,65.42,0.000422,0.0004,0.0006,1891.09,4653.0
1784562202,eth,1786089600000,1950.0,put,45.84,0.058168,,,1891.33,2.0
1784562202,eth,1784880000000,1550.0,call,80.8,0.180576,0.171,,1891.21,20.0
1784562202,eth,1790323200000,9000.0,put,100.09,3.744464,,,1896.97,0.0
1784562202,eth,1790323200000,1200.0,call,67.31,0.372789,,,1896.85,138.0
1784562202,eth,1784880000000,2000.0,put,46.73,0.060288,0.038,,1891.21,86.0
1784562202,eth,1784707200000,2000.0,put,51.36,0.058438,0.0001,,1890.98,0.0
1784562202,eth,1787904000000,1700.0,put,50.61,0.024109,0.0235,0.025,1892.84,2569.0
1784562202,eth,1784620800000,1725.0,call,76.96,0.087834,0.0001,,1891.1,0.0
1784562202,eth,1790323200000,2300.0,put,49.19,0.234955,0.2275,0.2415,1896.97,1212.0
1784562202,eth,1784880000000,1900.0,put,44.35,0.02023,0.0195,0.021,1891.09,614.0
1784562202,eth,1784620800000,1900.0,call,43.58,0.005388,0.005,0.0055,1891.1,569.0
1784562202,eth,1813910400000,2100.0,put,57.18,0.265903,0.2555,0.277,1950.47,82.0
1784562202,eth,1798185600000,1000.0,call,69.18,0.487828,,,1910.47,54.0
1784562202,eth,1798185600000,2800.0,put,53.92,0.495937,0.4835,0.5065,1910.47,2205.0
1784562202,eth,1790323200000,3000.0,call,55.48,0.003009,0.0026,0.0032,1896.97,13560.0
1784562202,eth,1784880000000,1825.0,put,47.31,0.006118,0.006,0.007,1891.21,5906.0
1784562202,eth,1790323200000,4000.0,put,66.46,1.109188,,,1896.97,140.0
1784562202,eth,1786089600000,2000.0,call,45.9,0.01891,0.018,0.0195,1891.33,303.0
1784562202,eth,1784620800000,1800.0,put,60.0,0.000274,0.0003,0.0005,1891.1,411.0
1784562202,eth,1786089600000,1400.0,call,72.08,0.261357,,,1891.33,0.0
1784562202,eth,1784793600000,1875.0,call,44.89,0.019915,0.019,0.0205,1890.98,5.0
1784562202,eth,1790323200000,6500.0,put,86.6,2.426613,,,1896.85,0.0
1784562202,eth,1798185600000,4400.0,put,59.65,1.306487,,,1910.59,20.0
1784562202,eth,1785484800000,3600.0,put,95.59,0.90273,,,1891.6,17.0
1784562202,eth,1784793600000,1950.0,put,44.71,0.035804,,,1890.98,0.0
1784562202,eth,1785484800000,4000.0,put,99.78,1.114143,,,1891.6,0.0
1784562202,eth,1784880000000,1875.0,put,45.02,0.013998,0.0135,0.0145,1891.21,8909.0
1784562202,eth,1787904000000,2200.0,call,47.51,0.014628,0.014,0.0155,1892.98,4759.0
1784562202,eth,1790323200000,3400.0,call,60.34,0.0014,0.0011,0.0016,1896.97,6667.0
1784562202,eth,1790323200000,4400.0,put,72.25,1.319956,,,1896.85,281.0
1784562202,eth,1790323200000,5800.0,put,83.67,2.057674,,,1896.85,0.0
1784562202,eth,1787904000000,2350.0,put,49.4,0.248824,,,1892.98,100.0
1784562202,eth,1813910400000,1200.0,call,62.49,0.43956,0.436,0.4435,1950.47,50.0
1784562202,eth,1785484800000,1650.0,put,57.7,0.003476,0.0035,0.0038,1891.48,9598.0
1784562202,eth,1798185600000,1300.0,put,60.76,0.029009,0.0285,0.03,1910.59,1304.0
1784562202,eth,1790323200000,2600.0,call,51.02,0.008423,0.0075,0.009,1896.97,7302.0
1784562202,eth,1784707200000,1975.0,put,48.62,0.045879,0.0005,,1890.98,0.0
1784562202,eth,1798185600000,7000.0,put,69.85,2.664423,,,1910.47,0.0
1784562202,eth,1813910400000,4000.0,call,57.81,0.036331,0.035,0.038,1950.47,4275.0
1784562202,eth,1806048000000,1200.0,put,62.52,0.038361,0.037,0.04,1931.68,1005.0
1784562202,eth,1790323200000,7000.0,put,90.94,2.690189,,,1896.97,0.0
1784562202,eth,1790323200000,1900.0,call,49.59,0.083669,0.0825,0.0845,1896.97,1656.0
1784562202,eth,1798185600000,2300.0,call,53.43,0.072337,0.071,0.073,1910.47,3037.0
1784562202,eth,1784707200000,1600.0,put,85.7,3.1e-05,,0.0001,1890.98,712.0
1784562202,eth,1806048000000,1800.0,call,56.65,0.214731,0.2065,0.223,1931.68,3789.0
1784562202,eth,1787904000000,2050.0,call,46.76,0.030146,0.029,0.0305,1892.84,2751.0
1784562202,eth,1785484800000,1550.0,put,66.67,0.001673,0.0016,0.0019,1891.48,5592.0
1784562202,eth,1784620800000,1750.0,call,76.91,0.074692,0.0001,,1891.1,0.0
1784562202,eth,1784793600000,1975.0,put,45.96,0.047103,,,1890.98,5.0
1784562202,eth,1784707200000,1750.0,call,60.15,0.075014,0.0001,,1890.98,0.0
1784562202,eth,1787904000000,1800.0,call,48.56,0.0891,0.085,0.094,1892.98,5682.0
1784562202,eth,1784880000000,1400.0,put,104.67,5.6e-05,,0.0002,1891.09,3672.0
1784562202,eth,1784880000000,2600.0,call,74.83,0.0,,0.0001,1891.09,0.0
1784562202,eth,1784620800000,1875.0,put,44.41,0.004099,0.0041,0.0045,1891.1,601.0
1784562202,eth,1813910400000,1900.0,call,57.81,0.229977,0.2275,0.2325,1950.47,13.0
1784562202,eth,1806048000000,3700.0,call,56.85,0.024163,0.0225,0.025,1931.68,1417.0
1784562202,eth,1806048000000,5000.0,call,59.99,0.008158,0.0065,0.0085,1931.68,1223.0
1784562202,eth,1806048000000,2000.0,put,56.08,0.204322,0.2025,0.207,1931.68,1510.0
1784562202,eth,1784620800000,1950.0,put,50.39,0.03196,0.0095,,1891.1,10.0
1784562202,eth,1790323200000,2100.0,put,49.08,0.151613,0.145,0.1575,1896.85,2754.0
1784562202,eth,1806048000000,1200.0,call,62.52,0.417281,,,1931.68,51.0
1784562202,eth,1785484800000,2450.0,call,67.11,0.00055,0.0004,0.0006,1891.48,3814.0
1784562202,eth,1790323200000,2700.0,put,51.98,0.429627,0.4205,0.4375,1896.97,527.0
1784562202,eth,1784793600000,1950.0,call,44.71,0.004669,0.0043,0.0047,1890.98,30.0
1784562202,eth,1806048000000,2500.0,call,55.61,0.092451,0.091,0.093,1931.68,1687.0
1784562202,eth,1790323200000,2300.0,call,49.19,0.022489,0.0215,0.0235,1896.97,10493.0
1784562202,eth,1790323200000,1400.0,put,59.64,0.012424,0.012,0.013,1896.85,7489.0
1784562202,eth,1806048000000,1500.0,put,58.56,0.079963,0.0785,0.082,1931.68,4099.0
1784562202,eth,1813910400000,2700.0,put,56.8,0.491926,,,1950.47,0.0
1784562202,eth,1813910400000,2900.0,call,56.83,0.089841,0.088,0.092,1950.47,0.0
1784562202,eth,1813910400000,1700.0,put,58.51,0.149685,0.1475,0.1515,1950.47,316.0
1784562202,eth,1806048000000,1500.0,call,58.56,0.303613,0.1055,,1931.68,244.0
1784562202,eth,1790323200000,3800.0,call,64.78,0.000757,0.0005,0.001,1896.85,2006.0
1784562202,eth,1790323200000,3300.0,call,59.02,0.00164,0.0013,0.0018,1896.85,17690.0
1784562202,eth,1786089600000,2200.0,put,49.36,0.167488,,,1891.33,0.0
1784562202,eth,1785484800000,2150.0,put,51.17,0.139341,0.1335,0.1445,1891.48,1097.0
1784562202,eth,1806048000000,3300.0,call,56.09,0.036459,0.035,0.038,1931.76,1921.0
1784562202,eth,1784793600000,1800.0,call,50.36,0.050824,,,1890.98,0.0
1784562202,eth,1784793600000,2050.0,put,52.07,0.084663,0.0775,,1890.98,0.0
1784562202,eth,1790323200000,2200.0,put,49.09,0.191583,0.1845,0.198,1896.97,5534.0
1784562202,eth,1798185600000,1300.0,call,60.76,0.348583,,,1910.47,50.0
1784562202,eth,1790323200000,3200.0,put,57.93,0.68891,0.6775,0.699,1896.97,1334.0
1784562202,eth,1787904000000,2600.0,call,53.95,0.002877,0.0025,0.003,1892.98,1057.0
1784562202,eth,1806048000000,3000.0,call,55.73,0.050994,0.0495,0.0525,1931.76,5217.0
1784562202,eth,1786089600000,2100.0,put,46.96,0.119105,0.1125,,1891.33,0.0
1784562202,eth,1784620800000,1925.0,put,45.94,0.019967,0.0005,,1891.1,0.0
1784562202,eth,1790323200000,1200.0,put,67.31,0.00538,0.005,0.006,1896.97,11527.0
1784562202,eth,1798185600000,1900.0,put,54.12,0.138031,0.1365,0.1395,1910.47,2862.0
1784562202,eth,1784707200000,1800.0,call,52.42,0.049446,0.0285,,1890.98,0.0
1784562202,eth,1790323200000,7200.0,call,90.95,5.7e-05,,0.0002,1896.85,1160.0
1784562202,eth,1787904000000,1550.0,call,55.36,0.192142,,,1892.98,167.0
1784562202,eth,1813910400000,3200.0,call,56.98,0.069033,0.0675,0.071,1950.47,224.0
1784562202,eth,1787904000000,3200.0,call,64.95,0.000578,0.0004,0.0007,1892.84,287.0
1784562202,eth,1790323200000,6600.0,call,87.5,7.7e-05,,0.0002,1896.97,1414.0
1784562202,eth,1787904000000,1000.0,call,85.12,0.472457,,,1892.86,50.0
1784562202,eth,1784793600000,1900.0,put,44.0,0.017535,0.017,0.0185,1890.98,0.0
1784562202,eth,1784793600000,1975.0,call,45.96,0.002748,0.0024,0.0028,1890.98,73.0
1784562202,eth,1786089600000,2100.0,call,46.96,0.008863,0.0085,0.0095,1891.33,14533.0
1784562202,eth,1784620800000,1900.0,put,43.58,0.010107,0.0095,0.011,1891.1,81.0
1784562202,eth,1806048000000,3100.0,call,55.85,0.045552,0.044,0.047,1931.68,1844.0
1784562202,eth,1784620800000,1850.0,call,47.18,0.023146,0.0195,0.0285,1891.1,1279.0
1784562202,eth,1784620800000,2100.0,call,74.72,5e-06,,0.0001,1891.1,972.0
1784562202,eth,1785484800000,2250.0,call,56.33,0.001504,0.0013,0.0015,1891.48,3217.0
1784562202,eth,1785484800000,1000.0,put,111.11,1.4e-05,,0.0001,1891.48,9463.0
1784562202,eth,1790323200000,2400.0,put,49.65,0.28123,0.273,0.288,1896.85,2115.0
1784562202,eth,1790323200000,2900.0,put,54.29,0.532545,,,1896.97,49.0
1784562202,eth,1790323200000,15000.0,call,127.3,2.5e-05,,0.0002,1896.97,877.0
1784562202,eth,1787904000000,2150.0,put,47.04,0.1543,,,1892.98,83.0
1784562202,eth,1790323200000,5600.0,call,81.58,0.000155,0.0001,0.0002,1896.97,6163.0
1784562202,eth,1784880000000,2100.0,call,54.48,0.000613,0.0005,0.0006,1891.09,764.0
1784562202,eth,1806048000000,2700.0,call,55.62,0.072705,0.071,0.074,1931.68,2590.0
1784562202,eth,1786089600000,2000.0,put,45.9,0.076283,,,1891.33,0.0
1784562202,eth,1790323200000,3000.0,put,55.48,0.584487,0.574,0.5935,1896.97,7576.0
1784562202,eth,1798185600000,3600.0,put,56.37,0.893219,,,1910.59,93.0
1784562202,eth,1790323200000,5000.0,call,77.18,0.000251,0.0002,0.0004,1896.85,4085.0
1784562202,eth,1785484800000,1800.0,put,48.32,0.01352,0.0135,0.0145,1891.48,11270.0
1784562202,eth,1787904000000,2250.0,put,48.08,0.2002,,,1892.98,14.0
1784562202,eth,1813910400000,2200.0,call,57.01,0.171947,0.17,0.175,1950.47,1024.0
1784562202,eth,1798185600000,3600.0,call,56.37,0.008965,0.008,0.0095,1910.47,2226.0
1784562202,eth,1784793600000,1775.0,put,53.1,0.00164,0.0016,0.0019,1890.98,16.0
1784562202,eth,1798185600000,9000.0,call,77.19,0.000337,0.0002,0.0007,1910.47,1908.0
1784562202,eth,1813910400000,900.0,call,68.15,0.563957,0.561,0.568,1950.47,2.0
1784562202,eth,1790323200000,2700.0,call,51.98,0.006297,0.0055,0.007,1896.97,4048.0
1784562202,eth,1790323200000,11000.0,call,110.93,2.8e-05,,0.0002,1896.85,2766.0
1784562202,eth,1784707200000,1600.0,call,85.7,0.153934,0.0001,,1890.98,18.0
1784562202,eth,1787904000000,2100.0,put,46.85,0.133047,0.127,0.1385,1892.86,431.0
1784562202,eth,1784707200000,1700.0,put,67.61,0.000149,0.0001,0.0003,1890.98,370.0
1784562202,eth,1790323200000,10000.0,put,105.8,4.271622,,,1896.97,0.0
1784562202,eth,1798185600000,2200.0,call,53.43,0.085986,0.085,0.087,1910.49,52619.0
1784562202,eth,1784880000000,1750.0,call,53.65,0.076388,0.073,0.0815,1891.09,915.0
1784562202,eth,1806048000000,2100.0,put,55.89,0.236833,0.2265,0.247,1931.68,486.0
1784562202,eth,1785484800000,1200.0,put,100.12,0.000165,0.0001,0.0003,1891.48,12715.0
1784562202,eth,1785484800000,3400.0,call,95.48,9e-06,,0.0001,1891.48,2540.0
1784562202,eth,1813910400000,2500.0,call,56.79,0.129503,0.1275,0.1315,1950.47,2980.0
1784562202,eth,1798185600000,4000.0,put,57.97,1.099036,,,1910.47,223.0
1784562202,eth,1813910400000,800.0,put,70.8,0.01893,0.0175,0.02,1950.47,110.0
1784562202,eth,1806048000000,6000.0,put,62.37,2.109703,,,1931.68,1.0
1784562202,eth,1790323200000,3100.0,put,56.75,0.636642,,,1896.97,0.0
1784562202,eth,1798185600000,1600.0,call,56.04,0.230578,0.225,0.237,1910.47,622.0
1784562202,eth,1806048000000,3100.0,put,55.85,0.650008,,,1931.68,99.0
1784562202,eth,1785484800000,3100.0,put,95.48,0.638534,,,1891.48,0.0
1784562202,eth,1784620800000,1650.0,call,95.85,0.127486,0.116,,1891.1,0.0
1784562202,eth,1813910400000,3400.0,put,57.16,0.801403,,,1950.59,0.0
1784562202,eth,1786089600000,1900.0,put,46.3,0.043013,0.0425,0.044,1891.33,241.0
1784562202,eth,1785484800000,4200.0,call,102.54,0.0,,0.0001,1891.48,1180.0
1784562202,eth,1784707200000,1750.0,put,60.15,0.000434,0.0004,0.0006,1890.98,69.0
1784562202,eth,1790323200000,13000.0,put,119.8,5.853097,0.0001,,1896.97,0.0
1784562202,eth,1798185600000,3800.0,put,57.21,0.995882,,,1910.47,26.0
1784562202,eth,1813910400000,1200.0,put,62.49,0.054756,0.053,0.056,1950.47,346.0
1784562202,eth,1785484800000,1700.0,call,53.92,0.106803,0.103,0.1115,1891.48,2920.0
1784562202,eth,1784880000000,1600.0,call,73.68,0.154247,,,1891.21,53.0
1784562202,eth,1790323200000,1300.0,put,63.23,0.008184,0.008,0.009,1896.85,1419.0
1784562202,eth,1790323200000,1400.0,call,59.64,0.274401,0.266,,1896.97,125.0
1784562202,eth,1787904000000,1450.0,put,59.75,0.006634,0.0065,0.007,1892.84,5432.0
1784562202,eth,1787904000000,3200.0,put,64.96,0.691035,,,1892.98,0.0
1784562202,eth,1785484800000,2650.0,put,77.41,0.400892,,,1891.6,52.0
1784562202,eth,1806048000000,5500.0,call,60.92,0.005649,0.0046,0.0065,1931.76,1941.0
1784562202,eth,1790323200000,3600.0,put,62.35,0.898752,0.886,0.91,1896.97,539.0
1784562202,eth,1790323200000,1300.0,call,63.23,0.322877,0.3155,,1896.85,69.0
1784562202,eth,1784880000000,1850.0,call,45.88,0.031098,0.028,0.0355,1891.21,3262.0
1784562202,eth,1798185600000,1600.0,put,56.04,0.068025,0.0675,0.069,1910.49,7335.0
1784562202,eth,1784880000000,1925.0,put,44.45,0.0283,,,1891.09,0.0
1784562202,eth,1784880000000,1775.0,put,51.27,0.002619,0.0026,0.003,1891.09,2383.0
1784562202,eth,1784620800000,1975.0,call,55.95,0.000352,0.0002,0.0004,1891.1,240.0
1784562202,eth,1798185600000,11000.0,call,81.69,0.000185,0.0001,0.0003,1910.47,2141.0
1784562202,eth,1813910400000,1000.0,call,65.92,0.520652,0.5175,0.5245,1950.47,51.0
1784562202,eth,1813910400000,2300.0,put,56.92,0.335525,0.324,0.3475,1950.47,85.0
1784562202,eth,1785484800000,3100.0,call,95.48,7.3e-05,,0.0001,1891.48,2696.0
1784562202,eth,1785484800000,2550.0,put,71.75,0.348117,,,1891.6,112.0
1784562202,eth,1787904000000,1500.0,put,57.54,0.008549,0.008,0.009,1892.84,4011.0
1784562202,eth,1784620800000,1775.0,call,68.61,0.061532,0.049,0.075,1891.1,87.0
1784562202,eth,1786089600000,1900.0,call,46.3,0.038509,0.0375,0.039,1891.33,291.0
1784562202,eth,1784793600000,2000.0,call,47.69,0.001644,0.0014,0.0017,1890.98,325.0
1784562202,eth,1787904000000,2100.0,call,46.86,0.023685,0.023,0.0245,1892.84,7070.0
1784562202,eth,1784880000000,1600.0,put,73.68,0.000279,0.0003,0.0005,1891.09,12277.0
1784562202,eth,1813910400000,3200.0,put,56.98,0.709554,,,1950.47,0.0
1784562202,eth,1790323200000,9000.0,call,100.09,3e-05,,0.0004,1896.97,1519.0
1784562202,eth,1813910400000,2100.0,call,57.19,0.189312,0.1875,0.1925,1950.47,6.0
1784562202,eth,1806048000000,3200.0,call,55.95,0.040689,0.0395,0.042,1931.68,1641.0
1784562202,eth,1785484800000,1800.0,call,48.32,0.062156,0.0585,0.0665,1891.48,13600.0
1784562202,eth,1798185600000,3800.0,call,57.21,0.006947,0.006,0.0075,1910.47,3115.0
1784562202,eth,1790323200000,4800.0,call,76.35,0.000336,0.0002,0.0004,1896.85,1979.0
1784562202,eth,1806048000000,2400.0,call,55.61,0.104235,0.1025,0.105,1931.68,1706.0
1784562202,eth,1806048000000,4000.0,put,57.45,1.088362,,,1931.68,0.0
1784562202,eth,1787904000000,1200.0,put,72.73,0.00194,0.0018,0.0023,1892.84,6004.0
1784562202,eth,1790323200000,4000.0,call,66.46,0.000551,0.0004,0.0009,1896.97,12123.0
1784562202,eth,1790323200000,2100.0,call,49.08,0.044578,0.0435,0.0445,1896.97,5228.0
1784562202,eth,1798185600000,2500.0,put,53.45,0.359376,0.3485,0.3685,1910.47,1170.0
1784562202,eth,1785484800000,2100.0,put,49.03,0.114452,0.1085,0.1195,1891.6,791.0
1784562202,eth,1806048000000,4600.0,put,58.77,1.391567,,,1931.68,0.0
1784562202,eth,1806048000000,3700.0,put,56.85,0.939158,,,1931.68,0.0
1784562202,eth,1798185600000,1700.0,call,55.13,0.19786,0.1915,0.204,1910.47,377.0
1784562202,eth,1806048000000,2200.0,put,55.71,0.271314,0.2615,0.2825,1931.68,1687.0
1784562202,eth,1790323200000,6000.0,call,84.58,0.000124,0.0001,0.0002,1896.85,3181.0
1784562202,eth,1787904000000,1650.0,put,52.01,0.018584,0.018,0.0195,1892.84,1920.0
1784562202,eth,1784707200000,1925.0,call,44.86,0.005302,0.0049,0.0055,1890.98,224.0
1784562202,eth,1798185600000,3200.0,put,54.96,0.690822,0.6765,0.7035,1910.59,251.0
1784562202,eth,1790323200000,5400.0,call,80.68,0.000195,0.0001,0.0003,1896.97,1177.0
1784562202,eth,1798185600000,10000.0,call,80.7,0.000292,0.0002,0.0004,1910.47,1675.0
1784562202,eth,1785484800000,1950.0,call,45.7,0.018662,0.018,0.019,1891.6,8606.0
1784562202,eth,1785484800000,1700.0,put,53.92,0.005313,0.005,0.006,1891.48,8396.0
1784562202,eth,1787904000000,3000.0,call,61.79,0.000953,0.0007,0.0012,1892.84,340.0
1784562202,eth,1790323200000,4800.0,put,76.35,1.5307,,,1896.97,110.0
1784562202,eth,1813910400000,2800.0,call,56.82,0.098369,0.096,0.1,1950.47,21.0
1784562202,eth,1787904000000,2150.0,call,47.04,0.018525,0.018,0.0195,1892.86,2388.0
1784562202,eth,1798185600000,5500.0,put,64.2,1.880106,,,1910.47,0.0
1784562202,eth,1784707200000,1725.0,put,64.01,0.000256,0.0002,0.0004,1890.98,227.0
1784562202,eth,1790323200000,4200.0,call,69.44,0.000498,0.0003,0.0008,1896.85,2467.0
1784562202,eth,1787904000000,2500.0,put,51.99,0.324737,0.313,,1892.86,3.0
1784562202,eth,1813910400000,2800.0,put,56.82,0.533825,0.5235,,1950.47,0.0
1784562202,eth,1784880000000,2400.0,call,70.53,8e-06,,0.0001,1891.09,503.0
1784562202,eth,1784880000000,2200.0,put,63.0,0.163485,,,1891.09,1.0
1784562202,eth,1787904000000,1850.0,put,47.85,0.050691,0.0505,0.052,1892.84,1388.0
1784562202,eth,1813910400000,2600.0,call,56.8,0.118098,0.1165,0.12,1950.47,37.0
1784562202,eth,1813910400000,1300.0,put,61.29,0.068864,0.067,0.0705,1950.47,865.0
1784562202,eth,1806048000000,5500.0,put,60.92,1.852263,,,1931.68,0.0
1784562202,eth,1806048000000,1400.0,call,59.58,0.338826,0.15,,1931.68,56.0
1784562202,eth,1784880000000,2000.0,call,46.73,0.002747,0.0024,0.0028,1891.09,5633.0
1784562202,eth,1813910400000,2400.0,put,56.82,0.372591,,,1950.59,0.0
1784562202,eth,1784793600000,1900.0,call,44.0,0.01284,0.012,0.0135,1890.98,245.0
1784562202,eth,1785484800000,2300.0,put,58.96,0.216749,0.2105,0.222,1891.6,2773.0
1784562202,eth,1806048000000,1600.0,put,57.74,0.099224,0.098,0.1005,1931.68,1551.0
1784562202,eth,1813910400000,3800.0,call,57.56,0.042284,0.041,0.044,1950.47,0.0
1784562202,eth,1784880000000,1700.0,put,59.19,0.000817,0.0008,0.001,1891.09,7999.0
1784562202,eth,1784880000000,1950.0,call,44.73,0.006715,0.006,0.007,1891.09,6245.0
1784562202,eth,1798185600000,2500.0,call,53.45,0.050866,0.0495,0.0515,1910.49,22448.0
1784562202,eth,1785484800000,2400.0,call,64.19,0.000665,0.0005,0.0007,1891.48,9907.0
1784562202,eth,1806048000000,2400.0,put,55.61,0.346394,0.3345,0.3575,1931.68,357.0
1784562202,eth,1787904000000,2350.0,call,49.4,0.007395,0.0065,0.008,1892.84,2535.0
1784562202,eth,1787904000000,1550.0,put,55.36,0.010958,0.0105,0.0115,1892.84,3093.0
1784562202,eth,1785484800000,2350.0,put,61.97,0.242946,0.237,0.2485,1891.48,538.0
1784562202,eth,1785484800000,1900.0,put,46.02,0.033615,0.033,0.0345,1891.6,3847.0
1784562202,eth,1798185600000,6000.0,put,65.93,2.141391,,,1910.47,0.0
1784562202,eth,1806048000000,1700.0,call,57.12,0.241513,0.233,0.2495,1931.68,1337.0
1784562202,eth,1785484800000,2700.0,call,78.47,0.0002,0.0001,0.0003,1891.48,4355.0
1784562202,eth,1784707200000,1950.0,call,46.36,0.00278,0.0024,0.0028,1890.98,217.0
1784562202,eth,1813910400000,1000.0,put,65.92,0.033315,0.032,0.0345,1950.47,4153.0
1784562202,eth,1786089600000,1400.0,put,72.08,0.001518,0.0014,0.0017,1891.33,1132.0
1784562202,eth,1790323200000,2000.0,put,49.08,0.115662,0.11,0.121,1896.97,12953.0
1784562202,eth,1787904000000,3800.0,put,72.52,1.007567,,,1892.98,0.0
1784562202,eth,1784793600000,1825.0,call,48.15,0.039317,,,1890.98,0.0
1784562202,eth,1798185600000,1400.0,put,58.78,0.038983,0.038,0.0405,1910.49,13969.0
1784562202,eth,1784620800000,1600.0,call,95.87,0.153908,0.0001,,1891.1,0.0
1784562202,eth,1787904000000,1900.0,call,47.13,0.059427,0.0585,0.06,1892.98,2617.0
1784562202,eth,1787904000000,2300.0,call,48.53,0.009109,0.0085,0.0095,1892.84,2156.0
1784562202,eth,1790323200000,1800.0,put,50.48,0.060606,0.0605,0.0615,1896.97,3917.0
1784562202,eth,1798185600000,9000.0,put,77.19,3.710973,,,1910.47,0.0
1784562202,eth,1813910400000,3600.0,call,57.33,0.049486,0.048,0.0515,1950.47,1.0
1784562202,eth,1813910400000,4000.0,put,57.81,1.086982,,,1950.47,0.0
1784562202,eth,1798185600000,4600.0,call,60.51,0.002889,0.0023,0.003,1910.49,9050.0
1784562202,eth,1784880000000,1550.0,put,80.8,0.00017,0.0002,0.0004,1891.09,9205.0
1784562202,eth,1798185600000,10000.0,put,80.7,4.234332,,,1910.47,0.0
1784562202,eth,1806048000000,3200.0,put,55.95,0.6969,,,1931.68,0.0
1784562202,eth,1806048000000,2600.0,call,55.61,0.081984,0.0805,0.0835,1931.68,2395.0
1784562202,eth,1784620800000,1725.0,put,76.96,2.7e-05,,0.0002,1891.1,309.0
1784562202,eth,1790323200000,2500.0,call,50.25,0.011535,0.0105,0.012,1896.85,21079.0
1784562202,eth,1784707200000,1825.0,call,49.26,0.037336,0.0185,,1890.98,50.0
1784562202,eth,1813910400000,1700.0,call,58.51,0.278159,0.274,0.282,1950.47,654.0
1784562202,eth,1790323200000,2600.0,put,51.02,0.379037,0.3705,0.3865,1896.97,8412.0
1784562202,eth,1785484800000,2400.0,put,64.19,0.26915,,,1891.6,102.0
1784562202,eth,1785484800000,1900.0,call,46.02,0.029397,0.0285,0.0295,1891.48,13947.0
1784562202,eth,1787904000000,2300.0,put,48.53,0.224128,,,1892.98,3.0
1784562202,eth,1784880000000,2600.0,put,74.83,0.374803,,,1891.21,0.0
1784562202,eth,1784880000000,1400.0,call,104.67,0.259777,,,1891.09,0.0
1784562202,eth,1798185600000,8000.0,call,72.85,0.000377,0.0003,0.0007,1910.59,2427.0
1784562202,eth,1813910400000,1600.0,put,58.98,0.125837,0.124,0.1275,1950.47,1290.0
1784562202,eth,1784620800000,1975.0,put,55.98,0.044747,0.0005,,1891.1,0.0
1784562202,eth,1784793600000,2000.0,put,47.69,0.059219,,,1890.98,0.0
1784562202,eth,1784793600000,1725.0,put,59.43,0.000684,0.0006,0.0008,1890.98,7.0
1784562202,eth,1798185600000,3100.0,put,54.72,0.641243,,,1910.59,0.0
1784562202,eth,1798185600000,6500.0,call,67.91,0.000741,0.0005,0.001,1910.59,1765.0
1784562202,eth,1787904000000,1000.0,put,85.12,0.000725,0.0006,0.001,1892.98,2871.0
1784562202,eth,1785484800000,1850.0,put,46.79,0.021696,0.0215,0.0225,1891.48,2436.0
1784562202,eth,1806048000000,3800.0,call,56.97,0.021778,0.0205,0.023,1931.68,1233.0
1784562202,eth,1785484800000,4400.0,call,105.11,0.0,,0.0001,1891.48,988.0
1784562202,eth,1790323200000,1500.0,put,56.28,0.01856,0.018,0.0195,1896.97,11055.0
1784562202,eth,1784793600000,1700.0,call,62.99,0.101527,,,1890.98,0.0
1784562202,eth,1785484800000,2050.0,put,47.42,0.090679,0.085,0.0955,1891.48,643.0
1784562202,eth,1785484800000,1450.0,call,76.72,0.234527,,,1891.48,51.0
1784562202,eth,1798185600000,2400.0,put,53.43,0.316872,0.3065,0.325,1910.59,1716.0
1784562202,eth,1785484800000,3800.0,put,96.29,1.008436,,,1891.48,0.0
1784562202,eth,1806048000000,2300.0,put,55.61,0.30788,0.2975,0.319,1931.68,1576.0
1784562202,eth,1806048000000,1700.0,put,57.12,0.121375,0.1205,0.123,1931.68,1458.0
1784562202,eth,1784793600000,1850.0,call,45.98,0.028774,,,1890.98,50.0
1784562202,eth,1785484800000,1650.0,call,57.7,0.131392,0.1275,0.136,1891.6,5847.0
1784562202,eth,1790323200000,12000.0,call,115.57,2.7e-05,,0.0002,1896.97,1341.0
1784562202,eth,1813910400000,2900.0,put,56.83,0.576563,,,1950.59,0.0
1784562202,eth,1787904000000,1400.0,call,62.22,0.265633,,,1892.86,100.0
1784562202,eth,1787904000000,2800.0,call,57.98,0.001589,0.0013,0.0017,1892.84,4169.0
1784562202,eth,1806048000000,4200.0,put,57.87,1.188859,,,1931.68,5.0
1784562202,eth,1784793600000,1925.0,put,44.22,0.02585,,,1890.98,0.0
1784562202,eth,1784793600000,1800.0,put,50.36,0.002641,0.0026,0.003,1890.98,37.0
1784562202,eth,1785484800000,1600.0,put,62.04,0.002376,0.0023,0.0027,1891.48,13755.0
1784562202,eth,1790323200000,5800.0,call,83.67,0.00015,0.0001,0.0002,1896.97,4884.0
1784562202,eth,1798185600000,1900.0,call,54.12,0.143564,0.143,0.145,1910.49,1199.0
1784562202,eth,1806048000000,1000.0,put,66.94,0.0221,0.021,0.0235,1931.76,7249.0
1784562202,eth,1813910400000,3500.0,put,57.23,0.847988,0.83,0.866,1950.47,303.0
1784562202,eth,1785484800000,2250.0,put,56.33,0.190709,0.185,0.196,1891.6,706.0
1784562202,eth,1786089600000,1750.0,call,49.72,0.089561,,,1891.33,50.0
1784562202,eth,1787904000000,1750.0,call,49.49,0.106726,0.1025,0.1115,1892.98,4254.0
1784562202,eth,1784707200000,1825.0,put,49.26,0.002416,0.0024,0.0028,1890.98,62.0
1784562202,eth,1813910400000,3400.0,call,57.16,0.05835,0.0565,0.0605,1950.47,15.0
1784562202,eth,1784793600000,1600.0,put,77.31,0.000113,0.0001,0.0002,1890.98,390.0
1784562202,eth,1806048000000,2800.0,put,55.63,0.513685,,,1931.8,12.0
1784562202,eth,1784793600000,1850.0,put,45.98,0.00703,0.007,0.0075,1890.98,15.0
1784562202,eth,1798185600000,2400.0,call,53.43,0.060703,0.059,0.0615,1910.49,11784.0
1784562202,eth,1798185600000,1700.0,put,55.13,0.087647,0.087,0.089,1910.49,12660.0
1784562202,eth,1790323200000,8500.0,put,97.73,3.480889,,,1896.97,0.0
1784562202,eth,1784793600000,1750.0,put,56.13,0.001042,0.001,0.0013,1890.98,92.0
1784562202,eth,1785484800000,4400.0,put,105.11,1.325557,,,1891.6,0.0
1784562202,eth,1790323200000,2400.0,call,49.65,0.016048,0.015,0.017,1896.97,7234.0
1784562202,eth,1806048000000,2900.0,call,55.67,0.057303,0.056,0.059,1931.8,2103.0
1784562202,eth,1798185600000,6000.0,call,65.93,0.000967,0.0007,0.0012,1910.59,10376.0
1784562202,eth,1785484800000,1000.0,call,111.11,0.471479,,,1891.6,86.0
1784562202,eth,1813910400000,2200.0,put,57.01,0.299804,0.289,0.3115,1950.47,0.0
1784562202,eth,1787904000000,1650.0,call,52.01,0.146938,0.1425,0.152,1892.98,1617.0
1784562202,eth,1784620800000,2000.0,put,62.76,0.057795,0.0005,,1891.1,0.0
1784562202,eth,1785484800000,2600.0,call,73.88,0.000283,0.0002,0.0004,1891.48,3665.0
1784562202,eth,1787904000000,1100.0,call,78.52,0.420078,,,1892.86,50.0
1784562202,eth,1784880000000,1650.0,call,65.42,0.127951,,,1891.21,4.0
1784562202,eth,1813910400000,800.0,call,70.8,0.6088,0.606,0.6125,1950.47,114.0
1784562202,eth,1785484800000,1200.0,call,100.12,0.365922,0.363,0.3695,1891.6,284.0
1784562202,eth,1785484800000,2800.0,call,83.49,0.000159,0.0001,0.0002,1891.48,6660.0
