snap_ts,asset,expiry_ms,strike,opt_type,mark_iv,mark_price,bid,ask,underlying_price,open_interest
1784696192,btc,1786089600000,62000.0,put,38.66,0.00850562,0.008,0.009,66474.66,350.1
1784696192,btc,1790323200000,165000.0,put,68.29,1.46845993,1.385,1.5595,66844.6,0.0
1784696192,btc,1790323200000,60000.0,call,39.38,0.12687196,0.1215,0.131,66844.6,932.8
1784696192,btc,1790323200000,110000.0,put,49.16,0.64629345,0.636,0.6545,66844.6,116.1
1784696192,btc,1787904000000,66000.0,call,35.59,0.0498726,0.049,0.0505,66620.6,1049.9
1784696192,btc,1798185600000,130000.0,call,45.89,0.00212031,0.0019,0.0021,67526.02,1564.3
1784696192,btc,1790323200000,240000.0,call,74.86,3.5e-06,,0.0002,66844.6,222.5
1784696192,btc,1785484800000,84000.0,put,58.38,0.26523186,0.2585,0.271,66398.87,30.2
1784696192,btc,1806048000000,92000.0,call,40.63,0.039087,0.038,0.04,68229.6,117.2
1784696192,btc,1813910400000,58000.0,put,45.62,0.09243326,0.091,0.0935,68977.31,12.6
1784696192,btc,1785484800000,104000.0,put,65.09,0.56625509,0.513,0.623,66398.87,0.0
1784696192,btc,1806048000000,96000.0,put,40.74,0.43867421,0.3795,0.5135,68229.6,1.5
1784696192,btc,1787904000000,64000.0,put,36.38,0.02836093,0.0275,0.029,66620.6,460.3
1784696192,btc,1790323200000,115000.0,put,51.74,0.72097116,0.7105,0.7305,66844.6,90.3
1784696192,btc,1813910400000,74000.0,call,42.5,0.13400565,0.133,0.1355,68977.25,12.9
1784696192,btc,1784966400000,66500.0,put,33.97,0.01370507,0.013,0.014,66313.81,39.5
1784696192,btc,1813910400000,68000.0,call,43.31,0.17114058,0.1695,0.173,68977.25,8.0
1784696192,btc,1790323200000,75000.0,call,35.9,0.02071033,0.0205,0.021,66844.6,2973.5
1784696192,btc,1785484800000,105000.0,put,65.12,0.58131518,0.528,0.6385,66398.81,1.1
1784696192,btc,1787904000000,83000.0,put,41.42,0.24876899,0.2055,0.2985,66620.6,0.0
1784696192,btc,1806048000000,65000.0,put,42.85,0.11422055,0.113,0.115,68229.6,659.5
1784696192,btc,1785484800000,66000.0,call,36.08,0.02583607,0.0255,0.0265,66398.81,2397.7
1784696192,btc,1784880000000,73000.0,put,53.59,0.10046199,0.063,0.1415,66344.31,0.2
1784696192,btc,1798185600000,210000.0,call,56.96,0.00021045,0.0001,0.0005,67526.02,150.4
1784696192,btc,1798185600000,92000.0,call,40.03,0.01770859,0.017,0.018,67526.02,250.5
1784696192,btc,1784793600000,60000.0,call,55.22,0.09536716,0.0625,0.1265,66313.75,0.1
1784696192,btc,1790323200000,240000.0,put,74.86,2.59033528,2.4685,2.72,66844.6,0.0
1784696192,btc,1806048000000,90000.0,call,40.61,0.0434801,0.0425,0.0445,68229.6,506.5
1784696192,btc,1790323200000,95000.0,put,43.04,0.42336207,0.415,0.431,66844.6,147.6
1784696192,btc,1798185600000,86000.0,call,39.71,0.02765008,0.027,0.028,67526.02,294.7
1784696192,btc,1813910400000,90000.0,put,41.47,0.37290859,0.3115,0.4535,68977.25,0.2
1784696192,btc,1785484800000,50000.0,put,69.29,0.00014398,0.0001,0.0002,66398.81,3840.4
1784696192,btc,1806048000000,160000.0,put,45.55,1.34720692,1.266,1.4395,68229.64,0.0
1784696192,btc,1798185600000,74000.0,call,39.8,0.06717578,0.0665,0.0675,67526.08,98.4
1784696192,btc,1785484800000,73000.0,put,41.3,0.10163196,0.0965,0.1065,66398.81,97.6
1784696192,btc,1786089600000,67000.0,put,35.54,0.03401572,0.0335,0.035,66474.66,26.6
1784696192,btc,1790323200000,58000.0,put,40.85,0.01852321,0.018,0.019,66844.6,683.3
1784696192,btc,1798185600000,54000.0,call,45.89,0.23559686,0.2335,0.238,67526.08,33.0
1784696192,btc,1798185600000,200000.0,call,56.31,0.0002863,0.0002,0.0004,67526.08,951.0
1784696192,btc,1784880000000,68000.0,put,35.74,0.02771333,0.0016,0.065,66344.31,8.1
1784696192,btc,1784880000000,62000.0,put,46.42,0.00036843,0.0003,0.0004,66344.31,210.3
1784696192,btc,1785484800000,46000.0,put,79.65,5.397e-05,,0.0001,66398.81,1691.6
1784696192,btc,1785484800000,61000.0,call,40.73,0.08404064,0.0815,0.089,66398.81,942.8
1784696192,btc,1790323200000,320000.0,call,85.42,1.17e-06,,0.0001,66844.6,251.6
1784696192,btc,1784966400000,65000.0,call,35.04,0.02549313,0.0016,0.058,66313.81,0.0
1784696192,btc,1813910400000,72000.0,put,42.74,0.18931235,0.1875,0.191,68977.25,1.0
1784696192,btc,1784793600000,62500.0,put,49.45,0.00014552,0.0001,0.0002,66313.75,74.5
1784696192,btc,1798185600000,45000.0,call,52.88,0.3501464,0.348,0.3525,67526.02,54.2
1784696192,btc,1813910400000,70000.0,call,43.0,0.15785069,0.1565,0.1595,68977.31,173.5
1784696192,btc,1784793600000,66500.0,call,32.68,0.00601271,0.0055,0.0065,66313.75,133.4
1784696192,btc,1784966400000,66000.0,put,33.97,0.01003848,0.0095,0.0105,66313.81,2.0
1784696192,btc,1798185600000,68000.0,put,40.71,0.10981221,0.1085,0.111,67526.02,362.8
1784696192,btc,1785484800000,87000.0,call,61.0,8.37e-05,,0.0002,66398.87,377.4
1784696192,btc,1806048000000,98000.0,put,40.77,0.46476041,0.405,0.54,68229.6,0.2
1784696192,btc,1798185600000,115000.0,put,43.35,0.70733879,0.647,0.7785,67526.02,0.6
1784696192,btc,1784707200000,61000.0,put,52.94,0.0,,0.0001,66313.75,99.3
1784696192,btc,1787904000000,100000.0,put,54.45,0.50169532,0.4505,0.559,66620.6,0.1
1784696192,btc,1785484800000,94000.0,call,65.02,1.142e-05,,0.0001,66398.81,892.6
1784696192,btc,1813910400000,78000.0,put,42.09,0.24406896,0.2395,0.2465,68977.31,0.3
1784696192,btc,1786089600000,70000.0,call,36.08,0.01147567,0.011,0.012,66474.45,5343.3
1784696192,btc,1790323200000,84000.0,call,38.27,0.00644207,0.006,0.0065,66844.69,747.0
1784696192,btc,1798185600000,102000.0,put,41.36,0.51966854,0.463,0.5865,67526.02,7.7
1784696192,btc,1785484800000,61000.0,put,40.73,0.00270938,0.0027,0.0028,66398.81,876.1
1784696192,btc,1813910400000,120000.0,call,41.93,0.02045973,0.0195,0.0215,68977.31,47.4
1784696192,btc,1790323200000,165000.0,call,68.29,0.00010683,,0.0002,66844.6,192.5
1784696192,btc,1787904000000,98000.0,put,53.06,0.4717757,0.4215,0.5285,66620.6,0.0
1784696192,btc,1784707200000,62500.0,put,52.82,0.0,,0.0001,66313.75,35.4
1784696192,btc,1790323200000,65000.0,put,36.75,0.0481925,0.0475,0.049,66844.6,716.3
1784696192,btc,1784707200000,61500.0,call,52.85,0.07261817,0.0395,0.104,66313.75,0.1
1784696192,btc,1785484800000,58000.0,call,45.18,0.12726267,0.1235,0.131,66398.81,265.4
1784696192,btc,1784707200000,65500.0,call,38.2,0.01242084,0.0095,0.0145,66313.75,202.1
1784696192,btc,1784880000000,69000.0,call,38.1,0.00121534,0.0011,0.0014,66344.31,189.8
1784696192,btc,1784966400000,67500.0,put,34.27,0.02323598,0.015,0.06,66313.81,0.0
1784696192,btc,1806048000000,170000.0,put,46.58,1.49324205,1.4075,1.59,68229.6,0.1
1784696192,btc,1785484800000,62000.0,call,39.11,0.07030178,0.0665,0.075,66398.87,1454.4
1784696192,btc,1790323200000,160000.0,put,68.29,1.39370894,1.313,1.482,66844.6,0.6
1784696192,btc,1790323200000,80000.0,put,36.7,0.20710616,0.2,0.213,66844.6,613.0
1784696192,btc,1790323200000,180000.0,call,70.84,5.955e-05,,0.0002,66844.6,748.1
1784696192,btc,1784966400000,70000.0,call,38.91,0.00111908,0.001,0.0013,66313.81,38.3
1784696192,btc,1806048000000,90000.0,put,40.61,0.36252592,0.3055,0.4365,68229.64,14.0
1784696192,btc,1806048000000,54000.0,put,46.41,0.05560362,0.055,0.0565,68229.6,50.4
1784696192,btc,1787904000000,90000.0,call,47.45,0.00154101,0.0014,0.0017,66620.6,127.1
1784696192,btc,1785484800000,80000.0,call,52.51,0.00039283,0.0003,0.0005,66398.87,6981.8
1784696192,btc,1806048000000,60000.0,put,44.19,0.08353087,0.0825,0.0845,68229.6,613.4
1784696192,btc,1785484800000,60000.0,call,42.32,0.09819382,0.094,0.103,66398.81,1139.0
1784696192,btc,1784707200000,57000.0,put,54.96,0.0,,0.0001,66313.75,9.0
1784696192,btc,1798185600000,65000.0,call,41.3,0.12516145,0.1245,0.1265,67526.02,621.0
1784696192,btc,1786089600000,71000.0,call,36.46,0.00856462,0.008,0.009,66474.66,842.4
1784696192,btc,1785484800000,56000.0,call,50.78,0.15708129,0.1535,0.162,66398.81,39.4
1784696192,btc,1787904000000,53000.0,call,47.34,0.20827389,0.2045,0.212,66620.6,5.9
1784696192,btc,1798185600000,190000.0,call,54.19,0.00029779,0.0002,0.0004,67526.02,990.5
1784696192,btc,1790323200000,105000.0,put,47.38,0.57180842,0.562,0.58,66844.69,104.6
1784696192,btc,1785484800000,60000.0,put,42.32,0.00180386,0.0018,0.0019,66398.81,2587.8
1784696192,btc,1784793600000,58000.0,put,55.22,4e-08,,0.0001,66313.75,3.2
1784696192,btc,1798185600000,230000.0,put,60.19,2.40626418,2.291,2.532,67526.02,0.0
1784696192,btc,1790323200000,72000.0,call,35.6,0.03112103,0.0305,0.0315,66844.6,2050.4
1784696192,btc,1790323200000,130000.0,put,58.37,0.94512793,0.8795,1.018,66844.6,21.4
1784696192,btc,1790323200000,70000.0,put,35.74,0.08801814,0.0835,0.0945,66844.69,1508.5
1784696192,btc,1806048000000,150000.0,call,44.72,0.00310745,0.0029,0.0032,68229.6,1897.2
1784696192,btc,1798185600000,45000.0,put,52.88,0.01655381,0.016,0.017,67526.02,2840.4
1784696192,btc,1813910400000,60000.0,call,45.08,0.23374717,0.2305,0.237,68977.31,943.0
1784696192,btc,1784880000000,67500.0,call,34.75,0.0041528,0.004,0.0043,66344.31,17.3
1784696192,btc,1785484800000,55000.0,put,53.49,0.00034833,0.0003,0.0004,66398.81,1207.1
1784696192,btc,1784793600000,63500.0,put,42.41,0.00029271,0.0002,0.0004,66313.75,25.0
1784696192,btc,1786089600000,53000.0,call,52.19,0.20341984,0.1745,0.233,66474.66,0.0
1784696192,btc,1785484800000,45000.0,call,79.65,0.32232236,0.298,0.346,66398.87,0.0
1784696192,btc,1784880000000,66000.0,put,34.14,0.00798374,0.0075,0.0085,66344.31,66.8
1784696192,btc,1790323200000,220000.0,call,72.81,6.87e-06,,0.0003,66844.69,232.5
1784696192,btc,1806048000000,106000.0,call,41.01,0.01874769,0.018,0.0195,68229.6,46.6
1784696192,btc,1787904000000,80000.0,call,39.29,0.00439745,0.0042,0.0045,66620.6,1541.3
1784696192,btc,1790323200000,100000.0,call,45.41,0.00151238,0.0013,0.0015,66844.6,3605.7
1784696192,btc,1806048000000,98000.0,call,40.77,0.02846607,0.0275,0.0295,68229.6,95.3
1784696192,btc,1784966400000,70000.0,put,38.91,0.05609702,0.0465,0.096,66313.81,0.0
1784696192,btc,1785484800000,92000.0,call,65.02,2.489e-05,,0.0001,66398.81,444.7
1784696192,btc,1784793600000,63500.0,call,42.41,0.04288514,0.0125,0.0755,66313.75,3.8
1784696192,btc,1790323200000,60000.0,put,39.38,0.02445491,0.024,0.025,66844.69,4027.5
1784696192,btc,1786089600000,61000.0,put,39.57,0.00622062,0.006,0.0065,66474.66,130.2
1784696192,btc,1798185600000,72000.0,put,40.0,0.14384006,0.1405,0.146,67526.08,335.4
1784696192,btc,1806048000000,56000.0,call,45.57,0.24310546,0.237,0.247,68229.6,16.9
1784696192,btc,1784966400000,68500.0,put,35.62,0.03534675,0.0055,0.074,66313.81,0.0
1784696192,btc,1784966400000,65500.0,call,34.0,0.01993284,0.0195,0.0205,66313.81,0.0
1784696192,btc,1787904000000,62000.0,put,37.63,0.0195379,0.019,0.02,66620.6,774.8
1784696192,btc,1813910400000,55000.0,call,46.54,0.28009043,0.277,0.283,68977.31,0.1
1784696192,btc,1784707200000,64000.0,call,52.7,0.0349201,0.0125,0.0675,66313.75,7.2
1784696192,btc,1785484800000,83000.0,put,55.77,0.25017176,0.2435,0.256,66398.81,29.5
1784696192,btc,1798185600000,56000.0,call,44.76,0.21260967,0.2105,0.215,67526.02,41.2
1784696192,btc,1784793600000,71000.0,call,49.93,6.624e-05,,0.0002,66313.75,25.5
1784696192,btc,1790323200000,52000.0,put,46.92,0.00850466,0.008,0.009,66844.69,1045.9
1784696192,btc,1806048000000,86000.0,put,40.66,0.31442454,0.259,0.387,68229.6,1.7
1784696192,btc,1806048000000,40000.0,put,55.19,0.02013668,0.02,0.0205,68229.6,1140.4
1784696192,btc,1784707200000,71000.0,put,55.48,0.07063593,0.0345,0.109,66313.75,0.0
1784696192,btc,1806048000000,120000.0,call,42.0,0.00972047,0.009,0.0105,68229.6,327.1
1784696192,btc,1785484800000,77000.0,put,47.99,0.16041997,0.1555,0.1655,66398.81,245.0
1784696192,btc,1813910400000,140000.0,call,42.86,0.01017754,0.009,0.011,68977.25,104.2
1784696192,btc,1790323200000,190000.0,call,72.81,4.507e-05,,0.0002,66844.69,772.5
1784696192,btc,1786089600000,62000.0,call,38.66,0.07584282,0.072,0.0795,66474.66,100.0
1784696192,btc,1784793600000,64500.0,put,36.79,0.00079936,0.0007,0.0009,66313.75,53.0
1784696192,btc,1784707200000,65000.0,call,39.18,0.01984724,0.0165,0.0245,66313.75,53.0
1784696192,btc,1806048000000,56000.0,put,45.57,0.06384508,0.063,0.0645,68229.6,80.3
1784696192,btc,1813910400000,56000.0,call,46.2,0.2703215,0.267,0.2735,68977.31,2.7
1784696192,btc,1790323200000,64000.0,call,37.13,0.08480405,0.083,0.0865,66844.6,288.9
1784696192,btc,1787904000000,40000.0,put,70.35,0.00068414,0.0006,0.0009,66620.6,416.6
1784696192,btc,1785484800000,46000.0,call,79.65,0.30728737,0.283,0.3315,66398.81,0.0
1784696192,btc,1784793600000,62000.0,put,55.13,0.00014464,0.0001,0.0002,66313.75,62.8
1784696192,btc,1785484800000,57000.0,call,48.0,0.14215107,0.1115,0.1735,66398.81,3.8
1784696192,btc,1785484800000,94000.0,put,65.02,0.4156649,0.368,0.467,66398.81,1.3
1784696192,btc,1784793600000,59000.0,call,55.22,0.11044067,0.0785,0.1405,66313.75,0.1
1784696192,btc,1784966400000,62000.0,put,40.56,0.00050897,0.0004,0.0006,66313.81,8.4
1784696192,btc,1790323200000,220000.0,put,72.81,2.29114434,2.18,2.4105,66844.69,1.8
1784696192,btc,1798185600000,50000.0,call,48.73,0.28479939,0.2825,0.287,67526.02,260.8
1784696192,btc,1784793600000,63000.0,call,47.42,0.05037956,0.0165,0.083,66313.75,0.1
1784696192,btc,1784880000000,64500.0,call,36.17,0.02997933,0.01,0.0345,66344.34,0.4
1784696192,btc,1786089600000,75000.0,put,40.1,0.1312812,0.092,0.1755,66474.45,0.0
1784696192,btc,1813910400000,84000.0,call,41.69,0.08793636,0.087,0.089,68977.25,2.1
1784696192,btc,1785484800000,56000.0,put,50.78,0.00044932,0.0004,0.0005,66398.81,2061.6
1784696192,btc,1785484800000,88000.0,call,61.48,6.122e-05,,0.0001,66398.81,588.6
1784696192,btc,1790323200000,40000.0,put,65.28,0.0025803,0.0023,0.0027,66844.6,2303.9
1784696192,btc,1790323200000,280000.0,put,81.51,3.18872282,3.0475,3.34,66844.6,0.0
1784696192,btc,1784966400000,73000.0,call,48.53,0.00028405,0.0002,0.0004,66313.81,0.8
1784696192,btc,1784707200000,62500.0,call,52.82,0.05753879,0.0235,0.089,66313.75,6.1
1784696192,btc,1784707200000,61000.0,call,52.94,0.08015786,0.047,0.111,66313.75,0.1
1784696192,btc,1784793600000,68000.0,put,35.83,0.0262705,0.0125,0.0635,66313.75,0.0
1784696192,btc,1786089600000,69000.0,put,35.72,0.05317618,0.0475,0.0935,66474.66,0.0
1784696192,btc,1813910400000,88000.0,put,41.52,0.34991101,0.3415,0.3635,68977.31,0.0
1784696192,btc,1784880000000,75000.0,call,61.39,6.929e-05,,0.0001,66344.31,162.5
1784696192,btc,1785484800000,63000.0,put,38.15,0.00621637,0.006,0.0065,66398.81,823.6
1784696192,btc,1785484800000,110000.0,put,68.07,0.65661582,0.648,0.664,66398.81,46.2
1784696192,btc,1785484800000,96000.0,call,65.02,5.13e-06,,0.0001,66398.81,291.8
1784696192,btc,1785484800000,102000.0,call,65.08,4.2e-07,,0.0001,66398.81,460.8
1784696192,btc,1806048000000,82000.0,put,40.72,0.26859602,0.2595,0.2805,68229.6,3.8
1784696192,btc,1798185600000,64000.0,call,41.59,0.13349487,0.132,0.135,67526.02,391.2
1784696192,btc,1784707200000,70000.0,put,51.84,0.05555655,0.0195,0.0935,66313.75,0.0
1784696192,btc,1806048000000,95000.0,put,40.74,0.42578993,0.3675,0.5,68229.64,0.6
1784696192,btc,1785484800000,110000.0,call,68.07,4e-08,,0.0001,66398.87,194.2
1784696192,btc,1798185600000,95000.0,call,40.42,0.01445674,0.014,0.0145,67526.02,1297.7
1784696192,btc,1784880000000,69000.0,put,38.1,0.04124471,0.0365,0.045,66344.31,42.0
1784696192,btc,1785484800000,120000.0,put,77.21,0.80721723,0.7465,0.872,66398.81,3.5
1784696192,btc,1790323200000,95000.0,call,43.04,0.00218908,0.002,0.0024,66844.6,1874.1
1784696192,btc,1786089600000,64000.0,put,36.81,0.01523455,0.015,0.0155,66474.45,68.4
1784696192,btc,1790323200000,35000.0,call,74.32,0.4780286,0.476,0.48,66844.6,29.3
1784696192,btc,1798185600000,240000.0,put,60.19,2.55429763,2.434,2.6845,67526.02,0.0
1784696192,btc,1787904000000,86000.0,put,43.92,0.29300263,0.248,0.344,66620.6,0.0
1784696192,btc,1784707200000,69000.0,put,42.01,0.04047717,0.0125,0.0775,66313.75,0.0
1784696192,btc,1813910400000,105000.0,call,41.5,0.03669581,0.0355,0.038,68977.25,14.8
1784696192,btc,1798185600000,86000.0,put,39.71,0.30122868,0.2495,0.366,67526.02,23.4
1784696192,btc,1787904000000,79000.0,call,38.72,0.0051442,0.0048,0.0055,66620.6,142.5
1784696192,btc,1790323200000,200000.0,call,72.81,2.389e-05,,0.0005,66844.6,1009.0
1784696192,btc,1787904000000,78000.0,put,38.04,0.17675658,0.1355,0.2245,66620.6,4.1
1784696192,btc,1784966400000,68000.0,call,34.85,0.00420589,0.004,0.0045,66313.81,11.6
1784696192,btc,1806048000000,150000.0,put,44.72,1.20151715,1.1255,1.29,68229.64,0.5
1784696192,btc,1790323200000,45000.0,put,56.81,0.004052,0.0038,0.0043,66844.6,1960.6
1784696192,btc,1784966400000,66500.0,call,33.97,0.01147603,0.011,0.012,66313.81,31.5
1784696192,btc,1784793600000,62500.0,call,49.45,0.05781523,0.024,0.0905,66313.75,0.2
1784696192,btc,1806048000000,110000.0,call,41.29,0.01546261,0.0145,0.0165,68229.6,522.0
1784696192,btc,1790323200000,145000.0,call,62.27,0.00017893,0.0001,0.0003,66844.69,495.0
1784696192,btc,1806048000000,125000.0,call,42.33,0.00775884,0.007,0.0085,68229.6,120.7
1784696192,btc,1798185600000,150000.0,put,49.29,1.22238496,1.1465,1.3075,67526.08,2.0
1784696192,btc,1813910400000,120000.0,put,41.93,0.76010273,0.691,0.846,68977.31,0.0
1784696192,btc,1784707200000,59000.0,call,53.88,0.11031662,0.079,0.14,66313.75,0.1
1784696192,btc,1790323200000,160000.0,call,68.29,0.00015442,,0.0002,66844.6,1444.3
1784696192,btc,1784707200000,67500.0,call,37.12,1.207e-05,,0.0001,66313.75,61.4
1784696192,btc,1813910400000,64000.0,put,44.15,0.12856719,0.127,0.1295,68977.25,13.9
1784696192,btc,1784880000000,67000.0,call,34.05,0.00621815,0.006,0.0065,66344.31,1389.3
1784696192,btc,1813910400000,95000.0,call,41.39,0.05519647,0.054,0.0565,68977.31,10.6
1784696192,btc,1798185600000,98000.0,call,40.7,0.01171044,0.011,0.012,67526.08,206.9
1784696192,btc,1785484800000,93000.0,put,65.02,0.40061025,0.353,0.452,66398.81,0.5
1784696192,btc,1798185600000,108000.0,put,42.36,0.60581972,0.548,0.675,67526.08,0.0
1784696192,btc,1784707200000,64000.0,put,52.7,3.7e-07,,0.0001,66313.75,98.6
1784696192,btc,1813910400000,74000.0,put,42.5,0.2067855,0.202,0.209,68977.25,0.1
1784696192,btc,1787904000000,94000.0,put,50.35,0.4120311,0.364,0.467,66620.54,0.0
1784696192,btc,1790323200000,86000.0,call,39.12,0.0051809,0.0049,0.0055,66844.69,649.1
1784696192,btc,1798185600000,115000.0,call,43.35,0.00429763,0.0041,0.0046,67526.02,2338.3
1784696192,btc,1785484800000,64000.0,put,37.03,0.0092511,0.009,0.0095,66398.81,876.5
1784696192,btc,1785484800000,93000.0,call,65.02,1.691e-05,,0.0001,66398.81,106.6
1784696192,btc,1806048000000,140000.0,put,43.88,1.05629239,0.9845,1.142,68229.6,0.0
1784696192,btc,1798185600000,80000.0,put,39.62,0.22803834,0.2205,0.2375,67526.02,952.0
1784696192,btc,1790323200000,56000.0,put,42.51,0.01402859,0.0135,0.0145,66844.6,962.5
1784696192,btc,1787904000000,50000.0,put,52.08,0.00245198,0.0023,0.0026,66620.6,1337.2
1784696192,btc,1786089600000,55000.0,put,48.85,0.00118691,0.0011,0.0013,66474.66,36.7
1784696192,btc,1785484800000,59000.0,call,43.84,0.11263388,0.109,0.1165,66398.81,197.5
1784696192,btc,1806048000000,70000.0,put,41.88,0.15190644,0.1505,0.153,68229.64,211.9
1784696192,btc,1813910400000,86000.0,call,41.57,0.08067048,0.0795,0.082,68977.31,1.6
1784696192,btc,1784707200000,57000.0,call,54.96,0.14047538,0.11,0.1695,66313.75,0.0
1784696192,btc,1785484800000,86000.0,put,60.29,0.2952825,0.2515,0.343,66398.81,15.2
1784696192,btc,1806048000000,64000.0,call,43.06,0.16945001,0.168,0.1715,68229.6,35.4
1784696192,btc,1798185600000,82000.0,put,39.57,0.25153748,0.244,0.2615,67526.08,158.7
1784696192,btc,1787904000000,78000.0,call,38.04,0.00597497,0.0055,0.0065,66620.6,994.5
1784696192,btc,1798185600000,90000.0,put,39.91,0.3533501,0.345,0.365,67526.08,590.5
1784696192,btc,1785484800000,95000.0,call,65.02,7.67e-06,,0.0001,66398.81,135.8
1784696192,btc,1787904000000,92000.0,call,48.94,0.00129377,0.0012,0.0014,66620.6,51.8
1784696192,btc,1806048000000,50000.0,call,48.35,0.30900257,0.303,0.3125,68229.6,20.5
1784696192,btc,1785484800000,78000.0,put,49.54,0.175312,0.169,0.18,66398.81,444.6
1784696192,btc,1787904000000,79000.0,put,38.72,0.19093583,0.1485,0.239,66620.6,0.3
1784696192,btc,1786089600000,72000.0,call,37.13,0.0064792,0.006,0.007,66474.45,5599.0
1784696192,btc,1813910400000,140000.0,put,42.86,1.03976104,0.9655,1.131,68977.25,0.0
1784696192,btc,1798185600000,180000.0,put,52.9,1.66600807,1.5755,1.765,67526.08,0.0
1784696192,btc,1787904000000,88000.0,put,45.66,0.32267465,0.3105,0.3745,66620.6,0.0
1784696192,btc,1785484800000,98000.0,put,65.03,0.47589632,0.426,0.5295,66398.81,0.1
1784696192,btc,1787904000000,96000.0,put,51.82,0.44190136,0.3925,0.4975,66620.6,0.1
1784696192,btc,1787904000000,86000.0,call,43.92,0.00214085,0.002,0.0023,66620.6,164.8
1784696192,btc,1813910400000,76000.0,call,42.28,0.12325118,0.1225,0.1245,68977.31,13.1
1784696192,btc,1798185600000,35000.0,put,64.19,0.00749827,0.007,0.008,67526.02,2311.7
1784696192,btc,1785484800000,75000.0,put,44.39,0.13076329,0.125,0.1375,66398.81,225.4
1784696192,btc,1786089600000,71000.0,put,36.46,0.07661396,0.042,0.1185,66474.66,0.0
1784696192,btc,1790323200000,150000.0,put,64.66,1.24413625,1.1685,1.3275,66844.6,0.7
1784696192,btc,1784880000000,61000.0,call,52.36,0.0808012,0.0475,0.1135,66344.34,22.7
1784696192,btc,1784793600000,58000.0,call,55.22,0.12551753,0.094,0.155,66313.75,0.0
1784696192,btc,1787904000000,57000.0,call,42.08,0.15193933,0.1485,0.156,66620.6,26.4
1784696192,btc,1806048000000,50000.0,put,48.35,0.04180581,0.0415,0.0425,68229.6,2023.5
1784696192,btc,1806048000000,190000.0,call,48.79,0.00112679,0.001,0.0014,68229.6,882.7
1784696192,btc,1784880000000,57000.0,call,73.45,0.14089916,0.11,0.1715,66344.31,0.0
1784696192,btc,1785484800000,76000.0,put,46.14,0.14555091,0.1395,0.1505,66398.87,453.0
1784696192,btc,1798185600000,110000.0,call,42.36,0.00552378,0.005,0.006,67526.02,2643.1
1784696192,btc,1784966400000,64000.0,put,36.12,0.0023461,0.0022,0.0025,66313.81,10.0
1784696192,btc,1787904000000,48000.0,put,55.12,0.00180058,0.0017,0.002,66620.54,830.6
1784696192,btc,1785484800000,104000.0,call,65.09,1.8e-07,,0.0001,66398.81,511.1
1784696192,btc,1790323200000,88000.0,put,39.79,0.32056107,0.274,0.3745,66844.69,4.8
1784696192,btc,1784793600000,67500.0,call,34.23,0.00184762,0.0017,0.002,66313.75,5.4
1784696192,btc,1784966400000,73000.0,put,48.53,0.10047533,0.064,0.1425,66313.81,0.0
1784696192,btc,1806048000000,76000.0,put,41.15,0.20607925,0.203,0.21,68229.6,19.6
1784696192,btc,1790323200000,76000.0,call,35.92,0.01788844,0.0175,0.018,66844.69,1295.1
1784696192,btc,1790323200000,110000.0,call,49.16,0.00072472,0.0006,0.0008,66844.6,1313.1
1784696192,btc,1798185600000,82000.0,call,39.57,0.03719509,0.0365,0.0375,67526.08,468.3
1784696192,btc,1784880000000,64000.0,call,37.69,0.03676499,0.0355,0.0415,66344.31,539.3
1784696192,btc,1790323200000,55000.0,put,43.74,0.01251279,0.012,0.013,66844.6,3175.2
1784696192,btc,1798185600000,130000.0,put,45.89,0.92729727,0.914,0.9465,67526.02,52.1
1784696192,btc,1798185600000,106000.0,call,41.74,0.0069801,0.0065,0.0075,67526.08,288.5
1784696192,btc,1786089600000,60000.0,call,40.86,0.10206047,0.069,0.1365,66474.66,15.0
1784696192,btc,1784880000000,73000.0,call,53.59,0.00014106,0.0001,0.0002,66344.31,100.0
1784696192,btc,1784880000000,65000.0,put,35.11,0.00339838,0.0032,0.0035,66344.31,206.4
1784696192,btc,1798185600000,30000.0,call,71.83,0.56097924,0.559,0.5625,67526.02,289.3
1784696192,btc,1798185600000,180000.0,call,52.9,0.00037843,0.0002,0.0006,67526.02,923.7
1784696192,btc,1785484800000,68000.0,put,36.53,0.03731699,0.0335,0.0405,66398.81,425.6
1784696192,btc,1784966400000,59000.0,call,50.25,0.11088568,0.079,0.141,66313.81,0.0
1784696192,btc,1790323200000,74000.0,put,35.8,0.13079852,0.1255,0.1355,66844.69,110.7
1784696192,btc,1798185600000,106000.0,put,41.74,0.57673978,0.5195,0.645,67526.08,0.1
1784696192,btc,1787904000000,84000.0,put,42.28,0.26348185,0.2195,0.313,66620.6,0.7
1784696192,btc,1806048000000,88000.0,put,40.63,0.33820022,0.2815,0.4115,68229.64,4.4
1784696192,btc,1786089600000,58000.0,call,43.85,0.13014914,0.098,0.163,66474.45,0.0
1784696192,btc,1785484800000,89000.0,call,63.7,6.134e-05,,0.0001,66398.87,237.4
1784696192,btc,1784793600000,65000.0,call,34.85,0.02145169,0.0165,0.026,66313.75,68.7
1784696192,btc,1785484800000,57000.0,put,48.0,0.00057963,0.0005,0.0007,66398.81,426.3
1784696192,btc,1798185600000,62000.0,put,42.2,0.06930791,0.0685,0.07,67526.02,703.9
1784696192,btc,1786089600000,66000.0,call,35.89,0.03370105,0.033,0.034,66474.66,55.1
1784696192,btc,1790323200000,45000.0,call,56.81,0.33086385,0.3275,0.334,66844.6,153.4
1784696192,btc,1785484800000,52000.0,call,62.15,0.21705371,0.189,0.2455,66398.81,0.5
1784696192,btc,1806048000000,200000.0,call,49.27,0.00084416,0.0008,0.001,68229.6,503.8
1784696192,btc,1785484800000,96000.0,put,65.02,0.4457789,0.397,0.4985,66398.81,0.1
1784696192,btc,1798185600000,140000.0,put,47.51,1.07468232,1.003,1.155,67526.02,0.2
1784696192,btc,1790323200000,125000.0,put,56.34,0.87039474,0.8065,0.9405,66844.6,22.7
1784696192,btc,1787904000000,92000.0,put,48.94,0.38221567,0.335,0.436,66620.6,1.3
1784696192,btc,1813910400000,55000.0,put,46.54,0.07742681,0.076,0.0785,68977.31,0.5
1784696192,btc,1786089600000,60000.0,put,40.86,0.00463737,0.0045,0.0048,66474.66,603.1
1784696192,btc,1806048000000,102000.0,put,40.96,0.51814107,0.458,0.5945,68229.6,0.0
1784696192,btc,1787904000000,75000.0,put,36.31,0.13553923,0.1305,0.1405,66620.6,33.8
1784696192,btc,1806048000000,96000.0,call,40.74,0.03169201,0.0305,0.0325,68229.6,119.9
1784696192,btc,1790323200000,98000.0,put,44.61,0.46783152,0.417,0.526,66844.6,0.1
1784696192,btc,1790323200000,40000.0,call,65.28,0.40419167,0.402,0.406,66844.6,34.3
1784696192,btc,1787904000000,77000.0,call,37.38,0.00697469,0.0065,0.0075,66620.6,224.3
1784696192,btc,1813910400000,100000.0,put,41.39,0.49452962,0.431,0.5775,68977.31,0.0
1784696192,btc,1790323200000,155000.0,call,66.95,0.00017886,0.0001,0.0003,66844.69,362.1
1784696192,btc,1784793600000,59000.0,put,55.22,4.7e-07,,0.0001,66313.75,67.2
1784696192,btc,1785484800000,45000.0,put,79.65,2.881e-05,,0.0001,66398.87,1059.0
1784696192,btc,1787904000000,82000.0,put,40.68,0.23415823,0.191,0.2835,66620.6,0.0
1784696192,btc,1798185600000,70000.0,put,40.28,0.12601756,0.1245,0.1275,67526.02,1044.9
1784696192,btc,1790323200000,68000.0,put,35.95,0.07006463,0.069,0.071,66844.6,618.4
1784696192,btc,1784880000000,70000.0,put,41.2,0.05568608,0.02,0.0945,66344.31,0.0
1784696192,btc,1798185600000,125000.0,call,45.03,0.00263377,0.0024,0.0027,67526.02,595.8
1784696192,btc,1806048000000,95000.0,call,40.74,0.03346378,0.0325,0.0345,68229.64,166.2
1784696192,btc,1813910400000,40000.0,put,54.36,0.02998028,0.029,0.031,68977.31,474.6
1784696192,btc,1798185600000,70000.0,call,40.28,0.08938381,0.0885,0.0905,67526.02,996.1
1784696192,btc,1785484800000,79000.0,call,51.04,0.00049126,0.0004,0.0006,66398.81,1611.1
1784696192,btc,1798185600000,30000.0,put,71.83,0.00525084,0.005,0.0055,67526.08,2148.5
1784696192,btc,1790323200000,140000.0,call,60.69,0.00021129,0.0001,0.0005,66844.6,1184.5
1784696192,btc,1813910400000,95000.0,put,41.39,0.43241384,0.3695,0.514,68977.31,20.0
1784696192,btc,1798185600000,100000.0,call,41.15,0.01046741,0.01,0.0105,67526.08,3656.8
1784696192,btc,1784966400000,72000.0,put,44.59,0.08550595,0.0755,0.126,66313.81,0.0
1784696192,btc,1813910400000,82000.0,put,41.79,0.28441777,0.2795,0.2885,68977.31,0.1
1784696192,btc,1784707200000,71000.0,call,55.48,0.0,,0.0001,66313.75,52.7
1784696192,btc,1790323200000,180000.0,put,70.84,1.69280838,1.602,1.7915,66844.6,7.3
1784696192,btc,1785484800000,74000.0,put,42.78,0.11610316,0.1105,0.121,66398.87,130.7
1784696192,btc,1784707200000,70000.0,call,51.84,0.0,,0.0001,66313.75,77.8
1784696192,btc,1785484800000,85000.0,put,60.03,0.28026863,0.237,0.328,66398.81,22.2
1784696192,btc,1806048000000,62000.0,put,43.59,0.09492252,0.094,0.0955,68229.6,255.1
1784696192,btc,1790323200000,102000.0,put,46.33,0.52721062,0.475,0.587,66844.6,0.4
1784696192,btc,1787904000000,59000.0,call,40.12,0.12542719,0.12,0.1295,66620.6,414.1
1784696192,btc,1784880000000,63500.0,call,39.42,0.04382459,0.0105,0.0775,66344.31,1.0
1784696192,btc,1798185600000,105000.0,call,41.66,0.00748013,0.007,0.008,67526.02,839.7
1784696192,btc,1784880000000,66000.0,call,34.14,0.01317338,0.013,0.0135,66344.31,1672.1
1784696192,btc,1798185600000,52000.0,call,47.2,0.25969644,0.2575,0.262,67526.02,0.0
1784696192,btc,1798185600000,58000.0,put,43.82,0.04979925,0.049,0.0505,67526.02,2254.4
1784696192,btc,1784707200000,62000.0,put,52.84,0.0,,0.0001,66313.75,23.1
1784696192,btc,1785484800000,79000.0,put,51.04,0.1902426,0.1835,0.1955,66398.81,144.3
1784696192,btc,1790323200000,145000.0,put,62.27,1.16933771,1.0955,1.2495,66844.69,0.2
1784696192,btc,1784880000000,70000.0,call,41.2,0.00058382,0.0005,0.0007,66344.34,1990.7
1784696192,btc,1784880000000,55000.0,call,73.45,0.17099657,0.141,0.2,66344.31,0.0
1784696192,btc,1784966400000,63000.0,call,38.21,0.05161205,0.018,0.0845,66313.81,0.1
1784696192,btc,1784966400000,65000.0,put,35.04,0.0051155,0.0048,0.0055,66313.81,1.7
1784696192,btc,1787904000000,105000.0,put,56.45,0.57646773,0.523,0.636,66620.6,0.0
1784696192,btc,1798185600000,94000.0,put,40.29,0.40751198,0.354,0.4735,67526.02,5.2
1784696192,btc,1785484800000,66000.0,put,36.08,0.01980553,0.0195,0.02,66398.81,431.5
1784696192,btc,1784707200000,61500.0,put,52.85,0.0,,0.0001,66313.75,103.6
1784696192,btc,1798185600000,220000.0,call,58.99,0.00021038,0.0001,0.0004,67526.08,253.8
1784696192,btc,1784793600000,67000.0,put,33.22,0.01358014,0.006,0.0485,66313.75,0.1
1784696192,btc,1806048000000,80000.0,call,40.89,0.07460849,0.0735,0.0755,68229.6,913.1
1784696192,btc,1790323200000,175000.0,put,69.15,1.61801102,1.5295,1.714,66844.6,0.2
1784696192,btc,1813910400000,66000.0,call,43.72,0.1855322,0.1835,0.1875,68977.25,22.7
1784696192,btc,1784966400000,69000.0,put,36.55,0.04202053,0.0335,0.081,66313.81,0.0
1784696192,btc,1798185600000,56000.0,put,44.76,0.04191667,0.0415,0.0425,67526.02,335.2
1784696192,btc,1787904000000,75000.0,call,36.31,0.00978768,0.0095,0.01,66620.6,2635.2
1784696192,btc,1790323200000,75000.0,put,35.9,0.14268901,0.137,0.15,66844.6,2967.4
1784696192,btc,1813910400000,66000.0,put,43.72,0.14233585,0.141,0.1435,68977.25,32.1
1784696192,btc,1798185600000,94000.0,call,40.29,0.01546095,0.015,0.0155,67526.02,111.9
1784696192,btc,1798185600000,140000.0,call,47.51,0.00141483,0.0012,0.0015,67526.08,1473.0
1784696192,btc,1787904000000,72000.0,call,35.27,0.01698016,0.0165,0.0175,66620.6,2452.4
1784696192,btc,1790323200000,90000.0,call,40.59,0.0033335,0.0031,0.0034,66844.6,3021.8
1784696192,btc,1790323200000,56000.0,call,42.51,0.17628451,0.143,0.214,66844.6,12.2
1784696192,btc,1798185600000,76000.0,put,39.71,0.18365112,0.1765,0.191,67526.02,141.7
1784696192,btc,1798185600000,250000.0,call,62.47,0.00014106,,0.0002,67526.02,1254.0
1784696192,btc,1813910400000,85000.0,call,41.61,0.08416842,0.083,0.0855,68977.25,7.4
1784696192,btc,1813910400000,45000.0,put,51.11,0.04150419,0.0405,0.0425,68977.31,158.4
1784696192,btc,1790323200000,62000.0,call,38.12,0.10470583,0.099,0.109,66844.69,682.5
1784696192,btc,1785484800000,58000.0,put,45.18,0.00075157,0.0007,0.0008,66398.81,2086.9
1784696192,btc,1806048000000,70000.0,call,41.88,0.12598191,0.125,0.1275,68229.6,743.7
1784696192,btc,1786089600000,75000.0,call,40.1,0.00306007,0.0029,0.0032,66474.66,1163.8
1784696192,btc,1784880000000,66500.0,put,34.27,0.01166559,0.011,0.012,66344.31,14.5
1784696192,btc,1784880000000,63000.0,put,41.88,0.0006949,0.0006,0.0008,66344.31,466.9
1784696192,btc,1813910400000,160000.0,put,44.14,1.32521123,1.243,1.4215,68977.25,0.0
1784696192,btc,1785484800000,67000.0,call,36.5,0.01889576,0.0185,0.019,66398.87,1977.6
1784696192,btc,1790323200000,70000.0,call,35.74,0.04082961,0.04,0.0415,66844.6,2053.7
1784696192,btc,1784880000000,55000.0,put,73.45,5.5e-06,,0.0001,66344.31,177.5
1784696192,btc,1784707200000,72000.0,put,55.49,0.08571531,0.0485,0.125,66313.75,0.0
1784696192,btc,1784880000000,63000.0,call,41.88,0.05110286,0.05,0.056,66344.31,409.7
1784696192,btc,1787904000000,88000.0,call,45.66,0.00179283,0.0017,0.0019,66620.6,184.7
1784696192,btc,1785484800000,82000.0,put,55.07,0.23517708,0.2285,0.2405,66398.81,92.0
1784696192,btc,1790323200000,260000.0,put,78.83,2.88952934,2.7585,3.0305,66844.6,0.0
1784696192,btc,1787904000000,55000.0,put,45.02,0.00549957,0.005,0.006,66620.6,526.5
1784696192,btc,1784880000000,65500.0,put,34.62,0.0053203,0.005,0.0055,66344.31,15.6
1784696192,btc,1787904000000,77000.0,put,37.38,0.16274629,0.122,0.21,66620.6,3.4
1784696192,btc,1806048000000,85000.0,call,40.69,0.05700043,0.056,0.058,68229.6,31.8
1784696192,btc,1784793600000,64500.0,call,36.79,0.0283145,0.0125,0.062,66313.75,2.7
1784696192,btc,1785484800000,48000.0,put,78.29,0.0001439,0.0001,0.0002,66398.87,1435.2
1784696192,btc,1785484800000,55000.0,call,53.49,0.17204044,0.1425,0.202,66398.81,11.6
1784696192,btc,1785484800000,80000.0,put,52.51,0.2052043,0.1985,0.2105,66398.81,385.4
1784696192,btc,1806048000000,45000.0,put,51.32,0.02894322,0.0285,0.0295,68229.6,149.6
1784696192,btc,1798185600000,110000.0,put,42.36,0.63451967,0.6245,0.6505,67526.08,54.1
1784696192,btc,1785484800000,71000.0,put,38.73,0.07366866,0.0695,0.0785,66398.81,110.5
1784696192,btc,1784793600000,63000.0,put,47.42,0.00024849,0.0002,0.0003,66313.75,27.8
1784696192,btc,1787904000000,67000.0,put,35.31,0.04792686,0.0475,0.049,66620.6,112.4
1784696192,btc,1806048000000,52000.0,put,47.34,0.04828112,0.0475,0.049,68229.6,106.8
1784696192,btc,1785484800000,115000.0,put,72.75,0.73191652,0.6735,0.7935,66398.81,3.2
1784696192,btc,1798185600000,65000.0,put,41.3,0.08774993,0.087,0.0885,67526.08,674.6
1784696192,btc,1785484800000,83000.0,call,55.77,0.00017985,0.0001,0.0003,66398.81,1219.0
1784696192,btc,1784880000000,58000.0,call,73.4,0.12591561,0.0945,0.158,66344.31,0.0
1784696192,btc,1785484800000,69000.0,call,37.0,0.00916916,0.009,0.0095,66398.81,2478.8
1784696192,btc,1813910400000,130000.0,call,42.31,0.01418326,0.013,0.0155,68977.31,68.1
1784696192,btc,1787904000000,63000.0,put,36.94,0.02355799,0.023,0.024,66620.6,651.8
1784696192,btc,1787904000000,110000.0,put,59.71,0.65142303,0.5955,0.713,66620.6,0.0
1784696192,btc,1798185600000,40000.0,call,58.6,0.41913162,0.417,0.421,67526.02,250.8
1784696192,btc,1813910400000,60000.0,put,45.08,0.10356867,0.102,0.105,68977.25,320.6
1784696192,btc,1798185600000,125000.0,put,45.03,0.85376546,0.789,0.928,67526.02,8.4
1784696192,btc,1798185600000,135000.0,put,47.09,1.00105126,0.9315,1.0795,67526.02,0.6
1784696192,btc,1806048000000,105000.0,call,40.99,0.0197668,0.019,0.0205,68229.6,158.2
1784696192,btc,1784880000000,67000.0,put,34.05,0.01610174,0.0155,0.017,66344.31,5.6
1784696192,btc,1806048000000,100000.0,put,40.87,0.49133242,0.432,0.567,68229.64,12.1
1784696192,btc,1787904000000,58000.0,put,40.96,0.00901582,0.0085,0.0095,66620.6,770.3
1784696192,btc,1785484800000,65000.0,call,36.46,0.03484073,0.034,0.0355,66398.81,2049.1
1784696192,btc,1787904000000,81000.0,put,40.02,0.21964676,0.177,0.2685,66620.6,0.1
1784696192,btc,1785484800000,100000.0,put,65.06,0.50601533,0.4985,0.5125,66398.87,99.5
1784696192,btc,1784793600000,62000.0,call,55.13,0.06535299,0.032,0.098,66313.75,0.0
1784696192,btc,1784793600000,61000.0,put,55.22,2.859e-05,,0.0002,66313.75,19.5
1784696192,btc,1785484800000,106000.0,put,65.27,0.59637528,0.5425,0.6535,66398.87,0.0
1784696192,btc,1806048000000,110000.0,put,41.29,0.62762972,0.566,0.705,68229.6,1.7
1784696192,btc,1813910400000,130000.0,put,42.31,0.89879651,0.8265,0.9875,68977.31,0.0
1784696192,btc,1785484800000,54000.0,put,56.41,0.00027982,0.0002,0.0004,66398.81,1962.7
1784696192,btc,1784966400000,63500.0,put,37.12,0.00160057,0.0015,0.0018,66313.81,7.4
1784696192,btc,1806048000000,52000.0,call,47.34,0.28616576,0.2805,0.29,68229.6,5.1
1784696192,btc,1790323200000,90000.0,put,40.59,0.34970791,0.3415,0.357,66844.6,587.5
1784696192,btc,1813910400000,50000.0,put,48.45,0.05680575,0.0555,0.0575,68977.31,19.8
1784696192,btc,1790323200000,320000.0,put,85.42,3.7871102,3.625,3.9605,66844.6,0.1
1784696192,btc,1806048000000,68000.0,call,42.22,0.13936813,0.138,0.141,68229.6,39.6
1784696192,btc,1785484800000,81000.0,put,54.1,0.22019489,0.2135,0.2255,66398.81,114.0
1784696192,btc,1787904000000,46000.0,put,58.8,0.00140969,0.0014,0.0016,66620.54,618.3
1784696192,btc,1798185600000,52000.0,put,47.2,0.02976722,0.029,0.03,67526.02,73.0
1784696192,btc,1813910400000,80000.0,call,41.93,0.10415366,0.103,0.1055,68977.25,60.3
1784696192,btc,1785484800000,88000.0,put,61.48,0.32535385,0.2805,0.3745,66398.81,2.1
1784696192,btc,1806048000000,140000.0,call,43.88,0.00444334,0.0041,0.0047,68229.6,756.3
1784696192,btc,1784793600000,57000.0,put,55.22,0.0,,0.0001,66313.75,2.3
1784696192,btc,1784707200000,63000.0,call,52.82,0.0499991,0.0165,0.082,66313.75,0.1
1784696192,btc,1786089600000,67000.0,call,35.54,0.02613818,0.0255,0.0265,66474.66,265.3
1784696192,btc,1785484800000,50000.0,call,69.29,0.24713681,0.2205,0.274,66398.81,3.4
1784696192,btc,1790323200000,94000.0,call,42.45,0.00233662,0.0021,0.0026,66844.6,164.7
1784696192,btc,1798185600000,62000.0,call,42.2,0.15114659,0.1495,0.1535,67526.02,241.2
1784696192,btc,1813910400000,82000.0,call,41.79,0.09566172,0.0945,0.097,68977.25,22.3
1784696192,btc,1813910400000,110000.0,call,41.59,0.03001184,0.029,0.031,68977.31,61.8
1784696192,btc,1790323200000,30000.0,call,83.12,0.55210527,0.551,0.5535,66844.6,107.3
1784696192,btc,1785484800000,108000.0,put,66.12,0.62649553,0.5715,0.6855,66398.81,0.0
1784696192,btc,1813910400000,85000.0,put,41.61,0.31641555,0.3085,0.3295,68977.25,4.5
1784696192,btc,1785484800000,73000.0,call,41.3,0.00224149,0.0022,0.0024,66398.81,2132.8
1784696192,btc,1806048000000,108000.0,call,41.28,0.01722228,0.0165,0.018,68229.64,57.0
1784696192,btc,1785484800000,74000.0,call,42.78,0.00165255,0.0016,0.0018,66398.87,674.6
1784696192,btc,1798185600000,96000.0,call,40.51,0.01346556,0.013,0.0135,67526.02,322.7
1784696192,btc,1784707200000,59000.0,put,53.88,0.0,,0.0001,66313.75,8.4
1784696192,btc,1790323200000,170000.0,call,68.29,7.398e-05,,0.0002,66844.69,359.5
1784696192,btc,1813910400000,170000.0,call,44.74,0.00435619,0.0038,0.0045,68977.25,0.2
1784696192,btc,1798185600000,60000.0,call,42.83,0.17005659,0.1685,0.1725,67526.02,785.2
1784696192,btc,1790323200000,190000.0,put,72.81,1.84239106,1.7465,1.9465,66844.69,0.0
1784696192,btc,1787904000000,83000.0,call,41.42,0.00293727,0.0028,0.003,66620.6,256.1
1784696192,btc,1798185600000,68000.0,call,40.71,0.10279657,0.102,0.104,67526.02,564.5
1784696192,btc,1784707200000,63000.0,put,52.82,0.0,,0.0001,66313.75,16.9
1784696192,btc,1785484800000,98000.0,call,65.03,2.26e-06,,0.0001,66398.81,1167.2
1784696192,btc,1784707200000,69000.0,call,42.01,0.0,,0.0001,66313.75,44.7
1784696192,btc,1787904000000,73000.0,call,35.47,0.01402103,0.0135,0.0145,66620.6,1366.3
1784696192,btc,1813910400000,40000.0,call,54.36,0.45009928,0.4465,0.4525,68977.25,0.1
1784696192,btc,1787904000000,74000.0,call,35.84,0.011675,0.011,0.012,66620.6,683.6
1784696192,btc,1784880000000,64000.0,put,37.69,0.00142992,0.0013,0.0016,66344.31,545.2
1784696192,btc,1786089600000,65000.0,put,36.21,0.02021344,0.0195,0.0205,66474.66,57.2
1784696192,btc,1784793600000,66500.0,put,32.68,0.00865214,0.008,0.009,66313.75,11.1
1784696192,btc,1784880000000,56000.0,call,73.45,0.15593636,0.1255,0.1855,66344.31,0.1
1784696192,btc,1790323200000,94000.0,put,42.45,0.4085499,0.3595,0.4645,66844.69,1.3
1784696192,btc,1806048000000,100000.0,call,40.87,0.02572595,0.025,0.0265,68229.6,544.1
1784696192,btc,1806048000000,68000.0,put,42.22,0.13598052,0.1345,0.137,68229.6,65.4
1784696192,btc,1806048000000,55000.0,put,46.0,0.0596516,0.0585,0.0605,68229.6,1354.1
1784696192,btc,1785484800000,84000.0,call,58.38,0.00017981,0.0001,0.0003,66398.81,743.4
1784696192,btc,1813910400000,150000.0,call,43.16,0.00719182,0.0065,0.0075,68977.25,84.8
1784696192,btc,1784880000000,50000.0,put,73.45,0.0,,0.0001,66344.31,276.7
1784696192,btc,1790323200000,58000.0,call,40.85,0.1508597,0.145,0.1545,66844.6,486.8
1784696192,btc,1784793600000,64000.0,put,39.19,0.0004546,0.0004,0.0005,66313.75,32.1
1784696192,btc,1784793600000,69000.0,put,40.44,0.04069508,0.032,0.079,66313.75,0.0
1784696192,btc,1787904000000,59000.0,put,40.12,0.01101841,0.0105,0.0115,66620.6,823.6
1784696192,btc,1784707200000,64500.0,put,48.52,2.79e-06,,0.0001,66313.75,201.3
1784696192,btc,1813910400000,52000.0,put,47.6,0.06434895,0.063,0.0655,68977.25,15.9
1784696192,btc,1790323200000,78000.0,put,35.96,0.18009427,0.175,0.1855,66844.6,629.2
1784696192,btc,1806048000000,106000.0,put,41.01,0.57229054,0.511,0.649,68229.6,0.0
1784696192,btc,1784793600000,61000.0,call,55.22,0.08031423,0.047,0.112,66313.75,0.1
1784696192,btc,1787904000000,67000.0,call,35.31,0.04225547,0.0415,0.043,66620.6,908.3
1784696192,btc,1786089600000,72000.0,put,37.13,0.08957148,0.053,0.132,66474.66,0.0
1784696192,btc,1806048000000,125000.0,put,42.33,0.83976692,0.773,0.9205,68229.6,0.0
1784696192,btc,1787904000000,105000.0,call,56.45,0.00041555,0.0003,0.0006,66620.6,166.1
1784696192,btc,1790323200000,300000.0,put,84.97,3.48791706,3.3365,3.65,66844.6,0.0
1784696192,btc,1806048000000,115000.0,call,41.64,0.01222302,0.0115,0.013,68229.6,764.7
1784696192,btc,1784966400000,62000.0,call,40.56,0.06609994,0.032,0.0985,66313.81,0.1
1784696192,btc,1787904000000,48000.0,call,55.12,0.28131901,0.278,0.2855,66620.6,37.5
1784696192,btc,1806048000000,86000.0,call,40.66,0.05400298,0.053,0.055,68229.6,110.7
1784696192,btc,1784707200000,67000.0,call,32.9,0.00012247,0.0001,0.0002,66313.75,377.7
1784696192,btc,1784880000000,56000.0,put,73.45,1.817e-05,,0.0001,66344.34,849.4
1784696192,btc,1787904000000,46000.0,call,58.8,0.3109483,0.285,0.338,66620.6,1.0
1784696192,btc,1786089600000,55000.0,call,48.85,0.17382475,0.143,0.2045,66474.66,0.0
1784696192,btc,1798185600000,210000.0,put,56.96,2.11011169,2.005,2.2245,67526.08,0.0
1784696192,btc,1784880000000,64500.0,put,36.18,0.00218059,0.002,0.0023,66344.31,19.5
1784696192,btc,1790323200000,35000.0,put,74.32,0.00161865,0.0015,0.0016,66844.69,881.5
1784696192,btc,1813910400000,80000.0,put,41.93,0.26391566,0.259,0.2675,68977.25,0.3
1784696192,btc,1798185600000,55000.0,put,45.32,0.03849091,0.038,0.039,67526.02,1034.7
1784696192,btc,1790323200000,98000.0,call,44.61,0.00177938,0.0016,0.002,66844.69,304.0
1784696192,btc,1790323200000,64000.0,put,37.13,0.04222586,0.0415,0.043,66844.6,513.5
1784696192,btc,1790323200000,135000.0,put,58.37,1.01978483,0.9515,1.095,66844.69,11.5
1784696192,btc,1784707200000,66500.0,put,28.53,0.00380358,0.003,0.0045,66313.75,37.5
1784696192,btc,1786089600000,68000.0,call,35.52,0.02004006,0.0195,0.0205,66474.66,552.6
1784696192,btc,1787904000000,56000.0,put,43.7,0.00650368,0.006,0.007,66620.6,785.7
1784696192,btc,1813910400000,30000.0,put,63.05,0.0151033,0.0145,0.0155,68977.31,184.3
1784696192,btc,1798185600000,80000.0,call,39.62,0.04331406,0.043,0.0435,67526.02,7590.5
1784696192,btc,1798185600000,105000.0,put,41.66,0.56243075,0.5525,0.577,67526.02,109.4
1784696192,btc,1784707200000,63500.0,put,52.82,1e-08,,0.0001,66313.75,81.7
1784696192,btc,1790323200000,100000.0,put,45.41,0.49748396,0.4885,0.5055,66844.69,272.4
1784696192,btc,1798185600000,200000.0,put,56.31,1.96209701,1.862,2.0715,67526.08,0.0
1784696192,btc,1784707200000,58000.0,put,54.51,0.0,,0.0001,66313.75,49.1
1784696192,btc,1785484800000,115000.0,call,72.75,3e-08,,0.0001,66398.81,182.3
1784696192,btc,1787904000000,64000.0,call,36.38,0.0677196,0.066,0.0695,66620.6,414.7
1784696192,btc,1786089600000,63000.0,put,37.81,0.0115113,0.011,0.012,66474.45,39.0
1784696192,btc,1790323200000,102000.0,call,46.33,0.00131961,0.0012,0.0013,66844.6,91.8
1784696192,btc,1787904000000,71000.0,call,35.12,0.02051244,0.02,0.021,66620.6,1112.0
1784696192,btc,1806048000000,102000.0,call,40.96,0.02322247,0.0225,0.024,68229.6,105.8
1784696192,btc,1806048000000,60000.0,call,44.19,0.20416699,0.202,0.2065,68229.6,719.3
1784696192,btc,1798185600000,170000.0,put,52.9,1.51817518,1.4325,1.6135,67526.02,0.0
1784696192,btc,1786089600000,58000.0,put,43.85,0.00264014,0.0026,0.0028,66474.66,172.0
1784696192,btc,1798185600000,78000.0,put,39.63,0.20529227,0.1985,0.2145,67526.08,234.6
1784696192,btc,1787904000000,71000.0,put,35.12,0.08622391,0.08,0.1315,66620.6,7.6
1784696192,btc,1787904000000,63000.0,call,36.94,0.07792669,0.075,0.0815,66620.6,838.9
1784696192,btc,1813910400000,76000.0,put,42.28,0.22502508,0.2205,0.2275,68977.31,0.1
1784696192,btc,1784793600000,65500.0,put,33.74,0.00281339,0.0026,0.0029,66313.75,51.8
1784696192,btc,1790323200000,80000.0,call,36.7,0.01032604,0.01,0.0105,66844.6,3510.3
1784696192,btc,1813910400000,78000.0,call,42.09,0.11330102,0.1125,0.1145,68977.25,8.9
1784696192,btc,1787904000000,58000.0,call,40.96,0.13843462,0.135,0.1425,66620.6,164.2
1784696192,btc,1785484800000,72000.0,put,39.97,0.08744959,0.082,0.092,66398.81,364.4
1784696192,btc,1786089600000,68000.0,put,35.52,0.04296055,0.0425,0.044,66474.66,0.1
1784696192,btc,1798185600000,72000.0,call,40.0,0.0775882,0.077,0.078,67526.02,1118.6
1784696192,btc,1790323200000,78000.0,call,35.96,0.01323287,0.013,0.0135,66844.6,4108.9
1784696192,btc,1813910400000,62000.0,call,44.58,0.21674473,0.2135,0.22,68977.31,94.0
1784696192,btc,1790323200000,92000.0,put,41.56,0.37908379,0.331,0.4345,66844.6,4.0
1784696192,btc,1798185600000,40000.0,put,58.6,0.01149376,0.011,0.0115,67526.02,4035.0
1784696192,btc,1798185600000,135000.0,call,47.09,0.00182903,0.0017,0.002,67526.02,1070.3
1784696192,btc,1806048000000,58000.0,call,44.86,0.22315,0.217,0.227,68229.6,5.1
1784696192,btc,1806048000000,94000.0,call,40.64,0.03508644,0.034,0.036,68229.6,123.5
1784696192,btc,1784707200000,72000.0,call,55.49,0.0,,0.0001,66313.75,1.1
1784696192,btc,1785484800000,81000.0,call,54.1,0.00032327,0.0002,0.0004,66398.81,1466.4
1784696192,btc,1786089600000,64000.0,call,36.81,0.05248585,0.0475,0.0555,66474.45,69.2
1784696192,btc,1784793600000,65000.0,put,34.85,0.00147519,0.0013,0.0016,66313.75,54.2
1784696192,btc,1787904000000,53000.0,put,47.34,0.00380499,0.0036,0.004,66620.6,210.6
1784696192,btc,1787904000000,66000.0,put,35.59,0.04053396,0.04,0.041,66620.6,233.4
1784696192,btc,1784707200000,67000.0,put,32.9,0.01044088,0.005,0.0465,66313.75,5.5
1784696192,btc,1785484800000,77000.0,call,47.99,0.00078892,0.0007,0.0008,66398.87,2610.6
1784696192,btc,1806048000000,72000.0,call,41.61,0.11375234,0.1125,0.115,68229.6,55.1
1784696192,btc,1786089600000,66000.0,put,35.89,0.02653564,0.026,0.027,66474.45,3.6
1784696192,btc,1798185600000,104000.0,put,41.54,0.54812046,0.4915,0.616,67526.02,0.0
1784696192,btc,1813910400000,50000.0,call,48.45,0.3319545,0.3285,0.335,68977.31,16.8
1784696192,btc,1784966400000,65500.0,put,34.0,0.00709077,0.0065,0.0075,66313.81,23.7
1784696192,btc,1784966400000,60000.0,call,46.96,0.09587806,0.0625,0.1275,66313.81,0.1
1784696192,btc,1798185600000,55000.0,call,45.32,0.22399296,0.222,0.2265,67526.02,42.8
1784696192,btc,1790323200000,52000.0,call,46.92,0.23059944,0.227,0.2345,66844.69,75.0
1784696192,btc,1784880000000,68000.0,call,35.74,0.00275685,0.0026,0.003,66344.31,1735.5
1784696192,btc,1785484800000,90000.0,put,65.02,0.35546594,0.3095,0.4055,66398.81,14.9
1784696192,btc,1813910400000,68000.0,put,43.31,0.15693828,0.1555,0.1585,68977.25,7.7
1784696192,btc,1784966400000,63000.0,put,38.21,0.00109219,0.001,0.0012,66313.81,3.6
1784696192,btc,1798185600000,240000.0,call,60.19,0.00012478,0.0001,0.0002,67526.02,875.5
1784696192,btc,1787904000000,69000.0,put,35.05,0.06542664,0.0615,0.071,66620.6,49.6
1784696192,btc,1798185600000,85000.0,put,39.68,0.28856567,0.2805,0.299,67526.02,548.5
1784696192,btc,1785484800000,105000.0,call,65.12,1.1e-07,,0.0001,66398.81,516.1
1784696192,btc,1798185600000,84000.0,put,39.66,0.27610112,0.268,0.286,67526.02,47.0
1784696192,btc,1785484800000,85000.0,call,60.03,0.00015644,0.0001,0.0002,66398.81,1274.4
1784696192,btc,1790323200000,84000.0,put,38.27,0.26305819,0.2565,0.269,66844.6,34.7
1784696192,btc,1784966400000,61000.0,put,43.43,0.00025504,0.0002,0.0003,66313.81,8.2
1784696192,btc,1806048000000,66000.0,put,42.62,0.1211722,0.12,0.122,68229.6,123.8
1784696192,btc,1806048000000,180000.0,put,47.89,1.6395125,1.5495,1.7415,68229.6,0.0
1784696192,btc,1798185600000,75000.0,call,39.72,0.06245719,0.062,0.063,67526.08,1324.2
1784696192,btc,1784880000000,54000.0,put,73.45,1.48e-06,,0.0001,66344.31,514.3
1784696192,btc,1813910400000,72000.0,call,42.74,0.14552655,0.1445,0.147,68977.31,13.8
1784696192,btc,1785484800000,102000.0,put,65.08,0.53613505,0.4845,0.5915,66398.87,0.1
1784696192,btc,1784880000000,50000.0,call,73.45,0.24635553,0.219,0.2715,66344.31,0.0
1784696192,btc,1785484800000,92000.0,put,65.02,0.38555809,0.339,0.4365,66398.81,0.4
1784696192,btc,1806048000000,35000.0,put,59.93,0.01402573,0.014,0.0145,68229.6,533.9
1784696192,btc,1784880000000,65000.0,call,35.11,0.02366056,0.0205,0.0275,66344.31,946.2
1784696192,btc,1813910400000,110000.0,put,41.59,0.62468459,0.558,0.709,68977.25,0.2
1784696192,btc,1790323200000,150000.0,call,64.66,0.00017889,0.0001,0.0003,66844.69,737.9
1784696192,btc,1784707200000,66000.0,call,30.46,0.0054004,0.0045,0.006,66313.75,172.6
1784696192,btc,1784793600000,66000.0,call,33.59,0.01013517,0.0095,0.0105,66313.75,160.5
1784696192,btc,1813910400000,30000.0,call,63.05,0.58019255,0.577,0.5825,68977.31,11.0
1784696192,btc,1785484800000,72000.0,call,39.97,0.00311926,0.003,0.0033,66398.81,26244.1
1784696192,btc,1787904000000,61000.0,put,38.26,0.016039,0.0155,0.0165,66620.6,572.6
1784696192,btc,1784966400000,60000.0,put,46.96,0.00014486,0.0001,0.0002,66313.81,8.9
1784696192,btc,1790323200000,50000.0,put,49.91,0.00700033,0.0065,0.0075,66844.6,3570.4
1784696192,btc,1806048000000,64000.0,put,43.06,0.10743815,0.1065,0.108,68229.6,141.3
1784696192,btc,1787904000000,61000.0,call,38.26,0.10042774,0.097,0.104,66620.6,586.3
1784696192,btc,1785484800000,70000.0,put,37.67,0.06050893,0.0565,0.0645,66398.81,909.3
1784696192,btc,1806048000000,115000.0,put,41.64,0.69767045,0.634,0.7755,68229.6,0.0
1784696192,btc,1806048000000,35000.0,call,59.93,0.50106347,0.5,0.503,68229.64,3.8
1784696192,btc,1813910400000,54000.0,put,46.88,0.07285762,0.0715,0.074,68977.25,16.0
1784696192,btc,1790323200000,140000.0,put,60.69,1.09457149,1.0235,1.1725,66844.6,1.4
1784696192,btc,1785484800000,90000.0,call,65.02,5.303e-05,,0.0001,66398.87,1314.5
1784696192,btc,1784793600000,72000.0,put,53.29,0.08559034,0.049,0.1255,66313.75,0.0
1784696192,btc,1785484800000,91000.0,put,65.02,0.3705095,0.3245,0.421,66398.81,0.2
1784696192,btc,1787904000000,70000.0,call,35.05,0.02473688,0.024,0.025,66620.54,1052.4
1784696192,btc,1806048000000,108000.0,put,41.28,0.60007726,0.5385,0.677,68229.6,0.0
1784696192,btc,1784707200000,62000.0,call,52.84,0.06507848,0.032,0.097,66313.75,0.0
1784696192,btc,1806048000000,180000.0,call,47.89,0.00142086,0.0012,0.0019,68229.6,641.8
1784696192,btc,1806048000000,84000.0,put,40.71,0.29127293,0.236,0.363,68229.64,5.8
1784696192,btc,1787904000000,76000.0,put,36.68,0.14889997,0.1085,0.196,66620.6,5.4
1784696192,btc,1785484800000,78000.0,call,49.54,0.00062081,0.0005,0.0007,66398.81,1175.5
1784696192,btc,1784707200000,67500.0,put,37.12,0.01787017,0.0043,0.0545,66313.75,0.0
1784696192,btc,1786089600000,65000.0,call,36.21,0.0424218,0.0415,0.043,66474.66,96.4
1784696192,btc,1785484800000,70000.0,call,37.67,0.00629889,0.006,0.0065,66398.81,25302.5
1784696192,btc,1786089600000,61000.0,call,39.57,0.08860076,0.085,0.093,66474.66,25.0
1784696192,btc,1786089600000,69000.0,call,35.72,0.01521275,0.0145,0.0155,66474.66,475.8
1784696192,btc,1784707200000,68000.0,call,39.84,7.5e-07,,0.0001,66313.75,302.6
1784696192,btc,1790323200000,120000.0,call,53.65,0.00046872,0.0003,0.0007,66844.6,1159.1
1784696192,btc,1784880000000,63500.0,put,39.42,0.00095307,0.0008,0.0011,66344.31,367.9
1784696192,btc,1784793600000,57000.0,call,55.22,0.14059478,0.1095,0.17,66313.75,0.0
1784696192,btc,1790323200000,170000.0,put,68.29,1.54322565,1.4575,1.6365,66844.6,0.0
1784696192,btc,1787904000000,72000.0,put,35.27,0.09770165,0.0925,0.102,66620.6,86.1
1784696192,btc,1806048000000,88000.0,call,40.63,0.04846653,0.0475,0.0495,68229.64,58.4
1784696192,btc,1806048000000,74000.0,put,41.41,0.18721691,0.184,0.1885,68229.6,55.0
1784696192,btc,1806048000000,170000.0,call,46.58,0.00171106,0.0015,0.0018,68229.6,248.2
1784696192,btc,1786089600000,70000.0,put,36.08,0.06448206,0.0315,0.105,66474.66,0.0
1784696192,btc,1787904000000,73000.0,put,35.47,0.10975254,0.0725,0.156,66620.6,4.7
1784696192,btc,1784793600000,66000.0,put,33.59,0.00523596,0.0049,0.0055,66313.75,3.9
1784696192,btc,1806048000000,74000.0,call,41.41,0.10266813,0.1015,0.104,68229.6,49.8
1784696192,btc,1798185600000,64000.0,put,41.59,0.0812743,0.0805,0.082,67526.02,229.0
1784696192,btc,1787904000000,84000.0,call,42.28,0.00264011,0.0025,0.0028,66620.6,58.6
1784696192,btc,1806048000000,54000.0,call,46.41,0.26417613,0.258,0.268,68229.64,0.0
1784696192,btc,1784793600000,64000.0,call,39.19,0.03550838,0.0125,0.0685,66313.75,12.7
1784696192,btc,1784966400000,69000.0,call,36.55,0.00211371,0.0019,0.0023,66313.81,5.0
1784696192,btc,1786089600000,53000.0,put,52.19,0.0006961,0.0006,0.0008,66474.45,17.5
1784696192,btc,1790323200000,115000.0,call,51.74,0.00060385,0.0006,0.0007,66844.69,2186.8
1784696192,btc,1784793600000,68000.0,call,35.83,0.00101514,0.0009,0.0012,66313.75,73.3
1784696192,btc,1787904000000,60000.0,call,39.35,0.11285561,0.109,0.1165,66620.6,368.8
1784696192,btc,1813910400000,84000.0,put,41.69,0.30568646,0.3005,0.3095,68977.31,0.0
1784696192,btc,1806048000000,120000.0,put,42.0,0.76844823,0.704,0.8475,68229.64,1.0
1784696192,btc,1784707200000,65000.0,put,39.18,6.89e-06,,0.0001,66313.75,51.1
1784696192,btc,1785484800000,52000.0,put,62.15,0.00018117,0.0001,0.0003,66398.81,2034.2
1784696192,btc,1806048000000,104000.0,put,40.98,0.54509527,0.4845,0.621,68229.6,0.0
1784696192,btc,1787904000000,57000.0,put,42.08,0.00751051,0.007,0.008,66620.6,623.0
1784696192,btc,1806048000000,94000.0,put,40.64,0.41275652,0.354,0.4865,68229.6,9.0
1784696192,btc,1798185600000,100000.0,put,41.15,0.49137277,0.4815,0.5045,67526.02,303.1
1784696192,btc,1798185600000,75000.0,put,39.72,0.1731362,0.166,0.1805,67526.02,888.9
1784696192,btc,1787904000000,70000.0,put,35.05,0.07544535,0.0715,0.0815,66620.6,105.7
1784696192,btc,1787904000000,60000.0,put,39.35,0.01345685,0.013,0.0135,66620.6,1570.3
1784696192,btc,1784966400000,68500.0,call,35.62,0.00297548,0.0028,0.0032,66313.81,1.8
1784696192,btc,1784880000000,60000.0,put,58.6,0.00018204,0.0001,0.0003,66344.34,1441.9
1784696192,btc,1790323200000,130000.0,call,58.37,0.00036489,0.0003,0.0005,66844.6,1432.3
1784696192,btc,1806048000000,76000.0,call,41.15,0.09221833,0.091,0.0935,68229.6,277.0
1784696192,btc,1784966400000,63500.0,call,37.12,0.04458487,0.0115,0.0775,66313.81,0.0
1784696192,btc,1785484800000,95000.0,put,65.02,0.4307213,0.3825,0.4825,66398.87,0.4
1784696192,btc,1813910400000,92000.0,call,41.44,0.06267965,0.0615,0.064,68977.31,1.0
1784696192,btc,1790323200000,92000.0,call,41.56,0.00278994,0.0026,0.003,66844.69,485.2
1784696192,btc,1790323200000,125000.0,call,56.34,0.00043027,0.0002,0.0006,66844.69,2302.8
1784696192,btc,1785484800000,91000.0,call,65.02,3.644e-05,,0.0001,66398.81,286.1
1784696192,btc,1798185600000,120000.0,put,44.16,0.78041199,0.769,0.798,67526.02,35.5
1784696192,btc,1787904000000,56000.0,call,43.7,0.16594252,0.162,0.1695,66620.6,59.4
1784696192,btc,1784793600000,70000.0,put,46.33,0.05558384,0.0195,0.094,66313.75,0.0
1784696192,btc,1813910400000,70000.0,put,43.0,0.17264244,0.171,0.1745,68977.25,9.1
1784696192,btc,1798185600000,220000.0,put,58.99,2.25820216,2.148,2.3775,67526.02,0.0
1784696192,btc,1784707200000,63500.0,call,52.82,0.04245943,0.013,0.075,66313.75,12.6
1784696192,btc,1806048000000,65000.0,call,42.85,0.16157634,0.16,0.1635,68229.6,211.6
1784696192,btc,1806048000000,130000.0,call,42.93,0.00645702,0.006,0.0065,68229.6,1056.6
1784696192,btc,1790323200000,175000.0,call,69.15,6.076e-05,,0.0002,66844.6,1355.9
1784696192,btc,1787904000000,74000.0,put,35.84,0.12241653,0.084,0.1685,66620.6,3.3
1784696192,btc,1787904000000,50000.0,call,52.08,0.25195095,0.2485,0.2555,66620.6,51.0
1784696192,btc,1806048000000,84000.0,call,40.71,0.0601635,0.059,0.061,68229.6,133.4
1784696192,btc,1813910400000,160000.0,call,44.14,0.00568723,0.005,0.006,68977.25,492.3
1784696192,btc,1813910400000,170000.0,put,44.74,1.46885043,1.382,1.57,68977.25,0.0
1784696192,btc,1784966400000,64500.0,call,35.32,0.03135777,0.0036,0.064,66313.81,0.0
1784696192,btc,1790323200000,86000.0,put,39.12,0.29171646,0.246,0.3455,66844.69,11.6
1784696192,btc,1784966400000,71000.0,call,41.11,0.00059223,0.0005,0.0007,66313.81,2.9
1784696192,btc,1790323200000,68000.0,call,35.95,0.05279417,0.052,0.0535,66844.6,782.0
1784696192,btc,1784880000000,75000.0,put,61.39,0.130536,0.092,0.172,66344.31,0.2
1784696192,btc,1790323200000,280000.0,call,81.51,2.42e-06,,0.0001,66844.69,94.0
1784696192,btc,1798185600000,230000.0,call,60.19,0.00018187,0.0001,0.0002,67526.02,196.3
1784696192,btc,1784966400000,64500.0,put,35.32,0.00344458,0.0032,0.0036,66313.81,2.9
1784696192,btc,1784793600000,69000.0,call,40.44,0.00036244,0.0003,0.0004,66313.75,66.0
1784696192,btc,1784707200000,65500.0,put,38.2,0.00012019,0.0001,0.0002,66313.75,158.9
1784696192,btc,1798185600000,50000.0,put,48.73,0.02525207,0.025,0.0255,67526.02,1679.0
1784696192,btc,1787904000000,65000.0,call,35.94,0.05836266,0.0575,0.0595,66620.6,972.7
1784696192,btc,1785484800000,120000.0,call,77.21,2e-08,,0.0001,66398.81,1062.5
1784696192,btc,1787904000000,68000.0,put,35.13,0.05622332,0.0555,0.0575,66620.6,82.7
1784696192,btc,1784707200000,60000.0,call,52.94,0.09523724,0.0625,0.1255,66313.75,0.0
1784696192,btc,1787904000000,76000.0,call,36.68,0.00813839,0.0075,0.0085,66620.6,958.2
1784696192,btc,1785484800000,63000.0,call,38.15,0.05742733,0.054,0.0615,66398.81,1159.7
1784696192,btc,1798185600000,54000.0,put,45.89,0.03528575,0.0345,0.036,67526.02,1813.3
1784696192,btc,1798185600000,92000.0,put,40.03,0.38014152,0.327,0.445,67526.02,4.5
1784696192,btc,1787904000000,40000.0,call,70.35,0.40028331,0.398,0.4025,66620.6,11.5
1784696192,btc,1806048000000,78000.0,put,40.99,0.22612689,0.2225,0.23,68229.6,182.4
1784696192,btc,1784793600000,65500.0,call,33.74,0.01525125,0.012,0.0185,66313.75,60.4
1784696192,btc,1790323200000,54000.0,call,44.8,0.20318533,0.1705,0.2395,66844.69,7.2
1784696192,btc,1798185600000,108000.0,call,42.36,0.00644194,0.006,0.0065,67526.02,120.3
1784696192,btc,1798185600000,60000.0,put,42.83,0.0585998,0.058,0.059,67526.02,6442.4
1784696192,btc,1813910400000,58000.0,call,45.62,0.25160581,0.2485,0.2545,68977.31,4.7
1784696192,btc,1798185600000,250000.0,put,62.47,2.70240445,2.5775,2.8385,67526.02,10.0
1784696192,btc,1790323200000,85000.0,call,38.46,0.00562184,0.0055,0.006,66844.69,1221.4
1784696192,btc,1806048000000,190000.0,put,48.79,1.78577908,1.691,1.892,68229.6,0.9
1784696192,btc,1798185600000,160000.0,call,51.03,0.00078027,0.0006,0.001,67526.02,1228.1
1784696192,btc,1784966400000,74000.0,call,52.04,0.00020656,0.0001,0.0003,66313.81,0.1
1784696192,btc,1798185600000,88000.0,put,39.73,0.32688675,0.275,0.3915,67526.02,4.1
1784696192,btc,1790323200000,96000.0,put,43.55,0.43816828,0.3885,0.495,66844.69,1.0
1784696192,btc,1798185600000,96000.0,put,40.51,0.4351347,0.381,0.5015,67526.08,11.2
1784696192,btc,1785484800000,87000.0,put,61.0,0.31031618,0.266,0.3585,66398.81,8.1
1784696192,btc,1785484800000,67000.0,put,36.5,0.02792537,0.027,0.028,66398.81,236.6
1784696192,btc,1798185600000,90000.0,call,39.91,0.02053528,0.02,0.0205,67526.02,2930.3
1784696192,btc,1806048000000,66000.0,call,42.62,0.15387193,0.1525,0.1555,68229.6,19.0
1784696192,btc,1813910400000,62000.0,put,44.58,0.11556028,0.114,0.1165,68977.25,11.3
1784696192,btc,1806048000000,200000.0,put,49.27,1.9320571,1.832,2.0435,68229.6,1.0
1784696192,btc,1806048000000,45000.0,call,51.32,0.36942031,0.364,0.373,68229.6,3.2
1784696192,btc,1784880000000,61000.0,put,52.36,0.00024746,0.0002,0.0003,66344.31,389.9
1784696192,btc,1790323200000,30000.0,put,83.12,0.00089674,0.0008,0.001,66844.69,2287.4
1784696192,btc,1784966400000,61000.0,call,43.43,0.08091712,0.047,0.1125,66313.81,0.0
1784696192,btc,1806048000000,160000.0,call,45.55,0.00223657,0.0021,0.0023,68229.6,854.8
1784696192,btc,1790323200000,260000.0,call,78.83,3.25e-06,,0.0002,66844.6,293.8
1784696192,btc,1785484800000,69000.0,put,37.0,0.04831906,0.0445,0.052,66398.81,216.8
1784696192,btc,1784880000000,54000.0,call,73.45,0.18606545,0.157,0.2135,66344.31,2.0
1784696192,btc,1798185600000,66000.0,put,41.12,0.09482731,0.0935,0.096,67526.02,243.0
1784696192,btc,1790323200000,82000.0,call,37.61,0.00823322,0.008,0.0085,66844.69,2447.6
1784696192,btc,1806048000000,92000.0,put,40.63,0.38744495,0.3295,0.4615,68229.6,0.2
1784696192,btc,1798185600000,190000.0,put,54.19,1.81401797,1.7185,1.9185,67526.02,0.0
1784696192,btc,1798185600000,35000.0,call,64.19,0.48918139,0.4875,0.491,67526.02,77.6
1784696192,btc,1798185600000,160000.0,put,51.03,1.37022884,1.2895,1.4595,67526.02,0.0
1784696192,btc,1785484800000,86000.0,call,60.29,0.00011016,,0.0002,66398.87,306.0
1784696192,btc,1798185600000,120000.0,call,44.16,0.00332557,0.003,0.0036,67526.02,6031.4
1784696192,btc,1806048000000,72000.0,put,41.61,0.168989,0.1675,0.1705,68229.64,136.7
1784696192,btc,1785484800000,89000.0,put,63.7,0.34041411,0.2945,0.39,66398.81,5.9
1784696192,btc,1784880000000,58000.0,put,73.4,0.0001432,0.0001,0.0002,66344.31,801.4
1784696192,btc,1784966400000,64000.0,call,36.12,0.03779484,0.0075,0.071,66313.81,0.0
1784696192,btc,1798185600000,150000.0,call,49.29,0.00102693,0.0008,0.0013,67526.02,1635.0
1784696192,btc,1784793600000,60000.0,put,55.22,4.24e-06,,0.0001,66313.75,36.7
1784696192,btc,1806048000000,58000.0,put,44.86,0.07320175,0.0725,0.074,68229.6,108.1
1784696192,btc,1784966400000,72000.0,call,44.59,0.00038579,0.0003,0.0005,66313.81,2.7
1784696192,btc,1787904000000,54000.0,put,45.88,0.00445809,0.0042,0.0047,66620.6,817.5
1784696192,btc,1787904000000,81000.0,call,40.02,0.00383509,0.0037,0.0039,66620.6,1048.6
1784696192,btc,1785484800000,59000.0,put,43.85,0.00118337,0.0012,0.0013,66398.81,1712.0
1784696192,btc,1787904000000,95000.0,call,50.97,0.00099386,0.0009,0.0011,66620.6,10.6
1784696192,btc,1813910400000,100000.0,call,41.39,0.04482712,0.0435,0.046,68977.31,58.2
1784696192,btc,1790323200000,88000.0,call,39.79,0.00410608,0.0039,0.0042,66844.6,650.3
1784696192,btc,1798185600000,66000.0,call,41.12,0.11742977,0.1165,0.1185,67526.02,255.6
1784696192,btc,1798185600000,102000.0,call,41.36,0.00914508,0.009,0.0095,67526.02,168.1
1784696192,btc,1787904000000,69000.0,call,35.05,0.02973521,0.029,0.0305,66620.6,616.3
1784696192,btc,1806048000000,104000.0,call,40.98,0.02086454,0.02,0.0215,68229.6,75.2
1784696192,btc,1784707200000,60000.0,put,52.94,0.0,,0.0001,66313.75,44.1
1784696192,btc,1787904000000,95000.0,put,50.97,0.42694582,0.378,0.482,66620.6,0.1
1784696192,btc,1798185600000,170000.0,call,52.9,0.00063608,0.0005,0.0008,67526.08,2384.1
1784696192,btc,1790323200000,65000.0,call,36.75,0.07581098,0.075,0.077,66844.6,731.9
1784696192,btc,1806048000000,130000.0,put,42.93,0.91174543,0.843,0.9935,68229.6,0.2
1784696192,btc,1806048000000,80000.0,put,40.89,0.24709367,0.243,0.251,68229.6,139.4
1784696192,btc,1784880000000,66500.0,call,34.27,0.00931844,0.009,0.0095,66344.31,72.5
1784696192,btc,1787904000000,62000.0,call,37.63,0.08891661,0.0835,0.0925,66620.6,928.2
1784696192,btc,1790323200000,300000.0,call,84.97,2.34e-06,,0.0001,66844.69,192.5
1784696192,btc,1784880000000,62000.0,call,46.42,0.06584928,0.0625,0.0705,66344.31,126.7
1784696192,btc,1806048000000,40000.0,call,55.19,0.43389409,0.4325,0.436,68229.6,68.6
1784696192,btc,1813910400000,64000.0,call,44.15,0.20075759,0.1975,0.204,68977.25,15.5
1784696192,btc,1790323200000,135000.0,call,58.37,0.00022321,0.0001,0.0004,66844.6,275.5
1784696192,btc,1784793600000,70000.0,call,46.33,0.00017392,0.0001,0.0002,66313.75,36.7
1784696192,btc,1790323200000,72000.0,put,35.6,0.10822056,0.103,0.115,66844.69,274.9
1784696192,btc,1806048000000,85000.0,put,40.69,0.30276592,0.2465,0.3755,68229.6,0.8
1784696192,btc,1787904000000,55000.0,call,45.02,0.17994843,0.176,0.1835,66620.6,5.8
1784696192,btc,1790323200000,62000.0,put,38.12,0.0322082,0.0315,0.033,66844.6,967.9
1784696192,btc,1785484800000,76000.0,call,46.14,0.00098001,0.0009,0.001,66398.87,2513.1
1784696192,btc,1806048000000,55000.0,call,46.0,0.25356804,0.2475,0.2575,68229.6,28.6
1784696192,btc,1806048000000,62000.0,call,43.59,0.18624651,0.1845,0.1885,68229.6,42.2
1784696192,btc,1787904000000,110000.0,call,59.71,0.00032075,0.0002,0.0005,66620.6,104.0
1784696192,btc,1785484800000,48000.0,call,78.29,0.27725701,0.2515,0.304,66398.81,2.0
1784696192,btc,1813910400000,150000.0,put,43.16,1.18174557,1.103,1.2755,68977.31,0.0
1784696192,btc,1784880000000,67500.0,put,34.75,0.02157284,0.0004,0.058,66344.31,0.0
1784696192,btc,1790323200000,120000.0,put,53.65,0.7956346,0.784,0.805,66844.6,172.3
1784696192,btc,1813910400000,52000.0,call,47.6,0.31050365,0.307,0.3135,68977.25,0.6
1784696192,btc,1787904000000,94000.0,call,50.35,0.00108916,0.001,0.0011,66620.6,166.0
1784696192,btc,1790323200000,50000.0,call,49.91,0.25901455,0.255,0.2625,66844.6,30.5
1784696192,btc,1787904000000,96000.0,call,51.82,0.00093938,0.0008,0.0011,66620.6,22.0
1784696192,btc,1785484800000,75000.0,call,44.39,0.00125253,0.0012,0.0014,66398.87,4215.4
1784696192,btc,1784966400000,66000.0,call,33.97,0.015345,0.015,0.016,66313.81,11.7
1784696192,btc,1790323200000,96000.0,call,43.55,0.00203557,0.0018,0.0023,66844.69,305.8
1784696192,btc,1806048000000,112000.0,call,41.54,0.01422039,0.0135,0.015,68229.6,61.9
1784696192,btc,1806048000000,82000.0,call,40.72,0.06679872,0.066,0.0675,68229.6,651.5
1784696192,btc,1785484800000,108000.0,call,66.12,4e-08,,0.0001,66398.81,375.1
1784696192,btc,1790323200000,55000.0,call,43.74,0.18972843,0.1855,0.1935,66844.69,90.9
1784696192,btc,1785484800000,68000.0,call,36.53,0.01322723,0.013,0.0135,66398.81,3947.3
1784696192,btc,1785484800000,100000.0,call,65.06,9.9e-07,,0.0001,66398.81,1802.6
1784696192,btc,1813910400000,88000.0,call,41.52,0.07417281,0.073,0.0755,68977.31,2.7
1784696192,btc,1798185600000,74000.0,put,39.8,0.16304575,0.156,0.1705,67526.08,102.6
1784696192,btc,1813910400000,45000.0,call,51.11,0.38913806,0.3855,0.3915,68977.31,0.4
1784696192,btc,1784707200000,66500.0,call,28.53,0.00102485,0.0008,0.0012,66313.75,160.7
1784696192,btc,1784880000000,65500.0,call,34.62,0.01804604,0.0135,0.022,66344.31,31.9
1784696192,btc,1790323200000,74000.0,call,35.8,0.02377955,0.0235,0.024,66844.6,647.3
1784696192,btc,1785484800000,64000.0,call,37.03,0.04540192,0.0425,0.049,66398.81,984.9
1784696192,btc,1784707200000,64500.0,call,48.52,0.02738282,0.0125,0.0605,66313.75,17.0
1784696192,btc,1784966400000,74000.0,put,52.04,0.11546895,0.0785,0.158,66313.81,0.0
1784696192,btc,1813910400000,54000.0,call,46.88,0.29001827,0.2865,0.293,68977.31,0.3
1784696192,btc,1798185600000,84000.0,call,39.66,0.03214062,0.0315,0.0325,67526.02,679.5
1784696192,btc,1784966400000,67000.0,put,34.08,0.01812558,0.0175,0.0185,66313.81,0.2
1784696192,btc,1784966400000,59000.0,put,50.25,8.137e-05,,0.0001,66313.81,0.4
1784696192,btc,1787904000000,85000.0,call,43.16,0.00238848,0.0022,0.0026,66620.6,315.1
1784696192,btc,1790323200000,76000.0,put,35.92,0.15482684,0.1495,0.1625,66844.69,599.6
1784696192,btc,1787904000000,98000.0,call,53.06,0.00079367,0.0007,0.0009,66620.6,102.7
1784696192,btc,1790323200000,54000.0,put,44.8,0.01100998,0.0105,0.0115,66844.6,364.1
1784696192,btc,1787904000000,100000.0,call,54.45,0.00069325,0.0006,0.0008,66620.6,153.8
1784696192,btc,1798185600000,76000.0,call,39.71,0.05816305,0.058,0.0585,67526.02,312.3
1784696192,btc,1813910400000,86000.0,put,41.57,0.32741463,0.319,0.34,68977.25,0.0
1784696192,btc,1813910400000,92000.0,put,41.44,0.39640595,0.335,0.477,68977.25,0.0
1784696192,btc,1787904000000,82000.0,call,40.68,0.00333653,0.0032,0.0034,66620.6,1206.7
1784696192,btc,1786089600000,63000.0,call,37.81,0.06380555,0.032,0.099,66474.66,24.3
1784696192,btc,1798185600000,104000.0,call,41.54,0.0079789,0.0075,0.0085,67526.02,80.4
1784696192,btc,1790323200000,66000.0,call,36.45,0.0675066,0.067,0.0685,66844.6,768.4
1784696192,btc,1790323200000,155000.0,put,66.95,1.3189348,1.24,1.405,66844.6,0.1
1784696192,btc,1790323200000,105000.0,call,47.38,0.00103827,0.0009,0.0011,66844.6,1209.3
1784696192,btc,1785484800000,71000.0,call,38.73,0.00439848,0.0042,0.0046,66398.81,2345.2
1784696192,btc,1798185600000,88000.0,call,39.73,0.02369004,0.023,0.024,67526.02,2430.5
1784696192,btc,1813910400000,56000.0,put,46.2,0.0821549,0.0805,0.0835,68977.25,40.7
1784696192,btc,1806048000000,105000.0,put,40.99,0.55865359,0.4975,0.635,68229.6,0.0
1784696192,btc,1787904000000,80000.0,put,39.29,0.2051991,0.163,0.254,66620.6,12.7
1784696192,btc,1784793600000,71000.0,put,49.93,0.07055345,0.0345,0.11,66313.75,0.0
1784696192,btc,1785484800000,54000.0,call,56.41,0.18703207,0.1575,0.2165,66398.87,1.6
1784696192,btc,1784966400000,68000.0,put,34.85,0.0290416,0.003,0.067,66313.81,0.0
1784696192,btc,1813910400000,105000.0,put,41.5,0.55888343,0.494,0.6425,68977.25,0.0
1784696192,btc,1787904000000,52000.0,put,48.99,0.00331026,0.0032,0.0034,66620.6,1041.8
1784696192,btc,1790323200000,82000.0,put,37.61,0.23492991,0.2275,0.2405,66844.6,194.1
1784696192,btc,1806048000000,112000.0,put,41.54,0.65569963,0.5935,0.7335,68229.6,0.0
1784696192,btc,1785484800000,82000.0,call,55.07,0.00024532,0.0002,0.0003,66398.81,2977.4
1784696192,btc,1798185600000,58000.0,call,43.82,0.19087415,0.189,0.193,67526.02,41.8
1784696192,btc,1785484800000,65000.0,put,36.46,0.01375006,0.0135,0.014,66398.81,474.8
1784696192,btc,1784707200000,66000.0,put,30.46,0.00063944,0.0005,0.0007,66313.75,43.8
1784696192,btc,1784966400000,67000.0,call,34.08,0.00836099,0.008,0.009,66313.81,6.2
1784696192,btc,1787904000000,65000.0,put,35.94,0.03401401,0.0335,0.0345,66620.6,437.9
1784696192,btc,1784707200000,68000.0,put,39.84,0.02539854,0.013,0.0625,66313.75,0.1
1784696192,btc,1784793600000,67000.0,call,33.22,0.00340207,0.0033,0.0036,66313.75,240.9
1784696192,btc,1790323200000,66000.0,put,36.45,0.05484783,0.054,0.0555,66844.6,641.9
1784696192,btc,1784707200000,58000.0,call,54.51,0.125396,0.094,0.1545,66313.75,0.0
1784696192,btc,1813910400000,90000.0,call,41.47,0.06817634,0.067,0.0695,68977.25,64.8
1784696192,btc,1784793600000,72000.0,call,53.29,2.585e-05,,0.0001,66313.75,5.2
1784696192,btc,1798185600000,85000.0,call,39.68,0.02979611,0.029,0.03,67526.08,2116.4
1784696192,btc,1798185600000,98000.0,put,40.7,0.46299769,0.4075,0.5295,67526.02,1.1
1784696192,btc,1806048000000,78000.0,call,40.99,0.08295385,0.082,0.084,68229.6,371.4
1784696192,btc,1787904000000,90000.0,put,47.45,0.35244288,0.3055,0.4055,66620.6,0.5
1784696192,btc,1787904000000,85000.0,put,43.16,0.27824024,0.234,0.3285,66620.6,0.4
1784696192,btc,1790323200000,200000.0,put,72.81,1.99196703,1.891,2.101,66844.6,0.1
1784696192,btc,1784793600000,67500.0,put,34.23,0.01956433,0.0047,0.0555,66313.75,0.0
1784696192,btc,1787904000000,68000.0,call,35.13,0.03554191,0.035,0.036,66620.6,638.0
1784696192,btc,1787904000000,52000.0,call,48.99,0.22278918,0.219,0.2265,66620.6,51.0
1784696192,btc,1798185600000,78000.0,call,39.63,0.05018609,0.0495,0.0505,67526.02,347.7
1784696192,btc,1784966400000,71000.0,put,41.11,0.07064128,0.035,0.111,66313.81,0.0
1784696192,btc,1790323200000,85000.0,put,38.46,0.27719767,0.271,0.2835,66844.6,454.5
1784696192,btc,1784880000000,59000.0,put,65.12,0.000144,0.0001,0.0002,66344.31,389.1
1784696192,btc,1787904000000,54000.0,call,45.88,0.19391697,0.1905,0.1975,66620.6,8.0
1784696192,btc,1785484800000,106000.0,call,65.27,8e-08,,0.0001,66398.81,44.6
1784696192,btc,1785484800000,62000.0,put,39.11,0.00403068,0.0039,0.004,66398.81,1141.8
1784696192,btc,1784880000000,57000.0,put,73.45,5.386e-05,,0.0001,66344.31,696.6
1784696192,btc,1784880000000,60000.0,call,58.6,0.09580867,0.092,0.1005,66344.31,135.9
1784696192,btc,1798185600000,95000.0,put,40.42,0.42131683,0.4125,0.434,67526.02,85.9
1784696192,btc,1784966400000,67500.0,call,34.27,0.00593583,0.0055,0.0065,66313.81,5.0
1784696192,btc,1784880000000,59000.0,call,65.12,0.11084352,0.0785,0.143,66344.31,5.3
1784696192,eth,1790323200000,8500.0,call,97.73,3.6e-05,,0.0002,1940.47,1253.0
1784696192,eth,1806048000000,5000.0,put,60.47,1.541663,1.438,1.6675,1974.24,0.0
1784696192,eth,1790323200000,4500.0,put,73.29,1.319399,1.2295,1.419,1940.5,6.0
1784696192,eth,1784707200000,1900.0,call,51.9,0.018099,0.014,0.023,1934.77,584.0
1784696192,eth,1787904000000,1400.0,put,63.04,0.003851,0.0036,0.0041,1935.8,6207.0
1784696192,eth,1806048000000,800.0,call,73.38,0.605816,0.5885,0.6315,1974.28,0.0
1784696192,eth,1806048000000,4400.0,call,59.13,0.014775,0.0145,0.0155,1974.24,1081.0
1784696192,eth,1784880000000,1925.0,call,43.93,0.016031,0.0155,0.017,1934.77,1018.0
1784696192,eth,1798185600000,3000.0,put,55.69,0.562729,0.5495,0.5735,1952.33,795.0
1784696192,eth,1790323200000,2500.0,put,52.16,0.303775,0.2955,0.312,1940.5,3163.0
1784696192,eth,1790323200000,13000.0,call,119.8,2.6e-05,,0.0003,1940.5,1873.0
1784696192,eth,1790323200000,7200.0,put,90.95,2.710348,2.568,2.866,1940.5,0.0
1784696192,eth,1813910400000,1900.0,put,57.84,0.191193,0.1895,0.1935,1994.37,21.0
1784696192,eth,1784707200000,1925.0,put,36.47,0.000902,0.0007,0.0011,1934.77,2218.0
1784696192,eth,1785484800000,2650.0,call,79.3,0.00029,0.0002,0.0004,1935.69,2563.0
1784696192,eth,1798185600000,4500.0,call,60.9,0.003889,0.0038,0.004,1952.33,1553.0
1784696192,eth,1786089600000,1800.0,call,50.58,0.085072,0.058,0.1185,1935.41,100.0
1784696192,eth,1786089600000,1750.0,put,52.13,0.010093,0.0095,0.0105,1935.41,308.0
1784696192,eth,1813910400000,1400.0,call,60.34,0.37706,0.3735,0.3815,1994.37,50.0
1784696192,eth,1806048000000,2300.0,call,56.04,0.125436,0.124,0.1265,1974.24,2273.0
1784696192,eth,1785484800000,1300.0,call,96.37,0.328594,0.3065,0.352,1935.69,50.0
1784696192,eth,1784793600000,1600.0,call,87.56,0.172982,0.1485,0.194,1934.77,0.0
1784696192,eth,1787904000000,1850.0,call,49.13,0.085759,0.082,0.09,1935.8,3601.0
1784696192,eth,1790323200000,6400.0,call,86.16,9e-05,,0.0002,1940.5,1923.0
1784696192,eth,1798185600000,3500.0,put,57.33,0.805447,0.729,0.9,1952.3,52.0
1784696192,eth,1806048000000,6000.0,call,63.01,0.005039,0.0046,0.0055,1974.24,3782.0
1784696192,eth,1785484800000,1450.0,put,79.53,0.000401,0.0003,0.0006,1935.66,6000.0
1784696192,eth,1784880000000,1700.0,call,73.22,0.12154,0.118,0.126,1934.77,295.0
1784696192,eth,1785484800000,1500.0,put,75.03,0.000588,0.0005,0.0007,1935.66,13046.0
1784696192,eth,1787904000000,1200.0,call,73.42,0.381497,0.3635,0.4025,1935.77,51.0
1784696192,eth,1806048000000,3500.0,put,57.27,0.806166,0.7225,0.914,1974.24,15.0
1784696192,eth,1790323200000,3500.0,put,63.18,0.805303,0.792,0.8185,1940.5,1141.0
1784696192,eth,1798185600000,5200.0,call,63.87,0.002145,0.0019,0.0025,1952.33,8849.0
1784696192,eth,1790323200000,6500.0,call,86.6,8.3e-05,,0.0002,1940.5,1337.0
1784696192,eth,1785484800000,2550.0,call,74.16,0.000424,0.0003,0.0005,1935.66,1738.0
1784696192,eth,1784966400000,1700.0,call,64.08,0.121688,0.0915,0.151,1934.77,0.0
1784696192,eth,1790323200000,8000.0,put,94.35,3.12258,2.9645,3.2945,1940.5,0.0
1784696192,eth,1784707200000,2100.0,put,84.91,0.085386,0.0785,0.13,1934.77,0.0
1784696192,eth,1790323200000,6800.0,call,89.25,8e-05,,0.0002,1940.47,1462.0
1784696192,eth,1798185600000,4600.0,put,61.6,1.359771,1.266,1.469,1952.3,0.0
1784696192,eth,1806048000000,900.0,call,70.31,0.559419,0.5385,0.589,1974.24,68.0
1784696192,eth,1787904000000,2500.0,call,54.1,0.005967,0.0055,0.006,1935.8,26576.0
1784696192,eth,1790323200000,3600.0,call,64.51,0.001482,0.0013,0.0017,1940.5,2715.0
1784696192,eth,1790323200000,4600.0,put,73.72,1.370859,1.2795,1.4725,1940.47,38.0
1784696192,eth,1784707200000,1850.0,put,74.15,2e-06,,0.0001,1934.77,586.0
1784696192,eth,1806048000000,900.0,put,70.31,0.015244,0.0145,0.016,1974.28,767.0
1784696192,eth,1813910400000,2600.0,put,57.13,0.428899,0.421,0.4375,1994.37,0.0
1784696192,eth,1790323200000,15000.0,put,127.3,6.729792,6.433,7.051,1940.5,0.0
1784696192,eth,1786089600000,2400.0,put,58.62,0.242248,0.193,0.299,1935.41,0.0
1784696192,eth,1790323200000,12000.0,put,115.57,5.183841,4.9465,5.4415,1940.5,0.0
1784696192,eth,1786089600000,2050.0,call,48.92,0.019056,0.0185,0.0195,1935.41,1301.0
1784696192,eth,1785484800000,2150.0,call,52.82,0.004386,0.0041,0.0046,1935.66,11739.0
1784696192,eth,1798185600000,3000.0,call,55.69,0.026127,0.0255,0.027,1952.33,5029.0
1784696192,eth,1798185600000,4200.0,put,60.03,1.156726,1.07,1.26,1952.3,62.0
1784696192,eth,1806048000000,2100.0,call,56.17,0.158434,0.157,0.1595,1974.28,482.0
1784696192,eth,1806048000000,1300.0,call,61.33,0.387539,0.353,0.435,1974.24,50.0
1784696192,eth,1798185600000,2200.0,put,54.43,0.221918,0.215,0.226,1952.33,9278.0
1784696192,eth,1785484800000,3200.0,call,105.54,7.8e-05,,0.0001,1935.69,4995.0
1784696192,eth,1785484800000,2350.0,call,62.73,0.001045,0.0009,0.0012,1935.69,7238.0
1784696192,eth,1786089600000,1800.0,put,50.58,0.015078,0.0145,0.0155,1935.41,5413.0
1784696192,eth,1790323200000,1500.0,call,57.21,0.242547,0.2385,0.247,1940.5,976.0
1784696192,eth,1785484800000,2500.0,put,70.98,0.291998,0.285,0.2985,1935.66,462.0
1784696192,eth,1787904000000,3000.0,put,64.25,0.55121,0.539,0.621,1935.77,0.0
1784696192,eth,1785484800000,3000.0,call,98.74,0.000145,,0.0002,1935.69,3410.0
1784696192,eth,1784707200000,1775.0,put,94.85,0.0,,0.0001,1934.77,248.0
1784696192,eth,1798185600000,2100.0,call,54.34,0.111607,0.1105,0.1125,1952.33,1396.0
1784696192,eth,1784880000000,1850.0,put,47.54,0.001855,0.0016,0.002,1934.74,758.0
1784696192,eth,1786089600000,1600.0,call,60.36,0.176702,0.15,0.2055,1935.41,0.0
1784696192,eth,1785484800000,2900.0,call,91.84,0.000143,0.0001,0.0002,1935.66,13514.0
1784696192,eth,1786089600000,1700.0,call,54.72,0.128653,0.099,0.161,1935.41,50.0
1784696192,eth,1806048000000,4800.0,call,60.01,0.010769,0.0105,0.0115,1974.24,2851.0
1784696192,eth,1790323200000,3100.0,call,58.54,0.003484,0.0032,0.0038,1940.5,1991.0
1784696192,eth,1785484800000,1850.0,call,49.29,0.057535,0.054,0.062,1935.69,8574.0
1784696192,eth,1790323200000,1600.0,put,54.54,0.023432,0.023,0.024,1940.47,5977.0
1784696192,eth,1798185600000,3300.0,call,56.6,0.016757,0.0165,0.0175,1952.3,1919.0
1784696192,eth,1786089600000,1950.0,call,48.4,0.037076,0.036,0.0375,1935.41,393.0
1784696192,eth,1784707200000,1875.0,call,57.82,0.030911,0.0265,0.036,1934.77,349.0
1784696192,eth,1787904000000,3400.0,put,71.24,0.757002,0.689,0.833,1935.77,0.0
1784696192,eth,1787904000000,2400.0,call,52.21,0.008586,0.008,0.009,1935.8,11304.0
1784696192,eth,1785484800000,1600.0,call,65.65,0.174671,0.172,0.179,1935.66,3424.0
1784696192,eth,1787904000000,2400.0,put,52.21,0.248371,0.2395,0.309,1935.8,2.0
1784696192,eth,1798185600000,1200.0,call,63.69,0.40462,0.4005,0.41,1952.3,341.0
1784696192,eth,1798185600000,3500.0,call,57.33,0.012745,0.0125,0.0135,1952.3,24522.0
1784696192,eth,1806048000000,2500.0,put,56.04,0.365572,0.357,0.3745,1974.24,560.0
1784696192,eth,1798185600000,1200.0,put,63.69,0.019261,0.0185,0.02,1952.3,5472.0
1784696192,eth,1790323200000,4400.0,call,72.22,0.000509,0.0004,0.0008,1940.5,4345.0
1784696192,eth,1784707200000,1775.0,call,94.85,0.08259,0.0695,0.118,1934.77,24.0
1784696192,eth,1806048000000,1300.0,put,61.33,0.045953,0.0455,0.047,1974.24,1432.0
1784696192,eth,1813910400000,4500.0,put,59.01,1.284566,1.1825,1.4145,1994.39,1.0
1784696192,eth,1798185600000,2700.0,call,54.94,0.041852,0.0415,0.0425,1952.3,2364.0
1784696192,eth,1787904000000,1600.0,put,54.37,0.010819,0.0105,0.011,1935.8,7895.0
1784696192,eth,1813910400000,1800.0,call,58.22,0.262062,0.2585,0.2655,1994.39,1251.0
1784696192,eth,1790323200000,2000.0,call,50.22,0.071304,0.0705,0.072,1940.47,8139.0
1784696192,eth,1784880000000,2100.0,put,56.24,0.085868,0.0785,0.1325,1934.77,10.0
1784696192,eth,1798185600000,4500.0,put,60.9,1.308792,1.217,1.4165,1952.3,3.0
1784696192,eth,1798185600000,2900.0,put,55.34,0.51574,0.4465,0.6045,1952.3,174.0
1784696192,eth,1813910400000,2000.0,call,57.58,0.217193,0.2145,0.219,1994.39,1776.0
1784696192,eth,1784966400000,2025.0,put,47.77,0.050128,0.012,0.0955,1934.77,80.0
1784696192,eth,1798185600000,4800.0,put,62.43,1.461611,1.3645,1.574,1952.3,77.0
1784696192,eth,1785484800000,2000.0,call,48.61,0.017337,0.0165,0.018,1935.66,22184.0
1784696192,eth,1813910400000,3000.0,call,57.3,0.088284,0.087,0.0895,1994.37,469.0
1784696192,eth,1798185600000,5000.0,put,63.16,1.56355,1.463,1.6795,1952.3,2.0
1784696192,eth,1806048000000,3800.0,put,57.83,0.949608,0.8625,1.0605,1974.24,2.0
1784696192,eth,1798185600000,2300.0,put,54.47,0.258782,0.254,0.2645,1952.3,5204.0
1784696192,eth,1790323200000,6000.0,put,84.61,2.092041,1.973,2.2225,1940.5,0.0
1784696192,eth,1798185600000,2100.0,put,54.34,0.187229,0.1845,0.188,1952.3,2198.0
1784696192,eth,1784880000000,1975.0,call,44.6,0.005766,0.0055,0.006,1934.77,443.0
1784696192,eth,1784966400000,2000.0,put,46.36,0.039162,0.016,0.0735,1934.77,0.0
1784696192,eth,1806048000000,2200.0,call,56.08,0.140964,0.1395,0.1425,1974.24,3015.0
1784696192,eth,1798185600000,3100.0,call,55.85,0.022266,0.022,0.023,1952.3,1978.0
1784696192,eth,1787904000000,1950.0,call,48.53,0.058316,0.058,0.059,1935.8,4569.0
1784696192,eth,1806048000000,1600.0,call,58.12,0.281784,0.2785,0.286,1974.24,943.0
1784696192,eth,1798185600000,3200.0,call,56.2,0.019258,0.019,0.02,1952.3,67041.0
1784696192,eth,1798185600000,4400.0,call,60.81,0.004444,0.0042,0.0048,1952.33,1840.0
1784696192,eth,1806048000000,4000.0,call,58.22,0.02078,0.0205,0.0215,1974.24,1833.0
1784696192,eth,1790323200000,7400.0,put,90.95,2.813398,2.666,2.9725,1940.5,0.0
1784696192,eth,1784793600000,1750.0,call,77.94,0.095592,0.067,0.1225,1934.77,0.0
1784696192,eth,1787904000000,1300.0,call,68.05,0.330765,0.31,0.354,1935.8,51.0
1784696192,eth,1790323200000,2800.0,put,55.28,0.449846,0.439,0.459,1940.5,1287.0
1784696192,eth,1787904000000,1500.0,call,58.58,0.231621,0.228,0.236,1935.8,473.0
1784696192,eth,1790323200000,6200.0,call,85.22,0.000106,,0.0002,1940.47,2026.0
1784696192,eth,1784880000000,1775.0,call,57.61,0.082991,0.08,0.088,1934.77,464.0
1784696192,eth,1785484800000,2050.0,call,49.61,0.010938,0.0105,0.0115,1935.69,10126.0
1784696192,eth,1784793600000,2100.0,put,64.23,0.0856,0.0795,0.132,1934.77,0.0
1784696192,eth,1787904000000,2800.0,put,60.29,0.448836,0.4385,0.515,1935.77,0.0
1784696192,eth,1806048000000,4600.0,call,59.64,0.012644,0.012,0.0135,1974.24,942.0
1784696192,eth,1790323200000,1700.0,put,52.65,0.035272,0.035,0.036,1940.47,3708.0
1784696192,eth,1806048000000,2000.0,call,56.36,0.178138,0.1765,0.1795,1974.24,1360.0
1784696192,eth,1790323200000,5600.0,put,81.97,1.885959,1.7745,2.008,1940.5,0.0
1784696192,eth,1784966400000,2000.0,call,46.36,0.005514,0.005,0.006,1934.77,7.0
1784696192,eth,1790323200000,5500.0,call,80.76,0.000179,0.0001,0.0003,1940.47,1487.0
1784696192,eth,1813910400000,3500.0,call,57.79,0.058631,0.0575,0.06,1994.39,1796.0
1784696192,eth,1784880000000,1825.0,call,50.44,0.057804,0.054,0.063,1934.74,4725.0
1784696192,eth,1813910400000,3600.0,put,57.88,0.859213,0.7675,0.979,1994.37,0.0
1784696192,eth,1790323200000,1700.0,call,52.65,0.159232,0.154,0.1635,1940.5,2630.0
1784696192,eth,1806048000000,1400.0,put,59.99,0.058728,0.058,0.0595,1974.24,1476.0
1784696192,eth,1784966400000,1950.0,call,44.98,0.013063,0.0125,0.0135,1934.77,317.0
1784696192,eth,1790323200000,7500.0,put,90.95,2.864924,2.7165,3.027,1940.5,0.0
1784696192,eth,1806048000000,1800.0,put,56.99,0.136374,0.1355,0.138,1974.24,3882.0
1784696192,eth,1790323200000,2200.0,call,50.44,0.038837,0.038,0.0395,1940.5,4731.0
1784696192,eth,1806048000000,3500.0,call,57.27,0.033512,0.033,0.0345,1974.24,4345.0
1784696192,eth,1790323200000,5500.0,put,80.76,1.834427,1.725,1.954,1940.47,1.0
1784696192,eth,1813910400000,1500.0,put,59.55,0.096727,0.0955,0.0985,1994.37,418.0
1784696192,eth,1787904000000,2600.0,put,56.13,0.347391,0.337,0.4105,1935.8,3.0
1784696192,eth,1784707200000,1950.0,put,37.15,0.008313,0.0075,0.0095,1934.77,70.0
1784696192,eth,1806048000000,3600.0,put,57.43,0.85361,0.7685,0.9625,1974.24,1.0
1784696192,eth,1790323200000,2900.0,call,56.41,0.00548,0.005,0.006,1940.5,5003.0
1784696192,eth,1784966400000,1800.0,put,51.96,0.001352,0.0012,0.0015,1934.77,1.0
1784696192,eth,1806048000000,1900.0,call,56.62,0.200182,0.1985,0.2015,1974.28,1363.0
1784696192,eth,1790323200000,5400.0,put,80.43,1.782921,1.6755,1.901,1940.47,4.0
1784696192,eth,1787904000000,3600.0,call,74.03,0.000429,0.0003,0.0005,1935.8,1087.0
1784696192,eth,1790323200000,1900.0,put,50.65,0.074256,0.0735,0.075,1940.5,3812.0
1784696192,eth,1790323200000,3400.0,put,62.02,0.754071,0.7425,0.7675,1940.5,870.0
1784696192,eth,1806048000000,1900.0,put,56.62,0.162481,0.161,0.164,1974.24,805.0
1784696192,eth,1787904000000,3800.0,call,75.13,0.000242,0.0001,0.0005,1935.8,380.0
1784696192,eth,1784707200000,1900.0,put,51.9,0.000115,,0.0002,1934.77,1379.0
1784696192,eth,1784966400000,2075.0,call,51.28,0.001533,0.0013,0.0017,1934.77,1782.0
1784696192,eth,1790323200000,7400.0,call,90.95,4.6e-05,,0.0002,1940.47,1019.0
1784696192,eth,1790323200000,5200.0,put,78.1,1.679866,1.5765,1.793,1940.5,3.0
1784696192,eth,1784793600000,1825.0,put,57.35,0.000409,0.0003,0.0005,1934.77,1020.0
1784696192,eth,1790323200000,14000.0,put,123.7,6.214475,5.9375,6.516,1940.5,0.0
1784696192,eth,1798185600000,2600.0,put,54.88,0.381205,0.37,0.39,1952.33,1055.0
1784696192,eth,1790323200000,6400.0,put,86.16,2.298124,2.1705,2.436,1940.5,0.0
1784696192,eth,1787904000000,2050.0,put,48.63,0.097412,0.0615,0.146,1935.8,170.0
1784696192,eth,1790323200000,6600.0,put,87.5,2.401179,2.2705,2.5435,1940.5,0.0
1784696192,eth,1790323200000,2800.0,call,55.28,0.006956,0.0065,0.0075,1940.5,8027.0
1784696192,eth,1787904000000,1950.0,put,48.53,0.065642,0.0645,0.0665,1935.77,1474.0
1784696192,eth,1798185600000,2900.0,call,55.34,0.030359,0.03,0.031,1952.3,1615.0
1784696192,eth,1785484800000,4000.0,call,118.68,3e-06,,0.0001,1935.69,8690.0
1784696192,eth,1784966400000,1850.0,put,47.65,0.003479,0.0033,0.0037,1934.77,1.0
1784696192,eth,1806048000000,2700.0,put,56.17,0.446545,0.372,0.5445,1974.24,147.0
1784696192,eth,1785484800000,1750.0,put,53.69,0.004639,0.0045,0.0049,1935.66,2861.0
1784696192,eth,1786089600000,1600.0,put,60.36,0.003375,0.0031,0.0036,1935.41,12644.0
1784696192,eth,1784707200000,1850.0,call,74.15,0.043829,0.0315,0.081,1934.77,75.0
1784696192,eth,1784966400000,1775.0,put,54.9,0.000896,0.0008,0.0011,1934.77,47.0
1784696192,eth,1790323200000,3500.0,call,63.18,0.001691,0.0015,0.0019,1940.5,15404.0
1784696192,eth,1784966400000,1925.0,put,45.06,0.014162,0.0135,0.0145,1934.77,61.0
1784696192,eth,1790323200000,1800.0,call,51.33,0.124348,0.123,0.126,1940.5,2343.0
1784696192,eth,1785484800000,3800.0,call,118.68,1e-05,,0.0001,1935.69,2692.0
1784696192,eth,1785484800000,1300.0,put,96.37,0.000175,0.0001,0.0003,1935.66,10876.0
1784696192,eth,1806048000000,3400.0,call,57.12,0.037132,0.0365,0.038,1974.24,1869.0
1784696192,eth,1785484800000,2000.0,put,48.61,0.050539,0.046,0.055,1935.66,3238.0
1784696192,eth,1813910400000,900.0,put,68.59,0.023719,0.023,0.0245,1994.37,589.0
1784696192,eth,1786089600000,1700.0,put,54.72,0.006992,0.0065,0.0075,1935.41,416.0
1784696192,eth,1784707200000,1975.0,call,52.33,6.4e-05,,0.0001,1934.77,790.0
1784696192,eth,1784793600000,1725.0,call,87.3,0.108509,0.0825,0.1345,1934.77,0.0
1784696192,eth,1784707200000,1725.0,call,94.85,0.108433,0.0845,0.1315,1934.77,0.0
1784696192,eth,1813910400000,1300.0,call,61.41,0.412014,0.4085,0.416,1994.39,108.0
1784696192,eth,1787904000000,1600.0,call,54.37,0.184296,0.1805,0.189,1935.8,885.0
1784696192,eth,1798185600000,1500.0,call,57.62,0.278462,0.2745,0.284,1952.3,753.0
1784696192,eth,1787904000000,1300.0,put,68.05,0.002315,0.0021,0.0025,1935.8,6823.0
1784696192,eth,1790323200000,5000.0,put,77.34,1.576873,1.4775,1.6865,1940.47,2.0
1784696192,eth,1787904000000,1450.0,call,61.03,0.256058,0.2275,0.288,1935.77,51.0
1784696192,eth,1786089600000,1850.0,call,49.27,0.066244,0.0625,0.0705,1935.41,286.0
1784696192,eth,1785484800000,3600.0,call,118.68,3.2e-05,,0.0001,1935.66,2043.0
1784696192,eth,1798185600000,11000.0,put,81.01,4.634385,4.4165,4.648,1952.33,109.0
1784696192,eth,1798185600000,2800.0,call,55.19,0.035712,0.035,0.0365,1952.33,5789.0
1784696192,eth,1813910400000,1800.0,put,58.22,0.164581,0.163,0.1665,1994.37,295.0
1784696192,eth,1784707200000,2100.0,call,84.91,0.0,,0.0001,1934.77,2030.0
1784696192,eth,1798185600000,3400.0,put,56.92,0.756018,0.681,0.8495,1952.3,89.0
1784696192,eth,1784880000000,1500.0,call,102.08,0.224736,0.203,0.245,1934.74,18.0
1784696192,eth,1798185600000,8000.0,put,72.58,3.098001,2.9395,3.272,1952.3,0.0
1784696192,eth,1787904000000,1800.0,put,49.77,0.032242,0.032,0.0325,1935.77,2638.0
1784696192,eth,1798185600000,1000.0,put,70.33,0.010492,0.01,0.011,1952.3,19270.0
1784696192,eth,1806048000000,3300.0,put,56.9,0.712385,0.631,0.8175,1974.24,1.0
1784696192,eth,1785484800000,1750.0,call,53.69,0.100587,0.0975,0.105,1935.69,6730.0
1784696192,eth,1785484800000,2200.0,put,55.11,0.139445,0.1335,0.1445,1935.69,2338.0
1784696192,eth,1790323200000,14000.0,call,123.7,2.5e-05,,0.0003,1940.5,1212.0
1784696192,eth,1787904000000,2000.0,put,48.53,0.080668,0.076,0.0845,1935.77,471.0
1784696192,eth,1787904000000,3600.0,put,74.03,0.860106,0.788,0.94,1935.77,1.0
1784696192,eth,1785484800000,2500.0,call,70.98,0.000496,0.0004,0.0006,1935.69,2522.0
1784696192,eth,1798185600000,1400.0,call,59.15,0.317919,0.314,0.3235,1952.3,946.0
1784696192,eth,1806048000000,2600.0,put,56.11,0.405467,0.394,0.4215,1974.24,626.0
1784696192,eth,1790323200000,4600.0,call,73.72,0.000397,0.0003,0.0007,1940.47,3384.0
1784696192,eth,1806048000000,2800.0,call,56.24,0.070575,0.0695,0.0715,1974.24,3057.0
1784696192,eth,1790323200000,10000.0,call,105.8,2.9e-05,,0.0001,1940.5,1561.0
1784696192,eth,1813910400000,2300.0,call,57.16,0.164324,0.1625,0.166,1994.37,208.0
1784696192,eth,1813910400000,2700.0,call,57.14,0.114555,0.113,0.116,1994.37,83.0
1784696192,eth,1784707200000,2000.0,call,55.99,2e-06,,0.0001,1934.77,920.0
1784696192,eth,1787904000000,1900.0,put,48.77,0.052607,0.0515,0.053,1935.8,2003.0
1784696192,eth,1784793600000,2025.0,put,49.62,0.047271,0.0425,0.091,1934.77,0.0
1784696192,eth,1790323200000,3800.0,put,66.51,0.959294,0.946,0.973,1940.5,954.0
1784696192,eth,1790323200000,16000.0,call,130.17,2.2e-05,,0.0003,1940.5,7426.0
1784696192,eth,1798185600000,3300.0,put,56.6,0.707019,0.6325,0.7995,1952.33,0.0
1784696192,eth,1798185600000,3400.0,call,56.92,0.014536,0.014,0.0155,1952.3,12534.0
1784696192,eth,1785484800000,1400.0,put,86.47,0.000346,0.0003,0.0004,1935.69,9450.0
1784696192,eth,1790323200000,3200.0,call,59.67,0.002848,0.0026,0.0031,1940.5,7794.0
1784696192,eth,1790323200000,6200.0,put,85.22,2.195077,2.072,2.3295,1940.47,0.0
1784696192,eth,1798185600000,2000.0,call,54.59,0.131523,0.1305,0.1325,1952.33,3647.0
1784696192,eth,1787904000000,1700.0,call,51.78,0.140828,0.137,0.1455,1935.8,1001.0
1784696192,eth,1790323200000,1000.0,put,78.31,0.001972,0.0019,0.002,1940.5,8881.0
1784696192,eth,1785484800000,1500.0,call,75.03,0.225687,0.2025,0.25,1935.66,249.0
1784696192,eth,1784880000000,2200.0,call,69.46,0.000144,0.0001,0.0002,1934.74,1689.0
1784696192,eth,1784966400000,1750.0,put,57.72,0.000592,0.0005,0.0007,1934.77,471.0
1784696192,eth,1790323200000,1000.0,call,78.31,0.486655,0.4725,0.507,1940.47,125.0
1784696192,eth,1784707200000,1875.0,put,57.82,6e-06,,0.0001,1934.77,3207.0
1784696192,eth,1784707200000,1800.0,put,94.85,0.0,,0.0001,1934.77,271.0
1784696192,eth,1784880000000,1900.0,call,44.14,0.024202,0.0235,0.029,1934.77,6356.0
1784696192,eth,1813910400000,3800.0,put,58.09,0.951725,0.8585,1.074,1994.37,0.0
1784696192,eth,1785484800000,1400.0,call,86.47,0.277105,0.2555,0.3,1935.66,100.0
1784696192,eth,1784793600000,2100.0,call,64.23,0.000137,0.0001,0.0002,1934.77,932.0
1784696192,eth,1798185600000,1800.0,call,55.01,0.179656,0.1785,0.1815,1952.3,2478.0
1784696192,eth,1784880000000,2400.0,put,94.55,0.240471,0.1925,0.2935,1934.77,0.0
1784696192,eth,1798185600000,800.0,put,77.8,0.005096,0.0047,0.0055,1952.3,5688.0
1784696192,eth,1784707200000,1700.0,call,94.86,0.121354,0.098,0.1415,1934.77,0.0
1784696192,eth,1786089600000,2400.0,call,58.62,0.002239,0.002,0.0025,1935.41,771.0
1784696192,eth,1806048000000,4800.0,put,60.01,1.441838,1.3405,1.5645,1974.24,0.0
1784696192,eth,1785484800000,4200.0,put,118.68,1.169725,1.0865,1.259,1935.66,0.0
1784696192,eth,1790323200000,5200.0,call,78.1,0.000213,0.0001,0.0004,1940.5,1671.0
1784696192,eth,1787904000000,3400.0,call,71.24,0.000641,0.0005,0.0007,1935.77,441.0
1784696192,eth,1785484800000,2700.0,put,82.03,0.395073,0.387,0.4015,1935.66,630.0
1784696192,eth,1785484800000,2600.0,put,77.3,0.343532,0.334,0.402,1935.69,29.0
1784696192,eth,1813910400000,3000.0,put,57.3,0.59248,0.5085,0.705,1994.37,58.0
1784696192,eth,1787904000000,2000.0,call,48.53,0.047514,0.047,0.048,1935.77,4228.0
1784696192,eth,1806048000000,800.0,put,73.38,0.010994,0.0105,0.0115,1974.24,450.0
1784696192,eth,1798185600000,1500.0,put,57.62,0.046763,0.046,0.0475,1952.3,16036.0
1784696192,eth,1798185600000,2000.0,put,54.59,0.155924,0.154,0.1565,1952.33,9828.0
1784696192,eth,1787904000000,2200.0,put,49.64,0.15644,0.1095,0.214,1935.8,170.0
1784696192,eth,1784793600000,2050.0,call,52.88,0.000278,0.0002,0.0004,1934.77,523.0
1784696192,eth,1806048000000,4200.0,call,58.62,0.017378,0.017,0.018,1974.24,2765.0
1784696192,eth,1798185600000,800.0,call,77.8,0.595335,0.5815,0.6145,1952.3,171.0
1784696192,eth,1806048000000,4500.0,call,59.44,0.01372,0.0135,0.0145,1974.28,2400.0
1784696192,eth,1798185600000,5500.0,call,64.86,0.001677,0.0014,0.002,1952.33,1646.0
1784696192,eth,1798185600000,4000.0,call,59.42,0.006969,0.0065,0.0075,1952.33,16405.0
1784696192,eth,1784880000000,1750.0,put,62.48,0.00029,0.0002,0.0004,1934.77,2216.0
1784696192,eth,1784880000000,1650.0,put,86.8,0.000165,0.0001,0.0003,1934.74,4457.0
1784696192,eth,1786089600000,1950.0,put,48.4,0.044583,0.044,0.0455,1935.41,78.0
1784696192,eth,1784880000000,1550.0,call,99.78,0.198919,0.176,0.2205,1934.77,20.0
1784696192,eth,1790323200000,9000.0,put,100.09,3.637891,3.46,3.832,1940.5,0.0
1784696192,eth,1790323200000,1200.0,call,68.25,0.386072,0.3635,0.4145,1940.47,138.0
1784696192,eth,1784880000000,2000.0,put,46.13,0.037033,0.008,0.074,1934.77,85.0
1784696192,eth,1784707200000,2000.0,put,55.99,0.033703,0.029,0.0765,1934.77,0.0
1784696192,eth,1787904000000,1700.0,put,51.78,0.019009,0.0185,0.0195,1935.8,2589.0
1784696192,eth,1790323200000,2300.0,put,50.87,0.213717,0.207,0.222,1940.5,1212.0
1784696192,eth,1784880000000,1900.0,put,44.14,0.006216,0.006,0.0065,1934.74,764.0
1784696192,eth,1813910400000,2100.0,put,57.35,0.250605,0.248,0.2565,1994.37,87.0
1784696192,eth,1798185600000,1000.0,call,70.33,0.498292,0.476,0.528,1952.3,54.0
1784696192,eth,1798185600000,2800.0,put,55.19,0.469873,0.457,0.4795,1952.3,2205.0
1784696192,eth,1790323200000,3000.0,call,57.33,0.004285,0.004,0.0046,1940.5,28561.0
1784696192,eth,1784880000000,1825.0,put,50.44,0.001054,0.0009,0.0012,1934.77,7328.0
1784696192,eth,1790323200000,4000.0,put,69.03,1.062154,0.982,1.1525,1940.5,140.0
1784696192,eth,1786089600000,2000.0,call,48.44,0.026732,0.026,0.027,1935.41,5740.0
1784696192,eth,1786089600000,1400.0,call,75.17,0.277657,0.256,0.3015,1935.41,0.0
1784696192,eth,1784793600000,1875.0,call,47.12,0.032283,0.0049,0.04,1934.77,150.0
1784696192,eth,1790323200000,6500.0,put,86.6,2.349648,2.221,2.49,1940.47,0.0
1784696192,eth,1798185600000,4400.0,put,60.81,1.258127,1.168,1.3645,1952.33,20.0
1784696192,eth,1785484800000,3600.0,put,118.68,0.859795,0.7885,0.938,1935.69,17.0
1784696192,eth,1784793600000,1950.0,put,42.87,0.014027,0.0135,0.015,1934.77,239.0
1784696192,eth,1785484800000,4000.0,put,118.68,1.066407,0.987,1.152,1935.69,0.0
1784696192,eth,1787904000000,2200.0,call,49.64,0.019971,0.0195,0.0205,1935.8,5697.0
1784696192,eth,1784880000000,1875.0,put,45.54,0.003422,0.0031,0.0036,1934.74,8955.0
1784696192,eth,1790323200000,3400.0,call,62.02,0.00199,0.0018,0.0022,1940.5,6867.0
1784696192,eth,1790323200000,5800.0,put,84.16,1.989018,1.8735,2.1155,1940.47,0.0
1784696192,eth,1790323200000,4400.0,put,72.22,1.267907,1.18,1.3655,1940.47,281.0
1784696192,eth,1787904000000,2350.0,put,51.43,0.224449,0.1745,0.2845,1935.8,100.0
1784696192,eth,1813910400000,1200.0,call,62.69,0.449127,0.4455,0.453,1994.37,50.0
1784696192,eth,1785484800000,1650.0,put,60.91,0.001799,0.0016,0.002,1935.69,11606.0
1784696192,eth,1798185600000,1300.0,put,61.18,0.026038,0.0255,0.0265,1952.33,1564.0
1784696192,eth,1790323200000,2600.0,call,52.9,0.011495,0.011,0.012,1940.5,7576.0
1784696192,eth,1784707200000,1975.0,put,52.33,0.020844,0.0095,0.063,1934.77,0.0
1784696192,eth,1798185600000,7000.0,put,68.87,2.585969,2.448,2.739,1952.3,0.0
1784696192,eth,1806048000000,1200.0,put,63.04,0.035585,0.0345,0.0365,1974.24,769.0
1784696192,eth,1813910400000,4000.0,call,58.33,0.040002,0.0385,0.0415,1994.39,4277.0
1784696192,eth,1790323200000,7000.0,put,90.94,2.607303,2.468,2.759,1940.5,0.0
1784696192,eth,1790323200000,1900.0,call,50.65,0.095152,0.094,0.096,1940.5,1654.0
1784696192,eth,1798185600000,2300.0,call,54.47,0.080721,0.08,0.0815,1952.3,3196.0
1784696192,eth,1784707200000,1600.0,put,94.88,0.0,,0.0001,1934.77,812.0
1784696192,eth,1806048000000,1800.0,call,56.99,0.224723,0.223,0.2275,1974.24,3789.0
1784696192,eth,1787904000000,2050.0,call,48.63,0.038429,0.038,0.039,1935.8,4276.0
1784696192,eth,1785484800000,1550.0,put,69.61,0.000794,0.0007,0.0009,1935.66,5667.0
1784696192,eth,1784966400000,1950.0,put,44.98,0.020866,0.0205,0.0215,1934.77,23.0
1784696192,eth,1784793600000,1975.0,put,44.38,0.023659,0.0165,0.058,1934.77,5.0
1784696192,eth,1784707200000,1750.0,call,94.85,0.095512,0.082,0.1305,1934.77,0.0
1784696192,eth,1784966400000,1700.0,put,64.08,0.000286,0.0002,0.0004,1934.77,279.0
1784696192,eth,1787904000000,1800.0,call,49.77,0.102401,0.098,0.1065,1935.8,5793.0
1784696192,eth,1784880000000,1400.0,put,104.67,0.0,,0.0001,1934.77,3672.0
1784696192,eth,1784880000000,2600.0,call,94.82,0.0,,0.0001,1934.77,0.0
1784696192,eth,1813910400000,1900.0,call,57.84,0.238535,0.236,0.2405,1994.37,13.0
1784696192,eth,1806048000000,3700.0,call,57.63,0.027512,0.027,0.0285,1974.24,1467.0
1784696192,eth,1806048000000,5000.0,call,60.47,0.009299,0.009,0.01,1974.24,1242.0
1784696192,eth,1806048000000,2000.0,put,56.36,0.191083,0.1895,0.193,1974.24,1510.0
1784696192,eth,1790323200000,2100.0,put,50.21,0.13501,0.133,0.1415,1940.47,2754.0
1784696192,eth,1806048000000,1200.0,call,63.04,0.427817,0.3955,0.4715,1974.24,69.0
1784696192,eth,1785484800000,2450.0,call,68.73,0.000654,0.0005,0.0007,1935.66,3814.0
1784696192,eth,1784966400000,1900.0,put,45.39,0.009125,0.0085,0.0095,1934.77,34.0
1784696192,eth,1790323200000,2700.0,put,54.18,0.400315,0.391,0.409,1940.5,527.0
1784696192,eth,1784793600000,1950.0,call,42.87,0.006098,0.0055,0.0065,1934.77,3998.0
1784696192,eth,1806048000000,2500.0,call,56.04,0.099391,0.0985,0.1005,1974.24,1753.0
1784696192,eth,1790323200000,16000.0,put,130.17,7.245107,6.9285,7.5875,1940.5,30.0
1784696192,eth,1784966400000,1925.0,call,45.06,0.01928,0.0185,0.02,1934.77,14.0
1784696192,eth,1790323200000,2300.0,call,50.87,0.028481,0.028,0.029,1940.47,10562.0
1784696192,eth,1790323200000,1400.0,put,60.56,0.010342,0.0095,0.011,1940.5,7578.0
1784696192,eth,1806048000000,1500.0,put,58.87,0.073926,0.0735,0.075,1974.24,4099.0
1784696192,eth,1806048000000,4500.0,put,59.44,1.292848,1.196,1.412,1974.24,0.0
1784696192,eth,1813910400000,2700.0,put,57.14,0.468332,0.4595,0.4775,1994.37,0.0
1784696192,eth,1790323200000,1600.0,call,54.54,0.198919,0.1945,0.2035,1940.5,3570.0
1784696192,eth,1806048000000,3000.0,put,56.46,0.575937,0.564,0.5945,1974.24,352.0
1784696192,eth,1813910400000,2900.0,call,57.24,0.096208,0.095,0.0975,1994.37,0.0
1784696192,eth,1813910400000,1700.0,put,58.54,0.13963,0.1375,0.1415,1994.37,316.0
1784696192,eth,1785484800000,2750.0,put,85.35,0.420887,0.3655,0.4825,1935.69,2.0
1784696192,eth,1798185600000,5200.0,put,63.87,1.665589,1.561,1.785,1952.33,0.0
1784696192,eth,1798185600000,4800.0,call,62.43,0.003048,0.0028,0.0034,1952.3,2501.0
1784696192,eth,1785484800000,2750.0,call,85.35,0.000234,0.0001,0.0003,1935.69,1138.0
1784696192,eth,1785484800000,3200.0,put,105.54,0.653202,0.5895,0.7235,1935.66,3.0
1784696192,eth,1813910400000,2000.0,put,57.58,0.219991,0.2185,0.2225,1994.37,46.0
1784696192,eth,1786089600000,1850.0,put,49.27,0.022089,0.0215,0.0225,1935.41,213.0
1784696192,eth,1806048000000,1500.0,call,58.87,0.314217,0.274,0.368,1974.24,244.0
1784696192,eth,1790323200000,3800.0,call,66.51,0.001086,0.0009,0.0013,1940.47,2011.0
1784696192,eth,1798185600000,2700.0,put,54.94,0.424793,0.413,0.4335,1952.3,431.0
1784696192,eth,1785484800000,2800.0,put,86.67,0.446661,0.436,0.509,1935.69,2.0
1784696192,eth,1790323200000,7500.0,call,90.95,4e-05,,0.0002,1940.5,1322.0
1784696192,eth,1790323200000,6800.0,put,89.25,2.504241,2.369,2.651,1940.47,0.0
1784696192,eth,1785484800000,2200.0,call,55.11,0.002923,0.0027,0.0032,1935.66,9029.0
1784696192,eth,1785484800000,2450.0,put,68.73,0.266327,0.217,0.3225,1935.69,249.0
1784696192,eth,1785484800000,3000.0,put,98.74,0.549948,0.5385,0.617,1935.66,5.0
1784696192,eth,1790323200000,3300.0,call,60.74,0.002339,0.0021,0.0026,1940.47,17690.0
1784696192,eth,1784793600000,1775.0,call,71.37,0.082728,0.07,0.1205,1934.77,0.0
1784696192,eth,1798185600000,7000.0,call,68.87,0.000565,0.0004,0.0009,1952.3,2825.0
1784696192,eth,1786089600000,2200.0,put,52.15,0.143658,0.1385,0.197,1935.41,10.0
1784696192,eth,1784880000000,1875.0,call,45.54,0.034327,0.0305,0.039,1934.77,9983.0
1784696192,eth,1785484800000,2150.0,put,52.82,0.115078,0.1095,0.12,1935.66,1097.0
1784696192,eth,1806048000000,3300.0,call,56.9,0.041025,0.0405,0.042,1974.24,1921.0
1784696192,eth,1785484800000,1550.0,call,69.61,0.200063,0.197,0.2045,1935.69,1759.0
1784696192,eth,1784793600000,1800.0,call,64.33,0.069883,0.0565,0.1075,1934.77,0.0
1784696192,eth,1787904000000,2250.0,call,50.14,0.016029,0.0155,0.0165,1935.77,1295.0
1784696192,eth,1798185600000,1800.0,put,55.01,0.101618,0.1005,0.1025,1952.3,4593.0
1784696192,eth,1784793600000,2050.0,put,52.88,0.059896,0.0535,0.1035,1934.77,0.0
1784696192,eth,1790323200000,2200.0,put,50.44,0.172537,0.166,0.1785,1940.5,5534.0
1784696192,eth,1798185600000,1300.0,call,61.18,0.360177,0.3305,0.401,1952.3,50.0
1784696192,eth,1813910400000,1400.0,put,60.34,0.079018,0.0775,0.0805,1994.37,1715.0
1784696192,eth,1784966400000,2075.0,put,51.28,0.073939,0.0325,0.121,1934.77,0.0
1784696192,eth,1790323200000,3200.0,put,59.67,0.651865,0.641,0.6635,1940.5,1334.0
1784696192,eth,1787904000000,2600.0,call,56.13,0.004291,0.004,0.0045,1935.8,1943.0
1784696192,eth,1806048000000,3000.0,call,56.46,0.056518,0.056,0.0575,1974.24,5220.0
1784696192,eth,1813910400000,1600.0,call,58.98,0.314761,0.3115,0.319,1994.39,387.0
1784696192,eth,1786089600000,2100.0,put,49.69,0.098515,0.0655,0.141,1935.41,0.0
1784696192,eth,1790323200000,1200.0,put,68.25,0.004454,0.0041,0.0047,1940.5,11539.0
1784696192,eth,1798185600000,5000.0,call,63.16,0.002547,0.0023,0.0029,1952.33,4257.0
1784696192,eth,1806048000000,2900.0,put,56.36,0.531928,0.5185,0.544,1974.28,260.0
1784696192,eth,1813910400000,4500.0,call,59.01,0.028271,0.0275,0.0295,1994.37,965.0
1784696192,eth,1798185600000,1900.0,put,54.72,0.127106,0.1255,0.128,1952.3,2988.0
1784696192,eth,1784793600000,1875.0,put,47.12,0.00146,0.0012,0.0016,1934.77,214.0
1784696192,eth,1790323200000,4500.0,call,73.29,0.000468,0.0003,0.0007,1940.5,8535.0
1784696192,eth,1787904000000,1100.0,put,78.56,0.000782,0.0006,0.001,1935.8,1476.0
1784696192,eth,1785484800000,2100.0,call,51.22,0.006952,0.0065,0.0075,1935.69,4589.0
1784696192,eth,1784880000000,1800.0,put,54.13,0.000649,0.0005,0.0008,1934.77,2770.0
1784696192,eth,1806048000000,4400.0,put,59.13,1.243255,1.148,1.3605,1974.24,0.0
1784696192,eth,1784707200000,1800.0,call,94.85,0.069669,0.0555,0.1055,1934.77,0.0
1784696192,eth,1790323200000,7200.0,call,90.95,6e-05,,0.0002,1940.47,1160.0
1784696192,eth,1784880000000,1950.0,put,43.86,0.017704,0.017,0.0185,1934.74,1328.0
1784696192,eth,1785484800000,2900.0,put,91.84,0.498286,0.4875,0.563,1935.69,3.0
1784696192,eth,1787904000000,1550.0,call,56.3,0.207619,0.1765,0.242,1935.8,167.0
1784696192,eth,1813910400000,3200.0,call,57.48,0.074695,0.0735,0.076,1994.37,223.0
1784696192,eth,1787904000000,3200.0,call,67.68,0.00093,0.0008,0.0009,1935.8,994.0
1784696192,eth,1790323200000,7000.0,call,90.94,7.8e-05,,0.0001,1940.5,2032.0
1784696192,eth,1787904000000,1000.0,call,86.31,0.483958,0.467,0.502,1935.77,50.0
1784696192,eth,1790323200000,6600.0,call,87.5,8.2e-05,,0.0002,1940.5,1414.0
1784696192,eth,1790323200000,11000.0,put,110.93,4.668524,4.451,4.9045,1940.5,0.0
1784696192,eth,1790323200000,3300.0,put,60.74,0.702888,0.635,0.78,1940.47,3.0
1784696192,eth,1784793600000,1900.0,put,44.2,0.003276,0.003,0.0034,1934.77,419.0
1784696192,eth,1784793600000,1925.0,call,42.84,0.012182,0.0115,0.013,1934.77,155.0
1784696192,eth,1784966400000,2025.0,call,47.77,0.00356,0.0033,0.0037,1934.77,3.0
1784696192,eth,1806048000000,1000.0,call,67.69,0.514252,0.51,0.518,1974.24,270.0
1784696192,eth,1784793600000,1975.0,call,44.38,0.002804,0.0025,0.0029,1934.77,589.0
1784696192,eth,1786089600000,2100.0,call,49.69,0.013507,0.013,0.014,1935.41,25568.0
1784696192,eth,1813910400000,1500.0,call,59.55,0.344629,0.3415,0.349,1994.39,50.0
1784696192,eth,1790323200000,8000.0,call,94.35,3.7e-05,,0.0002,1940.5,1092.0
1784696192,eth,1798185600000,6500.0,put,68.17,2.330155,2.201,2.4735,1952.3,0.0
1784696192,eth,1806048000000,3100.0,call,56.59,0.050693,0.05,0.0515,1974.24,1844.0
1784696192,eth,1790323200000,4200.0,put,70.11,1.164952,1.081,1.2585,1940.47,551.0
1784696192,eth,1806048000000,3600.0,call,57.43,0.030308,0.0295,0.031,1974.24,1990.0
1784696192,eth,1784793600000,1700.0,put,87.31,5.4e-05,,0.0002,1934.77,920.0
1784696192,eth,1785484800000,2250.0,call,57.47,0.001995,0.0018,0.0022,1935.69,4293.0
1784696192,eth,1785484800000,1000.0,put,111.23,3e-06,,0.0001,1935.66,9464.0
1784696192,eth,1790323200000,2400.0,put,51.48,0.257727,0.2495,0.2665,1940.47,2115.0
1784696192,eth,1790323200000,2900.0,put,56.41,0.499902,0.439,0.572,1940.5,49.0
1784696192,eth,1806048000000,3400.0,put,57.12,0.759139,0.676,0.866,1974.24,8.0
1784696192,eth,1790323200000,15000.0,call,127.3,2.4e-05,,0.0005,1940.5,878.0
1784696192,eth,1784793600000,2025.0,call,49.62,0.000576,0.0005,0.0007,1934.77,71.0
1784696192,eth,1787904000000,2150.0,put,49.22,0.135519,0.096,0.1855,1935.8,83.0
1784696192,eth,1790323200000,5600.0,call,81.97,0.000179,0.0001,0.0003,1940.5,6163.0
1784696192,eth,1786089600000,2050.0,put,48.92,0.07823,0.045,0.121,1935.41,0.0
1784696192,eth,1784880000000,1800.0,call,54.13,0.07032,0.067,0.075,1934.77,1581.0
1784696192,eth,1784880000000,2100.0,call,56.24,0.000484,0.0004,0.0006,1934.77,833.0
1784696192,eth,1785484800000,3400.0,put,116.34,0.756518,0.6885,0.8315,1935.69,4.0
1784696192,eth,1798185600000,2600.0,call,54.88,0.049483,0.049,0.05,1952.3,2117.0
1784696192,eth,1785484800000,1950.0,put,48.47,0.034513,0.034,0.0355,1935.69,987.0
1784696192,eth,1813910400000,2400.0,call,57.13,0.149985,0.148,0.1515,1994.37,642.0
1784696192,eth,1806048000000,2700.0,call,56.17,0.079069,0.078,0.08,1974.24,2590.0
1784696192,eth,1813910400000,2500.0,put,57.11,0.390454,0.383,0.3985,1994.37,5.0
1784696192,eth,1786089600000,2000.0,put,48.44,0.060072,0.034,0.0995,1935.41,2.0
1784696192,eth,1790323200000,3000.0,put,57.33,0.550239,0.54,0.561,1940.5,7566.0
1784696192,eth,1798185600000,3600.0,put,57.57,0.854971,0.777,0.95,1952.33,93.0
1784696192,eth,1785484800000,2300.0,call,60.21,0.001441,0.0013,0.0016,1935.66,21648.0
1784696192,eth,1790323200000,5000.0,call,77.34,0.000284,0.0002,0.0005,1940.47,4086.0
1784696192,eth,1785484800000,1800.0,put,50.88,0.00774,0.0075,0.008,1935.66,11928.0
1784696192,eth,1813910400000,2200.0,call,57.23,0.180163,0.178,0.182,1994.39,1027.0
1784696192,eth,1787904000000,2250.0,put,50.14,0.178329,0.1295,0.2365,1935.8,14.0
1784696192,eth,1784966400000,1875.0,call,46.08,0.036587,0.009,0.07,1934.77,6.0
1784696192,eth,1787904000000,1750.0,put,50.67,0.024861,0.0245,0.0255,1935.77,2695.0
1784696192,eth,1798185600000,3600.0,call,57.57,0.011049,0.011,0.012,1952.3,2219.0
1784696192,eth,1784793600000,1775.0,put,71.37,0.000201,0.0001,0.0003,1934.77,63.0
1784696192,eth,1784880000000,1500.0,put,102.08,1e-05,,0.0001,1934.77,1834.0
1784696192,eth,1813910400000,900.0,call,68.59,0.57246,0.569,0.5755,1994.37,2.0
1784696192,eth,1798185600000,9000.0,call,76.4,0.000324,0.0002,0.0005,1952.3,1908.0
1784696192,eth,1798185600000,4200.0,call,60.03,0.005483,0.005,0.006,1952.3,3556.0
1784696192,eth,1786089600000,2200.0,call,52.15,0.006981,0.0065,0.0075,1935.41,3908.0
1784696192,eth,1790323200000,2700.0,call,54.18,0.008957,0.0085,0.0095,1940.5,4648.0
1784696192,eth,1790323200000,11000.0,call,110.93,2.8e-05,,0.0002,1940.47,2766.0
1784696192,eth,1784707200000,1600.0,call,94.88,0.173039,0.1485,0.193,1934.77,18.0
1784696192,eth,1787904000000,2100.0,put,48.87,0.115776,0.1095,0.1205,1935.77,431.0
1784696192,eth,1784707200000,1700.0,put,94.86,0.0,,0.0001,1934.77,1215.0
1784696192,eth,1790323200000,10000.0,put,105.8,4.153208,3.9555,4.3675,1940.5,0.0
1784696192,eth,1798185600000,2200.0,call,54.43,0.095077,0.0945,0.0955,1952.3,52705.0
1784696192,eth,1784880000000,1750.0,call,62.48,0.095804,0.0925,0.1005,1934.74,915.0
1784696192,eth,1806048000000,2100.0,put,56.17,0.222026,0.2205,0.2245,1974.24,486.0
1784696192,eth,1785484800000,1200.0,put,104.72,7.4e-05,,0.0002,1935.66,12667.0
1784696192,eth,1785484800000,3400.0,call,116.34,7.5e-05,,0.0001,1935.69,2541.0
1784696192,eth,1813910400000,2500.0,call,57.11,0.136957,0.1355,0.1385,1994.39,2980.0
1784696192,eth,1798185600000,4000.0,put,59.42,1.055772,0.9715,1.1565,1952.3,223.0
1784696192,eth,1813910400000,800.0,put,71.26,0.01773,0.017,0.0185,1994.37,135.0
1784696192,eth,1784966400000,1750.0,call,57.72,0.096153,0.0645,0.127,1934.77,0.0
1784696192,eth,1806048000000,6000.0,put,63.01,2.043875,1.923,2.1855,1974.24,1.0
1784696192,eth,1790323200000,3100.0,put,58.54,0.60097,0.537,0.676,1940.5,0.0
1784696192,eth,1798185600000,1600.0,call,56.46,0.242109,0.2385,0.2475,1952.3,622.0
1784696192,eth,1806048000000,3100.0,put,56.59,0.620758,0.541,0.7245,1974.24,99.0
1784696192,eth,1785484800000,3100.0,put,101.63,0.601562,0.54,0.6705,1935.66,0.0
1784696192,eth,1813910400000,3400.0,put,57.66,0.768178,0.6795,0.8855,1994.39,0.0
1784696192,eth,1786089600000,1900.0,put,48.6,0.03186,0.031,0.0325,1935.41,381.0
1784696192,eth,1785484800000,4200.0,call,118.68,1e-06,,0.0001,1935.69,1180.0
1784696192,eth,1784707200000,1750.0,put,94.85,0.0,,0.0001,1934.77,172.0
1784696192,eth,1790323200000,13000.0,put,119.8,5.699158,5.442,5.9775,1940.5,0.0
1784696192,eth,1798185600000,3800.0,put,58.26,0.954888,0.874,1.052,1952.3,26.0
1784696192,eth,1813910400000,1200.0,put,62.69,0.050806,0.0505,0.052,1994.39,357.0
1784696192,eth,1785484800000,1700.0,call,56.72,0.124548,0.1215,0.129,1935.66,2784.0
1784696192,eth,1784880000000,1600.0,call,99.78,0.173182,0.1475,0.2,1934.77,53.0
1784696192,eth,1790323200000,1300.0,put,64.32,0.006862,0.006,0.0075,1940.47,1329.0
1784696192,eth,1784966400000,1900.0,call,45.39,0.027163,0.0036,0.058,1934.77,0.0
1784696192,eth,1790323200000,1400.0,call,60.56,0.288897,0.2635,0.3205,1940.5,112.0
1784696192,eth,1787904000000,1450.0,put,61.03,0.005095,0.0047,0.0055,1935.8,5431.0
1784696192,eth,1787904000000,3200.0,put,67.68,0.653976,0.5895,0.727,1935.8,3.0
1784696192,eth,1785484800000,2650.0,put,79.3,0.369282,0.3165,0.429,1935.69,52.0
1784696192,eth,1806048000000,5500.0,call,61.75,0.006723,0.006,0.0075,1974.28,1941.0
1784696192,eth,1790323200000,3600.0,put,64.51,0.856626,0.843,0.8705,1940.5,539.0
1784696192,eth,1790323200000,1300.0,call,64.32,0.336949,0.3135,0.366,1940.47,69.0
1784696192,eth,1784880000000,1850.0,call,47.54,0.045683,0.042,0.051,1934.77,3242.0
1784696192,eth,1798185600000,1600.0,put,56.46,0.06163,0.061,0.0625,1952.33,7335.0
1784696192,eth,1784880000000,1925.0,put,43.93,0.010966,0.0105,0.0115,1934.74,628.0
1784696192,eth,1784966400000,1975.0,call,45.47,0.008578,0.008,0.009,1934.77,76.0
1784696192,eth,1784880000000,1975.0,put,44.6,0.026543,0.0105,0.0585,1934.77,0.0
1784696192,eth,1784880000000,1775.0,put,57.61,0.000398,0.0003,0.0005,1934.74,2870.0
1784696192,eth,1784966400000,2200.0,put,61.17,0.137252,0.093,0.186,1934.77,0.0
1784696192,eth,1798185600000,11000.0,call,81.01,0.000178,0.0001,0.0003,1952.3,2143.0
1784696192,eth,1813910400000,1000.0,call,66.26,0.529629,0.526,0.533,1994.37,52.0
1784696192,eth,1813910400000,2300.0,put,57.16,0.317541,0.3145,0.3225,1994.37,85.0
1784696192,eth,1785484800000,3100.0,call,101.63,9.9e-05,,0.0001,1935.69,2633.0
1784696192,eth,1784966400000,1775.0,call,54.9,0.083536,0.052,0.1135,1934.77,0.0
1784696192,eth,1784966400000,1800.0,call,51.96,0.071072,0.04,0.102,1934.77,0.0
1784696192,eth,1784966400000,1975.0,put,45.47,0.029302,0.0037,0.065,1934.77,5.0
1784696192,eth,1785484800000,2550.0,put,74.16,0.317757,0.267,0.375,1935.69,112.0
1784696192,eth,1787904000000,1500.0,put,58.58,0.006486,0.006,0.007,1935.8,4026.0
1784696192,eth,1786089600000,1900.0,call,48.6,0.050187,0.049,0.051,1935.41,207.0
1784696192,eth,1784793600000,2000.0,call,46.56,0.001239,0.0011,0.0013,1934.77,817.0
1784696192,eth,1787904000000,2100.0,call,48.87,0.030964,0.0305,0.0315,1935.77,8286.0
1784696192,eth,1784880000000,1600.0,put,99.78,0.000141,0.0001,0.0002,1934.77,9753.0
1784696192,eth,1813910400000,3200.0,put,57.48,0.679171,0.593,0.7945,1994.37,0.0
1784696192,eth,1790323200000,9000.0,call,100.09,3.1e-05,,0.0004,1940.5,1519.0
1784696192,eth,1813910400000,2100.0,call,57.35,0.197661,0.1955,0.1995,1994.37,6.0
1784696192,eth,1806048000000,3200.0,call,56.78,0.045678,0.045,0.0465,1974.24,1641.0
1784696192,eth,1785484800000,1800.0,call,50.88,0.077858,0.074,0.083,1935.66,13522.0
1784696192,eth,1798185600000,3800.0,call,58.26,0.008526,0.0085,0.009,1952.3,3115.0
1784696192,eth,1790323200000,4800.0,call,76.1,0.000359,0.0002,0.0006,1940.47,1979.0
1784696192,eth,1806048000000,2400.0,call,56.03,0.111652,0.1105,0.113,1974.24,1762.0
1784696192,eth,1806048000000,4000.0,put,58.22,1.04667,0.9575,1.1595,1974.24,0.0
1784696192,eth,1787904000000,1200.0,put,73.42,0.001389,0.0012,0.0016,1935.77,6009.0
1784696192,eth,1784966400000,1825.0,put,49.59,0.002146,0.0019,0.0024,1934.77,0.0
1784696192,eth,1790323200000,4000.0,call,69.03,0.000883,0.0007,0.0011,1940.5,12124.0
1784696192,eth,1790323200000,2100.0,call,50.21,0.052842,0.052,0.0535,1940.5,5157.0
1784696192,eth,1798185600000,2500.0,put,54.68,0.33865,0.327,0.3465,1952.3,1170.0
1784696192,eth,1785484800000,2100.0,put,51.22,0.091814,0.086,0.0965,1935.69,791.0
1784696192,eth,1806048000000,4600.0,put,59.64,1.342419,1.245,1.4625,1974.24,0.0
1784696192,eth,1806048000000,3700.0,put,57.63,0.901461,0.8155,1.011,1974.24,0.0
1784696192,eth,1806048000000,2200.0,put,56.08,0.255204,0.253,0.258,1974.24,1687.0
1784696192,eth,1798185600000,1700.0,call,55.59,0.209102,0.2055,0.214,1952.3,377.0
1784696192,eth,1790323200000,6000.0,call,84.61,0.000134,0.0001,0.0002,1940.47,3181.0
1784696192,eth,1787904000000,1650.0,put,52.81,0.014244,0.014,0.0145,1935.77,5686.0
1784696192,eth,1784707200000,1925.0,call,36.47,0.005965,0.005,0.0065,1934.77,588.0
1784696192,eth,1798185600000,3200.0,put,56.2,0.6583,0.6435,0.6735,1952.33,251.0
1784696192,eth,1790323200000,5400.0,call,80.43,0.000205,0.0001,0.0003,1940.5,1177.0
1784696192,eth,1798185600000,10000.0,call,79.96,0.000282,0.0002,0.0004,1952.3,1675.0
1784696192,eth,1785484800000,1950.0,call,48.47,0.027141,0.026,0.0275,1935.69,8609.0
1784696192,eth,1785484800000,1700.0,put,56.72,0.00277,0.0026,0.003,1935.66,8165.0
1784696192,eth,1787904000000,3000.0,call,64.25,0.00148,0.0013,0.0015,1935.8,1352.0
1784696192,eth,1813910400000,2800.0,call,57.19,0.10493,0.1035,0.1065,1994.37,21.0
1784696192,eth,1790323200000,4800.0,put,76.1,1.473885,1.3785,1.5795,1940.5,110.0
1784696192,eth,1787904000000,2150.0,call,49.22,0.024876,0.0245,0.0255,1935.77,3407.0
1784696192,eth,1798185600000,5500.0,put,64.86,1.81878,1.7085,1.9435,1952.3,0.0
1784696192,eth,1784707200000,1725.0,put,94.85,0.0,,0.0001,1934.77,223.0
1784696192,eth,1790323200000,4200.0,call,70.11,0.000617,0.0005,0.0009,1940.47,2467.0
1784696192,eth,1787904000000,2500.0,put,54.1,0.29741,0.288,0.359,1935.77,4.0
1784696192,eth,1813910400000,2800.0,put,57.19,0.508847,0.4275,0.6175,1994.37,0.0
1784696192,eth,1784880000000,2400.0,call,94.55,3.2e-05,,0.0001,1934.74,503.0
1784696192,eth,1784880000000,2200.0,put,69.46,0.137212,0.0935,0.1855,1934.74,0.0
1784696192,eth,1787904000000,1850.0,put,49.13,0.041426,0.041,0.042,1935.8,1402.0
1784696192,eth,1813910400000,2600.0,call,57.13,0.125262,0.1235,0.1265,1994.37,37.0
1784696192,eth,1813910400000,1300.0,put,61.41,0.063833,0.0635,0.065,1994.37,867.0
1784696192,eth,1806048000000,5500.0,put,61.75,1.792323,1.6795,1.926,1974.24,0.0
1784696192,eth,1784966400000,2200.0,call,61.17,0.000243,0.0002,0.0003,1934.77,252.0
1784696192,eth,1806048000000,1400.0,call,59.99,0.349666,0.311,0.4015,1974.24,56.0
1784696192,eth,1784880000000,2000.0,call,46.13,0.003334,0.0031,0.0035,1934.77,8950.0
1784696192,eth,1813910400000,2400.0,put,57.13,0.353342,0.3495,0.3585,1994.39,0.0
1784696192,eth,1784793600000,1900.0,call,44.2,0.021188,0.017,0.0255,1934.77,371.0
1784696192,eth,1785484800000,2300.0,put,60.21,0.189623,0.183,0.195,1935.69,2773.0
1784696192,eth,1806048000000,1600.0,put,58.12,0.09214,0.0915,0.093,1974.24,1618.0
1784696192,eth,1813910400000,3800.0,call,58.09,0.046409,0.045,0.048,1994.37,0.0
1784696192,eth,1784880000000,1700.0,put,73.22,0.000184,0.0001,0.0003,1934.77,6924.0
1784696192,eth,1784880000000,1950.0,call,43.86,0.009848,0.0095,0.01,1934.74,6274.0
1784696192,eth,1798185600000,2500.0,call,54.68,0.058149,0.0575,0.0585,1952.3,22512.0
1784696192,eth,1785484800000,2400.0,call,65.49,0.000796,0.0007,0.0009,1935.66,10408.0
1784696192,eth,1806048000000,2400.0,put,56.03,0.327186,0.3195,0.3355,1974.24,357.0
1784696192,eth,1787904000000,2350.0,call,51.43,0.010492,0.01,0.011,1935.77,2535.0
1784696192,eth,1787904000000,1550.0,put,56.3,0.008313,0.008,0.0085,1935.8,3612.0
1784696192,eth,1785484800000,2350.0,put,62.73,0.215058,0.208,0.2215,1935.66,538.0
1784696192,eth,1785484800000,1900.0,put,48.38,0.021898,0.0215,0.0225,1935.69,3789.0
1784696192,eth,1798185600000,6000.0,put,66.55,2.074372,1.9545,2.2085,1952.3,0.0
1784696192,eth,1806048000000,1700.0,call,57.48,0.251897,0.2485,0.256,1974.24,1337.0
1784696192,eth,1785484800000,2700.0,call,82.03,0.00025,0.0002,0.0003,1935.66,4355.0
1784696192,eth,1784707200000,1950.0,call,37.15,0.000455,0.0003,0.0007,1934.77,1124.0
1784696192,eth,1813910400000,1000.0,put,66.26,0.031028,0.0305,0.032,1994.37,4438.0
1784696192,eth,1786089600000,1400.0,put,75.17,0.000995,0.0009,0.0011,1935.41,1152.0
1784696192,eth,1790323200000,2000.0,put,50.22,0.10194,0.101,0.103,1940.5,12949.0
1784696192,eth,1787904000000,3800.0,put,75.13,0.963234,0.8875,1.047,1935.8,0.0
1784696192,eth,1784793600000,1825.0,call,57.35,0.057091,0.029,0.095,1934.77,20.0
1784696192,eth,1798185600000,1400.0,put,59.15,0.035,0.0345,0.036,1952.3,13964.0
1784696192,eth,1787904000000,1900.0,call,48.77,0.071111,0.0705,0.072,1935.8,2598.0
1784696192,eth,1787904000000,2300.0,call,50.81,0.012989,0.0125,0.0135,1935.77,3005.0
1784696192,eth,1790323200000,1800.0,put,51.33,0.051928,0.051,0.0525,1940.47,3859.0
1784696192,eth,1798185600000,9000.0,put,76.4,3.61013,3.4315,3.8045,1952.3,0.0
1784696192,eth,1813910400000,3600.0,call,57.88,0.054177,0.053,0.0555,1994.39,1.0
1784696192,eth,1784966400000,2100.0,call,53.28,0.001035,0.0009,0.0012,1934.77,29.0
1784696192,eth,1813910400000,4000.0,put,58.33,1.045598,0.95,1.17,1994.37,0.0
1784696192,eth,1798185600000,4600.0,call,61.6,0.003648,0.0034,0.004,1952.3,9269.0
1784696192,eth,1784880000000,1550.0,put,99.78,3.6e-05,,0.0001,1934.74,7456.0
1784696192,eth,1798185600000,10000.0,put,79.96,4.122288,3.924,4.3385,1952.3,0.0
1784696192,eth,1784966400000,2100.0,put,53.28,0.086361,0.08,0.1335,1934.77,0.0
1784696192,eth,1806048000000,3200.0,put,56.78,0.666391,0.5855,0.771,1974.24,10.0
1784696192,eth,1806048000000,2600.0,call,56.11,0.088638,0.0875,0.09,1974.24,2395.0
1784696192,eth,1790323200000,2500.0,call,52.16,0.01548,0.015,0.016,1940.47,24558.0
1784696192,eth,1784707200000,1825.0,call,91.54,0.056749,0.0435,0.094,1934.77,50.0
1784696192,eth,1813910400000,1700.0,call,58.54,0.287251,0.2835,0.291,1994.39,654.0
1784696192,eth,1790323200000,2600.0,put,52.9,0.351322,0.343,0.3595,1940.5,8412.0
1784696192,eth,1784966400000,2050.0,put,49.47,0.061811,0.022,0.108,1934.77,0.0
1784696192,eth,1785484800000,2400.0,put,65.49,0.240639,0.232,0.2955,1935.69,99.0
1784696192,eth,1785484800000,1900.0,call,48.38,0.040356,0.0395,0.041,1935.66,14502.0
1784696192,eth,1787904000000,2300.0,put,50.81,0.201117,0.152,0.2605,1935.8,3.0
1784696192,eth,1784880000000,2600.0,put,94.82,0.343809,0.292,0.3995,1934.77,0.0
1784696192,eth,1784880000000,1400.0,call,104.67,0.276411,0.257,0.294,1934.74,0.0
1784696192,eth,1798185600000,8000.0,call,72.58,0.000397,0.0003,0.0007,1952.33,2427.0
1784696192,eth,1813910400000,1600.0,put,58.98,0.116999,0.1155,0.1185,1994.37,1291.0
1784696192,eth,1784793600000,2000.0,put,46.56,0.035014,0.0225,0.0785,1934.77,0.0
1784696192,eth,1784966400000,1850.0,call,47.65,0.047356,0.0205,0.0785,1934.77,88.0
1784696192,eth,1784793600000,1725.0,put,87.3,0.000139,,0.0002,1934.77,1301.0
1784696192,eth,1798185600000,3100.0,put,55.85,0.610088,0.5385,0.7005,1952.33,0.0
1784696192,eth,1798185600000,6500.0,call,68.17,0.000851,0.0006,0.0012,1952.33,1765.0
1784696192,eth,1787904000000,1000.0,put,86.31,0.000535,0.0004,0.0007,1935.8,2871.0
1784696192,eth,1785484800000,1850.0,put,49.29,0.013247,0.013,0.0135,1935.66,2204.0
1784696192,eth,1806048000000,3800.0,call,57.83,0.025012,0.0245,0.026,1974.24,1233.0
1784696192,eth,1785484800000,4400.0,call,118.68,0.0,,0.0001,1935.69,988.0
1784696192,eth,1790323200000,1500.0,put,57.21,0.015527,0.015,0.016,1940.47,11045.0
1784696192,eth,1784793600000,1700.0,call,87.31,0.121347,0.0955,0.146,1934.77,0.0
1784696192,eth,1785484800000,2050.0,put,49.61,0.06997,0.065,0.075,1935.66,642.0
1784696192,eth,1785484800000,1450.0,call,79.53,0.25133,0.2295,0.275,1935.66,1.0
1784696192,eth,1798185600000,2400.0,put,54.48,0.297604,0.287,0.3055,1952.33,1716.0
1784696192,eth,1785484800000,3800.0,put,118.68,0.963094,0.887,1.0455,1935.66,0.0
1784696192,eth,1784966400000,1825.0,call,49.59,0.058944,0.0265,0.092,1934.77,0.0
1784696192,eth,1806048000000,2300.0,put,56.04,0.290323,0.288,0.2935,1974.24,1576.0
1784696192,eth,1806048000000,1700.0,put,57.48,0.1129,0.1125,0.114,1974.24,1458.0
1784696192,eth,1784793600000,1850.0,call,51.79,0.044488,0.0285,0.083,1934.77,1.0
1784696192,eth,1785484800000,1650.0,call,60.91,0.149408,0.146,0.154,1935.69,5847.0
1784696192,eth,1790323200000,12000.0,call,115.57,2.7e-05,,0.0002,1940.5,1341.0
1784696192,eth,1813910400000,2900.0,put,57.24,0.550265,0.468,0.661,1994.39,0.0
1784696192,eth,1787904000000,1400.0,call,63.04,0.280643,0.2515,0.312,1935.77,100.0
1784696192,eth,1787904000000,2800.0,call,60.29,0.002421,0.0021,0.0026,1935.77,4720.0
1784696192,eth,1806048000000,4200.0,put,58.62,1.144563,1.052,1.259,1974.24,5.0
1784696192,eth,1784793600000,1925.0,put,42.84,0.007188,0.0065,0.0075,1934.77,714.0
1784696192,eth,1784793600000,1800.0,put,64.33,0.000279,0.0002,0.0003,1934.77,643.0
1784696192,eth,1785484800000,1600.0,put,65.65,0.001232,0.0011,0.0014,1935.69,14878.0
1784696192,eth,1790323200000,5800.0,call,84.16,0.000174,0.0001,0.0002,1940.5,4884.0
1784696192,eth,1798185600000,1900.0,call,54.72,0.153924,0.1525,0.155,1952.3,1199.0
1784696192,eth,1806048000000,1000.0,put,67.69,0.020725,0.02,0.0215,1974.24,7399.0
1784696192,eth,1813910400000,3500.0,put,57.79,0.813527,0.7975,0.839,1994.37,303.0
1784696192,eth,1785484800000,2250.0,put,57.47,0.164347,0.1575,0.169,1935.69,706.0
1784696192,eth,1786089600000,1750.0,call,52.13,0.10592,0.0785,0.138,1935.41,50.0
1784696192,eth,1787904000000,1750.0,call,50.67,0.120849,0.117,0.126,1935.8,4254.0
1784696192,eth,1784707200000,1825.0,put,91.54,1e-06,,0.0001,1934.77,252.0
1784696192,eth,1784966400000,1875.0,put,46.08,0.005628,0.005,0.006,1934.77,7.0
1784696192,eth,1813910400000,3400.0,call,57.66,0.063422,0.062,0.065,1994.37,115.0
1784696192,eth,1784966400000,2050.0,call,49.47,0.002324,0.0021,0.0025,1934.77,6.0
1784696192,eth,1784793600000,1600.0,put,87.56,0.0,,0.0001,1934.77,400.0
1784696192,eth,1806048000000,2800.0,put,56.24,0.488698,0.4135,0.588,1974.28,12.0
1784696192,eth,1784793600000,1850.0,put,51.79,0.000728,0.0006,0.0008,1934.77,70.0
1784696192,eth,1798185600000,2400.0,call,54.48,0.068323,0.0675,0.069,1952.3,11700.0
1784696192,eth,1798185600000,1700.0,put,55.59,0.079843,0.079,0.081,1952.33,12662.0
1784696192,eth,1790323200000,8500.0,put,97.73,3.380238,3.212,3.5625,1940.5,0.0
1784696192,eth,1784793600000,1750.0,put,77.94,0.000144,0.0001,0.0002,1934.77,103.0
1784696192,eth,1785484800000,4400.0,put,118.68,1.273045,1.185,1.3675,1935.69,0.0
1784696192,eth,1790323200000,2400.0,call,51.48,0.020964,0.0205,0.0215,1940.5,7229.0
1784696192,eth,1806048000000,2900.0,call,56.36,0.063157,0.0625,0.064,1974.28,1578.0
1784696192,eth,1798185600000,6000.0,call,66.55,0.001168,0.0009,0.0015,1952.33,10376.0
1784696192,eth,1785484800000,1000.0,call,111.23,0.483402,0.4695,0.4935,1935.69,86.0
1784696192,eth,1813910400000,2200.0,put,57.23,0.283241,0.2805,0.2895,1994.37,6.0
1784696192,eth,1787904000000,1650.0,call,52.81,0.16189,0.158,0.167,1935.8,1617.0
1784696192,eth,1785484800000,2600.0,call,77.3,0.00037,0.0003,0.0004,1935.69,3671.0
1784696192,eth,1787904000000,1100.0,call,78.56,0.432547,0.4185,0.449,1935.77,50.0
1784696192,eth,1784880000000,1650.0,call,86.8,0.147364,0.123,0.172,1934.77,4.0
1784696192,eth,1813910400000,800.0,call,71.26,0.616611,0.6135,0.6195,1994.37,114.0
1784696192,eth,1785484800000,1200.0,call,104.72,0.380152,0.378,0.383,1935.69,284.0
1784696192,eth,1785484800000,2800.0,call,86.67,0.000178,0.0001,0.0002,1935.66,6672.0
