snap_ts,asset,expiry_ms,strike,opt_type,mark_iv,mark_price,bid,ask,underlying_price,open_interest
1787077171,btc,1790323200000,320000.0,call,85.42,0.0,,0.0001,65026.58,276.6
1787077171,btc,1787212800000,62000.0,call,35.49,0.04222903,0.038,0.0455,64711.56,0.0
1787077171,btc,1813910400000,72000.0,put,41.66,0.19574486,0.194,0.1965,67223.74,1.3
1787077171,btc,1787299200000,64000.0,put,25.16,0.00392871,0.0036,0.0042,64724.89,195.3
1787077171,btc,1787299200000,65500.0,call,24.68,0.00366852,0.0034,0.0038,64724.89,19.9
1787077171,btc,1798185600000,45000.0,call,51.07,0.32834884,0.327,0.33,65771.65,54.3
1787077171,btc,1787299200000,58000.0,call,55.51,0.104067,0.1025,0.1055,64724.89,0.0
1787077171,btc,1813910400000,70000.0,call,41.85,0.13642698,0.135,0.1375,67223.81,193.4
1787077171,btc,1787299200000,61000.0,call,37.05,0.05790866,0.0565,0.059,64724.8,11.6
1787077171,btc,1787126400000,63000.0,put,32.62,8.963e-05,,0.0002,64700.75,116.0
1787077171,btc,1798185600000,68000.0,put,38.73,0.11095878,0.1105,0.112,65771.65,446.1
1787077171,btc,1798185600000,115000.0,put,43.56,0.75029947,0.7475,0.754,65771.65,0.7
1787077171,btc,1806048000000,98000.0,put,39.99,0.49318244,0.491,0.496,66467.87,0.2
1787077171,btc,1787904000000,100000.0,put,59.75,0.54350437,0.5405,0.5465,64785.53,0.5
1787077171,btc,1813910400000,78000.0,put,41.16,0.25487615,0.253,0.257,67223.81,0.4
1787077171,btc,1793347200000,48000.0,put,49.62,0.00705348,0.0065,0.0075,65307.41,181.7
1787077171,btc,1790323200000,84000.0,call,38.69,0.00101058,0.0009,0.0011,65026.49,1684.3
1787077171,btc,1788508800000,61000.0,put,32.58,0.00699557,0.0065,0.0075,64846.18,117.4
1787077171,btc,1798185600000,102000.0,put,40.91,0.55501188,0.5525,0.5585,65771.65,7.8
1787077171,btc,1813910400000,120000.0,call,41.95,0.01504358,0.014,0.016,67223.81,200.4
1787077171,btc,1790323200000,165000.0,call,75.32,5.19e-06,,0.0001,65026.58,184.2
1787077171,btc,1787904000000,98000.0,put,59.46,0.51263442,0.5105,0.5165,64785.53,0.0
1787077171,btc,1790323200000,65000.0,put,33.98,0.04325008,0.043,0.044,65026.58,682.1
1787077171,btc,1806048000000,170000.0,put,48.83,1.55882444,1.471,1.6575,66467.87,0.1
1787077171,btc,1790323200000,160000.0,put,75.32,1.46051192,1.3775,1.551,65026.58,0.6
1787077171,btc,1790323200000,80000.0,put,35.13,0.23186728,0.23,0.234,65026.58,612.6
1787077171,btc,1787299200000,56000.0,put,57.26,1.624e-05,,0.0001,64724.89,122.0
1787077171,btc,1790323200000,180000.0,call,75.32,1.09e-06,,0.0001,65026.58,748.1
1787077171,btc,1806048000000,90000.0,put,39.62,0.38436009,0.3825,0.3865,66467.78,14.1
1787077171,btc,1793347200000,80000.0,put,35.26,0.23300564,0.2315,0.2355,65307.41,0.7
1787077171,btc,1806048000000,54000.0,put,44.17,0.05113918,0.0505,0.052,66467.87,78.8
1787077171,btc,1787212800000,64500.0,put,23.04,0.00451051,0.0041,0.0048,64711.56,50.0
1787077171,btc,1787904000000,90000.0,call,55.07,2.88e-06,,0.0001,64785.53,368.4
1787077171,btc,1787385600000,61000.0,put,35.73,0.00065598,0.0005,0.0008,64732.9,3.4
1787077171,btc,1806048000000,60000.0,put,42.17,0.08085538,0.08,0.082,66467.87,628.9
1787077171,btc,1798185600000,65000.0,call,39.39,0.09849457,0.0975,0.0995,65771.65,960.0
1787077171,btc,1787299200000,62500.0,put,29.82,0.00090268,0.0008,0.001,64724.89,64.5
1787077171,btc,1787904000000,53000.0,call,50.72,0.18211886,0.1805,0.1835,64785.53,10.9
1787077171,btc,1798185600000,190000.0,call,58.43,0.00018017,0.0001,0.0003,65771.65,993.0
1787077171,btc,1790323200000,105000.0,put,53.29,0.61486854,0.6125,0.6185,65026.49,104.6
1787077171,btc,1798185600000,230000.0,put,63.04,2.4969689,2.379,2.625,65771.65,0.0
1787077171,btc,1790323200000,72000.0,call,33.02,0.00998211,0.0095,0.0105,65026.58,3432.6
1787077171,btc,1790323200000,130000.0,put,64.87,0.99919226,0.9955,1.0095,65026.58,21.4
1787077171,btc,1790323200000,70000.0,put,32.9,0.09215484,0.091,0.093,65026.49,1385.4
1787077171,btc,1806048000000,150000.0,call,46.16,0.00209977,0.0019,0.0024,66467.87,1913.7
1787077171,btc,1798185600000,45000.0,put,51.07,0.01252401,0.012,0.013,65771.65,2907.9
1787077171,btc,1793347200000,67000.0,put,35.87,0.07832019,0.0775,0.079,65307.41,13.1
1787077171,btc,1813910400000,60000.0,call,43.51,0.21015773,0.2085,0.2115,67223.81,945.2
1787077171,btc,1787299200000,67000.0,call,26.56,0.00059429,0.0005,0.0006,64724.8,2203.5
1787077171,btc,1788508800000,68000.0,call,27.54,0.00710784,0.0065,0.0075,64846.18,584.3
1787077171,btc,1793347200000,59000.0,call,39.2,0.12543901,0.1245,0.1265,65307.41,1.1
1787077171,btc,1790323200000,220000.0,call,75.38,2e-08,,0.0001,65026.49,230.1
1787077171,btc,1806048000000,106000.0,call,40.61,0.0120392,0.0115,0.0125,66467.87,43.6
1787077171,btc,1793347200000,48000.0,call,49.62,0.27209149,0.271,0.273,65307.41,0.1
1787077171,btc,1787904000000,80000.0,call,46.28,6.039e-05,,0.0001,64785.53,2141.0
1787077171,btc,1790323200000,100000.0,call,50.59,0.00024929,0.0002,0.0003,65026.58,3632.0
1787077171,btc,1806048000000,98000.0,call,39.99,0.01882934,0.018,0.0195,66467.87,109.0
1787077171,btc,1793347200000,88000.0,put,37.37,0.3502558,0.3485,0.353,65307.41,0.0
1787077171,btc,1790323200000,60000.0,put,37.09,0.01698173,0.0165,0.0175,65026.49,4927.3
1787077171,btc,1798185600000,72000.0,put,38.15,0.14914045,0.1485,0.151,65771.65,330.4
1787077171,btc,1806048000000,56000.0,call,43.43,0.21739927,0.216,0.219,66467.87,16.9
1787077171,btc,1787904000000,62000.0,put,30.72,0.00503124,0.0047,0.0055,64785.53,720.7
1787077171,btc,1787385600000,66000.0,put,25.08,0.02267153,0.021,0.024,64732.9,0.0
1787077171,btc,1813910400000,55000.0,call,44.8,0.25663444,0.255,0.258,67223.81,2.5
1787077171,btc,1787385600000,59000.0,put,44.79,0.00027791,0.0003,0.0004,64733.86,0.0
1787077171,btc,1788508800000,63000.0,call,30.4,0.04221737,0.0415,0.043,64847.01,86.7
1787077171,btc,1787212800000,65000.0,call,22.83,0.00403335,0.0038,0.0042,64711.52,182.8
1787077171,btc,1798185600000,56000.0,call,42.73,0.18572932,0.1845,0.187,65771.65,41.4
1787077171,btc,1788508800000,75000.0,put,32.75,0.15707192,0.1555,0.159,64846.18,0.0
1787077171,btc,1790323200000,52000.0,put,47.0,0.00410285,0.0039,0.0043,65026.49,1333.0
1787077171,btc,1806048000000,86000.0,put,39.39,0.33223581,0.3305,0.3345,66467.87,1.8
1787077171,btc,1806048000000,40000.0,put,53.03,0.01642341,0.016,0.017,66467.87,1694.9
1787077171,btc,1806048000000,120000.0,call,42.05,0.00601953,0.0055,0.0065,66467.87,329.2
1787077171,btc,1788508800000,58000.0,call,37.22,0.10831161,0.1065,0.1095,64846.18,0.0
1787077171,btc,1793347200000,80000.0,call,35.26,0.00806899,0.0075,0.0085,65307.41,264.9
1787077171,btc,1813910400000,140000.0,call,43.69,0.00776201,0.007,0.0085,67223.74,213.6
1787077171,btc,1790323200000,190000.0,call,75.38,3.9e-07,,0.0001,65026.49,772.5
1787077171,btc,1787385600000,71000.0,call,38.87,0.00010846,,0.0002,64732.9,8.2
1787077171,btc,1806048000000,56000.0,put,43.43,0.05988676,0.059,0.061,66467.87,109.3
1787077171,btc,1813910400000,56000.0,call,44.51,0.24683167,0.2455,0.248,67223.81,3.0
1787077171,btc,1790323200000,64000.0,call,34.46,0.05208385,0.0515,0.0525,65026.58,760.1
1787077171,btc,1787904000000,40000.0,put,69.36,1.6e-07,,0.0001,64785.53,753.2
1787077171,btc,1788508800000,53000.0,put,47.11,0.00074927,0.0007,0.0008,64847.01,109.4
1787077171,btc,1790323200000,220000.0,put,75.38,2.38319186,2.2685,2.5055,65026.49,1.8
1787077171,btc,1798185600000,50000.0,call,46.67,0.26019059,0.2585,0.262,65771.65,260.8
1787077171,btc,1793347200000,45000.0,put,53.78,0.00513239,0.0048,0.0055,65307.41,103.3
1787077171,btc,1793347200000,69000.0,call,35.42,0.04033284,0.0395,0.041,65307.41,120.8
1787077171,btc,1813910400000,84000.0,call,40.8,0.07121787,0.07,0.0725,67223.74,2.7
1787077171,btc,1787385600000,65500.0,call,25.19,0.00517474,0.0048,0.0055,64732.9,7.2
1787077171,btc,1790323200000,40000.0,put,70.12,0.00096017,0.0009,0.001,65026.58,2348.9
1787077171,btc,1790323200000,280000.0,put,81.51,3.30588053,3.1595,3.462,65026.58,0.0
1787077171,btc,1793347200000,69000.0,put,35.42,0.0968407,0.096,0.098,65307.41,0.1
1787077171,btc,1793347200000,62000.0,put,37.55,0.04279958,0.0425,0.0435,65307.41,79.1
1787077171,btc,1813910400000,88000.0,put,40.75,0.36819494,0.366,0.3705,67223.81,0.1
1787077171,btc,1793347200000,40000.0,call,60.91,0.39050528,0.3895,0.3915,65307.41,0.0
1787077171,btc,1793347200000,86000.0,put,36.74,0.32040826,0.318,0.323,65307.41,0.1
1787077171,btc,1787212800000,61000.0,put,41.15,0.0001319,0.0001,0.0002,64711.52,14.9
1787077171,btc,1806048000000,82000.0,put,39.37,0.28280301,0.2815,0.285,66467.87,3.9
1787077171,btc,1798185600000,64000.0,call,39.62,0.10641874,0.1055,0.1075,65771.65,419.3
1787077171,btc,1806048000000,95000.0,put,39.76,0.45156471,0.4495,0.4545,66467.78,0.6
1787077171,btc,1798185600000,95000.0,call,39.51,0.00702375,0.0065,0.007,65771.65,1378.8
1787077171,btc,1790323200000,95000.0,call,46.76,0.00033343,0.0003,0.0005,65026.58,1863.7
1787077171,btc,1790323200000,35000.0,call,80.69,0.46228902,0.461,0.463,65026.58,29.3
1787077171,btc,1787385600000,70000.0,put,35.27,0.08148608,0.078,0.086,64733.86,0.0
1787077171,btc,1798185600000,240000.0,put,64.69,2.64900403,2.5255,2.782,65771.65,0.0
1787077171,btc,1787904000000,86000.0,put,52.25,0.32742402,0.3255,0.331,64785.53,0.0
1787077171,btc,1813910400000,105000.0,call,41.0,0.02734543,0.0265,0.028,67223.74,108.7
1787077171,btc,1798185600000,86000.0,put,38.19,0.32252207,0.32,0.325,65771.65,23.4
1787077171,btc,1787904000000,79000.0,call,44.98,7.902e-05,,0.0001,64785.53,1126.6
1787077171,btc,1790323200000,200000.0,call,75.38,1.4e-07,,0.0001,65026.58,1009.2
1787077171,btc,1787904000000,78000.0,put,43.0,0.20402381,0.2015,0.206,64785.53,4.1
1787077171,btc,1788508800000,53000.0,call,47.11,0.18345974,0.182,0.185,64846.18,0.0
1787077171,btc,1806048000000,150000.0,put,46.16,1.25876268,1.1805,1.348,66467.78,0.5
1787077171,btc,1790323200000,45000.0,put,59.03,0.00154773,0.0015,0.0017,65026.58,2192.5
1787077171,btc,1798185600000,20000.0,call,86.25,0.69685504,0.6965,0.6975,65771.65,2.7
1787077171,btc,1806048000000,110000.0,call,40.85,0.00961724,0.009,0.01,66467.87,1099.9
1787077171,btc,1790323200000,145000.0,call,69.92,1.444e-05,,0.0002,65026.49,492.3
1787077171,btc,1806048000000,125000.0,call,42.92,0.00503149,0.0046,0.005,66467.87,127.1
1787077171,btc,1798185600000,150000.0,put,52.01,1.28112223,1.204,1.3665,65771.65,2.0
1787077171,btc,1813910400000,120000.0,put,41.95,0.80006803,0.797,0.805,67223.81,0.1
1787077171,btc,1793347200000,63000.0,put,37.04,0.0484901,0.048,0.049,65307.41,406.6
1787077171,btc,1790323200000,160000.0,call,75.32,8.76e-06,,0.0001,65026.58,1444.3
1787077171,btc,1813910400000,64000.0,put,42.7,0.12954227,0.128,0.1305,67223.74,13.3
1787077171,btc,1787126400000,57000.0,call,57.04,0.11905112,0.1155,0.122,64700.75,0.0
1787077171,btc,1813910400000,95000.0,call,40.7,0.04264106,0.0415,0.0435,67223.81,27.2
1787077171,btc,1787212800000,60000.0,put,47.63,7.674e-05,,0.0001,64711.52,13.8
1787077171,btc,1798185600000,98000.0,call,39.96,0.00551188,0.005,0.0055,65771.65,216.6
1787077171,btc,1788508800000,65000.0,put,28.74,0.02564397,0.025,0.026,64846.18,74.0
1787077171,btc,1798185600000,108000.0,put,42.15,0.64485678,0.642,0.648,65771.65,0.1
1787077171,btc,1787385600000,72000.0,call,40.81,5.565e-05,,0.0002,64733.86,0.0
1787077171,btc,1787299200000,56000.0,call,57.26,0.13484526,0.1335,0.136,64724.89,0.0
1787077171,btc,1813910400000,74000.0,put,41.44,0.21453438,0.213,0.216,67223.74,0.2
1787077171,btc,1787904000000,94000.0,put,59.46,0.45089552,0.448,0.4535,64785.58,0.0
1787077171,btc,1790323200000,86000.0,call,39.88,0.0007502,0.0006,0.0009,65026.49,897.1
1787077171,btc,1787385600000,63500.0,call,26.84,0.02267603,0.0215,0.024,64733.86,0.1
1787077171,btc,1798185600000,115000.0,call,43.56,0.00185183,0.0016,0.0021,65771.65,2340.1
1787077171,btc,1788508800000,64000.0,put,29.5,0.01890798,0.0185,0.0195,64847.01,34.5
1787077171,btc,1806048000000,140000.0,put,44.81,1.10907482,1.0365,1.1945,66467.87,0.0
1787077171,btc,1798185600000,80000.0,put,37.9,0.24249241,0.2405,0.245,65771.65,951.8
1787077171,btc,1790323200000,56000.0,put,41.29,0.00796679,0.0075,0.0085,65026.58,1548.3
1787077171,btc,1787904000000,50000.0,put,56.69,5.682e-05,,0.0001,64785.53,2786.8
1787077171,btc,1806048000000,70000.0,put,40.23,0.1555535,0.1545,0.1565,66467.78,211.7
1787077171,btc,1813910400000,86000.0,call,40.77,0.06492708,0.064,0.066,67223.81,3.0
1787077171,btc,1787126400000,65500.0,put,22.47,0.01266155,0.0115,0.014,64700.75,1.8
1787077171,btc,1806048000000,64000.0,call,41.27,0.14422572,0.143,0.145,66467.87,135.2
1787077171,btc,1798185600000,82000.0,put,37.92,0.26838271,0.2665,0.271,65771.65,158.8
1787077171,btc,1788508800000,60000.0,put,34.17,0.00511928,0.0049,0.0055,64847.01,569.1
1787077171,btc,1787904000000,78000.0,call,43.0,9.047e-05,,0.0001,64785.53,1408.3
1787077171,btc,1787385600000,67000.0,put,26.0,0.03608613,0.034,0.038,64732.9,0.0
1787077171,btc,1788508800000,61000.0,call,32.58,0.066326,0.065,0.068,64846.18,5.5
1787077171,btc,1787212800000,61500.0,call,38.53,0.04986212,0.046,0.053,64711.52,0.0
1787077171,btc,1798185600000,90000.0,put,38.67,0.37889725,0.3765,0.3815,65771.65,590.6
1787077171,btc,1787904000000,92000.0,call,58.29,2.73e-06,,0.0001,64785.53,112.6
1787077171,btc,1806048000000,50000.0,call,46.06,0.28487691,0.2835,0.2865,66467.87,20.6
1787077171,btc,1787904000000,79000.0,put,44.98,0.21944741,0.217,0.222,64785.53,0.7
1787077171,btc,1793347200000,74000.0,put,34.89,0.152838,0.1515,0.1545,65307.41,0.3
1787077171,btc,1813910400000,140000.0,put,43.69,1.09029053,1.015,1.181,67223.74,0.0
1787077171,btc,1798185600000,180000.0,put,56.61,1.73691313,1.6445,1.838,65771.65,0.0
1787077171,btc,1787904000000,88000.0,put,52.74,0.35828789,0.3565,0.3615,64785.53,0.0
1787077171,btc,1787385600000,64500.0,call,25.36,0.01190966,0.0115,0.0125,64732.9,1.0
1787077171,btc,1787904000000,96000.0,put,59.46,0.48176469,0.479,0.4845,64785.53,0.1
1787077171,btc,1787212800000,67000.0,put,26.89,0.03549362,0.032,0.04,64711.56,0.0
1787077171,btc,1787904000000,86000.0,call,52.25,1.033e-05,,0.0001,64785.53,158.9
1787077171,btc,1813910400000,76000.0,call,41.28,0.10375795,0.1025,0.1045,67223.81,21.0
1787077171,btc,1798185600000,35000.0,put,63.34,0.00522097,0.005,0.0055,65771.65,2381.4
1787077171,btc,1790323200000,150000.0,put,72.57,1.30673602,1.229,1.39,65026.58,0.7
1787077171,btc,1787904000000,57000.0,call,41.4,0.12087866,0.119,0.1225,64785.53,28.5
1787077171,btc,1793347200000,61000.0,call,38.07,0.10359753,0.1025,0.105,65307.41,7.7
1787077171,btc,1787212800000,62500.0,call,31.07,0.03456781,0.031,0.0375,64711.52,0.0
1787077171,btc,1806048000000,50000.0,put,46.06,0.03709788,0.037,0.038,66467.87,2109.1
1787077171,btc,1787212800000,61500.0,put,38.53,0.00020053,0.0001,0.0003,64711.56,22.9
1787077171,btc,1806048000000,190000.0,call,51.7,0.00091812,0.0007,0.0012,66467.87,881.7
1787077171,btc,1787212800000,60500.0,call,45.29,0.06523021,0.061,0.0685,64711.52,0.0
1787077171,btc,1788508800000,70000.0,call,27.89,0.00289303,0.0028,0.003,64846.18,354.6
1787077171,btc,1798185600000,110000.0,call,42.44,0.00245432,0.0022,0.0025,65771.65,2631.5
1787077171,btc,1787904000000,48000.0,put,62.79,3.984e-05,,0.0001,64785.53,1520.1
1787077171,btc,1787385600000,70000.0,call,35.27,0.0001575,0.0001,0.0002,64733.86,0.1
1787077171,btc,1790323200000,88000.0,put,40.83,0.35381803,0.3515,0.356,65026.49,5.7
1787077171,btc,1787299200000,59000.0,call,49.3,0.08865299,0.087,0.09,64724.89,0.0
1787077171,btc,1787126400000,65000.0,put,18.66,0.00579544,0.005,0.0065,64700.75,14.3
1787077171,btc,1788508800000,62000.0,call,31.42,0.0537443,0.052,0.0545,64846.18,2.1
1787077171,btc,1806048000000,76000.0,put,39.52,0.21437904,0.2135,0.2165,66467.87,19.2
1787077171,btc,1793347200000,64000.0,call,36.64,0.07497156,0.0745,0.0765,65308.29,428.2
1787077171,btc,1790323200000,76000.0,call,33.71,0.00390364,0.0037,0.004,65026.49,2864.0
1787077171,btc,1790323200000,110000.0,call,57.25,0.00014678,0.0001,0.0002,65026.58,1335.6
1787077171,btc,1798185600000,82000.0,call,37.92,0.02166352,0.021,0.022,65771.65,545.1
1787077171,btc,1790323200000,55000.0,put,42.78,0.00678005,0.0065,0.007,65026.58,2597.2
1787077171,btc,1798185600000,130000.0,put,47.01,0.97743873,0.9745,0.9815,65771.65,55.2
1787077171,btc,1798185600000,106000.0,call,41.61,0.0031657,0.0029,0.0034,65771.65,320.2
1787077171,btc,1798185600000,30000.0,call,69.85,0.54697896,0.546,0.5475,65771.65,291.0
1787077171,btc,1798185600000,180000.0,call,56.61,0.00021246,0.0001,0.0004,65771.65,923.8
1787077171,btc,1787126400000,65500.0,call,22.47,0.0003431,0.0002,0.0004,64700.75,71.1
1787077171,btc,1790323200000,74000.0,put,33.13,0.14413105,0.1425,0.146,65026.49,110.7
1787077171,btc,1798185600000,106000.0,put,41.61,0.61477831,0.6125,0.618,65771.65,0.2
1787077171,btc,1787904000000,84000.0,put,50.62,0.296563,0.294,0.299,64785.53,0.7
1787077171,btc,1806048000000,88000.0,put,39.55,0.35815632,0.356,0.3605,66467.78,4.5
1787077171,btc,1793347200000,57000.0,put,40.61,0.02208069,0.0215,0.023,65307.41,106.8
1787077171,btc,1787299200000,65500.0,put,24.68,0.01560958,0.014,0.017,64724.8,0.0
1787077171,btc,1788508800000,73000.0,put,30.44,0.12662149,0.125,0.1285,64846.18,0.0
1787077171,btc,1798185600000,62000.0,put,40.15,0.06624194,0.0655,0.067,65771.65,1012.2
1787077171,btc,1790323200000,45000.0,call,59.03,0.30953122,0.3085,0.3105,65026.58,224.8
1787077171,btc,1806048000000,200000.0,call,52.47,0.00071974,0.0006,0.001,66467.87,497.2
1787077171,btc,1793347200000,60000.0,put,38.6,0.0329435,0.0325,0.0335,65307.41,923.0
1787077171,btc,1793347200000,52000.0,put,45.0,0.01140567,0.011,0.012,65307.41,45.6
1787077171,btc,1787212800000,69000.0,call,35.72,2.268e-05,,0.0001,64711.52,0.0
1787077171,btc,1798185600000,140000.0,put,49.72,1.12925338,1.057,1.2095,65771.65,0.2
1787077171,btc,1790323200000,125000.0,put,64.72,0.92233257,0.9195,0.926,65026.58,21.8
1787077171,btc,1787904000000,92000.0,put,58.29,0.42002667,0.418,0.4235,64785.53,1.2
1787077171,btc,1813910400000,55000.0,put,44.8,0.07477065,0.074,0.076,67223.81,34.2
1787077171,btc,1806048000000,102000.0,put,40.15,0.54934267,0.547,0.5525,66467.87,0.1
1787077171,btc,1787904000000,75000.0,put,39.36,0.15788176,0.156,0.1605,64785.53,44.2
1787077171,btc,1806048000000,96000.0,call,39.94,0.02129702,0.0205,0.022,66467.87,133.0
1787077171,btc,1788508800000,64000.0,call,29.5,0.03199232,0.0315,0.0325,64846.18,277.3
1787077171,btc,1793347200000,60000.0,call,38.6,0.11424102,0.113,0.1155,65307.41,12.6
1787077171,btc,1790323200000,98000.0,put,49.25,0.50734524,0.505,0.51,65026.58,0.1
1787077171,btc,1787299200000,63500.0,call,26.27,0.02128077,0.02,0.0225,64724.8,153.0
1787077171,btc,1790323200000,40000.0,call,70.12,0.38583438,0.3845,0.3865,65026.58,34.4
1787077171,btc,1787904000000,77000.0,call,43.0,0.00016149,,0.0002,64785.53,220.5
1787077171,btc,1793347200000,76000.0,put,34.98,0.17844082,0.177,0.1805,65308.29,0.0
1787077171,btc,1790323200000,155000.0,call,75.11,1.419e-05,,0.0002,65026.49,363.1
1787077171,btc,1813910400000,100000.0,put,40.75,0.52138709,0.519,0.5245,67223.81,0.1
1787077171,btc,1793347200000,45000.0,call,53.78,0.31610553,0.315,0.318,65307.41,0.0
1787077171,btc,1793347200000,66000.0,call,36.08,0.05929609,0.0585,0.06,65307.41,172.4
1787077171,btc,1787126400000,68000.0,put,30.37,0.0509566,0.0475,0.0555,64700.75,0.0
1787077171,btc,1787904000000,82000.0,put,48.84,0.26571007,0.264,0.269,64785.53,1.5
1787077171,btc,1793347200000,58000.0,call,39.94,0.13723058,0.136,0.1385,65307.41,0.0
1787077171,btc,1798185600000,70000.0,put,38.38,0.12919197,0.1285,0.1295,65771.65,1021.6
1787077171,btc,1790323200000,68000.0,put,33.03,0.06985958,0.0685,0.0705,65026.58,616.3
1787077171,btc,1793347200000,90000.0,call,37.97,0.00222504,0.0021,0.0024,65307.41,61.6
1787077171,btc,1787212800000,66000.0,put,24.69,0.02076451,0.019,0.0225,64711.52,0.0
1787077171,btc,1798185600000,125000.0,call,45.83,0.00113897,0.0009,0.0014,65771.65,595.4
1787077171,btc,1787212800000,64000.0,put,23.9,0.00219963,0.0019,0.0024,64711.52,17.1
1787077171,btc,1787299200000,64500.0,call,24.56,0.01007913,0.0095,0.0105,64724.89,86.5
1787077171,btc,1806048000000,95000.0,call,39.76,0.02234486,0.0215,0.023,66467.78,343.0
1787077171,btc,1793347200000,56000.0,call,41.42,0.16189408,0.1605,0.163,65307.41,0.0
1787077171,btc,1813910400000,40000.0,put,52.07,0.02590776,0.0255,0.0265,67223.81,967.9
1787077171,btc,1798185600000,70000.0,call,38.38,0.06491949,0.064,0.065,65771.65,1835.2
1787077171,btc,1798185600000,30000.0,put,69.85,0.00309574,0.003,0.0032,65771.65,2128.1
1787077171,btc,1790323200000,140000.0,call,69.71,2.527e-05,,0.0002,65026.58,1184.3
1787077171,btc,1787299200000,65000.0,put,24.32,0.01043871,0.01,0.011,64724.89,107.2
1787077171,btc,1813910400000,95000.0,put,40.7,0.45578541,0.4535,0.4585,67223.81,20.1
1787077171,btc,1798185600000,100000.0,call,40.38,0.00477573,0.0045,0.0049,65771.65,3639.1
1787077171,btc,1787126400000,59000.0,call,50.5,0.08814064,0.0845,0.091,64700.75,0.0
1787077171,btc,1793347200000,70000.0,put,35.27,0.10702755,0.106,0.1085,65308.29,3.1
1787077171,btc,1787385600000,65500.0,put,25.19,0.01699587,0.0155,0.018,64733.86,0.0
1787077171,btc,1813910400000,82000.0,put,40.87,0.29799836,0.296,0.3005,67223.81,0.2
1787077171,btc,1790323200000,180000.0,put,75.32,1.76806714,1.674,1.868,65026.58,7.3
1787077171,btc,1787299200000,66000.0,put,24.91,0.02166434,0.02,0.023,64724.8,14.8
1787077171,btc,1806048000000,62000.0,put,41.66,0.09324345,0.0925,0.094,66467.87,340.3
1787077171,btc,1790323200000,102000.0,put,52.62,0.56881993,0.5665,0.5725,65026.58,0.4
1787077171,btc,1793347200000,68000.0,call,35.58,0.04599723,0.0455,0.0465,65307.41,49.7
1787077171,btc,1788508800000,70000.0,put,27.89,0.08233203,0.081,0.0845,64846.18,0.1
1787077171,btc,1787904000000,59000.0,call,36.41,0.09068007,0.089,0.0925,64785.53,214.3
1787077171,btc,1788508800000,75000.0,call,32.75,0.00050667,0.0004,0.0006,64847.01,40.5
1787077171,btc,1787126400000,61000.0,put,43.82,1.44e-06,,0.0001,64700.75,66.6
1787077171,btc,1787126400000,69000.0,put,33.27,0.0664118,0.063,0.071,64700.75,0.0
1787077171,btc,1798185600000,105000.0,call,41.39,0.00337444,0.0031,0.0036,65771.65,831.5
1787077171,btc,1798185600000,52000.0,call,45.19,0.23428063,0.233,0.236,65771.65,0.1
1787077171,btc,1787385600000,71000.0,put,38.87,0.09688458,0.093,0.1015,64732.9,0.0
1787077171,btc,1798185600000,58000.0,put,41.73,0.04526562,0.0445,0.046,65771.65,2186.2
1787077171,btc,1787299200000,63000.0,put,27.68,0.00138261,0.0013,0.0016,64724.89,355.7
1787077171,btc,1787126400000,60000.0,call,44.57,0.07268543,0.069,0.0755,64700.75,0.0
1787077171,btc,1790323200000,145000.0,put,69.92,1.22984542,1.1545,1.311,65026.49,0.2
1787077171,btc,1787385600000,69000.0,put,30.58,0.06607765,0.0625,0.071,64733.86,0.0
1787077171,btc,1787904000000,105000.0,put,63.37,0.62067953,0.6185,0.6245,64785.53,1.0
1787077171,btc,1793347200000,55000.0,call,42.18,0.17472333,0.1735,0.176,65307.41,0.0
1787077171,btc,1798185600000,94000.0,put,39.25,0.43669345,0.4345,0.4395,65771.65,5.3
1787077171,btc,1798185600000,220000.0,call,61.43,7.994e-05,,0.0002,65771.65,252.8
1787077171,btc,1788508800000,68000.0,put,27.54,0.05570573,0.0545,0.0575,64847.01,0.0
1787077171,btc,1806048000000,80000.0,call,39.4,0.05560924,0.055,0.056,66467.87,942.5
1787077171,btc,1790323200000,175000.0,put,75.32,1.69117715,1.6005,1.788,65026.58,0.2
1787077171,btc,1813910400000,66000.0,call,42.38,0.1628538,0.1615,0.164,67223.74,28.0
1787077171,btc,1798185600000,56000.0,put,42.73,0.0371473,0.0365,0.038,65771.65,466.8
1787077171,btc,1787904000000,75000.0,call,39.36,0.00025355,0.0002,0.0003,64785.53,2691.7
1787077171,btc,1790323200000,75000.0,put,33.47,0.15829407,0.1565,0.16,65026.58,2964.2
1787077171,btc,1787385600000,63500.0,put,26.84,0.00359553,0.0034,0.0038,64733.86,2.8
1787077171,btc,1813910400000,66000.0,put,42.38,0.14461724,0.143,0.146,67223.74,33.0
1787077171,btc,1798185600000,94000.0,call,39.25,0.00752755,0.007,0.0075,65771.65,120.0
1787077171,btc,1787385600000,68000.0,call,28.05,0.0004337,0.0003,0.0005,64733.86,0.0
1787077171,btc,1798185600000,140000.0,call,49.72,0.00070842,0.0006,0.0009,65771.65,1477.6
1787077171,btc,1793347200000,71000.0,call,35.13,0.03060233,0.03,0.031,65307.41,268.0
1787077171,btc,1790323200000,90000.0,call,42.29,0.00043919,0.0004,0.0005,65026.58,3019.6
1787077171,btc,1787904000000,72000.0,call,32.98,0.00050923,0.0004,0.0006,64785.53,3057.3
1787077171,btc,1790323200000,56000.0,call,41.29,0.14679068,0.1455,0.148,65026.58,13.4
1787077171,btc,1798185600000,76000.0,put,37.93,0.19345244,0.1915,0.1955,65771.65,142.1
1787077171,btc,1798185600000,250000.0,call,64.88,4.912e-05,,0.0002,65771.65,1120.9
1787077171,btc,1813910400000,85000.0,call,40.83,0.06814824,0.067,0.069,67223.74,7.8
1787077171,btc,1813910400000,45000.0,put,48.95,0.03726948,0.0365,0.038,67223.81,157.5
1787077171,btc,1787126400000,63000.0,call,32.62,0.02640929,0.023,0.0295,64700.75,2.2
1787077171,btc,1790323200000,62000.0,call,35.56,0.07152901,0.0705,0.0725,65026.49,599.4
1787077171,btc,1806048000000,70000.0,call,40.23,0.10244414,0.1015,0.1035,66467.87,807.5
1787077171,btc,1793347200000,55000.0,put,42.18,0.01686727,0.0165,0.0175,65307.41,90.5
1787077171,btc,1813910400000,160000.0,put,45.4,1.38448823,1.3005,1.4825,67223.74,0.0
1787077171,btc,1787212800000,70000.0,put,35.75,0.08168857,0.078,0.0865,64711.52,0.0
1787077171,btc,1790323200000,70000.0,call,32.9,0.01568471,0.015,0.016,65026.58,11185.1
1787077171,btc,1793347200000,40000.0,put,60.91,0.0029736,0.0028,0.0032,65307.41,70.2
1787077171,btc,1787126400000,60500.0,put,44.55,2.7e-07,,0.0001,64700.75,15.2
1787077171,btc,1787904000000,88000.0,call,52.74,4.12e-06,,0.0001,64785.53,183.7
1787077171,btc,1787385600000,65000.0,put,25.06,0.01208729,0.0115,0.0125,64733.86,0.1
1787077171,btc,1790323200000,260000.0,put,78.83,2.99831763,2.8635,3.143,65026.58,0.0
1787077171,btc,1787904000000,55000.0,put,46.07,0.00034007,0.0003,0.0004,64785.53,1160.6
1787077171,btc,1787904000000,77000.0,put,43.0,0.18865979,0.1865,0.191,64785.53,3.4
1787077171,btc,1787126400000,62000.0,put,39.87,1.592e-05,,0.0001,64700.75,88.1
1787077171,btc,1806048000000,85000.0,call,39.38,0.04086035,0.0405,0.0415,66467.87,95.7
1787077171,btc,1787385600000,64000.0,call,25.86,0.01681958,0.016,0.0175,64733.86,0.1
1787077171,btc,1793347200000,95000.0,put,39.9,0.45597153,0.454,0.459,65307.41,0.1
1787077171,btc,1806048000000,45000.0,put,49.11,0.02464369,0.024,0.0255,66467.87,254.3
1787077171,btc,1798185600000,110000.0,put,42.44,0.6748825,0.672,0.6785,65771.65,54.2
1787077171,btc,1787299200000,64000.0,call,25.16,0.01516188,0.0145,0.0165,64724.8,337.8
1787077171,btc,1787904000000,67000.0,put,26.67,0.03963665,0.0385,0.041,64785.53,59.8
1787077171,btc,1787126400000,63500.0,call,26.66,0.01874832,0.0175,0.02,64700.75,44.5
1787077171,btc,1806048000000,52000.0,put,45.06,0.04361025,0.043,0.0445,66467.87,123.9
1787077171,btc,1787126400000,64000.0,put,22.29,0.00045247,0.0003,0.0006,64700.75,173.3
1787077171,btc,1798185600000,65000.0,put,39.39,0.08674758,0.086,0.088,65771.65,895.6
1787077171,btc,1787212800000,65500.0,call,23.41,0.00190221,0.0016,0.002,64711.52,83.7
1787077171,btc,1787385600000,62500.0,put,29.6,0.00161257,0.0014,0.0019,64733.86,16.6
1787077171,btc,1793347200000,61000.0,put,38.07,0.03761172,0.037,0.0385,65307.41,186.6
1787077171,btc,1788508800000,71000.0,call,28.39,0.00186141,0.0018,0.0019,64846.18,29.0
1787077171,btc,1787212800000,60000.0,call,47.63,0.07291732,0.069,0.076,64711.52,0.0
1787077171,btc,1787904000000,63000.0,put,28.97,0.0078438,0.0075,0.008,64785.53,758.4
1787077171,btc,1813910400000,130000.0,call,42.72,0.01052786,0.0095,0.0115,67223.81,665.6
1787077171,btc,1787904000000,110000.0,put,65.75,0.69785472,0.6955,0.702,64785.53,0.2
1787077171,btc,1787126400000,60500.0,call,44.55,0.06495804,0.061,0.068,64700.75,0.0
1787077171,btc,1798185600000,40000.0,call,57.03,0.40005077,0.3985,0.4025,65771.65,250.9
1787077171,btc,1813910400000,60000.0,put,43.51,0.10266995,0.1015,0.1035,67223.74,151.0
1787077171,btc,1787385600000,64000.0,put,25.86,0.00546285,0.005,0.006,64732.9,0.1
1787077171,btc,1798185600000,125000.0,put,45.83,0.90162554,0.8985,0.9055,65771.65,9.1
1787077171,btc,1798185600000,135000.0,put,48.53,1.05335437,0.9835,1.132,65771.65,0.6
1787077171,btc,1806048000000,105000.0,call,40.59,0.01280113,0.012,0.0135,66467.87,187.4
1787077171,btc,1806048000000,100000.0,put,40.15,0.5212619,0.519,0.524,66467.78,12.1
1787077171,btc,1787904000000,58000.0,put,39.2,0.00098618,0.001,0.0011,64785.53,1562.3
1787077171,btc,1787212800000,70000.0,call,35.75,2.58e-06,,0.0001,64711.52,0.0
1787077171,btc,1787904000000,81000.0,put,47.02,0.25027957,0.2485,0.253,64785.53,0.1
1787077171,btc,1787299200000,63000.0,call,27.68,0.02806525,0.027,0.029,64724.89,269.4
1787077171,btc,1788508800000,71000.0,put,28.39,0.09672097,0.0955,0.099,64846.18,0.0
1787077171,btc,1806048000000,110000.0,put,40.85,0.66450337,0.662,0.668,66467.87,4.3
1787077171,btc,1787126400000,57000.0,put,57.04,0.0,,0.0001,64700.75,6.2
1787077171,btc,1813910400000,130000.0,put,42.72,0.94430435,0.941,0.9495,67223.81,1.3
1787077171,btc,1798185600000,20000.0,put,86.25,0.00093289,0.0007,0.0012,65771.65,119.9
1787077171,btc,1806048000000,52000.0,call,45.06,0.26130044,0.259,0.263,66467.87,5.2
1787077171,btc,1790323200000,90000.0,put,42.29,0.38447221,0.3825,0.3875,65026.58,586.2
1787077171,btc,1787299200000,70000.0,put,40.53,0.08159213,0.08,0.084,64724.8,0.1
1787077171,btc,1793347200000,74000.0,call,34.89,0.0197716,0.019,0.0205,65307.41,189.9
1787077171,btc,1813910400000,50000.0,put,46.59,0.05327233,0.0525,0.054,67223.81,285.0
1787077171,btc,1790323200000,320000.0,put,85.42,3.92100632,3.7545,4.099,65026.58,25.1
1787077171,btc,1806048000000,68000.0,call,40.52,0.11512897,0.114,0.116,66467.87,97.9
1787077171,btc,1787904000000,46000.0,put,65.22,1.404e-05,,0.0001,64785.53,1717.2
1787077171,btc,1798185600000,52000.0,put,45.19,0.02488305,0.0245,0.025,65771.65,432.4
1787077171,btc,1813910400000,80000.0,call,41.03,0.0861369,0.085,0.087,67223.74,77.4
1787077171,btc,1787299200000,67000.0,put,26.56,0.03570957,0.0345,0.037,64724.89,16.7
1787077171,btc,1806048000000,140000.0,call,44.81,0.0028561,0.0026,0.003,66467.87,766.6
1787077171,btc,1790323200000,94000.0,call,46.53,0.00039595,0.0003,0.0006,65026.58,172.3
1787077171,btc,1798185600000,62000.0,call,40.15,0.1236006,0.1225,0.125,65771.65,255.4
1787077171,btc,1793347200000,71000.0,put,35.13,0.11773361,0.117,0.119,65307.41,0.0
1787077171,btc,1813910400000,82000.0,call,40.87,0.07823166,0.077,0.0795,67223.74,60.3
1787077171,btc,1813910400000,110000.0,call,41.08,0.02182904,0.021,0.0225,67223.81,217.7
1787077171,btc,1790323200000,30000.0,call,95.62,0.53904219,0.538,0.54,65026.58,134.0
1787077171,btc,1787299200000,53000.0,put,66.41,2.08e-06,,0.0001,64724.89,123.7
1787077171,btc,1813910400000,85000.0,put,40.83,0.33254056,0.3305,0.335,67223.74,6.8
1787077171,btc,1806048000000,108000.0,call,40.76,0.0107901,0.01,0.0115,66467.78,57.3
1787077171,btc,1798185600000,96000.0,call,39.71,0.00651131,0.006,0.0065,65771.65,1326.9
1787077171,btc,1787126400000,61500.0,call,41.06,0.04950633,0.0455,0.0525,64700.75,0.0
1787077171,btc,1787385600000,64500.0,put,25.36,0.00827671,0.0075,0.009,64733.86,0.4
1787077171,btc,1790323200000,170000.0,call,75.32,3.07e-06,,0.0001,65026.49,359.5
1787077171,btc,1813910400000,170000.0,call,46.44,0.00360156,0.0032,0.004,67223.74,51.9
1787077171,btc,1798185600000,60000.0,call,40.9,0.14275026,0.1415,0.1445,65771.65,786.8
1787077171,btc,1790323200000,190000.0,put,75.38,1.92184789,1.823,2.0275,65026.49,0.0
1787077171,btc,1787904000000,83000.0,call,49.18,2.313e-05,,0.0001,64785.53,533.9
1787077171,btc,1798185600000,68000.0,call,38.73,0.07709408,0.0765,0.078,65771.65,925.4
1787077171,btc,1787212800000,65500.0,put,23.41,0.01405124,0.0125,0.0155,64711.52,0.0
1787077171,btc,1787126400000,56000.0,call,58.02,0.13450637,0.131,0.1375,64700.75,0.0
1787077171,btc,1787212800000,59000.0,call,49.65,0.088314,0.0845,0.0915,64711.52,0.0
1787077171,btc,1787904000000,73000.0,call,35.27,0.00040362,0.0003,0.0005,64785.53,1734.5
1787077171,btc,1813910400000,40000.0,call,52.07,0.43089961,0.429,0.4315,67223.74,17.0
1787077171,btc,1787904000000,74000.0,call,37.01,0.00029705,0.0002,0.0004,64785.53,2142.9
1787077171,btc,1790323200000,94000.0,put,46.53,0.44594156,0.443,0.4485,65026.49,1.9
1787077171,btc,1806048000000,100000.0,call,40.15,0.01681996,0.016,0.0175,66467.87,569.9
1787077171,btc,1787385600000,68000.0,put,28.05,0.05086718,0.047,0.0555,64732.9,0.0
1787077171,btc,1806048000000,68000.0,put,40.52,0.13814949,0.137,0.139,66467.87,75.6
1787077171,btc,1787212800000,68000.0,call,34.62,0.0001198,,0.0001,64711.56,7.8
1787077171,btc,1806048000000,55000.0,put,43.78,0.05534857,0.0545,0.056,66467.87,1358.2
1787077171,btc,1787385600000,72000.0,put,40.81,0.11227933,0.1085,0.117,64733.86,0.0
1787077171,btc,1813910400000,150000.0,call,44.47,0.00574508,0.005,0.0065,67223.74,102.3
1787077171,btc,1787385600000,66500.0,put,25.4,0.02911339,0.0275,0.031,64732.9,0.0
1787077171,btc,1790323200000,58000.0,call,38.99,0.11960819,0.1185,0.121,65026.58,460.8
1787077171,btc,1787212800000,67000.0,call,26.89,0.0001656,0.0001,0.0002,64711.56,51.6
1787077171,btc,1787212800000,59000.0,put,49.65,2.077e-05,,0.0001,64711.56,9.6
1787077171,btc,1787385600000,69000.0,call,30.58,0.00019662,0.0001,0.0003,64732.9,0.0
1787077171,btc,1793347200000,54000.0,call,43.17,0.18804917,0.187,0.1895,65307.41,0.0
1787077171,btc,1787904000000,59000.0,put,36.41,0.00134759,0.0012,0.0015,64785.53,859.4
1787077171,btc,1788508800000,55000.0,call,42.77,0.15304406,0.1515,0.1545,64847.01,0.0
1787077171,btc,1813910400000,52000.0,put,45.82,0.06118543,0.06,0.062,67223.74,31.4
1787077171,btc,1787212800000,63000.0,call,28.18,0.02707806,0.026,0.0285,64711.52,5.2
1787077171,btc,1790323200000,78000.0,put,34.48,0.20202797,0.2005,0.204,65026.58,625.3
1787077171,btc,1787299200000,75000.0,put,48.66,0.1587128,0.157,0.1615,64724.8,0.4
1787077171,btc,1793347200000,82000.0,put,35.61,0.26160887,0.26,0.264,65307.41,0.0
1787077171,btc,1806048000000,106000.0,put,40.61,0.60674765,0.6045,0.61,66467.87,0.1
1787077171,btc,1787904000000,67000.0,call,26.67,0.00548878,0.005,0.0055,64785.53,1709.8
1787077171,btc,1806048000000,125000.0,put,42.92,0.88558392,0.8825,0.8895,66467.87,0.1
1787077171,btc,1787904000000,105000.0,call,63.37,3e-08,,0.0001,64785.53,169.1
1787077171,btc,1790323200000,300000.0,put,84.97,3.61344342,3.4575,3.7805,65026.58,0.0
1787077171,btc,1806048000000,115000.0,call,41.41,0.00752967,0.007,0.008,66467.87,762.8
1787077171,btc,1787904000000,48000.0,call,62.79,0.25915778,0.258,0.2605,64785.53,37.5
1787077171,btc,1806048000000,86000.0,call,39.39,0.03841574,0.038,0.039,66467.87,137.7
1787077171,btc,1787385600000,62000.0,put,31.38,0.0011359,0.001,0.0014,64732.9,15.3
1787077171,btc,1787126400000,66000.0,put,28.04,0.02020954,0.0165,0.0245,64700.81,0.2
1787077171,btc,1787904000000,46000.0,call,65.22,0.29000207,0.289,0.2915,64785.53,1.0
1787077171,btc,1793347200000,54000.0,put,43.17,0.01488141,0.0145,0.0155,65307.41,140.5
1787077171,btc,1798185600000,210000.0,put,61.43,2.1929435,2.085,2.3105,65771.65,0.0
1787077171,btc,1787126400000,59000.0,put,50.5,1e-08,,0.0001,64700.75,14.7
1787077171,btc,1790323200000,35000.0,put,80.69,0.00052409,0.0004,0.0007,65026.49,891.8
1787077171,btc,1813910400000,80000.0,put,41.03,0.2761532,0.274,0.278,67223.74,8.5
1787077171,btc,1798185600000,55000.0,put,43.25,0.03356792,0.033,0.034,65771.65,987.5
1787077171,btc,1790323200000,98000.0,call,49.25,0.00028705,0.0002,0.0003,65026.49,366.8
1787077171,btc,1787385600000,59000.0,call,44.79,0.0888724,0.085,0.092,64733.86,0.0
1787077171,btc,1790323200000,64000.0,put,34.46,0.03628511,0.036,0.037,65026.58,716.8
1787077171,btc,1790323200000,135000.0,put,66.79,1.07607527,1.0055,1.152,65026.49,11.5
1787077171,btc,1813910400000,30000.0,put,60.4,0.01192929,0.0115,0.012,67223.81,348.1
1787077171,btc,1787904000000,56000.0,put,43.77,0.00048003,0.0004,0.0006,64785.53,1505.4
1787077171,btc,1798185600000,80000.0,call,37.9,0.026181,0.026,0.0265,65771.65,8586.2
1787077171,btc,1798185600000,105000.0,put,41.39,0.59978316,0.5975,0.603,65771.65,109.4
1787077171,btc,1790323200000,100000.0,put,50.59,0.53806376,0.535,0.541,65026.49,431.0
1787077171,btc,1798185600000,200000.0,put,60.38,2.04094125,1.938,2.1525,65771.65,0.0
1787077171,btc,1787904000000,64000.0,call,27.96,0.02467801,0.024,0.0255,64785.53,760.0
1787077171,btc,1787126400000,69000.0,call,33.27,0.0,,0.0001,64700.75,0.0
1787077171,btc,1793347200000,64000.0,put,36.64,0.05492088,0.0545,0.0555,65307.41,454.8
1787077171,btc,1787904000000,71000.0,call,30.89,0.00069221,0.0006,0.0008,64785.53,1445.6
1787077171,btc,1790323200000,102000.0,call,52.62,0.00024916,0.0002,0.0003,65026.58,107.3
1787077171,btc,1793347200000,75000.0,call,34.98,0.01715235,0.0165,0.0175,65307.41,284.2
1787077171,btc,1806048000000,102000.0,call,40.15,0.01481189,0.014,0.0155,66467.87,106.0
1787077171,btc,1798185600000,170000.0,put,55.89,1.58498591,1.4975,1.6815,65771.65,0.0
1787077171,btc,1806048000000,60000.0,call,42.17,0.17819022,0.177,0.18,66467.87,718.5
1787077171,btc,1798185600000,78000.0,put,37.92,0.21750513,0.2155,0.2195,65771.65,234.7
1787077171,btc,1787904000000,71000.0,put,30.89,0.09658025,0.095,0.0985,64785.53,11.1
1787077171,btc,1787904000000,63000.0,call,28.97,0.0354361,0.0345,0.036,64785.53,962.7
1787077171,btc,1813910400000,76000.0,put,41.28,0.23427343,0.2325,0.236,67223.81,9.2
1787077171,btc,1787299200000,68000.0,call,31.13,0.00030512,0.0002,0.0003,64724.89,2105.7
1787077171,btc,1790323200000,80000.0,call,35.13,0.0016157,0.0015,0.0017,65026.58,3264.1
1787077171,btc,1793347200000,85000.0,call,36.4,0.00406143,0.0039,0.0043,65307.41,12.7
1787077171,btc,1787212800000,64500.0,call,23.04,0.00781413,0.0075,0.0085,64711.56,142.2
1787077171,btc,1813910400000,78000.0,call,41.16,0.09461026,0.0935,0.0955,67223.74,10.1
1787077171,btc,1793347200000,66000.0,put,36.08,0.06986882,0.069,0.071,65307.41,54.6
1787077171,btc,1787904000000,58000.0,call,39.2,0.1057537,0.104,0.1075,64785.53,155.1
1787077171,btc,1798185600000,72000.0,call,38.15,0.05446018,0.054,0.055,65771.65,1158.3
1787077171,btc,1790323200000,78000.0,call,34.48,0.00253268,0.0025,0.0026,65026.58,4828.2
1787077171,btc,1813910400000,62000.0,call,43.08,0.19333181,0.192,0.195,67223.81,116.9
1787077171,btc,1790323200000,92000.0,put,44.19,0.41518557,0.413,0.4185,65026.58,4.3
1787077171,btc,1798185600000,40000.0,put,57.03,0.00820647,0.008,0.0085,65771.65,4477.3
1787077171,btc,1798185600000,135000.0,call,48.53,0.00082887,0.0006,0.0011,65771.65,1112.9
1787077171,btc,1806048000000,58000.0,call,42.75,0.19714377,0.196,0.1985,66467.87,5.2
1787077171,btc,1787126400000,66000.0,call,28.04,0.00016347,0.0001,0.0002,64700.75,50.0
1787077171,btc,1806048000000,94000.0,call,39.74,0.02378776,0.023,0.024,66467.87,141.6
1787077171,btc,1787904000000,53000.0,put,50.72,0.00017613,0.0001,0.0003,64785.53,1872.6
1787077171,btc,1787904000000,66000.0,put,26.49,0.02821477,0.0275,0.029,64785.53,212.7
1787077171,btc,1806048000000,72000.0,call,39.99,0.09096079,0.0905,0.0915,66467.87,96.4
1787077171,btc,1793347200000,76000.0,call,34.98,0.014751,0.014,0.015,65307.41,139.6
1787077171,btc,1798185600000,104000.0,put,41.16,0.58480266,0.5825,0.588,65771.65,0.1
1787077171,btc,1787212800000,58000.0,put,50.64,4.03e-06,,0.0001,64711.56,11.2
1787077171,btc,1813910400000,50000.0,call,46.59,0.30951214,0.3075,0.311,67223.81,17.6
1787077171,btc,1798185600000,55000.0,call,43.25,0.19735383,0.196,0.199,65771.65,44.9
1787077171,btc,1790323200000,52000.0,call,47.0,0.20443932,0.203,0.2055,65026.49,150.0
1787077171,btc,1813910400000,68000.0,put,42.06,0.16053434,0.159,0.1615,67223.74,9.5
1787077171,btc,1787126400000,64500.0,put,19.16,0.00170409,0.0014,0.002,64700.75,24.0
1787077171,btc,1787904000000,69000.0,put,27.59,0.06667176,0.065,0.0685,64785.53,49.4
1787077171,btc,1798185600000,240000.0,call,64.69,6.982e-05,,0.0002,65771.65,804.4
1787077171,btc,1787212800000,57000.0,call,54.12,0.11919999,0.1155,0.122,64711.52,0.0
1787077171,btc,1798185600000,85000.0,put,38.13,0.30878186,0.3065,0.311,65771.65,547.4
1787077171,btc,1787385600000,66500.0,call,25.4,0.00185124,0.0016,0.0021,64732.9,3.4
1787077171,btc,1798185600000,84000.0,put,38.07,0.29518349,0.293,0.2975,65771.65,47.1
1787077171,btc,1787385600000,60000.0,put,40.35,0.00042099,0.0003,0.0006,64732.9,10.1
1787077171,btc,1793347200000,70000.0,call,35.27,0.03520799,0.0345,0.036,65307.41,600.1
1787077171,btc,1793347200000,86000.0,call,36.74,0.00360136,0.0034,0.0038,65307.41,10.9
1787077171,btc,1787385600000,58000.0,put,50.31,0.000225,0.0002,0.0003,64732.9,0.0
1787077171,btc,1790323200000,84000.0,put,38.69,0.29277474,0.291,0.2955,65026.58,34.7
1787077171,btc,1806048000000,66000.0,put,40.88,0.12202083,0.121,0.123,66467.87,124.0
1787077171,btc,1806048000000,180000.0,put,50.27,1.70906196,1.6165,1.8125,66467.87,0.0
1787077171,btc,1787126400000,67000.0,put,29.2,0.03550546,0.032,0.04,64700.75,0.0
1787077171,btc,1798185600000,75000.0,call,37.95,0.04156737,0.041,0.042,65771.65,1947.4
1787077171,btc,1813910400000,72000.0,call,41.66,0.12473019,0.1235,0.1255,67223.81,24.8
1787077171,btc,1787126400000,64000.0,call,22.29,0.01131689,0.01,0.0125,64700.75,118.6
1787077171,btc,1787385600000,62000.0,call,31.38,0.04338773,0.0415,0.0445,64733.86,0.1
1787077171,btc,1806048000000,35000.0,put,57.65,0.01082722,0.0105,0.011,66467.87,581.6
1787077171,btc,1813910400000,110000.0,put,41.08,0.65810145,0.6555,0.6625,67223.74,0.3
1787077171,btc,1790323200000,150000.0,call,72.57,1.431e-05,,0.0002,65026.49,736.3
1787077171,btc,1813910400000,30000.0,call,60.4,0.56567318,0.5645,0.5665,67223.81,38.7
1787077171,btc,1790323200000,165000.0,put,75.32,1.53739907,1.4515,1.6295,65026.58,0.0
1787077171,btc,1793347200000,73000.0,call,34.94,0.02292008,0.0225,0.0235,65307.41,126.3
1787077171,btc,1790323200000,60000.0,call,37.09,0.09429304,0.093,0.0955,65026.58,856.3
1787077171,btc,1790323200000,110000.0,put,57.25,0.6917427,0.6885,0.6945,65026.58,116.1
1787077171,btc,1787904000000,61000.0,put,32.33,0.00314855,0.003,0.0034,64785.53,1581.6
1787077171,btc,1787299200000,61000.0,put,37.05,0.00032705,0.0003,0.0004,64724.89,1040.8
1787077171,btc,1790323200000,50000.0,put,50.23,0.00304597,0.0029,0.0032,65026.58,3754.6
1787077171,btc,1787299200000,60000.0,call,43.26,0.07326412,0.0715,0.075,64724.89,1.0
1787077171,btc,1787904000000,66000.0,call,26.49,0.00950194,0.009,0.01,64785.53,1402.1
1787077171,btc,1798185600000,130000.0,call,47.01,0.0009327,0.0007,0.0012,65771.65,1584.1
1787077171,btc,1787126400000,61500.0,put,41.06,3.81e-06,,0.0001,64700.75,42.0
1787077171,btc,1787385600000,57000.0,put,54.42,0.00015276,0.0001,0.0002,64733.86,5.1
1787077171,btc,1806048000000,64000.0,put,41.27,0.10706857,0.106,0.1085,66467.87,144.5
1787077171,btc,1790323200000,240000.0,call,75.51,0.0,,0.0001,65026.58,220.0
1787077171,btc,1806048000000,92000.0,call,39.68,0.02686087,0.026,0.0275,66467.87,126.4
1787077171,btc,1787904000000,61000.0,call,32.33,0.06161094,0.06,0.063,64785.53,611.2
1787077171,btc,1806048000000,115000.0,put,41.41,0.7376379,0.735,0.741,66467.87,2.0
1787077171,btc,1806048000000,35000.0,call,57.65,0.48427254,0.4835,0.485,66467.78,8.1
1787077171,btc,1787126400000,63500.0,put,26.66,0.00015628,0.0001,0.0003,64700.75,441.0
1787077171,btc,1813910400000,54000.0,put,45.09,0.06992524,0.069,0.071,67223.74,20.7
1787077171,btc,1813910400000,58000.0,put,43.97,0.09072172,0.0895,0.092,67223.81,69.3
1787077171,btc,1787299200000,64500.0,put,24.56,0.00657071,0.006,0.007,64724.89,14.0
1787077171,btc,1806048000000,96000.0,put,39.94,0.46556128,0.4635,0.4685,66467.87,1.6
1787077171,btc,1788508800000,73000.0,call,30.44,0.00092082,0.0008,0.001,64846.18,7.0
1787077171,btc,1790323200000,140000.0,put,69.71,1.15296553,1.081,1.2315,65026.58,1.4
1787077171,btc,1793347200000,88000.0,call,37.37,0.00282549,0.0026,0.003,65307.41,8.6
1787077171,btc,1787299200000,59000.0,put,49.3,0.00017242,0.0001,0.0003,64724.89,479.7
1787077171,btc,1787904000000,64000.0,put,27.96,0.01252075,0.0125,0.013,64785.53,883.2
1787077171,btc,1787126400000,70000.0,put,39.43,0.08186704,0.0785,0.0865,64700.75,0.0
1787077171,btc,1793347200000,62000.0,call,37.55,0.09347368,0.0925,0.095,65307.41,13.5
1787077171,btc,1790323200000,115000.0,put,61.42,0.76863131,0.766,0.772,65026.58,91.9
1787077171,btc,1813910400000,74000.0,call,41.44,0.11376931,0.1125,0.1145,67223.74,13.9
1787077171,btc,1787904000000,70000.0,call,29.13,0.00103523,0.0009,0.0011,64785.53,2901.9
1787077171,btc,1806048000000,108000.0,put,40.76,0.6355874,0.633,0.6385,66467.87,0.1
1787077171,btc,1813910400000,68000.0,call,42.06,0.14902049,0.1475,0.15,67223.74,10.1
1787077171,btc,1806048000000,180000.0,call,50.27,0.00106647,0.0009,0.0014,66467.87,640.6
1787077171,btc,1806048000000,84000.0,put,39.37,0.30719367,0.3055,0.3095,66467.78,55.1
1787077171,btc,1787904000000,76000.0,put,39.74,0.17321138,0.1715,0.176,64785.53,5.4
1787077171,btc,1790323200000,75000.0,call,33.47,0.00493321,0.0046,0.0055,65026.58,3152.5
1787077171,btc,1787904000000,83000.0,put,49.18,0.28113169,0.2785,0.2835,64785.53,0.1
1787077171,btc,1793347200000,72000.0,put,35.04,0.12900171,0.1275,0.1305,65307.41,5.2
1787077171,btc,1806048000000,65000.0,put,41.02,0.1142317,0.113,0.115,66467.87,651.7
1787077171,btc,1793347200000,57000.0,call,40.61,0.14931333,0.148,0.1505,65307.41,0.0
1787077171,btc,1793347200000,50000.0,put,47.21,0.0089233,0.0085,0.0095,65307.41,350.9
1787077171,btc,1787126400000,56000.0,put,58.02,0.0,,0.0001,64700.75,0.9
1787077171,btc,1790323200000,120000.0,call,64.45,0.00012163,,0.0002,65026.58,1136.6
1787077171,btc,1798185600000,210000.0,call,61.43,0.00012606,,0.0002,65771.65,151.7
1787077171,btc,1798185600000,92000.0,call,38.67,0.0086273,0.008,0.009,65771.65,261.6
1787077171,btc,1790323200000,240000.0,put,75.51,2.69075474,2.566,2.8245,65026.58,0.0
1787077171,btc,1793347200000,78000.0,call,35.24,0.01107675,0.0105,0.011,65307.41,194.3
1787077171,btc,1787126400000,68000.0,call,30.37,5e-08,,0.0001,64700.75,0.0
1787077171,btc,1790323200000,170000.0,put,75.32,1.61428768,1.5255,1.709,65026.58,0.0
1787077171,btc,1787904000000,72000.0,put,32.98,0.11183232,0.11,0.1145,64785.53,86.2
1787077171,btc,1787299200000,62500.0,call,29.82,0.03531007,0.0335,0.037,64724.8,0.0
1787077171,btc,1787212800000,63500.0,put,25.62,0.00108323,0.001,0.0013,64711.52,114.2
1787077171,btc,1788508800000,65000.0,call,28.74,0.02330776,0.023,0.0235,64846.18,299.4
1787077171,btc,1787385600000,62500.0,call,29.6,0.03614063,0.0345,0.0375,64732.9,0.1
1787077171,btc,1806048000000,90000.0,call,39.62,0.03036234,0.0295,0.031,66467.87,506.2
1787077171,btc,1787126400000,64500.0,call,19.16,0.00484088,0.0043,0.005,64700.75,209.3
1787077171,btc,1787212800000,64000.0,call,23.9,0.01322959,0.012,0.0145,64711.56,35.3
1787077171,btc,1788508800000,66000.0,call,28.22,0.01634928,0.016,0.0165,64846.18,337.6
1787077171,btc,1806048000000,88000.0,call,39.55,0.03424741,0.0335,0.035,66467.78,74.0
1787077171,btc,1798185600000,86000.0,call,38.19,0.01498731,0.0145,0.015,65771.65,321.6
1787077171,btc,1790323200000,95000.0,put,46.76,0.46125718,0.459,0.4645,65026.58,147.7
1787077171,btc,1787212800000,56000.0,call,54.43,0.1346514,0.131,0.1375,64711.52,0.0
1787077171,btc,1806048000000,74000.0,put,39.76,0.19381786,0.193,0.196,66467.87,54.0
1787077171,btc,1806048000000,170000.0,call,48.83,0.00127314,0.0011,0.0016,66467.87,249.8
1787077171,btc,1787126400000,62000.0,call,39.87,0.04179083,0.038,0.045,64700.75,0.0
1787077171,btc,1787385600000,66000.0,call,25.08,0.00311237,0.0028,0.0034,64732.9,4.1
1787077171,btc,1787904000000,73000.0,put,35.27,0.12716175,0.1255,0.13,64785.53,5.2
1787077171,btc,1787385600000,65000.0,call,25.06,0.00799647,0.0075,0.0085,64733.86,0.1
1787077171,btc,1813910400000,90000.0,put,40.73,0.39267576,0.39,0.395,67223.74,0.4
1787077171,btc,1806048000000,74000.0,call,39.76,0.08053082,0.08,0.081,66467.87,68.2
1787077171,btc,1798185600000,64000.0,put,39.62,0.07946787,0.079,0.0805,65771.65,317.5
1787077171,btc,1793347200000,68000.0,put,35.58,0.08719339,0.0865,0.0875,65307.41,4.3
1787077171,btc,1787904000000,84000.0,call,50.62,1.94e-05,,0.0001,64785.53,70.2
1787077171,btc,1806048000000,54000.0,call,44.17,0.23874054,0.2365,0.2405,66467.78,0.1
1787077171,btc,1787299200000,72000.0,call,44.04,2.251e-05,,0.0002,64724.89,1399.9
1787077171,btc,1806048000000,160000.0,put,47.39,1.40868461,1.3265,1.5025,66467.78,0.0
1787077171,btc,1787126400000,67000.0,call,29.2,4.14e-06,,0.0001,64700.75,0.5
1787077171,btc,1798185600000,74000.0,call,37.99,0.04550643,0.045,0.046,65771.65,120.2
1787077171,btc,1787126400000,60000.0,put,44.57,3e-08,,0.0001,64700.75,22.5
1787077171,btc,1790323200000,58000.0,put,38.99,0.01154059,0.011,0.012,65026.58,1452.0
1787077171,btc,1790323200000,115000.0,call,61.42,0.00014467,0.0001,0.0002,65026.49,2183.5
1787077171,btc,1787904000000,60000.0,call,34.44,0.07596802,0.0745,0.0775,64785.53,435.2
1787077171,btc,1787126400000,58000.0,call,50.87,0.10359588,0.1,0.1065,64700.75,0.0
1787077171,btc,1798185600000,54000.0,call,43.88,0.20940635,0.208,0.211,65771.65,33.1
1787077171,btc,1806048000000,120000.0,put,42.05,0.81134986,0.8085,0.815,66467.78,1.8
1787077171,btc,1813910400000,84000.0,put,40.8,0.32073498,0.319,0.323,67223.81,0.1
1787077171,btc,1798185600000,200000.0,call,60.38,0.00016274,0.0001,0.0002,65771.65,958.9
1787077171,btc,1793347200000,78000.0,put,35.24,0.20538998,0.2035,0.207,65307.41,0.1
1787077171,btc,1787299200000,66000.0,call,24.91,0.00199854,0.0017,0.0021,64724.8,1412.4
1787077171,btc,1787212800000,66000.0,call,24.69,0.00088915,0.0007,0.001,64711.52,55.3
1787077171,btc,1806048000000,104000.0,put,40.35,0.57792365,0.5755,0.581,66467.87,0.1
1787077171,btc,1787126400000,61000.0,call,43.82,0.05723159,0.0535,0.0605,64700.75,0.0
1787077171,btc,1787904000000,57000.0,put,41.4,0.0006761,0.0006,0.0008,64785.53,989.8
1787077171,btc,1806048000000,94000.0,put,39.74,0.43796318,0.436,0.4405,66467.87,9.1
1787077171,btc,1788508800000,67000.0,put,27.71,0.04411075,0.0435,0.046,64846.18,1.0
1787077171,btc,1798185600000,100000.0,put,40.38,0.52516499,0.523,0.528,65771.65,303.3
1787077171,btc,1798185600000,75000.0,put,37.95,0.18185931,0.181,0.184,65771.65,896.2
1787077171,btc,1787904000000,70000.0,put,29.13,0.08148823,0.08,0.0835,64785.53,177.3
1787077171,btc,1787904000000,60000.0,put,34.44,0.00207059,0.002,0.0021,64785.53,2118.9
1787077171,btc,1787299200000,69000.0,put,35.98,0.0662066,0.0645,0.0685,64724.8,0.0
1787077171,btc,1790323200000,130000.0,call,64.87,3.344e-05,,0.0002,65026.58,1432.7
1787077171,btc,1787126400000,65000.0,call,18.66,0.00120462,0.001,0.0014,64700.75,103.0
1787077171,btc,1806048000000,76000.0,call,39.52,0.07100317,0.071,0.0715,66467.87,429.6
1787077171,btc,1813910400000,92000.0,call,40.74,0.0491538,0.048,0.05,67223.81,6.1
1787077171,btc,1793347200000,65000.0,put,36.4,0.06217962,0.0615,0.063,65307.41,333.5
1787077171,btc,1793347200000,59000.0,put,39.2,0.02882979,0.0285,0.0295,65307.41,74.8
1787077171,btc,1790323200000,92000.0,call,44.19,0.00039625,0.0003,0.0006,65026.49,488.2
1787077171,btc,1790323200000,125000.0,call,64.72,6.448e-05,,0.0002,65026.49,2326.6
1787077171,btc,1793347200000,82000.0,call,35.61,0.0060488,0.0055,0.0065,65307.41,34.9
1787077171,btc,1798185600000,120000.0,put,44.74,0.82591258,0.823,0.8295,65771.65,35.7
1787077171,btc,1787212800000,58000.0,call,50.64,0.10374993,0.1,0.107,64711.52,0.0
1787077171,btc,1787299200000,60000.0,put,43.26,0.00023303,0.0002,0.0003,64724.8,1702.3
1787077171,btc,1787904000000,56000.0,call,43.77,0.13611763,0.135,0.1375,64785.53,63.4
1787077171,btc,1788508800000,66000.0,put,28.22,0.03410605,0.0335,0.0345,64846.18,27.0
1787077171,btc,1787126400000,62500.0,put,36.75,4.061e-05,,0.0001,64700.75,67.1
1787077171,btc,1798185600000,220000.0,put,61.43,2.3449363,2.232,2.4675,65771.65,0.0
1787077171,btc,1813910400000,70000.0,put,41.85,0.17769124,0.176,0.179,67223.74,9.6
1787077171,btc,1806048000000,65000.0,call,41.02,0.13634444,0.135,0.138,66467.87,364.2
1787077171,btc,1806048000000,130000.0,call,43.42,0.00404436,0.0038,0.0043,66467.87,1071.7
1787077171,btc,1790323200000,175000.0,call,75.32,1.83e-06,,0.0001,65026.58,1355.3
1787077171,btc,1787904000000,74000.0,put,37.01,0.14249022,0.1405,0.1445,64785.53,3.3
1787077171,btc,1787904000000,50000.0,call,56.69,0.22830467,0.227,0.2295,64785.53,51.0
1787077171,btc,1806048000000,84000.0,call,39.37,0.04346244,0.043,0.044,66467.87,268.4
1787077171,btc,1813910400000,160000.0,call,45.4,0.00445563,0.004,0.0049,67223.74,515.5
1787077171,btc,1813910400000,170000.0,put,46.44,1.53238619,1.4445,1.635,67223.74,14.6
1787077171,btc,1790323200000,86000.0,put,39.88,0.32327065,0.321,0.3255,65026.49,11.6
1787077171,btc,1787299200000,75000.0,call,48.66,1.67e-06,,0.0001,64724.89,1532.3
1787077171,btc,1790323200000,68000.0,call,33.03,0.02414574,0.0235,0.0245,65026.49,951.9
1787077171,btc,1790323200000,280000.0,call,81.51,0.0,,0.0001,65026.49,91.7
1787077171,btc,1798185600000,230000.0,call,63.04,7.361e-05,,0.0002,65771.65,195.9
1787077171,btc,1787126400000,70000.0,call,39.43,0.0,,0.0001,64700.75,0.0
1787077171,btc,1787212800000,63000.0,put,28.18,0.00059545,0.0005,0.0007,64711.52,62.6
1787077171,btc,1787385600000,57000.0,call,54.42,0.11964234,0.116,0.1225,64732.9,0.1
1787077171,btc,1798185600000,50000.0,put,46.67,0.02038522,0.02,0.0205,65771.65,1937.0
1787077171,btc,1787904000000,65000.0,call,27.0,0.01587592,0.0155,0.016,64785.53,1451.1
1787077171,btc,1787904000000,68000.0,put,26.78,0.05253744,0.051,0.0545,64785.53,86.9
1787077171,btc,1787299200000,63500.0,put,26.27,0.00232287,0.0021,0.0025,64724.89,29.0
1787077171,btc,1787904000000,76000.0,call,39.74,0.00014812,0.0001,0.0002,64785.53,1032.8
1787077171,btc,1788508800000,55000.0,put,42.77,0.0011747,0.0011,0.0013,64846.18,223.9
1787077171,btc,1798185600000,54000.0,put,43.88,0.03041654,0.03,0.031,65771.65,1815.7
1787077171,btc,1798185600000,92000.0,put,38.67,0.40738541,0.405,0.4105,65771.65,4.6
1787077171,btc,1787904000000,40000.0,call,69.36,0.38259845,0.3815,0.3835,64785.53,23.5
1787077171,btc,1806048000000,78000.0,put,39.41,0.23621741,0.2355,0.2385,66467.87,183.0
1787077171,btc,1790323200000,54000.0,call,44.08,0.17526656,0.174,0.1765,65026.49,7.4
1787077171,btc,1798185600000,108000.0,call,42.15,0.00283638,0.0026,0.0031,65771.65,123.8
1787077171,btc,1798185600000,60000.0,put,40.9,0.05498382,0.0545,0.056,65771.65,6536.9
1787077171,btc,1787299200000,55000.0,call,60.42,0.15028677,0.149,0.1515,64724.8,0.0
1787077171,btc,1813910400000,58000.0,call,43.97,0.2279599,0.226,0.2295,67223.81,5.1
1787077171,btc,1798185600000,250000.0,put,64.88,2.80102226,2.6725,2.9395,65771.65,10.0
1787077171,btc,1790323200000,85000.0,call,39.19,0.00085298,0.0007,0.001,65026.49,1200.1
1787077171,btc,1806048000000,190000.0,put,51.7,1.85935781,1.7615,1.9685,66467.87,0.9
1787077171,btc,1798185600000,160000.0,call,53.9,0.00040284,0.0003,0.0006,65771.65,1223.0
1787077171,btc,1798185600000,88000.0,put,38.42,0.35050096,0.348,0.353,65771.65,4.2
1787077171,btc,1798185600000,96000.0,put,39.71,0.466085,0.4635,0.469,65771.65,11.3
1787077171,btc,1790323200000,96000.0,put,47.82,0.4766316,0.4745,0.48,65026.49,1.0
1787077171,btc,1798185600000,90000.0,call,38.67,0.01054692,0.01,0.0105,65771.65,3337.6
1787077171,btc,1806048000000,66000.0,call,40.88,0.12908915,0.128,0.1305,66467.87,26.5
1787077171,btc,1813910400000,62000.0,put,43.08,0.11559444,0.1145,0.1165,67223.74,69.4
1787077171,btc,1787385600000,58000.0,call,50.31,0.10426704,0.1005,0.1075,64732.9,0.0
1787077171,btc,1806048000000,200000.0,put,52.47,2.00960362,1.9075,2.1225,66467.87,1.0
1787077171,btc,1806048000000,45000.0,call,49.11,0.34764481,0.3455,0.349,66467.87,3.3
1787077171,btc,1790323200000,30000.0,put,95.62,0.00038653,0.0003,0.0004,65026.49,2613.4
1787077171,btc,1793347200000,95000.0,call,39.9,0.00135926,0.0012,0.0015,65307.41,33.6
1787077171,btc,1790323200000,260000.0,call,78.83,0.0,,0.0001,65026.58,292.0
1787077171,btc,1806048000000,160000.0,call,47.39,0.00157751,0.0014,0.0019,66467.87,860.6
1787077171,btc,1787212800000,57000.0,put,54.12,1.44e-06,,0.0001,64711.56,8.7
1787077171,btc,1793347200000,50000.0,call,47.21,0.24332558,0.242,0.2445,65307.4,0.1
1787077171,btc,1787299200000,55000.0,put,60.42,8.27e-06,,0.0001,64724.8,93.9
1787077171,btc,1798185600000,66000.0,put,39.17,0.09443823,0.094,0.0955,65771.65,364.9
1787077171,btc,1790323200000,82000.0,call,37.17,0.0013157,0.0012,0.0014,65026.49,2765.5
1787077171,btc,1806048000000,92000.0,put,39.68,0.41094746,0.409,0.4135,66467.87,0.6
1787077171,btc,1798185600000,190000.0,put,58.43,1.88891976,1.7915,1.9955,65771.65,0.0
1787077171,btc,1798185600000,35000.0,call,63.34,0.47308473,0.4715,0.4735,65771.65,77.8
1787077171,btc,1798185600000,160000.0,put,53.9,1.43302565,1.3505,1.5235,65771.65,0.0
1787077171,btc,1798185600000,120000.0,call,44.74,0.00144547,0.0012,0.0017,65771.65,6032.4
1787077171,btc,1787212800000,65000.0,put,22.83,0.00845606,0.008,0.009,64711.56,0.6
1787077171,btc,1806048000000,72000.0,put,39.99,0.17415899,0.173,0.175,66467.78,139.1
1787077171,btc,1787299200000,65000.0,call,24.32,0.0062224,0.0055,0.0065,64724.89,1263.5
1787077171,btc,1787299200000,68000.0,put,31.13,0.05086989,0.0495,0.053,64724.89,1.3
1787077171,btc,1798185600000,150000.0,call,52.01,0.00053834,0.0004,0.0007,65771.65,1626.9
1787077171,btc,1793347200000,58000.0,put,39.94,0.02530965,0.025,0.026,65307.41,148.0
1787077171,btc,1806048000000,58000.0,put,42.75,0.06972009,0.069,0.0705,66467.87,135.6
1787077171,btc,1787904000000,54000.0,put,48.29,0.0002398,0.0002,0.0003,64785.53,1685.1
1787077171,btc,1787904000000,81000.0,call,47.02,4.11e-05,,0.0001,64785.53,1455.3
1787077171,btc,1788508800000,67000.0,call,27.71,0.01091208,0.0105,0.011,64846.18,1024.3
1787077171,btc,1787904000000,95000.0,call,59.46,9.3e-07,,0.0001,64785.53,62.7
1787077171,btc,1813910400000,100000.0,call,40.75,0.03386671,0.033,0.0345,67223.81,116.0
1787077171,btc,1790323200000,88000.0,call,40.83,0.0005413,0.0004,0.0007,65026.58,658.5
1787077171,btc,1787385600000,61000.0,call,35.73,0.05835537,0.0545,0.0615,64732.9,0.0
1787077171,btc,1798185600000,66000.0,call,39.17,0.09098132,0.09,0.092,65771.65,314.1
1787077171,btc,1798185600000,102000.0,call,40.91,0.00421484,0.0039,0.0044,65771.65,218.6
1787077171,btc,1787904000000,69000.0,call,27.59,0.0016538,0.0015,0.0018,64785.53,1624.3
1787077171,btc,1806048000000,104000.0,call,40.35,0.01330403,0.0125,0.014,66467.87,101.4
1787077171,btc,1793347200000,84000.0,call,36.16,0.00464767,0.0044,0.0048,65307.41,37.9
1787077171,btc,1787904000000,95000.0,put,59.46,0.46633,0.4635,0.4695,64785.53,0.3
1787077171,btc,1798185600000,170000.0,call,55.89,0.00032417,0.0002,0.0021,65771.65,2379.5
1787077171,btc,1790323200000,65000.0,call,33.98,0.04367067,0.043,0.044,65026.58,1335.4
1787077171,btc,1793347200000,85000.0,put,36.4,0.30555662,0.304,0.308,65307.41,0.0
1787077171,btc,1806048000000,130000.0,put,43.42,0.95981888,0.9565,0.964,66467.87,0.3
1787077171,btc,1787299200000,72000.0,put,44.04,0.1123852,0.1105,0.1145,64724.8,0.0
1787077171,btc,1806048000000,80000.0,put,39.4,0.25916279,0.258,0.2615,66467.87,139.2
1787077171,btc,1787212800000,62500.0,put,31.07,0.00035887,0.0003,0.0005,64711.52,16.2
1787077171,btc,1787299200000,69000.0,call,35.98,0.00019235,0.0001,0.0003,64724.8,750.5
1787077171,btc,1787904000000,62000.0,call,30.72,0.04805859,0.0465,0.0495,64785.53,853.0
1787077171,btc,1788508800000,63000.0,put,30.4,0.01371247,0.0135,0.014,64846.18,100.8
1787077171,btc,1787299200000,53000.0,call,66.41,0.18117954,0.1795,0.1825,64724.8,0.0
1787077171,btc,1793347200000,52000.0,call,45.0,0.21519685,0.214,0.2165,65307.41,0.1
1787077171,btc,1790323200000,300000.0,call,84.97,0.0,,0.0001,65026.49,192.1
1787077171,btc,1806048000000,40000.0,call,53.03,0.41464663,0.413,0.4155,66467.87,81.3
1787077171,btc,1790323200000,135000.0,call,66.79,2.573e-05,,0.0002,65026.58,272.1
1787077171,btc,1813910400000,64000.0,call,42.7,0.17752924,0.176,0.1785,67223.74,42.0
1787077171,btc,1790323200000,72000.0,put,33.02,0.11720853,0.1155,0.119,65026.49,264.7
1787077171,btc,1787212800000,68000.0,put,34.62,0.05090047,0.0475,0.0555,64711.52,0.0
1787077171,btc,1806048000000,85000.0,put,39.38,0.319636,0.318,0.322,66467.87,0.9
1787077171,btc,1787904000000,55000.0,call,46.07,0.15141272,0.15,0.153,64785.53,11.8
1787077171,btc,1790323200000,62000.0,put,35.56,0.02497399,0.0245,0.0255,65026.58,1190.9
1787077171,btc,1806048000000,55000.0,call,43.78,0.22790551,0.2265,0.2295,66467.87,28.6
1787077171,btc,1793347200000,75000.0,put,34.98,0.16553045,0.164,0.1675,65307.41,6.1
1787077171,btc,1806048000000,62000.0,call,41.66,0.16048944,0.1595,0.162,66467.87,43.0
1787077171,btc,1787212800000,56000.0,put,54.43,1.9e-07,,0.0001,64711.56,0.2
1787077171,btc,1787904000000,110000.0,call,65.75,1e-08,,0.0001,64785.53,117.3
1787077171,btc,1787212800000,69000.0,put,35.72,0.06625601,0.0625,0.071,64711.52,0.0
1787077171,btc,1813910400000,150000.0,put,44.47,1.23702564,1.158,1.3315,67223.81,0.0
1787077171,btc,1790323200000,120000.0,put,64.45,0.845499,0.842,0.8485,65026.58,174.5
1787077171,btc,1787904000000,94000.0,call,59.46,1.49e-06,,0.0001,64785.53,218.8
1787077171,btc,1813910400000,52000.0,call,45.82,0.28767484,0.2855,0.2895,67223.74,1.1
1787077171,btc,1787299200000,62000.0,put,31.74,0.00058274,0.0005,0.0007,64724.89,947.4
1787077171,btc,1788508800000,58000.0,put,37.22,0.00270393,0.0025,0.0029,64847.01,323.1
1787077171,btc,1790323200000,50000.0,call,50.23,0.23413874,0.233,0.235,65026.58,30.5
1787077171,btc,1787904000000,96000.0,call,59.46,5.7e-07,,0.0001,64785.53,25.3
1787077171,btc,1790323200000,96000.0,call,47.82,0.00032971,0.0002,0.0005,65026.49,301.8
1787077171,btc,1806048000000,112000.0,call,41.14,0.00877627,0.008,0.0095,66467.87,62.6
1787077171,btc,1793347200000,84000.0,put,36.16,0.29083115,0.2885,0.293,65308.29,0.3
1787077171,btc,1806048000000,82000.0,call,39.37,0.04916061,0.0485,0.0495,66467.87,723.0
1787077171,btc,1793347200000,67000.0,call,35.87,0.05243575,0.0515,0.053,65307.41,111.9
1787077171,btc,1790323200000,55000.0,call,42.78,0.16098209,0.1595,0.162,65026.49,143.7
1787077171,btc,1787299200000,58000.0,put,55.51,0.00013695,0.0001,0.0002,64724.89,531.1
1787077171,btc,1813910400000,88000.0,call,40.75,0.05917701,0.058,0.06,67223.81,5.9
1787077171,btc,1798185600000,74000.0,put,37.99,0.17059448,0.1695,0.1725,65771.65,106.0
1787077171,btc,1813910400000,45000.0,call,48.95,0.36788531,0.3655,0.3695,67223.81,0.5
1787077171,btc,1787212800000,62000.0,put,35.49,0.00029376,0.0003,0.0004,64711.52,56.5
1787077171,btc,1787126400000,62500.0,call,36.75,0.0340879,0.03,0.0375,64700.75,0.0
1787077171,btc,1787385600000,63000.0,put,28.09,0.00237934,0.0021,0.0027,64733.86,14.1
1787077171,btc,1790323200000,74000.0,call,33.13,0.00614834,0.0055,0.0065,65026.58,1143.2
1787077171,btc,1813910400000,54000.0,call,45.09,0.26666424,0.2645,0.2685,67223.81,0.9
1787077171,btc,1798185600000,84000.0,call,38.07,0.01805652,0.0175,0.018,65771.65,780.4
1787077171,btc,1793347200000,65000.0,call,36.4,0.0669186,0.066,0.0675,65307.41,401.4
1787077171,btc,1787904000000,85000.0,call,50.89,1.222e-05,,0.0001,64785.53,326.5
1787077171,btc,1790323200000,76000.0,put,33.71,0.17264264,0.171,0.1745,65026.49,599.6
1787077171,btc,1787904000000,98000.0,call,59.46,2.2e-07,,0.0001,64785.53,160.6
1787077171,btc,1790323200000,54000.0,put,44.08,0.00568637,0.0055,0.006,65026.58,638.8
1787077171,btc,1787212800000,61000.0,call,41.15,0.05751982,0.0535,0.0605,64711.52,0.0
1787077171,btc,1787904000000,100000.0,call,59.75,9e-08,,0.0001,64785.53,179.6
1787077171,btc,1798185600000,76000.0,call,37.93,0.0379566,0.0375,0.038,65771.65,463.1
1787077171,btc,1788508800000,60000.0,call,34.17,0.07988585,0.078,0.0815,64847.01,0.4
1787077171,btc,1813910400000,86000.0,put,40.77,0.34419461,0.342,0.3465,67223.74,0.1
1787077171,btc,1813910400000,92000.0,put,40.74,0.41767255,0.415,0.42,67223.74,0.1
1787077171,btc,1787904000000,82000.0,call,48.84,3.656e-05,,0.0001,64785.53,1506.8
1787077171,btc,1798185600000,104000.0,call,41.16,0.00359784,0.0033,0.0038,65771.65,87.8
1787077171,btc,1790323200000,66000.0,call,33.63,0.03627911,0.0355,0.0365,65026.58,1172.1
1787077171,btc,1790323200000,155000.0,put,75.11,1.38362662,1.303,1.471,65026.58,0.1
1787077171,btc,1790323200000,105000.0,call,53.29,0.00016334,0.0001,0.0002,65026.58,1217.4
1787077171,btc,1798185600000,88000.0,call,38.42,0.01255842,0.012,0.0125,65771.65,2756.3
1787077171,btc,1793347200000,72000.0,call,35.04,0.02655873,0.026,0.027,65307.41,265.1
1787077171,btc,1813910400000,56000.0,put,44.51,0.07984308,0.079,0.081,67223.74,84.5
1787077171,btc,1806048000000,105000.0,put,40.59,0.59246517,0.59,0.5955,66467.87,0.5
1787077171,btc,1787904000000,80000.0,put,46.28,0.23486382,0.233,0.238,64785.53,29.6
1787077171,btc,1793347200000,63000.0,call,37.04,0.08385249,0.083,0.0855,65308.29,152.3
1787077171,btc,1793347200000,90000.0,put,37.97,0.38027877,0.3785,0.383,65307.41,0.1
1787077171,btc,1813910400000,105000.0,put,41.0,0.58924182,0.587,0.5925,67223.74,0.1
1787077171,btc,1787904000000,52000.0,put,53.59,0.00014002,0.0001,0.0002,64785.53,1346.2
1787077171,btc,1787126400000,58000.0,put,50.87,0.0,,0.0001,64700.75,23.0
1787077171,btc,1793347200000,73000.0,put,34.94,0.14067477,0.1395,0.142,65307.41,0.0
1787077171,btc,1790323200000,82000.0,put,37.17,0.26232357,0.2605,0.2645,65026.58,194.1
1787077171,btc,1806048000000,112000.0,put,41.14,0.69375125,0.691,0.697,66467.87,0.1
1787077171,btc,1798185600000,58000.0,call,41.73,0.16343985,0.162,0.165,65771.65,41.8
1787077171,btc,1787904000000,65000.0,put,27.0,0.01915371,0.0185,0.0195,64785.53,912.7
1787077171,btc,1787212800000,60500.0,put,45.29,0.00011596,,0.0002,64711.56,67.0
1787077171,btc,1793347200000,56000.0,put,41.42,0.01934973,0.019,0.02,65307.41,139.4
1787077171,btc,1787212800000,63500.0,call,25.62,0.01983951,0.0185,0.021,64711.56,66.1
1787077171,btc,1787299200000,62000.0,call,31.74,0.04271487,0.0415,0.044,64724.89,60.2
1787077171,btc,1787385600000,63000.0,call,28.09,0.02918362,0.0275,0.0305,64732.9,0.1
1787077171,btc,1788508800000,62000.0,put,31.42,0.00981884,0.0095,0.0105,64846.18,195.7
1787077171,btc,1790323200000,66000.0,put,33.63,0.05123666,0.0505,0.0515,65026.58,871.5
1787077171,btc,1813910400000,90000.0,call,40.73,0.05390743,0.053,0.055,67223.74,93.4
1787077171,btc,1798185600000,85000.0,call,38.13,0.01645099,0.016,0.0165,65771.65,2315.8
1787077171,btc,1798185600000,98000.0,put,39.96,0.49549335,0.493,0.4985,65771.65,1.2
1787077171,btc,1787904000000,90000.0,put,55.07,0.38915674,0.3865,0.392,64785.53,11.1
1787077171,btc,1806048000000,78000.0,call,39.41,0.0627527,0.0625,0.0635,66467.87,476.1
1787077171,btc,1787904000000,85000.0,put,50.89,0.31199086,0.31,0.3155,64785.53,0.8
1787077171,btc,1790323200000,200000.0,put,75.38,2.07562909,1.9715,2.187,65026.58,0.1
1787077171,btc,1787904000000,68000.0,call,26.78,0.00295453,0.0027,0.0031,64785.53,1576.1
1787077171,btc,1787904000000,52000.0,call,53.59,0.19751779,0.1965,0.199,64785.53,51.0
1787077171,btc,1798185600000,78000.0,call,37.92,0.03160151,0.031,0.032,65771.65,863.8
1787077171,btc,1790323200000,85000.0,put,39.19,0.30799528,0.306,0.311,65026.58,453.0
1787077171,btc,1787904000000,54000.0,call,48.29,0.16674748,0.1655,0.1685,64785.53,12.2
1787077171,btc,1787385600000,60000.0,call,40.35,0.07356792,0.0695,0.0765,64732.9,0.1
1787077171,btc,1787385600000,67000.0,call,26.0,0.00110021,0.0009,0.0013,64732.9,21.2
1787077171,btc,1787299200000,70000.0,call,40.53,0.0001284,0.0001,0.0002,64724.89,1188.8
1787077171,btc,1798185600000,95000.0,put,39.51,0.45139354,0.449,0.4545,65771.65,85.9
1787077171,eth,1790323200000,6800.0,call,99.33,5e-06,,0.0001,1918.41,1462.0
1787077171,eth,1798185600000,4600.0,put,61.82,1.381638,1.2885,1.4875,1932.81,0.0
1787077171,eth,1806048000000,900.0,call,68.96,0.5507,0.5495,0.5515,1952.34,68.0
1787077171,eth,1787904000000,2500.0,call,66.03,0.000253,0.0002,0.0003,1915.89,28355.0
1787077171,eth,1790323200000,3600.0,call,70.38,0.000244,0.0001,0.0004,1918.42,2725.0
1787077171,eth,1787212800000,1600.0,put,75.4,2e-06,,0.0001,1914.31,60.0
1787077171,eth,1790323200000,4600.0,put,89.6,1.397952,1.3055,1.4995,1918.41,38.0
1787077171,eth,1806048000000,900.0,put,68.96,0.011671,0.011,0.0125,1952.36,767.0
1787077171,eth,1813910400000,2600.0,put,55.55,0.425786,0.423,0.4295,1972.31,0.0
1787077171,eth,1787212800000,1960.0,call,34.22,0.001719,0.0014,0.0019,1914.32,1672.0
1787077171,eth,1790323200000,15000.0,put,127.3,6.818934,6.518,7.144,1918.42,0.0
1787077171,eth,1790323200000,12000.0,put,115.57,5.255148,5.0145,5.5155,1918.42,0.0
1787077171,eth,1793347200000,2300.0,put,48.15,0.222014,0.2195,0.225,1924.0,0.0
1787077171,eth,1793347200000,3600.0,put,59.8,0.872237,0.862,0.885,1924.0,0.0
1787077171,eth,1798185600000,3000.0,call,53.04,0.014361,0.0135,0.015,1932.82,5844.0
1787077171,eth,1798185600000,4200.0,put,59.63,1.175559,1.09,1.2745,1932.81,62.0
1787077171,eth,1806048000000,2100.0,call,53.94,0.136728,0.1355,0.138,1952.36,884.0
1787077171,eth,1806048000000,1300.0,call,59.66,0.372931,0.3715,0.374,1952.34,50.0
1787077171,eth,1798185600000,2200.0,put,51.05,0.209314,0.2075,0.2115,1932.82,9290.0
1787077171,eth,1787126400000,1750.0,put,56.74,0.0,,0.0001,1914.19,50.0
1787077171,eth,1790323200000,1500.0,call,55.76,0.224213,0.2225,0.2255,1918.42,969.0
1787077171,eth,1793347200000,2200.0,put,47.95,0.180225,0.179,0.182,1924.0,19.0
1787077171,eth,1787904000000,3000.0,put,75.18,0.565856,0.5605,0.5735,1915.88,5.0
1787077171,eth,1787385600000,1820.0,put,38.91,0.001644,0.0015,0.0019,1914.66,0.0
1787077171,eth,1798185600000,2100.0,call,51.08,0.087075,0.086,0.088,1932.82,1703.0
1787077171,eth,1787212800000,1880.0,put,32.67,0.002356,0.0022,0.0026,1914.31,426.0
1787077171,eth,1787385600000,1880.0,put,34.06,0.006174,0.0055,0.007,1914.68,4.0
1787077171,eth,1793347200000,2500.0,put,49.33,0.313655,0.3105,0.3165,1924.01,1.0
1787077171,eth,1787126400000,1920.0,call,27.77,0.003036,0.0025,0.0033,1914.19,1261.0
1787077171,eth,1806048000000,4800.0,call,59.68,0.007017,0.0065,0.007,1952.34,2857.0
1787077171,eth,1790323200000,3100.0,call,60.73,0.000554,0.0003,0.0009,1918.42,2171.0
1787077171,eth,1790323200000,1600.0,put,51.4,0.010296,0.01,0.0105,1918.42,7974.0
1787077171,eth,1798185600000,3300.0,call,54.5,0.008557,0.008,0.009,1932.81,1923.0
1787077171,eth,1787299200000,1750.0,put,53.44,0.000361,0.0003,0.0005,1914.46,4911.0
1787077171,eth,1787904000000,3400.0,put,84.51,0.774633,0.7685,0.7835,1915.88,1.0
1787077171,eth,1787126400000,1600.0,put,72.3,0.0,,0.0001,1914.19,114.0
1787077171,eth,1787904000000,2400.0,call,59.88,0.00037,0.0003,0.0004,1915.89,17686.0
1787077171,eth,1787904000000,2400.0,put,59.88,0.253052,0.249,0.259,1915.89,2.0
1787077171,eth,1793347200000,2150.0,put,47.88,0.160573,0.1595,0.1625,1924.01,1.0
1787077171,eth,1787385600000,2040.0,call,41.48,0.001118,0.0009,0.0013,1914.66,0.0
1787077171,eth,1787385600000,1800.0,call,41.38,0.061034,0.059,0.062,1914.68,0.0
1787077171,eth,1787126400000,1820.0,call,48.71,0.049237,0.045,0.052,1914.19,0.0
1787077171,eth,1798185600000,1200.0,call,62.23,0.392508,0.391,0.3935,1932.81,341.0
1787077171,eth,1787212800000,1980.0,put,37.32,0.035253,0.033,0.0375,1914.32,0.0
1787077171,eth,1798185600000,3500.0,call,55.63,0.006302,0.006,0.007,1932.81,28526.0
1787077171,eth,1806048000000,2500.0,put,53.88,0.360387,0.3575,0.3635,1952.34,560.0
1787077171,eth,1798185600000,1200.0,put,62.23,0.013363,0.013,0.014,1932.81,7294.0
1787077171,eth,1790323200000,4400.0,call,87.16,0.000179,,0.0002,1918.42,4356.0
1787077171,eth,1793347200000,4000.0,call,63.23,0.000598,0.0004,0.0009,1924.0,425.0
1787077171,eth,1793347200000,2400.0,call,48.81,0.019577,0.019,0.02,1924.01,1567.0
1787077171,eth,1787385600000,1840.0,put,36.79,0.00248,0.0023,0.0028,1914.66,10.0
1787077171,eth,1806048000000,1300.0,put,59.66,0.038778,0.038,0.0395,1952.34,1539.0
1787077171,eth,1813910400000,4500.0,put,57.99,1.302519,1.295,1.344,1972.33,1.0
1787077171,eth,1793347200000,2100.0,call,47.86,0.050463,0.0495,0.051,1924.01,1581.0
1787077171,eth,1798185600000,2700.0,call,51.84,0.025431,0.0245,0.026,1932.81,3150.0
1787077171,eth,1793347200000,2000.0,put,47.93,0.107934,0.107,0.109,1924.0,92.0
1787077171,eth,1787904000000,1600.0,put,56.93,0.000807,0.0007,0.001,1915.89,14407.0
1787077171,eth,1813910400000,1800.0,call,56.56,0.243456,0.2405,0.2445,1972.33,1483.0
1787077171,eth,1793347200000,3000.0,call,53.71,0.003694,0.0034,0.0039,1924.0,708.0
1787077171,eth,1790323200000,2000.0,call,44.7,0.039553,0.039,0.04,1918.41,29318.0
1787077171,eth,1787212800000,1960.0,put,34.22,0.025565,0.0245,0.027,1914.31,0.0
1787077171,eth,1798185600000,4500.0,put,61.22,1.33006,1.239,1.4345,1932.81,2.0
1787077171,eth,1793347200000,2600.0,put,50.08,0.36195,0.3585,0.365,1924.01,95.0
1787077171,eth,1787212800000,1740.0,put,62.36,0.000129,0.0001,0.0002,1914.32,59.0
1787077171,eth,1798185600000,2900.0,put,52.67,0.517763,0.5135,0.521,1932.81,173.0
1787077171,eth,1813910400000,2000.0,call,55.94,0.198075,0.196,0.1995,1972.33,1669.0
1787077171,eth,1798185600000,4800.0,put,62.51,1.484757,1.388,1.5945,1932.81,77.0
1787077171,eth,1793347200000,4000.0,put,63.23,1.079589,0.999,1.1695,1924.0,0.0
1787077171,eth,1813910400000,3000.0,call,55.78,0.07284,0.0715,0.074,1972.31,761.0
1787077171,eth,1798185600000,5000.0,put,63.64,1.588034,1.4875,1.702,1932.81,2.0
1787077171,eth,1793347200000,2600.0,call,50.08,0.010606,0.01,0.011,1924.01,626.0
1787077171,eth,1806048000000,3800.0,put,56.5,0.963161,0.9575,0.969,1952.34,1.0
1787077171,eth,1798185600000,2300.0,put,51.07,0.247804,0.2445,0.25,1932.81,5186.0
1787077171,eth,1790323200000,6000.0,put,99.33,2.127598,2.0075,2.2585,1918.42,0.0
1787077171,eth,1798185600000,2100.0,put,51.08,0.173571,0.172,0.175,1932.81,3174.0
1787077171,eth,1806048000000,2200.0,call,53.86,0.119551,0.118,0.1205,1952.34,4038.0
1787077171,eth,1787299200000,1650.0,call,72.38,0.138275,0.137,0.1395,1914.46,1.0
1787077171,eth,1798185600000,3100.0,call,53.58,0.012083,0.0115,0.0125,1932.81,2327.0
1787077171,eth,1793347200000,2050.0,call,47.85,0.058822,0.058,0.0595,1924.0,450.0
1787077171,eth,1787904000000,1950.0,call,37.02,0.016261,0.0155,0.017,1915.89,6727.0
1787077171,eth,1806048000000,1600.0,call,56.05,0.262594,0.2615,0.264,1952.34,905.0
1787077171,eth,1787212800000,2100.0,put,54.63,0.097036,0.093,0.102,1914.32,0.0
1787077171,eth,1798185600000,3200.0,call,53.95,0.010072,0.0095,0.0105,1932.81,67909.0
1787077171,eth,1798185600000,4400.0,call,60.68,0.002057,0.0018,0.0023,1932.82,3324.0
1787077171,eth,1806048000000,4000.0,call,57.01,0.013715,0.013,0.0145,1952.34,2110.0
1787077171,eth,1790323200000,7400.0,put,99.33,2.857342,2.709,3.018,1918.42,0.0
1787077171,eth,1787212800000,1760.0,call,57.49,0.08079,0.0765,0.0835,1914.32,0.0
1787077171,eth,1793347200000,2100.0,put,47.86,0.141934,0.1405,0.1435,1924.0,1.0
1787077171,eth,1787212800000,1800.0,put,47.02,0.000256,0.0002,0.0004,1914.32,517.0
1787077171,eth,1787212800000,1900.0,put,31.56,0.005017,0.0047,0.0055,1914.31,819.0
1787077171,eth,1788508800000,2100.0,call,41.41,0.00717,0.0065,0.0075,1916.44,635.0
1787077171,eth,1787904000000,1300.0,call,89.69,0.321604,0.32,0.3225,1915.89,51.0
1787077171,eth,1790323200000,2800.0,put,55.58,0.460847,0.4545,0.469,1918.42,1287.0
1787077171,eth,1787904000000,1500.0,call,68.64,0.217551,0.2155,0.2185,1915.89,443.0
1787077171,eth,1790323200000,6200.0,call,99.33,1.6e-05,,0.0002,1918.41,2026.0
1787077171,eth,1787904000000,2800.0,put,71.15,0.46148,0.4565,0.4685,1915.88,0.0
1787077171,eth,1787299200000,1700.0,put,61.11,0.000168,0.0001,0.0003,1914.45,14003.0
1787077171,eth,1806048000000,4600.0,call,58.85,0.008041,0.0075,0.0085,1952.34,963.0
1787077171,eth,1790323200000,1700.0,put,48.03,0.017892,0.0175,0.0185,1918.41,4891.0
1787077171,eth,1793347200000,3600.0,call,59.8,0.001145,0.0009,0.0014,1924.0,763.0
1787077171,eth,1806048000000,2000.0,call,54.12,0.156348,0.155,0.1575,1952.34,1901.0
1787077171,eth,1790323200000,5600.0,put,99.33,1.919123,1.807,2.0415,1918.42,0.0
1787077171,eth,1788508800000,2200.0,call,43.93,0.003114,0.0028,0.0033,1916.44,219.0
1787077171,eth,1790323200000,5500.0,call,99.33,6.7e-05,,0.0002,1918.41,2065.0
1787077171,eth,1813910400000,5000.0,put,58.99,1.550134,1.541,1.6045,1972.31,0.0
1787077171,eth,1787299200000,1600.0,call,75.74,0.1643,0.1625,0.1655,1914.46,0.0
1787077171,eth,1813910400000,3500.0,call,56.39,0.04627,0.045,0.047,1972.33,2219.0
1787077171,eth,1813910400000,3600.0,put,56.62,0.867907,0.8625,0.8735,1972.31,0.0
1787077171,eth,1790323200000,1700.0,call,48.03,0.131746,0.1305,0.133,1918.42,2253.0
1787077171,eth,1806048000000,1400.0,put,58.18,0.050518,0.0495,0.0515,1952.34,1725.0
1787077171,eth,1790323200000,7500.0,put,99.33,2.909468,2.759,3.072,1918.42,0.0
1787077171,eth,1806048000000,1800.0,put,54.8,0.125595,0.1245,0.1275,1952.34,4407.0
1787077171,eth,1790323200000,2200.0,call,45.62,0.01471,0.014,0.015,1918.42,8627.0
1787077171,eth,1806048000000,3500.0,call,55.65,0.023137,0.0225,0.024,1952.34,4513.0
1787077171,eth,1790323200000,5500.0,put,99.33,1.867009,1.757,1.9875,1918.41,1.0
1787077171,eth,1793347200000,2200.0,call,47.95,0.03678,0.036,0.037,1924.01,1142.0
1787077171,eth,1813910400000,1500.0,put,58.21,0.089551,0.0885,0.0905,1972.31,436.0
1787077171,eth,1787904000000,2600.0,put,70.23,0.357219,0.3515,0.3635,1915.89,3.0
1787077171,eth,1806048000000,3600.0,put,56.0,0.864745,0.8595,0.87,1952.34,1.0
1787077171,eth,1790323200000,2900.0,call,57.64,0.001004,0.0008,0.0012,1918.42,5582.0
1787077171,eth,1806048000000,1900.0,call,54.38,0.178526,0.177,0.18,1952.36,2425.0
1787077171,eth,1787385600000,1760.0,call,47.33,0.081427,0.0795,0.0825,1914.68,0.0
1787077171,eth,1790323200000,5400.0,put,98.74,1.814892,1.7065,1.933,1918.41,4.0
1787077171,eth,1787904000000,3600.0,call,84.51,0.0,,0.0001,1915.89,1218.0
1787077171,eth,1790323200000,1900.0,put,44.94,0.052526,0.052,0.053,1918.42,17787.0
1787077171,eth,1787212800000,2020.0,put,44.71,0.055585,0.0515,0.0605,1914.32,0.0
1787077171,eth,1787385600000,1600.0,call,69.36,0.164438,0.1625,0.1655,1914.66,0.0
1787077171,eth,1790323200000,3400.0,put,67.5,0.772658,0.765,0.783,1918.42,870.0
1787077171,eth,1806048000000,1900.0,put,54.38,0.151687,0.1505,0.153,1952.34,2681.0
1787077171,eth,1787904000000,3800.0,call,84.51,0.0,,0.0001,1915.89,398.0
1787077171,eth,1788508800000,1850.0,put,40.66,0.01939,0.019,0.02,1916.44,88.0
1787077171,eth,1790323200000,7400.0,call,99.33,2e-06,,0.0001,1918.41,1019.0
1787077171,eth,1790323200000,5200.0,put,98.72,1.710679,1.6065,1.8255,1918.42,3.0
1787077171,eth,1788508800000,1850.0,call,40.66,0.054063,0.052,0.055,1916.44,52.0
1787077171,eth,1790323200000,14000.0,put,123.7,6.297672,6.017,6.6015,1918.42,0.0
1787077171,eth,1787212800000,1860.0,put,35.42,0.001184,0.001,0.0014,1914.32,769.0
1787077171,eth,1798185600000,2600.0,put,51.52,0.37625,0.373,0.379,1932.82,1065.0
1787077171,eth,1790323200000,6400.0,put,99.33,2.336089,2.2075,2.475,1918.42,0.0
1787077171,eth,1787904000000,2050.0,put,39.87,0.07507,0.073,0.0775,1915.89,180.0
1787077171,eth,1787126400000,1960.0,call,37.27,0.000342,0.0002,0.0004,1914.19,697.0
1787077171,eth,1787212800000,2100.0,call,54.63,5.8e-05,,0.0001,1914.32,10.0
1787077171,eth,1790323200000,6600.0,put,99.33,2.440338,2.308,2.5835,1918.42,0.0
1787077171,eth,1790323200000,2800.0,call,55.58,0.001312,0.0011,0.0015,1918.42,7335.0
1787077171,eth,1787904000000,1950.0,put,37.02,0.034064,0.0335,0.035,1915.88,2903.0
1787077171,eth,1798185600000,2900.0,call,52.67,0.017365,0.0165,0.018,1932.81,2326.0
1787077171,eth,1787299200000,1920.0,call,33.39,0.009809,0.009,0.0105,1914.46,993.0
1787077171,eth,1787299200000,1700.0,call,61.11,0.112194,0.11,0.1135,1914.46,50.0
1787077171,eth,1787299200000,2050.0,call,46.55,0.000652,0.0005,0.0007,1914.46,4658.0
1787077171,eth,1806048000000,2700.0,put,54.05,0.44421,0.441,0.448,1952.34,147.0
1787077171,eth,1790323200000,3500.0,call,68.6,0.000282,0.0002,0.0006,1918.42,15737.0
1787077171,eth,1787212800000,1900.0,call,31.56,0.012513,0.0115,0.013,1914.31,104.0
1787077171,eth,1787385600000,1820.0,call,38.91,0.051093,0.049,0.052,1914.68,0.0
1787077171,eth,1787212800000,1750.0,put,59.04,0.000129,0.0001,0.0002,1914.32,0.0
1787077171,eth,1787212800000,2040.0,call,49.26,0.000309,0.0002,0.0004,1914.32,36.0
1787077171,eth,1790323200000,1800.0,call,46.04,0.09314,0.0915,0.094,1918.42,6560.0
1787077171,eth,1806048000000,3400.0,call,55.39,0.025886,0.025,0.0265,1952.34,1869.0
1787077171,eth,1813910400000,900.0,put,67.33,0.019977,0.0195,0.0205,1972.31,839.0
1787077171,eth,1788508800000,1600.0,put,52.96,0.002398,0.0023,0.0026,1916.44,604.0
1787077171,eth,1787385600000,2050.0,call,42.42,0.000945,0.0008,0.0011,1914.68,1.0
1787077171,eth,1813910400000,1300.0,call,60.24,0.398742,0.396,0.3995,1972.33,108.0
1787077171,eth,1787904000000,1600.0,call,56.93,0.165686,0.1635,0.167,1915.89,885.0
1787077171,eth,1790323200000,1850.0,put,45.37,0.040913,0.0405,0.0415,1918.41,2444.0
1787077171,eth,1798185600000,1500.0,call,55.36,0.260212,0.259,0.2615,1932.81,763.0
1787077171,eth,1787385600000,1980.0,put,35.94,0.037464,0.0365,0.0395,1914.68,0.0
1787077171,eth,1793347200000,3400.0,call,57.74,0.001608,0.0013,0.0019,1924.0,1342.0
1787077171,eth,1787904000000,1300.0,put,89.69,0.000139,0.0001,0.0002,1915.89,8982.0
1787077171,eth,1790323200000,5000.0,put,97.07,1.606456,1.506,1.7165,1918.41,2.0
1787077171,eth,1787904000000,1450.0,call,74.59,0.243548,0.2415,0.2445,1915.88,51.0
1787077171,eth,1787212800000,2000.0,put,40.89,0.045332,0.042,0.05,1914.32,0.0
1787077171,eth,1798185600000,11000.0,put,90.68,4.691372,4.4725,4.704,1932.82,109.0
1787077171,eth,1798185600000,2800.0,call,52.2,0.020905,0.02,0.0215,1932.82,10041.0
1787077171,eth,1793347200000,1800.0,call,49.04,0.120349,0.119,0.1215,1924.01,102.0
1787077171,eth,1813910400000,1800.0,put,56.56,0.156082,0.1545,0.157,1972.31,305.0
1787077171,eth,1798185600000,3400.0,put,55.05,0.766404,0.761,0.771,1932.81,89.0
1787077171,eth,1798185600000,8000.0,put,77.49,3.139285,2.98,3.3145,1932.81,0.0
1787077171,eth,1793347200000,2500.0,call,49.33,0.014285,0.0135,0.015,1924.01,1194.0
1787077171,eth,1787904000000,1800.0,put,40.29,0.005718,0.0055,0.006,1915.88,5723.0
1787077171,eth,1787212800000,1750.0,call,59.04,0.08598,0.082,0.089,1914.32,0.0
1787077171,eth,1798185600000,1000.0,put,68.66,0.006442,0.006,0.007,1932.81,19472.0
1787077171,eth,1787385600000,1920.0,put,33.72,0.014757,0.014,0.0155,1914.66,500.0
1787077171,eth,1787212800000,1820.0,put,43.28,0.000415,0.0003,0.0006,1914.32,4.0
1787077171,eth,1806048000000,3300.0,put,55.1,0.71918,0.715,0.724,1952.34,1.0
1787077171,eth,1790323200000,14000.0,call,123.7,0.0,,0.0001,1918.42,1212.0
1787077171,eth,1787904000000,2000.0,put,37.88,0.052843,0.052,0.055,1915.88,573.0
1787077171,eth,1787904000000,3600.0,put,84.51,0.879022,0.8725,0.8885,1915.88,18.0
1787077171,eth,1787385600000,1860.0,put,35.2,0.003895,0.0036,0.0043,1914.68,9.0
1787077171,eth,1798185600000,1400.0,call,57.16,0.301842,0.3005,0.303,1932.81,946.0
1787077171,eth,1806048000000,2600.0,put,53.91,0.401538,0.3985,0.405,1952.34,626.0
1787077171,eth,1787299200000,1850.0,call,36.45,0.035658,0.0335,0.0365,1914.46,628.0
1787077171,eth,1790323200000,1850.0,call,45.37,0.076577,0.0745,0.0775,1918.42,2289.0
1787077171,eth,1790323200000,4600.0,call,89.6,0.000145,,0.0002,1918.41,3955.0
1787077171,eth,1787212800000,1940.0,call,32.18,0.003409,0.0031,0.0036,1914.31,423.0
1787077171,eth,1806048000000,2800.0,call,54.16,0.053775,0.0525,0.0545,1952.34,4821.0
1787077171,eth,1790323200000,10000.0,call,105.8,0.0,,0.0001,1918.42,1561.0
1787077171,eth,1813910400000,2300.0,call,55.52,0.145382,0.1435,0.1465,1972.31,214.0
1787077171,eth,1813910400000,2700.0,call,55.56,0.097316,0.096,0.0985,1972.31,295.0
1787077171,eth,1788508800000,1950.0,put,39.77,0.043555,0.043,0.0445,1916.44,388.0
1787077171,eth,1787385600000,1780.0,put,44.23,0.000834,0.0007,0.001,1914.66,232.0
1787077171,eth,1787126400000,1880.0,call,31.93,0.018297,0.016,0.0195,1914.19,990.0
1787077171,eth,1787212800000,1740.0,call,62.36,0.091204,0.087,0.094,1914.32,0.0
1787077171,eth,1787126400000,1860.0,call,37.9,0.028471,0.024,0.0315,1914.19,2.0
1787077171,eth,1787904000000,1900.0,put,37.05,0.019915,0.0195,0.0205,1915.89,7226.0
1787077171,eth,1787385600000,2000.0,put,37.53,0.046803,0.0445,0.049,1914.68,10.0
1787077171,eth,1790323200000,3800.0,put,74.73,0.981012,0.972,0.9925,1918.42,954.0
1787077171,eth,1790323200000,16000.0,call,130.17,0.0,,0.0001,1918.42,7426.0
1787077171,eth,1787299200000,1900.0,call,33.34,0.015305,0.0145,0.016,1914.45,5037.0
1787077171,eth,1798185600000,3300.0,put,54.5,0.715907,0.711,0.7205,1932.82,10.0
1787077171,eth,1798185600000,3400.0,call,55.05,0.007317,0.007,0.008,1932.81,13053.0
1787077171,eth,1787126400000,1740.0,call,59.78,0.091004,0.087,0.094,1914.19,0.0
1787077171,eth,1790323200000,3200.0,call,63.63,0.000516,0.0003,0.0008,1918.42,7854.0
1787077171,eth,1790323200000,6200.0,put,99.33,2.231842,2.1075,2.367,1918.41,0.0
1787077171,eth,1798185600000,2000.0,call,51.21,0.106266,0.105,0.1075,1932.82,10911.0
1787077171,eth,1787904000000,1700.0,call,47.11,0.114486,0.1125,0.1155,1915.89,1002.0
1787077171,eth,1790323200000,1000.0,put,85.14,0.000557,0.0004,0.0008,1918.42,9667.0
1787077171,eth,1790323200000,1000.0,call,85.14,0.479294,0.4785,0.4805,1918.41,125.0
1787077171,eth,1787385600000,1600.0,put,69.36,8.7e-05,,0.0002,1914.66,0.0
1787077171,eth,1793347200000,1850.0,call,48.59,0.105209,0.104,0.106,1924.01,1224.0
1787077171,eth,1787126400000,1600.0,call,72.3,0.164142,0.162,0.165,1914.19,0.0
1787077171,eth,1813910400000,3800.0,put,56.86,0.962609,0.957,0.9685,1972.31,2.0
1787077171,eth,1798185600000,1800.0,call,52.04,0.155978,0.155,0.157,1932.81,2476.0
1787077171,eth,1798185600000,800.0,put,76.86,0.00291,0.0026,0.0033,1932.81,6169.0
1787077171,eth,1787385600000,2060.0,call,43.68,0.000832,0.0007,0.001,1914.68,0.0
1787077171,eth,1806048000000,4800.0,put,59.68,1.46553,1.3665,1.585,1952.34,0.0
1787077171,eth,1793347200000,2250.0,put,48.05,0.200754,0.1985,0.203,1924.01,1.0
1787077171,eth,1790323200000,5200.0,call,98.72,0.000116,,0.0001,1918.42,2184.0
1787077171,eth,1787904000000,3400.0,call,84.51,1e-06,,0.0001,1915.88,600.0
1787077171,eth,1813910400000,3000.0,put,55.78,0.593883,0.5905,0.5985,1972.31,63.0
1787077171,eth,1787212800000,1920.0,put,31.58,0.009835,0.0095,0.0105,1914.32,638.0
1787077171,eth,1787904000000,2000.0,call,37.88,0.008942,0.0085,0.0095,1915.88,8660.0
1787077171,eth,1806048000000,800.0,put,72.12,0.008183,0.0075,0.009,1952.34,2802.0
1787077171,eth,1793347200000,2300.0,call,48.15,0.026594,0.026,0.027,1924.01,810.0
1787077171,eth,1798185600000,1500.0,put,55.36,0.03628,0.0355,0.037,1932.81,16843.0
1787077171,eth,1798185600000,2000.0,put,51.21,0.141023,0.14,0.142,1932.82,7986.0
1787077171,eth,1787299200000,1500.0,put,91.3,1.3e-05,,0.0001,1914.46,1099.0
1787077171,eth,1787904000000,2200.0,put,47.23,0.149437,0.1455,0.155,1915.89,681.0
1787077171,eth,1806048000000,4200.0,call,57.51,0.011254,0.0105,0.0115,1952.34,2820.0
1787077171,eth,1798185600000,800.0,call,76.86,0.589007,0.588,0.59,1932.81,171.0
1787077171,eth,1806048000000,4500.0,call,58.34,0.008568,0.008,0.009,1952.36,2398.0
1787077171,eth,1798185600000,5500.0,call,66.4,0.000807,0.0006,0.0012,1932.82,1617.0
1787077171,eth,1798185600000,4000.0,call,58.43,0.003211,0.0029,0.0032,1932.82,17006.0
1787077171,eth,1787385600000,2200.0,put,59.38,0.149207,0.1455,0.1545,1914.68,0.0
1787077171,eth,1793347200000,1000.0,call,73.83,0.482313,0.4815,0.4835,1924.0,0.0
1787077171,eth,1790323200000,9000.0,put,100.09,3.691361,3.511,3.8865,1918.42,0.0
1787077171,eth,1790323200000,1200.0,call,72.19,0.375928,0.3745,0.3775,1918.41,138.0
1787077171,eth,1788508800000,1800.0,put,41.97,0.012355,0.012,0.013,1916.44,448.0
1787077171,eth,1787126400000,2100.0,call,54.07,0.0,,0.0001,1914.2,0.0
1787077171,eth,1787126400000,1840.0,call,46.97,0.038871,0.0345,0.042,1914.19,0.0
1787077171,eth,1787904000000,1700.0,put,47.11,0.001803,0.0017,0.002,1915.89,11676.0
1787077171,eth,1787385600000,1840.0,call,36.79,0.041484,0.0395,0.0425,1914.66,0.0
1787077171,eth,1790323200000,2300.0,put,46.8,0.207959,0.205,0.2105,1918.42,1089.0
1787077171,eth,1787126400000,1760.0,put,55.33,0.0,,0.0001,1914.19,4.0
1787077171,eth,1813910400000,2100.0,put,55.7,0.243198,0.2415,0.2465,1972.31,87.0
1787077171,eth,1798185600000,1000.0,call,68.66,0.489063,0.488,0.49,1932.81,54.0
1787077171,eth,1798185600000,2800.0,put,52.2,0.469565,0.4655,0.473,1932.81,2141.0
1787077171,eth,1790323200000,3000.0,call,60.31,0.000855,0.0007,0.001,1918.42,29108.0
1787077171,eth,1787126400000,1920.0,put,27.77,0.006066,0.0055,0.0065,1914.19,118.0
1787077171,eth,1790323200000,4000.0,put,78.43,1.085232,1.005,1.174,1918.42,140.0
1787077171,eth,1793347200000,1800.0,put,49.04,0.055895,0.0555,0.0565,1924.01,992.0
1787077171,eth,1790323200000,6500.0,put,99.33,2.388214,2.2575,2.5295,1918.41,0.0
1787077171,eth,1798185600000,4400.0,put,60.68,1.278523,1.1895,1.381,1932.82,20.0
1787077171,eth,1787212800000,1840.0,put,38.92,0.000651,0.0006,0.0009,1914.32,301.0
1787077171,eth,1787904000000,2200.0,call,47.23,0.001146,0.0009,0.0013,1915.89,9502.0
1787077171,eth,1790323200000,3400.0,call,67.5,0.000366,0.0002,0.0006,1918.42,7035.0
1787077171,eth,1790323200000,5800.0,put,99.33,2.023357,1.907,2.1495,1918.41,0.0
1787077171,eth,1790323200000,4400.0,put,87.16,1.293733,1.205,1.3915,1918.41,281.0
1787077171,eth,1787904000000,2350.0,put,56.0,0.227006,0.223,0.233,1915.89,100.0
1787077171,eth,1787299200000,1960.0,call,35.12,0.003601,0.0033,0.0039,1914.46,2504.0
1787077171,eth,1813910400000,1200.0,call,61.59,0.437061,0.435,0.438,1972.31,55.0
1787077171,eth,1793347200000,1200.0,call,65.42,0.381388,0.38,0.3825,1924.0,0.0
1787077171,eth,1793347200000,1700.0,call,50.24,0.154643,0.153,0.1555,1924.01,75.0
1787077171,eth,1798185600000,1300.0,put,59.45,0.018731,0.018,0.0195,1932.82,2019.0
1787077171,eth,1787126400000,2000.0,put,46.21,0.044874,0.0415,0.0495,1914.19,2.0
1787077171,eth,1788508800000,2400.0,put,50.52,0.253116,0.2475,0.2595,1916.44,0.0
1787077171,eth,1790323200000,2600.0,call,51.42,0.002454,0.0023,0.0026,1918.42,10924.0
1787077171,eth,1798185600000,7000.0,put,73.59,2.622027,2.4825,2.7765,1932.81,0.0
1787077171,eth,1806048000000,1200.0,put,61.5,0.029428,0.0285,0.03,1952.34,1470.0
1787077171,eth,1813910400000,4000.0,call,57.19,0.030631,0.0295,0.0315,1972.33,4059.0
1787077171,eth,1790323200000,7000.0,put,99.33,2.648839,2.5085,2.8005,1918.42,0.0
1787077171,eth,1790323200000,1900.0,call,44.94,0.062128,0.0615,0.063,1918.42,11566.0
1787077171,eth,1798185600000,2300.0,call,51.07,0.057833,0.057,0.0585,1932.81,7638.0
1787077171,eth,1806048000000,1800.0,call,54.8,0.203653,0.202,0.205,1952.34,3788.0
1787077171,eth,1787904000000,2050.0,call,39.87,0.005071,0.0047,0.0055,1915.89,16765.0
1787077171,eth,1793347200000,3000.0,put,53.71,0.562938,0.555,0.573,1924.0,72.0
1787077171,eth,1787126400000,1880.0,put,31.93,0.000431,0.0004,0.0006,1914.19,1277.0
1787077171,eth,1787904000000,1800.0,call,40.29,0.066207,0.0645,0.067,1915.89,6073.0
1787077171,eth,1813910400000,1900.0,call,56.21,0.219646,0.218,0.221,1972.31,118.0
1787077171,eth,1787126400000,1900.0,call,27.87,0.009051,0.008,0.0095,1914.2,765.0
1787077171,eth,1806048000000,3700.0,call,56.21,0.018657,0.018,0.019,1952.34,1475.0
1787077171,eth,1806048000000,5000.0,call,60.27,0.006025,0.0055,0.0065,1952.34,1887.0
1787077171,eth,1787299200000,1840.0,call,37.6,0.040438,0.0385,0.0415,1914.46,0.0
1787077171,eth,1806048000000,2000.0,put,54.12,0.180729,0.1795,0.183,1952.34,1508.0
1787077171,eth,1790323200000,2100.0,put,44.92,0.11893,0.1175,0.121,1918.4,2713.0
1787077171,eth,1787126400000,1860.0,put,37.9,0.000156,0.0001,0.0003,1914.19,415.0
1787077171,eth,1806048000000,1200.0,call,61.5,0.4148,0.4135,0.4155,1952.34,69.0
1787077171,eth,1787299200000,1960.0,put,35.12,0.027383,0.026,0.0295,1914.46,0.0
1787077171,eth,1790323200000,2700.0,put,53.32,0.409136,0.402,0.417,1918.42,527.0
1787077171,eth,1787212800000,1860.0,call,35.42,0.029574,0.0275,0.0305,1914.31,53.0
1787077171,eth,1806048000000,2500.0,call,53.88,0.079911,0.0785,0.0805,1952.34,9282.0
1787077171,eth,1790323200000,16000.0,put,130.17,7.340197,7.0195,7.687,1918.42,30.0
1787077171,eth,1787299200000,1500.0,call,91.3,0.216507,0.2145,0.2175,1914.45,18.0
1787077171,eth,1790323200000,2300.0,call,46.8,0.009056,0.0085,0.0095,1918.42,12983.0
1787077171,eth,1790323200000,1400.0,put,60.65,0.003681,0.0036,0.0039,1918.42,9838.0
1787077171,eth,1806048000000,1500.0,put,57.0,0.064906,0.064,0.066,1952.34,4057.0
1787077171,eth,1787299200000,1950.0,put,34.48,0.023205,0.022,0.025,1914.45,1208.0
1787077171,eth,1787212800000,1940.0,put,32.18,0.016808,0.0155,0.019,1914.31,2.0
1787077171,eth,1806048000000,4500.0,put,58.34,1.313423,1.219,1.4275,1952.34,0.0
1787077171,eth,1813910400000,2700.0,put,55.56,0.466256,0.4635,0.47,1972.31,0.0
1787077171,eth,1790323200000,1600.0,call,51.4,0.176276,0.175,0.1775,1918.42,3575.0
1787077171,eth,1806048000000,3000.0,put,54.49,0.578282,0.5745,0.5825,1952.34,352.0
1787077171,eth,1788508800000,1750.0,call,43.76,0.094637,0.093,0.096,1916.44,50.0
1787077171,eth,1813910400000,2900.0,call,55.72,0.080196,0.079,0.081,1972.31,283.0
1787077171,eth,1813910400000,1700.0,put,56.93,0.131251,0.13,0.1325,1972.31,2962.0
1787077171,eth,1798185600000,5200.0,put,64.71,1.691347,1.587,1.809,1932.82,0.0
1787077171,eth,1793347200000,1200.0,put,65.42,0.005085,0.0048,0.0055,1924.01,2268.0
1787077171,eth,1798185600000,4800.0,call,62.51,0.001339,0.0011,0.0014,1932.81,2771.0
1787077171,eth,1813910400000,2000.0,put,55.94,0.212105,0.2105,0.2135,1972.31,224.0
1787077171,eth,1806048000000,1500.0,call,57.0,0.296621,0.295,0.2975,1952.34,244.0
1787077171,eth,1788508800000,1600.0,call,52.96,0.167521,0.1655,0.1685,1916.44,0.0
1787077171,eth,1787385600000,1980.0,call,35.94,0.003348,0.003,0.0036,1914.68,0.0
1787077171,eth,1787385600000,1700.0,put,57.67,0.000362,0.0003,0.0005,1914.66,202.0
1787077171,eth,1798185600000,2700.0,put,51.84,0.422354,0.4185,0.4255,1932.81,446.0
1787077171,eth,1790323200000,3800.0,call,74.73,0.000215,0.0001,0.0004,1918.41,2051.0
1787077171,eth,1790323200000,7500.0,call,99.33,1e-06,,0.0002,1918.42,1322.0
1787077171,eth,1787212800000,1780.0,call,52.25,0.070381,0.066,0.0735,1914.32,0.0
1787077171,eth,1790323200000,6800.0,put,99.33,2.544588,2.4085,2.692,1918.41,0.0
1787077171,eth,1787299200000,1950.0,call,34.48,0.004647,0.0044,0.0049,1914.46,11560.0
1787077171,eth,1787385600000,1900.0,put,33.67,0.00975,0.009,0.0105,1914.68,101.0
1787077171,eth,1787212800000,2040.0,put,49.26,0.065945,0.0625,0.071,1914.32,0.0
1787077171,eth,1790323200000,3300.0,call,65.62,0.000434,0.0002,0.0008,1918.41,17711.0
1787077171,eth,1793347200000,1950.0,put,48.05,0.09281,0.092,0.094,1924.01,458.0
1787077171,eth,1798185600000,7000.0,call,73.59,0.000375,0.0003,0.0006,1932.81,2825.0
1787077171,eth,1806048000000,3300.0,call,55.1,0.028952,0.028,0.0295,1952.34,1907.0
1787077171,eth,1787904000000,2250.0,call,50.29,0.000803,0.0007,0.0009,1915.89,2911.0
1787077171,eth,1798185600000,1800.0,put,52.04,0.087259,0.0865,0.088,1932.81,5618.0
1787077171,eth,1787299200000,1400.0,call,91.32,0.268727,0.267,0.2695,1914.45,0.0
1787077171,eth,1790323200000,2200.0,put,45.62,0.161487,0.1585,0.164,1918.42,5506.0
1787077171,eth,1798185600000,1300.0,call,59.45,0.346139,0.345,0.3475,1932.81,50.0
1787077171,eth,1813910400000,1400.0,put,59.12,0.072478,0.0715,0.0735,1972.31,1794.0
1787077171,eth,1787212800000,2000.0,call,40.89,0.000591,0.0004,0.0007,1914.32,35.0
1787077171,eth,1790323200000,3200.0,put,63.63,0.668555,0.6615,0.678,1918.42,1323.0
1787077171,eth,1787904000000,2600.0,call,70.23,0.000147,0.0001,0.0002,1915.89,7827.0
1787077171,eth,1806048000000,3000.0,call,54.49,0.041712,0.0405,0.0425,1952.34,4697.0
1787077171,eth,1813910400000,1600.0,call,57.54,0.29806,0.2955,0.299,1972.33,372.0
1787077171,eth,1787212800000,1840.0,call,38.92,0.039489,0.035,0.0435,1914.32,49.0
1787077171,eth,1790323200000,1200.0,put,72.19,0.001443,0.0014,0.0016,1918.42,11207.0
1787077171,eth,1798185600000,5000.0,call,63.64,0.00114,0.0009,0.0015,1932.82,4541.0
1787077171,eth,1787126400000,1740.0,put,59.78,0.0,,0.0001,1914.19,593.0
1787077171,eth,1806048000000,2900.0,put,54.32,0.532664,0.529,0.5365,1952.36,258.0
1787077171,eth,1793347200000,1700.0,put,50.24,0.038214,0.038,0.039,1924.01,778.0
1787077171,eth,1787126400000,2020.0,put,48.88,0.055287,0.052,0.06,1914.2,10.0
1787077171,eth,1813910400000,4500.0,call,57.99,0.020954,0.02,0.022,1972.31,1278.0
1787077171,eth,1798185600000,1900.0,put,51.51,0.112164,0.111,0.113,1932.81,5173.0
1787077171,eth,1787385600000,1760.0,put,47.33,0.000641,0.0005,0.0008,1914.66,106.0
1787077171,eth,1790323200000,4500.0,call,87.62,0.000145,,0.0002,1918.42,8364.0
1787077171,eth,1787126400000,1760.0,call,55.33,0.080556,0.0765,0.0835,1914.19,0.0
1787077171,eth,1787126400000,2020.0,call,48.88,1.6e-05,,0.0001,1914.19,76.0
1787077171,eth,1787299200000,2000.0,put,39.37,0.046138,0.0435,0.0485,1914.45,103.0
1787077171,eth,1787904000000,1100.0,put,99.71,9e-06,,0.0001,1915.89,2239.0
1787077171,eth,1806048000000,4400.0,put,58.27,1.263188,1.256,1.271,1952.34,0.0
1787077171,eth,1787385600000,2040.0,put,41.48,0.066571,0.063,0.0715,1914.66,0.0
1787077171,eth,1790323200000,7200.0,call,99.33,2e-06,,0.0002,1918.41,1160.0
1787077171,eth,1787904000000,1550.0,call,62.29,0.191561,0.1895,0.1925,1915.89,149.0
1787077171,eth,1813910400000,3200.0,call,56.07,0.060681,0.0595,0.0615,1972.31,283.0
1787077171,eth,1793347200000,1600.0,put,52.17,0.025726,0.025,0.0265,1924.01,2055.0
1787077171,eth,1787904000000,3200.0,call,81.98,2e-06,,0.0001,1915.89,1074.0
1787077171,eth,1790323200000,7000.0,call,99.33,3e-06,,0.0001,1918.42,2033.0
1787077171,eth,1788508800000,1700.0,call,46.38,0.118027,0.1165,0.119,1916.44,0.0
1787077171,eth,1788508800000,2000.0,put,39.98,0.060775,0.0595,0.0625,1916.44,0.0
1787077171,eth,1790323200000,11000.0,put,110.93,4.733885,4.5135,4.9725,1918.42,0.0
1787077171,eth,1787904000000,1000.0,call,99.71,0.47805,0.477,0.479,1915.88,50.0
1787077171,eth,1790323200000,6600.0,call,99.33,7e-06,,0.0001,1918.42,1414.0
1787077171,eth,1787299200000,1940.0,put,33.86,0.019297,0.018,0.0205,1914.45,0.0
1787077171,eth,1790323200000,3300.0,put,65.62,0.720599,0.713,0.7305,1918.41,3.0
1787077171,eth,1787299200000,2200.0,put,69.21,0.149316,0.145,0.1545,1914.46,11.0
1787077171,eth,1806048000000,1000.0,call,66.09,0.503957,0.503,0.505,1952.34,270.0
1787077171,eth,1787126400000,1700.0,put,66.36,0.0,,0.0001,1914.19,966.0
1787077171,eth,1793347200000,1600.0,call,52.17,0.194129,0.1925,0.195,1924.0,68.0
1787077171,eth,1813910400000,1500.0,call,58.21,0.329029,0.3265,0.33,1972.33,52.0
1787077171,eth,1790323200000,8000.0,call,99.33,0.0,,0.0002,1918.42,1092.0
1787077171,eth,1787299200000,1750.0,call,53.44,0.08627,0.084,0.0875,1914.46,53.0
1787077171,eth,1798185600000,6500.0,put,71.54,2.363442,2.234,2.5075,1932.81,0.0
1787077171,eth,1806048000000,3100.0,call,54.72,0.03692,0.036,0.0375,1952.34,1656.0
1787077171,eth,1790323200000,4200.0,put,82.96,1.189483,1.1055,1.2825,1918.41,551.0
1787077171,eth,1806048000000,3600.0,call,56.0,0.020861,0.02,0.0215,1952.34,2214.0
1787077171,eth,1787385600000,1960.0,call,35.09,0.005239,0.0048,0.0055,1914.68,1.0
1787077171,eth,1788508800000,2400.0,call,50.52,0.0008,0.0007,0.0009,1916.44,853.0
1787077171,eth,1790323200000,2400.0,put,47.99,0.25661,0.2535,0.2595,1918.41,2064.0
1787077171,eth,1790323200000,2900.0,put,57.64,0.512664,0.5065,0.521,1918.42,49.0
1787077171,eth,1806048000000,3400.0,put,55.39,0.767332,0.7625,0.7725,1952.34,6.0
1787077171,eth,1787212800000,2050.0,call,49.33,0.000207,0.0001,0.0003,1914.32,531.0
1787077171,eth,1790323200000,15000.0,call,127.3,0.0,,0.0001,1918.42,878.0
1787077171,eth,1787385600000,1700.0,call,57.67,0.112485,0.1105,0.1135,1914.66,0.0
1787077171,eth,1787904000000,2150.0,put,44.38,0.123945,0.1195,0.1295,1915.89,66.0
1787077171,eth,1790323200000,5600.0,call,99.33,5.4e-05,,0.0002,1918.42,7164.0
1787077171,eth,1787385600000,1900.0,call,33.67,0.017417,0.0165,0.018,1914.68,300.0
1787077171,eth,1793347200000,1400.0,call,57.69,0.28372,0.282,0.285,1924.0,50.0
1787077171,eth,1798185600000,2600.0,call,51.52,0.031065,0.0305,0.0315,1932.81,6536.0
1787077171,eth,1813910400000,2400.0,call,55.5,0.131366,0.1295,0.1325,1972.31,670.0
1787077171,eth,1787212800000,1700.0,call,64.41,0.111999,0.1105,0.113,1914.32,0.0
1787077171,eth,1788508800000,2000.0,call,39.98,0.017179,0.0165,0.0175,1916.44,4339.0
1787077171,eth,1806048000000,2700.0,call,54.05,0.061297,0.06,0.062,1952.34,3047.0
1787077171,eth,1813910400000,5000.0,call,58.99,0.015061,0.014,0.016,1972.31,602.0
1787077171,eth,1813910400000,2500.0,put,55.51,0.386321,0.3835,0.39,1972.31,6.0
1787077171,eth,1790323200000,3000.0,put,60.31,0.564642,0.558,0.5735,1918.42,7526.0
1787077171,eth,1793347200000,1850.0,put,48.59,0.066743,0.066,0.0675,1924.01,1116.0
1787077171,eth,1787299200000,2000.0,call,39.37,0.001463,0.0012,0.0016,1914.45,14967.0
1787077171,eth,1798185600000,3600.0,put,56.33,0.868093,0.8555,0.8835,1932.82,93.0
1787077171,eth,1787385600000,1750.0,call,49.01,0.086584,0.0845,0.0875,1914.66,0.0
1787077171,eth,1787212800000,1600.0,call,75.4,0.164209,0.163,0.165,1914.31,0.0
1787077171,eth,1790323200000,5000.0,call,97.07,0.000145,0.0001,0.0002,1918.41,4083.0
1787077171,eth,1813910400000,2200.0,call,55.57,0.160957,0.1595,0.1625,1972.33,1026.0
1787077171,eth,1787904000000,2250.0,put,50.29,0.175192,0.1705,0.181,1915.89,27.0
1787077171,eth,1787904000000,1750.0,put,43.29,0.0031,0.0029,0.0034,1915.89,23304.0
1787077171,eth,1798185600000,3600.0,call,56.33,0.00553,0.005,0.006,1932.81,2230.0
1787077171,eth,1787299200000,1920.0,put,33.39,0.012698,0.012,0.013,1914.46,230.0
1787077171,eth,1787385600000,1960.0,put,35.09,0.028909,0.0275,0.0305,1914.66,0.0
1787077171,eth,1813910400000,900.0,call,67.33,0.563664,0.562,0.5645,1972.31,0.0
1787077171,eth,1798185600000,9000.0,call,81.78,0.000212,0.0001,0.0004,1932.81,1905.0
1787077171,eth,1798185600000,4200.0,call,59.63,0.002568,0.0023,0.0028,1932.81,4359.0
1787077171,eth,1787212800000,1800.0,call,47.02,0.059989,0.056,0.063,1914.31,0.0
1787077171,eth,1790323200000,2700.0,call,53.32,0.001728,0.0015,0.0019,1918.42,4162.0
1787077171,eth,1790323200000,11000.0,call,110.93,0.0,,0.0002,1918.41,2766.0
1787077171,eth,1787126400000,1800.0,call,51.64,0.059667,0.0555,0.0625,1914.19,0.0
1787077171,eth,1787126400000,1980.0,call,42.9,0.000149,,0.0002,1914.19,696.0
1787077171,eth,1787385600000,2100.0,call,47.79,0.000474,0.0003,0.0006,1914.68,21.0
1787077171,eth,1787904000000,2100.0,put,41.81,0.09896,0.0965,0.1015,1915.88,1120.0
1787077171,eth,1790323200000,10000.0,put,105.8,4.212623,4.012,4.4295,1918.42,0.0
1787077171,eth,1798185600000,2200.0,call,51.05,0.071081,0.07,0.0715,1932.81,52532.0
1787077171,eth,1790323200000,8500.0,call,99.33,0.0,,0.0001,1918.41,1253.0
1787077171,eth,1806048000000,2100.0,put,53.94,0.212327,0.211,0.2155,1952.34,487.0
1787077171,eth,1806048000000,5000.0,put,60.27,1.566976,1.4645,1.69,1952.34,0.0
1787077171,eth,1790323200000,4500.0,put,87.62,1.345826,1.2555,1.4455,1918.42,6.0
1787077171,eth,1787126400000,1780.0,put,54.66,2e-06,,0.0001,1914.19,46.0
1787077171,eth,1787385600000,2050.0,put,42.42,0.07162,0.0675,0.0765,1914.66,0.0
1787077171,eth,1787126400000,1750.0,call,56.74,0.08578,0.0815,0.0885,1914.19,0.0
1787077171,eth,1793347200000,3200.0,call,55.86,0.002416,0.0021,0.0027,1924.01,1311.0
1787077171,eth,1787904000000,1400.0,put,79.91,0.000279,0.0002,0.0004,1915.89,7790.0
1787077171,eth,1787299200000,2100.0,call,54.2,0.000369,0.0002,0.0004,1914.46,5228.0
1787077171,eth,1813910400000,2500.0,call,55.51,0.118784,0.117,0.1195,1972.33,2983.0
1787077171,eth,1806048000000,800.0,call,72.12,0.598431,0.597,0.5995,1952.36,0.0
1787077171,eth,1806048000000,4400.0,call,58.27,0.009551,0.009,0.01,1952.34,1083.0
1787077171,eth,1787385600000,1920.0,call,33.72,0.011979,0.0115,0.0125,1914.68,162.0
1787077171,eth,1798185600000,3000.0,put,53.04,0.566498,0.562,0.57,1932.82,781.0
1787077171,eth,1798185600000,4000.0,put,58.43,1.072726,0.9905,1.1685,1932.81,223.0
1787077171,eth,1813910400000,800.0,put,69.78,0.014431,0.014,0.015,1972.31,703.0
1787077171,eth,1790323200000,2500.0,put,49.69,0.306806,0.3015,0.3135,1918.42,3042.0
1787077171,eth,1806048000000,6000.0,put,63.48,2.076406,1.956,2.216,1952.34,1.0
1787077171,eth,1790323200000,3100.0,put,60.73,0.616467,0.6095,0.6255,1918.42,0.0
1787077171,eth,1790323200000,13000.0,call,119.8,0.0,,0.0003,1918.42,1873.0
1787077171,eth,1790323200000,7200.0,put,99.33,2.753091,2.609,2.9095,1918.42,0.0
1787077171,eth,1798185600000,1600.0,call,53.91,0.221709,0.2205,0.223,1932.81,621.0
1787077171,eth,1787299200000,1800.0,call,43.7,0.060472,0.059,0.0615,1914.45,187.0
1787077171,eth,1813910400000,1900.0,put,56.21,0.182974,0.1815,0.1845,1972.31,3093.0
1787077171,eth,1806048000000,3100.0,put,54.72,0.624709,0.6205,0.629,1952.34,99.0
1787077171,eth,1787126400000,2100.0,put,54.07,0.097064,0.093,0.102,1914.19,0.0
1787077171,eth,1813910400000,3400.0,put,56.32,0.774539,0.77,0.7795,1972.33,2.0
1787077171,eth,1798185600000,4500.0,call,61.22,0.001856,0.0016,0.0021,1932.82,2934.0
1787077171,eth,1793347200000,1000.0,put,73.83,0.00206,0.0018,0.0024,1924.0,1949.0
1787077171,eth,1787126400000,1780.0,call,54.66,0.07011,0.066,0.073,1914.2,0.0
1787077171,eth,1787385600000,2020.0,call,39.46,0.001562,0.0013,0.0017,1914.68,286.0
1787077171,eth,1787385600000,1880.0,call,34.06,0.024287,0.0225,0.0255,1914.66,0.0
1787077171,eth,1813910400000,1400.0,call,59.12,0.362657,0.3605,0.3635,1972.31,50.0
1787077171,eth,1806048000000,2300.0,call,53.78,0.104354,0.103,0.1055,1952.34,5121.0
1787077171,eth,1787212800000,2020.0,call,44.71,0.000397,0.0003,0.0005,1914.32,7.0
1787077171,eth,1790323200000,13000.0,put,119.8,5.77641,5.516,6.0585,1918.42,0.0
1787077171,eth,1787904000000,1850.0,call,38.04,0.045135,0.045,0.046,1915.89,4665.0
1787077171,eth,1790323200000,6400.0,call,99.33,1.1e-05,,0.0002,1918.42,1918.0
1787077171,eth,1798185600000,3800.0,put,57.4,0.970221,0.957,0.9865,1932.81,26.0
1787077171,eth,1798185600000,3500.0,put,55.63,0.817127,0.8055,0.832,1932.81,51.0
1787077171,eth,1806048000000,6000.0,call,63.48,0.003265,0.003,0.0035,1952.34,5185.0
1787077171,eth,1787299200000,1650.0,put,72.38,0.000133,,0.0002,1914.46,1327.0
1787077171,eth,1787299200000,2400.0,call,69.84,1e-06,,0.0001,1914.46,1374.0
1787077171,eth,1813910400000,1200.0,put,61.59,0.045479,0.0445,0.046,1972.33,509.0
1787077171,eth,1787299200000,1900.0,put,33.34,0.007747,0.007,0.008,1914.46,1603.0
1787077171,eth,1790323200000,1300.0,put,66.08,0.002267,0.0022,0.0025,1918.41,3422.0
1787077171,eth,1787126400000,2050.0,call,53.34,3e-06,,0.0001,1914.19,17.0
1787077171,eth,1787126400000,1900.0,put,27.87,0.001633,0.0014,0.0018,1914.19,529.0
1787077171,eth,1787904000000,1200.0,call,97.07,0.373711,0.3725,0.3745,1915.88,69.0
1787077171,eth,1790323200000,1400.0,call,60.65,0.273914,0.2725,0.2755,1918.42,1550.0
1787077171,eth,1787904000000,1450.0,put,74.59,0.000376,0.0003,0.0004,1915.89,8249.0
1787077171,eth,1787904000000,3200.0,put,81.98,0.670244,0.6645,0.6785,1915.89,3.0
1787077171,eth,1806048000000,3500.0,put,55.65,0.815802,0.811,0.821,1952.34,24.0
1787077171,eth,1793347200000,3400.0,put,57.74,0.76875,0.7595,0.7805,1924.0,0.0
1787077171,eth,1790323200000,3500.0,put,68.6,0.8247,0.8165,0.835,1918.42,1133.0
1787077171,eth,1788508800000,1900.0,put,39.98,0.02971,0.029,0.0305,1916.44,271.0
1787077171,eth,1798185600000,5200.0,call,64.71,0.000977,0.0007,0.0013,1932.82,8819.0
1787077171,eth,1806048000000,5500.0,call,61.82,0.004302,0.004,0.0043,1952.36,2468.0
1787077171,eth,1790323200000,6500.0,call,99.33,9e-06,,0.0001,1918.42,1337.0
1787077171,eth,1787126400000,1820.0,put,48.71,2.6e-05,,0.0001,1914.2,70.0
1787077171,eth,1790323200000,3600.0,put,70.38,0.876788,0.8685,0.8875,1918.42,907.0
1787077171,eth,1793347200000,2250.0,call,48.05,0.031321,0.0305,0.0315,1924.0,485.0
1787077171,eth,1790323200000,1300.0,call,66.08,0.324626,0.323,0.326,1918.41,69.0
1787077171,eth,1798185600000,1600.0,put,53.91,0.049515,0.049,0.0505,1932.82,7443.0
1787077171,eth,1793347200000,2050.0,put,47.85,0.124305,0.123,0.126,1924.0,48.0
1787077171,eth,1793347200000,1900.0,put,48.27,0.079075,0.078,0.08,1924.01,546.0
1787077171,eth,1790323200000,8000.0,put,99.33,3.170099,3.01,3.3435,1918.42,0.0
1787077171,eth,1798185600000,11000.0,call,90.68,0.000205,0.0001,0.0003,1932.81,2143.0
1787077171,eth,1813910400000,1000.0,call,65.14,0.519813,0.5175,0.5205,1972.31,69.0
1787077171,eth,1787299200000,1880.0,call,34.17,0.022541,0.021,0.0235,1914.46,1.0
1787077171,eth,1813910400000,2300.0,put,55.52,0.311516,0.31,0.314,1972.31,85.0
1787077171,eth,1793347200000,2400.0,put,48.81,0.266972,0.264,0.27,1924.0,10.0
1787077171,eth,1787299200000,1800.0,put,43.7,0.00068,0.0006,0.0009,1914.46,2380.0
1787077171,eth,1787126400000,1940.0,call,31.28,0.000883,0.0006,0.001,1914.2,761.0
1787077171,eth,1787904000000,1500.0,put,68.64,0.000477,0.0004,0.0006,1915.89,5480.0
1787077171,eth,1787385600000,1780.0,call,44.23,0.071175,0.069,0.0725,1914.66,0.0
1787077171,eth,1787385600000,1940.0,call,34.04,0.007924,0.0075,0.0085,1914.66,1.0
1787077171,eth,1787904000000,2100.0,call,41.81,0.002864,0.0026,0.0031,1915.88,8370.0
1787077171,eth,1813910400000,3200.0,put,56.07,0.683128,0.679,0.688,1972.31,0.0
1787077171,eth,1787299200000,2400.0,put,69.84,0.253612,0.2485,0.2595,1914.45,0.0
1787077171,eth,1790323200000,9000.0,call,100.09,0.0,,0.0005,1918.42,1519.0
1787077171,eth,1813910400000,2100.0,call,55.7,0.178467,0.177,0.18,1972.31,107.0
1787077171,eth,1793347200000,1950.0,call,48.05,0.079302,0.0785,0.08,1924.01,691.0
1787077171,eth,1806048000000,3200.0,call,54.93,0.032708,0.0315,0.0335,1952.34,1244.0
1787077171,eth,1798185600000,3800.0,call,57.4,0.004182,0.0039,0.0044,1932.81,2914.0
1787077171,eth,1790323200000,4800.0,call,93.42,0.000145,0.0001,0.0002,1918.41,1704.0
1787077171,eth,1806048000000,2400.0,call,53.87,0.091461,0.09,0.092,1952.34,1969.0
1787077171,eth,1806048000000,4000.0,put,57.01,1.062475,1.0565,1.102,1952.34,0.0
1787077171,eth,1787299200000,2100.0,put,54.2,0.097279,0.093,0.1025,1914.45,11.0
1787077171,eth,1787904000000,1200.0,put,97.07,5.1e-05,,0.0001,1915.88,7127.0
1787077171,eth,1790323200000,4000.0,call,78.43,0.000182,0.0001,0.0003,1918.42,12154.0
1787077171,eth,1790323200000,2100.0,call,44.92,0.024279,0.0235,0.0245,1918.42,6707.0
1787077171,eth,1798185600000,2500.0,put,51.27,0.331544,0.328,0.3345,1932.81,1075.0
1787077171,eth,1788508800000,2100.0,put,41.41,0.102946,0.1005,0.1055,1916.44,0.0
1787077171,eth,1806048000000,4600.0,put,58.85,1.364116,1.268,1.4805,1952.34,0.0
1787077171,eth,1806048000000,3700.0,put,56.21,0.91376,0.9085,0.9195,1952.34,0.0
1787077171,eth,1787385600000,2200.0,call,59.38,0.00019,,0.0003,1914.66,1.0
1787077171,eth,1806048000000,2200.0,put,53.86,0.246369,0.245,0.249,1952.34,1707.0
1787077171,eth,1798185600000,1700.0,call,52.83,0.186874,0.1855,0.188,1932.81,368.0
1787077171,eth,1790323200000,6000.0,call,99.33,2.4e-05,,0.0002,1918.41,3191.0
1787077171,eth,1787904000000,1650.0,put,51.86,0.001172,0.0011,0.0014,1915.88,7086.0
1787077171,eth,1788508800000,1700.0,put,46.38,0.005084,0.0049,0.0055,1916.44,742.0
1787077171,eth,1787385600000,1750.0,put,49.01,0.000575,0.0005,0.0008,1914.68,139.0
1787077171,eth,1798185600000,3200.0,put,53.95,0.665684,0.661,0.67,1932.82,251.0
1787077171,eth,1790323200000,5400.0,call,98.74,7.6e-05,,0.0002,1918.42,1730.0
1787077171,eth,1798185600000,10000.0,call,86.58,0.000212,0.0001,0.0004,1932.81,1663.0
1787077171,eth,1787904000000,3000.0,call,75.18,4e-06,,0.0001,1915.89,1527.0
1787077171,eth,1813910400000,2800.0,call,55.62,0.08824,0.087,0.089,1972.31,1086.0
1787077171,eth,1790323200000,4800.0,put,93.42,1.502204,1.406,1.6085,1918.42,110.0
1787077171,eth,1787904000000,2150.0,call,44.38,0.001751,0.0015,0.0019,1915.88,5415.0
1787077171,eth,1798185600000,5500.0,put,66.4,1.84639,1.736,1.9695,1932.81,0.0
1787077171,eth,1787212800000,1780.0,put,52.25,0.0002,0.0002,0.0003,1914.31,11.0
1787077171,eth,1790323200000,4200.0,call,82.96,0.000182,0.0001,0.0003,1918.41,2507.0
1787077171,eth,1787904000000,2500.0,put,66.03,0.30513,0.2995,0.3115,1915.88,6.0
1787077171,eth,1813910400000,2800.0,put,55.62,0.507881,0.505,0.512,1972.31,0.0
1787077171,eth,1787904000000,1850.0,put,38.04,0.010744,0.0105,0.0115,1915.89,3192.0
1787077171,eth,1787212800000,1980.0,call,37.32,0.000959,0.0008,0.0011,1914.32,296.0
1787077171,eth,1813910400000,2600.0,call,55.55,0.107548,0.106,0.1085,1972.31,291.0
1787077171,eth,1787299200000,1840.0,put,37.6,0.00154,0.0014,0.0018,1914.45,159.0
1787077171,eth,1813910400000,1300.0,put,60.24,0.057861,0.057,0.0585,1972.31,1666.0
1787077171,eth,1806048000000,5500.0,put,61.82,1.821348,1.7095,1.9525,1952.34,0.0
1787077171,eth,1806048000000,1400.0,call,58.18,0.333452,0.332,0.3345,1952.34,57.0
1787077171,eth,1813910400000,2400.0,put,55.5,0.348201,0.346,0.3515,1972.33,2.0
1787077171,eth,1790323200000,1950.0,call,44.79,0.049892,0.049,0.0505,1918.42,3894.0
1787077171,eth,1788508800000,1900.0,call,39.98,0.038294,0.0375,0.039,1916.44,408.0
1787077171,eth,1787385600000,2060.0,put,43.68,0.07673,0.0725,0.0815,1914.68,0.0
1787077171,eth,1806048000000,1600.0,put,56.05,0.082098,0.081,0.0835,1952.34,1558.0
1787077171,eth,1813910400000,3800.0,call,56.86,0.035953,0.035,0.0365,1972.31,515.0
1787077171,eth,1793347200000,1500.0,call,54.54,0.237399,0.236,0.2385,1924.0,50.0
1787077171,eth,1798185600000,2500.0,call,51.27,0.038097,0.0375,0.039,1932.81,27183.0
1787077171,eth,1793347200000,2800.0,call,51.76,0.006056,0.0055,0.0065,1924.01,363.0
1787077171,eth,1787299200000,1400.0,put,91.32,0.0,,0.0001,1914.46,341.0
1787077171,eth,1806048000000,2400.0,put,53.87,0.320717,0.318,0.3235,1952.34,357.0
1787077171,eth,1787904000000,2350.0,call,56.0,0.000422,0.0003,0.0005,1915.88,4567.0
1787077171,eth,1787904000000,1550.0,put,62.29,0.000584,0.0005,0.0008,1915.89,5894.0
1787077171,eth,1787126400000,1800.0,put,51.64,7e-06,,0.0001,1914.19,118.0
1787077171,eth,1798185600000,6000.0,put,69.23,2.104897,1.9845,2.2385,1932.81,0.0
1787077171,eth,1806048000000,1700.0,call,55.35,0.231655,0.23,0.233,1952.34,1337.0
1787077171,eth,1813910400000,1000.0,put,65.14,0.026828,0.026,0.0275,1972.31,4742.0
1787077171,eth,1787212800000,1760.0,put,57.49,0.000162,0.0001,0.0003,1914.31,263.0
1787077171,eth,1787212800000,1880.0,call,32.67,0.0203,0.0185,0.0215,1914.31,42.0
1787077171,eth,1787299200000,1850.0,put,36.45,0.001982,0.0018,0.0022,1914.46,2228.0
1787077171,eth,1790323200000,2000.0,put,44.7,0.082078,0.081,0.0835,1918.4,13282.0
1787077171,eth,1787904000000,3800.0,put,84.51,0.983412,0.9765,0.9935,1915.89,0.0
1787077171,eth,1798185600000,1400.0,put,57.16,0.026172,0.0255,0.027,1932.81,13809.0
1787077171,eth,1787212800000,1700.0,put,64.41,2.9e-05,,0.0001,1914.31,346.0
1787077171,eth,1793347200000,2000.0,call,47.93,0.068439,0.0675,0.069,1924.0,916.0
1787077171,eth,1787904000000,1900.0,call,37.05,0.028209,0.0275,0.029,1915.89,7791.0
1787077171,eth,1788508800000,1800.0,call,41.97,0.073119,0.071,0.074,1916.44,50.0
1787077171,eth,1787904000000,2300.0,call,53.69,0.000612,0.0005,0.0007,1915.88,6932.0
1787077171,eth,1790323200000,1800.0,put,46.04,0.031412,0.031,0.032,1918.4,9820.0
1787077171,eth,1798185600000,9000.0,put,81.78,3.656621,3.4775,3.8535,1932.81,0.0
1787077171,eth,1813910400000,3600.0,call,56.62,0.042654,0.0415,0.0435,1972.33,12.0
1787077171,eth,1813910400000,4000.0,put,57.19,1.058689,1.0525,1.0655,1972.31,0.0
1787077171,eth,1787299200000,2050.0,put,46.55,0.071444,0.068,0.0765,1914.46,85.0
1787077171,eth,1798185600000,4600.0,call,61.82,0.001696,0.0014,0.002,1932.81,10789.0
1787077171,eth,1787385600000,1800.0,put,41.38,0.001139,0.001,0.0014,1914.68,10.0
1787077171,eth,1798185600000,10000.0,put,86.58,4.173999,3.975,4.3925,1932.81,0.0
1787077171,eth,1788508800000,1950.0,call,39.77,0.026049,0.0255,0.0265,1916.44,3304.0
1787077171,eth,1806048000000,3200.0,put,54.93,0.671716,0.6675,0.6765,1952.34,20.0
1787077171,eth,1806048000000,2600.0,call,53.91,0.069843,0.0685,0.0705,1952.34,3224.0
1787077171,eth,1790323200000,2500.0,call,49.69,0.00365,0.0034,0.0038,1918.41,24585.0
1787077171,eth,1787212800000,1820.0,call,43.28,0.0497,0.0455,0.0525,1914.32,0.0
1787077171,eth,1813910400000,1700.0,call,56.93,0.269326,0.267,0.2705,1972.33,704.0
1787077171,eth,1790323200000,2600.0,put,51.42,0.357736,0.352,0.365,1918.42,8392.0
1787077171,eth,1787904000000,2300.0,put,53.69,0.201099,0.197,0.207,1915.89,1000.0
1787077171,eth,1787212800000,2050.0,put,49.33,0.071067,0.067,0.076,1914.32,0.0
1787077171,eth,1787385600000,2100.0,put,47.79,0.097263,0.093,0.1025,1914.68,0.0
1787077171,eth,1798185600000,8000.0,call,77.49,0.000255,0.0002,0.0005,1932.82,2428.0
1787077171,eth,1813910400000,1600.0,put,57.54,0.109283,0.108,0.111,1972.31,1278.0
1787077171,eth,1793347200000,1900.0,call,48.27,0.091554,0.0905,0.0925,1924.01,317.0
1787077171,eth,1798185600000,3100.0,put,53.58,0.615957,0.6115,0.62,1932.82,0.0
1787077171,eth,1798185600000,6500.0,call,71.54,0.00048,0.0004,0.0007,1932.82,1784.0
1787077171,eth,1787904000000,1000.0,put,99.71,1e-06,,0.0001,1915.89,2982.0
1787077171,eth,1806048000000,3800.0,call,56.5,0.016839,0.016,0.0175,1952.34,1164.0
1787077171,eth,1790323200000,1500.0,put,55.76,0.006107,0.006,0.0065,1918.42,12928.0
1787077171,eth,1787385600000,2000.0,call,37.53,0.002242,0.002,0.0025,1914.68,67.0
1787077171,eth,1787126400000,1940.0,put,31.28,0.014361,0.013,0.0165,1914.19,0.0
1787077171,eth,1798185600000,2400.0,put,51.15,0.288674,0.2855,0.2915,1932.82,1716.0
1787077171,eth,1790323200000,1950.0,put,44.79,0.066353,0.0655,0.067,1918.41,178.0
1787077171,eth,1793347200000,3200.0,put,55.86,0.665609,0.657,0.6765,1924.0,0.0
1787077171,eth,1793347200000,1400.0,put,57.69,0.011367,0.011,0.012,1924.0,2648.0
1787077171,eth,1806048000000,2300.0,put,53.78,0.282391,0.281,0.286,1952.34,1583.0
1787077171,eth,1806048000000,1700.0,put,55.35,0.102378,0.1015,0.104,1952.34,1575.0
1787077171,eth,1787212800000,1920.0,call,31.58,0.006883,0.006,0.0075,1914.31,802.0
1787077171,eth,1790323200000,12000.0,call,115.57,0.0,,0.0002,1918.42,1341.0
1787077171,eth,1813910400000,2900.0,put,55.72,0.550538,0.547,0.555,1972.33,3.0
1787077171,eth,1793347200000,2150.0,call,47.88,0.043116,0.0425,0.0435,1924.01,1226.0
1787077171,eth,1787904000000,1400.0,call,79.91,0.269548,0.268,0.2705,1915.88,118.0
1787077171,eth,1787904000000,2800.0,call,71.15,1.8e-05,,0.0001,1915.89,5425.0
1787077171,eth,1787126400000,1960.0,put,37.27,0.024269,0.021,0.029,1914.19,12.0
1787077171,eth,1806048000000,4200.0,put,57.51,1.162452,1.156,1.17,1952.34,1.0
1787077171,eth,1787126400000,1980.0,put,42.9,0.034524,0.0305,0.039,1914.19,0.0
1787077171,eth,1787299200000,1940.0,call,33.86,0.005962,0.0055,0.0065,1914.45,242.0
1787077171,eth,1787299200000,1880.0,put,34.17,0.004536,0.0042,0.0047,1914.46,319.0
1787077171,eth,1790323200000,5800.0,call,99.33,3.6e-05,,0.0002,1918.42,4885.0
1787077171,eth,1798185600000,1900.0,call,51.51,0.129145,0.128,0.13,1932.81,3876.0
1787077171,eth,1787299200000,1860.0,put,35.43,0.002579,0.0024,0.0029,1914.46,100.0
1787077171,eth,1788508800000,1750.0,put,43.76,0.007783,0.0075,0.0085,1916.44,148.0
1787077171,eth,1806048000000,1000.0,put,66.09,0.016147,0.0155,0.017,1952.34,7548.0
1787077171,eth,1787299200000,1860.0,call,35.43,0.031031,0.0295,0.032,1914.46,106.0
1787077171,eth,1813910400000,3500.0,put,56.39,0.820821,0.816,0.826,1972.31,303.0
1787077171,eth,1787904000000,1750.0,call,43.29,0.089687,0.088,0.0905,1915.89,4210.0
1787077171,eth,1793347200000,1750.0,call,49.62,0.136887,0.1355,0.138,1924.01,102.0
1787077171,eth,1793347200000,1750.0,put,49.62,0.046446,0.046,0.047,1924.0,751.0
1787077171,eth,1787126400000,1840.0,put,46.97,0.000108,,0.0002,1914.19,815.0
1787077171,eth,1787126400000,2000.0,call,46.21,5.1e-05,,0.0001,1914.19,60.0
1787077171,eth,1813910400000,3400.0,call,56.32,0.050689,0.0495,0.0515,1972.31,210.0
1787077171,eth,1806048000000,2800.0,put,54.16,0.487907,0.4845,0.492,1952.36,12.0
1787077171,eth,1798185600000,2400.0,call,51.15,0.046965,0.046,0.0475,1932.81,12157.0
1787077171,eth,1787299200000,2200.0,call,69.21,0.000173,0.0001,0.0003,1914.46,3115.0
1787077171,eth,1798185600000,1700.0,put,52.83,0.066418,0.0655,0.0675,1932.82,13923.0
1787077171,eth,1790323200000,8500.0,put,99.33,3.43073,3.2605,3.615,1918.42,0.0
1787077171,eth,1793347200000,1500.0,put,54.54,0.017021,0.0165,0.0175,1924.0,2477.0
1787077171,eth,1787126400000,1700.0,call,66.36,0.111901,0.1105,0.113,1914.19,56.0
1787077171,eth,1787385600000,1860.0,call,35.2,0.032453,0.031,0.0335,1914.68,0.0
1787077171,eth,1787385600000,2020.0,put,39.46,0.056569,0.054,0.059,1914.68,0.0
1787077171,eth,1788508800000,2200.0,put,43.93,0.15107,0.1485,0.154,1916.44,0.0
1787077171,eth,1790323200000,2400.0,call,47.99,0.00558,0.005,0.006,1918.42,14778.0
1787077171,eth,1806048000000,2900.0,call,54.32,0.047312,0.0465,0.048,1952.36,2068.0
1787077171,eth,1798185600000,6000.0,call,69.23,0.000625,0.0005,0.0009,1932.82,10397.0
1787077171,eth,1793347200000,2800.0,put,51.76,0.46135,0.4575,0.465,1924.0,0.0
1787077171,eth,1813910400000,2200.0,put,55.57,0.276389,0.275,0.279,1972.31,111.0
1787077171,eth,1787904000000,1650.0,call,51.86,0.139953,0.138,0.141,1915.89,1604.0
1787077171,eth,1787904000000,1100.0,call,99.71,0.425863,0.4245,0.427,1915.88,204.0
1787077171,eth,1787126400000,2050.0,put,53.34,0.070947,0.067,0.076,1914.2,0.0
1787077171,eth,1813910400000,800.0,call,69.78,0.60882,0.608,0.6095,1972.31,118.0
1787077171,eth,1787299200000,1600.0,put,75.74,4.1e-05,,0.0002,1914.45,3946.0
1787077171,eth,1787385600000,1940.0,put,34.04,0.021148,0.02,0.022,1914.68,0.0
