snap_ts,asset,expiry_ms,strike,opt_type,mark_iv,mark_price,bid,ask,underlying_price,open_interest
1783037111,btc,1785484800000,81000.0,call,40.75,0.00033162,0.0003,0.0004,61515.84,1394.8
1783037111,btc,1783238400000,62500.0,call,25.66,0.00223934,0.002,0.0025,61391.9,5.0
1783037111,btc,1787904000000,66000.0,put,37.7,0.10208893,0.0985,0.105,61691.26,147.3
1783037111,btc,1785484800000,77000.0,call,37.87,0.00070958,0.0006,0.0009,61518.63,1551.2
1783037111,btc,1798185600000,104000.0,put,41.23,0.66875767,0.609,0.7385,62520.46,0.0
1783037111,btc,1783324800000,59500.0,put,32.65,0.00246857,0.0023,0.0026,61394.69,51.4
1783037111,btc,1783152000000,60500.0,call,31.06,0.0169881,0.0145,0.0205,61391.9,160.5
1783037111,btc,1783152000000,66000.0,put,49.67,0.07493921,0.069,0.1145,61391.9,0.0
1783037111,btc,1783065600000,80000.0,put,76.22,0.3026944,0.259,0.3495,61393.39,1.1
1783037111,btc,1784880000000,68000.0,call,35.95,0.00559029,0.005,0.006,61487.87,123.5
1783037111,btc,1813910400000,68000.0,put,43.69,0.211416,0.202,0.2195,63800.51,0.0
1783037111,btc,1783324800000,62000.0,call,26.49,0.00611443,0.0055,0.0065,61394.69,21.9
1783037111,btc,1798185600000,85000.0,put,40.57,0.38212186,0.3745,0.3865,62520.46,548.5
1783037111,btc,1798185600000,84000.0,put,40.57,0.36793379,0.361,0.372,62520.46,47.0
1783037111,btc,1784275200000,59000.0,put,41.31,0.01587473,0.0155,0.0165,61454.93,315.7
1783037111,btc,1783065600000,65000.0,put,53.46,0.05844004,0.053,0.0625,61396.18,214.3
1783037111,btc,1783065600000,60500.0,put,34.14,0.00032945,0.0002,0.0004,61393.39,315.4
1783037111,btc,1785484800000,85000.0,call,43.61,0.00017235,0.0001,0.0003,61515.84,1271.5
1783037111,btc,1790323200000,84000.0,put,37.89,0.36121189,0.3515,0.3665,61889.34,34.7
1783037111,btc,1806048000000,180000.0,put,50.64,1.85165199,1.753,1.9615,63146.66,0.0
1783037111,btc,1813910400000,72000.0,call,43.16,0.12275419,0.1215,0.1245,63800.51,7.4
1783037111,btc,1784275200000,52000.0,call,54.08,0.15655791,0.153,0.185,61457.72,0.0
1783037111,btc,1783152000000,55000.0,put,70.08,5.793e-05,,0.0001,61391.9,170.7
1783037111,btc,1785484800000,102000.0,put,60.02,0.65778911,0.601,0.7185,61518.63,0.1
1783037111,btc,1784880000000,50000.0,call,54.18,0.18979052,0.186,0.199,61487.87,0.0
1783037111,btc,1784275200000,61000.0,put,38.37,0.02660107,0.0265,0.027,61454.93,64.7
1783037111,btc,1785484800000,92000.0,put,49.22,0.49527326,0.486,0.55,61515.84,0.4
1783037111,btc,1783670400000,70000.0,call,43.03,0.00037797,0.0003,0.0005,61429.58,683.9
1783037111,btc,1813910400000,110000.0,put,42.15,0.74798962,0.6785,0.836,63800.51,0.0
1783037111,btc,1790323200000,150000.0,call,61.49,0.0001772,0.0001,0.0003,61892.13,738.6
1783037111,btc,1783152000000,54000.0,put,75.23,2.934e-05,,0.0001,61391.9,38.4
1783037111,btc,1790323200000,165000.0,put,67.14,1.66593692,1.5745,1.763,61889.34,0.0
1783037111,btc,1790323200000,60000.0,call,41.38,0.09423526,0.093,0.0955,61889.34,625.4
1783037111,btc,1790323200000,110000.0,put,47.67,0.77787752,0.7645,0.7865,61889.34,116.4
1783037111,btc,1787904000000,66000.0,call,37.7,0.03240941,0.0315,0.033,61688.47,371.6
1783037111,btc,1798185600000,130000.0,call,45.26,0.00148623,0.0014,0.0016,62520.46,1524.4
1783037111,btc,1790323200000,240000.0,call,74.86,1.37e-05,,0.0002,61889.34,222.5
1783037111,btc,1785484800000,84000.0,put,42.32,0.36535259,0.358,0.372,61518.63,31.6
1783037111,btc,1806048000000,92000.0,call,41.56,0.03152436,0.0305,0.0325,63146.66,117.6
1783037111,btc,1813910400000,58000.0,put,45.65,0.12869558,0.127,0.1305,63803.3,0.5
1783037111,btc,1785484800000,104000.0,put,62.11,0.69029372,0.633,0.7515,61518.63,0.0
1783037111,btc,1806048000000,96000.0,put,41.61,0.54535932,0.483,0.623,63146.66,1.5
1783037111,btc,1787904000000,64000.0,put,38.51,0.08180796,0.079,0.084,61691.26,207.8
1783037111,btc,1783324800000,66000.0,put,34.8,0.07474802,0.0385,0.114,61394.69,0.0
1783037111,btc,1783238400000,56000.0,put,49.01,0.00011645,,0.0002,61391.9,6.0
1783037111,btc,1790323200000,115000.0,put,49.85,0.85845449,0.844,0.869,61889.34,90.3
1783037111,btc,1813910400000,74000.0,call,42.93,0.11253081,0.111,0.114,63800.51,11.7
1783037111,btc,1813910400000,68000.0,call,43.69,0.14583597,0.144,0.148,63800.51,0.8
1783037111,btc,1790323200000,75000.0,call,37.17,0.01414668,0.014,0.0145,61889.34,2542.6
1783037111,btc,1784275200000,54000.0,call,50.21,0.12573746,0.1225,0.153,61457.72,0.1
1783037111,btc,1785484800000,105000.0,put,63.13,0.70654601,0.648,0.769,61515.84,1.1
1783037111,btc,1787904000000,83000.0,put,38.18,0.34671886,0.3,0.399,61691.26,0.0
1783037111,btc,1806048000000,65000.0,put,43.48,0.16445464,0.1625,0.1655,63146.66,636.4
1783037111,btc,1785484800000,66000.0,call,35.69,0.01457617,0.014,0.015,61515.84,1818.2
1783037111,btc,1783238400000,56000.0,call,49.01,0.08820758,0.0835,0.12,61391.9,0.0
1783037111,btc,1798185600000,210000.0,call,61.02,0.00046463,0.0003,0.0007,62520.46,151.0
1783037111,btc,1798185600000,92000.0,call,40.57,0.01316933,0.0125,0.0135,62520.46,252.3
1783037111,btc,1783670400000,55000.0,put,50.89,0.00184933,0.0017,0.002,61426.79,1148.1
1783037111,btc,1790323200000,240000.0,put,74.86,2.87748747,2.745,3.016,61889.34,0.0
1783037111,btc,1806048000000,90000.0,call,41.54,0.03508117,0.034,0.036,63146.66,433.7
1783037111,btc,1783065600000,69000.0,call,72.47,0.0,,0.0001,61393.39,272.1
1783037111,btc,1790323200000,95000.0,put,41.41,0.53620599,0.525,0.5425,61889.34,147.7
1783037111,btc,1798185600000,86000.0,call,40.57,0.02103344,0.02,0.0215,62520.46,281.7
1783037111,btc,1813910400000,90000.0,put,42.07,0.46634517,0.46,0.5505,63800.51,0.0
1783037111,btc,1783670400000,62000.0,call,35.53,0.01590234,0.0155,0.016,61426.79,518.6
1783037111,btc,1785484800000,50000.0,put,52.16,0.00450626,0.0043,0.0047,61515.84,3036.7
1783037111,btc,1783324800000,56000.0,call,47.81,0.08859876,0.0555,0.1205,61394.69,0.0
1783037111,btc,1806048000000,160000.0,put,47.63,1.53561509,1.447,1.6345,63149.45,0.0
1783037111,btc,1798185600000,74000.0,call,40.78,0.05192416,0.052,0.0525,62523.25,64.3
1783037111,btc,1785484800000,73000.0,put,35.83,0.18833033,0.181,0.194,61515.84,97.7
1783037111,btc,1783152000000,53000.0,call,76.92,0.13686652,0.106,0.167,61391.9,0.0
1783037111,btc,1790323200000,58000.0,put,42.55,0.05137803,0.0505,0.052,61889.34,545.0
1783037111,btc,1798185600000,54000.0,call,45.88,0.19806356,0.196,0.2005,62523.25,33.1
1783037111,btc,1798185600000,200000.0,call,58.93,0.00046638,0.0003,0.0007,62523.25,949.6
1783037111,btc,1784880000000,68000.0,put,35.95,0.11138168,0.106,0.1265,61487.87,0.0
1783037111,btc,1784880000000,62000.0,put,38.12,0.04115804,0.0405,0.042,61487.87,2.4
1783037111,btc,1785484800000,46000.0,put,57.45,0.00188653,0.0018,0.002,61515.84,1308.6
1783037111,btc,1785484800000,61000.0,call,39.23,0.04784142,0.047,0.0485,61515.84,985.1
1783037111,btc,1783238400000,62000.0,put,25.51,0.01385981,0.0115,0.0155,61391.9,0.7
1783037111,btc,1790323200000,320000.0,call,85.42,6.51e-06,,0.0001,61889.34,251.6
1783037111,btc,1783238400000,58000.0,put,39.51,0.00042765,0.0003,0.0006,61391.9,9.2
1783037111,btc,1783152000000,56000.0,call,60.87,0.08806924,0.0835,0.12,61391.9,0.0
1783037111,btc,1813910400000,72000.0,put,43.16,0.25105857,0.241,0.26,63800.51,1.0
1783037111,btc,1798185600000,45000.0,call,51.45,0.3091815,0.3065,0.311,62520.46,54.2
1783037111,btc,1783324800000,63500.0,put,27.18,0.03522802,0.025,0.04,61394.69,0.0
1783037111,btc,1813910400000,70000.0,call,43.4,0.13381973,0.1325,0.1355,63803.3,163.7
1783037111,btc,1798185600000,68000.0,put,41.54,0.16824279,0.165,0.1715,62520.46,300.5
1783037111,btc,1783324800000,60000.0,call,30.9,0.02667589,0.0235,0.0295,61394.69,0.0
1783037111,btc,1785484800000,87000.0,call,45.35,0.00013871,0.0001,0.0002,61518.63,365.9
1783037111,btc,1806048000000,98000.0,put,41.62,0.57441079,0.5115,0.653,63146.66,0.2
1783037111,btc,1798185600000,115000.0,put,42.81,0.84212842,0.7775,0.916,62520.46,0.6
1783037111,btc,1787904000000,100000.0,put,47.01,0.62099144,0.5655,0.6805,61691.26,0.1
1783037111,btc,1783065600000,72000.0,call,72.47,0.0,,0.0001,61393.39,266.5
1783037111,btc,1785484800000,94000.0,call,51.16,7.385e-05,,0.0001,61515.84,865.6
1783037111,btc,1813910400000,78000.0,put,42.58,0.31680201,0.307,0.3265,63803.3,0.1
1783037111,btc,1790323200000,84000.0,call,37.89,0.00409607,0.0039,0.0044,61892.13,702.5
1783037111,btc,1798185600000,102000.0,put,41.23,0.63771317,0.578,0.7075,62520.46,7.7
1783037111,btc,1785484800000,61000.0,put,39.23,0.03921903,0.039,0.04,61515.84,515.1
1783037111,btc,1813910400000,120000.0,call,42.42,0.01642728,0.0155,0.0175,63803.3,33.0
1783037111,btc,1790323200000,165000.0,call,67.14,0.00017371,,0.0002,61889.34,183.5
1783037111,btc,1787904000000,98000.0,put,46.11,0.58863573,0.534,0.6475,61691.26,0.0
1783037111,btc,1790323200000,65000.0,put,39.07,0.10434571,0.102,0.1075,61889.34,672.2
1783037111,btc,1783324800000,53000.0,put,64.0,0.0001489,0.0001,0.0002,61394.69,1.1
1783037111,btc,1783324800000,69000.0,put,46.88,0.1234748,0.086,0.1645,61394.69,0.0
1783037111,btc,1783065600000,61000.0,put,27.43,0.00097162,0.0008,0.0012,61393.39,660.7
1783037111,btc,1785484800000,58000.0,call,42.19,0.07983472,0.078,0.0825,61515.84,115.3
1783037111,btc,1806048000000,170000.0,put,49.4,1.69367088,1.6005,1.798,63146.66,0.1
1783037111,btc,1783152000000,53000.0,put,76.92,8.94e-06,,0.0001,61391.9,52.2
1783037111,btc,1785484800000,62000.0,call,38.35,0.03905487,0.0385,0.0395,61518.63,1536.8
1783037111,btc,1790323200000,160000.0,put,65.27,1.58515573,1.497,1.679,61889.34,0.6
1783037111,btc,1790323200000,80000.0,put,37.24,0.2993997,0.2935,0.3055,61889.34,615.2
1783037111,btc,1783065600000,57000.0,put,71.9,1.5e-06,,0.0001,61393.39,632.8
1783037111,btc,1784275200000,57000.0,put,44.64,0.0093306,0.009,0.01,61454.93,126.6
1783037111,btc,1790323200000,180000.0,call,72.36,0.00017494,,0.0002,61889.34,739.8
1783037111,btc,1806048000000,90000.0,put,41.54,0.45999239,0.3995,0.5375,63149.45,14.0
1783037111,btc,1806048000000,54000.0,put,46.29,0.083933,0.083,0.085,63146.66,45.9
1783037111,btc,1787904000000,90000.0,call,41.59,0.00069919,0.0006,0.0009,61691.26,31.9
1783037111,btc,1783670400000,73000.0,put,50.82,0.18848898,0.148,0.232,61426.79,0.2
1783037111,btc,1785484800000,80000.0,call,39.85,0.00038307,0.0003,0.0005,61518.63,6953.5
1783037111,btc,1806048000000,60000.0,put,44.5,0.12324357,0.122,0.1245,63146.66,559.5
1783037111,btc,1785484800000,60000.0,call,40.13,0.05756785,0.0565,0.058,61515.84,1228.1
1783037111,btc,1798185600000,65000.0,call,42.1,0.09954156,0.099,0.1005,62520.46,657.8
1783037111,btc,1785484800000,56000.0,call,44.54,0.10515384,0.102,0.1085,61515.84,39.5
1783037111,btc,1783324800000,54000.0,call,58.24,0.12099623,0.0895,0.1525,61394.69,0.0
1783037111,btc,1787904000000,53000.0,call,46.58,0.16030373,0.157,0.164,61691.26,5.9
1783037111,btc,1798185600000,190000.0,call,57.12,0.00050365,0.0003,0.0008,62520.46,989.4
1783037111,btc,1790323200000,105000.0,put,45.12,0.69707863,0.6845,0.7035,61892.13,104.6
1783037111,btc,1785484800000,60000.0,put,40.13,0.03269338,0.0325,0.0335,61515.84,1992.4
1783037111,btc,1798185600000,230000.0,put,63.38,2.67875408,2.552,2.8135,62520.46,0.0
1783037111,btc,1790323200000,72000.0,call,37.15,0.02123968,0.021,0.0215,61889.34,1903.5
1783037111,btc,1790323200000,130000.0,put,55.74,1.10062274,1.028,1.178,61889.34,21.4
1783037111,btc,1790323200000,70000.0,put,37.5,0.15906772,0.156,0.1615,61892.13,1516.9
1783037111,btc,1783065600000,76000.0,call,75.47,0.0,,0.0001,61393.39,1119.0
1783037111,btc,1806048000000,150000.0,call,46.37,0.00307388,0.0028,0.0034,63146.66,1897.9
1783037111,btc,1798185600000,45000.0,put,51.45,0.02886794,0.028,0.0295,62520.46,2711.7
1783037111,btc,1784275200000,48000.0,call,62.22,0.22003407,0.1915,0.25,61457.72,0.0
1783037111,btc,1783065600000,59000.0,call,53.01,0.03929289,0.0355,0.0425,61396.18,294.5
1783037111,btc,1783065600000,68000.0,call,69.76,0.0,,0.0001,61393.39,1730.0
1783037111,btc,1783238400000,54000.0,call,59.7,0.12070738,0.089,0.1515,61391.9,0.0
1783037111,btc,1783670400000,60000.0,call,38.71,0.03535456,0.0345,0.036,61429.58,611.3
1783037111,btc,1813910400000,60000.0,call,45.17,0.2030484,0.2015,0.2055,63803.3,947.8
1783037111,btc,1783152000000,57500.0,call,50.31,0.06373136,0.03,0.0965,61391.9,0.2
1783037111,btc,1785484800000,55000.0,put,45.73,0.01251511,0.012,0.013,61515.84,978.4
1783037111,btc,1783152000000,57000.0,call,55.69,0.07186692,0.0385,0.1045,61391.9,0.0
1783037111,btc,1784275200000,66000.0,call,35.19,0.00577307,0.0055,0.006,61454.93,1513.0
1783037111,btc,1783065600000,65000.0,call,53.46,8.4e-07,,0.0001,61393.39,1697.1
1783037111,btc,1783324800000,63000.0,put,26.56,0.02785417,0.0235,0.0585,61394.69,0.0
1783037111,btc,1785484800000,45000.0,call,58.91,0.27017775,0.242,0.299,61518.63,0.0
1783037111,btc,1783324800000,65000.0,call,31.63,0.00036649,0.0003,0.0005,61394.69,0.8
1783037111,btc,1784880000000,66000.0,put,35.95,0.08382656,0.0525,0.113,61487.87,0.0
1783037111,btc,1790323200000,220000.0,call,72.81,2.313e-05,,0.0002,61892.13,232.5
1783037111,btc,1783670400000,54000.0,call,53.64,0.12231721,0.0905,0.1555,61426.79,0.0
1783037111,btc,1806048000000,106000.0,call,41.91,0.01517386,0.0145,0.016,63146.66,39.3
1783037111,btc,1787904000000,80000.0,call,37.2,0.00250436,0.0024,0.0027,61688.47,533.4
1783037111,btc,1790323200000,100000.0,call,43.74,0.00102719,0.0009,0.0011,61889.34,3268.2
1783037111,btc,1783152000000,61500.0,put,27.46,0.00746676,0.007,0.008,61391.9,42.7
1783037111,btc,1806048000000,98000.0,call,41.62,0.0228408,0.022,0.0235,63146.66,78.6
1783037111,btc,1783238400000,56500.0,call,46.85,0.08011189,0.0475,0.112,61391.9,0.0
1783037111,btc,1785484800000,92000.0,call,49.22,8.079e-05,,0.0001,61515.84,434.7
1783037111,btc,1790323200000,60000.0,put,41.38,0.06366432,0.063,0.0645,61889.34,4101.3
1783037111,btc,1798185600000,72000.0,put,40.94,0.21168586,0.208,0.2145,62523.25,335.4
1783037111,btc,1806048000000,56000.0,call,45.63,0.20925351,0.2075,0.2115,63146.66,16.9
1783037111,btc,1787904000000,62000.0,put,39.6,0.06464877,0.064,0.0655,61688.47,572.4
1783037111,btc,1783152000000,64000.0,put,35.97,0.04252554,0.0125,0.0805,61391.9,0.0
1783037111,btc,1785484800000,83000.0,put,42.22,0.3491616,0.341,0.3545,61515.84,29.5
1783037111,btc,1783324800000,58500.0,put,36.42,0.00125383,0.0011,0.0013,61394.69,37.1
1783037111,btc,1798185600000,56000.0,call,45.02,0.17688272,0.175,0.179,62520.46,40.2
1783037111,btc,1790323200000,52000.0,put,46.96,0.02604667,0.0255,0.0265,61889.34,1012.7
1783037111,btc,1806048000000,86000.0,put,41.52,0.40505014,0.3455,0.4815,63146.66,1.7
1783037111,btc,1806048000000,40000.0,put,53.45,0.02974975,0.029,0.0305,63146.66,1072.2
1783037111,btc,1783065600000,58000.0,call,58.45,0.05554917,0.051,0.061,61396.18,123.2
1783037111,btc,1806048000000,120000.0,call,42.81,0.00795058,0.0075,0.0085,63146.66,315.5
1783037111,btc,1785484800000,77000.0,put,37.87,0.25212066,0.2445,0.257,61515.84,249.4
1783037111,btc,1783324800000,59500.0,call,32.65,0.03373519,0.03,0.0375,61394.69,0.0
1783037111,btc,1813910400000,140000.0,call,43.33,0.00820202,0.0075,0.009,63800.51,90.0
1783037111,btc,1783152000000,61000.0,call,28.9,0.01071251,0.01,0.0115,61391.9,189.4
1783037111,btc,1790323200000,190000.0,call,72.81,0.00011013,,0.0002,61892.13,763.9
1783037111,btc,1806048000000,56000.0,put,45.63,0.09586466,0.095,0.097,63146.66,73.2
1783037111,btc,1783065600000,59000.0,put,53.01,3.001e-05,,0.0002,61396.18,1147.1
1783037111,btc,1813910400000,56000.0,call,46.17,0.23759231,0.234,0.241,63803.3,3.5
1783037111,btc,1790323200000,64000.0,call,39.5,0.06107455,0.0605,0.062,61889.34,203.1
1783037111,btc,1787904000000,40000.0,put,62.75,0.00312926,0.0029,0.0033,61688.47,392.6
1783037111,btc,1783152000000,61500.0,call,27.46,0.00583321,0.0055,0.006,61391.9,125.9
1783037111,btc,1785484800000,46000.0,call,57.45,0.2542903,0.2255,0.283,61515.84,0.0
1783037111,btc,1785484800000,57000.0,call,43.26,0.09209649,0.0895,0.095,61515.84,3.8
1783037111,btc,1785484800000,94000.0,put,51.16,0.5277705,0.476,0.5835,61515.84,1.3
1783037111,btc,1790323200000,220000.0,put,72.81,2.55437409,2.433,2.682,61892.13,1.8
1783037111,btc,1798185600000,50000.0,call,47.97,0.24450724,0.242,0.2465,62520.46,261.1
1783037111,btc,1783670400000,56000.0,call,48.39,0.09123451,0.087,0.1255,61429.58,13.8
1783037111,btc,1783065600000,58500.0,put,57.83,1.32e-05,,0.0001,61396.18,291.4
1783037111,btc,1813910400000,84000.0,call,42.27,0.07277466,0.0715,0.074,63800.51,1.8
1783037111,btc,1785484800000,56000.0,put,44.54,0.015271,0.015,0.016,61515.84,2019.8
1783037111,btc,1785484800000,88000.0,call,45.58,0.00010865,,0.0002,61515.84,426.4
1783037111,btc,1790323200000,40000.0,put,60.31,0.0066839,0.0065,0.007,61889.34,2274.1
1783037111,btc,1790323200000,280000.0,put,81.51,3.52373055,3.369,3.686,61889.34,0.0
1783037111,btc,1783238400000,63000.0,call,26.6,0.00119329,0.0011,0.0014,61391.9,61.4
1783037111,btc,1783065600000,61500.0,call,27.03,0.00255287,0.0021,0.0027,61393.39,229.6
1783037111,btc,1784880000000,75000.0,call,39.5,0.00072213,0.0006,0.0009,61487.87,2.8
1783037111,btc,1783065600000,57500.0,put,64.8,1.78e-06,,0.0001,61393.39,293.3
1783037111,btc,1783324800000,58500.0,call,36.42,0.04867652,0.028,0.063,61394.69,0.0
1783037111,btc,1785484800000,63000.0,put,37.54,0.05521757,0.055,0.056,61515.84,591.9
1783037111,btc,1785484800000,110000.0,put,68.07,0.78780708,0.7775,0.7955,61515.84,46.3
1783037111,btc,1785484800000,96000.0,call,53.45,7.422e-05,,0.0001,61515.84,292.2
1783037111,btc,1785484800000,102000.0,call,60.02,7.573e-05,,0.0001,61515.84,444.6
1783037111,btc,1806048000000,82000.0,put,41.52,0.35207472,0.313,0.4225,63146.66,3.8
1783037111,btc,1798185600000,64000.0,call,42.35,0.10665638,0.1055,0.1075,62520.46,332.0
1783037111,btc,1806048000000,95000.0,put,41.58,0.53087621,0.4685,0.6085,63149.45,0.6
1783037111,btc,1785484800000,110000.0,call,68.07,7.695e-05,,0.0001,61518.63,194.2
1783037111,btc,1798185600000,95000.0,call,40.63,0.01043815,0.01,0.011,62520.46,1292.2
1783037111,btc,1785484800000,120000.0,put,77.21,0.95032937,0.8835,1.0215,61515.84,4.0
1783037111,btc,1790323200000,95000.0,call,41.41,0.00137263,0.0012,0.0016,61889.34,1826.8
1783037111,btc,1790323200000,35000.0,call,67.35,0.43832922,0.436,0.44,61889.34,24.1
1783037111,btc,1798185600000,240000.0,put,63.73,2.83860357,2.7065,2.979,62520.46,0.0
1783037111,btc,1787904000000,86000.0,put,39.32,0.3947976,0.347,0.448,61691.26,0.0
1783037111,btc,1783238400000,61000.0,call,26.92,0.01229839,0.0115,0.0125,61391.9,39.5
1783037111,btc,1798185600000,86000.0,put,40.57,0.39643421,0.3475,0.4395,62520.46,23.4
1783037111,btc,1783670400000,66000.0,call,35.06,0.00171638,0.0016,0.0019,61426.79,1138.8
1783037111,btc,1787904000000,79000.0,call,36.87,0.00294163,0.0027,0.0032,61688.47,58.6
1783037111,btc,1790323200000,200000.0,call,72.81,6.493e-05,,0.0002,61889.34,1000.2
1783037111,btc,1787904000000,78000.0,put,36.69,0.26764997,0.223,0.3185,61691.26,4.1
1783037111,btc,1806048000000,150000.0,put,46.37,1.3779259,1.295,1.4725,63149.45,0.5
1783037111,btc,1783670400000,60000.0,put,38.71,0.01192924,0.0115,0.0125,61426.79,586.4
1783037111,btc,1790323200000,45000.0,put,53.83,0.01152291,0.011,0.012,61889.34,1956.3
1783037111,btc,1783670400000,66000.0,put,35.06,0.07590846,0.07,0.08,61429.58,53.6
1783037111,btc,1806048000000,110000.0,call,42.03,0.01236708,0.0115,0.013,63146.66,520.0
1783037111,btc,1790323200000,145000.0,call,60.29,0.00020902,0.0001,0.0004,61892.13,495.0
1783037111,btc,1806048000000,125000.0,call,43.21,0.00645516,0.006,0.007,63146.66,114.0
1783037111,btc,1798185600000,150000.0,put,50.23,1.39997813,1.317,1.4905,62523.25,2.1
1783037111,btc,1813910400000,120000.0,put,42.42,0.89686262,0.8245,0.986,63803.3,0.0
1783037111,btc,1790323200000,160000.0,call,65.27,0.00017321,,0.0002,61889.34,1432.2
1783037111,btc,1783670400000,48000.0,put,70.11,0.00018502,0.0001,0.0003,61426.79,337.0
1783037111,btc,1813910400000,64000.0,put,44.32,0.17526424,0.1735,0.1775,63800.51,1.2
1783037111,btc,1813910400000,95000.0,call,42.02,0.04522489,0.044,0.0465,63803.3,4.6
1783037111,btc,1783670400000,50000.0,call,65.77,0.18662375,0.157,0.217,61429.58,0.0
1783037111,btc,1798185600000,98000.0,call,40.86,0.00843547,0.008,0.009,62523.25,207.8
1783037111,btc,1785484800000,93000.0,put,49.98,0.51151808,0.4605,0.566,61515.84,0.5
1783037111,btc,1783065600000,57500.0,call,64.8,0.06369018,0.03,0.0955,61396.18,2.1
1783037111,btc,1798185600000,108000.0,put,41.8,0.73156888,0.6695,0.8025,62523.25,0.0
1783037111,btc,1813910400000,74000.0,put,42.93,0.2721326,0.263,0.281,63800.51,0.0
1783037111,btc,1787904000000,94000.0,put,43.79,0.52411986,0.472,0.5805,61688.47,0.0
1783037111,btc,1783238400000,67000.0,call,46.64,0.00012731,,0.0002,61391.9,1.0
1783037111,btc,1790323200000,86000.0,call,38.34,0.00320912,0.003,0.0035,61889.34,628.9
1783037111,btc,1798185600000,115000.0,call,42.81,0.00292972,0.0027,0.0032,62520.46,2335.7
1783037111,btc,1785484800000,64000.0,put,36.81,0.06481336,0.062,0.0665,61515.84,766.4
1783037111,btc,1783238400000,59000.0,call,34.74,0.04014676,0.008,0.073,61391.9,2.1
1783037111,btc,1783238400000,57500.0,call,42.06,0.06397389,0.03,0.097,61391.9,0.0
1783037111,btc,1785484800000,93000.0,call,49.98,7.352e-05,,0.0001,61515.84,108.5
1783037111,btc,1806048000000,140000.0,put,44.73,1.22032766,1.1415,1.3105,63146.66,0.0
1783037111,btc,1783152000000,59500.0,put,36.8,0.00077568,0.0006,0.0008,61391.9,43.6
1783037111,btc,1798185600000,80000.0,put,40.57,0.31259916,0.307,0.3195,62520.46,927.1
1783037111,btc,1790323200000,56000.0,put,43.88,0.04118267,0.0405,0.042,61889.34,905.5
1783037111,btc,1787904000000,50000.0,put,49.75,0.01262969,0.012,0.013,61688.47,1124.1
1783037111,btc,1785484800000,59000.0,call,41.08,0.06823169,0.0665,0.07,61515.84,198.5
1783037111,btc,1806048000000,70000.0,put,42.66,0.21247882,0.2085,0.215,63149.45,83.7
1783037111,btc,1813910400000,86000.0,call,42.19,0.06670227,0.0655,0.068,63803.3,0.1
1783037111,btc,1783238400000,68000.0,call,47.64,4.557e-05,,0.0002,61391.9,1.3
1783037111,btc,1783065600000,72000.0,put,72.47,0.17242496,0.133,0.214,61396.18,0.3
1783037111,btc,1783152000000,65000.0,call,42.88,0.00013042,0.0001,0.0002,61391.9,14.8
1783037111,btc,1785484800000,86000.0,put,44.62,0.39783872,0.3505,0.4485,61515.84,15.2
1783037111,btc,1806048000000,64000.0,call,43.67,0.14240603,0.141,0.1435,63146.66,36.0
1783037111,btc,1798185600000,82000.0,put,40.57,0.3399657,0.334,0.3445,62523.25,157.7
1783037111,btc,1787904000000,78000.0,call,36.69,0.00352471,0.0034,0.0038,61688.47,226.9
1783037111,btc,1784275200000,68000.0,put,35.3,0.10868685,0.103,0.147,61457.72,3.1
1783037111,btc,1798185600000,90000.0,put,40.57,0.45477622,0.448,0.46,62523.25,590.5
1783037111,btc,1785484800000,95000.0,call,52.31,7.392e-05,,0.0001,61515.84,124.8
1783037111,btc,1787904000000,92000.0,call,42.82,0.00060121,0.0005,0.0008,61691.26,45.3
1783037111,btc,1806048000000,50000.0,call,47.83,0.27184476,0.2685,0.2765,63146.66,20.5
1783037111,btc,1785484800000,78000.0,put,38.59,0.26824422,0.261,0.275,61515.84,433.6
1783037111,btc,1783670400000,50000.0,put,65.77,0.00039943,0.0003,0.0005,61426.79,516.3
1783037111,btc,1787904000000,79000.0,put,36.87,0.28327242,0.2385,0.3335,61691.26,0.0
1783037111,btc,1783152000000,56000.0,put,60.87,6.878e-05,,0.0002,61391.9,80.5
1783037111,btc,1813910400000,140000.0,put,43.33,1.20204325,1.1225,1.297,63800.51,0.0
1783037111,btc,1783324800000,63000.0,call,26.56,0.00213647,0.0019,0.0024,61394.69,28.6
1783037111,btc,1783152000000,58000.0,put,45.95,0.00019802,0.0001,0.0002,61391.9,68.8
1783037111,btc,1798185600000,180000.0,put,55.7,1.87934675,1.7805,1.986,62523.25,0.0
1783037111,btc,1787904000000,88000.0,put,40.37,0.42701216,0.378,0.481,61691.26,0.0
1783037111,btc,1785484800000,98000.0,put,55.7,0.59277979,0.539,0.651,61515.84,0.1
1783037111,btc,1784275200000,55000.0,put,48.31,0.00550139,0.005,0.006,61454.93,273.9
1783037111,btc,1787904000000,96000.0,put,44.32,0.55622227,0.5025,0.6135,61691.26,0.0
1783037111,btc,1783670400000,61000.0,put,36.87,0.01742815,0.017,0.018,61426.79,215.3
1783037111,btc,1787904000000,86000.0,call,39.32,0.00102646,0.0009,0.0012,61691.26,122.8
1783037111,btc,1813910400000,76000.0,call,42.74,0.10311573,0.102,0.1045,63800.51,12.2
1783037111,btc,1798185600000,35000.0,put,60.92,0.01206833,0.0115,0.0125,62520.46,2227.9
1783037111,btc,1785484800000,75000.0,put,36.89,0.22007696,0.213,0.2265,61515.84,226.3
1783037111,btc,1790323200000,150000.0,put,61.49,1.4235983,1.3405,1.512,61889.34,0.7
1783037111,btc,1784880000000,61000.0,call,39.01,0.04161301,0.041,0.042,61487.87,0.6
1783037111,btc,1784275200000,56000.0,put,46.49,0.00717998,0.007,0.0075,61454.93,1437.6
1783037111,btc,1787904000000,57000.0,call,42.95,0.10976947,0.1075,0.112,61691.26,26.0
1783037111,btc,1783238400000,57500.0,put,42.06,0.00030889,0.0002,0.0004,61391.9,6.4
1783037111,btc,1806048000000,50000.0,put,47.83,0.0634621,0.0625,0.0645,63146.66,2034.1
1783037111,btc,1783065600000,52000.0,put,88.7,0.0,,0.0001,61396.18,1172.8
1783037111,btc,1806048000000,190000.0,call,51.91,0.00158869,0.0015,0.0019,63146.66,883.2
1783037111,btc,1784880000000,57000.0,call,43.52,0.08703353,0.084,0.117,61487.87,0.0
1783037111,btc,1785484800000,76000.0,put,37.24,0.23604668,0.229,0.2425,61518.63,456.7
1783037111,btc,1798185600000,110000.0,call,42.03,0.00382181,0.0036,0.0041,62520.46,2651.8
1783037111,btc,1787904000000,48000.0,put,52.16,0.00959458,0.009,0.01,61688.47,778.0
1783037111,btc,1785484800000,104000.0,call,62.11,7.615e-05,,0.0001,61515.84,511.1
1783037111,btc,1790323200000,88000.0,put,38.87,0.4243038,0.3745,0.4805,61892.13,4.8
1783037111,btc,1783065600000,59500.0,put,49.05,8.302e-05,,0.0002,61396.18,307.6
1783037111,btc,1783324800000,58000.0,put,38.84,0.00095348,0.0008,0.0011,61394.69,12.0
1783037111,btc,1784275200000,50000.0,call,58.03,0.18808227,0.158,0.2195,61457.72,0.0
1783037111,btc,1806048000000,76000.0,put,41.96,0.27844879,0.274,0.282,63146.66,19.6
1783037111,btc,1790323200000,76000.0,call,37.17,0.01228911,0.012,0.0125,61892.13,982.1
1783037111,btc,1783152000000,56500.0,put,58.8,0.0001092,,0.0002,61391.9,75.3
1783037111,btc,1790323200000,110000.0,call,47.67,0.00059139,0.0005,0.0007,61889.34,1447.9
1783037111,btc,1798185600000,82000.0,call,40.57,0.02853706,0.0275,0.029,62523.25,267.6
1783037111,btc,1784880000000,64000.0,call,36.65,0.01928296,0.019,0.0195,61487.87,44.6
1783037111,btc,1783065600000,64000.0,call,44.59,3.93e-06,,0.0001,61393.39,1962.0
1783037111,btc,1783238400000,62500.0,put,25.66,0.01999478,0.0002,0.0555,61391.9,0.0
1783037111,btc,1784275200000,70000.0,put,36.43,0.13987288,0.101,0.183,61457.72,0.0
1783037111,btc,1790323200000,55000.0,put,44.58,0.03676005,0.036,0.0375,61889.34,3302.2
1783037111,btc,1798185600000,130000.0,put,45.26,1.08058041,1.008,1.1605,62520.46,52.1
1783037111,btc,1783065600000,60500.0,call,34.14,0.01516681,0.0125,0.019,61393.39,672.5
1783037111,btc,1798185600000,106000.0,call,41.73,0.00500488,0.0046,0.0055,62523.25,236.8
1783037111,btc,1784880000000,65000.0,put,36.21,0.0713721,0.068,0.0735,61487.87,0.0
1783037111,btc,1798185600000,30000.0,call,67.24,0.52799275,0.526,0.529,62520.46,281.6
1783037111,btc,1783670400000,67000.0,put,36.41,0.09149583,0.054,0.1325,61429.58,13.6
1783037111,btc,1798185600000,180000.0,call,55.7,0.00060096,0.0004,0.0009,62520.46,922.5
1783037111,btc,1785484800000,68000.0,put,35.33,0.11350247,0.108,0.118,61515.84,426.4
1783037111,btc,1783324800000,53000.0,call,64.0,0.13724353,0.106,0.168,61394.69,0.0
1783037111,btc,1790323200000,74000.0,put,37.17,0.21179594,0.2075,0.2175,61892.13,110.7
1783037111,btc,1798185600000,106000.0,put,41.73,0.70026629,0.639,0.7715,62523.25,0.1
1783037111,btc,1787904000000,84000.0,put,38.56,0.36271597,0.316,0.4145,61691.26,0.3
1783037111,btc,1806048000000,88000.0,put,41.53,0.43229466,0.3715,0.509,63149.45,4.4
1783037111,btc,1785484800000,89000.0,call,46.11,9.167e-05,,0.0002,61518.63,260.2
1783037111,btc,1785484800000,57000.0,put,43.26,0.01846573,0.018,0.019,61518.63,319.6
1783037111,btc,1798185600000,62000.0,put,42.91,0.11353376,0.112,0.1145,62520.46,673.4
1783037111,btc,1790323200000,45000.0,call,53.83,0.2844905,0.2815,0.2875,61889.34,153.4
1783037111,btc,1785484800000,52000.0,call,49.58,0.16174058,0.158,0.181,61515.84,0.5
1783037111,btc,1783670400000,61000.0,call,36.87,0.02448828,0.024,0.025,61426.79,830.8
1783037111,btc,1806048000000,200000.0,call,52.71,0.00130404,0.0013,0.0014,63146.66,490.1
1783037111,btc,1785484800000,96000.0,put,53.45,0.56027506,0.5075,0.6165,61515.84,0.1
1783037111,btc,1783238400000,58500.0,call,37.04,0.04799068,0.0145,0.081,61391.9,0.4
1783037111,btc,1783065600000,70000.0,put,72.47,0.1398576,0.1015,0.181,61393.39,18.2
1783037111,btc,1798185600000,140000.0,put,47.9,1.24025331,1.163,1.326,62520.46,0.2
1783037111,btc,1790323200000,125000.0,put,54.2,1.01991026,0.9505,1.0945,61889.34,22.7
1783037111,btc,1787904000000,92000.0,put,42.82,0.4916122,0.4405,0.548,61691.26,1.0
1783037111,btc,1783324800000,62500.0,put,26.3,0.02123572,0.0185,0.029,61394.69,0.0
1783037111,btc,1783152000000,57500.0,put,50.31,0.00016036,0.0001,0.0002,61391.9,47.0
1783037111,btc,1806048000000,102000.0,put,41.79,0.63353428,0.57,0.712,63146.66,0.0
1783037111,btc,1787904000000,75000.0,put,36.55,0.22183662,0.216,0.2275,61691.26,27.8
1783037111,btc,1806048000000,96000.0,call,41.61,0.02545402,0.0245,0.026,63146.66,124.0
1783037111,btc,1790323200000,98000.0,put,42.45,0.58437823,0.53,0.645,61889.34,0.1
1783037111,btc,1790323200000,40000.0,call,60.31,0.36043827,0.358,0.3625,61889.34,32.4
1783037111,btc,1787904000000,77000.0,call,36.56,0.00425542,0.004,0.0045,61688.47,88.8
1783037111,btc,1813910400000,100000.0,put,42.04,0.60369106,0.5365,0.69,63803.3,0.0
1783037111,btc,1790323200000,155000.0,call,62.07,0.00013589,0.0001,0.0002,61892.13,362.8
1783037111,btc,1783152000000,60000.0,call,33.83,0.02415631,0.022,0.028,61391.9,154.6
1783037111,btc,1785484800000,45000.0,put,58.91,0.00152189,0.0014,0.0016,61518.63,711.3
1783037111,btc,1787904000000,82000.0,put,37.63,0.33071018,0.284,0.382,61691.26,0.0
1783037111,btc,1783324800000,62000.0,put,26.49,0.0155509,0.014,0.0175,61394.69,2.0
1783037111,btc,1783152000000,63000.0,call,30.64,0.00070063,0.0006,0.0009,61391.9,68.6
1783037111,btc,1790323200000,68000.0,put,38.09,0.13568671,0.1325,0.1385,61889.34,651.6
1783037111,btc,1798185600000,70000.0,put,41.2,0.1892882,0.186,0.1925,62520.46,1046.6
1783037111,btc,1783238400000,60000.0,call,30.13,0.02507367,0.022,0.0285,61391.9,25.9
1783037111,btc,1784880000000,70000.0,put,36.25,0.14119036,0.1145,0.1555,61487.87,0.0
1783037111,btc,1798185600000,125000.0,call,44.68,0.00190517,0.0019,0.0021,62520.46,596.5
1783037111,btc,1806048000000,95000.0,call,41.58,0.02680326,0.026,0.0275,63149.45,160.1
1783037111,btc,1813910400000,40000.0,put,52.77,0.04106761,0.04,0.0425,63803.3,434.1
1783037111,btc,1798185600000,70000.0,call,41.2,0.06977595,0.069,0.0705,62520.46,1028.9
1783037111,btc,1785484800000,79000.0,call,39.35,0.00048197,0.0004,0.0006,61515.84,431.9
1783037111,btc,1798185600000,30000.0,put,67.24,0.00778371,0.0075,0.008,62523.25,1908.3
1783037111,btc,1790323200000,140000.0,call,58.42,0.00022189,0.0002,0.0004,61889.34,1182.0
1783037111,btc,1813910400000,95000.0,put,42.02,0.53390287,0.468,0.6195,63803.3,20.0
1783037111,btc,1798185600000,100000.0,call,40.91,0.00724154,0.007,0.0075,62523.25,3686.1
1783037111,btc,1783065600000,61000.0,call,27.43,0.00762298,0.0065,0.008,61393.39,456.4
1783037111,btc,1813910400000,82000.0,put,42.34,0.36432925,0.3535,0.375,63803.3,0.1
1783037111,btc,1790323200000,180000.0,put,72.36,1.90828026,1.809,2.0145,61889.34,7.3
1783037111,btc,1785484800000,74000.0,put,36.16,0.20410987,0.1975,0.2105,61518.63,130.7
1783037111,btc,1785484800000,85000.0,put,43.61,0.38160018,0.3345,0.4325,61515.84,22.2
1783037111,btc,1783324800000,60000.0,put,30.9,0.00354989,0.0033,0.0038,61394.69,19.3
1783037111,btc,1783670400000,67000.0,call,36.41,0.00103212,0.0009,0.0012,61426.79,1537.1
1783037111,btc,1806048000000,62000.0,put,44.01,0.13870488,0.1375,0.1405,63146.66,247.3
1783037111,btc,1790323200000,102000.0,put,44.13,0.6487709,0.5915,0.7115,61889.34,0.4
1783037111,btc,1783065600000,58500.0,call,57.83,0.04741792,0.0435,0.052,61396.18,56.1
1783037111,btc,1787904000000,59000.0,call,41.5,0.08783197,0.086,0.0895,61691.26,400.1
1783037111,btc,1783324800000,69000.0,call,46.88,6.969e-05,,0.0002,61394.69,0.0
1783037111,btc,1783238400000,61500.0,call,25.76,0.00750329,0.007,0.008,61391.9,20.4
1783037111,btc,1783324800000,66000.0,call,34.8,0.00018661,0.0001,0.0003,61394.69,6.2
1783037111,btc,1798185600000,105000.0,call,41.49,0.00524101,0.005,0.0055,62520.46,840.9
1783037111,btc,1783324800000,64000.0,put,28.46,0.04278793,0.01,0.081,61394.69,0.0
1783037111,btc,1784880000000,66000.0,call,35.95,0.01055832,0.01,0.011,61487.87,483.6
1783037111,btc,1798185600000,52000.0,call,46.88,0.22066763,0.2185,0.223,62520.46,0.0
1783037111,btc,1798185600000,58000.0,put,44.21,0.08463985,0.0835,0.086,62520.46,1190.2
1783037111,btc,1783238400000,60500.0,put,28.27,0.00343759,0.0032,0.0037,61391.9,20.4
1783037111,btc,1785484800000,79000.0,put,39.35,0.28439725,0.277,0.291,61515.84,173.5
1783037111,btc,1790323200000,145000.0,put,60.29,1.34284943,1.2625,1.4285,61892.13,0.2
1783037111,btc,1784275200000,64000.0,put,35.53,0.05381727,0.0505,0.0655,61457.72,0.2
1783037111,btc,1784880000000,70000.0,call,36.25,0.00287579,0.0029,0.0031,61487.87,40.9
1783037111,btc,1784880000000,55000.0,call,46.39,0.114517,0.111,0.1195,61487.87,0.0
1783037111,btc,1783670400000,52000.0,put,59.26,0.00067883,0.0006,0.0007,61429.58,327.0
1783037111,btc,1783670400000,59000.0,call,40.7,0.04767974,0.045,0.0515,61426.79,305.8
1783037111,btc,1783152000000,63000.0,put,30.64,0.02670522,0.022,0.0315,61391.9,0.0
1783037111,btc,1783065600000,70000.0,call,72.47,0.0,,0.0001,61393.39,1374.2
1783037111,btc,1783065600000,55000.0,call,85.59,0.10439765,0.0725,0.135,61396.18,0.1
1783037111,btc,1783670400000,63000.0,call,34.59,0.00960997,0.009,0.01,61426.79,1193.4
1783037111,btc,1787904000000,105000.0,put,50.34,0.70198021,0.6435,0.765,61691.26,0.0
1783037111,btc,1783670400000,56000.0,put,48.39,0.00267302,0.0025,0.0028,61426.79,2336.9
1783037111,btc,1798185600000,94000.0,put,40.58,0.51459133,0.474,0.5825,62520.46,5.2
1783037111,btc,1785484800000,66000.0,put,35.69,0.08721425,0.0835,0.091,61515.84,469.9
1783037111,btc,1798185600000,220000.0,call,61.62,0.00036333,0.0003,0.0006,62523.25,254.5
1783037111,btc,1806048000000,80000.0,call,41.69,0.06035177,0.0595,0.061,63146.66,891.9
1783037111,btc,1790323200000,175000.0,put,70.68,1.82749919,1.731,1.931,61889.34,0.2
1783037111,btc,1784275200000,70000.0,call,36.43,0.00109312,0.001,0.0012,61454.93,1197.2
1783037111,btc,1813910400000,66000.0,call,43.99,0.15860871,0.157,0.1605,63800.51,0.6
1783037111,btc,1798185600000,56000.0,put,45.02,0.07249252,0.0715,0.0735,62520.46,122.5
1783037111,btc,1787904000000,75000.0,call,36.55,0.00633853,0.0055,0.0065,61691.26,1263.6
1783037111,btc,1783238400000,58500.0,put,37.04,0.00060976,0.0005,0.0007,61391.9,50.5
1783037111,btc,1790323200000,75000.0,put,37.17,0.22592371,0.221,0.2315,61889.34,2960.8
1783037111,btc,1813910400000,66000.0,put,43.99,0.19284815,0.191,0.195,63800.51,1.2
1783037111,btc,1798185600000,94000.0,call,40.58,0.01124631,0.0105,0.012,62520.46,110.6
1783037111,btc,1784275200000,65000.0,call,35.17,0.00856272,0.008,0.009,61454.93,512.3
1783037111,btc,1798185600000,140000.0,call,47.9,0.0012288,0.001,0.0015,62523.25,1436.6
1783037111,btc,1783238400000,65000.0,call,35.9,0.00026335,0.0002,0.0004,61391.9,33.6
1783037111,btc,1783670400000,62000.0,put,35.53,0.02511992,0.025,0.026,61426.79,280.3
1783037111,btc,1787904000000,72000.0,call,36.47,0.01106904,0.0105,0.011,61688.47,969.8
1783037111,btc,1790323200000,90000.0,call,39.64,0.00213318,0.002,0.0023,61889.34,3048.2
1783037111,btc,1790323200000,56000.0,call,43.88,0.13641876,0.1345,0.138,61889.34,12.2
1783037111,btc,1798185600000,76000.0,put,40.67,0.26020601,0.2565,0.2635,62520.46,123.7
1783037111,btc,1798185600000,250000.0,call,64.6,0.00023814,0.0001,0.0005,62520.46,1252.5
1783037111,btc,1813910400000,85000.0,call,42.22,0.06966514,0.0685,0.071,63800.51,5.3
1783037111,btc,1813910400000,45000.0,put,50.09,0.05796835,0.0565,0.059,63803.3,54.2
1783037111,btc,1790323200000,62000.0,call,40.39,0.07653062,0.0755,0.0775,61889.34,556.4
1783037111,btc,1785484800000,58000.0,put,42.19,0.02245606,0.022,0.023,61515.84,1222.5
1783037111,btc,1806048000000,70000.0,call,42.66,0.10421411,0.103,0.105,63146.66,747.8
1783037111,btc,1783238400000,59500.0,call,32.19,0.03243671,0.029,0.037,61391.9,9.6
1783037111,btc,1784880000000,63000.0,put,37.28,0.04992744,0.049,0.0505,61487.87,1.3
1783037111,btc,1813910400000,160000.0,put,45.03,1.51219665,1.423,1.6155,63800.51,0.0
1783037111,btc,1785484800000,67000.0,call,35.29,0.01094815,0.0105,0.0115,61518.63,1818.4
1783037111,btc,1790323200000,70000.0,call,37.5,0.02812218,0.028,0.0285,61889.34,1736.5
1783037111,btc,1784880000000,55000.0,put,46.39,0.00890727,0.0085,0.0095,61487.87,0.2
1783037111,btc,1784880000000,63000.0,call,37.28,0.02544424,0.025,0.026,61487.87,8.1
1783037111,btc,1784275200000,59000.0,call,41.31,0.05600941,0.054,0.0585,61457.72,111.8
1783037111,btc,1783152000000,52000.0,put,77.04,1.87e-06,,0.0001,61391.9,97.5
1783037111,btc,1787904000000,88000.0,call,40.37,0.00082774,0.0007,0.001,61691.26,167.8
1783037111,btc,1785484800000,82000.0,put,41.5,0.33295224,0.325,0.34,61515.84,94.8
1783037111,btc,1783152000000,56500.0,call,58.8,0.07996681,0.047,0.1125,61391.9,0.0
1783037111,btc,1790323200000,260000.0,put,78.83,3.20061028,3.057,3.3515,61889.34,0.0
1783037111,btc,1787904000000,55000.0,put,44.64,0.02542087,0.025,0.026,61691.26,405.6
1783037111,btc,1787904000000,77000.0,put,36.56,0.25217534,0.246,0.301,61691.26,3.2
1783037111,btc,1806048000000,85000.0,call,41.54,0.04590141,0.045,0.0465,63146.66,21.9
1783037111,btc,1785484800000,48000.0,put,54.91,0.00296502,0.0028,0.0031,61518.63,630.1
1783037111,btc,1783065600000,55000.0,put,85.59,5e-08,,0.0001,61396.18,1720.5
1783037111,btc,1785484800000,55000.0,call,45.73,0.11865005,0.115,0.153,61515.84,13.6
1783037111,btc,1783065600000,67000.0,put,62.4,0.09100656,0.067,0.1305,61396.18,22.4
1783037111,btc,1785484800000,80000.0,put,39.85,0.30055044,0.2935,0.306,61515.84,390.3
1783037111,btc,1806048000000,45000.0,put,50.31,0.04385687,0.043,0.045,63146.66,86.0
1783037111,btc,1798185600000,110000.0,put,42.03,0.76305534,0.747,0.7735,62523.25,54.1
1783037111,btc,1783238400000,63000.0,put,26.6,0.0270979,0.0011,0.0635,61391.9,0.0
1783037111,btc,1785484800000,71000.0,put,35.38,0.15735353,0.1515,0.163,61515.84,109.8
1783037111,btc,1787904000000,67000.0,put,37.27,0.11314525,0.1095,0.115,61691.26,91.0
1783037111,btc,1806048000000,52000.0,put,46.99,0.07305727,0.072,0.0745,63146.66,43.2
1783037111,btc,1785484800000,115000.0,put,72.75,0.86906828,0.805,0.937,61515.84,3.4
1783037111,btc,1783324800000,61500.0,call,27.15,0.00971561,0.009,0.01,61394.69,176.7
1783037111,btc,1798185600000,65000.0,put,42.1,0.13908866,0.1375,0.1405,62523.25,537.6
1783037111,btc,1785484800000,83000.0,call,42.22,0.00023796,0.0002,0.0003,61515.84,1233.2
1783037111,btc,1784880000000,58000.0,call,42.27,0.07431317,0.065,0.0775,61487.87,0.0
1783037111,btc,1785484800000,69000.0,call,35.35,0.0063002,0.006,0.0065,61515.84,868.5
1783037111,btc,1813910400000,130000.0,call,42.82,0.01142746,0.0105,0.0125,63803.3,51.4
1783037111,btc,1787904000000,63000.0,put,39.1,0.07293889,0.072,0.074,61691.26,116.9
1783037111,btc,1783238400000,59500.0,put,32.19,0.0013467,0.0012,0.0014,61391.9,39.6
1783037111,btc,1783324800000,60500.0,put,29.42,0.00524052,0.005,0.0055,61394.69,34.7
1783037111,btc,1787904000000,110000.0,put,52.26,0.78292719,0.722,0.8485,61691.26,0.0
1783037111,btc,1798185600000,40000.0,call,56.08,0.37936703,0.3765,0.381,62520.46,250.8
1783037111,btc,1813910400000,60000.0,put,45.17,0.14326607,0.1415,0.145,63800.51,312.4
1783037111,btc,1784275200000,68000.0,call,35.3,0.00244843,0.0023,0.0025,61457.72,1682.6
1783037111,btc,1798185600000,125000.0,put,44.68,1.00103419,0.931,1.079,62520.46,8.4
1783037111,btc,1798185600000,135000.0,put,46.77,1.16044444,1.0855,1.243,62520.46,0.6
1783037111,btc,1783152000000,52000.0,call,77.04,0.15314514,0.123,0.182,61391.9,0.0
1783037111,btc,1806048000000,105000.0,call,41.83,0.01588771,0.015,0.0165,63146.66,158.1
1783037111,btc,1806048000000,100000.0,put,41.71,0.60386836,0.541,0.682,63149.45,12.1
1783037111,btc,1787904000000,58000.0,put,42.23,0.03851072,0.038,0.039,61691.26,626.1
1783037111,btc,1783670400000,70000.0,put,43.03,0.13981486,0.101,0.1815,61426.79,0.8
1783037111,btc,1785484800000,65000.0,call,36.21,0.01913203,0.0185,0.0195,61515.84,1711.6
1783037111,btc,1787904000000,81000.0,put,37.37,0.3148299,0.2695,0.366,61691.26,0.1
1783037111,btc,1785484800000,100000.0,put,57.89,0.62528447,0.616,0.632,61518.63,99.5
1783037111,btc,1785484800000,106000.0,put,64.13,0.72279801,0.664,0.785,61518.63,0.0
1783037111,btc,1806048000000,110000.0,put,42.03,0.75392523,0.6875,0.834,63146.66,1.8
1783037111,btc,1813910400000,130000.0,put,42.82,1.04856575,0.9725,1.14,63803.3,0.0
1783037111,btc,1785484800000,54000.0,put,47.0,0.01026274,0.01,0.0105,61515.84,751.5
1783037111,btc,1806048000000,52000.0,call,46.99,0.24977535,0.2465,0.254,63146.66,5.0
1783037111,btc,1790323200000,90000.0,put,39.64,0.4561876,0.4455,0.4615,61889.34,589.5
1783037111,btc,1783324800000,59000.0,put,34.55,0.00174765,0.0016,0.0018,61394.69,14.9
1783037111,btc,1813910400000,50000.0,put,48.05,0.08040265,0.079,0.0815,63800.51,11.7
1783037111,btc,1790323200000,320000.0,put,85.42,4.16997153,3.9925,4.3545,61889.34,0.1
1783037111,btc,1783324800000,65000.0,put,31.63,0.05864666,0.023,0.097,61394.69,0.3
1783037111,btc,1806048000000,68000.0,call,42.97,0.11589286,0.1145,0.117,63146.66,37.8
1783037111,btc,1785484800000,81000.0,put,40.75,0.31675107,0.309,0.322,61515.84,114.0
1783037111,btc,1787904000000,46000.0,put,54.54,0.00721444,0.007,0.0075,61688.47,363.0
1783037111,btc,1783152000000,61000.0,put,28.9,0.00416262,0.0039,0.0044,61391.9,35.1
1783037111,btc,1798185600000,52000.0,put,46.88,0.05230531,0.0515,0.053,62520.46,5.4
1783037111,btc,1813910400000,80000.0,call,42.45,0.08661899,0.0855,0.088,63800.51,3.0
1783037111,btc,1784275200000,60000.0,call,39.7,0.04433198,0.0435,0.045,61454.93,217.9
1783037111,btc,1783670400000,63000.0,put,34.59,0.03510524,0.032,0.037,61426.79,117.9
1783037111,btc,1785484800000,88000.0,put,45.58,0.43029275,0.382,0.482,61515.84,2.1
1783037111,btc,1783670400000,73000.0,call,50.82,0.00021667,0.0002,0.0003,61426.79,89.9
1783037111,btc,1806048000000,140000.0,call,44.73,0.0037991,0.0033,0.0043,63146.66,756.2
1783037111,btc,1785484800000,50000.0,call,52.16,0.19190165,0.188,0.2085,61515.84,3.3
1783037111,btc,1790323200000,94000.0,call,41.01,0.00147997,0.0013,0.0017,61889.34,156.3
1783037111,btc,1798185600000,62000.0,call,42.91,0.12196577,0.121,0.123,62520.46,162.9
1783037111,btc,1813910400000,82000.0,call,42.34,0.0793651,0.078,0.0805,63800.51,22.3
1783037111,btc,1813910400000,110000.0,call,42.15,0.02425723,0.023,0.0255,63803.3,45.8
1783037111,btc,1790323200000,30000.0,call,75.3,0.51739328,0.5155,0.5185,61889.34,99.2
1783037111,btc,1785484800000,108000.0,put,66.12,0.75530256,0.6955,0.8195,61515.84,0.0
1783037111,btc,1813910400000,85000.0,put,42.22,0.40164017,0.338,0.4845,63800.51,0.0
1783037111,btc,1785484800000,73000.0,call,35.83,0.00192761,0.0018,0.0021,61515.84,1703.6
1783037111,btc,1806048000000,108000.0,call,41.96,0.01367669,0.013,0.0145,63149.45,51.8
1783037111,btc,1785484800000,74000.0,call,36.16,0.00145505,0.0013,0.0016,61518.63,489.7
1783037111,btc,1798185600000,96000.0,call,40.63,0.00963983,0.009,0.01,62520.46,268.1
1783037111,btc,1783324800000,64000.0,call,28.46,0.00078899,0.0007,0.001,61394.69,31.5
1783037111,btc,1790323200000,170000.0,call,68.94,0.00017416,,0.0002,61892.13,352.1
1783037111,btc,1783065600000,66000.0,put,60.35,0.0747708,0.069,0.08,61393.39,73.4
1783037111,btc,1798185600000,60000.0,call,43.49,0.13868118,0.1375,0.1405,62520.46,717.3
1783037111,btc,1790323200000,190000.0,put,72.81,2.06977686,1.9645,2.181,61892.13,0.0
1783037111,btc,1787904000000,83000.0,call,38.18,0.0015642,0.0014,0.0018,61688.47,175.2
1783037111,btc,1798185600000,68000.0,call,41.54,0.0807166,0.0805,0.0815,62520.46,416.7
1783037111,btc,1785484800000,98000.0,call,55.7,7.477e-05,,0.0001,61515.84,1174.2
1783037111,btc,1783324800000,67000.0,call,40.06,0.00015863,0.0001,0.0002,61394.69,0.0
1783037111,btc,1787904000000,73000.0,call,36.55,0.00926905,0.0085,0.0095,61691.26,309.9
1783037111,btc,1783324800000,68000.0,call,43.92,0.00011096,,0.0002,61394.69,0.0
1783037111,btc,1813910400000,40000.0,call,52.77,0.41425583,0.4105,0.4175,63800.51,0.1
1783037111,btc,1787904000000,74000.0,call,36.55,0.00768771,0.007,0.008,61691.26,372.7
1783037111,btc,1784880000000,64000.0,put,36.65,0.06002764,0.0575,0.062,61487.87,0.0
1783037111,btc,1784275200000,63000.0,call,36.4,0.01830279,0.018,0.0185,61454.93,921.8
1783037111,btc,1784880000000,56000.0,call,44.95,0.10050892,0.097,0.1045,61487.87,0.0
1783037111,btc,1783324800000,58000.0,call,38.84,0.05664194,0.0235,0.0655,61394.69,0.0
1783037111,btc,1783152000000,67000.0,put,53.1,0.09117537,0.0545,0.131,61391.9,0.0
1783037111,btc,1790323200000,94000.0,put,41.01,0.52015844,0.467,0.5785,61892.13,1.3
1783037111,btc,1806048000000,100000.0,call,41.71,0.02063368,0.02,0.0215,63146.66,511.8
1783037111,btc,1783324800000,60500.0,call,29.42,0.02018709,0.0185,0.023,61394.69,2.3
1783037111,btc,1806048000000,68000.0,put,42.97,0.19249273,0.1885,0.1985,63146.66,66.1
1783037111,btc,1783238400000,66000.0,call,41.04,0.00016686,0.0001,0.0003,61391.9,2.0
1783037111,btc,1806048000000,55000.0,put,45.94,0.08972668,0.089,0.091,63146.66,1345.4
1783037111,btc,1784275200000,50000.0,put,58.03,0.00149734,0.0014,0.0017,61454.93,431.7
1783037111,btc,1785484800000,84000.0,call,42.32,0.00017686,0.0001,0.0003,61515.84,661.0
1783037111,btc,1784275200000,61000.0,call,38.37,0.03411032,0.0335,0.0345,61454.93,166.6
1783037111,btc,1813910400000,150000.0,call,44.05,0.00618242,0.0055,0.0065,63800.51,78.0
1783037111,btc,1784880000000,50000.0,put,54.18,0.00287242,0.0027,0.003,61487.87,7.4
1783037111,btc,1783670400000,57000.0,call,45.62,0.07596881,0.072,0.099,61426.79,13.5
1783037111,btc,1783065600000,62000.0,call,29.22,0.0006158,0.0005,0.0008,61393.39,1070.9
1783037111,btc,1790323200000,58000.0,call,42.55,0.11429783,0.113,0.1155,61889.34,486.8
1783037111,btc,1783670400000,58000.0,call,43.2,0.06144495,0.0585,0.065,61426.79,66.1
1783037111,btc,1783065600000,57000.0,call,71.9,0.07183173,0.039,0.104,61396.18,6.2
1783037111,btc,1783670400000,64000.0,put,34.11,0.04722924,0.043,0.0505,61426.79,104.7
1783037111,btc,1787904000000,59000.0,put,41.5,0.0440238,0.0435,0.0445,61691.26,444.8
1783037111,btc,1783238400000,62000.0,call,25.51,0.00424642,0.0039,0.0044,61391.9,62.4
1783037111,btc,1813910400000,52000.0,put,47.36,0.09096896,0.0895,0.0925,63800.51,2.4
1783037111,btc,1790323200000,78000.0,put,37.17,0.26939732,0.264,0.275,61889.34,635.7
1783037111,btc,1806048000000,106000.0,put,41.91,0.69340262,0.628,0.773,63146.66,0.0
1783037111,btc,1783238400000,60500.0,call,28.27,0.01823439,0.0155,0.022,61391.9,59.4
1783037111,btc,1787904000000,67000.0,call,37.27,0.02726383,0.0265,0.0275,61688.47,396.0
1783037111,btc,1806048000000,125000.0,put,43.21,0.98549845,0.9135,1.07,63146.66,0.0
1783037111,btc,1787904000000,105000.0,call,50.34,0.00028289,0.0002,0.0005,61691.26,161.3
1783037111,btc,1790323200000,300000.0,put,84.97,3.8468536,3.6805,4.02,61889.34,0.0
1783037111,btc,1806048000000,115000.0,call,42.28,0.00971527,0.009,0.0105,63146.66,567.2
1783037111,btc,1783152000000,62500.0,put,28.38,0.01920809,0.0034,0.0435,61391.9,0.0
1783037111,btc,1787904000000,48000.0,call,52.16,0.23166282,0.228,0.235,61691.26,37.5
1783037111,btc,1806048000000,86000.0,call,41.52,0.04346837,0.0425,0.044,63146.66,111.0
1783037111,btc,1784880000000,56000.0,put,44.95,0.01116032,0.011,0.0115,61487.87,18.3
1783037111,btc,1783065600000,68000.0,put,69.76,0.10729024,0.07,0.1465,61396.18,16.6
1783037111,btc,1783238400000,66000.0,put,41.04,0.0749166,0.0385,0.1145,61391.9,0.0
1783037111,btc,1787904000000,46000.0,call,54.54,0.2616989,0.2325,0.2855,61691.26,1.0
1783037111,btc,1783324800000,67000.0,put,40.06,0.09100127,0.0545,0.1315,61394.69,0.0
1783037111,btc,1783152000000,62500.0,call,28.38,0.00134212,0.0012,0.0015,61391.9,2.5
1783037111,btc,1798185600000,210000.0,put,61.02,2.35900138,2.2435,2.483,62523.25,0.0
1783037111,btc,1790323200000,35000.0,put,67.35,0.00379612,0.0037,0.0038,61889.34,846.4
1783037111,btc,1783670400000,48000.0,call,70.11,0.21885529,0.191,0.2475,61426.79,0.0
1783037111,btc,1813910400000,80000.0,put,42.45,0.34024255,0.328,0.3505,63800.51,0.0
1783037111,btc,1798185600000,55000.0,put,45.45,0.06693739,0.066,0.068,62520.46,933.8
1783037111,btc,1790323200000,98000.0,call,42.45,0.00107644,0.0009,0.0012,61892.13,247.8
1783037111,btc,1790323200000,64000.0,put,39.5,0.09513221,0.0935,0.0955,61889.34,482.8
1783037111,btc,1790323200000,135000.0,put,57.45,1.18136277,1.107,1.2615,61892.13,11.5
1783037111,btc,1813910400000,30000.0,put,60.21,0.01934013,0.0185,0.02,63803.3,25.4
1783037111,btc,1787904000000,56000.0,put,43.88,0.02940211,0.029,0.03,61688.47,372.7
1783037111,btc,1798185600000,80000.0,call,40.57,0.03315659,0.033,0.0335,62520.46,6794.4
1783037111,btc,1798185600000,105000.0,put,41.49,0.68450938,0.6695,0.698,62520.46,109.4
1783037111,btc,1783670400000,55000.0,call,50.89,0.10657568,0.102,0.111,61426.79,1.0
1783037111,btc,1790323200000,100000.0,put,43.74,0.61664126,0.605,0.623,61892.13,272.4
1783037111,btc,1783324800000,54000.0,put,58.24,0.00018284,,0.0003,61394.69,60.0
1783037111,btc,1798185600000,200000.0,put,58.93,2.19907281,2.0895,2.317,62523.25,0.0
1783037111,btc,1785484800000,115000.0,call,72.75,7.77e-05,,0.0001,61515.84,182.3
1783037111,btc,1787904000000,64000.0,call,38.51,0.04453238,0.044,0.045,61688.47,362.7
1783037111,btc,1790323200000,102000.0,call,44.13,0.00084454,0.0007,0.001,61889.34,58.1
1783037111,btc,1787904000000,71000.0,call,36.52,0.0133194,0.0125,0.0135,61688.47,673.9
1783037111,btc,1783324800000,57000.0,call,43.1,0.07251532,0.039,0.105,61394.69,0.0
1783037111,btc,1806048000000,102000.0,call,41.79,0.0186349,0.018,0.0195,63146.66,60.6
1783037111,btc,1806048000000,60000.0,call,44.5,0.17330276,0.172,0.175,63146.66,720.7
1783037111,btc,1798185600000,170000.0,put,54.02,1.71952296,1.6255,1.821,62520.46,0.0
1783037111,btc,1798185600000,78000.0,put,40.55,0.28586604,0.281,0.29,62523.25,233.0
1783037111,btc,1783065600000,62000.0,put,29.22,0.01024884,0.008,0.0125,61393.39,687.2
1783037111,btc,1783065600000,67000.0,call,62.4,1e-08,,0.0001,61393.39,825.4
1783037111,btc,1787904000000,71000.0,put,36.52,0.16414013,0.1595,0.185,61691.26,7.3
1783037111,btc,1787904000000,63000.0,call,39.1,0.05186521,0.051,0.0525,61688.47,556.9
1783037111,btc,1813910400000,76000.0,put,42.74,0.29409742,0.283,0.304,63803.3,0.1
1783037111,btc,1784275200000,58000.0,put,42.92,0.01216674,0.012,0.0125,61454.93,133.5
1783037111,btc,1790323200000,80000.0,call,37.24,0.00690844,0.0065,0.007,61889.34,3394.5
1783037111,btc,1783065600000,75000.0,put,75.47,0.221276,0.1795,0.265,61393.39,0.2
1783037111,btc,1813910400000,78000.0,call,42.58,0.09451904,0.093,0.096,63800.51,1.8
1783037111,btc,1783065600000,63000.0,put,42.03,0.02601908,0.0225,0.03,61393.39,503.6
1783037111,btc,1783324800000,63500.0,call,27.18,0.00124691,0.0011,0.0015,61394.69,11.8
1783037111,btc,1787904000000,58000.0,call,42.23,0.09852553,0.096,0.1005,61691.26,162.4
1783037111,btc,1783065600000,66000.0,call,60.35,1.5e-07,,0.0001,61393.39,1649.0
1783037111,btc,1785484800000,72000.0,put,35.48,0.17269419,0.1665,0.1785,61515.84,365.0
1783037111,btc,1783065600000,64000.0,put,44.59,0.04215945,0.037,0.046,61393.39,347.9
1783037111,btc,1798185600000,72000.0,call,40.94,0.06018754,0.0595,0.061,62520.46,1101.5
1783037111,btc,1783670400000,52000.0,call,59.26,0.15424125,0.124,0.186,61426.79,0.0
1783037111,btc,1790323200000,78000.0,call,37.17,0.00921176,0.009,0.0095,61889.34,3633.7
1783037111,btc,1813910400000,62000.0,call,44.74,0.1872745,0.1855,0.1895,63803.3,96.3
1783037111,btc,1783324800000,59000.0,call,34.55,0.04115487,0.0315,0.0595,61394.69,0.0
1783037111,btc,1790323200000,92000.0,put,40.32,0.48822637,0.436,0.546,61889.34,4.0
1783037111,btc,1783670400000,65000.0,call,34.34,0.00304771,0.0029,0.0032,61426.79,1001.8
1783037111,btc,1798185600000,40000.0,put,56.08,0.01908832,0.0185,0.0195,62520.46,4209.0
1783037111,btc,1784275200000,66000.0,put,35.19,0.07949564,0.075,0.084,61457.72,14.0
1783037111,btc,1798185600000,135000.0,call,46.77,0.0013851,0.0014,0.0016,62520.46,1044.8
1783037111,btc,1783152000000,58500.0,call,42.75,0.04758165,0.0135,0.0805,61391.9,14.8
1783037111,btc,1806048000000,58000.0,call,45.03,0.190677,0.189,0.193,63146.66,5.1
1783037111,btc,1783670400000,75000.0,call,54.82,0.00013873,0.0001,0.0002,61426.79,75.5
1783037111,btc,1783152000000,55000.0,call,70.08,0.1043441,0.072,0.1365,61391.9,0.0
1783037111,btc,1806048000000,94000.0,call,41.57,0.02829479,0.0275,0.029,63146.66,122.8
1783037111,btc,1787904000000,53000.0,put,46.58,0.01928176,0.019,0.02,61688.47,98.4
1783037111,btc,1806048000000,72000.0,call,42.38,0.09353253,0.0925,0.0945,63146.66,53.4
1783037111,btc,1813910400000,50000.0,call,48.05,0.29679006,0.293,0.3,63800.51,11.4
1783037111,btc,1783152000000,57000.0,put,55.69,0.00015216,,0.0002,61391.9,123.0
1783037111,btc,1798185600000,55000.0,call,45.45,0.18732062,0.185,0.1895,62520.46,42.8
1783037111,btc,1790323200000,52000.0,call,46.96,0.18591405,0.183,0.189,61892.13,75.0
1783037111,btc,1785484800000,90000.0,put,46.79,0.46276857,0.4125,0.516,61515.84,14.9
1783037111,btc,1798185600000,240000.0,call,63.73,0.00027585,0.0002,0.0006,62520.46,875.6
1783037111,btc,1787904000000,69000.0,put,36.55,0.13718929,0.125,0.1665,61691.26,23.5
1783037111,btc,1785484800000,105000.0,call,63.13,7.635e-05,,0.0001,61515.84,516.1
1783037111,btc,1783238400000,56500.0,put,46.85,0.00016281,0.0001,0.0002,61391.9,15.1
1783037111,btc,1783238400000,52000.0,put,68.56,1.693e-05,,0.0001,61391.9,8.2
1783037111,btc,1806048000000,66000.0,put,43.3,0.17351577,0.17,0.176,63146.66,112.9
1783037111,btc,1783324800000,62500.0,call,26.3,0.00365863,0.0035,0.0039,61394.69,2.4
1783037111,btc,1783065600000,58000.0,put,58.45,2.6e-06,,0.0001,61393.39,2404.0
1783037111,btc,1798185600000,75000.0,call,40.74,0.04825149,0.048,0.049,62523.25,1299.4
1783037111,btc,1784880000000,54000.0,put,47.87,0.00709795,0.0065,0.0075,61487.87,20.1
1783037111,btc,1806048000000,35000.0,put,57.47,0.01998156,0.0195,0.0205,63146.66,392.9
1783037111,btc,1784880000000,65000.0,call,36.21,0.01436589,0.014,0.0145,61487.87,0.0
1783037111,btc,1783238400000,53000.0,put,67.32,4.668e-05,,0.0001,61391.9,4.6
1783037111,btc,1813910400000,30000.0,call,60.21,0.5492313,0.5455,0.552,63803.3,4.0
1783037111,btc,1785484800000,72000.0,call,35.48,0.00254356,0.0024,0.0027,61515.84,1541.3
1783037111,btc,1783238400000,68000.0,put,47.64,0.10736349,,,61391.9,0.0
1783037111,btc,1787904000000,61000.0,put,40.19,0.05708927,0.0565,0.058,61688.47,459.1
1783037111,btc,1790323200000,50000.0,put,48.76,0.02066836,0.02,0.021,61889.34,3455.0
1783037111,btc,1783065600000,69000.0,put,72.47,0.12357392,0.0855,0.164,61396.18,0.0
1783037111,btc,1806048000000,64000.0,put,43.67,0.15567623,0.154,0.157,63146.66,130.0
1783037111,btc,1783152000000,62000.0,put,27.65,0.01264002,0.01,0.0145,61391.9,1.1
1783037111,btc,1783152000000,60000.0,put,33.83,0.00130662,0.0011,0.0014,61391.9,66.8
1783037111,btc,1787904000000,61000.0,call,40.19,0.06835596,0.0675,0.069,61688.47,195.7
1783037111,btc,1785484800000,70000.0,put,35.38,0.14234571,0.136,0.1475,61515.84,911.0
1783037111,btc,1806048000000,115000.0,put,42.28,0.83043516,0.763,0.912,63146.66,0.0
1783037111,btc,1806048000000,35000.0,call,57.47,0.46584942,0.464,0.4685,63149.45,3.5
1783037111,btc,1813910400000,54000.0,put,46.74,0.10256419,0.101,0.104,63800.51,0.8
1783037111,btc,1783238400000,57000.0,call,43.61,0.07200203,0.0385,0.104,61391.9,0.0
1783037111,btc,1790323200000,140000.0,put,58.42,1.26208159,1.1845,1.3445,61889.34,1.4
1783037111,btc,1785484800000,90000.0,call,46.79,8.029e-05,,0.0002,61518.63,1310.5
1783037111,btc,1785484800000,91000.0,put,48.01,0.47902093,0.4285,0.5325,61515.84,0.2
1783037111,btc,1787904000000,70000.0,call,36.55,0.01592496,0.0155,0.016,61688.47,417.8
1783037111,btc,1806048000000,108000.0,put,41.96,0.72357015,0.658,0.803,63146.66,0.0
1783037111,btc,1806048000000,180000.0,call,50.64,0.00182956,0.0017,0.0021,63146.66,643.7
1783037111,btc,1806048000000,84000.0,put,41.55,0.37838069,0.3195,0.455,63149.45,5.8
1783037111,btc,1787904000000,76000.0,put,36.56,0.23691553,0.204,0.2605,61691.26,5.4
1783037111,btc,1785484800000,78000.0,call,38.59,0.00058104,0.0005,0.0007,61515.84,971.8
1783037111,btc,1785484800000,70000.0,call,35.38,0.00469927,0.0046,0.0048,61515.84,3248.6
1783037111,btc,1790323200000,120000.0,call,51.89,0.00042432,0.0003,0.0005,61889.34,1158.7
1783037111,btc,1790323200000,170000.0,put,68.94,1.74671808,1.653,1.8465,61889.34,0.0
1783037111,btc,1787904000000,72000.0,put,36.47,0.17796589,0.173,0.183,61691.26,85.6
1783037111,btc,1806048000000,88000.0,call,41.53,0.03904816,0.038,0.0395,63146.66,71.0
1783037111,btc,1806048000000,74000.0,put,42.18,0.25557579,0.251,0.259,63146.66,41.3
1783037111,btc,1806048000000,170000.0,call,49.4,0.00217192,0.002,0.0024,63146.66,247.5
1783037111,btc,1787904000000,73000.0,put,36.55,0.19237013,0.187,0.242,61691.26,4.7
1783037111,btc,1783065600000,60000.0,put,43.8,0.00020434,0.0001,0.0003,61393.39,1142.4
1783037111,btc,1806048000000,74000.0,call,42.18,0.08398216,0.083,0.085,63146.66,53.5
1783037111,btc,1798185600000,64000.0,put,42.35,0.13021044,0.129,0.1315,62520.46,194.4
1783037111,btc,1787904000000,84000.0,call,38.56,0.00135503,0.0012,0.0015,61688.47,50.7
1783037111,btc,1806048000000,54000.0,call,46.29,0.22898627,0.227,0.2305,63146.66,0.0
1783037111,btc,1783324800000,61000.0,put,27.96,0.00754571,0.0075,0.008,61394.69,0.2
1783037111,btc,1784275200000,56000.0,call,46.49,0.09614003,0.092,0.116,61457.72,5.1
1783037111,btc,1790323200000,115000.0,call,49.85,0.00049831,0.0004,0.0006,61892.13,2244.7
1783037111,btc,1787904000000,60000.0,call,40.82,0.07777803,0.0765,0.0785,61691.26,393.7
1783037111,btc,1813910400000,84000.0,put,42.27,0.3890794,0.3265,0.472,63803.3,0.0
1783037111,btc,1806048000000,120000.0,put,42.81,0.9078322,0.8385,0.991,63149.45,0.0
1783037111,btc,1783238400000,63500.0,call,28.04,0.00067691,0.0006,0.0009,61391.9,0.0
1783037111,btc,1785484800000,52000.0,put,49.58,0.00684937,0.0065,0.007,61515.84,2071.6
1783037111,btc,1784275200000,54000.0,put,50.21,0.00423294,0.0041,0.0044,61454.93,150.4
1783037111,btc,1806048000000,104000.0,put,41.8,0.66330258,0.5985,0.742,63146.66,0.0
1783037111,btc,1783670400000,68000.0,call,37.72,0.0006223,0.0006,0.0007,61426.79,403.0
1783037111,btc,1783670400000,59000.0,put,40.7,0.0080642,0.008,0.0085,61426.79,481.0
1783037111,btc,1787904000000,57000.0,put,42.95,0.03358977,0.033,0.034,61688.47,429.4
1783037111,btc,1806048000000,94000.0,put,41.57,0.5165354,0.4545,0.594,63146.66,9.0
1783037111,btc,1783324800000,68000.0,put,43.92,0.10723483,0.07,0.148,61394.69,0.0
1783037111,btc,1798185600000,100000.0,put,40.91,0.60654476,0.5995,0.614,62520.46,303.1
1783037111,btc,1798185600000,75000.0,put,40.74,0.2477289,0.2435,0.251,62520.46,887.9
1783037111,btc,1787904000000,70000.0,put,36.55,0.1504148,0.146,0.1545,61691.26,97.0
1783037111,btc,1787904000000,60000.0,put,40.82,0.05023486,0.0495,0.051,61688.47,920.1
1783037111,btc,1783324800000,57000.0,put,43.1,0.00054562,0.0004,0.0007,61394.69,6.4
1783037111,btc,1784880000000,60000.0,put,39.99,0.02715351,0.027,0.0275,61487.87,10.7
1783037111,btc,1790323200000,130000.0,call,55.74,0.00032445,0.0003,0.0005,61889.34,1434.9
1783037111,btc,1783238400000,55000.0,call,51.92,0.10442302,0.072,0.1355,61391.9,0.0
1783037111,btc,1806048000000,76000.0,call,41.96,0.07519054,0.0745,0.076,63146.66,409.7
1783037111,btc,1783238400000,61000.0,put,26.92,0.0056277,0.0055,0.006,61391.9,3.8
1783037111,btc,1785484800000,95000.0,put,52.31,0.54402267,0.491,0.6005,61518.63,0.5
1783037111,btc,1783238400000,58000.0,call,39.51,0.05595061,0.022,0.0885,61391.9,0.0
1783037111,btc,1783152000000,66000.0,call,49.67,8.261e-05,,0.0001,61391.9,7.9
1783037111,btc,1783670400000,75000.0,put,54.82,0.22080049,0.1795,0.266,61429.58,0.3
1783037111,btc,1790323200000,92000.0,call,40.32,0.00176849,0.0016,0.002,61889.34,485.3
1783037111,btc,1790323200000,125000.0,call,54.2,0.00039267,0.0003,0.0006,61892.13,2265.5
1783037111,btc,1785484800000,91000.0,call,48.01,8.056e-05,,0.0002,61515.84,312.7
1783037111,btc,1798185600000,120000.0,put,43.45,0.92139642,0.904,0.939,62520.46,35.5
1783037111,btc,1787904000000,56000.0,call,43.88,0.12179271,0.1195,0.124,61691.26,9.0
1783037111,btc,1783670400000,54000.0,put,53.64,0.00131316,0.0012,0.0015,61426.79,625.7
1783037111,btc,1813910400000,70000.0,put,43.4,0.23074035,0.2225,0.239,63800.51,5.1
1783037111,btc,1798185600000,220000.0,put,61.62,2.51883041,2.3985,2.648,62520.46,0.0
1783037111,btc,1783152000000,60500.0,put,31.06,0.00228665,0.0021,0.0025,61391.9,20.1
1783037111,btc,1806048000000,65000.0,call,43.48,0.1353523,0.134,0.1365,63146.66,154.5
1783037111,btc,1806048000000,130000.0,call,43.78,0.00540458,0.0049,0.006,63146.66,1057.5
1783037111,btc,1790323200000,175000.0,call,70.68,0.00017457,,0.0002,61889.34,1347.6
1783037111,btc,1787904000000,74000.0,put,36.55,0.20697915,0.2005,0.2205,61691.26,3.3
1783037111,btc,1787904000000,50000.0,call,49.75,0.20228067,0.199,0.2065,61691.26,51.0
1783037111,btc,1806048000000,84000.0,call,41.55,0.04846356,0.0475,0.049,63146.66,126.8
1783037111,btc,1783152000000,58000.0,call,45.95,0.05562589,0.0515,0.061,61391.9,5.8
1783037111,btc,1813910400000,160000.0,call,45.03,0.00494953,0.0045,0.005,63800.51,444.9
1783037111,btc,1790323200000,86000.0,put,38.34,0.39263978,0.343,0.4485,61892.13,11.6
1783037111,btc,1790323200000,68000.0,call,38.09,0.03705033,0.0365,0.0375,61889.34,791.8
1783037111,btc,1784880000000,75000.0,put,39.5,0.22034498,0.178,0.2655,61487.87,0.0
1783037111,btc,1790323200000,280000.0,call,81.51,1.116e-05,,0.0004,61892.13,94.0
1783037111,btc,1798185600000,230000.0,call,63.38,0.00035668,0.0002,0.0006,62520.46,196.3
1783037111,btc,1783065600000,76000.0,put,75.47,0.23755968,0.196,0.2815,61396.18,0.0
1783037111,btc,1798185600000,50000.0,put,47.97,0.04415885,0.0435,0.045,62520.46,1656.4
1783037111,btc,1783065600000,60000.0,call,43.8,0.02314011,0.0195,0.0285,61393.39,664.3
1783037111,btc,1783324800000,61000.0,call,27.96,0.01439047,0.0135,0.015,61394.69,14.1
1783037111,btc,1787904000000,65000.0,call,38.04,0.03806024,0.0375,0.0385,61688.47,955.2
1783037111,btc,1785484800000,120000.0,call,77.21,7.832e-05,,0.0001,61515.84,1062.5
1783037111,btc,1787904000000,68000.0,put,36.85,0.12480336,0.1215,0.1275,61691.26,72.5
1783037111,btc,1787904000000,76000.0,call,36.56,0.0052108,0.0048,0.0055,61691.26,69.0
1783037111,btc,1785484800000,63000.0,call,37.54,0.03133577,0.0305,0.0315,61515.84,1424.9
1783037111,btc,1798185600000,54000.0,put,45.88,0.0616873,0.0605,0.0625,62523.25,1813.8
1783037111,btc,1783152000000,59500.0,call,36.8,0.03177146,0.0285,0.035,61391.9,45.8
1783037111,btc,1798185600000,92000.0,put,40.57,0.48452829,0.438,0.49,62520.46,4.5
1783037111,btc,1787904000000,40000.0,call,62.75,0.35485939,0.33,0.383,61691.26,1.4
1783037111,btc,1806048000000,78000.0,put,41.77,0.30218019,0.2975,0.3095,63146.66,182.2
1783037111,btc,1790323200000,54000.0,call,45.35,0.16036655,0.1575,0.1895,61892.13,7.2
1783037111,btc,1798185600000,108000.0,call,41.8,0.00432141,0.0041,0.0046,62520.46,117.9
1783037111,btc,1798185600000,60000.0,put,43.49,0.09826311,0.097,0.0995,62520.46,6408.9
1783037111,btc,1813910400000,58000.0,call,45.65,0.2198185,0.216,0.2235,63803.3,4.7
1783037111,btc,1798185600000,250000.0,put,64.6,2.99849618,2.8615,3.1445,62520.46,10.0
1783037111,btc,1790323200000,85000.0,call,38.31,0.00371829,0.0036,0.0039,61889.34,1178.0
1783037111,btc,1806048000000,190000.0,put,51.91,2.00973459,1.9055,2.1245,63146.66,0.9
1783037111,btc,1798185600000,160000.0,call,52.42,0.00087741,0.0007,0.0011,62520.46,1228.0
1783037111,btc,1798185600000,88000.0,put,40.57,0.4254042,0.3985,0.43,62520.46,4.3
1783037111,btc,1790323200000,96000.0,put,41.8,0.55226261,0.4985,0.6115,61892.13,1.0
1783037111,btc,1798185600000,96000.0,put,40.63,0.54497092,0.494,0.561,62523.25,11.2
1783037111,btc,1785484800000,87000.0,put,45.35,0.41407072,0.3655,0.466,61515.84,8.1
1783037111,btc,1785484800000,67000.0,put,35.29,0.09983831,0.0955,0.1035,61515.84,198.7
1783037111,btc,1798185600000,90000.0,call,40.57,0.01540333,0.0145,0.0155,62520.46,2331.2
1783037111,btc,1806048000000,66000.0,call,43.3,0.12858122,0.1275,0.13,63146.66,19.2
1783037111,btc,1813910400000,62000.0,put,44.74,0.15890067,0.157,0.161,63800.51,10.8
1783037111,btc,1784275200000,52000.0,put,54.08,0.00251221,0.0024,0.0027,61454.93,310.1
1783037111,btc,1783324800000,61500.0,put,27.15,0.01101146,0.0105,0.0115,61394.69,221.2
1783037111,btc,1806048000000,200000.0,put,52.71,2.16777341,2.059,2.2875,63146.66,1.0
1783037111,btc,1806048000000,45000.0,call,50.31,0.33140126,0.328,0.336,63146.66,3.2
1783037111,btc,1784880000000,61000.0,put,39.01,0.03357293,0.033,0.034,61487.87,31.0
1783037111,btc,1790323200000,30000.0,put,75.3,0.0021068,0.0019,0.0022,61892.13,2118.6
1783037111,btc,1784275200000,62000.0,put,37.36,0.0342439,0.034,0.035,61454.93,18.4
1783037111,btc,1806048000000,160000.0,call,47.63,0.0024396,0.0024,0.0028,63146.66,853.3
1783037111,btc,1790323200000,260000.0,call,78.83,1.369e-05,,0.0002,61889.34,293.8
1783037111,btc,1785484800000,69000.0,put,35.35,0.12769455,0.1225,0.131,61515.84,216.9
1783037111,btc,1784880000000,54000.0,call,47.87,0.12896971,0.1255,0.1445,61487.87,0.0
1783037111,btc,1798185600000,66000.0,put,41.89,0.14843557,0.146,0.1505,62520.46,162.1
1783037111,btc,1783324800000,55000.0,call,51.57,0.10473452,0.072,0.136,61394.69,0.0
1783037111,btc,1783238400000,52000.0,call,68.56,0.15324441,0.123,0.1825,61391.9,0.0
1783037111,btc,1790323200000,82000.0,call,37.73,0.00542441,0.005,0.006,61892.13,2400.6
1783037111,btc,1783324800000,56000.0,put,47.81,0.00034784,0.0002,0.0005,61394.69,5.9
1783037111,btc,1784275200000,55000.0,call,48.31,0.1107342,0.1065,0.13,61457.72,4.0
1783037111,btc,1806048000000,92000.0,put,41.56,0.48810027,0.427,0.5655,63146.66,0.2
1783037111,btc,1783670400000,65000.0,put,34.34,0.06109839,0.0555,0.065,61426.79,117.2
1783037111,btc,1798185600000,190000.0,put,57.12,2.03917976,1.935,2.1515,62520.46,0.0
1783037111,btc,1783065600000,73000.0,call,72.68,0.0,,0.0001,61393.39,1157.1
1783037111,btc,1798185600000,35000.0,call,60.92,0.45231221,0.4505,0.454,62520.46,77.6
1783037111,btc,1798185600000,160000.0,put,52.42,1.55976255,1.4715,1.656,62520.46,0.0
1783037111,btc,1785484800000,86000.0,call,44.62,0.00015881,0.0001,0.0002,61518.63,180.6
1783037111,btc,1798185600000,120000.0,call,43.45,0.00223256,0.0022,0.0023,62520.46,6010.0
1783037111,btc,1806048000000,72000.0,put,42.38,0.23346151,0.2295,0.2365,63149.45,134.4
1783037111,btc,1783152000000,67000.0,call,53.1,3.307e-05,,0.0001,61391.9,3.0
1783037111,btc,1783238400000,59000.0,put,34.74,0.00090789,0.0008,0.0011,61391.9,47.9
1783037111,btc,1783670400000,68000.0,put,37.72,0.10750609,0.07,0.148,61426.79,6.9
1783037111,btc,1785484800000,89000.0,put,46.11,0.44652786,0.3975,0.4995,61515.84,5.9
1783037111,btc,1783065600000,61500.0,put,27.03,0.00404371,0.0036,0.0046,61393.39,25.4
1783037111,btc,1784880000000,58000.0,put,42.27,0.0174882,0.017,0.018,61487.87,0.5
1783037111,btc,1783670400000,58000.0,put,43.2,0.00555171,0.005,0.006,61426.79,817.2
1783037111,btc,1798185600000,150000.0,call,50.23,0.00102331,0.0008,0.0013,62520.46,1635.7
1783037111,btc,1784275200000,64000.0,call,35.53,0.01261465,0.012,0.013,61454.93,2393.1
1783037111,btc,1806048000000,58000.0,put,45.03,0.10895321,0.108,0.1105,63146.66,108.8
1783037111,btc,1784275200000,63000.0,put,36.4,0.04324782,0.0425,0.0445,61457.72,49.7
1783037111,btc,1787904000000,54000.0,put,45.67,0.02225321,0.0215,0.023,61688.47,340.7
1783037111,btc,1787904000000,81000.0,call,37.37,0.00208739,0.0019,0.0023,61688.47,501.3
1783037111,btc,1783670400000,64000.0,call,34.11,0.00545626,0.005,0.006,61426.79,1038.1
1783037111,btc,1785484800000,59000.0,put,41.08,0.02710512,0.027,0.028,61515.84,1483.9
1783037111,btc,1784275200000,62000.0,call,37.36,0.02548281,0.025,0.026,61454.93,204.4
1783037111,btc,1783238400000,65000.0,put,35.9,0.05872901,0.0225,0.0975,61391.9,0.8
1783037111,btc,1787904000000,95000.0,call,43.88,0.00042307,0.0003,0.0005,61691.26,5.7
1783037111,btc,1813910400000,100000.0,call,42.04,0.03666162,0.0355,0.038,63803.3,40.8
1783037111,btc,1784275200000,65000.0,put,35.17,0.06602448,0.0615,0.096,61457.72,0.0
1783037111,btc,1784275200000,57000.0,call,44.64,0.08201683,0.078,0.0855,61457.72,15.5
1783037111,btc,1783238400000,54000.0,put,59.7,4.808e-05,,0.0001,61391.9,54.3
1783037111,btc,1783238400000,60000.0,put,30.13,0.00211889,0.002,0.0023,61391.9,33.4
1783037111,btc,1790323200000,88000.0,call,38.87,0.00256342,0.0024,0.0028,61889.34,648.5
1783037111,btc,1798185600000,66000.0,call,41.89,0.09289545,0.092,0.094,62520.46,104.1
1783037111,btc,1798185600000,102000.0,call,41.23,0.00642389,0.006,0.0065,62520.46,142.8
1783037111,btc,1787904000000,69000.0,call,36.55,0.01890261,0.0185,0.0195,61688.47,230.3
1783037111,btc,1806048000000,104000.0,call,41.8,0.01673851,0.016,0.0175,63146.66,56.0
1783037111,btc,1787904000000,95000.0,put,43.88,0.54005398,0.487,0.597,61691.26,0.0
1783037111,btc,1798185600000,170000.0,call,54.02,0.00070749,0.0005,0.0009,62523.25,2380.7
1783037111,btc,1783238400000,61500.0,put,25.76,0.00897464,0.0085,0.0095,61391.9,0.8
1783037111,btc,1790323200000,65000.0,call,39.07,0.05417301,0.054,0.055,61889.34,864.2
1783037111,btc,1783152000000,62000.0,call,27.65,0.00290878,0.0026,0.0031,61391.9,62.0
1783037111,btc,1806048000000,130000.0,put,43.78,1.06360967,0.9895,1.15,63146.66,0.2
1783037111,btc,1783324800000,55000.0,put,51.57,0.00020236,0.0001,0.0003,61394.69,0.4
1783037111,btc,1806048000000,80000.0,put,41.69,0.32693972,0.322,0.331,63146.66,139.4
1783037111,btc,1787904000000,62000.0,call,39.6,0.05970672,0.059,0.0605,61688.47,861.1
1783037111,btc,1790323200000,300000.0,call,84.97,1.139e-05,,0.0003,61892.13,190.5
1783037111,btc,1784880000000,62000.0,call,38.12,0.03293648,0.0325,0.0335,61487.87,6.5
1783037111,btc,1806048000000,40000.0,call,53.45,0.39645587,0.395,0.399,63146.66,69.3
1783037111,btc,1813910400000,64000.0,call,44.32,0.17231383,0.1705,0.174,63800.51,3.3
1783037111,btc,1790323200000,135000.0,call,57.45,0.00028378,0.0002,0.0004,61889.34,243.1
1783037111,btc,1790323200000,72000.0,put,37.15,0.18449449,0.181,0.1885,61892.13,281.3
1783037111,btc,1806048000000,85000.0,put,41.54,0.39165089,0.332,0.4685,63146.66,0.8
1783037111,btc,1787904000000,55000.0,call,44.64,0.1340556,0.131,0.1365,61691.26,5.2
1783037111,btc,1790323200000,62000.0,put,40.39,0.07827398,0.0775,0.079,61889.34,865.2
1783037111,btc,1785484800000,76000.0,call,37.24,0.00088768,0.0008,0.001,61518.63,2497.0
1783037111,btc,1806048000000,55000.0,call,45.94,0.2189476,0.217,0.2205,63146.66,28.6
1783037111,btc,1806048000000,62000.0,call,44.01,0.15709938,0.1555,0.1585,63146.66,42.5
1783037111,btc,1787904000000,110000.0,call,52.26,0.00019667,0.0001,0.0004,61691.26,92.3
1783037111,btc,1785484800000,48000.0,call,54.91,0.2228646,0.212,0.2385,61515.84,2.0
1783037111,btc,1783065600000,63000.0,call,42.03,0.00010257,0.0001,0.0002,61393.39,1367.1
1783037111,btc,1813910400000,150000.0,put,44.05,1.3567266,1.2725,1.4555,63803.3,0.0
1783037111,btc,1790323200000,120000.0,put,51.89,0.9391612,0.924,0.95,61889.34,172.3
1783037111,btc,1813910400000,52000.0,call,47.36,0.27605456,0.272,0.2795,63800.51,0.0
1783037111,btc,1787904000000,94000.0,call,43.79,0.00049914,0.0004,0.0007,61691.26,10.1
1783037111,btc,1783065600000,75000.0,call,75.47,0.0,,0.0001,61393.39,1152.9
1783037111,btc,1790323200000,50000.0,call,48.76,0.21285087,0.209,0.215,61889.34,30.7
1783037111,btc,1787904000000,96000.0,call,44.32,0.00038472,0.0003,0.0006,61691.26,12.8
1783037111,btc,1785484800000,75000.0,call,36.89,0.00117006,0.0011,0.0013,61518.63,3079.4
1783037111,btc,1790323200000,96000.0,call,41.8,0.0012731,0.0011,0.0015,61892.13,257.0
1783037111,btc,1806048000000,112000.0,call,42.13,0.01122449,0.0105,0.012,63146.66,63.4
1783037111,btc,1806048000000,82000.0,call,41.52,0.05382263,0.0535,0.0545,63146.66,365.7
1783037111,btc,1783152000000,59000.0,put,40.85,0.00053651,0.0004,0.0006,61391.9,43.5
1783037111,btc,1785484800000,108000.0,call,66.12,7.662e-05,,0.0001,61515.84,375.1
1783037111,btc,1790323200000,55000.0,call,44.58,0.14811675,0.146,0.15,61889.34,90.9
1783037111,btc,1784275200000,48000.0,put,62.22,0.00090824,0.0008,0.001,61457.72,176.9
1783037111,btc,1785484800000,68000.0,call,35.33,0.00836021,0.008,0.0085,61515.84,873.7
1783037111,btc,1785484800000,100000.0,call,57.89,7.526e-05,,0.0001,61515.84,1798.3
1783037111,btc,1798185600000,74000.0,put,40.78,0.23540853,0.2315,0.2385,62523.25,61.0
1783037111,btc,1813910400000,45000.0,call,50.09,0.3528051,0.349,0.356,63803.3,1.4
1783037111,btc,1783065600000,56000.0,call,83.04,0.08811455,0.0555,0.1195,61396.18,0.7
1783037111,btc,1790323200000,74000.0,call,37.17,0.01623118,0.016,0.0165,61889.34,554.1
1783037111,btc,1785484800000,64000.0,call,36.81,0.02467946,0.024,0.025,61515.84,654.3
1783037111,btc,1783238400000,64000.0,put,30.33,0.04262812,0.009,0.0805,61391.9,0.0
1783037111,btc,1813910400000,54000.0,call,46.74,0.25636829,0.2525,0.2595,63803.3,0.0
1783037111,btc,1798185600000,84000.0,call,40.57,0.02451909,0.0235,0.025,62520.46,670.5
1783037111,btc,1783670400000,72000.0,put,48.69,0.17226767,0.132,0.216,61426.79,0.0
1783037111,btc,1783238400000,53000.0,call,67.32,0.13699007,0.1065,0.167,61391.9,0.0
1783037111,btc,1787904000000,85000.0,call,39.17,0.00122215,0.0011,0.0014,61688.47,296.4
1783037111,btc,1790323200000,76000.0,put,37.17,0.2401558,0.235,0.2455,61892.13,599.6
1783037111,btc,1787904000000,98000.0,call,46.11,0.0003849,0.0003,0.0005,61691.26,75.1
1783037111,btc,1783065600000,80000.0,call,76.22,0.0,,0.0001,61393.39,104.7
1783037111,btc,1783238400000,57000.0,put,43.61,0.00019499,0.0001,0.0003,61391.9,32.1
1783037111,btc,1790323200000,54000.0,put,45.35,0.03281452,0.032,0.0335,61889.34,147.2
1783037111,btc,1787904000000,100000.0,call,47.01,0.00032733,0.0003,0.0005,61691.26,145.5
1783037111,btc,1798185600000,76000.0,call,40.67,0.04473557,0.0445,0.0455,62520.46,290.9
1783037111,btc,1783238400000,64000.0,call,30.33,0.00044656,0.0004,0.0006,61391.9,20.6
1783037111,btc,1813910400000,86000.0,put,42.19,0.41434759,0.351,0.4975,63800.51,0.0
1783037111,btc,1787904000000,82000.0,call,37.63,0.00176173,0.0016,0.002,61688.47,372.0
1783037111,btc,1798185600000,104000.0,call,41.23,0.00548232,0.005,0.006,62520.46,63.4
1783037111,btc,1790323200000,66000.0,call,38.74,0.04796331,0.0475,0.0485,61889.34,449.1
1783037111,btc,1790323200000,155000.0,put,62.07,1.5043377,1.4185,1.595,61889.34,0.1
1783037111,btc,1783238400000,55000.0,put,51.92,4.78e-05,,0.0002,61391.9,31.9
1783037111,btc,1790323200000,105000.0,call,45.12,0.00068385,0.0006,0.0008,61889.34,1170.4
1783037111,btc,1785484800000,71000.0,call,35.38,0.003455,0.0033,0.0036,61515.84,1526.9
1783037111,btc,1798185600000,88000.0,call,40.57,0.01801737,0.017,0.018,62520.46,2021.4
1783037111,btc,1783065600000,59500.0,call,49.05,0.03120406,0.027,0.0345,61393.39,144.5
1783037111,btc,1784275200000,58000.0,call,42.92,0.06857855,0.066,0.072,61457.72,21.4
1783037111,btc,1813910400000,56000.0,put,46.17,0.1151288,0.1135,0.1165,63800.51,1.0
1783037111,btc,1783670400000,72000.0,call,48.69,0.00027306,0.0002,0.0004,61426.79,629.1
1783037111,btc,1806048000000,105000.0,put,41.83,0.67828413,0.6135,0.7575,63146.66,0.0
1783037111,btc,1787904000000,80000.0,put,37.2,0.29904096,0.2535,0.3505,61691.26,21.0
1783037111,btc,1785484800000,54000.0,call,47.0,0.13264977,0.1285,0.149,61518.63,1.6
1783037111,btc,1783065600000,56000.0,put,83.04,6.3e-07,,0.0001,61396.18,856.0
1783037111,btc,1787904000000,52000.0,put,47.54,0.01669273,0.0165,0.017,61688.47,880.1
1783037111,btc,1790323200000,82000.0,put,37.73,0.33022795,0.3235,0.3365,61889.34,194.7
1783037111,btc,1806048000000,112000.0,put,42.13,0.78444734,0.7175,0.8645,63146.66,0.0
1783037111,btc,1783152000000,59000.0,call,40.85,0.03962293,0.0355,0.045,61391.9,13.2
1783037111,btc,1785484800000,82000.0,call,41.5,0.00028069,0.0002,0.0004,61515.84,2830.4
1783037111,btc,1798185600000,58000.0,call,44.21,0.15704399,0.155,0.159,62520.46,41.9
1783037111,btc,1785484800000,65000.0,put,36.21,0.07551801,0.072,0.0775,61515.84,323.0
1783037111,btc,1787904000000,65000.0,put,38.04,0.09153793,0.089,0.0945,61691.26,275.2
1783037111,btc,1783065600000,73000.0,put,72.68,0.18870864,0.148,0.2315,61393.39,8.1
1783037111,btc,1783065600000,52000.0,call,88.7,0.15324864,0.123,0.182,61396.18,0.0
1783037111,btc,1790323200000,66000.0,put,38.74,0.11429057,0.112,0.1165,61889.34,193.9
1783037111,btc,1813910400000,90000.0,call,42.07,0.05601867,0.0545,0.0575,63800.51,58.9
1783037111,btc,1798185600000,85000.0,call,40.57,0.02271413,0.022,0.023,62523.25,1822.9
1783037111,btc,1783152000000,64000.0,call,35.97,0.00024036,0.0002,0.0003,61391.9,32.6
1783037111,btc,1798185600000,98000.0,put,40.86,0.57575262,0.5285,0.644,62520.46,1.1
1783037111,btc,1783670400000,57000.0,put,45.62,0.00379787,0.0036,0.004,61426.79,212.4
1783037111,btc,1783238400000,67000.0,put,46.64,0.09116113,0.0545,0.131,61391.9,0.0
1783037111,btc,1806048000000,78000.0,call,41.77,0.06725712,0.0665,0.068,63146.66,308.3
1783037111,btc,1787904000000,90000.0,put,41.59,0.45929689,0.409,0.5145,61691.26,0.5
1783037111,btc,1783152000000,58500.0,put,42.75,0.00029546,0.0002,0.0003,61391.9,300.9
1783037111,btc,1787904000000,85000.0,put,39.16,0.37878936,0.331,0.431,61691.26,0.4
1783037111,btc,1790323200000,200000.0,put,72.81,2.23129307,2.121,2.3475,61889.34,0.1
1783037111,btc,1787904000000,68000.0,call,36.85,0.02271919,0.0225,0.023,61688.47,339.4
1783037111,btc,1787904000000,52000.0,call,47.54,0.17392533,0.1705,0.1775,61691.26,51.0
1783037111,btc,1798185600000,78000.0,call,40.55,0.03840954,0.038,0.039,62520.46,260.4
1783037111,btc,1784880000000,59000.0,put,41.19,0.02193598,0.0215,0.0225,61487.87,0.2
1783037111,btc,1790323200000,85000.0,put,38.31,0.37699318,0.367,0.382,61889.34,454.5
1783037111,btc,1783152000000,54000.0,call,75.23,0.12060121,0.089,0.1515,61391.9,0.0
1783037111,btc,1787904000000,54000.0,call,45.67,0.14706596,0.144,0.1495,61691.26,7.3
1783037111,btc,1785484800000,106000.0,call,64.13,7.625e-05,,0.0001,61515.84,44.6
1783037111,btc,1785484800000,62000.0,put,38.35,0.04668457,0.0465,0.0475,61515.84,947.0
1783037111,btc,1784880000000,57000.0,put,43.52,0.013947,0.0135,0.0145,61487.87,0.5
1783037111,btc,1783152000000,65000.0,put,42.88,0.05870131,0.023,0.0975,61391.9,0.0
1783037111,btc,1784880000000,60000.0,call,39.99,0.05145523,0.0505,0.0525,61487.87,0.0
1783037111,btc,1783238400000,63500.0,put,28.04,0.03471643,0.0037,0.072,61391.9,0.0
1783037111,btc,1784275200000,60000.0,put,39.7,0.02055239,0.0205,0.021,61454.93,457.8
1783037111,btc,1798185600000,95000.0,put,40.63,0.5297762,0.523,0.54,62520.46,85.9
1783037111,btc,1784880000000,59000.0,call,41.19,0.06249934,0.0605,0.0645,61487.87,0.2
1783037111,eth,1783238400000,1775.0,put,40.66,0.047335,0.0085,0.09,1697.71,1.0
1783037111,eth,1790323200000,4200.0,put,69.41,1.467556,1.3715,1.5725,1702.13,551.0
1783037111,eth,1806048000000,3600.0,call,58.68,0.022733,0.022,0.0235,1732.14,1699.0
1783037111,eth,1806048000000,3400.0,put,58.34,0.989872,0.8995,1.1035,1732.14,8.0
1783037111,eth,1784880000000,1800.0,call,50.36,0.02532,0.024,0.0255,1696.27,457.0
1783037111,eth,1785484800000,3400.0,put,84.13,1.003619,0.9255,1.0875,1696.5,4.0
1783037111,eth,1798185600000,2600.0,call,56.36,0.035062,0.034,0.0355,1716.33,1885.0
1783037111,eth,1785484800000,1950.0,put,50.63,0.162205,0.1155,0.1725,1696.36,234.0
1783037111,eth,1813910400000,2400.0,call,58.52,0.121864,0.12,0.123,1748.12,2.0
1783037111,eth,1813910400000,2500.0,put,58.52,0.540786,0.4565,0.6535,1748.12,5.0
1783037111,eth,1784275200000,1750.0,put,49.35,0.057323,0.0535,0.06,1696.25,0.0
1783037111,eth,1785484800000,2300.0,call,54.63,0.001505,0.0013,0.0017,1696.36,4985.0
1783037111,eth,1784275200000,1200.0,call,87.34,0.294069,0.288,0.3155,1696.4,50.0
1783037111,eth,1783065600000,1600.0,put,96.51,0.000214,0.0002,0.0004,1696.9,7996.0
1783037111,eth,1787904000000,1750.0,put,52.66,0.099476,0.098,0.101,1698.67,1724.0
1783037111,eth,1783152000000,1625.0,put,53.48,0.001317,0.0011,0.0014,1697.71,2864.0
1783037111,eth,1784880000000,1500.0,put,59.48,0.014675,0.014,0.0155,1696.27,0.0
1783037111,eth,1798185600000,4200.0,call,60.81,0.003934,0.0035,0.0044,1716.33,3556.0
1783037111,eth,1784275200000,1550.0,call,57.36,0.099706,0.0945,0.104,1696.4,526.0
1783037111,eth,1790323200000,8500.0,call,99.17,0.0001,,0.0004,1702.13,1253.0
1783037111,eth,1806048000000,5000.0,put,61.72,1.892622,1.775,2.0295,1732.14,0.0
1783037111,eth,1790323200000,4500.0,put,71.04,1.64359,1.5395,1.755,1702.27,6.0
1783037111,eth,1783670400000,1575.0,put,56.93,0.007448,0.007,0.008,1696.85,2353.0
1783037111,eth,1787904000000,1400.0,put,60.16,0.024827,0.024,0.0255,1698.67,5038.0
1783037111,eth,1784275200000,1450.0,put,64.56,0.006236,0.006,0.0065,1696.4,2082.0
1783037111,eth,1806048000000,800.0,call,71.63,0.558145,0.5375,0.5735,1732.28,0.0
1783037111,eth,1806048000000,4400.0,call,60.16,0.011023,0.0105,0.0115,1732.14,1078.0
1783037111,eth,1783324800000,1625.0,call,46.62,0.04623,0.0345,0.0665,1697.71,0.0
1783037111,eth,1798185600000,3000.0,put,56.92,0.76581,0.7525,0.781,1716.47,674.0
1783037111,eth,1790323200000,2500.0,put,54.18,0.478184,0.4695,0.4875,1702.27,3222.0
1783037111,eth,1790323200000,13000.0,call,120.75,8.9e-05,,0.0003,1702.27,1873.0
1783037111,eth,1790323200000,7200.0,put,94.14,3.229351,3.065,3.404,1702.27,0.0
1783037111,eth,1813910400000,1900.0,put,59.11,0.285721,0.277,0.2975,1748.12,0.0
1783037111,eth,1785484800000,2650.0,call,63.02,0.000389,0.0003,0.0005,1696.5,1989.0
1783037111,eth,1798185600000,4500.0,call,62.01,0.002957,0.0026,0.0033,1716.47,1647.0
1783037111,eth,1783152000000,1700.0,put,41.17,0.010868,0.0105,0.0115,1697.71,604.0
1783037111,eth,1813910400000,1400.0,call,61.31,0.327981,0.3235,0.3335,1748.12,50.0
1783037111,eth,1783152000000,1550.0,put,74.67,0.000355,0.0002,0.0005,1697.71,3191.0
1783037111,eth,1806048000000,2300.0,call,57.8,0.09854,0.0965,0.099,1732.14,2243.0
1783037111,eth,1785484800000,1300.0,call,70.32,0.240797,0.234,0.2475,1696.5,50.0
1783037111,eth,1783065600000,2200.0,call,120.95,0.0,,0.0001,1696.9,1278.0
1783037111,eth,1787904000000,1850.0,call,52.21,0.048095,0.047,0.0485,1698.81,3225.0
1783037111,eth,1790323200000,6400.0,call,87.38,0.000176,,0.0002,1702.27,1924.0
1783037111,eth,1798185600000,3500.0,put,58.41,1.047821,0.973,1.1025,1716.33,52.0
1783037111,eth,1806048000000,6000.0,call,64.29,0.004061,0.004,0.0042,1732.14,3478.0
1783037111,eth,1785484800000,1450.0,put,61.06,0.015051,0.0145,0.0155,1696.36,4348.0
1783037111,eth,1783324800000,1800.0,put,41.77,0.061981,0.051,0.0835,1697.71,3.0
1783037111,eth,1784880000000,1700.0,call,51.45,0.048633,0.0475,0.049,1696.27,277.0
1783037111,eth,1785484800000,1500.0,put,58.78,0.020071,0.0195,0.0205,1696.36,10732.0
1783037111,eth,1787904000000,1200.0,call,68.72,0.304232,0.2985,0.311,1698.67,51.0
1783037111,eth,1806048000000,3500.0,put,58.43,1.044763,0.954,1.1605,1732.14,5.0
1783037111,eth,1790323200000,3500.0,put,62.64,1.057035,0.9765,1.1465,1702.27,1166.0
1783037111,eth,1783670400000,1625.0,call,52.75,0.055185,0.0515,0.0575,1696.71,667.0
1783037111,eth,1798185600000,5200.0,call,64.76,0.001686,0.0014,0.002,1716.47,8599.0
1783037111,eth,1790323200000,6500.0,call,88.28,0.000176,,0.0002,1702.13,1337.0
1783037111,eth,1785484800000,2550.0,call,61.24,0.00059,0.0005,0.0007,1696.36,1587.0
1783037111,eth,1783065600000,1450.0,put,136.65,1e-06,,0.0001,1697.04,4564.0
1783037111,eth,1783238400000,1700.0,call,37.95,0.011189,0.0105,0.0115,1697.71,283.0
1783037111,eth,1790323200000,8000.0,put,99.85,3.699779,3.517,3.8945,1702.13,0.0
1783037111,eth,1783065600000,1700.0,call,45.57,0.004689,0.0041,0.0049,1696.9,4126.0
1783037111,eth,1790323200000,6800.0,call,90.87,0.000177,,0.0002,1702.13,1462.0
1783037111,eth,1798185600000,4600.0,put,62.35,1.682292,1.5755,1.802,1716.33,0.0
1783037111,eth,1806048000000,900.0,call,68.78,0.508042,0.4985,0.5365,1732.14,50.0
1783037111,eth,1784275200000,2000.0,put,50.61,0.180898,0.1705,0.2335,1696.4,15.0
1783037111,eth,1787904000000,2500.0,call,54.7,0.003728,0.0035,0.004,1698.67,631.0
1783037111,eth,1790323200000,3600.0,call,63.11,0.000965,0.0007,0.0013,1702.27,2705.0
1783037111,eth,1783324800000,1500.0,put,67.04,0.00062,0.0005,0.0007,1697.71,4.0
1783037111,eth,1790323200000,4600.0,put,71.78,1.702296,1.5975,1.816,1702.13,38.0
1783037111,eth,1783152000000,1450.0,put,101.91,9.5e-05,,0.0001,1697.71,1117.0
1783037111,eth,1783324800000,1700.0,call,40.11,0.01442,0.0135,0.015,1697.71,998.0
1783037111,eth,1806048000000,900.0,put,68.78,0.027418,0.027,0.028,1732.28,763.0
1783037111,eth,1783065600000,1725.0,call,49.02,0.001046,0.0007,0.0012,1696.9,2635.0
1783037111,eth,1813910400000,2600.0,put,58.52,0.588066,0.5015,0.7025,1748.12,0.0
1783037111,eth,1790323200000,15000.0,put,127.35,7.810862,7.4685,8.171,1702.27,0.0
1783037111,eth,1790323200000,12000.0,put,116.59,6.048713,5.775,6.3375,1702.27,0.0
1783037111,eth,1783670400000,1700.0,call,48.95,0.026828,0.026,0.0275,1696.71,13928.0
1783037111,eth,1785484800000,2150.0,call,51.64,0.003382,0.0031,0.0036,1696.36,5744.0
1783037111,eth,1783152000000,1625.0,call,53.48,0.043749,0.04,0.048,1697.71,1187.0
1783037111,eth,1783324800000,1600.0,put,50.21,0.002471,0.0023,0.0027,1697.71,301.0
1783037111,eth,1783670400000,1700.0,put,48.95,0.028572,0.028,0.0295,1696.71,1571.0
1783037111,eth,1798185600000,3000.0,call,56.92,0.01824,0.0175,0.019,1716.33,4942.0
1783037111,eth,1798185600000,4200.0,put,60.81,1.450531,1.352,1.563,1716.33,62.0
1783037111,eth,1806048000000,2100.0,call,57.8,0.125377,0.124,0.127,1732.14,482.0
1783037111,eth,1806048000000,1300.0,call,61.55,0.331984,0.3045,0.346,1732.14,50.0
1783037111,eth,1798185600000,2200.0,put,56.36,0.351362,0.3475,0.358,1716.33,9248.0
1783037111,eth,1785484800000,3200.0,call,77.64,0.000143,0.0001,0.0002,1696.5,4075.0
1783037111,eth,1785484800000,2350.0,call,55.99,0.001227,0.001,0.0013,1696.36,9648.0
1783037111,eth,1790323200000,1500.0,call,57.22,0.17297,0.169,0.177,1702.27,1118.0
1783037111,eth,1785484800000,2500.0,put,59.86,0.473836,0.466,0.482,1696.36,463.0
1783037111,eth,1787904000000,3000.0,put,60.9,0.766667,0.6965,0.843,1698.67,0.0
1783037111,eth,1785484800000,3000.0,call,72.13,0.00018,0.0001,0.0003,1696.5,2108.0
1783037111,eth,1798185600000,2100.0,call,56.36,0.08254,0.081,0.083,1716.33,1118.0
1783037111,eth,1785484800000,2900.0,call,70.43,0.000245,0.0002,0.0003,1696.36,7867.0
1783037111,eth,1783238400000,1850.0,put,51.81,0.09057,0.079,0.135,1697.71,1.0
1783037111,eth,1783065600000,1400.0,put,136.84,0.0,,0.0001,1696.9,9952.0
1783037111,eth,1783238400000,1550.0,put,60.99,0.000575,0.0005,0.0007,1697.71,420.0
1783037111,eth,1783670400000,1900.0,call,49.67,0.001709,0.0015,0.0019,1696.71,6657.0
1783037111,eth,1806048000000,4800.0,call,61.45,0.008447,0.008,0.009,1732.14,2886.0
1783037111,eth,1790323200000,3100.0,call,58.9,0.002336,0.0021,0.0026,1702.13,1815.0
1783037111,eth,1785484800000,1850.0,call,50.62,0.024323,0.023,0.024,1696.5,4686.0
1783037111,eth,1790323200000,1600.0,put,55.64,0.07584,0.075,0.0765,1702.13,5830.0
1783037111,eth,1798185600000,3300.0,call,57.73,0.011739,0.011,0.0125,1716.33,1790.0
1783037111,eth,1783065600000,1750.0,put,57.67,0.031155,0.0265,0.0365,1697.04,694.0
1783037111,eth,1787904000000,3400.0,put,65.65,1.001574,0.923,1.0865,1698.67,0.0
1783037111,eth,1783324800000,1675.0,put,41.5,0.010079,0.0095,0.011,1697.71,0.0
1783037111,eth,1787904000000,2400.0,call,54.01,0.005464,0.005,0.006,1698.67,1670.0
1783037111,eth,1785484800000,1600.0,call,54.49,0.091726,0.0905,0.0935,1696.36,3123.0
1783037111,eth,1787904000000,2400.0,put,54.01,0.418059,0.4025,0.482,1698.81,0.0
1783037111,eth,1783324800000,1750.0,put,39.76,0.035801,0.029,0.0415,1697.71,0.0
1783037111,eth,1783324800000,1525.0,put,62.74,0.000846,0.0007,0.0009,1697.71,10.0
1783037111,eth,1783670400000,1550.0,put,58.84,0.005608,0.0055,0.006,1696.71,3436.0
1783037111,eth,1798185600000,1200.0,call,63.1,0.34283,0.339,0.3475,1716.33,341.0
1783037111,eth,1798185600000,3500.0,call,58.41,0.00899,0.0085,0.0095,1716.33,24233.0
1783037111,eth,1783065600000,2200.0,put,120.95,0.295955,0.245,0.349,1697.04,0.0
1783037111,eth,1806048000000,2500.0,put,57.8,0.520151,0.5075,0.531,1732.14,560.0
1783037111,eth,1783152000000,1525.0,call,81.73,0.101617,0.093,0.1315,1697.71,90.0
1783037111,eth,1798185600000,1200.0,put,63.1,0.041914,0.041,0.043,1716.33,5423.0
1783037111,eth,1784275200000,1450.0,call,64.56,0.151757,0.1445,0.1605,1696.4,50.0
1783037111,eth,1790323200000,4400.0,call,70.31,0.000395,0.0003,0.0006,1702.13,4347.0
1783037111,eth,1783065600000,1725.0,put,49.02,0.017384,0.013,0.022,1696.9,399.0
1783037111,eth,1806048000000,1300.0,put,61.55,0.082193,0.081,0.0835,1732.14,1469.0
1783037111,eth,1813910400000,4500.0,put,59.94,1.595457,1.4825,1.7345,1748.26,0.0
1783037111,eth,1798185600000,2700.0,call,56.38,0.029506,0.0285,0.03,1716.33,2156.0
1783037111,eth,1787904000000,1600.0,put,54.89,0.057413,0.0565,0.058,1698.67,1405.0
1783037111,eth,1813910400000,1800.0,call,59.39,0.220034,0.218,0.2225,1748.26,1014.0
1783037111,eth,1790323200000,2000.0,call,53.23,0.044379,0.043,0.0445,1702.13,7324.0
1783037111,eth,1783152000000,1700.0,call,41.17,0.00903,0.008,0.0095,1697.71,1185.0
1783037111,eth,1783238400000,1625.0,put,46.07,0.002127,0.0019,0.0023,1697.71,134.0
1783037111,eth,1798185600000,4500.0,put,62.01,1.624311,1.5195,1.7425,1716.33,2.0
1783037111,eth,1798185600000,2900.0,put,56.65,0.710565,0.6665,0.7275,1716.33,164.0
1783037111,eth,1783065600000,1750.0,call,57.67,0.000282,0.0002,0.0004,1696.9,2147.0
1783037111,eth,1813910400000,2000.0,call,58.91,0.180161,0.178,0.1825,1748.12,1103.0
1783037111,eth,1798185600000,4800.0,put,63.09,1.798366,1.6875,1.922,1716.33,77.0
1783037111,eth,1785484800000,2000.0,call,50.85,0.009326,0.0085,0.0095,1696.36,9218.0
1783037111,eth,1783152000000,1475.0,put,95.15,0.000128,,0.0002,1697.71,2041.0
1783037111,eth,1813910400000,3000.0,call,58.52,0.069908,0.0685,0.07,1748.12,235.0
1783037111,eth,1798185600000,5000.0,put,63.89,1.914547,1.799,2.0425,1716.33,2.0
1783037111,eth,1806048000000,3800.0,put,59.02,1.211647,1.116,1.33,1732.14,2.0
1783037111,eth,1798185600000,2300.0,put,56.36,0.39869,0.3945,0.4065,1716.33,5181.0
1783037111,eth,1790323200000,6000.0,put,85.68,2.524547,2.3875,2.672,1702.27,0.0
1783037111,eth,1798185600000,2100.0,put,56.36,0.305838,0.299,0.312,1716.33,2018.0
1783037111,eth,1783670400000,1750.0,put,47.96,0.0459,0.044,0.049,1696.71,1169.0
1783037111,eth,1783670400000,1900.0,put,49.67,0.121306,0.1095,0.17,1696.85,41.0
1783037111,eth,1783065600000,1475.0,put,126.78,1e-06,,0.0001,1697.04,3489.0
1783037111,eth,1806048000000,2200.0,call,57.8,0.111181,0.1095,0.112,1732.14,1896.0
1783037111,eth,1798185600000,3100.0,call,57.21,0.015734,0.015,0.0165,1716.33,2047.0
1783037111,eth,1787904000000,1950.0,call,51.89,0.032399,0.031,0.0325,1698.81,1464.0
1783037111,eth,1806048000000,1600.0,call,59.25,0.232784,0.2305,0.2355,1732.14,924.0
1783037111,eth,1798185600000,3200.0,call,57.53,0.013633,0.013,0.0145,1716.33,67276.0
1783037111,eth,1798185600000,4400.0,call,61.62,0.003244,0.0029,0.0036,1716.47,1772.0
1783037111,eth,1783670400000,1800.0,put,47.94,0.06813,0.0595,0.075,1696.71,245.0
1783037111,eth,1806048000000,4000.0,call,59.36,0.015528,0.015,0.016,1732.14,1797.0
1783037111,eth,1790323200000,7400.0,put,95.7,3.346829,3.178,3.526,1702.27,0.0
1783037111,eth,1783238400000,1675.0,put,39.2,0.007031,0.0065,0.0075,1697.71,173.0
1783037111,eth,1783238400000,1825.0,put,47.24,0.075948,0.0335,0.1205,1697.71,0.0
1783037111,eth,1783065600000,1475.0,call,126.78,0.131122,0.123,0.1595,1696.9,3.0
1783037111,eth,1783238400000,1800.0,put,43.6,0.061479,0.0505,0.1045,1697.71,0.0
1783037111,eth,1783324800000,1650.0,call,43.58,0.033801,0.026,0.04,1697.71,0.0
1783037111,eth,1783238400000,1750.0,call,38.56,0.002597,0.0022,0.0028,1697.71,711.0
1783037111,eth,1787904000000,1300.0,call,63.94,0.250895,0.245,0.2585,1698.81,50.0
1783037111,eth,1783238400000,1825.0,call,47.24,0.0004,0.0003,0.0005,1697.71,241.0
1783037111,eth,1790323200000,2800.0,put,56.38,0.649175,0.637,0.6605,1702.27,1287.0
1783037111,eth,1787904000000,1500.0,call,57.04,0.155123,0.15,0.1595,1698.81,508.0
1783037111,eth,1783670400000,1750.0,call,47.96,0.014693,0.0135,0.015,1696.71,4745.0
1783037111,eth,1790323200000,6200.0,call,86.26,0.000195,,0.0002,1702.13,2026.0
1783037111,eth,1785484800000,2050.0,call,50.86,0.006589,0.006,0.007,1696.5,3649.0
1783037111,eth,1787904000000,2800.0,put,58.42,0.649557,0.584,0.722,1698.67,0.0
1783037111,eth,1783065600000,1900.0,put,103.84,0.119235,0.107,0.166,1697.04,53.0
1783037111,eth,1806048000000,4600.0,call,60.72,0.009532,0.009,0.01,1732.14,928.0
1783037111,eth,1790323200000,1700.0,put,54.51,0.103442,0.1025,0.1045,1702.13,3539.0
1783037111,eth,1806048000000,2000.0,call,57.98,0.142145,0.1405,0.1435,1732.14,1144.0
1783037111,eth,1790323200000,5600.0,put,79.74,2.289536,2.162,2.4265,1702.27,0.0
1783037111,eth,1790323200000,5500.0,call,79.7,0.000208,0.0001,0.0003,1702.13,1487.0
1783037111,eth,1813910400000,3500.0,call,58.88,0.045747,0.0445,0.047,1748.26,732.0
1783037111,eth,1790323200000,1700.0,call,54.51,0.104887,0.1035,0.106,1702.27,2698.0
1783037111,eth,1806048000000,1400.0,put,60.59,0.103587,0.1025,0.105,1732.14,2697.0
1783037111,eth,1783152000000,1550.0,call,74.67,0.08699,0.078,0.12,1697.71,100.0
1783037111,eth,1790323200000,7500.0,put,96.47,3.405567,3.2345,3.588,1702.27,0.0
1783037111,eth,1806048000000,1800.0,put,58.5,0.221208,0.2195,0.223,1732.14,2542.0
1783037111,eth,1790323200000,2200.0,call,53.23,0.02402,0.023,0.0245,1702.27,3706.0
1783037111,eth,1806048000000,3500.0,call,58.43,0.024969,0.0245,0.0255,1732.14,4386.0
1783037111,eth,1783238400000,1600.0,call,50.77,0.058351,0.0535,0.063,1697.71,755.0
1783037111,eth,1790323200000,5500.0,put,79.7,2.230828,2.1055,2.3645,1702.13,1.0
1783037111,eth,1813910400000,1500.0,put,60.72,0.155213,0.1535,0.157,1748.12,26.0
1783037111,eth,1787904000000,2600.0,put,55.97,0.533042,0.5155,0.6025,1698.81,1.0
1783037111,eth,1806048000000,3600.0,put,58.68,1.100236,1.0075,1.216,1732.14,1.0
1783037111,eth,1790323200000,2900.0,call,57.22,0.003581,0.0033,0.0039,1702.27,5004.0
1783037111,eth,1806048000000,1900.0,call,58.23,0.161003,0.1595,0.1625,1732.14,1090.0
1783037111,eth,1790323200000,5400.0,put,78.68,2.172091,2.049,2.304,1702.13,4.0
1783037111,eth,1787904000000,3600.0,call,69.57,0.000358,0.0002,0.0006,1698.81,935.0
1783037111,eth,1790323200000,1900.0,put,53.23,0.175425,0.1705,0.18,1702.27,3906.0
1783037111,eth,1783065600000,2100.0,put,120.95,0.237048,0.222,0.288,1696.9,0.0
1783037111,eth,1783238400000,1575.0,put,55.88,0.000849,0.0007,0.001,1697.71,184.0
1783037111,eth,1790323200000,3400.0,put,61.73,0.998498,0.983,1.0125,1702.27,870.0
1783037111,eth,1806048000000,1900.0,put,58.23,0.257543,0.251,0.2615,1732.14,703.0
1783037111,eth,1783152000000,1400.0,call,102.06,0.175038,0.167,0.2005,1697.71,4.0
1783037111,eth,1784275200000,1300.0,call,77.76,0.236205,0.2295,0.264,1696.4,50.0
1783037111,eth,1787904000000,3800.0,call,71.14,0.00024,0.0001,0.0005,1698.81,305.0
1783037111,eth,1784275200000,2000.0,call,50.61,0.002306,0.0021,0.0025,1696.25,39.0
1783037111,eth,1783670400000,1725.0,call,47.96,0.019879,0.019,0.0205,1696.71,945.0
1783037111,eth,1790323200000,7400.0,call,95.7,0.000177,,0.0002,1702.13,1019.0
1783037111,eth,1783238400000,1675.0,call,39.2,0.019885,0.0185,0.0205,1697.71,854.0
1783037111,eth,1790323200000,5200.0,put,77.24,2.054982,1.936,2.1815,1702.13,3.0
1783037111,eth,1783324800000,1600.0,call,50.21,0.059614,0.052,0.077,1697.71,0.0
1783037111,eth,1783152000000,1600.0,put,60.18,0.000781,0.0006,0.0009,1697.71,3783.0
1783037111,eth,1783670400000,1675.0,put,49.99,0.022053,0.0215,0.023,1696.71,142.0
1783037111,eth,1790323200000,14000.0,put,124.59,7.223484,6.904,7.56,1702.27,0.0
1783037111,eth,1783670400000,1650.0,call,51.18,0.044499,0.043,0.0465,1696.71,2861.0
1783037111,eth,1798185600000,2600.0,put,56.36,0.549622,0.538,0.562,1716.47,1055.0
1783037111,eth,1790323200000,6400.0,put,87.38,2.759442,2.6135,2.916,1702.27,0.0
1783037111,eth,1783065600000,1800.0,put,73.18,0.060354,0.0555,0.066,1696.9,1455.0
1783037111,eth,1787904000000,2050.0,put,52.05,0.228326,0.2165,0.266,1698.81,160.0
1783037111,eth,1783065600000,1300.0,put,136.84,0.0,,0.0001,1696.9,4240.0
1783037111,eth,1790323200000,6600.0,put,89.16,2.877352,2.7265,3.037,1702.13,0.0
1783037111,eth,1790323200000,2800.0,call,56.38,0.004496,0.0042,0.0048,1702.27,7905.0
1783037111,eth,1787904000000,1950.0,put,51.89,0.180133,0.1745,0.186,1698.67,271.0
1783037111,eth,1798185600000,2900.0,call,56.65,0.021248,0.0205,0.022,1716.33,862.0
1783037111,eth,1785484800000,4000.0,call,96.54,7.9e-05,,0.0001,1696.5,8682.0
1783037111,eth,1783152000000,1650.0,put,47.46,0.002454,0.0022,0.0027,1697.71,525.0
1783037111,eth,1806048000000,2700.0,put,57.8,0.619072,0.5375,0.726,1732.14,147.0
1783037111,eth,1784275200000,1600.0,call,54.57,0.076491,0.074,0.079,1696.25,948.0
1783037111,eth,1783324800000,1675.0,call,41.5,0.023026,0.022,0.0235,1697.71,124.0
1783037111,eth,1783152000000,1450.0,call,101.91,0.145656,0.1375,0.173,1697.71,18.0
1783037111,eth,1783670400000,1550.0,call,58.84,0.092253,0.0875,0.0965,1696.85,580.0
1783037111,eth,1785484800000,1750.0,put,50.86,0.074305,0.073,0.0765,1696.5,1908.0
1783037111,eth,1783670400000,1650.0,put,51.18,0.016781,0.0165,0.0175,1696.85,2153.0
1783037111,eth,1783238400000,1725.0,put,37.67,0.022183,0.0031,0.043,1697.71,3.0
1783037111,eth,1790323200000,3500.0,call,62.64,0.001187,0.001,0.0014,1702.27,14708.0
1783037111,eth,1790323200000,1800.0,call,53.78,0.07957,0.0785,0.0805,1702.27,2312.0
1783037111,eth,1785484800000,3800.0,call,91.33,7.9e-05,,0.0001,1696.5,2185.0
1783037111,eth,1785484800000,1300.0,put,70.31,0.006847,0.0065,0.007,1696.36,5540.0
1783037111,eth,1806048000000,3400.0,call,58.34,0.027787,0.027,0.0285,1732.14,1860.0
1783037111,eth,1785484800000,2000.0,put,50.84,0.187867,0.181,0.1935,1696.36,3590.0
1783037111,eth,1813910400000,900.0,put,67.4,0.038793,0.0375,0.04,1748.12,564.0
1783037111,eth,1783065600000,1850.0,call,85.15,3e-06,,0.0001,1696.9,2793.0
1783037111,eth,1783670400000,1850.0,put,48.05,0.0936,0.0825,0.122,1696.85,22.0
1783037111,eth,1813910400000,1300.0,call,62.02,0.361428,0.357,0.367,1748.26,50.0
1783037111,eth,1787904000000,1600.0,call,54.89,0.115682,0.112,0.119,1698.81,898.0
1783037111,eth,1798185600000,1500.0,call,58.8,0.222416,0.219,0.2265,1716.33,702.0
1783037111,eth,1787904000000,1300.0,put,63.94,0.016051,0.0155,0.0165,1698.67,6227.0
1783037111,eth,1783324800000,1500.0,call,67.04,0.116692,0.1085,0.145,1697.71,0.0
1783037111,eth,1790323200000,5000.0,put,74.94,1.937167,1.8235,2.06,1702.13,2.0
1783037111,eth,1787904000000,1450.0,call,58.54,0.177358,0.172,0.184,1698.67,51.0
1783037111,eth,1785484800000,3600.0,call,89.1,0.000124,,0.0002,1696.36,2052.0
1783037111,eth,1798185600000,11000.0,put,82.33,5.407964,5.1565,5.43,1716.47,109.0
1783037111,eth,1783238400000,1650.0,put,42.21,0.003793,0.0035,0.0041,1697.71,532.0
1783037111,eth,1798185600000,2800.0,call,56.52,0.025043,0.024,0.0255,1716.47,5711.0
1783037111,eth,1813910400000,1800.0,put,59.39,0.249529,0.2475,0.252,1748.12,101.0
1783037111,eth,1783324800000,1725.0,call,39.59,0.008355,0.0075,0.0085,1697.71,727.0
1783037111,eth,1783670400000,2200.0,call,68.34,0.000124,,0.0002,1696.85,1533.0
1783037111,eth,1798185600000,3400.0,put,58.05,0.990815,0.9425,1.0775,1716.33,89.0
1783037111,eth,1784275200000,1400.0,put,68.77,0.004417,0.0043,0.0046,1696.25,1991.0
1783037111,eth,1784880000000,1500.0,call,59.48,0.130543,0.109,0.138,1696.27,0.0
1783037111,eth,1798185600000,8000.0,put,73.38,3.660557,3.4775,3.8545,1716.33,0.0
1783037111,eth,1787904000000,1800.0,put,52.21,0.117139,0.114,0.121,1698.67,501.0
1783037111,eth,1798185600000,1000.0,put,68.17,0.022262,0.0215,0.023,1716.33,19428.0
1783037111,eth,1806048000000,3300.0,put,58.17,0.935176,0.846,1.0475,1732.14,1.0
1783037111,eth,1785484800000,1750.0,call,50.87,0.043021,0.042,0.044,1696.36,6753.0
1783037111,eth,1785484800000,2200.0,put,52.49,0.298893,0.2915,0.306,1696.5,2337.0
1783037111,eth,1783152000000,1750.0,call,43.67,0.001609,0.0013,0.0018,1697.71,626.0
1783037111,eth,1783238400000,1525.0,put,65.91,0.000394,0.0003,0.0005,1697.71,15.0
1783037111,eth,1790323200000,14000.0,call,124.59,9e-05,,0.0003,1702.27,1211.0
1783037111,eth,1787904000000,2000.0,put,51.82,0.203576,0.1925,0.2475,1698.67,155.0
1783037111,eth,1783152000000,1750.0,put,43.67,0.032829,0.0235,0.04,1697.71,0.0
1783037111,eth,1787904000000,3600.0,put,69.57,1.119252,1.0365,1.2095,1698.67,1.0
1783037111,eth,1785484800000,2500.0,call,59.86,0.000691,0.0006,0.0008,1696.5,1019.0
1783037111,eth,1798185600000,1400.0,call,59.91,0.258791,0.2555,0.264,1716.33,896.0
1783037111,eth,1806048000000,2600.0,put,57.8,0.569107,0.5565,0.58,1732.14,626.0
1783037111,eth,1784275200000,1675.0,put,51.42,0.034331,0.034,0.035,1696.25,2.0
1783037111,eth,1790323200000,4600.0,call,71.78,0.000324,0.0002,0.0006,1702.13,3083.0
1783037111,eth,1806048000000,2800.0,call,57.8,0.0541,0.0525,0.0545,1732.14,2316.0
1783037111,eth,1790323200000,10000.0,call,106.99,8.9e-05,,0.0002,1702.27,1562.0
1783037111,eth,1783152000000,1525.0,put,81.73,0.000251,0.0001,0.0004,1697.71,1508.0
1783037111,eth,1813910400000,2300.0,call,58.52,0.134006,0.1325,0.1355,1748.12,6.0
1783037111,eth,1813910400000,2700.0,call,58.52,0.092045,0.0905,0.093,1748.12,0.0
1783037111,eth,1783238400000,1475.0,call,75.09,0.130906,0.1235,0.159,1697.71,0.0
1783037111,eth,1783065600000,1450.0,call,136.65,0.145848,0.138,0.163,1696.9,33.0
1783037111,eth,1787904000000,1900.0,put,52.12,0.158025,0.1525,0.162,1698.81,269.0
1783037111,eth,1790323200000,3800.0,put,64.79,1.232786,1.1455,1.3285,1702.27,954.0
1783037111,eth,1790323200000,16000.0,call,130.17,7.8e-05,,0.0001,1702.27,7426.0
1783037111,eth,1783065600000,1625.0,put,81.27,0.000351,0.0003,0.0005,1696.9,4692.0
1783037111,eth,1798185600000,3300.0,put,57.73,0.934066,0.864,1.0105,1716.47,0.0
1783037111,eth,1798185600000,3400.0,call,58.05,0.010237,0.0095,0.011,1716.33,12460.0
1783037111,eth,1785484800000,1400.0,put,63.98,0.011538,0.011,0.012,1696.36,9942.0
1783037111,eth,1790323200000,3200.0,call,59.81,0.001937,0.0017,0.0022,1702.27,7793.0
1783037111,eth,1790323200000,6200.0,put,86.26,2.641984,2.501,2.793,1702.13,0.0
1783037111,eth,1783065600000,1575.0,put,111.95,0.000147,0.0001,0.0003,1696.9,3595.0
1783037111,eth,1798185600000,2000.0,call,56.36,0.097544,0.0965,0.0985,1716.33,1786.0
1783037111,eth,1787904000000,1700.0,call,53.2,0.08296,0.082,0.0835,1698.67,966.0
1783037111,eth,1790323200000,1000.0,put,74.05,0.007997,0.0075,0.0085,1702.27,6105.0
1783037111,eth,1785484800000,1500.0,call,58.78,0.136137,0.132,0.1405,1696.36,577.0
1783037111,eth,1784880000000,2200.0,call,54.48,0.001366,0.0012,0.0015,1696.27,1.0
1783037111,eth,1783152000000,1900.0,put,73.05,0.119687,0.0755,0.166,1697.71,0.0
1783037111,eth,1783065600000,1575.0,call,111.95,0.072361,0.0675,0.077,1696.9,1681.0
1783037111,eth,1783065600000,1400.0,call,136.84,0.175301,0.1675,0.1945,1696.9,7.0
1783037111,eth,1790323200000,1000.0,call,74.05,0.420612,0.416,0.4405,1702.13,124.0
1783037111,eth,1784880000000,1900.0,call,50.23,0.012141,0.011,0.012,1696.27,4.0
1783037111,eth,1785484800000,1400.0,call,63.98,0.186577,0.18,0.194,1696.36,150.0
1783037111,eth,1798185600000,1800.0,call,56.94,0.137044,0.136,0.1385,1716.33,2430.0
1783037111,eth,1798185600000,800.0,put,75.16,0.010991,0.0105,0.0115,1716.33,2377.0
1783037111,eth,1806048000000,4800.0,put,61.45,1.77845,1.6645,1.9125,1732.14,0.0
1783037111,eth,1785484800000,4200.0,put,101.4,1.474962,1.379,1.5775,1696.36,0.0
1783037111,eth,1790323200000,5200.0,call,77.24,0.000238,0.0001,0.0004,1702.27,1688.0
1783037111,eth,1783065600000,1600.0,call,96.51,0.057702,0.053,0.062,1696.9,6897.0
1783037111,eth,1787904000000,3400.0,call,65.65,0.000397,0.0003,0.0007,1698.67,281.0
1783037111,eth,1785484800000,2700.0,put,65.3,0.591385,0.582,0.6,1696.36,630.0
1783037111,eth,1785484800000,2600.0,put,62.32,0.53256,0.514,0.598,1696.5,31.0
1783037111,eth,1813910400000,3000.0,put,58.52,0.785733,0.694,0.906,1748.12,0.0
1783037111,eth,1787904000000,2000.0,call,51.82,0.026413,0.025,0.0265,1698.67,1736.0
1783037111,eth,1806048000000,800.0,put,71.63,0.019813,0.019,0.02,1732.14,409.0
1783037111,eth,1783065600000,1650.0,put,65.05,0.000627,0.0006,0.0008,1696.9,5994.0
1783037111,eth,1798185600000,1500.0,put,58.8,0.096254,0.095,0.0975,1716.33,13354.0
1783037111,eth,1783324800000,1900.0,put,51.2,0.119826,0.1075,0.166,1697.71,0.0
1783037111,eth,1798185600000,2000.0,put,56.36,0.262627,0.258,0.2675,1716.47,9758.0
1783037111,eth,1787904000000,2200.0,put,52.22,0.306539,0.293,0.372,1698.67,169.0
1783037111,eth,1806048000000,4200.0,call,59.75,0.013029,0.0125,0.0135,1732.14,3479.0
1783037111,eth,1798185600000,800.0,call,75.16,0.544973,0.527,0.5525,1716.33,171.0
1783037111,eth,1806048000000,4500.0,call,60.63,0.010422,0.0095,0.011,1732.28,2428.0
1783037111,eth,1798185600000,5500.0,call,65.59,0.001317,0.001,0.0017,1716.47,1398.0
1783037111,eth,1798185600000,4000.0,call,60.29,0.004985,0.0045,0.0055,1716.33,16534.0
1783037111,eth,1784880000000,1750.0,put,50.44,0.066704,0.063,0.0695,1696.27,0.0
1783037111,eth,1784880000000,1650.0,put,52.82,0.037663,0.037,0.0385,1696.27,346.0
1783037111,eth,1784880000000,1550.0,call,56.93,0.106587,0.101,0.1135,1696.27,0.0
1783037111,eth,1790323200000,9000.0,put,101.38,4.286556,4.0815,4.505,1702.27,0.0
1783037111,eth,1790323200000,1200.0,call,65.41,0.312664,0.308,0.3215,1702.13,138.0
1783037111,eth,1783670400000,1675.0,call,49.99,0.035041,0.034,0.0355,1696.85,1288.0
1783037111,eth,1784880000000,2000.0,put,50.54,0.184299,0.171,0.206,1696.27,0.0
1783037111,eth,1783065600000,1700.0,put,45.57,0.006208,0.006,0.007,1696.9,5173.0
1783037111,eth,1783324800000,1700.0,put,40.11,0.016206,0.016,0.017,1697.71,31.0
1783037111,eth,1787904000000,1700.0,put,53.2,0.083606,0.083,0.085,1698.67,2346.0
1783037111,eth,1790323200000,2300.0,put,53.27,0.368604,0.359,0.3775,1702.13,1212.0
1783037111,eth,1784880000000,1900.0,put,50.23,0.132041,0.1205,0.181,1696.27,1.0
1783037111,eth,1813910400000,2100.0,put,58.75,0.364213,0.3535,0.377,1748.12,0.0
1783037111,eth,1783152000000,1400.0,put,102.06,1.4e-05,,0.0001,1697.71,1149.0
1783037111,eth,1798185600000,1000.0,call,68.17,0.439686,0.4365,0.4475,1716.33,54.0
1783037111,eth,1798185600000,2800.0,put,56.52,0.656107,0.644,0.6705,1716.33,2205.0
1783037111,eth,1790323200000,3000.0,call,58.03,0.002867,0.0026,0.0032,1702.13,13326.0
1783037111,eth,1784275200000,1400.0,call,68.77,0.179403,0.1725,0.1875,1696.4,50.0
1783037111,eth,1790323200000,4000.0,put,66.72,1.350384,1.2585,1.45,1702.13,140.0
1783037111,eth,1783670400000,1800.0,call,47.94,0.00746,0.0065,0.0075,1696.71,5929.0
1783037111,eth,1790323200000,6500.0,put,88.28,2.818181,2.67,2.9765,1702.13,0.0
1783037111,eth,1783324800000,1900.0,call,51.2,0.000184,0.0001,0.0003,1697.71,1020.0
1783037111,eth,1798185600000,4400.0,put,61.62,1.566346,1.4635,1.6825,1716.47,20.0
1783037111,eth,1785484800000,3600.0,put,89.1,1.121452,1.0395,1.21,1696.5,17.0
1783037111,eth,1783152000000,1500.0,put,88.06,0.000172,0.0001,0.0003,1697.71,80.0
1783037111,eth,1785484800000,4000.0,put,96.54,1.357111,1.2655,1.455,1696.5,0.0
1783037111,eth,1787904000000,2200.0,call,52.21,0.011526,0.011,0.012,1698.67,1084.0
1783037111,eth,1790323200000,3400.0,call,61.73,0.001388,0.0012,0.0016,1702.27,6667.0
1783037111,eth,1790323200000,5800.0,put,81.79,2.407013,2.275,2.5485,1702.13,0.0
1783037111,eth,1790323200000,4400.0,put,70.31,1.584891,1.4845,1.694,1702.13,281.0
1783037111,eth,1787904000000,2350.0,put,53.38,0.389629,0.3475,0.4275,1698.81,100.0
1783037111,eth,1813910400000,1200.0,call,62.91,0.397779,0.3935,0.404,1748.12,50.0
1783037111,eth,1785484800000,1650.0,put,53.07,0.04539,0.045,0.046,1696.36,4996.0
1783037111,eth,1783670400000,2200.0,put,68.34,0.296499,0.246,0.351,1696.85,1.0
1783037111,eth,1798185600000,1300.0,put,61.3,0.056318,0.0555,0.0575,1716.47,1572.0
1783037111,eth,1783324800000,1550.0,call,58.41,0.087779,0.08,0.1195,1697.71,0.0
1783037111,eth,1790323200000,2600.0,call,54.95,0.007482,0.007,0.008,1702.27,3332.0
1783037111,eth,1798185600000,7000.0,put,69.91,3.078177,2.9185,3.2495,1716.33,0.0
1783037111,eth,1783238400000,1900.0,put,60.04,0.119905,0.109,0.1665,1697.71,0.0
1783037111,eth,1806048000000,1200.0,put,62.79,0.064149,0.063,0.0655,1732.14,977.0
1783037111,eth,1813910400000,4000.0,call,59.35,0.030943,0.03,0.0315,1748.26,848.0
1783037111,eth,1790323200000,7000.0,put,92.53,3.112333,2.952,3.283,1702.13,0.0
1783037111,eth,1783065600000,1850.0,put,85.15,0.089783,0.085,0.095,1696.9,574.0
1783037111,eth,1790323200000,1900.0,call,53.24,0.059357,0.0585,0.0605,1702.13,1103.0
1783037111,eth,1798185600000,2300.0,call,56.36,0.058738,0.057,0.059,1716.33,2693.0
1783037111,eth,1806048000000,1800.0,call,58.5,0.182229,0.1805,0.184,1732.14,2311.0
1783037111,eth,1787904000000,2050.0,call,52.05,0.021734,0.0205,0.0215,1698.81,861.0
1783037111,eth,1783238400000,1625.0,call,46.07,0.044448,0.0395,0.049,1697.71,1510.0
1783037111,eth,1785484800000,1550.0,put,56.31,0.026236,0.026,0.027,1696.36,3218.0
1783037111,eth,1787904000000,1800.0,call,52.21,0.057693,0.057,0.0585,1698.67,3962.0
1783037111,eth,1784880000000,1400.0,put,65.99,0.008039,0.0075,0.0085,1696.27,1508.0
1783037111,eth,1783065600000,1500.0,put,126.38,5e-06,,0.0001,1696.9,7705.0
1783037111,eth,1813910400000,1900.0,call,59.11,0.199032,0.197,0.2015,1748.12,0.0
1783037111,eth,1806048000000,3700.0,call,58.78,0.02051,0.02,0.021,1732.14,1416.0
1783037111,eth,1806048000000,5000.0,call,61.72,0.007202,0.007,0.0075,1732.14,1191.0
1783037111,eth,1806048000000,2000.0,put,57.98,0.296492,0.2885,0.3015,1732.14,1438.0
1783037111,eth,1783065600000,1950.0,put,118.61,0.148688,0.1365,0.196,1696.9,0.0
1783037111,eth,1790323200000,2100.0,put,53.23,0.266305,0.2585,0.274,1702.13,2752.0
1783037111,eth,1806048000000,1200.0,call,62.79,0.371596,0.3685,0.4095,1732.14,50.0
1783037111,eth,1785484800000,2450.0,call,58.22,0.000791,0.0007,0.0009,1696.36,5525.0
1783037111,eth,1790323200000,2700.0,put,55.54,0.59165,0.58,0.6025,1702.27,527.0
1783037111,eth,1783324800000,1850.0,call,45.5,0.000399,0.0003,0.0005,1697.71,0.0
1783037111,eth,1783670400000,1725.0,put,47.96,0.036355,0.0345,0.0385,1696.85,709.0
1783037111,eth,1806048000000,2500.0,call,57.8,0.077441,0.0755,0.0775,1732.14,1302.0
1783037111,eth,1790323200000,16000.0,put,130.17,8.399292,8.033,8.7825,1702.13,30.0
1783037111,eth,1790323200000,2300.0,call,53.27,0.017481,0.017,0.018,1702.27,10015.0
1783037111,eth,1783238400000,1850.0,call,51.81,0.000289,0.0002,0.0004,1697.71,700.0
1783037111,eth,1790323200000,1400.0,put,59.39,0.037701,0.037,0.0385,1702.27,5845.0
1783037111,eth,1806048000000,1500.0,put,59.84,0.128359,0.1275,0.1295,1732.14,3950.0
1783037111,eth,1806048000000,4500.0,put,60.63,1.6073,1.499,1.736,1732.14,0.0
1783037111,eth,1784275200000,1200.0,put,87.34,0.001224,0.0011,0.0013,1696.4,2526.0
1783037111,eth,1813910400000,2700.0,put,58.52,0.636288,0.548,0.7525,1748.12,0.0
1783037111,eth,1790323200000,1600.0,call,55.64,0.136023,0.135,0.1375,1702.27,4288.0
1783037111,eth,1806048000000,3000.0,put,57.83,0.774019,0.7605,0.7905,1732.14,352.0
1783037111,eth,1813910400000,1700.0,put,59.78,0.215771,0.214,0.218,1748.12,2.0
1783037111,eth,1785484800000,2750.0,put,66.66,0.620805,0.5575,0.6895,1696.5,2.0
1783037111,eth,1798185600000,5200.0,put,64.76,2.030806,1.911,2.163,1716.47,0.0
1783037111,eth,1798185600000,4800.0,call,63.09,0.002255,0.0019,0.0026,1716.33,2476.0
1783037111,eth,1785484800000,2750.0,call,66.66,0.000346,0.0003,0.0004,1696.5,148.0
1783037111,eth,1783238400000,1650.0,call,42.21,0.03138,0.0275,0.036,1697.71,582.0
1783037111,eth,1785484800000,3200.0,put,77.64,0.885768,0.812,0.965,1696.36,5.0
1783037111,eth,1813910400000,2000.0,put,58.91,0.324045,0.314,0.336,1748.12,27.0
1783037111,eth,1806048000000,1500.0,call,59.84,0.262543,0.2595,0.266,1732.14,227.0
1783037111,eth,1783324800000,1825.0,call,43.52,0.000697,0.0005,0.0008,1697.71,3.0
1783037111,eth,1790323200000,3800.0,call,64.79,0.000722,0.0006,0.001,1702.13,2006.0
1783037111,eth,1798185600000,2700.0,put,56.38,0.602318,0.5905,0.6155,1716.33,430.0
1783037111,eth,1783670400000,1300.0,put,89.46,0.000712,0.0006,0.0008,1696.85,7558.0
1783037111,eth,1785484800000,2800.0,put,67.45,0.650208,0.5855,0.72,1696.5,2.0
1783037111,eth,1790323200000,7500.0,call,96.47,0.000177,,0.0004,1702.27,1322.0
1783037111,eth,1790323200000,6800.0,put,90.87,2.994397,2.8395,3.16,1702.13,0.0
1783037111,eth,1785484800000,2200.0,call,52.49,0.002525,0.0023,0.0027,1696.36,10668.0
1783037111,eth,1785484800000,2450.0,put,58.22,0.444473,0.3875,0.507,1696.5,249.0
1783037111,eth,1783065600000,2000.0,call,120.95,0.0,,0.0001,1696.9,3100.0
1783037111,eth,1783152000000,1650.0,call,47.46,0.030148,0.0265,0.0345,1697.71,1041.0
1783037111,eth,1784275200000,1300.0,put,77.76,0.002298,0.0021,0.0025,1696.25,1284.0
1783037111,eth,1785484800000,3000.0,put,72.13,0.767953,0.6995,0.843,1696.36,5.0
1783037111,eth,1790323200000,3300.0,call,60.79,0.001635,0.0014,0.0019,1702.13,17322.0
1783037111,eth,1798185600000,7000.0,call,69.91,0.000515,0.0004,0.0008,1716.33,2825.0
1783037111,eth,1785484800000,2150.0,put,51.64,0.270286,0.263,0.2775,1696.36,1097.0
1783037111,eth,1784275200000,1675.0,call,51.42,0.047051,0.046,0.0475,1696.25,879.0
1783037111,eth,1806048000000,3300.0,call,58.17,0.030799,0.03,0.0315,1732.14,1884.0
1783037111,eth,1785484800000,1550.0,call,56.31,0.112825,0.109,0.1175,1696.5,1778.0
1783037111,eth,1783324800000,1775.0,put,40.52,0.048382,0.0365,0.0565,1697.71,0.0
1783037111,eth,1783238400000,1725.0,call,37.67,0.00557,0.005,0.006,1697.71,644.0
1783037111,eth,1783324800000,1400.0,put,83.33,0.000187,0.0001,0.0003,1697.71,21.0
1783037111,eth,1787904000000,2250.0,call,52.54,0.009455,0.009,0.01,1698.67,1041.0
1783037111,eth,1798185600000,1800.0,put,56.94,0.185701,0.1845,0.187,1716.33,4452.0
1783037111,eth,1783670400000,1525.0,call,61.72,0.105819,0.0875,0.1245,1696.71,94.0
1783037111,eth,1790323200000,2200.0,put,53.23,0.316267,0.307,0.3245,1702.27,5537.0
1783037111,eth,1798185600000,1300.0,call,61.3,0.298982,0.2955,0.326,1716.33,50.0
1783037111,eth,1813910400000,1400.0,put,61.31,0.128739,0.127,0.1305,1748.12,2.0
1783037111,eth,1783324800000,1725.0,put,39.59,0.024873,0.021,0.0275,1697.71,0.0
1783037111,eth,1790323200000,3200.0,put,59.81,0.88157,0.8715,0.8945,1702.27,1344.0
1783037111,eth,1784275200000,1650.0,put,52.39,0.028553,0.028,0.0295,1696.25,380.0
1783037111,eth,1787904000000,2600.0,call,55.97,0.00273,0.0025,0.003,1698.67,535.0
1783037111,eth,1783324800000,1625.0,put,46.62,0.003819,0.0036,0.0041,1697.71,13.0
1783037111,eth,1783065600000,1625.0,call,81.27,0.043112,0.038,0.0475,1696.9,3375.0
1783037111,eth,1806048000000,3000.0,call,57.83,0.042767,0.042,0.0435,1732.14,4972.0
1783037111,eth,1813910400000,1600.0,call,60.21,0.269102,0.2645,0.2745,1748.26,242.0
1783037111,eth,1783152000000,1475.0,call,95.15,0.130958,0.11,0.1505,1697.71,50.0
1783037111,eth,1790323200000,1200.0,put,65.41,0.017526,0.017,0.018,1702.27,11857.0
1783037111,eth,1798185600000,5000.0,call,63.89,0.001931,0.0016,0.0023,1716.47,4258.0
1783037111,eth,1784275200000,1700.0,put,50.61,0.040936,0.041,0.042,1696.4,163.0
1783037111,eth,1783152000000,1675.0,put,43.17,0.005136,0.0048,0.0055,1697.71,644.0
1783037111,eth,1806048000000,2900.0,put,57.8,0.721599,0.7085,0.7375,1732.28,260.0
1783037111,eth,1813910400000,4500.0,call,59.94,0.021719,0.021,0.022,1748.12,425.0
1783037111,eth,1783238400000,1450.0,call,80.85,0.145602,0.122,0.169,1697.71,0.0
1783037111,eth,1784275200000,1550.0,put,57.36,0.013159,0.013,0.014,1696.25,981.0
1783037111,eth,1798185600000,1900.0,put,56.59,0.22256,0.2175,0.2275,1716.33,2710.0
1783037111,eth,1790323200000,4500.0,call,71.04,0.000356,0.0002,0.0005,1702.13,8554.0
1783037111,eth,1787904000000,1100.0,put,73.1,0.006512,0.006,0.007,1698.67,854.0
1783037111,eth,1785484800000,2100.0,call,50.96,0.004614,0.0044,0.0048,1696.36,2577.0
1783037111,eth,1784880000000,1800.0,put,50.36,0.086278,0.0825,0.0885,1696.27,0.0
1783037111,eth,1783324800000,1400.0,call,83.33,0.175187,0.1675,0.205,1697.71,0.0
1783037111,eth,1783065600000,1550.0,put,124.28,8.7e-05,,0.0002,1697.04,9427.0
1783037111,eth,1806048000000,4400.0,put,60.16,1.550193,1.444,1.677,1732.14,0.0
1783037111,eth,1790323200000,7200.0,call,94.14,0.000177,,0.0004,1702.13,1160.0
1783037111,eth,1785484800000,2900.0,put,70.43,0.709092,0.642,0.782,1696.5,3.0
1783037111,eth,1787904000000,1550.0,call,55.89,0.134591,0.1315,0.138,1698.81,137.0
1783037111,eth,1813910400000,3200.0,call,58.66,0.058821,0.0575,0.0605,1748.12,224.0
1783037111,eth,1783670400000,1600.0,call,54.47,0.066792,0.062,0.071,1696.71,1832.0
1783037111,eth,1787904000000,3200.0,call,63.56,0.000611,0.0004,0.0009,1698.81,281.0
1783037111,eth,1783065600000,1675.0,put,51.03,0.001607,0.0015,0.0019,1696.9,1353.0
1783037111,eth,1790323200000,7000.0,call,92.53,0.000177,,0.0002,1702.27,2032.0
1783037111,eth,1787904000000,1000.0,call,79.13,0.415688,0.3985,0.437,1698.67,50.0
1783037111,eth,1790323200000,6600.0,call,89.16,0.000176,,0.0002,1702.27,1414.0
1783037111,eth,1790323200000,11000.0,put,112.03,5.461328,5.2105,5.726,1702.27,0.0
1783037111,eth,1790323200000,3300.0,put,60.79,0.940007,0.864,1.026,1702.13,3.0
1783037111,eth,1783152000000,1725.0,put,41.42,0.020378,0.0135,0.044,1697.71,5.0
1783037111,eth,1784275200000,1625.0,call,53.55,0.06601,0.0635,0.0715,1696.4,200.0
1783037111,eth,1806048000000,1000.0,call,66.42,0.460049,0.4565,0.4645,1732.14,269.0
1783037111,eth,1784275200000,1650.0,call,52.39,0.056129,0.0545,0.0575,1696.4,902.0
1783037111,eth,1783065600000,1650.0,call,65.05,0.028661,0.0245,0.0325,1696.9,4895.0
1783037111,eth,1784275200000,1500.0,call,60.74,0.125034,0.1175,0.1325,1696.25,74.0
1783037111,eth,1783238400000,1525.0,call,65.91,0.101649,0.078,0.1245,1697.71,50.0
1783037111,eth,1813910400000,1500.0,call,60.72,0.297255,0.2925,0.303,1748.26,50.0
1783037111,eth,1790323200000,8000.0,call,99.85,0.000172,,0.0001,1702.27,1092.0
1783037111,eth,1783065600000,1775.0,put,70.42,0.045738,0.041,0.051,1696.9,1149.0
1783037111,eth,1798185600000,6500.0,put,68.38,2.787064,2.638,2.947,1716.33,0.0
1783037111,eth,1806048000000,3100.0,call,57.92,0.038237,0.0375,0.039,1732.14,1362.0
1783037111,eth,1783670400000,1450.0,put,70.15,0.002223,0.0021,0.0024,1696.71,2907.0
1783037111,eth,1783065600000,2100.0,call,120.95,0.0,,0.0001,1696.9,1781.0
1783037111,eth,1785484800000,2250.0,call,53.49,0.001922,0.0017,0.0021,1696.36,2306.0
1783037111,eth,1785484800000,1000.0,put,93.08,0.001509,0.0015,0.0017,1696.36,6102.0
1783037111,eth,1790323200000,2400.0,put,53.68,0.422705,0.4125,0.432,1702.13,2065.0
1783037111,eth,1790323200000,2900.0,put,57.22,0.707185,0.638,0.7855,1702.13,49.0
1783037111,eth,1790323200000,15000.0,call,127.35,8.2e-05,,0.0002,1702.27,877.0
1783037111,eth,1787904000000,2150.0,put,52.21,0.279796,0.2655,0.292,1698.81,83.0
1783037111,eth,1790323200000,5600.0,call,79.74,0.000178,0.0001,0.0003,1702.13,6163.0
1783037111,eth,1783152000000,1775.0,put,47.33,0.046675,0.036,0.0895,1697.71,1.0
1783037111,eth,1806048000000,2700.0,call,57.8,0.060945,0.0595,0.0615,1732.14,2253.0
1783037111,eth,1790323200000,3000.0,put,58.03,0.76522,0.7515,0.777,1702.13,7576.0
1783037111,eth,1783238400000,1500.0,call,71.07,0.116271,0.091,0.141,1697.71,50.0
1783037111,eth,1798185600000,3600.0,put,58.86,1.105068,1.018,1.208,1716.47,93.0
1783037111,eth,1783670400000,1600.0,put,54.47,0.00961,0.009,0.0105,1696.85,3753.0
1783037111,eth,1790323200000,5000.0,call,74.94,0.00024,0.0001,0.0005,1702.13,3989.0
1783037111,eth,1785484800000,1800.0,put,50.86,0.093472,0.0905,0.097,1696.36,9471.0
1783037111,eth,1813910400000,2200.0,call,58.61,0.147783,0.146,0.1495,1748.26,1017.0
1783037111,eth,1787904000000,2250.0,put,52.54,0.333764,0.318,0.3865,1698.81,13.0
1783037111,eth,1798185600000,3600.0,call,58.86,0.007985,0.0075,0.0085,1716.33,2219.0
1783037111,eth,1784275200000,1625.0,put,53.55,0.023689,0.023,0.0245,1696.25,10.0
1783037111,eth,1813910400000,900.0,call,67.4,0.524046,0.52,0.5295,1748.12,2.0
1783037111,eth,1798185600000,9000.0,call,77.32,0.000327,0.0002,0.0005,1716.33,1908.0
1783037111,eth,1790323200000,2700.0,call,55.54,0.005704,0.005,0.0065,1702.13,3645.0
1783037111,eth,1790323200000,11000.0,call,112.03,8.9e-05,,0.0001,1702.13,2766.0
1783037111,eth,1783670400000,1250.0,put,95.79,0.000489,0.0004,0.0006,1696.71,3064.0
1783037111,eth,1787904000000,2100.0,put,52.1,0.253803,0.247,0.262,1698.67,431.0
1783037111,eth,1790323200000,10000.0,put,106.99,4.873942,4.646,5.1155,1702.27,0.0
1783037111,eth,1798185600000,2200.0,call,56.36,0.069698,0.068,0.07,1716.33,52694.0
1783037111,eth,1784880000000,1750.0,call,50.44,0.035217,0.0345,0.036,1696.27,180.0
1783037111,eth,1806048000000,2100.0,put,57.8,0.337323,0.329,0.3435,1732.14,368.0
1783037111,eth,1785484800000,1200.0,put,77.39,0.004123,0.004,0.0043,1696.36,10723.0
1783037111,eth,1785484800000,3400.0,call,84.13,0.000143,0.0001,0.0002,1696.5,2566.0
1783037111,eth,1813910400000,2500.0,call,58.52,0.110932,0.109,0.112,1748.26,3024.0
1783037111,eth,1798185600000,4000.0,put,60.29,1.335078,1.2405,1.444,1716.33,223.0
1783037111,eth,1783238400000,1900.0,call,60.04,0.000157,0.0001,0.0003,1697.71,100.0
1783037111,eth,1813910400000,800.0,put,69.63,0.028684,0.028,0.029,1748.12,63.0
1783037111,eth,1806048000000,6000.0,put,64.29,2.466565,2.3285,2.623,1732.14,0.0
1783037111,eth,1790323200000,3100.0,put,58.9,0.823434,0.7505,0.905,1702.13,0.0
1783037111,eth,1798185600000,1600.0,call,57.97,0.190117,0.1885,0.192,1716.33,599.0
1783037111,eth,1806048000000,3100.0,put,57.92,0.827197,0.7405,0.9375,1732.14,99.0
1783037111,eth,1785484800000,3100.0,put,75.72,0.826878,0.756,0.9045,1696.36,0.0
1783037111,eth,1783065600000,1525.0,call,126.25,0.101693,0.0975,0.1055,1697.04,429.0
1783037111,eth,1785484800000,4200.0,call,101.4,7.9e-05,,0.0001,1696.5,1131.0
1783037111,eth,1790323200000,13000.0,put,120.75,6.636099,6.3395,6.9485,1702.27,0.0
1783037111,eth,1798185600000,3800.0,put,59.48,1.219795,1.129,1.3255,1716.33,26.0
1783037111,eth,1813910400000,1200.0,put,62.91,0.084109,0.0825,0.0855,1748.12,187.0
1783037111,eth,1784275200000,1600.0,put,54.57,0.019427,0.019,0.02,1696.25,7694.0
1783037111,eth,1785484800000,1700.0,call,51.86,0.056669,0.0555,0.057,1696.36,2660.0
1783037111,eth,1784880000000,1600.0,call,54.59,0.084525,0.0825,0.0885,1696.27,50.0
1783037111,eth,1790323200000,1300.0,put,62.07,0.025812,0.025,0.0265,1702.13,1293.0
1783037111,eth,1784275200000,1800.0,put,49.23,0.077548,0.072,0.082,1696.4,0.0
1783037111,eth,1783065600000,1800.0,call,73.18,2.7e-05,,0.0001,1697.04,6368.0
1783037111,eth,1790323200000,1400.0,call,59.39,0.215297,0.187,0.221,1702.13,126.0
1783037111,eth,1787904000000,1450.0,put,58.54,0.030802,0.03,0.0315,1698.81,5284.0
1783037111,eth,1787904000000,3200.0,put,63.56,0.884072,0.81,0.9645,1698.81,0.0
1783037111,eth,1783238400000,1600.0,put,50.77,0.001297,0.0011,0.0014,1697.71,721.0
1783037111,eth,1783238400000,1700.0,put,37.95,0.013069,0.0125,0.0135,1697.71,214.0
1783037111,eth,1785484800000,2650.0,put,63.02,0.561922,0.5005,0.6285,1696.5,52.0
1783037111,eth,1806048000000,5500.0,call,62.94,0.005261,0.005,0.0055,1732.28,1947.0
1783037111,eth,1790323200000,3600.0,put,63.11,1.115552,1.033,1.207,1702.27,539.0
1783037111,eth,1790323200000,1300.0,call,62.07,0.262211,0.2365,0.2795,1702.13,68.0
1783037111,eth,1798185600000,1600.0,put,57.97,0.122207,0.121,0.1235,1716.33,4249.0
1783037111,eth,1783324800000,1825.0,put,43.52,0.076144,0.0001,15.0,1697.71,0.0
1783037111,eth,1798185600000,11000.0,call,82.33,0.00021,0.0001,0.0004,1716.33,2141.0
1783037111,eth,1783324800000,1750.0,call,39.76,0.004551,0.0041,0.0047,1697.71,290.0
1783037111,eth,1783670400000,1400.0,call,76.9,0.176573,0.1545,0.2005,1696.85,56.0
1783037111,eth,1783324800000,1775.0,call,40.52,0.002401,0.0021,0.0026,1697.71,46.0
1783037111,eth,1813910400000,1000.0,call,65.57,0.479288,0.475,0.485,1748.12,50.0
1783037111,eth,1813910400000,2300.0,put,58.52,0.449472,0.3695,0.558,1748.12,0.0
1783037111,eth,1785484800000,3100.0,call,75.72,0.000179,0.0001,0.0003,1696.5,775.0
1783037111,eth,1783065600000,1500.0,call,126.38,0.1164,0.1125,0.1205,1696.9,366.0
1783037111,eth,1783324800000,1550.0,put,58.41,0.001171,0.001,0.0013,1697.71,1210.0
1783037111,eth,1785484800000,2550.0,put,61.24,0.503198,0.444,0.5685,1696.5,112.0
1783037111,eth,1787904000000,1500.0,put,57.04,0.037995,0.0375,0.039,1698.67,1739.0
1783037111,eth,1783065600000,2000.0,put,120.95,0.178141,0.133,0.227,1697.04,16.0
1783037111,eth,1783065600000,1525.0,put,126.25,2.5e-05,,0.0001,1697.04,2703.0
1783037111,eth,1783152000000,1575.0,put,67.71,0.000526,0.0004,0.0006,1697.71,237.0
1783037111,eth,1784275200000,1900.0,call,49.35,0.006344,0.0055,0.0065,1696.25,411.0
1783037111,eth,1787904000000,2100.0,call,52.11,0.017665,0.0165,0.0175,1698.67,1762.0
1783037111,eth,1784880000000,1600.0,put,54.59,0.027599,0.027,0.0285,1696.27,4.0
1783037111,eth,1813910400000,3200.0,put,58.66,0.889034,0.7945,1.0115,1748.12,0.0
1783037111,eth,1790323200000,9000.0,call,101.38,8.8e-05,,0.0004,1702.13,1519.0
1783037111,eth,1813910400000,2100.0,call,58.75,0.163102,0.1615,0.165,1748.12,6.0
1783037111,eth,1783238400000,1800.0,call,43.6,0.000664,0.0005,0.0008,1697.71,509.0
1783037111,eth,1783670400000,2000.0,call,54.38,0.000495,0.0004,0.0006,1696.71,831.0
1783037111,eth,1806048000000,3200.0,call,58.05,0.034302,0.0335,0.035,1732.14,1410.0
1783037111,eth,1785484800000,1800.0,call,50.86,0.032808,0.0315,0.0325,1696.36,9280.0
1783037111,eth,1783670400000,1850.0,call,48.05,0.003467,0.0032,0.0036,1696.71,1536.0
1783037111,eth,1798185600000,3800.0,call,59.48,0.006207,0.0055,0.007,1716.33,3115.0
1783037111,eth,1790323200000,4800.0,call,72.64,0.000247,0.0002,0.0006,1702.13,1878.0
1783037111,eth,1806048000000,2400.0,call,57.8,0.087344,0.0855,0.0875,1732.14,1440.0
1783037111,eth,1806048000000,4000.0,put,59.36,1.323864,1.225,1.445,1732.14,0.0
1783037111,eth,1783670400000,1500.0,put,64.51,0.003512,0.0033,0.0037,1696.71,9945.0
1783037111,eth,1787904000000,1200.0,put,68.72,0.01053,0.01,0.011,1698.67,5399.0
1783037111,eth,1783670400000,1300.0,call,89.46,0.234672,0.2145,0.2435,1696.85,100.0
1783037111,eth,1790323200000,4000.0,call,66.72,0.00058,0.0005,0.0008,1702.13,12130.0
1783037111,eth,1790323200000,2100.0,call,53.23,0.032772,0.0315,0.033,1702.13,3622.0
1783037111,eth,1798185600000,2500.0,put,56.36,0.498128,0.4865,0.5095,1716.33,1175.0
1783037111,eth,1785484800000,2100.0,put,50.96,0.242055,0.2355,0.2485,1696.5,804.0
1783037111,eth,1806048000000,4600.0,put,60.72,1.664119,1.554,1.7945,1732.14,0.0
1783037111,eth,1806048000000,3700.0,put,58.78,1.155721,1.0615,1.273,1732.14,0.0
1783037111,eth,1806048000000,2200.0,put,57.8,0.380766,0.371,0.391,1732.14,991.0
1783037111,eth,1798185600000,1700.0,call,57.34,0.161593,0.1605,0.1635,1716.33,285.0
1783037111,eth,1790323200000,6000.0,call,85.68,0.000235,,0.0003,1702.13,3181.0
1783037111,eth,1787904000000,1650.0,put,53.99,0.069654,0.069,0.0705,1698.67,1880.0
1783037111,eth,1783152000000,1500.0,call,88.06,0.116269,0.0935,0.1395,1697.71,0.0
1783037111,eth,1798185600000,3200.0,put,57.53,0.877707,0.863,0.8945,1716.47,251.0
1783037111,eth,1790323200000,5400.0,call,78.68,0.00021,0.0001,0.0004,1702.27,1177.0
1783037111,eth,1798185600000,10000.0,call,80.72,0.000291,0.0002,0.0004,1716.33,1675.0
1783037111,eth,1783324800000,1525.0,call,62.74,0.102185,0.077,0.1275,1697.71,0.0
1783037111,eth,1785484800000,1950.0,call,50.62,0.012936,0.012,0.013,1696.5,2642.0
1783037111,eth,1783324800000,1575.0,call,54.24,0.07355,0.0585,0.0825,1697.71,18.0
1783037111,eth,1785484800000,1700.0,put,51.86,0.058626,0.058,0.0595,1696.36,3098.0
1783037111,eth,1787904000000,3000.0,call,60.9,0.000922,0.0007,0.0012,1698.81,39.0
1783037111,eth,1813910400000,2800.0,call,58.52,0.083924,0.0825,0.085,1748.12,21.0
1783037111,eth,1790323200000,4800.0,put,72.64,1.819696,1.71,1.937,1702.27,110.0
1783037111,eth,1787904000000,2150.0,call,52.21,0.014345,0.0135,0.0145,1698.67,990.0
1783037111,eth,1798185600000,5500.0,put,65.59,2.205194,2.079,2.3435,1716.33,0.0
1783037111,eth,1790323200000,4200.0,call,69.41,0.000537,0.0004,0.0007,1702.13,2492.0
1783037111,eth,1787904000000,2500.0,put,54.7,0.475182,0.4155,0.543,1698.67,2.0
1783037111,eth,1813910400000,2800.0,put,58.52,0.685361,0.5965,0.803,1748.12,0.0
1783037111,eth,1783152000000,1800.0,call,52.33,0.000394,0.0003,0.0005,1697.71,2215.0
1783037111,eth,1784880000000,2200.0,put,54.48,0.298092,0.247,0.355,1696.27,0.0
1783037111,eth,1787904000000,1850.0,put,52.21,0.136971,0.1305,0.1625,1698.81,202.0
1783037111,eth,1813910400000,2600.0,call,58.52,0.101017,0.0995,0.102,1748.12,20.0
1783037111,eth,1783152000000,1675.0,call,43.17,0.01803,0.017,0.0185,1697.71,360.0
1783037111,eth,1813910400000,1300.0,put,62.02,0.104952,0.1035,0.1065,1748.12,861.0
1783037111,eth,1806048000000,5500.0,put,62.94,2.179223,2.0515,2.3255,1732.14,0.0
1783037111,eth,1806048000000,1400.0,call,60.59,0.295669,0.2525,0.34,1732.14,54.0
1783037111,eth,1784880000000,2000.0,call,50.54,0.005457,0.005,0.006,1696.27,1229.0
1783037111,eth,1784275200000,1700.0,call,50.61,0.039033,0.038,0.0395,1696.25,3120.0
1783037111,eth,1813910400000,2400.0,put,58.52,0.494553,0.4115,0.6045,1748.26,0.0
1783037111,eth,1785484800000,2300.0,put,54.62,0.356802,0.3495,0.3645,1696.5,2777.0
1783037111,eth,1806048000000,1600.0,put,59.25,0.156227,0.155,0.1575,1732.14,1522.0
1783037111,eth,1784880000000,1700.0,put,51.45,0.050649,0.05,0.0515,1696.27,169.0
1783037111,eth,1798185600000,2500.0,call,56.36,0.041659,0.04,0.042,1716.33,22368.0
1783037111,eth,1785484800000,2400.0,call,56.79,0.000942,0.0008,0.0011,1696.36,10349.0
1783037111,eth,1806048000000,2400.0,put,57.8,0.472346,0.46,0.4805,1732.14,357.0
1783037111,eth,1787904000000,2350.0,call,53.38,0.006462,0.006,0.007,1698.67,836.0
1783037111,eth,1783065600000,1675.0,call,51.03,0.014914,0.0135,0.0155,1696.9,2361.0
1783037111,eth,1787904000000,1550.0,put,55.89,0.046892,0.0465,0.0475,1698.67,1807.0
1783037111,eth,1785484800000,2350.0,put,55.99,0.385983,0.3785,0.3935,1696.36,541.0
1783037111,eth,1785484800000,1900.0,put,50.28,0.137184,0.131,0.1425,1696.36,2255.0
1783037111,eth,1798185600000,6000.0,put,67.83,2.49617,2.3585,2.6455,1716.33,0.0
1783037111,eth,1806048000000,1700.0,call,58.86,0.206218,0.2045,0.208,1732.14,1282.0
1783037111,eth,1785484800000,2700.0,call,65.3,0.000389,0.0003,0.0005,1696.36,4355.0
1783037111,eth,1813910400000,1000.0,put,65.57,0.05123,0.05,0.0525,1748.12,133.0
1783037111,eth,1783238400000,1400.0,call,90.76,0.175004,0.167,0.2005,1697.71,0.0
1783037111,eth,1790323200000,2000.0,put,53.24,0.219252,0.2135,0.225,1702.13,11387.0
1783037111,eth,1787904000000,3800.0,put,71.14,1.23685,1.1495,1.3305,1698.81,0.0
1783037111,eth,1783065600000,1550.0,call,124.28,0.087028,0.0825,0.0915,1696.9,1238.0
1783037111,eth,1798185600000,1400.0,put,59.91,0.074413,0.073,0.0755,1716.33,10073.0
1783037111,eth,1783152000000,1725.0,call,41.42,0.003869,0.0034,0.0041,1697.71,465.0
1783037111,eth,1784275200000,1750.0,call,49.35,0.025837,0.025,0.026,1696.25,1867.0
1783037111,eth,1787904000000,1900.0,call,52.12,0.03972,0.0385,0.0395,1698.81,941.0
1783037111,eth,1787904000000,2300.0,call,52.65,0.007615,0.007,0.008,1698.67,996.0
1783037111,eth,1790323200000,1800.0,put,53.78,0.136864,0.1355,0.138,1702.27,3668.0
1783037111,eth,1783152000000,1900.0,call,73.05,7.7e-05,,0.0001,1697.71,0.0
1783037111,eth,1798185600000,9000.0,put,77.32,4.243036,4.037,4.4615,1716.33,0.0
1783037111,eth,1784275200000,1900.0,put,49.35,0.126217,0.115,0.1365,1696.25,1.0
1783037111,eth,1813910400000,4000.0,put,59.35,1.31871,1.213,1.451,1748.12,0.0
1783037111,eth,1783238400000,1775.0,call,40.66,0.001254,0.001,0.0014,1697.71,12.0
1783037111,eth,1798185600000,4600.0,call,62.35,0.002685,0.0023,0.0031,1716.33,9016.0
1783037111,eth,1784880000000,1550.0,put,56.93,0.020189,0.0195,0.021,1696.27,0.0
1783037111,eth,1798185600000,10000.0,put,80.72,4.825522,4.5965,5.0675,1716.33,0.0
1783037111,eth,1783238400000,1575.0,call,55.88,0.072637,0.0485,0.0835,1697.71,0.0
1783037111,eth,1806048000000,3200.0,put,58.05,0.880971,0.794,0.9935,1732.14,0.0
1783037111,eth,1806048000000,2600.0,call,57.8,0.068689,0.067,0.069,1732.14,2076.0
1783037111,eth,1790323200000,2500.0,call,54.18,0.00972,0.009,0.0105,1702.13,7336.0
1783037111,eth,1783238400000,1450.0,put,80.85,0.000147,0.0001,0.0002,1697.71,51.0
1783037111,eth,1813910400000,1700.0,call,59.78,0.24343,0.2415,0.2455,1748.12,602.0
1783037111,eth,1790323200000,2600.0,put,54.95,0.534848,0.5255,0.5445,1702.13,8412.0
1783037111,eth,1783065600000,1300.0,call,136.84,0.234208,0.227,0.2545,1697.04,50.0
1783037111,eth,1785484800000,2400.0,put,56.79,0.415161,0.3595,0.477,1696.5,102.0
1783037111,eth,1785484800000,1900.0,call,50.28,0.017594,0.0165,0.0175,1696.36,10833.0
1783037111,eth,1787904000000,2300.0,put,52.65,0.361353,0.345,0.4195,1698.81,3.0
1783037111,eth,1784880000000,1400.0,call,65.99,0.182849,0.1755,0.191,1696.27,0.0
1783037111,eth,1784275200000,1500.0,put,60.74,0.009009,0.0085,0.0095,1696.25,843.0
1783037111,eth,1798185600000,8000.0,call,73.38,0.000372,0.0003,0.0006,1716.47,2425.0
1783037111,eth,1813910400000,1600.0,put,60.21,0.184261,0.1825,0.1865,1748.12,722.0
1783037111,eth,1783670400000,2000.0,put,54.38,0.179018,0.133,0.2295,1696.71,20.0
1783037111,eth,1783238400000,1750.0,put,38.56,0.033944,0.01,0.046,1697.71,1.0
1783037111,eth,1783238400000,1400.0,put,90.76,8.2e-05,,0.0002,1697.71,4.0
1783037111,eth,1783324800000,1650.0,put,43.58,0.006122,0.0055,0.007,1697.71,95.0
1783037111,eth,1798185600000,3100.0,put,57.21,0.821556,0.8005,0.9005,1716.47,0.0
1783037111,eth,1783670400000,1525.0,put,61.72,0.004443,0.0042,0.0047,1696.71,2231.0
1783037111,eth,1784275200000,1800.0,call,49.23,0.016758,0.0155,0.0165,1696.25,1854.0
1783037111,eth,1798185600000,6500.0,call,68.38,0.000664,0.0005,0.001,1716.47,1765.0
1783037111,eth,1787904000000,1000.0,put,79.13,0.00427,0.004,0.0046,1698.67,885.0
1783037111,eth,1785484800000,1850.0,put,50.62,0.11445,0.1095,0.117,1696.36,2166.0
1783037111,eth,1806048000000,3800.0,call,59.02,0.018728,0.018,0.0195,1732.14,1203.0
1783037111,eth,1784275200000,1350.0,call,73.16,0.20761,0.182,0.235,1696.4,65.0
1783037111,eth,1785484800000,4400.0,call,105.51,7.5e-05,,0.0001,1696.5,988.0
1783037111,eth,1790323200000,1500.0,put,57.22,0.054048,0.0535,0.055,1702.13,10087.0
1783037111,eth,1785484800000,2050.0,put,50.86,0.214568,0.208,0.2205,1696.36,648.0
1783037111,eth,1785484800000,1450.0,call,61.06,0.160627,0.139,0.1675,1696.36,50.0
1783037111,eth,1798185600000,2400.0,put,56.36,0.447571,0.436,0.458,1716.47,1716.0
1783037111,eth,1785484800000,3800.0,put,91.33,1.239259,1.1525,1.3325,1696.36,0.0
1783037111,eth,1806048000000,2300.0,put,57.8,0.425833,0.4145,0.434,1732.14,1576.0
1783037111,eth,1806048000000,1700.0,put,58.86,0.187261,0.186,0.1895,1732.14,1366.0
1783037111,eth,1785484800000,1650.0,call,53.07,0.073021,0.072,0.074,1696.36,5756.0
1783037111,eth,1784275200000,1350.0,put,73.16,0.003171,0.003,0.0034,1696.25,1101.0
1783037111,eth,1783238400000,1550.0,call,60.99,0.087096,0.063,0.1095,1697.71,70.0
1783037111,eth,1790323200000,12000.0,call,116.59,8.9e-05,,0.0002,1702.27,1341.0
1783037111,eth,1787904000000,1400.0,call,60.16,0.200813,0.176,0.2075,1698.67,100.0
1783037111,eth,1787904000000,2800.0,call,58.42,0.001529,0.0013,0.0018,1698.81,1260.0
1783037111,eth,1783670400000,1450.0,call,70.15,0.147794,0.121,0.174,1696.71,50.0
1783037111,eth,1783152000000,1575.0,call,67.71,0.072429,0.035,0.1115,1697.71,63.0
1783037111,eth,1783324800000,1850.0,put,45.5,0.090578,0.0475,0.135,1697.71,0.0
1783037111,eth,1806048000000,4200.0,put,59.75,1.436782,1.334,1.5605,1732.14,5.0
1783037111,eth,1783324800000,1575.0,put,54.24,0.001675,0.0015,0.0018,1697.71,214.0
1783037111,eth,1783152000000,1800.0,put,52.33,0.061077,0.0285,0.105,1697.71,0.0
1783037111,eth,1785484800000,1600.0,put,54.49,0.034538,0.034,0.0355,1696.36,12375.0
1783037111,eth,1790323200000,5800.0,call,81.79,0.000179,0.0001,0.0003,1702.27,4884.0
1783037111,eth,1798185600000,1900.0,call,56.59,0.115727,0.1145,0.117,1716.33,185.0
1783037111,eth,1783152000000,1600.0,call,60.18,0.057951,0.0525,0.0625,1697.71,334.0
1783037111,eth,1783065600000,1950.0,call,118.61,0.0,,0.0001,1696.9,6885.0
1783037111,eth,1806048000000,1000.0,put,66.42,0.037133,0.0365,0.038,1732.14,7232.0
1783037111,eth,1783238400000,1500.0,put,71.07,0.000283,0.0002,0.0004,1697.71,430.0
1783037111,eth,1783670400000,1500.0,call,64.51,0.11962,0.116,0.124,1696.71,628.0
1783037111,eth,1813910400000,3500.0,put,58.88,1.047543,0.9485,1.174,1748.12,0.0
1783037111,eth,1785484800000,2250.0,put,53.49,0.327759,0.3205,0.335,1696.5,707.0
1783037111,eth,1783670400000,1575.0,call,56.93,0.079362,0.076,0.0835,1696.85,649.0
1783037111,eth,1787904000000,1750.0,call,52.66,0.069409,0.0685,0.07,1698.67,3949.0
1783037111,eth,1783670400000,1625.0,put,52.75,0.012735,0.0125,0.0135,1696.71,598.0
1783037111,eth,1783065600000,1775.0,call,70.42,0.000138,,0.0002,1697.04,2483.0
1783037111,eth,1783238400000,1475.0,put,75.09,0.000185,0.0001,0.0003,1697.71,458.0
1783037111,eth,1806048000000,2800.0,put,57.8,0.669935,0.587,0.7775,1732.28,12.0
1783037111,eth,1783670400000,1250.0,call,95.79,0.263912,0.243,0.2845,1696.71,50.0
1783037111,eth,1798185600000,2400.0,call,56.36,0.049516,0.048,0.05,1716.33,11900.0
1783037111,eth,1783670400000,1400.0,put,76.9,0.001539,0.0014,0.0017,1696.71,11781.0
1783037111,eth,1798185600000,1700.0,put,57.34,0.151992,0.151,0.153,1716.33,12121.0
1783037111,eth,1790323200000,8500.0,put,99.17,3.993432,3.799,4.1995,1702.13,0.0
1783037111,eth,1783152000000,1775.0,call,47.33,0.000724,0.0006,0.0008,1697.71,1515.0
1783037111,eth,1783065600000,1900.0,call,103.84,1e-06,,0.0001,1697.04,3613.0
1783037111,eth,1785484800000,4400.0,put,105.51,1.592809,1.492,1.702,1696.5,0.0
1783037111,eth,1790323200000,2400.0,call,53.68,0.012969,0.0125,0.0135,1702.13,6887.0
1783037111,eth,1806048000000,2900.0,call,57.8,0.048019,0.047,0.0485,1732.14,2101.0
1783037111,eth,1798185600000,6000.0,call,67.83,0.001031,0.0008,0.0013,1716.47,10376.0
1783037111,eth,1785484800000,1000.0,call,93.08,0.412252,0.398,0.4295,1696.5,86.0
1783037111,eth,1813910400000,2200.0,put,58.61,0.406054,0.3275,0.5125,1748.12,0.0
1783037111,eth,1783324800000,1800.0,call,41.77,0.001267,0.001,0.0014,1697.71,179.0
1783037111,eth,1787904000000,1650.0,call,53.99,0.098439,0.097,0.0995,1698.67,1617.0
1783037111,eth,1785484800000,2600.0,call,62.32,0.00049,0.0004,0.0006,1696.5,3555.0
1783037111,eth,1787904000000,1100.0,call,73.1,0.359073,0.336,0.3875,1698.67,50.0
1783037111,eth,1784880000000,1650.0,call,52.82,0.065118,0.064,0.066,1696.27,50.0
1783037111,eth,1813910400000,800.0,call,69.63,0.57113,0.5675,0.576,1748.12,0.0
1783037111,eth,1785484800000,1200.0,call,77.39,0.297014,0.2935,0.301,1696.5,284.0
1783037111,eth,1785484800000,2800.0,call,67.45,0.000286,0.0002,0.0004,1696.36,6164.0
