snap_ts,asset,expiry_ms,strike,opt_type,mark_iv,mark_price,bid,ask,underlying_price,open_interest
1785166524,btc,1787904000000,59000.0,put,39.58,0.01376206,0.013,0.014,64646.3,827.5
1785166524,btc,1785312000000,64000.0,call,33.78,0.01265593,0.012,0.0135,64402.98,0.0
1785166524,btc,1785225600000,70000.0,call,45.88,6e-08,,0.0001,64402.98,10.4
1785166524,btc,1806048000000,106000.0,put,41.51,0.61641202,0.408,0.8235,66221.9,0.0
1785166524,btc,1787904000000,105000.0,call,59.86,0.00020133,0.0001,0.0005,64646.3,168.2
1785166524,btc,1790323200000,300000.0,put,84.97,3.62406496,,,64878.13,0.0
1785166524,btc,1787904000000,48000.0,call,56.25,0.25956464,0.2565,0.2625,64646.3,37.5
1785166524,btc,1798185600000,210000.0,put,57.9,2.20340988,,,65558.59,0.0
1785166524,btc,1790323200000,35000.0,put,75.21,0.00173659,0.0016,0.0018,64878.13,890.6
1785166524,btc,1790323200000,64000.0,put,37.11,0.0528771,0.052,0.0535,64878.13,524.9
1785166524,btc,1790323200000,135000.0,put,61.8,1.08100234,,,64878.06,11.5
1785166524,btc,1785225600000,67000.0,call,40.7,7.759e-05,,0.0001,64402.98,175.8
1785166524,btc,1787904000000,56000.0,put,43.11,0.0076232,0.007,0.008,64646.3,815.1
1785166524,btc,1798185600000,80000.0,call,39.51,0.03448512,0.034,0.035,65563.25,8059.8
1785166524,btc,1798185600000,105000.0,put,42.45,0.60749284,0.598,0.6185,65563.25,109.4
1785166524,btc,1785312000000,66500.0,put,32.16,0.03316111,0.0006,0.115,64402.98,0.0
1785166524,btc,1798185600000,200000.0,put,57.03,2.05092266,,,65558.59,0.0
1785166524,btc,1785484800000,115000.0,call,72.75,0.0,,0.0001,64432.72,182.3
1785166524,btc,1785225600000,67500.0,call,44.56,4.84e-05,,0.0001,64402.98,262.5
1785166524,btc,1798185600000,170000.0,put,53.56,1.59357164,,,65563.25,0.0
1785166524,btc,1806048000000,60000.0,call,43.48,0.18592575,0.185,0.1875,66221.9,719.3
1785166524,btc,1787904000000,63000.0,call,36.35,0.05611722,0.0555,0.057,64646.3,839.4
1785166524,btc,1785225600000,73000.0,put,49.25,0.13347372,0.0001,,64402.98,0.0
1785166524,btc,1786089600000,68000.0,put,33.92,0.06026392,,0.135,64488.73,0.1
1785166524,btc,1798185600000,72000.0,call,39.6,0.0641513,0.0635,0.065,65563.25,1121.4
1785166524,btc,1790323200000,78000.0,call,35.73,0.00759486,0.0075,0.008,64878.13,4248.6
1785166524,btc,1798185600000,40000.0,put,57.35,0.0118696,0.0115,0.0125,65563.25,4066.8
1785166524,btc,1798185600000,135000.0,call,48.8,0.00161397,0.0015,0.0019,65563.25,1081.8
1785166524,btc,1785484800000,65500.0,put,36.1,0.02432032,0.0225,0.0245,64432.72,0.3
1785166524,btc,1785484800000,81000.0,call,57.88,6.2e-07,,0.0001,64432.72,1462.6
1785166524,btc,1786089600000,64000.0,call,35.44,0.02808687,0.0275,0.029,64488.8,84.6
1785166524,btc,1787904000000,66000.0,put,34.85,0.05267439,0.0515,0.053,64646.3,239.9
1785166524,btc,1785398400000,71000.0,call,42.6,4.587e-05,,0.0001,64402.98,90.9
1785166524,btc,1785484800000,77000.0,call,57.1,1.641e-05,,0.0001,64432.72,2720.0
1785166524,btc,1798185600000,104000.0,put,42.43,0.59272002,,,65563.25,0.0
1785166524,btc,1786089600000,66000.0,put,34.15,0.03711357,0.0365,0.038,64488.8,60.1
1785166524,btc,1785312000000,62500.0,call,36.33,0.03095953,0.0006,0.1025,64402.98,0.0
1785166524,btc,1785398400000,59000.0,call,49.66,0.08440878,,,64402.98,0.0
1785166524,btc,1813910400000,68000.0,put,42.84,0.17106453,0.1695,0.1725,66972.29,7.7
1785166524,btc,1798185600000,85000.0,put,39.69,0.31978288,0.314,0.3255,65563.25,548.3
1785166524,btc,1798185600000,84000.0,put,39.59,0.30634571,0.3015,0.3115,65563.25,47.0
1785166524,btc,1785312000000,58000.0,call,62.29,0.09960136,0.0001,,64402.98,0.0
1785166524,btc,1785484800000,85000.0,call,59.73,3e-08,,0.0001,64432.72,1276.2
1785166524,btc,1790323200000,84000.0,put,38.13,0.29813915,0.2915,0.3045,64878.13,34.7
1785166524,btc,1806048000000,180000.0,put,49.43,1.71943541,,,66221.9,0.0
1785166524,btc,1785225600000,73000.0,call,49.25,0.0,,0.0001,64402.98,0.0
1785166524,btc,1813910400000,72000.0,call,42.33,0.13123759,0.13,0.1325,66971.44,13.8
1785166524,btc,1786694400000,68000.0,call,33.91,0.01095757,0.0105,0.0115,64543.09,299.3
1785166524,btc,1785312000000,66500.0,call,32.16,0.00070865,0.0006,0.0009,64402.98,54.6
1785166524,btc,1785484800000,102000.0,put,65.08,0.58299577,,,64432.65,0.1
1785166524,btc,1785484800000,92000.0,put,65.02,0.42780011,,,64432.72,0.4
1785166524,btc,1785225600000,66000.0,call,31.77,0.00020887,0.0003,0.0004,64402.98,88.4
1785166524,btc,1813910400000,110000.0,put,41.99,0.66878768,0.4375,0.8985,66972.29,0.2
1785166524,btc,1790323200000,150000.0,call,67.02,0.00011212,0.0001,0.0002,64878.06,737.5
1785166524,btc,1786089600000,62000.0,put,37.44,0.01033718,0.01,0.0105,64488.73,395.2
1785166524,btc,1790323200000,165000.0,put,71.52,1.5433118,,,64878.13,0.0
1785166524,btc,1790323200000,60000.0,call,39.25,0.10568885,0.1035,0.1075,64878.13,932.8
1785166524,btc,1790323200000,110000.0,put,51.47,0.69597255,0.687,0.7045,64878.13,116.1
1785166524,btc,1785225600000,66000.0,put,31.81,0.02498791,0.008,,64402.98,12.0
1785166524,btc,1787904000000,66000.0,call,34.85,0.03175545,0.031,0.032,64646.3,1138.8
1785166524,btc,1798185600000,130000.0,call,48.15,0.00203361,0.002,0.0022,65563.25,1564.5
1785166524,btc,1786694400000,64000.0,put,35.53,0.02703853,0.0265,0.0275,64543.09,25.1
1785166524,btc,1790323200000,240000.0,call,74.86,9.4e-07,,0.0003,64878.13,222.5
1785166524,btc,1785484800000,84000.0,put,57.91,0.30364361,0.2985,0.309,64432.72,30.2
1785166524,btc,1806048000000,92000.0,call,40.61,0.03248274,0.032,0.0335,66221.9,117.2
1785166524,btc,1813910400000,58000.0,put,44.82,0.09978719,0.0985,0.1005,66972.29,15.4
1785166524,btc,1785484800000,104000.0,put,65.09,0.6140349,,,64432.65,0.0
1785166524,btc,1806048000000,96000.0,put,40.8,0.47584971,0.297,0.6535,66221.9,1.5
1785166524,btc,1787904000000,64000.0,put,35.79,0.03702015,0.0365,0.0375,64646.3,468.0
1785166524,btc,1785398400000,66000.0,call,35.56,0.00374025,0.0036,0.004,64402.98,13.0
1785166524,btc,1790323200000,115000.0,put,53.46,0.77291766,0.7635,0.782,64878.13,90.3
1785166524,btc,1813910400000,74000.0,call,42.16,0.12043709,0.1195,0.1215,66972.29,12.9
1785166524,btc,1813910400000,68000.0,call,42.84,0.15571211,0.1545,0.157,66972.29,8.4
1785166524,btc,1790323200000,75000.0,call,35.51,0.01261237,0.012,0.013,64878.13,2999.5
1785166524,btc,1785484800000,105000.0,put,65.12,0.62955447,,,64432.72,1.1
1785166524,btc,1787904000000,83000.0,put,42.17,0.28504055,,,64646.3,0.0
1785166524,btc,1806048000000,65000.0,put,42.35,0.12648518,0.125,0.1275,66221.9,663.1
1785166524,btc,1786694400000,58000.0,call,42.11,0.10678639,0.0455,0.1675,64543.09,0.0
1785166524,btc,1785484800000,66000.0,call,35.86,0.00551454,0.0055,0.006,64432.72,1863.1
1785166524,btc,1798185600000,210000.0,call,57.9,0.00015757,0.0001,0.0003,65563.25,150.4
1785166524,btc,1798185600000,92000.0,call,40.38,0.01372995,0.013,0.014,65563.25,250.0
1785166524,btc,1790323200000,240000.0,put,74.86,2.69925242,,,64878.13,0.0
1785166524,btc,1806048000000,90000.0,call,40.58,0.03633164,0.0355,0.037,66221.9,506.7
1785166524,btc,1786694400000,67000.0,put,34.06,0.05321625,0.048,0.0955,64543.09,0.0
1785166524,btc,1798185600000,86000.0,call,39.73,0.02145549,0.021,0.022,65563.25,295.2
1785166524,btc,1790323200000,95000.0,put,43.95,0.46550834,0.458,0.473,64878.13,147.6
1785166524,btc,1785312000000,61500.0,put,39.68,0.00046408,0.0004,0.0005,64402.98,35.3
1785166524,btc,1813910400000,90000.0,put,41.47,0.40375099,0.2485,0.559,66972.29,0.3
1785166524,btc,1785484800000,50000.0,put,99.32,0.00015441,0.0001,0.0002,64432.72,3327.2
1785166524,btc,1806048000000,160000.0,put,47.29,1.41826985,,,66221.83,0.0
1785166524,btc,1798185600000,74000.0,call,39.46,0.05493197,0.054,0.0555,65558.59,98.4
1785166524,btc,1785484800000,63500.0,call,38.52,0.02366065,0.023,0.0245,64432.72,0.0
1785166524,btc,1785484800000,73000.0,put,50.57,0.13305219,0.1285,0.1375,64432.72,97.6
1785166524,btc,1786089600000,67000.0,put,33.77,0.04790217,0.046,0.05,64488.73,53.9
1785166524,btc,1790323200000,58000.0,put,40.71,0.02293458,0.022,0.0235,64878.13,730.9
1785166524,btc,1785484800000,67500.0,call,36.67,0.00186159,0.0019,0.0021,64432.72,1.2
1785166524,btc,1798185600000,54000.0,call,45.02,0.21549299,0.2135,0.217,65558.59,33.0
1785166524,btc,1798185600000,200000.0,call,57.03,0.00020617,0.0001,0.0004,65558.59,951.1
1785166524,btc,1785484800000,46000.0,put,99.61,8.29e-06,,0.0001,64432.72,1658.6
1785166524,btc,1785484800000,61000.0,call,43.11,0.05537356,0.054,0.0575,64432.72,922.5
1785166524,btc,1785225600000,65500.0,call,30.27,0.00061743,0.0005,0.0008,64402.98,78.7
1785166524,btc,1790323200000,320000.0,call,85.42,2.9e-07,,0.0001,64878.13,276.6
1785166524,btc,1813910400000,72000.0,put,42.33,0.20631663,0.2035,0.2085,66972.29,1.3
1785166524,btc,1785312000000,63000.0,call,35.12,0.02413814,0.0006,0.089,64402.98,0.0
1785166524,btc,1798185600000,45000.0,call,51.91,0.33135181,0.3295,0.333,65563.25,54.2
1785166524,btc,1813910400000,70000.0,call,42.56,0.14298272,0.142,0.144,66971.44,184.8
1785166524,btc,1785312000000,60000.0,call,46.42,0.06859314,0.0001,,64402.98,0.0
1785166524,btc,1798185600000,68000.0,put,40.14,0.12419023,0.123,0.125,65563.25,356.0
1785166524,btc,1785484800000,87000.0,call,61.67,1e-08,,0.0001,64432.65,377.4
1785166524,btc,1798185600000,115000.0,put,44.55,0.75768267,,,65563.25,0.6
1785166524,btc,1806048000000,98000.0,put,40.88,0.50336304,0.3195,0.6865,66221.9,0.2
1785166524,btc,1787904000000,100000.0,put,54.58,0.54704983,,,64646.3,0.1
1785166524,btc,1785484800000,94000.0,call,65.02,0.0,,0.0001,64432.72,892.6
1785166524,btc,1813910400000,78000.0,put,41.81,0.2657072,0.2595,0.2735,66971.44,0.3
1785166524,btc,1786089600000,70000.0,call,35.32,0.00253645,0.0025,0.0027,64488.8,6650.3
1785166524,btc,1790323200000,84000.0,call,38.13,0.00340114,0.0033,0.0037,64878.13,1496.2
1785166524,btc,1785484800000,61000.0,put,43.11,0.00206711,0.0019,0.0022,64432.72,1477.3
1785166524,btc,1798185600000,102000.0,put,41.71,0.56272415,0.5415,0.5885,65563.25,7.7
1785166524,btc,1813910400000,120000.0,call,42.49,0.01804195,0.0175,0.0195,66971.44,58.0
1785166524,btc,1790323200000,165000.0,call,71.52,7.642e-05,,0.0002,64878.13,192.5
1785166524,btc,1787904000000,98000.0,put,54.01,0.51618297,,,64646.3,0.0
1785166524,btc,1785312000000,58000.0,put,62.29,8.622e-05,,0.0001,64402.98,3.2
1785166524,btc,1790323200000,65000.0,put,36.67,0.06010771,0.0595,0.0605,64878.13,647.3
1785166524,btc,1785484800000,58000.0,call,52.82,0.10031281,0.0965,0.104,64432.72,257.2
1785166524,btc,1806048000000,170000.0,put,48.49,1.56881434,,,66221.9,0.1
1785166524,btc,1786694400000,80000.0,call,45.17,0.00060617,0.0006,0.0007,64543.09,238.7
1785166524,btc,1785484800000,62000.0,call,41.13,0.04162126,0.041,0.043,64432.72,1450.2
1785166524,btc,1790323200000,160000.0,put,71.52,1.46627905,,,64878.13,0.6
1785166524,btc,1790323200000,80000.0,put,36.19,0.23862508,0.235,0.2425,64878.13,613.0
1785166524,btc,1785225600000,67000.0,put,40.7,0.04038908,0.0005,,64402.98,0.0
1785166524,btc,1790323200000,180000.0,call,71.52,2.492e-05,,0.0002,64878.13,748.1
1785166524,btc,1806048000000,90000.0,put,40.58,0.39536664,0.24,0.55,66221.83,14.0
1785166524,btc,1806048000000,54000.0,put,45.48,0.06041587,0.059,0.0615,66221.9,58.7
1785166524,btc,1787904000000,90000.0,call,48.99,0.00063612,0.0006,0.0009,64646.3,329.9
1785166524,btc,1785225600000,64000.0,put,29.97,0.00261968,0.0024,0.0028,64402.98,390.2
1785166524,btc,1785398400000,65000.0,call,36.17,0.00843642,0.008,0.009,64402.98,94.3
1785166524,btc,1785484800000,80000.0,call,57.88,1.54e-06,,0.0001,64432.65,7014.4
1785166524,btc,1806048000000,60000.0,put,43.48,0.09194908,0.091,0.093,66221.9,619.2
1785166524,btc,1785484800000,60000.0,call,45.79,0.06998483,0.0665,0.072,64432.72,1034.8
1785166524,btc,1798185600000,65000.0,call,40.76,0.10803973,0.1075,0.109,65563.25,645.8
1785166524,btc,1786089600000,71000.0,call,36.15,0.00167604,0.0016,0.0019,64488.8,1362.4
1785166524,btc,1785484800000,56000.0,call,62.98,0.13117853,0.1275,0.1345,64432.72,41.3
1785166524,btc,1787904000000,53000.0,call,47.39,0.18457247,0.1825,0.1865,64646.37,5.9
1785166524,btc,1798185600000,190000.0,call,55.3,0.00023225,0.0001,0.0004,65563.25,990.6
1785166524,btc,1790323200000,105000.0,put,48.85,0.61903041,0.6105,0.627,64878.13,104.6
1785166524,btc,1785484800000,60000.0,put,45.79,0.00115881,0.001,0.0013,64432.72,2700.3
1785166524,btc,1798185600000,230000.0,put,62.24,2.50849493,,,65563.25,0.0
1785166524,btc,1790323200000,72000.0,call,35.34,0.02045461,0.0205,0.021,64878.13,2513.6
1785166524,btc,1785398400000,63500.0,put,38.27,0.0070939,0.0065,0.0075,64402.98,10.6
1785166524,btc,1790323200000,130000.0,put,59.91,1.00396645,,,64878.13,21.4
1785166524,btc,1790323200000,70000.0,put,35.39,0.10691196,0.1055,0.1085,64878.06,1528.5
1785166524,btc,1806048000000,150000.0,call,46.43,0.00303336,0.0027,0.0032,66221.9,1898.7
1785166524,btc,1798185600000,45000.0,put,51.91,0.01776302,0.017,0.018,65563.25,2783.4
1785166524,btc,1813910400000,60000.0,call,44.34,0.21619347,0.213,0.2195,66971.44,943.0
1785166524,btc,1785484800000,55000.0,put,68.53,0.00023298,0.0002,0.0003,64432.72,1218.3
1785166524,btc,1785312000000,68000.0,put,35.57,0.05584746,0.0001,,64402.98,0.0
1785166524,btc,1785225600000,72000.0,put,49.25,0.11794668,0.0001,,64402.98,0.0
1785166524,btc,1785312000000,61000.0,call,41.75,0.05322923,0.0001,,64402.98,0.0
1785166524,btc,1785398400000,61000.0,call,43.26,0.05420316,,0.127,64402.98,0.0
1785166524,btc,1785484800000,45000.0,call,99.61,0.30162295,,,64432.65,0.0
1785166524,btc,1786089600000,53000.0,call,54.19,0.17868728,,,64488.73,0.0
1785166524,btc,1785398400000,63500.0,call,38.27,0.02135567,0.021,0.0225,64402.98,0.0
1785166524,btc,1790323200000,220000.0,call,72.81,1.98e-06,,0.0002,64878.06,232.5
1785166524,btc,1806048000000,106000.0,call,41.51,0.0157708,0.015,0.0165,66221.9,46.6
1785166524,btc,1787904000000,80000.0,call,39.35,0.00167178,0.0016,0.0019,64646.3,1888.2
1785166524,btc,1790323200000,100000.0,call,46.5,0.00084968,0.0007,0.001,64878.13,3606.3
1785166524,btc,1806048000000,98000.0,call,40.88,0.02352493,0.023,0.0245,66221.9,95.3
1785166524,btc,1786694400000,65000.0,put,34.88,0.03440197,0.0335,0.035,64543.09,20.2
1785166524,btc,1785484800000,92000.0,call,65.02,0.0,,0.0001,64432.72,444.7
1785166524,btc,1790323200000,60000.0,put,39.25,0.03050171,0.03,0.031,64878.06,4460.2
1785166524,btc,1786089600000,61000.0,put,38.63,0.00717171,0.0065,0.0075,64488.8,283.2
1785166524,btc,1798185600000,72000.0,put,39.6,0.16240923,0.1605,0.1645,65558.59,335.5
1785166524,btc,1806048000000,56000.0,call,44.71,0.22410339,0.2215,0.227,66221.9,16.9
1785166524,btc,1785225600000,60000.0,put,57.9,1.689e-05,,0.0001,64402.98,45.3
1785166524,btc,1787904000000,62000.0,put,37.01,0.02520276,0.0245,0.0255,64646.3,782.5
1785166524,btc,1785398400000,65500.0,put,35.73,0.02249393,0.02,0.025,64402.98,2.0
1785166524,btc,1813910400000,55000.0,call,45.66,0.26194618,0.2585,0.2655,66971.44,0.2
1785166524,btc,1785484800000,83000.0,put,57.91,0.2881241,0.283,0.2935,64432.72,29.5
1785166524,btc,1785312000000,61500.0,call,39.68,0.04563962,0.0001,,64402.98,0.0
1785166524,btc,1798185600000,56000.0,call,43.94,0.1926397,0.191,0.194,65563.25,41.4
1785166524,btc,1790323200000,52000.0,put,46.68,0.0100041,0.0095,0.0105,64878.13,1078.9
1785166524,btc,1806048000000,86000.0,put,40.48,0.3439344,0.206,0.481,66221.9,1.7
1785166524,btc,1806048000000,40000.0,put,53.83,0.02077016,0.0205,0.021,66221.9,1156.3
1785166524,btc,1806048000000,120000.0,call,43.01,0.00855259,0.0085,0.009,66221.9,328.2
1785166524,btc,1785484800000,77000.0,put,57.1,0.19502302,0.1905,0.2,64432.72,245.0
1785166524,btc,1785225600000,57000.0,put,67.32,8e-08,,0.0001,64402.98,4.3
1785166524,btc,1813910400000,140000.0,call,44.07,0.00961265,0.009,0.0105,66972.29,196.3
1785166524,btc,1785398400000,69000.0,put,37.57,0.07131422,,,64402.98,0.0
1785166524,btc,1790323200000,190000.0,call,72.81,1.594e-05,,0.0002,64878.06,772.5
1785166524,btc,1786089600000,62000.0,call,37.44,0.04894871,0.047,0.0505,64488.8,101.3
1785166524,btc,1785312000000,71000.0,put,43.17,0.10232128,0.0001,,64402.98,0.0
1785166524,btc,1785312000000,62000.0,put,37.76,0.00076053,0.0006,0.0009,64402.98,12.0
1785166524,btc,1806048000000,56000.0,put,44.71,0.06972516,0.0685,0.071,66221.9,80.3
1785166524,btc,1813910400000,56000.0,call,45.36,0.2522793,0.249,0.256,66971.44,1.8
1785166524,btc,1790323200000,64000.0,call,37.11,0.06641004,0.0655,0.0675,64878.13,306.1
1785166524,btc,1787904000000,40000.0,put,72.36,0.00070341,0.0005,0.0009,64646.3,442.9
1785166524,btc,1785484800000,46000.0,call,99.61,0.28610824,,,64432.72,0.0
1785166524,btc,1785484800000,57000.0,call,57.42,0.11571176,0.017,,64432.72,3.7
1785166524,btc,1785484800000,94000.0,put,65.02,0.45883924,,,64432.72,1.3
1785166524,btc,1786089600000,77000.0,call,45.95,0.00035786,0.0003,0.0005,64488.8,1015.0
1785166524,btc,1790323200000,220000.0,put,72.81,2.39098249,,,64878.06,1.8
1785166524,btc,1798185600000,50000.0,call,47.61,0.26466297,0.263,0.266,65563.25,260.8
1785166524,btc,1786089600000,75000.0,put,42.35,0.1634979,,,64488.8,0.1
1785166524,btc,1813910400000,84000.0,call,41.52,0.07759773,0.0765,0.0785,66972.29,2.1
1785166524,btc,1785484800000,56000.0,put,62.98,0.00027425,0.0002,0.0003,64432.72,2521.7
1785166524,btc,1785484800000,88000.0,call,61.68,0.0,,0.0001,64432.72,588.7
1785166524,btc,1790323200000,40000.0,put,65.3,0.00271464,0.0025,0.0028,64878.13,2293.3
1785166524,btc,1790323200000,280000.0,put,81.51,3.31579402,,,64878.13,0.0
1785166524,btc,1785398400000,62500.0,put,39.86,0.00347643,0.0033,0.0036,64402.98,21.0
1785166524,btc,1785225600000,68000.0,call,45.72,1.859e-05,,0.0001,64402.98,76.4
1785166524,btc,1785312000000,63000.0,put,35.12,0.002251,0.002,0.0024,64402.98,32.3
1785166524,btc,1786089600000,69000.0,put,34.36,0.07370862,,0.155,64488.73,0.0
1785166524,btc,1813910400000,88000.0,put,41.46,0.3792274,0.233,0.527,66971.44,0.0
1785166524,btc,1785312000000,64500.0,put,33.48,0.00979543,0.009,0.01,64402.98,55.5
1785166524,btc,1785484800000,63000.0,put,39.33,0.0069164,0.0065,0.007,64432.72,966.9
1785166524,btc,1785484800000,110000.0,put,68.07,0.7071523,0.7,0.714,64432.72,46.2
1785166524,btc,1785484800000,102000.0,call,65.08,0.0,,0.0001,64432.72,460.8
1785166524,btc,1785484800000,96000.0,call,65.02,0.0,,0.0001,64432.72,281.8
1785166524,btc,1785312000000,70000.0,call,42.99,1.957e-05,,0.0001,64402.98,4.8
1785166524,btc,1806048000000,82000.0,put,40.48,0.2948922,0.1935,0.3945,66221.9,3.8
1785166524,btc,1798185600000,64000.0,call,40.99,0.11584396,0.115,0.117,65563.25,391.8
1785166524,btc,1806048000000,95000.0,put,40.75,0.46217516,0.2865,0.6365,66221.83,0.6
1785166524,btc,1785484800000,110000.0,call,68.07,0.0,,0.0001,64432.65,194.2
1785166524,btc,1798185600000,95000.0,call,40.9,0.01124339,0.0105,0.012,65563.25,1298.2
1785166524,btc,1785484800000,120000.0,put,77.21,0.86234796,,,64432.72,3.5
1785166524,btc,1790323200000,95000.0,call,43.95,0.00122129,0.0011,0.0014,64878.13,1866.1
1785166524,btc,1786089600000,64000.0,put,35.44,0.02048787,0.02,0.021,64488.8,83.0
1785166524,btc,1790323200000,35000.0,call,75.21,0.46226242,0.461,0.464,64878.13,29.3
1785166524,btc,1798185600000,240000.0,put,62.3,2.66097908,,,65563.25,0.0
1785166524,btc,1787904000000,86000.0,put,44.83,0.33111921,,,64646.3,0.0
1785166524,btc,1813910400000,105000.0,call,41.79,0.03204886,0.031,0.033,66972.29,47.1
1785166524,btc,1785484800000,65500.0,call,36.1,0.00778872,0.0075,0.0085,64432.72,2.4
1785166524,btc,1798185600000,86000.0,put,39.73,0.33326358,0.323,0.356,65563.25,23.4
1785166524,btc,1787904000000,79000.0,call,38.62,0.00197316,0.0019,0.0022,64646.3,352.7
1785166524,btc,1790323200000,200000.0,call,72.81,7.88e-06,,0.0002,64878.13,1009.2
1785166524,btc,1787904000000,78000.0,put,37.89,0.20888131,,,64646.3,4.1
1785166524,btc,1806048000000,150000.0,put,46.43,1.26809169,,,66221.83,0.5
1785166524,btc,1790323200000,45000.0,put,56.82,0.00450806,0.0044,0.0045,64878.13,1951.2
1785166524,btc,1806048000000,110000.0,call,41.87,0.01304209,0.0125,0.014,66221.9,522.6
1785166524,btc,1790323200000,145000.0,call,67.02,0.00017207,0.0001,0.0002,64878.06,495.0
1785166524,btc,1785225600000,58000.0,put,61.49,2.4e-07,,0.0001,64402.98,25.1
1785166524,btc,1806048000000,125000.0,call,43.56,0.00700772,0.007,0.0075,66221.9,120.7
1785166524,btc,1798185600000,150000.0,put,51.45,1.28901683,,,65558.59,2.0
1785166524,btc,1813910400000,120000.0,put,42.49,0.80984035,0.5455,1.0775,66971.44,0.0
1785166524,btc,1790323200000,160000.0,call,71.52,0.0001114,,0.0004,64878.13,1444.3
1785166524,btc,1813910400000,64000.0,put,43.5,0.13961549,0.1385,0.1405,66972.29,14.0
1785166524,btc,1813910400000,95000.0,call,41.53,0.04846371,0.0475,0.0495,66972.29,10.8
1785166524,btc,1798185600000,98000.0,call,41.23,0.00906154,0.0085,0.0095,65558.59,206.6
1785166524,btc,1785484800000,93000.0,put,65.02,0.44331967,,,64432.72,0.5
1785166524,btc,1798185600000,108000.0,put,43.15,0.65242469,,,65558.59,0.0
1785166524,btc,1813910400000,74000.0,put,42.16,0.22537943,0.2225,0.228,66972.29,0.1
1785166524,btc,1787904000000,94000.0,put,51.6,0.45444747,,,64646.37,0.0
1785166524,btc,1790323200000,86000.0,call,39.16,0.00273225,0.0026,0.003,64878.13,664.7
1785166524,btc,1798185600000,115000.0,call,44.55,0.00352069,0.0033,0.0039,65563.25,2340.5
1785166524,btc,1785484800000,64000.0,put,37.81,0.01196912,0.0115,0.012,64432.72,859.3
1785166524,btc,1785484800000,93000.0,call,65.02,0.0,,0.0001,64432.72,106.6
1785166524,btc,1806048000000,140000.0,put,45.36,1.11822288,,,66221.9,0.0
1785166524,btc,1798185600000,80000.0,put,39.51,0.25477171,0.2495,0.2595,65563.25,952.0
1785166524,btc,1790323200000,56000.0,put,42.45,0.01727119,0.0165,0.0175,64878.13,1075.1
1785166524,btc,1787904000000,50000.0,put,52.42,0.0027067,0.0025,0.0028,64646.3,1318.5
1785166524,btc,1786089600000,55000.0,put,49.1,0.00086837,0.0008,0.001,64488.8,129.0
1785166524,btc,1785484800000,59000.0,call,48.86,0.08502397,0.0815,0.0885,64432.72,197.0
1785166524,btc,1806048000000,70000.0,put,41.49,0.16823741,0.1665,0.169,66221.83,211.8
1785166524,btc,1813910400000,86000.0,call,41.48,0.07114251,0.07,0.072,66972.29,1.6
1785166524,btc,1785398400000,65000.0,put,36.17,0.01745981,0.017,0.018,64402.98,10.2
1785166524,btc,1785484800000,86000.0,put,61.29,0.33468273,,,64432.72,15.2
1785166524,btc,1806048000000,64000.0,call,42.5,0.15240792,0.152,0.1535,66221.9,85.4
1785166524,btc,1798185600000,82000.0,put,39.49,0.28010678,0.2755,0.285,65558.59,158.7
1785166524,btc,1787904000000,78000.0,call,37.89,0.00234075,0.0022,0.0026,64646.3,1095.7
1785166524,btc,1798185600000,90000.0,put,40.04,0.38857589,0.383,0.3945,65558.59,590.5
1785166524,btc,1785484800000,95000.0,call,65.02,0.0,,0.0001,64432.72,135.8
1785166524,btc,1787904000000,92000.0,call,50.54,0.00052797,0.0005,0.0007,64646.3,59.4
1785166524,btc,1806048000000,50000.0,call,47.26,0.28980448,0.2865,0.2925,66221.9,20.5
1785166524,btc,1785484800000,78000.0,put,57.88,0.21053478,0.206,0.2155,64432.72,444.4
1785166524,btc,1787904000000,79000.0,put,38.62,0.2239822,,,64646.3,0.3
1785166524,btc,1813910400000,140000.0,put,44.07,1.10004412,,,66972.29,0.0
1785166524,btc,1786089600000,72000.0,call,37.46,0.0011828,0.0011,0.0013,64488.8,5592.5
1785166524,btc,1798185600000,180000.0,put,54.86,1.74599612,,,65558.59,0.0
1785166524,btc,1787904000000,88000.0,put,46.78,0.36193026,,,64646.3,0.0
1785166524,btc,1785484800000,98000.0,put,65.03,0.5209175,,,64432.72,0.1
1785166524,btc,1785225600000,62500.0,put,37.96,0.00021646,0.0001,0.0003,64402.98,171.3
1785166524,btc,1787904000000,96000.0,put,52.39,0.48528325,,,64646.3,0.1
1785166524,btc,1787904000000,86000.0,call,44.83,0.0008309,0.0007,0.001,64646.3,165.1
1785166524,btc,1813910400000,76000.0,call,41.95,0.11027267,0.109,0.1115,66972.29,13.6
1785166524,btc,1785225600000,63500.0,put,31.48,0.00104975,0.0008,0.0011,64402.98,43.0
1785166524,btc,1785484800000,75000.0,put,50.88,0.16399085,0.1595,0.169,64432.72,225.3
1785166524,btc,1798185600000,35000.0,put,63.48,0.00787008,0.0075,0.008,65563.25,2310.3
1785166524,btc,1786089600000,71000.0,put,36.15,0.1026209,0.014,0.191,64488.8,0.0
1785166524,btc,1790323200000,150000.0,put,67.02,1.31214429,,,64878.13,0.7
1785166524,btc,1787904000000,57000.0,call,41.87,0.12756664,0.1245,0.13,64646.3,26.5
1785166524,btc,1806048000000,50000.0,put,47.26,0.04482392,0.0435,0.0455,66221.9,2023.4
1785166524,btc,1785312000000,64000.0,put,33.78,0.00629439,0.006,0.0065,64402.98,25.1
1785166524,btc,1806048000000,190000.0,call,50.49,0.00111764,0.001,0.0014,66221.9,881.1
1785166524,btc,1785484800000,76000.0,put,53.07,0.17950274,0.175,0.1845,64432.72,432.1
1785166524,btc,1798185600000,110000.0,call,43.48,0.00448675,0.0044,0.0048,65563.25,2640.3
1785166524,btc,1785225600000,71000.0,call,47.33,0.0,,0.0001,64402.98,0.1
1785166524,btc,1787904000000,48000.0,put,56.25,0.00205115,0.0018,0.0022,64646.37,841.8
1785166524,btc,1785484800000,104000.0,call,65.09,0.0,,0.0001,64432.72,511.1
1785166524,btc,1790323200000,88000.0,put,40.2,0.35861816,,,64878.06,4.8
1785166524,btc,1785398400000,60000.0,put,46.45,0.00057094,0.0005,0.0006,64402.98,35.1
1785166524,btc,1785312000000,59000.0,call,54.79,0.08409959,0.0001,,64402.98,0.0
1785166524,btc,1786694400000,60000.0,call,39.07,0.07951637,0.022,0.137,64543.09,0.0
1785166524,btc,1785484800000,63500.0,put,38.52,0.00915312,0.0085,0.0095,64432.65,33.5
1785166524,btc,1806048000000,76000.0,put,40.81,0.22728894,0.224,0.2305,66221.9,19.2
1785166524,btc,1790323200000,76000.0,call,35.55,0.01064555,0.01,0.011,64878.06,2276.6
1785166524,btc,1785312000000,59000.0,put,54.79,0.00011005,,0.0001,64402.98,21.0
1785166524,btc,1785398400000,57000.0,call,58.64,0.11528045,,,64402.98,0.0
1785166524,btc,1790323200000,110000.0,call,51.47,0.00048229,0.0004,0.0005,64878.13,1301.1
1785166524,btc,1798185600000,82000.0,call,39.49,0.02931302,0.0285,0.03,65558.59,479.6
1785166524,btc,1790323200000,55000.0,put,43.32,0.01492707,0.0145,0.0155,64878.13,3215.9
1785166524,btc,1798185600000,130000.0,put,48.15,0.98499933,0.9705,0.999,65563.25,52.1
1785166524,btc,1798185600000,106000.0,call,42.53,0.0054643,0.005,0.006,65558.59,318.7
1785166524,btc,1786089600000,60000.0,call,40.06,0.07459712,0.013,0.1355,64488.73,0.0
1785166524,btc,1798185600000,30000.0,call,70.92,0.5477132,0.547,0.5495,65563.25,289.3
1785166524,btc,1798185600000,180000.0,call,54.86,0.00035129,0.0002,0.0006,65563.25,923.7
1785166524,btc,1785484800000,68000.0,put,37.58,0.05667174,0.054,0.0595,64432.72,425.8
1785166524,btc,1790323200000,74000.0,put,35.32,0.15531115,0.152,0.159,64878.06,110.7
1785166524,btc,1798185600000,106000.0,put,42.53,0.62234404,,,65558.59,0.1
1785166524,btc,1787904000000,84000.0,put,43.11,0.3003895,,,64646.3,0.7
1785166524,btc,1806048000000,88000.0,put,40.5,0.36932897,0.222,0.5155,66221.83,4.4
1785166524,btc,1786694400000,64000.0,call,35.53,0.03544553,0.035,0.036,64543.09,3.0
1785166524,btc,1786089600000,58000.0,call,43.4,0.10305991,0.0405,0.1655,64488.8,0.0
1785166524,btc,1785484800000,89000.0,call,63.7,0.0,,0.0001,64432.65,237.4
1785166524,btc,1785225600000,64000.0,call,29.97,0.0088893,0.0085,0.01,64402.98,2.9
1785166524,btc,1785398400000,61000.0,put,43.26,0.0011328,0.001,0.0012,64402.98,27.4
1785166524,btc,1785484800000,57000.0,put,57.42,0.00032704,0.0003,0.0004,64432.72,518.0
1785166524,btc,1798185600000,62000.0,put,41.55,0.07840347,0.0775,0.079,65563.25,701.8
1785166524,btc,1786089600000,66000.0,call,34.15,0.01370004,0.0135,0.0145,64488.8,267.7
1785166524,btc,1790323200000,45000.0,call,56.82,0.31089841,0.3075,0.314,64878.13,153.4
1785166524,btc,1785225600000,69000.0,put,45.87,0.07136692,0.0001,,64402.98,0.0
1785166524,btc,1785484800000,52000.0,call,85.5,0.19313889,,,64432.72,0.5
1785166524,btc,1806048000000,200000.0,call,50.9,0.0008297,0.0007,0.001,66221.9,498.4
1785166524,btc,1785398400000,59000.0,put,49.66,0.00029154,0.0002,0.0004,64402.98,32.4
1785166524,btc,1785484800000,96000.0,put,65.02,0.48987837,,,64432.72,0.1
1785166524,btc,1785484800000,66500.0,put,35.98,0.03592692,,0.1055,64432.72,0.0
1785166524,btc,1798185600000,140000.0,put,49.56,1.13682117,,,65563.25,0.2
1785166524,btc,1790323200000,125000.0,put,57.59,0.92692533,,,64878.13,22.7
1785166524,btc,1785225600000,71000.0,put,47.33,0.10241965,0.0001,,64402.98,0.0
1785166524,btc,1787904000000,92000.0,put,50.54,0.4236271,,,64646.3,1.3
1785166524,btc,1786089600000,60000.0,put,40.06,0.00497305,0.0047,0.0055,64488.73,1263.6
1785166524,btc,1813910400000,55000.0,put,45.66,0.08318711,0.082,0.0845,66971.44,7.3
1785166524,btc,1806048000000,102000.0,put,41.19,0.55944223,0.363,0.7555,66221.9,0.0
1785166524,btc,1787904000000,75000.0,put,35.86,0.16424789,0.1615,0.167,64646.3,34.0
1785166524,btc,1806048000000,96000.0,call,40.8,0.02621237,0.0255,0.027,66221.9,124.9
1785166524,btc,1790323200000,98000.0,put,45.65,0.51152881,,,64878.13,0.1
1785166524,btc,1790323200000,40000.0,call,65.3,0.38617272,0.3845,0.388,64878.13,34.3
1785166524,btc,1787904000000,77000.0,call,37.2,0.00280852,0.0027,0.003,64646.3,226.4
1785166524,btc,1790323200000,155000.0,call,70.11,0.00012853,,0.0002,64878.06,363.0
1785166524,btc,1813910400000,100000.0,put,41.59,0.53236955,0.336,0.7285,66972.29,0.0
1785166524,btc,1785484800000,45000.0,put,99.61,3.44e-06,,0.0001,64432.65,1063.6
1785166524,btc,1787904000000,82000.0,put,41.31,0.2697298,,,64646.3,1.0
1785166524,btc,1785312000000,71000.0,call,43.17,3.61e-06,,0.0001,64402.98,3.2
1785166524,btc,1798185600000,70000.0,put,39.83,0.14256063,0.141,0.144,65563.25,1044.8
1785166524,btc,1790323200000,68000.0,put,35.79,0.0862097,0.0845,0.087,64878.13,640.1
1785166524,btc,1785398400000,62000.0,put,40.82,0.00238751,0.0022,0.0025,64402.98,22.5
1785166524,btc,1785398400000,62000.0,call,40.82,0.03993444,,0.1075,64402.98,0.0
1785166524,btc,1798185600000,125000.0,call,46.65,0.00228954,0.0021,0.0027,65563.25,596.2
1785166524,btc,1806048000000,95000.0,call,40.75,0.02763822,0.027,0.0285,66221.83,176.4
1785166524,btc,1813910400000,40000.0,put,52.7,0.03030808,0.0295,0.031,66971.44,476.3
1785166524,btc,1798185600000,70000.0,call,39.83,0.07480986,0.074,0.0755,65563.25,996.1
1785166524,btc,1785484800000,79000.0,call,57.88,3.7e-06,,0.0001,64432.72,1606.2
1785166524,btc,1798185600000,30000.0,put,70.92,0.00532068,0.005,0.0055,65558.59,2160.8
1785166524,btc,1790323200000,140000.0,call,64.49,0.00017356,0.0001,0.0003,64878.13,1184.6
1785166524,btc,1813910400000,95000.0,put,41.53,0.46697078,0.291,0.6425,66971.44,20.0
1785166524,btc,1798185600000,100000.0,call,41.43,0.00784727,0.0075,0.0085,65558.59,3546.2
1785166524,btc,1813910400000,82000.0,put,41.59,0.30911163,0.306,0.3165,66971.44,0.1
1785166524,btc,1790323200000,180000.0,put,71.52,1.77446353,,,64878.13,7.3
1785166524,btc,1785484800000,74000.0,put,50.87,0.14850435,0.144,0.153,64432.72,130.2
1785166524,btc,1785484800000,85000.0,put,59.73,0.31916317,,,64432.72,22.2
1785166524,btc,1806048000000,62000.0,put,42.95,0.10475674,0.1035,0.1055,66221.9,254.1
1785166524,btc,1790323200000,102000.0,put,47.39,0.57291394,,,64878.13,0.4
1785166524,btc,1787904000000,59000.0,call,39.58,0.1011224,0.099,0.103,64646.3,414.1
1785166524,btc,1786694400000,75000.0,put,38.02,0.16332868,,,64543.09,0.0
1785166524,btc,1786694400000,67000.0,call,34.06,0.01514233,0.0145,0.0155,64543.09,90.2
1785166524,btc,1785398400000,66500.0,call,35.58,0.00238138,0.0022,0.0026,64402.98,31.4
1785166524,btc,1786089600000,77000.0,put,45.95,0.19434031,,,64488.73,0.0
1785166524,btc,1785398400000,71000.0,put,42.6,0.10220988,,,64402.98,0.0
1785166524,btc,1785312000000,70000.0,put,42.99,0.08681163,0.0001,,64402.98,0.0
1785166524,btc,1798185600000,105000.0,call,42.45,0.00586669,0.0055,0.0065,65563.25,834.1
1785166524,btc,1785312000000,63500.0,put,34.23,0.00381879,0.0036,0.0039,64402.98,31.7
1785166524,btc,1786694400000,58000.0,put,42.11,0.00541755,0.005,0.0055,64543.09,72.7
1785166524,btc,1798185600000,52000.0,call,46.2,0.23948932,0.2375,0.241,65563.25,0.0
1785166524,btc,1798185600000,58000.0,put,43.03,0.05589353,0.055,0.0565,65563.25,2054.5
1785166524,btc,1785484800000,79000.0,put,57.88,0.22604944,0.2215,0.231,64432.72,144.2
1785166524,btc,1790323200000,145000.0,put,67.02,1.2351365,,,64878.06,0.2
1785166524,btc,1785225600000,60000.0,call,57.9,0.06839466,0.0001,,64402.98,0.0
1785166524,btc,1785398400000,69000.0,call,37.57,0.00019709,0.0001,0.0003,64402.98,76.0
1785166524,btc,1787904000000,105000.0,put,59.86,0.62439055,,,64646.3,0.6
1785166524,btc,1798185600000,94000.0,put,40.74,0.44585683,0.4285,0.465,65563.25,5.2
1785166524,btc,1785484800000,66000.0,put,35.86,0.02980592,0.028,0.032,64432.72,618.5
1785166524,btc,1798185600000,220000.0,call,58.63,0.00011964,,0.0003,65558.59,252.8
1785166524,btc,1806048000000,80000.0,call,40.58,0.063547,0.063,0.0645,66221.9,915.1
1785166524,btc,1790323200000,175000.0,put,71.52,1.697407,,,64878.13,0.2
1785166524,btc,1813910400000,66000.0,call,43.16,0.16940994,0.1685,0.171,66972.29,23.1
1785166524,btc,1798185600000,56000.0,put,43.94,0.04684032,0.046,0.047,65563.25,345.2
1785166524,btc,1787904000000,75000.0,call,35.86,0.00411273,0.004,0.0044,64646.37,2694.8
1785166524,btc,1790323200000,75000.0,put,35.51,0.16862846,0.165,0.1725,64878.13,2967.4
1785166524,btc,1813910400000,66000.0,put,43.16,0.15489906,0.1535,0.156,66972.29,32.3
1785166524,btc,1798185600000,94000.0,call,40.74,0.01202009,0.0115,0.0125,65563.25,113.9
1785166524,btc,1786694400000,62000.0,put,37.09,0.01601206,0.0155,0.0165,64543.09,43.6
1785166524,btc,1798185600000,140000.0,call,49.56,0.00131964,0.0012,0.0016,65558.59,1473.8
1785166524,btc,1790323200000,90000.0,call,41.55,0.00192453,0.0019,0.0021,64878.13,3021.9
1785166524,btc,1787904000000,72000.0,call,34.53,0.00797946,0.0075,0.0085,64646.3,2709.3
1785166524,btc,1785398400000,64000.0,call,37.55,0.01631476,0.016,0.017,64402.98,10.0
1785166524,btc,1790323200000,56000.0,call,42.45,0.15411251,0.078,0.23,64878.13,12.2
1785166524,btc,1798185600000,76000.0,put,39.38,0.2062118,0.202,0.211,65563.25,142.1
1785166524,btc,1798185600000,250000.0,call,62.75,9.127e-05,,0.0002,65563.25,1256.0
1785166524,btc,1813910400000,85000.0,call,41.52,0.07435997,0.0735,0.0755,66972.29,7.4
1785166524,btc,1813910400000,45000.0,put,49.73,0.04304527,0.042,0.0445,66971.44,230.5
1785166524,btc,1790323200000,62000.0,call,38.09,0.08479083,0.084,0.086,64878.13,682.2
1785166524,btc,1785484800000,58000.0,put,52.82,0.00044766,0.0004,0.0005,64432.72,1770.5
1785166524,btc,1806048000000,70000.0,call,41.49,0.11121018,0.1105,0.112,66221.9,752.8
1785166524,btc,1786089600000,75000.0,call,42.35,0.00052797,0.0005,0.0006,64488.8,2506.9
1785166524,btc,1813910400000,160000.0,put,45.64,1.39469821,,,66972.29,0.0
1785166524,btc,1785484800000,67000.0,call,36.2,0.00268129,0.0027,0.003,64432.72,2143.8
1785166524,btc,1790323200000,70000.0,call,35.39,0.02796362,0.0275,0.0285,64878.13,2064.6
1785166524,btc,1785225600000,70000.0,put,45.88,0.08689267,0.0001,,64402.98,0.0
1785166524,btc,1786694400000,70000.0,put,34.17,0.09014966,0.0042,0.1745,64543.09,0.0
1785166524,btc,1785225600000,59000.0,call,61.49,0.08390815,0.0001,,64402.98,0.0
1785166524,btc,1786694400000,66000.0,call,34.39,0.02055665,0.02,0.021,64543.09,34.6
1785166524,btc,1787904000000,88000.0,call,46.78,0.00070501,0.0006,0.0009,64646.3,185.5
1785166524,btc,1785484800000,82000.0,put,57.91,0.27260469,0.2675,0.2775,64432.72,92.0
1785166524,btc,1790323200000,260000.0,put,78.83,3.00752331,,,64878.13,0.0
1785166524,btc,1785398400000,70000.0,call,40.74,0.00010573,0.0001,0.0002,64402.98,51.7
1785166524,btc,1785225600000,63500.0,call,31.48,0.01508289,0.0006,0.086,64402.98,0.5
1785166524,btc,1787904000000,55000.0,put,44.31,0.00623752,0.006,0.0065,64646.37,699.6
1785166524,btc,1787904000000,77000.0,put,37.2,0.19388061,,,64646.3,3.4
1785166524,btc,1806048000000,85000.0,call,40.48,0.04790139,0.047,0.0485,66221.9,65.1
1785166524,btc,1785484800000,48000.0,put,99.61,4.034e-05,,0.0001,64432.65,1156.1
1785166524,btc,1785484800000,55000.0,call,68.53,0.14665683,,,64432.72,11.5
1785166524,btc,1785484800000,80000.0,put,57.88,0.24156685,0.2365,0.2465,64432.72,385.2
1785166524,btc,1806048000000,45000.0,put,50.17,0.0306116,0.03,0.031,66221.9,181.1
1785166524,btc,1798185600000,110000.0,put,43.48,0.68238081,0.6705,0.6935,65558.59,54.1
1785166524,btc,1785484800000,71000.0,put,44.76,0.10214908,0.098,0.107,64432.72,110.8
1785166524,btc,1786694400000,80000.0,put,45.17,0.24009741,,,64543.09,0.0
1785166524,btc,1785225600000,65000.0,put,29.43,0.01100935,0.008,0.014,64402.98,179.2
1785166524,btc,1787904000000,67000.0,put,34.52,0.06201535,0.0605,0.0635,64646.3,113.6
1785166524,btc,1806048000000,52000.0,put,46.29,0.05206012,0.051,0.053,66221.9,111.9
1785166524,btc,1785484800000,115000.0,put,72.75,0.78475013,,,64432.72,3.2
1785166524,btc,1798185600000,65000.0,put,40.76,0.09952259,0.0985,0.1,65558.59,696.7
1785166524,btc,1785312000000,57000.0,call,66.46,0.11508471,0.0001,,64402.98,0.0
1785166524,btc,1785484800000,83000.0,call,57.91,9e-08,,0.0001,64432.72,1199.8
1785166524,btc,1785484800000,69000.0,call,39.3,0.00068781,0.0007,0.0009,64432.72,3177.8
1785166524,btc,1785225600000,61000.0,call,54.76,0.05293761,0.0001,,64402.98,0.0
1785166524,btc,1785225600000,57000.0,call,67.32,0.11495896,0.0001,,64402.98,0.0
1785166524,btc,1787904000000,63000.0,put,36.35,0.03063075,0.03,0.031,64646.3,658.7
1785166524,btc,1813910400000,130000.0,call,43.33,0.01307934,0.0125,0.014,66971.44,76.8
1785166524,btc,1787904000000,110000.0,put,62.61,0.70167006,,,64646.3,0.0
1785166524,btc,1798185600000,40000.0,call,57.35,0.4017263,0.4,0.4035,65563.25,250.8
1785166524,btc,1813910400000,60000.0,put,44.34,0.11209267,0.111,0.113,66972.29,320.8
1785166524,btc,1785398400000,72000.0,put,43.56,0.11770372,,,64402.98,0.0
1785166524,btc,1798185600000,135000.0,put,48.8,1.0608476,,,65563.25,0.6
1785166524,btc,1798185600000,125000.0,put,46.65,0.90898734,,,65563.25,8.4
1785166524,btc,1806048000000,105000.0,call,41.42,0.01653607,0.016,0.0175,66221.9,183.2
1785166524,btc,1806048000000,100000.0,put,41.07,0.53134934,0.34,0.7215,66221.83,12.1
1785166524,btc,1787904000000,58000.0,put,40.68,0.01128068,0.0105,0.0115,64646.3,803.4
1785166524,btc,1785484800000,65000.0,call,36.54,0.01073683,0.0105,0.011,64432.72,2100.0
1785166524,btc,1787904000000,81000.0,put,40.45,0.25444992,,,64646.3,0.1
1785166524,btc,1785484800000,100000.0,put,65.06,0.55195664,0.5455,0.558,64432.72,99.5
1785166524,btc,1785484800000,106000.0,put,65.27,0.64507404,,,64432.65,0.0
1785166524,btc,1806048000000,110000.0,put,41.87,0.67408487,0.4555,0.719,66221.9,1.7
1785166524,btc,1813910400000,130000.0,put,43.33,0.95419427,0.6605,1.251,66972.29,0.0
1785166524,btc,1785484800000,54000.0,put,73.84,0.00019529,0.0001,0.0003,64432.72,2099.3
1785166524,btc,1806048000000,52000.0,call,46.29,0.2668399,0.2635,0.27,66221.9,5.1
1785166524,btc,1790323200000,90000.0,put,41.55,0.38914383,0.382,0.396,64878.13,587.5
1785166524,btc,1785312000000,65500.0,put,32.12,0.01971686,0.0165,0.023,64402.98,1.7
1785166524,btc,1785225600000,65500.0,put,30.28,0.01763234,0.0135,0.0215,64402.98,5.0
1785166524,btc,1813910400000,50000.0,put,47.42,0.06038434,0.059,0.0615,66971.44,33.1
1785166524,btc,1790323200000,320000.0,put,85.42,3.93233559,,,64878.13,25.1
1785166524,btc,1785484800000,81000.0,put,57.88,0.2570855,0.252,0.262,64432.72,114.0
1785166524,btc,1806048000000,68000.0,call,41.79,0.12380752,0.123,0.125,66221.9,39.1
1785166524,btc,1787904000000,46000.0,put,59.94,0.00152966,0.0014,0.0016,64646.37,664.8
1785166524,btc,1813910400000,80000.0,call,41.69,0.09251159,0.0915,0.0935,66972.29,61.0
1785166524,btc,1798185600000,52000.0,put,46.2,0.0326756,0.032,0.033,65563.25,148.0
1785166524,btc,1785484800000,88000.0,put,61.68,0.36572184,,,64432.72,2.1
1785166524,btc,1806048000000,140000.0,call,45.36,0.00416843,0.0039,0.0045,66221.9,756.5
1785166524,btc,1786089600000,67000.0,call,33.77,0.00898237,0.0085,0.0095,64488.73,675.7
1785166524,btc,1785484800000,50000.0,call,99.32,0.22417609,,,64432.72,3.4
1785166524,btc,1785398400000,67500.0,put,35.7,0.04869691,,0.134,64402.98,0.0
1785166524,btc,1790323200000,94000.0,call,43.48,0.00133179,0.0012,0.0015,64878.13,164.3
1785166524,btc,1785398400000,67000.0,put,35.61,0.04152831,,0.122,64402.98,0.0
1785166524,btc,1785398400000,67000.0,call,35.61,0.00145805,0.0014,0.0016,64402.98,50.0
1785166524,btc,1798185600000,62000.0,call,41.55,0.13268136,0.1315,0.1345,65563.25,241.1
1785166524,btc,1785312000000,64500.0,call,33.48,0.00839417,0.008,0.009,64402.98,13.8
1785166524,btc,1813910400000,82000.0,call,41.59,0.08471605,0.0835,0.086,66972.29,23.3
1785166524,btc,1813910400000,110000.0,call,41.99,0.02630581,0.0255,0.0275,66972.29,129.3
1785166524,btc,1785484800000,108000.0,put,66.12,0.67611317,,,64432.72,0.0
1785166524,btc,1790323200000,30000.0,call,86.85,0.53875915,0.538,0.54,64878.13,132.3
1785166524,btc,1813910400000,85000.0,put,41.52,0.34355051,0.338,0.35,66972.29,4.5
1785166524,btc,1785484800000,66500.0,call,35.98,0.00387576,0.0039,0.0041,64432.72,14.0
1785166524,btc,1785484800000,73000.0,call,50.57,0.00012384,0.0001,0.0002,64432.72,2031.8
1785166524,btc,1806048000000,108000.0,call,41.66,0.01428646,0.0135,0.015,66221.83,57.0
1785166524,btc,1785484800000,74000.0,call,50.87,5.644e-05,,0.0001,64432.72,704.4
1785166524,btc,1798185600000,96000.0,call,40.92,0.01035615,0.01,0.0105,65563.25,309.6
1785166524,btc,1786694400000,70000.0,call,34.17,0.00559482,0.005,0.006,64543.09,587.5
1785166524,btc,1790323200000,170000.0,call,71.52,5.25e-05,,0.0002,64878.06,359.5
1785166524,btc,1813910400000,170000.0,call,46.64,0.00459751,0.0043,0.0048,66972.29,11.4
1785166524,btc,1798185600000,60000.0,call,42.22,0.15113429,0.1495,0.1525,65563.25,785.2
1785166524,btc,1790323200000,190000.0,put,72.81,1.92859002,,,64878.06,0.0
1785166524,btc,1787904000000,83000.0,call,42.17,0.00115764,0.001,0.0014,64646.3,250.1
1785166524,btc,1798185600000,68000.0,call,40.14,0.08694663,0.086,0.0875,65563.25,550.4
1785166524,btc,1785225600000,58000.0,call,61.49,0.09943208,0.0001,,64402.98,0.0
1785166524,btc,1786694400000,63000.0,put,36.26,0.02093156,0.0205,0.0215,64543.09,25.6
1785166524,btc,1785484800000,98000.0,call,65.03,0.0,,0.0001,64432.72,1165.3
1785166524,btc,1786694400000,61000.0,put,38.05,0.01214843,0.0115,0.0125,64543.09,16.3
1785166524,btc,1787904000000,73000.0,call,34.73,0.00625423,0.006,0.007,64646.3,1364.7
1785166524,btc,1813910400000,40000.0,call,52.7,0.43304195,0.43,0.4365,66972.29,16.9
1785166524,btc,1787904000000,74000.0,call,35.3,0.0050711,0.0049,0.0055,64646.3,1884.5
1785166524,btc,1785484800000,64500.0,call,37.38,0.01448744,0.014,0.015,64432.72,11.3
1785166524,btc,1786089600000,65000.0,put,34.76,0.02797804,0.0275,0.0285,64488.8,78.0
1785166524,btc,1790323200000,94000.0,put,43.48,0.45020528,,,64878.06,1.3
1785166524,btc,1806048000000,100000.0,call,41.07,0.02131045,0.0205,0.022,66221.9,556.4
1785166524,btc,1806048000000,68000.0,put,41.79,0.15063396,0.149,0.1515,66221.9,65.1
1785166524,btc,1785225600000,61000.0,put,54.76,8.688e-05,,0.0001,64402.98,173.9
1785166524,btc,1785398400000,63000.0,call,38.99,0.02702409,,0.0725,64402.98,0.0
1785166524,btc,1785398400000,65500.0,call,35.73,0.00570882,0.0055,0.006,64402.98,56.6
1785166524,btc,1806048000000,55000.0,put,45.1,0.06496543,0.064,0.0655,66221.9,1354.1
1785166524,btc,1785484800000,84000.0,call,57.91,3e-08,,0.0001,64432.72,743.5
1785166524,btc,1813910400000,150000.0,call,44.98,0.00739074,0.0065,0.008,66972.29,87.6
1785166524,btc,1790323200000,58000.0,call,40.71,0.1289488,0.127,0.131,64878.13,485.8
1785166524,btc,1785225600000,67500.0,put,44.56,0.04812342,0.0001,,64402.98,0.0
1785166524,btc,1813910400000,52000.0,put,46.64,0.06876371,0.0675,0.07,66972.29,18.0
1785166524,btc,1790323200000,78000.0,put,35.73,0.20985159,0.2065,0.2135,64878.13,629.4
1785166524,btc,1785398400000,72000.0,call,43.56,1.628e-05,,0.0001,64402.98,1.0
1785166524,btc,1787904000000,67000.0,call,34.52,0.02562794,0.025,0.026,64646.3,903.1
1785166524,btc,1806048000000,125000.0,put,43.56,0.89455634,,,66221.9,0.0
1785166524,btc,1786089600000,72000.0,put,37.46,0.11763393,,,64488.73,0.0
1785166524,btc,1806048000000,115000.0,call,42.29,0.01033316,0.01,0.011,66221.9,764.1
1785166524,btc,1806048000000,86000.0,call,40.48,0.04530095,0.0445,0.046,66221.9,112.1
1785166524,btc,1785398400000,58000.0,put,53.66,0.00016886,0.0001,0.0002,64402.98,1.8
1785166524,btc,1787904000000,46000.0,call,59.94,0.2899801,,,64646.3,1.0
1785166524,btc,1786089600000,55000.0,call,49.1,0.14802376,,,64488.73,0.0
1785166524,btc,1813910400000,80000.0,put,41.69,0.28704386,0.2835,0.2945,66972.29,0.4
1785166524,btc,1798185600000,55000.0,put,44.44,0.0428122,0.042,0.0435,65563.25,1089.1
1785166524,btc,1790323200000,98000.0,call,45.65,0.00100113,0.0009,0.0011,64878.13,304.4
1785166524,btc,1786089600000,68000.0,call,33.92,0.00583786,0.0055,0.0065,64488.73,1215.6
1785166524,btc,1813910400000,30000.0,put,61.21,0.01472477,0.014,0.0155,66971.44,267.8
1785166524,btc,1790323200000,100000.0,put,46.5,0.54220446,0.534,0.55,64878.13,272.4
1785166524,btc,1787904000000,64000.0,call,35.79,0.04703815,0.0465,0.0475,64646.37,412.2
1785166524,btc,1786089600000,63000.0,put,36.29,0.01464195,0.014,0.015,64488.8,78.3
1785166524,btc,1787904000000,71000.0,call,34.29,0.01009583,0.01,0.0105,64646.3,1119.1
1785166524,btc,1790323200000,102000.0,call,47.39,0.00073206,0.0006,0.0009,64878.13,92.0
1785166524,btc,1806048000000,102000.0,call,41.19,0.01920256,0.0185,0.02,66221.9,105.8
1785166524,btc,1798185600000,78000.0,put,39.4,0.22995717,0.226,0.236,65558.59,234.6
1785166524,btc,1786089600000,58000.0,put,43.4,0.00242331,0.0022,0.0025,64488.73,281.4
1785166524,btc,1787904000000,71000.0,put,34.29,0.10835711,0.0265,0.1895,64646.3,8.1
1785166524,btc,1813910400000,76000.0,put,41.95,0.24507833,0.242,0.247,66971.44,0.1
1785166524,btc,1790323200000,80000.0,call,36.19,0.00554125,0.0055,0.006,64878.13,3563.2
1785166524,btc,1813910400000,78000.0,call,41.81,0.10103824,0.1,0.102,66972.29,8.9
1785166524,btc,1787904000000,58000.0,call,40.68,0.11410949,0.112,0.116,64646.3,164.3
1785166524,btc,1785484800000,72000.0,put,46.42,0.11755107,0.113,0.122,64432.72,364.3
1785166524,btc,1813910400000,62000.0,call,43.9,0.19961035,0.196,0.203,66972.29,94.2
1785166524,btc,1790323200000,92000.0,put,42.45,0.41962157,,,64878.13,4.0
1785166524,btc,1785398400000,68000.0,put,35.93,0.05609805,,,64402.98,0.0
1785166524,btc,1806048000000,58000.0,call,44.06,0.20443795,0.2015,0.2075,66221.9,5.1
1785166524,btc,1806048000000,94000.0,call,40.7,0.02916158,0.0285,0.03,66221.9,123.3
1785166524,btc,1787904000000,53000.0,put,47.39,0.00440132,0.0041,0.0046,64646.37,194.0
1785166524,btc,1806048000000,72000.0,call,41.21,0.09960611,0.099,0.1005,66221.9,64.1
1785166524,btc,1813910400000,50000.0,call,47.42,0.31380167,0.3105,0.317,66971.44,16.9
1785166524,btc,1798185600000,55000.0,call,44.44,0.20386517,0.202,0.2055,65563.25,42.8
1785166524,btc,1785225600000,59000.0,put,61.49,3.34e-06,,0.0001,64402.98,2.1
1785166524,btc,1790323200000,52000.0,call,46.68,0.20849962,0.206,0.2105,64878.06,75.0
1785166524,btc,1785484800000,90000.0,put,65.02,0.39676098,,,64432.72,14.9
1785166524,btc,1787904000000,69000.0,put,34.06,0.0834424,0.0815,0.0855,64646.3,50.1
1785166524,btc,1798185600000,240000.0,call,62.3,0.0001193,,0.0002,65563.25,874.4
1785166524,btc,1786694400000,55000.0,call,46.59,0.15026248,,,64543.09,0.0
1785166524,btc,1785484800000,105000.0,call,65.12,0.0,,0.0001,64432.72,516.1
1785166524,btc,1785312000000,61000.0,put,41.75,0.00029089,0.0002,0.0004,64402.98,48.8
1785166524,btc,1806048000000,66000.0,put,42.13,0.13419475,0.133,0.1355,66221.9,128.8
1785166524,btc,1785398400000,57000.0,put,58.64,0.00011634,0.0001,0.0002,64402.98,4.8
1785166524,btc,1785398400000,68000.0,call,35.93,0.00050436,0.0005,0.0006,64402.98,90.1
1785166524,btc,1798185600000,75000.0,call,39.39,0.05074718,0.05,0.0515,65558.59,1326.3
1785166524,btc,1785312000000,69000.0,call,39.8,4.851e-05,,0.0001,64402.98,124.3
1785166524,btc,1806048000000,35000.0,put,58.48,0.01417125,0.0135,0.0145,66221.9,554.3
1785166524,btc,1813910400000,30000.0,call,61.21,0.56677517,0.566,0.57,66971.44,26.6
1785166524,btc,1785484800000,72000.0,call,46.42,0.00014229,0.0001,0.0002,64432.72,26194.0
1785166524,btc,1787904000000,61000.0,put,37.72,0.0205908,0.02,0.021,64646.37,575.4
1785166524,btc,1790323200000,50000.0,put,49.11,0.00771307,0.0075,0.0085,64878.13,3560.2
1785166524,btc,1786089600000,80000.0,put,53.57,0.24082198,,,64488.73,0.0
1785166524,btc,1806048000000,64000.0,put,42.5,0.11883281,0.1175,0.12,66221.9,144.1
1785166524,btc,1787904000000,61000.0,call,37.72,0.0770142,0.075,0.079,64646.3,588.3
1785166524,btc,1785484800000,70000.0,put,42.14,0.08679009,0.0825,0.091,64432.72,884.6
1785166524,btc,1806048000000,115000.0,put,42.29,0.74687788,0.514,0.9785,66221.9,1.0
1785166524,btc,1806048000000,35000.0,call,58.48,0.48565764,0.485,0.488,66221.83,4.0
1785166524,btc,1813910400000,54000.0,put,45.97,0.07814946,0.077,0.0795,66972.29,17.0
1785166524,btc,1786694400000,63000.0,call,36.26,0.0448322,0.0445,0.0455,64543.09,2.3
1785166524,btc,1790323200000,140000.0,put,64.49,1.15807025,,,64878.13,1.4
1785166524,btc,1785225600000,63000.0,put,34.01,0.00042973,0.0003,0.0005,64402.98,73.8
1785166524,btc,1785484800000,90000.0,call,65.02,0.0,,0.0001,64432.65,1314.5
1785166524,btc,1785484800000,91000.0,put,65.02,0.41228054,,,64432.72,0.2
1785166524,btc,1785398400000,63000.0,put,38.99,0.0050006,0.0048,0.0055,64402.98,7.3
1785166524,btc,1787904000000,70000.0,call,34.07,0.01271639,0.0125,0.0135,64646.37,1171.1
1785166524,btc,1806048000000,108000.0,put,41.66,0.64512846,0.4325,0.8575,66221.9,0.0
1785166524,btc,1806048000000,180000.0,call,49.43,0.00136541,0.0011,0.0017,66221.9,641.4
1785166524,btc,1806048000000,84000.0,put,40.5,0.3191521,0.3125,0.3265,66221.9,55.1
1785166524,btc,1787904000000,76000.0,put,36.51,0.17898591,0.079,0.2785,64646.37,5.4
1785166524,btc,1785484800000,78000.0,call,57.88,8.6e-06,,0.0001,64432.72,1171.4
1785166524,btc,1786089600000,65000.0,call,34.76,0.02007078,0.0195,0.0205,64488.8,129.5
1785166524,btc,1785484800000,70000.0,call,42.14,0.00042044,0.0004,0.0005,64432.72,25447.0
1785166524,btc,1786089600000,61000.0,call,38.63,0.06128951,0.059,0.063,64488.73,33.5
1785166524,btc,1786089600000,69000.0,call,34.36,0.00377629,0.0037,0.004,64488.73,706.2
1785166524,btc,1790323200000,120000.0,call,55.7,0.00029218,0.0002,0.0006,64878.13,1139.6
1785166524,btc,1790323200000,170000.0,put,71.52,1.62035563,,,64878.13,0.0
1785166524,btc,1787904000000,72000.0,put,34.53,0.12170921,0.118,0.125,64646.3,86.1
1785166524,btc,1785225600000,64500.0,call,30.02,0.00447621,0.0042,0.0048,64402.98,57.7
1785166524,btc,1806048000000,88000.0,call,40.5,0.04049475,0.04,0.0415,66221.83,58.4
1785166524,btc,1806048000000,74000.0,put,40.99,0.20655248,0.204,0.208,66221.9,55.0
1785166524,btc,1806048000000,170000.0,call,48.49,0.00174823,0.0016,0.002,66221.9,248.6
1785166524,btc,1786089600000,70000.0,put,35.32,0.08797505,0.0015,0.1715,64488.8,0.0
1785166524,btc,1787904000000,73000.0,put,34.73,0.13545245,0.0465,0.224,64646.37,4.7
1785166524,btc,1806048000000,74000.0,call,40.99,0.0891237,0.0885,0.09,66221.9,49.8
1785166524,btc,1786694400000,72000.0,call,35.16,0.0029105,0.0028,0.0032,64543.09,432.8
1785166524,btc,1798185600000,64000.0,put,40.99,0.09207324,0.091,0.093,65563.25,247.3
1785166524,btc,1787904000000,84000.0,call,43.11,0.00103812,0.0009,0.0012,64646.3,58.9
1785166524,btc,1806048000000,54000.0,call,45.48,0.24499487,0.2415,0.249,66221.83,0.0
1785166524,btc,1785484800000,67500.0,put,36.67,0.04943232,,0.13,64432.65,0.0
1785166524,btc,1786089600000,53000.0,put,54.19,0.00051936,0.0004,0.0006,64488.8,85.6
1785166524,btc,1790323200000,115000.0,call,53.46,0.00035966,0.0003,0.0006,64878.13,2179.2
1785166524,btc,1787904000000,60000.0,call,38.62,0.08874992,0.0865,0.0905,64646.3,369.2
1785166524,btc,1806048000000,120000.0,put,43.01,0.82059926,,,66221.83,1.8
1785166524,btc,1813910400000,84000.0,put,41.52,0.33185662,0.325,0.34,66972.29,0.0
1785166524,btc,1785225600000,63000.0,call,33.99,0.02223211,0.0006,0.1005,64402.98,1.0
1785166524,btc,1785484800000,52000.0,put,85.5,0.00015634,0.0001,0.0002,64432.72,1543.4
1785166524,btc,1806048000000,104000.0,put,41.35,0.5878307,0.3855,0.79,66221.9,0.0
1785166524,btc,1785225600000,66500.0,put,34.86,0.03264111,0.0005,,64402.98,0.1
1785166524,btc,1787904000000,57000.0,put,41.87,0.00926936,0.0085,0.0095,64646.3,639.8
1785166524,btc,1806048000000,94000.0,put,40.7,0.44859814,0.2775,0.6185,66221.9,9.0
1785166524,btc,1798185600000,100000.0,put,41.43,0.53320551,0.526,0.541,65563.25,303.1
1785166524,btc,1798185600000,75000.0,put,39.39,0.19476586,0.1915,0.199,65563.25,897.1
1785166524,btc,1787904000000,70000.0,put,34.07,0.09550921,0.0935,0.0985,64646.3,181.0
1785166524,btc,1787904000000,60000.0,put,38.62,0.01685805,0.0165,0.0175,64646.3,1785.5
1785166524,btc,1785398400000,64500.0,put,36.9,0.01327121,0.0125,0.0135,64402.98,8.0
1785166524,btc,1790323200000,130000.0,call,59.91,0.00020523,0.0001,0.0005,64878.13,1431.6
1785166524,btc,1785398400000,62500.0,call,39.86,0.03326163,,0.096,64402.98,0.0
1785166524,btc,1806048000000,76000.0,call,40.81,0.07965939,0.079,0.0805,66221.9,279.5
1785166524,btc,1785312000000,66000.0,put,31.98,0.02613215,0.0115,0.1005,64402.98,0.4
1785166524,btc,1785484800000,95000.0,put,65.02,0.47435881,,,64432.65,0.4
1785166524,btc,1813910400000,92000.0,call,41.47,0.0549549,0.054,0.056,66971.44,1.0
1785166524,btc,1790323200000,92000.0,call,42.45,0.00157517,0.0015,0.0018,64878.13,485.0
1785166524,btc,1785312000000,60000.0,put,46.42,0.0001292,,0.0002,64402.98,46.9
1785166524,btc,1790323200000,125000.0,call,57.59,0.00023186,0.0001,0.0006,64878.06,2329.4
1785166524,btc,1785312000000,65500.0,call,32.12,0.00279,0.0026,0.003,64402.98,69.3
1785166524,btc,1785484800000,91000.0,call,65.02,0.0,,0.0001,64432.72,286.2
1785166524,btc,1798185600000,120000.0,put,45.44,0.83317663,0.82,0.846,65563.25,35.5
1785166524,btc,1787904000000,56000.0,call,43.11,0.14138895,0.1395,0.1435,64646.3,59.4
1785166524,btc,1798185600000,220000.0,put,58.63,2.35590777,,,65563.25,0.0
1785166524,btc,1813910400000,70000.0,put,42.56,0.18819846,0.187,0.1895,66972.29,9.4
1785166524,btc,1806048000000,65000.0,call,42.35,0.14495991,0.144,0.1465,66221.9,211.6
1785166524,btc,1806048000000,130000.0,call,44.24,0.00589205,0.0055,0.0065,66221.9,1058.1
1785166524,btc,1790323200000,175000.0,call,71.52,3.614e-05,,0.0002,64878.13,1355.9
1785166524,btc,1787904000000,74000.0,put,35.3,0.14973779,0.056,0.243,64646.37,3.3
1785166524,btc,1787904000000,50000.0,call,52.42,0.22928326,0.226,0.2325,64646.3,51.0
1785166524,btc,1786694400000,65000.0,call,34.88,0.02731533,0.027,0.028,64543.09,19.8
1785166524,btc,1806048000000,84000.0,call,40.5,0.05071943,0.05,0.0515,66221.9,237.7
1785166524,btc,1813910400000,160000.0,call,45.64,0.00563368,0.005,0.006,66972.29,497.4
1785166524,btc,1813910400000,170000.0,put,46.64,1.54297858,,,66972.29,14.6
1785166524,btc,1790323200000,86000.0,put,39.16,0.32829736,,,64878.06,11.6
1785166524,btc,1785312000000,65000.0,call,32.34,0.00496968,0.0048,0.0055,64402.98,40.5
1785166524,btc,1785225600000,64500.0,put,30.03,0.00596753,0.0055,0.0065,64402.98,72.4
1785166524,btc,1790323200000,68000.0,call,35.79,0.03808845,0.0375,0.039,64878.13,815.0
1785166524,btc,1785225600000,62000.0,put,45.07,0.00018585,0.0001,0.0002,64402.98,149.2
1785166524,btc,1786694400000,62000.0,call,37.09,0.05540635,0.017,0.095,64543.09,1.2
1785166524,btc,1790323200000,280000.0,call,81.51,6.4e-07,,0.0001,64878.06,94.0
1785166524,btc,1798185600000,230000.0,call,62.24,0.00017097,,0.0002,65563.25,195.9
1785166524,btc,1785312000000,67000.0,put,32.75,0.0405625,0.0005,,64402.98,0.0
1785166524,btc,1785398400000,64000.0,put,37.55,0.00981471,0.0095,0.01,64402.98,7.0
1785166524,btc,1798185600000,50000.0,put,47.61,0.02734209,0.0265,0.028,65563.25,1747.5
1785166524,btc,1787904000000,65000.0,call,35.26,0.03887407,0.0385,0.039,64646.3,1117.8
1785166524,btc,1785484800000,120000.0,call,77.21,0.0,,0.0001,64432.72,1059.4
1785166524,btc,1787904000000,68000.0,put,34.28,0.07231117,0.0705,0.074,64646.3,87.9
1785166524,btc,1785484800000,63000.0,call,39.33,0.02918372,0.027,0.0305,64432.72,1190.0
1785166524,btc,1787904000000,76000.0,call,36.51,0.00338229,0.0033,0.0036,64646.3,699.3
1785166524,btc,1798185600000,54000.0,put,45.02,0.03918644,0.038,0.04,65558.59,1808.1
1785166524,btc,1798185600000,92000.0,put,40.38,0.41705953,0.4045,0.4335,65563.25,4.5
1785166524,btc,1787904000000,40000.0,call,72.36,0.38196466,,,64646.3,23.5
1785166524,btc,1806048000000,78000.0,put,40.65,0.24892408,0.2455,0.2525,66221.9,182.7
1785166524,btc,1790323200000,54000.0,call,44.31,0.18064029,0.1015,0.26,64878.13,7.2
1785166524,btc,1798185600000,108000.0,call,43.15,0.00503779,0.0048,0.0055,65563.25,122.2
1785166524,btc,1798185600000,60000.0,put,42.22,0.06634923,0.0655,0.067,65563.25,6453.9
1785166524,btc,1813910400000,58000.0,call,44.82,0.2337513,0.2305,0.237,66971.44,4.7
1785166524,btc,1785225600000,68000.0,put,45.72,0.05585712,0.0001,,64402.98,0.0
1785166524,btc,1798185600000,250000.0,put,62.75,2.81348687,,,65563.25,10.0
1785166524,btc,1790323200000,85000.0,call,38.65,0.00304424,0.0029,0.0033,64878.13,1227.3
1785166524,btc,1806048000000,190000.0,put,50.49,1.87019153,,,66221.9,0.9
1785166524,btc,1798185600000,160000.0,call,52.59,0.00067039,0.0006,0.001,65563.25,1226.9
1785166524,btc,1798185600000,88000.0,put,39.83,0.36060961,0.3485,0.3745,65563.25,4.1
1785166524,btc,1798185600000,96000.0,put,40.92,0.47470006,0.4585,0.4895,65558.59,11.2
1785166524,btc,1790323200000,96000.0,put,44.63,0.48086151,,,64878.06,1.0
1785166524,btc,1785484800000,87000.0,put,61.67,0.35020228,,,64432.72,8.1
1785166524,btc,1785484800000,67000.0,put,36.2,0.04249224,0.04,0.045,64432.72,252.7
1785166524,btc,1798185600000,90000.0,call,40.04,0.01575347,0.0155,0.016,65563.25,3087.1
1785166524,btc,1806048000000,66000.0,call,42.13,0.13756908,0.137,0.139,66221.9,18.6
1785166524,btc,1813910400000,62000.0,put,43.9,0.12537286,0.124,0.1265,66972.29,15.4
1785166524,btc,1806048000000,200000.0,put,50.9,2.02090748,,,66221.9,1.0
1785166524,btc,1806048000000,45000.0,call,50.17,0.3510941,0.348,0.355,66221.9,3.2
1785166524,btc,1790323200000,30000.0,put,86.85,0.00116559,0.001,0.0013,64878.13,2339.2
1785166524,btc,1785225600000,62500.0,call,37.96,0.02977664,0.0005,,64402.98,0.0
1785166524,btc,1790323200000,260000.0,call,78.83,8.8e-07,,0.0003,64878.13,293.8
1785166524,btc,1806048000000,160000.0,call,47.29,0.00220762,0.002,0.0025,66221.9,854.9
1785166524,btc,1785484800000,69000.0,put,39.3,0.07153789,0.0675,0.076,64432.72,209.6
1785166524,btc,1798185600000,66000.0,put,40.52,0.10731099,0.1065,0.108,65563.25,332.4
1785166524,btc,1790323200000,82000.0,call,37.31,0.00439748,0.0043,0.0047,64878.06,2496.5
1785166524,btc,1786694400000,66000.0,put,34.39,0.04313693,0.0425,0.0435,64543.09,3.0
1785166524,btc,1785398400000,58000.0,call,53.66,0.09980953,,,64402.98,0.0
1785166524,btc,1785484800000,64500.0,put,37.38,0.01549948,0.015,0.0155,64432.72,51.2
1785166524,btc,1806048000000,92000.0,put,40.61,0.42171852,0.257,0.585,66221.9,0.2
1785166524,btc,1798185600000,190000.0,put,55.3,1.89841291,,,65563.25,0.0
1785166524,btc,1785398400000,66000.0,put,35.56,0.02828708,,0.094,64402.98,1.2
1785166524,btc,1798185600000,35000.0,call,63.48,0.4739947,0.4735,0.4755,65563.25,77.6
1785166524,btc,1798185600000,160000.0,put,52.59,1.44124358,,,65563.25,0.0
1785166524,btc,1785484800000,86000.0,call,61.29,2e-08,,0.0001,64432.65,496.0
1785166524,btc,1798185600000,120000.0,call,45.44,0.00274674,0.0026,0.003,65563.25,6033.0
1785166524,btc,1806048000000,72000.0,put,41.21,0.18683411,0.183,0.189,66221.9,139.2
1785166524,btc,1785484800000,89000.0,put,63.7,0.38124141,,,64432.72,5.9
1785166524,btc,1785398400000,70000.0,put,40.74,0.0867463,,,64402.98,0.0
1785166524,btc,1785225600000,65000.0,call,29.43,0.00175907,0.0016,0.002,64402.98,218.8
1785166524,btc,1798185600000,150000.0,call,51.45,0.00097947,0.0009,0.0013,65563.25,1635.1
1785166524,btc,1785312000000,69000.0,put,39.8,0.07131498,0.0001,,64402.98,0.0
1785166524,btc,1806048000000,58000.0,put,44.06,0.08026051,0.079,0.0815,66221.9,109.6
1785166524,btc,1787904000000,54000.0,put,46.24,0.00541302,0.005,0.0055,64646.3,1068.3
1785166524,btc,1787904000000,81000.0,call,40.45,0.00150395,0.0013,0.0017,64646.37,1151.5
1785166524,btc,1785398400000,60000.0,call,46.45,0.06916474,,,64402.98,0.0
1785166524,btc,1785484800000,59000.0,put,48.86,0.00067839,0.0006,0.0008,64432.72,1666.6
1785166524,btc,1787904000000,95000.0,call,51.61,0.00033414,0.0003,0.0005,64646.3,11.6
1785166524,btc,1813910400000,100000.0,call,41.59,0.03920422,0.038,0.0405,66971.44,61.6
1785166524,btc,1785312000000,67000.0,call,32.75,0.00034723,0.0003,0.0005,64402.98,63.1
1785166524,btc,1790323200000,88000.0,call,40.2,0.00222595,0.0021,0.0025,64878.13,650.1
1785166524,btc,1785312000000,65000.0,put,32.34,0.01413375,0.0135,0.015,64402.98,5.7
1785166524,btc,1798185600000,66000.0,call,40.52,0.10057455,0.1,0.1015,65563.25,256.7
1785166524,btc,1798185600000,102000.0,call,41.71,0.00685874,0.0065,0.0075,65563.25,169.2
1785166524,btc,1787904000000,69000.0,call,34.06,0.01611806,0.016,0.0165,64646.3,620.8
1785166524,btc,1806048000000,104000.0,call,41.35,0.01739025,0.017,0.018,66221.9,101.2
1785166524,btc,1787904000000,95000.0,put,51.61,0.46983868,,,64646.3,0.1
1785166524,btc,1798185600000,170000.0,call,53.56,0.00046263,0.0004,0.0008,65558.59,2384.0
1785166524,btc,1790323200000,65000.0,call,36.67,0.05822711,0.0575,0.059,64878.13,763.3
1785166524,btc,1786694400000,55000.0,put,46.59,0.00241271,0.0022,0.0026,64543.09,59.3
1785166524,btc,1806048000000,130000.0,put,44.24,0.9689426,,,66221.9,0.2
1785166524,btc,1806048000000,80000.0,put,40.58,0.27157812,0.2645,0.2795,66221.9,139.6
1785166524,btc,1786694400000,61000.0,call,38.05,0.06703635,0.0115,0.1225,64543.09,0.0
1785166524,btc,1787904000000,62000.0,call,37.01,0.0661577,0.0645,0.068,64646.3,896.2
1785166524,btc,1790323200000,300000.0,call,84.97,6.2e-07,,0.0001,64878.06,192.5
1785166524,btc,1806048000000,40000.0,call,53.83,0.4167546,0.416,0.419,66221.9,81.3
1785166524,btc,1790323200000,135000.0,call,61.8,0.00017339,0.0001,0.0003,64878.13,275.6
1785166524,btc,1813910400000,64000.0,call,43.5,0.18398968,0.183,0.1855,66972.29,16.7
1785166524,btc,1790323200000,72000.0,put,35.34,0.13023005,0.1275,0.133,64878.06,274.9
1785166524,btc,1806048000000,85000.0,put,40.48,0.33143445,0.2215,0.44,66221.9,0.8
1785166524,btc,1787904000000,55000.0,call,44.31,0.15547174,0.1535,0.1575,64646.37,5.8
1785166524,btc,1790323200000,62000.0,put,38.09,0.04043079,0.0395,0.041,64878.13,980.1
1785166524,btc,1785484800000,76000.0,call,53.07,1.569e-05,,0.0001,64432.72,2887.1
1785166524,btc,1785398400000,67500.0,call,35.7,0.00086493,0.0008,0.001,64402.98,1.3
1785166524,btc,1806048000000,55000.0,call,45.1,0.23444404,0.2315,0.238,66221.9,28.6
1785166524,btc,1806048000000,62000.0,call,42.95,0.16853263,0.168,0.17,66221.9,42.2
1785166524,btc,1787904000000,110000.0,call,62.61,0.00013849,0.0001,0.0003,64646.3,103.9
1785166524,btc,1785484800000,48000.0,call,99.61,0.25510115,,,64432.72,2.0
1785166524,btc,1813910400000,150000.0,put,44.98,1.24713874,,,66971.44,0.0
1785166524,btc,1785312000000,66000.0,call,31.98,0.00144248,0.0013,0.0016,64402.98,59.5
1785166524,btc,1790323200000,120000.0,put,55.7,0.84991792,0.84,0.8595,64878.13,172.3
1785166524,btc,1787904000000,94000.0,call,51.6,0.0004114,0.0003,0.0006,64646.3,194.8
1785166524,btc,1813910400000,52000.0,call,46.64,0.29231774,0.289,0.296,66972.29,0.6
1785166524,btc,1790323200000,50000.0,call,49.11,0.23703568,0.235,0.239,64878.13,30.5
1785166524,btc,1787904000000,96000.0,call,52.39,0.00031024,0.0002,0.0006,64646.3,23.4
1785166524,btc,1785225600000,72000.0,call,49.25,0.0,,0.0001,64402.98,0.0
1785166524,btc,1785225600000,69000.0,call,45.87,1.35e-06,,0.0001,64402.98,19.9
1785166524,btc,1785484800000,75000.0,call,50.88,2.337e-05,,0.0001,64432.72,4301.9
1785166524,btc,1790323200000,96000.0,call,44.63,0.00116093,0.001,0.0013,64878.13,307.4
1785166524,btc,1806048000000,112000.0,call,41.99,0.01181369,0.0115,0.0125,66221.9,63.2
1785166524,btc,1806048000000,82000.0,call,40.48,0.05666031,0.056,0.057,66221.9,662.6
1785166524,btc,1785484800000,108000.0,call,66.12,0.0,,0.0001,64432.72,375.1
1785166524,btc,1790323200000,55000.0,call,43.32,0.16718194,0.165,0.1695,64878.06,83.9
1785166524,btc,1785225600000,66500.0,call,34.86,9.314e-05,0.0001,0.0002,64402.98,247.7
1785166524,btc,1785484800000,68000.0,call,37.58,0.00134122,0.0014,0.0015,64432.72,4745.3
1785166524,btc,1785484800000,100000.0,call,65.06,0.0,,0.0001,64432.72,1802.6
1785166524,btc,1813910400000,88000.0,call,41.46,0.06524191,0.0645,0.0665,66971.44,2.8
1785166524,btc,1798185600000,74000.0,put,39.46,0.18369707,0.181,0.187,65558.59,102.6
1785166524,btc,1813910400000,45000.0,call,49.73,0.37112086,0.368,0.3745,66971.44,0.4
1785166524,btc,1790323200000,74000.0,call,35.32,0.01470861,0.0145,0.0155,64878.13,723.2
1785166524,btc,1785484800000,64000.0,call,37.81,0.01871688,0.0185,0.019,64432.72,895.8
1785166524,btc,1785312000000,62000.0,call,37.76,0.03817327,0.012,0.1135,64402.98,0.0
1785166524,btc,1813910400000,54000.0,call,45.97,0.27184018,0.2685,0.2755,66971.44,0.3
1785166524,btc,1786694400000,75000.0,call,38.02,0.00130564,0.0013,0.0015,64543.09,360.2
1785166524,btc,1798185600000,84000.0,call,39.59,0.02504479,0.0245,0.0255,65563.25,759.0
1785166524,btc,1787904000000,85000.0,call,43.92,0.00091939,0.0008,0.0011,64646.3,318.6
1785166524,btc,1786089600000,80000.0,call,53.57,0.00032073,0.0003,0.0004,64488.8,53.0
1785166524,btc,1790323200000,76000.0,put,35.55,0.18207518,0.179,0.1855,64878.13,599.6
1785166524,btc,1787904000000,98000.0,call,54.01,0.00027304,0.0001,0.0005,64646.3,154.0
1785166524,btc,1790323200000,54000.0,put,44.31,0.01297187,0.0125,0.0135,64878.13,372.4
1785166524,btc,1787904000000,100000.0,call,54.58,0.00020295,0.0001,0.0005,64646.3,155.1
1785166524,btc,1798185600000,76000.0,call,39.38,0.04693953,0.0465,0.0475,65563.25,339.4
1785166524,btc,1813910400000,86000.0,put,41.48,0.3552647,0.2165,0.4955,66972.29,0.0
1785166524,btc,1785312000000,68000.0,call,35.57,0.00010659,0.0001,0.0002,64402.98,87.1
1785166524,btc,1785312000000,63500.0,call,34.23,0.01794313,0.009,0.0625,64402.98,0.0
1785166524,btc,1786694400000,72000.0,put,35.16,0.11845262,0.1155,0.121,64543.09,0.0
1785166524,btc,1813910400000,92000.0,put,41.47,0.42866701,0.266,0.5925,66972.29,0.0
1785166524,btc,1787904000000,82000.0,call,41.31,0.00131536,0.0012,0.0015,64646.3,1526.5
1785166524,btc,1798185600000,104000.0,call,42.43,0.00634744,0.006,0.0065,65563.25,84.3
1785166524,btc,1786089600000,63000.0,call,36.29,0.03774722,0.037,0.0385,64488.73,24.7
1785166524,btc,1790323200000,66000.0,call,36.35,0.0508542,0.0505,0.0515,64878.13,970.9
1785166524,btc,1785398400000,64500.0,call,36.9,0.01200954,0.0115,0.0125,64402.98,1.8
1785166524,btc,1790323200000,155000.0,put,70.11,1.38922843,,,64878.13,0.1
1785166524,btc,1790323200000,105000.0,call,48.85,0.00060789,0.0005,0.0009,64878.13,1208.3
1785166524,btc,1785484800000,71000.0,call,44.76,0.00025986,0.0003,0.0004,64432.72,2842.7
1785166524,btc,1798185600000,88000.0,call,39.83,0.01829436,0.018,0.0185,65563.25,2477.2
1785166524,btc,1786694400000,68000.0,put,33.91,0.06452512,,0.136,64543.09,0.0
1785166524,btc,1813910400000,56000.0,put,45.36,0.08845188,0.087,0.0895,66972.29,41.4
1785166524,btc,1806048000000,105000.0,put,41.42,0.6020769,0.396,0.8065,66221.9,0.0
1785166524,btc,1787904000000,80000.0,put,39.35,0.23914928,,,64646.3,12.8
1785166524,btc,1785484800000,54000.0,call,73.84,0.16213871,,,64432.65,1.6
1785166524,btc,1813910400000,105000.0,put,41.79,0.59987246,0.3845,0.8145,66972.29,0.0
1785166524,btc,1787904000000,52000.0,put,49.04,0.00373159,0.0035,0.0038,64646.3,1105.4
1785166524,btc,1790323200000,82000.0,put,37.31,0.2683084,0.262,0.2745,64878.13,194.1
1785166524,btc,1806048000000,112000.0,put,41.99,0.70305724,0.4795,0.926,66221.9,0.0
1785166524,btc,1785484800000,82000.0,call,57.91,2.5e-07,,0.0001,64432.72,3188.2
1785166524,btc,1785312000000,57000.0,put,66.46,4.397e-05,,0.0001,64402.98,11.3
1785166524,btc,1786694400000,60000.0,put,39.07,0.0091348,0.0085,0.0095,64543.09,779.7
1785166524,btc,1798185600000,58000.0,call,43.03,0.17118575,0.1695,0.1725,65563.25,41.8
1785166524,btc,1785484800000,65000.0,put,36.54,0.01950864,0.019,0.02,64432.72,605.1
1785166524,btc,1787904000000,65000.0,put,35.26,0.04432454,0.0435,0.045,64646.3,745.1
1785166524,btc,1785398400000,66500.0,put,35.58,0.03468992,,0.1085,64402.98,0.0
1785166524,btc,1790323200000,66000.0,put,36.35,0.06814835,0.067,0.0685,64878.13,850.7
1785166524,btc,1813910400000,90000.0,call,41.47,0.05990219,0.059,0.061,66972.29,78.2
1785166524,btc,1798185600000,85000.0,call,39.69,0.02322837,0.023,0.0235,65558.59,2200.4
1785166524,btc,1798185600000,98000.0,put,41.23,0.50391262,0.4895,0.5215,65563.25,1.1
1785166524,btc,1787904000000,90000.0,put,48.99,0.39279831,,,64646.3,1.5
1785166524,btc,1806048000000,78000.0,call,40.65,0.07109374,0.0705,0.072,66221.9,377.7
1785166524,btc,1787904000000,85000.0,put,43.92,0.31573924,,,64646.3,0.4
1785166524,btc,1790323200000,200000.0,put,72.81,2.08271744,,,64878.13,0.1
1785166524,btc,1787904000000,68000.0,call,34.28,0.02045529,0.02,0.021,64646.37,659.1
1785166524,btc,1787904000000,52000.0,call,49.04,0.19937121,0.196,0.2025,64646.3,51.0
1785166524,btc,1798185600000,78000.0,call,39.4,0.04017774,0.0395,0.041,65563.25,399.4
1785166524,btc,1785225600000,62000.0,call,45.07,0.03750954,0.0001,,64402.98,0.0
1785166524,btc,1790323200000,85000.0,put,38.65,0.31319581,0.3065,0.3195,64878.13,454.5
1785166524,btc,1787904000000,54000.0,call,46.24,0.17011571,0.168,0.172,64646.3,8.2
1785166524,btc,1785312000000,62500.0,put,36.33,0.00130959,0.0011,0.0014,64402.98,642.1
1785166524,btc,1785484800000,106000.0,call,65.27,0.0,,0.0001,64432.72,44.6
1785166524,btc,1785484800000,62000.0,put,41.13,0.00383438,0.0036,0.004,64432.72,1891.3
1785166524,btc,1798185600000,95000.0,put,40.9,0.46033372,0.454,0.4665,65563.25,85.9
1785166524,eth,1786694400000,1950.0,put,49.07,0.049661,0.049,0.0505,1926.29,147.0
1785166524,eth,1785484800000,3000.0,put,102.41,0.55743,0.497,0.6215,1925.68,5.0
1785166524,eth,1798185600000,7000.0,call,72.23,0.000744,0.0005,0.0011,1943.09,2825.0
1785166524,eth,1785398400000,1975.0,put,49.89,0.033149,0.0295,0.0345,1925.07,667.0
1785166524,eth,1785398400000,2000.0,call,50.78,0.004678,0.0045,0.0049,1925.07,721.0
1785166524,eth,1785398400000,1825.0,put,56.42,0.003191,0.0029,0.0033,1925.07,15.0
1785166524,eth,1785484800000,1550.0,call,92.3,0.195595,0.194,0.1995,1925.74,1657.0
1785166524,eth,1787904000000,2250.0,call,50.73,0.012508,0.012,0.013,1926.54,1652.0
1785166524,eth,1798185600000,1800.0,put,54.88,0.101122,0.1,0.102,1943.09,4671.0
1785166524,eth,1785398400000,1600.0,call,87.78,0.169143,0.163,0.179,1925.07,0.0
1785166524,eth,1813910400000,1400.0,put,60.33,0.079501,0.078,0.081,1980.84,1714.0
1785166524,eth,1813910400000,1600.0,call,58.99,0.310426,0.306,0.3135,1980.84,367.0
1785166524,eth,1798185600000,5000.0,call,65.57,0.002865,0.0026,0.0032,1942.9,4268.0
1785166524,eth,1806048000000,2900.0,put,56.3,0.538118,0.525,0.544,1961.67,258.0
1785166524,eth,1813910400000,4500.0,call,59.32,0.027295,0.0265,0.028,1980.84,1078.0
1785166524,eth,1790323200000,4500.0,call,76.79,0.000458,0.0003,0.0007,1930.41,8535.0
1785166524,eth,1787904000000,1100.0,put,81.51,0.000597,0.0004,0.0008,1926.54,1468.0
1785166524,eth,1785484800000,2100.0,call,55.72,0.001552,0.0015,0.0018,1925.74,8464.0
1785166524,eth,1806048000000,4400.0,put,59.82,1.2571,1.162,1.367,1961.86,0.0
1785166524,eth,1785484800000,2900.0,put,102.41,0.505517,0.4465,0.5665,1925.74,3.0
1785166524,eth,1786694400000,1850.0,put,50.14,0.026124,0.0255,0.027,1926.29,529.0
1785166524,eth,1790323200000,7000.0,call,90.94,4e-05,,0.0001,1930.41,2032.0
1785166524,eth,1790323200000,11000.0,put,110.93,4.698255,4.4735,4.93,1930.41,0.0
1785166524,eth,1785312000000,1825.0,put,54.55,0.001202,0.001,0.0013,1925.07,224.0
1785166524,eth,1790323200000,3300.0,put,63.4,0.711679,0.643,0.7875,1930.6,3.0
1785166524,eth,1806048000000,1000.0,call,67.43,0.51051,0.508,0.515,1961.86,270.0
1785166524,eth,1785312000000,1600.0,call,84.72,0.16895,0.1625,0.178,1925.07,0.0
1785166524,eth,1813910400000,1500.0,call,59.57,0.340392,0.3365,0.3435,1980.84,52.0
1785166524,eth,1790323200000,8000.0,call,94.35,1.8e-05,,0.0002,1930.41,1092.0
1785166524,eth,1785398400000,2025.0,call,51.67,0.002886,0.0028,0.0032,1925.07,85.0
1785166524,eth,1798185600000,6500.0,put,70.74,2.346386,2.215,2.4895,1943.09,0.0
1785166524,eth,1790323200000,4200.0,put,73.56,1.176302,1.089,1.2675,1930.6,551.0
1785166524,eth,1806048000000,3600.0,call,57.68,0.028818,0.028,0.0295,1961.86,1990.0
1785166524,eth,1806048000000,3400.0,put,57.18,0.768038,0.75,0.828,1961.86,6.0
1785166524,eth,1785225600000,1600.0,call,89.21,0.168835,0.162,0.1785,1924.88,0.0
1785166524,eth,1785484800000,3400.0,put,116.34,0.765088,0.6955,0.8365,1925.74,4.0
1785166524,eth,1798185600000,2600.0,call,54.56,0.045732,0.045,0.0465,1943.09,5381.0
1785166524,eth,1785484800000,1950.0,put,49.91,0.026888,0.0265,0.028,1925.74,1927.0
1785166524,eth,1813910400000,2400.0,call,57.01,0.145605,0.144,0.1475,1980.84,644.0
1785166524,eth,1785484800000,1925.0,call,50.72,0.020646,0.02,0.0215,1925.68,194.0
1785166524,eth,1813910400000,5000.0,call,60.21,0.020081,0.0195,0.021,1980.84,24.0
1785166524,eth,1813910400000,2500.0,put,56.98,0.394575,0.3865,0.4005,1980.84,5.0
1785166524,eth,1786694400000,1700.0,call,54.71,0.126367,0.12,0.134,1926.29,0.0
1785166524,eth,1785484800000,2300.0,call,71.1,0.000165,0.0001,0.0003,1925.68,22111.0
1785166524,eth,1787904000000,1750.0,put,51.57,0.023083,0.0225,0.0235,1926.54,2701.0
1785166524,eth,1798185600000,4200.0,call,61.47,0.005518,0.005,0.006,1943.09,4058.0
1785166524,eth,1786089600000,2200.0,call,53.55,0.003215,0.0031,0.0035,1926.05,10315.0
1785166524,eth,1790323200000,8500.0,call,97.73,1.7e-05,,0.0002,1930.6,1253.0
1785166524,eth,1806048000000,5000.0,put,61.59,1.557944,1.451,1.682,1961.86,0.0
1785166524,eth,1790323200000,4500.0,put,76.79,1.331557,1.2395,1.43,1930.41,6.0
1785166524,eth,1786694400000,1700.0,put,54.71,0.008732,0.0085,0.009,1926.29,578.0
1785166524,eth,1786694400000,2100.0,call,49.65,0.013984,0.0135,0.0145,1926.29,458.0
1785166524,eth,1787904000000,1400.0,put,64.73,0.003149,0.0029,0.0033,1926.54,6714.0
1785166524,eth,1806048000000,800.0,call,73.11,0.602827,0.601,0.607,1961.67,0.0
1785166524,eth,1806048000000,4400.0,call,59.82,0.014387,0.014,0.015,1961.86,1081.0
1785166524,eth,1798185600000,3000.0,put,55.81,0.568182,0.555,0.577,1942.9,800.0
1785166524,eth,1790323200000,2500.0,put,53.1,0.308598,0.301,0.315,1930.41,3154.0
1785166524,eth,1790323200000,13000.0,call,119.8,1.2e-05,,0.0003,1930.41,1873.0
1785166524,eth,1785225600000,1875.0,put,49.21,0.001099,0.0009,0.0011,1924.88,797.0
1785166524,eth,1790323200000,7200.0,put,90.95,2.729788,2.583,2.882,1930.41,0.0
1785166524,eth,1813910400000,1900.0,put,57.74,0.192845,0.1915,0.1945,1980.84,3022.0
1785166524,eth,1785312000000,2075.0,put,57.17,0.078192,0.036,0.1235,1925.07,0.0
1785166524,eth,1785484800000,2650.0,call,94.36,1.1e-05,,0.0001,1925.74,3026.0
1785166524,eth,1798185600000,4500.0,call,63.24,0.004311,0.004,0.0047,1942.9,2416.0
1785166524,eth,1786089600000,1800.0,call,52.29,0.076785,0.071,0.0835,1926.05,160.0
1785166524,eth,1786089600000,1750.0,put,54.66,0.007072,0.0065,0.0075,1926.05,1588.0
1785166524,eth,1813910400000,1400.0,call,60.33,0.372841,0.369,0.376,1980.84,50.0
1785166524,eth,1806048000000,2300.0,call,55.94,0.120957,0.12,0.122,1961.86,4223.0
1785166524,eth,1785484800000,1300.0,call,123.78,0.325135,0.32,0.3325,1925.68,50.0
1785166524,eth,1787904000000,1850.0,call,49.9,0.07955,0.078,0.083,1926.54,4183.0
1785166524,eth,1790323200000,6400.0,call,88.27,6.5e-05,,0.0002,1930.41,1923.0
1785166524,eth,1806048000000,6000.0,call,64.69,0.005425,0.005,0.006,1961.86,4032.0
1785166524,eth,1798185600000,3500.0,put,57.86,0.813276,0.7925,0.8995,1943.09,52.0
1785166524,eth,1785398400000,2075.0,call,55.36,0.00121,0.0011,0.0014,1925.07,104.0
1785166524,eth,1785484800000,1450.0,put,109.68,0.00015,0.0001,0.0002,1925.68,5983.0
1785166524,eth,1785312000000,1775.0,put,61.8,0.000406,0.0003,0.0005,1925.07,64.0
1785166524,eth,1785484800000,1500.0,put,100.7,0.000195,0.0002,0.0003,1925.68,13056.0
1785166524,eth,1787904000000,1200.0,call,75.29,0.378245,0.3735,0.3845,1926.48,51.0
1785166524,eth,1806048000000,3500.0,put,57.41,0.815682,0.7975,0.8765,1961.86,23.0
1785166524,eth,1790323200000,3500.0,put,66.06,0.814691,0.8025,0.8245,1930.41,1133.0
1785166524,eth,1785225600000,1750.0,put,86.86,6.4e-05,,0.0001,1924.88,589.0
1785166524,eth,1798185600000,5200.0,call,66.52,0.002489,0.0022,0.0028,1942.9,8849.0
1785166524,eth,1790323200000,6500.0,call,88.27,5.6e-05,,0.0002,1930.41,1337.0
1785166524,eth,1785312000000,1700.0,put,75.12,0.000116,,0.0001,1925.07,504.0
1785166524,eth,1785484800000,2550.0,call,88.0,2.1e-05,,0.0001,1925.68,2237.0
1785166524,eth,1790323200000,8000.0,put,94.35,3.144194,2.981,3.313,1930.41,0.0
1785166524,eth,1790323200000,6800.0,call,89.25,4.1e-05,,0.0002,1930.6,1462.0
1785166524,eth,1806048000000,900.0,call,70.28,0.556237,0.553,0.56,1961.86,68.0
1785166524,eth,1798185600000,4600.0,put,63.69,1.371448,1.276,1.479,1943.09,0.0
1785166524,eth,1787904000000,2500.0,call,55.29,0.004316,0.0042,0.0045,1926.54,27108.0
1785166524,eth,1790323200000,3600.0,call,67.31,0.001392,0.0012,0.0016,1930.41,2715.0
1785166524,eth,1790323200000,4600.0,put,77.26,1.383291,1.288,1.482,1930.6,38.0
1785166524,eth,1806048000000,900.0,put,70.28,0.014974,0.0145,0.0155,1961.67,767.0
1785166524,eth,1813910400000,2600.0,put,57.0,0.433469,0.4245,0.4395,1980.84,0.0
1785166524,eth,1785312000000,1700.0,call,75.12,0.117116,0.11,0.1275,1925.07,0.0
1785166524,eth,1790323200000,15000.0,put,127.3,6.77034,6.464,7.0865,1930.41,0.0
1785166524,eth,1790323200000,12000.0,put,115.57,5.216276,4.9715,5.469,1930.41,0.0
1785166524,eth,1786089600000,2400.0,put,62.92,0.246751,0.197,0.301,1926.05,0.0
1785166524,eth,1786694400000,1750.0,call,52.71,0.1043,0.099,0.112,1926.29,0.0
1785166524,eth,1786089600000,2050.0,call,49.31,0.011629,0.0115,0.012,1926.05,3958.0
1785166524,eth,1786694400000,2050.0,put,49.14,0.083648,0.076,0.0865,1926.29,176.0
1785166524,eth,1785484800000,2150.0,call,59.54,0.000817,0.0008,0.001,1925.68,17400.0
1785166524,eth,1785312000000,1750.0,put,64.91,0.000227,0.0002,0.0003,1925.07,225.0
1785166524,eth,1798185600000,3000.0,call,55.81,0.024154,0.0235,0.025,1942.9,5164.0
1785166524,eth,1798185600000,4200.0,put,61.47,1.167158,1.079,1.268,1943.09,62.0
1785166524,eth,1806048000000,2100.0,call,56.1,0.153734,0.152,0.156,1961.67,482.0
1785166524,eth,1806048000000,1300.0,call,61.32,0.383253,0.3795,0.388,1961.86,50.0
1785166524,eth,1785484800000,3200.0,call,105.54,0.0,,0.0001,1925.74,4995.0
1785166524,eth,1798185600000,2200.0,put,54.03,0.222271,0.2185,0.2245,1942.9,9278.0
1785166524,eth,1785484800000,2350.0,call,76.59,0.000131,,0.0002,1925.74,8349.0
1785166524,eth,1786089600000,1800.0,put,52.29,0.011165,0.0105,0.0115,1926.05,5761.0
1785166524,eth,1790323200000,1500.0,call,58.05,0.237821,0.2355,0.243,1930.41,976.0
1785166524,eth,1785484800000,2500.0,put,82.13,0.298013,0.292,0.303,1925.68,457.0
1785166524,eth,1787904000000,3000.0,put,66.31,0.557926,0.4955,0.625,1926.48,0.0
1785166524,eth,1786694400000,2400.0,put,57.26,0.248002,0.1975,0.3035,1926.29,0.0
1785166524,eth,1785484800000,3000.0,call,102.41,0.0,,0.0001,1925.74,3416.0
1785166524,eth,1798185600000,2100.0,call,54.06,0.106583,0.1055,0.108,1942.9,1397.0
1785166524,eth,1786089600000,1600.0,call,65.32,0.171483,0.1655,0.1805,1926.05,0.0
1785166524,eth,1785484800000,2900.0,call,102.41,1e-06,,0.0001,1925.68,13514.0
1785166524,eth,1785398400000,1750.0,put,64.86,0.00093,0.0008,0.001,1925.07,254.0
1785166524,eth,1785398400000,2075.0,put,55.36,0.07893,0.0655,0.0895,1925.07,0.0
1785166524,eth,1785398400000,2050.0,put,53.27,0.066569,0.03,0.101,1925.07,0.0
1785166524,eth,1785398400000,2200.0,call,67.29,0.000219,0.0002,0.0003,1925.07,151.0
1785166524,eth,1786089600000,1700.0,call,58.0,0.122143,0.1155,0.131,1926.05,50.0
1785166524,eth,1806048000000,4800.0,call,60.95,0.010714,0.01,0.0115,1961.86,2851.0
1785166524,eth,1790323200000,3100.0,call,60.7,0.003164,0.003,0.0035,1930.41,1978.0
1785166524,eth,1785484800000,1850.0,call,53.11,0.046359,0.045,0.05,1925.74,11041.0
1785166524,eth,1790323200000,1600.0,put,55.45,0.022879,0.022,0.0235,1930.41,7399.0
1785166524,eth,1798185600000,3300.0,call,57.15,0.01577,0.015,0.0165,1943.09,1850.0
1785166524,eth,1786089600000,1950.0,call,49.01,0.027876,0.027,0.0285,1926.05,3079.0
1785166524,eth,1787904000000,3400.0,put,74.2,0.764964,0.696,0.839,1926.48,1.0
1785166524,eth,1787904000000,2400.0,call,53.22,0.006396,0.006,0.007,1926.54,11757.0
1785166524,eth,1785312000000,2200.0,call,73.41,6.1e-05,,0.0001,1925.07,750.0
1785166524,eth,1785484800000,1600.0,call,84.11,0.169751,0.1685,0.1735,1925.68,3324.0
1785166524,eth,1787904000000,2400.0,put,53.22,0.251952,0.237,0.2805,1926.54,2.0
1785166524,eth,1798185600000,1200.0,call,63.79,0.401108,0.398,0.406,1943.09,341.0
1785166524,eth,1798185600000,3500.0,call,57.86,0.01191,0.0115,0.0125,1943.09,28522.0
1785166524,eth,1785225600000,2000.0,call,53.02,0.000464,0.0004,0.0006,1924.88,977.0
1785166524,eth,1785225600000,1825.0,put,59.55,0.000177,0.0001,0.0002,1924.88,397.0
1785166524,eth,1806048000000,2500.0,put,55.95,0.369599,0.3615,0.379,1961.86,560.0
1785166524,eth,1798185600000,1200.0,put,63.79,0.018719,0.018,0.0195,1943.09,5887.0
1785166524,eth,1790323200000,4400.0,call,75.89,0.000511,0.0004,0.0008,1930.41,4345.0
1785166524,eth,1806048000000,1300.0,put,61.32,0.045872,0.045,0.0465,1961.86,1329.0
1785166524,eth,1813910400000,4500.0,put,59.32,1.298703,1.1965,1.372,1980.87,1.0
1785166524,eth,1785484800000,2025.0,call,51.79,0.004767,0.0045,0.005,1925.68,151.0
1785166524,eth,1798185600000,2700.0,call,54.82,0.038784,0.038,0.0395,1943.09,3078.0
1785166524,eth,1787904000000,1600.0,put,55.95,0.009737,0.009,0.01,1926.54,11063.0
1785166524,eth,1813910400000,1800.0,call,58.15,0.257417,0.253,0.26,1980.87,1251.0
1785166524,eth,1790323200000,2000.0,call,51.08,0.066943,0.0665,0.068,1930.6,9492.0
1785166524,eth,1798185600000,4500.0,put,63.24,1.320353,1.227,1.4265,1943.09,3.0
1785166524,eth,1798185600000,2900.0,put,55.44,0.520718,0.505,0.608,1943.09,174.0
1785166524,eth,1813910400000,2000.0,call,57.52,0.212667,0.211,0.2145,1980.87,1771.0
1785166524,eth,1798185600000,4800.0,put,64.66,1.473792,1.375,1.584,1943.09,77.0
1785166524,eth,1785484800000,2000.0,call,50.64,0.006935,0.0065,0.0075,1925.68,28776.0
1785166524,eth,1813910400000,3000.0,call,57.19,0.084784,0.0835,0.086,1980.84,469.0
1785166524,eth,1798185600000,5000.0,put,65.57,1.576245,1.4735,1.69,1943.09,2.0
1785166524,eth,1806048000000,3800.0,put,58.23,0.960847,0.9395,1.071,1961.86,1.0
1785166524,eth,1798185600000,2300.0,put,54.09,0.25968,0.2555,0.264,1943.09,5186.0
1785166524,eth,1790323200000,6000.0,put,88.0,2.108252,1.986,2.2365,1930.41,0.0
1785166524,eth,1798185600000,2100.0,put,54.06,0.187403,0.1845,0.1875,1943.09,2505.0
1785166524,eth,1806048000000,2200.0,call,55.99,0.136349,0.135,0.138,1961.86,3015.0
1785166524,eth,1786694400000,1850.0,call,50.14,0.065903,0.0645,0.069,1926.29,103.0
1785166524,eth,1785312000000,1875.0,put,48.96,0.003978,0.0037,0.0041,1925.07,959.0
1785166524,eth,1798185600000,3100.0,call,56.18,0.020782,0.0205,0.0215,1943.09,2442.0
1785166524,eth,1787904000000,1950.0,call,49.11,0.052142,0.0515,0.053,1926.48,4723.0
1785166524,eth,1806048000000,1600.0,call,57.97,0.276717,0.2745,0.2815,1961.86,937.0
1785166524,eth,1798185600000,3200.0,call,56.62,0.018007,0.0175,0.0185,1943.09,67431.0
1785166524,eth,1798185600000,4400.0,call,63.04,0.004854,0.0044,0.0055,1942.9,2341.0
1785166524,eth,1806048000000,4000.0,call,58.76,0.020064,0.0195,0.0205,1961.86,1789.0
1785166524,eth,1790323200000,7400.0,put,90.95,2.833385,2.6825,2.9895,1930.41,0.0
1785166524,eth,1785312000000,1850.0,call,51.49,0.04126,0.0355,0.0495,1925.07,0.0
1785166524,eth,1785312000000,1800.0,call,58.04,0.065745,0.0575,0.076,1925.07,87.0
1785166524,eth,1785225600000,2100.0,put,74.41,0.09094,0.048,0.136,1924.88,0.0
1785166524,eth,1787904000000,1300.0,call,70.02,0.327049,0.322,0.3345,1926.48,51.0
1785166524,eth,1785398400000,1775.0,put,61.8,0.001378,0.0012,0.0015,1925.07,38.0
1785166524,eth,1790323200000,2800.0,put,56.4,0.456369,0.4475,0.4635,1930.41,1287.0
1785166524,eth,1785312000000,2050.0,call,53.27,0.000627,0.0006,0.0008,1925.07,72.0
1785166524,eth,1787904000000,1500.0,call,60.21,0.227104,0.2245,0.2315,1926.54,473.0
1785166524,eth,1785484800000,1925.0,put,50.72,0.019997,0.0195,0.0205,1925.68,13.0
1785166524,eth,1790323200000,6200.0,call,88.0,8.7e-05,,0.0002,1930.6,2026.0
1785166524,eth,1785484800000,2050.0,call,52.69,0.003202,0.0031,0.0035,1925.68,19674.0
1785166524,eth,1787904000000,2800.0,put,61.89,0.454776,0.396,0.5185,1926.48,0.0
1785166524,eth,1785312000000,1825.0,call,54.55,0.053275,0.047,0.063,1925.07,0.0
1785166524,eth,1806048000000,4600.0,call,60.4,0.012388,0.012,0.013,1961.86,946.0
1785166524,eth,1790323200000,1700.0,put,53.51,0.034841,0.034,0.0355,1930.6,3787.0
1785166524,eth,1806048000000,2000.0,call,56.13,0.172835,0.172,0.1755,1961.86,1860.0
1785166524,eth,1790323200000,5600.0,put,85.83,1.901098,1.787,2.021,1930.41,0.0
1785166524,eth,1790323200000,5500.0,call,84.55,0.000174,0.0001,0.0004,1930.6,1483.0
1785166524,eth,1813910400000,5000.0,put,60.21,1.543868,1.434,1.6105,1980.84,0.0
1785166524,eth,1813910400000,3500.0,call,57.76,0.056042,0.055,0.057,1980.87,1802.0
1785166524,eth,1813910400000,3600.0,put,57.93,0.869035,0.8325,0.9365,1980.84,0.0
1785166524,eth,1790323200000,1700.0,call,53.51,0.154203,0.151,0.159,1930.41,2528.0
1785166524,eth,1806048000000,1400.0,put,59.93,0.05867,0.058,0.0595,1961.86,1536.0
1785166524,eth,1786694400000,2000.0,call,48.92,0.027321,0.0265,0.028,1926.29,348.0
1785166524,eth,1790323200000,7500.0,put,90.95,2.885184,2.732,3.0435,1930.41,0.0
1785166524,eth,1806048000000,1800.0,put,56.81,0.136968,0.136,0.138,1961.86,3906.0
1785166524,eth,1790323200000,2200.0,call,51.21,0.035332,0.035,0.036,1930.41,4855.0
1785166524,eth,1806048000000,3500.0,call,57.41,0.031706,0.031,0.0325,1961.86,4476.0
1785166524,eth,1790323200000,5500.0,put,84.55,1.849295,1.736,1.966,1930.6,1.0
1785166524,eth,1813910400000,1500.0,put,59.57,0.097528,0.096,0.099,1980.84,421.0
1785166524,eth,1787904000000,2600.0,put,57.52,0.352389,0.297,0.413,1926.54,3.0
1785166524,eth,1806048000000,3600.0,put,57.68,0.863764,0.7795,0.9215,1961.86,1.0
1785166524,eth,1790323200000,2900.0,call,58.29,0.004925,0.0045,0.0055,1930.41,5203.0
1785166524,eth,1806048000000,1900.0,call,56.4,0.194832,0.1935,0.197,1961.67,2363.0
1785166524,eth,1790323200000,5400.0,put,84.21,1.797518,1.686,1.912,1930.6,4.0
1785166524,eth,1787904000000,3600.0,call,76.8,0.000265,0.0001,0.0004,1926.54,1088.0
1785166524,eth,1790323200000,1900.0,put,51.36,0.07442,0.0735,0.075,1930.41,4899.0
1785166524,eth,1790323200000,3400.0,put,64.61,0.763124,0.7515,0.7725,1930.41,870.0
1785166524,eth,1806048000000,1900.0,put,56.4,0.163276,0.162,0.1645,1961.86,2308.0
1785166524,eth,1787904000000,3800.0,call,79.3,0.000173,0.0001,0.0004,1926.54,380.0
1785166524,eth,1785225600000,2050.0,put,65.67,0.065068,0.029,0.109,1924.88,0.0
1785166524,eth,1786694400000,2100.0,put,49.65,0.104101,0.095,0.111,1926.29,0.0
1785166524,eth,1790323200000,7400.0,call,90.95,2.2e-05,,0.0002,1930.6,1019.0
1785166524,eth,1785312000000,1925.0,call,46.57,0.012685,0.012,0.013,1925.07,1169.0
1785166524,eth,1790323200000,5200.0,put,81.72,1.69392,1.5875,1.8055,1930.41,3.0
1785166524,eth,1790323200000,14000.0,put,123.7,6.252319,5.9665,6.5475,1930.41,0.0
1785166524,eth,1798185600000,2600.0,put,54.56,0.383889,0.373,0.391,1942.9,1065.0
1785166524,eth,1790323200000,6400.0,put,88.27,2.315406,2.185,2.4515,1930.41,0.0
1785166524,eth,1785312000000,1725.0,call,70.2,0.104178,0.097,0.1145,1925.07,0.0
1785166524,eth,1787904000000,2050.0,put,49.12,0.09685,0.0895,0.1,1926.48,170.0
1785166524,eth,1790323200000,6600.0,put,88.27,2.418993,2.2845,2.559,1930.41,0.0
1785166524,eth,1790323200000,2800.0,call,56.4,0.005907,0.0055,0.0065,1930.41,7437.0
1785166524,eth,1787904000000,1950.0,put,49.11,0.064319,0.0635,0.065,1926.48,2483.0
1785166524,eth,1798185600000,2900.0,call,55.44,0.028158,0.0275,0.029,1943.09,2259.0
1785166524,eth,1785312000000,2000.0,put,47.87,0.040794,0.0315,0.0755,1925.07,0.0
1785166524,eth,1785484800000,4000.0,call,118.7,0.0,,0.0001,1925.74,8690.0
1785166524,eth,1806048000000,2700.0,put,56.06,0.451557,0.4405,0.5485,1961.86,147.0
1785166524,eth,1785484800000,1750.0,put,62.3,0.001626,0.0015,0.0017,1925.68,3960.0
1785166524,eth,1786089600000,1600.0,put,65.32,0.002043,0.0019,0.0022,1926.05,18304.0
1785166524,eth,1790323200000,3500.0,call,66.06,0.001614,0.0014,0.0019,1930.41,15554.0
1785166524,eth,1790323200000,1800.0,call,52.18,0.119369,0.1185,0.1215,1930.41,2303.0
1785166524,eth,1785484800000,3800.0,call,118.7,0.0,,0.0001,1925.74,2692.0
1785166524,eth,1785484800000,1300.0,put,123.78,2.2e-05,,0.0001,1925.68,12026.0
1785166524,eth,1806048000000,3400.0,call,57.18,0.035033,0.0345,0.036,1961.86,1869.0
1785166524,eth,1785225600000,1775.0,put,76.06,7.1e-05,,0.0001,1924.88,221.0
1785166524,eth,1785484800000,2000.0,put,50.64,0.045221,0.041,0.047,1925.68,3285.0
1785166524,eth,1813910400000,900.0,put,68.39,0.023405,0.0225,0.024,1980.84,642.0
1785166524,eth,1786089600000,1700.0,put,58.0,0.004614,0.0043,0.0047,1926.05,6571.0
1785166524,eth,1785225600000,1700.0,put,87.24,5e-06,,0.0001,1924.88,1761.0
1785166524,eth,1813910400000,1300.0,call,61.35,0.407828,0.404,0.411,1980.87,108.0
1785166524,eth,1785398400000,1875.0,put,52.28,0.00757,0.007,0.008,1925.07,230.0
1785166524,eth,1787904000000,1600.0,call,55.95,0.179367,0.177,0.184,1926.54,885.0
1785166524,eth,1798185600000,1500.0,call,57.69,0.274219,0.271,0.279,1943.09,778.0
1785166524,eth,1785398400000,1775.0,call,61.8,0.079473,0.073,0.09,1925.07,0.0
1785166524,eth,1785398400000,1825.0,call,56.42,0.055316,0.0495,0.0645,1925.07,124.0
1785166524,eth,1787904000000,1300.0,put,70.02,0.001834,0.0016,0.002,1926.48,8094.0
1785166524,eth,1787904000000,1450.0,call,62.3,0.251633,0.2465,0.259,1926.48,51.0
1785166524,eth,1790323200000,5000.0,put,79.73,1.590342,1.487,1.6965,1930.6,2.0
1785166524,eth,1786089600000,1850.0,call,50.49,0.057235,0.056,0.06,1926.05,355.0
1785166524,eth,1785484800000,3600.0,call,118.7,0.0,,0.0001,1925.68,2043.0
1785166524,eth,1785312000000,2025.0,call,50.33,0.001082,0.001,0.0013,1925.07,106.0
1785166524,eth,1798185600000,11000.0,put,83.6,4.661643,4.4355,4.678,1942.9,109.0
1785166524,eth,1798185600000,2800.0,call,55.1,0.032958,0.0325,0.034,1943.09,8293.0
1785166524,eth,1813910400000,1800.0,put,58.15,0.16598,0.1645,0.1675,1980.84,299.0
1785166524,eth,1798185600000,3400.0,put,57.61,0.763701,0.7435,0.849,1943.09,89.0
1785166524,eth,1798185600000,8000.0,put,74.68,3.117841,2.9565,3.2905,1943.09,0.0
1785166524,eth,1787904000000,1800.0,put,50.61,0.030486,0.03,0.031,1926.48,2495.0
1785166524,eth,1798185600000,1000.0,put,69.69,0.009603,0.009,0.0105,1943.09,19275.0
1785166524,eth,1785225600000,1950.0,call,44.78,0.002946,0.0028,0.0033,1924.88,1018.0
1785166524,eth,1806048000000,3300.0,put,56.99,0.72091,0.7035,0.77,1961.86,1.0
1785166524,eth,1785484800000,1750.0,call,62.3,0.093119,0.0905,0.097,1925.74,6721.0
1785166524,eth,1786694400000,2200.0,put,51.54,0.149115,0.137,0.16,1926.29,0.0
1785166524,eth,1785484800000,2200.0,put,63.3,0.142568,0.137,0.148,1925.74,2348.0
1785166524,eth,1790323200000,14000.0,call,123.7,1.1e-05,,0.0001,1930.41,1212.0
1785166524,eth,1787904000000,2000.0,put,49.03,0.079695,0.0755,0.082,1926.48,491.0
1785166524,eth,1787904000000,3600.0,put,76.8,0.8686,0.794,0.946,1926.48,18.0
1785166524,eth,1785484800000,2500.0,call,82.13,2e-05,,0.0001,1925.74,2565.0
1785166524,eth,1786694400000,2200.0,call,51.54,0.007231,0.007,0.008,1926.29,834.0
1785166524,eth,1798185600000,1400.0,call,59.31,0.31401,0.31,0.319,1943.09,946.0
1785166524,eth,1806048000000,2600.0,put,55.99,0.409938,0.4,0.4145,1961.86,626.0
1785166524,eth,1790323200000,4600.0,call,77.26,0.000389,0.0003,0.0007,1930.6,3384.0
1785166524,eth,1785398400000,1850.0,call,54.25,0.044081,0.039,0.052,1925.07,0.0
1785166524,eth,1806048000000,2800.0,call,56.16,0.067136,0.066,0.068,1961.86,4817.0
1785166524,eth,1790323200000,10000.0,call,105.8,1.3e-05,,0.0001,1930.41,1561.0
1785166524,eth,1786694400000,1900.0,put,49.46,0.036617,0.0355,0.037,1926.29,578.0
1785166524,eth,1785398400000,2100.0,call,57.5,0.000811,0.0008,0.001,1925.07,506.0
1785166524,eth,1813910400000,2300.0,call,57.1,0.160025,0.1585,0.162,1980.84,218.0
1785166524,eth,1813910400000,2700.0,call,57.02,0.110584,0.109,0.112,1980.84,89.0
1785166524,eth,1787904000000,1900.0,put,49.4,0.050989,0.05,0.0515,1926.48,2024.0
1785166524,eth,1790323200000,3800.0,put,69.73,0.969545,0.956,0.9805,1930.41,954.0
1785166524,eth,1790323200000,16000.0,call,130.17,1e-05,,0.0001,1930.41,7426.0
1785166524,eth,1785312000000,1875.0,call,48.96,0.030081,0.0255,0.037,1925.07,46.0
1785166524,eth,1798185600000,3300.0,put,57.15,0.714201,0.695,0.797,1942.9,20.0
1785166524,eth,1798185600000,3400.0,call,57.61,0.013803,0.013,0.0145,1943.09,12544.0
1785166524,eth,1785225600000,2100.0,call,74.41,3.6e-05,,0.0001,1924.88,1376.0
1785166524,eth,1785484800000,1400.0,put,117.33,0.000104,,0.0002,1925.74,9638.0
1785166524,eth,1790323200000,3200.0,call,62.11,0.002641,0.0024,0.0029,1930.41,7795.0
1785166524,eth,1790323200000,6200.0,put,88.0,2.211823,2.0835,2.342,1930.6,0.0
1785166524,eth,1787904000000,1700.0,call,52.81,0.135111,0.132,0.1395,1926.54,1010.0
1785166524,eth,1798185600000,2000.0,call,54.05,0.125669,0.125,0.1275,1942.9,3929.0
1785166524,eth,1790323200000,1000.0,put,78.85,0.001628,0.0015,0.0018,1930.41,8782.0
1785166524,eth,1785484800000,1500.0,call,100.7,0.22148,0.215,0.2295,1925.68,249.0
1785166524,eth,1790323200000,1000.0,call,78.85,0.483606,0.48,0.4885,1930.6,125.0
1785166524,eth,1785398400000,2080.0,put,55.66,0.081421,0.039,0.1275,1925.07,0.0
1785166524,eth,1785225600000,1750.0,call,86.86,0.090978,0.0545,0.128,1924.88,0.0
1785166524,eth,1785484800000,1400.0,call,117.33,0.273303,0.2675,0.281,1925.68,100.0
1785166524,eth,1813910400000,3800.0,put,58.23,0.962674,0.926,1.0275,1980.84,2.0
1785166524,eth,1798185600000,1800.0,call,54.88,0.174706,0.1735,0.177,1943.09,2476.0
1785166524,eth,1786694400000,1950.0,call,49.07,0.037468,0.0365,0.038,1926.29,1063.0
1785166524,eth,1798185600000,800.0,put,77.44,0.004641,0.0043,0.0049,1943.09,5680.0
1785166524,eth,1785398400000,2080.0,call,55.66,0.001104,0.001,0.0013,1925.07,0.0
1785166524,eth,1806048000000,4800.0,put,60.95,1.45731,1.4305,1.571,1961.86,0.0
1785166524,eth,1786089600000,2400.0,call,62.92,0.00091,0.0008,0.001,1926.05,904.0
1785166524,eth,1790323200000,5200.0,call,81.72,0.000206,0.0001,0.0004,1930.41,1681.0
1785166524,eth,1785484800000,4200.0,put,118.7,1.180402,1.096,1.27,1925.68,0.0
1785166524,eth,1787904000000,3400.0,call,74.2,0.000426,0.0003,0.0006,1926.48,457.0
1785166524,eth,1785484800000,2700.0,put,95.24,0.401693,0.395,0.4085,1925.68,630.0
1785166524,eth,1785312000000,1800.0,put,58.04,0.000687,0.0005,0.0007,1925.07,44.0
1785166524,eth,1785484800000,2600.0,put,93.45,0.349793,0.2965,0.4055,1925.74,29.0
1785166524,eth,1813910400000,3000.0,put,57.19,0.599238,0.5875,0.642,1980.84,59.0
1785166524,eth,1787904000000,2000.0,call,49.03,0.041626,0.041,0.0425,1926.48,4783.0
1785166524,eth,1806048000000,800.0,put,73.11,0.010593,0.01,0.011,1961.86,699.0
1785166524,eth,1798185600000,1500.0,put,57.69,0.046233,0.045,0.047,1943.09,16339.0
1785166524,eth,1798185600000,2000.0,put,54.05,0.155021,0.154,0.1555,1942.9,10154.0
1785166524,eth,1787904000000,2200.0,put,50.19,0.157704,0.1465,0.194,1926.54,181.0
1785166524,eth,1785225600000,1925.0,call,44.21,0.00762,0.007,0.0085,1924.88,550.0
1785166524,eth,1806048000000,4200.0,call,59.27,0.016895,0.016,0.0175,1961.86,2776.0
1785166524,eth,1798185600000,800.0,call,77.44,0.592901,0.5905,0.599,1943.09,171.0
1785166524,eth,1798185600000,5500.0,call,67.83,0.002031,0.0018,0.0023,1942.9,1646.0
1785166524,eth,1806048000000,4500.0,call,60.14,0.013371,0.0125,0.014,1961.67,2406.0
1785166524,eth,1798185600000,4000.0,call,60.69,0.006901,0.0065,0.0075,1943.09,16428.0
1785166524,eth,1785225600000,1925.0,put,44.21,0.007649,0.007,0.008,1924.88,1329.0
1785166524,eth,1786089600000,1950.0,put,49.01,0.040122,0.0395,0.041,1926.05,498.0
1785166524,eth,1785225600000,1850.0,put,52.99,0.00038,0.0003,0.0004,1924.88,1279.0
1785166524,eth,1790323200000,9000.0,put,100.09,3.662212,3.4785,3.852,1930.41,0.0
1785166524,eth,1785312000000,2075.0,call,57.17,0.000413,0.0004,0.0005,1925.07,0.0
1785166524,eth,1786694400000,1800.0,call,51.23,0.083909,0.0795,0.09,1926.29,52.0
1785166524,eth,1790323200000,1200.0,call,69.23,0.382398,0.378,0.388,1930.6,138.0
1785166524,eth,1785312000000,1950.0,put,45.5,0.019878,0.019,0.0205,1925.07,404.0
1785166524,eth,1785312000000,1750.0,call,64.91,0.091256,0.0845,0.102,1925.07,0.0
1785166524,eth,1787904000000,1700.0,put,52.81,0.01738,0.0165,0.018,1926.54,2583.0
1785166524,eth,1790323200000,2300.0,put,51.65,0.216947,0.21,0.2225,1930.41,1212.0
1785166524,eth,1813910400000,2100.0,put,57.33,0.253357,0.2485,0.255,1980.84,87.0
1785166524,eth,1798185600000,1000.0,call,69.69,0.494927,0.4915,0.504,1943.09,54.0
1785166524,eth,1798185600000,2800.0,put,55.1,0.474051,0.462,0.482,1943.09,2205.0
1785166524,eth,1785225600000,1875.0,call,49.21,0.027074,0.0245,0.032,1924.88,251.0
1785166524,eth,1790323200000,3000.0,call,59.34,0.003864,0.0036,0.0042,1930.41,28631.0
1785166524,eth,1785398400000,1700.0,put,71.36,0.000445,0.0004,0.0005,1925.07,203.0
1785166524,eth,1790323200000,4000.0,put,71.49,1.072865,0.991,1.1605,1930.41,140.0
1785166524,eth,1786089600000,2000.0,call,48.74,0.018162,0.0175,0.0185,1926.05,15570.0
1785166524,eth,1785398400000,1700.0,call,71.36,0.117493,0.111,0.128,1925.07,0.0
1785166524,eth,1786694400000,2050.0,call,49.14,0.019619,0.019,0.0205,1926.29,461.0
1785166524,eth,1786089600000,1400.0,call,83.0,0.273775,0.268,0.2815,1926.05,0.0
1785166524,eth,1790323200000,6500.0,put,88.27,2.367199,2.233,2.503,1930.6,0.0
1785166524,eth,1798185600000,4400.0,put,63.04,1.269428,1.1775,1.3735,1942.9,20.0
1785166524,eth,1785484800000,3600.0,put,118.7,0.868916,0.7965,0.9445,1925.74,0.0
1785166524,eth,1785484800000,4000.0,put,118.7,1.076574,0.996,1.1605,1925.74,0.0
1785166524,eth,1787904000000,2200.0,call,50.19,0.015944,0.0155,0.0165,1926.54,7790.0
1785166524,eth,1790323200000,3400.0,call,64.61,0.00185,0.0017,0.0021,1930.41,7117.0
1785166524,eth,1790323200000,4400.0,put,75.89,1.279808,1.1885,1.375,1930.6,281.0
1785166524,eth,1790323200000,5800.0,put,87.06,2.004675,1.8845,2.127,1930.6,0.0
1785166524,eth,1787904000000,2350.0,put,52.33,0.227551,0.214,0.259,1926.48,100.0
1785166524,eth,1813910400000,1200.0,call,62.59,0.445075,0.4415,0.448,1980.84,55.0
1785166524,eth,1785484800000,1650.0,put,75.77,0.000546,0.0004,0.0006,1925.74,16910.0
1785166524,eth,1785398400000,2200.0,put,67.29,0.142862,0.0985,0.191,1925.07,0.0
1785166524,eth,1798185600000,1300.0,put,61.32,0.025527,0.025,0.026,1942.9,1910.0
1785166524,eth,1790323200000,2600.0,call,54.18,0.010155,0.0095,0.011,1930.41,8554.0
1785166524,eth,1785398400000,2000.0,put,50.78,0.043444,0.0355,0.0485,1925.07,0.0
1785166524,eth,1785225600000,1850.0,call,52.99,0.039345,0.0145,0.0785,1924.88,50.0
1785166524,eth,1785398400000,1925.0,put,50.51,0.017184,0.0165,0.0175,1925.07,240.0
1785166524,eth,1798185600000,7000.0,put,72.23,2.603476,2.462,2.7565,1943.09,0.0
1785166524,eth,1813910400000,4000.0,call,58.47,0.038375,0.0375,0.0395,1980.87,4379.0
1785166524,eth,1806048000000,1200.0,put,63.01,0.035378,0.0345,0.036,1961.86,1263.0
1785166524,eth,1790323200000,7000.0,put,90.94,2.626194,2.4835,2.7745,1930.41,0.0
1785166524,eth,1785225600000,2040.0,call,62.42,0.000158,,0.0003,1924.88,2.0
1785166524,eth,1790323200000,1900.0,call,51.36,0.090178,0.0895,0.0915,1930.41,2659.0
1785166524,eth,1798185600000,2300.0,call,54.09,0.075926,0.075,0.077,1943.09,3255.0
1785166524,eth,1806048000000,1800.0,call,56.81,0.219495,0.218,0.2225,1961.86,3789.0
1785166524,eth,1787904000000,2050.0,call,49.12,0.032884,0.0325,0.0335,1926.48,4661.0
1785166524,eth,1785484800000,1550.0,put,92.3,0.000268,0.0002,0.0003,1925.68,6829.0
1785166524,eth,1787904000000,1800.0,call,50.61,0.096266,0.0945,0.1,1926.54,6112.0
1785166524,eth,1785398400000,1900.0,call,51.09,0.024735,0.022,0.029,1925.07,167.0
1785166524,eth,1785225600000,2025.0,call,59.58,0.000248,0.0002,0.0004,1924.88,1267.0
1785166524,eth,1813910400000,1900.0,call,57.74,0.233806,0.232,0.2355,1980.84,65.0
1785166524,eth,1806048000000,3700.0,call,57.89,0.026136,0.0255,0.027,1961.86,1467.0
1785166524,eth,1785225600000,1900.0,put,45.36,0.002961,0.0026,0.0031,1924.88,674.0
1785166524,eth,1806048000000,5000.0,call,61.59,0.009407,0.009,0.01,1961.86,1216.0
1785166524,eth,1806048000000,2000.0,put,56.13,0.19225,0.191,0.1935,1961.86,1510.0
1785166524,eth,1786694400000,2400.0,call,57.26,0.00231,0.0022,0.0026,1926.29,352.0
1785166524,eth,1785312000000,1600.0,put,84.72,9e-06,,0.0001,1925.07,770.0
1785166524,eth,1785225600000,1900.0,call,45.37,0.015944,0.015,0.0175,1924.88,1594.0
1785166524,eth,1790323200000,2100.0,put,51.0,0.136683,0.134,0.139,1930.6,2762.0
1785166524,eth,1785312000000,1900.0,call,47.14,0.020313,0.0175,0.0245,1925.07,109.0
1785166524,eth,1806048000000,1200.0,call,63.01,0.423729,0.42,0.428,1961.86,69.0
1785166524,eth,1785398400000,1800.0,call,59.01,0.067197,0.0605,0.077,1925.07,0.0
1785166524,eth,1785484800000,2450.0,call,76.95,2.2e-05,,0.0001,1925.68,4406.0
1785166524,eth,1790323200000,2700.0,put,55.45,0.40646,0.398,0.413,1930.41,527.0
1785166524,eth,1785398400000,1950.0,call,49.5,0.011402,0.011,0.012,1925.07,285.0
1785166524,eth,1785312000000,2025.0,put,50.33,0.05289,0.036,0.0655,1925.07,0.0
1785166524,eth,1785225600000,1700.0,call,87.24,0.116892,0.11,0.127,1924.88,0.0
1785166524,eth,1785225600000,1975.0,put,47.92,0.027064,0.021,0.0285,1924.88,218.0
1785166524,eth,1806048000000,2500.0,call,55.95,0.09533,0.0945,0.0965,1961.86,8811.0
1785166524,eth,1790323200000,16000.0,put,130.17,7.288361,6.9615,7.6255,1930.41,30.0
1785166524,eth,1790323200000,2300.0,call,51.65,0.025497,0.025,0.0265,1930.41,9842.0
1785166524,eth,1790323200000,1400.0,put,61.39,0.009693,0.009,0.01,1930.41,9609.0
1785166524,eth,1806048000000,1500.0,put,58.76,0.073932,0.073,0.075,1961.86,4097.0
1785166524,eth,1785312000000,2100.0,put,60.18,0.091022,0.0485,0.1365,1925.07,0.0
1785166524,eth,1806048000000,4500.0,put,60.14,1.307054,1.211,1.415,1961.86,0.0
1785166524,eth,1813910400000,2700.0,put,57.02,0.473429,0.464,0.48,1980.84,0.0
1785166524,eth,1790323200000,1600.0,call,55.45,0.194043,0.1915,0.199,1930.41,3575.0
1785166524,eth,1806048000000,3000.0,put,56.42,0.582686,0.569,0.594,1961.86,352.0
1785166524,eth,1813910400000,2900.0,call,57.11,0.092485,0.091,0.094,1980.84,0.0
1785166524,eth,1813910400000,1700.0,put,58.53,0.140909,0.1395,0.1425,1980.84,466.0
1785166524,eth,1785484800000,2750.0,put,95.84,0.427647,0.3725,0.487,1925.74,2.0
1785166524,eth,1798185600000,5200.0,put,66.52,1.678804,1.57,1.796,1942.9,0.0
1785166524,eth,1798185600000,4800.0,call,64.66,0.003347,0.0031,0.0037,1943.09,2512.0
1785166524,eth,1785484800000,2750.0,call,95.84,3e-06,,0.0001,1925.74,659.0
1785166524,eth,1786694400000,1600.0,put,60.09,0.00438,0.0041,0.0045,1926.29,1325.0
1785166524,eth,1785484800000,3200.0,put,105.54,0.661259,0.597,0.7295,1925.68,3.0
1785166524,eth,1785225600000,1600.0,put,89.21,0.0,,0.0001,1924.88,1166.0
1785166524,eth,1813910400000,2000.0,put,57.52,0.222182,0.221,0.224,1980.84,51.0
1785166524,eth,1786089600000,1850.0,put,50.49,0.017571,0.017,0.018,1926.05,1118.0
1785166524,eth,1806048000000,1500.0,call,58.76,0.309371,0.3065,0.314,1961.86,244.0
1785166524,eth,1786694400000,1750.0,put,52.71,0.012617,0.012,0.013,1926.29,437.0
1785166524,eth,1798185600000,2700.0,put,54.82,0.428409,0.417,0.4365,1943.09,441.0
1785166524,eth,1790323200000,3800.0,call,69.73,0.001061,0.0009,0.0013,1930.6,2011.0
1785166524,eth,1785484800000,2800.0,put,97.13,0.453603,0.3975,0.513,1925.74,2.0
1785166524,eth,1790323200000,7500.0,call,90.95,1.9e-05,,0.0002,1930.41,1322.0
1785166524,eth,1790323200000,6800.0,put,89.25,2.52259,2.382,2.6645,1930.6,0.0
1785166524,eth,1785225600000,1725.0,call,87.13,0.103919,0.0965,0.1145,1924.88,0.0
1785166524,eth,1785484800000,2200.0,call,63.3,0.000452,0.0004,0.0006,1925.68,9254.0
1785166524,eth,1785484800000,2450.0,put,76.95,0.271924,0.222,0.3245,1925.74,241.0
1785166524,eth,1785225600000,2050.0,call,65.67,0.000138,0.0001,0.0002,1924.88,1697.0
1785166524,eth,1786694400000,2000.0,put,48.92,0.065398,0.059,0.067,1926.29,43.0
1785166524,eth,1790323200000,3300.0,call,63.4,0.002206,0.002,0.0025,1930.6,17691.0
1785166524,eth,1786089600000,2200.0,put,53.55,0.145235,0.1025,0.1615,1926.05,10.0
1785166524,eth,1785484800000,2150.0,put,59.54,0.116979,0.1115,0.1215,1925.68,1138.0
1785166524,eth,1806048000000,3300.0,call,56.99,0.038875,0.038,0.0395,1961.86,1921.0
1785166524,eth,1790323200000,2200.0,put,51.21,0.17498,0.1685,0.1775,1930.41,5535.0
1785166524,eth,1798185600000,1300.0,call,61.32,0.356448,0.3525,0.3625,1943.09,50.0
1785166524,eth,1790323200000,3200.0,put,62.11,0.660311,0.6495,0.669,1930.41,1334.0
1785166524,eth,1787904000000,2600.0,call,57.52,0.003037,0.0029,0.0033,1926.54,2674.0
1785166524,eth,1806048000000,3000.0,call,56.42,0.053564,0.0525,0.0545,1961.86,4695.0
1785166524,eth,1786089600000,2100.0,put,50.43,0.097611,0.0545,0.111,1926.05,0.0
1785166524,eth,1785312000000,2100.0,call,60.18,0.000257,0.0002,0.0004,1925.07,113.0
1785166524,eth,1790323200000,1200.0,put,69.23,0.004025,0.0037,0.0042,1930.41,11816.0
1785166524,eth,1798185600000,1900.0,put,54.36,0.126332,0.1255,0.1275,1943.09,3013.0
1785166524,eth,1785312000000,1975.0,put,46.31,0.029594,0.026,0.031,1925.07,500.0
1785166524,eth,1790323200000,7200.0,call,90.95,3e-05,,0.0002,1930.6,1160.0
1785166524,eth,1787904000000,1550.0,call,57.8,0.202847,0.197,0.211,1926.48,167.0
1785166524,eth,1813910400000,3200.0,call,57.43,0.071679,0.0705,0.073,1980.84,223.0
1785166524,eth,1787904000000,3200.0,call,70.66,0.00065,0.0005,0.0008,1926.54,1007.0
1785166524,eth,1785312000000,1900.0,put,47.14,0.007195,0.0065,0.0075,1925.07,63.0
1785166524,eth,1790323200000,6600.0,call,88.27,4.7e-05,,0.0002,1930.41,1414.0
1785166524,eth,1787904000000,1000.0,call,87.94,0.481355,0.478,0.487,1926.48,50.0
1785166524,eth,1785312000000,1775.0,call,61.8,0.07845,0.042,0.116,1925.07,0.0
1785166524,eth,1786089600000,2100.0,call,50.43,0.007501,0.007,0.008,1926.05,25902.0
1785166524,eth,1785225600000,1975.0,call,47.93,0.001091,0.001,0.0014,1924.88,1391.0
1785166524,eth,1806048000000,3100.0,call,56.59,0.048016,0.047,0.049,1961.86,1667.0
1785166524,eth,1785484800000,2250.0,call,67.12,0.000264,0.0002,0.0004,1925.74,4341.0
1785166524,eth,1785484800000,1000.0,put,123.78,0.0,,0.0001,1925.68,9466.0
1785166524,eth,1790323200000,2400.0,put,52.26,0.261711,0.2545,0.268,1930.6,2115.0
1785166524,eth,1790323200000,2900.0,put,58.29,0.507189,0.445,0.577,1930.41,49.0
1785166524,eth,1790323200000,15000.0,call,127.3,1.1e-05,,0.0002,1930.41,878.0
1785166524,eth,1787904000000,2150.0,put,49.7,0.136123,0.1265,0.143,1926.54,83.0
1785166524,eth,1790323200000,5600.0,call,85.83,0.000175,0.0001,0.0003,1930.41,6163.0
1785166524,eth,1786089600000,2050.0,put,49.31,0.075822,0.067,0.082,1926.05,10.0
1785166524,eth,1806048000000,2700.0,call,56.06,0.075347,0.0745,0.0765,1961.86,2840.0
1785166524,eth,1786089600000,2000.0,put,48.74,0.056362,0.0525,0.0585,1926.05,257.0
1785166524,eth,1790323200000,3000.0,put,59.34,0.55793,0.5475,0.566,1930.41,7566.0
1785166524,eth,1798185600000,3600.0,put,58.55,0.863537,0.8345,0.9165,1942.9,93.0
1785166524,eth,1790323200000,5000.0,call,79.73,0.000232,0.0001,0.0004,1930.6,4100.0
1785166524,eth,1785484800000,1800.0,put,57.29,0.003266,0.0031,0.0034,1925.68,11153.0
1785166524,eth,1787904000000,2250.0,put,50.73,0.180217,0.135,0.2175,1926.54,14.0
1785166524,eth,1813910400000,2200.0,call,57.22,0.175973,0.1735,0.178,1980.87,1030.0
1785166524,eth,1798185600000,3600.0,call,58.55,0.010703,0.01,0.011,1943.09,2229.0
1785166524,eth,1798185600000,9000.0,call,78.55,0.000353,0.0002,0.0006,1943.09,1908.0
1785166524,eth,1813910400000,900.0,call,68.39,0.569124,0.566,0.572,1980.84,2.0
1785166524,eth,1790323200000,2700.0,call,55.45,0.0078,0.0075,0.0085,1930.41,4422.0
1785166524,eth,1790323200000,11000.0,call,110.93,1.3e-05,,0.0002,1930.6,2766.0
1785166524,eth,1787904000000,2100.0,put,49.38,0.115796,0.1105,0.1175,1926.48,467.0
1785166524,eth,1790323200000,10000.0,put,105.8,4.180233,3.976,4.391,1930.41,0.0
1785166524,eth,1798185600000,2200.0,call,54.03,0.089984,0.089,0.091,1943.09,52961.0
1785166524,eth,1785398400000,1875.0,call,52.28,0.033726,0.03,0.04,1925.07,0.0
1785166524,eth,1806048000000,2100.0,put,56.1,0.22412,0.2215,0.225,1961.86,486.0
1785166524,eth,1785398400000,1800.0,put,59.01,0.002087,0.0019,0.0022,1925.07,596.0
1785166524,eth,1785484800000,1200.0,put,123.78,2e-06,,0.0001,1925.68,12695.0
1785166524,eth,1785484800000,3400.0,call,116.34,0.0,,0.0001,1925.74,2541.0
1785166524,eth,1813910400000,2500.0,call,56.98,0.132682,0.131,0.1345,1980.87,2980.0
1785166524,eth,1798185600000,4000.0,put,60.69,1.065605,0.9805,1.1635,1943.09,223.0
1785166524,eth,1813910400000,800.0,put,71.0,0.017378,0.0165,0.018,1980.84,664.0
1785166524,eth,1806048000000,6000.0,put,64.69,2.063669,1.9385,2.2035,1961.86,1.0
1785166524,eth,1790323200000,3100.0,put,60.7,0.609032,0.5435,0.6815,1930.41,0.0
1785166524,eth,1798185600000,1600.0,call,56.48,0.237631,0.234,0.243,1943.09,621.0
1785166524,eth,1806048000000,3100.0,put,56.59,0.628109,0.5915,0.6835,1961.86,99.0
1785166524,eth,1785484800000,3100.0,put,102.54,0.609345,0.547,0.6755,1925.68,0.0
1785166524,eth,1813910400000,3400.0,put,57.62,0.776867,0.727,0.8455,1980.87,2.0
1785166524,eth,1786089600000,1900.0,put,49.45,0.027098,0.0265,0.0275,1926.05,1631.0
1785166524,eth,1785484800000,4200.0,call,118.7,0.0,,0.0001,1925.74,1180.0
1785166524,eth,1790323200000,13000.0,put,119.8,5.734297,5.469,6.0085,1930.41,0.0
1785166524,eth,1798185600000,3800.0,put,59.44,0.964156,0.935,1.001,1943.09,26.0
1785166524,eth,1813910400000,1200.0,put,62.59,0.050784,0.0495,0.052,1980.87,360.0
1785166524,eth,1785484800000,1700.0,call,68.45,0.118339,0.117,0.1225,1925.68,2781.0
1785166524,eth,1790323200000,1300.0,put,64.91,0.006185,0.006,0.0065,1930.6,1377.0
1785166524,eth,1790323200000,1400.0,call,61.39,0.284463,0.2825,0.289,1930.41,285.0
1785166524,eth,1787904000000,1450.0,put,62.3,0.004157,0.0038,0.0044,1926.54,5764.0
1785166524,eth,1787904000000,3200.0,put,70.66,0.661392,0.595,0.7315,1926.54,3.0
1785166524,eth,1785484800000,2650.0,put,94.36,0.375741,0.3215,0.4325,1925.74,52.0
1785166524,eth,1806048000000,5500.0,call,63.03,0.006921,0.0065,0.0075,1961.67,1943.0
1785166524,eth,1790323200000,3600.0,put,67.31,0.866271,0.8535,0.8765,1930.41,569.0
1785166524,eth,1790323200000,1300.0,call,64.91,0.332756,0.328,0.3395,1930.6,69.0
1785166524,eth,1798185600000,1600.0,put,56.48,0.061112,0.06,0.062,1943.09,7408.0
1785166524,eth,1785312000000,2050.0,put,53.27,0.065421,0.0285,0.11,1925.07,0.0
1785166524,eth,1798185600000,11000.0,call,83.6,0.000207,0.0001,0.0004,1943.09,2143.0
1785166524,eth,1813910400000,1000.0,call,66.05,0.525953,0.5225,0.529,1980.84,58.0
1785166524,eth,1813910400000,2300.0,put,57.1,0.320966,0.315,0.3225,1980.84,85.0
1785166524,eth,1785398400000,1950.0,put,49.5,0.024199,0.0235,0.0245,1925.07,10.0
1785166524,eth,1785484800000,3100.0,call,102.54,0.0,,0.0001,1925.74,2638.0
1785166524,eth,1785398400000,1975.0,call,49.89,0.007367,0.007,0.008,1925.07,691.0
1785166524,eth,1785312000000,1850.0,put,51.49,0.002172,0.0019,0.0023,1925.07,18.0
1785166524,eth,1785484800000,2550.0,put,88.0,0.323836,0.272,0.3785,1925.74,108.0
1785166524,eth,1785225600000,2000.0,put,53.02,0.039422,0.026,0.082,1924.88,1.0
1785166524,eth,1787904000000,1500.0,put,60.21,0.005577,0.005,0.006,1926.54,4180.0
1785166524,eth,1786089600000,1900.0,call,49.45,0.040807,0.04,0.0415,1926.05,970.0
1785166524,eth,1785398400000,2025.0,put,51.67,0.054637,0.033,0.0975,1925.07,2.0
1785166524,eth,1787904000000,2100.0,call,49.38,0.02589,0.0255,0.0265,1926.48,8593.0
1785166524,eth,1813910400000,3200.0,put,57.43,0.686903,0.6735,0.723,1980.84,0.0
1785166524,eth,1785312000000,2000.0,call,47.87,0.00197,0.0019,0.0023,1925.07,1739.0
1785166524,eth,1790323200000,9000.0,call,100.09,1.4e-05,,0.0004,1930.41,1519.0
1785166524,eth,1813910400000,2100.0,call,57.33,0.193367,0.192,0.1955,1980.84,8.0
1785166524,eth,1806048000000,3200.0,call,56.75,0.043086,0.0425,0.044,1961.86,1297.0
1785166524,eth,1785484800000,1800.0,call,57.29,0.068808,0.0675,0.072,1925.68,13295.0
1785166524,eth,1798185600000,3800.0,call,59.44,0.008387,0.008,0.009,1943.09,2882.0
1785166524,eth,1790323200000,4800.0,call,79.54,0.000343,0.0002,0.0006,1930.6,1980.0
1785166524,eth,1806048000000,2400.0,call,55.92,0.107333,0.1065,0.109,1961.86,1772.0
1785166524,eth,1806048000000,4000.0,put,58.76,1.058894,1.037,1.167,1961.86,0.0
1785166524,eth,1787904000000,1200.0,put,75.29,0.001023,0.0008,0.0012,1926.48,7278.0
1785166524,eth,1790323200000,4000.0,call,71.49,0.000777,0.0006,0.001,1930.41,12124.0
1785166524,eth,1790323200000,2100.0,call,51.0,0.048837,0.0485,0.0495,1930.41,5404.0
1785166524,eth,1798185600000,2500.0,put,54.32,0.340695,0.331,0.3455,1943.09,1185.0
1785166524,eth,1785484800000,2100.0,put,55.72,0.091754,0.087,0.096,1925.74,863.0
1785166524,eth,1806048000000,4600.0,put,60.4,1.357042,1.262,1.4655,1961.86,0.0
1785166524,eth,1806048000000,3700.0,put,57.89,0.912053,0.862,0.9425,1961.86,0.0
1785166524,eth,1798185600000,1700.0,call,55.55,0.204384,0.202,0.2085,1943.09,368.0
1785166524,eth,1806048000000,2200.0,put,55.99,0.257705,0.252,0.258,1961.86,1686.0
1785166524,eth,1790323200000,6000.0,call,88.0,0.00012,,0.0002,1930.6,3183.0
1785166524,eth,1787904000000,1650.0,put,54.34,0.013093,0.0125,0.0135,1926.48,6611.0
1785166524,eth,1785398400000,1925.0,call,50.51,0.017371,0.0165,0.018,1925.07,672.0
1785166524,eth,1798185600000,3200.0,put,56.62,0.66497,0.6505,0.6755,1942.9,251.0
1785166524,eth,1790323200000,5400.0,call,84.21,0.0002,0.0001,0.0003,1930.41,1177.0
1785166524,eth,1798185600000,10000.0,call,82.23,0.00031,0.0002,0.0004,1943.09,1675.0
1785166524,eth,1785484800000,1950.0,call,49.91,0.014517,0.014,0.015,1925.68,13329.0
1785166524,eth,1785484800000,1700.0,put,68.45,0.000883,0.0007,0.0009,1925.68,11507.0
1785166524,eth,1787904000000,3000.0,call,66.31,0.000981,0.0009,0.0012,1926.54,1357.0
1785166524,eth,1790323200000,4800.0,put,79.54,1.486848,1.3885,1.591,1930.41,110.0
1785166524,eth,1813910400000,2800.0,call,57.06,0.101068,0.0995,0.1025,1980.84,21.0
1785166524,eth,1787904000000,2150.0,call,49.7,0.020275,0.02,0.021,1926.48,3703.0
1785166524,eth,1798185600000,5500.0,put,67.83,1.832749,1.7205,1.955,1943.09,0.0
1785166524,eth,1790323200000,4200.0,call,73.56,0.00061,0.0005,0.0009,1930.6,2467.0
1785166524,eth,1787904000000,2500.0,put,55.29,0.301969,0.2865,0.332,1926.48,4.0
1785166524,eth,1785225600000,1825.0,call,59.55,0.052129,0.029,0.09,1924.88,139.0
1785166524,eth,1813910400000,2800.0,put,57.06,0.514389,0.5035,0.5565,1980.84,0.0
1785166524,eth,1787904000000,1850.0,put,49.9,0.039667,0.039,0.0405,1926.54,1385.0
1785166524,eth,1813910400000,2600.0,call,57.0,0.121099,0.1195,0.123,1980.84,37.0
1785166524,eth,1813910400000,1300.0,put,61.35,0.064013,0.0625,0.065,1980.84,1321.0
1785166524,eth,1806048000000,5500.0,put,63.03,1.810312,1.6945,1.942,1961.86,0.0
1785166524,eth,1806048000000,1400.0,call,59.93,0.34508,0.3415,0.3495,1961.86,56.0
1785166524,eth,1813910400000,2400.0,put,57.01,0.357022,0.3505,0.3605,1980.87,0.0
1785166524,eth,1785484800000,2300.0,put,71.1,0.194195,0.1885,0.199,1925.74,2773.0
1785166524,eth,1806048000000,1600.0,put,57.97,0.092249,0.0915,0.093,1961.86,1567.0
1785166524,eth,1813910400000,3800.0,call,58.23,0.044596,0.0435,0.046,1980.84,377.0
1785166524,eth,1786694400000,1600.0,call,60.09,0.173907,0.168,0.182,1926.29,0.0
1785166524,eth,1798185600000,2500.0,call,54.32,0.054005,0.0535,0.055,1943.09,22815.0
1785166524,eth,1785484800000,2400.0,call,76.7,5.5e-05,,0.0001,1925.68,10837.0
1785166524,eth,1806048000000,2400.0,put,55.92,0.330631,0.3225,0.336,1961.86,357.0
1785166524,eth,1787904000000,2350.0,call,52.33,0.007944,0.0075,0.0085,1926.48,2529.0
1785166524,eth,1787904000000,1550.0,put,57.8,0.007269,0.007,0.008,1926.54,4984.0
1785166524,eth,1785225600000,2025.0,put,59.58,0.052191,0.029,0.0955,1924.88,0.0
1785166524,eth,1785484800000,2350.0,put,76.59,0.220118,0.2145,0.225,1925.68,538.0
1785166524,eth,1785484800000,1900.0,put,50.79,0.014128,0.014,0.0145,1925.74,5211.0
1785166524,eth,1798185600000,6000.0,put,69.65,2.089509,1.9675,2.2215,1943.09,0.0
1785166524,eth,1806048000000,1700.0,call,57.32,0.246728,0.244,0.251,1961.86,1337.0
1785166524,eth,1785484800000,2700.0,call,95.24,6e-06,,0.0001,1925.68,4865.0
1785166524,eth,1813910400000,1000.0,put,66.05,0.030711,0.0295,0.0315,1980.84,4445.0
1785166524,eth,1786089600000,1400.0,put,83.0,0.000515,0.0004,0.0006,1926.05,2121.0
1785166524,eth,1790323200000,2000.0,put,51.08,0.102987,0.1015,0.1035,1930.41,12961.0
1785166524,eth,1787904000000,3800.0,put,79.3,0.972303,0.894,1.0535,1926.54,0.0
1785166524,eth,1786694400000,1800.0,put,51.23,0.018281,0.0175,0.019,1926.29,348.0
1785166524,eth,1798185600000,1400.0,put,59.31,0.034557,0.0335,0.0355,1943.09,14006.0
1785166524,eth,1785484800000,1975.0,put,50.11,0.035446,0.032,0.037,1925.68,152.0
1785166524,eth,1787904000000,1900.0,call,49.4,0.064846,0.064,0.0655,1926.48,2590.0
1785166524,eth,1787904000000,2300.0,call,51.42,0.009883,0.0095,0.0105,1926.48,3501.0
1785166524,eth,1790323200000,1800.0,put,52.18,0.051809,0.051,0.0525,1930.41,4350.0
1785166524,eth,1798185600000,9000.0,put,78.55,3.632437,3.451,3.826,1943.09,0.0
1785166524,eth,1813910400000,3600.0,call,57.93,0.051908,0.051,0.0535,1980.87,2.0
1785166524,eth,1813910400000,4000.0,put,58.47,1.057405,1.0375,1.1265,1980.84,0.0
1785166524,eth,1785398400000,1850.0,put,54.25,0.004941,0.0046,0.005,1925.07,20.0
1785166524,eth,1798185600000,4600.0,call,63.69,0.003939,0.0037,0.0043,1943.09,10024.0
1785166524,eth,1798185600000,10000.0,put,82.23,4.14707,3.9455,4.3615,1943.09,0.0
1785166524,eth,1806048000000,3200.0,put,56.75,0.674149,0.646,0.729,1961.86,20.0
1785166524,eth,1806048000000,2600.0,call,55.99,0.084699,0.0835,0.0855,1961.86,2569.0
1785166524,eth,1790323200000,2500.0,call,53.1,0.013543,0.013,0.0145,1930.6,24186.0
1785166524,eth,1813910400000,1700.0,call,58.53,0.282822,0.2785,0.2855,1980.87,654.0
1785166524,eth,1790323200000,2600.0,put,54.18,0.357012,0.349,0.3635,1930.41,8412.0
1785166524,eth,1785484800000,2400.0,put,76.7,0.245999,0.197,0.298,1925.74,100.0
1785166524,eth,1785484800000,1900.0,call,50.79,0.027755,0.0265,0.029,1925.68,14470.0
1785166524,eth,1787904000000,2300.0,put,51.42,0.203541,0.156,0.2275,1926.54,3.0
1785166524,eth,1785312000000,1975.0,call,46.31,0.003756,0.0036,0.0041,1925.07,1226.0
1785166524,eth,1785312000000,1725.0,put,70.2,0.000164,0.0001,0.0002,1925.07,84.0
1785166524,eth,1798185600000,8000.0,call,74.68,0.000433,0.0003,0.0008,1942.9,2427.0
1785166524,eth,1785398400000,1600.0,put,87.78,0.000156,0.0001,0.0002,1925.07,201.0
1785166524,eth,1813910400000,1600.0,put,58.99,0.118038,0.1165,0.1195,1980.84,1261.0
1785166524,eth,1785225600000,1800.0,put,66.89,9.7e-05,,0.0001,1924.88,167.0
1785166524,eth,1785398400000,1900.0,put,51.09,0.011564,0.011,0.012,1925.07,145.0
1785166524,eth,1785484800000,2025.0,put,51.79,0.05605,0.0465,0.062,1925.74,0.0
1785166524,eth,1798185600000,3100.0,put,56.18,0.616277,0.599,0.6985,1942.9,0.0
1785166524,eth,1785225600000,1800.0,call,66.89,0.065036,0.0285,0.1025,1924.88,0.0
1785166524,eth,1798185600000,6500.0,call,70.74,0.000992,0.0007,0.0014,1942.9,1765.0
1785166524,eth,1787904000000,1000.0,put,87.94,0.000337,0.0002,0.0005,1926.54,2912.0
1785166524,eth,1785484800000,1850.0,put,53.11,0.006774,0.0065,0.007,1925.68,7110.0
1785166524,eth,1806048000000,3800.0,call,58.23,0.023959,0.023,0.0245,1961.86,1233.0
1785166524,eth,1785484800000,4400.0,call,118.7,0.0,,0.0001,1925.74,988.0
1785166524,eth,1790323200000,1500.0,put,58.05,0.014854,0.0145,0.0155,1930.41,11477.0
1785166524,eth,1785484800000,2050.0,put,52.69,0.067459,0.063,0.0715,1925.68,687.0
1785166524,eth,1785484800000,1450.0,call,109.68,0.247392,0.241,0.255,1925.68,1.0
1785166524,eth,1798185600000,2400.0,put,54.18,0.299234,0.2895,0.304,1942.9,1716.0
1785166524,eth,1786694400000,1900.0,call,49.46,0.050372,0.0495,0.051,1926.29,62.0
1785166524,eth,1785225600000,1725.0,put,87.13,1.9e-05,,0.0001,1924.88,314.0
1785166524,eth,1785484800000,3800.0,put,118.7,0.972745,0.8965,1.054,1925.68,0.0
1785166524,eth,1806048000000,2300.0,put,55.94,0.293284,0.2895,0.295,1961.86,1576.0
1785166524,eth,1806048000000,1700.0,put,57.32,0.113231,0.1125,0.114,1961.86,1508.0
1785166524,eth,1785484800000,1650.0,call,75.77,0.14396,0.1425,0.148,1925.74,5848.0
1785166524,eth,1785225600000,1950.0,put,44.78,0.015937,0.015,0.0165,1924.88,784.0
1785166524,eth,1790323200000,12000.0,call,115.57,1.2e-05,,0.0002,1930.41,1341.0
1785166524,eth,1813910400000,2900.0,put,57.11,0.556281,0.545,0.603,1980.87,3.0
1785166524,eth,1787904000000,1400.0,call,64.73,0.276575,0.2715,0.284,1926.48,100.0
1785166524,eth,1787904000000,2800.0,call,61.89,0.001627,0.0015,0.0019,1926.54,4725.0
1785166524,eth,1806048000000,4200.0,put,59.27,1.157666,1.0645,1.267,1961.86,5.0
1785166524,eth,1785484800000,1600.0,put,84.11,0.00038,0.0003,0.0004,1925.74,14264.0
1785166524,eth,1790323200000,5800.0,call,87.06,0.000147,0.0001,0.0002,1930.41,4884.0
1785166524,eth,1798185600000,1900.0,call,54.36,0.148448,0.1475,0.1505,1943.09,1196.0
1785166524,eth,1806048000000,1000.0,put,67.43,0.020217,0.0195,0.021,1961.86,7340.0
1785166524,eth,1785225600000,2040.0,put,62.42,0.059893,0.0285,0.1035,1924.88,0.0
1785166524,eth,1813910400000,3500.0,put,57.76,0.822693,0.806,0.839,1980.84,302.0
1785166524,eth,1785398400000,2050.0,call,53.27,0.001833,0.0018,0.0021,1925.07,65.0
1785166524,eth,1785484800000,2250.0,put,67.12,0.168336,0.163,0.173,1925.74,706.0
1785166524,eth,1786089600000,1750.0,call,54.66,0.098623,0.092,0.1065,1926.05,105.0
1785166524,eth,1787904000000,1750.0,call,51.57,0.114865,0.1125,0.1185,1926.54,4254.0
1785166524,eth,1813910400000,3400.0,call,57.62,0.060692,0.0595,0.062,1980.84,144.0
1785166524,eth,1806048000000,2800.0,put,56.16,0.494317,0.482,0.592,1961.67,12.0
1785166524,eth,1785398400000,2100.0,put,57.5,0.091516,0.049,0.138,1925.07,0.0
1785166524,eth,1798185600000,2400.0,call,54.18,0.064012,0.063,0.065,1943.09,11835.0
1785166524,eth,1785312000000,2200.0,put,73.41,0.142767,0.0985,0.19,1925.07,0.0
1785166524,eth,1798185600000,1700.0,put,55.55,0.079334,0.0785,0.0805,1942.9,12625.0
1785166524,eth,1790323200000,8500.0,put,97.73,3.403204,3.23,3.5825,1930.41,0.0
1785166524,eth,1785312000000,1925.0,put,46.57,0.012553,0.012,0.013,1925.07,631.0
1785166524,eth,1785484800000,4400.0,put,118.7,1.284231,1.194,1.3765,1925.74,0.0
1785166524,eth,1785398400000,1750.0,call,64.86,0.092009,0.0855,0.102,1925.07,0.0
1785166524,eth,1785484800000,1975.0,call,50.11,0.010106,0.0095,0.0105,1925.68,1253.0
1785166524,eth,1790323200000,2400.0,call,52.26,0.018458,0.018,0.0195,1930.41,11967.0
1785166524,eth,1806048000000,2900.0,call,56.3,0.059967,0.059,0.061,1961.67,1578.0
1785166524,eth,1798185600000,6000.0,call,69.65,0.001453,0.0012,0.0018,1942.9,10375.0
1785166524,eth,1785484800000,1000.0,call,123.78,0.480857,0.4775,0.486,1925.74,86.0
1785166524,eth,1813910400000,2200.0,put,57.22,0.286439,0.281,0.2895,1980.84,6.0
1785166524,eth,1787904000000,1650.0,call,54.34,0.156747,0.1535,0.1615,1926.54,1609.0
1785166524,eth,1785484800000,2600.0,call,93.45,2.1e-05,,0.0001,1925.74,4421.0
1785166524,eth,1787904000000,1100.0,call,81.51,0.429717,0.4255,0.436,1926.48,50.0
1785166524,eth,1785312000000,1950.0,call,45.5,0.007025,0.0065,0.0075,1925.07,528.0
1785166524,eth,1813910400000,800.0,call,71.0,0.613573,0.6105,0.6165,1980.84,114.0
1785166524,eth,1785225600000,1775.0,call,76.06,0.077997,0.041,0.115,1924.88,0.0
1785166524,eth,1785484800000,1200.0,call,123.78,0.37703,0.376,0.38,1925.74,284.0
1785166524,eth,1785484800000,2800.0,call,97.13,2e-06,,0.0001,1925.68,6437.0
