snap_ts,asset,expiry_ms,strike,opt_type,mark_iv,mark_price,bid,ask,underlying_price,open_interest
1783967129,btc,1787904000000,46000.0,put,54.3,0.00409451,0.0039,0.0043,62178.04,393.7
1783967129,btc,1813910400000,80000.0,call,42.11,0.0851482,0.0845,0.086,64306.91,58.2
1783967129,btc,1806048000000,140000.0,call,44.4,0.00330616,0.003,0.0036,63636.34,756.1
1783967129,btc,1785484800000,50000.0,call,53.17,0.19498578,0.1915,0.198,62007.83,3.4
1783967129,btc,1784102400000,60000.0,put,42.7,0.00179446,0.0017,0.002,61897.04,91.9
1783967129,btc,1798185600000,62000.0,call,41.9,0.11906103,0.118,0.12,62993.62,169.8
1783967129,btc,1813910400000,82000.0,call,41.97,0.07772816,0.077,0.0785,64306.91,22.4
1783967129,btc,1813910400000,110000.0,call,41.9,0.02321108,0.0225,0.024,64306.2,65.7
1783967129,btc,1790323200000,30000.0,call,79.07,0.52103249,0.5195,0.522,62407.86,107.3
1783967129,btc,1785484800000,108000.0,put,66.12,0.74170833,0.7345,0.752,62007.83,0.0
1783967129,btc,1784188800000,62500.0,call,36.63,0.00823169,0.008,0.0085,61897.04,2.5
1783967129,btc,1813910400000,85000.0,put,41.83,0.38974284,0.3865,0.394,64306.91,3.6
1783967129,btc,1785484800000,73000.0,call,37.45,0.00078456,0.0007,0.0008,62007.83,2051.0
1783967129,btc,1806048000000,108000.0,call,41.05,0.0118453,0.011,0.0125,63636.88,57.0
1783967129,btc,1790323200000,170000.0,call,67.34,5.939e-05,,0.0001,62408.25,351.3
1783967129,btc,1798185600000,60000.0,call,42.61,0.13640981,0.1355,0.137,62993.62,787.3
1783967129,btc,1784188800000,65500.0,put,37.87,0.05820756,0.023,0.0975,61897.04,0.0
1783967129,btc,1790323200000,190000.0,put,72.81,2.04451798,1.9415,2.1555,62408.25,0.0
1783967129,btc,1785484800000,98000.0,call,60.4,1.165e-05,,0.0001,62007.83,1189.3
1783967129,btc,1787904000000,73000.0,call,33.91,0.00542821,0.005,0.0055,62178.04,783.7
1783967129,btc,1784880000000,64000.0,put,33.77,0.04330111,0.041,0.046,61966.15,85.5
1783967129,btc,1784275200000,63000.0,call,35.93,0.00729573,0.007,0.0075,61933.17,1075.3
1783967129,btc,1784880000000,56000.0,call,45.37,0.09953125,0.097,0.1015,61966.15,0.1
1783967129,btc,1806048000000,55000.0,put,45.43,0.08273902,0.082,0.0835,63636.34,1350.7
1783967129,btc,1785484800000,84000.0,call,49.74,0.0001026,,0.0002,62007.83,691.1
1783967129,btc,1784275200000,61000.0,call,38.71,0.0238544,0.023,0.0245,61933.17,197.4
1783967129,btc,1813910400000,150000.0,call,44.21,0.006005,0.0055,0.0065,64306.91,81.7
1783967129,btc,1790323200000,58000.0,call,40.22,0.11032535,0.109,0.1115,62407.86,486.9
1783967129,btc,1787904000000,59000.0,put,38.98,0.03176742,0.031,0.0325,62178.04,459.9
1783967129,btc,1806048000000,106000.0,put,41.05,0.67900194,0.674,0.7,63636.34,0.0
1783967129,btc,1787904000000,105000.0,call,52.83,0.00017985,0.0001,0.0003,62178.04,160.5
1783967129,btc,1790323200000,300000.0,put,84.97,3.80706179,3.645,3.9815,62407.86,0.0
1783967129,btc,1787904000000,48000.0,call,51.32,0.23351766,0.2315,0.235,62178.04,37.5
1783967129,btc,1784880000000,56000.0,put,45.37,0.00326095,0.0031,0.0034,61965.73,581.6
1783967129,btc,1798185600000,210000.0,put,58.46,2.33388313,2.221,2.457,62994.01,0.0
1783967129,btc,1790323200000,35000.0,put,69.16,0.0028039,0.0026,0.0029,62408.25,865.0
1783967129,btc,1790323200000,64000.0,put,37.07,0.0806799,0.08,0.0815,62407.86,523.1
1783967129,btc,1790323200000,135000.0,put,58.41,1.16335538,1.09,1.2435,62408.25,11.5
1783967129,btc,1787904000000,56000.0,put,41.63,0.01952769,0.019,0.02,62178.46,701.4
1783967129,btc,1798185600000,80000.0,call,39.21,0.02921137,0.0285,0.0295,62993.62,7230.6
1783967129,btc,1798185600000,105000.0,put,40.89,0.67114214,0.665,0.6785,62993.62,109.4
1783967129,btc,1798185600000,200000.0,put,56.4,2.17513723,2.068,2.2925,62994.01,0.0
1783967129,btc,1785484800000,115000.0,call,72.75,2.73e-06,,0.0001,62007.83,182.3
1783967129,btc,1784188800000,61500.0,call,38.11,0.01644657,0.016,0.017,61897.04,0.3
1783967129,btc,1806048000000,60000.0,call,43.84,0.1717322,0.17,0.173,63636.34,719.9
1783967129,btc,1798185600000,170000.0,put,53.76,1.69921223,1.608,1.8005,62993.62,0.0
1783967129,btc,1787904000000,63000.0,call,36.25,0.0450683,0.044,0.0455,62178.04,571.8
1783967129,btc,1784275200000,58000.0,put,45.72,0.00142968,0.0013,0.0016,61933.17,1341.1
1783967129,btc,1784275200000,61500.0,put,37.84,0.01163362,0.011,0.012,61933.17,2.0
1783967129,btc,1784102400000,66000.0,call,44.83,0.00015988,0.0001,0.0002,61897.04,58.7
1783967129,btc,1784102400000,69000.0,put,49.1,0.1143501,0.1085,0.155,61897.04,0.0
1783967129,btc,1798185600000,72000.0,call,39.79,0.05622394,0.0555,0.057,62993.62,1103.9
1783967129,btc,1790323200000,78000.0,call,34.77,0.00599498,0.0055,0.006,62407.86,3908.1
1783967129,btc,1784016000000,58000.0,put,66.21,5.068e-05,,0.0001,61897.04,47.6
1783967129,btc,1798185600000,40000.0,put,56.07,0.01641592,0.016,0.017,62993.62,4137.9
1783967129,btc,1784275200000,66000.0,put,36.89,0.06628929,0.063,0.082,61933.17,15.2
1783967129,btc,1798185600000,135000.0,call,47.06,0.00120112,0.001,0.0014,62993.62,1056.9
1783967129,btc,1784188800000,69000.0,put,45.33,0.11424535,0.1085,0.1555,61897.04,0.0
1783967129,btc,1785484800000,81000.0,call,46.17,0.00015008,0.0001,0.0002,62007.83,1477.1
1783967129,btc,1787904000000,66000.0,put,34.67,0.08691074,0.0855,0.0885,62178.04,156.9
1783967129,btc,1785484800000,77000.0,call,42.45,0.0003528,0.0003,0.0004,62007.24,2606.8
1783967129,btc,1784188800000,64500.0,put,36.18,0.0428409,0.0385,0.048,61897.04,25.0
1783967129,btc,1798185600000,104000.0,put,40.72,0.65553129,0.65,0.6805,62993.62,0.0
1783967129,btc,1784880000000,68000.0,call,33.29,0.00125244,0.0011,0.0013,61966.15,1333.8
1783967129,btc,1813910400000,68000.0,put,43.31,0.20211033,0.2005,0.203,64306.91,6.1
1783967129,btc,1798185600000,85000.0,put,39.21,0.36868091,0.365,0.373,62993.62,548.5
1783967129,btc,1798185600000,84000.0,put,39.21,0.35449082,0.3505,0.359,62993.62,47.0
1783967129,btc,1784275200000,59000.0,put,43.04,0.00262918,0.0025,0.0029,61933.17,730.5
1783967129,btc,1784016000000,70000.0,put,53.44,0.13075805,0.093,0.1715,61897.04,0.0
1783967129,btc,1785484800000,85000.0,call,49.74,7.15e-05,,0.0001,62007.83,1330.4
1783967129,btc,1790323200000,84000.0,put,36.18,0.34846994,0.3435,0.355,62407.86,34.7
1783967129,btc,1806048000000,180000.0,put,49.61,1.82992119,1.7335,1.939,63636.34,0.0
1783967129,btc,1784188800000,70000.0,call,45.73,7.67e-06,,0.0001,61897.04,1.0
1783967129,btc,1813910400000,72000.0,call,42.78,0.12147046,0.1205,0.1225,64306.2,7.8
1783967129,btc,1784275200000,52000.0,call,70.19,0.16049959,0.157,0.1635,61933.17,0.1
1783967129,btc,1784188800000,68000.0,put,44.7,0.0981507,0.0925,0.139,61897.04,0.0
1783967129,btc,1785484800000,102000.0,put,63.21,0.64495125,0.638,0.655,62007.24,0.1
1783967129,btc,1784880000000,50000.0,call,56.91,0.19350455,0.1895,0.2005,61966.15,0.0
1783967129,btc,1784275200000,61000.0,put,38.71,0.00879355,0.0085,0.009,61933.17,341.3
1783967129,btc,1785484800000,92000.0,put,53.45,0.48368917,0.478,0.4955,62007.83,0.4
1783967129,btc,1813910400000,110000.0,put,41.9,0.73376033,0.729,0.749,64306.91,0.0
1783967129,btc,1790323200000,150000.0,call,64.11,0.00014317,0.0001,0.0002,62408.25,738.6
1783967129,btc,1790323200000,165000.0,put,65.49,1.64394082,1.555,1.741,62407.86,0.0
1783967129,btc,1784188800000,64000.0,call,35.9,0.00212404,0.0019,0.0023,61897.04,18.2
1783967129,btc,1784188800000,56000.0,call,56.63,0.09598326,0.0625,0.1285,61897.04,0.0
1783967129,btc,1790323200000,60000.0,call,39.06,0.08952421,0.0885,0.0905,62407.86,731.5
1783967129,btc,1790323200000,110000.0,put,48.65,0.7630169,0.7565,0.771,62407.86,116.4
1783967129,btc,1787904000000,66000.0,call,34.67,0.02545588,0.025,0.026,62178.04,398.5
1783967129,btc,1798185600000,130000.0,call,45.98,0.00140103,0.0012,0.0016,62993.62,1562.0
1783967129,btc,1790323200000,240000.0,call,74.86,4.49e-06,,0.0002,62407.86,222.5
1783967129,btc,1785484800000,84000.0,put,49.74,0.35476236,0.3505,0.3605,62007.24,31.6
1783967129,btc,1806048000000,92000.0,call,40.69,0.02879762,0.028,0.029,63636.34,117.7
1783967129,btc,1813910400000,58000.0,put,45.24,0.12132159,0.12,0.1225,64306.2,8.0
1783967129,btc,1785484800000,104000.0,put,63.39,0.67720211,0.6705,0.693,62007.24,0.0
1783967129,btc,1806048000000,96000.0,put,40.72,0.53150434,0.5275,0.5575,63636.34,1.5
1783967129,btc,1787904000000,64000.0,put,35.57,0.06681157,0.066,0.0675,62178.04,342.0
1783967129,btc,1790323200000,115000.0,put,51.41,0.84309619,0.836,0.851,62407.86,90.3
1783967129,btc,1813910400000,74000.0,call,42.55,0.11111074,0.11,0.112,64306.91,11.8
1783967129,btc,1813910400000,68000.0,call,43.31,0.14467988,0.1435,0.1455,64306.91,5.0
1783967129,btc,1790323200000,75000.0,call,34.91,0.01016828,0.01,0.0105,62407.86,2611.1
1783967129,btc,1784275200000,54000.0,call,59.16,0.1282621,0.124,0.131,61933.17,0.2
1783967129,btc,1785484800000,105000.0,put,63.57,0.69332811,0.687,0.7025,62007.83,1.1
1783967129,btc,1784102400000,65500.0,put,41.82,0.05802963,0.0525,0.0975,61897.04,0.0
1783967129,btc,1787904000000,83000.0,put,37.83,0.33570127,0.331,0.343,62178.04,0.0
1783967129,btc,1806048000000,65000.0,put,42.71,0.15428905,0.1525,0.155,63636.34,636.8
1783967129,btc,1785484800000,66000.0,call,33.62,0.00842356,0.008,0.0085,62007.83,2262.5
1783967129,btc,1784880000000,73000.0,put,40.31,0.17828526,0.174,0.184,61966.15,0.2
1783967129,btc,1784016000000,69000.0,put,53.44,0.11460436,0.0765,0.1545,61897.04,0.0
1783967129,btc,1798185600000,210000.0,call,58.46,0.00021167,0.0001,0.0005,62993.62,155.4
1783967129,btc,1798185600000,92000.0,call,39.51,0.01098573,0.0105,0.011,62993.62,251.7
1783967129,btc,1790323200000,240000.0,put,74.86,2.84565113,2.716,2.985,62407.86,0.0
1783967129,btc,1784188800000,63500.0,call,35.83,0.00343632,0.0033,0.0036,61897.04,11.4
1783967129,btc,1784102400000,66000.0,put,44.83,0.06605678,0.06,0.1055,61897.04,0.0
1783967129,btc,1806048000000,90000.0,call,40.65,0.03218905,0.031,0.032,63636.34,511.8
1783967129,btc,1784102400000,68000.0,put,48.98,0.09821383,0.092,0.1385,61897.04,0.0
1783967129,btc,1790323200000,95000.0,put,40.56,0.52303699,0.517,0.5305,62407.86,147.6
1783967129,btc,1798185600000,86000.0,call,39.21,0.01777926,0.017,0.018,62993.62,287.1
1783967129,btc,1784188800000,60000.0,call,41.56,0.0345144,0.0047,0.0535,61897.04,0.0
1783967129,btc,1784275200000,67000.0,put,39.4,0.08214456,0.0785,0.088,61933.17,9.1
1783967129,btc,1813910400000,90000.0,put,41.71,0.45397365,0.4505,0.511,64306.91,0.2
1783967129,btc,1785484800000,50000.0,put,53.17,0.00133088,0.0013,0.0014,62007.83,3521.8
1783967129,btc,1806048000000,160000.0,put,46.74,1.51617011,1.43,1.6145,63636.88,0.0
1783967129,btc,1798185600000,74000.0,call,39.52,0.04775436,0.047,0.048,62994.01,64.4
1783967129,btc,1785484800000,73000.0,put,37.45,0.1780484,0.1745,0.1825,62007.83,97.7
1783967129,btc,1784188800000,60000.0,put,41.56,0.00340064,0.0032,0.0036,61897.04,16.8
1783967129,btc,1790323200000,58000.0,put,40.22,0.03968995,0.0395,0.04,62407.86,543.3
1783967129,btc,1784102400000,57000.0,call,55.51,0.07958933,0.0745,0.112,61897.04,0.0
1783967129,btc,1798185600000,54000.0,call,45.13,0.19723469,0.1955,0.199,62994.01,33.1
1783967129,btc,1798185600000,200000.0,call,56.4,0.00021203,0.0001,0.0005,62994.01,965.6
1783967129,btc,1784880000000,68000.0,put,33.29,0.09863851,0.095,0.1085,61966.15,2.7
1783967129,btc,1784880000000,62000.0,put,35.93,0.02466835,0.024,0.025,61966.15,96.0
1783967129,btc,1785484800000,46000.0,put,57.87,0.00034243,0.0003,0.0004,62007.83,1664.2
1783967129,btc,1785484800000,61000.0,call,37.49,0.04130482,0.0405,0.0415,62007.83,963.4
1783967129,btc,1784016000000,61000.0,call,40.94,0.01619133,0.0125,0.045,61897.04,0.0
1783967129,btc,1790323200000,320000.0,call,85.42,1.85e-06,,0.0001,62407.86,251.6
1783967129,btc,1813910400000,72000.0,put,42.78,0.24110269,0.2395,0.2435,64306.91,1.0
1783967129,btc,1798185600000,45000.0,call,51.12,0.31051801,0.309,0.3125,62993.62,54.2
1783967129,btc,1813910400000,70000.0,call,43.02,0.1326026,0.1315,0.1335,64306.2,168.0
1783967129,btc,1784102400000,70000.0,put,52.7,0.13049844,0.093,0.172,61897.04,0.0
1783967129,btc,1798185600000,68000.0,put,40.47,0.15650556,0.155,0.158,62993.62,301.0
1783967129,btc,1785484800000,87000.0,call,49.74,3.409e-05,,0.0001,62007.24,374.3
1783967129,btc,1806048000000,98000.0,put,40.72,0.56043226,0.556,0.585,63636.34,0.2
1783967129,btc,1798185600000,115000.0,put,42.73,0.82808227,0.8215,0.838,62993.62,0.6
1783967129,btc,1787904000000,100000.0,put,49.29,0.60847764,0.602,0.617,62178.04,0.1
1783967129,btc,1785484800000,94000.0,call,55.0,1.064e-05,,0.0001,62007.83,892.6
1783967129,btc,1813910400000,78000.0,put,42.22,0.30592599,0.303,0.309,64306.2,0.3
1783967129,btc,1790323200000,84000.0,call,36.18,0.00249362,0.0025,0.0027,62408.25,719.6
1783967129,btc,1784275200000,69000.0,call,46.32,0.00014817,0.0001,0.0002,61933.17,579.4
1783967129,btc,1798185600000,102000.0,put,40.46,0.62443983,0.619,0.633,62993.62,7.7
1783967129,btc,1785484800000,61000.0,put,37.49,0.02505191,0.0245,0.0255,62007.83,701.4
1783967129,btc,1813910400000,120000.0,call,42.01,0.01528517,0.0145,0.016,64306.2,40.7
1783967129,btc,1790323200000,165000.0,call,65.49,5.875e-05,,0.0001,62407.86,181.8
1783967129,btc,1787904000000,98000.0,put,47.65,0.57632148,0.57,0.5875,62178.04,0.0
1783967129,btc,1784188800000,66000.0,put,38.58,0.06608235,0.0605,0.106,61897.04,0.0
1783967129,btc,1790323200000,65000.0,put,36.68,0.08978168,0.089,0.091,62407.86,707.8
1783967129,btc,1784016000000,71000.0,put,53.44,0.14691173,0.1085,0.1885,61897.04,0.0
1783967129,btc,1784188800000,59000.0,put,44.67,0.00169098,0.0015,0.0019,61897.04,51.9
1783967129,btc,1785484800000,58000.0,call,41.24,0.07633949,0.074,0.078,62007.83,115.4
1783967129,btc,1806048000000,170000.0,put,48.19,1.67300076,1.5815,1.7765,63636.34,0.1
1783967129,btc,1784275200000,63500.0,put,35.93,0.0304116,0.0285,0.0325,61933.17,9.3
1783967129,btc,1785484800000,62000.0,call,36.41,0.03191746,0.031,0.032,62007.24,1570.2
1783967129,btc,1790323200000,160000.0,put,64.17,1.56383002,1.4775,1.658,62407.86,0.6
1783967129,btc,1790323200000,80000.0,put,35.14,0.28628079,0.283,0.2905,62407.86,613.0
1783967129,btc,1784016000000,69000.0,call,53.44,0.0,,0.0001,61897.04,31.3
1783967129,btc,1784275200000,57000.0,put,48.74,0.00079893,0.0007,0.0009,61933.17,291.7
1783967129,btc,1790323200000,180000.0,call,70.84,6.052e-05,,0.0001,62407.86,739.8
1783967129,btc,1806048000000,90000.0,put,40.65,0.44647262,0.4425,0.4715,63636.88,14.0
1783967129,btc,1806048000000,54000.0,put,45.79,0.07723304,0.0765,0.078,63636.34,50.9
1783967129,btc,1784188800000,66000.0,call,38.58,0.00030749,0.0002,0.0004,61897.04,3.2
1783967129,btc,1787904000000,90000.0,call,42.43,0.00039994,0.0004,0.0006,62178.04,34.3
1783967129,btc,1784188800000,63000.0,call,36.23,0.00546258,0.005,0.006,61897.04,5.5
1783967129,btc,1785484800000,80000.0,call,45.51,0.00019302,0.0002,0.0003,62007.24,6998.1
1783967129,btc,1806048000000,60000.0,put,43.84,0.11458791,0.1135,0.1155,63636.34,630.1
1783967129,btc,1785484800000,60000.0,call,38.67,0.05195559,0.051,0.0525,62007.83,1202.0
1783967129,btc,1798185600000,65000.0,call,41.14,0.09640176,0.096,0.097,62993.62,673.5
1783967129,btc,1784188800000,64000.0,put,35.9,0.03560269,0.032,0.0395,61897.04,25.6
1783967129,btc,1785484800000,56000.0,call,43.95,0.10372894,0.1015,0.1055,62007.83,39.4
1783967129,btc,1787904000000,53000.0,call,44.85,0.1596052,0.1575,0.162,62178.04,5.9
1783967129,btc,1798185600000,190000.0,call,55.8,0.00029576,0.0002,0.0004,62993.62,989.5
1783967129,btc,1790323200000,105000.0,put,45.21,0.6829013,0.677,0.691,62408.25,104.6
1783967129,btc,1785484800000,60000.0,put,38.67,0.01957462,0.019,0.02,62007.83,1906.6
1783967129,btc,1798185600000,230000.0,put,61.45,2.65134357,2.528,2.786,62993.62,0.0
1783967129,btc,1790323200000,72000.0,call,34.9,0.01648535,0.016,0.017,62407.86,2240.5
1783967129,btc,1790323200000,130000.0,put,57.76,1.08331424,1.013,1.161,62407.86,21.4
1783967129,btc,1790323200000,70000.0,put,35.29,0.14459327,0.142,0.1475,62408.25,1515.3
1783967129,btc,1806048000000,150000.0,call,45.55,0.00244404,0.0022,0.0028,63636.34,1897.1
1783967129,btc,1784016000000,57000.0,put,68.59,8.09e-06,,0.0001,61897.04,30.4
1783967129,btc,1798185600000,45000.0,put,51.12,0.02487618,0.0245,0.0255,62993.62,2868.4
1783967129,btc,1784275200000,48000.0,call,76.79,0.22497274,0.221,0.228,61933.17,0.0
1783967129,btc,1784102400000,62000.0,call,38.12,0.00933158,0.009,0.01,61897.04,3.4
1783967129,btc,1784188800000,63000.0,put,36.23,0.02279313,0.0215,0.026,61897.04,41.6
1783967129,btc,1813910400000,60000.0,call,44.88,0.20282334,0.201,0.205,64306.2,942.9
1783967129,btc,1785484800000,55000.0,put,45.43,0.00522622,0.005,0.0055,62007.83,700.5
1783967129,btc,1784102400000,66500.0,put,47.89,0.0740999,0.068,0.114,61897.04,0.0
1783967129,btc,1784275200000,66000.0,call,36.89,0.00061742,0.0005,0.0006,61933.17,1860.1
1783967129,btc,1784275200000,62500.0,call,36.44,0.01031588,0.01,0.0105,61933.17,0.8
1783967129,btc,1785484800000,45000.0,call,59.37,0.27453927,0.2715,0.2775,62007.24,0.0
1783967129,btc,1784016000000,66000.0,call,52.04,5.16e-06,,0.0001,61897.04,86.2
1783967129,btc,1784880000000,66000.0,put,33.01,0.06890854,0.0665,0.071,61966.15,19.2
1783967129,btc,1790323200000,220000.0,call,72.81,8.19e-06,,0.0085,62408.25,232.5
1783967129,btc,1806048000000,106000.0,call,41.05,0.01329018,0.0125,0.014,63636.34,45.6
1783967129,btc,1787904000000,80000.0,call,35.83,0.00124883,0.0012,0.0014,62178.04,568.3
1783967129,btc,1790323200000,100000.0,call,43.39,0.00062855,0.0005,0.0007,62407.86,3584.9
1783967129,btc,1784188800000,61500.0,put,38.11,0.00955497,0.009,0.01,61897.04,39.7
1783967129,btc,1806048000000,98000.0,call,40.72,0.0204346,0.0195,0.021,63636.34,95.3
1783967129,btc,1785484800000,92000.0,call,53.45,1.419e-05,,0.0001,62007.83,442.8
1783967129,btc,1784016000000,66500.0,put,53.44,0.07422202,0.068,0.113,61897.04,0.0
1783967129,btc,1784275200000,63500.0,call,35.93,0.00510609,0.0048,0.0055,61933.17,12.3
1783967129,btc,1790323200000,60000.0,put,39.06,0.05093587,0.0505,0.0515,62408.25,3957.4
1783967129,btc,1798185600000,72000.0,put,39.79,0.19919702,0.1975,0.201,62994.01,335.4
1783967129,btc,1806048000000,56000.0,call,45.07,0.20848434,0.2065,0.2095,63636.34,16.9
1783967129,btc,1787904000000,62000.0,put,36.81,0.05034664,0.05,0.051,62178.04,632.5
1783967129,btc,1785484800000,83000.0,put,49.72,0.33867874,0.3345,0.344,62007.83,29.5
1783967129,btc,1784016000000,61000.0,put,40.94,0.0015662,0.0015,0.0017,61897.04,239.8
1783967129,btc,1784102400000,59000.0,put,46.37,0.00070472,0.0006,0.0009,61897.04,29.6
1783967129,btc,1784188800000,67000.0,put,41.78,0.08207811,0.0755,0.1225,61897.04,0.0
1783967129,btc,1798185600000,56000.0,call,44.19,0.17546887,0.174,0.177,62993.62,40.2
1783967129,btc,1790323200000,52000.0,put,45.14,0.0185089,0.018,0.019,62407.86,1060.8
1783967129,btc,1806048000000,86000.0,put,40.67,0.39192023,0.3885,0.4255,63636.34,1.7
1783967129,btc,1806048000000,40000.0,put,53.71,0.02741932,0.027,0.028,63636.34,1105.6
1783967129,btc,1806048000000,120000.0,call,42.11,0.0068225,0.006,0.0075,63636.34,316.0
1783967129,btc,1785484800000,77000.0,put,42.45,0.24212425,0.238,0.247,62007.83,249.3
1783967129,btc,1813910400000,140000.0,call,43.24,0.00775117,0.007,0.0085,64306.91,100.8
1783967129,btc,1790323200000,190000.0,call,72.81,4.773e-05,,0.0001,62408.25,763.9
1783967129,btc,1806048000000,56000.0,put,45.07,0.088483,0.0875,0.0895,63636.34,73.2
1783967129,btc,1813910400000,56000.0,call,45.78,0.23742087,0.2355,0.2395,64306.2,3.5
1783967129,btc,1790323200000,64000.0,call,37.07,0.05517412,0.0545,0.0555,62407.86,234.2
1783967129,btc,1787904000000,40000.0,put,64.07,0.00175864,0.0016,0.0019,62178.04,396.1
1783967129,btc,1785484800000,46000.0,call,57.87,0.25850494,0.255,0.2615,62007.83,0.0
1783967129,btc,1785484800000,57000.0,call,42.43,0.08964636,0.0875,0.0915,62007.83,3.8
1783967129,btc,1785484800000,94000.0,put,55.0,0.51593942,0.51,0.526,62007.83,1.3
1783967129,btc,1790323200000,220000.0,put,72.81,2.52518427,2.406,2.653,62408.25,1.8
1783967129,btc,1798185600000,50000.0,call,47.39,0.24473819,0.243,0.2465,62993.62,261.1
1783967129,btc,1813910400000,84000.0,call,41.88,0.07107341,0.07,0.072,64306.91,2.1
1783967129,btc,1785484800000,56000.0,put,43.95,0.0068373,0.0065,0.007,62007.83,2079.8
1783967129,btc,1785484800000,88000.0,call,49.74,2.334e-05,,0.0001,62007.83,408.8
1783967129,btc,1790323200000,40000.0,put,61.0,0.00477961,0.0046,0.0049,62407.86,2297.3
1783967129,btc,1790323200000,280000.0,put,81.51,3.4865912,3.335,3.6495,62407.86,0.0
1783967129,btc,1813910400000,88000.0,put,41.75,0.4278888,0.4245,0.432,64306.2,0.0
1783967129,btc,1784880000000,75000.0,call,44.28,0.00014936,0.0001,0.0002,61966.15,162.9
1783967129,btc,1785484800000,63000.0,put,35.43,0.03989365,0.039,0.0405,62007.83,805.5
1783967129,btc,1785484800000,110000.0,put,68.07,0.77396208,0.7685,0.7815,62007.83,46.3
1783967129,btc,1785484800000,96000.0,call,57.73,1.115e-05,,0.0001,62007.83,291.8
1783967129,btc,1785484800000,102000.0,call,63.21,7.25e-06,,0.0001,62007.83,460.8
1783967129,btc,1806048000000,82000.0,put,40.71,0.33936613,0.3365,0.344,63636.34,3.8
1783967129,btc,1798185600000,64000.0,call,41.33,0.10343042,0.1025,0.104,62993.62,379.5
1783967129,btc,1806048000000,95000.0,put,40.71,0.51712728,0.5125,0.5445,63636.88,0.6
1783967129,btc,1785484800000,110000.0,call,68.07,2.86e-06,,0.0001,62007.24,194.2
1783967129,btc,1798185600000,95000.0,call,39.58,0.00854831,0.008,0.009,62993.62,1297.6
1783967129,btc,1785484800000,120000.0,put,77.21,0.93523086,0.928,1.005,62007.83,4.0
1783967129,btc,1790323200000,95000.0,call,40.56,0.00080186,0.0007,0.001,62407.86,1849.3
1783967129,btc,1790323200000,35000.0,call,69.16,0.44198043,0.4405,0.4435,62407.86,29.3
1783967129,btc,1798185600000,240000.0,put,61.45,2.81003547,2.6815,2.95,62993.62,0.0
1783967129,btc,1787904000000,86000.0,put,39.96,0.38371936,0.3795,0.391,62178.04,0.0
1783967129,btc,1813910400000,105000.0,call,41.76,0.02847369,0.0275,0.029,64306.91,12.2
1783967129,btc,1798185600000,86000.0,put,39.21,0.3829971,0.379,0.3875,62993.62,23.4
1783967129,btc,1787904000000,79000.0,call,35.37,0.0014909,0.0013,0.0016,62178.04,78.9
1783967129,btc,1790323200000,200000.0,call,72.81,2.629e-05,,0.001,62407.86,1000.2
1783967129,btc,1787904000000,78000.0,put,34.86,0.25622219,0.2525,0.2635,62178.04,4.1
1783967129,btc,1806048000000,150000.0,put,45.55,1.35958333,1.278,1.453,63636.88,0.5
1783967129,btc,1784016000000,61500.0,call,38.01,0.00979048,0.009,0.0105,61897.04,5.9
1783967129,btc,1790323200000,45000.0,put,53.34,0.0079977,0.0075,0.0085,62407.86,1966.3
1783967129,btc,1806048000000,110000.0,call,41.24,0.01077867,0.01,0.0115,63636.34,520.3
1783967129,btc,1790323200000,145000.0,call,63.13,0.00017906,0.0001,0.0003,62408.25,495.0
1783967129,btc,1806048000000,125000.0,call,42.56,0.00550888,0.005,0.006,63636.34,117.4
1783967129,btc,1784016000000,66500.0,call,53.44,1.87e-06,,0.0001,61897.04,67.3
1783967129,btc,1784016000000,72000.0,call,53.47,0.0,,0.0001,61897.04,30.3
1783967129,btc,1798185600000,150000.0,put,50.26,1.38202091,1.301,1.4725,62994.01,2.1
1783967129,btc,1813910400000,120000.0,put,42.01,0.8813389,0.876,0.8895,64306.2,0.0
1783967129,btc,1790323200000,160000.0,call,64.17,6.559e-05,,0.0001,62407.86,1452.2
1783967129,btc,1784016000000,63500.0,put,39.03,0.02607682,0.0215,0.03,61897.04,46.6
1783967129,btc,1813910400000,64000.0,put,43.93,0.16670349,0.1655,0.168,64306.91,1.2
1783967129,btc,1784880000000,67000.0,call,33.02,0.00218594,0.0019,0.0022,61966.15,551.7
1783967129,btc,1813910400000,95000.0,call,41.71,0.04382367,0.043,0.0445,64306.2,5.5
1783967129,btc,1798185600000,98000.0,call,40.08,0.00701057,0.0065,0.007,62994.01,208.0
1783967129,btc,1785484800000,93000.0,put,54.17,0.49981396,0.4935,0.508,62007.83,0.5
1783967129,btc,1784188800000,65000.0,call,36.72,0.00078055,0.0007,0.0009,61897.04,8.6
1783967129,btc,1798185600000,108000.0,put,41.41,0.71806935,0.7125,0.7275,62994.01,0.0
1783967129,btc,1813910400000,74000.0,put,42.55,0.26184388,0.2595,0.266,64306.91,0.0
1783967129,btc,1787904000000,94000.0,put,45.64,0.51209482,0.5055,0.5205,62178.46,0.0
1783967129,btc,1790323200000,86000.0,call,36.85,0.00193604,0.0018,0.0021,62408.25,634.3
1783967129,btc,1798185600000,115000.0,call,42.73,0.00250028,0.0022,0.0028,62993.62,2339.1
1783967129,btc,1785484800000,64000.0,put,34.67,0.04950768,0.048,0.051,62007.83,846.2
1783967129,btc,1785484800000,93000.0,call,54.17,1.208e-05,,0.0001,62007.83,106.0
1783967129,btc,1806048000000,140000.0,put,44.4,1.20330282,1.126,1.2925,63636.34,0.0
1783967129,btc,1798185600000,80000.0,put,39.21,0.29918145,0.296,0.3025,62993.62,952.0
1783967129,btc,1790323200000,56000.0,put,41.67,0.0308445,0.0305,0.0315,62407.86,959.3
1783967129,btc,1784275200000,67000.0,call,39.4,0.00032615,0.0002,0.0004,61933.17,277.3
1783967129,btc,1787904000000,50000.0,put,48.65,0.007487,0.007,0.008,62178.04,1313.7
1783967129,btc,1785484800000,59000.0,call,39.93,0.06368813,0.0615,0.065,62007.83,197.5
1783967129,btc,1806048000000,70000.0,put,41.82,0.20114479,0.1995,0.2025,63636.88,83.7
1783967129,btc,1813910400000,86000.0,call,41.8,0.06498555,0.064,0.066,64306.2,0.6
1783967129,btc,1785484800000,86000.0,put,49.74,0.38696308,0.3815,0.394,62007.83,15.2
1783967129,btc,1806048000000,64000.0,call,42.88,0.13993156,0.139,0.141,63636.34,35.6
1783967129,btc,1798185600000,82000.0,put,39.21,0.3265271,0.323,0.33,62994.01,157.7
1783967129,btc,1787904000000,78000.0,call,34.86,0.00177553,0.0016,0.002,62178.04,232.1
1783967129,btc,1784102400000,64500.0,call,38.66,0.00058359,0.0005,0.0007,61897.04,51.7
1783967129,btc,1784275200000,68000.0,put,42.28,0.09815783,0.094,0.104,61933.17,9.7
1783967129,btc,1798185600000,90000.0,put,39.34,0.44153547,0.4375,0.4465,62994.01,590.5
1783967129,btc,1785484800000,95000.0,call,56.37,1.089e-05,,0.0001,62007.83,135.8
1783967129,btc,1787904000000,92000.0,call,43.66,0.00033172,0.0003,0.0006,62178.04,45.3
1783967129,btc,1806048000000,50000.0,call,47.47,0.2723628,0.27,0.274,63636.34,20.5
1783967129,btc,1785484800000,78000.0,put,43.52,0.2581864,0.254,0.263,62007.83,433.6
1783967129,btc,1787904000000,79000.0,put,35.37,0.2720202,0.267,0.279,62178.04,0.3
1783967129,btc,1813910400000,140000.0,put,43.24,1.18481385,1.1065,1.2795,64306.91,0.0
1783967129,btc,1798185600000,180000.0,put,55.37,1.85786753,1.761,1.9645,62994.01,0.0
1783967129,btc,1787904000000,88000.0,put,41.58,0.41580145,0.411,0.4235,62178.04,0.0
1783967129,btc,1785484800000,98000.0,put,60.4,0.58044804,0.574,0.5885,62007.83,0.1
1783967129,btc,1784275200000,55000.0,put,55.49,0.00027928,0.0002,0.0004,61933.17,449.6
1783967129,btc,1787904000000,96000.0,put,47.65,0.54426003,0.538,0.554,62178.04,0.1
1783967129,btc,1784016000000,58000.0,call,66.21,0.06313687,0.0295,0.0955,61897.04,0.0
1783967129,btc,1784188800000,59000.0,call,44.67,0.04895285,0.0445,0.061,61897.04,0.0
1783967129,btc,1787904000000,86000.0,call,39.96,0.00061151,0.0005,0.0008,62178.04,128.4
1783967129,btc,1813910400000,76000.0,call,42.36,0.10164447,0.101,0.1025,64306.2,12.2
1783967129,btc,1798185600000,35000.0,put,61.84,0.01080314,0.0105,0.011,62993.62,2303.7
1783967129,btc,1785484800000,75000.0,put,39.83,0.21001877,0.206,0.215,62007.83,226.3
1783967129,btc,1784016000000,65500.0,put,49.71,0.05807801,0.0525,0.0965,61897.04,0.0
1783967129,btc,1784016000000,62500.0,call,35.96,0.00211963,0.0019,0.0023,61897.04,48.7
1783967129,btc,1790323200000,150000.0,put,64.11,1.40367232,1.3225,1.4925,62407.86,0.7
1783967129,btc,1784880000000,61000.0,call,37.14,0.0335648,0.0325,0.0345,61965.73,9.9
1783967129,btc,1784275200000,56000.0,put,52.27,0.00047728,0.0004,0.0006,61932.78,1402.2
1783967129,btc,1787904000000,57000.0,call,40.71,0.10631281,0.1045,0.108,62178.04,26.3
1783967129,btc,1806048000000,50000.0,put,47.47,0.05807589,0.0575,0.059,63636.34,2035.3
1783967129,btc,1806048000000,190000.0,call,50.23,0.00103454,0.0008,0.0015,63636.34,883.4
1783967129,btc,1784880000000,57000.0,call,43.63,0.0847773,0.0825,0.0865,61966.15,0.0
1783967129,btc,1785484800000,76000.0,put,40.88,0.22604257,0.222,0.231,62007.24,456.7
1783967129,btc,1798185600000,110000.0,call,41.77,0.00322935,0.003,0.0035,62993.62,2643.1
1783967129,btc,1787904000000,48000.0,put,51.32,0.00548483,0.005,0.006,62178.04,775.8
1783967129,btc,1784016000000,60000.0,put,47.66,0.00036708,0.0004,0.0005,61897.04,134.6
1783967129,btc,1785484800000,104000.0,call,63.39,4.31e-06,,0.0001,62007.83,511.1
1783967129,btc,1784102400000,61500.0,put,39.2,0.00717546,0.007,0.0075,61897.04,30.2
1783967129,btc,1790323200000,88000.0,put,37.6,0.41161129,0.407,0.427,62408.25,4.8
1783967129,btc,1784188800000,63500.0,put,35.83,0.02884092,0.0255,0.0325,61897.04,39.5
1783967129,btc,1784275200000,50000.0,call,76.79,0.19272139,0.189,0.196,61933.17,0.1
1783967129,btc,1784102400000,63000.0,put,37.25,0.02091135,0.0175,0.024,61897.04,5.6
1783967129,btc,1806048000000,76000.0,put,41.05,0.26606086,0.264,0.2695,63636.34,19.6
1783967129,btc,1784102400000,69000.0,call,49.1,3.35e-06,,0.0001,61897.04,1.4
1783967129,btc,1790323200000,76000.0,call,34.79,0.00849316,0.008,0.0085,62408.25,1119.2
1783967129,btc,1790323200000,110000.0,call,48.65,0.00042886,0.0003,0.0005,62407.86,1446.0
1783967129,btc,1798185600000,82000.0,call,39.21,0.02480777,0.024,0.025,62994.01,448.1
1783967129,btc,1784102400000,57000.0,put,55.51,0.00013665,0.0001,0.0002,61897.04,10.3
1783967129,btc,1784102400000,64000.0,call,37.71,0.00105431,0.0009,0.0011,61897.04,50.5
1783967129,btc,1784880000000,64000.0,call,33.77,0.01046715,0.01,0.0105,61966.15,314.5
1783967129,btc,1784016000000,63000.0,put,36.9,0.01849387,0.015,0.0215,61897.04,131.4
1783967129,btc,1784275200000,70000.0,put,46.38,0.13031486,0.1265,0.137,61933.17,0.1
1783967129,btc,1790323200000,55000.0,put,42.42,0.02709755,0.027,0.0275,62407.86,3596.2
1783967129,btc,1798185600000,130000.0,put,45.98,1.06510242,0.9945,1.1455,62993.62,52.1
1783967129,btc,1798185600000,106000.0,call,41.03,0.00403825,0.0038,0.0043,62994.01,263.0
1783967129,btc,1784880000000,73000.0,call,40.31,0.00020903,0.0002,0.0003,61966.15,35.5
1783967129,btc,1784880000000,65000.0,put,32.9,0.05522992,0.053,0.0575,61966.15,69.9
1783967129,btc,1798185600000,30000.0,call,68.4,0.53072944,0.5295,0.532,62993.62,289.3
1783967129,btc,1798185600000,180000.0,call,55.37,0.00043485,0.0003,0.0006,62993.62,922.6
1783967129,btc,1785484800000,68000.0,put,33.73,0.1005745,0.098,0.1035,62007.83,426.4
1783967129,btc,1790323200000,74000.0,put,34.91,0.19772817,0.195,0.201,62408.25,110.7
1783967129,btc,1798185600000,106000.0,put,41.03,0.68674861,0.681,0.6955,62994.01,0.1
1783967129,btc,1787904000000,84000.0,put,38.49,0.35168808,0.347,0.358,62178.04,0.6
1783967129,btc,1806048000000,88000.0,put,40.68,0.4190199,0.415,0.4345,63636.88,4.4
1783967129,btc,1784102400000,60500.0,put,41.78,0.00298748,0.0027,0.0031,61897.04,1.0
1783967129,btc,1785484800000,89000.0,call,49.75,1.595e-05,,0.0001,62007.24,256.2
1783967129,btc,1785484800000,57000.0,put,42.43,0.00888255,0.0085,0.009,62007.83,397.5
1783967129,btc,1798185600000,62000.0,put,41.9,0.10328784,0.1025,0.104,62993.62,687.7
1783967129,btc,1790323200000,45000.0,call,53.34,0.28693896,0.285,0.289,62407.86,153.4
1783967129,btc,1785484800000,52000.0,call,50.22,0.16375566,0.1615,0.1655,62007.83,0.5
1783967129,btc,1784102400000,62000.0,put,38.12,0.01062866,0.01,0.011,61897.04,19.7
1783967129,btc,1806048000000,200000.0,call,50.74,0.00078958,0.0007,0.001,63636.34,498.6
1783967129,btc,1785484800000,96000.0,put,57.73,0.54819374,0.542,0.556,62007.83,0.1
1783967129,btc,1798185600000,140000.0,put,47.91,1.22345093,1.148,1.309,62993.62,0.2
1783967129,btc,1790323200000,125000.0,put,56.28,1.00326131,0.9355,1.0785,62407.86,22.7
1783967129,btc,1784102400000,61000.0,call,40.28,0.01951018,0.0165,0.022,61897.04,20.0
1783967129,btc,1787904000000,92000.0,put,43.66,0.47993546,0.4745,0.488,62178.04,1.3
1783967129,btc,1784016000000,60000.0,call,47.66,0.0311459,0.027,0.036,61897.04,0.0
1783967129,btc,1806048000000,102000.0,put,40.94,0.61940428,0.615,0.6415,63636.34,0.0
1783967129,btc,1787904000000,75000.0,put,33.91,0.20951731,0.206,0.213,62178.04,34.1
1783967129,btc,1806048000000,96000.0,call,40.72,0.0229352,0.022,0.0235,63636.34,124.5
1783967129,btc,1790323200000,98000.0,put,42.64,0.57104453,0.565,0.5805,62407.86,0.1
1783967129,btc,1790323200000,40000.0,call,61.0,0.3638385,0.362,0.3655,62407.86,35.3
1783967129,btc,1787904000000,77000.0,call,34.58,0.0021957,0.002,0.0023,62178.04,114.0
1783967129,btc,1813910400000,100000.0,put,41.74,0.59037513,0.586,0.595,64306.2,0.0
1783967129,btc,1790323200000,155000.0,call,64.17,9.729e-05,,0.0001,62408.25,362.8
1783967129,btc,1785484800000,45000.0,put,59.37,0.00024986,0.0002,0.0003,62007.24,1087.7
1783967129,btc,1787904000000,82000.0,put,37.1,0.31972036,0.315,0.327,62178.04,0.0
1783967129,btc,1784016000000,68000.0,put,53.44,0.09845069,0.0925,0.138,61897.04,0.0
1783967129,btc,1790323200000,68000.0,put,35.67,0.12080342,0.1195,0.1225,62407.86,628.9
1783967129,btc,1798185600000,70000.0,put,40.09,0.17714575,0.1755,0.179,62993.62,1045.0
1783967129,btc,1784880000000,70000.0,put,35.51,0.13018116,0.126,0.1365,61966.15,0.0
1783967129,btc,1798185600000,125000.0,call,44.81,0.00164128,0.0014,0.0019,62993.62,596.7
1783967129,btc,1806048000000,95000.0,call,40.71,0.0242724,0.0235,0.0245,63636.88,161.0
1783967129,btc,1813910400000,40000.0,put,52.92,0.03851687,0.038,0.039,64306.2,445.2
1783967129,btc,1798185600000,70000.0,call,40.09,0.06592193,0.0655,0.0665,62993.62,1006.1
1783967129,btc,1785484800000,79000.0,call,44.85,0.0002504,0.0002,0.0003,62007.83,476.2
1783967129,btc,1798185600000,30000.0,put,68.4,0.00696823,0.0065,0.0075,62994.01,2130.3
1783967129,btc,1790323200000,140000.0,call,60.82,0.0001791,0.0001,0.0003,62407.86,1182.1
1783967129,btc,1813910400000,95000.0,put,41.71,0.52111621,0.517,0.543,64306.2,20.0
1783967129,btc,1798185600000,100000.0,call,40.22,0.00601626,0.0055,0.0065,62994.01,3686.9
1783967129,btc,1784188800000,64500.0,call,36.18,0.00128819,0.0011,0.0014,61897.04,34.4
1783967129,btc,1813910400000,82000.0,put,41.97,0.35286488,0.35,0.357,64306.2,0.1
1783967129,btc,1790323200000,180000.0,put,70.84,1.8842955,1.787,1.99,62407.86,7.3
1783967129,btc,1785484800000,74000.0,put,38.47,0.19399512,0.19,0.1985,62007.24,130.7
1783967129,btc,1785484800000,85000.0,put,49.74,0.37085816,0.366,0.3775,62007.83,22.2
1783967129,btc,1784102400000,70000.0,call,52.7,1.73e-06,,0.0001,61897.04,3.9
1783967129,btc,1806048000000,62000.0,put,43.3,0.12940978,0.128,0.1305,63636.34,248.8
1783967129,btc,1790323200000,102000.0,put,44.02,0.63492609,0.629,0.6455,62407.86,0.4
1783967129,btc,1787904000000,59000.0,call,38.98,0.0828911,0.082,0.084,62178.04,400.0
1783967129,btc,1784102400000,65000.0,call,39.95,0.0003327,0.0002,0.0004,61897.04,333.3
1783967129,btc,1798185600000,105000.0,call,40.89,0.00430641,0.004,0.0046,62993.62,841.1
1783967129,btc,1784880000000,66000.0,call,33.01,0.00379853,0.0035,0.0038,61966.15,1255.6
1783967129,btc,1784016000000,61500.0,put,38.01,0.00324219,0.0031,0.0035,61897.04,203.3
1783967129,btc,1798185600000,52000.0,call,46.18,0.22033324,0.2185,0.222,62993.62,0.0
1783967129,btc,1798185600000,58000.0,put,43.34,0.07588527,0.075,0.0765,62993.62,1867.5
1783967129,btc,1785484800000,79000.0,put,44.85,0.27427565,0.2705,0.28,62007.83,144.8
1783967129,btc,1790323200000,145000.0,put,63.13,1.32359058,1.245,1.4095,62408.25,0.2
1783967129,btc,1784275200000,64000.0,put,35.88,0.03683021,0.0345,0.0385,61933.17,229.9
1783967129,btc,1784880000000,70000.0,call,35.51,0.00051902,0.0004,0.0006,61965.73,1378.6
1783967129,btc,1784880000000,55000.0,call,47.13,0.11468707,0.1125,0.1165,61966.15,0.0
1783967129,btc,1784188800000,62000.0,call,37.19,0.01186606,0.0115,0.0125,61897.04,0.8
1783967129,btc,1787904000000,105000.0,put,52.83,0.68885804,0.682,0.7055,62178.04,0.0
1783967129,btc,1798185600000,94000.0,put,39.54,0.50149432,0.497,0.507,62993.62,5.2
1783967129,btc,1785484800000,66000.0,put,33.62,0.07280232,0.0705,0.0755,62007.83,426.8
1783967129,btc,1798185600000,220000.0,call,60.34,0.0002085,0.0001,0.0003,62994.01,254.1
1783967129,btc,1806048000000,80000.0,call,40.82,0.05707631,0.0565,0.0575,63636.34,898.5
1783967129,btc,1784016000000,68000.0,call,53.44,2e-08,,0.0001,61897.04,66.5
1783967129,btc,1790323200000,175000.0,put,69.12,1.80417732,1.7095,1.907,62407.86,0.2
1783967129,btc,1784275200000,70000.0,call,46.38,5.682e-05,,0.0001,61933.17,1404.0
1783967129,btc,1813910400000,66000.0,call,43.6,0.15759512,0.1565,0.159,64306.91,21.7
1783967129,btc,1798185600000,56000.0,put,44.19,0.06444793,0.064,0.065,62993.62,128.4
1783967129,btc,1787904000000,75000.0,call,33.91,0.0033186,0.0031,0.0034,62178.04,1598.3
1783967129,btc,1790323200000,75000.0,put,34.91,0.21193285,0.209,0.2155,62407.86,2968.9
1783967129,btc,1813910400000,66000.0,put,43.6,0.18392467,0.1825,0.185,64306.91,28.4
1783967129,btc,1798185600000,94000.0,call,39.54,0.00927947,0.009,0.0095,62993.62,113.0
1783967129,btc,1784102400000,66500.0,call,47.89,0.00012803,0.0001,0.0002,61897.04,4.9
1783967129,btc,1784275200000,65000.0,call,36.06,0.00147332,0.0013,0.0016,61932.78,1297.3
1783967129,btc,1798185600000,140000.0,call,47.91,0.00100328,0.0008,0.0012,62994.01,1470.2
1783967129,btc,1784188800000,67000.0,call,41.78,0.00015515,0.0001,0.0002,61897.04,1.0
1783967129,btc,1787904000000,72000.0,call,33.91,0.00687439,0.006,0.007,62178.46,1679.0
1783967129,btc,1790323200000,90000.0,call,38.37,0.00124271,0.0011,0.0014,62407.86,3030.1
1783967129,btc,1790323200000,56000.0,call,41.67,0.13352695,0.1315,0.1355,62407.86,12.2
1783967129,btc,1784188800000,66500.0,put,39.7,0.07404819,0.068,0.114,61897.04,0.0
1783967129,btc,1798185600000,76000.0,put,39.32,0.24694097,0.244,0.2495,62993.62,121.0
1783967129,btc,1798185600000,250000.0,call,61.71,9.306e-05,,0.0002,62993.62,1253.0
1783967129,btc,1813910400000,85000.0,call,41.83,0.06795478,0.067,0.069,64306.91,5.6
1783967129,btc,1813910400000,45000.0,put,50.04,0.05425122,0.0535,0.055,64306.2,61.7
1783967129,btc,1790323200000,62000.0,call,38.01,0.07109983,0.0705,0.0715,62408.25,657.0
1783967129,btc,1785484800000,58000.0,put,41.24,0.01170267,0.011,0.012,62007.83,1439.7
1783967129,btc,1806048000000,70000.0,call,41.82,0.10114645,0.1005,0.102,63636.34,747.9
1783967129,btc,1784880000000,63000.0,put,34.55,0.03292573,0.032,0.0335,61966.15,266.5
1783967129,btc,1813910400000,160000.0,put,44.74,1.49254572,1.4055,1.595,64306.91,0.0
1783967129,btc,1785484800000,67000.0,call,33.76,0.00587363,0.0055,0.006,62007.24,1539.0
1783967129,btc,1790323200000,70000.0,call,35.29,0.02294634,0.0225,0.0235,62407.86,1932.3
1783967129,btc,1784102400000,62500.0,call,37.66,0.00589952,0.0055,0.006,61897.04,11.2
1783967129,btc,1784880000000,55000.0,put,47.13,0.00227875,0.0021,0.0025,61966.15,201.0
1783967129,btc,1784880000000,63000.0,call,34.55,0.01622981,0.0155,0.0165,61966.15,282.8
1783967129,btc,1784275200000,59000.0,call,43.04,0.04998311,0.0475,0.052,61933.17,140.8
1783967129,btc,1787904000000,88000.0,call,41.58,0.0005283,0.0004,0.0005,62178.04,173.9
1783967129,btc,1785484800000,82000.0,put,47.89,0.3225516,0.3185,0.328,62007.83,93.8
1783967129,btc,1784188800000,65500.0,call,37.87,0.00050675,0.0004,0.0006,61897.04,7.5
1783967129,btc,1790323200000,260000.0,put,78.83,3.1661216,3.0255,3.3175,62407.86,0.0
1783967129,btc,1787904000000,55000.0,put,42.59,0.01653303,0.016,0.017,62178.46,509.3
1783967129,btc,1787904000000,77000.0,put,34.58,0.24055971,0.2355,0.247,62178.04,3.2
1783967129,btc,1806048000000,85000.0,call,40.63,0.04272492,0.042,0.0435,63636.34,30.5
1783967129,btc,1785484800000,48000.0,put,55.72,0.00070476,0.0006,0.0008,62007.24,1465.4
1783967129,btc,1785484800000,55000.0,call,45.43,0.1182355,0.116,0.12,62007.83,11.6
1783967129,btc,1785484800000,80000.0,put,45.51,0.29034517,0.2865,0.2955,62007.83,385.4
1783967129,btc,1806048000000,45000.0,put,50.19,0.04006696,0.0395,0.041,63636.34,111.0
1783967129,btc,1798185600000,110000.0,put,41.77,0.74943821,0.7435,0.7575,62994.01,54.1
1783967129,btc,1784102400000,58000.0,put,50.49,0.00028864,0.0002,0.0004,61897.04,6.0
1783967129,btc,1785484800000,71000.0,put,35.21,0.14633517,0.1425,0.1505,62007.83,109.5
1783967129,btc,1787904000000,67000.0,put,34.2,0.09806261,0.096,0.1,62178.04,91.2
1783967129,btc,1806048000000,52000.0,put,46.59,0.06710059,0.0665,0.068,63636.34,63.5
1783967129,btc,1785484800000,115000.0,put,72.75,0.85459646,0.848,0.8655,62007.83,3.4
1783967129,btc,1798185600000,65000.0,put,41.14,0.12825245,0.127,0.129,62994.01,538.7
1783967129,btc,1784102400000,63500.0,put,37.32,0.02746569,0.0235,0.0315,61897.04,115.9
1783967129,btc,1785484800000,83000.0,call,49.72,0.00014588,,0.0002,62007.83,1234.7
1783967129,btc,1784102400000,71000.0,put,53.14,0.14664702,0.1085,0.1885,61897.04,0.0
1783967129,btc,1784880000000,58000.0,call,41.87,0.07056207,0.0685,0.0725,61966.15,0.0
1783967129,btc,1784188800000,70000.0,put,45.73,0.13037495,0.124,0.172,61897.04,0.0
1783967129,btc,1785484800000,69000.0,call,33.83,0.00262837,0.0025,0.0027,62007.83,1746.8
1783967129,btc,1813910400000,130000.0,call,42.62,0.01076508,0.01,0.0115,64306.2,64.8
1783967129,btc,1787904000000,63000.0,put,36.25,0.05827521,0.0575,0.059,62178.04,200.7
1783967129,btc,1787904000000,110000.0,put,52.92,0.7691704,0.762,0.779,62178.04,0.0
1783967129,btc,1798185600000,40000.0,call,56.07,0.38143088,0.3795,0.3835,62993.62,250.8
1783967129,btc,1813910400000,60000.0,put,44.88,0.13585021,0.134,0.137,64306.91,319.7
1783967129,btc,1784275200000,68000.0,call,42.28,0.00019287,0.0001,0.0002,61933.17,1517.9
1783967129,btc,1798185600000,125000.0,put,44.81,0.98596953,0.979,1.064,62993.62,8.4
1783967129,btc,1798185600000,135000.0,put,47.06,1.14427564,1.071,1.227,62993.62,0.6
1783967129,btc,1806048000000,105000.0,call,40.98,0.01397202,0.013,0.0145,63636.34,158.2
1783967129,btc,1784880000000,67000.0,put,33.02,0.08343398,0.081,0.086,61966.15,0.0
1783967129,btc,1806048000000,100000.0,put,40.79,0.58973885,0.585,0.609,63636.88,12.1
1783967129,btc,1787904000000,58000.0,put,39.81,0.02705921,0.0265,0.0275,62178.04,622.9
1783967129,btc,1785484800000,65000.0,call,34.06,0.01226111,0.0115,0.0125,62007.83,2163.2
1783967129,btc,1784016000000,62000.0,put,36.8,0.00658159,0.006,0.007,61897.04,147.0
1783967129,btc,1787904000000,81000.0,put,36.3,0.30374421,0.2985,0.3105,62178.04,0.1
1783967129,btc,1785484800000,100000.0,put,62.96,0.61270219,0.608,0.6195,62007.24,99.5
1783967129,btc,1785484800000,106000.0,put,64.33,0.70945475,0.703,0.7185,62007.24,0.0
1783967129,btc,1806048000000,110000.0,put,41.24,0.73934748,0.7345,0.7515,63636.34,1.8
1783967129,btc,1813910400000,130000.0,put,42.62,1.03232328,1.0,1.1235,64306.2,0.0
1783967129,btc,1785484800000,54000.0,put,47.01,0.00401044,0.0038,0.0041,62007.83,1358.0
1783967129,btc,1806048000000,52000.0,call,46.59,0.24995897,0.2475,0.2515,63636.34,5.1
1783967129,btc,1790323200000,90000.0,put,38.37,0.4433602,0.438,0.4505,62407.86,587.5
1783967129,btc,1784188800000,60500.0,put,40.51,0.00490966,0.0046,0.0055,61897.04,1.0
1783967129,btc,1784016000000,59000.0,put,55.72,0.00010744,0.0001,0.0002,61897.04,59.8
1783967129,btc,1813910400000,50000.0,put,47.82,0.07524629,0.074,0.0765,64306.2,11.4
1783967129,btc,1790323200000,320000.0,put,85.42,4.1275307,3.9545,4.3135,62407.86,0.1
1783967129,btc,1784102400000,59000.0,call,46.37,0.04785749,0.043,0.0575,61897.04,0.0
1783967129,btc,1806048000000,68000.0,call,42.14,0.11299142,0.112,0.1135,63636.34,38.6
1783967129,btc,1785484800000,81000.0,put,46.17,0.30642914,0.3025,0.312,62007.83,114.0
1783967129,btc,1798185600000,52000.0,put,46.18,0.0458138,0.045,0.0465,62993.62,65.0
1783967129,btc,1784275200000,60000.0,call,41.1,0.03617992,0.034,0.038,61933.17,210.5
1783967129,btc,1784102400000,64000.0,put,37.71,0.0346513,0.03,0.0385,61897.04,6.5
1783967129,btc,1785484800000,88000.0,put,49.74,0.41919072,0.4135,0.427,62007.83,2.1
1783967129,btc,1790323200000,94000.0,call,40.2,0.00088391,0.0007,0.0011,62407.86,150.5
1783967129,btc,1784016000000,63000.0,call,36.9,0.00081163,0.0006,0.0009,61897.04,119.6
1783967129,btc,1785484800000,74000.0,call,38.47,0.00060438,0.0005,0.0007,62007.24,570.2
1783967129,btc,1798185600000,96000.0,call,39.77,0.00802271,0.0075,0.0085,62993.62,306.0
1783967129,btc,1787904000000,83000.0,call,37.83,0.00084137,0.0007,0.001,62178.04,238.2
1783967129,btc,1798185600000,68000.0,call,40.47,0.07703099,0.0765,0.0775,62993.62,452.8
1783967129,btc,1813910400000,40000.0,call,52.92,0.41649895,0.415,0.4185,64306.91,0.1
1783967129,btc,1787904000000,74000.0,call,33.83,0.00421317,0.004,0.0043,62178.04,648.6
1783967129,btc,1790323200000,94000.0,put,40.2,0.50709551,0.502,0.517,62408.25,1.3
1783967129,btc,1806048000000,100000.0,call,40.79,0.01831266,0.0175,0.019,63636.34,541.3
1783967129,btc,1806048000000,68000.0,put,42.14,0.18156123,0.18,0.183,63636.34,65.6
1783967129,btc,1784188800000,62000.0,put,37.19,0.0130485,0.0125,0.0135,61897.04,15.3
1783967129,btc,1784275200000,50000.0,put,76.79,4.856e-05,,0.0001,61933.17,443.8
1783967129,btc,1784880000000,50000.0,put,56.91,0.00040607,0.0003,0.0005,61966.15,257.3
1783967129,btc,1784016000000,67000.0,put,53.44,0.08229743,0.077,0.1215,61897.04,0.0
1783967129,btc,1813910400000,52000.0,put,47.08,0.08528819,0.0845,0.0865,64306.91,5.3
1783967129,btc,1790323200000,78000.0,put,34.77,0.25583014,0.2525,0.26,62407.86,635.6
1783967129,btc,1787904000000,67000.0,call,34.2,0.0205251,0.02,0.021,62178.46,550.5
1783967129,btc,1806048000000,125000.0,put,42.56,0.96979162,0.964,1.053,63636.34,0.0
1783967129,btc,1806048000000,115000.0,call,41.66,0.00852573,0.008,0.009,63636.34,764.1
1783967129,btc,1806048000000,86000.0,call,40.67,0.04049371,0.0395,0.041,63636.34,110.8
1783967129,btc,1787904000000,46000.0,call,54.3,0.26429264,0.261,0.2665,62178.04,1.0
1783967129,btc,1784016000000,67000.0,call,53.44,4.4e-07,,0.0001,61897.04,50.4
1783967129,btc,1813910400000,80000.0,put,42.11,0.32918402,0.3265,0.3325,64306.91,0.3
1783967129,btc,1798185600000,55000.0,put,44.64,0.05927556,0.0585,0.06,62993.62,991.6
1783967129,btc,1790323200000,98000.0,call,42.64,0.00073882,0.0006,0.0009,62408.25,268.3
1783967129,btc,1813910400000,30000.0,put,61.09,0.01870143,0.018,0.0195,64306.2,124.7
1783967129,btc,1790323200000,100000.0,put,43.39,0.60298132,0.5965,0.61,62408.25,272.4
1783967129,btc,1787904000000,64000.0,call,35.57,0.03752201,0.037,0.038,62178.04,398.9
1783967129,btc,1790323200000,102000.0,call,44.02,0.00052626,0.0004,0.0006,62407.86,59.2
1783967129,btc,1787904000000,71000.0,call,33.74,0.00850775,0.008,0.0085,62178.46,703.6
1783967129,btc,1806048000000,102000.0,call,40.94,0.01654957,0.016,0.017,63636.34,105.8
1783967129,btc,1798185600000,78000.0,put,39.2,0.27252147,0.2695,0.276,62994.01,234.3
1783967129,btc,1787904000000,71000.0,put,33.74,0.1503774,0.148,0.1525,62178.04,7.6
1783967129,btc,1813910400000,76000.0,put,42.36,0.2834785,0.281,0.2865,64306.2,0.1
1783967129,btc,1790323200000,80000.0,call,35.14,0.00439858,0.0044,0.0046,62407.86,3420.2
1783967129,btc,1784102400000,60500.0,call,41.78,0.02591533,0.0125,0.0395,61897.04,0.0
1783967129,btc,1813910400000,78000.0,call,42.22,0.09299107,0.092,0.094,64306.91,3.9
1783967129,btc,1787904000000,58000.0,call,39.81,0.09426554,0.0925,0.096,62178.04,163.8
1783967129,btc,1785484800000,72000.0,put,36.31,0.16214716,0.1585,0.1665,62007.83,365.0
1783967129,btc,1813910400000,62000.0,call,44.34,0.18649079,0.185,0.188,64306.2,93.4
1783967129,btc,1790323200000,92000.0,put,39.28,0.4752062,0.47,0.4855,62407.86,4.0
1783967129,btc,1806048000000,58000.0,call,44.42,0.18951411,0.1875,0.1905,63636.34,5.1
1783967129,btc,1806048000000,94000.0,call,40.7,0.02568711,0.025,0.026,63636.34,123.1
1783967129,btc,1784102400000,67000.0,call,48.39,6.854e-05,,0.0001,61897.04,15.1
1783967129,btc,1787904000000,53000.0,put,44.85,0.0119873,0.0115,0.0125,62178.46,164.4
1783967129,btc,1806048000000,72000.0,call,41.52,0.09035155,0.0895,0.091,63636.34,55.1
1783967129,btc,1813910400000,50000.0,call,47.82,0.2977239,0.2955,0.3,64306.2,16.2
1783967129,btc,1798185600000,55000.0,call,44.64,0.18617113,0.1845,0.188,62993.62,42.8
1783967129,btc,1784188800000,61000.0,put,39.16,0.00686416,0.0065,0.0075,61897.04,11.1
1783967129,btc,1790323200000,52000.0,call,45.14,0.18528546,0.183,0.187,62408.25,75.0
1783967129,btc,1785484800000,90000.0,put,50.58,0.45143481,0.4455,0.4595,62007.83,14.9
1783967129,btc,1784188800000,58000.0,put,48.25,0.00086941,0.0008,0.001,61897.04,12.2
1783967129,btc,1798185600000,240000.0,call,61.45,0.00012522,0.0001,0.0003,62993.62,875.5
1783967129,btc,1787904000000,69000.0,put,33.91,0.12310599,0.1205,0.1255,62178.04,24.4
1783967129,btc,1785484800000,105000.0,call,63.57,3.4e-06,,0.0001,62007.83,516.1
1783967129,btc,1784016000000,64500.0,put,44.89,0.04197459,0.0125,0.08,61897.04,0.1
1783967129,btc,1806048000000,66000.0,put,42.54,0.16321423,0.1615,0.1645,63636.34,113.7
1783967129,btc,1798185600000,75000.0,call,39.4,0.04394249,0.0435,0.0445,62994.01,1310.3
1783967129,btc,1784880000000,54000.0,put,48.93,0.00159219,0.0014,0.0017,61966.15,518.4
1783967129,btc,1784188800000,66500.0,call,39.7,0.00019928,0.0001,0.0003,61897.04,50.2
1783967129,btc,1806048000000,35000.0,put,58.14,0.01869448,0.0185,0.0195,63636.34,431.2
1783967129,btc,1784880000000,65000.0,call,32.9,0.00625794,0.006,0.0065,61966.15,588.4
1783967129,btc,1784016000000,62500.0,put,35.96,0.01172503,0.0085,0.014,61897.04,126.0
1783967129,btc,1813910400000,30000.0,call,61.09,0.55218799,0.5505,0.554,64306.2,9.0
1783967129,btc,1785484800000,72000.0,call,36.31,0.00101022,0.0009,0.0011,62007.83,1903.0
1783967129,btc,1784102400000,67000.0,put,48.39,0.08211539,0.076,0.1225,61897.04,0.0
1783967129,btc,1787904000000,61000.0,put,37.5,0.04337777,0.0425,0.044,62178.04,520.9
1783967129,btc,1790323200000,50000.0,put,47.3,0.01450539,0.014,0.015,62407.86,3551.0
1783967129,btc,1806048000000,64000.0,put,42.88,0.14564432,0.144,0.1465,63636.34,131.7
1783967129,btc,1787904000000,61000.0,call,37.5,0.06233616,0.0615,0.063,62178.04,189.9
1783967129,btc,1785484800000,70000.0,put,34.47,0.13073484,0.127,0.135,62007.83,909.7
1783967129,btc,1806048000000,115000.0,put,41.66,0.81566585,0.81,0.8335,63636.34,0.0
1783967129,btc,1806048000000,35000.0,call,58.14,0.46869532,0.467,0.47,63636.88,3.8
1783967129,btc,1813910400000,54000.0,put,46.38,0.09620841,0.095,0.0975,64306.91,10.8
1783967129,btc,1790323200000,140000.0,put,60.82,1.24347298,1.1675,1.3265,62407.86,1.4
1783967129,btc,1785484800000,90000.0,call,50.58,1.364e-05,,0.0001,62007.24,1313.3
1783967129,btc,1784102400000,63000.0,call,37.25,0.00346432,0.0032,0.0036,61897.04,45.3
1783967129,btc,1785484800000,91000.0,put,52.03,0.46756202,0.462,0.4755,62007.83,0.2
1783967129,btc,1787904000000,70000.0,call,33.91,0.01080175,0.01,0.011,62178.46,839.0
1783967129,btc,1806048000000,108000.0,put,41.05,0.70898559,0.7045,0.731,63636.34,0.0
1783967129,btc,1806048000000,180000.0,call,49.61,0.00135404,0.0012,0.0018,63636.34,642.7
1783967129,btc,1784188800000,61000.0,call,39.16,0.02182982,0.021,0.022,61897.04,0.0
1783967129,btc,1806048000000,84000.0,put,40.65,0.36527036,0.362,0.38,63636.88,5.8
1783967129,btc,1787904000000,76000.0,put,34.13,0.22493564,0.2205,0.2325,62178.04,5.4
1783967129,btc,1785484800000,78000.0,call,43.52,0.00028805,0.0002,0.0003,62007.83,1080.2
1783967129,btc,1785484800000,70000.0,call,34.47,0.00185171,0.0017,0.0019,62007.83,8104.2
1783967129,btc,1790323200000,120000.0,call,54.16,0.00036846,0.0003,0.0005,62407.86,1157.9
1783967129,btc,1790323200000,170000.0,put,67.34,1.72405909,1.632,1.824,62407.86,0.0
1783967129,btc,1787904000000,72000.0,put,33.91,0.16482643,0.162,0.167,62178.04,85.6
1783967129,btc,1784016000000,57000.0,call,68.59,0.07924797,0.046,0.1105,61897.04,0.0
1783967129,btc,1784275200000,69000.0,put,46.32,0.11425967,0.11,0.12,61933.17,1.2
1783967129,btc,1806048000000,88000.0,call,40.68,0.03616485,0.035,0.0365,63636.88,71.0
1783967129,btc,1806048000000,74000.0,put,41.28,0.2434754,0.2415,0.247,63636.34,41.3
1783967129,btc,1806048000000,170000.0,call,48.19,0.00157623,0.0013,0.002,63636.34,248.1
1783967129,btc,1787904000000,73000.0,put,33.91,0.17946161,0.176,0.1825,62178.04,4.7
1783967129,btc,1806048000000,74000.0,call,41.28,0.08062002,0.08,0.0815,63636.34,49.6
1783967129,btc,1798185600000,64000.0,put,41.33,0.11940648,0.1185,0.12,62993.62,241.1
1783967129,btc,1787904000000,84000.0,call,38.49,0.00074554,0.0005,0.0009,62178.04,58.5
1783967129,btc,1806048000000,54000.0,call,45.79,0.2286629,0.227,0.2305,63636.88,0.0
1783967129,btc,1784102400000,63500.0,call,37.32,0.00194368,0.0017,0.0021,61897.04,34.3
1783967129,btc,1784275200000,56000.0,call,52.27,0.09627084,0.092,0.1025,61933.17,6.1
1783967129,btc,1790323200000,115000.0,call,51.41,0.0003905,0.0003,0.0006,62408.25,2248.2
1783967129,btc,1787904000000,60000.0,call,38.22,0.07224364,0.0705,0.0735,62178.04,373.3
1783967129,btc,1813910400000,84000.0,put,41.88,0.37731102,0.3745,0.3815,64306.2,0.0
1783967129,btc,1806048000000,120000.0,put,42.11,0.89253393,0.8865,0.903,63636.88,1.0
1783967129,btc,1785484800000,52000.0,put,50.22,0.00235456,0.0022,0.0025,62007.83,2237.1
1783967129,btc,1784275200000,54000.0,put,59.16,0.00017545,0.0001,0.0003,61933.17,454.0
1783967129,btc,1806048000000,104000.0,put,40.98,0.64907894,0.644,0.674,63636.34,0.0
1783967129,btc,1787904000000,57000.0,put,40.71,0.02302679,0.0225,0.0235,62178.46,464.3
1783967129,btc,1806048000000,94000.0,put,40.7,0.50282773,0.499,0.523,63636.34,9.0
1783967129,btc,1798185600000,100000.0,put,40.22,0.59347886,0.588,0.6005,62993.62,303.1
1783967129,btc,1798185600000,75000.0,put,39.4,0.23453944,0.2315,0.237,62993.62,888.9
1783967129,btc,1787904000000,70000.0,put,33.91,0.13658905,0.134,0.139,62178.04,120.3
1783967129,btc,1787904000000,60000.0,put,38.22,0.03720261,0.0365,0.0375,62178.04,1044.3
1783967129,btc,1784880000000,60000.0,put,38.62,0.01297485,0.0125,0.013,61966.15,932.1
1783967129,btc,1790323200000,130000.0,call,57.76,0.00025564,0.0002,0.0004,62407.86,1433.9
1783967129,btc,1806048000000,76000.0,call,41.05,0.07177695,0.071,0.0725,63636.34,344.4
1783967129,btc,1785484800000,95000.0,put,56.37,0.53206658,0.526,0.5415,62007.24,0.5
1783967129,btc,1790323200000,92000.0,call,39.28,0.00104165,0.0009,0.0012,62408.25,486.1
1783967129,btc,1790323200000,125000.0,call,56.28,0.00032035,0.0002,0.0005,62408.25,2267.8
1783967129,btc,1785484800000,91000.0,call,52.03,1.394e-05,,0.0001,62007.83,283.3
1783967129,btc,1798185600000,120000.0,put,43.8,0.90697243,0.9005,0.916,62993.62,35.5
1783967129,btc,1787904000000,56000.0,call,41.63,0.11889677,0.117,0.121,62178.04,9.2
1783967129,btc,1813910400000,70000.0,put,43.02,0.22113395,0.2195,0.2235,64306.91,5.6
1783967129,btc,1798185600000,220000.0,put,60.34,2.49262622,2.3745,2.6215,62993.62,0.0
1783967129,btc,1806048000000,65000.0,call,42.71,0.13286203,0.132,0.1335,63636.34,213.3
1783967129,btc,1806048000000,130000.0,call,43.18,0.00460176,0.0042,0.005,63636.34,1055.3
1783967129,btc,1790323200000,175000.0,call,69.12,5.998e-05,,0.0001,62407.86,1347.6
1783967129,btc,1784016000000,65000.0,put,49.17,0.05002706,0.015,0.0885,61897.04,0.0
1783967129,btc,1784188800000,57000.0,call,52.25,0.08003217,0.075,0.1125,61897.04,0.0
1783967129,btc,1787904000000,74000.0,put,33.83,0.19432923,0.1915,0.197,62178.04,3.3
1783967129,btc,1787904000000,50000.0,call,48.65,0.20335453,0.2,0.2055,62178.04,51.0
1783967129,btc,1806048000000,84000.0,call,40.65,0.04527236,0.0445,0.046,63636.34,130.5
1783967129,btc,1813910400000,160000.0,call,44.74,0.00447408,0.0041,0.0048,64306.91,475.8
1783967129,btc,1790323200000,86000.0,put,36.85,0.37995942,0.3755,0.389,62408.25,11.6
1783967129,btc,1784016000000,63500.0,call,39.03,0.00031773,0.0002,0.0004,61897.04,131.1
1783967129,btc,1790323200000,68000.0,call,35.67,0.03120354,0.0305,0.0315,62408.25,738.1
1783967129,btc,1784880000000,75000.0,put,44.28,0.21050165,0.206,0.2175,61966.15,0.2
1783967129,btc,1790323200000,280000.0,call,81.51,3.46e-06,,0.0002,62408.25,94.0
1783967129,btc,1798185600000,230000.0,call,61.45,0.00017959,0.0001,0.0004,62993.62,196.3
1783967129,btc,1784102400000,60000.0,call,42.7,0.03279728,0.0175,0.049,61897.04,0.0
1783967129,btc,1784188800000,71000.0,call,45.87,1.93e-06,,0.0001,61897.04,0.0
1783967129,btc,1784188800000,62500.0,put,36.63,0.01748819,0.017,0.018,61897.04,2.8
1783967129,btc,1784016000000,64000.0,call,43.07,0.00016195,0.0001,0.0002,61897.04,119.8
1783967129,btc,1798185600000,50000.0,put,47.39,0.03846949,0.038,0.039,62993.62,1672.9
1783967129,btc,1787904000000,65000.0,call,35.05,0.03101342,0.0305,0.0315,62178.04,997.0
1783967129,btc,1784102400000,61000.0,put,40.28,0.00465731,0.0045,0.0048,61897.04,120.7
1783967129,btc,1785484800000,120000.0,call,77.21,2.62e-06,,0.0001,62007.83,1062.5
1783967129,btc,1787904000000,68000.0,put,33.91,0.11012379,0.1075,0.113,62178.04,72.8
1783967129,btc,1787904000000,76000.0,call,34.13,0.00265429,0.0025,0.0028,62178.04,684.1
1783967129,btc,1785484800000,63000.0,call,35.43,0.0238924,0.0235,0.024,62007.83,1269.7
1783967129,btc,1798185600000,54000.0,put,45.13,0.0544645,0.054,0.055,62994.01,1814.6
1783967129,btc,1798185600000,92000.0,put,39.51,0.47145132,0.467,0.476,62993.62,4.5
1783967129,btc,1787904000000,40000.0,call,64.07,0.35845266,0.3555,0.362,62178.04,11.5
1783967129,btc,1806048000000,78000.0,put,40.91,0.28969029,0.2875,0.2935,63636.34,182.2
1783967129,btc,1790323200000,54000.0,call,43.34,0.15866649,0.1555,0.1605,62408.25,7.2
1783967129,btc,1798185600000,108000.0,call,41.41,0.00360974,0.0033,0.0039,62993.62,116.8
1783967129,btc,1798185600000,60000.0,put,42.61,0.08888737,0.088,0.0895,62993.62,6442.4
1783967129,btc,1813910400000,58000.0,call,45.24,0.21939562,0.218,0.2215,64306.2,4.7
1783967129,btc,1798185600000,250000.0,put,61.71,2.96874956,2.835,3.114,62993.62,10.0
1783967129,btc,1790323200000,85000.0,call,36.51,0.00219211,0.002,0.0024,62408.25,1182.5
1783967129,btc,1806048000000,190000.0,put,50.23,1.9867443,1.885,2.1005,63636.34,0.9
1783967129,btc,1798185600000,160000.0,call,51.83,0.00062317,0.0005,0.0008,62993.62,1228.1
1783967129,btc,1798185600000,88000.0,put,39.21,0.41198512,0.408,0.4165,62993.62,4.1
1783967129,btc,1790323200000,96000.0,put,41.28,0.53904047,0.533,0.5595,62408.25,1.0
1783967129,btc,1798185600000,96000.0,put,39.77,0.53198681,0.5275,0.537,62994.01,11.2
1783967129,btc,1785484800000,87000.0,put,49.74,0.40307456,0.398,0.418,62007.83,8.1
1783967129,btc,1785484800000,67000.0,put,33.76,0.08637606,0.0825,0.089,62007.83,200.4
1783967129,btc,1798185600000,90000.0,call,39.34,0.01281913,0.0125,0.013,62993.62,2545.0
1783967129,btc,1806048000000,66000.0,call,42.54,0.12607295,0.125,0.127,63636.34,19.1
1783967129,btc,1813910400000,62000.0,put,44.34,0.15061855,0.149,0.152,64306.91,10.9
1783967129,btc,1784275200000,52000.0,put,70.19,0.00011985,,0.0002,61933.17,442.4
1783967129,btc,1806048000000,200000.0,put,50.74,2.14364197,2.037,2.2625,63636.34,1.0
1783967129,btc,1806048000000,45000.0,call,50.19,0.33292517,0.3315,0.3345,63636.34,3.2
1783967129,btc,1784880000000,61000.0,put,37.14,0.01798466,0.0175,0.018,61966.15,221.8
1783967129,btc,1790323200000,30000.0,put,79.07,0.00173832,0.0017,0.0019,62408.25,2261.2
1783967129,btc,1784275200000,62000.0,put,37.03,0.01515623,0.0145,0.0155,61933.17,448.2
1783967129,btc,1784188800000,60500.0,call,40.51,0.02794937,0.018,0.0465,61897.04,0.0
1783967129,btc,1806048000000,160000.0,call,46.74,0.0018882,0.0016,0.0023,63636.34,852.7
1783967129,btc,1790323200000,260000.0,call,78.83,4.41e-06,,0.0002,62407.86,293.8
1783967129,btc,1785484800000,69000.0,put,33.83,0.1153846,0.113,0.1175,62007.83,216.8
1783967129,btc,1784880000000,54000.0,call,48.93,0.13013854,0.128,0.132,61966.15,2.0
1783967129,btc,1798185600000,66000.0,put,40.9,0.13729371,0.136,0.1385,62993.62,162.3
1783967129,btc,1790323200000,82000.0,call,35.53,0.00324116,0.003,0.0035,62408.25,2399.4
1783967129,btc,1784016000000,64000.0,put,43.07,0.03399788,0.031,0.0395,61897.04,21.9
1783967129,btc,1784275200000,55000.0,call,55.49,0.11221939,0.108,0.115,61933.17,4.0
1783967129,btc,1806048000000,92000.0,put,40.69,0.47450971,0.4705,0.501,63636.34,0.2
1783967129,btc,1784102400000,58000.0,call,50.49,0.06359137,0.0585,0.096,61897.04,0.0
1783967129,btc,1798185600000,190000.0,put,55.8,2.0164747,1.9145,2.1285,62993.62,0.0
1783967129,btc,1798185600000,35000.0,call,61.84,0.45519123,0.454,0.4565,62993.62,77.6
1783967129,btc,1798185600000,160000.0,put,51.83,1.54056334,1.453,1.6365,62993.62,0.0
1783967129,btc,1785484800000,86000.0,call,49.74,4.951e-05,,0.0001,62007.24,179.9
1783967129,btc,1798185600000,120000.0,call,43.8,0.00201731,0.0017,0.0022,62993.62,6030.9
1783967129,btc,1806048000000,72000.0,put,41.52,0.22177841,0.22,0.225,63636.88,134.6
1783967129,btc,1785484800000,89000.0,put,49.75,0.43531022,0.43,0.4455,62007.83,5.9
1783967129,btc,1784880000000,58000.0,put,41.87,0.00656784,0.006,0.007,61966.15,196.3
1783967129,btc,1784016000000,64500.0,call,44.89,6.182e-05,,0.0001,61897.04,180.1
1783967129,btc,1798185600000,150000.0,call,50.26,0.00082701,0.0007,0.001,62993.62,1635.0
1783967129,btc,1784188800000,65000.0,put,36.72,0.0504073,0.045,0.0815,61897.04,0.0
1783967129,btc,1784275200000,64000.0,call,35.88,0.00345143,0.0031,0.0035,61933.17,2266.1
1783967129,btc,1806048000000,58000.0,put,44.42,0.1009413,0.1,0.102,63636.34,108.8
1783967129,btc,1784275200000,63000.0,put,35.93,0.02452797,0.023,0.026,61933.17,283.9
1783967129,btc,1787904000000,54000.0,put,43.62,0.01400962,0.0135,0.0145,62178.46,339.2
1783967129,btc,1787904000000,81000.0,call,36.3,0.00104961,0.0009,0.0012,62178.04,496.3
1783967129,btc,1785484800000,59000.0,put,39.93,0.01517535,0.0145,0.0155,62007.83,1713.5
1783967129,btc,1784275200000,62000.0,call,37.03,0.01407054,0.0135,0.0145,61933.17,298.4
1783967129,btc,1787904000000,95000.0,call,46.65,0.00032573,0.0002,0.0005,62178.04,5.9
1783967129,btc,1813910400000,100000.0,call,41.74,0.03533036,0.0345,0.036,64306.2,47.6
1783967129,btc,1784275200000,65000.0,put,36.06,0.05099865,0.0485,0.0535,61933.17,3.2
1783967129,btc,1784275200000,57000.0,call,48.74,0.08044596,0.0765,0.084,61933.17,15.5
1783967129,btc,1790323200000,88000.0,call,37.6,0.00154085,0.0014,0.0017,62407.86,652.7
1783967129,btc,1798185600000,66000.0,call,40.9,0.08956839,0.089,0.09,62993.62,134.6
1783967129,btc,1798185600000,102000.0,call,40.46,0.00522798,0.005,0.0055,62993.62,148.0
1783967129,btc,1787904000000,69000.0,call,33.91,0.01340318,0.0125,0.0135,62178.04,342.1
1783967129,btc,1806048000000,104000.0,call,40.98,0.0147957,0.014,0.0155,63636.34,75.2
1783967129,btc,1787904000000,95000.0,put,46.65,0.52817742,0.5215,0.539,62178.04,0.0
1783967129,btc,1798185600000,170000.0,call,53.76,0.00052581,0.0004,0.0007,62994.01,2381.6
1783967129,btc,1784188800000,68000.0,call,44.7,7.963e-05,,0.0001,61897.04,2.7
1783967129,btc,1790323200000,65000.0,call,36.68,0.04825238,0.0475,0.0485,62407.86,867.8
1783967129,btc,1806048000000,130000.0,put,43.18,1.04745581,0.9755,1.1325,63636.34,0.2
1783967129,btc,1806048000000,80000.0,put,40.82,0.31421727,0.312,0.3185,63636.34,139.4
1783967129,btc,1784102400000,61500.0,call,39.2,0.01395335,0.013,0.0145,61897.04,20.0
1783967129,btc,1787904000000,62000.0,call,36.81,0.05322238,0.0525,0.054,62178.04,911.7
1783967129,btc,1790323200000,300000.0,call,84.97,3.49e-06,,0.0002,62408.25,192.5
1783967129,btc,1784016000000,66000.0,put,52.04,0.06614846,0.0605,0.105,61897.04,0.0
1783967129,btc,1806048000000,40000.0,call,53.71,0.39884884,0.3975,0.4,63636.34,69.3
1783967129,btc,1784880000000,62000.0,call,35.93,0.02411046,0.0235,0.0245,61966.15,114.6
1783967129,btc,1784016000000,65500.0,call,49.71,1.155e-05,,0.0001,61897.04,64.5
1783967129,btc,1813910400000,64000.0,call,43.93,0.17147484,0.17,0.173,64306.91,14.6
1783967129,btc,1790323200000,135000.0,call,58.41,0.00017914,0.0001,0.0003,62407.86,243.1
1783967129,btc,1790323200000,72000.0,put,34.9,0.17017934,0.1675,0.1725,62408.25,278.2
1783967129,btc,1784102400000,65000.0,put,39.95,0.05007964,0.015,0.089,61897.04,0.0
1783967129,btc,1784102400000,64500.0,put,38.66,0.04225556,0.0125,0.081,61897.04,0.0
1783967129,btc,1806048000000,85000.0,put,40.63,0.37843718,0.375,0.398,63636.34,0.8
1783967129,btc,1787904000000,55000.0,call,42.59,0.13198513,0.13,0.134,62178.04,5.8
1783967129,btc,1790323200000,62000.0,put,38.01,0.06455855,0.064,0.0655,62407.86,930.9
1783967129,btc,1785484800000,76000.0,call,40.88,0.00039802,0.0003,0.0005,62007.24,2497.6
1783967129,btc,1806048000000,55000.0,call,45.43,0.21845462,0.217,0.22,63636.34,28.6
1783967129,btc,1806048000000,62000.0,call,43.3,0.15512554,0.154,0.1565,63636.34,42.2
1783967129,btc,1787904000000,110000.0,call,52.92,7.897e-05,0.0001,0.0003,62178.04,93.1
1783967129,btc,1785484800000,48000.0,call,55.72,0.22661347,0.223,0.2295,62007.83,2.0
1783967129,btc,1813910400000,150000.0,put,44.21,1.33857216,1.256,1.437,64306.2,0.0
1783967129,btc,1790323200000,120000.0,put,54.16,0.92319178,0.9165,0.9315,62407.86,172.3
1783967129,btc,1813910400000,52000.0,call,47.08,0.27666491,0.2745,0.279,64306.91,0.0
1783967129,btc,1787904000000,94000.0,call,45.64,0.00032578,0.0002,0.0005,62178.04,11.3
1783967129,btc,1784188800000,57000.0,put,52.25,0.0004741,0.0004,0.0006,61897.04,28.6
1783967129,btc,1784275200000,61500.0,call,37.84,0.0186212,0.018,0.019,61933.17,0.0
1783967129,btc,1790323200000,50000.0,call,47.3,0.21332901,0.211,0.215,62407.86,30.5
1783967129,btc,1787904000000,96000.0,call,47.65,0.00032569,0.0002,0.0005,62178.04,14.2
1783967129,btc,1785484800000,75000.0,call,39.83,0.00050112,0.0004,0.0006,62007.24,3441.9
1783967129,btc,1790323200000,96000.0,call,41.28,0.00078182,0.0006,0.001,62408.25,274.6
1783967129,btc,1806048000000,112000.0,call,41.38,0.00977346,0.009,0.0105,63636.34,65.0
1783967129,btc,1784016000000,62000.0,call,36.8,0.00505304,0.0048,0.0055,61897.04,16.5
1783967129,btc,1806048000000,82000.0,call,40.71,0.05079665,0.05,0.0515,63636.34,609.2
1783967129,btc,1785484800000,108000.0,call,66.12,2.92e-06,,0.0001,62007.83,375.1
1783967129,btc,1790323200000,55000.0,call,42.42,0.14580353,0.1435,0.1475,62408.25,90.9
1783967129,btc,1784275200000,48000.0,put,76.79,6.82e-06,,0.0001,61933.17,211.1
1783967129,btc,1785484800000,68000.0,call,33.73,0.00394342,0.0036,0.0039,62007.83,3775.1
1783967129,btc,1784016000000,70000.0,call,53.44,0.0,,0.0001,61897.04,0.4
1783967129,btc,1785484800000,100000.0,call,62.96,1.199e-05,,0.0001,62007.83,1802.6
1783967129,btc,1813910400000,88000.0,call,41.75,0.05944939,0.0585,0.0605,64306.2,0.1
1783967129,btc,1798185600000,74000.0,put,39.52,0.22247669,0.2205,0.2245,62994.01,62.0
1783967129,btc,1813910400000,45000.0,call,50.04,0.35448107,0.353,0.3565,64306.2,0.4
1783967129,btc,1790323200000,74000.0,call,34.91,0.01198712,0.0115,0.0125,62407.86,650.6
1783967129,btc,1785484800000,64000.0,call,34.67,0.01738038,0.017,0.0175,62007.83,648.1
1783967129,btc,1813910400000,54000.0,call,46.38,0.25648423,0.255,0.2585,64306.2,0.2
1783967129,btc,1784102400000,68000.0,call,48.98,1.703e-05,,0.0001,61897.04,25.9
1783967129,btc,1798185600000,84000.0,call,39.21,0.02102223,0.0205,0.021,62993.62,670.2
1783967129,btc,1784102400000,71000.0,call,53.14,3.6e-07,,0.0001,61897.04,30.6
1783967129,btc,1787904000000,85000.0,call,39.26,0.00067768,0.0006,0.0008,62178.04,297.8
1783967129,btc,1790323200000,76000.0,put,34.79,0.22628127,0.223,0.23,62408.25,599.6
1783967129,btc,1787904000000,98000.0,call,47.65,0.00022184,0.0002,0.0004,62178.04,80.6
1783967129,btc,1790323200000,54000.0,put,43.34,0.02393698,0.0235,0.0245,62407.86,329.9
1783967129,btc,1787904000000,100000.0,call,49.29,0.0002127,0.0001,0.0004,62178.04,143.3
1783967129,btc,1798185600000,76000.0,call,39.32,0.04046939,0.04,0.041,62993.62,295.2
1783967129,btc,1813910400000,86000.0,put,41.8,0.40232406,0.399,0.4065,64306.91,0.0
1783967129,btc,1787904000000,82000.0,call,37.1,0.00094311,0.0008,0.0011,62178.04,373.6
1783967129,btc,1798185600000,104000.0,call,40.72,0.00457018,0.0043,0.0048,62993.62,64.4
1783967129,btc,1790323200000,66000.0,call,36.3,0.04192386,0.0415,0.0425,62407.86,465.2
1783967129,btc,1790323200000,155000.0,put,64.17,1.48374408,1.4,1.575,62407.86,0.1
1783967129,btc,1790323200000,105000.0,call,45.21,0.00043089,0.0003,0.0006,62407.86,1192.0
1783967129,btc,1784102400000,62500.0,put,37.66,0.01527158,0.014,0.0165,61897.04,83.7
1783967129,btc,1785484800000,71000.0,call,35.21,0.00132514,0.0012,0.0014,62007.83,1893.1
1783967129,btc,1798185600000,88000.0,call,39.21,0.01501803,0.0145,0.015,62993.62,2226.5
1783967129,btc,1784016000000,72000.0,put,53.47,0.16306542,0.124,0.205,61897.04,0.0
1783967129,btc,1784275200000,58000.0,call,45.72,0.06493016,0.0625,0.067,61933.17,21.4
1783967129,btc,1784188800000,56000.0,put,56.63,0.00027708,0.0002,0.0004,61897.04,16.7
1783967129,btc,1813910400000,56000.0,put,45.78,0.10824594,0.107,0.1095,64306.91,40.4
1783967129,btc,1806048000000,105000.0,put,40.98,0.66396952,0.659,0.6885,63636.34,0.0
1783967129,btc,1787904000000,80000.0,put,35.83,0.28786078,0.283,0.3,62178.04,12.7
1783967129,btc,1785484800000,54000.0,call,47.01,0.13315662,0.1305,0.135,62007.83,1.6
1783967129,btc,1784188800000,71000.0,put,45.87,0.14651731,0.1085,0.1885,61897.04,0.0
1783967129,btc,1813910400000,105000.0,put,41.76,0.66127071,0.6565,0.685,64306.91,0.0
1783967129,btc,1787904000000,52000.0,put,45.82,0.01005668,0.0095,0.0105,62178.46,1007.5
1783967129,btc,1790323200000,82000.0,put,35.53,0.31717043,0.3125,0.324,62407.86,194.7
1783967129,btc,1806048000000,112000.0,put,41.38,0.76977079,0.7645,0.7975,63636.34,0.0
1783967129,btc,1785484800000,82000.0,call,47.89,0.00014564,0.0001,0.0002,62007.83,2833.6
1783967129,btc,1798185600000,58000.0,call,43.34,0.15515696,0.154,0.1565,62993.62,41.4
1783967129,btc,1785484800000,65000.0,put,34.06,0.06051405,0.0585,0.0625,62007.83,364.8
1783967129,btc,1787904000000,65000.0,put,35.05,0.07638563,0.075,0.0775,62178.04,317.1
1783967129,btc,1784102400000,65500.0,call,41.82,0.00020771,0.0001,0.0003,61897.04,78.9
1783967129,btc,1784016000000,71000.0,call,53.44,0.0,,0.0001,61897.04,31.3
1783967129,btc,1784275200000,62500.0,put,36.44,0.01947485,0.019,0.02,61933.17,1.7
1783967129,btc,1790323200000,66000.0,put,36.3,0.09947668,0.0985,0.1005,62407.86,196.2
1783967129,btc,1813910400000,90000.0,call,41.71,0.05443335,0.0535,0.0555,64306.91,59.5
1783967129,btc,1798185600000,85000.0,call,39.21,0.0193377,0.0185,0.0195,62994.01,1865.3
1783967129,btc,1798185600000,98000.0,put,40.08,0.56272392,0.558,0.5685,62993.62,1.1
1783967129,btc,1806048000000,78000.0,call,40.91,0.06397786,0.063,0.0645,63636.34,330.0
1783967129,btc,1787904000000,90000.0,put,42.43,0.44783839,0.4425,0.456,62178.04,0.5
1783967129,btc,1787904000000,85000.0,put,39.26,0.36770288,0.362,0.381,62178.04,0.4
1783967129,btc,1784188800000,58000.0,call,48.25,0.06427938,0.0595,0.0975,61897.04,0.0
1783967129,btc,1790323200000,200000.0,put,72.81,2.20473182,2.0965,2.3215,62407.86,0.1
1783967129,btc,1787904000000,68000.0,call,33.91,0.01650363,0.016,0.017,62178.46,444.2
1783967129,btc,1787904000000,52000.0,call,45.82,0.17375761,0.1715,0.176,62178.04,51.0
1783967129,btc,1798185600000,78000.0,call,39.2,0.03430064,0.0335,0.035,62993.62,304.6
1783967129,btc,1784016000000,65000.0,call,49.17,3.745e-05,,0.0001,61897.04,152.8
1783967129,btc,1790323200000,85000.0,put,36.51,0.36419196,0.359,0.3705,62407.86,454.5
1783967129,btc,1784880000000,59000.0,put,40.26,0.00929434,0.009,0.0095,61966.15,222.9
1783967129,btc,1787904000000,54000.0,call,43.62,0.14554464,0.1435,0.1475,62178.04,8.0
1783967129,btc,1785484800000,106000.0,call,64.33,3.14e-06,,0.0001,62007.83,44.6
1783967129,btc,1785484800000,62000.0,put,36.41,0.03179218,0.031,0.032,62007.83,1159.5
1783967129,btc,1784880000000,57000.0,put,43.63,0.00464504,0.0044,0.0048,61966.15,551.4
1783967129,btc,1784880000000,60000.0,call,38.62,0.04469302,0.044,0.0455,61966.15,139.2
1783967129,btc,1784188800000,69000.0,call,45.33,2.618e-05,,0.0001,61897.04,34.5
1783967129,btc,1784275200000,60000.0,put,41.1,0.00497253,0.0047,0.0055,61933.17,795.8
1783967129,btc,1784016000000,59000.0,call,55.72,0.04703995,0.0125,0.08,61897.04,0.0
1783967129,btc,1798185600000,95000.0,put,39.58,0.51663778,0.512,0.522,62993.62,85.9
1783967129,btc,1784880000000,59000.0,call,40.26,0.05715054,0.055,0.059,61966.15,3.2
1783967129,eth,1790323200000,16000.0,put,130.17,8.078407,7.73,8.4585,1762.42,30.0
1783967129,eth,1806048000000,4500.0,put,59.21,1.518276,1.416,1.6435,1793.91,0.0
1783967129,eth,1784275200000,1200.0,put,119.75,1.7e-05,,0.0001,1756.48,2548.0
1783967129,eth,1790323200000,1600.0,call,53.08,0.143852,0.141,0.1455,1762.42,4287.0
1783967129,eth,1806048000000,3000.0,put,56.3,0.714262,0.7,0.735,1793.91,352.0
1783967129,eth,1784188800000,1850.0,call,47.5,0.001851,0.0016,0.002,1756.76,251.0
1783967129,eth,1785484800000,2750.0,put,72.57,0.565214,0.505,0.6315,1757.24,2.0
1783967129,eth,1798185600000,5200.0,put,63.37,1.928382,1.8145,2.057,1776.51,0.0
1783967129,eth,1798185600000,4800.0,call,61.84,0.001859,0.0016,0.0021,1776.55,2490.0
1783967129,eth,1785484800000,2750.0,call,72.57,0.000144,0.0001,0.0002,1757.24,1117.0
1783967129,eth,1785484800000,3200.0,put,83.04,0.821049,0.751,0.898,1757.28,5.0
1783967129,eth,1813910400000,2000.0,put,57.57,0.288532,0.284,0.292,1810.11,27.0
1783967129,eth,1784188800000,1825.0,call,47.29,0.003599,0.0031,0.0036,1756.76,88.0
1783967129,eth,1798185600000,2700.0,put,54.19,0.547355,0.5365,0.5645,1776.55,431.0
1783967129,eth,1785484800000,2800.0,put,75.14,0.59367,0.532,0.662,1757.24,2.0
1783967129,eth,1790323200000,7500.0,call,90.95,4e-05,,0.0002,1762.42,1322.0
1783967129,eth,1790323200000,6800.0,put,89.26,2.858385,2.7105,3.021,1762.46,0.0
1783967129,eth,1785484800000,2200.0,call,53.33,0.001367,0.0012,0.0015,1757.28,8524.0
1783967129,eth,1785484800000,2450.0,put,62.26,0.394612,0.3405,0.455,1757.28,249.0
1783967129,eth,1784275200000,1300.0,put,113.82,0.000111,,0.0001,1756.48,1979.0
1783967129,eth,1785484800000,3000.0,put,76.46,0.707391,0.6415,0.7795,1757.28,5.0
1783967129,eth,1798185600000,7000.0,call,70.07,0.00047,0.0003,0.0007,1776.55,2825.0
1783967129,eth,1784880000000,1875.0,call,46.66,0.009496,0.0085,0.0095,1756.77,936.0
1783967129,eth,1784275200000,1675.0,call,55.86,0.052139,0.048,0.054,1756.48,939.0
1783967129,eth,1785484800000,1550.0,call,56.65,0.127415,0.1225,0.129,1757.24,1763.0
1783967129,eth,1787904000000,2250.0,call,49.45,0.007059,0.0065,0.0075,1758.44,1165.0
1783967129,eth,1798185600000,1800.0,put,54.59,0.153075,0.152,0.154,1776.55,4622.0
1783967129,eth,1784102400000,1925.0,call,59.93,0.000136,,0.0002,1756.76,353.0
1783967129,eth,1813910400000,1400.0,put,60.05,0.109478,0.108,0.111,1810.11,1451.0
1783967129,eth,1813910400000,1600.0,call,58.88,0.275484,0.271,0.2795,1810.07,352.0
1783967129,eth,1798185600000,5000.0,call,62.81,0.001605,0.0015,0.0019,1776.51,4258.0
1783967129,eth,1784102400000,1600.0,put,77.7,0.000639,0.0006,0.0007,1756.76,301.0
1783967129,eth,1784275200000,1850.0,call,48.33,0.003458,0.0032,0.0036,1756.52,8023.0
1783967129,eth,1806048000000,2900.0,put,56.17,0.663659,0.6495,0.684,1793.85,260.0
1783967129,eth,1813910400000,4500.0,call,59.01,0.021228,0.0205,0.022,1810.11,461.0
1783967129,eth,1784275200000,1550.0,put,72.26,0.001086,0.001,0.0012,1756.48,4300.0
1783967129,eth,1790323200000,4500.0,call,71.94,0.000274,0.0002,0.0005,1762.42,8535.0
1783967129,eth,1787904000000,1100.0,put,74.05,0.002987,0.0028,0.0032,1758.44,1476.0
1783967129,eth,1785484800000,2100.0,call,49.98,0.002623,0.0025,0.0028,1757.28,2999.0
1783967129,eth,1784880000000,1800.0,put,46.8,0.045955,0.0445,0.05,1756.77,582.0
1783967129,eth,1806048000000,4400.0,put,58.78,1.463151,1.3625,1.586,1793.91,0.0
1783967129,eth,1784880000000,1950.0,put,47.06,0.113831,0.1025,0.164,1756.8,10.0
1783967129,eth,1785484800000,2900.0,put,75.38,0.650369,0.587,0.7205,1757.28,3.0
1783967129,eth,1790323200000,7000.0,call,90.95,7.5e-05,,0.0002,1762.42,2032.0
1783967129,eth,1790323200000,11000.0,put,110.93,5.241417,5.002,5.503,1762.42,0.0
1783967129,eth,1790323200000,3300.0,put,59.09,0.873505,0.8005,0.956,1762.46,3.0
1783967129,eth,1784275200000,1625.0,call,61.9,0.077622,0.07,0.083,1756.48,200.0
1783967129,eth,1806048000000,1000.0,call,65.63,0.471961,0.4685,0.475,1793.91,270.0
1783967129,eth,1784275200000,1500.0,call,79.87,0.146564,0.1395,0.153,1756.52,76.0
1783967129,eth,1784102400000,1600.0,call,77.7,0.089679,0.0825,0.0965,1756.76,0.0
1783967129,eth,1813910400000,1500.0,call,59.38,0.304352,0.3,0.3085,1810.07,50.0
1783967129,eth,1790323200000,8000.0,call,94.35,3.9e-05,,0.0002,1762.42,1092.0
1783967129,eth,1784016000000,1675.0,put,68.63,0.000415,0.0004,0.0005,1756.76,864.0
1783967129,eth,1798185600000,6500.0,put,67.73,2.659361,2.519,2.8165,1776.55,0.0
1783967129,eth,1784102400000,1800.0,put,47.8,0.028749,0.027,0.0335,1756.76,406.0
1783967129,eth,1784016000000,1775.0,put,42.97,0.01325,0.0125,0.014,1756.76,4638.0
1783967129,eth,1790323200000,4200.0,put,69.21,1.383441,1.292,1.486,1762.46,551.0
1783967129,eth,1806048000000,3600.0,call,57.15,0.021457,0.0205,0.022,1793.91,1749.0
1783967129,eth,1784102400000,1750.0,call,49.61,0.014842,0.0145,0.0155,1756.76,105.0
1783967129,eth,1806048000000,3400.0,put,56.85,0.922127,0.8355,1.032,1793.91,8.0
1783967129,eth,1784880000000,1800.0,call,46.8,0.021318,0.0205,0.022,1756.8,1650.0
1783967129,eth,1785484800000,3400.0,put,87.62,0.935016,0.861,1.016,1757.24,4.0
1783967129,eth,1798185600000,2600.0,call,54.09,0.032986,0.032,0.0335,1776.55,1907.0
1783967129,eth,1785484800000,1950.0,put,47.36,0.118846,0.1135,0.125,1757.24,252.0
1783967129,eth,1813910400000,2400.0,call,57.16,0.123124,0.1215,0.1245,1810.11,282.0
1783967129,eth,1813910400000,2500.0,put,57.16,0.492927,0.4125,0.602,1810.11,5.0
1783967129,eth,1784188800000,1700.0,put,53.79,0.006075,0.0055,0.0065,1756.76,77.0
1783967129,eth,1784275200000,1750.0,put,49.75,0.017832,0.017,0.018,1756.48,2448.0
1783967129,eth,1785484800000,2300.0,call,57.04,0.000801,0.0007,0.0009,1757.28,7407.0
1783967129,eth,1784275200000,1200.0,call,119.75,0.31677,0.3115,0.3215,1756.48,36.0
1783967129,eth,1787904000000,1750.0,put,49.4,0.066997,0.066,0.068,1758.48,2156.0
1783967129,eth,1784880000000,1500.0,put,64.68,0.003442,0.0032,0.0037,1756.77,461.0
1783967129,eth,1798185600000,4200.0,call,59.26,0.003273,0.0029,0.0036,1776.55,3555.0
1783967129,eth,1784188800000,1775.0,call,47.36,0.011206,0.0105,0.0115,1756.76,488.0
1783967129,eth,1784275200000,1550.0,call,72.26,0.118559,0.114,0.1205,1756.48,559.0
1783967129,eth,1790323200000,8500.0,call,97.73,3.9e-05,,0.0002,1762.46,1253.0
1783967129,eth,1806048000000,5000.0,put,60.42,1.794039,1.682,1.928,1793.91,0.0
1783967129,eth,1790323200000,4500.0,put,71.94,1.553567,1.4555,1.6625,1762.42,6.0
1783967129,eth,1787904000000,1400.0,put,58.98,0.012868,0.0125,0.0135,1758.44,6012.0
1783967129,eth,1784275200000,1450.0,put,87.92,0.00038,0.0003,0.0005,1756.48,2773.0
1783967129,eth,1806048000000,800.0,call,71.31,0.569686,0.5665,0.572,1793.85,0.0
1783967129,eth,1806048000000,4400.0,call,58.78,0.010107,0.0095,0.0105,1793.91,1079.0
1783967129,eth,1798185600000,3000.0,put,54.77,0.705079,0.6925,0.7245,1776.51,674.0
1783967129,eth,1790323200000,2500.0,put,51.14,0.426066,0.417,0.4345,1762.42,3192.0
1783967129,eth,1790323200000,13000.0,call,119.8,3.4e-05,,0.0003,1762.42,1873.0
1783967129,eth,1790323200000,7200.0,put,90.95,3.085327,2.9285,3.257,1762.42,0.0
1783967129,eth,1813910400000,1900.0,put,57.82,0.253011,0.251,0.255,1810.11,6.0
1783967129,eth,1784016000000,1875.0,call,70.16,8.8e-05,,0.0001,1756.76,715.0
1783967129,eth,1784188800000,2000.0,put,64.18,0.138782,0.128,0.1875,1756.76,0.0
1783967129,eth,1785484800000,2650.0,call,68.76,0.000181,0.0001,0.0003,1757.24,2483.0
1783967129,eth,1798185600000,4500.0,call,60.6,0.002442,0.0024,0.0027,1776.51,1648.0
1783967129,eth,1813910400000,1400.0,call,60.05,0.336032,0.3315,0.34,1810.11,50.0
1783967129,eth,1806048000000,2300.0,call,56.0,0.098629,0.0975,0.0995,1793.91,2273.0
1783967129,eth,1785484800000,1300.0,call,75.88,0.262137,0.256,0.2665,1757.24,50.0
1783967129,eth,1787904000000,1850.0,call,48.55,0.047138,0.0465,0.048,1758.44,3407.0
1783967129,eth,1790323200000,6400.0,call,86.18,8.1e-05,,0.0002,1762.42,1923.0
1783967129,eth,1806048000000,6000.0,call,62.51,0.003324,0.003,0.0036,1793.91,3479.0
1783967129,eth,1798185600000,3500.0,put,56.33,0.977749,0.8975,1.0755,1776.55,52.0
1783967129,eth,1784016000000,1725.0,put,51.08,0.001988,0.0018,0.0021,1756.76,1289.0
1783967129,eth,1784016000000,1950.0,put,85.56,0.110077,0.098,0.157,1756.76,0.0
1783967129,eth,1785484800000,1450.0,put,64.26,0.00508,0.0047,0.0055,1757.28,4723.0
1783967129,eth,1784188800000,1800.0,put,47.39,0.03138,0.0275,0.036,1756.76,18.0
1783967129,eth,1784016000000,1925.0,put,75.17,0.095844,0.0835,0.142,1756.76,0.0
1783967129,eth,1784880000000,1700.0,call,50.11,0.052047,0.049,0.0525,1756.77,313.0
1783967129,eth,1785484800000,1500.0,put,60.12,0.006835,0.0065,0.0075,1757.28,11779.0
1783967129,eth,1787904000000,1200.0,call,69.12,0.322652,0.3175,0.327,1758.48,51.0
1783967129,eth,1806048000000,3500.0,put,56.98,0.975109,0.8875,1.085,1793.91,5.0
1783967129,eth,1790323200000,3500.0,put,60.74,0.986621,0.974,0.999,1762.42,1166.0
1783967129,eth,1798185600000,5200.0,call,63.37,0.001328,0.0011,0.0016,1776.51,8599.0
1783967129,eth,1790323200000,6500.0,call,86.61,7.5e-05,,0.0002,1762.42,1337.0
1783967129,eth,1785484800000,2550.0,call,66.27,0.000289,0.0002,0.0004,1757.28,1645.0
1783967129,eth,1790323200000,8000.0,put,94.35,3.539226,3.365,3.7295,1762.42,0.0
1783967129,eth,1784102400000,1775.0,call,47.83,0.007971,0.0075,0.0085,1756.76,134.0
1783967129,eth,1790323200000,6800.0,call,89.26,7.5e-05,,0.0002,1762.46,1462.0
1783967129,eth,1806048000000,900.0,call,68.22,0.519949,0.5165,0.522,1793.91,50.0
1783967129,eth,1798185600000,4600.0,put,60.97,1.591527,1.49,1.708,1776.55,0.0
1783967129,eth,1784275200000,2000.0,put,59.43,0.138938,0.126,0.1885,1756.52,19.0
1783967129,eth,1787904000000,2500.0,call,52.74,0.002523,0.0022,0.0028,1758.44,800.0
1783967129,eth,1790323200000,3600.0,call,61.74,0.000619,0.0004,0.0009,1762.42,2715.0
1783967129,eth,1790323200000,4600.0,put,72.55,1.610274,1.509,1.7205,1762.46,38.0
1783967129,eth,1806048000000,900.0,put,68.22,0.021708,0.021,0.0225,1793.85,766.0
1783967129,eth,1813910400000,2600.0,put,57.16,0.537909,0.455,0.649,1810.11,0.0
1783967129,eth,1790323200000,15000.0,put,127.3,7.511011,7.1845,7.8675,1762.42,0.0
1783967129,eth,1790323200000,12000.0,put,115.57,5.808815,5.5475,6.094,1762.42,0.0
1783967129,eth,1784188800000,1925.0,call,53.66,0.000363,0.0003,0.0004,1756.76,373.0
1783967129,eth,1785484800000,2150.0,call,51.61,0.001866,0.0017,0.002,1757.24,6063.0
1783967129,eth,1798185600000,3000.0,call,54.77,0.016394,0.016,0.017,1776.51,5013.0
1783967129,eth,1798185600000,4200.0,put,59.26,1.367432,1.2745,1.477,1776.55,62.0
1783967129,eth,1806048000000,2100.0,call,56.12,0.127103,0.126,0.1285,1793.85,482.0
1783967129,eth,1806048000000,1300.0,call,60.19,0.341886,0.339,0.3445,1793.91,50.0
1783967129,eth,1785484800000,3200.0,call,83.04,3.2e-05,,0.0001,1757.24,4778.0
1783967129,eth,1798185600000,2200.0,put,54.04,0.307077,0.2975,0.3185,1776.51,9278.0
1783967129,eth,1785484800000,2350.0,call,58.65,0.000612,0.0005,0.0007,1757.24,9529.0
1783967129,eth,1790323200000,1500.0,call,54.98,0.183946,0.179,0.1865,1762.42,1033.0
1783967129,eth,1785484800000,2500.0,put,64.57,0.42314,0.4165,0.4315,1757.28,463.0
1783967129,eth,1787904000000,3000.0,put,60.78,0.70662,0.6405,0.7805,1758.48,0.0
1783967129,eth,1785484800000,3000.0,call,76.46,4.2e-05,,0.0001,1757.24,2642.0
1783967129,eth,1798185600000,2100.0,call,54.04,0.082218,0.081,0.083,1776.51,1014.0
1783967129,eth,1784880000000,1850.0,put,46.77,0.065779,0.064,0.072,1756.77,0.0
1783967129,eth,1785484800000,2900.0,call,75.38,7.3e-05,,0.0001,1757.28,7825.0
1783967129,eth,1806048000000,4800.0,call,59.92,0.007492,0.007,0.008,1793.91,2887.0
1783967129,eth,1790323200000,3100.0,call,56.83,0.001582,0.0014,0.0019,1762.42,2193.0
1783967129,eth,1785484800000,1850.0,call,47.32,0.021181,0.02,0.0215,1757.24,9371.0
1783967129,eth,1790323200000,1600.0,put,53.08,0.05169,0.051,0.0525,1762.42,6210.0
1783967129,eth,1798185600000,3300.0,call,55.7,0.010243,0.0095,0.011,1776.55,1790.0
1783967129,eth,1787904000000,3400.0,put,66.73,0.933761,0.8595,1.0165,1758.48,0.0
1783967129,eth,1787904000000,2400.0,call,51.29,0.003708,0.0034,0.004,1758.44,1738.0
1783967129,eth,1785484800000,1600.0,call,53.7,0.103027,0.099,0.1045,1757.28,3482.0
1783967129,eth,1787904000000,2400.0,put,51.29,0.368539,0.3525,0.4325,1758.44,1.0
1783967129,eth,1784016000000,1650.0,put,78.27,0.000233,0.0002,0.0004,1756.76,1119.0
1783967129,eth,1798185600000,1200.0,call,61.78,0.355571,0.3515,0.359,1776.55,341.0
1783967129,eth,1798185600000,3500.0,call,56.33,0.007617,0.007,0.008,1776.55,24270.0
1783967129,eth,1806048000000,2500.0,put,56.0,0.470489,0.458,0.487,1793.91,560.0
1783967129,eth,1798185600000,1200.0,put,61.78,0.031045,0.0305,0.032,1776.55,5467.0
1783967129,eth,1784275200000,1450.0,call,87.92,0.17479,0.168,0.181,1756.48,50.0
1783967129,eth,1790323200000,4400.0,call,71.6,0.000327,0.0002,0.0005,1762.42,4347.0
1783967129,eth,1784016000000,1950.0,call,85.56,1e-05,,0.0001,1756.76,2313.0
1783967129,eth,1784102400000,1700.0,put,56.16,0.003721,0.0036,0.0039,1756.76,270.0
1783967129,eth,1806048000000,1300.0,put,60.19,0.066649,0.0655,0.0675,1793.91,1468.0
1783967129,eth,1784016000000,1600.0,put,95.51,7.6e-05,,0.0001,1756.76,1177.0
1783967129,eth,1813910400000,4500.0,put,59.01,1.507306,1.4,1.643,1810.07,0.0
1783967129,eth,1798185600000,2700.0,call,54.19,0.027539,0.027,0.028,1776.55,2177.0
1783967129,eth,1787904000000,1600.0,put,52.22,0.034095,0.0335,0.0345,1758.48,1559.0
1783967129,eth,1813910400000,1800.0,call,58.12,0.225129,0.222,0.2275,1810.07,1024.0
1783967129,eth,1790323200000,2000.0,call,50.28,0.043103,0.042,0.0435,1762.46,7815.0
1783967129,eth,1784880000000,2100.0,put,52.75,0.196267,0.183,0.249,1756.77,0.0
1783967129,eth,1798185600000,4500.0,put,60.6,1.535484,1.436,1.65,1776.55,2.0
1783967129,eth,1798185600000,2900.0,put,54.55,0.651822,0.58,0.7425,1776.55,174.0
1783967129,eth,1813910400000,2000.0,call,57.57,0.183609,0.1815,0.1855,1810.07,1464.0
1783967129,eth,1798185600000,4800.0,put,61.84,1.703755,1.599,1.825,1776.55,77.0
1783967129,eth,1785484800000,2000.0,call,47.61,0.005762,0.0055,0.006,1757.28,15163.0
1783967129,eth,1784188800000,2100.0,call,74.73,4.4e-05,,0.0001,1756.76,0.0
1783967129,eth,1784188800000,1750.0,put,49.05,0.014594,0.014,0.015,1756.76,100.0
1783967129,eth,1813910400000,3000.0,call,57.21,0.069578,0.068,0.0705,1810.11,295.0
1783967129,eth,1784102400000,1650.0,put,65.97,0.001386,0.0013,0.0016,1756.76,936.0
1783967129,eth,1798185600000,5000.0,put,62.81,1.816097,1.707,1.9415,1776.55,2.0
1783967129,eth,1806048000000,3800.0,put,57.6,1.136162,1.0445,1.2495,1793.91,2.0
1783967129,eth,1784188800000,1900.0,call,51.02,0.00058,0.0005,0.0007,1756.76,322.0
1783967129,eth,1798185600000,2300.0,put,54.04,0.351948,0.3425,0.365,1776.55,5194.0
1783967129,eth,1790323200000,6000.0,put,83.97,2.404515,2.274,2.5485,1762.46,0.0
1783967129,eth,1798185600000,2100.0,put,54.04,0.264297,0.2595,0.271,1776.55,2018.0
1783967129,eth,1806048000000,2200.0,call,56.0,0.111815,0.1105,0.113,1793.91,3058.0
1783967129,eth,1798185600000,3100.0,call,55.08,0.013976,0.0135,0.0145,1776.55,2068.0
1783967129,eth,1787904000000,1950.0,call,48.53,0.030252,0.029,0.0305,1758.44,2028.0
1783967129,eth,1806048000000,1600.0,call,57.56,0.23897,0.237,0.2405,1793.91,924.0
1783967129,eth,1784016000000,1725.0,call,51.08,0.020005,0.0155,0.0215,1756.76,1.0
1783967129,eth,1798185600000,3200.0,call,55.47,0.012023,0.0115,0.0125,1776.55,67201.0
1783967129,eth,1798185600000,4400.0,call,60.56,0.002822,0.0027,0.003,1776.51,1772.0
1783967129,eth,1784102400000,1950.0,call,63.44,8.3e-05,,0.0001,1756.76,315.0
1783967129,eth,1806048000000,4000.0,call,58.01,0.014552,0.0145,0.015,1793.91,1813.0
1783967129,eth,1790323200000,7400.0,put,90.95,3.198794,3.038,3.375,1762.42,0.0
1783967129,eth,1784016000000,1925.0,call,75.17,9e-06,,0.0001,1756.76,1643.0
1783967129,eth,1784275200000,1775.0,put,48.29,0.024929,0.024,0.0255,1756.52,1672.0
1783967129,eth,1787904000000,1300.0,call,63.52,0.268643,0.2635,0.2735,1758.44,51.0
1783967129,eth,1790323200000,2800.0,put,53.81,0.591923,0.5825,0.6015,1762.42,1287.0
1783967129,eth,1784275200000,1875.0,call,48.93,0.002034,0.0019,0.0022,1756.52,1480.0
1783967129,eth,1787904000000,1500.0,call,55.03,0.167847,0.1635,0.1695,1758.44,473.0
1783967129,eth,1790323200000,6200.0,call,86.18,0.000109,,0.0002,1762.46,2026.0
1783967129,eth,1784880000000,1775.0,call,47.5,0.027464,0.027,0.028,1756.8,424.0
1783967129,eth,1785484800000,2050.0,call,48.62,0.003816,0.0036,0.004,1757.24,8484.0
1783967129,eth,1787904000000,2800.0,put,57.76,0.5933,0.5315,0.6625,1758.48,0.0
1783967129,eth,1806048000000,4600.0,call,59.25,0.008579,0.008,0.009,1793.91,925.0
1783967129,eth,1790323200000,1700.0,put,51.74,0.074203,0.073,0.075,1762.46,3688.0
1783967129,eth,1784102400000,2000.0,put,71.97,0.138744,0.1275,0.187,1756.76,0.0
1783967129,eth,1806048000000,2000.0,call,56.22,0.144279,0.143,0.146,1793.91,1190.0
1783967129,eth,1790323200000,5600.0,put,83.18,2.177609,2.055,2.3125,1762.42,0.0
1783967129,eth,1790323200000,5500.0,call,82.14,0.00018,0.0001,0.0003,1762.46,1487.0
1783967129,eth,1813910400000,3500.0,call,57.61,0.044936,0.0435,0.046,1810.07,744.0
1783967129,eth,1784880000000,1825.0,call,46.8,0.016583,0.0155,0.017,1756.8,330.0
1783967129,eth,1813910400000,3600.0,put,57.74,1.030268,0.9355,1.155,1810.11,0.0
1783967129,eth,1784016000000,1500.0,call,105.41,0.146103,0.138,0.1525,1756.76,0.0
1783967129,eth,1790323200000,1700.0,call,51.74,0.109625,0.1085,0.111,1762.42,2689.0
1783967129,eth,1806048000000,1400.0,put,59.09,0.08491,0.084,0.086,1793.91,1596.0
1783967129,eth,1784102400000,1675.0,put,60.88,0.00223,0.0021,0.0024,1756.76,2331.0
1783967129,eth,1790323200000,7500.0,put,90.95,3.255528,3.0925,3.434,1762.42,0.0
1783967129,eth,1806048000000,1800.0,put,56.69,0.189577,0.1875,0.191,1793.91,3863.0
1783967129,eth,1790323200000,2200.0,call,50.28,0.021642,0.021,0.022,1762.42,4125.0
1783967129,eth,1806048000000,3500.0,call,56.98,0.023825,0.023,0.0245,1793.91,4296.0
1783967129,eth,1790323200000,5500.0,put,82.14,2.120872,2.0015,2.2535,1762.46,1.0
1783967129,eth,1813910400000,1500.0,put,59.38,0.133045,0.131,0.1345,1810.11,364.0
1783967129,eth,1787904000000,2600.0,put,54.23,0.480331,0.4625,0.5465,1758.44,3.0
1783967129,eth,1806048000000,3600.0,put,57.15,1.028485,0.94,1.141,1793.91,1.0
1783967129,eth,1784102400000,1950.0,put,63.44,0.110312,0.0995,0.1575,1756.76,0.0
1783967129,eth,1790323200000,2900.0,call,54.79,0.002491,0.0022,0.0028,1762.42,5003.0
1783967129,eth,1806048000000,1900.0,call,56.46,0.164044,0.163,0.1655,1793.85,1313.0
1783967129,eth,1790323200000,5400.0,put,80.98,2.064132,1.947,2.1945,1762.46,4.0
1783967129,eth,1787904000000,3600.0,call,68.25,0.000145,0.0001,0.0002,1758.44,1086.0
1783967129,eth,1790323200000,1900.0,put,50.28,0.137509,0.1355,0.1425,1762.42,3931.0
1783967129,eth,1784016000000,1700.0,put,59.16,0.000827,0.0007,0.0009,1756.76,2303.0
1783967129,eth,1790323200000,3400.0,put,59.82,0.930028,0.918,0.9425,1762.42,870.0
1783967129,eth,1806048000000,1900.0,put,56.46,0.223313,0.221,0.225,1793.91,805.0
1783967129,eth,1784275200000,1300.0,call,113.82,0.259927,0.254,0.2655,1756.48,50.0
1783967129,eth,1787904000000,3800.0,call,72.76,0.000145,0.0001,0.0003,1758.44,362.0
1783967129,eth,1784102400000,1925.0,put,59.93,0.096134,0.085,0.143,1756.76,0.0
1783967129,eth,1784275200000,2000.0,call,59.43,0.000296,0.0002,0.0003,1756.48,2247.0
1783967129,eth,1790323200000,7400.0,call,90.95,4.5e-05,,0.0002,1762.46,1019.0
1783967129,eth,1790323200000,5200.0,put,78.59,1.950652,1.8375,2.076,1762.42,3.0
1783967129,eth,1790323200000,14000.0,put,123.7,6.943612,6.6395,7.277,1762.42,0.0
1783967129,eth,1784188800000,1725.0,put,51.13,0.00947,0.009,0.01,1756.76,14.0
1783967129,eth,1798185600000,2600.0,put,54.09,0.496513,0.486,0.507,1776.51,1055.0
1783967129,eth,1790323200000,6400.0,put,86.18,2.631431,2.4915,2.7845,1762.42,0.0
1783967129,eth,1787904000000,2050.0,put,48.53,0.18453,0.136,0.244,1758.47,160.0
1783967129,eth,1790323200000,6600.0,put,87.51,2.744905,2.6015,2.9025,1762.42,0.0
1783967129,eth,1790323200000,2800.0,call,53.81,0.003207,0.0029,0.0035,1762.42,8003.0
1783967129,eth,1784275200000,1850.0,put,48.33,0.056783,0.018,0.103,1756.52,38.0
1783967129,eth,1787904000000,1950.0,put,48.53,0.139176,0.1365,0.144,1758.48,298.0
1783967129,eth,1798185600000,2900.0,call,54.55,0.019418,0.019,0.02,1776.55,1165.0
1783967129,eth,1785484800000,4000.0,call,99.78,7e-06,,0.0001,1757.24,8690.0
1783967129,eth,1784102400000,1725.0,call,52.48,0.024357,0.021,0.026,1756.76,54.0
1783967129,eth,1806048000000,2700.0,put,56.02,0.565001,0.487,0.6675,1793.91,147.0
1783967129,eth,1784275200000,1600.0,call,65.22,0.09104,0.0865,0.093,1756.52,978.0
1783967129,eth,1784188800000,1675.0,call,57.1,0.050348,0.044,0.0545,1756.76,0.0
1783967129,eth,1785484800000,1750.0,put,48.15,0.04,0.0395,0.041,1757.28,2771.0
1783967129,eth,1790323200000,3500.0,call,60.74,0.000727,0.0005,0.001,1762.42,15404.0
1783967129,eth,1784188800000,1650.0,put,60.76,0.002615,0.0024,0.0028,1756.76,238.0
1783967129,eth,1784016000000,1825.0,call,51.01,0.000226,0.0001,0.0003,1756.76,992.0
1783967129,eth,1790323200000,1800.0,call,50.84,0.081558,0.0805,0.0825,1762.42,2174.0
1783967129,eth,1785484800000,3800.0,call,94.88,8e-06,,0.0001,1757.24,2694.0
1783967129,eth,1785484800000,1300.0,put,75.88,0.001988,0.0018,0.0022,1757.28,9688.0
1783967129,eth,1784102400000,1900.0,put,54.38,0.081942,0.071,0.128,1756.76,10.0
1783967129,eth,1806048000000,3400.0,call,56.85,0.026593,0.0255,0.0275,1793.91,1869.0
1783967129,eth,1785484800000,2000.0,put,47.61,0.143985,0.138,0.1505,1757.28,3387.0
1783967129,eth,1813910400000,900.0,put,67.05,0.032423,0.0315,0.0335,1810.11,567.0
1783967129,eth,1813910400000,1300.0,call,60.87,0.370442,0.366,0.3745,1810.07,107.0
1783967129,eth,1787904000000,1600.0,call,52.22,0.124208,0.12,0.126,1758.44,920.0
1783967129,eth,1798185600000,1500.0,call,56.7,0.23038,0.2275,0.2325,1776.55,753.0
1783967129,eth,1784016000000,1600.0,call,95.51,0.089251,0.052,0.127,1756.76,0.0
1783967129,eth,1787904000000,1300.0,put,63.52,0.007926,0.0075,0.0085,1758.44,5754.0
1783967129,eth,1787904000000,1450.0,call,56.86,0.191758,0.1865,0.196,1758.48,51.0
1783967129,eth,1790323200000,5000.0,put,76.84,1.837194,1.7285,1.958,1762.46,2.0
1783967129,eth,1784102400000,1875.0,put,52.06,0.067901,0.057,0.113,1756.76,0.0
1783967129,eth,1785484800000,3600.0,call,91.48,1.2e-05,,0.0001,1757.28,2043.0
1783967129,eth,1798185600000,11000.0,put,83.63,5.192056,4.9545,5.2075,1776.51,109.0
1783967129,eth,1798185600000,2800.0,call,54.37,0.023103,0.0225,0.0235,1776.51,5763.0
1783967129,eth,1813910400000,1800.0,put,58.12,0.21956,0.2175,0.2215,1810.11,212.0
1783967129,eth,1798185600000,3400.0,put,56.07,0.922704,0.844,1.0195,1776.55,89.0
1783967129,eth,1784188800000,1650.0,call,60.76,0.063244,0.056,0.069,1756.76,2.0
1783967129,eth,1784275200000,1400.0,put,96.33,0.000244,0.0002,0.0003,1756.52,2510.0
1783967129,eth,1784880000000,1500.0,call,64.68,0.149578,0.143,0.1555,1756.8,0.0
1783967129,eth,1798185600000,8000.0,put,73.64,3.503521,3.331,3.6955,1776.55,0.0
1783967129,eth,1787904000000,1800.0,put,48.93,0.082139,0.081,0.083,1758.48,1079.0
1783967129,eth,1798185600000,1000.0,put,67.63,0.016398,0.016,0.017,1776.55,19474.0
1783967129,eth,1806048000000,3300.0,put,56.7,0.869447,0.785,0.979,1793.91,1.0
1783967129,eth,1785484800000,1750.0,call,48.15,0.04409,0.0435,0.045,1757.24,6861.0
1783967129,eth,1785484800000,2200.0,put,53.33,0.253422,0.2465,0.261,1757.24,2338.0
1783967129,eth,1790323200000,14000.0,call,123.7,3.4e-05,,0.0001,1762.42,1211.0
1783967129,eth,1784102400000,1650.0,call,65.97,0.061959,0.054,0.0685,1756.76,0.0
1783967129,eth,1787904000000,2000.0,put,48.49,0.161222,0.1505,0.2195,1758.48,155.0
1783967129,eth,1784102400000,1825.0,put,47.91,0.040779,0.036,0.047,1756.76,645.0
1783967129,eth,1787904000000,3600.0,put,68.25,1.047391,0.969,1.1345,1758.48,1.0
1783967129,eth,1785484800000,2500.0,call,64.57,0.000349,0.0003,0.0004,1757.24,2537.0
1783967129,eth,1784102400000,2000.0,call,71.97,4.4e-05,,0.0001,1756.76,1.0
1783967129,eth,1784188800000,1600.0,call,68.92,0.090333,0.0825,0.0965,1756.76,0.0
1783967129,eth,1798185600000,1400.0,call,57.97,0.268533,0.2645,0.272,1776.55,896.0
1783967129,eth,1806048000000,2600.0,put,56.01,0.517193,0.504,0.535,1793.91,626.0
1783967129,eth,1784275200000,1675.0,put,55.86,0.00582,0.0055,0.006,1756.52,1525.0
1783967129,eth,1790323200000,4600.0,call,72.55,0.000241,0.0001,0.0004,1762.46,3072.0
1783967129,eth,1806048000000,2800.0,call,56.08,0.05287,0.0515,0.054,1793.91,2973.0
1783967129,eth,1790323200000,10000.0,call,105.8,3.5e-05,,0.0001,1762.42,1561.0
1783967129,eth,1813910400000,2300.0,call,57.16,0.135681,0.134,0.137,1810.11,8.0
1783967129,eth,1813910400000,2700.0,call,57.17,0.092247,0.0905,0.093,1810.11,83.0
1783967129,eth,1784275200000,1950.0,call,54.1,0.000537,0.0004,0.0006,1756.52,2233.0
1783967129,eth,1784275200000,1825.0,call,48.23,0.005794,0.005,0.006,1756.48,2267.0
1783967129,eth,1784102400000,1850.0,put,49.42,0.054062,0.0435,0.099,1756.76,82.0
1783967129,eth,1787904000000,1900.0,put,48.55,0.118443,0.116,0.123,1758.44,258.0
1783967129,eth,1790323200000,3800.0,put,63.94,1.156592,1.0735,1.25,1762.42,954.0
1783967129,eth,1790323200000,16000.0,call,130.17,3.2e-05,,0.0001,1762.42,7426.0
1783967129,eth,1798185600000,3300.0,put,55.7,0.867797,0.7905,0.963,1776.51,0.0
1783967129,eth,1798185600000,3400.0,call,56.07,0.008861,0.0085,0.0095,1776.55,12462.0
1783967129,eth,1784102400000,1725.0,put,52.48,0.006483,0.0065,0.007,1756.76,184.0
1783967129,eth,1785484800000,1400.0,put,67.89,0.003667,0.0035,0.0039,1757.24,9630.0
1783967129,eth,1790323200000,3200.0,call,57.99,0.00131,0.0011,0.0016,1762.42,7794.0
1783967129,eth,1790323200000,6200.0,put,86.18,2.51798,2.3835,2.667,1762.46,0.0
1783967129,eth,1787904000000,1700.0,call,50.15,0.087303,0.083,0.0895,1758.44,1022.0
1783967129,eth,1798185600000,2000.0,call,54.05,0.098143,0.097,0.099,1776.55,3608.0
1783967129,eth,1790323200000,1000.0,put,74.63,0.004664,0.0045,0.005,1762.42,6200.0
1783967129,eth,1785484800000,1500.0,call,60.12,0.15316,0.149,0.155,1757.28,583.0
1783967129,eth,1784880000000,2200.0,call,57.47,0.000399,0.0003,0.0005,1756.8,620.0
1783967129,eth,1790323200000,1000.0,call,74.63,0.437266,0.433,0.4405,1762.46,124.0
1783967129,eth,1784880000000,1900.0,call,46.8,0.007101,0.0065,0.0075,1756.77,7212.0
1783967129,eth,1785484800000,1400.0,call,67.89,0.206904,0.201,0.2115,1757.28,150.0
1783967129,eth,1798185600000,1800.0,call,54.59,0.139862,0.139,0.1415,1776.55,2478.0
1783967129,eth,1798185600000,800.0,put,75.15,0.008038,0.0075,0.0085,1776.55,3661.0
1783967129,eth,1806048000000,4800.0,put,59.92,1.68354,1.5745,1.813,1793.91,0.0
1783967129,eth,1790323200000,5200.0,call,78.59,0.00018,0.0001,0.0003,1762.42,1610.0
1783967129,eth,1785484800000,4200.0,put,102.54,1.390293,1.299,1.489,1757.28,0.0
1783967129,eth,1784102400000,1700.0,call,56.16,0.035829,0.03,0.0395,1756.76,89.0
1783967129,eth,1787904000000,3400.0,call,66.73,0.000251,0.0002,0.0005,1758.48,432.0
1783967129,eth,1785484800000,2700.0,put,69.94,0.536759,0.5285,0.5465,1757.28,630.0
1783967129,eth,1785484800000,2600.0,put,68.12,0.47995,0.4635,0.5435,1757.24,29.0
1783967129,eth,1813910400000,3000.0,put,57.21,0.726963,0.6385,0.844,1810.11,45.0
1783967129,eth,1787904000000,2000.0,call,48.49,0.023863,0.0225,0.024,1758.48,1752.0
1783967129,eth,1806048000000,800.0,put,71.31,0.015694,0.015,0.0165,1793.91,434.0
1783967129,eth,1798185600000,1500.0,put,56.7,0.074723,0.074,0.0755,1776.55,15959.0
1783967129,eth,1798185600000,2000.0,put,54.05,0.223933,0.2215,0.2295,1776.51,9818.0
1783967129,eth,1787904000000,2200.0,put,49.08,0.260056,0.2085,0.3205,1758.44,170.0
1783967129,eth,1806048000000,4200.0,call,58.51,0.012205,0.012,0.0125,1793.91,3108.0
1783967129,eth,1798185600000,800.0,call,75.15,0.557722,0.5545,0.56,1776.55,171.0
1783967129,eth,1798185600000,5500.0,call,64.71,0.001094,0.0009,0.0013,1776.51,1397.0
1783967129,eth,1806048000000,4500.0,call,59.21,0.009482,0.009,0.01,1793.85,2428.0
1783967129,eth,1798185600000,4000.0,call,58.49,0.004116,0.004,0.0043,1776.51,16543.0
1783967129,eth,1784880000000,1750.0,put,48.1,0.0307,0.03,0.0315,1756.8,1061.0
1783967129,eth,1784880000000,1650.0,put,52.85,0.012506,0.012,0.013,1756.8,1478.0
1783967129,eth,1784880000000,1550.0,call,60.35,0.122871,0.116,0.1285,1756.77,18.0
1783967129,eth,1790323200000,9000.0,put,100.09,4.10662,3.911,4.3205,1762.42,0.0
1783967129,eth,1784188800000,1825.0,put,47.29,0.0426,0.036,0.07,1756.76,18.0
1783967129,eth,1790323200000,1200.0,call,65.11,0.329681,0.324,0.334,1762.46,138.0
1783967129,eth,1784880000000,2000.0,put,48.56,0.140683,0.1285,0.1915,1756.77,1.0
1783967129,eth,1787904000000,1700.0,put,50.15,0.054058,0.0535,0.055,1758.44,2438.0
1783967129,eth,1790323200000,2300.0,put,50.38,0.320139,0.312,0.328,1762.42,1212.0
1783967129,eth,1784880000000,1900.0,put,46.8,0.088662,0.0785,0.138,1756.8,28.0
1783967129,eth,1784016000000,1825.0,put,51.01,0.039135,0.034,0.0435,1756.76,368.0
1783967129,eth,1813910400000,2100.0,put,57.41,0.326121,0.3205,0.3295,1810.11,0.0
1783967129,eth,1798185600000,1000.0,call,67.63,0.453503,0.4495,0.457,1776.55,54.0
1783967129,eth,1798185600000,2800.0,put,54.37,0.599209,0.588,0.617,1776.55,2205.0
1783967129,eth,1790323200000,3000.0,call,55.79,0.001968,0.0017,0.0022,1762.42,13504.0
1783967129,eth,1784880000000,1825.0,put,46.8,0.055451,0.051,0.0605,1756.77,54.0
1783967129,eth,1784275200000,1400.0,call,96.33,0.203123,0.1965,0.209,1756.48,50.0
1783967129,eth,1790323200000,4000.0,put,66.94,1.270028,1.183,1.368,1762.42,140.0
1783967129,eth,1784016000000,1500.0,put,105.41,1e-06,,0.0001,1756.76,1903.0
1783967129,eth,1790323200000,6500.0,put,86.61,2.688165,2.547,2.844,1762.46,0.0
1783967129,eth,1798185600000,4400.0,put,60.56,1.47956,1.3825,1.593,1776.51,20.0
1783967129,eth,1785484800000,3600.0,put,91.48,1.048656,0.9705,1.134,1757.28,17.0
1783967129,eth,1785484800000,4000.0,put,99.78,1.276472,1.1885,1.371,1757.24,0.0
1783967129,eth,1784880000000,1875.0,put,46.66,0.076826,0.071,0.0845,1756.77,1.0
1783967129,eth,1787904000000,2200.0,call,49.08,0.008962,0.0085,0.0095,1758.44,4032.0
1783967129,eth,1790323200000,3400.0,call,59.82,0.000874,0.0006,0.0012,1762.42,6667.0
1783967129,eth,1790323200000,4400.0,put,71.6,1.49688,1.401,1.604,1762.46,281.0
1783967129,eth,1790323200000,5800.0,put,83.95,2.291055,2.165,2.4305,1762.46,0.0
1783967129,eth,1787904000000,2350.0,put,50.6,0.340952,0.2875,0.404,1758.47,100.0
1783967129,eth,1813910400000,1200.0,call,61.95,0.407747,0.4035,0.4115,1810.11,50.0
1783967129,eth,1785484800000,1650.0,put,51.44,0.019741,0.019,0.0205,1757.24,6130.0
1783967129,eth,1798185600000,1300.0,put,59.64,0.042163,0.0415,0.043,1776.51,1477.0
1783967129,eth,1784102400000,1825.0,call,47.91,0.001719,0.0015,0.0018,1756.76,821.0
1783967129,eth,1790323200000,2600.0,call,51.87,0.005541,0.005,0.006,1762.42,7123.0
1783967129,eth,1798185600000,7000.0,put,70.07,2.940736,2.7895,3.1095,1776.55,0.0
1783967129,eth,1813910400000,4000.0,call,58.19,0.030156,0.029,0.031,1810.07,4292.0
1783967129,eth,1806048000000,1200.0,put,61.61,0.051513,0.0505,0.0525,1793.91,1004.0
1783967129,eth,1790323200000,7000.0,put,90.95,2.971864,2.8195,3.139,1762.42,0.0
1783967129,eth,1790323200000,1900.0,call,50.28,0.059452,0.0585,0.06,1762.42,1638.0
1783967129,eth,1798185600000,2300.0,call,54.04,0.057289,0.056,0.0575,1776.55,2966.0
1783967129,eth,1784102400000,2100.0,put,93.27,0.195667,0.15,0.247,1756.76,0.0
1783967129,eth,1806048000000,1800.0,call,56.69,0.186097,0.1845,0.188,1793.91,3739.0
1783967129,eth,1787904000000,2050.0,call,48.53,0.018731,0.018,0.019,1758.44,2179.0
1783967129,eth,1785484800000,1550.0,put,56.65,0.009546,0.009,0.01,1757.28,5735.0
1783967129,eth,1787904000000,1800.0,call,48.93,0.058514,0.058,0.0595,1758.47,4256.0
1783967129,eth,1784880000000,1400.0,put,74.5,0.001651,0.0015,0.0018,1756.77,2515.0
1783967129,eth,1784188800000,1875.0,call,48.74,0.000987,0.0008,0.0011,1756.76,45.0
1783967129,eth,1813910400000,1900.0,call,57.82,0.203332,0.201,0.2055,1810.11,3.0
1783967129,eth,1806048000000,3700.0,call,57.35,0.019396,0.0185,0.02,1793.91,1417.0
1783967129,eth,1806048000000,5000.0,call,60.42,0.00649,0.006,0.007,1793.91,1222.0
1783967129,eth,1806048000000,2000.0,put,56.22,0.259299,0.257,0.261,1793.91,1500.0
1783967129,eth,1790323200000,2100.0,put,50.27,0.222275,0.214,0.229,1762.46,2754.0
1783967129,eth,1806048000000,1200.0,call,61.61,0.382501,0.3795,0.4115,1793.91,51.0
1783967129,eth,1785484800000,2450.0,call,62.26,0.000395,0.0003,0.0005,1757.28,5598.0
1783967129,eth,1790323200000,2700.0,put,52.87,0.536177,0.5265,0.5455,1762.42,527.0
1783967129,eth,1806048000000,2500.0,call,56.0,0.076714,0.0755,0.077,1793.91,1626.0
1783967129,eth,1784016000000,1675.0,call,68.63,0.046896,0.0365,0.085,1756.76,0.0
1783967129,eth,1790323200000,2300.0,call,50.38,0.015123,0.0145,0.0155,1762.42,10035.0
1783967129,eth,1790323200000,1400.0,put,57.61,0.023451,0.023,0.024,1762.42,7711.0
1783967129,eth,1806048000000,1500.0,put,58.21,0.106298,0.105,0.1075,1793.91,4109.0
1783967129,eth,1813910400000,2700.0,put,57.17,0.583894,0.5,0.696,1810.11,0.0
1783967129,eth,1813910400000,1700.0,put,58.46,0.188286,0.1865,0.19,1810.11,226.0
1783967129,eth,1784188800000,2000.0,call,64.18,0.00015,0.0001,0.0002,1756.76,520.0
1783967129,eth,1806048000000,1500.0,call,58.21,0.270033,0.267,0.2725,1793.91,197.0
1783967129,eth,1784102400000,1775.0,put,47.83,0.018564,0.0175,0.019,1756.76,347.0
1783967129,eth,1790323200000,3800.0,call,63.94,0.000478,0.0004,0.0007,1762.46,2006.0
1783967129,eth,1790323200000,3300.0,call,59.09,0.00109,0.0009,0.0013,1762.46,17690.0
1783967129,eth,1785484800000,2150.0,put,51.61,0.225466,0.2185,0.2325,1757.28,1087.0
1783967129,eth,1806048000000,3300.0,call,56.7,0.029664,0.0285,0.0305,1793.91,1884.0
1783967129,eth,1784016000000,1800.0,call,45.23,0.000708,0.0005,0.0008,1756.76,1477.0
1783967129,eth,1790323200000,2200.0,put,50.28,0.269918,0.262,0.277,1762.42,5536.0
1783967129,eth,1798185600000,1300.0,call,59.64,0.3104,0.3065,0.314,1776.55,50.0
1783967129,eth,1790323200000,3200.0,put,57.99,0.816985,0.8055,0.8285,1762.42,1334.0
1783967129,eth,1784275200000,1650.0,put,58.78,0.004059,0.0038,0.0042,1756.52,4685.0
1783967129,eth,1787904000000,2600.0,call,54.23,0.001765,0.0015,0.002,1758.44,538.0
1783967129,eth,1806048000000,3000.0,call,56.3,0.041732,0.0405,0.0425,1793.91,5217.0
1783967129,eth,1790323200000,1200.0,put,65.11,0.010559,0.0105,0.011,1762.42,11561.0
1783967129,eth,1784275200000,1700.0,put,53.48,0.008537,0.008,0.009,1756.48,4876.0
1783967129,eth,1798185600000,1900.0,put,54.29,0.186923,0.185,0.1875,1776.55,2770.0
1783967129,eth,1790323200000,7200.0,call,90.95,5.8e-05,,0.0002,1762.46,1160.0
1783967129,eth,1787904000000,1550.0,call,53.5,0.145265,0.14,0.1495,1758.44,120.0
1783967129,eth,1813910400000,3200.0,call,57.34,0.058128,0.057,0.059,1810.11,225.0
1783967129,eth,1787904000000,3200.0,call,63.88,0.000375,0.0003,0.0006,1758.44,286.0
1783967129,eth,1790323200000,6600.0,call,87.51,7.5e-05,,0.0002,1762.42,1414.0
1783967129,eth,1787904000000,1000.0,call,79.09,0.433004,0.4285,0.4365,1758.48,50.0
1783967129,eth,1784275200000,1650.0,call,58.78,0.064595,0.0605,0.0665,1756.48,923.0
1783967129,eth,1784188800000,1900.0,put,51.02,0.082279,0.0715,0.129,1756.76,0.0
1783967129,eth,1784188800000,1750.0,call,49.05,0.018292,0.0175,0.019,1756.76,181.0
1783967129,eth,1806048000000,3100.0,call,56.42,0.037152,0.036,0.038,1793.91,1844.0
1783967129,eth,1784016000000,1775.0,call,42.97,0.002803,0.0025,0.003,1756.76,1167.0
1783967129,eth,1784275200000,1950.0,put,54.1,0.110715,0.0985,0.159,1756.52,30.0
1783967129,eth,1784188800000,1675.0,put,57.1,0.003951,0.0037,0.0042,1756.76,116.0
1783967129,eth,1785484800000,2250.0,call,55.27,0.001046,0.0009,0.0012,1757.24,3431.0
1783967129,eth,1785484800000,1000.0,put,95.38,0.00017,0.0001,0.0003,1757.28,10555.0
1783967129,eth,1790323200000,2400.0,put,50.64,0.372365,0.363,0.38,1762.46,2115.0
1783967129,eth,1790323200000,2900.0,put,54.79,0.647946,0.583,0.723,1762.42,49.0
1783967129,eth,1790323200000,15000.0,call,127.3,3.4e-05,,0.0001,1762.42,877.0
1783967129,eth,1787904000000,2150.0,put,48.63,0.233971,0.183,0.295,1758.47,83.0
1783967129,eth,1790323200000,5600.0,call,83.18,0.000178,0.0001,0.0002,1762.42,6163.0
1783967129,eth,1784880000000,2100.0,call,52.75,0.000858,0.0007,0.001,1756.77,67.0
1783967129,eth,1806048000000,2700.0,call,56.02,0.059724,0.0585,0.0605,1793.91,2639.0
1783967129,eth,1790323200000,3000.0,put,55.79,0.704163,0.6935,0.715,1762.42,7576.0
1783967129,eth,1784016000000,1850.0,put,62.17,0.053297,0.0415,0.098,1756.76,19.0
1783967129,eth,1798185600000,3600.0,put,56.67,1.033035,0.9505,1.1325,1776.51,93.0
1783967129,eth,1784188800000,1700.0,call,53.79,0.038239,0.033,0.042,1756.76,0.0
1783967129,eth,1790323200000,5000.0,call,76.84,0.000202,0.0001,0.0003,1762.46,4000.0
1783967129,eth,1785484800000,1800.0,put,47.35,0.055252,0.0545,0.056,1757.28,12836.0
1783967129,eth,1787904000000,2250.0,put,49.45,0.286594,0.234,0.348,1758.48,13.0
1783967129,eth,1813910400000,2200.0,call,57.27,0.150014,0.1485,0.1515,1810.07,1023.0
1783967129,eth,1798185600000,3600.0,call,56.67,0.006613,0.006,0.007,1776.55,2218.0
1783967129,eth,1798185600000,9000.0,call,78.26,0.000321,0.0002,0.0005,1776.55,1908.0
1783967129,eth,1813910400000,900.0,call,67.05,0.535207,0.5315,0.539,1810.11,2.0
1783967129,eth,1784275200000,1625.0,put,61.9,0.002843,0.0027,0.003,1756.52,1414.0
1783967129,eth,1790323200000,2700.0,call,52.87,0.004202,0.0039,0.0045,1762.42,3646.0
1783967129,eth,1790323200000,11000.0,call,110.93,3.4e-05,,0.0001,1762.46,2766.0
1783967129,eth,1787904000000,2100.0,put,48.57,0.208823,0.202,0.2155,1758.48,441.0
1783967129,eth,1790323200000,10000.0,put,105.8,4.674019,4.4565,4.912,1762.42,0.0
1783967129,eth,1798185600000,2200.0,call,54.04,0.068708,0.0675,0.069,1776.55,52609.0
1783967129,eth,1784880000000,1750.0,call,48.1,0.034525,0.034,0.0355,1756.8,967.0
1783967129,eth,1806048000000,2100.0,put,56.12,0.297874,0.2955,0.299,1793.91,486.0
1783967129,eth,1785484800000,1200.0,put,83.22,0.001003,0.0009,0.0011,1757.28,11159.0
1783967129,eth,1785484800000,3400.0,call,87.62,2e-05,,0.0001,1757.24,2543.0
1783967129,eth,1813910400000,2500.0,call,57.16,0.111771,0.11,0.113,1810.11,3340.0
1783967129,eth,1798185600000,4000.0,put,58.49,1.255696,1.1665,1.361,1776.55,223.0
1783967129,eth,1813910400000,800.0,put,69.47,0.02398,0.023,0.025,1810.11,83.0
1783967129,eth,1806048000000,6000.0,put,62.51,2.348384,2.2175,2.5005,1793.91,0.0
1783967129,eth,1790323200000,3100.0,put,56.83,0.760517,0.6915,0.839,1762.42,0.0
1783967129,eth,1798185600000,1600.0,call,55.77,0.196235,0.1945,0.198,1776.55,622.0
1783967129,eth,1784102400000,1875.0,call,52.06,0.000373,0.0003,0.0004,1756.76,263.0
1783967129,eth,1806048000000,3100.0,put,56.42,0.765433,0.683,0.872,1793.91,99.0
1783967129,eth,1785484800000,3100.0,put,78.82,0.764292,0.6955,0.838,1757.28,0.0
1783967129,eth,1784016000000,1650.0,call,78.27,0.060945,0.0505,0.099,1756.76,0.0
1783967129,eth,1813910400000,3400.0,put,57.52,0.927272,0.8345,1.0495,1810.07,0.0
1783967129,eth,1784016000000,2000.0,call,88.25,1e-06,,0.0001,1756.76,713.0
1783967129,eth,1785484800000,4200.0,call,102.54,4e-06,,0.0001,1757.24,1180.0
1783967129,eth,1790323200000,13000.0,put,119.8,6.376214,6.0935,6.6855,1762.42,0.0
1783967129,eth,1798185600000,3800.0,put,57.73,1.14427,1.059,1.247,1776.55,26.0
1783967129,eth,1813910400000,1200.0,put,61.95,0.070702,0.0695,0.072,1810.07,335.0
1783967129,eth,1785484800000,1700.0,call,49.56,0.060853,0.0595,0.0625,1757.28,2959.0
1783967129,eth,1784275200000,1600.0,put,65.22,0.002036,0.0019,0.0022,1756.52,18392.0
1783967129,eth,1784016000000,1900.0,put,71.35,0.081627,0.0695,0.1275,1756.76,0.0
1783967129,eth,1784880000000,1600.0,call,56.3,0.097182,0.0905,0.1015,1756.77,51.0
1783967129,eth,1790323200000,1300.0,put,60.96,0.01565,0.015,0.0165,1762.46,1536.0
1783967129,eth,1784275200000,1800.0,put,48.27,0.034203,0.0325,0.0385,1756.48,1343.0
1783967129,eth,1784016000000,1800.0,put,45.23,0.025386,0.021,0.032,1756.76,995.0
1783967129,eth,1790323200000,1400.0,call,57.61,0.229093,0.224,0.2325,1762.42,126.0
1783967129,eth,1787904000000,1450.0,put,56.86,0.016343,0.016,0.017,1758.44,5236.0
1783967129,eth,1787904000000,3200.0,put,63.88,0.820149,0.75,0.898,1758.44,0.0
1783967129,eth,1785484800000,2650.0,put,68.76,0.508339,0.45,0.5725,1757.24,52.0
1783967129,eth,1806048000000,5500.0,call,61.43,0.004538,0.0044,0.0048,1793.85,1941.0
1783967129,eth,1790323200000,3600.0,put,61.74,1.043254,0.964,1.1315,1762.42,539.0
1783967129,eth,1790323200000,1300.0,call,60.96,0.278032,0.2725,0.282,1762.46,69.0
1783967129,eth,1784880000000,1850.0,call,46.77,0.01268,0.012,0.013,1756.8,2303.0
1783967129,eth,1798185600000,1600.0,put,55.77,0.09687,0.096,0.098,1776.55,7286.0
1783967129,eth,1784880000000,1775.0,put,47.5,0.03787,0.037,0.0385,1756.8,725.0
1783967129,eth,1784188800000,1950.0,call,57.09,0.000259,0.0002,0.0003,1756.76,254.0
1783967129,eth,1798185600000,11000.0,call,83.63,0.00021,0.0001,0.0004,1776.55,2141.0
1783967129,eth,1813910400000,1000.0,call,64.99,0.490336,0.4865,0.494,1810.11,51.0
1783967129,eth,1813910400000,2300.0,put,57.16,0.406345,0.33,0.511,1810.11,0.0
1783967129,eth,1784102400000,1800.0,call,47.8,0.003923,0.0035,0.004,1756.76,431.0
1783967129,eth,1785484800000,3100.0,call,78.82,3.1e-05,,0.0001,1757.24,1775.0
1783967129,eth,1785484800000,2550.0,put,66.27,0.451535,0.3945,0.514,1757.24,112.0
1783967129,eth,1784188800000,1800.0,call,47.39,0.006612,0.006,0.007,1756.76,408.0
1783967129,eth,1787904000000,1500.0,put,55.03,0.020866,0.0205,0.0215,1758.48,3710.0
1783967129,eth,1784188800000,1600.0,put,68.92,0.001238,0.0011,0.0014,1756.76,1183.0
1783967129,eth,1784102400000,1900.0,call,54.38,0.000178,0.0001,0.0002,1756.76,239.0
1783967129,eth,1787904000000,2100.0,call,48.57,0.014597,0.014,0.015,1758.48,4360.0
1783967129,eth,1784275200000,1900.0,call,50.42,0.001269,0.0011,0.0014,1756.48,6832.0
1783967129,eth,1784880000000,1600.0,put,56.3,0.007971,0.0075,0.0085,1756.77,3616.0
1783967129,eth,1813910400000,3200.0,put,57.34,0.826006,0.736,0.9455,1810.11,0.0
1783967129,eth,1784275200000,1725.0,call,51.17,0.030163,0.0275,0.0315,1756.52,458.0
1783967129,eth,1790323200000,9000.0,call,100.09,3.5e-05,,0.0004,1762.42,1519.0
1783967129,eth,1813910400000,2100.0,call,57.41,0.16595,0.164,0.1675,1810.11,6.0
1783967129,eth,1806048000000,3200.0,call,56.56,0.033171,0.032,0.034,1793.91,1410.0
1783967129,eth,1785484800000,1800.0,call,47.35,0.030842,0.03,0.0315,1757.28,13832.0
1783967129,eth,1798185600000,3800.0,call,57.73,0.005257,0.0048,0.0055,1776.55,3115.0
1783967129,eth,1790323200000,4800.0,call,74.53,0.000213,0.0001,0.0004,1762.46,1920.0
1783967129,eth,1806048000000,2400.0,call,56.0,0.086986,0.0855,0.0875,1793.91,1691.0
1783967129,eth,1806048000000,4000.0,put,58.01,1.244592,1.1505,1.3625,1793.91,0.0
1783967129,eth,1787904000000,1200.0,put,69.12,0.005068,0.0047,0.0055,1758.48,6084.0
1783967129,eth,1790323200000,4000.0,call,66.94,0.000435,0.0003,0.0006,1762.42,12123.0
1783967129,eth,1790323200000,2100.0,call,50.27,0.030739,0.03,0.031,1762.42,5105.0
1783967129,eth,1798185600000,2500.0,put,54.05,0.446882,0.4365,0.462,1776.55,1175.0
1783967129,eth,1785484800000,2100.0,put,49.98,0.197762,0.192,0.2045,1757.24,791.0
1783967129,eth,1806048000000,4600.0,put,59.25,1.573124,1.4685,1.7,1793.91,0.0
1783967129,eth,1806048000000,3700.0,put,57.35,1.082183,0.9915,1.196,1793.91,0.0
1783967129,eth,1798185600000,1700.0,call,55.11,0.166171,0.1645,0.1675,1776.55,383.0
1783967129,eth,1806048000000,2200.0,put,56.0,0.338337,0.3295,0.347,1793.91,1687.0
1783967129,eth,1784016000000,1850.0,call,62.17,0.000156,,0.0002,1756.76,2179.0
1783967129,eth,1790323200000,6000.0,call,83.97,0.000105,,0.0002,1762.46,3181.0
1783967129,eth,1784016000000,2000.0,put,88.25,0.138535,0.126,0.1865,1756.76,4.0
1783967129,eth,1787904000000,1650.0,put,51.11,0.043165,0.0425,0.044,1758.47,1800.0
1783967129,eth,1798185600000,3200.0,put,55.47,0.813288,0.7995,0.834,1776.51,251.0
1783967129,eth,1790323200000,5400.0,call,80.98,0.00018,0.0001,0.0003,1762.42,1177.0
1783967129,eth,1798185600000,10000.0,call,81.75,0.000283,0.0002,0.0004,1776.55,1675.0
1783967129,eth,1785484800000,1950.0,call,47.36,0.009069,0.0085,0.0095,1757.24,8273.0
1783967129,eth,1785484800000,1700.0,put,49.56,0.028351,0.0275,0.029,1757.28,7773.0
1783967129,eth,1787904000000,3000.0,call,60.78,0.000582,0.0004,0.0008,1758.44,76.0
1783967129,eth,1790323200000,4800.0,put,74.53,1.723741,1.619,1.8395,1762.46,110.0
1783967129,eth,1813910400000,2800.0,call,57.18,0.083894,0.0825,0.0845,1810.11,21.0
1783967129,eth,1787904000000,2150.0,call,48.63,0.011303,0.011,0.012,1758.47,1723.0
1783967129,eth,1798185600000,5500.0,put,64.71,2.097034,1.9775,2.233,1776.55,0.0
1783967129,eth,1784102400000,2100.0,call,93.27,3.3e-05,,0.0001,1756.76,252.0
1783967129,eth,1790323200000,4200.0,call,69.21,0.000368,0.0003,0.0006,1762.46,2467.0
1783967129,eth,1787904000000,2500.0,put,52.74,0.424222,0.4075,0.489,1758.48,2.0
1783967129,eth,1813910400000,2800.0,put,57.18,0.630787,0.5455,0.745,1810.11,0.0
1783967129,eth,1784880000000,2200.0,put,57.47,0.252733,0.2045,0.307,1756.8,1.0
1783967129,eth,1787904000000,1850.0,put,48.55,0.099195,0.097,0.104,1758.44,407.0
1783967129,eth,1813910400000,2600.0,call,57.16,0.101509,0.0995,0.1025,1810.11,37.0
1783967129,eth,1813910400000,1300.0,put,60.87,0.088643,0.0875,0.09,1810.11,864.0
1783967129,eth,1806048000000,5500.0,put,61.43,2.070843,1.95,2.2135,1793.91,0.0
1783967129,eth,1784016000000,1750.0,call,45.31,0.009157,0.008,0.0095,1756.76,60.0
1783967129,eth,1806048000000,1400.0,call,59.09,0.304396,0.301,0.33,1793.91,6.0
1783967129,eth,1784880000000,2000.0,call,48.56,0.002198,0.0021,0.0024,1756.77,3695.0
1783967129,eth,1784275200000,1725.0,put,51.17,0.012331,0.012,0.0125,1756.48,1078.0
1783967129,eth,1784275200000,1700.0,call,53.48,0.040604,0.037,0.042,1756.52,3160.0
1783967129,eth,1813910400000,2400.0,put,57.16,0.449032,0.3705,0.556,1810.07,0.0
1783967129,eth,1784016000000,1875.0,put,70.16,0.06746,0.0555,0.113,1756.76,1.0
1783967129,eth,1785484800000,2300.0,put,57.04,0.309768,0.303,0.318,1757.24,2773.0
1783967129,eth,1806048000000,1600.0,put,57.56,0.130986,0.1295,0.1325,1793.91,1532.0
1783967129,eth,1784880000000,1700.0,put,50.11,0.019759,0.0195,0.0205,1756.8,1376.0
1783967129,eth,1784880000000,1950.0,call,47.06,0.003808,0.0036,0.004,1756.8,1317.0
1783967129,eth,1798185600000,2500.0,call,54.05,0.039644,0.0385,0.04,1776.55,22428.0
1783967129,eth,1785484800000,2400.0,call,60.59,0.000496,0.0004,0.0006,1757.28,11440.0
1783967129,eth,1806048000000,2400.0,put,56.0,0.42501,0.414,0.441,1793.91,357.0
1783967129,eth,1787904000000,2350.0,call,50.6,0.004548,0.0042,0.0048,1758.47,2333.0
1783967129,eth,1787904000000,1550.0,put,53.5,0.026718,0.026,0.0275,1758.44,2012.0
1783967129,eth,1785484800000,2350.0,put,58.65,0.338035,0.331,0.3465,1757.28,538.0
1783967129,eth,1785484800000,1900.0,put,47.18,0.095298,0.093,0.1,1757.24,2264.0
1783967129,eth,1784188800000,1875.0,put,48.74,0.068454,0.058,0.1145,1756.79,0.0
1783967129,eth,1798185600000,6000.0,put,66.09,2.378125,2.2485,2.5245,1776.55,0.0
1783967129,eth,1784188800000,1725.0,call,51.13,0.027401,0.024,0.029,1756.79,0.0
1783967129,eth,1806048000000,1700.0,call,57.06,0.211006,0.209,0.213,1793.91,1336.0
1783967129,eth,1784188800000,2100.0,put,74.73,0.195607,0.1835,0.2465,1756.79,0.0
1783967129,eth,1785484800000,2700.0,call,69.94,0.000144,0.0001,0.0002,1757.28,4355.0
1783967129,eth,1813910400000,1000.0,put,64.99,0.042798,0.0415,0.044,1810.11,3897.0
1783967129,eth,1790323200000,2000.0,put,50.28,0.1779,0.1745,0.183,1762.42,12686.0
1783967129,eth,1787904000000,3800.0,put,72.76,1.161139,1.0785,1.253,1758.48,0.0
1783967129,eth,1798185600000,1400.0,put,57.97,0.056586,0.0555,0.0575,1776.55,14041.0
1783967129,eth,1784275200000,1750.0,call,49.75,0.021478,0.021,0.022,1756.52,2715.0
1783967129,eth,1787904000000,1900.0,call,48.55,0.037952,0.037,0.0385,1758.44,2186.0
1783967129,eth,1787904000000,2300.0,call,49.8,0.005544,0.005,0.006,1758.48,1276.0
1783967129,eth,1790323200000,1800.0,put,50.84,0.102879,0.1015,0.104,1762.46,3881.0
1783967129,eth,1798185600000,9000.0,put,78.26,4.066405,3.8725,4.282,1776.55,0.0
1783967129,eth,1784275200000,1900.0,put,50.42,0.083076,0.071,0.13,1756.48,82.0
1783967129,eth,1813910400000,3600.0,call,57.74,0.041406,0.04,0.0425,1810.07,0.0
1783967129,eth,1813910400000,4000.0,put,58.19,1.240003,1.14,1.369,1810.11,0.0
1783967129,eth,1798185600000,4600.0,call,60.97,0.00221,0.0019,0.0025,1776.55,9015.0
1783967129,eth,1784880000000,1550.0,put,60.35,0.005197,0.0049,0.0055,1756.8,4832.0
1783967129,eth,1798185600000,10000.0,put,81.75,4.629234,4.4135,4.868,1776.55,0.0
1783967129,eth,1806048000000,3200.0,put,56.56,0.817203,0.734,0.925,1793.91,0.0
1783967129,eth,1806048000000,2600.0,call,56.01,0.067688,0.066,0.068,1793.91,2395.0
1783967129,eth,1790323200000,2500.0,call,51.14,0.00757,0.007,0.008,1762.46,21204.0
1783967129,eth,1784275200000,1825.0,put,48.23,0.044898,0.043,0.0495,1756.48,703.0
1783967129,eth,1813910400000,1700.0,call,58.46,0.249101,0.245,0.253,1810.07,602.0
1783967129,eth,1790323200000,2600.0,put,51.87,0.480777,0.4715,0.49,1762.42,8412.0
1783967129,eth,1785484800000,2400.0,put,60.59,0.366259,0.351,0.426,1757.28,102.0
1783967129,eth,1785484800000,1900.0,call,47.18,0.013997,0.013,0.014,1757.28,14941.0
1783967129,eth,1787904000000,2300.0,put,49.8,0.313514,0.299,0.376,1758.47,3.0
1783967129,eth,1784880000000,1400.0,call,74.5,0.204711,0.198,0.2105,1756.8,0.0
1783967129,eth,1784275200000,1500.0,put,79.87,0.000622,0.0005,0.0007,1756.52,9497.0
1783967129,eth,1798185600000,8000.0,call,73.64,0.000335,0.0003,0.0005,1776.51,2425.0
1783967129,eth,1813910400000,1600.0,put,58.88,0.159423,0.1575,0.161,1810.11,724.0
1783967129,eth,1784188800000,1850.0,put,47.49,0.055085,0.015,0.1005,1756.79,18.0
1783967129,eth,1798185600000,3100.0,put,55.08,0.75896,0.6845,0.852,1776.55,0.0
1783967129,eth,1784016000000,1750.0,put,45.31,0.005373,0.005,0.006,1756.76,1161.0
1783967129,eth,1784102400000,1850.0,call,49.42,0.000765,0.0006,0.0008,1756.76,1295.0
1783967129,eth,1784275200000,1800.0,call,48.27,0.009333,0.0085,0.0095,1756.52,3878.0
1783967129,eth,1798185600000,6500.0,call,67.73,0.000543,0.0005,0.0008,1776.51,1765.0
1783967129,eth,1787904000000,1000.0,put,79.09,0.001683,0.0016,0.0018,1758.44,2751.0
1783967129,eth,1785484800000,1850.0,put,47.32,0.074046,0.072,0.079,1757.28,2254.0
1783967129,eth,1806048000000,3800.0,call,57.6,0.017624,0.017,0.018,1793.91,1233.0
1783967129,eth,1784275200000,1350.0,call,103.49,0.231491,0.225,0.2375,1756.48,65.0
1783967129,eth,1785484800000,4400.0,call,105.11,3e-06,,0.0001,1757.24,988.0
1783967129,eth,1790323200000,1500.0,put,54.98,0.035043,0.0345,0.0355,1762.42,10667.0
1783967129,eth,1785484800000,2050.0,put,48.62,0.170505,0.1645,0.1775,1757.28,646.0
1783967129,eth,1784188800000,1775.0,put,47.36,0.021741,0.021,0.0225,1756.79,103.0
1783967129,eth,1785484800000,1450.0,call,64.26,0.179869,0.1735,0.1845,1757.28,51.0
1783967129,eth,1798185600000,2400.0,put,54.04,0.398642,0.389,0.413,1776.51,1716.0
1783967129,eth,1785484800000,3800.0,put,94.88,1.162465,1.08,1.2535,1757.28,0.0
1783967129,eth,1784188800000,1925.0,put,53.66,0.096295,0.084,0.1435,1756.79,0.0
1783967129,eth,1806048000000,2300.0,put,56.0,0.380902,0.371,0.39,1793.91,1576.0
1783967129,eth,1806048000000,1700.0,put,57.06,0.158724,0.1575,0.1605,1793.91,1458.0
1783967129,eth,1785484800000,1650.0,call,51.44,0.080699,0.077,0.082,1757.24,5847.0
1783967129,eth,1784275200000,1350.0,put,103.49,0.000143,0.0001,0.0002,1756.52,1844.0
1783967129,eth,1790323200000,12000.0,call,115.57,3.4e-05,,0.0002,1762.42,1341.0
1783967129,eth,1787904000000,1400.0,call,58.98,0.216717,0.211,0.221,1758.48,100.0
1783967129,eth,1787904000000,2800.0,call,57.76,0.000997,0.0008,0.0012,1758.44,1811.0
1783967129,eth,1806048000000,4200.0,put,58.51,1.353746,1.2565,1.4745,1793.91,5.0
1783967129,eth,1784102400000,1675.0,call,60.88,0.048572,0.0415,0.0535,1756.76,0.0
1783967129,eth,1785484800000,1600.0,put,53.7,0.013613,0.013,0.014,1757.24,13047.0
1783967129,eth,1790323200000,5800.0,call,83.95,0.000144,0.0001,0.0002,1762.42,4884.0
1783967129,eth,1798185600000,1900.0,call,54.29,0.117418,0.1165,0.1185,1776.55,1157.0
1783967129,eth,1806048000000,1000.0,put,65.63,0.029471,0.0285,0.0305,1793.91,7228.0
1783967129,eth,1784016000000,1700.0,call,59.16,0.033073,0.0215,0.0675,1756.76,0.0
1783967129,eth,1813910400000,3500.0,put,57.61,0.978552,0.885,1.102,1810.11,1.0
1783967129,eth,1785484800000,2250.0,put,55.27,0.281558,0.2745,0.2895,1757.24,707.0
1783967129,eth,1787904000000,1750.0,call,49.4,0.071805,0.071,0.073,1758.44,4254.0
1783967129,eth,1784016000000,1900.0,call,71.35,2.3e-05,,0.0001,1756.76,6122.0
1783967129,eth,1813910400000,3400.0,call,57.52,0.048902,0.0475,0.05,1810.11,12.0
1783967129,eth,1784188800000,1950.0,put,57.09,0.110424,0.0995,0.158,1756.79,0.0
1783967129,eth,1806048000000,2800.0,put,56.08,0.613897,0.5345,0.718,1793.85,12.0
1783967129,eth,1798185600000,2400.0,call,54.04,0.047693,0.0465,0.048,1776.55,11734.0
1783967129,eth,1798185600000,1700.0,put,55.11,0.123096,0.122,0.1245,1776.55,12487.0
1783967129,eth,1790323200000,8500.0,put,97.73,3.822953,3.638,4.0255,1762.46,0.0
1783967129,eth,1785484800000,4400.0,put,105.11,1.503901,1.4075,1.608,1757.28,0.0
1783967129,eth,1784102400000,1750.0,put,49.61,0.011201,0.0105,0.0115,1756.76,630.0
1783967129,eth,1790323200000,2400.0,call,50.64,0.010608,0.01,0.011,1762.42,7236.0
1783967129,eth,1784275200000,1875.0,put,48.93,0.069607,0.0585,0.1155,1756.48,95.0
1783967129,eth,1806048000000,2900.0,call,56.17,0.04688,0.0455,0.048,1793.85,2101.0
1783967129,eth,1798185600000,6000.0,call,66.09,0.000736,0.0007,0.001,1776.51,10376.0
1783967129,eth,1785484800000,1000.0,call,95.38,0.431054,0.426,0.435,1757.24,86.0
1783967129,eth,1813910400000,2200.0,put,57.27,0.365434,0.3595,0.367,1810.11,0.0
1783967129,eth,1787904000000,1650.0,call,51.11,0.104842,0.101,0.1065,1758.44,1617.0
1783967129,eth,1784275200000,1775.0,call,48.29,0.01433,0.014,0.015,1756.52,1396.0
1783967129,eth,1785484800000,2600.0,call,68.12,0.000247,0.0002,0.0003,1757.24,3581.0
1783967129,eth,1787904000000,1100.0,call,74.05,0.377439,0.3725,0.3815,1758.48,50.0
1783967129,eth,1784880000000,1650.0,call,52.85,0.073255,0.067,0.077,1756.77,53.0
1783967129,eth,1813910400000,800.0,call,69.47,0.58201,0.5785,0.5855,1810.11,114.0
1783967129,eth,1785484800000,1200.0,call,83.22,0.318064,0.3145,0.3195,1757.24,284.0
1783967129,eth,1785484800000,2800.0,call,75.14,0.000144,0.0001,0.0002,1757.28,6660.0
