snap_ts,asset,expiry_ms,strike,opt_type,mark_iv,mark_price,bid,ask,underlying_price,open_interest
1783523245,btc,1785484800000,85000.0,call,46.96,0.00013929,0.0001,0.0002,61863.17,1331.1
1783523245,btc,1790323200000,84000.0,put,37.35,0.35356605,0.346,0.357,62215.5,34.7
1783523245,btc,1783670400000,61500.0,put,42.62,0.009579,0.009,0.01,61763.56,271.2
1783523245,btc,1806048000000,180000.0,put,50.46,1.83895444,1.7405,1.9475,63441.37,0.0
1783523245,btc,1813910400000,72000.0,call,43.3,0.12363621,0.1225,0.125,64107.77,7.8
1783523245,btc,1784275200000,52000.0,call,61.38,0.15966356,0.157,0.178,61793.06,0.0
1783523245,btc,1785484800000,102000.0,put,60.01,0.64882575,0.6385,0.6655,61862.58,0.1
1783523245,btc,1784880000000,50000.0,call,57.98,0.19301521,0.19,0.1975,61831.06,0.0
1783523245,btc,1784275200000,61000.0,put,40.3,0.01877504,0.0185,0.019,61793.06,249.5
1783523245,btc,1785484800000,92000.0,put,51.78,0.4872036,0.48,0.5055,61863.17,0.4
1783523245,btc,1783670400000,70000.0,call,55.57,5.2e-06,,0.0001,61763.56,797.9
1783523245,btc,1813910400000,110000.0,put,42.02,0.73964278,0.7325,0.7875,64108.36,0.0
1783523245,btc,1790323200000,150000.0,call,63.27,0.00017552,0.0001,0.0002,62214.91,738.6
1783523245,btc,1790323200000,165000.0,put,66.66,1.6522093,1.561,1.748,62215.5,0.0
1783523245,btc,1783843200000,58000.0,call,47.15,0.06299662,0.0585,0.0975,61752.37,0.0
1783523245,btc,1790323200000,60000.0,call,40.69,0.0930825,0.0925,0.0945,62215.5,737.5
1783523245,btc,1790323200000,110000.0,put,48.04,0.76856395,0.758,0.773,62215.5,116.4
1783523245,btc,1787904000000,66000.0,call,36.43,0.02958017,0.029,0.03,62031.55,371.8
1783523245,btc,1798185600000,130000.0,call,46.31,0.00163017,0.0014,0.0019,62812.7,1558.0
1783523245,btc,1790323200000,240000.0,call,74.86,8e-06,,0.0002,62215.5,222.5
1783523245,btc,1785484800000,84000.0,put,45.41,0.35797849,0.3515,0.362,61863.17,31.6
1783523245,btc,1806048000000,92000.0,call,41.32,0.03064348,0.0295,0.031,63441.37,117.7
1783523245,btc,1813910400000,58000.0,put,45.78,0.12579577,0.1245,0.127,64107.77,1.0
1783523245,btc,1785484800000,104000.0,put,62.11,0.68115516,0.6705,0.6905,61862.58,0.0
1783523245,btc,1806048000000,96000.0,put,41.34,0.53778862,0.531,0.578,63441.37,1.5
1783523245,btc,1787904000000,64000.0,put,37.41,0.07374287,0.073,0.0745,62030.96,292.5
1783523245,btc,1790323200000,115000.0,put,50.31,0.84885315,0.8375,0.8535,62215.5,90.3
1783523245,btc,1813910400000,74000.0,call,43.12,0.1134796,0.1125,0.115,64108.36,11.7
1783523245,btc,1813910400000,68000.0,call,43.77,0.14651415,0.1455,0.1485,64108.36,1.0
1783523245,btc,1783756800000,64500.0,call,36.87,0.00129131,0.0011,0.0014,61752.37,20.0
1783523245,btc,1790323200000,75000.0,call,36.41,0.01256774,0.012,0.013,62215.5,2568.4
1783523245,btc,1784275200000,54000.0,call,56.25,0.12822857,0.126,0.1325,61793.06,0.1
1783523245,btc,1785484800000,105000.0,put,63.13,0.69731985,0.6865,0.7145,61863.17,1.1
1783523245,btc,1787904000000,83000.0,put,38.32,0.33930135,0.331,0.3645,62030.96,0.0
1783523245,btc,1806048000000,65000.0,put,43.34,0.15971843,0.1585,0.1605,63441.37,636.4
1783523245,btc,1785484800000,66000.0,call,34.74,0.01179132,0.0115,0.0125,61863.17,2124.7
1783523245,btc,1784880000000,73000.0,put,37.31,0.18112707,0.1745,0.1955,61831.06,0.0
1783523245,btc,1798185600000,210000.0,call,60.52,0.0003685,0.0003,0.0006,62812.7,151.0
1783523245,btc,1798185600000,92000.0,call,40.3,0.01241305,0.012,0.0125,62812.7,253.1
1783523245,btc,1783670400000,55000.0,put,71.13,0.00012982,,0.0002,61763.56,1075.3
1783523245,btc,1790323200000,240000.0,put,74.86,2.85760605,2.725,2.995,62215.5,0.0
1783523245,btc,1783843200000,68000.0,put,37.14,0.10094447,0.094,0.141,61752.37,0.0
1783523245,btc,1806048000000,90000.0,call,41.32,0.03422393,0.0335,0.0345,63441.37,523.5
1783523245,btc,1783670400000,62500.0,call,39.38,0.00586652,0.0055,0.006,61764.12,90.6
1783523245,btc,1798185600000,86000.0,call,40.22,0.01998139,0.019,0.02,62812.7,286.9
1783523245,btc,1790323200000,95000.0,put,41.59,0.52815534,0.5195,0.532,62215.5,147.7
1783523245,btc,1784275200000,67000.0,put,35.41,0.08600604,0.0835,0.089,61793.06,0.3
1783523245,btc,1813910400000,90000.0,put,42.04,0.45968432,0.454,0.515,64108.36,0.2
1783523245,btc,1783670400000,62000.0,call,40.7,0.00930585,0.0085,0.0095,61763.56,536.4
1783523245,btc,1785484800000,50000.0,put,54.95,0.00318745,0.003,0.0033,61863.17,3062.4
1783523245,btc,1806048000000,160000.0,put,47.66,1.52435575,1.436,1.6225,63440.78,0.0
1783523245,btc,1798185600000,74000.0,call,40.51,0.05085884,0.05,0.0515,62812.11,64.3
1783523245,btc,1785484800000,73000.0,put,35.82,0.18123634,0.176,0.1845,61863.17,97.7
1783523245,btc,1790323200000,58000.0,put,41.92,0.04582355,0.0455,0.0465,62215.5,543.1
1783523245,btc,1798185600000,54000.0,call,46.13,0.19938596,0.1975,0.2015,62812.11,33.1
1783523245,btc,1798185600000,200000.0,call,59.73,0.00046919,0.0003,0.0007,62812.11,950.6
1783523245,btc,1784880000000,68000.0,put,34.73,0.10307527,0.1005,0.106,61831.06,0.0
1783523245,btc,1784880000000,62000.0,put,37.87,0.03276294,0.0325,0.0335,61831.06,53.1
1783523245,btc,1783756800000,61000.0,call,42.25,0.02151875,0.0205,0.0225,61752.37,0.0
1783523245,btc,1785484800000,46000.0,put,61.36,0.00132421,0.0012,0.0014,61863.17,1330.6
1783523245,btc,1785484800000,61000.0,call,38.87,0.04576261,0.045,0.0465,61863.17,964.7
1783523245,btc,1790323200000,320000.0,call,85.42,3.54e-06,,0.0001,62215.5,251.6
1783523245,btc,1813910400000,72000.0,put,43.3,0.24673922,0.243,0.2475,64108.36,1.0
1783523245,btc,1798185600000,45000.0,call,52.17,0.31152519,0.31,0.3135,62812.7,54.2
1783523245,btc,1813910400000,70000.0,call,43.55,0.13474529,0.1335,0.136,64107.77,163.0
1783523245,btc,1798185600000,68000.0,put,41.37,0.16264104,0.16,0.164,62812.7,300.6
1783523245,btc,1785484800000,87000.0,call,48.36,9.927e-05,,0.0002,61862.58,370.8
1783523245,btc,1798185600000,115000.0,put,43.24,0.83378068,0.824,0.8565,62812.7,0.6
1783523245,btc,1806048000000,98000.0,put,41.34,0.5667341,0.56,0.6065,63441.37,0.2
1783523245,btc,1783584000000,61000.0,put,46.37,0.00338218,0.0031,0.0035,61752.37,99.5
1783523245,btc,1787904000000,100000.0,put,48.32,0.61238038,0.6025,0.633,62030.96,0.1
1783523245,btc,1785484800000,94000.0,call,51.93,2.635e-05,,0.0001,61863.17,892.6
1783523245,btc,1813910400000,78000.0,put,42.74,0.31189293,0.308,0.314,64107.77,0.3
1783523245,btc,1790323200000,84000.0,call,37.35,0.00340673,0.0032,0.0037,62214.91,705.9
1783523245,btc,1784275200000,69000.0,call,36.56,0.00057234,0.0005,0.0007,61793.06,500.7
1783523245,btc,1785484800000,61000.0,put,38.87,0.03181259,0.0315,0.032,61863.17,552.8
1783523245,btc,1798185600000,102000.0,put,41.01,0.62984374,0.6215,0.6595,62812.7,7.7
1783523245,btc,1813910400000,120000.0,call,42.52,0.01640089,0.0155,0.0175,64107.77,36.7
1783523245,btc,1790323200000,165000.0,call,66.66,0.00011064,,0.0002,62215.5,183.5
1783523245,btc,1787904000000,98000.0,put,47.16,0.58017576,0.5705,0.602,62030.96,0.0
1783523245,btc,1790323200000,65000.0,put,38.28,0.0969634,0.096,0.098,62215.5,702.1
1783523245,btc,1785484800000,58000.0,call,42.61,0.07960138,0.0775,0.081,61863.17,115.4
1783523245,btc,1806048000000,170000.0,put,48.97,1.68157121,1.588,1.785,63441.37,0.1
1783523245,btc,1785484800000,62000.0,call,37.76,0.03650184,0.036,0.037,61862.58,1496.2
1783523245,btc,1783756800000,64000.0,put,36.87,0.038218,0.034,0.0425,61752.37,1.3
1783523245,btc,1790323200000,160000.0,put,64.73,1.57184138,1.4835,1.665,62215.5,0.6
1783523245,btc,1783756800000,70000.0,put,45.65,0.1332152,0.127,0.174,61752.37,0.0
1783523245,btc,1790323200000,80000.0,put,36.41,0.29164016,0.288,0.2945,62215.5,613.0
1783523245,btc,1784275200000,57000.0,put,49.18,0.00537721,0.005,0.0055,61793.67,201.1
1783523245,btc,1783756800000,58000.0,put,52.18,0.0015846,0.0014,0.0017,61752.37,39.6
1783523245,btc,1790323200000,180000.0,call,72.04,0.00011383,,0.0002,62215.5,739.8
1783523245,btc,1806048000000,90000.0,put,41.32,0.45286599,0.447,0.5025,63440.78,14.0
1783523245,btc,1806048000000,54000.0,put,46.46,0.08143679,0.0805,0.0825,63441.37,45.9
1783523245,btc,1787904000000,90000.0,call,42.49,0.00060149,0.0005,0.0008,62030.96,31.9
1783523245,btc,1783756800000,62500.0,put,38.37,0.01997195,0.019,0.021,61752.37,13.8
1783523245,btc,1783670400000,73000.0,put,60.58,0.18192332,0.1745,0.1975,61764.12,0.2
1783523245,btc,1783584000000,58000.0,call,64.28,0.06095455,0.056,0.0945,61752.37,0.0
1783523245,btc,1785484800000,80000.0,call,42.15,0.00028249,0.0003,0.0004,61862.58,6923.4
1783523245,btc,1806048000000,60000.0,put,44.52,0.11962394,0.1185,0.1205,63441.37,605.1
1783523245,btc,1785484800000,60000.0,call,40.06,0.05611731,0.055,0.057,61863.17,1202.9
1783523245,btc,1783756800000,61500.0,put,41.03,0.01196558,0.0115,0.0125,61752.37,10.4
1783523245,btc,1798185600000,65000.0,call,41.93,0.09906196,0.098,0.1005,62812.7,673.0
1783523245,btc,1785484800000,56000.0,call,45.39,0.10599058,0.104,0.11,61863.17,39.4
1783523245,btc,1787904000000,53000.0,call,46.27,0.16119791,0.159,0.1635,62030.96,5.9
1783523245,btc,1798185600000,190000.0,call,57.53,0.00047471,0.0003,0.0007,62812.7,989.4
1783523245,btc,1790323200000,105000.0,put,45.72,0.6883113,0.6785,0.6925,62214.91,104.6
1783523245,btc,1785484800000,60000.0,put,40.06,0.02600253,0.0255,0.0265,61863.17,2051.7
1783523245,btc,1783756800000,56000.0,call,58.1,0.09388203,0.061,0.122,61752.37,0.1
1783523245,btc,1798185600000,230000.0,put,62.66,2.66198134,2.536,2.795,62812.7,0.0
1783523245,btc,1790323200000,72000.0,call,36.41,0.0194575,0.019,0.02,62215.5,2223.1
1783523245,btc,1790323200000,130000.0,put,56.64,1.0898176,1.018,1.1665,62215.5,21.4
1783523245,btc,1790323200000,70000.0,put,36.78,0.15138543,0.149,0.1535,62214.91,1528.2
1783523245,btc,1806048000000,150000.0,call,46.18,0.00284718,0.0026,0.0032,63441.37,1897.6
1783523245,btc,1798185600000,45000.0,put,52.17,0.02794744,0.0275,0.0285,62812.7,2875.4
1783523245,btc,1784275200000,48000.0,call,70.46,0.2235466,0.2205,0.2315,61793.06,0.0
1783523245,btc,1783584000000,59000.0,put,57.06,0.00032973,0.0002,0.0004,61752.37,325.6
1783523245,btc,1783670400000,60000.0,call,48.0,0.03190127,0.0295,0.0335,61763.56,595.8
1783523245,btc,1813910400000,60000.0,call,45.29,0.20415149,0.2035,0.2075,64107.77,936.3
1783523245,btc,1785484800000,55000.0,put,46.94,0.00910938,0.0085,0.0095,61863.17,697.1
1783523245,btc,1784275200000,66000.0,call,35.4,0.00313695,0.003,0.0033,61793.67,1414.3
1783523245,btc,1783843200000,63000.0,put,34.11,0.0260344,0.0021,0.063,61752.37,0.0
1783523245,btc,1785484800000,45000.0,call,62.92,0.27363666,0.271,0.2825,61862.58,0.0
1783523245,btc,1784880000000,66000.0,put,34.7,0.07480741,0.0725,0.0775,61831.06,4.2
1783523245,btc,1790323200000,220000.0,call,72.81,1.403e-05,,0.0003,62214.91,232.5
1783523245,btc,1783670400000,54000.0,call,77.1,0.12578505,0.1225,0.1305,61764.12,0.0
1783523245,btc,1806048000000,106000.0,call,41.62,0.01444426,0.014,0.015,63441.37,51.6
1783523245,btc,1787904000000,80000.0,call,36.73,0.00191153,0.0017,0.0022,62030.96,565.1
1783523245,btc,1790323200000,100000.0,call,44.23,0.00092025,0.0008,0.0009,62215.5,3287.2
1783523245,btc,1806048000000,98000.0,call,41.34,0.02199052,0.0215,0.0225,63441.37,81.0
1783523245,btc,1785484800000,92000.0,call,51.78,4.625e-05,,0.0001,61863.17,454.7
1783523245,btc,1790323200000,60000.0,put,40.69,0.05748201,0.057,0.058,62214.91,3994.2
1783523245,btc,1798185600000,72000.0,put,40.73,0.20557725,0.2025,0.2075,62812.11,335.4
1783523245,btc,1806048000000,56000.0,call,45.73,0.21024408,0.2095,0.2125,63441.37,16.9
1783523245,btc,1783670400000,62500.0,put,39.38,0.01778694,0.016,0.019,61764.12,60.3
1783523245,btc,1787904000000,62000.0,put,38.56,0.05702197,0.0565,0.0575,62030.96,565.7
1783523245,btc,1785484800000,83000.0,put,45.27,0.34186383,0.3355,0.3455,61863.17,29.5
1783523245,btc,1783756800000,66000.0,call,38.12,0.00027439,0.0002,0.0004,61752.37,79.8
1783523245,btc,1798185600000,56000.0,call,45.17,0.17785992,0.176,0.18,62812.7,40.2
1783523245,btc,1790323200000,52000.0,put,46.62,0.0225451,0.022,0.023,62214.91,1054.6
1783523245,btc,1806048000000,86000.0,put,41.32,0.39822321,0.3925,0.438,63441.37,1.7
1783523245,btc,1783843200000,55000.0,call,56.3,0.10998199,0.078,0.1425,61752.37,0.0
1783523245,btc,1806048000000,40000.0,put,54.34,0.02963133,0.029,0.03,63441.37,1109.4
1783523245,btc,1806048000000,120000.0,call,42.53,0.00745702,0.007,0.008,63441.37,320.1
1783523245,btc,1785484800000,77000.0,put,39.22,0.24516447,0.24,0.2485,61863.17,249.3
1783523245,btc,1813910400000,140000.0,call,43.47,0.0081927,0.0075,0.009,64108.36,94.8
1783523245,btc,1783756800000,71000.0,call,47.13,3.32e-06,,0.0001,61752.37,0.0
1783523245,btc,1790323200000,190000.0,call,72.81,7.367e-05,,0.0002,62214.91,763.9
1783523245,btc,1806048000000,56000.0,put,45.73,0.0929547,0.092,0.094,63441.37,73.2
1783523245,btc,1813910400000,56000.0,call,46.33,0.23899114,0.238,0.242,64107.77,3.5
1783523245,btc,1790323200000,64000.0,call,38.71,0.05919188,0.0585,0.06,62215.5,238.8
1783523245,btc,1787904000000,40000.0,put,63.99,0.00245888,0.0023,0.0025,62030.96,395.5
1783523245,btc,1785484800000,46000.0,call,61.36,0.25774554,0.255,0.2615,61863.17,0.0
1783523245,btc,1785484800000,57000.0,call,43.92,0.0924485,0.0905,0.095,61863.17,3.8
1783523245,btc,1785484800000,94000.0,put,51.93,0.51951321,0.5105,0.534,61863.17,1.3
1783523245,btc,1783843200000,58000.0,put,47.15,0.0019835,0.0018,0.0021,61752.37,3.3
1783523245,btc,1790323200000,220000.0,put,72.81,2.53614558,2.4145,2.6625,62214.91,1.8
1783523245,btc,1798185600000,50000.0,call,48.46,0.24646519,0.245,0.2485,62812.7,261.1
1783523245,btc,1783670400000,56000.0,call,64.23,0.09350532,0.09,0.099,61763.56,13.8
1783523245,btc,1813910400000,84000.0,call,42.3,0.07286658,0.072,0.074,64108.36,2.0
1783523245,btc,1785484800000,56000.0,put,45.39,0.01121764,0.011,0.0115,61863.17,2065.0
1783523245,btc,1785484800000,88000.0,call,49.16,8.635e-05,,0.0001,61863.17,400.8
1783523245,btc,1790323200000,40000.0,put,61.09,0.00580188,0.0055,0.006,62215.5,2288.2
1783523245,btc,1790323200000,280000.0,put,81.51,3.5005374,3.346,3.661,62215.5,0.0
1783523245,btc,1813910400000,88000.0,put,42.14,0.43378253,0.4285,0.481,64107.77,0.0
1783523245,btc,1784880000000,75000.0,call,39.5,0.00027904,0.0002,0.0004,61831.06,126.8
1783523245,btc,1783584000000,60500.0,put,48.94,0.00192005,0.0017,0.0019,61752.37,154.9
1783523245,btc,1783756800000,70000.0,call,45.65,8.26e-06,,0.0001,61752.37,61.0
1783523245,btc,1785484800000,63000.0,put,36.8,0.04684805,0.046,0.0475,61863.17,643.0
1783523245,btc,1785484800000,110000.0,put,68.07,0.7781432,0.77,0.783,61863.17,46.3
1783523245,btc,1785484800000,102000.0,call,60.01,2.087e-05,,0.0001,61863.17,450.7
1783523245,btc,1785484800000,96000.0,call,53.5,2.167e-05,,0.0001,61863.17,321.8
1783523245,btc,1806048000000,82000.0,put,41.43,0.34584277,0.341,0.3485,63441.37,3.8
1783523245,btc,1783756800000,60500.0,call,43.75,0.02736911,0.025,0.0305,61752.37,0.0
1783523245,btc,1798185600000,64000.0,call,42.18,0.106219,0.1055,0.1075,62812.7,347.1
1783523245,btc,1806048000000,95000.0,put,41.33,0.52341273,0.517,0.5755,63440.78,0.6
1783523245,btc,1785484800000,110000.0,call,68.07,2.029e-05,,0.0001,61862.58,194.2
1783523245,btc,1798185600000,95000.0,call,40.53,0.0099621,0.0095,0.01,62812.7,1294.2
1783523245,btc,1785484800000,120000.0,put,77.21,0.93979017,0.928,1.009,61863.17,4.0
1783523245,btc,1790323200000,95000.0,call,41.59,0.00118945,0.001,0.0013,62215.5,1838.8
1783523245,btc,1790323200000,35000.0,call,68.77,0.44080928,0.439,0.4425,62215.5,24.1
1783523245,btc,1798185600000,240000.0,put,63.9,2.82116116,2.6895,2.96,62812.7,0.0
1783523245,btc,1787904000000,86000.0,put,39.68,0.38723114,0.381,0.399,62030.96,0.0
1783523245,btc,1783843200000,66000.0,put,33.68,0.06883959,0.0625,0.108,61752.37,0.0
1783523245,btc,1813910400000,105000.0,call,42.0,0.02937117,0.0285,0.0305,64108.36,2.6
1783523245,btc,1798185600000,86000.0,put,40.22,0.3891439,0.384,0.392,62812.7,23.4
1783523245,btc,1783670400000,66000.0,call,45.53,0.00018981,0.0001,0.0002,61763.56,963.4
1783523245,btc,1787904000000,79000.0,call,36.46,0.00229936,0.0021,0.0026,62030.96,59.2
1783523245,btc,1790323200000,200000.0,call,72.81,4.202e-05,,0.0002,62215.5,1000.2
1783523245,btc,1787904000000,78000.0,put,36.02,0.26014383,0.2545,0.2735,62030.96,4.1
1783523245,btc,1783756800000,67000.0,call,41.03,0.00013431,0.0001,0.0002,61752.37,33.0
1783523245,btc,1806048000000,150000.0,put,46.18,1.36725061,1.284,1.4605,63440.78,0.5
1783523245,btc,1783756800000,63000.0,put,37.41,0.0252688,0.0225,0.028,61752.37,112.2
1783523245,btc,1783670400000,60000.0,put,48.0,0.00334488,0.003,0.0035,61764.12,1213.6
1783523245,btc,1790323200000,45000.0,put,54.36,0.01007306,0.0095,0.0105,62215.5,1961.2
1783523245,btc,1806048000000,110000.0,call,41.77,0.01175591,0.011,0.0125,63441.37,519.8
1783523245,btc,1783670400000,66000.0,put,45.53,0.06877778,0.064,0.072,61763.56,53.7
1783523245,btc,1783756800000,60500.0,put,43.75,0.00678367,0.0065,0.007,61752.37,5.6
1783523245,btc,1790323200000,145000.0,call,61.18,0.00017717,0.0001,0.0003,62214.91,495.0
1783523245,btc,1783756800000,61500.0,call,41.03,0.01636234,0.016,0.017,61752.37,0.0
1783523245,btc,1806048000000,125000.0,call,43.08,0.00614067,0.0055,0.0065,63441.37,117.2
1783523245,btc,1798185600000,150000.0,put,50.83,1.38909729,1.3065,1.479,62812.11,2.1
1783523245,btc,1813910400000,120000.0,put,42.52,0.88823924,0.88,0.933,64107.77,0.0
1783523245,btc,1790323200000,160000.0,call,64.73,0.00010934,,0.0002,62215.5,1452.2
1783523245,btc,1783670400000,48000.0,put,91.48,3.4e-07,,0.0001,61764.12,350.7
1783523245,btc,1813910400000,64000.0,put,44.42,0.17160015,0.17,0.173,64108.36,1.2
1783523245,btc,1783843200000,65000.0,call,33.52,0.00099223,0.0008,0.0011,61752.37,1.2
1783523245,btc,1784880000000,67000.0,call,34.74,0.00499889,0.0047,0.0055,61831.02,142.7
1783523245,btc,1783670400000,50000.0,call,83.89,0.19046507,0.187,0.1945,61763.56,0.0
1783523245,btc,1813910400000,95000.0,call,41.9,0.04471324,0.044,0.0455,64107.77,5.2
1783523245,btc,1798185600000,98000.0,call,40.74,0.00797981,0.0075,0.0085,62812.11,208.0
1783523245,btc,1785484800000,93000.0,put,51.81,0.50335665,0.494,0.5175,61863.17,0.5
1783523245,btc,1798185600000,108000.0,put,42.04,0.72363469,0.714,0.751,62812.11,0.0
1783523245,btc,1783843200000,62500.0,put,34.95,0.0208293,0.02,0.0215,61752.37,0.0
1783523245,btc,1813910400000,74000.0,put,43.12,0.26777992,0.2635,0.2695,64108.36,0.0
1783523245,btc,1787904000000,94000.0,put,44.82,0.51579795,0.507,0.533,62031.55,0.0
1783523245,btc,1790323200000,86000.0,call,38.01,0.00270821,0.0025,0.003,62214.91,632.8
1783523245,btc,1798185600000,115000.0,call,43.24,0.00292384,0.0027,0.0032,62812.7,2337.0
1783523245,btc,1785484800000,64000.0,put,35.88,0.05615619,0.0545,0.0575,61863.17,828.9
1783523245,btc,1785484800000,93000.0,call,51.81,3.455e-05,,0.0001,61863.17,108.5
1783523245,btc,1806048000000,140000.0,put,44.79,1.21045274,1.132,1.2995,63441.37,0.0
1783523245,btc,1798185600000,80000.0,put,40.22,0.30558465,0.302,0.308,62812.7,952.0
1783523245,btc,1790323200000,56000.0,put,43.31,0.03628592,0.0355,0.037,62215.5,942.5
1783523245,btc,1784275200000,67000.0,call,35.41,0.00174697,0.0016,0.0017,61793.06,5.0
1783523245,btc,1787904000000,50000.0,put,49.75,0.01004719,0.0095,0.0105,62031.55,1010.3
1783523245,btc,1785484800000,59000.0,call,41.28,0.06741609,0.066,0.069,61863.17,198.5
1783523245,btc,1806048000000,70000.0,put,42.58,0.20739232,0.2045,0.208,63440.78,83.6
1783523245,btc,1813910400000,86000.0,call,42.23,0.06678628,0.066,0.068,64107.77,0.1
1783523245,btc,1783756800000,63500.0,call,36.87,0.00341611,0.0032,0.0037,61752.37,60.3
1783523245,btc,1785484800000,86000.0,put,48.41,0.3903061,0.3835,0.4025,61863.17,15.2
1783523245,btc,1806048000000,64000.0,call,43.54,0.14223972,0.1415,0.1435,63441.37,36.0
1783523245,btc,1783584000000,62500.0,put,39.49,0.01457004,0.011,0.018,61752.37,38.6
1783523245,btc,1798185600000,82000.0,put,40.22,0.33285048,0.329,0.3355,62812.11,157.7
1783523245,btc,1787904000000,78000.0,call,36.02,0.00270782,0.0025,0.003,62030.96,228.0
1783523245,btc,1784275200000,68000.0,put,35.52,0.10138358,0.0955,0.1045,61793.06,3.1
1783523245,btc,1798185600000,90000.0,put,40.23,0.44734319,0.442,0.4505,62812.11,590.5
1783523245,btc,1785484800000,95000.0,call,52.35,2.17e-05,,0.0001,61863.17,135.8
1783523245,btc,1787904000000,92000.0,call,43.7,0.00050642,0.0004,0.0007,62030.96,45.4
1783523245,btc,1806048000000,50000.0,call,48.17,0.27364515,0.2725,0.276,63441.37,20.5
1783523245,btc,1785484800000,78000.0,put,40.46,0.26126911,0.2555,0.2645,61863.17,433.6
1783523245,btc,1783670400000,50000.0,put,83.89,1.41e-06,,0.0001,61764.12,470.4
1783523245,btc,1787904000000,79000.0,put,36.46,0.27585634,0.268,0.301,62030.96,0.0
1783523245,btc,1813910400000,140000.0,put,43.47,1.19200411,1.112,1.286,64108.36,0.0
1783523245,btc,1798185600000,180000.0,put,56.17,1.86626521,1.7675,1.9725,62812.11,0.0
1783523245,btc,1787904000000,88000.0,put,41.2,0.41935959,0.4125,0.4395,62030.96,0.0
1783523245,btc,1785484800000,98000.0,put,55.87,0.58416799,0.574,0.597,61863.17,0.1
1783523245,btc,1784275200000,55000.0,put,53.79,0.00285856,0.0027,0.003,61793.06,413.4
1783523245,btc,1787904000000,96000.0,put,46.09,0.54798792,0.5385,0.574,62030.96,0.0
1783523245,btc,1783670400000,61000.0,put,44.02,0.00674574,0.006,0.007,61764.12,580.4
1783523245,btc,1787904000000,86000.0,call,39.68,0.00082735,0.0007,0.001,62030.96,124.1
1783523245,btc,1813910400000,76000.0,call,42.93,0.10401323,0.103,0.1055,64107.77,12.2
1783523245,btc,1798185600000,35000.0,put,62.89,0.01250298,0.012,0.0125,62812.7,2248.9
1783523245,btc,1785484800000,75000.0,put,37.7,0.21312808,0.208,0.2165,61863.17,226.3
1783523245,btc,1783756800000,60000.0,put,45.79,0.00519566,0.0049,0.0055,61752.37,27.8
1783523245,btc,1790323200000,150000.0,put,63.27,1.41117431,1.328,1.499,62215.5,0.7
1783523245,btc,1784880000000,61000.0,call,39.25,0.03940712,0.0385,0.04,61830.48,6.2
1783523245,btc,1787904000000,57000.0,call,42.37,0.10937421,0.1075,0.111,62030.96,26.2
1783523245,btc,1784275200000,56000.0,put,51.39,0.00389654,0.0037,0.004,61793.06,1380.0
1783523245,btc,1806048000000,50000.0,put,48.17,0.06177963,0.061,0.0625,63441.37,2034.0
1783523245,btc,1783584000000,63000.0,call,39.5,0.00109031,0.001,0.0012,61752.37,86.9
1783523245,btc,1806048000000,190000.0,call,51.72,0.00144251,0.0014,0.0017,63441.37,883.4
1783523245,btc,1784880000000,57000.0,call,45.43,0.08783106,0.0855,0.0895,61831.06,0.0
1783523245,btc,1785484800000,76000.0,put,38.26,0.22910417,0.224,0.2325,61862.58,456.7
1783523245,btc,1798185600000,110000.0,call,42.45,0.00382597,0.0037,0.004,62812.7,2643.2
1783523245,btc,1787904000000,48000.0,put,52.34,0.00754862,0.007,0.008,62031.55,778.8
1783523245,btc,1785484800000,104000.0,call,62.11,2.077e-05,,0.0001,61863.17,511.1
1783523245,btc,1790323200000,88000.0,put,39.04,0.41675207,0.4085,0.442,62214.91,4.8
1783523245,btc,1784275200000,50000.0,call,65.96,0.19147832,0.1885,0.1935,61793.06,0.1
1783523245,btc,1783584000000,61000.0,call,46.37,0.0156342,0.013,0.019,61752.37,0.0
1783523245,btc,1806048000000,76000.0,put,41.87,0.27273785,0.2685,0.274,63441.37,19.6
1783523245,btc,1790323200000,76000.0,call,36.38,0.01078295,0.0105,0.011,62214.91,1093.0
1783523245,btc,1783756800000,61000.0,put,42.25,0.00902141,0.0085,0.0095,61752.37,50.0
1783523245,btc,1790323200000,110000.0,call,48.04,0.00049817,0.0004,0.0006,62215.5,1447.6
1783523245,btc,1798185600000,82000.0,call,40.22,0.02736994,0.0265,0.0275,62812.11,445.1
1783523245,btc,1784880000000,64000.0,call,35.88,0.01584429,0.0155,0.016,61831.02,121.9
1783523245,btc,1783584000000,58000.0,put,64.28,0.00012476,0.0001,0.0002,61752.37,115.5
1783523245,btc,1784275200000,70000.0,put,37.51,0.13315194,0.128,0.139,61793.06,0.1
1783523245,btc,1790323200000,55000.0,put,44.05,0.03220716,0.0315,0.033,62215.5,3602.3
1783523245,btc,1798185600000,130000.0,put,46.31,1.07129443,0.999,1.151,62812.7,52.1
1783523245,btc,1798185600000,106000.0,call,41.75,0.00475658,0.0045,0.005,62812.11,236.8
1783523245,btc,1784880000000,73000.0,call,37.31,0.00047807,0.0004,0.0006,61831.06,0.3
1783523245,btc,1784880000000,65000.0,put,35.12,0.06218124,0.06,0.0645,61831.06,54.7
1783523245,btc,1798185600000,30000.0,call,69.65,0.53066756,0.5295,0.532,62812.7,285.0
1783523245,btc,1783670400000,67000.0,put,51.22,0.0849025,0.08,0.0905,61763.56,14.6
1783523245,btc,1798185600000,180000.0,call,56.17,0.00057623,0.0005,0.0008,62812.7,922.5
1783523245,btc,1785484800000,68000.0,put,34.67,0.10549498,0.1025,0.108,61863.17,426.3
1783523245,btc,1783584000000,70000.0,call,54.62,0.0,,0.0001,61752.37,30.4
1783523245,btc,1790323200000,74000.0,put,36.4,0.20400133,0.201,0.2065,62214.91,110.7
1783523245,btc,1798185600000,106000.0,put,41.75,0.69232898,0.6835,0.7175,62812.11,0.1
1783523245,btc,1787904000000,84000.0,put,38.62,0.35522479,0.347,0.3815,62030.96,0.3
1783523245,btc,1806048000000,88000.0,put,41.32,0.42532386,0.4195,0.4655,63440.78,4.4
1783523245,btc,1783843200000,69000.0,put,37.89,0.11709236,0.079,0.1575,61752.37,0.0
1783523245,btc,1783843200000,60500.0,put,39.52,0.00753634,0.007,0.008,61752.37,0.5
1783523245,btc,1785484800000,89000.0,call,50.56,8.623e-05,,0.0001,61862.58,249.2
1783523245,btc,1785484800000,57000.0,put,43.92,0.0138407,0.0135,0.014,61863.17,410.2
1783523245,btc,1798185600000,62000.0,put,42.79,0.10888172,0.108,0.11,62812.7,691.3
1783523245,btc,1790323200000,45000.0,call,54.36,0.28677349,0.285,0.289,62215.5,153.4
1783523245,btc,1785484800000,52000.0,call,51.49,0.16421394,0.1625,0.166,61863.17,0.5
1783523245,btc,1783670400000,61000.0,call,44.02,0.0191114,0.0185,0.0195,61764.12,447.9
1783523245,btc,1806048000000,200000.0,call,52.83,0.00124375,0.0012,0.0015,63441.37,497.0
1783523245,btc,1785484800000,96000.0,put,53.5,0.55183803,0.5425,0.5715,61863.17,0.1
1783523245,btc,1798185600000,140000.0,put,48.45,1.23009578,1.1525,1.315,62812.7,0.2
1783523245,btc,1790323200000,125000.0,put,54.09,1.00945572,0.9405,1.083,62215.5,22.7
1783523245,btc,1787904000000,92000.0,put,43.7,0.48363606,0.4765,0.496,62030.96,1.0
1783523245,btc,1806048000000,102000.0,put,41.43,0.62551232,0.618,0.6685,63441.37,0.0
1783523245,btc,1787904000000,75000.0,put,35.57,0.21404669,0.208,0.217,62030.96,27.7
1783523245,btc,1806048000000,96000.0,call,41.34,0.02457042,0.024,0.025,63441.37,124.5
1783523245,btc,1790323200000,98000.0,put,42.94,0.5761568,0.566,0.6055,62215.5,0.1
1783523245,btc,1783756800000,63000.0,call,37.41,0.00538256,0.005,0.006,61752.37,8.5
1783523245,btc,1790323200000,40000.0,call,61.09,0.36286887,0.361,0.365,62215.5,32.4
1783523245,btc,1787904000000,77000.0,call,35.8,0.0032909,0.0031,0.0036,62030.96,89.1
1783523245,btc,1813910400000,100000.0,put,41.99,0.59619404,0.589,0.6425,64107.77,0.0
1783523245,btc,1790323200000,155000.0,call,63.37,0.00012199,,0.0002,62214.91,363.8
1783523245,btc,1785484800000,45000.0,put,62.92,0.00105058,0.0009,0.0012,61862.58,852.1
1783523245,btc,1787904000000,82000.0,put,37.71,0.32334254,0.317,0.339,62030.96,0.0
1783523245,btc,1798185600000,70000.0,put,41.04,0.18349092,0.1795,0.185,62812.7,1045.3
1783523245,btc,1790323200000,68000.0,put,37.25,0.12791768,0.1255,0.1295,62215.5,641.9
1783523245,btc,1784880000000,70000.0,put,35.04,0.13351616,0.128,0.1415,61831.06,0.0
1783523245,btc,1798185600000,125000.0,call,45.25,0.00193071,0.0018,0.0022,62812.7,596.5
1783523245,btc,1806048000000,95000.0,call,41.33,0.02595722,0.025,0.0265,63440.78,160.0
1783523245,btc,1813910400000,40000.0,put,53.44,0.04081604,0.04,0.0415,64107.77,435.2
1783523245,btc,1798185600000,70000.0,call,41.04,0.06905632,0.068,0.07,62812.7,1030.5
1783523245,btc,1785484800000,79000.0,call,41.78,0.000375,0.0003,0.0004,61863.17,466.4
1783523245,btc,1798185600000,30000.0,put,69.65,0.00828239,0.008,0.0085,62812.11,2057.3
1783523245,btc,1790323200000,140000.0,call,58.94,0.00017714,0.0001,0.0003,62215.5,1182.1
1783523245,btc,1813910400000,95000.0,put,41.9,0.52658527,0.521,0.5825,64107.77,20.0
1783523245,btc,1798185600000,100000.0,call,40.94,0.0069438,0.0065,0.0075,62812.11,3687.6
1783523245,btc,1813910400000,82000.0,put,42.46,0.35889034,0.3545,0.3615,64107.77,0.1
1783523245,btc,1790323200000,180000.0,put,72.04,1.89331237,1.794,1.998,62215.5,7.3
1783523245,btc,1785484800000,74000.0,put,36.71,0.19714439,0.192,0.2,61862.58,130.7
1783523245,btc,1785484800000,85000.0,put,46.96,0.37414336,0.366,0.391,61863.17,22.2
1783523245,btc,1783670400000,67000.0,call,51.22,0.00012381,0.0001,0.0002,61763.56,1505.4
1783523245,btc,1806048000000,62000.0,put,44.01,0.13476748,0.1335,0.1355,63441.37,247.4
1783523245,btc,1790323200000,102000.0,put,44.44,0.64020419,0.6295,0.6685,62215.5,0.4
1783523245,btc,1787904000000,59000.0,call,40.71,0.08660223,0.0855,0.088,62030.96,400.1
1783523245,btc,1798185600000,105000.0,call,41.71,0.00512554,0.0048,0.0055,62812.7,841.1
1783523245,btc,1784880000000,66000.0,call,34.7,0.00737181,0.007,0.008,61831.02,621.6
1783523245,btc,1798185600000,52000.0,call,47.24,0.22231463,0.2205,0.2245,62812.7,0.0
1783523245,btc,1798185600000,58000.0,put,44.29,0.08109609,0.08,0.082,62812.7,1789.0
1783523245,btc,1785484800000,79000.0,put,41.78,0.27739055,0.2715,0.281,61863.17,173.5
1783523245,btc,1783843200000,67000.0,put,35.04,0.08482515,0.048,0.124,61752.37,0.0
1783523245,btc,1790323200000,145000.0,put,61.18,1.33080933,1.2505,1.4155,62214.91,0.2
1783523245,btc,1784275200000,64000.0,put,36.32,0.04494132,0.043,0.047,61793.06,142.2
1783523245,btc,1784880000000,70000.0,call,35.04,0.00138698,0.0013,0.0015,61831.06,1316.9
1783523245,btc,1784880000000,55000.0,call,48.79,0.11631393,0.114,0.1205,61831.06,0.0
1783523245,btc,1783670400000,52000.0,put,81.7,1.454e-05,,0.0001,61763.56,343.1
1783523245,btc,1783670400000,59000.0,call,51.73,0.04633539,0.044,0.0485,61764.12,314.4
1783523245,btc,1783670400000,63000.0,call,38.42,0.00344683,0.0033,0.0036,61763.56,1236.0
1783523245,btc,1787904000000,105000.0,put,51.84,0.69294752,0.6825,0.7175,62030.96,0.0
1783523245,btc,1783670400000,56000.0,put,64.23,0.00018602,0.0001,0.0003,61763.56,2365.8
1783523245,btc,1798185600000,94000.0,put,40.43,0.50721999,0.5015,0.5105,62812.7,5.2
1783523245,btc,1785484800000,66000.0,put,34.74,0.07866562,0.0765,0.081,61863.17,469.4
1783523245,btc,1798185600000,220000.0,call,62.37,0.00035842,0.0002,0.0006,62812.11,254.5
1783523245,btc,1783584000000,62000.0,call,41.2,0.0054293,0.005,0.006,61752.37,36.6
1783523245,btc,1806048000000,80000.0,call,41.55,0.05969649,0.059,0.0605,63441.37,891.9
1783523245,btc,1790323200000,175000.0,put,70.3,1.8129448,1.716,1.9145,62215.5,0.2
1783523245,btc,1784275200000,70000.0,call,37.51,0.00034396,0.0003,0.0005,61793.06,1288.3
1783523245,btc,1813910400000,66000.0,call,44.08,0.15943624,0.1585,0.161,64108.36,21.4
1783523245,btc,1798185600000,56000.0,put,45.17,0.0694076,0.0685,0.07,62812.7,127.6
1783523245,btc,1787904000000,75000.0,call,35.57,0.00497361,0.0046,0.0055,62030.96,1290.8
1783523245,btc,1790323200000,75000.0,put,36.41,0.2180672,0.214,0.2205,62215.5,2960.8
1783523245,btc,1813910400000,66000.0,put,44.08,0.18894733,0.1875,0.19,64108.36,22.2
1783523245,btc,1783843200000,64000.0,put,33.53,0.03872069,0.0075,0.0765,61752.37,0.0
1783523245,btc,1798185600000,94000.0,call,40.43,0.01069353,0.01,0.011,62812.7,114.9
1783523245,btc,1783843200000,56000.0,call,52.8,0.09403929,0.089,0.1265,61752.37,0.0
1783523245,btc,1783584000000,59000.0,call,57.06,0.04496693,0.013,0.079,61752.37,0.0
1783523245,btc,1798185600000,140000.0,call,48.45,0.00122658,0.001,0.0015,62812.11,1438.6
1783523245,btc,1784275200000,65000.0,call,35.4,0.00537124,0.005,0.006,61793.67,1205.6
1783523245,btc,1783584000000,64000.0,call,41.81,0.00018407,0.0001,0.0003,61752.37,135.7
1783523245,btc,1790323200000,90000.0,call,39.53,0.00181066,0.0016,0.0021,62215.5,3030.5
1783523245,btc,1787904000000,72000.0,call,35.36,0.00914705,0.0085,0.009,62031.55,1223.2
1783523245,btc,1783670400000,62000.0,put,40.7,0.01313091,0.0125,0.0135,61764.12,484.4
1783523245,btc,1790323200000,56000.0,call,43.31,0.13617971,0.1345,0.138,62215.5,12.2
1783523245,btc,1798185600000,76000.0,put,40.36,0.25353312,0.25,0.256,62812.7,121.0
1783523245,btc,1798185600000,250000.0,call,65.41,0.00023528,0.0001,0.0005,62812.7,1253.4
1783523245,btc,1813910400000,85000.0,call,42.28,0.06980841,0.069,0.071,64108.36,5.3
1783523245,btc,1813910400000,45000.0,put,50.65,0.05732609,0.0565,0.058,64107.77,58.1
1783523245,btc,1790323200000,62000.0,call,39.61,0.07489092,0.0745,0.0755,62215.5,656.2
1783523245,btc,1785484800000,58000.0,put,42.61,0.01715709,0.0165,0.0175,61863.17,1360.0
1783523245,btc,1806048000000,70000.0,call,42.58,0.10400405,0.103,0.105,63441.37,747.8
1783523245,btc,1784880000000,63000.0,put,36.82,0.04112628,0.0405,0.0415,61831.06,10.1
1783523245,btc,1813910400000,160000.0,put,45.06,1.50062615,1.4115,1.602,64108.36,0.0
1783523245,btc,1785484800000,67000.0,call,34.72,0.00869793,0.008,0.009,61863.17,1796.7
1783523245,btc,1790323200000,70000.0,call,36.78,0.02625245,0.026,0.027,62215.5,1898.1
1783523245,btc,1784880000000,55000.0,put,48.79,0.00584366,0.0055,0.006,61831.02,23.4
1783523245,btc,1784880000000,63000.0,call,36.82,0.02221134,0.0215,0.0225,61831.06,57.8
1783523245,btc,1784275200000,59000.0,call,44.49,0.05523564,0.053,0.057,61793.06,125.0
1783523245,btc,1787904000000,88000.0,call,41.2,0.00071384,0.0006,0.0009,62030.96,171.2
1783523245,btc,1785484800000,82000.0,put,44.77,0.32574877,0.3195,0.3295,61863.17,93.8
1783523245,btc,1790323200000,260000.0,put,78.83,3.17907248,3.0355,3.328,62215.5,0.0
1783523245,btc,1783584000000,67000.0,call,54.62,2.18e-06,,0.0001,61752.37,59.9
1783523245,btc,1787904000000,55000.0,put,44.26,0.02106793,0.0205,0.0215,62031.55,468.4
1783523245,btc,1787904000000,77000.0,put,35.8,0.24460592,0.2375,0.2635,62030.96,3.2
1783523245,btc,1806048000000,85000.0,call,41.35,0.04512064,0.0445,0.046,63441.37,22.5
1783523245,btc,1785484800000,48000.0,put,58.09,0.00205355,0.0019,0.0022,61862.58,653.5
1783523245,btc,1785484800000,55000.0,call,46.94,0.12004751,0.118,0.122,61863.17,12.6
1783523245,btc,1785484800000,80000.0,put,42.15,0.29346279,0.2875,0.297,61863.17,390.3
1783523245,btc,1806048000000,45000.0,put,50.9,0.04307778,0.0425,0.0435,63441.37,109.3
1783523245,btc,1783756800000,57000.0,call,55.2,0.07809594,0.073,0.084,61752.37,0.0
1783523245,btc,1798185600000,110000.0,put,42.45,0.75508034,0.746,0.76,62812.11,54.1
1783523245,btc,1785484800000,71000.0,put,34.73,0.1499006,0.1445,0.1525,61863.17,109.5
1783523245,btc,1787904000000,67000.0,put,36.01,0.10460807,0.1025,0.106,62030.96,91.3
1783523245,btc,1806048000000,52000.0,put,47.26,0.07104527,0.07,0.072,63441.37,53.2
1783523245,btc,1785484800000,115000.0,put,72.75,0.85896668,0.847,0.882,61863.17,3.4
1783523245,btc,1798185600000,65000.0,put,41.93,0.13389409,0.133,0.135,62812.11,538.0
1783523245,btc,1783843200000,62500.0,call,34.95,0.00899,0.0085,0.0095,61752.37,25.1
1783523245,btc,1785484800000,83000.0,call,45.27,0.00018927,0.0002,0.0003,61863.17,1233.1
1783523245,btc,1784880000000,58000.0,call,43.77,0.07441552,0.0725,0.078,61831.06,0.0
1783523245,btc,1783584000000,67000.0,put,54.62,0.0849057,0.078,0.1235,61752.37,0.0
1783523245,btc,1783670400000,61500.0,call,42.62,0.01384931,0.0135,0.014,61763.56,0.4
1783523245,btc,1785484800000,69000.0,call,34.47,0.00439896,0.004,0.0044,61863.17,1361.8
1783523245,btc,1787904000000,63000.0,put,37.96,0.06499257,0.0645,0.0655,62030.96,182.6
1783523245,btc,1813910400000,130000.0,call,42.83,0.01126134,0.0105,0.012,64107.77,54.4
1783523245,btc,1787904000000,110000.0,put,51.98,0.77342139,0.7625,0.7935,62030.96,0.0
1783523245,btc,1798185600000,40000.0,call,56.96,0.38173439,0.38,0.384,62812.7,250.8
1783523245,btc,1783843200000,57000.0,put,49.93,0.00112951,0.001,0.0013,61752.37,4.0
1783523245,btc,1813910400000,60000.0,put,45.29,0.14007066,0.1385,0.1415,64108.36,317.7
1783523245,btc,1784275200000,68000.0,call,35.52,0.00094154,0.0009,0.0011,61793.06,1516.8
1783523245,btc,1783756800000,65500.0,call,37.59,0.00046214,0.0004,0.0006,61752.37,5.2
1783523245,btc,1798185600000,135000.0,put,47.92,1.15080231,1.076,1.2335,62812.7,0.6
1783523245,btc,1798185600000,125000.0,put,45.25,0.9919925,0.981,1.0695,62812.7,8.4
1783523245,btc,1783584000000,57000.0,put,76.7,9.339e-05,,0.0001,61752.37,63.3
1783523245,btc,1783843200000,62000.0,put,36.25,0.01654253,0.016,0.017,61752.37,1.9
1783523245,btc,1806048000000,105000.0,call,41.53,0.0151361,0.0145,0.0155,63441.37,158.2
1783523245,btc,1784880000000,67000.0,put,34.74,0.08860791,0.086,0.091,61831.06,0.0
1783523245,btc,1806048000000,100000.0,put,41.38,0.59600306,0.5885,0.6335,63440.78,12.1
1783523245,btc,1787904000000,58000.0,put,41.53,0.03271158,0.032,0.033,62030.96,613.5
1783523245,btc,1785484800000,65000.0,call,35.21,0.01610288,0.0155,0.0165,61863.17,2265.1
1783523245,btc,1783670400000,70000.0,put,55.57,0.13335607,0.128,0.1395,61764.12,0.8
1783523245,btc,1787904000000,81000.0,put,37.27,0.30745885,0.2995,0.324,62030.96,0.1
1783523245,btc,1785484800000,100000.0,put,58.24,0.61649826,0.609,0.621,61862.58,99.5
1783523245,btc,1785484800000,106000.0,put,64.13,0.71348444,0.7025,0.7285,61862.58,0.0
1783523245,btc,1806048000000,110000.0,put,41.77,0.74565176,0.738,0.785,63441.37,1.8
1783523245,btc,1813910400000,130000.0,put,42.83,1.03908621,0.9775,1.1305,64107.77,0.0
1783523245,btc,1785484800000,54000.0,put,48.39,0.00733591,0.007,0.0075,61863.17,1253.4
1783523245,btc,1806048000000,52000.0,call,47.26,0.25138541,0.25,0.254,63441.37,5.1
1783523245,btc,1790323200000,90000.0,put,39.53,0.44840993,0.441,0.452,62215.5,589.5
1783523245,btc,1783584000000,66000.0,put,54.62,0.06873169,0.0625,0.1075,61752.37,0.0
1783523245,btc,1813910400000,50000.0,put,48.35,0.07873613,0.0775,0.0795,64107.77,11.8
1783523245,btc,1790323200000,320000.0,put,85.42,4.14346761,3.9665,4.3265,62215.5,0.1
1783523245,btc,1783670400000,64500.0,call,38.88,0.00058468,0.0005,0.0007,61764.12,134.5
1783523245,btc,1785484800000,81000.0,put,43.08,0.30958456,0.304,0.3135,61863.17,114.0
1783523245,btc,1806048000000,68000.0,call,42.88,0.11569854,0.1145,0.1165,63441.37,38.6
1783523245,btc,1787904000000,46000.0,put,55.11,0.00570896,0.0055,0.006,62030.96,365.1
1783523245,btc,1783843200000,63500.0,call,33.53,0.00398633,0.0038,0.0042,61752.37,0.1
1783523245,btc,1813910400000,80000.0,call,42.56,0.08704751,0.086,0.088,64108.36,40.8
1783523245,btc,1798185600000,52000.0,put,47.24,0.05018034,0.0495,0.0505,62812.7,37.0
1783523245,btc,1784275200000,60000.0,call,42.27,0.04273336,0.042,0.0435,61793.06,208.1
1783523245,btc,1783670400000,63000.0,put,38.42,0.02346262,0.0215,0.0255,61764.12,428.5
1783523245,btc,1785484800000,88000.0,put,49.16,0.42258468,0.4145,0.434,61863.17,2.1
1783523245,btc,1783670400000,73000.0,call,60.58,2.7e-07,,0.0001,61764.12,209.9
1783523245,btc,1806048000000,140000.0,call,44.79,0.00367621,0.0033,0.0041,63441.37,756.1
1783523245,btc,1785484800000,50000.0,call,54.95,0.19494961,0.193,0.199,61863.17,3.3
1783523245,btc,1783843200000,63500.0,put,33.53,0.0320125,0.0042,0.069,61752.37,0.0
1783523245,btc,1790323200000,94000.0,call,41.1,0.00127092,0.0011,0.0015,62215.5,155.2
1783523245,btc,1798185600000,62000.0,call,42.79,0.12181107,0.121,0.123,62812.7,170.5
1783523245,btc,1813910400000,82000.0,call,42.46,0.0798008,0.0785,0.081,64108.36,22.3
1783523245,btc,1813910400000,110000.0,call,42.02,0.02379096,0.023,0.0245,64107.77,48.9
1783523245,btc,1785484800000,108000.0,put,66.12,0.74581382,0.735,0.764,61863.17,0.0
1783523245,btc,1790323200000,30000.0,call,77.77,0.5197934,0.519,0.521,62215.5,100.1
1783523245,btc,1783843200000,62000.0,call,36.25,0.01279794,0.012,0.013,61752.37,0.8
1783523245,btc,1813910400000,85000.0,put,42.28,0.3956939,0.3905,0.3985,64108.36,0.0
1783523245,btc,1785484800000,73000.0,call,35.82,0.00120931,0.0011,0.0014,61863.17,2006.6
1783523245,btc,1806048000000,108000.0,call,41.67,0.01299175,0.0125,0.0135,63440.78,56.9
1783523245,btc,1785484800000,74000.0,call,36.71,0.00095261,0.0009,0.0011,61862.58,561.4
1783523245,btc,1783843200000,59000.0,call,44.15,0.04823354,0.016,0.0825,61752.37,0.0
1783523245,btc,1798185600000,96000.0,call,40.66,0.0093119,0.0085,0.0095,62812.7,305.8
1783523245,btc,1783756800000,66000.0,put,38.12,0.06872664,0.0325,0.108,61752.37,0.0
1783523245,btc,1790323200000,170000.0,call,68.51,0.00011181,,0.0002,62214.91,352.1
1783523245,btc,1798185600000,60000.0,call,43.47,0.13892294,0.138,0.1405,62812.7,787.8
1783523245,btc,1790323200000,190000.0,put,72.81,2.05400546,1.949,2.164,62214.91,0.0
1783523245,btc,1787904000000,83000.0,call,38.32,0.00126048,0.0011,0.0015,62030.96,175.4
1783523245,btc,1798185600000,68000.0,call,41.37,0.08004742,0.079,0.081,62812.7,429.8
1783523245,btc,1785484800000,98000.0,call,55.87,2.212e-05,,0.0001,61863.17,1178.7
1783523245,btc,1787904000000,73000.0,call,35.41,0.00747799,0.007,0.0075,62030.96,342.3
1783523245,btc,1783843200000,60000.0,call,40.9,0.03438393,0.0065,0.069,61752.37,0.0
1783523245,btc,1813910400000,40000.0,call,53.44,0.41686993,0.4155,0.419,64108.36,0.1
1783523245,btc,1787904000000,74000.0,call,35.41,0.00605325,0.0055,0.0065,62030.96,568.1
1783523245,btc,1784880000000,64000.0,put,35.88,0.05093313,0.0495,0.0525,61831.06,46.8
1783523245,btc,1784275200000,63000.0,call,37.17,0.01465452,0.014,0.015,61793.67,950.4
1783523245,btc,1784880000000,56000.0,call,47.18,0.10187349,0.0995,0.1035,61831.06,0.0
1783523245,btc,1790323200000,94000.0,put,41.1,0.51216349,0.503,0.538,62214.91,1.3
1783523245,btc,1806048000000,100000.0,call,41.38,0.0197341,0.019,0.0205,63441.37,522.4
1783523245,btc,1806048000000,68000.0,put,42.88,0.18756143,0.184,0.188,63441.37,66.1
1783523245,btc,1783584000000,69000.0,put,54.62,0.11728871,0.1105,0.157,61752.37,0.0
1783523245,btc,1783843200000,60000.0,put,40.9,0.00574966,0.0055,0.006,61752.37,8.1
1783523245,btc,1806048000000,55000.0,put,46.08,0.08703764,0.086,0.088,63441.37,1346.7
1783523245,btc,1784275200000,50000.0,put,65.96,0.00062687,0.0005,0.0007,61793.06,439.9
1783523245,btc,1785484800000,84000.0,call,45.41,0.00013918,0.0001,0.0002,61863.17,690.9
1783523245,btc,1783584000000,64500.0,call,45.81,0.00011206,0.0001,0.0002,61752.37,132.1
1783523245,btc,1784275200000,61000.0,call,40.3,0.0316138,0.031,0.032,61793.06,172.7
1783523245,btc,1813910400000,150000.0,call,44.23,0.00619385,0.0055,0.007,64108.36,79.3
1783523245,btc,1783756800000,64500.0,put,36.87,0.04546056,0.04,0.0725,61752.37,0.9
1783523245,btc,1784880000000,50000.0,put,57.98,0.00167891,0.0015,0.0018,61831.06,129.7
1783523245,btc,1783670400000,57000.0,call,58.74,0.07745569,0.074,0.083,61764.12,13.5
1783523245,btc,1790323200000,58000.0,call,41.92,0.11357068,0.1125,0.1155,62215.5,486.8
1783523245,btc,1783670400000,58000.0,call,55.49,0.06168014,0.0595,0.064,61764.12,66.1
1783523245,btc,1783584000000,63500.0,put,40.53,0.02868496,0.0235,0.033,61752.37,63.6
1783523245,btc,1783670400000,64000.0,put,38.47,0.0372926,0.0355,0.04,61764.12,296.2
1783523245,btc,1787904000000,59000.0,put,40.71,0.03773972,0.037,0.038,62030.96,448.0
1783523245,btc,1813910400000,52000.0,put,47.64,0.0891169,0.088,0.09,64108.36,2.6
1783523245,btc,1790323200000,78000.0,put,36.37,0.26161911,0.258,0.2645,62215.5,635.6
1783523245,btc,1806048000000,106000.0,put,41.62,0.68528935,0.677,0.7245,63441.37,0.0
1783523245,btc,1783843200000,61500.0,call,37.18,0.0171825,0.0165,0.0175,61752.37,0.0
1783523245,btc,1783756800000,65000.0,call,36.88,0.00074789,0.0006,0.0008,61752.37,86.6
1783523245,btc,1787904000000,67000.0,call,36.01,0.02450328,0.024,0.025,62031.55,436.1
1783523245,btc,1783756800000,69000.0,call,44.22,2.119e-05,,0.0001,61752.37,92.8
1783523245,btc,1806048000000,125000.0,put,43.08,0.97647686,0.9665,1.0595,63441.37,0.0
1783523245,btc,1787904000000,105000.0,call,51.84,0.00024521,0.0002,0.0004,62030.96,161.3
1783523245,btc,1790323200000,300000.0,put,84.97,3.822004,3.6565,3.994,62215.5,0.0
1783523245,btc,1783584000000,69000.0,call,54.62,1e-08,,0.0001,61752.37,36.7
1783523245,btc,1806048000000,115000.0,call,42.25,0.00943533,0.009,0.01,63441.37,767.2
1783523245,btc,1783843200000,61000.0,put,38.3,0.00987088,0.0095,0.01,61752.37,0.2
1783523245,btc,1787904000000,48000.0,call,52.34,0.23374211,0.232,0.238,62030.96,37.5
1783523245,btc,1783584000000,62500.0,call,39.49,0.00253318,0.0024,0.0027,61752.37,50.7
1783523245,btc,1806048000000,86000.0,call,41.32,0.04263191,0.042,0.0435,63441.37,110.8
1783523245,btc,1784880000000,56000.0,put,47.18,0.00757647,0.007,0.008,61831.02,49.3
1783523245,btc,1787904000000,46000.0,call,55.11,0.26414414,0.2625,0.266,62030.96,1.0
1783523245,btc,1783843200000,63000.0,call,34.11,0.00610038,0.0055,0.0065,61752.37,6.3
1783523245,btc,1798185600000,210000.0,put,60.52,2.34367231,2.2285,2.466,62812.11,0.0
1783523245,btc,1783584000000,60500.0,call,48.94,0.02227011,0.0185,0.0255,61752.37,2.3
1783523245,btc,1790323200000,35000.0,put,68.77,0.00337567,0.0032,0.0034,62214.91,844.8
1783523245,btc,1783670400000,48000.0,call,91.48,0.22284545,0.22,0.2275,61764.12,0.0
1783523245,btc,1813910400000,80000.0,put,42.56,0.33493975,0.3305,0.3375,64108.36,0.2
1783523245,btc,1798185600000,55000.0,put,45.62,0.06403067,0.063,0.0645,62812.7,936.7
1783523245,btc,1790323200000,98000.0,call,42.94,0.00097093,0.0008,0.0011,62214.91,251.3
1783523245,btc,1790323200000,64000.0,put,38.71,0.08788498,0.087,0.0885,62215.5,504.9
1783523245,btc,1790323200000,135000.0,put,58.1,1.17013449,1.0955,1.2495,62214.91,11.5
1783523245,btc,1813910400000,30000.0,put,61.56,0.01998467,0.0195,0.0205,64107.77,84.2
1783523245,btc,1787904000000,56000.0,put,43.29,0.02441823,0.024,0.025,62030.96,693.2
1783523245,btc,1798185600000,80000.0,call,40.22,0.0319451,0.0315,0.0325,62812.7,7177.8
1783523245,btc,1798185600000,105000.0,put,41.71,0.67677745,0.6675,0.681,62812.7,109.4
1783523245,btc,1783670400000,55000.0,call,71.13,0.10963985,0.106,0.115,61763.56,1.0
1783523245,btc,1790323200000,100000.0,put,44.23,0.60825277,0.5995,0.612,62214.91,272.4
1783523245,btc,1798185600000,200000.0,put,59.73,2.18456805,2.075,2.3015,62812.11,0.0
1783523245,btc,1785484800000,115000.0,call,72.75,1.999e-05,,0.0001,61863.17,182.3
1783523245,btc,1787904000000,64000.0,call,37.41,0.04200121,0.0415,0.0425,62031.55,359.1
1783523245,btc,1787904000000,71000.0,call,35.36,0.01119409,0.0105,0.0115,62031.55,716.1
1783523245,btc,1790323200000,102000.0,call,44.44,0.00072501,0.0006,0.0008,62215.5,58.8
1783523245,btc,1783756800000,63500.0,put,36.87,0.03139467,0.0275,0.035,61752.37,16.8
1783523245,btc,1806048000000,102000.0,call,41.43,0.01771799,0.017,0.0185,63441.37,91.3
1783523245,btc,1798185600000,170000.0,put,54.44,1.70716084,1.6135,1.8075,62812.7,0.0
1783523245,btc,1806048000000,60000.0,call,44.52,0.17386257,0.173,0.1755,63441.37,720.5
1783523245,btc,1798185600000,78000.0,put,40.22,0.27900513,0.276,0.2815,62812.11,233.0
1783523245,btc,1787904000000,71000.0,put,35.36,0.15578293,0.153,0.158,62030.96,7.6
1783523245,btc,1787904000000,63000.0,call,37.96,0.04937119,0.049,0.05,62030.96,532.4
1783523245,btc,1813910400000,76000.0,put,42.93,0.28951085,0.285,0.292,64107.77,0.1
1783523245,btc,1784275200000,58000.0,put,46.68,0.00728835,0.007,0.0075,61793.67,1174.7
1783523245,btc,1790323200000,80000.0,call,36.41,0.00577294,0.0055,0.006,62215.5,3396.7
1783523245,btc,1783843200000,69000.0,call,37.89,2.177e-05,,0.0001,61752.37,0.0
1783523245,btc,1813910400000,78000.0,call,42.74,0.095198,0.094,0.0965,64108.36,1.8
1783523245,btc,1787904000000,58000.0,call,41.53,0.09769506,0.097,0.1,62030.96,163.7
1783523245,btc,1785484800000,72000.0,put,35.14,0.16546125,0.16,0.1685,61863.17,365.0
1783523245,btc,1783584000000,65500.0,put,54.36,0.06066937,0.054,0.099,61752.37,0.0
1783523245,btc,1798185600000,72000.0,call,40.73,0.05930166,0.0585,0.06,62812.7,1103.8
1783523245,btc,1790323200000,78000.0,call,36.37,0.00789974,0.0075,0.008,62215.5,3843.7
1783523245,btc,1783670400000,52000.0,call,81.7,0.15809675,0.155,0.163,61764.12,0.0
1783523245,btc,1813910400000,62000.0,call,44.85,0.18827703,0.187,0.19,64107.77,93.2
1783523245,btc,1783843200000,61000.0,call,38.3,0.02231572,0.0215,0.0235,61752.37,0.0
1783523245,btc,1790323200000,92000.0,put,40.32,0.48025792,0.4715,0.5075,62215.5,4.0
1783523245,btc,1783670400000,65000.0,call,40.72,0.00037188,0.0003,0.0005,61763.56,1259.2
1783523245,btc,1798185600000,40000.0,put,56.96,0.01855416,0.018,0.0185,62812.7,4277.7
1783523245,btc,1783756800000,68000.0,put,42.73,0.10088396,0.0945,0.141,61752.37,0.0
1783523245,btc,1783756800000,58000.0,call,52.18,0.0626417,0.0575,0.083,61752.37,0.0
1783523245,btc,1784275200000,66000.0,put,35.4,0.07121305,0.0685,0.074,61793.06,15.0
1783523245,btc,1798185600000,135000.0,call,47.92,0.00153558,0.0014,0.0017,62812.7,1046.9
1783523245,btc,1806048000000,58000.0,call,45.11,0.19150286,0.1905,0.1935,63441.37,5.1
1783523245,btc,1783670400000,75000.0,call,63.44,4e-08,,0.0001,61764.12,167.8
1783523245,btc,1806048000000,94000.0,call,41.32,0.02743361,0.0265,0.028,63441.37,123.1
1783523245,btc,1785484800000,81000.0,call,43.08,0.00023951,0.0002,0.0003,61863.17,1477.2
1783523245,btc,1787904000000,53000.0,put,46.27,0.01560902,0.015,0.016,62031.55,136.6
1783523245,btc,1787904000000,66000.0,put,36.43,0.09356407,0.0915,0.0945,62030.96,147.4
1783523245,btc,1785484800000,77000.0,call,39.22,0.00047843,0.0004,0.0006,61862.58,2603.8
1783523245,btc,1806048000000,72000.0,call,42.34,0.09338302,0.0925,0.094,63441.37,55.1
1783523245,btc,1798185600000,104000.0,put,41.57,0.66118137,0.6525,0.693,62812.7,0.0
1783523245,btc,1813910400000,50000.0,call,48.35,0.29880349,0.2975,0.3015,64107.77,11.4
1783523245,btc,1798185600000,55000.0,call,45.62,0.18840348,0.1865,0.1905,62812.7,42.8
1783523245,btc,1783843200000,64000.0,call,33.53,0.00259909,0.0023,0.0027,61752.37,11.9
1783523245,btc,1783584000000,64500.0,put,45.81,0.0445341,0.038,0.0505,61752.37,14.2
1783523245,btc,1790323200000,52000.0,call,46.62,0.18673219,0.185,0.1885,62214.91,75.0
1783523245,btc,1784880000000,68000.0,call,34.73,0.00329264,0.003,0.0034,61831.06,572.4
1783523245,btc,1785484800000,90000.0,put,51.4,0.45490467,0.447,0.468,61863.17,14.9
1783523245,btc,1813910400000,68000.0,put,43.77,0.20722255,0.2055,0.2085,64108.36,0.0
1783523245,btc,1787904000000,69000.0,put,35.38,0.12882991,0.1265,0.131,62030.96,24.4
1783523245,btc,1798185600000,240000.0,call,63.9,0.00024252,0.0001,0.0005,62812.7,875.6
1783523245,btc,1783584000000,61500.0,call,43.78,0.00990913,0.0095,0.0105,61752.37,62.5
1783523245,btc,1798185600000,85000.0,put,40.22,0.37487266,0.37,0.3775,62812.7,548.5
1783523245,btc,1785484800000,105000.0,call,63.13,2.07e-05,,0.0001,61863.17,516.1
1783523245,btc,1798185600000,84000.0,put,40.22,0.36072759,0.356,0.3635,62812.7,47.0
1783523245,btc,1784275200000,59000.0,put,44.49,0.01003144,0.0095,0.0105,61793.67,669.7
1783523245,btc,1783756800000,67000.0,put,41.03,0.08477523,0.078,0.1245,61752.37,0.0
1783523245,btc,1806048000000,66000.0,put,43.24,0.16892137,0.1655,0.1695,63441.37,113.0
1783523245,btc,1798185600000,75000.0,call,40.44,0.04709494,0.0465,0.0475,62812.11,1301.2
1783523245,btc,1784880000000,54000.0,put,50.56,0.00454105,0.0044,0.0047,61831.02,706.6
1783523245,btc,1783584000000,63500.0,call,40.53,0.0004555,0.0004,0.0006,61752.37,111.1
1783523245,btc,1783584000000,65500.0,call,54.36,5.473e-05,,0.0001,61752.37,95.8
1783523245,btc,1783584000000,64000.0,put,41.81,0.03650982,0.0305,0.042,61752.37,11.1
1783523245,btc,1806048000000,35000.0,put,58.54,0.02010765,0.02,0.0205,63441.37,406.5
1783523245,btc,1784880000000,65000.0,call,35.12,0.01091891,0.0105,0.0115,61831.02,372.7
1783523245,btc,1813910400000,30000.0,call,61.56,0.55202508,0.551,0.5545,64107.77,4.0
1783523245,btc,1785484800000,72000.0,call,35.14,0.00159898,0.0015,0.0018,61863.17,1875.5
1783523245,btc,1787904000000,61000.0,put,39.22,0.04984669,0.0495,0.0505,62030.96,468.9
1783523245,btc,1783843200000,70000.0,call,37.95,5.75e-06,,0.0001,61752.37,0.0
1783523245,btc,1790323200000,50000.0,put,48.48,0.01769827,0.017,0.0185,62215.5,3548.9
1783523245,btc,1783584000000,62000.0,put,41.2,0.00936987,0.009,0.01,61752.37,88.7
1783523245,btc,1806048000000,64000.0,put,43.54,0.15105185,0.1495,0.152,63441.37,130.9
1783523245,btc,1787904000000,61000.0,call,39.22,0.06646725,0.066,0.0675,62030.96,195.6
1783523245,btc,1785484800000,70000.0,put,34.6,0.13466715,0.1315,0.137,61863.17,910.3
1783523245,btc,1806048000000,115000.0,put,42.25,0.82214463,0.8135,0.8655,63441.37,0.0
1783523245,btc,1806048000000,35000.0,call,58.54,0.46841351,0.4675,0.471,63440.78,3.5
1783523245,btc,1813910400000,54000.0,put,46.96,0.10033769,0.099,0.1015,64108.36,10.8
1783523245,btc,1790323200000,140000.0,put,58.94,1.25044268,1.173,1.3325,62215.5,1.4
1783523245,btc,1785484800000,90000.0,call,51.4,7.683e-05,,0.0001,61862.58,1313.3
1783523245,btc,1785484800000,91000.0,put,51.78,0.47105475,0.462,0.484,61863.17,0.2
1783523245,btc,1783843200000,60500.0,call,39.52,0.0280759,0.0255,0.0315,61752.37,0.0
1783523245,btc,1787904000000,70000.0,call,35.37,0.01362313,0.013,0.014,62031.55,799.5
1783523245,btc,1806048000000,108000.0,put,41.67,0.71536223,0.7075,0.7605,63441.37,0.0
1783523245,btc,1806048000000,180000.0,call,50.46,0.00167032,0.0016,0.0019,63441.37,644.0
1783523245,btc,1806048000000,84000.0,put,41.36,0.37173505,0.367,0.414,63440.78,5.8
1783523245,btc,1787904000000,76000.0,put,35.59,0.22919305,0.226,0.232,62030.96,5.4
1783523245,btc,1785484800000,78000.0,call,40.46,0.00041832,0.0004,0.0005,61863.17,992.8
1783523245,btc,1783584000000,60000.0,call,51.92,0.02954383,0.025,0.0495,61752.37,0.3
1783523245,btc,1785484800000,70000.0,call,34.6,0.00313438,0.0029,0.0032,61863.17,7265.3
1783523245,btc,1790323200000,120000.0,call,52.14,0.00033913,0.0003,0.0005,62215.5,1158.1
1783523245,btc,1790323200000,170000.0,put,68.51,1.7325771,1.6385,1.8315,62215.5,0.0
1783523245,btc,1787904000000,72000.0,put,35.36,0.16985689,0.167,0.1725,62030.96,85.6
1783523245,btc,1784275200000,69000.0,put,36.56,0.11719735,0.111,0.132,61793.06,0.0
1783523245,btc,1806048000000,88000.0,call,41.32,0.03820718,0.0375,0.039,63440.78,71.0
1783523245,btc,1806048000000,74000.0,put,42.09,0.25005945,0.246,0.251,63441.37,41.3
1783523245,btc,1806048000000,170000.0,call,48.97,0.00191398,0.0019,0.0022,63441.37,246.9
1783523245,btc,1787904000000,73000.0,put,35.41,0.18430912,0.181,0.187,62030.96,4.7
1783523245,btc,1806048000000,74000.0,call,42.09,0.08362042,0.083,0.0845,63441.37,53.6
1783523245,btc,1798185600000,64000.0,put,42.18,0.12513063,0.124,0.126,62812.7,208.0
1783523245,btc,1787904000000,84000.0,call,38.62,0.00106295,0.0009,0.0013,62030.96,57.5
1783523245,btc,1806048000000,54000.0,call,46.46,0.23025034,0.229,0.233,63441.37,0.0
1783523245,btc,1784275200000,56000.0,call,51.39,0.09765016,0.0955,0.0995,61793.06,6.1
1783523245,btc,1790323200000,115000.0,call,50.31,0.00042075,0.0003,0.0004,62214.91,2247.6
1783523245,btc,1787904000000,60000.0,call,39.95,0.07619705,0.0755,0.078,62030.96,396.3
1783523245,btc,1806048000000,120000.0,put,42.53,0.89897977,0.8895,0.9365,63440.78,0.0
1783523245,btc,1813910400000,84000.0,put,42.3,0.38315342,0.378,0.43,64107.77,0.0
1783523245,btc,1785484800000,52000.0,put,51.49,0.00478142,0.0046,0.0049,61863.17,2376.0
1783523245,btc,1784275200000,54000.0,put,56.25,0.00210901,0.0019,0.0022,61793.06,448.4
1783523245,btc,1806048000000,104000.0,put,41.49,0.65526899,0.6475,0.6895,63441.37,0.0
1783523245,btc,1783670400000,68000.0,call,52.52,4.248e-05,,0.0001,61763.56,1014.4
1783523245,btc,1783670400000,59000.0,put,51.73,0.00158827,0.0014,0.0017,61764.12,1132.6
1783523245,btc,1787904000000,57000.0,put,42.37,0.02826974,0.028,0.0285,62030.96,473.3
1783523245,btc,1806048000000,94000.0,put,41.32,0.50912642,0.502,0.5535,63441.37,9.0
1783523245,btc,1798185600000,100000.0,put,40.94,0.59899323,0.593,0.603,62812.7,303.1
1783523245,btc,1798185600000,75000.0,put,40.44,0.24113201,0.238,0.243,62812.7,887.9
1783523245,btc,1787904000000,70000.0,put,35.37,0.14209097,0.1395,0.1445,62030.96,97.1
1783523245,btc,1787904000000,60000.0,put,39.95,0.04345552,0.043,0.044,62030.96,914.2
1783523245,btc,1784880000000,60000.0,put,40.69,0.02044033,0.02,0.021,61830.48,614.5
1783523245,btc,1790323200000,130000.0,call,56.64,0.00028532,0.0002,0.0004,62215.5,1433.9
1783523245,btc,1806048000000,76000.0,call,41.87,0.07477345,0.074,0.0755,63441.37,341.2
1783523245,btc,1785484800000,95000.0,put,52.35,0.5356733,0.5265,0.5555,61862.58,0.5
1783523245,btc,1783670400000,75000.0,put,63.44,0.21430454,0.2075,0.2275,61763.56,0.4
1783523245,btc,1790323200000,92000.0,call,40.32,0.00151199,0.0013,0.0018,62214.91,486.2
1783523245,btc,1790323200000,125000.0,call,54.09,0.00029006,0.0002,0.0005,62214.91,2265.6
1783523245,btc,1785484800000,91000.0,call,51.78,6.216e-05,,0.0001,61863.17,308.2
1783523245,btc,1798185600000,120000.0,put,44.31,0.91283661,0.9025,0.9175,62812.7,35.5
1783523245,btc,1783756800000,60000.0,call,45.79,0.03387543,0.03,0.0375,61752.37,0.0
1783523245,btc,1787904000000,56000.0,call,43.29,0.12164367,0.12,0.124,62030.96,9.2
1783523245,btc,1783670400000,54000.0,put,77.1,8.429e-05,,0.0001,61764.12,625.0
1783523245,btc,1798185600000,220000.0,put,62.37,2.50286717,2.382,2.631,62812.7,0.0
1783523245,btc,1813910400000,70000.0,put,43.55,0.22665099,0.2235,0.2275,64108.36,5.2
1783523245,btc,1806048000000,65000.0,call,43.34,0.13514361,0.1345,0.1365,63441.37,203.3
1783523245,btc,1806048000000,130000.0,call,43.53,0.00503906,0.0046,0.0055,63441.37,1058.5
1783523245,btc,1790323200000,175000.0,call,70.3,0.00011288,,0.0002,62215.5,1347.6
1783523245,btc,1783756800000,56000.0,put,58.1,0.00044758,0.0003,0.0005,61752.37,15.6
1783523245,btc,1787904000000,74000.0,put,35.41,0.19900535,0.193,0.202,62030.96,3.3
1783523245,btc,1783584000000,61500.0,put,43.78,0.0057534,0.005,0.006,61752.37,144.8
1783523245,btc,1787904000000,50000.0,call,49.75,0.20399878,0.202,0.206,62030.96,51.0
1783523245,btc,1806048000000,84000.0,call,41.36,0.04766913,0.047,0.0485,63441.37,130.5
1783523245,btc,1813910400000,160000.0,call,45.06,0.00484169,0.0045,0.005,64108.36,473.1
1783523245,btc,1783756800000,59000.0,put,48.81,0.00285756,0.0026,0.003,61752.37,55.4
1783523245,btc,1790323200000,86000.0,put,38.01,0.38501418,0.377,0.4145,62214.91,11.6
1783523245,btc,1790323200000,68000.0,call,37.25,0.03493141,0.0345,0.0355,62215.5,769.3
1783523245,btc,1784880000000,75000.0,put,39.5,0.21327459,0.206,0.2245,61831.06,0.1
1783523245,btc,1790323200000,280000.0,call,81.51,6.33e-06,,0.0003,62214.91,94.0
1783523245,btc,1798185600000,230000.0,call,62.66,0.00026765,0.0002,0.0005,62812.7,196.3
1783523245,btc,1783584000000,70000.0,put,54.62,0.13348129,0.095,0.174,61752.37,0.0
1783523245,btc,1783584000000,68000.0,put,54.62,0.10109628,0.0635,0.1405,61752.37,0.0
1783523245,btc,1798185600000,50000.0,put,48.46,0.0424899,0.042,0.043,62812.7,1656.2
1783523245,btc,1787904000000,65000.0,call,36.89,0.03539047,0.035,0.036,62031.55,982.0
1783523245,btc,1785484800000,120000.0,call,77.21,1.972e-05,,0.0001,61863.17,1062.5
1783523245,btc,1787904000000,68000.0,put,35.66,0.11637932,0.114,0.1185,62030.96,72.7
1783523245,btc,1785484800000,63000.0,call,36.8,0.0284669,0.028,0.029,61863.17,1344.1
1783523245,btc,1787904000000,76000.0,call,35.59,0.003999,0.0037,0.0043,62030.96,671.8
1783523245,btc,1798185600000,54000.0,put,46.13,0.05909265,0.0585,0.0595,62812.11,1813.7
1783523245,btc,1783843200000,55000.0,put,56.3,0.00040058,0.0003,0.0005,61752.37,4.3
1783523245,btc,1798185600000,92000.0,put,40.3,0.47709853,0.4715,0.4805,62812.7,4.5
1783523245,btc,1787904000000,40000.0,call,63.99,0.3576199,0.3555,0.3625,62030.96,1.5
1783523245,btc,1806048000000,78000.0,put,41.65,0.29616665,0.2925,0.298,63441.37,182.2
1783523245,btc,1790323200000,54000.0,call,44.87,0.16065236,0.159,0.1625,62214.91,7.2
1783523245,btc,1783843200000,67000.0,call,35.04,0.00013342,0.0001,0.0002,61752.37,30.5
1783523245,btc,1798185600000,108000.0,call,42.04,0.0042213,0.004,0.0045,62812.7,117.9
1783523245,btc,1798185600000,60000.0,put,43.47,0.0941526,0.093,0.095,62812.7,6453.4
1783523245,btc,1783843200000,64500.0,call,33.53,0.00163457,0.0014,0.0017,61752.37,12.3
1783523245,btc,1813910400000,58000.0,call,45.78,0.2210739,0.22,0.2245,64107.77,4.7
1783523245,btc,1798185600000,250000.0,put,65.41,2.98035886,2.8435,3.1245,62812.7,10.0
1783523245,btc,1790323200000,85000.0,call,37.65,0.00302296,0.003,0.0033,62214.91,1177.4
1783523245,btc,1806048000000,190000.0,put,51.72,1.99635353,1.8925,2.11,63441.37,0.9
1783523245,btc,1798185600000,160000.0,call,53.08,0.00087959,0.0007,0.0011,62812.7,1228.0
1783523245,btc,1798185600000,88000.0,put,40.22,0.4180341,0.413,0.421,62812.7,4.3
1783523245,btc,1798185600000,96000.0,put,40.66,0.53767936,0.532,0.541,62812.11,11.2
1783523245,btc,1790323200000,96000.0,put,41.95,0.54413048,0.534,0.5705,62214.91,1.0
1783523245,btc,1785484800000,87000.0,put,48.36,0.40643284,0.398,0.4235,61863.17,8.1
1783523245,btc,1783584000000,63000.0,put,39.5,0.0212222,0.0175,0.025,61752.37,27.8
1783523245,btc,1785484800000,67000.0,put,34.72,0.0917368,0.089,0.094,61863.17,198.6
1783523245,btc,1798185600000,90000.0,call,40.23,0.0144987,0.014,0.0145,62812.7,2342.9
1783523245,btc,1806048000000,66000.0,call,43.24,0.12858386,0.1275,0.13,63441.37,19.1
1783523245,btc,1813910400000,62000.0,put,44.85,0.15539351,0.154,0.1565,64108.36,10.9
1783523245,btc,1784275200000,52000.0,put,61.38,0.00117806,0.001,0.0013,61793.06,396.9
1783523245,btc,1806048000000,200000.0,put,52.83,2.15378166,2.0445,2.2725,63441.37,1.0
1783523245,btc,1806048000000,45000.0,call,50.9,0.33375675,0.3325,0.336,63441.37,3.2
1783523245,btc,1784880000000,61000.0,put,39.25,0.02597631,0.0255,0.0265,61831.06,104.8
1783523245,btc,1790323200000,30000.0,put,77.77,0.00199316,0.0019,0.002,62214.91,2159.4
1783523245,btc,1783670400000,63500.0,put,38.4,0.03009754,0.028,0.0325,61764.12,64.4
1783523245,btc,1784275200000,62000.0,put,38.44,0.02542536,0.025,0.026,61793.06,227.5
1783523245,btc,1790323200000,260000.0,call,78.83,7.92e-06,,0.0002,62215.5,293.8
1783523245,btc,1806048000000,160000.0,call,47.66,0.00232542,0.0023,0.0026,63441.37,852.8
1783523245,btc,1785484800000,69000.0,put,34.47,0.11976741,0.114,0.122,61863.17,216.8
1783523245,btc,1784880000000,54000.0,call,50.56,0.13118436,0.129,0.133,61831.06,1.0
1783523245,btc,1783843200000,56000.0,put,52.8,0.0006473,0.0005,0.0008,61752.37,4.7
1783523245,btc,1798185600000,66000.0,put,41.75,0.14316519,0.141,0.144,62812.7,161.3
1783523245,btc,1790323200000,82000.0,call,36.88,0.00442726,0.0042,0.0047,62214.91,2425.5
1783523245,btc,1783756800000,68000.0,call,42.73,5.436e-05,,0.0002,61752.37,30.8
1783523245,btc,1784275200000,55000.0,call,53.79,0.11279515,0.1105,0.115,61793.06,4.0
1783523245,btc,1783584000000,65000.0,put,51.16,0.05260798,0.0165,0.091,61752.37,0.0
1783523245,btc,1806048000000,92000.0,put,41.32,0.48081092,0.4745,0.527,63441.37,0.2
1783523245,btc,1783670400000,65000.0,put,40.72,0.05276912,0.0475,0.055,61764.12,117.6
1783523245,btc,1798185600000,190000.0,put,57.53,2.02536863,1.921,2.1365,62812.7,0.0
1783523245,btc,1798185600000,35000.0,call,62.89,0.45528568,0.454,0.457,62812.7,77.6
1783523245,btc,1798185600000,160000.0,put,53.08,1.54815868,1.46,1.6435,62812.7,0.0
1783523245,btc,1785484800000,86000.0,call,48.41,0.00013728,0.0001,0.0002,61862.58,180.6
1783523245,btc,1798185600000,120000.0,call,44.31,0.00237729,0.0022,0.0026,62812.7,6033.5
1783523245,btc,1783756800000,65000.0,put,36.88,0.05301147,0.018,0.0915,61752.37,0.0
1783523245,btc,1806048000000,72000.0,put,42.34,0.22829855,0.2245,0.2295,63441.37,134.4
1783523245,btc,1783670400000,68000.0,put,52.52,0.1010119,0.095,0.113,61764.12,9.0
1783523245,btc,1785484800000,89000.0,put,50.56,0.43874932,0.4305,0.4515,61863.17,5.9
1783523245,btc,1784880000000,58000.0,put,43.77,0.01246517,0.012,0.013,61831.02,37.8
1783523245,btc,1783756800000,57000.0,put,55.2,0.00085016,0.0007,0.0009,61752.37,63.7
1783523245,btc,1783670400000,58000.0,put,55.49,0.0007423,0.0006,0.0008,61764.12,799.7
1783523245,btc,1798185600000,150000.0,call,50.83,0.00102314,0.0008,0.0013,62812.7,1640.1
1783523245,btc,1783670400000,63500.0,call,38.4,0.00198602,0.0018,0.0021,61764.12,260.9
1783523245,btc,1784275200000,64000.0,call,36.32,0.0092306,0.009,0.0095,61793.67,2076.4
1783523245,btc,1806048000000,58000.0,put,45.11,0.10573885,0.1045,0.1065,63441.37,108.8
1783523245,btc,1784275200000,63000.0,put,37.17,0.0341817,0.0335,0.035,61793.06,208.5
1783523245,btc,1787904000000,54000.0,put,45.23,0.01812655,0.0175,0.0185,62031.55,338.0
1783523245,btc,1787904000000,81000.0,call,37.27,0.00165992,0.0015,0.0019,62030.96,501.4
1783523245,btc,1783670400000,64000.0,call,38.47,0.00108608,0.001,0.0012,61764.12,1171.2
1783523245,btc,1785484800000,59000.0,put,41.28,0.02113656,0.0205,0.0215,61863.17,1476.5
1783523245,btc,1784275200000,62000.0,call,38.44,0.02208114,0.0215,0.0225,61793.06,294.2
1783523245,btc,1787904000000,95000.0,call,45.8,0.0004263,0.0003,0.0006,62030.96,6.1
1783523245,btc,1813910400000,100000.0,call,41.99,0.03632875,0.0355,0.0375,64107.77,46.4
1783523245,btc,1784275200000,65000.0,put,35.4,0.05726453,0.055,0.06,61793.06,1.2
1783523245,btc,1784275200000,57000.0,call,49.18,0.08294577,0.081,0.085,61793.67,15.5
1783523245,btc,1790323200000,88000.0,call,39.04,0.00229945,0.0022,0.0024,62215.5,648.8
1783523245,btc,1798185600000,66000.0,call,41.75,0.09241256,0.0915,0.0935,62812.7,105.7
1783523245,btc,1798185600000,102000.0,call,41.01,0.00595331,0.0055,0.0065,62812.7,147.9
1783523245,btc,1787904000000,69000.0,call,35.38,0.01648308,0.016,0.017,62031.55,310.8
1783523245,btc,1806048000000,104000.0,call,41.49,0.01594913,0.0155,0.0165,63441.47,75.2
1783523245,btc,1787904000000,95000.0,put,45.8,0.53191886,0.5225,0.5495,62030.96,0.0
1783523245,btc,1798185600000,170000.0,call,54.44,0.00067681,0.0005,0.0009,62812.11,2381.6
1783523245,btc,1790323200000,65000.0,call,38.28,0.05219699,0.0515,0.053,62215.5,866.1
1783523245,btc,1806048000000,130000.0,put,43.53,1.05418871,0.981,1.1395,63441.37,0.2
1783523245,btc,1806048000000,80000.0,put,41.55,0.32071165,0.316,0.3225,63441.37,139.4
1783523245,btc,1783584000000,56000.0,put,77.25,1.84e-05,,0.0001,61752.37,119.9
1783523245,btc,1787904000000,62000.0,call,38.56,0.05752156,0.057,0.058,62030.96,916.1
1783523245,btc,1790323200000,300000.0,call,84.97,6.43e-06,,0.0003,62214.91,192.5
1783523245,btc,1784880000000,62000.0,call,37.87,0.03001995,0.0295,0.0305,61831.06,50.9
1783523245,btc,1806048000000,40000.0,call,54.34,0.39912375,0.3985,0.401,63441.37,69.3
1783523245,btc,1790323200000,135000.0,call,58.1,0.00023559,0.0002,0.0003,62215.5,243.1
1783523245,btc,1813910400000,64000.0,call,44.42,0.17328637,0.172,0.175,64108.36,5.8
1783523245,btc,1790323200000,72000.0,put,36.41,0.17673703,0.173,0.179,62214.91,281.3
1783523245,btc,1806048000000,85000.0,put,41.35,0.38494925,0.38,0.4255,63441.37,0.8
1783523245,btc,1787904000000,55000.0,call,44.26,0.13441489,0.1325,0.136,62030.96,5.8
1783523245,btc,1790323200000,62000.0,put,39.61,0.07143741,0.071,0.072,62215.5,894.3
1783523245,btc,1785484800000,76000.0,call,38.26,0.00058288,0.0005,0.0007,61862.58,2488.8
1783523245,btc,1806048000000,55000.0,call,46.08,0.22008832,0.219,0.2225,63441.47,28.6
1783523245,btc,1806048000000,62000.0,call,44.01,0.15747901,0.1565,0.159,63441.47,42.2
1783523245,btc,1787904000000,110000.0,call,51.98,0.00011421,0.0001,0.0003,62030.96,92.3
1783523245,btc,1785484800000,48000.0,call,58.09,0.22614537,0.223,0.2345,61863.17,2.0
1783523245,btc,1813910400000,150000.0,put,44.23,1.34599178,1.262,1.4435,64107.77,0.0
1783523245,btc,1790323200000,120000.0,put,52.14,0.92913815,0.917,0.934,62215.5,172.3
1783523245,btc,1787904000000,94000.0,call,44.82,0.00042636,0.0003,0.0006,62030.96,11.0
1783523245,btc,1813910400000,52000.0,call,47.64,0.27798695,0.2765,0.2805,64108.36,0.0
1783523245,btc,1783584000000,57000.0,call,76.7,0.07711576,0.0445,0.1105,61752.37,0.0
1783523245,btc,1790323200000,50000.0,call,48.48,0.21403201,0.212,0.2165,62215.5,30.7
1783523245,btc,1783584000000,65000.0,call,51.16,8.964e-05,,0.0002,61752.37,305.2
1783523245,btc,1787904000000,96000.0,call,46.09,0.00037438,0.0003,0.0006,62030.96,15.1
1783523245,btc,1785484800000,75000.0,call,37.7,0.00077154,0.0007,0.0009,61862.58,3189.6
1783523245,btc,1790323200000,96000.0,call,41.95,0.00109126,0.0009,0.0012,62214.91,266.5
1783523245,btc,1806048000000,112000.0,call,41.92,0.01070537,0.01,0.0115,63441.47,64.9
1783523245,btc,1806048000000,82000.0,call,41.43,0.05330149,0.0525,0.054,63441.47,601.2
1783523245,btc,1785484800000,108000.0,call,66.12,2.041e-05,,0.0001,61863.17,375.1
1783523245,btc,1783756800000,69000.0,put,44.22,0.11703946,0.11,0.1575,61752.37,0.0
1783523245,btc,1790323200000,55000.0,call,44.05,0.14817428,0.1465,0.15,62214.91,90.9
1783523245,btc,1784275200000,48000.0,put,70.46,0.00032922,0.0002,0.0004,61793.06,183.4
1783523245,btc,1785484800000,68000.0,call,34.67,0.00629152,0.0055,0.0065,61863.17,3616.3
1783523245,btc,1785484800000,100000.0,call,58.24,2.288e-05,,0.0001,61863.17,1799.6
1783523245,btc,1813910400000,88000.0,call,42.14,0.06110107,0.06,0.062,64107.77,0.0
1783523245,btc,1798185600000,74000.0,put,40.51,0.22897542,0.2265,0.231,62812.11,61.0
1783523245,btc,1813910400000,45000.0,call,50.65,0.3553867,0.354,0.3575,64107.77,0.4
1783523245,btc,1783843200000,70000.0,put,37.95,0.13326577,0.126,0.174,61752.37,0.0
1783523245,btc,1790323200000,74000.0,call,36.4,0.01457519,0.014,0.015,62215.5,598.0
1783523245,btc,1785484800000,64000.0,call,35.88,0.02161027,0.021,0.022,61863.17,642.6
1783523245,btc,1813910400000,54000.0,call,46.96,0.25801044,0.2565,0.261,64107.77,0.0
1783523245,btc,1783584000000,66000.0,call,54.62,2.076e-05,,0.0001,61752.37,76.8
1783523245,btc,1798185600000,84000.0,call,40.22,0.02340607,0.0225,0.0235,62812.7,669.1
1783523245,btc,1783584000000,68000.0,call,54.62,1.7e-07,,0.0001,61752.37,9.8
1783523245,btc,1783670400000,72000.0,put,58.59,0.16573297,0.159,0.176,61764.12,0.0
1783523245,btc,1783843200000,66000.0,call,33.68,0.00033729,0.0003,0.0004,61752.37,0.0
1783523245,btc,1787904000000,85000.0,call,39.31,0.00096273,0.0008,0.0012,62030.96,296.3
1783523245,btc,1790323200000,76000.0,put,36.38,0.23235567,0.229,0.235,62214.91,599.6
1783523245,btc,1787904000000,98000.0,call,47.16,0.00032027,0.0002,0.0004,62030.96,80.5
1783523245,btc,1790323200000,54000.0,put,44.87,0.02861192,0.028,0.029,62215.5,320.7
1783523245,btc,1787904000000,100000.0,call,48.32,0.00028294,0.0002,0.0005,62030.96,143.2
1783523245,btc,1798185600000,76000.0,call,40.36,0.04357555,0.043,0.044,62812.7,293.2
1783523245,btc,1783756800000,65500.0,put,37.59,0.06082006,0.025,0.0995,61752.37,0.0
1783523245,btc,1783756800000,64000.0,call,36.87,0.00214309,0.0019,0.0022,61752.37,48.6
1783523245,btc,1813910400000,86000.0,put,42.23,0.40827043,0.403,0.4595,64108.36,0.0
1783523245,btc,1783843200000,68000.0,call,37.14,6.331e-05,,0.0001,61752.37,2.9
1783523245,btc,1787904000000,82000.0,call,37.71,0.00142264,0.0012,0.0017,62030.96,372.4
1783523245,btc,1798185600000,104000.0,call,41.57,0.00544996,0.005,0.006,62812.7,64.1
1783523245,btc,1783843200000,64500.0,put,33.53,0.04585273,0.0125,0.084,61752.37,0.0
1783523245,btc,1790323200000,66000.0,call,37.88,0.04582312,0.0455,0.0465,62215.5,450.1
1783523245,btc,1783756800000,71000.0,put,47.13,0.14939892,0.1105,0.191,61752.37,0.0
1783523245,btc,1790323200000,155000.0,put,63.37,1.4914874,1.406,1.5815,62215.5,0.1
1783523245,btc,1790323200000,105000.0,call,45.72,0.00061215,0.0005,0.0007,62215.5,1194.4
1783523245,btc,1785484800000,71000.0,call,34.73,0.00220308,0.002,0.0023,61863.17,1766.2
1783523245,btc,1798185600000,88000.0,call,40.22,0.0170306,0.0165,0.017,62812.7,2024.4
1783523245,btc,1783843200000,61500.0,put,37.18,0.01283237,0.0125,0.013,61752.37,0.0
1783523245,btc,1783670400000,64500.0,put,38.88,0.04488656,0.04,0.048,61764.12,0.2
1783523245,btc,1784275200000,58000.0,call,46.68,0.06867568,0.0665,0.0705,61793.06,21.4
1783523245,btc,1813910400000,56000.0,put,46.33,0.1125157,0.111,0.1135,64108.36,41.3
1783523245,btc,1783756800000,62000.0,put,39.41,0.01548587,0.015,0.016,61752.37,10.0
1783523245,btc,1783670400000,72000.0,call,58.59,6.4e-07,,0.0001,61764.12,647.9
1783523245,btc,1806048000000,105000.0,put,41.53,0.6702185,0.663,0.711,63441.37,0.0
1783523245,btc,1787904000000,80000.0,put,36.73,0.29158947,0.284,0.308,62030.96,22.0
1783523245,btc,1785484800000,54000.0,call,48.39,0.13443885,0.1325,0.1385,61862.58,1.6
1783523245,btc,1783584000000,60000.0,put,51.92,0.00109922,0.0009,0.0011,61752.37,297.3
1783523245,btc,1783756800000,62000.0,call,39.41,0.0117883,0.0115,0.012,61752.37,9.7
1783523245,btc,1813910400000,105000.0,put,42.0,0.66722972,0.6605,0.7115,64108.36,0.0
1783523245,btc,1787904000000,52000.0,put,47.39,0.01347428,0.013,0.014,62031.55,986.1
1783523245,btc,1790323200000,82000.0,put,36.88,0.32243993,0.315,0.3255,62215.5,194.7
1783523245,btc,1806048000000,112000.0,put,41.92,0.77613133,0.768,0.8185,63441.47,0.0
1783523245,btc,1785484800000,82000.0,call,44.77,0.00023896,0.0002,0.0003,61863.17,2834.5
1783523245,btc,1798185600000,58000.0,call,44.29,0.15770742,0.156,0.16,62812.7,41.5
1783523245,btc,1785484800000,65000.0,put,35.21,0.06681328,0.065,0.0685,61863.17,333.0
1783523245,btc,1783843200000,57000.0,call,49.93,0.07833207,0.045,0.1115,61752.37,0.0
1783523245,btc,1787904000000,65000.0,put,36.89,0.08325295,0.0815,0.0845,62030.96,275.3
1783523245,btc,1790323200000,66000.0,put,37.88,0.10666305,0.1045,0.108,62215.5,195.1
1783523245,btc,1813910400000,90000.0,call,42.04,0.05580556,0.055,0.057,64108.36,59.1
1783523245,btc,1798185600000,85000.0,call,40.22,0.02163064,0.021,0.0215,62812.11,1834.3
1783523245,btc,1783670400000,57000.0,put,58.74,0.00032711,0.0002,0.0004,61764.12,387.1
1783523245,btc,1798185600000,98000.0,put,40.74,0.56818825,0.5625,0.572,62812.7,1.1
1783523245,btc,1787904000000,90000.0,put,42.49,0.45148918,0.443,0.47,62030.96,0.5
1783523245,btc,1806048000000,78000.0,call,41.65,0.06667627,0.066,0.0675,63441.47,332.4
1783523245,btc,1783843200000,65000.0,put,33.52,0.05330511,0.0185,0.092,61752.37,0.0
1783523245,btc,1787904000000,85000.0,put,39.31,0.37124555,0.3635,0.394,62030.96,0.4
1783523245,btc,1790323200000,200000.0,put,72.81,2.21470707,2.104,2.33,62215.5,0.1
1783523245,btc,1787904000000,68000.0,call,35.66,0.02015319,0.0195,0.0205,62031.55,349.3
1783523245,btc,1787904000000,52000.0,call,47.39,0.17518384,0.173,0.177,62030.96,51.0
1783523245,btc,1798185600000,78000.0,call,40.22,0.03720657,0.0365,0.0375,62812.7,290.8
1783523245,btc,1783756800000,59000.0,call,48.81,0.047726,0.023,0.068,61752.37,0.0
1783523245,btc,1784880000000,59000.0,put,42.2,0.0159894,0.0155,0.0165,61831.06,195.8
1783523245,btc,1790323200000,85000.0,put,37.65,0.36925561,0.3615,0.3725,62215.5,454.5
1783523245,btc,1787904000000,54000.0,call,45.23,0.14759455,0.1455,0.1495,62030.96,8.0
1783523245,btc,1783756800000,62500.0,call,38.37,0.00818004,0.0075,0.0085,61752.37,9.0
1783523245,btc,1785484800000,106000.0,call,64.13,2.054e-05,,0.0001,61863.17,44.6
1783523245,btc,1785484800000,62000.0,put,37.76,0.03871658,0.038,0.039,61863.17,1089.1
1783523245,btc,1784880000000,57000.0,put,45.43,0.00970751,0.0095,0.01,61831.02,30.9
1783523245,btc,1784880000000,60000.0,call,40.69,0.05004389,0.049,0.051,61831.06,126.4
1783523245,btc,1784275200000,60000.0,put,42.27,0.01371163,0.013,0.014,61793.06,506.3
1783523245,btc,1783843200000,59000.0,put,44.15,0.00340984,0.0032,0.0035,61752.37,6.0
1783523245,btc,1783584000000,56000.0,call,77.25,0.09323337,0.0605,0.1245,61752.37,0.0
1783523245,btc,1798185600000,95000.0,put,40.53,0.52240906,0.517,0.526,62812.7,85.9
1783523245,btc,1784880000000,59000.0,call,42.2,0.06176623,0.06,0.0635,61831.06,2.2
1783523245,eth,1813910400000,2400.0,call,57.91,0.122331,0.121,0.1235,1777.01,281.0
1783523245,eth,1813910400000,2500.0,put,57.91,0.518072,0.4345,0.628,1777.01,5.0
1783523245,eth,1784275200000,1750.0,put,49.89,0.039127,0.0375,0.04,1723.97,1565.0
1783523245,eth,1783584000000,1900.0,put,75.35,0.102301,0.059,0.1475,1723.72,0.0
1783523245,eth,1785484800000,2300.0,call,56.93,0.001293,0.0012,0.0015,1724.8,7400.0
1783523245,eth,1784275200000,1200.0,call,96.23,0.304192,0.299,0.32,1723.97,50.0
1783523245,eth,1787904000000,1750.0,put,51.57,0.084265,0.083,0.085,1725.93,1686.0
1783523245,eth,1783843200000,1850.0,call,48.83,0.001721,0.0016,0.002,1723.72,230.0
1783523245,eth,1784880000000,1500.0,put,61.21,0.008163,0.008,0.0085,1724.15,110.0
1783523245,eth,1798185600000,4200.0,call,59.96,0.003507,0.0033,0.0038,1743.49,3556.0
1783523245,eth,1783756800000,1650.0,call,59.56,0.048315,0.0435,0.055,1723.72,0.0
1783523245,eth,1784275200000,1550.0,call,60.78,0.106579,0.1055,0.1105,1723.97,559.0
1783523245,eth,1790323200000,8500.0,call,97.73,5.6e-05,,0.0003,1730.26,1253.0
1783523245,eth,1806048000000,5000.0,put,60.57,1.8467,1.73,1.979,1760.35,0.0
1783523245,eth,1790323200000,4500.0,put,72.4,1.601148,1.498,1.7095,1730.32,6.0
1783523245,eth,1783670400000,1575.0,put,75.64,0.000807,0.0006,0.0009,1723.68,1879.0
1783523245,eth,1783756800000,1875.0,put,54.76,0.08841,0.076,0.1345,1723.72,0.0
1783523245,eth,1787904000000,1400.0,put,59.78,0.018671,0.018,0.019,1725.93,5704.0
1783523245,eth,1784275200000,1450.0,put,70.13,0.002319,0.0021,0.0024,1723.97,2400.0
1783523245,eth,1806048000000,800.0,call,71.88,0.56368,0.5615,0.577,1760.33,0.0
1783523245,eth,1806048000000,4400.0,call,59.15,0.010146,0.0095,0.011,1760.35,1079.0
1783523245,eth,1798185600000,3000.0,put,55.69,0.737612,0.721,0.7505,1743.55,674.0
1783523245,eth,1783756800000,1750.0,put,50.95,0.026236,0.024,0.0275,1723.72,16.0
1783523245,eth,1783756800000,1500.0,call,80.22,0.130383,0.124,0.1465,1723.72,0.0
1783523245,eth,1790323200000,2500.0,put,52.73,0.453403,0.443,0.4615,1730.32,3192.0
1783523245,eth,1790323200000,13000.0,call,119.8,5.2e-05,,0.0003,1730.32,1873.0
1783523245,eth,1790323200000,7200.0,put,90.95,3.161353,2.997,3.3315,1730.32,0.0
1783523245,eth,1813910400000,1900.0,put,58.54,0.270124,0.2615,0.274,1777.01,5.0
1783523245,eth,1785484800000,2650.0,call,67.92,0.000376,0.0003,0.0005,1724.78,2482.0
1783523245,eth,1798185600000,4500.0,call,61.28,0.002641,0.0024,0.003,1743.55,1648.0
1783523245,eth,1813910400000,1400.0,call,60.59,0.331102,0.327,0.3365,1777.01,50.0
1783523245,eth,1806048000000,2300.0,call,56.97,0.098257,0.097,0.099,1760.35,2273.0
1783523245,eth,1785484800000,1300.0,call,72.76,0.250333,0.2455,0.2705,1724.78,50.0
1783523245,eth,1787904000000,1850.0,call,50.82,0.047392,0.047,0.048,1725.93,3365.0
1783523245,eth,1790323200000,6400.0,call,86.18,0.000108,,0.0003,1730.32,1923.0
1783523245,eth,1798185600000,3500.0,put,57.26,1.015572,0.9915,1.105,1743.49,52.0
1783523245,eth,1806048000000,6000.0,call,62.85,0.003404,0.0031,0.0038,1760.35,3475.0
1783523245,eth,1783756800000,1725.0,put,51.93,0.018167,0.0175,0.019,1723.72,315.0
1783523245,eth,1785484800000,1450.0,put,62.15,0.009358,0.009,0.0095,1724.8,4485.0
1783523245,eth,1784880000000,1700.0,call,51.21,0.049429,0.049,0.05,1724.15,329.0
1783523245,eth,1785484800000,1500.0,put,59.11,0.012628,0.012,0.013,1724.8,11662.0
1783523245,eth,1787904000000,1200.0,call,69.11,0.312363,0.308,0.32,1725.95,51.0
1783523245,eth,1806048000000,3500.0,put,57.44,1.011941,0.921,1.123,1760.35,5.0
1783523245,eth,1790323200000,3500.0,put,62.39,1.02385,0.943,1.1105,1730.32,1166.0
1783523245,eth,1783670400000,1625.0,call,65.89,0.059198,0.058,0.0635,1723.7,872.0
1783523245,eth,1783584000000,1775.0,put,56.35,0.031217,0.0255,0.035,1723.72,659.0
1783523245,eth,1798185600000,5200.0,call,64.16,0.001494,0.0012,0.0018,1743.55,8599.0
1783523245,eth,1790323200000,6500.0,call,86.61,0.000101,,0.0002,1730.32,1337.0
1783523245,eth,1785484800000,2550.0,call,65.37,0.000541,0.0004,0.0007,1724.8,1632.0
1783523245,eth,1783584000000,1625.0,put,76.29,0.000512,0.0004,0.0006,1723.72,973.0
1783523245,eth,1790323200000,8000.0,put,94.35,3.623691,3.441,3.812,1730.32,0.0
1783523245,eth,1790323200000,6800.0,call,89.26,0.000102,,0.0002,1730.26,1462.0
1783523245,eth,1798185600000,4600.0,put,61.65,1.640816,1.5345,1.757,1743.49,0.0
1783523245,eth,1806048000000,900.0,call,68.87,0.513742,0.5115,0.53,1760.35,50.0
1783523245,eth,1784275200000,2000.0,put,54.6,0.161605,0.115,0.203,1723.97,22.0
1783523245,eth,1787904000000,2500.0,call,54.42,0.003243,0.003,0.0035,1725.93,787.0
1783523245,eth,1790323200000,3600.0,call,63.35,0.000868,0.0007,0.0011,1730.32,2705.0
1783523245,eth,1790323200000,4600.0,put,73.6,1.658931,1.553,1.769,1730.26,38.0
1783523245,eth,1806048000000,900.0,put,68.87,0.024993,0.0245,0.0255,1760.33,765.0
1783523245,eth,1813910400000,2600.0,put,57.91,0.564276,0.479,0.676,1777.01,0.0
1783523245,eth,1790323200000,15000.0,put,127.3,7.66937,7.3265,8.022,1730.32,0.0
1783523245,eth,1790323200000,12000.0,put,115.57,5.935506,5.661,6.2175,1730.32,0.0
1783523245,eth,1783670400000,1700.0,call,55.77,0.022946,0.022,0.0235,1723.7,13373.0
1783523245,eth,1785484800000,2150.0,call,52.71,0.00284,0.0027,0.0031,1724.78,6106.0
1783523245,eth,1783670400000,1700.0,put,55.77,0.009208,0.0085,0.0095,1723.7,7488.0
1783523245,eth,1798185600000,3000.0,call,55.69,0.016906,0.0165,0.0175,1743.55,5009.0
1783523245,eth,1798185600000,4200.0,put,59.96,1.412496,1.314,1.521,1743.49,62.0
1783523245,eth,1806048000000,2100.0,call,57.08,0.126052,0.125,0.127,1760.33,482.0
1783523245,eth,1806048000000,1300.0,call,60.96,0.336286,0.333,0.3515,1760.35,50.0
1783523245,eth,1798185600000,2200.0,put,55.04,0.330059,0.325,0.335,1743.55,9248.0
1783523245,eth,1785484800000,3200.0,call,84.51,0.000139,0.0001,0.0002,1724.78,4075.0
1783523245,eth,1783756800000,1650.0,put,59.56,0.005473,0.005,0.0055,1723.72,24.0
1783523245,eth,1783756800000,1675.0,put,56.46,0.008188,0.0075,0.0085,1723.72,839.0
1783523245,eth,1785484800000,2350.0,call,58.44,0.001033,0.0009,0.0012,1724.78,9529.0
1783523245,eth,1790323200000,1500.0,call,56.27,0.177598,0.175,0.182,1730.32,1008.0
1783523245,eth,1785484800000,2500.0,put,63.52,0.450023,0.4415,0.457,1724.8,463.0
1783523245,eth,1787904000000,3000.0,put,61.62,0.738994,0.6695,0.813,1725.95,0.0
1783523245,eth,1785484800000,3000.0,call,78.27,0.000173,0.0001,0.0003,1724.78,2605.0
1783523245,eth,1798185600000,2100.0,call,55.04,0.081292,0.08,0.082,1743.55,1014.0
1783523245,eth,1784880000000,1850.0,put,49.6,0.088605,0.08,0.094,1724.15,0.0
1783523245,eth,1785484800000,2900.0,call,76.35,0.000237,0.0002,0.0003,1724.8,7795.0
1783523245,eth,1783670400000,1900.0,call,64.18,0.000212,0.0001,0.0003,1723.68,9363.0
1783523245,eth,1806048000000,4800.0,call,60.08,0.007413,0.007,0.008,1760.35,2887.0
1783523245,eth,1790323200000,3100.0,call,58.3,0.002001,0.0018,0.0023,1730.32,2193.0
1783523245,eth,1785484800000,1850.0,call,49.59,0.022784,0.022,0.023,1724.78,9844.0
1783523245,eth,1790323200000,1600.0,put,54.55,0.063913,0.063,0.065,1730.32,5940.0
1783523245,eth,1798185600000,3300.0,call,56.57,0.010691,0.01,0.0115,1743.49,1790.0
1783523245,eth,1787904000000,3400.0,put,67.69,0.970341,0.8925,1.053,1725.95,0.0
1783523245,eth,1787904000000,2400.0,call,53.4,0.004752,0.0044,0.005,1725.93,1693.0
1783523245,eth,1785484800000,1600.0,call,54.46,0.096147,0.094,0.099,1724.8,3266.0
1783523245,eth,1787904000000,2400.0,put,53.4,0.395307,0.379,0.46,1725.93,1.0
1783523245,eth,1783670400000,1550.0,put,81.07,0.000554,0.0004,0.0007,1723.7,3056.0
1783523245,eth,1798185600000,1200.0,call,62.45,0.348201,0.3455,0.353,1743.49,341.0
1783523245,eth,1798185600000,3500.0,call,57.26,0.008081,0.008,0.0085,1743.49,24233.0
1783523245,eth,1806048000000,2500.0,put,56.97,0.496959,0.4845,0.508,1760.35,560.0
1783523245,eth,1798185600000,1200.0,put,62.45,0.036484,0.0355,0.037,1743.49,5434.0
1783523245,eth,1784275200000,1450.0,call,70.13,0.161189,0.156,0.1845,1723.97,50.0
1783523245,eth,1790323200000,4400.0,call,71.04,0.000358,0.0003,0.0006,1730.32,4347.0
1783523245,eth,1806048000000,1300.0,put,60.96,0.074758,0.074,0.0755,1760.35,1470.0
1783523245,eth,1813910400000,4500.0,put,59.13,1.553156,1.4415,1.6885,1776.99,0.0
1783523245,eth,1798185600000,2700.0,call,55.11,0.027908,0.027,0.0285,1743.49,2156.0
1783523245,eth,1787904000000,1600.0,put,53.92,0.046034,0.0455,0.0465,1725.93,1296.0
1783523245,eth,1783584000000,1600.0,put,80.81,0.000222,0.0001,0.0003,1723.72,920.0
1783523245,eth,1813910400000,1800.0,call,58.75,0.221961,0.22,0.2245,1776.99,1024.0
1783523245,eth,1783756800000,1950.0,call,63.23,0.000234,0.0001,0.0003,1723.72,182.0
1783523245,eth,1790323200000,2000.0,call,51.94,0.04351,0.0425,0.044,1730.26,7728.0
1783523245,eth,1784880000000,2100.0,put,53.36,0.219816,0.206,0.273,1724.15,0.0
1783523245,eth,1798185600000,4500.0,put,61.28,1.583701,1.4795,1.698,1743.49,2.0
1783523245,eth,1783843200000,1900.0,put,52.3,0.102946,0.09,0.1495,1723.72,0.0
1783523245,eth,1798185600000,2900.0,put,55.45,0.683223,0.6425,0.7045,1743.49,164.0
1783523245,eth,1813910400000,2000.0,call,58.35,0.181767,0.18,0.1845,1776.99,1203.0
1783523245,eth,1798185600000,4800.0,put,62.59,1.755181,1.6445,1.875,1743.49,77.0
1783523245,eth,1785484800000,2000.0,call,49.97,0.007712,0.0075,0.008,1724.8,12797.0
1783523245,eth,1813910400000,3000.0,call,57.92,0.069602,0.0685,0.0705,1777.01,295.0
1783523245,eth,1798185600000,5000.0,put,63.44,1.869599,1.755,1.993,1743.49,2.0
1783523245,eth,1806048000000,3800.0,put,58.01,1.176202,1.0805,1.291,1760.35,2.0
1783523245,eth,1798185600000,2300.0,put,55.03,0.376319,0.371,0.3815,1743.49,5181.0
1783523245,eth,1790323200000,6000.0,put,84.72,2.467881,2.3305,2.6105,1730.32,0.0
1783523245,eth,1798185600000,2100.0,put,55.04,0.285786,0.2765,0.289,1743.49,2018.0
1783523245,eth,1783670400000,1750.0,put,52.92,0.023425,0.022,0.0245,1723.7,2320.0
1783523245,eth,1783670400000,1900.0,put,64.18,0.102504,0.0895,0.1485,1723.68,83.0
1783523245,eth,1806048000000,2200.0,call,56.97,0.111131,0.11,0.112,1760.35,1996.0
1783523245,eth,1798185600000,3100.0,call,55.93,0.014401,0.014,0.015,1743.49,2058.0
1783523245,eth,1787904000000,1950.0,call,50.81,0.031486,0.0305,0.032,1725.93,1469.0
1783523245,eth,1806048000000,1600.0,call,58.44,0.23511,0.234,0.2385,1760.35,923.0
1783523245,eth,1798185600000,3200.0,call,56.24,0.012383,0.012,0.013,1743.49,67278.0
1783523245,eth,1783584000000,1925.0,call,75.44,4e-06,,0.0001,1723.72,740.0
1783523245,eth,1798185600000,4400.0,call,61.05,0.002967,0.0029,0.0032,1743.55,1772.0
1783523245,eth,1783670400000,1800.0,put,53.51,0.046437,0.0405,0.05,1723.7,627.0
1783523245,eth,1806048000000,4000.0,call,58.39,0.014537,0.014,0.015,1760.35,1834.0
1783523245,eth,1790323200000,7400.0,put,90.95,3.276927,3.108,3.4515,1730.32,0.0
1783523245,eth,1783843200000,1600.0,put,59.57,0.002976,0.0027,0.0031,1723.72,0.0
1783523245,eth,1784275200000,1775.0,put,49.63,0.048077,0.0415,0.0525,1723.91,71.0
1783523245,eth,1787904000000,1300.0,call,64.17,0.258737,0.255,0.2665,1725.93,50.0
1783523245,eth,1783584000000,1700.0,put,58.29,0.004714,0.0044,0.0048,1723.72,1688.0
1783523245,eth,1790323200000,2800.0,put,55.19,0.622061,0.6095,0.6315,1730.32,1287.0
1783523245,eth,1784275200000,1875.0,call,49.82,0.005587,0.005,0.006,1723.97,668.0
1783523245,eth,1787904000000,1500.0,call,56.41,0.160402,0.1585,0.165,1725.93,472.0
1783523245,eth,1783670400000,1750.0,call,52.92,0.008155,0.0075,0.0085,1723.68,6707.0
1783523245,eth,1790323200000,6200.0,call,86.18,0.000144,,0.0002,1730.26,2026.0
1783523245,eth,1784880000000,1775.0,call,49.64,0.028562,0.028,0.029,1724.15,256.0
1783523245,eth,1785484800000,2050.0,call,50.67,0.005427,0.005,0.006,1724.78,8443.0
1783523245,eth,1787904000000,2800.0,put,58.62,0.623612,0.5585,0.694,1725.95,0.0
1783523245,eth,1783756800000,1850.0,call,52.7,0.001208,0.0011,0.0014,1723.72,957.0
1783523245,eth,1806048000000,4600.0,call,59.73,0.008734,0.0085,0.0095,1760.35,930.0
1783523245,eth,1790323200000,1700.0,put,53.36,0.089238,0.088,0.09,1730.26,3691.0
1783523245,eth,1783756800000,1625.0,put,62.45,0.003589,0.0033,0.0037,1723.72,38.0
1783523245,eth,1783670400000,1875.0,put,60.97,0.088138,0.0755,0.134,1723.68,0.0
1783523245,eth,1806048000000,2000.0,call,57.24,0.142989,0.142,0.144,1760.35,1190.0
1783523245,eth,1790323200000,5600.0,put,81.46,2.236721,2.1085,2.37,1730.32,0.0
1783523245,eth,1790323200000,5500.0,call,81.4,0.000205,0.0001,0.0003,1730.26,1487.0
1783523245,eth,1783756800000,1850.0,put,52.7,0.074384,0.0635,0.12,1723.72,0.0
1783523245,eth,1813910400000,3500.0,call,58.18,0.044943,0.044,0.0465,1776.99,744.0
1783523245,eth,1784880000000,1825.0,call,49.63,0.019279,0.0185,0.0195,1724.09,276.0
1783523245,eth,1813910400000,3600.0,put,58.21,1.067137,0.9685,1.1915,1777.01,0.0
1783523245,eth,1790323200000,1700.0,call,53.36,0.106715,0.106,0.108,1730.32,2692.0
1783523245,eth,1783670400000,1875.0,call,60.97,0.000349,0.0003,0.0005,1723.7,23.0
1783523245,eth,1806048000000,1400.0,put,59.87,0.094512,0.0935,0.0955,1760.35,1846.0
1783523245,eth,1790323200000,7500.0,put,90.95,3.334715,3.1635,3.5115,1730.32,0.0
1783523245,eth,1806048000000,1800.0,put,57.71,0.206289,0.2035,0.2075,1760.35,3863.0
1783523245,eth,1790323200000,2200.0,call,51.94,0.022727,0.0215,0.023,1730.26,4006.0
1783523245,eth,1806048000000,3500.0,call,57.44,0.023746,0.023,0.0245,1760.35,4335.0
1783523245,eth,1790323200000,5500.0,put,81.4,2.178955,2.053,2.31,1730.26,1.0
1783523245,eth,1813910400000,1500.0,put,59.97,0.144041,0.142,0.146,1777.01,30.0
1783523245,eth,1787904000000,2600.0,put,55.81,0.508774,0.4905,0.576,1725.95,1.0
1783523245,eth,1806048000000,3600.0,put,57.62,1.066436,0.974,1.1785,1760.35,1.0
1783523245,eth,1790323200000,2900.0,call,56.2,0.003014,0.0027,0.0033,1730.32,5002.0
1783523245,eth,1806048000000,1900.0,call,57.47,0.162237,0.161,0.164,1760.33,1313.0
1783523245,eth,1790323200000,5400.0,put,80.34,2.121161,1.9975,2.25,1730.26,4.0
1783523245,eth,1787904000000,3600.0,call,71.85,0.000351,0.0002,0.0006,1725.93,935.0
1783523245,eth,1790323200000,1900.0,put,51.94,0.157196,0.1545,0.1585,1730.32,3906.0
1783523245,eth,1790323200000,3400.0,put,61.55,0.966251,0.951,0.9785,1730.32,870.0
1783523245,eth,1806048000000,1900.0,put,57.47,0.241543,0.2355,0.243,1760.35,812.0
1783523245,eth,1784275200000,1300.0,call,86.32,0.246596,0.242,0.2635,1723.97,50.0
1783523245,eth,1787904000000,3800.0,call,73.56,0.000235,0.0001,0.0005,1725.93,305.0
1783523245,eth,1783584000000,2000.0,call,76.13,0.0,,0.0001,1723.72,60.0
1783523245,eth,1784275200000,2000.0,call,54.6,0.001425,0.0014,0.0017,1723.97,885.0
1783523245,eth,1783670400000,1725.0,call,53.38,0.014174,0.0135,0.0145,1723.7,1828.0
1783523245,eth,1783584000000,1675.0,call,63.41,0.030409,0.026,0.0375,1723.72,1.0
1783523245,eth,1790323200000,7400.0,call,90.95,6.3e-05,,0.0002,1730.26,1019.0
1783523245,eth,1790323200000,5200.0,put,78.84,2.005598,1.8865,2.1295,1730.32,3.0
1783523245,eth,1783670400000,1675.0,put,58.92,0.005556,0.005,0.006,1723.7,1753.0
1783523245,eth,1790323200000,14000.0,put,123.7,7.091415,6.7715,7.4205,1730.32,0.0
1783523245,eth,1783756800000,1725.0,call,51.93,0.017502,0.0165,0.018,1723.72,211.0
1783523245,eth,1783670400000,1650.0,call,62.13,0.046017,0.045,0.0505,1723.7,2858.0
1783523245,eth,1798185600000,2600.0,put,55.05,0.524604,0.513,0.535,1743.55,1055.0
1783523245,eth,1790323200000,6400.0,put,86.18,2.699017,2.5525,2.85,1730.32,0.0
1783523245,eth,1783584000000,1950.0,put,76.13,0.131294,0.087,0.174,1723.72,1.0
1783523245,eth,1787904000000,2050.0,put,50.78,0.208079,0.1765,0.219,1725.95,160.0
1783523245,eth,1783670400000,1775.0,call,53.06,0.004349,0.004,0.0045,1723.7,671.0
1783523245,eth,1790323200000,6600.0,put,87.51,2.814601,2.664,2.9705,1730.32,0.0
1783523245,eth,1790323200000,2800.0,call,55.19,0.003789,0.0035,0.0041,1730.32,8005.0
1783523245,eth,1787904000000,1950.0,put,50.81,0.161312,0.1555,0.1625,1725.95,286.0
1783523245,eth,1784275200000,1850.0,put,49.68,0.080849,0.071,0.09,1723.91,14.0
1783523245,eth,1798185600000,2900.0,call,55.45,0.019873,0.019,0.0205,1743.49,1172.0
1783523245,eth,1785484800000,4000.0,call,99.78,3.5e-05,,0.0001,1724.78,8690.0
1783523245,eth,1806048000000,2700.0,put,56.97,0.593861,0.513,0.697,1760.35,147.0
1783523245,eth,1784275200000,1600.0,call,56.86,0.081165,0.08,0.0855,1723.91,979.0
1783523245,eth,1783670400000,1550.0,call,81.07,0.101315,0.1,0.1055,1723.68,580.0
1783523245,eth,1785484800000,1750.0,put,50.27,0.05798,0.057,0.0585,1724.8,2076.0
1783523245,eth,1783670400000,1650.0,put,62.13,0.003271,0.003,0.0034,1723.7,2170.0
1783523245,eth,1790323200000,3500.0,call,62.39,0.001009,0.0008,0.0013,1730.32,15408.0
1783523245,eth,1790323200000,1800.0,call,52.49,0.080087,0.0795,0.081,1730.32,2219.0
1783523245,eth,1785484800000,3800.0,call,94.88,3.8e-05,,0.0001,1724.78,2692.0
1783523245,eth,1783843200000,1800.0,call,47.64,0.004907,0.0045,0.0055,1723.72,630.0
1783523245,eth,1783584000000,1500.0,call,87.52,0.129776,0.124,0.1425,1723.72,0.0
1783523245,eth,1785484800000,1300.0,put,72.76,0.004026,0.0038,0.0041,1724.8,9166.0
1783523245,eth,1806048000000,3400.0,call,57.32,0.026472,0.0255,0.0275,1760.35,1899.0
1783523245,eth,1785484800000,2000.0,put,49.97,0.16724,0.1605,0.172,1724.8,3390.0
1783523245,eth,1813910400000,900.0,put,67.42,0.035926,0.035,0.0365,1777.01,565.0
1783523245,eth,1783843200000,2000.0,put,60.84,0.160426,0.147,0.2085,1723.72,0.0
1783523245,eth,1783670400000,1850.0,put,57.82,0.073883,0.062,0.119,1723.68,180.0
1783523245,eth,1783584000000,1700.0,call,58.29,0.018458,0.0175,0.019,1723.72,97.0
1783523245,eth,1813910400000,1300.0,call,61.35,0.365041,0.361,0.371,1776.99,51.0
1783523245,eth,1787904000000,1600.0,call,53.92,0.118997,0.1175,0.123,1725.93,883.0
1783523245,eth,1798185600000,1500.0,call,57.57,0.224907,0.224,0.2305,1743.49,702.0
1783523245,eth,1783584000000,1900.0,call,75.35,1.6e-05,,0.0001,1723.72,777.0
1783523245,eth,1787904000000,1300.0,put,64.17,0.011954,0.0115,0.0125,1725.93,5743.0
1783523245,eth,1783756800000,1625.0,call,62.45,0.060934,0.0595,0.0655,1723.72,433.0
1783523245,eth,1790323200000,5000.0,put,76.44,1.890009,1.775,2.009,1730.26,2.0
1783523245,eth,1787904000000,1450.0,call,58.07,0.183433,0.179,0.19,1725.95,51.0
1783523245,eth,1785484800000,3600.0,call,90.92,5.1e-05,,0.0001,1724.8,2052.0
1783523245,eth,1798185600000,11000.0,put,83.13,5.309468,5.0595,5.326,1743.55,109.0
1783523245,eth,1798185600000,2800.0,call,55.25,0.023486,0.023,0.0245,1743.55,5712.0
1783523245,eth,1813910400000,1800.0,put,58.75,0.234915,0.2325,0.237,1777.01,211.0
1783523245,eth,1783670400000,2200.0,call,84.85,0.0,,0.0001,1723.68,1929.0
1783523245,eth,1798185600000,3400.0,put,57.01,0.959493,0.8985,0.989,1743.49,89.0
1783523245,eth,1784275200000,1400.0,put,75.32,0.001535,0.0014,0.0016,1723.91,2040.0
1783523245,eth,1784880000000,1500.0,call,61.21,0.138169,0.133,0.1465,1724.09,0.0
1783523245,eth,1798185600000,8000.0,put,73.95,3.588923,3.407,3.778,1743.49,0.0
1783523245,eth,1787904000000,1800.0,put,51.18,0.100942,0.0985,0.1015,1725.95,582.0
1783523245,eth,1798185600000,1000.0,put,68.12,0.019512,0.019,0.02,1743.49,19458.0
1783523245,eth,1783756800000,1925.0,call,60.0,0.000318,0.0002,0.0004,1723.72,1.0
1783523245,eth,1806048000000,3300.0,put,57.22,0.904158,0.816,1.0135,1760.35,1.0
1783523245,eth,1785484800000,1750.0,call,50.27,0.043393,0.0425,0.044,1724.78,7014.0
1783523245,eth,1785484800000,2200.0,put,54.04,0.277621,0.27,0.2835,1724.78,2338.0
1783523245,eth,1790323200000,14000.0,call,123.7,5.2e-05,,0.0003,1730.32,1211.0
1783523245,eth,1787904000000,2000.0,put,50.82,0.184196,0.1735,0.236,1725.95,155.0
1783523245,eth,1787904000000,3600.0,put,71.85,1.086183,1.0035,1.1735,1725.95,1.0
1783523245,eth,1785484800000,2500.0,call,63.52,0.000614,0.0005,0.0008,1724.78,2518.0
1783523245,eth,1798185600000,1400.0,call,58.79,0.262259,0.2605,0.2675,1743.49,896.0
1783523245,eth,1783670400000,1775.0,put,53.06,0.034122,0.0265,0.035,1723.7,242.0
1783523245,eth,1806048000000,2600.0,put,56.97,0.544888,0.5315,0.556,1760.35,626.0
1783523245,eth,1784275200000,1675.0,put,52.34,0.019595,0.019,0.02,1723.97,936.0
1783523245,eth,1790323200000,4600.0,call,73.6,0.000341,0.0002,0.0005,1730.26,3083.0
1783523245,eth,1806048000000,2800.0,call,56.97,0.0532,0.052,0.054,1760.35,2394.0
1783523245,eth,1790323200000,10000.0,call,105.8,5.1e-05,,0.0003,1730.32,1561.0
1783523245,eth,1783756800000,2000.0,call,69.65,0.000138,,0.0002,1723.72,1.0
1783523245,eth,1813910400000,2300.0,call,57.91,0.134654,0.1335,0.136,1777.01,8.0
1783523245,eth,1813910400000,2700.0,call,57.91,0.092013,0.0905,0.093,1777.01,83.0
1783523245,eth,1784275200000,1950.0,call,52.11,0.002331,0.0021,0.0026,1723.91,1437.0
1783523245,eth,1783584000000,1650.0,call,69.01,0.043742,0.0375,0.0525,1723.72,0.0
1783523245,eth,1784275200000,1825.0,call,49.64,0.010451,0.0095,0.011,1723.97,484.0
1783523245,eth,1783756800000,1500.0,put,80.22,0.000526,0.0004,0.0006,1723.72,217.0
1783523245,eth,1787904000000,1900.0,put,50.82,0.139628,0.134,0.1415,1725.93,272.0
1783523245,eth,1790323200000,3800.0,put,65.51,1.19691,1.1095,1.29,1730.32,954.0
1783523245,eth,1790323200000,16000.0,call,130.17,5e-05,,0.0001,1730.32,7426.0
1783523245,eth,1798185600000,3300.0,put,56.57,0.903468,0.881,0.954,1743.55,0.0
1783523245,eth,1798185600000,3400.0,call,57.01,0.009359,0.0085,0.01,1743.49,12462.0
1783523245,eth,1785484800000,1400.0,put,65.31,0.006939,0.0065,0.0075,1724.78,8491.0
1783523245,eth,1790323200000,3200.0,call,59.83,0.001765,0.0017,0.0019,1730.32,7794.0
1783523245,eth,1790323200000,6200.0,put,86.18,2.583461,2.442,2.7305,1730.26,0.0
1783523245,eth,1798185600000,2000.0,call,55.04,0.096671,0.096,0.098,1743.55,1814.0
1783523245,eth,1787904000000,1700.0,call,52.21,0.084672,0.084,0.0855,1725.93,993.0
1783523245,eth,1790323200000,1000.0,put,75.28,0.006579,0.006,0.007,1730.32,6110.0
1783523245,eth,1785484800000,1500.0,call,59.11,0.142982,0.1415,0.1465,1724.8,583.0
1783523245,eth,1784880000000,2200.0,call,56.67,0.000923,0.0008,0.0011,1724.09,579.0
1783523245,eth,1783670400000,1950.0,put,73.98,0.13143,0.1185,0.179,1723.68,10.0
1783523245,eth,1790323200000,1000.0,call,75.28,0.428625,0.425,0.4565,1730.26,124.0
1783523245,eth,1784880000000,1900.0,call,49.64,0.010012,0.0095,0.0105,1724.15,2302.0
1783523245,eth,1785484800000,1400.0,call,65.31,0.19527,0.1905,0.2035,1724.8,150.0
1783523245,eth,1798185600000,1800.0,call,55.53,0.136911,0.136,0.1385,1743.49,2465.0
1783523245,eth,1783584000000,1850.0,call,71.25,0.000133,0.0001,0.0002,1723.72,1515.0
1783523245,eth,1798185600000,800.0,put,76.24,0.010103,0.0095,0.0105,1743.49,2639.0
1783523245,eth,1806048000000,4800.0,put,60.08,1.734082,1.621,1.863,1760.35,0.0
1783523245,eth,1785484800000,4200.0,put,102.54,1.435034,1.339,1.5345,1724.8,0.0
1783523245,eth,1790323200000,5200.0,call,78.84,0.000234,0.0001,0.0004,1730.32,1608.0
1783523245,eth,1787904000000,3400.0,call,67.69,0.000388,0.0003,0.0007,1725.95,281.0
1783523245,eth,1783584000000,1750.0,put,54.7,0.019143,0.0175,0.0205,1723.72,2613.0
1783523245,eth,1783756800000,1900.0,put,57.11,0.102643,0.0905,0.149,1723.72,0.0
1783523245,eth,1785484800000,2700.0,put,70.47,0.565739,0.5565,0.573,1724.8,630.0
1783523245,eth,1785484800000,2600.0,put,67.08,0.507861,0.4905,0.572,1724.78,31.0
1783523245,eth,1813910400000,3000.0,put,57.92,0.757859,0.667,0.8755,1777.01,35.0
1783523245,eth,1787904000000,2000.0,call,50.82,0.025401,0.0245,0.026,1725.95,1855.0
1783523245,eth,1806048000000,800.0,put,71.88,0.018125,0.0175,0.0185,1760.35,432.0
1783523245,eth,1798185600000,1500.0,put,57.57,0.08526,0.0845,0.086,1743.49,15936.0
1783523245,eth,1798185600000,2000.0,put,55.04,0.243809,0.2395,0.2485,1743.55,9818.0
1783523245,eth,1787904000000,2200.0,put,51.31,0.285138,0.271,0.317,1725.93,169.0
1783523245,eth,1806048000000,4200.0,call,58.94,0.012291,0.012,0.013,1760.35,3508.0
1783523245,eth,1798185600000,800.0,call,76.24,0.551248,0.548,0.56,1743.49,171.0
1783523245,eth,1806048000000,4500.0,call,59.43,0.009393,0.0085,0.01,1760.33,2428.0
1783523245,eth,1798185600000,5500.0,call,65.36,0.001217,0.001,0.0015,1743.55,1397.0
1783523245,eth,1798185600000,4000.0,call,59.1,0.004329,0.0041,0.0047,1743.55,16542.0
1783523245,eth,1784880000000,1750.0,put,50.07,0.049647,0.0485,0.05,1724.09,416.0
1783523245,eth,1784880000000,1650.0,put,52.8,0.02462,0.024,0.025,1724.09,1382.0
1783523245,eth,1784880000000,1550.0,call,57.87,0.112695,0.1085,0.1205,1724.15,18.0
1783523245,eth,1790323200000,9000.0,put,100.09,4.20164,3.996,4.4135,1730.32,0.0
1783523245,eth,1790323200000,1200.0,call,65.53,0.320486,0.317,0.327,1730.26,138.0
1783523245,eth,1783670400000,1675.0,call,58.92,0.033798,0.0325,0.0375,1723.68,1357.0
1783523245,eth,1784880000000,2000.0,put,50.6,0.164007,0.152,0.179,1724.15,1.0
1783523245,eth,1787904000000,1700.0,put,52.21,0.069648,0.069,0.07,1725.95,2365.0
1783523245,eth,1790323200000,2300.0,put,51.96,0.34548,0.3365,0.3525,1730.32,1212.0
1783523245,eth,1784880000000,1900.0,put,49.64,0.112004,0.1015,0.1545,1724.09,1.0
1783523245,eth,1813910400000,2100.0,put,58.11,0.345941,0.3365,0.35,1777.01,0.0
1783523245,eth,1783843200000,1725.0,call,48.21,0.019019,0.0185,0.02,1723.72,193.0
1783523245,eth,1798185600000,1000.0,call,68.12,0.445944,0.443,0.4515,1743.49,54.0
1783523245,eth,1798185600000,2800.0,put,55.25,0.629478,0.617,0.6415,1743.49,2205.0
1783523245,eth,1790323200000,3000.0,call,57.2,0.002427,0.0022,0.0027,1730.32,13426.0
1783523245,eth,1784880000000,1825.0,put,49.63,0.077771,0.0705,0.083,1724.15,60.0
1783523245,eth,1784275200000,1400.0,call,75.32,0.189409,0.183,0.198,1723.97,50.0
1783523245,eth,1790323200000,4000.0,put,67.54,1.312366,1.2205,1.4095,1730.32,140.0
1783523245,eth,1783670400000,1800.0,call,53.51,0.00216,0.0019,0.0024,1723.7,9040.0
1783523245,eth,1790323200000,6500.0,put,86.61,2.756805,2.6085,2.9105,1730.26,0.0
1783523245,eth,1798185600000,4400.0,put,61.05,1.52667,1.4245,1.6395,1743.55,20.0
1783523245,eth,1785484800000,3600.0,put,90.92,1.087201,1.005,1.173,1724.78,17.0
1783523245,eth,1785484800000,4000.0,put,99.78,1.319091,1.228,1.414,1724.78,0.0
1783523245,eth,1787904000000,2200.0,call,51.31,0.010463,0.01,0.011,1725.93,4296.0
1783523245,eth,1784880000000,1875.0,put,49.61,0.100042,0.0905,0.107,1724.15,0.0
1783523245,eth,1790323200000,3400.0,call,61.55,0.001206,0.001,0.0014,1730.32,6667.0
1783523245,eth,1790323200000,5800.0,put,83.58,2.352312,2.2195,2.49,1730.26,0.0
1783523245,eth,1790323200000,4400.0,put,71.04,1.543358,1.4425,1.6495,1730.26,281.0
1783523245,eth,1787904000000,2350.0,put,52.71,0.367264,0.3255,0.429,1725.95,100.0
1783523245,eth,1813910400000,1200.0,call,62.58,0.402519,0.398,0.4075,1777.01,50.0
1783523245,eth,1785484800000,1650.0,put,52.69,0.032446,0.032,0.033,1724.8,5156.0
1783523245,eth,1783670400000,2200.0,put,84.85,0.276339,0.226,0.328,1723.68,1.0
1783523245,eth,1798185600000,1300.0,put,60.4,0.04913,0.0485,0.05,1743.55,1497.0
1783523245,eth,1790323200000,2600.0,call,53.44,0.006376,0.006,0.007,1730.32,7124.0
1783523245,eth,1783584000000,1625.0,call,76.29,0.057768,0.029,0.0975,1723.72,0.0
1783523245,eth,1798185600000,7000.0,put,71.04,3.015551,2.8565,3.1825,1743.49,0.0
1783523245,eth,1806048000000,1200.0,put,62.32,0.058115,0.0575,0.0585,1760.35,999.0
1783523245,eth,1813910400000,4000.0,call,58.52,0.029852,0.029,0.031,1776.99,4278.0
1783523245,eth,1790323200000,7000.0,put,90.95,3.045784,2.886,3.2115,1730.32,0.0
1783523245,eth,1783584000000,1725.0,call,54.87,0.009239,0.0085,0.0095,1723.72,575.0
1783523245,eth,1790323200000,1900.0,call,51.94,0.059083,0.0585,0.06,1730.32,1101.0
1783523245,eth,1798185600000,2300.0,call,55.03,0.057111,0.0555,0.0575,1743.49,2896.0
1783523245,eth,1806048000000,1800.0,call,57.71,0.183788,0.1825,0.186,1760.35,3745.0
1783523245,eth,1787904000000,2050.0,call,50.78,0.020314,0.0195,0.0205,1725.93,958.0
1783523245,eth,1785484800000,1550.0,put,56.64,0.017342,0.017,0.018,1724.8,3488.0
1783523245,eth,1787904000000,1800.0,call,51.18,0.058026,0.0575,0.059,1725.93,3941.0
1783523245,eth,1784880000000,1400.0,put,68.84,0.004134,0.004,0.0042,1724.15,2421.0
1783523245,eth,1783843200000,1625.0,put,56.51,0.004293,0.004,0.0045,1723.72,9.0
1783523245,eth,1813910400000,1900.0,call,58.54,0.200894,0.199,0.203,1777.01,3.0
1783523245,eth,1806048000000,3700.0,call,57.78,0.019347,0.0185,0.02,1760.35,1416.0
1783523245,eth,1806048000000,5000.0,call,60.57,0.00642,0.006,0.007,1760.35,1202.0
1783523245,eth,1806048000000,2000.0,put,57.24,0.279101,0.2725,0.28,1760.35,1440.0
1783523245,eth,1790323200000,2100.0,put,51.88,0.245255,0.2365,0.2515,1730.26,2754.0
1783523245,eth,1806048000000,1200.0,call,62.32,0.376448,0.374,0.423,1760.35,50.0
1783523245,eth,1785484800000,2450.0,call,61.75,0.000713,0.0006,0.0009,1724.8,5544.0
1783523245,eth,1783584000000,1725.0,put,54.87,0.009998,0.009,0.0105,1723.72,2059.0
1783523245,eth,1790323200000,2700.0,put,54.51,0.56546,0.5535,0.5745,1730.32,527.0
1783523245,eth,1783584000000,1750.0,call,54.7,0.00388,0.0036,0.0041,1723.72,585.0
1783523245,eth,1783584000000,1600.0,call,80.81,0.071981,0.063,0.1105,1723.72,0.0
1783523245,eth,1783670400000,1725.0,put,53.38,0.01494,0.0145,0.0155,1723.7,1779.0
1783523245,eth,1806048000000,2500.0,call,56.97,0.076819,0.0755,0.0775,1760.35,1316.0
1783523245,eth,1790323200000,16000.0,put,130.17,8.247322,7.8815,8.623,1730.32,30.0
1783523245,eth,1783843200000,1675.0,put,50.93,0.009109,0.0085,0.0095,1723.72,126.0
1783523245,eth,1790323200000,2300.0,call,51.96,0.016185,0.0155,0.017,1730.32,10116.0
1783523245,eth,1790323200000,1400.0,put,58.78,0.030623,0.03,0.031,1730.26,7651.0
1783523245,eth,1806048000000,1500.0,put,59.04,0.117576,0.1165,0.119,1760.35,4029.0
1783523245,eth,1806048000000,4500.0,put,59.43,1.565645,1.4585,1.69,1760.35,0.0
1783523245,eth,1784275200000,1200.0,put,96.23,0.0003,0.0002,0.0004,1723.97,2556.0
1783523245,eth,1813910400000,2700.0,put,57.91,0.611445,0.525,0.725,1777.01,0.0
1783523245,eth,1790323200000,1600.0,call,54.55,0.139185,0.138,0.1415,1730.32,4287.0
1783523245,eth,1806048000000,3000.0,put,56.98,0.745903,0.7305,0.7595,1760.35,352.0
1783523245,eth,1813910400000,1700.0,put,59.07,0.202164,0.2,0.204,1777.01,225.0
1783523245,eth,1785484800000,2750.0,put,72.02,0.594685,0.5315,0.6615,1724.78,2.0
1783523245,eth,1798185600000,5200.0,put,64.16,1.984052,1.865,2.112,1743.55,0.0
1783523245,eth,1798185600000,4800.0,call,62.59,0.002051,0.0018,0.0023,1743.49,2476.0
1783523245,eth,1783756800000,1825.0,put,51.44,0.060802,0.051,0.083,1723.72,18.0
1783523245,eth,1785484800000,2750.0,call,72.02,0.000334,0.0003,0.0004,1724.78,1107.0
1783523245,eth,1785484800000,3200.0,put,84.51,0.855383,0.7825,0.932,1724.8,5.0
1783523245,eth,1813910400000,2000.0,put,58.35,0.307272,0.2995,0.311,1777.01,27.0
1783523245,eth,1806048000000,1500.0,call,59.04,0.265492,0.2625,0.2695,1760.35,197.0
1783523245,eth,1790323200000,3800.0,call,65.51,0.000683,0.0007,0.0009,1730.26,2006.0
1783523245,eth,1798185600000,2700.0,put,55.11,0.576544,0.5645,0.588,1743.49,430.0
1783523245,eth,1783670400000,1300.0,put,123.14,8e-06,,0.0001,1723.68,8362.0
1783523245,eth,1785484800000,2800.0,put,72.96,0.623616,0.5595,0.6915,1724.78,2.0
1783523245,eth,1790323200000,7500.0,call,90.95,5.6e-05,,0.0003,1730.32,1322.0
1783523245,eth,1790323200000,6800.0,put,89.26,2.930192,2.7745,3.091,1730.26,0.0
1783523245,eth,1785484800000,2200.0,call,54.04,0.002141,0.002,0.0024,1724.8,9002.0
1783523245,eth,1785484800000,2450.0,put,61.75,0.421134,0.365,0.482,1724.78,249.0
1783523245,eth,1783756800000,1600.0,call,65.82,0.074247,0.069,0.083,1723.72,0.0
1783523245,eth,1783843200000,1775.0,put,47.37,0.037711,0.0305,0.047,1723.72,0.0
1783523245,eth,1783843200000,1775.0,call,47.37,0.007981,0.0075,0.0085,1723.72,76.0
1783523245,eth,1784275200000,1300.0,put,86.32,0.000713,0.0006,0.0008,1723.97,2006.0
1783523245,eth,1785484800000,3000.0,put,78.27,0.739465,0.6705,0.8115,1724.8,5.0
1783523245,eth,1790323200000,3300.0,call,60.41,0.0014,0.0012,0.0016,1730.26,17690.0
1783523245,eth,1798185600000,7000.0,call,71.04,0.000569,0.0004,0.0008,1743.49,2825.0
1783523245,eth,1784880000000,1875.0,call,49.61,0.012549,0.012,0.013,1724.15,285.0
1783523245,eth,1785484800000,2150.0,put,52.71,0.249332,0.2415,0.2555,1724.8,1087.0
1783523245,eth,1784275200000,1675.0,call,52.34,0.047944,0.0465,0.052,1723.97,900.0
1783523245,eth,1783584000000,1875.0,call,74.71,5.6e-05,,0.0002,1723.72,765.0
1783523245,eth,1806048000000,3300.0,call,57.22,0.029573,0.0285,0.0305,1760.35,1884.0
1783523245,eth,1785484800000,1550.0,call,56.64,0.118708,0.1165,0.122,1724.78,1763.0
1783523245,eth,1783584000000,1850.0,put,71.25,0.073411,0.061,0.1185,1723.72,0.0
1783523245,eth,1783843200000,1700.0,put,49.6,0.013661,0.013,0.014,1723.72,116.0
1783523245,eth,1787904000000,2250.0,call,51.63,0.008429,0.008,0.009,1725.93,1041.0
1783523245,eth,1798185600000,1800.0,put,55.53,0.169335,0.168,0.1705,1743.49,4639.0
1783523245,eth,1783843200000,1825.0,call,47.77,0.002857,0.0027,0.0031,1723.72,8.0
1783523245,eth,1783670400000,1525.0,call,87.51,0.115684,0.1085,0.1255,1723.7,46.0
1783523245,eth,1790323200000,2200.0,put,51.94,0.294227,0.2855,0.301,1730.32,5537.0
1783523245,eth,1783584000000,1825.0,call,65.36,0.000257,0.0002,0.0004,1723.72,782.0
1783523245,eth,1813910400000,1400.0,put,60.59,0.118956,0.1175,0.1205,1777.01,402.0
1783523245,eth,1798185600000,1300.0,call,60.4,0.30349,0.301,0.309,1743.49,50.0
1783523245,eth,1790323200000,3200.0,put,59.83,0.85122,0.8365,0.8625,1730.32,1344.0
1783523245,eth,1784275200000,1650.0,put,53.6,0.015296,0.0145,0.0155,1723.91,1633.0
1783523245,eth,1787904000000,2600.0,call,55.81,0.002339,0.0021,0.0027,1725.93,538.0
1783523245,eth,1806048000000,3000.0,call,56.98,0.041735,0.041,0.0425,1760.35,4962.0
1783523245,eth,1813910400000,1600.0,call,59.48,0.271447,0.267,0.277,1776.99,342.0
1783523245,eth,1790323200000,1200.0,put,65.53,0.014032,0.0135,0.0145,1730.32,11509.0
1783523245,eth,1798185600000,5000.0,call,63.44,0.001755,0.0016,0.002,1743.55,4258.0
1783523245,eth,1784275200000,1700.0,put,51.26,0.024912,0.024,0.0255,1723.97,1362.0
1783523245,eth,1784275200000,1850.0,call,49.68,0.007682,0.007,0.008,1723.91,6584.0
1783523245,eth,1806048000000,2900.0,put,56.97,0.694469,0.6795,0.709,1760.33,260.0
1783523245,eth,1813910400000,4500.0,call,59.13,0.020769,0.02,0.022,1777.01,439.0
1783523245,eth,1784275200000,1550.0,put,60.78,0.005719,0.005,0.006,1723.97,2149.0
1783523245,eth,1798185600000,1900.0,put,55.3,0.205128,0.2015,0.2055,1743.49,2710.0
1783523245,eth,1790323200000,4500.0,call,72.4,0.000353,0.0002,0.0006,1730.32,8535.0
1783523245,eth,1787904000000,1100.0,put,75.41,0.005145,0.0047,0.0055,1725.93,1246.0
1783523245,eth,1785484800000,2100.0,call,51.58,0.003879,0.0038,0.0041,1724.8,2973.0
1783523245,eth,1784880000000,1800.0,put,49.64,0.067568,0.0615,0.0725,1724.15,89.0
1783523245,eth,1783756800000,1900.0,call,57.11,0.000463,0.0004,0.0006,1723.72,30.0
1783523245,eth,1806048000000,4400.0,put,59.15,1.509593,1.404,1.632,1760.35,0.0
1783523245,eth,1784880000000,1950.0,put,49.81,0.137258,0.126,0.185,1724.09,0.0
1783523245,eth,1783756800000,1775.0,call,50.94,0.006718,0.006,0.007,1723.72,227.0
1783523245,eth,1790323200000,7200.0,call,90.95,8e-05,,0.0003,1730.26,1160.0
1783523245,eth,1785484800000,2900.0,put,76.35,0.681553,0.6155,0.752,1724.78,3.0
1783523245,eth,1787904000000,1550.0,call,55.07,0.138895,0.136,0.145,1725.93,137.0
1783523245,eth,1813910400000,3200.0,call,57.97,0.058107,0.057,0.0595,1777.01,224.0
1783523245,eth,1783756800000,1700.0,call,54.18,0.026211,0.025,0.027,1723.72,68.0
1783523245,eth,1783670400000,1600.0,call,70.38,0.072967,0.072,0.077,1723.7,1849.0
1783523245,eth,1783670400000,1950.0,call,73.98,0.000129,,0.0002,1723.7,48.0
1783523245,eth,1787904000000,3200.0,call,64.09,0.000497,0.0004,0.0008,1725.93,281.0
1783523245,eth,1783756800000,1825.0,call,51.44,0.002128,0.002,0.0023,1723.72,128.0
1783523245,eth,1783670400000,1825.0,call,55.11,0.001091,0.0009,0.0013,1723.7,1133.0
1783523245,eth,1790323200000,7000.0,call,90.95,0.000102,,0.0001,1730.32,2032.0
1783523245,eth,1790323200000,11000.0,put,110.93,5.357551,5.106,5.616,1730.32,0.0
1783523245,eth,1787904000000,1000.0,call,80.95,0.42378,0.421,0.4445,1725.95,50.0
1783523245,eth,1790323200000,6600.0,call,87.51,0.000101,,0.0002,1730.32,1414.0
1783523245,eth,1790323200000,3300.0,put,60.41,0.90865,0.8325,0.9915,1730.26,3.0
1783523245,eth,1784275200000,1625.0,call,55.2,0.069313,0.065,0.0765,1723.97,200.0
1783523245,eth,1806048000000,1000.0,call,66.24,0.465576,0.4635,0.47,1760.35,269.0
1783523245,eth,1784275200000,1650.0,call,53.6,0.058147,0.057,0.062,1723.97,920.0
1783523245,eth,1784275200000,1500.0,call,65.37,0.133484,0.128,0.1425,1723.91,74.0
1783523245,eth,1813910400000,1500.0,call,59.97,0.299912,0.2955,0.3055,1776.99,50.0
1783523245,eth,1783843200000,1850.0,put,48.83,0.074961,0.064,0.1205,1723.72,1.0
1783523245,eth,1790323200000,8000.0,call,94.35,5.5e-05,,0.0003,1730.32,1092.0
1783523245,eth,1783756800000,1675.0,call,56.46,0.036529,0.0335,0.042,1723.72,0.0
1783523245,eth,1783584000000,1950.0,call,76.13,1e-06,,0.0001,1723.72,530.0
1783523245,eth,1798185600000,6500.0,put,68.91,2.728871,2.581,2.884,1743.49,0.0
1783523245,eth,1806048000000,3100.0,call,57.03,0.037103,0.036,0.038,1760.35,1844.0
1783523245,eth,1783843200000,1700.0,call,49.6,0.02744,0.0265,0.0285,1723.72,50.0
1783523245,eth,1790323200000,4200.0,put,70.59,1.427934,1.331,1.5295,1730.26,551.0
1783523245,eth,1806048000000,3600.0,call,57.62,0.021434,0.0205,0.022,1760.35,1749.0
1783523245,eth,1783670400000,1450.0,put,106.29,0.000192,0.0001,0.0003,1723.7,4723.0
1783523245,eth,1784275200000,1950.0,put,52.11,0.133506,0.1205,0.153,1723.97,0.0
1783523245,eth,1785484800000,2250.0,call,55.43,0.001642,0.0015,0.0019,1724.78,2306.0
1783523245,eth,1785484800000,1000.0,put,97.93,0.000824,0.0007,0.0009,1724.8,7834.0
1783523245,eth,1783584000000,1800.0,put,60.01,0.044833,0.0335,0.0885,1723.72,134.0
1783523245,eth,1790323200000,2400.0,put,52.32,0.398815,0.3885,0.4065,1730.26,2115.0
1783523245,eth,1806048000000,3400.0,put,57.32,0.957863,0.8685,1.068,1760.35,8.0
1783523245,eth,1790323200000,2900.0,put,56.2,0.679082,0.6105,0.7545,1730.32,49.0
1783523245,eth,1783843200000,1875.0,call,50.48,0.001083,0.001,0.0013,1723.72,0.0
1783523245,eth,1790323200000,15000.0,call,127.3,5.3e-05,,0.0001,1730.32,877.0
1783523245,eth,1787904000000,2150.0,put,50.96,0.25865,0.218,0.274,1725.95,83.0
1783523245,eth,1790323200000,5600.0,call,81.46,0.000176,0.0001,0.0003,1730.32,6163.0
1783523245,eth,1784880000000,1800.0,call,49.64,0.023575,0.023,0.024,1724.15,1209.0
1783523245,eth,1783756800000,1700.0,put,54.18,0.012373,0.012,0.013,1723.72,39.0
1783523245,eth,1784880000000,2100.0,call,53.36,0.001824,0.0017,0.0021,1724.15,50.0
1783523245,eth,1785484800000,3400.0,put,90.71,0.971318,0.8935,1.053,1724.78,4.0
1783523245,eth,1798185600000,2600.0,call,55.05,0.033326,0.0325,0.034,1743.49,1895.0
1783523245,eth,1785484800000,1950.0,put,49.62,0.141671,0.1315,0.1755,1724.78,234.0
1783523245,eth,1806048000000,2700.0,call,56.97,0.06011,0.059,0.0605,1760.35,2331.0
1783523245,eth,1790323200000,3000.0,put,57.2,0.736291,0.7225,0.747,1730.32,7576.0
1783523245,eth,1798185600000,3600.0,put,57.4,1.071769,0.9855,1.1705,1743.55,93.0
1783523245,eth,1783670400000,1600.0,put,70.38,0.001214,0.0011,0.0013,1723.7,7431.0
1783523245,eth,1790323200000,5000.0,call,76.44,0.000236,0.0001,0.0005,1730.26,3909.0
1783523245,eth,1785484800000,1800.0,put,49.59,0.075134,0.0715,0.0765,1724.8,12947.0
1783523245,eth,1813910400000,2200.0,call,58.02,0.148729,0.1475,0.15,1776.99,1018.0
1783523245,eth,1787904000000,2250.0,put,51.63,0.312074,0.272,0.33,1725.95,13.0
1783523245,eth,1798185600000,3600.0,call,57.4,0.006921,0.0065,0.0075,1743.49,2229.0
1783523245,eth,1784275200000,1625.0,put,55.2,0.01196,0.0115,0.0125,1723.97,722.0
1783523245,eth,1813910400000,900.0,call,67.42,0.529448,0.5255,0.5345,1777.01,2.0
1783523245,eth,1798185600000,9000.0,call,77.91,0.000325,0.0002,0.0005,1743.49,1908.0
1783523245,eth,1790323200000,2700.0,call,54.51,0.004983,0.0046,0.0055,1730.32,3646.0
1783523245,eth,1790323200000,11000.0,call,110.93,5.1e-05,,0.0001,1730.26,2766.0
1783523245,eth,1783670400000,1250.0,put,131.22,3e-06,,0.0001,1723.7,3197.0
1783523245,eth,1783843200000,1750.0,put,47.34,0.027735,0.026,0.029,1723.72,0.0
1783523245,eth,1787904000000,2100.0,put,50.83,0.232951,0.226,0.2385,1725.95,441.0
1783523245,eth,1790323200000,10000.0,put,105.8,4.779596,4.551,5.015,1730.32,0.0
1783523245,eth,1798185600000,2200.0,call,55.04,0.068208,0.0665,0.069,1743.49,52602.0
1783523245,eth,1784880000000,1750.0,call,50.07,0.034654,0.034,0.0355,1724.09,785.0
1783523245,eth,1806048000000,2100.0,put,57.08,0.31897,0.3115,0.3205,1760.35,368.0
1783523245,eth,1785484800000,1200.0,put,80.95,0.002412,0.0022,0.0025,1724.8,9536.0
1783523245,eth,1785484800000,3400.0,call,90.71,0.000121,,0.0002,1724.78,2543.0
1783523245,eth,1813910400000,2500.0,call,57.91,0.111191,0.11,0.112,1776.99,3334.0
1783523245,eth,1798185600000,4000.0,put,59.1,1.298604,1.205,1.404,1743.49,223.0
1783523245,eth,1813910400000,800.0,put,69.94,0.026827,0.026,0.0275,1777.01,65.0
1783523245,eth,1806048000000,6000.0,put,62.85,2.41174,2.2745,2.5625,1760.35,0.0
1783523245,eth,1790323200000,3100.0,put,58.3,0.79366,0.721,0.873,1730.32,0.0
1783523245,eth,1798185600000,1600.0,call,56.6,0.191429,0.191,0.1945,1743.49,572.0
1783523245,eth,1783756800000,1750.0,call,50.95,0.011069,0.0105,0.0115,1723.72,379.0
1783523245,eth,1806048000000,3100.0,put,57.03,0.798076,0.712,0.905,1760.35,99.0
1783523245,eth,1783756800000,1800.0,put,50.98,0.048014,0.04,0.0535,1723.72,0.0
1783523245,eth,1783584000000,1875.0,put,74.71,0.087837,0.0755,0.133,1723.72,0.0
1783523245,eth,1785484800000,3100.0,put,81.61,0.797425,0.7265,0.8725,1724.8,0.0
1783523245,eth,1813910400000,3400.0,put,58.11,0.962259,0.866,1.0845,1776.99,0.0
1783523245,eth,1785484800000,4200.0,call,102.54,2.5e-05,,0.0001,1724.78,1180.0
1783523245,eth,1790323200000,13000.0,put,119.8,6.513461,6.2165,6.819,1730.32,0.0
1783523245,eth,1798185600000,3800.0,put,58.21,1.184972,1.095,1.287,1743.49,26.0
1783523245,eth,1813910400000,1200.0,put,62.58,0.077822,0.0765,0.0785,1776.99,333.0
1783523245,eth,1784275200000,1600.0,put,56.86,0.009309,0.0085,0.0095,1723.91,14196.0
1783523245,eth,1785484800000,1700.0,call,51.32,0.058184,0.0575,0.0585,1724.8,2903.0
1783523245,eth,1784880000000,1600.0,call,55.05,0.088957,0.0845,0.0955,1724.15,50.0
1783523245,eth,1783670400000,1825.0,put,55.11,0.059873,0.0485,0.0905,1723.7,2.0
1783523245,eth,1790323200000,1300.0,put,61.89,0.02082,0.02,0.0215,1730.26,1465.0
1783523245,eth,1784275200000,1800.0,put,49.63,0.058161,0.054,0.059,1723.97,798.0
1783523245,eth,1783756800000,1950.0,put,63.23,0.13142,0.118,0.179,1723.72,0.0
1783523245,eth,1790323200000,1400.0,call,58.78,0.221487,0.218,0.2275,1730.32,126.0
1783523245,eth,1787904000000,1450.0,put,58.07,0.02356,0.023,0.024,1725.93,5282.0
1783523245,eth,1787904000000,3200.0,put,64.09,0.85457,0.781,0.9325,1725.93,0.0
1783523245,eth,1785484800000,2650.0,put,67.92,0.536751,0.476,0.6015,1724.78,52.0
1783523245,eth,1806048000000,5500.0,call,61.73,0.004594,0.0043,0.005,1760.33,1943.0
1783523245,eth,1790323200000,3600.0,put,63.35,1.081504,0.9985,1.1705,1730.32,539.0
1783523245,eth,1790323200000,1300.0,call,61.89,0.269479,0.2655,0.276,1730.26,69.0
1783523245,eth,1784880000000,1850.0,call,49.6,0.015613,0.015,0.016,1724.15,241.0
1783523245,eth,1798185600000,1600.0,put,56.6,0.109139,0.1085,0.11,1743.49,7040.0
1783523245,eth,1784880000000,1775.0,put,49.64,0.058055,0.052,0.062,1724.09,18.0
1783523245,eth,1798185600000,11000.0,call,83.13,0.000212,0.0001,0.0004,1743.49,2141.0
1783523245,eth,1783670400000,1400.0,call,122.99,0.187948,0.1815,0.197,1723.68,56.0
1783523245,eth,1813910400000,1000.0,call,65.54,0.484755,0.4805,0.4895,1777.01,51.0
1783523245,eth,1783843200000,1900.0,call,52.3,0.000699,0.0006,0.0009,1723.72,0.0
1783523245,eth,1813910400000,2300.0,put,57.91,0.428985,0.35,0.535,1777.01,0.0
1783523245,eth,1783843200000,1825.0,put,47.77,0.061594,0.0505,0.1065,1723.72,0.0
1783523245,eth,1785484800000,3100.0,call,81.61,0.000157,0.0001,0.0002,1724.78,775.0
1783523245,eth,1783843200000,2000.0,call,60.84,0.000166,0.0001,0.0003,1723.72,0.0
1783523245,eth,1785484800000,2550.0,put,65.37,0.478939,0.4205,0.542,1724.78,112.0
1783523245,eth,1787904000000,1500.0,put,56.41,0.029498,0.029,0.03,1725.95,3291.0
1783523245,eth,1783843200000,1500.0,call,73.87,0.130637,0.1245,0.14,1723.72,0.0
1783523245,eth,1784275200000,1900.0,call,50.33,0.00411,0.0039,0.0044,1723.97,5559.0
1783523245,eth,1787904000000,2100.0,call,50.83,0.016215,0.0155,0.017,1725.95,4417.0
1783523245,eth,1784880000000,1600.0,put,55.05,0.016951,0.0165,0.017,1724.15,470.0
1783523245,eth,1813910400000,3200.0,put,57.97,0.858915,0.7655,0.979,1777.01,0.0
1783523245,eth,1784275200000,1725.0,call,50.39,0.030717,0.03,0.0315,1723.91,87.0
1783523245,eth,1790323200000,9000.0,call,100.09,5e-05,,0.0003,1730.32,1519.0
1783523245,eth,1813910400000,2100.0,call,58.11,0.164161,0.163,0.166,1777.01,6.0
1783523245,eth,1783670400000,2000.0,call,75.73,3.3e-05,,0.0001,1723.7,3537.0
1783523245,eth,1806048000000,3200.0,call,57.09,0.033037,0.032,0.034,1760.35,1410.0
1783523245,eth,1785484800000,1800.0,call,49.59,0.031559,0.031,0.032,1724.8,13829.0
1783523245,eth,1783670400000,1850.0,call,57.82,0.000598,0.0005,0.0007,1723.68,4988.0
1783523245,eth,1798185600000,3800.0,call,58.21,0.00541,0.005,0.006,1743.49,3115.0
1783523245,eth,1790323200000,4800.0,call,74.07,0.000243,0.0002,0.0005,1730.26,1880.0
1783523245,eth,1806048000000,2400.0,call,56.97,0.086874,0.0855,0.0875,1760.35,1442.0
1783523245,eth,1806048000000,4000.0,put,58.39,1.286761,1.1885,1.4035,1760.35,0.0
1783523245,eth,1783670400000,1500.0,put,93.39,0.000309,0.0002,0.0004,1723.7,13199.0
1783523245,eth,1787904000000,1200.0,put,69.11,0.00764,0.007,0.008,1725.95,5713.0
1783523245,eth,1783670400000,1300.0,call,123.14,0.245807,0.24,0.254,1723.68,100.0
1783523245,eth,1790323200000,4000.0,call,67.54,0.000548,0.0005,0.0007,1730.32,12123.0
1783523245,eth,1783756800000,2000.0,put,69.65,0.160328,0.147,0.209,1723.72,0.0
1783523245,eth,1790323200000,2100.0,call,51.88,0.03155,0.0305,0.032,1730.32,4639.0
1783523245,eth,1798185600000,2500.0,put,55.04,0.473847,0.4625,0.4835,1743.49,1175.0
1783523245,eth,1783584000000,1675.0,put,63.41,0.002161,0.0019,0.002,1723.72,1660.0
1783523245,eth,1785484800000,2100.0,put,51.58,0.221383,0.2145,0.2265,1724.78,791.0
1783523245,eth,1806048000000,4600.0,put,59.73,1.621791,1.513,1.748,1760.35,0.0
1783523245,eth,1806048000000,3700.0,put,57.78,1.121154,1.0275,1.2345,1760.35,0.0
1783523245,eth,1806048000000,2200.0,put,56.97,0.360854,0.3515,0.3695,1760.35,991.0
1783523245,eth,1798185600000,1700.0,call,56.0,0.162321,0.1615,0.164,1743.49,285.0
1783523245,eth,1790323200000,6000.0,call,84.72,0.000154,,0.0003,1730.26,3181.0
1783523245,eth,1787904000000,1650.0,put,52.96,0.056871,0.056,0.0575,1725.95,1822.0
1783523245,eth,1798185600000,3200.0,put,56.24,0.847803,0.8325,0.8615,1743.55,251.0
1783523245,eth,1790323200000,5400.0,call,80.34,0.000207,0.0001,0.0004,1730.32,1177.0
1783523245,eth,1798185600000,10000.0,call,81.4,0.000289,0.0002,0.0004,1743.49,1675.0
1783523245,eth,1783584000000,1500.0,put,87.52,1e-06,,0.0001,1723.72,248.0
1783523245,eth,1785484800000,1950.0,call,49.62,0.011132,0.0105,0.0115,1724.78,8246.0
1783523245,eth,1785484800000,1700.0,put,51.32,0.043783,0.043,0.0445,1724.8,8494.0
1783523245,eth,1787904000000,3000.0,call,61.62,0.000801,0.0006,0.0011,1725.93,46.0
1783523245,eth,1813910400000,2800.0,call,57.91,0.083777,0.0825,0.085,1777.01,21.0
1783523245,eth,1790323200000,4800.0,put,74.07,1.774425,1.6645,1.889,1730.32,110.0
1783523245,eth,1787904000000,2150.0,call,50.96,0.012945,0.0125,0.0135,1725.95,1276.0
1783523245,eth,1783843200000,1650.0,put,53.51,0.006213,0.0055,0.0065,1723.72,631.0
1783523245,eth,1798185600000,5500.0,put,65.36,2.155845,2.0295,2.2895,1743.49,0.0
1783523245,eth,1783756800000,1600.0,put,65.82,0.002399,0.0022,0.0025,1723.72,164.0
1783523245,eth,1783756800000,1925.0,put,60.0,0.117002,0.0725,0.164,1723.72,0.0
1783523245,eth,1783756800000,1775.0,put,50.94,0.036387,0.03,0.0415,1723.72,239.0
1783523245,eth,1783843200000,1800.0,put,47.64,0.049141,0.041,0.0555,1723.72,0.0
1783523245,eth,1790323200000,4200.0,call,70.59,0.000525,0.0004,0.0007,1730.26,2467.0
1783523245,eth,1787904000000,2500.0,put,54.42,0.451737,0.4345,0.517,1725.95,2.0
1783523245,eth,1783843200000,1875.0,put,50.48,0.088827,0.0455,0.135,1723.72,0.0
1783523245,eth,1783756800000,1800.0,call,50.98,0.003842,0.0036,0.004,1723.72,154.0
1783523245,eth,1813910400000,2800.0,put,57.91,0.659484,0.571,0.7745,1777.01,0.0
1783523245,eth,1784880000000,2200.0,put,56.67,0.276914,0.226,0.332,1724.09,0.0
1783523245,eth,1787904000000,1850.0,put,50.82,0.119278,0.114,0.121,1725.93,388.0
1783523245,eth,1813910400000,2600.0,call,57.91,0.10112,0.0995,0.102,1777.01,33.0
1783523245,eth,1783843200000,1600.0,call,59.57,0.074768,0.0685,0.083,1723.72,0.0
1783523245,eth,1813910400000,1300.0,put,61.35,0.09662,0.095,0.098,1777.01,861.0
1783523245,eth,1806048000000,5500.0,put,61.73,2.128902,2.002,2.27,1760.35,0.0
1783523245,eth,1806048000000,1400.0,call,59.87,0.299233,0.2975,0.357,1760.35,6.0
1783523245,eth,1784880000000,2000.0,call,50.6,0.004015,0.0038,0.0043,1724.15,4114.0
1783523245,eth,1784275200000,1725.0,put,50.39,0.031372,0.0305,0.032,1723.91,1009.0
1783523245,eth,1784275200000,1700.0,call,51.26,0.038759,0.038,0.0395,1723.91,3556.0
1783523245,eth,1813910400000,2400.0,put,57.91,0.472938,0.461,0.581,1776.99,0.0
1783523245,eth,1785484800000,2300.0,put,56.93,0.33475,0.327,0.341,1724.78,2773.0
1783523245,eth,1783843200000,1500.0,put,73.87,0.000832,0.0007,0.001,1723.72,30.0
1783523245,eth,1783584000000,1650.0,put,69.01,0.00099,0.0008,0.0011,1723.72,1650.0
1783523245,eth,1806048000000,1600.0,put,58.44,0.143999,0.143,0.1455,1760.35,1522.0
1783523245,eth,1784880000000,1700.0,put,51.21,0.035422,0.0345,0.036,1724.15,462.0
1783523245,eth,1784880000000,1950.0,call,49.81,0.006266,0.006,0.0065,1724.09,10.0
1783523245,eth,1798185600000,2500.0,call,55.04,0.039925,0.0385,0.0405,1743.49,22368.0
1783523245,eth,1785484800000,2400.0,call,60.24,0.000868,0.0008,0.001,1724.8,11441.0
1783523245,eth,1806048000000,2400.0,put,56.97,0.450209,0.4385,0.46,1760.35,357.0
1783523245,eth,1787904000000,2350.0,call,52.71,0.00568,0.005,0.006,1725.95,1960.0
1783523245,eth,1787904000000,1550.0,put,55.07,0.036961,0.0365,0.0375,1725.93,1682.0
1783523245,eth,1785484800000,2350.0,put,58.44,0.363479,0.3555,0.37,1724.8,538.0
1783523245,eth,1785484800000,1900.0,put,49.59,0.117636,0.1125,0.1195,1724.78,2265.0
1783523245,eth,1798185600000,6000.0,put,67.59,2.442354,2.3055,2.5875,1743.49,0.0
1783523245,eth,1806048000000,1700.0,call,58.05,0.208069,0.207,0.2105,1760.35,1324.0
1783523245,eth,1785484800000,2700.0,call,70.47,0.000376,0.0003,0.0005,1724.8,4355.0
1783523245,eth,1813910400000,1000.0,put,65.54,0.047507,0.047,0.048,1777.01,3884.0
1783523245,eth,1790323200000,2000.0,put,51.94,0.199419,0.1925,0.2025,1730.32,12686.0
1783523245,eth,1787904000000,3800.0,put,73.56,1.201947,1.1145,1.293,1725.93,0.0
1783523245,eth,1798185600000,1400.0,put,58.79,0.065256,0.0645,0.066,1743.49,14038.0
1783523245,eth,1784275200000,1750.0,call,49.89,0.02397,0.023,0.0245,1723.91,2328.0
1783523245,eth,1787904000000,1900.0,call,50.82,0.038772,0.038,0.0395,1725.95,1365.0
1783523245,eth,1787904000000,2300.0,call,52.02,0.006826,0.0065,0.0075,1725.95,1271.0
1783523245,eth,1790323200000,1800.0,put,52.49,0.120405,0.119,0.1215,1730.32,3844.0
1783523245,eth,1798185600000,9000.0,put,77.91,4.162444,3.958,4.375,1743.49,0.0
1783523245,eth,1784275200000,1900.0,put,50.33,0.106281,0.0945,0.1545,1723.97,2.0
1783523245,eth,1813910400000,3600.0,call,58.21,0.041228,0.04,0.0425,1776.99,0.0
1783523245,eth,1783584000000,1800.0,call,60.01,0.000563,0.0005,0.0007,1723.72,963.0
1783523245,eth,1813910400000,4000.0,put,58.52,1.280862,1.177,1.41,1777.01,0.0
1783523245,eth,1798185600000,4600.0,call,61.65,0.0024,0.0022,0.0027,1743.49,9015.0
1783523245,eth,1784880000000,1550.0,put,57.87,0.011689,0.011,0.012,1724.09,1296.0
1783523245,eth,1798185600000,10000.0,put,81.4,4.735977,4.509,4.9715,1743.49,0.0
1783523245,eth,1806048000000,3200.0,put,57.09,0.850816,0.764,0.959,1760.35,0.0
1783523245,eth,1806048000000,2600.0,call,56.97,0.067943,0.0665,0.0685,1760.35,2155.0
1783523245,eth,1790323200000,2500.0,call,52.73,0.008517,0.008,0.009,1730.26,21199.0
1783523245,eth,1784275200000,1825.0,put,49.64,0.069116,0.061,0.075,1723.97,120.0
1783523245,eth,1813910400000,1700.0,call,59.07,0.245485,0.2435,0.248,1776.99,602.0
1783523245,eth,1790323200000,2600.0,put,53.44,0.509058,0.498,0.5175,1730.32,8412.0
1783523245,eth,1785484800000,2400.0,put,60.24,0.392301,0.376,0.452,1724.78,102.0
1783523245,eth,1785484800000,1900.0,call,49.59,0.016085,0.015,0.0165,1724.8,12867.0
1783523245,eth,1787904000000,2300.0,put,52.02,0.339441,0.324,0.3815,1725.93,3.0
1783523245,eth,1784880000000,1400.0,call,68.84,0.192139,0.1855,0.201,1724.09,0.0
1783523245,eth,1784275200000,1500.0,put,65.37,0.003619,0.0034,0.0037,1723.91,6990.0
1783523245,eth,1798185600000,8000.0,call,73.95,0.000372,0.0003,0.0006,1743.55,2425.0
1783523245,eth,1813910400000,1600.0,put,59.48,0.171852,0.1695,0.174,1777.01,722.0
1783523245,eth,1783670400000,2000.0,put,75.73,0.160341,0.1145,0.2085,1723.7,10.0
1783523245,eth,1783756800000,1875.0,call,54.76,0.000731,0.0006,0.0009,1723.72,1133.0
1783523245,eth,1798185600000,3100.0,put,55.93,0.792464,0.7545,0.8115,1743.55,0.0
1783523245,eth,1783670400000,1525.0,put,87.51,0.000419,0.0003,0.0005,1723.68,2396.0
1783523245,eth,1784275200000,1800.0,call,49.63,0.013999,0.013,0.0145,1723.91,2558.0
1783523245,eth,1798185600000,6500.0,call,68.91,0.000673,0.0005,0.0009,1743.55,1765.0
1783523245,eth,1787904000000,1000.0,put,80.95,0.003178,0.0029,0.0034,1725.93,885.0
1783523245,eth,1785484800000,1850.0,put,49.59,0.095347,0.09,0.097,1724.8,2198.0
1783523245,eth,1806048000000,3800.0,call,58.01,0.01759,0.017,0.0185,1760.35,1233.0
1783523245,eth,1784275200000,1350.0,call,80.66,0.21791,0.2115,0.227,1723.97,65.0
1783523245,eth,1785484800000,4400.0,call,105.11,1.8e-05,,0.0001,1724.78,988.0
1783523245,eth,1783843200000,1750.0,call,47.34,0.012508,0.012,0.013,1723.72,219.0
1783523245,eth,1790323200000,1500.0,put,56.27,0.04453,0.0435,0.0455,1730.32,10089.0
1783523245,eth,1785484800000,2050.0,put,50.67,0.193943,0.187,0.199,1724.8,648.0
1783523245,eth,1785484800000,1450.0,call,62.15,0.1687,0.1635,0.176,1724.8,51.0
1783523245,eth,1798185600000,2400.0,put,55.04,0.424352,0.4135,0.4335,1743.55,1716.0
1783523245,eth,1785484800000,3800.0,put,94.88,1.203141,1.116,1.293,1724.8,0.0
1783523245,eth,1806048000000,2300.0,put,56.97,0.404785,0.395,0.4125,1760.35,1576.0
1783523245,eth,1806048000000,1700.0,put,58.05,0.173764,0.171,0.175,1760.35,1378.0
1783523245,eth,1785484800000,1650.0,call,52.69,0.075836,0.0745,0.078,1724.78,5847.0
1783523245,eth,1784275200000,1350.0,put,80.66,0.001032,0.0009,0.0011,1723.91,1658.0
1783523245,eth,1790323200000,12000.0,call,115.57,5.2e-05,,0.0002,1730.32,1341.0
1783523245,eth,1783584000000,1825.0,put,65.36,0.059031,0.0285,0.103,1723.72,22.0
1783523245,eth,1783843200000,1650.0,call,53.51,0.048999,0.044,0.0605,1723.72,0.0
1783523245,eth,1787904000000,1400.0,call,59.78,0.207514,0.203,0.215,1725.95,100.0
1783523245,eth,1787904000000,2800.0,call,58.62,0.001298,0.0011,0.0016,1725.93,1496.0
1783523245,eth,1783670400000,1450.0,call,106.29,0.158968,0.152,0.1685,1723.7,50.0
1783523245,eth,1806048000000,4200.0,put,58.94,1.398126,1.2965,1.5185,1760.35,5.0
1783523245,eth,1783843200000,1725.0,put,48.21,0.019744,0.019,0.0205,1723.72,60.0
1783523245,eth,1785484800000,1600.0,put,54.46,0.023769,0.023,0.0245,1724.78,12372.0
1783523245,eth,1790323200000,5800.0,call,83.58,0.000176,0.0001,0.0003,1730.32,4884.0
1783523245,eth,1798185600000,1900.0,call,55.3,0.115348,0.1145,0.1165,1743.49,185.0
1783523245,eth,1783584000000,1925.0,put,75.44,0.116793,0.073,0.1625,1723.72,0.0
1783523245,eth,1806048000000,1000.0,put,66.24,0.033632,0.033,0.034,1760.35,7230.0
1783523245,eth,1783670400000,1500.0,call,93.39,0.130078,0.129,0.134,1723.7,628.0
1783523245,eth,1813910400000,3500.0,put,58.18,1.014577,0.917,1.138,1777.01,0.0
1783523245,eth,1785484800000,2250.0,put,55.43,0.306111,0.298,0.3125,1724.78,707.0
1783523245,eth,1783670400000,1575.0,call,75.64,0.087064,0.086,0.091,1723.68,579.0
1783523245,eth,1787904000000,1750.0,call,51.57,0.070318,0.07,0.0715,1725.95,4132.0
1783523245,eth,1783670400000,1625.0,put,65.89,0.001949,0.0017,0.002,1723.7,987.0
1783523245,eth,1813910400000,3400.0,call,58.11,0.0489,0.0475,0.0505,1777.01,9.0
1783523245,eth,1783584000000,2000.0,put,76.13,0.1603,0.1145,0.207,1723.72,1.0
1783523245,eth,1806048000000,2800.0,put,56.97,0.643757,0.5615,0.748,1760.33,12.0
1783523245,eth,1783670400000,1250.0,call,131.22,0.274811,0.269,0.283,1723.7,50.0
1783523245,eth,1798185600000,2400.0,call,55.04,0.047787,0.0465,0.0485,1743.49,11842.0
1783523245,eth,1783670400000,1400.0,put,122.99,0.000164,,0.0002,1723.68,9638.0
1783523245,eth,1798185600000,1700.0,put,56.0,0.137388,0.136,0.1385,1743.55,12376.0
1783523245,eth,1790323200000,8500.0,put,97.73,3.912669,3.7185,4.1125,1730.32,0.0
1783523245,eth,1785484800000,4400.0,put,105.11,1.550979,1.4505,1.6555,1724.78,0.0
1783523245,eth,1783584000000,1775.0,call,56.35,0.00145,0.0013,0.0016,1723.72,2123.0
1783523245,eth,1783843200000,1625.0,call,56.51,0.061582,0.056,0.069,1723.72,0.0
1783523245,eth,1783843200000,1675.0,call,50.93,0.037391,0.0335,0.0535,1723.72,0.0
1783523245,eth,1790323200000,2400.0,call,52.32,0.011724,0.011,0.0125,1730.32,7054.0
1783523245,eth,1784275200000,1875.0,put,49.82,0.093256,0.0715,0.1195,1723.97,0.0
1783523245,eth,1806048000000,2900.0,call,56.97,0.047106,0.046,0.048,1760.33,2101.0
1783523245,eth,1798185600000,6000.0,call,67.59,0.000941,0.0008,0.0011,1743.55,10376.0
1783523245,eth,1785484800000,1000.0,call,97.93,0.42106,0.416,0.4265,1724.78,86.0
1783523245,eth,1813910400000,2200.0,put,58.02,0.386785,0.352,0.3905,1777.01,0.0
1783523245,eth,1787904000000,1650.0,call,52.96,0.100865,0.0985,0.1055,1725.93,1617.0
1783523245,eth,1784275200000,1775.0,call,49.63,0.018417,0.0175,0.019,1723.91,418.0
1783523245,eth,1785484800000,2600.0,call,67.08,0.000474,0.0004,0.0006,1724.78,3581.0
1783523245,eth,1787904000000,1100.0,call,75.41,0.367808,0.3625,0.3805,1725.95,50.0
1783523245,eth,1784880000000,1650.0,call,52.8,0.067627,0.0645,0.073,1724.15,52.0
1783523245,eth,1813910400000,800.0,call,69.94,0.576625,0.573,0.581,1777.01,8.0
1783523245,eth,1785484800000,1200.0,call,80.95,0.306695,0.3055,0.3095,1724.78,284.0
1783523245,eth,1785484800000,2800.0,call,72.96,0.000277,0.0002,0.0004,1724.8,6660.0
