snap_ts,asset,expiry_ms,strike,opt_type,mark_iv,mark_price,bid,ask,underlying_price,open_interest
1791513507,btc,1795766400000,88000.0,call,36.68,0.02865894,0.0285,0.029,82571.02,1342.5
1791513507,btc,1791619200000,89500.0,call,55.07,2.877e-05,,0.0001,81964.79,15.8
1791513507,btc,1813910400000,54000.0,call,45.22,0.38248897,0.3805,0.3845,85102.66,1.0
1791513507,btc,1798185600000,84000.0,call,37.06,0.06182433,0.061,0.0625,82883.12,1276.1
1791513507,btc,1791705600000,85500.0,call,33.52,0.00059786,0.0005,0.0007,81971.61,8.0
1791513507,btc,1791619200000,87500.0,call,47.82,8.647e-05,,0.0001,81958.55,56.7
1791513507,btc,1792742400000,70000.0,call,48.13,0.1494167,0.1475,0.1515,82142.39,0.0
1791513507,btc,1795766400000,73000.0,put,39.46,0.01495503,0.0145,0.0155,82577.31,99.5
1791513507,btc,1798185600000,104000.0,call,39.23,0.01002147,0.0095,0.0105,82883.12,175.4
1791513507,btc,1821772800000,60000.0,call,42.33,0.33997684,0.338,0.342,86216.49,0.0
1791513507,btc,1791532800000,82500.0,call,32.45,0.00087095,0.0008,0.0011,81941.84,28.4
1791513507,btc,1795766400000,70000.0,call,41.67,0.16229522,0.1595,0.1645,82577.31,3.3
1791513507,btc,1792137600000,88000.0,put,35.82,0.0744914,0.072,0.077,82059.61,10.3
1791513507,btc,1791532800000,81000.0,put,37.2,0.00046998,0.0004,0.0005,81937.09,1003.4
1791513507,btc,1793347200000,106000.0,put,40.12,0.28883663,0.285,0.2915,82254.71,0.0
1791513507,btc,1791619200000,81500.0,put,33.82,0.0053327,0.005,0.0055,81958.55,80.2
1791513507,btc,1793347200000,90000.0,put,33.77,0.09995224,0.097,0.103,82260.66,45.3
1791513507,btc,1792137600000,75000.0,put,42.94,0.00174357,0.0016,0.0018,82059.61,317.0
1791513507,btc,1813910400000,105000.0,put,38.59,0.28994526,0.2855,0.2935,85108.85,2.1
1791513507,btc,1791792000000,80500.0,put,30.29,0.00446442,0.0042,0.0045,81989.66,13.6
1791513507,btc,1806048000000,112000.0,put,39.3,0.35614856,0.352,0.361,83948.49,0.1
1791513507,btc,1798185600000,58000.0,call,50.44,0.30535094,0.3035,0.3075,82883.12,40.3
1791513507,btc,1793347200000,79000.0,call,34.21,0.05581465,0.055,0.057,82254.71,263.5
1791513507,btc,1795766400000,112000.0,call,42.82,0.00182568,0.0016,0.002,82571.02,9.7
1791513507,btc,1791532800000,85000.0,call,48.88,4.11e-06,,0.0001,81937.09,599.3
1791513507,btc,1813910400000,90000.0,call,38.3,0.10505761,0.104,0.106,85108.85,751.3
1791513507,btc,1806048000000,78000.0,call,38.04,0.13843447,0.138,0.14,83948.49,647.6
1791513507,btc,1791619200000,86000.0,call,43.92,0.00029145,0.0002,0.0004,81958.55,141.3
1791513507,btc,1792742400000,74000.0,put,40.97,0.00357209,0.0034,0.0036,82142.39,500.0
1791513507,btc,1795766400000,68000.0,put,43.66,0.00796727,0.0075,0.0085,82571.02,249.1
1791513507,btc,1791532800000,82000.0,call,31.22,0.00271221,0.0024,0.0029,81941.84,205.7
1791513507,btc,1798185600000,95000.0,put,37.69,0.16903148,0.166,0.1725,82883.12,144.0
1791513507,btc,1795766400000,81000.0,put,36.62,0.04412468,0.0435,0.0445,82577.31,541.4
1791513507,btc,1792742400000,79000.0,call,34.39,0.04989356,0.049,0.0515,82142.39,0.0
1791513507,btc,1791532800000,78000.0,call,60.02,0.04799604,0.047,0.0495,81941.84,28.5
1791513507,btc,1813910400000,55000.0,put,44.67,0.01822241,0.0175,0.019,85102.66,37.0
1791513507,btc,1806048000000,96000.0,call,37.89,0.05234875,0.0515,0.053,83948.49,260.7
1791513507,btc,1791619200000,88000.0,put,49.21,0.07383517,0.071,0.0765,81964.79,0.0
1791513507,btc,1793347200000,60000.0,call,58.52,0.27108549,0.2695,0.273,82260.66,13.7
1791513507,btc,1793347200000,76000.0,put,36.87,0.00874472,0.0085,0.009,82254.71,956.0
1791513507,btc,1793347200000,45000.0,call,84.75,0.45298431,0.4515,0.4545,82260.66,0.9
1791513507,btc,1793347200000,66000.0,call,51.06,0.19922943,0.1975,0.2015,82260.66,79.8
1791513507,btc,1821772800000,108000.0,call,39.2,0.07331442,0.072,0.0745,86216.49,0.0
1791513507,btc,1793347200000,58000.0,call,60.3,0.29519822,0.2935,0.297,82260.66,0.0
1791513507,btc,1798185600000,70000.0,put,40.49,0.01693195,0.0165,0.0175,82883.12,2712.9
1791513507,btc,1793347200000,90000.0,call,33.77,0.00578438,0.0055,0.006,82260.66,15162.3
1791513507,btc,1795766400000,98000.0,call,38.55,0.00845889,0.008,0.009,82571.02,827.9
1791513507,btc,1798185600000,125000.0,call,44.74,0.00215307,0.002,0.0023,82883.12,520.9
1791513507,btc,1813910400000,40000.0,put,53.64,0.00598085,0.0055,0.0065,85102.66,1251.1
1791513507,btc,1793347200000,94000.0,put,34.97,0.14497765,0.142,0.1475,82260.66,0.1
1791513507,btc,1791532800000,81000.0,call,37.2,0.01184865,0.0105,0.013,81941.84,187.9
1791513507,btc,1798185600000,100000.0,call,38.61,0.01451206,0.014,0.015,82877.17,5882.9
1791513507,btc,1791619200000,81500.0,call,33.82,0.01086997,0.01,0.0115,81958.55,8.8
1791513507,btc,1791532800000,81500.0,put,32.93,0.00126508,0.0011,0.0013,81941.84,11.0
1791513507,btc,1821772800000,102000.0,put,39.0,0.27247889,0.2695,0.275,86216.49,0.0
1791513507,btc,1806048000000,62000.0,put,42.75,0.01897411,0.0185,0.0195,83948.49,443.2
1791513507,btc,1795766400000,80000.0,call,36.8,0.07004004,0.069,0.071,82571.02,1155.1
1791513507,btc,1792742400000,84000.0,call,32.58,0.0161574,0.016,0.0165,82147.14,187.4
1791513507,btc,1813910400000,135000.0,put,41.31,0.60511171,0.5995,0.6115,85108.85,0.0
1791513507,btc,1813910400000,94000.0,put,38.31,0.19354161,0.1915,0.195,85108.85,0.1
1791513507,btc,1795766400000,92000.0,call,37.21,0.01758417,0.017,0.018,82571.02,464.4
1791513507,btc,1798185600000,58000.0,put,50.44,0.00518474,0.005,0.0055,82883.12,1823.2
1791513507,btc,1793347200000,100000.0,put,36.63,0.21620189,0.213,0.219,82260.66,1.3
1791513507,btc,1791705600000,81500.0,put,28.8,0.00640116,0.006,0.0065,81971.61,69.6
1791513507,btc,1798185600000,220000.0,call,68.79,0.0001436,0.0001,0.0003,82877.17,252.8
1791513507,btc,1806048000000,80000.0,call,37.91,0.12517961,0.1245,0.1265,83948.49,1107.0
1791513507,btc,1791619200000,87000.0,put,47.29,0.06171875,0.0595,0.064,81964.79,0.0
1791513507,btc,1798185600000,56000.0,put,52.45,0.00432059,0.0041,0.0044,82883.12,622.2
1791513507,btc,1798185600000,140000.0,call,49.07,0.00099938,0.0009,0.0012,82877.17,1420.7
1791513507,btc,1793347200000,71000.0,call,44.0,0.14054053,0.139,0.143,82260.66,939.4
1791513507,btc,1793347200000,106000.0,call,40.12,0.00015004,0.0001,0.0002,82254.71,591.2
1791513507,btc,1798185600000,76000.0,put,38.07,0.0333729,0.033,0.034,82883.12,438.9
1791513507,btc,1798185600000,250000.0,call,75.21,0.0001133,,0.0002,82883.12,1282.4
1791513507,btc,1813910400000,85000.0,call,38.43,0.12914644,0.128,0.13,85108.85,163.0
1791513507,btc,1813910400000,45000.0,put,49.85,0.00848265,0.008,0.009,85102.66,161.7
1791513507,btc,1813910400000,106000.0,call,38.64,0.05381483,0.053,0.0545,85102.66,21.0
1791513507,btc,1806048000000,70000.0,call,39.66,0.20254774,0.2,0.2045,83948.49,770.5
1791513507,btc,1791532800000,92000.0,put,57.9,0.12287855,0.12,0.125,81941.84,0.0
1791513507,btc,1791792000000,79500.0,call,32.48,0.03272111,0.031,0.035,81984.44,0.0
1791513507,btc,1795766400000,92000.0,put,37.21,0.13177653,0.128,0.135,82577.31,2.1
1791513507,btc,1793347200000,40000.0,put,94.14,3.187e-05,,0.0001,82260.66,226.8
1791513507,btc,1792137600000,82000.0,call,33.1,0.01886795,0.0185,0.0195,82059.61,28.8
1791513507,btc,1813910400000,108000.0,call,38.77,0.04962536,0.0485,0.0505,85108.85,35.2
1791513507,btc,1791619200000,82500.0,put,33.62,0.01157383,0.0105,0.012,81958.55,41.1
1791513507,btc,1791619200000,80000.0,put,37.86,0.00148388,0.0013,0.0016,81964.79,85.7
1791513507,btc,1792742400000,82000.0,call,32.69,0.02654645,0.026,0.027,82147.14,155.7
1791513507,btc,1813910400000,115000.0,put,39.27,0.38900762,0.3855,0.394,85108.85,1.0
1791513507,btc,1793347200000,95000.0,put,35.16,0.15662314,0.1535,0.159,82260.66,201.3
1791513507,btc,1806048000000,45000.0,put,54.36,0.00501033,0.0046,0.0055,83948.49,253.4
1791513507,btc,1795766400000,108000.0,call,41.42,0.00270544,0.0025,0.0029,82571.02,104.8
1791513507,btc,1791619200000,86500.0,put,44.88,0.0556564,0.053,0.058,81964.79,0.0
1791513507,btc,1795766400000,83000.0,call,36.49,0.05099356,0.0505,0.0515,82577.31,110.5
1791513507,btc,1795766400000,98000.0,put,38.55,0.19531597,0.192,0.199,82577.31,0.0
1791513507,btc,1795766400000,78000.0,put,37.22,0.02981905,0.0295,0.0305,82571.02,418.6
1791513507,btc,1798185600000,65000.0,put,43.89,0.00992508,0.0095,0.0105,82877.17,834.4
1791513507,btc,1791792000000,81500.0,put,29.24,0.00825498,0.0075,0.0085,81984.44,11.0
1791513507,btc,1795766400000,104000.0,call,40.14,0.00416153,0.0039,0.0044,82571.02,69.1
1791513507,btc,1791532800000,68000.0,put,108.82,0.0,,0.0001,81941.84,561.0
1791513507,btc,1791705600000,85500.0,put,33.52,0.04378826,0.041,0.046,81966.86,0.1
1791513507,btc,1813910400000,130000.0,call,40.64,0.02177432,0.021,0.0225,85102.66,765.7
1791513507,btc,1791792000000,83000.0,put,29.36,0.01841253,0.017,0.019,81989.66,27.0
1791513507,btc,1795766400000,90000.0,put,36.95,0.11250662,0.1105,0.1145,82571.02,9.6
1791513507,btc,1791619200000,92000.0,call,55.09,1.19e-06,,0.0001,81958.55,66.7
1791513507,btc,1798185600000,40000.0,call,73.64,0.51866269,0.5175,0.5195,82883.12,253.2
1791513507,btc,1795766400000,86000.0,call,36.52,0.03629512,0.036,0.0365,82571.02,189.5
1791513507,btc,1798185600000,135000.0,put,47.57,0.63017106,0.624,0.636,82883.12,0.7
1791513507,btc,1806048000000,105000.0,call,38.54,0.03169012,0.031,0.032,83948.49,244.3
1791513507,btc,1806048000000,100000.0,put,38.13,0.23316666,0.23,0.2355,83942.54,13.0
1791513507,btc,1821772800000,160000.0,put,43.23,0.8741367,0.8665,0.89,86221.41,0.0
1791513507,btc,1813910400000,130000.0,put,40.64,0.54942641,0.5445,0.5555,85102.66,3.9
1791513507,btc,1798185600000,20000.0,put,110.08,0.00017945,0.0001,0.0003,82877.17,945.2
1791513507,btc,1793347200000,74000.0,call,39.51,0.10642663,0.1045,0.109,82260.66,615.7
1791513507,btc,1791619200000,85500.0,call,41.57,0.00038804,0.0003,0.0005,81958.55,19.8
1791513507,btc,1791532800000,100000.0,call,57.91,0.0,,0.0001,81941.84,327.5
1791513507,btc,1821772800000,200000.0,put,46.78,1.328831,1.3115,1.345,86221.41,0.0
1791513507,btc,1791532800000,81500.0,call,32.93,0.00654115,0.006,0.0075,81941.84,26.8
1791513507,btc,1795766400000,99000.0,put,38.82,0.2064847,0.203,0.21,82571.02,0.0
1791513507,btc,1813910400000,80000.0,call,38.72,0.15789404,0.157,0.159,85108.85,184.8
1791513507,btc,1792137600000,95000.0,put,43.52,0.15803225,0.1555,0.1605,82059.61,0.1
1791513507,btc,1806048000000,140000.0,call,43.32,0.00625502,0.006,0.0065,83948.49,973.2
1791513507,btc,1795766400000,73000.0,call,39.46,0.13086761,0.1285,0.133,82571.02,0.6
1791513507,btc,1792742400000,78000.0,put,35.32,0.00905151,0.0085,0.009,82147.14,1184.4
1791513507,btc,1798185600000,62000.0,call,46.56,0.25936596,0.257,0.2615,82883.12,247.1
1791513507,btc,1821772800000,92000.0,call,38.9,0.1248428,0.1235,0.126,86221.41,3.1
1791513507,btc,1813910400000,135000.0,call,41.31,0.01870377,0.018,0.019,85108.85,13.8
1791513507,btc,1793347200000,71000.0,put,44.0,0.00371739,0.0035,0.0037,82260.66,2515.2
1791513507,btc,1813910400000,82000.0,call,38.56,0.14574677,0.1445,0.147,85108.85,68.3
1791513507,btc,1791619200000,85000.0,put,39.57,0.03772101,0.035,0.04,81958.55,0.5
1791513507,btc,1813910400000,110000.0,call,38.9,0.04580079,0.045,0.0465,85102.66,289.7
1791513507,btc,1791532800000,92000.0,call,57.9,0.0,,0.0001,81937.09,923.0
1791513507,btc,1813910400000,85000.0,put,38.43,0.12799589,0.1265,0.1295,85108.85,16.8
1791513507,btc,1806048000000,108000.0,call,38.82,0.02690628,0.0265,0.0275,83942.54,97.8
1791513507,btc,1795766400000,74000.0,call,38.91,0.12100164,0.12,0.122,82577.31,0.4
1791513507,btc,1813910400000,104000.0,call,38.55,0.05847186,0.0575,0.0595,85108.85,185.9
1791513507,btc,1791705600000,93000.0,put,46.02,0.13470042,0.132,0.1375,81971.61,0.0
1791513507,btc,1798185600000,60000.0,call,48.06,0.28202464,0.28,0.2845,82883.12,784.1
1791513507,btc,1791619200000,91000.0,put,55.09,0.11038627,0.108,0.1125,81964.79,0.0
1791513507,btc,1821772800000,74000.0,put,39.74,0.08330562,0.082,0.0845,86221.41,25.1
1791513507,btc,1791619200000,90000.0,put,55.08,0.09819564,0.0955,0.1005,81958.55,0.0
1791513507,btc,1806048000000,55000.0,put,46.87,0.01093902,0.0105,0.011,83948.49,1160.2
1791513507,btc,1813910400000,150000.0,call,42.99,0.01200327,0.0115,0.0125,85108.85,218.9
1791513507,btc,1793347200000,54000.0,call,65.59,0.34365323,0.342,0.3455,82260.66,0.1
1791513507,btc,1792742400000,82000.0,put,32.69,0.0249033,0.024,0.025,82142.39,121.4
1791513507,btc,1791619200000,83000.0,call,33.82,0.00307304,0.0029,0.0033,81958.55,17.8
1791513507,btc,1793347200000,91000.0,call,34.03,0.00453423,0.0043,0.0047,82260.66,1683.4
1791513507,btc,1793347200000,82000.0,put,32.94,0.03010735,0.0295,0.03,82260.66,703.0
1791513507,btc,1806048000000,106000.0,put,38.6,0.29278693,0.289,0.297,83948.49,0.1
1791513507,btc,1791619200000,89500.0,put,55.07,0.09210747,0.089,0.0945,81958.55,0.0
1791513507,btc,1791532800000,95000.0,put,57.91,0.15949416,0.1565,0.1615,81941.84,0.6
1791513507,btc,1791619200000,94000.0,put,55.1,0.14698776,0.1445,0.149,81958.55,0.0
1791513507,btc,1792137600000,78000.0,call,36.91,0.05377072,0.052,0.056,82053.39,0.4
1791513507,btc,1792742400000,89000.0,call,33.77,0.0038577,0.0037,0.0041,82147.14,309.4
1791513507,btc,1791792000000,86000.0,call,32.46,0.00077848,0.0007,0.0009,81989.66,109.2
1791513507,btc,1791792000000,77000.0,call,40.55,0.06151485,0.0595,0.064,81984.44,0.0
1791513507,btc,1793347200000,54000.0,put,65.59,0.00015394,0.0001,0.0002,82260.66,186.5
1791513507,btc,1798185600000,210000.0,put,66.7,1.53404676,1.522,1.544,82877.17,0.0
1791513507,btc,1791532800000,70000.0,put,108.72,0.0,,0.0001,81937.09,138.6
1791513507,btc,1798185600000,80000.0,call,37.37,0.08606337,0.0855,0.087,82883.12,8645.7
1791513507,btc,1821772800000,80000.0,put,39.27,0.11375969,0.112,0.115,86221.41,335.7
1791513507,btc,1798185600000,105000.0,put,39.47,0.27615221,0.2715,0.2805,82883.12,107.5
1791513507,btc,1798185600000,200000.0,put,64.06,1.41339963,1.4025,1.424,82877.17,0.0
1791513507,btc,1795766400000,106000.0,call,40.75,0.00333417,0.0031,0.0036,82577.31,29.9
1791513507,btc,1795766400000,102000.0,put,39.55,0.24053,0.2375,0.2445,82571.02,5.0
1791513507,btc,1792742400000,88000.0,call,33.5,0.00524994,0.005,0.0055,82147.14,121.7
1791513507,btc,1795766400000,67000.0,put,44.46,0.00697123,0.0065,0.0075,82571.02,281.6
1791513507,btc,1791705600000,84500.0,call,30.45,0.00114013,0.001,0.0013,81971.61,5.0
1791513507,btc,1792742400000,86000.0,put,32.81,0.05636622,0.0545,0.0575,82147.14,69.6
1791513507,btc,1793347200000,64000.0,put,53.38,0.00110132,0.001,0.0012,82260.66,1241.5
1791513507,btc,1793347200000,75000.0,call,38.08,0.09541717,0.0935,0.098,82260.66,1174.7
1791513507,btc,1798185600000,170000.0,put,57.71,1.05162856,1.0425,1.0605,82883.12,0.1
1791513507,btc,1806048000000,60000.0,call,43.75,0.30128644,0.2985,0.303,83948.49,647.9
1791513507,btc,1791792000000,80000.0,put,31.28,0.00330469,0.0031,0.0033,81989.66,22.5
1791513507,btc,1793347200000,85000.0,call,32.78,0.01808334,0.0175,0.0185,82260.66,2180.8
1791513507,btc,1793347200000,66000.0,put,51.06,0.00161919,0.0014,0.0017,82260.66,623.5
1791513507,btc,1821772800000,104000.0,put,39.01,0.28978403,0.2845,0.2965,86216.49,0.0
1791513507,btc,1792137600000,76000.0,put,40.75,0.0023256,0.0022,0.0024,82053.39,1073.3
1791513507,btc,1791705600000,76000.0,put,49.2,0.00034351,0.0003,0.0004,81971.61,10.7
1791513507,btc,1791705600000,79000.0,put,35.41,0.00115307,0.001,0.0012,81971.61,90.3
1791513507,btc,1798185600000,72000.0,call,39.42,0.15237851,0.15,0.1545,82883.12,1201.7
1791513507,btc,1798185600000,40000.0,put,73.64,0.00130669,0.0012,0.0014,82883.12,4992.9
1791513507,btc,1821772800000,70000.0,put,40.25,0.06655331,0.0655,0.0675,86221.41,8.1
1791513507,btc,1791532800000,90000.0,call,57.9,0.0,,0.0001,81941.84,1833.4
1791513507,btc,1791532800000,86000.0,call,57.9,1.37e-06,,0.0001,81937.09,998.2
1791513507,btc,1798185600000,135000.0,call,47.57,0.00124756,0.0011,0.0014,82883.12,1523.7
1791513507,btc,1791705600000,87000.0,call,38.09,0.00025508,0.0002,0.0003,81971.61,61.7
1791513507,btc,1791705600000,94000.0,call,46.03,6.1e-07,,0.0001,81966.86,0.0
1791513507,btc,1821772800000,135000.0,call,41.04,0.03301794,0.032,0.034,86216.49,100.1
1791513507,btc,1791532800000,89000.0,call,57.9,0.0,,0.0001,81937.09,1117.2
1791513507,btc,1793347200000,76000.0,call,36.87,0.08478076,0.0825,0.087,82260.66,514.5
1791513507,btc,1798185600000,104000.0,put,39.23,0.26489587,0.2605,0.269,82883.12,0.3
1791513507,btc,1791619200000,89000.0,call,54.68,4.746e-05,,0.0001,81958.55,1.5
1791513507,btc,1791792000000,82500.0,put,29.23,0.01447235,0.0135,0.0145,81989.66,9.8
1791513507,btc,1821772800000,120000.0,call,39.91,0.05052628,0.0495,0.0515,86221.41,12.7
1791513507,btc,1813910400000,68000.0,put,40.44,0.04633405,0.0455,0.047,85108.85,22.6
1791513507,btc,1791532800000,100000.0,put,57.91,0.22052017,0.219,0.222,81941.84,10.8
1791513507,btc,1798185600000,85000.0,put,37.06,0.08235631,0.0815,0.083,82883.12,608.6
1791513507,btc,1795766400000,95000.0,call,37.7,0.01205304,0.0115,0.0125,82571.02,1102.1
1791513507,btc,1798185600000,84000.0,put,37.06,0.07537673,0.0745,0.076,82883.12,264.3
1791513507,btc,1793347200000,70000.0,call,45.46,0.15213895,0.1505,0.1545,82260.66,3746.9
1791513507,btc,1793347200000,86000.0,call,32.88,0.0145407,0.014,0.015,82260.66,1488.3
1791513507,btc,1791792000000,78000.0,put,36.91,0.00114889,0.001,0.0012,81984.44,71.8
1791513507,btc,1792742400000,100000.0,put,40.02,0.21768793,0.214,0.22,82142.39,0.0
1791513507,btc,1795766400000,120000.0,call,45.93,0.00094539,0.0008,0.0011,82571.02,122.3
1791513507,btc,1806048000000,180000.0,put,50.3,1.14664052,1.136,1.1565,83948.49,0.1
1791513507,btc,1791705600000,88000.0,put,40.94,0.07384359,0.071,0.0765,81971.61,0.0
1791513507,btc,1813910400000,72000.0,call,39.66,0.21427497,0.2125,0.2155,85102.66,87.3
1791513507,btc,1792137600000,82000.0,put,33.1,0.01827513,0.018,0.0185,82059.61,342.5
1791513507,btc,1791705600000,91000.0,put,46.02,0.11031583,0.107,0.113,81966.86,0.0
1791513507,btc,1791792000000,88000.0,put,34.86,0.07362171,0.0705,0.076,81984.44,0.0
1791513507,btc,1821772800000,84000.0,call,39.04,0.16285044,0.1615,0.165,86221.41,503.1
1791513507,btc,1792137600000,89000.0,put,36.98,0.0860943,0.083,0.0885,82053.39,7.6
1791513507,btc,1813910400000,110000.0,put,38.9,0.33842948,0.335,0.3425,85108.85,5.3
1791513507,btc,1791619200000,87000.0,call,47.29,0.00014504,0.0001,0.0002,81964.79,63.8
1791513507,btc,1821772800000,150000.0,call,42.34,0.0227376,0.022,0.0235,86221.41,27.7
1791513507,btc,1791705600000,74000.0,put,56.29,0.00014189,0.0001,0.0002,81971.61,1.7
1791513507,btc,1792742400000,75000.0,put,39.26,0.00439338,0.0042,0.0045,82147.14,111.4
1791513507,btc,1791792000000,92000.0,call,40.92,1.562e-05,,0.0001,81984.44,0.0
1791513507,btc,1795766400000,110000.0,call,42.08,0.00220268,0.002,0.0024,82571.02,357.6
1791513507,btc,1792137600000,92000.0,call,40.58,0.0005063,0.0004,0.0006,82059.61,620.7
1791513507,btc,1792742400000,79000.0,put,34.39,0.0117247,0.011,0.012,82147.14,103.1
1791513507,btc,1798185600000,130000.0,call,46.06,0.00159502,0.0014,0.0018,82883.12,1569.8
1791513507,btc,1806048000000,92000.0,call,37.76,0.06559666,0.065,0.066,83948.49,419.8
1791513507,btc,1791792000000,79500.0,put,32.48,0.00247832,0.0023,0.0025,81989.66,0.0
1791513507,btc,1793347200000,87000.0,call,33.04,0.011622,0.011,0.012,82260.66,738.3
1791513507,btc,1813910400000,58000.0,put,43.47,0.02280132,0.022,0.0235,85102.66,101.6
1791513507,btc,1795766400000,71000.0,call,40.89,0.1515946,0.1495,0.1535,82571.02,0.2
1791513507,btc,1821772800000,112000.0,call,39.34,0.06433764,0.063,0.0655,86221.41,0.0
1791513507,btc,1791705600000,84000.0,call,29.45,0.0016952,0.0015,0.0019,81971.61,25.4
1791513507,btc,1806048000000,96000.0,put,37.89,0.19605578,0.1935,0.198,83948.49,6.8
1791513507,btc,1793347200000,88000.0,call,33.23,0.0092297,0.009,0.0095,82260.66,1527.0
1791513507,btc,1792742400000,88000.0,put,33.5,0.07665729,0.0735,0.079,82142.39,0.0
1791513507,btc,1793347200000,62000.0,call,55.77,0.24698974,0.2445,0.249,82260.66,13.5
1791513507,btc,1791619200000,77000.0,put,55.56,0.00031197,0.0003,0.0004,81958.55,23.4
1791513507,btc,1813910400000,74000.0,call,39.34,0.19892743,0.1975,0.2,85108.85,23.4
1791513507,btc,1792742400000,83000.0,call,32.77,0.02101376,0.0205,0.0215,82147.14,16.5
1791513507,btc,1813910400000,68000.0,call,40.44,0.2472545,0.2455,0.2485,85108.85,14.7
1791513507,btc,1791532800000,88000.0,call,57.9,0.0,,0.0001,81937.09,552.0
1791513507,btc,1791705600000,90000.0,call,46.01,5.413e-05,,0.0001,81966.86,2.5
1791513507,btc,1806048000000,65000.0,put,41.49,0.02438995,0.024,0.025,83948.49,895.9
1791513507,btc,1793347200000,57000.0,call,61.96,0.30731287,0.3055,0.309,82260.66,0.1
1791513507,btc,1791619200000,93000.0,put,55.09,0.13478598,0.132,0.137,81958.55,0.0
1791513507,btc,1792137600000,76000.0,call,40.75,0.07604578,0.074,0.0785,82053.39,0.0
1791513507,btc,1791619200000,82500.0,call,33.62,0.0049091,0.0046,0.0055,81958.55,25.1
1791513507,btc,1792742400000,73000.0,put,42.81,0.00295018,0.0028,0.003,82142.39,27.5
1791513507,btc,1798185600000,210000.0,call,66.7,0.00016576,0.0001,0.0002,82883.12,162.5
1791513507,btc,1798185600000,92000.0,call,37.36,0.03009982,0.0295,0.0305,82883.12,827.3
1791513507,btc,1791792000000,90000.0,put,39.8,0.0979136,0.0955,0.1005,81984.44,0.0
1791513507,btc,1821772800000,210000.0,put,47.42,1.44343346,1.425,1.4615,86221.41,0.0
1791513507,btc,1791532800000,82500.0,put,32.45,0.00780009,0.007,0.0085,81937.09,311.3
1791513507,btc,1806048000000,90000.0,call,37.73,0.07333017,0.0725,0.074,83948.49,912.5
1791513507,btc,1813910400000,112000.0,put,39.04,0.35842789,0.3545,0.364,85108.85,0.0
1791513507,btc,1798185600000,86000.0,call,37.06,0.05197499,0.0515,0.0525,82883.12,1009.8
1791513507,btc,1795766400000,84000.0,call,36.49,0.0456621,0.045,0.046,82577.31,102.5
1791513507,btc,1813910400000,90000.0,put,38.3,0.1626629,0.161,0.164,85108.85,87.1
1791513507,btc,1793347200000,68000.0,put,48.37,0.0022837,0.0021,0.0024,82260.66,1487.4
1791513507,btc,1821772800000,96000.0,call,38.89,0.10911155,0.1075,0.1105,86221.41,1.4
1791513507,btc,1791532800000,74000.0,call,88.61,0.09681508,0.095,0.099,81941.84,1.1
1791513507,btc,1806048000000,160000.0,put,47.0,0.90967306,0.902,0.917,83942.54,0.1
1791513507,btc,1798185600000,74000.0,call,38.64,0.13369965,0.1315,0.136,82877.17,137.7
1791513507,btc,1792137600000,79000.0,put,35.5,0.00633637,0.006,0.0065,82059.61,643.3
1791513507,btc,1792742400000,83000.0,put,32.77,0.03154569,0.0305,0.0315,82142.39,235.6
1791513507,btc,1792137600000,94000.0,put,43.05,0.14594021,0.143,0.148,82053.39,0.0
1791513507,btc,1798185600000,54000.0,call,54.58,0.3520601,0.35,0.354,82877.17,32.2
1791513507,btc,1798185600000,200000.0,call,64.06,0.00017963,0.0001,0.0003,82877.17,962.4
1791513507,btc,1791532800000,72000.0,put,105.19,0.0,,0.0001,81941.84,128.5
1791513507,btc,1791792000000,83500.0,put,29.61,0.02283463,0.0215,0.0235,81984.44,1.0
1791513507,btc,1795766400000,71000.0,put,40.89,0.01146045,0.011,0.012,82571.02,27.7
1791513507,btc,1791532800000,84500.0,put,45.82,0.03135095,0.03,0.033,81941.84,84.8
1791513507,btc,1791792000000,84000.0,call,30.03,0.00306465,0.0029,0.0032,81989.66,16.3
1791513507,btc,1791619200000,85500.0,put,41.57,0.04365876,0.0405,0.046,81958.55,0.3
1791513507,btc,1821772800000,135000.0,put,41.04,0.59896538,0.593,0.61,86221.41,0.0
1791513507,btc,1821772800000,150000.0,put,42.34,0.7626792,0.756,0.777,86221.41,0.0
1791513507,btc,1791619200000,83000.0,put,33.82,0.01583877,0.0145,0.0165,81964.79,70.8
1791513507,btc,1813910400000,72000.0,put,39.66,0.06035921,0.0595,0.061,85108.85,54.5
1791513507,btc,1798185600000,45000.0,call,65.79,0.45881256,0.4575,0.4605,82883.12,94.5
1791513507,btc,1813910400000,70000.0,call,40.0,0.23033635,0.229,0.2315,85102.66,207.3
1791513507,btc,1792137600000,83000.0,call,33.25,0.01353794,0.013,0.014,82059.61,529.2
1791513507,btc,1791792000000,78000.0,call,36.91,0.04969279,0.0475,0.052,81984.44,0.0
1791513507,btc,1798185600000,68000.0,put,41.62,0.01350562,0.013,0.014,82883.12,738.6
1791513507,btc,1798185600000,115000.0,put,42.02,0.39180402,0.388,0.3965,82883.12,5.0
1791513507,btc,1806048000000,98000.0,put,38.01,0.21432275,0.2115,0.217,83948.49,1.6
1791513507,btc,1813910400000,78000.0,put,38.89,0.08738298,0.086,0.0885,85102.66,106.5
1791513507,btc,1793347200000,48000.0,put,78.03,8.82e-05,,0.0001,82260.66,196.8
1791513507,btc,1798185600000,102000.0,put,38.89,0.24276938,0.2385,0.247,82883.12,7.8
1791513507,btc,1813910400000,120000.0,call,39.76,0.03128011,0.0305,0.032,85102.66,302.1
1791513507,btc,1791532800000,90000.0,put,57.9,0.09846815,0.0965,0.101,81941.84,2.3
1791513507,btc,1791619200000,91000.0,call,55.09,4.57e-06,,0.0001,81964.79,24.2
1791513507,btc,1791619200000,87500.0,put,47.82,0.06776118,0.065,0.0705,81958.55,0.0
1791513507,btc,1792137600000,85000.0,call,33.57,0.00632413,0.006,0.0065,82059.61,225.9
1791513507,btc,1813910400000,106000.0,put,38.64,0.29943884,0.296,0.304,85102.66,0.0
1791513507,btc,1791792000000,84000.0,put,30.03,0.02773618,0.0265,0.0285,81989.66,0.0
1791513507,btc,1792742400000,92000.0,put,35.09,0.12166713,0.1185,0.124,82142.39,0.0
1791513507,btc,1791619200000,84000.0,call,35.7,0.0011912,0.0011,0.0013,81958.55,145.6
1791513507,btc,1806048000000,170000.0,put,48.86,1.02811331,1.0175,1.0375,83948.49,0.4
1791513507,btc,1791705600000,82000.0,call,28.4,0.008618,0.008,0.009,81971.61,19.4
1791513507,btc,1791532800000,94000.0,put,57.91,0.14728896,0.145,0.15,81941.84,0.0
1791513507,btc,1793347200000,104000.0,put,38.36,0.26455781,0.261,0.268,82260.66,0.0
1791513507,btc,1821772800000,84000.0,put,39.04,0.13721773,0.1355,0.1385,86221.41,501.1
1791513507,btc,1793347200000,91000.0,put,34.03,0.1108595,0.108,0.1135,82260.66,3.5
1791513507,btc,1821772800000,86000.0,put,38.97,0.14998702,0.148,0.1515,86221.41,4.3
1791513507,btc,1791705600000,93000.0,call,46.02,2.08e-06,,0.0001,81966.86,0.0
1791513507,btc,1791792000000,90000.0,call,39.8,7.964e-05,,0.0001,81984.44,0.2
1791513507,btc,1791792000000,85500.0,put,31.78,0.04404126,0.0415,0.0465,81984.44,0.0
1791513507,btc,1821772800000,76000.0,put,39.56,0.09279352,0.0915,0.094,86221.41,25.6
1791513507,btc,1806048000000,90000.0,put,37.73,0.1455555,0.1445,0.146,83942.54,45.0
1791513507,btc,1793347200000,80000.0,put,33.56,0.01998405,0.0195,0.0205,82260.66,2679.5
1791513507,btc,1806048000000,54000.0,put,47.38,0.00998203,0.0095,0.0105,83948.49,78.7
1791513507,btc,1795766400000,93000.0,call,37.4,0.01555226,0.015,0.016,82571.02,222.5
1791513507,btc,1821772800000,108000.0,put,39.2,0.32607238,0.319,0.333,86221.41,0.0
1791513507,btc,1791705600000,73000.0,call,62.93,0.10946623,0.1075,0.1115,81966.86,0.0
1791513507,btc,1806048000000,60000.0,put,43.75,0.01610333,0.016,0.0165,83948.49,967.6
1791513507,btc,1798185600000,65000.0,call,43.89,0.22562857,0.223,0.228,82883.12,916.8
1791513507,btc,1791792000000,92000.0,put,40.92,0.12224589,0.119,0.1245,81984.44,0.0
1791513507,btc,1793347200000,110000.0,put,43.53,0.33741856,0.3335,0.34,82260.66,0.2
1791513507,btc,1821772800000,140000.0,put,41.44,0.65290581,0.6465,0.6635,86216.49,0.0
1791513507,btc,1791705600000,86000.0,put,34.34,0.04968764,0.047,0.052,81971.61,0.0
1791513507,btc,1791619200000,81000.0,put,34.45,0.00341729,0.0032,0.0035,81964.79,64.4
1791513507,btc,1791619200000,85000.0,call,39.57,0.00055128,0.0005,0.0006,81964.79,19.3
1791513507,btc,1821772800000,86000.0,call,38.97,0.15242051,0.1505,0.154,86221.41,2.8
1791513507,btc,1798185600000,190000.0,call,61.68,0.00021196,0.0001,0.0004,82883.12,1027.1
1791513507,btc,1798185600000,230000.0,put,71.53,1.77534658,1.762,1.788,82883.12,0.0
1791513507,btc,1806048000000,150000.0,call,45.24,0.00461351,0.0045,0.0049,83948.49,1864.7
1791513507,btc,1791705600000,78000.0,call,39.7,0.04902278,0.0465,0.0515,81971.61,0.0
1791513507,btc,1798185600000,45000.0,put,65.79,0.00178706,0.0016,0.0019,82883.12,2788.6
1791513507,btc,1793347200000,67000.0,put,49.52,0.00188361,0.0017,0.002,82260.66,733.4
1791513507,btc,1813910400000,125000.0,call,40.21,0.02605702,0.025,0.027,85102.66,641.2
1791513507,btc,1813910400000,60000.0,call,42.83,0.32147723,0.32,0.3225,85102.66,969.8
1791513507,btc,1791792000000,78500.0,put,35.26,0.00145129,0.0013,0.0015,81989.66,0.0
1791513507,btc,1792742400000,94000.0,call,36.16,0.00086494,0.0008,0.0009,82147.14,83.1
1791513507,btc,1795766400000,79000.0,put,36.96,0.0340896,0.0335,0.0345,82571.02,194.3
1791513507,btc,1821772800000,190000.0,call,45.89,0.01037599,0.0095,0.011,86221.41,10.7
1791513507,btc,1793347200000,59000.0,call,59.57,0.28313994,0.2815,0.285,82260.66,1.0
1791513507,btc,1813910400000,115000.0,call,39.27,0.03762308,0.037,0.0385,85102.66,150.1
1791513507,btc,1806048000000,106000.0,call,38.6,0.02994376,0.0295,0.0305,83948.49,94.5
1791513507,btc,1793347200000,48000.0,call,78.03,0.41653201,0.415,0.418,82260.66,8.5
1791513507,btc,1791532800000,89000.0,put,57.9,0.08626295,0.085,0.0875,81937.09,5.1
1791513507,btc,1792742400000,75000.0,call,39.26,0.09126211,0.0895,0.094,82147.14,0.0
1791513507,btc,1806048000000,98000.0,call,38.01,0.04678849,0.046,0.0475,83948.49,238.5
1791513507,btc,1793347200000,88000.0,put,33.23,0.07908271,0.0765,0.0805,82260.66,1751.1
1791513507,btc,1813910400000,116000.0,put,39.39,0.39942338,0.3955,0.4055,85108.85,0.0
1791513507,btc,1793347200000,102000.0,put,37.46,0.24034591,0.237,0.243,82254.71,0.0
1791513507,btc,1792137600000,70000.0,call,54.1,0.14731898,0.1455,0.1495,82053.39,0.2
1791513507,btc,1795766400000,88000.0,put,36.68,0.09440815,0.0935,0.095,82577.31,35.8
1791513507,btc,1798185600000,72000.0,put,39.42,0.02113771,0.0205,0.0215,82877.17,856.8
1791513507,btc,1806048000000,56000.0,call,46.04,0.34448559,0.342,0.3465,83948.49,14.4
1791513507,btc,1791705600000,79500.0,call,33.51,0.03156722,0.029,0.034,81966.86,0.0
1791513507,btc,1795766400000,105000.0,put,40.45,0.27535884,0.272,0.28,82571.02,3.9
1791513507,btc,1791532800000,75000.0,call,80.04,0.08460989,0.083,0.087,81941.84,0.4
1791513507,btc,1821772800000,72000.0,call,40.0,0.2394846,0.238,0.2415,86221.41,0.0
1791513507,btc,1791705600000,75000.0,call,52.57,0.08513388,0.0825,0.088,81971.61,0.0
1791513507,btc,1791619200000,88000.0,call,49.21,5.946e-05,,0.0001,81964.79,92.8
1791513507,btc,1813910400000,55000.0,call,44.67,0.37190807,0.37,0.374,85102.66,3.7
1791513507,btc,1791792000000,79000.0,call,33.74,0.03821141,0.0365,0.0405,81984.44,0.0
1791513507,btc,1795766400000,93000.0,put,37.4,0.14185541,0.138,0.145,82577.31,0.0
1791513507,btc,1795766400000,108000.0,put,41.42,0.31067039,0.307,0.315,82577.31,0.0
1791513507,btc,1791792000000,77000.0,put,40.55,0.0007739,0.0006,0.0008,81989.66,10.3
1791513507,btc,1798185600000,56000.0,call,52.45,0.32861898,0.3265,0.3305,82883.12,42.2
1791513507,btc,1821772800000,170000.0,put,44.06,0.98667438,0.9795,1.001,86221.41,4.3
1791513507,btc,1791619200000,89000.0,put,54.68,0.08602517,0.083,0.0885,81964.79,0.0
1791513507,btc,1806048000000,86000.0,put,37.76,0.11599475,0.115,0.116,83948.49,33.9
1791513507,btc,1806048000000,40000.0,put,57.84,0.00304804,0.0029,0.0033,83948.49,1952.5
1791513507,btc,1792742400000,76000.0,put,37.68,0.00547875,0.005,0.0055,82147.14,36.2
1791513507,btc,1806048000000,120000.0,call,40.28,0.01457182,0.014,0.015,83948.49,834.8
1791513507,btc,1792137600000,92000.0,put,40.58,0.1217924,0.119,0.124,82053.39,0.1
1791513507,btc,1793347200000,80000.0,call,33.56,0.04739041,0.047,0.0485,82260.66,1419.4
1791513507,btc,1813910400000,140000.0,call,41.7,0.0157647,0.015,0.0165,85108.85,378.4
1791513507,btc,1791792000000,73000.0,put,56.1,0.00024281,0.0002,0.0003,81984.44,24.5
1791513507,btc,1795766400000,67000.0,call,44.46,0.19554853,0.1935,0.1975,82577.31,0.6
1791513507,btc,1793347200000,96000.0,put,35.57,0.16842832,0.165,0.171,82260.66,0.4
1791513507,btc,1806048000000,56000.0,put,46.04,0.01164802,0.0115,0.012,83948.49,132.1
1791513507,btc,1813910400000,56000.0,call,44.31,0.3616544,0.3595,0.3635,85102.66,2.9
1791513507,btc,1813910400000,94000.0,call,38.31,0.08893164,0.088,0.09,85108.85,30.1
1791513507,btc,1813910400000,200000.0,put,48.57,1.35436324,1.341,1.367,85102.66,2.1
1791513507,btc,1791792000000,91000.0,put,40.82,0.11007212,0.1075,0.113,81984.44,0.0
1791513507,btc,1795766400000,78000.0,call,37.22,0.0851777,0.0845,0.086,82571.02,243.3
1791513507,btc,1791792000000,74000.0,put,51.75,0.00029417,0.0002,0.0004,81984.44,0.5
1791513507,btc,1821772800000,200000.0,call,46.78,0.00890887,0.0085,0.0095,86221.41,30.0
1791513507,btc,1791792000000,82500.0,call,29.23,0.00810923,0.0075,0.0085,81984.44,7.3
1791513507,btc,1821772800000,118000.0,put,39.69,0.42213589,0.4175,0.435,86221.41,0.0
1791513507,btc,1792742400000,96000.0,put,37.36,0.16930274,0.166,0.1715,82142.39,0.2
1791513507,btc,1795766400000,62000.0,put,50.19,0.00411641,0.0039,0.0043,82571.02,376.7
1791513507,btc,1792137600000,86000.0,put,34.14,0.05241988,0.051,0.054,82053.39,75.6
1791513507,btc,1798185600000,50000.0,call,59.32,0.39932841,0.398,0.401,82883.12,259.9
1791513507,btc,1821772800000,74000.0,call,39.74,0.22493443,0.2235,0.227,86221.41,1.4
1791513507,btc,1792742400000,78000.0,call,35.32,0.05939545,0.0575,0.062,82142.39,1.8
1791513507,btc,1793347200000,45000.0,put,84.75,6.823e-05,,0.0001,82260.66,353.7
1791513507,btc,1793347200000,69000.0,call,46.86,0.16380867,0.162,0.1665,82260.66,585.5
1791513507,btc,1813910400000,84000.0,call,38.49,0.13456522,0.1335,0.1355,85108.85,543.8
1791513507,btc,1793347200000,69000.0,put,46.86,0.00267069,0.0025,0.0028,82260.66,2059.0
1791513507,btc,1791532800000,87500.0,put,57.9,0.06795515,0.066,0.07,81937.09,0.0
1791513507,btc,1821772800000,104000.0,call,39.01,0.08342452,0.082,0.0845,86216.49,5.7
1791513507,btc,1791532800000,86500.0,put,57.9,0.05575021,0.053,0.058,81941.84,0.5
1791513507,btc,1791705600000,82500.0,call,28.36,0.00595257,0.0055,0.0065,81971.61,11.9
1791513507,btc,1795766400000,82000.0,put,36.54,0.04992161,0.0495,0.0505,82571.02,176.7
1791513507,btc,1793347200000,62000.0,put,55.77,0.00074982,0.0006,0.0009,82260.66,1365.2
1791513507,btc,1813910400000,88000.0,put,38.33,0.14823219,0.1465,0.1495,85102.66,30.4
1791513507,btc,1793347200000,40000.0,call,94.14,0.51373505,0.513,0.515,82260.66,0.3
1791513507,btc,1791705600000,73000.0,put,62.93,0.00014341,,0.0002,81971.61,0.1
1791513507,btc,1792742400000,85000.0,put,32.62,0.04719094,0.0455,0.048,82142.39,30.7
1791513507,btc,1793347200000,86000.0,put,32.88,0.06007887,0.0585,0.0605,82260.66,445.0
1791513507,btc,1806048000000,82000.0,put,37.79,0.08977167,0.089,0.09,83948.49,77.5
1791513507,btc,1798185600000,64000.0,call,44.69,0.23673801,0.2345,0.2395,82883.12,404.8
1791513507,btc,1806048000000,95000.0,put,37.85,0.18719021,0.184,0.1885,83942.54,10.3
1791513507,btc,1791619200000,75000.0,call,66.87,0.08498974,0.083,0.0875,81958.55,0.0
1791513507,btc,1798185600000,95000.0,call,37.69,0.02275197,0.0225,0.023,82883.12,2341.2
1791513507,btc,1795766400000,105000.0,call,40.45,0.00372625,0.0035,0.004,82571.02,31.7
1791513507,btc,1795766400000,94000.0,call,37.5,0.01365533,0.0135,0.014,82571.02,564.4
1791513507,btc,1806048000000,75000.0,call,38.46,0.16052624,0.16,0.162,83942.54,1.7
1791513507,btc,1798185600000,240000.0,put,74.14,1.89600755,1.885,1.907,82883.12,0.0
1791513507,btc,1821772800000,72000.0,put,40.0,0.07465657,0.0735,0.076,86221.41,22.1
1791513507,btc,1813910400000,105000.0,call,38.59,0.05607241,0.055,0.057,85108.85,163.5
1791513507,btc,1791705600000,82000.0,put,28.4,0.00907308,0.0085,0.009,81971.61,2.9
1791513507,btc,1798185600000,86000.0,put,37.06,0.08965959,0.089,0.09,82883.12,108.9
1791513507,btc,1821772800000,110000.0,call,39.3,0.06879662,0.0675,0.07,86221.41,200.9
1791513507,btc,1821772800000,50000.0,put,45.93,0.01847644,0.0175,0.0195,86216.49,739.5
1791513507,btc,1792137600000,75000.0,call,42.94,0.08765163,0.0855,0.09,82053.39,0.1
1791513507,btc,1806048000000,150000.0,put,45.24,0.79165573,0.7845,0.7985,83942.54,0.6
1791513507,btc,1795766400000,84000.0,put,36.49,0.06296817,0.0625,0.0635,82571.02,81.7
1791513507,btc,1798185600000,20000.0,call,110.08,0.75885745,0.758,0.7595,82883.12,5.1
1791513507,btc,1806048000000,110000.0,call,38.96,0.02403325,0.0235,0.0245,83948.49,1451.2
1791513507,btc,1792742400000,87000.0,put,33.1,0.06622573,0.0635,0.069,82142.39,2.3
1791513507,btc,1806048000000,125000.0,call,40.96,0.01150879,0.011,0.012,83948.49,434.2
1791513507,btc,1798185600000,150000.0,put,51.86,0.81058001,0.8035,0.817,82877.17,4.4
1791513507,btc,1813910400000,120000.0,put,39.76,0.4414205,0.437,0.4475,85102.66,0.9
1791513507,btc,1813910400000,114000.0,put,39.18,0.37872034,0.375,0.3845,85108.85,0.0
1791513507,btc,1793347200000,87000.0,put,33.04,0.0693176,0.0665,0.0715,82254.71,429.9
1791513507,btc,1791619200000,82000.0,call,33.48,0.00745576,0.007,0.008,81958.55,31.3
1791513507,btc,1793347200000,63000.0,put,54.85,0.00093873,0.0008,0.001,82260.66,1274.3
1791513507,btc,1791532800000,77000.0,call,63.79,0.06030926,0.059,0.0615,81948.06,59.9
1791513507,btc,1813910400000,64000.0,put,41.5,0.03520142,0.0345,0.036,85108.85,63.9
1791513507,btc,1813910400000,65000.0,call,41.19,0.27387444,0.2725,0.275,85102.66,9.0
1791513507,btc,1813910400000,95000.0,call,38.27,0.08512848,0.084,0.086,85102.66,57.8
1791513507,btc,1791532800000,65000.0,put,108.82,0.0,,0.0001,81937.09,261.5
1791513507,btc,1798185600000,98000.0,call,38.07,0.01716531,0.017,0.0175,82877.17,984.3
1791513507,btc,1793347200000,79000.0,put,34.21,0.01625087,0.016,0.0165,82260.66,1583.2
1791513507,btc,1793347200000,98000.0,call,36.16,0.00078897,0.0007,0.0009,82260.66,1922.6
1791513507,btc,1792137600000,79000.0,call,35.5,0.04349287,0.0425,0.0445,82053.39,10.6
1791513507,btc,1798185600000,108000.0,put,39.97,0.31015619,0.3055,0.3145,82877.17,0.1
1791513507,btc,1792137600000,80000.0,put,34.28,0.00906445,0.0085,0.0095,82053.39,2188.1
1791513507,btc,1813910400000,74000.0,put,39.34,0.068514,0.0675,0.0695,85108.85,21.6
1791513507,btc,1795766400000,66000.0,call,45.55,0.2069368,0.2045,0.209,82571.02,0.1
1791513507,btc,1798185600000,115000.0,call,42.02,0.00420251,0.004,0.0043,82883.12,2325.3
1791513507,btc,1821772800000,106000.0,call,39.13,0.0783053,0.077,0.0795,86221.41,0.1
1791513507,btc,1806048000000,140000.0,put,43.32,0.6741611,0.668,0.681,83948.49,10.9
1791513507,btc,1791792000000,85500.0,call,31.78,0.00109899,0.001,0.0012,81984.44,5.9
1791513507,btc,1791705600000,83000.0,call,28.44,0.00397672,0.0037,0.0042,81971.61,13.6
1791513507,btc,1798185600000,80000.0,put,37.37,0.05135138,0.051,0.052,82883.12,2323.6
1791513507,btc,1813910400000,116000.0,call,39.39,0.03628767,0.0355,0.037,85108.85,9.9
1791513507,btc,1791532800000,86000.0,put,57.9,0.04952629,0.0485,0.051,81948.06,368.2
1791513507,btc,1791619200000,84500.0,call,37.56,0.00079736,0.0007,0.0009,81964.79,7.5
1791513507,btc,1806048000000,70000.0,put,39.66,0.03650078,0.036,0.037,83942.54,528.8
1791513507,btc,1791532800000,95000.0,call,57.91,0.0,,0.0001,81941.84,1038.3
1791513507,btc,1813910400000,86000.0,call,38.41,0.12402027,0.123,0.125,85102.66,42.7
1791513507,btc,1795766400000,100000.0,call,38.85,0.00651692,0.006,0.007,82571.02,579.7
1791513507,btc,1806048000000,64000.0,call,41.91,0.25999893,0.257,0.262,83948.49,137.9
1791513507,btc,1798185600000,82000.0,put,37.16,0.06259274,0.062,0.063,82877.17,874.0
1791513507,btc,1798185600000,90000.0,put,37.16,0.12208977,0.1195,0.125,82877.17,652.3
1791513507,btc,1806048000000,50000.0,call,50.5,0.41179743,0.4095,0.414,83948.49,21.6
1791513507,btc,1791532800000,79000.0,put,58.98,2.905e-05,,0.0001,81941.84,484.0
1791513507,btc,1792742400000,94000.0,put,36.16,0.14532279,0.142,0.1475,82147.14,0.2
1791513507,btc,1793347200000,74000.0,put,39.51,0.00607575,0.0055,0.0065,82260.66,1324.8
1791513507,btc,1821772800000,90000.0,call,38.95,0.13360056,0.132,0.135,86216.49,14.8
1791513507,btc,1821772800000,130000.0,call,40.61,0.0377454,0.0365,0.039,86216.49,46.3
1791513507,btc,1813910400000,140000.0,put,41.7,0.66092849,0.6555,0.6685,85108.85,3.4
1791513507,btc,1798185600000,180000.0,put,59.41,1.17216512,1.1625,1.1805,82877.17,0.1
1791513507,btc,1791792000000,83500.0,call,29.61,0.00428202,0.0041,0.0044,81989.66,12.3
1791513507,btc,1821772800000,112000.0,put,39.34,0.36349403,0.358,0.372,86216.49,0.0
1791513507,btc,1791532800000,74000.0,put,88.61,1e-08,,0.0001,81948.06,594.2
1791513507,btc,1791532800000,73000.0,call,98.75,0.10902028,0.1075,0.111,81937.09,0.2
1791513507,btc,1795766400000,110000.0,put,42.08,0.33438921,0.3305,0.339,82571.02,0.0
1791513507,btc,1813910400000,76000.0,call,39.08,0.18440256,0.1825,0.1855,85102.66,73.2
1791513507,btc,1798185600000,35000.0,put,80.55,0.00080439,0.0007,0.0009,82883.12,2146.8
1791513507,btc,1821772800000,98000.0,put,38.88,0.2386786,0.236,0.241,86221.41,0.0
1791513507,btc,1793347200000,61000.0,call,57.23,0.25903561,0.2575,0.261,82260.66,17.7
1791513507,btc,1806048000000,50000.0,put,50.5,0.00747817,0.007,0.008,83948.49,2332.2
1791513507,btc,1793347200000,92000.0,put,34.52,0.12211951,0.119,0.1245,82260.66,2.6
1791513507,btc,1791532800000,85000.0,put,48.88,0.03744625,0.036,0.0385,81941.84,718.3
1791513507,btc,1792742400000,100000.0,call,40.02,0.00017958,0.0001,0.0002,82142.39,314.6
1791513507,btc,1806048000000,190000.0,call,52.28,0.00192132,0.0018,0.0021,83948.49,729.2
1791513507,btc,1798185600000,110000.0,call,40.56,0.006031,0.0055,0.0065,82883.12,2968.6
1791513507,btc,1821772800000,65000.0,put,41.08,0.04919532,0.048,0.0505,86221.41,4.8
1791513507,btc,1813910400000,190000.0,put,47.62,1.23771236,1.228,1.2525,85108.85,0.6
1791513507,btc,1791705600000,84000.0,put,29.45,0.02658401,0.024,0.0295,81971.61,0.4
1791513507,btc,1791532800000,82000.0,put,31.21,0.00345108,0.0031,0.0035,81948.06,451.5
1791513507,btc,1813910400000,102000.0,put,38.48,0.26218466,0.2585,0.2655,85102.66,0.0
1791513507,btc,1793347200000,98000.0,put,36.16,0.19221619,0.189,0.195,82260.66,27.0
1791513507,btc,1806048000000,76000.0,put,38.25,0.05819738,0.058,0.0585,83948.49,700.6
1791513507,btc,1793347200000,64000.0,call,53.38,0.22302641,0.2215,0.225,82254.71,416.9
1791513507,btc,1791532800000,94000.0,call,57.91,0.0,,0.0001,81941.84,532.8
1791513507,btc,1798185600000,82000.0,call,37.16,0.07317253,0.0725,0.0735,82877.17,1319.5
1791513507,btc,1792137600000,81000.0,call,33.6,0.02581592,0.025,0.0265,82053.39,84.8
1791513507,btc,1791705600000,84500.0,put,30.45,0.03212628,0.0295,0.035,81971.61,0.7
1791513507,btc,1791792000000,89000.0,call,35.7,8.193e-05,,0.0002,81984.44,62.8
1791513507,btc,1795766400000,115000.0,put,43.92,0.39413454,0.3905,0.3985,82571.02,0.2
1791513507,btc,1791705600000,81000.0,call,29.42,0.01613852,0.0155,0.017,81966.86,32.4
1791513507,btc,1813910400000,108000.0,put,38.77,0.31875171,0.3155,0.322,85108.85,0.2
1791513507,btc,1795766400000,64000.0,call,48.06,0.23006675,0.228,0.2325,82577.31,0.2
1791513507,btc,1791792000000,75000.0,put,48.0,0.00039454,0.0003,0.0005,81989.66,0.1
1791513507,btc,1798185600000,130000.0,put,46.06,0.57018802,0.5655,0.576,82883.12,57.0
1791513507,btc,1798185600000,106000.0,call,39.76,0.00851662,0.008,0.009,82877.17,614.3
1791513507,btc,1798185600000,30000.0,call,87.25,0.63844788,0.6375,0.6395,82883.12,300.8
1791513507,btc,1795766400000,75000.0,put,38.42,0.01978995,0.0195,0.02,82571.02,2239.3
1791513507,btc,1798185600000,180000.0,call,59.41,0.00026712,0.0002,0.0004,82883.12,940.9
1791513507,btc,1798185600000,106000.0,put,39.76,0.28752322,0.283,0.292,82877.17,0.2
1791513507,btc,1793347200000,94000.0,call,34.97,0.00218012,0.0021,0.0023,82260.66,1555.0
1791513507,btc,1806048000000,88000.0,put,37.75,0.13039596,0.129,0.1305,83942.54,69.2
1791513507,btc,1793347200000,57000.0,put,61.96,0.00028585,0.0002,0.0004,82260.66,213.3
1791513507,btc,1791532800000,73000.0,put,98.75,1e-08,,0.0001,81937.09,390.9
1791513507,btc,1791532800000,85500.0,call,54.18,2.75e-06,,0.0001,81941.84,229.5
1791513507,btc,1791619200000,83500.0,put,34.59,0.02077654,0.019,0.0225,81958.55,84.9
1791513507,btc,1821772800000,180000.0,call,44.96,0.01224804,0.0115,0.013,86221.41,53.2
1791513507,btc,1798185600000,62000.0,put,46.56,0.00746416,0.007,0.008,82883.12,1557.4
1791513507,btc,1821772800000,140000.0,call,41.44,0.02896031,0.028,0.03,86216.49,508.7
1791513507,btc,1813910400000,96000.0,call,38.28,0.08160557,0.0805,0.0825,85108.85,151.5
1791513507,btc,1791532800000,85500.0,put,54.18,0.04354749,0.0425,0.045,81937.09,5.9
1791513507,btc,1792742400000,90000.0,call,34.26,0.00288138,0.0027,0.0031,82142.39,111.0
1791513507,btc,1806048000000,200000.0,call,53.72,0.00160024,0.0015,0.0017,83948.49,505.0
1791513507,btc,1793347200000,60000.0,put,58.52,0.00053073,0.0004,0.0006,82260.66,1484.2
1791513507,btc,1793347200000,52000.0,put,70.89,0.00015209,0.0001,0.0002,82260.66,164.6
1791513507,btc,1798185600000,140000.0,put,49.07,0.69025339,0.684,0.696,82883.12,0.3
1791513507,btc,1806048000000,102000.0,put,38.26,0.25254373,0.2495,0.2545,83948.49,0.1
1791513507,btc,1821772800000,92000.0,put,38.9,0.19200698,0.1895,0.194,86221.41,0.0
1791513507,btc,1821772800000,102000.0,call,39.0,0.0893186,0.088,0.0905,86216.49,6.8
1791513507,btc,1813910400000,104000.0,put,38.55,0.28059354,0.2765,0.2855,85108.85,0.0
1791513507,btc,1813910400000,98000.0,put,38.33,0.22669255,0.2245,0.2285,85108.85,0.1
1791513507,btc,1813910400000,100000.0,put,38.4,0.24418722,0.242,0.2465,85102.66,2.5
1791513507,btc,1792137600000,86000.0,call,34.14,0.00426113,0.0041,0.0044,82053.39,285.2
1791513507,btc,1795766400000,94000.0,put,37.5,0.15206927,0.1485,0.1555,82571.02,4.0
1791513507,btc,1792137600000,95000.0,call,43.52,0.00018246,0.0001,0.0003,82053.39,309.8
1791513507,btc,1791619200000,76000.0,put,60.57,0.0001897,0.0001,0.0003,81958.55,5.2
1791513507,btc,1806048000000,95000.0,call,37.85,0.0553968,0.055,0.056,83942.54,460.6
1791513507,btc,1793347200000,56000.0,call,62.33,0.31939132,0.318,0.321,82260.66,0.5
1791513507,btc,1798185600000,70000.0,call,40.49,0.17230494,0.1695,0.175,82883.12,1884.7
1791513507,btc,1798185600000,30000.0,put,87.25,0.00043088,0.0003,0.0006,82877.17,2230.9
1791513507,btc,1791532800000,80000.0,put,50.25,0.00012624,0.0001,0.0002,81948.06,921.3
1791513507,btc,1813910400000,95000.0,put,38.27,0.20148962,0.1995,0.203,85102.66,40.2
1791513507,btc,1821772800000,70000.0,call,40.25,0.25458056,0.253,0.2565,86221.41,9.1
1791513507,btc,1793347200000,70000.0,put,45.46,0.00315839,0.003,0.0032,82254.71,2962.2
1791513507,btc,1813910400000,82000.0,put,38.56,0.1093427,0.108,0.1105,85108.85,54.3
1791513507,btc,1791792000000,78500.0,call,35.26,0.04389379,0.042,0.0465,81984.44,0.0
1791513507,btc,1813910400000,200000.0,call,48.57,0.00412925,0.0037,0.0046,85108.85,234.4
1791513507,btc,1793347200000,68000.0,call,48.37,0.17557909,0.174,0.178,82260.66,449.7
1791513507,btc,1792742400000,87000.0,call,33.1,0.00699346,0.0065,0.0075,82147.14,73.4
1791513507,btc,1795766400000,75000.0,call,38.42,0.11148095,0.1105,0.1125,82571.02,288.8
1791513507,btc,1793347200000,100000.0,call,36.63,0.00045983,0.0004,0.0005,82260.66,14570.8
1791513507,btc,1791705600000,75000.0,put,52.57,0.00021318,0.0002,0.0003,81966.86,14.2
1791513507,btc,1798185600000,105000.0,call,39.47,0.00921171,0.009,0.0095,82883.12,1062.4
1791513507,btc,1791705600000,80000.0,put,31.89,0.00215919,0.002,0.0022,81966.86,508.1
1791513507,btc,1821772800000,160000.0,call,43.23,0.01819899,0.0175,0.019,86221.41,3.1
1791513507,btc,1791532800000,72000.0,call,105.19,0.12127203,0.1195,0.1235,81941.84,0.0
1791513507,btc,1821772800000,116000.0,put,39.59,0.40237493,0.3975,0.415,86221.41,0.0
1791513507,btc,1798185600000,52000.0,call,56.96,0.37566419,0.374,0.3775,82883.12,0.1
1791513507,btc,1791792000000,84500.0,put,30.53,0.03292478,0.0305,0.035,81984.44,0.0
1791513507,btc,1791705600000,92000.0,put,46.02,0.1225039,0.12,0.1245,81966.86,0.0
1791513507,btc,1791619200000,95000.0,put,55.23,0.1591897,0.1565,0.162,81958.55,0.0
1791513507,btc,1791619200000,79000.0,call,43.36,0.03682939,0.0345,0.0395,81958.55,0.0
1791513507,btc,1821772800000,116000.0,call,39.59,0.05682009,0.0555,0.058,86216.49,2.3
1791513507,btc,1792137600000,94000.0,call,43.05,0.00027832,0.0002,0.0003,82053.39,117.5
1791513507,btc,1791792000000,87000.0,call,33.89,0.00039602,0.0003,0.0005,81984.44,67.3
1791513507,btc,1793347200000,81000.0,call,33.26,0.03994764,0.0395,0.0405,82260.66,801.9
1791513507,btc,1793347200000,55000.0,call,64.05,0.33152281,0.33,0.3335,82260.66,0.1
1791513507,btc,1798185600000,94000.0,put,37.62,0.15927366,0.156,0.1615,82883.12,5.9
1791513507,btc,1821772800000,100000.0,put,38.93,0.25533551,0.2525,0.258,86221.41,0.0
1791513507,btc,1813910400000,66000.0,call,40.93,0.26483158,0.263,0.266,85108.85,25.5
1791513507,btc,1795766400000,60000.0,call,52.57,0.27670523,0.274,0.2785,82571.02,0.8
1791513507,btc,1813910400000,66000.0,put,40.93,0.04040879,0.0395,0.041,85108.85,66.7
1791513507,btc,1798185600000,94000.0,call,37.62,0.02506026,0.0245,0.0255,82883.12,743.2
1791513507,btc,1795766400000,68000.0,call,43.66,0.18443378,0.1825,0.1865,82577.31,0.0
1791513507,btc,1791619200000,80500.0,call,35.92,0.01996241,0.0185,0.0215,81964.79,10.0
1791513507,btc,1821772800000,170000.0,call,44.06,0.01474057,0.014,0.015,86221.41,4.2
1791513507,btc,1793347200000,105000.0,call,39.6,0.00018101,0.0001,0.0003,82260.66,2338.1
1791513507,btc,1793347200000,55000.0,put,64.05,0.00018095,0.0001,0.0003,82260.66,313.1
1791513507,btc,1813910400000,160000.0,put,44.12,0.88943153,0.8825,0.898,85108.85,0.2
1791513507,btc,1793347200000,93000.0,call,34.72,0.00281328,0.0026,0.003,82260.66,771.0
1791513507,btc,1795766400000,85000.0,put,36.47,0.07015284,0.0695,0.0705,82571.02,314.3
1791513507,btc,1791619200000,88500.0,call,51.52,4.894e-05,,0.0001,81958.55,9.6
1791513507,btc,1791532800000,87000.0,call,57.9,5e-08,,0.0001,81948.06,613.0
1791513507,btc,1821772800000,82000.0,put,39.16,0.1252168,0.1235,0.1265,86221.41,1.3
1791513507,btc,1792742400000,95000.0,put,36.7,0.15727888,0.154,0.1595,82147.14,0.1
1791513507,btc,1791619200000,75000.0,put,66.87,0.0001395,0.0001,0.0002,81958.55,19.7
1791513507,btc,1791619200000,81000.0,call,34.45,0.01505556,0.0145,0.016,81964.79,2.7
1791513507,btc,1806048000000,85000.0,call,37.76,0.09643868,0.096,0.097,83948.49,648.9
1791513507,btc,1791619200000,79500.0,call,40.52,0.03100315,0.029,0.0335,81958.55,0.0
1791513507,btc,1813910400000,102000.0,call,38.48,0.06356533,0.0625,0.0645,85102.66,53.1
1791513507,btc,1798185600000,110000.0,put,40.56,0.333302,0.3285,0.3375,82877.17,81.6
1791513507,btc,1806048000000,52000.0,put,48.7,0.00848597,0.008,0.009,83948.49,323.5
1791513507,btc,1791532800000,84500.0,call,45.82,1.18e-05,,0.0001,81942.11,259.7
1791513507,btc,1795766400000,87000.0,put,36.58,0.085905,0.085,0.0865,82577.31,32.8
1791513507,btc,1792742400000,81000.0,call,33.23,0.03347841,0.033,0.034,82142.39,12.7
1791513507,btc,1793347200000,89000.0,call,33.51,0.00733284,0.007,0.0075,82260.66,896.7
1791513507,btc,1793347200000,61000.0,put,57.23,0.00063826,0.0005,0.0007,82260.66,301.4
1791513507,btc,1813910400000,60000.0,put,42.83,0.02654742,0.0255,0.027,85108.85,241.4
1791513507,btc,1798185600000,125000.0,put,44.74,0.51041557,0.506,0.5155,82883.12,9.3
1791513507,btc,1795766400000,58000.0,call,54.85,0.3002712,0.298,0.302,82577.31,1.9
1791513507,btc,1813910400000,112000.0,call,39.04,0.04229686,0.0415,0.043,85102.66,0.0
1791513507,btc,1791619200000,78000.0,call,49.58,0.04872889,0.0465,0.051,81958.55,0.0
1791513507,btc,1806048000000,110000.0,put,38.96,0.33453088,0.331,0.34,83948.49,5.1
1791513507,btc,1806048000000,52000.0,call,48.7,0.388978,0.387,0.3915,83948.49,6.0
1791513507,btc,1821772800000,220000.0,put,48.43,1.55864447,1.5385,1.579,86221.41,0.0
1791513507,btc,1813910400000,50000.0,put,47.09,0.01254123,0.012,0.013,85102.66,343.9
1791513507,btc,1791792000000,86000.0,put,32.46,0.04982132,0.047,0.052,81984.44,0.0
1791513507,btc,1793347200000,105000.0,put,39.6,0.27671017,0.273,0.2795,82260.66,0.3
1791513507,btc,1806048000000,68000.0,call,40.27,0.22086201,0.2185,0.223,83948.49,190.9
1791513507,btc,1798185600000,52000.0,put,56.96,0.00310139,0.0029,0.0032,82883.12,438.2
1791513507,btc,1791705600000,86500.0,put,35.82,0.05568613,0.053,0.058,81966.86,0.0
1791513507,btc,1791792000000,72000.0,call,58.42,0.12188853,0.12,0.124,81984.44,0.0
1791513507,btc,1791705600000,88000.0,call,40.94,0.00015054,0.0001,0.0002,81971.61,18.2
1791513507,btc,1793347200000,83000.0,put,32.92,0.03653751,0.0355,0.0365,82260.66,782.6
1791513507,btc,1791705600000,77000.0,call,44.58,0.06100728,0.059,0.064,81971.61,0.0
1791513507,btc,1798185600000,96000.0,call,37.8,0.02070118,0.02,0.021,82883.12,1517.3
1791513507,btc,1795766400000,69000.0,put,42.69,0.00896526,0.0085,0.0095,82577.31,125.5
1791513507,btc,1821772800000,125000.0,call,40.24,0.04352905,0.0425,0.0445,86216.49,54.3
1791513507,btc,1813910400000,170000.0,call,45.16,0.00723618,0.0065,0.008,85108.85,153.0
1791513507,btc,1791792000000,75000.0,call,48.0,0.0855323,0.0835,0.0875,81984.44,0.0
1791513507,btc,1791792000000,74000.0,call,51.75,0.09760777,0.0955,0.0995,81989.66,0.0
1791513507,btc,1821772800000,80000.0,call,39.27,0.18579083,0.184,0.1875,86221.41,33.1
1791513507,btc,1798185600000,68000.0,call,41.62,0.19301082,0.1905,0.1955,82883.12,1023.2
1791513507,btc,1821772800000,76000.0,call,39.56,0.21122311,0.21,0.213,86216.49,7.8
1791513507,btc,1795766400000,102000.0,call,39.55,0.00522977,0.005,0.0055,82571.02,535.5
1791513507,btc,1813910400000,40000.0,call,53.64,0.53593406,0.5345,0.538,85108.85,24.1
1791513507,btc,1791619200000,78000.0,put,49.58,0.00048463,0.0004,0.0006,81964.79,38.5
1791513507,btc,1795766400000,100000.0,put,38.85,0.21759558,0.2145,0.222,82577.31,26.1
1791513507,btc,1791705600000,89000.0,put,42.31,0.08596408,0.0835,0.0885,81966.86,0.0
1791513507,btc,1791792000000,85000.0,call,31.14,0.00155064,0.0014,0.0017,81984.44,20.3
1791513507,btc,1806048000000,100000.0,call,38.13,0.04180518,0.041,0.0425,83948.49,1308.1
1791513507,btc,1791532800000,83000.0,put,36.25,0.0132235,0.012,0.015,81948.06,572.8
1791513507,btc,1791619200000,80000.0,call,37.86,0.02532415,0.023,0.028,81958.55,0.0
1791513507,btc,1806048000000,68000.0,put,40.27,0.03098782,0.0305,0.0315,83948.49,582.9
1791513507,btc,1821772800000,88000.0,call,38.93,0.1426326,0.141,0.144,86221.41,19.3
1791513507,btc,1791705600000,83000.0,put,28.44,0.01665553,0.0155,0.0175,81971.61,7.7
1791513507,btc,1821772800000,120000.0,put,39.91,0.44247956,0.4365,0.451,86221.41,0.0
1791513507,btc,1795766400000,87000.0,call,36.58,0.03226657,0.032,0.0325,82571.02,227.9
1791513507,btc,1795766400000,97000.0,put,38.23,0.18423277,0.1805,0.1875,82577.31,0.0
1791513507,btc,1821772800000,110000.0,put,39.3,0.34475379,0.339,0.3565,86221.41,0.2
1791513507,btc,1792137600000,100000.0,put,47.41,0.21882086,0.2155,0.2215,82059.61,1.1
1791513507,btc,1813910400000,52000.0,put,46.19,0.0147093,0.014,0.015,85108.85,52.4
1791513507,btc,1795766400000,97000.0,call,38.23,0.00948647,0.009,0.01,82571.02,143.9
1791513507,btc,1792137600000,78000.0,put,36.91,0.00442633,0.0042,0.0046,82053.39,1235.9
1791513507,btc,1821772800000,114000.0,put,39.44,0.3827109,0.378,0.391,86221.41,0.0
1791513507,btc,1791532800000,78000.0,put,60.02,1.72e-06,,0.0001,81948.06,965.9
1791513507,btc,1795766400000,77000.0,put,37.5,0.02597595,0.0255,0.0265,82577.31,296.7
1791513507,btc,1795766400000,77000.0,call,37.5,0.09344538,0.0925,0.0945,82571.02,80.4
1791513507,btc,1806048000000,125000.0,put,40.96,0.50071064,0.4955,0.5065,83948.49,0.1
1791513507,btc,1806048000000,115000.0,call,39.64,0.01868154,0.018,0.0195,83948.49,580.6
1791513507,btc,1806048000000,86000.0,call,37.76,0.09142387,0.091,0.092,83948.49,590.6
1791513507,btc,1795766400000,62000.0,call,50.19,0.25324764,0.2515,0.2555,82571.02,0.1
1791513507,btc,1795766400000,80000.0,put,36.8,0.03890297,0.0385,0.0395,82577.31,508.9
1791513507,btc,1791792000000,81000.0,call,29.48,0.0179632,0.0175,0.019,81989.66,37.7
1791513507,btc,1813910400000,80000.0,put,38.72,0.09798764,0.0965,0.099,85108.85,55.4
1791513507,btc,1798185600000,55000.0,put,53.56,0.00397924,0.0038,0.0041,82883.12,3189.9
1791513507,btc,1792137600000,84000.0,call,33.2,0.00929752,0.009,0.0095,82053.39,162.9
1791513507,btc,1813910400000,30000.0,put,62.34,0.0026852,0.0024,0.003,85102.66,530.2
1791513507,btc,1791792000000,91000.0,call,40.82,4.001e-05,,0.0001,81984.44,0.0
1791513507,btc,1795766400000,72000.0,call,40.11,0.14107059,0.139,0.143,82577.31,38.0
1791513507,btc,1793347200000,102000.0,call,37.46,0.00028901,0.0003,0.0004,82260.66,595.4
1791513507,btc,1791792000000,89000.0,put,35.7,0.08571774,0.0835,0.088,81984.44,0.0
1791513507,btc,1792742400000,74000.0,call,40.97,0.1026159,0.1005,0.105,82147.14,0.0
1791513507,btc,1795766400000,83000.0,put,36.49,0.05618884,0.0555,0.0565,82577.31,174.1
1791513507,btc,1821772800000,210000.0,call,47.42,0.00751522,0.0065,0.0085,86216.49,20.6
1791513507,btc,1795766400000,79000.0,call,36.96,0.07733747,0.0765,0.078,82577.31,133.9
1791513507,btc,1806048000000,102000.0,call,38.26,0.03735502,0.037,0.038,83948.49,114.4
1791513507,btc,1798185600000,78000.0,put,37.64,0.04158187,0.041,0.042,82877.17,1343.3
1791513507,btc,1821772800000,82000.0,call,39.16,0.17404873,0.1725,0.176,86216.49,6.8
1791513507,btc,1813910400000,76000.0,put,39.08,0.07749147,0.0765,0.0785,85102.66,73.7
1791513507,btc,1791705600000,86000.0,call,34.34,0.00039672,0.0003,0.0005,81966.86,58.9
1791513507,btc,1792742400000,85000.0,call,32.62,0.01230884,0.012,0.0125,82142.39,179.3
1791513507,btc,1813910400000,78000.0,call,38.89,0.17079172,0.169,0.172,85108.85,104.0
1791513507,btc,1795766400000,81000.0,call,36.62,0.06315096,0.0625,0.0635,82577.31,310.1
1791513507,btc,1791705600000,94000.0,put,46.03,0.1469,0.1435,0.149,81966.86,0.0
1791513507,btc,1795766400000,96000.0,put,37.84,0.17322097,0.17,0.177,82577.31,0.0
1791513507,btc,1821772800000,190000.0,put,45.89,1.21430201,1.198,1.23,86221.41,0.0
1791513507,btc,1813910400000,62000.0,call,42.18,0.30210975,0.3005,0.303,85102.66,123.0
1791513507,btc,1792742400000,80000.0,call,33.66,0.0411796,0.0405,0.042,82147.14,0.2
1791513507,btc,1821772800000,94000.0,call,38.87,0.11662713,0.115,0.118,86221.41,1.1
1791513507,btc,1795766400000,104000.0,put,40.14,0.26368333,0.26,0.268,82571.02,0.0
1791513507,btc,1791705600000,81000.0,put,29.42,0.00441443,0.0042,0.0045,81971.61,11.8
1791513507,btc,1806048000000,58000.0,call,44.82,0.32266946,0.32,0.3245,83948.49,4.3
1791513507,btc,1806048000000,94000.0,call,37.82,0.05862874,0.058,0.059,83948.49,212.5
1791513507,btc,1791532800000,83500.0,put,42.25,0.01916557,0.018,0.0205,81942.11,21.4
1791513507,btc,1806048000000,72000.0,call,39.14,0.18506881,0.1825,0.187,83948.49,88.9
1791513507,btc,1813910400000,50000.0,call,47.09,0.42498273,0.423,0.427,85102.66,20.2
1791513507,btc,1798185600000,55000.0,call,53.56,0.34034374,0.3385,0.3425,82883.12,127.4
1791513507,btc,1795766400000,99000.0,call,38.82,0.00751683,0.007,0.008,82571.02,46.4
1791513507,btc,1791619200000,90000.0,call,55.08,1.593e-05,,0.0001,81964.79,17.7
1791513507,btc,1791619200000,82000.0,put,33.48,0.00801949,0.0075,0.008,81958.55,45.4
1791513507,btc,1798185600000,240000.0,call,74.14,0.00014355,0.0001,0.0003,82883.12,780.5
1791513507,btc,1821772800000,50000.0,call,45.93,0.4384959,0.4355,0.4405,86221.41,1.6
1791513507,btc,1791792000000,76000.0,call,44.18,0.07347731,0.0715,0.0755,81984.44,0.0
1791513507,btc,1792742400000,73000.0,call,42.81,0.11416908,0.1125,0.1165,82142.39,0.0
1791513507,btc,1806048000000,66000.0,put,41.08,0.02645591,0.026,0.027,83948.49,101.5
1791513507,btc,1791619200000,88500.0,put,51.52,0.07992565,0.077,0.0825,81958.55,0.0
1791513507,btc,1798185600000,75000.0,call,38.35,0.12487745,0.124,0.126,82877.17,1925.5
1791513507,btc,1813910400000,114000.0,call,39.18,0.03908697,0.0385,0.04,85108.85,6.0
1791513507,btc,1792742400000,92000.0,call,35.09,0.00155942,0.0014,0.0017,82147.14,423.6
1791513507,btc,1791705600000,77000.0,put,44.58,0.00048869,0.0004,0.0006,81971.61,30.8
1791513507,btc,1806048000000,35000.0,put,62.51,0.00193746,0.0018,0.0021,83948.49,618.8
1791513507,btc,1791705600000,80500.0,put,30.52,0.00306495,0.0029,0.0031,81971.61,213.5
1791513507,btc,1792137600000,89000.0,call,36.98,0.00137188,0.0013,0.0015,82053.39,508.8
1791513507,btc,1813910400000,30000.0,call,62.34,0.6501501,0.649,0.651,85102.66,87.4
1791513507,btc,1793347200000,73000.0,call,41.15,0.11771637,0.1155,0.12,82260.66,573.5
1791513507,btc,1793347200000,81000.0,put,33.26,0.02469871,0.024,0.025,82260.66,855.7
1791513507,btc,1791619200000,84500.0,put,37.56,0.03186608,0.029,0.034,81958.55,1.9
1791513507,btc,1806048000000,64000.0,put,41.91,0.02247028,0.022,0.023,83948.49,125.8
1791513507,btc,1821772800000,115000.0,call,39.53,0.05862463,0.0575,0.0595,86221.41,0.0
1791513507,btc,1806048000000,115000.0,put,39.64,0.38874725,0.3845,0.394,83948.49,3.0
1791513507,btc,1806048000000,35000.0,call,62.51,0.58496094,0.584,0.586,83942.54,21.8
1791513507,btc,1791619200000,86500.0,call,44.88,0.00018368,0.0001,0.0003,81958.55,16.7
1791513507,btc,1792742400000,86000.0,call,32.81,0.00930903,0.009,0.0095,82142.39,88.0
1791513507,btc,1813910400000,54000.0,put,45.22,0.01705214,0.0165,0.0175,85108.85,50.6
1791513507,btc,1793347200000,115000.0,put,49.16,0.39820062,0.3945,0.4015,82260.66,34.6
1791513507,btc,1793347200000,77000.0,call,35.88,0.07460845,0.074,0.076,82260.66,205.7
1791513507,btc,1795766400000,106000.0,put,40.75,0.28707755,0.2835,0.291,82577.31,0.0
1791513507,btc,1793347200000,104000.0,call,38.36,0.00018607,0.0002,0.0003,82260.66,461.1
1791513507,btc,1821772800000,90000.0,put,38.95,0.17756552,0.175,0.1795,86221.41,2.8
1791513507,btc,1795766400000,91000.0,put,37.09,0.12201511,0.119,0.125,82571.02,0.2
1791513507,btc,1806048000000,108000.0,put,38.82,0.31357668,0.31,0.318,83948.49,0.1
1791513507,btc,1806048000000,180000.0,call,50.3,0.00218985,0.0019,0.0025,83948.49,691.4
1791513507,btc,1806048000000,84000.0,put,37.71,0.10227017,0.1015,0.1025,83942.54,427.7
1791513507,btc,1792742400000,81000.0,put,33.23,0.01966018,0.019,0.0195,82142.39,119.4
1791513507,btc,1821772800000,100000.0,call,38.93,0.09537444,0.094,0.0965,86221.41,87.6
1791513507,btc,1821772800000,96000.0,put,38.89,0.22267417,0.22,0.225,86216.49,0.0
1791513507,btc,1791619200000,96000.0,put,55.93,0.17139169,0.168,0.1735,81964.79,0.0
1791513507,btc,1792137600000,85000.0,put,33.57,0.04229499,0.0405,0.0435,82059.61,51.3
1791513507,btc,1793347200000,72000.0,put,42.45,0.00435022,0.0041,0.0044,82260.66,2530.3
1791513507,btc,1793347200000,50000.0,put,73.32,9.93e-05,,0.0001,82260.66,501.8
1791513507,btc,1791619200000,95000.0,call,55.23,1e-08,,0.0001,81958.55,0.1
1791513507,btc,1792742400000,89000.0,put,33.77,0.08744014,0.0845,0.09,82142.39,0.0
1791513507,btc,1793347200000,78000.0,call,34.94,0.06488567,0.064,0.066,82260.66,484.5
1791513507,btc,1791792000000,80000.0,call,31.28,0.02742704,0.025,0.03,81989.66,17.7
1791513507,btc,1806048000000,88000.0,call,37.75,0.08199785,0.0815,0.0825,83942.54,395.4
1791513507,btc,1791532800000,87500.0,call,57.9,1e-08,,0.0001,81942.11,98.6
1791513507,btc,1793347200000,83000.0,call,32.92,0.02747159,0.027,0.028,82260.66,694.1
1791513507,btc,1806048000000,74000.0,put,38.65,0.05003027,0.0495,0.0505,83948.49,228.5
1791513507,btc,1806048000000,170000.0,call,48.86,0.00279879,0.0026,0.003,83948.49,1021.7
1791513507,btc,1795766400000,85000.0,call,36.47,0.04073598,0.0405,0.041,82571.02,688.8
1791513507,btc,1806048000000,74000.0,call,38.65,0.16842277,0.168,0.17,83948.49,66.8
1791513507,btc,1798185600000,64000.0,put,44.69,0.00896842,0.0085,0.0095,82883.12,376.5
1791513507,btc,1791705600000,86500.0,call,35.82,0.00029467,0.0002,0.0004,81966.86,20.9
1791513507,btc,1806048000000,54000.0,call,47.38,0.36664683,0.364,0.3685,83942.54,0.1
1791513507,btc,1791532800000,84000.0,call,42.57,3.33e-05,,0.0001,81948.06,359.0
1791513507,btc,1813910400000,96000.0,put,38.28,0.20971788,0.208,0.212,85102.66,0.1
1791513507,btc,1795766400000,91000.0,call,37.09,0.01993353,0.0195,0.02,82571.02,227.9
1791513507,btc,1792137600000,87000.0,put,34.58,0.06312925,0.0605,0.0655,82053.39,84.9
1791513507,btc,1791705600000,85000.0,put,31.86,0.03789467,0.035,0.0405,81971.61,0.0
1791513507,btc,1791705600000,80500.0,call,30.52,0.02088706,0.02,0.022,81966.86,34.6
1791513507,btc,1806048000000,120000.0,put,40.28,0.4442056,0.4395,0.4505,83942.54,9.9
1791513507,btc,1813910400000,84000.0,put,38.49,0.12166349,0.12,0.1225,85102.66,507.5
1791513507,btc,1791532800000,65000.0,call,108.82,0.20675445,0.205,0.2085,81948.06,0.7
1791513507,btc,1791532800000,79000.0,call,58.98,0.0359299,0.0345,0.037,81948.06,30.9
1791513507,btc,1793347200000,78000.0,put,34.94,0.01316447,0.0125,0.0135,82260.66,2449.0
1791513507,btc,1791705600000,76000.0,call,49.2,0.07306315,0.071,0.0755,81971.61,0.0
1791513507,btc,1791705600000,83500.0,call,28.81,0.00260462,0.0024,0.0028,81971.61,39.0
1791513507,btc,1791532800000,84000.0,put,42.57,0.02515062,0.025,0.0265,81948.06,272.7
1791513507,btc,1791532800000,70000.0,call,108.72,0.14573556,0.144,0.148,81942.11,0.2
1791513507,btc,1792137600000,80000.0,call,34.28,0.03403306,0.033,0.035,82053.39,10.9
1791513507,btc,1791532800000,80000.0,call,50.25,0.02382403,0.022,0.025,81948.06,419.6
1791513507,btc,1806048000000,104000.0,put,38.43,0.27244652,0.269,0.2765,83948.49,3.9
1791513507,btc,1791619200000,83500.0,call,34.59,0.00190982,0.0017,0.0021,81964.79,222.7
1791513507,btc,1821772800000,94000.0,put,38.87,0.20699054,0.204,0.209,86221.41,0.0
1791513507,btc,1821772800000,78000.0,put,39.4,0.1029059,0.1015,0.1045,86221.41,0.1
1791513507,btc,1791792000000,82000.0,put,28.95,0.01099139,0.0105,0.011,81989.66,5.3
1791513507,btc,1806048000000,94000.0,put,37.82,0.17850854,0.176,0.1825,83948.49,18.8
1791513507,btc,1791705600000,85000.0,call,31.86,0.0008048,0.0007,0.0009,81966.86,14.3
1791513507,btc,1798185600000,100000.0,put,38.61,0.22112207,0.217,0.225,82883.12,303.1
1791513507,btc,1798185600000,75000.0,put,38.35,0.02983495,0.0295,0.03,82883.12,2472.3
1791513507,btc,1791792000000,76000.0,put,44.18,0.0005371,0.0004,0.0006,81984.44,0.1
1791513507,btc,1795766400000,76000.0,put,37.9,0.02265273,0.022,0.023,82571.02,176.1
1791513507,btc,1791705600000,80000.0,call,31.89,0.0260746,0.0235,0.0285,81971.61,0.0
1791513507,btc,1795766400000,120000.0,put,45.93,0.45423978,0.4495,0.4595,82571.02,8.8
1791513507,btc,1792137600000,83000.0,put,33.25,0.02513302,0.0245,0.0255,82053.39,875.8
1791513507,btc,1806048000000,76000.0,call,38.25,0.15276265,0.152,0.1545,83948.49,541.7
1791513507,btc,1791792000000,82000.0,call,28.95,0.01072908,0.0105,0.011,81984.44,28.3
1791513507,btc,1813910400000,92000.0,call,38.27,0.09658576,0.0955,0.0975,85102.66,45.2
1791513507,btc,1791792000000,80500.0,call,30.29,0.02250636,0.0215,0.0235,81984.44,40.5
1791513507,btc,1793347200000,65000.0,put,51.95,0.00129664,0.0012,0.0014,82260.66,2061.5
1791513507,btc,1793347200000,59000.0,put,59.57,0.00042775,0.0003,0.0005,82260.66,311.7
1791513507,btc,1791619200000,94000.0,call,55.1,6e-08,,0.0001,81964.79,0.2
1791513507,btc,1792742400000,84000.0,put,32.58,0.03886442,0.038,0.0395,82142.39,35.8
1791513507,btc,1793347200000,82000.0,call,32.94,0.03319886,0.033,0.034,82260.66,1375.8
1791513507,btc,1798185600000,120000.0,put,43.35,0.45088902,0.446,0.456,82883.12,35.9
1791513507,btc,1793347200000,110000.0,call,43.53,0.00010229,,0.0002,82260.66,1356.7
1791513507,btc,1791532800000,83000.0,call,36.25,0.00030995,0.0002,0.0004,81948.06,238.1
1791513507,btc,1798185600000,220000.0,put,68.79,1.65468561,1.645,1.6645,82883.12,0.0
1791513507,btc,1813910400000,70000.0,put,40.0,0.05291825,0.052,0.054,85108.85,148.9
1791513507,btc,1791532800000,88000.0,put,57.9,0.07393244,0.073,0.0755,81942.11,9.1
1791513507,btc,1806048000000,65000.0,call,41.49,0.25000498,0.2465,0.252,83948.49,229.7
1791513507,btc,1806048000000,130000.0,call,41.72,0.00925957,0.009,0.0095,83948.49,1228.6
1791513507,btc,1813910400000,180000.0,call,46.47,0.00599367,0.0055,0.0065,85102.66,66.7
1791513507,btc,1791705600000,82500.0,put,28.36,0.01252013,0.0115,0.013,81971.61,14.0
1791513507,btc,1793347200000,77000.0,put,35.88,0.01072984,0.0105,0.011,82260.66,1235.5
1791513507,btc,1795766400000,60000.0,put,52.57,0.00335242,0.0031,0.0035,82577.31,263.3
1791513507,btc,1821772800000,114000.0,call,39.44,0.06035528,0.059,0.0615,86221.41,0.0
1791513507,btc,1821772800000,78000.0,call,39.4,0.19814846,0.1965,0.2,86216.49,12.9
1791513507,btc,1791532800000,76000.0,put,73.49,7e-08,,0.0001,81948.06,651.7
1791513507,btc,1806048000000,84000.0,call,37.71,0.10152652,0.101,0.102,83948.49,332.4
1791513507,btc,1792137600000,90000.0,put,37.67,0.0978185,0.095,0.1,82059.61,3.1
1791513507,btc,1813910400000,160000.0,call,44.12,0.00924434,0.0085,0.01,85108.85,703.6
1791513507,btc,1813910400000,170000.0,put,45.16,1.00493506,0.998,1.0155,85108.85,15.1
1791513507,btc,1791619200000,84000.0,put,35.7,0.02615893,0.0245,0.028,81964.79,7.8
1791513507,btc,1791619200000,80500.0,put,35.92,0.00222315,0.002,0.0023,81958.55,118.6
1791513507,btc,1795766400000,74000.0,put,38.91,0.01719985,0.0165,0.0175,82577.31,109.8
1791513507,btc,1798185600000,230000.0,call,71.53,0.00014357,0.0001,0.0003,82883.12,191.0
1791513507,btc,1791705600000,78000.0,put,39.7,0.00070525,0.0006,0.0008,81971.61,85.2
1791513507,btc,1821772800000,98000.0,call,38.88,0.10191675,0.1005,0.103,86221.41,0.6
1791513507,btc,1795766400000,95000.0,put,37.7,0.16257776,0.159,0.166,82577.31,0.1
1791513507,btc,1813910400000,98000.0,call,38.33,0.0750779,0.074,0.076,85102.66,112.1
1791513507,btc,1798185600000,50000.0,put,59.32,0.00263342,0.0024,0.0028,82883.12,2221.5
1791513507,btc,1791705600000,74000.0,call,56.29,0.09726364,0.0955,0.0995,81966.86,0.0
1791513507,btc,1792137600000,70000.0,put,54.1,0.00047146,0.0004,0.0005,82059.61,178.9
1791513507,btc,1821772800000,60000.0,put,42.33,0.03595348,0.035,0.037,86216.49,21.5
1791513507,btc,1798185600000,54000.0,put,54.58,0.0036295,0.0034,0.0037,82877.17,1915.7
1791513507,btc,1798185600000,92000.0,put,37.36,0.14018103,0.137,0.142,82883.12,23.4
1791513507,btc,1806048000000,78000.0,put,38.04,0.06769643,0.067,0.068,83948.49,434.6
1791513507,btc,1795766400000,90000.0,call,36.95,0.02253583,0.022,0.023,82577.31,3228.7
1791513507,btc,1798185600000,108000.0,call,39.97,0.00701739,0.0065,0.0075,82883.12,166.0
1791513507,btc,1798185600000,60000.0,put,48.06,0.00599064,0.006,0.0065,82883.12,6470.4
1791513507,btc,1821772800000,106000.0,put,39.13,0.30786403,0.303,0.3145,86221.41,0.0
1791513507,btc,1813910400000,58000.0,call,43.47,0.34123347,0.3395,0.3425,85102.66,13.8
1791513507,btc,1798185600000,250000.0,put,75.21,2.01663831,2.0055,2.029,82883.12,10.0
1791513507,btc,1806048000000,190000.0,put,52.28,1.26550814,1.254,1.275,83948.49,0.9
1791513507,btc,1798185600000,160000.0,call,54.45,0.00046492,0.0003,0.0007,82883.12,1393.6
1791513507,btc,1795766400000,82000.0,call,36.54,0.05683711,0.056,0.0575,82571.02,124.4
1791513507,btc,1798185600000,88000.0,put,37.03,0.10515339,0.104,0.106,82883.12,150.5
1791513507,btc,1798185600000,96000.0,put,37.8,0.17904678,0.176,0.183,82877.17,51.0
1791513507,btc,1798185600000,90000.0,call,37.16,0.03614077,0.0355,0.0365,82883.12,3982.6
1791513507,btc,1806048000000,66000.0,call,41.08,0.24015733,0.2375,0.242,83948.49,23.9
1791513507,btc,1813910400000,62000.0,put,42.18,0.03068228,0.03,0.0315,85108.85,115.8
1791513507,btc,1791792000000,88000.0,call,34.86,0.00018405,0.0001,0.0003,81984.44,61.8
1791513507,btc,1821772800000,118000.0,call,39.69,0.05338183,0.052,0.0545,86221.41,0.1
1791513507,btc,1795766400000,89000.0,call,36.81,0.02543525,0.025,0.026,82571.02,538.1
1791513507,btc,1806048000000,200000.0,put,53.72,1.38432322,1.372,1.3955,83948.49,1.0
1791513507,btc,1806048000000,45000.0,call,54.36,0.46889767,0.467,0.4705,83948.49,4.8
1791513507,btc,1792137600000,81000.0,put,33.6,0.01303521,0.0125,0.0135,82053.39,428.9
1791513507,btc,1791532800000,75000.0,put,80.04,2e-08,,0.0001,81942.11,1562.4
1791513507,btc,1793347200000,95000.0,call,35.16,0.00166819,0.0016,0.0018,82260.66,25031.1
1791513507,btc,1791619200000,79000.0,put,43.36,0.00078713,0.0007,0.0009,81964.79,43.8
1791513507,btc,1806048000000,160000.0,call,47.0,0.00349468,0.0032,0.0038,83948.49,1034.7
1791513507,btc,1792742400000,96000.0,call,37.36,0.00049472,0.0004,0.0006,82142.39,8.7
1791513507,btc,1793347200000,50000.0,call,73.32,0.39222827,0.3905,0.394,82260.66,1.1
1791513507,btc,1791705600000,83500.0,put,28.81,0.02138645,0.02,0.022,81966.86,24.9
1791513507,btc,1798185600000,66000.0,put,43.08,0.01096448,0.0105,0.0115,82883.12,399.8
1791513507,btc,1793347200000,96000.0,call,35.57,0.00131594,0.0013,0.0014,82260.66,1851.1
1791513507,btc,1792137600000,84000.0,put,33.2,0.03308049,0.032,0.034,82053.39,255.0
1791513507,btc,1792742400000,80000.0,put,33.66,0.01518628,0.0145,0.0155,82147.14,782.2
1791513507,btc,1806048000000,92000.0,put,37.76,0.16164923,0.1605,0.162,83948.49,20.9
1791513507,btc,1791532800000,86500.0,call,57.9,2.8e-07,,0.0001,81942.11,103.3
1791513507,btc,1798185600000,190000.0,put,61.68,1.29277097,1.2825,1.3015,82883.12,0.0
1791513507,btc,1795766400000,64000.0,put,48.06,0.00515709,0.0048,0.0055,82571.02,57.3
1791513507,btc,1798185600000,35000.0,call,80.55,0.57849089,0.5775,0.5795,82883.12,87.9
1791513507,btc,1798185600000,160000.0,put,54.45,0.93104092,0.925,0.938,82883.12,0.1
1791513507,btc,1795766400000,89000.0,put,36.81,0.10329525,0.1015,0.106,82571.02,48.6
1791513507,btc,1798185600000,120000.0,call,43.35,0.00295702,0.0028,0.0031,82883.12,5960.9
1791513507,btc,1791705600000,90000.0,put,46.01,0.09814928,0.0955,0.101,81966.86,0.0
1791513507,btc,1806048000000,72000.0,put,39.14,0.04284908,0.0425,0.0435,83942.54,599.8
1791513507,btc,1791792000000,73000.0,call,56.1,0.1097548,0.108,0.1125,81989.66,0.0
1791513507,btc,1821772800000,65000.0,call,41.08,0.29522063,0.2935,0.2975,86216.49,2.1
1791513507,btc,1798185600000,150000.0,call,51.86,0.00066501,0.0005,0.0009,82883.12,1771.8
1791513507,btc,1821772800000,88000.0,put,38.93,0.16339834,0.1615,0.165,86221.41,1.3
1791513507,btc,1791619200000,76000.0,call,60.57,0.07283794,0.071,0.0755,81958.55,0.0
1791513507,btc,1793347200000,58000.0,put,60.3,0.00032862,0.0002,0.0004,82260.66,355.6
1791513507,btc,1813910400000,190000.0,call,47.62,0.00499007,0.0045,0.0055,85102.66,67.0
1791513507,btc,1806048000000,58000.0,put,44.82,0.01365912,0.0135,0.014,83948.49,150.0
1791513507,btc,1791792000000,87000.0,put,33.89,0.06163552,0.059,0.064,81984.44,0.0
1791513507,btc,1791705600000,89000.0,call,42.31,6.997e-05,,0.0001,81971.61,24.9
1791513507,btc,1792137600000,88000.0,call,35.82,0.00195686,0.0018,0.002,82059.61,244.3
1791513507,btc,1795766400000,96000.0,call,37.84,0.01058546,0.01,0.011,82577.31,363.5
1791513507,btc,1813910400000,100000.0,call,38.4,0.06907023,0.068,0.07,85102.66,204.3
1791513507,btc,1795766400000,72000.0,put,40.11,0.01304722,0.0125,0.0135,82577.31,100.9
1791513507,btc,1798185600000,66000.0,call,43.08,0.21460188,0.212,0.217,82883.12,267.2
1791513507,btc,1792742400000,105000.0,call,43.94,6.717e-05,,0.0001,82147.14,58.6
1791513507,btc,1798185600000,102000.0,call,38.89,0.01202718,0.0115,0.0125,82883.12,544.8
1791513507,btc,1792742400000,70000.0,put,48.13,0.00167255,0.0015,0.0017,82142.39,98.3
1791513507,btc,1806048000000,104000.0,call,38.43,0.03343057,0.033,0.034,83948.49,136.7
1791513507,btc,1792742400000,95000.0,call,36.7,0.00064604,0.0005,0.0008,82147.14,22.2
1791513507,btc,1795766400000,66000.0,put,45.55,0.00624871,0.006,0.0065,82571.02,201.6
1791513507,btc,1791705600000,87000.0,put,38.09,0.06174707,0.059,0.064,81966.86,0.0
1791513507,btc,1793347200000,84000.0,call,32.76,0.02234986,0.022,0.0225,82260.66,1390.0
1791513507,btc,1798185600000,170000.0,call,57.71,0.00039155,0.0003,0.0005,82877.17,2018.6
1791513507,btc,1795766400000,112000.0,put,42.82,0.35823377,0.3545,0.3625,82571.02,0.0
1791513507,btc,1793347200000,85000.0,put,32.78,0.05146409,0.05,0.052,82260.66,890.2
1791513507,btc,1806048000000,130000.0,put,41.72,0.5580295,0.5525,0.564,83948.49,0.5
1791513507,btc,1795766400000,58000.0,put,54.85,0.00269682,0.0025,0.0029,82577.31,300.0
1791513507,btc,1791705600000,79500.0,put,33.51,0.00155127,0.0014,0.0016,81966.86,5.4
1791513507,btc,1806048000000,80000.0,put,37.91,0.0782688,0.0775,0.0785,83948.49,423.2
1791513507,btc,1791619200000,86000.0,put,43.92,0.04966317,0.0465,0.052,81958.55,0.0
1791513507,btc,1795766400000,86000.0,put,36.52,0.07782276,0.0775,0.0785,82571.02,317.4
1791513507,btc,1793347200000,52000.0,call,70.89,0.36796622,0.3665,0.3695,82260.66,0.1
1791513507,btc,1791792000000,84500.0,call,30.53,0.00217682,0.002,0.0023,81989.66,106.1
1791513507,btc,1806048000000,40000.0,call,57.84,0.52650345,0.5255,0.528,83948.49,82.1
1791513507,btc,1821772800000,125000.0,put,40.24,0.49348038,0.488,0.5035,86221.41,0.0
1791513507,btc,1813910400000,64000.0,call,41.5,0.28312655,0.2815,0.2845,85108.85,33.5
1791513507,btc,1821772800000,180000.0,put,44.96,1.10017796,1.085,1.1145,86221.41,0.1
1791513507,btc,1806048000000,85000.0,put,37.76,0.10909595,0.108,0.1095,83948.49,61.1
1791513507,btc,1813910400000,180000.0,put,46.47,1.12120425,1.1115,1.132,85108.85,0.0
1791513507,btc,1791792000000,85000.0,put,31.14,0.03839383,0.0355,0.0405,81984.44,0.0
1791513507,btc,1813910400000,65000.0,put,41.19,0.03770049,0.037,0.0385,85102.66,38.2
1791513507,btc,1806048000000,55000.0,call,46.87,0.3556902,0.353,0.3575,83948.49,29.5
1791513507,btc,1806048000000,62000.0,call,42.75,0.28032999,0.2775,0.2825,83948.49,51.3
1791513507,btc,1793347200000,75000.0,put,38.08,0.00722372,0.007,0.0075,82260.66,1952.3
1791513507,btc,1813910400000,150000.0,put,42.99,0.77467876,0.7685,0.782,85102.66,1.1
1791513507,btc,1793347200000,92000.0,call,34.52,0.00363681,0.0035,0.0037,82260.66,2261.5
1791513507,btc,1813910400000,52000.0,call,46.19,0.40364846,0.4015,0.4055,85108.85,1.1
1791513507,btc,1813910400000,125000.0,put,40.21,0.49495326,0.4905,0.5015,85108.85,0.0
1791513507,btc,1791792000000,81000.0,put,29.48,0.00603078,0.0055,0.0065,81984.44,33.4
1791513507,btc,1791705600000,79000.0,call,35.41,0.03727251,0.0345,0.0405,81966.86,0.0
1791513507,btc,1806048000000,112000.0,call,39.3,0.0218237,0.0215,0.0225,83948.49,99.3
1791513507,btc,1791619200000,79500.0,put,40.52,0.00106189,0.0009,0.0012,81964.79,5.5
1791513507,btc,1793347200000,84000.0,put,32.76,0.04357319,0.0425,0.044,82254.71,743.5
1791513507,btc,1806048000000,82000.0,call,37.79,0.11285525,0.1125,0.1135,83948.49,1262.0
1791513507,btc,1793347200000,67000.0,call,49.52,0.18733643,0.186,0.19,82260.66,108.4
1791513507,btc,1793347200000,89000.0,put,33.51,0.08934327,0.0865,0.0925,82260.66,22.8
1791513507,btc,1791532800000,87000.0,put,57.9,0.06172871,0.0605,0.0635,81948.06,143.5
1791513507,btc,1791532800000,68000.0,call,108.82,0.17014312,0.1685,0.172,81948.06,1.9
1791513507,btc,1791792000000,72000.0,put,58.42,0.0001557,0.0001,0.0002,81984.44,0.1
1791513507,btc,1813910400000,88000.0,call,38.33,0.11412924,0.113,0.115,85102.66,57.9
1791513507,btc,1798185600000,74000.0,put,38.64,0.02659106,0.026,0.027,82877.17,193.9
1791513507,btc,1813910400000,45000.0,call,49.85,0.47968,0.4785,0.482,85102.66,15.4
1791513507,btc,1791705600000,91000.0,call,46.02,1.961e-05,,0.0001,81966.86,2.4
1791513507,btc,1791619200000,93000.0,call,55.09,2.8e-07,,0.0001,81958.55,10.0
1791513507,btc,1793347200000,65000.0,call,51.95,0.2110643,0.2095,0.2135,82260.66,407.9
1791513507,btc,1791792000000,81500.0,call,29.24,0.01409027,0.0135,0.0145,81989.66,28.7
1791513507,btc,1792137600000,87000.0,call,34.58,0.0027826,0.0027,0.0028,82053.39,490.4
1791513507,btc,1791532800000,76000.0,call,73.49,0.07251296,0.071,0.0735,81948.06,50.1
1791513507,btc,1791532800000,83500.0,call,42.25,0.00015013,0.0001,0.0002,81942.11,86.7
1791513507,btc,1798185600000,76000.0,call,38.07,0.11634929,0.1155,0.1175,82883.12,479.9
1791513507,btc,1791792000000,83000.0,call,29.36,0.00593947,0.0055,0.0065,81989.66,84.1
1791513507,btc,1813910400000,86000.0,put,38.41,0.13462088,0.133,0.136,85108.85,2.0
1791513507,btc,1792742400000,76000.0,call,37.68,0.0801724,0.0785,0.0825,82142.39,0.0
1791513507,btc,1813910400000,92000.0,put,38.27,0.17769339,0.176,0.1795,85108.85,0.3
1791513507,btc,1792742400000,105000.0,put,43.94,0.27845094,0.275,0.281,82142.39,0.0
1791513507,btc,1795766400000,70000.0,put,41.67,0.01005028,0.0095,0.0105,82571.02,242.5
1791513507,btc,1791619200000,96000.0,call,55.93,0.0,,0.0001,81964.79,30.1
1791513507,btc,1795766400000,76000.0,call,37.9,0.10223295,0.1015,0.103,82571.02,27.5
1791513507,btc,1821772800000,115000.0,put,39.53,0.39257986,0.388,0.4015,86221.41,0.0
1791513507,btc,1821772800000,220000.0,call,48.43,0.00673012,0.006,0.0075,86216.49,42.0
1791513507,btc,1798185600000,88000.0,call,37.03,0.04333659,0.043,0.0435,82883.12,4547.2
1791513507,btc,1793347200000,72000.0,call,42.45,0.12901593,0.127,0.1315,82260.66,645.1
1791513507,btc,1791619200000,92000.0,put,55.09,0.12258489,0.12,0.1255,81958.55,0.0
1791513507,btc,1813910400000,56000.0,put,44.31,0.01971991,0.019,0.0205,85108.85,85.6
1791513507,btc,1806048000000,105000.0,put,38.54,0.28261968,0.279,0.2875,83948.49,2.4
1791513507,btc,1792742400000,90000.0,put,34.26,0.0986389,0.0955,0.101,82142.39,0.3
1791513507,btc,1793347200000,63000.0,call,54.85,0.23502123,0.233,0.237,82254.71,148.3
1791513507,btc,1793347200000,73000.0,put,41.15,0.00520807,0.0049,0.0055,82260.66,2131.4
1791513507,btc,1793347200000,93000.0,put,34.72,0.1334534,0.1305,0.1355,82260.66,2.2
1791513507,btc,1791619200000,77000.0,call,55.56,0.06075822,0.059,0.063,81958.55,0.0
1791513507,btc,1793347200000,56000.0,put,62.33,0.00020687,0.0001,0.0003,82260.66,492.2
1791513507,btc,1821772800000,130000.0,put,40.61,0.54569478,0.5395,0.555,86221.41,4.0
1791513507,btc,1793347200000,115000.0,call,49.16,9.725e-05,,0.0001,82260.66,378.3
1791513507,btc,1795766400000,69000.0,call,42.69,0.17332099,0.1705,0.1755,82571.02,0.0
1791513507,btc,1798185600000,85000.0,call,37.06,0.05673781,0.056,0.057,82877.17,3488.2
1791513507,btc,1791792000000,79000.0,put,33.74,0.00186567,0.0017,0.0019,81984.44,8.9
1791513507,btc,1798185600000,98000.0,put,38.07,0.19964311,0.1965,0.2035,82883.12,4.3
1791513507,btc,1792137600000,100000.0,call,47.41,3.161e-05,,0.0001,82053.39,353.2
1791513507,btc,1798185600000,78000.0,call,37.64,0.10042606,0.0995,0.1015,82883.12,1086.7
1791513507,btc,1792137600000,90000.0,call,37.67,0.00090818,0.0008,0.001,82059.61,1009.0
1791513507,btc,1795766400000,115000.0,call,43.92,0.00139409,0.0013,0.0015,82571.02,65.4
1791513507,btc,1791532800000,77000.0,put,63.79,1.4e-07,,0.0001,81942.11,278.2
1791513507,btc,1791705600000,92000.0,call,46.02,6.62e-06,,0.0001,81966.86,0.0
1791513507,btc,1791705600000,81500.0,call,28.8,0.01202803,0.0115,0.013,81966.86,14.8
1791513507,btc,1806048000000,75000.0,put,38.46,0.05404735,0.0535,0.0545,83948.49,51.3
1791513507,eth,1798185600000,2400.0,put,50.08,0.071043,0.0705,0.0715,2501.19,9845.0
1791513507,eth,1791619200000,2750.0,call,71.97,9.1e-05,,0.0001,2479.34,14.0
1791513507,eth,1793347200000,3200.0,put,55.59,0.290147,0.2855,0.294,2483.8,35.0
1791513507,eth,1793347200000,1400.0,put,89.36,0.000194,0.0001,0.0003,2483.8,4904.0
1791513507,eth,1791619200000,2880.0,call,85.91,2e-05,,0.0001,2479.19,0.0
1791513507,eth,1791619200000,2840.0,call,85.89,5.1e-05,,0.0001,2479.19,2.0
1791513507,eth,1792137600000,2800.0,put,50.75,0.130394,0.127,0.1345,2480.29,259.0
1791513507,eth,1795766400000,3100.0,put,51.58,0.257385,0.2515,0.262,2491.33,19.0
1791513507,eth,1821772800000,2300.0,put,54.21,0.146244,0.1445,0.148,2591.5,26.0
1791513507,eth,1813910400000,2900.0,put,52.92,0.261527,0.259,0.263,2560.78,471.0
1791513507,eth,1793347200000,2150.0,call,53.21,0.142134,0.1395,0.144,2483.65,988.0
1791513507,eth,1813910400000,4800.0,put,56.71,0.902736,0.8895,0.9165,2560.93,0.0
1791513507,eth,1821772800000,2600.0,call,53.91,0.206924,0.205,0.209,2591.5,3.0
1791513507,eth,1792742400000,2450.0,put,43.93,0.028308,0.0275,0.0285,2482.11,112.0
1791513507,eth,1806048000000,4200.0,put,55.88,0.680947,0.6675,0.6925,2529.48,7.0
1791513507,eth,1792742400000,2550.0,put,43.05,0.049788,0.0485,0.0505,2482.11,1873.0
1791513507,eth,1791532800000,2650.0,put,81.91,0.069116,0.066,0.072,2479.03,2074.0
1791513507,eth,1821772800000,1900.0,call,55.41,0.347251,0.3395,0.3545,2591.5,0.0
1791513507,eth,1806048000000,1000.0,put,75.09,0.004243,0.0039,0.0046,2529.48,6116.0
1791513507,eth,1813910400000,3500.0,put,53.63,0.442275,0.435,0.4515,2560.93,678.0
1791513507,eth,1791619200000,2920.0,put,85.91,0.177849,0.1745,0.181,2479.19,0.0
1791513507,eth,1793347200000,1750.0,call,73.26,0.296709,0.295,0.2985,2483.65,102.0
1791513507,eth,1791619200000,2380.0,put,53.32,0.001315,0.0012,0.0015,2479.19,91.0
1791513507,eth,1791619200000,2680.0,put,58.91,0.081169,0.078,0.084,2479.19,1.0
1791513507,eth,1791532800000,2620.0,call,74.51,7e-06,,0.0001,2478.89,1945.0
1791513507,eth,1813910400000,3400.0,call,53.45,0.082302,0.081,0.0835,2560.93,646.0
1791513507,eth,1821772800000,3900.0,put,54.73,0.587708,0.5735,0.601,2591.5,0.0
1791513507,eth,1791792000000,2280.0,put,56.05,0.001195,0.0011,0.0013,2479.84,97.0
1791513507,eth,1806048000000,2800.0,put,51.86,0.206808,0.206,0.2075,2529.48,481.0
1791513507,eth,1798185600000,2400.0,call,50.08,0.111496,0.1105,0.1125,2501.33,12761.0
1791513507,eth,1791532800000,2580.0,put,71.44,0.040945,0.0375,0.0435,2479.03,309.0
1791513507,eth,1791619200000,3000.0,call,85.91,1e-06,,0.0001,2479.34,4.0
1791513507,eth,1795766400000,2300.0,call,50.21,0.115492,0.114,0.117,2491.33,76.0
1791513507,eth,1806048000000,2900.0,call,51.93,0.0879,0.087,0.0885,2529.34,2843.0
1791513507,eth,1813910400000,2200.0,put,53.66,0.104939,0.1035,0.106,2560.93,378.0
1791513507,eth,1791619200000,2340.0,call,60.9,0.056841,0.0535,0.06,2479.34,0.0
1791513507,eth,1792742400000,2700.0,call,44.38,0.008187,0.0075,0.0085,2482.11,2130.0
1791513507,eth,1798185600000,8000.0,put,83.69,2.198731,2.182,2.216,2501.33,73.0
1791513507,eth,1793347200000,2500.0,call,44.82,0.040028,0.0395,0.0405,2483.65,6326.0
1791513507,eth,1821772800000,3600.0,put,54.34,0.490121,0.478,0.504,2591.5,0.0
1791513507,eth,1795766400000,2400.0,call,49.19,0.090439,0.0895,0.0915,2491.33,465.0
1791513507,eth,1795766400000,3500.0,put,56.38,0.410125,0.403,0.417,2491.33,6.0
1791513507,eth,1792742400000,3000.0,call,53.58,0.001691,0.0016,0.0018,2481.97,692.0
1791513507,eth,1791619200000,2950.0,put,85.91,0.189946,0.1865,0.1935,2479.34,0.0
1791513507,eth,1806048000000,3300.0,put,52.69,0.35848,0.3505,0.3655,2529.48,139.0
1791513507,eth,1791792000000,2500.0,call,36.24,0.009902,0.0095,0.01,2479.84,384.0
1791513507,eth,1791705600000,2280.0,put,58.93,0.000594,0.0005,0.0007,2479.55,0.0
1791513507,eth,1798185600000,1400.0,call,71.3,0.444009,0.4415,0.4465,2501.33,1387.0
1791513507,eth,1806048000000,2600.0,put,51.88,0.156186,0.1555,0.157,2529.48,1403.0
1791513507,eth,1806048000000,2800.0,call,51.86,0.099713,0.099,0.1005,2529.48,7777.0
1791513507,eth,1792742400000,3100.0,call,56.86,0.001119,0.001,0.0012,2482.11,3514.0
1791513507,eth,1791792000000,2620.0,call,41.09,0.00137,0.0012,0.0015,2479.84,431.0
1791513507,eth,1821772800000,1500.0,put,58.76,0.039093,0.038,0.0405,2591.35,896.0
1791513507,eth,1792137600000,2700.0,put,45.78,0.091618,0.0885,0.095,2480.29,1908.0
1791513507,eth,1792742400000,2400.0,call,45.0,0.053809,0.0525,0.0545,2482.11,6.0
1791513507,eth,1795766400000,2000.0,call,55.97,0.210557,0.2075,0.2125,2491.33,9.0
1791513507,eth,1791705600000,2380.0,put,44.22,0.001954,0.0018,0.0021,2479.55,111.0
1791513507,eth,1798185600000,1800.0,call,58.5,0.292493,0.29,0.2945,2501.33,2431.0
1791513507,eth,1792137600000,2550.0,call,42.31,0.012558,0.012,0.013,2480.29,646.0
1791513507,eth,1791705600000,2320.0,put,52.89,0.000907,0.0009,0.001,2479.4,1.0
1791513507,eth,1791705600000,3000.0,put,88.43,0.210036,0.2065,0.2135,2479.4,0.0
1791513507,eth,1793347200000,2250.0,put,49.55,0.013019,0.0125,0.0135,2483.65,3740.0
1791513507,eth,1806048000000,4800.0,put,58.34,0.909867,0.894,0.9225,2529.48,40.0
1791513507,eth,1793347200000,2900.0,call,48.42,0.005413,0.005,0.0055,2483.65,4917.0
1791513507,eth,1795766400000,3800.0,call,59.91,0.002844,0.0026,0.0031,2491.33,1616.0
1791513507,eth,1791532800000,2800.0,call,82.12,0.0,,0.0001,2478.89,7919.0
1791513507,eth,1813910400000,4400.0,put,55.7,0.755498,0.743,0.7675,2560.93,1.0
1791513507,eth,1821772800000,4400.0,put,55.52,0.758667,0.743,0.7715,2591.5,0.0
1791513507,eth,1791619200000,2620.0,call,49.46,0.000301,0.0002,0.0004,2479.34,349.0
1791513507,eth,1798185600000,1500.0,put,67.9,0.0051,0.0047,0.0055,2501.33,16758.0
1791513507,eth,1806048000000,4200.0,call,55.88,0.020304,0.0195,0.021,2529.48,2913.0
1791513507,eth,1793347200000,1000.0,call,124.57,0.597432,0.5965,0.599,2483.8,0.0
1791513507,eth,1791532800000,2620.0,put,74.51,0.057017,0.054,0.06,2479.03,252.0
1791513507,eth,1813910400000,3100.0,put,53.02,0.317927,0.314,0.326,2560.78,210.0
1791513507,eth,1791792000000,2100.0,call,78.51,0.153338,0.1515,0.155,2479.69,0.0
1791513507,eth,1791532800000,2100.0,put,145.9,0.0,,0.0001,2479.03,2308.0
1791513507,eth,1791532800000,2200.0,put,111.83,0.0,,0.0001,2478.89,6497.0
1791513507,eth,1795766400000,2700.0,call,48.72,0.039722,0.039,0.0405,2491.49,3293.0
1791513507,eth,1792137600000,2650.0,call,43.85,0.004601,0.0044,0.0047,2480.29,1648.0
1791513507,eth,1792137600000,2400.0,put,45.42,0.012169,0.0115,0.0125,2480.29,4720.0
1791513507,eth,1821772800000,2200.0,put,54.39,0.127549,0.126,0.129,2591.5,246.0
1791513507,eth,1813910400000,2100.0,put,54.05,0.088952,0.0875,0.09,2560.93,852.0
1791513507,eth,1798185600000,1000.0,call,86.9,0.601116,0.5995,0.603,2501.33,77.0
1791513507,eth,1798185600000,2800.0,put,49.86,0.167907,0.1665,0.169,2501.33,3542.0
1791513507,eth,1791705600000,2460.0,put,36.78,0.007919,0.0075,0.008,2479.55,34.0
1791513507,eth,1793347200000,1800.0,put,70.75,0.001655,0.0015,0.0017,2483.65,3950.0
1791513507,eth,1795766400000,3100.0,call,51.58,0.01297,0.0125,0.0135,2491.33,2082.0
1791513507,eth,1791619200000,2500.0,put,39.29,0.013939,0.013,0.0145,2479.34,2084.0
1791513507,eth,1821772800000,3300.0,put,54.05,0.397701,0.3855,0.41,2591.35,0.0
1791513507,eth,1798185600000,4400.0,put,62.07,0.762548,0.754,0.7715,2501.19,20.0
1791513507,eth,1791792000000,2800.0,put,58.98,0.129558,0.126,0.133,2479.84,0.0
1791513507,eth,1821772800000,4300.0,call,55.35,0.064397,0.063,0.066,2591.35,11.0
1791513507,eth,1791792000000,2200.0,put,66.12,0.000607,0.0005,0.0007,2479.69,180.0
1791513507,eth,1798185600000,7000.0,put,80.53,1.799179,1.785,1.814,2501.33,0.0
1791513507,eth,1792742400000,2650.0,put,43.63,0.079158,0.078,0.08,2482.11,2796.0
1791513507,eth,1813910400000,4000.0,call,54.57,0.049877,0.049,0.05,2560.78,4626.0
1791513507,eth,1791792000000,2560.0,call,37.34,0.003512,0.0033,0.0037,2479.84,311.0
1791513507,eth,1791619200000,2780.0,put,78.07,0.121456,0.118,0.1245,2479.34,1.0
1791513507,eth,1792137600000,2500.0,call,42.71,0.020258,0.0195,0.0205,2480.14,670.0
1791513507,eth,1806048000000,1800.0,call,56.65,0.321449,0.3175,0.3235,2529.48,3251.0
1791513507,eth,1791619200000,2740.0,call,70.58,0.000101,,0.0001,2479.34,806.0
1791513507,eth,1791619200000,2750.0,put,71.97,0.10936,0.106,0.1125,2479.19,0.0
1791513507,eth,1792137600000,3100.0,call,67.17,0.000323,0.0002,0.0004,2480.14,1284.0
1791513507,eth,1813910400000,1900.0,call,55.17,0.320176,0.3165,0.3235,2560.93,373.0
1791513507,eth,1791619200000,2720.0,call,67.84,0.000126,,0.0001,2479.34,387.0
1791513507,eth,1791792000000,2650.0,put,43.52,0.069691,0.0665,0.0725,2479.84,0.0
1791513507,eth,1806048000000,2000.0,put,54.46,0.051886,0.051,0.0525,2529.48,2672.0
1791513507,eth,1813910400000,3900.0,call,54.41,0.054167,0.053,0.055,2560.93,451.0
1791513507,eth,1792137600000,2000.0,put,77.55,0.000895,0.0008,0.001,2480.14,2130.0
1791513507,eth,1795766400000,2150.0,call,52.55,0.159863,0.157,0.1615,2491.33,6.0
1791513507,eth,1791532800000,3000.0,call,82.13,0.0,,0.0001,2478.89,6071.0
1791513507,eth,1791532800000,2480.0,call,33.68,0.003069,0.0027,0.0034,2479.03,99.0
1791513507,eth,1791619200000,2900.0,call,85.91,1.2e-05,,0.0001,2479.19,33.0
1791513507,eth,1795766400000,3400.0,call,54.93,0.00625,0.006,0.0065,2491.33,1042.0
1791513507,eth,1791619200000,2200.0,put,87.31,0.000145,,0.0002,2479.19,73.0
1791513507,eth,1791792000000,2580.0,call,38.3,0.0025,0.0023,0.0027,2479.84,1015.0
1791513507,eth,1791705600000,2200.0,call,69.6,0.112938,0.111,0.1145,2479.55,0.0
1791513507,eth,1795766400000,3000.0,call,50.56,0.016893,0.0165,0.0175,2491.33,18662.0
1791513507,eth,1791619200000,2580.0,call,43.58,0.000626,0.0005,0.0007,2479.34,335.0
1791513507,eth,1791619200000,2300.0,call,68.42,0.072677,0.07,0.0755,2479.19,4.0
1791513507,eth,1813910400000,6000.0,call,59.89,0.014236,0.0135,0.015,2560.93,2665.0
1791513507,eth,1791532800000,2600.0,call,74.38,2.8e-05,,0.0001,2478.89,2654.0
1791513507,eth,1806048000000,4500.0,put,57.14,0.794726,0.78,0.806,2529.48,0.0
1791513507,eth,1791705600000,2580.0,call,37.58,0.001208,0.001,0.0013,2479.4,320.0
1791513507,eth,1795766400000,4200.0,put,64.64,0.687477,0.6795,0.696,2491.33,0.0
1791513507,eth,1795766400000,1600.0,put,69.52,0.00342,0.0032,0.0036,2491.33,438.0
1791513507,eth,1795766400000,2300.0,put,50.21,0.038768,0.038,0.039,2491.33,1342.0
1791513507,eth,1806048000000,3000.0,put,52.06,0.263719,0.261,0.266,2529.48,405.0
1791513507,eth,1792137600000,2750.0,call,48.01,0.001946,0.0018,0.0021,2480.29,2278.0
1791513507,eth,1791792000000,2100.0,put,78.51,0.000286,0.0002,0.0004,2479.69,160.0
1791513507,eth,1813910400000,3900.0,put,54.41,0.577141,0.567,0.5895,2560.78,50.0
1791513507,eth,1798185600000,5200.0,put,68.25,1.080515,1.071,1.0925,2501.19,0.0
1791513507,eth,1798185600000,4800.0,call,65.3,0.002192,0.002,0.0024,2501.33,3493.0
1791513507,eth,1795766400000,4800.0,call,71.7,0.000748,0.0005,0.0009,2491.33,367.0
1791513507,eth,1813910400000,4400.0,call,55.7,0.037272,0.036,0.038,2560.78,173.0
1791513507,eth,1813910400000,2000.0,put,54.53,0.074652,0.0735,0.0755,2560.93,1839.0
1791513507,eth,1798185600000,2700.0,put,49.67,0.139529,0.1385,0.14,2501.33,4476.0
1791513507,eth,1795766400000,2650.0,put,48.6,0.109608,0.108,0.1105,2491.33,795.0
1791513507,eth,1791705600000,2440.0,put,37.99,0.00546,0.005,0.006,2479.55,260.0
1791513507,eth,1791619200000,2520.0,call,39.37,0.003187,0.0029,0.0033,2479.34,77.0
1791513507,eth,1821772800000,4600.0,call,55.89,0.05407,0.0525,0.0555,2591.35,20.0
1791513507,eth,1798185600000,7000.0,call,80.53,0.0005,0.0004,0.0007,2501.33,3956.0
1791513507,eth,1791705600000,2400.0,call,41.75,0.034701,0.0325,0.0365,2479.55,0.0
1791513507,eth,1791792000000,2740.0,put,53.35,0.105522,0.102,0.1085,2479.69,0.0
1791513507,eth,1791619200000,2540.0,put,39.89,0.026329,0.0245,0.029,2479.19,610.0
1791513507,eth,1798185600000,1800.0,put,58.5,0.012153,0.0115,0.0125,2501.33,6174.0
1791513507,eth,1795766400000,3600.0,call,57.47,0.004141,0.0039,0.0044,2491.33,7190.0
1791513507,eth,1813910400000,1400.0,put,61.23,0.022249,0.0215,0.023,2560.93,1804.0
1791513507,eth,1792742400000,2450.0,call,43.93,0.041185,0.0405,0.0415,2482.11,181.0
1791513507,eth,1813910400000,1600.0,call,58.19,0.409434,0.4055,0.4125,2560.78,358.0
1791513507,eth,1795766400000,2950.0,call,50.15,0.019424,0.019,0.02,2491.33,1011.0
1791513507,eth,1795766400000,2750.0,call,48.9,0.034388,0.034,0.035,2491.33,3391.0
1791513507,eth,1798185600000,5000.0,call,66.76,0.001791,0.0016,0.002,2501.19,4259.0
1791513507,eth,1806048000000,3900.0,call,54.73,0.027451,0.027,0.028,2529.48,42.0
1791513507,eth,1806048000000,2900.0,put,51.93,0.234535,0.2335,0.2355,2529.34,299.0
1791513507,eth,1813910400000,4500.0,call,55.96,0.034751,0.0335,0.0355,2560.93,2911.0
1791513507,eth,1791532800000,3400.0,call,84.41,0.0,,0.0001,2478.89,5051.0
1791513507,eth,1792742400000,3200.0,put,59.99,0.290069,0.2855,0.295,2482.11,0.0
1791513507,eth,1795766400000,2900.0,call,49.72,0.022309,0.022,0.023,2491.49,3928.0
1791513507,eth,1806048000000,4400.0,put,56.74,0.756643,0.7425,0.7675,2529.48,2.0
1791513507,eth,1793347200000,1600.0,put,81.47,0.000688,0.0006,0.0007,2483.65,3678.0
1791513507,eth,1791705600000,2100.0,call,83.88,0.153129,0.151,0.155,2479.55,0.0
1791513507,eth,1813910400000,4200.0,call,55.16,0.043064,0.042,0.044,2560.93,574.0
1791513507,eth,1795766400000,4800.0,put,71.7,0.927584,0.9185,0.9365,2491.33,0.0
1791513507,eth,1791792000000,2350.0,put,46.79,0.002304,0.0021,0.0024,2479.84,54.0
1791513507,eth,1821772800000,3200.0,call,53.99,0.133394,0.1315,0.135,2591.5,2507.0
1791513507,eth,1795766400000,2500.0,put,48.67,0.073126,0.0725,0.0735,2491.33,2408.0
1791513507,eth,1791619200000,2800.0,put,82.26,0.129523,0.126,0.1325,2479.34,0.0
1791513507,eth,1806048000000,1000.0,call,75.09,0.608852,0.606,0.612,2529.48,269.0
1791513507,eth,1813910400000,3300.0,call,53.29,0.089822,0.0885,0.091,2560.93,2273.0
1791513507,eth,1795766400000,4000.0,call,62.35,0.002038,0.0018,0.0023,2491.33,2049.0
1791513507,eth,1791792000000,2650.0,call,43.52,0.000923,0.0008,0.001,2479.84,0.0
1791513507,eth,1813910400000,1500.0,call,59.64,0.441983,0.438,0.4455,2560.78,51.0
1791513507,eth,1798185600000,6500.0,put,77.44,1.599412,1.587,1.6125,2501.33,0.0
1791513507,eth,1792137600000,2200.0,call,59.74,0.115664,0.1135,0.117,2480.14,0.0
1791513507,eth,1791619200000,2450.0,call,42.61,0.016755,0.016,0.0175,2479.19,224.0
1791513507,eth,1806048000000,3600.0,call,53.63,0.037932,0.0375,0.0385,2529.48,2028.0
1791513507,eth,1791619200000,2640.0,put,51.44,0.065091,0.062,0.068,2479.19,1.0
1791513507,eth,1791705600000,2500.0,call,35.44,0.007418,0.007,0.008,2479.55,470.0
1791513507,eth,1791619200000,2560.0,call,41.49,0.001028,0.0009,0.0011,2479.34,281.0
1791513507,eth,1791705600000,2340.0,put,50.08,0.001163,0.0011,0.0013,2479.55,27.0
1791513507,eth,1791792000000,2360.0,call,45.61,0.050777,0.0485,0.0525,2479.84,0.0
1791513507,eth,1806048000000,3400.0,put,52.99,0.392047,0.3825,0.4015,2529.48,13.0
1791513507,eth,1793347200000,1400.0,call,89.36,0.436508,0.435,0.4375,2483.8,50.0
1791513507,eth,1791532800000,2750.0,put,82.12,0.109457,0.106,0.1125,2478.89,1422.0
1791513507,eth,1798185600000,2600.0,call,49.62,0.07423,0.0735,0.075,2501.33,9483.0
1791513507,eth,1813910400000,2400.0,call,53.22,0.205009,0.2035,0.206,2560.93,944.0
1791513507,eth,1813910400000,5000.0,call,57.23,0.024883,0.024,0.0255,2560.93,5165.0
1791513507,eth,1813910400000,2500.0,put,53.05,0.16317,0.162,0.1645,2560.93,3298.0
1791513507,eth,1793347200000,1850.0,put,68.07,0.002045,0.0019,0.0021,2483.65,1379.0
1791513507,eth,1791792000000,2250.0,call,59.74,0.093464,0.0915,0.095,2479.69,0.0
1791513507,eth,1793347200000,3050.0,call,51.74,0.002874,0.0026,0.003,2483.8,1739.0
1791513507,eth,1791532800000,2600.0,put,74.38,0.048969,0.0465,0.0515,2478.89,2718.0
1791513507,eth,1791619200000,2680.0,call,58.91,0.000136,,0.0002,2479.34,92.0
1791513507,eth,1791532800000,2740.0,call,82.12,0.0,,0.0001,2479.03,588.0
1791513507,eth,1798185600000,4200.0,call,60.27,0.004263,0.004,0.0045,2501.33,6324.0
1791513507,eth,1791705600000,2620.0,put,40.95,0.057271,0.054,0.0605,2479.55,0.0
1791513507,eth,1792137600000,3200.0,put,72.95,0.290537,0.2865,0.294,2480.14,0.0
1791513507,eth,1791792000000,2640.0,put,42.67,0.065781,0.0625,0.069,2479.69,0.0
1791513507,eth,1791532800000,2640.0,call,78.38,3e-06,,0.0001,2478.89,1161.0
1791513507,eth,1806048000000,8000.0,put,69.72,2.165156,2.1375,2.189,2529.48,0.0
1791513507,eth,1813910400000,6500.0,put,61.17,1.549522,1.5305,1.5695,2560.93,0.0
1791513507,eth,1791792000000,2380.0,put,43.39,0.003302,0.003,0.0034,2479.84,4255.0
1791513507,eth,1792137600000,2600.0,call,42.68,0.007564,0.007,0.008,2480.29,1355.0
1791513507,eth,1793347200000,2550.0,call,44.69,0.031484,0.031,0.032,2483.65,2437.0
1791513507,eth,1791619200000,2440.0,put,43.49,0.004001,0.0038,0.0042,2479.19,100.0
1791513507,eth,1795766400000,2600.0,call,48.54,0.052793,0.052,0.0535,2491.33,1267.0
1791513507,eth,1806048000000,5000.0,put,59.19,0.98723,0.9715,0.999,2529.48,21.0
1791513507,eth,1791792000000,2400.0,call,41.38,0.036358,0.035,0.0375,2479.84,0.0
1791513507,eth,1791619200000,2820.0,call,84.51,6.9e-05,,0.0001,2479.19,506.0
1791513507,eth,1791792000000,2760.0,call,56.43,0.000449,0.0004,0.0005,2479.84,39.0
1791513507,eth,1793347200000,3200.0,call,55.59,0.001721,0.0016,0.0018,2483.65,15932.0
1791513507,eth,1791532800000,2560.0,call,60.29,8.2e-05,,0.0001,2478.89,485.0
1791513507,eth,1806048000000,800.0,call,81.92,0.685819,0.684,0.6885,2529.34,0.0
1791513507,eth,1806048000000,4400.0,call,56.74,0.016921,0.0165,0.0175,2529.48,1182.0
1791513507,eth,1798185600000,3000.0,put,50.63,0.231013,0.2245,0.237,2501.19,841.0
1791513507,eth,1813910400000,4100.0,call,54.93,0.046466,0.045,0.047,2560.93,20.0
1791513507,eth,1821772800000,5500.0,put,57.62,1.156411,1.135,1.1765,2591.35,0.0
1791513507,eth,1792742400000,3000.0,put,53.58,0.210413,0.206,0.2145,2482.11,0.0
1791513507,eth,1813910400000,1900.0,put,55.17,0.062138,0.061,0.063,2560.93,3368.0
1791513507,eth,1791705600000,2580.0,put,37.58,0.041782,0.0385,0.045,2479.55,180.0
1791513507,eth,1792137600000,3000.0,put,62.95,0.210197,0.2065,0.214,2480.14,10.0
1791513507,eth,1795766400000,3400.0,put,54.93,0.371093,0.365,0.3755,2491.33,3.0
1791513507,eth,1798185600000,4500.0,call,62.87,0.003004,0.0027,0.0033,2501.19,3349.0
1791513507,eth,1793347200000,1000.0,put,124.57,6.5e-05,,0.0001,2483.8,2771.0
1791513507,eth,1821772800000,1000.0,call,66.85,0.626819,0.6225,0.6315,2591.5,0.0
1791513507,eth,1813910400000,1400.0,call,61.23,0.47554,0.472,0.4785,2560.93,50.0
1791513507,eth,1806048000000,2300.0,call,52.58,0.185242,0.184,0.1865,2529.48,5130.0
1791513507,eth,1791792000000,2380.0,call,43.39,0.043427,0.0415,0.0455,2479.69,111.0
1791513507,eth,1806048000000,6000.0,call,63.46,0.005454,0.0049,0.006,2529.48,5632.0
1791513507,eth,1798185600000,3500.0,put,54.13,0.41133,0.404,0.418,2501.33,62.0
1791513507,eth,1821772800000,2400.0,call,54.07,0.240112,0.2375,0.2425,2591.5,28.0
1791513507,eth,1821772800000,2000.0,put,54.95,0.094575,0.093,0.096,2591.35,759.0
1791513507,eth,1791792000000,2760.0,put,56.43,0.113581,0.11,0.1165,2479.84,1.0
1791513507,eth,1821772800000,1600.0,call,57.64,0.429843,0.4225,0.436,2591.5,0.0
1791513507,eth,1791792000000,2750.0,put,54.85,0.109549,0.106,0.1125,2479.84,0.0
1791513507,eth,1793347200000,3400.0,put,60.91,0.36995,0.365,0.3755,2483.8,1.0
1791513507,eth,1806048000000,3500.0,put,53.3,0.426355,0.4235,0.436,2529.48,24.0
1791513507,eth,1791705600000,2420.0,call,39.69,0.027749,0.0265,0.0285,2479.55,1.0
1791513507,eth,1791792000000,2400.0,put,41.38,0.004299,0.004,0.0044,2479.69,420.0
1791513507,eth,1821772800000,2700.0,put,53.9,0.234178,0.23,0.2365,2591.35,481.0
1791513507,eth,1798185600000,5200.0,call,68.25,0.001496,0.0013,0.0017,2501.19,9570.0
1791513507,eth,1795766400000,4400.0,call,66.85,0.001129,0.0009,0.0013,2491.33,1173.0
1791513507,eth,1791532800000,2300.0,call,84.06,0.072091,0.0695,0.075,2478.89,72.0
1791513507,eth,1791532800000,2850.0,put,82.12,0.149801,0.1465,0.153,2479.03,74.0
1791513507,eth,1793347200000,2250.0,call,49.55,0.107094,0.104,0.109,2483.8,603.0
1791513507,eth,1821772800000,3800.0,call,54.61,0.08829,0.0865,0.09,2591.5,1012.0
1791513507,eth,1821772800000,3100.0,put,53.93,0.339632,0.3295,0.3515,2591.5,100.0
1791513507,eth,1793347200000,1900.0,put,65.49,0.002544,0.0023,0.0026,2483.65,1259.0
1791513507,eth,1793347200000,2900.0,put,48.42,0.173049,0.1695,0.1775,2483.8,145.0
1791513507,eth,1791532800000,2100.0,call,145.9,0.152778,0.1505,0.1555,2478.89,0.0
1791513507,eth,1821772800000,2400.0,put,54.07,0.166295,0.1645,0.168,2591.35,489.0
1791513507,eth,1791705600000,3000.0,call,88.43,6.6e-05,,0.0001,2479.55,17.0
1791513507,eth,1791619200000,3000.0,put,85.91,0.210112,0.2065,0.214,2479.34,0.0
1791513507,eth,1806048000000,900.0,call,78.36,0.647203,0.645,0.6495,2529.48,68.0
1791513507,eth,1798185600000,4600.0,put,63.74,0.84184,0.8325,0.8525,2501.33,0.0
1791513507,eth,1792742400000,3400.0,put,65.71,0.370266,0.366,0.3755,2482.11,0.0
1791513507,eth,1795766400000,1800.0,call,62.08,0.284126,0.2815,0.287,2491.33,0.0
1791513507,eth,1806048000000,900.0,put,78.36,0.003055,0.0027,0.0034,2529.34,919.0
1791513507,eth,1795766400000,3150.0,put,51.99,0.275797,0.271,0.2815,2491.33,18.0
1791513507,eth,1813910400000,2600.0,put,52.96,0.18569,0.1845,0.187,2560.93,404.0
1791513507,eth,1791705600000,2340.0,call,50.08,0.057387,0.0555,0.059,2479.55,0.0
1791513507,eth,1791792000000,2540.0,put,36.92,0.029465,0.028,0.03,2479.69,18.0
1791513507,eth,1791619200000,2400.0,put,49.79,0.001852,0.0017,0.002,2479.19,3467.0
1791513507,eth,1793347200000,3100.0,put,53.19,0.250604,0.246,0.2545,2483.8,0.0
1791513507,eth,1791792000000,2520.0,put,36.48,0.023469,0.0225,0.0245,2479.84,18.0
1791513507,eth,1793347200000,2300.0,put,48.08,0.016956,0.0165,0.017,2483.8,21596.0
1791513507,eth,1791705600000,2300.0,put,55.84,0.000725,0.0007,0.0008,2479.55,539.0
1791513507,eth,1793347200000,3600.0,put,65.7,0.450093,0.4455,0.456,2483.8,91.0
1791513507,eth,1791619200000,2760.0,call,73.73,8.6e-05,,0.0001,2479.19,353.0
1791513507,eth,1792137600000,3400.0,call,82.75,0.00014,,0.0002,2480.14,1782.0
1791513507,eth,1791705600000,2750.0,call,55.88,0.000135,,0.0002,2479.55,0.0
1791513507,eth,1791792000000,2350.0,call,46.79,0.054529,0.0525,0.0565,2479.84,10.0
1791513507,eth,1795766400000,2100.0,put,53.5,0.019104,0.0185,0.0195,2491.33,2430.0
1791513507,eth,1798185600000,3000.0,call,50.63,0.031579,0.031,0.032,2501.19,12381.0
1791513507,eth,1792742400000,2400.0,put,45.0,0.020787,0.02,0.021,2482.11,4285.0
1791513507,eth,1798185600000,4200.0,put,60.27,0.68347,0.674,0.6935,2501.33,62.0
1791513507,eth,1806048000000,2100.0,call,53.67,0.233744,0.229,0.2355,2529.34,854.0
1791513507,eth,1806048000000,1300.0,call,66.32,0.495754,0.4925,0.499,2529.48,36.0
1791513507,eth,1798185600000,2200.0,put,51.6,0.04116,0.0405,0.0415,2501.19,9698.0
1791513507,eth,1791792000000,2460.0,call,37.15,0.018156,0.0175,0.0185,2479.69,0.0
1791513507,eth,1821772800000,4200.0,put,55.18,0.68923,0.6745,0.704,2591.5,0.0
1791513507,eth,1795766400000,2900.0,put,49.72,0.186439,0.1815,0.1915,2491.33,848.0
1791513507,eth,1793347200000,2200.0,put,51.26,0.010036,0.0095,0.0105,2483.8,5339.0
1791513507,eth,1795766400000,2200.0,call,51.65,0.14425,0.141,0.146,2491.33,1.0
1791513507,eth,1791792000000,2440.0,put,38.31,0.007678,0.007,0.008,2479.84,698.0
1791513507,eth,1821772800000,3900.0,call,54.73,0.08266,0.081,0.084,2591.5,91.0
1791513507,eth,1792742400000,2800.0,call,46.91,0.004455,0.0042,0.0046,2482.11,543.0
1791513507,eth,1791619200000,2360.0,put,56.99,0.00096,0.0009,0.0011,2479.19,60.0
1791513507,eth,1798185600000,2100.0,call,52.77,0.19097,0.189,0.1925,2501.19,1562.0
1791513507,eth,1793347200000,2500.0,put,44.82,0.046611,0.046,0.047,2483.65,4744.0
1791513507,eth,1791705600000,2400.0,put,41.75,0.002677,0.0025,0.0028,2479.55,264.0
1791513507,eth,1791532800000,2580.0,call,71.44,7.3e-05,,0.0001,2478.89,1424.0
1791513507,eth,1791532800000,2440.0,call,42.51,0.015918,0.013,0.0185,2478.89,0.0
1791513507,eth,1791532800000,2660.0,put,82.12,0.073149,0.07,0.076,2478.89,1053.0
1791513507,eth,1791792000000,2800.0,call,58.98,0.000293,0.0002,0.0004,2479.69,512.0
1791513507,eth,1795766400000,1800.0,put,62.08,0.006689,0.006,0.007,2491.33,1419.0
1791513507,eth,1821772800000,3500.0,put,54.23,0.458668,0.447,0.472,2591.5,0.0
1791513507,eth,1806048000000,4800.0,call,58.34,0.011988,0.0115,0.0125,2529.48,3481.0
1791513507,eth,1795766400000,3150.0,call,51.99,0.01131,0.011,0.0115,2491.33,1182.0
1791513507,eth,1793347200000,2850.0,call,47.45,0.006835,0.0065,0.007,2483.65,2382.0
1791513507,eth,1791619200000,2920.0,call,85.91,7e-06,,0.0001,2479.34,0.0
1791513507,eth,1791619200000,2620.0,put,49.46,0.057132,0.054,0.06,2479.19,241.0
1791513507,eth,1798185600000,3300.0,call,52.39,0.017097,0.0165,0.0175,2501.33,5230.0
1791513507,eth,1791705600000,2650.0,put,44.22,0.069174,0.066,0.0725,2479.55,0.0
1791513507,eth,1791619200000,2640.0,call,51.44,0.000193,0.0001,0.0003,2479.34,222.0
1791513507,eth,1791619200000,2780.0,call,78.07,8.6e-05,,0.0001,2479.34,223.0
1791513507,eth,1792742400000,3100.0,put,56.86,0.250132,0.2455,0.2535,2482.11,0.0
1791513507,eth,1793347200000,2150.0,put,53.21,0.007795,0.0075,0.008,2483.65,4646.0
1791513507,eth,1795766400000,2500.0,call,48.67,0.069566,0.069,0.07,2491.33,2393.0
1791513507,eth,1791619200000,2360.0,call,56.99,0.049006,0.047,0.051,2479.19,0.0
1791513507,eth,1791792000000,2900.0,call,68.97,0.000181,0.0001,0.0003,2479.84,208.0
1791513507,eth,1798185600000,1200.0,call,79.01,0.52222,0.52,0.5235,2501.33,341.0
1791513507,eth,1795766400000,2450.0,put,48.91,0.063022,0.062,0.0635,2491.33,1507.0
1791513507,eth,1791792000000,2750.0,call,54.85,0.00045,0.0003,0.0005,2479.69,1.0
1791513507,eth,1798185600000,3500.0,call,54.13,0.011991,0.0115,0.0125,2501.33,32976.0
1791513507,eth,1821772800000,4100.0,put,55.04,0.655061,0.6405,0.6695,2591.5,0.0
1791513507,eth,1791705600000,2900.0,put,76.86,0.169729,0.166,0.173,2479.55,0.0
1791513507,eth,1806048000000,7000.0,put,66.68,1.770874,1.747,1.7905,2529.48,0.0
1791513507,eth,1806048000000,2500.0,put,52.0,0.133619,0.133,0.1345,2529.48,2192.0
1791513507,eth,1798185600000,1200.0,put,79.01,0.001994,0.0017,0.0022,2501.33,6721.0
1791513507,eth,1793347200000,4000.0,call,74.39,0.000277,0.0002,0.0003,2483.8,3704.0
1791513507,eth,1813910400000,5500.0,call,58.62,0.018603,0.0175,0.019,2560.93,1686.0
1791513507,eth,1791619200000,2560.0,put,41.49,0.033656,0.031,0.037,2479.34,741.0
1791513507,eth,1813910400000,4600.0,call,56.19,0.032369,0.0315,0.033,2560.93,203.0
1791513507,eth,1813910400000,5200.0,call,57.81,0.022105,0.021,0.0225,2560.93,23.0
1791513507,eth,1791792000000,2700.0,put,48.9,0.08953,0.086,0.0925,2479.84,0.0
1791513507,eth,1791705600000,2350.0,call,48.46,0.05349,0.0515,0.0555,2479.55,5.0
1791513507,eth,1793347200000,2400.0,call,45.87,0.062259,0.0615,0.063,2483.65,3601.0
1791513507,eth,1806048000000,1300.0,put,66.32,0.009762,0.009,0.01,2529.48,1865.0
1791513507,eth,1795766400000,2350.0,call,49.64,0.102469,0.1015,0.1035,2491.33,62.0
1791513507,eth,1813910400000,4500.0,put,55.96,0.792028,0.7795,0.8045,2560.78,1.0
1791513507,eth,1791705600000,2460.0,call,36.78,0.015744,0.015,0.0165,2479.55,20.0
1791513507,eth,1793347200000,2100.0,call,55.41,0.160603,0.158,0.1635,2483.65,1498.0
1791513507,eth,1813910400000,5200.0,put,57.81,1.052736,1.0375,1.068,2560.93,0.0
1791513507,eth,1798185600000,2700.0,call,49.67,0.060039,0.0595,0.0605,2501.33,7273.0
1791513507,eth,1793347200000,2000.0,put,60.26,0.003897,0.0037,0.004,2483.8,7174.0
1791513507,eth,1792137600000,2550.0,put,42.31,0.040759,0.0395,0.0415,2480.29,3281.0
1791513507,eth,1791705600000,2560.0,put,36.5,0.034405,0.031,0.0375,2479.55,599.0
1791513507,eth,1813910400000,1800.0,call,56.0,0.348438,0.3445,0.351,2560.78,1751.0
1791513507,eth,1821772800000,2500.0,put,53.96,0.187605,0.1855,0.1895,2591.35,232.0
1791513507,eth,1793347200000,3000.0,call,50.55,0.0035,0.0033,0.0036,2483.8,15016.0
1791513507,eth,1793347200000,3050.0,put,51.74,0.230906,0.2265,0.2345,2483.65,0.0
1791513507,eth,1821772800000,5400.0,put,57.36,1.119333,1.097,1.138,2591.5,0.0
1791513507,eth,1798185600000,4500.0,put,62.87,0.802155,0.7935,0.8115,2501.33,2.0
1791513507,eth,1793347200000,2600.0,put,44.74,0.071347,0.07,0.072,2483.65,3552.0
1791513507,eth,1821772800000,7000.0,put,60.46,1.719539,1.691,1.744,2591.5,0.0
1791513507,eth,1798185600000,2900.0,put,50.21,0.198548,0.1965,0.201,2501.33,960.0
1791513507,eth,1813910400000,2000.0,call,54.53,0.29364,0.29,0.297,2560.78,1741.0
1791513507,eth,1798185600000,4800.0,put,65.3,0.921286,0.912,0.931,2501.33,77.0
1791513507,eth,1793347200000,2950.0,call,49.52,0.004351,0.0041,0.0045,2483.65,2818.0
1791513507,eth,1792742400000,2800.0,put,46.91,0.132596,0.129,0.135,2482.11,196.0
1791513507,eth,1793347200000,4000.0,put,74.39,0.61081,0.605,0.6155,2483.8,0.0
1791513507,eth,1792742400000,2200.0,put,53.27,0.006184,0.0055,0.0065,2482.11,1655.0
1791513507,eth,1813910400000,3000.0,call,52.96,0.11769,0.1165,0.118,2560.93,3370.0
1791513507,eth,1798185600000,5000.0,put,66.76,1.000848,0.9905,1.0115,2501.33,1.0
1791513507,eth,1793347200000,2600.0,call,44.74,0.0245,0.024,0.025,2483.65,6249.0
1791513507,eth,1806048000000,3800.0,put,54.37,0.533004,0.5215,0.543,2529.48,1.0
1791513507,eth,1798185600000,2300.0,put,50.69,0.054518,0.054,0.055,2501.33,7488.0
1791513507,eth,1791619200000,2200.0,call,87.31,0.11273,0.1115,0.114,2479.34,0.0
1791513507,eth,1798185600000,2100.0,put,52.77,0.030573,0.03,0.031,2501.33,3201.0
1791513507,eth,1791619200000,2950.0,call,85.91,3e-06,,0.0001,2479.19,23.0
1791513507,eth,1795766400000,3050.0,call,50.89,0.014628,0.014,0.015,2491.33,758.0
1791513507,eth,1791705600000,2620.0,call,40.95,0.000564,0.0004,0.0006,2479.55,336.0
1791513507,eth,1806048000000,2200.0,call,53.05,0.208447,0.2065,0.21,2529.48,4113.0
1791513507,eth,1791619200000,2840.0,put,85.89,0.145623,0.142,0.149,2479.19,0.0
1791513507,eth,1791705600000,2740.0,put,54.42,0.105246,0.102,0.1085,2479.55,0.0
1791513507,eth,1793347200000,2050.0,call,57.93,0.179523,0.177,0.181,2483.8,479.0
1791513507,eth,1798185600000,3100.0,call,51.12,0.025574,0.025,0.026,2501.33,5670.0
1791513507,eth,1806048000000,1600.0,call,59.68,0.387926,0.3845,0.3905,2529.48,872.0
1791513507,eth,1798185600000,3200.0,call,51.83,0.020976,0.0205,0.0215,2501.33,69299.0
1791513507,eth,1798185600000,4400.0,call,62.07,0.003379,0.0031,0.0037,2501.19,3831.0
1791513507,eth,1791705600000,2520.0,call,35.6,0.004846,0.0045,0.005,2479.4,0.0
1791513507,eth,1806048000000,4000.0,call,55.11,0.024768,0.024,0.0255,2529.48,4575.0
1791513507,eth,1792742400000,2550.0,call,43.05,0.022374,0.022,0.0225,2482.11,417.0
1791513507,eth,1791532800000,2680.0,call,82.12,0.0,,0.0001,2478.89,463.0
1791513507,eth,1791705600000,2520.0,put,35.6,0.021221,0.02,0.022,2479.55,144.0
1791513507,eth,1793347200000,2100.0,put,55.41,0.006132,0.0055,0.0065,2483.8,5589.0
1791513507,eth,1791619200000,2720.0,put,67.84,0.097294,0.094,0.1005,2479.19,1.0
1791513507,eth,1792137600000,2200.0,put,59.74,0.002739,0.0025,0.0028,2480.14,1241.0
1791513507,eth,1791792000000,2580.0,put,38.3,0.043036,0.04,0.0455,2479.84,0.0
1791513507,eth,1791619200000,2850.0,call,85.91,4e-05,,0.0001,2479.34,1.0
1791513507,eth,1791532800000,2300.0,put,84.06,1e-06,,0.0001,2479.03,4261.0
1791513507,eth,1795766400000,3200.0,call,52.56,0.009984,0.0095,0.0105,2491.33,4965.0
1791513507,eth,1791705600000,2800.0,put,62.52,0.129412,0.126,0.1325,2479.55,0.0
1791513507,eth,1791532800000,2350.0,put,83.74,3.2e-05,,0.0001,2478.89,3619.0
1791513507,eth,1791532800000,2520.0,call,40.17,0.000201,0.0001,0.0003,2479.03,415.0
1791513507,eth,1821772800000,4800.0,put,56.26,0.900733,0.883,0.9175,2591.35,55.0
1791513507,eth,1792742400000,2600.0,call,43.24,0.01611,0.0155,0.0165,2482.11,201.0
1791513507,eth,1795766400000,3600.0,put,57.47,0.449268,0.4425,0.456,2491.33,10.0
1791513507,eth,1806048000000,4600.0,call,57.39,0.014002,0.0135,0.0145,2529.48,1905.0
1791513507,eth,1795766400000,4400.0,put,66.85,0.767395,0.7605,0.776,2491.33,0.0
1791513507,eth,1793347200000,3600.0,call,65.7,0.000613,0.0005,0.0007,2483.8,8965.0
1791513507,eth,1806048000000,2000.0,call,54.46,0.261103,0.257,0.263,2529.48,1849.0
1791513507,eth,1821772800000,6000.0,put,58.54,1.342378,1.3185,1.3635,2591.5,0.0
1791513507,eth,1813910400000,5000.0,put,57.23,0.977413,0.963,0.992,2560.93,0.0
1791513507,eth,1793347200000,3100.0,call,53.19,0.002441,0.0022,0.0026,2483.65,5159.0
1791513507,eth,1791619200000,2700.0,put,64.11,0.089243,0.086,0.0925,2479.19,0.0
1791513507,eth,1795766400000,3300.0,put,53.79,0.332587,0.327,0.3385,2491.33,0.0
1791513507,eth,1795766400000,2250.0,put,50.88,0.032652,0.032,0.033,2491.33,763.0
1791513507,eth,1813910400000,3500.0,call,53.63,0.075504,0.074,0.0765,2560.78,2214.0
1791513507,eth,1791792000000,2500.0,put,36.24,0.018174,0.0175,0.0185,2479.84,601.0
1791513507,eth,1813910400000,3600.0,put,53.8,0.47515,0.4675,0.4825,2560.93,0.0
1791513507,eth,1791705600000,2500.0,put,35.44,0.015726,0.015,0.0165,2479.55,1555.0
1791513507,eth,1806048000000,1400.0,put,63.75,0.012502,0.012,0.013,2529.48,1997.0
1791513507,eth,1806048000000,1800.0,put,56.65,0.033153,0.0325,0.0335,2529.48,3080.0
1791513507,eth,1806048000000,3500.0,call,53.3,0.042485,0.042,0.043,2529.48,4832.0
1791513507,eth,1793347200000,3800.0,put,69.97,0.530397,0.5255,0.5365,2483.65,0.0
1791513507,eth,1795766400000,2100.0,call,53.5,0.176113,0.1735,0.178,2491.33,1.0
1791513507,eth,1793347200000,2200.0,call,51.26,0.124243,0.1215,0.126,2483.65,1278.0
1791513507,eth,1813910400000,1500.0,put,59.64,0.027743,0.027,0.0285,2560.93,654.0
1791513507,eth,1791532800000,3200.0,call,82.2,0.0,,0.0001,2478.89,5946.0
1791513507,eth,1806048000000,3600.0,put,53.63,0.461341,0.451,0.471,2529.48,1.0
1791513507,eth,1791619200000,2580.0,put,43.58,0.041322,0.038,0.0445,2479.19,638.0
1791513507,eth,1806048000000,1900.0,call,55.45,0.290407,0.286,0.2925,2529.34,4251.0
1791513507,eth,1791792000000,2440.0,call,38.31,0.023605,0.0225,0.0245,2479.84,141.0
1791513507,eth,1821772800000,2100.0,put,54.63,0.110319,0.1085,0.112,2591.35,430.0
1791513507,eth,1806048000000,1900.0,put,55.45,0.041651,0.041,0.042,2529.48,3518.0
1791513507,eth,1791792000000,2560.0,put,37.34,0.035983,0.034,0.038,2479.69,2.0
1791513507,eth,1791705600000,2100.0,put,83.88,0.000108,,0.0001,2479.55,1.0
1791513507,eth,1795766400000,2250.0,call,50.88,0.129447,0.127,0.131,2491.33,126.0
1791513507,eth,1813910400000,6500.0,call,61.17,0.011233,0.0105,0.012,2560.93,928.0
1791513507,eth,1793347200000,2700.0,call,45.28,0.01454,0.014,0.015,2483.65,5559.0
1791513507,eth,1792137600000,2850.0,call,53.75,0.001049,0.0009,0.0012,2480.14,779.0
1791513507,eth,1791532800000,2000.0,call,158.78,0.193122,0.191,0.1955,2478.89,0.0
1791513507,eth,1791619200000,2800.0,call,82.26,8.5e-05,,0.0001,2479.19,105.0
1791513507,eth,1791705600000,2780.0,call,61.13,0.000138,,0.0001,2479.55,24.0
1791513507,eth,1792137600000,2750.0,put,48.01,0.11079,0.107,0.114,2480.29,773.0
1791513507,eth,1791532800000,2540.0,put,51.25,0.024867,0.0215,0.0275,2478.89,446.0
1791513507,eth,1791619200000,2300.0,put,68.42,0.00043,0.0004,0.0005,2479.34,2989.0
1791513507,eth,1821772800000,4200.0,call,55.18,0.068409,0.0665,0.07,2591.35,24.0
1791513507,eth,1798185600000,2600.0,put,49.62,0.113739,0.113,0.1145,2501.19,1479.0
1791513507,eth,1791532800000,2440.0,put,42.51,0.000309,0.0002,0.0004,2479.03,52.0
1791513507,eth,1791619200000,2350.0,call,59.13,0.052926,0.051,0.0545,2479.34,5.0
1791513507,eth,1791619200000,2480.0,put,39.9,0.009398,0.009,0.01,2479.19,107.0
1791513507,eth,1792137600000,2900.0,call,57.15,0.000852,0.0008,0.0009,2480.29,5564.0
1791513507,eth,1791792000000,2240.0,put,61.2,0.000849,0.0007,0.001,2479.84,0.0
1791513507,eth,1792742400000,3400.0,call,65.71,0.000381,0.0003,0.0004,2482.11,428.0
1791513507,eth,1798185600000,2900.0,call,50.21,0.039095,0.0385,0.0395,2501.33,4883.0
1791513507,eth,1795766400000,4000.0,put,62.35,0.607735,0.6,0.614,2491.33,0.0
1791513507,eth,1806048000000,2700.0,put,51.84,0.180622,0.18,0.1815,2529.48,1423.0
1791513507,eth,1821772800000,2800.0,put,53.88,0.259061,0.2545,0.2625,2591.5,1382.0
1791513507,eth,1791619200000,2600.0,put,46.58,0.049193,0.046,0.052,2479.19,100.0
1791513507,eth,1821772800000,2300.0,call,54.21,0.258652,0.2565,0.261,2591.35,21.0
1791513507,eth,1821772800000,4000.0,call,54.88,0.077538,0.076,0.079,2591.35,722.0
1791513507,eth,1806048000000,3400.0,call,52.99,0.047717,0.047,0.0485,2529.48,4177.0
1791513507,eth,1791792000000,2250.0,put,59.74,0.000909,0.0008,0.001,2479.84,0.0
1791513507,eth,1791532800000,2550.0,put,54.72,0.028859,0.027,0.031,2478.89,3734.0
1791513507,eth,1821772800000,1800.0,call,55.99,0.373276,0.3655,0.38,2591.35,0.0
1791513507,eth,1813910400000,900.0,put,73.1,0.006486,0.006,0.007,2560.93,925.0
1791513507,eth,1791705600000,2660.0,put,45.22,0.073157,0.07,0.0765,2479.55,0.0
1791513507,eth,1821772800000,2200.0,call,54.39,0.278548,0.275,0.283,2591.35,1.0
1791513507,eth,1821772800000,1900.0,put,55.41,0.080479,0.079,0.082,2591.5,0.0
1791513507,eth,1793347200000,3300.0,call,58.34,0.001301,0.0012,0.0014,2483.8,3536.0
1791513507,eth,1813910400000,1300.0,call,63.09,0.510087,0.507,0.5125,2560.78,108.0
1791513507,eth,1791792000000,2480.0,put,36.64,0.01384,0.013,0.0145,2479.69,44.0
1791513507,eth,1791705600000,2480.0,put,35.84,0.011283,0.0105,0.012,2479.55,133.0
1791513507,eth,1798185600000,1500.0,call,67.9,0.405383,0.403,0.4075,2501.33,749.0
1791513507,eth,1792137600000,2400.0,call,45.42,0.04445,0.0435,0.0455,2480.29,300.0
1791513507,eth,1793347200000,3400.0,call,60.91,0.000997,0.0009,0.0011,2483.8,9079.0
1791513507,eth,1795766400000,2750.0,put,48.9,0.138305,0.1355,0.14,2491.33,1289.0
1791513507,eth,1791792000000,2300.0,put,53.19,0.0014,0.0013,0.0015,2479.84,287.0
1791513507,eth,1791792000000,2540.0,call,36.92,0.005061,0.0046,0.0055,2479.69,539.0
1791513507,eth,1791532800000,2500.0,put,34.02,0.00928,0.008,0.0105,2478.89,7240.0
1791513507,eth,1821772800000,3300.0,call,54.05,0.124199,0.122,0.126,2591.35,150.0
1791513507,eth,1798185600000,11000.0,put,93.27,3.397986,3.366,3.4055,2501.19,774.0
1791513507,eth,1791619200000,2860.0,put,85.91,0.153672,0.15,0.1565,2479.34,0.0
1791513507,eth,1798185600000,2800.0,call,49.86,0.048435,0.048,0.049,2501.19,10898.0
1791513507,eth,1795766400000,4200.0,call,64.64,0.001495,0.0013,0.0017,2491.33,812.0
1791513507,eth,1793347200000,1800.0,call,70.75,0.276916,0.275,0.2785,2483.65,110.0
1791513507,eth,1813910400000,1800.0,put,56.0,0.051348,0.0505,0.052,2560.93,1776.0
1791513507,eth,1792742400000,2350.0,call,46.57,0.068389,0.067,0.0695,2482.11,0.0
1791513507,eth,1798185600000,3400.0,put,53.15,0.373532,0.3665,0.3805,2501.33,89.0
1791513507,eth,1792742400000,2850.0,call,48.4,0.003378,0.0032,0.0035,2481.97,3265.0
1791513507,eth,1791619200000,2660.0,call,54.81,0.000152,0.0001,0.0002,2479.34,141.0
1791513507,eth,1798185600000,1000.0,put,86.9,0.000928,0.0007,0.0012,2501.33,18366.0
1791513507,eth,1795766400000,2200.0,put,51.65,0.027384,0.027,0.0275,2491.33,3120.0
1791513507,eth,1791792000000,2660.0,call,44.43,0.000824,0.0007,0.0009,2479.69,255.0
1791513507,eth,1791532800000,2760.0,put,82.12,0.113491,0.11,0.1165,2478.89,2.0
1791513507,eth,1813910400000,3700.0,put,53.99,0.508625,0.501,0.5185,2560.78,0.0
1791513507,eth,1792137600000,2450.0,call,43.71,0.030917,0.0305,0.0315,2480.29,218.0
1791513507,eth,1791792000000,2680.0,call,46.55,0.000686,0.0005,0.0008,2479.69,20.0
1791513507,eth,1791705600000,2900.0,call,76.86,9.1e-05,,0.0001,2479.55,1.0
1791513507,eth,1791619200000,2740.0,put,70.58,0.105336,0.102,0.1085,2479.19,12.0
1791513507,eth,1791792000000,2640.0,call,42.67,0.001046,0.0009,0.0012,2479.84,964.0
1791513507,eth,1813910400000,2300.0,call,53.39,0.224547,0.223,0.226,2560.93,251.0
1791513507,eth,1791532800000,2650.0,call,81.91,3e-06,,0.0001,2478.89,1248.0
1791513507,eth,1813910400000,2700.0,call,52.92,0.155316,0.154,0.1565,2560.93,618.0
1791513507,eth,1791532800000,2720.0,call,82.12,0.0,,0.0001,2478.89,2076.0
1791513507,eth,1791532800000,2480.0,put,33.68,0.003597,0.0031,0.0039,2478.89,0.0
1791513507,eth,1791792000000,2360.0,put,45.61,0.002585,0.0023,0.0027,2479.69,26.0
1791513507,eth,1791532800000,2450.0,put,40.14,0.000587,0.0004,0.0007,2479.03,6212.0
1791513507,eth,1798185600000,3300.0,put,52.39,0.336475,0.3305,0.3425,2501.19,13.0
1791513507,eth,1798185600000,3400.0,call,53.15,0.014174,0.0135,0.0145,2501.33,14547.0
1791513507,eth,1795766400000,2800.0,put,49.12,0.153729,0.1505,0.1555,2491.33,1098.0
1791513507,eth,1798185600000,2000.0,call,54.29,0.22288,0.22,0.225,2501.19,10234.0
1791513507,eth,1791792000000,2700.0,call,48.9,0.000597,0.0005,0.0007,2479.84,4.0
1791513507,eth,1791619200000,2450.0,put,42.61,0.005013,0.0047,0.0055,2479.34,67.0
1791513507,eth,1791532800000,2200.0,call,111.83,0.112434,0.11,0.115,2478.89,1.0
1791513507,eth,1813910400000,5500.0,put,58.62,1.166386,1.1505,1.182,2560.93,0.0
1791513507,eth,1793347200000,1850.0,call,68.07,0.257173,0.255,0.2585,2483.65,1008.0
1791513507,eth,1791705600000,2260.0,call,61.99,0.08898,0.087,0.0905,2479.55,0.0
1791513507,eth,1795766400000,2000.0,put,55.97,0.013406,0.013,0.0135,2491.33,2347.0
1791513507,eth,1813910400000,3800.0,put,54.21,0.542668,0.533,0.5545,2560.93,2.0
1791513507,eth,1795766400000,2950.0,put,50.15,0.203626,0.198,0.2085,2491.33,942.0
1791513507,eth,1798185600000,800.0,put,95.46,0.000361,0.0002,0.0006,2501.33,7353.0
1791513507,eth,1791532800000,2000.0,put,158.78,0.0,,0.0001,2478.89,3775.0
1791513507,eth,1791619200000,2850.0,put,85.91,0.149646,0.146,0.153,2479.34,0.0
1791513507,eth,1791792000000,2660.0,put,44.43,0.073626,0.07,0.0775,2479.69,0.0
1791513507,eth,1791792000000,2900.0,put,68.97,0.169776,0.166,0.173,2479.84,0.0
1791513507,eth,1791619200000,2340.0,put,60.9,0.000728,0.0006,0.0008,2479.34,2.0
1791513507,eth,1813910400000,3000.0,put,52.96,0.289208,0.2855,0.292,2560.93,371.0
1791513507,eth,1806048000000,800.0,put,81.92,0.002132,0.0018,0.0025,2529.48,2526.0
1791513507,eth,1793347200000,2300.0,call,48.08,0.0909,0.09,0.092,2483.65,1100.0
1791513507,eth,1798185600000,2000.0,put,54.29,0.022503,0.022,0.023,2501.19,9622.0
1791513507,eth,1798185600000,800.0,call,95.46,0.680512,0.679,0.6825,2501.33,171.0
1791513507,eth,1793347200000,2750.0,put,45.83,0.118451,0.1165,0.1225,2483.65,1068.0
1791513507,eth,1798185600000,5500.0,call,70.67,0.001205,0.0011,0.0014,2501.19,2165.0
1791513507,eth,1806048000000,4500.0,call,57.14,0.015465,0.015,0.016,2529.34,4389.0
1791513507,eth,1798185600000,4000.0,call,58.4,0.005486,0.005,0.006,2501.19,16139.0
1791513507,eth,1821772800000,3000.0,call,53.89,0.154097,0.152,0.156,2591.5,236.0
1791513507,eth,1791705600000,2700.0,call,49.22,0.000186,0.0001,0.0003,2479.55,152.0
1791513507,eth,1792742400000,2600.0,put,43.24,0.063669,0.062,0.0645,2482.11,1283.0
1791513507,eth,1795766400000,3500.0,call,56.38,0.00514,0.0048,0.0055,2491.33,2443.0
1791513507,eth,1791705600000,2600.0,put,39.27,0.049462,0.0465,0.0525,2479.55,12.0
1791513507,eth,1792137600000,2000.0,call,77.55,0.194463,0.1925,0.196,2480.29,18.0
1791513507,eth,1791705600000,2600.0,call,39.27,0.000821,0.0007,0.0009,2479.55,106.0
1791513507,eth,1791532800000,2780.0,put,82.12,0.12156,0.118,0.1245,2478.89,0.0
1791513507,eth,1813910400000,4600.0,put,56.19,0.828696,0.8155,0.842,2560.93,0.0
1791513507,eth,1813910400000,1200.0,call,65.3,0.545527,0.5425,0.5485,2560.93,55.0
1791513507,eth,1793347200000,1200.0,call,107.58,0.516975,0.5155,0.5185,2483.8,0.0
1791513507,eth,1793347200000,1700.0,call,76.31,0.316618,0.315,0.318,2483.65,74.0
1791513507,eth,1798185600000,1300.0,put,75.04,0.002747,0.0025,0.003,2501.19,4138.0
1791513507,eth,1791532800000,2560.0,put,60.29,0.032886,0.0295,0.036,2478.89,669.0
1791513507,eth,1792137600000,3200.0,call,72.95,0.000246,0.0002,0.0003,2480.14,1507.0
1791513507,eth,1791532800000,2700.0,call,82.12,0.0,,0.0001,2478.89,5185.0
1791513507,eth,1791532800000,3100.0,call,82.19,0.0,,0.0001,2478.89,6089.0
1791513507,eth,1806048000000,1200.0,put,68.99,0.007493,0.007,0.008,2529.48,1754.0
1791513507,eth,1792742400000,2000.0,call,65.58,0.19648,0.1945,0.1975,2482.11,0.0
1791513507,eth,1798185600000,2300.0,call,50.69,0.134952,0.134,0.136,2501.33,6864.0
1791513507,eth,1791792000000,2720.0,put,50.75,0.097496,0.094,0.1005,2479.69,0.0
1791513507,eth,1791532800000,2540.0,call,51.25,0.000133,,0.0002,2478.89,425.0
1791513507,eth,1793347200000,3000.0,put,50.55,0.2114,0.2075,0.2145,2483.8,148.0
1791513507,eth,1793347200000,2650.0,call,44.94,0.01892,0.0185,0.019,2483.65,3122.0
1791513507,eth,1791705600000,2750.0,put,55.88,0.109274,0.106,0.1125,2479.55,0.0
1791513507,eth,1821772800000,3400.0,put,54.15,0.427898,0.4165,0.439,2591.35,0.0
1791513507,eth,1791705600000,2260.0,put,61.99,0.000491,0.0004,0.0006,2479.55,0.0
1791513507,eth,1793347200000,4200.0,call,77.6,0.00018,0.0001,0.0003,2483.8,1445.0
1791513507,eth,1792742400000,2650.0,call,43.63,0.011453,0.011,0.012,2482.11,523.0
1791513507,eth,1806048000000,3700.0,call,54.0,0.033993,0.0335,0.0345,2529.48,1655.0
1791513507,eth,1806048000000,5000.0,call,59.19,0.010273,0.0095,0.011,2529.48,9707.0
1791513507,eth,1791532800000,2640.0,put,78.38,0.065082,0.062,0.068,2478.89,293.0
1791513507,eth,1821772800000,3700.0,put,54.47,0.522196,0.509,0.535,2591.35,1.0
1791513507,eth,1806048000000,1200.0,call,68.99,0.533023,0.53,0.536,2529.48,68.0
1791513507,eth,1791619200000,2460.0,put,41.32,0.006146,0.0055,0.0065,2479.34,197.0
1791513507,eth,1821772800000,3100.0,call,53.93,0.143312,0.1415,0.145,2591.35,23.0
1791513507,eth,1792137600000,2650.0,put,43.85,0.073124,0.07,0.0765,2480.29,614.0
1791513507,eth,1821772800000,5200.0,call,57.02,0.039227,0.038,0.0405,2591.35,10.0
1791513507,eth,1791532800000,2700.0,put,82.12,0.089285,0.086,0.092,2478.89,1715.0
1791513507,eth,1791792000000,2480.0,call,36.64,0.013634,0.013,0.014,2479.69,195.0
1791513507,eth,1806048000000,2500.0,call,52.0,0.145141,0.1445,0.146,2529.48,10737.0
1791513507,eth,1821772800000,1000.0,put,66.85,0.012729,0.012,0.013,2591.5,0.0
1791513507,eth,1791619200000,2420.0,put,46.34,0.002666,0.0024,0.0029,2479.34,163.0
1791513507,eth,1806048000000,1500.0,put,61.57,0.016047,0.0155,0.0165,2529.48,4216.0
1791513507,eth,1795766400000,2850.0,call,49.38,0.025729,0.0255,0.026,2491.33,2018.0
1791513507,eth,1791705600000,2680.0,call,47.51,0.000251,0.0001,0.0003,2479.55,146.0
1791513507,eth,1821772800000,2000.0,call,54.95,0.322756,0.3155,0.3305,2591.5,1.0
1791513507,eth,1791705600000,2700.0,put,49.22,0.089159,0.086,0.0925,2479.55,0.0
1791513507,eth,1821772800000,3800.0,put,54.61,0.554746,0.5425,0.566,2591.5,0.0
1791513507,eth,1791532800000,2550.0,call,54.72,9e-05,,0.0002,2478.89,947.0
1791513507,eth,1813910400000,2700.0,put,52.92,0.209682,0.208,0.211,2560.93,34.0
1791513507,eth,1813910400000,2900.0,call,52.92,0.12906,0.1275,0.13,2560.93,549.0
1791513507,eth,1813910400000,1700.0,put,56.98,0.042046,0.041,0.043,2560.93,3951.0
1791513507,eth,1791705600000,2250.0,call,62.99,0.092948,0.091,0.0945,2479.55,0.0
1791513507,eth,1793347200000,1200.0,put,107.58,0.000134,0.0001,0.0002,2483.65,2658.0
1791513507,eth,1791705600000,2380.0,call,44.22,0.042044,0.04,0.044,2479.55,18.0
1791513507,eth,1806048000000,1500.0,call,61.57,0.42296,0.4205,0.4255,2529.48,208.0
1791513507,eth,1791705600000,2640.0,call,42.99,0.000413,0.0003,0.0005,2479.55,85.0
1791513507,eth,1791619200000,2460.0,call,41.32,0.013854,0.013,0.0145,2479.19,135.0
1791513507,eth,1791532800000,2400.0,put,61.54,9.2e-05,,0.0001,2478.89,6840.0
1791513507,eth,1793347200000,2450.0,put,45.15,0.036683,0.036,0.037,2483.65,2824.0
1791513507,eth,1791619200000,2880.0,put,85.91,0.161727,0.158,0.165,2479.34,0.0
1791513507,eth,1792742400000,2300.0,put,48.41,0.011113,0.0105,0.0115,2482.11,1909.0
1791513507,eth,1795766400000,2600.0,put,48.54,0.096496,0.0955,0.097,2491.33,435.0
1791513507,eth,1821772800000,4400.0,call,55.52,0.060664,0.059,0.062,2591.35,160.0
1791513507,eth,1821772800000,6500.0,call,59.4,0.021741,0.021,0.0225,2591.35,309.0
1791513507,eth,1795766400000,3000.0,put,50.56,0.221166,0.216,0.2265,2491.33,623.0
1791513507,eth,1791532800000,3000.0,put,82.13,0.210317,0.2065,0.2135,2478.89,30.0
1791513507,eth,1821772800000,1800.0,put,55.99,0.067914,0.0665,0.0695,2591.35,184.0
1791513507,eth,1792742400000,2900.0,call,50.12,0.002645,0.0026,0.0027,2482.11,1068.0
1791513507,eth,1793347200000,1950.0,put,62.84,0.003142,0.0029,0.0032,2483.65,1431.0
1791513507,eth,1791792000000,2600.0,put,39.47,0.050409,0.0475,0.053,2479.84,0.0
1791513507,eth,1792137600000,2300.0,put,51.66,0.005428,0.005,0.0055,2480.14,3501.0
1791513507,eth,1791705600000,2740.0,call,54.42,0.00014,,0.0002,2479.4,100.0
1791513507,eth,1806048000000,3300.0,call,52.69,0.053689,0.053,0.0545,2529.48,2487.0
1791513507,eth,1791619200000,3100.0,call,85.91,0.0,,0.0001,2479.34,0.0
1791513507,eth,1813910400000,4200.0,put,55.16,0.683189,0.672,0.696,2560.93,3.0
1791513507,eth,1792137600000,2450.0,put,43.71,0.018797,0.018,0.019,2480.29,153.0
1791513507,eth,1792137600000,2850.0,put,53.75,0.150214,0.146,0.154,2480.29,393.0
1791513507,eth,1798185600000,1300.0,call,75.04,0.482993,0.4805,0.4845,2501.33,50.0
1791513507,eth,1795766400000,2550.0,call,48.56,0.060684,0.06,0.061,2491.33,1305.0
1791513507,eth,1806048000000,3000.0,call,52.06,0.077545,0.077,0.078,2529.48,8969.0
1791513507,eth,1791532800000,2760.0,call,82.12,0.0,,0.0001,2478.89,172.0
1791513507,eth,1791792000000,2200.0,call,66.12,0.113327,0.1115,0.115,2479.84,0.0
1791513507,eth,1793347200000,1700.0,put,76.31,0.001095,0.0009,0.0011,2483.65,1523.0
1791513507,eth,1792137600000,2900.0,put,57.15,0.170179,0.166,0.174,2480.14,0.0
1791513507,eth,1798185600000,1900.0,put,56.18,0.016502,0.016,0.017,2501.33,4947.0
1791513507,eth,1792137600000,2300.0,call,51.66,0.078031,0.0755,0.0795,2480.29,28.0
1791513507,eth,1813910400000,4100.0,put,54.93,0.64754,0.6365,0.6595,2560.93,0.0
1791513507,eth,1813910400000,3200.0,call,53.16,0.098207,0.0965,0.099,2560.93,1380.0
1791513507,eth,1791619200000,2400.0,call,49.79,0.033762,0.0315,0.0355,2479.34,7.0
1791513507,eth,1821772800000,2600.0,put,53.91,0.210289,0.2085,0.212,2591.5,1701.0
1791513507,eth,1791705600000,2680.0,put,47.51,0.081157,0.078,0.0845,2479.55,0.0
1791513507,eth,1795766400000,3800.0,put,59.91,0.528256,0.5215,0.536,2491.33,0.0
1791513507,eth,1792742400000,2500.0,call,43.38,0.030763,0.03,0.031,2482.11,169.0
1791513507,eth,1791705600000,2250.0,put,62.99,0.000425,0.0003,0.0005,2479.55,250.0
1791513507,eth,1791792000000,2620.0,put,41.09,0.058038,0.055,0.0605,2479.84,0.0
1791513507,eth,1791532800000,2750.0,call,82.12,0.0,,0.0001,2478.89,4706.0
1791513507,eth,1793347200000,1600.0,call,81.47,0.356475,0.355,0.358,2483.8,70.0
1791513507,eth,1791792000000,2320.0,put,50.59,0.001691,0.0015,0.0018,2479.84,13.0
1791513507,eth,1792137600000,3400.0,put,82.75,0.371074,0.367,0.375,2480.29,0.0
1791513507,eth,1791619200000,2320.0,put,64.35,0.000541,0.0005,0.0007,2479.19,6.0
1791513507,eth,1821772800000,4100.0,call,55.04,0.072831,0.071,0.0745,2591.5,271.0
1791513507,eth,1791705600000,2560.0,call,36.5,0.001897,0.0017,0.002,2479.55,475.0
1791513507,eth,1791705600000,2540.0,call,35.78,0.003028,0.0027,0.0031,2479.55,98.0
1791513507,eth,1791705600000,2360.0,put,47.13,0.001494,0.0014,0.0016,2479.55,12.0
1791513507,eth,1806048000000,3100.0,call,52.23,0.068492,0.068,0.069,2529.48,2849.0
1791513507,eth,1821772800000,1600.0,put,57.64,0.047299,0.046,0.0485,2591.5,0.0
1791513507,eth,1813910400000,6000.0,put,59.89,1.357272,1.3395,1.375,2560.93,1.0
1791513507,eth,1813910400000,3100.0,call,53.02,0.107359,0.106,0.1085,2560.93,336.0
1791513507,eth,1806048000000,2700.0,call,51.84,0.113065,0.1125,0.114,2529.48,3383.0
1791513507,eth,1798185600000,3600.0,put,54.81,0.449314,0.442,0.457,2501.19,244.0
1791513507,eth,1806048000000,8000.0,call,69.72,0.002026,0.0017,0.0024,2529.48,522.0
1791513507,eth,1791792000000,2320.0,call,50.59,0.066015,0.064,0.068,2479.84,0.0
1791513507,eth,1813910400000,2200.0,call,53.66,0.245826,0.243,0.2485,2560.78,1093.0
1791513507,eth,1798185600000,3600.0,call,54.81,0.009993,0.0095,0.0105,2501.33,2730.0
1791513507,eth,1791705600000,2820.0,put,65.31,0.137473,0.134,0.1405,2479.55,0.0
1791513507,eth,1798185600000,9000.0,call,89.75,0.000204,0.0001,0.0003,2501.33,2084.0
1791513507,eth,1813910400000,900.0,call,73.1,0.65503,0.6515,0.6565,2560.93,1.0
1791513507,eth,1791705600000,2280.0,call,58.93,0.081017,0.079,0.0825,2479.55,0.0
1791513507,eth,1793347200000,2350.0,call,46.85,0.07588,0.075,0.077,2483.65,664.0
1791513507,eth,1793347200000,2750.0,call,45.83,0.011209,0.0105,0.0115,2483.65,3783.0
1791513507,eth,1791619200000,2700.0,call,64.11,0.000142,,0.0002,2479.19,318.0
1791513507,eth,1813910400000,3700.0,call,53.99,0.063752,0.0625,0.0645,2560.78,339.0
1791513507,eth,1791705600000,2720.0,put,51.55,0.097193,0.094,0.1005,2479.55,0.0
1791513507,eth,1798185600000,2200.0,call,51.6,0.161575,0.1605,0.1625,2501.33,51016.0
1791513507,eth,1806048000000,2100.0,put,53.67,0.064066,0.0635,0.0645,2529.48,1375.0
1791513507,eth,1792742400000,2850.0,put,48.4,0.151665,0.148,0.155,2482.11,9.0
1791513507,eth,1821772800000,4800.0,call,56.26,0.048366,0.047,0.0495,2591.35,13.0
1791513507,eth,1795766400000,2850.0,put,49.38,0.169788,0.1645,0.1745,2491.33,482.0
1791513507,eth,1791792000000,2720.0,call,50.75,0.000496,0.0004,0.0006,2479.84,2.0
1791513507,eth,1791532800000,2520.0,put,40.17,0.016867,0.014,0.019,2478.89,923.0
1791513507,eth,1791705600000,2820.0,call,65.31,0.000101,,0.0001,2479.55,507.0
1791513507,eth,1806048000000,7000.0,call,66.68,0.003134,0.0028,0.0035,2529.48,7047.0
1791513507,eth,1791705600000,2320.0,call,52.89,0.065197,0.063,0.067,2479.55,0.0
1791513507,eth,1813910400000,2500.0,call,53.05,0.186905,0.1855,0.188,2560.78,3226.0
1791513507,eth,1792742400000,2750.0,call,45.64,0.006025,0.0055,0.0065,2481.97,398.0
1791513507,eth,1791705600000,2640.0,put,42.99,0.065187,0.062,0.0685,2479.55,0.0
1791513507,eth,1798185600000,4000.0,put,58.4,0.604731,0.597,0.614,2501.33,529.0
1791513507,eth,1813910400000,800.0,put,76.35,0.004834,0.0042,0.0055,2560.93,688.0
1791513507,eth,1821772800000,3000.0,put,53.89,0.311826,0.302,0.3235,2591.35,535.0
1791513507,eth,1806048000000,6000.0,put,63.46,1.377802,1.3575,1.3955,2529.48,1.0
1791513507,eth,1791532800000,2850.0,call,82.12,0.0,,0.0001,2478.89,11357.0
1791513507,eth,1821772800000,5000.0,call,56.61,0.043401,0.042,0.0445,2591.35,1729.0
1791513507,eth,1791705600000,2780.0,put,61.13,0.121377,0.118,0.1245,2479.55,0.0
1791513507,eth,1798185600000,1600.0,call,64.01,0.366883,0.364,0.37,2501.33,620.0
1791513507,eth,1791705600000,2540.0,put,35.78,0.027469,0.0265,0.0285,2479.55,1082.0
1791513507,eth,1806048000000,3100.0,put,52.23,0.294205,0.287,0.2995,2529.48,445.0
1791513507,eth,1793347200000,4400.0,call,81.88,0.000144,,0.0002,2483.65,1995.0
1791513507,eth,1791532800000,3200.0,put,82.2,0.291005,0.287,0.295,2478.89,0.0
1791513507,eth,1813910400000,3400.0,put,53.45,0.410022,0.4035,0.419,2560.78,30.0
1791513507,eth,1791532800000,2400.0,call,61.54,0.031839,0.029,0.035,2479.03,33.0
1791513507,eth,1792742400000,2300.0,call,48.41,0.084426,0.083,0.0855,2482.11,0.0
1791513507,eth,1798185600000,3800.0,put,56.9,0.52677,0.5185,0.534,2501.33,113.0
1791513507,eth,1821772800000,3600.0,call,54.34,0.100846,0.099,0.1025,2591.5,161.0
1791513507,eth,1813910400000,1200.0,put,65.3,0.014134,0.0135,0.015,2560.78,588.0
1791513507,eth,1821772800000,6000.0,call,58.54,0.02692,0.026,0.028,2591.35,714.0
1791513507,eth,1792742400000,2500.0,put,43.38,0.038032,0.0375,0.0385,2482.11,553.0
1791513507,eth,1795766400000,2150.0,put,52.55,0.022925,0.0225,0.023,2491.33,595.0
1791513507,eth,1791532800000,2660.0,call,82.12,1e-06,,0.0001,2478.89,1396.0
1791513507,eth,1791705600000,2720.0,call,51.55,0.000153,0.0001,0.0002,2479.55,396.0
1791513507,eth,1791619200000,2480.0,call,39.9,0.009039,0.0085,0.0095,2479.34,341.0
1791513507,eth,1791619200000,2820.0,put,84.51,0.137574,0.134,0.1405,2479.34,0.0
1791513507,eth,1795766400000,3300.0,call,53.79,0.007887,0.0075,0.008,2491.33,3619.0
1791513507,eth,1806048000000,5500.0,call,61.23,0.007222,0.0065,0.008,2529.34,3253.0
1791513507,eth,1792742400000,2750.0,put,45.64,0.114021,0.1105,0.117,2482.11,211.0
1791513507,eth,1791705600000,2480.0,call,35.84,0.011041,0.0105,0.0115,2479.55,97.0
1791513507,eth,1791705600000,2440.0,call,37.99,0.021351,0.0205,0.0225,2479.55,4.0
1791513507,eth,1798185600000,1600.0,put,64.01,0.006581,0.006,0.007,2501.19,8215.0
1791513507,eth,1793347200000,2050.0,put,57.93,0.004921,0.0047,0.005,2483.8,1137.0
1791513507,eth,1821772800000,2900.0,put,53.87,0.284941,0.281,0.289,2591.5,327.0
1791513507,eth,1821772800000,5500.0,call,57.62,0.033908,0.033,0.035,2591.5,174.0
1791513507,eth,1821772800000,2800.0,call,53.88,0.178514,0.1765,0.1805,2591.35,437.0
1791513507,eth,1798185600000,11000.0,call,93.27,6.2e-05,,0.0002,2501.33,2175.0
1791513507,eth,1813910400000,1000.0,call,70.14,0.617988,0.615,0.6205,2560.93,101.0
1791513507,eth,1813910400000,2300.0,put,53.39,0.12271,0.1215,0.124,2560.93,1035.0
1791513507,eth,1791619200000,2420.0,call,46.34,0.026509,0.0255,0.028,2479.19,60.0
1791513507,eth,1793347200000,2400.0,put,45.87,0.028578,0.028,0.029,2483.8,10131.0
1791513507,eth,1792137600000,3000.0,call,62.95,0.000549,0.0005,0.0006,2480.29,2699.0
1791513507,eth,1795766400000,3200.0,put,52.56,0.294542,0.2885,0.3,2491.33,3.0
1791513507,eth,1792137600000,3100.0,put,67.17,0.250292,0.2465,0.2535,2480.14,0.0
1791513507,eth,1792742400000,2200.0,call,53.27,0.119788,0.1175,0.121,2482.11,0.0
1791513507,eth,1791619200000,2660.0,put,54.81,0.073118,0.07,0.076,2479.34,17.0
1791513507,eth,1791619200000,2600.0,call,46.58,0.00043,0.0004,0.0005,2479.34,691.0
1791513507,eth,1791619200000,2380.0,call,53.32,0.041293,0.039,0.043,2479.19,0.0
1791513507,eth,1791619200000,3100.0,put,85.91,0.250449,0.246,0.254,2479.34,0.0
1791513507,eth,1791532800000,2800.0,put,82.12,0.129629,0.126,0.1325,2479.03,249.0
1791513507,eth,1813910400000,3200.0,put,53.16,0.347826,0.342,0.355,2560.93,48.0
1791513507,eth,1795766400000,4600.0,call,69.08,0.000883,0.0007,0.0011,2491.33,1378.0
1791513507,eth,1821772800000,3700.0,call,54.47,0.09433,0.0925,0.096,2591.35,50.0
1791513507,eth,1813910400000,2100.0,call,54.05,0.268889,0.265,0.272,2560.93,142.0
1791513507,eth,1793347200000,1950.0,call,62.84,0.218007,0.216,0.2195,2483.65,744.0
1791513507,eth,1792137600000,2700.0,call,45.78,0.002935,0.0027,0.0031,2480.29,1636.0
1791513507,eth,1793347200000,2650.0,put,44.94,0.085898,0.0845,0.087,2483.65,6856.0
1791513507,eth,1806048000000,3200.0,call,52.46,0.060617,0.06,0.061,2529.48,2003.0
1791513507,eth,1792742400000,2000.0,put,65.58,0.002295,0.0021,0.0023,2482.11,546.0
1791513507,eth,1793347200000,4200.0,put,77.6,0.691239,0.686,0.698,2483.8,0.0
1791513507,eth,1798185600000,3800.0,call,56.9,0.007487,0.007,0.008,2501.33,5873.0
1791513507,eth,1821772800000,2100.0,call,54.63,0.299909,0.2925,0.3075,2591.5,6.0
1791513507,eth,1806048000000,2400.0,call,52.23,0.164136,0.163,0.165,2529.48,2135.0
1791513507,eth,1806048000000,4000.0,put,55.11,0.606334,0.5935,0.6175,2529.48,0.0
1791513507,eth,1795766400000,2550.0,put,48.56,0.084316,0.0835,0.0845,2491.33,279.0
1791513507,eth,1791532800000,2780.0,call,82.12,0.0,,0.0001,2478.89,527.0
1791513507,eth,1791532800000,2900.0,call,82.12,0.0,,0.0001,2479.03,8439.0
1791513507,eth,1791792000000,2680.0,put,46.55,0.081554,0.078,0.0845,2479.69,0.0
1791513507,eth,1821772800000,3400.0,call,54.15,0.115805,0.114,0.1175,2591.5,1.0
1791513507,eth,1791705600000,2760.0,put,57.75,0.11331,0.11,0.1165,2479.55,0.0
1791513507,eth,1798185600000,2500.0,put,49.73,0.090802,0.09,0.0915,2501.33,3149.0
1791513507,eth,1791792000000,2740.0,call,53.35,0.000456,0.0003,0.0005,2479.69,0.0
1791513507,eth,1806048000000,4600.0,put,57.39,0.832802,0.8185,0.844,2529.48,0.0
1791513507,eth,1806048000000,3700.0,put,54.0,0.496941,0.4855,0.5065,2529.48,0.0
1791513507,eth,1791792000000,2600.0,call,39.47,0.001806,0.0016,0.002,2479.84,1116.0
1791513507,eth,1791619200000,2440.0,call,43.49,0.019777,0.0185,0.021,2479.34,429.0
1791513507,eth,1798185600000,1700.0,call,61.2,0.329313,0.3265,0.333,2501.33,365.0
1791513507,eth,1806048000000,2200.0,put,53.05,0.078308,0.0775,0.079,2529.48,2260.0
1791513507,eth,1791532800000,2350.0,call,83.74,0.051951,0.0495,0.055,2478.89,1.0
1791513507,eth,1793347200000,2850.0,put,47.45,0.15434,0.151,0.159,2483.65,114.0
1791513507,eth,1791705600000,2800.0,call,62.52,0.000106,,0.0001,2479.55,750.0
1791513507,eth,1791705600000,2850.0,put,69.47,0.149565,0.146,0.153,2479.55,0.0
1791513507,eth,1791705600000,2300.0,call,55.84,0.073081,0.071,0.075,2479.4,0.0
1791513507,eth,1821772800000,6500.0,put,59.4,1.530154,1.502,1.554,2591.5,0.0
1791513507,eth,1821772800000,2700.0,call,53.9,0.192222,0.19,0.194,2591.5,45.0
1791513507,eth,1793347200000,4400.0,put,81.88,0.77173,0.766,0.777,2483.8,0.0
1791513507,eth,1798185600000,3200.0,put,51.83,0.300372,0.292,0.306,2501.19,311.0
1791513507,eth,1798185600000,10000.0,call,91.63,0.00011,0.0001,0.0002,2501.33,1741.0
1791513507,eth,1791792000000,2420.0,put,39.56,0.005675,0.005,0.006,2479.84,137.0
1791513507,eth,1813910400000,2800.0,call,52.89,0.141523,0.14,0.1425,2560.93,1318.0
1791513507,eth,1798185600000,5500.0,put,70.67,1.200167,1.1895,1.212,2501.33,0.0
1791513507,eth,1791705600000,2200.0,put,69.6,0.000249,0.0002,0.0003,2479.55,403.0
1791513507,eth,1793347200000,2350.0,put,46.85,0.022068,0.0215,0.0225,2483.8,3763.0
1791513507,eth,1821772800000,5000.0,put,56.61,0.972949,0.9525,0.9905,2591.35,0.0
1791513507,eth,1821772800000,4300.0,put,55.35,0.723808,0.7085,0.739,2591.5,0.0
1791513507,eth,1791619200000,2860.0,call,85.91,3.2e-05,,0.0001,2479.34,58.0
1791513507,eth,1791532800000,3100.0,put,82.19,0.250661,0.247,0.254,2478.89,0.0
1791513507,eth,1793347200000,2700.0,put,45.28,0.101649,0.0995,0.1015,2483.65,3583.0
1791513507,eth,1792137600000,2500.0,put,42.71,0.028298,0.0275,0.0285,2480.14,35020.0
1791513507,eth,1813910400000,2800.0,put,52.89,0.23494,0.232,0.2365,2560.93,837.0
1791513507,eth,1791705600000,2850.0,call,69.47,9.4e-05,,0.0001,2479.55,4.0
1791513507,eth,1791532800000,2720.0,put,82.12,0.097354,0.094,0.1005,2478.89,276.0
1791513507,eth,1795766400000,2650.0,call,48.6,0.045834,0.045,0.0465,2491.33,2797.0
1791513507,eth,1813910400000,2600.0,call,52.96,0.170374,0.169,0.1715,2560.93,404.0
1791513507,eth,1791619200000,2540.0,call,39.89,0.001768,0.0016,0.0019,2479.34,59.0
1791513507,eth,1813910400000,1300.0,put,63.09,0.017745,0.017,0.0185,2560.93,1689.0
1791513507,eth,1806048000000,5500.0,put,61.23,1.181875,1.1635,1.196,2529.48,0.0
1791513507,eth,1806048000000,1400.0,call,63.75,0.458955,0.4555,0.4625,2529.48,31.0
1791513507,eth,1813910400000,2400.0,put,53.22,0.142224,0.141,0.143,2560.78,397.0
1791513507,eth,1791532800000,2460.0,put,37.64,0.001092,0.0009,0.0012,2478.89,10.0
1791513507,eth,1821772800000,5200.0,put,57.02,1.045957,1.026,1.0645,2591.5,0.0
1791513507,eth,1792137600000,2600.0,put,42.68,0.055926,0.0545,0.057,2480.29,3978.0
1791513507,eth,1791705600000,2420.0,put,39.69,0.003792,0.0035,0.0039,2479.55,474.0
1791513507,eth,1821772800000,1500.0,call,58.76,0.460228,0.4535,0.466,2591.5,1.0
1791513507,eth,1791792000000,2520.0,call,36.48,0.007131,0.0065,0.0075,2479.69,423.0
1791513507,eth,1792742400000,3200.0,call,59.99,0.000765,0.0006,0.0009,2482.11,97.0
1791513507,eth,1795766400000,1600.0,call,69.52,0.361141,0.359,0.364,2491.33,18.0
1791513507,eth,1806048000000,1600.0,put,59.68,0.020552,0.02,0.021,2529.48,3056.0
1791513507,eth,1813910400000,3800.0,call,54.21,0.058745,0.0575,0.0595,2560.93,489.0
1791513507,eth,1791532800000,2500.0,call,34.02,0.000683,0.0005,0.0008,2478.89,766.0
1791513507,eth,1795766400000,2800.0,call,49.12,0.029741,0.0295,0.03,2491.33,3666.0
1791513507,eth,1821772800000,7000.0,call,60.46,0.018171,0.0175,0.019,2591.35,629.0
1791513507,eth,1793347200000,1500.0,call,85.9,0.396443,0.395,0.3975,2483.8,52.0
1791513507,eth,1798185600000,2500.0,call,49.73,0.091274,0.0905,0.092,2501.33,28866.0
1791513507,eth,1791619200000,2520.0,put,39.37,0.019681,0.0185,0.0205,2479.34,456.0
1791513507,eth,1793347200000,2800.0,call,46.6,0.00873,0.008,0.009,2483.65,4797.0
1791513507,eth,1806048000000,3900.0,put,54.73,0.569477,0.5575,0.58,2529.48,0.0
1791513507,eth,1806048000000,2400.0,put,52.23,0.113075,0.1125,0.114,2529.48,1460.0
1791513507,eth,1793347200000,3300.0,put,58.34,0.329991,0.325,0.3355,2483.8,0.0
1791513507,eth,1795766400000,2350.0,put,49.64,0.045816,0.045,0.0465,2491.33,739.0
1791513507,eth,1791792000000,2420.0,call,39.56,0.029667,0.0285,0.0305,2479.84,110.0
1791513507,eth,1798185600000,6000.0,put,74.0,1.399704,1.388,1.4135,2501.33,100.0
1791513507,eth,1806048000000,1700.0,call,58.04,0.354006,0.351,0.356,2529.48,1244.0
1791513507,eth,1791532800000,2680.0,put,82.12,0.081217,0.078,0.084,2479.03,347.0
1791513507,eth,1813910400000,1000.0,put,70.14,0.008494,0.008,0.009,2560.93,4822.0
1791513507,eth,1791792000000,2460.0,put,37.15,0.010295,0.0095,0.0105,2479.84,244.0
1791513507,eth,1821772800000,2900.0,call,53.87,0.165803,0.1635,0.1675,2591.5,328.0
1791513507,eth,1795766400000,2400.0,put,49.19,0.053857,0.053,0.0545,2491.33,2194.0
1791513507,eth,1821772800000,3200.0,put,53.99,0.368305,0.357,0.3785,2591.35,101.0
1791513507,eth,1793347200000,2550.0,put,44.69,0.058199,0.0575,0.0585,2483.8,3485.0
1791513507,eth,1798185600000,1400.0,put,71.3,0.003745,0.0035,0.004,2501.33,13810.0
1791513507,eth,1792742400000,2700.0,put,44.38,0.096037,0.093,0.0985,2482.11,316.0
1791513507,eth,1791532800000,2740.0,put,82.12,0.105423,0.102,0.1085,2478.89,1.0
1791513507,eth,1793347200000,2000.0,call,60.26,0.198631,0.1965,0.2,2483.8,738.0
1791513507,eth,1821772800000,5400.0,call,57.36,0.035421,0.0345,0.0365,2591.5,18.0
1791513507,eth,1791532800000,3400.0,put,84.41,0.371692,0.3675,0.3755,2478.89,0.0
1791513507,eth,1795766400000,2700.0,put,48.72,0.123568,0.121,0.1255,2491.33,1106.0
1791513507,eth,1798185600000,9000.0,put,89.75,2.598506,2.5795,2.618,2501.33,0.0
1791513507,eth,1813910400000,3600.0,call,53.8,0.069328,0.068,0.0705,2560.78,3340.0
1791513507,eth,1813910400000,4800.0,call,56.71,0.028307,0.0275,0.029,2560.93,135.0
1791513507,eth,1813910400000,4000.0,put,54.57,0.611902,0.6015,0.6245,2560.93,19.0
1791513507,eth,1791792000000,2300.0,call,53.19,0.07379,0.072,0.0755,2479.84,0.0
1791513507,eth,1798185600000,4600.0,call,63.74,0.002709,0.0024,0.003,2501.33,11128.0
1791513507,eth,1798185600000,10000.0,put,91.63,2.998223,2.97,3.023,2501.33,0.0
1791513507,eth,1791619200000,2500.0,call,39.29,0.005513,0.005,0.006,2479.34,1222.0
1791513507,eth,1806048000000,3200.0,put,52.46,0.325869,0.319,0.3335,2529.48,121.0
1791513507,eth,1806048000000,2600.0,call,51.88,0.128168,0.1275,0.129,2529.48,3158.0
1791513507,eth,1813910400000,3300.0,put,53.29,0.378492,0.373,0.3855,2560.93,69.0
1791513507,eth,1813910400000,1700.0,call,56.98,0.378186,0.374,0.3815,2560.78,692.0
1791513507,eth,1791792000000,2340.0,put,47.9,0.00205,0.0018,0.0022,2479.84,82.0
1791513507,eth,1795766400000,2450.0,call,48.91,0.079533,0.079,0.08,2491.33,431.0
1791513507,eth,1792742400000,2350.0,put,46.57,0.015221,0.0145,0.0155,2481.97,0.0
1791513507,eth,1791619200000,2320.0,call,64.35,0.064721,0.0625,0.0665,2479.34,18.0
1791513507,eth,1793347200000,3800.0,call,69.97,0.000391,0.0003,0.0005,2483.65,4715.0
1791513507,eth,1791705600000,2760.0,call,57.75,0.000138,,0.0002,2479.55,4.0
1791513507,eth,1821772800000,3500.0,call,54.23,0.107984,0.106,0.1095,2591.5,13.0
1791513507,eth,1798185600000,8000.0,call,83.69,0.000241,0.0002,0.0004,2501.19,2888.0
1791513507,eth,1813910400000,1600.0,put,58.19,0.034244,0.0335,0.035,2560.93,1979.0
1791513507,eth,1791619200000,2760.0,put,73.73,0.113389,0.11,0.1165,2479.19,0.0
1791513507,eth,1791532800000,2460.0,call,37.64,0.008632,0.008,0.0095,2478.89,0.0
1791513507,eth,1793347200000,1900.0,call,65.49,0.237541,0.2355,0.239,2483.65,274.0
1791513507,eth,1795766400000,3050.0,put,50.89,0.238972,0.233,0.2445,2491.33,49.0
1791513507,eth,1791532800000,2900.0,put,82.12,0.169973,0.1665,0.173,2479.03,105.0
1791513507,eth,1821772800000,2500.0,call,53.96,0.22283,0.2205,0.225,2591.5,20.0
1791513507,eth,1791532800000,2450.0,call,40.14,0.012161,0.01,0.0135,2478.89,1608.0
1791513507,eth,1798185600000,3100.0,put,51.12,0.264989,0.2585,0.271,2501.19,45.0
1791513507,eth,1791619200000,2350.0,put,59.13,0.000847,0.0007,0.0009,2479.34,181.0
1791513507,eth,1798185600000,6500.0,call,77.44,0.000638,0.0005,0.0009,2501.19,1901.0
1791513507,eth,1806048000000,3800.0,call,54.37,0.030517,0.03,0.031,2529.48,1784.0
1791513507,eth,1791792000000,2280.0,call,56.05,0.081651,0.0795,0.0835,2479.69,0.0
1791513507,eth,1791619200000,2900.0,put,85.91,0.169787,0.1665,0.173,2479.19,0.0
1791513507,eth,1806048000000,2300.0,put,52.58,0.094642,0.094,0.0955,2529.48,2352.0
1791513507,eth,1806048000000,1700.0,put,58.04,0.026171,0.0255,0.0265,2529.48,1635.0
1791513507,eth,1821772800000,4000.0,put,54.88,0.621177,0.6065,0.635,2591.5,28.0
1791513507,eth,1791792000000,2240.0,call,61.2,0.097438,0.0955,0.099,2479.69,1.0
1791513507,eth,1798185600000,1900.0,call,56.18,0.256861,0.2545,0.2585,2501.33,2686.0
1791513507,eth,1793347200000,2450.0,call,45.15,0.050232,0.0495,0.051,2483.8,1475.0
1791513507,eth,1793347200000,1750.0,put,73.26,0.001317,0.0012,0.0014,2483.8,641.0
1791513507,eth,1798185600000,1700.0,put,61.2,0.008992,0.0085,0.0095,2501.19,13112.0
1791513507,eth,1793347200000,1500.0,put,85.9,0.000393,0.0003,0.0005,2483.8,2686.0
1791513507,eth,1821772800000,4600.0,put,55.89,0.829255,0.8125,0.845,2591.5,0.0
1791513507,eth,1791792000000,2340.0,call,47.9,0.058307,0.056,0.06,2479.84,0.0
1791513507,eth,1791705600000,2660.0,call,45.22,0.000317,0.0002,0.0004,2479.55,23.0
1791513507,eth,1793347200000,2950.0,put,49.52,0.192119,0.1885,0.196,2483.65,137.0
1791513507,eth,1798185600000,6000.0,call,74.0,0.000836,0.0006,0.001,2501.19,10687.0
1791513507,eth,1793347200000,2800.0,put,46.6,0.136103,0.133,0.139,2483.8,619.0
1791513507,eth,1792742400000,2900.0,put,50.12,0.171076,0.1665,0.175,2482.11,0.0
1791513507,eth,1792137600000,2800.0,call,50.75,0.001389,0.0012,0.0015,2480.29,5685.0
1791513507,eth,1791705600000,2350.0,put,48.46,0.0013,0.0012,0.0014,2479.55,252.0
1791513507,eth,1791705600000,2360.0,call,47.13,0.049651,0.0475,0.0515,2479.55,0.0
1791513507,eth,1813910400000,800.0,call,76.35,0.692429,0.69,0.6945,2560.93,122.0
1791513507,eth,1791705600000,2650.0,call,44.22,0.000367,0.0003,0.0004,2479.55,0.0
1791513507,eth,1795766400000,4600.0,put,69.08,0.847435,0.839,0.856,2491.49,0.0
