snap_ts,asset,expiry_ms,strike,opt_type,mark_iv,mark_price,bid,ask,underlying_price,open_interest
1786639381,btc,1790323200000,84000.0,put,39.34,0.33077714,0.322,0.336,63170.54,34.7
1786639381,btc,1806048000000,180000.0,put,50.82,1.79029943,,,64541.92,0.0
1786639381,btc,1813910400000,72000.0,call,41.73,0.11519704,0.114,0.117,65258.02,24.8
1786639381,btc,1786694400000,68000.0,call,47.06,1.3e-07,,0.0001,62825.18,2599.8
1786639381,btc,1786867200000,61500.0,put,25.2,0.00171897,0.0015,0.0019,62854.62,16.3
1786639381,btc,1786694400000,59000.0,put,58.05,3.569e-05,,0.0001,62825.18,284.6
1786639381,btc,1786867200000,66000.0,put,29.02,0.05034336,,,62854.62,0.2
1786639381,btc,1813910400000,110000.0,put,41.68,0.70624979,0.5455,0.879,65258.02,0.3
1786639381,btc,1786780800000,70000.0,put,47.23,0.11389066,0.0001,,62846.45,0.0
1786639381,btc,1790323200000,150000.0,call,72.57,2.337e-05,,0.0001,63167.88,736.7
1786639381,btc,1786780800000,64000.0,put,26.73,0.01986237,0.018,0.022,62846.45,143.2
1786639381,btc,1790323200000,165000.0,put,75.32,1.61217671,,,63170.54,0.0
1786639381,btc,1790323200000,60000.0,call,36.76,0.07792712,0.077,0.079,63170.54,854.4
1786639381,btc,1790323200000,110000.0,put,56.02,0.74158234,0.73,0.7485,63170.54,116.1
1786639381,btc,1787299200000,60000.0,call,30.89,0.04914816,0.0465,0.05,62888.25,1.0
1786639381,btc,1786953600000,65000.0,put,25.49,0.03525948,,0.114,62863.09,0.0
1786639381,btc,1787904000000,66000.0,call,29.45,0.00722626,0.007,0.0075,62953.98,1069.4
1786639381,btc,1798185600000,130000.0,call,47.4,0.00087181,0.0007,0.0011,63876.73,1583.4
1786639381,btc,1786694400000,64000.0,put,28.41,0.01905876,0.017,0.02,62824.46,509.1
1786639381,btc,1790323200000,240000.0,call,75.51,1e-08,,0.0001,63170.54,220.0
1786639381,btc,1806048000000,92000.0,call,40.17,0.02436221,0.0235,0.0255,64541.92,126.2
1786639381,btc,1813910400000,58000.0,put,43.8,0.10310102,0.102,0.1045,65258.02,15.4
1786639381,btc,1806048000000,96000.0,put,40.41,0.50688524,0.3965,0.626,64541.92,1.6
1786639381,btc,1793347200000,88000.0,call,38.34,0.00260167,0.0024,0.0029,63436.41,6.1
1786639381,btc,1787904000000,64000.0,put,30.08,0.03352568,0.033,0.034,62953.67,821.1
1786639381,btc,1793347200000,62000.0,call,37.99,0.08089757,0.08,0.0815,63436.41,13.5
1786639381,btc,1790323200000,115000.0,put,59.97,0.82073896,0.811,0.828,63170.54,92.4
1786639381,btc,1813910400000,74000.0,call,41.57,0.10496813,0.1035,0.107,65258.02,13.3
1786639381,btc,1813910400000,68000.0,call,42.13,0.1383603,0.137,0.14,65258.02,10.1
1786639381,btc,1786694400000,62500.0,put,27.3,0.00241582,0.0023,0.0028,62825.25,407.7
1786639381,btc,1790323200000,75000.0,call,34.19,0.00399814,0.0038,0.0043,63170.54,3736.3
1786639381,btc,1787904000000,83000.0,put,47.92,0.31866842,,,62951.01,0.1
1786639381,btc,1806048000000,65000.0,put,41.2,0.13245875,0.131,0.1335,64541.92,656.6
1786639381,btc,1793347200000,57000.0,call,40.36,0.13235825,0.13,0.134,63436.41,0.0
1786639381,btc,1786694400000,58000.0,call,60.13,0.07675593,0.0001,,62825.18,0.0
1786639381,btc,1798185600000,210000.0,call,60.3,9.574e-05,,0.0002,63876.73,151.7
1786639381,btc,1798185600000,92000.0,call,40.06,0.00838164,0.008,0.009,63876.73,254.6
1786639381,btc,1790323200000,240000.0,put,75.51,2.79951602,,,63170.54,0.0
1786639381,btc,1806048000000,90000.0,call,40.07,0.02744046,0.0265,0.0285,64541.92,506.0
1786639381,btc,1786694400000,67000.0,put,40.96,0.066512,0.0645,0.068,62825.18,5.9
1786639381,btc,1786953600000,68000.0,put,37.15,0.08209257,,,62860.19,0.0
1786639381,btc,1798185600000,86000.0,call,39.17,0.01371194,0.0135,0.014,63876.73,332.8
1786639381,btc,1790323200000,95000.0,put,46.86,0.50431282,0.498,0.51,63170.54,147.6
1786639381,btc,1786867200000,57000.0,put,48.49,0.00011657,,0.0001,62854.62,0.0
1786639381,btc,1813910400000,90000.0,put,41.12,0.42894741,0.3375,0.5315,65258.02,0.4
1786639381,btc,1793347200000,68000.0,put,36.39,0.11113549,0.1095,0.113,63436.41,4.0
1786639381,btc,1787299200000,72000.0,call,42.07,0.00029645,0.0003,0.0004,62888.25,798.5
1786639381,btc,1806048000000,160000.0,put,47.39,1.48071947,,,64539.26,0.0
1786639381,btc,1798185600000,74000.0,call,38.84,0.04073255,0.04,0.041,63876.01,150.2
1786639381,btc,1790323200000,58000.0,put,38.17,0.01927016,0.0185,0.02,63170.54,1388.8
1786639381,btc,1798185600000,54000.0,call,43.6,0.1929592,0.1905,0.195,63876.01,33.1
1786639381,btc,1798185600000,200000.0,call,60.29,0.00015315,0.0001,0.0002,63876.01,951.4
1786639381,btc,1786953600000,70000.0,call,45.8,0.00015008,0.0001,0.0003,62863.09,0.0
1786639381,btc,1790323200000,320000.0,call,85.42,0.0,,0.0001,63170.54,276.6
1786639381,btc,1813910400000,72000.0,put,41.73,0.21864802,0.2165,0.2215,65258.02,1.3
1786639381,btc,1787299200000,64000.0,put,27.16,0.02625337,0.025,0.0275,62888.25,187.3
1786639381,btc,1798185600000,45000.0,call,50.35,0.31127749,0.309,0.313,63876.73,54.3
1786639381,btc,1787299200000,58000.0,call,34.64,0.07873753,,,62888.25,0.0
1786639381,btc,1813910400000,70000.0,call,41.93,0.12637122,0.125,0.128,65258.09,192.7
1786639381,btc,1787299200000,61000.0,call,29.54,0.03584131,0.027,0.045,62887.53,10.1
1786639381,btc,1798185600000,68000.0,put,39.33,0.13339775,0.1315,0.1345,63876.73,455.9
1786639381,btc,1798185600000,115000.0,put,44.35,0.80215931,,,63876.73,0.7
1786639381,btc,1806048000000,98000.0,put,40.49,0.53568737,0.4195,0.661,64541.92,0.2
1786639381,btc,1787904000000,100000.0,put,59.75,0.58868262,,,62951.01,0.5
1786639381,btc,1813910400000,78000.0,put,41.35,0.28249975,0.28,0.286,65258.02,0.4
1786639381,btc,1793347200000,48000.0,put,47.93,0.00946211,0.009,0.0095,63436.41,175.9
1786639381,btc,1788508800000,61000.0,put,33.65,0.01867884,0.018,0.019,63014.35,8.0
1786639381,btc,1790323200000,84000.0,call,39.34,0.00094717,0.0009,0.0011,63170.54,1676.0
1786639381,btc,1798185600000,102000.0,put,41.82,0.60084981,,,63876.73,7.8
1786639381,btc,1813910400000,120000.0,call,42.26,0.01371587,0.013,0.015,65258.02,120.3
1786639381,btc,1786780800000,71000.0,put,47.3,0.12980102,0.0001,,62845.67,0.0
1786639381,btc,1790323200000,165000.0,call,75.32,9.45e-06,,0.0001,63170.54,184.2
1786639381,btc,1787904000000,98000.0,put,59.46,0.55691067,,,62951.01,0.0
1786639381,btc,1790323200000,65000.0,put,34.43,0.06350304,0.0625,0.0645,63170.54,688.7
1786639381,btc,1786867200000,56000.0,put,55.93,0.00011226,,0.0001,62854.62,7.0
1786639381,btc,1806048000000,170000.0,put,48.99,1.6354521,,,64541.92,0.1
1786639381,btc,1786694400000,80000.0,call,51.26,0.0,,0.0001,62824.46,905.1
1786639381,btc,1790323200000,160000.0,put,75.32,1.53302592,,,63170.54,0.6
1786639381,btc,1790323200000,80000.0,put,36.14,0.26798938,0.26,0.273,63170.54,612.6
1786639381,btc,1787299200000,56000.0,put,39.83,0.00044647,0.0003,0.0005,62888.25,101.8
1786639381,btc,1786953600000,66000.0,call,28.47,0.00050956,0.0005,0.0007,62863.09,13.4
1786639381,btc,1786953600000,57000.0,call,41.84,0.09327786,,,62860.19,0.0
1786639381,btc,1786867200000,67000.0,put,34.11,0.06617327,,,62854.62,0.0
1786639381,btc,1790323200000,180000.0,call,75.32,2.28e-06,,0.0001,63170.54,748.1
1786639381,btc,1806048000000,90000.0,put,40.07,0.42206776,0.341,0.504,64539.26,14.1
1786639381,btc,1793347200000,80000.0,put,36.52,0.26844836,0.26,0.2865,63436.41,0.7
1786639381,btc,1806048000000,54000.0,put,43.98,0.0603742,0.059,0.0615,64541.92,58.7
1786639381,btc,1787904000000,90000.0,call,55.07,2.085e-05,,0.0001,62951.01,368.4
1786639381,btc,1786953600000,67000.0,call,32.66,0.00031896,0.0003,0.0005,62863.09,0.4
1786639381,btc,1806048000000,60000.0,put,42.19,0.09469298,0.0935,0.096,64541.92,613.2
1786639381,btc,1798185600000,65000.0,call,39.78,0.08809069,0.0875,0.089,63876.73,1014.6
1786639381,btc,1786867200000,63000.0,call,23.44,0.00683357,0.0065,0.0075,62854.72,47.0
1786639381,btc,1787904000000,53000.0,call,45.01,0.1588942,0.156,0.162,62951.01,10.9
1786639381,btc,1798185600000,190000.0,call,58.86,0.00018642,0.0001,0.0003,63876.73,993.0
1786639381,btc,1790323200000,105000.0,put,53.07,0.66246472,0.651,0.6695,63167.88,104.6
1786639381,btc,1798185600000,230000.0,put,63.04,2.6008096,,,63876.73,0.0
1786639381,btc,1790323200000,72000.0,call,33.97,0.00805206,0.008,0.0085,63170.54,3371.7
1786639381,btc,1790323200000,130000.0,put,63.53,1.05810716,,,63170.54,21.4
1786639381,btc,1790323200000,70000.0,put,33.66,0.12049949,0.118,0.123,63167.88,1522.8
1786639381,btc,1806048000000,150000.0,call,46.28,0.00187105,0.0016,0.0023,64541.92,1913.1
1786639381,btc,1798185600000,45000.0,put,50.35,0.01576954,0.015,0.0155,63876.73,2905.8
1786639381,btc,1793347200000,67000.0,put,36.58,0.10082855,0.0995,0.1025,63436.41,15.3
1786639381,btc,1786867200000,64500.0,call,23.71,0.00096035,0.0008,0.0012,62854.62,153.2
1786639381,btc,1813910400000,60000.0,call,43.37,0.19686782,0.1945,0.199,65255.1,943.2
1786639381,btc,1786694400000,63500.0,put,27.7,0.01190774,0.0105,0.0125,62825.18,149.5
1786639381,btc,1786780800000,60000.0,call,36.79,0.04552009,0.0001,,62846.45,0.0
1786639381,btc,1786694400000,50000.0,put,71.24,0.0,,0.0001,62824.46,156.5
1786639381,btc,1787299200000,67000.0,call,28.45,0.00113347,0.0011,0.0014,62887.53,1805.2
1786639381,btc,1788508800000,68000.0,call,31.36,0.00663133,0.0065,0.007,63014.35,11.3
1786639381,btc,1793347200000,59000.0,call,39.28,0.11006681,0.108,0.1115,63436.41,1.0
1786639381,btc,1790323200000,220000.0,call,75.38,6e-08,,0.0001,63167.88,230.1
1786639381,btc,1806048000000,106000.0,call,41.11,0.01097875,0.0105,0.012,64541.92,43.7
1786639381,btc,1793347200000,48000.0,call,47.93,0.25275437,0.2505,0.255,63436.41,0.1
1786639381,btc,1787904000000,80000.0,call,45.2,0.00012752,0.0001,0.0002,62951.01,2145.8
1786639381,btc,1790323200000,100000.0,call,51.19,0.00029566,0.0002,0.0005,63170.54,3632.8
1786639381,btc,1806048000000,98000.0,call,40.49,0.01710239,0.0165,0.018,64541.92,102.1
1786639381,btc,1793347200000,88000.0,put,38.34,0.38989919,,,63436.41,0.0
1786639381,btc,1786694400000,65000.0,put,31.79,0.03469744,0.033,0.036,62825.18,92.3
1786639381,btc,1786780800000,57000.0,call,56.18,0.09303046,0.0001,,62846.45,0.0
1786639381,btc,1790323200000,60000.0,put,36.76,0.02779651,0.027,0.0285,63170.54,4876.3
1786639381,btc,1798185600000,72000.0,put,38.91,0.17581133,0.1735,0.1775,63876.01,330.5
1786639381,btc,1806048000000,56000.0,call,43.28,0.2026977,0.2005,0.2055,64541.92,16.9
1786639381,btc,1787904000000,62000.0,put,31.22,0.01794169,0.0175,0.0185,62953.98,909.8
1786639381,btc,1813910400000,55000.0,call,44.56,0.24225692,0.239,0.2445,65255.1,2.5
1786639381,btc,1786953600000,57000.0,put,41.84,0.00012898,,0.0002,62863.09,0.0
1786639381,btc,1788508800000,63000.0,call,32.51,0.03165093,0.031,0.032,63014.35,0.0
1786639381,btc,1798185600000,56000.0,call,42.62,0.17009065,0.168,0.172,63876.73,41.4
1786639381,btc,1788508800000,75000.0,put,35.1,0.1909831,,,63014.35,0.0
1786639381,btc,1786867200000,66000.0,call,29.02,0.00022564,0.0002,0.0004,62854.62,47.3
1786639381,btc,1790323200000,52000.0,put,44.56,0.00658547,0.006,0.007,63170.54,1287.7
1786639381,btc,1806048000000,86000.0,put,39.98,0.36771922,0.3115,0.428,64541.92,1.8
1786639381,btc,1806048000000,40000.0,put,52.23,0.01907059,0.018,0.02,64541.92,1135.4
1786639381,btc,1806048000000,120000.0,call,42.64,0.00561313,0.005,0.0065,64541.92,328.8
1786639381,btc,1788508800000,58000.0,call,36.49,0.08758083,0.085,0.0895,63014.35,0.0
1786639381,btc,1793347200000,80000.0,call,36.52,0.00726879,0.007,0.008,63436.41,233.8
1786639381,btc,1813910400000,140000.0,call,43.73,0.00687689,0.006,0.008,65258.02,213.6
1786639381,btc,1786867200000,60000.0,call,30.49,0.04571702,,,62854.62,0.0
1786639381,btc,1790323200000,190000.0,call,75.38,9.1e-07,,0.0001,63167.88,772.5
1786639381,btc,1806048000000,56000.0,put,43.28,0.07043624,0.069,0.0715,64541.92,83.2
1786639381,btc,1813910400000,56000.0,call,44.31,0.23268622,0.23,0.2345,65255.1,2.0
1786639381,btc,1790323200000,64000.0,call,34.75,0.0413694,0.041,0.042,63170.54,716.7
1786639381,btc,1787904000000,40000.0,put,69.36,1.61e-05,,0.0001,62951.01,753.2
1786639381,btc,1790323200000,220000.0,put,75.38,2.48288973,,,63167.88,1.8
1786639381,btc,1798185600000,50000.0,call,46.08,0.24285154,0.2405,0.245,63876.73,260.8
1786639381,btc,1786694400000,52000.0,call,71.24,0.17225962,,,62825.18,0.0
1786639381,btc,1793347200000,45000.0,put,51.64,0.00667596,0.006,0.0065,63436.41,49.9
1786639381,btc,1793347200000,69000.0,call,36.24,0.03423704,0.034,0.035,63436.41,36.9
1786639381,btc,1813910400000,84000.0,call,41.15,0.0656897,0.0645,0.0675,65258.09,2.7
1786639381,btc,1790323200000,40000.0,put,65.53,0.00135218,0.0012,0.0015,63170.54,2326.1
1786639381,btc,1790323200000,280000.0,put,81.51,3.43276868,,,63170.54,0.0
1786639381,btc,1793347200000,69000.0,put,36.24,0.12200442,0.12,0.124,63436.41,0.1
1786639381,btc,1793347200000,62000.0,put,37.99,0.05831173,0.0575,0.059,63436.41,24.5
1786639381,btc,1813910400000,88000.0,put,41.09,0.40306961,0.4,0.4075,65255.1,0.1
1786639381,btc,1793347200000,40000.0,call,58.5,0.3732177,,,63436.41,0.0
1786639381,btc,1793347200000,86000.0,put,37.75,0.35905203,,,63436.41,0.1
1786639381,btc,1806048000000,82000.0,put,39.86,0.31531452,0.312,0.318,64541.92,3.9
1786639381,btc,1798185600000,64000.0,call,39.98,0.09540474,0.0945,0.096,63876.73,420.8
1786639381,btc,1786953600000,62500.0,put,24.23,0.00706179,0.0065,0.0075,62863.09,1.6
1786639381,btc,1806048000000,95000.0,put,40.33,0.49251027,0.3855,0.6075,64539.26,0.6
1786639381,btc,1798185600000,95000.0,call,40.55,0.00662806,0.0065,0.0075,63876.73,1302.3
1786639381,btc,1790323200000,95000.0,call,46.86,0.00033802,0.0002,0.0007,63170.54,1861.6
1786639381,btc,1790323200000,35000.0,call,76.3,0.44668768,0.444,0.4495,63170.54,29.3
1786639381,btc,1786694400000,65500.0,put,32.06,0.04263795,0.0001,,62825.18,0.0
1786639381,btc,1798185600000,240000.0,put,64.69,2.75736029,,,63876.73,0.0
1786639381,btc,1787904000000,86000.0,put,52.25,0.36631505,,,62951.01,0.0
1786639381,btc,1813910400000,105000.0,call,41.48,0.02529846,0.025,0.0265,65258.02,98.9
1786639381,btc,1798185600000,86000.0,put,39.17,0.36007451,0.344,0.384,63876.73,23.4
1786639381,btc,1787904000000,79000.0,call,44.83,0.00018307,0.0002,0.0003,62953.67,1024.1
1786639381,btc,1790323200000,200000.0,call,75.38,3.6e-07,,0.0001,63170.54,1009.2
1786639381,btc,1787904000000,78000.0,put,43.51,0.23938988,,,62951.01,4.1
1786639381,btc,1786780800000,59000.0,put,44.78,0.00018577,0.0001,0.0002,62846.45,9.1
1786639381,btc,1806048000000,150000.0,put,46.28,1.32624859,,,64539.26,0.5
1786639381,btc,1790323200000,45000.0,put,55.56,0.00236165,0.0021,0.0025,63170.54,2176.3
1786639381,btc,1798185600000,20000.0,call,86.37,0.68819866,0.686,0.69,63876.73,2.7
1786639381,btc,1806048000000,110000.0,call,41.52,0.00896823,0.0085,0.01,64541.92,532.9
1786639381,btc,1790323200000,145000.0,call,69.92,2.304e-05,,0.0001,63167.88,493.2
1786639381,btc,1806048000000,125000.0,call,43.34,0.00460557,0.0041,0.005,64541.92,126.1
1786639381,btc,1798185600000,150000.0,put,52.36,1.34882504,,,63876.01,2.0
1786639381,btc,1813910400000,120000.0,put,42.26,0.85280084,0.659,1.111,65255.1,0.1
1786639381,btc,1793347200000,63000.0,put,37.64,0.06557442,0.0645,0.0665,63436.41,332.4
1786639381,btc,1790323200000,160000.0,call,75.32,1.525e-05,,0.0002,63170.54,1444.3
1786639381,btc,1813910400000,64000.0,put,42.65,0.14628811,0.145,0.148,65258.02,13.2
1786639381,btc,1786867200000,65500.0,call,26.97,0.00033353,0.0003,0.0005,62854.62,515.2
1786639381,btc,1813910400000,95000.0,call,41.19,0.03947437,0.0385,0.041,65258.02,26.4
1786639381,btc,1798185600000,98000.0,call,41.04,0.00527499,0.0055,0.006,63876.01,210.0
1786639381,btc,1786694400000,52000.0,put,71.24,0.0,,0.0001,62825.18,304.8
1786639381,btc,1788508800000,65000.0,put,31.74,0.04958953,0.048,0.051,63014.35,0.0
1786639381,btc,1798185600000,108000.0,put,42.95,0.69347739,,,63876.01,0.1
1786639381,btc,1787299200000,56000.0,call,39.83,0.1099057,,,62888.25,0.0
1786639381,btc,1786694400000,64500.0,call,31.19,0.00010614,0.0001,0.0002,62825.25,202.3
1786639381,btc,1813910400000,74000.0,put,41.57,0.23907053,0.2365,0.242,65258.02,0.1
1786639381,btc,1787904000000,94000.0,put,59.46,0.49337412,,,62953.67,0.0
1786639381,btc,1790323200000,86000.0,call,40.34,0.00070355,0.0006,0.0009,63170.54,898.4
1786639381,btc,1786953600000,56000.0,call,45.45,0.10913303,,,62860.19,0.0
1786639381,btc,1798185600000,115000.0,call,44.35,0.00179075,0.0016,0.0021,63876.73,2339.9
1786639381,btc,1788508800000,64000.0,put,32.06,0.03984326,0.039,0.0405,63014.35,0.0
1786639381,btc,1806048000000,140000.0,put,45.33,1.17211304,,,64541.92,0.0
1786639381,btc,1798185600000,80000.0,put,38.83,0.27604704,0.2725,0.279,63876.73,951.8
1786639381,btc,1790323200000,56000.0,put,39.96,0.01333012,0.013,0.014,63170.54,1386.2
1786639381,btc,1787904000000,50000.0,put,51.74,0.00042261,0.0003,0.0005,62953.98,2786.7
1786639381,btc,1806048000000,70000.0,put,40.68,0.17868483,0.1765,0.1805,64541.92,211.8
1786639381,btc,1786867200000,69000.0,put,42.9,0.09791457,,,62854.62,0.0
1786639381,btc,1813910400000,86000.0,call,41.12,0.05976911,0.0585,0.0615,65258.02,2.9
1786639381,btc,1786867200000,62000.0,call,24.12,0.01661375,,,62851.77,0.0
1786639381,btc,1786780800000,65500.0,put,32.91,0.04254325,0.0001,,62846.45,0.0
1786639381,btc,1786780800000,64000.0,call,26.73,0.0014506,0.0013,0.0018,62846.45,90.6
1786639381,btc,1806048000000,64000.0,call,41.38,0.13262781,0.1315,0.134,64541.92,135.2
1786639381,btc,1788508800000,60000.0,put,34.37,0.01409992,0.0135,0.0145,63014.35,0.2
1786639381,btc,1798185600000,82000.0,put,38.92,0.30343954,0.2995,0.307,63876.01,158.8
1786639381,btc,1787904000000,78000.0,call,43.51,0.00021893,0.0002,0.0003,62953.67,1317.5
1786639381,btc,1788508800000,61000.0,call,33.65,0.05059328,0.0495,0.0515,63014.35,4.9
1786639381,btc,1798185600000,90000.0,put,39.63,0.41870137,0.414,0.423,63876.01,590.6
1786639381,btc,1787904000000,92000.0,call,58.29,2.154e-05,,0.0001,62951.01,112.6
1786639381,btc,1806048000000,50000.0,call,45.68,0.26896096,0.2665,0.272,64541.92,20.6
1786639381,btc,1786867200000,61000.0,call,26.75,0.03042505,,,62854.62,0.0
1786639381,btc,1787904000000,79000.0,put,44.83,0.25524083,,,62951.01,0.7
1786639381,btc,1793347200000,74000.0,put,36.03,0.18369235,0.181,0.187,63436.41,0.3
1786639381,btc,1813910400000,140000.0,put,43.73,1.15247602,,,65258.02,0.0
1786639381,btc,1786780800000,62500.0,put,26.64,0.00469959,0.0045,0.0055,62845.67,62.0
1786639381,btc,1786867200000,62000.0,put,24.12,0.00308181,0.0028,0.0034,62854.62,43.8
1786639381,btc,1798185600000,180000.0,put,56.79,1.81817445,,,63876.01,0.0
1786639381,btc,1787904000000,88000.0,put,52.74,0.3980646,,,62951.01,0.0
1786639381,btc,1787904000000,96000.0,put,59.46,0.52514066,,,62951.01,0.2
1786639381,btc,1787904000000,86000.0,call,52.25,4.963e-05,,0.0001,62951.01,158.9
1786639381,btc,1813910400000,76000.0,call,41.44,0.09560871,0.094,0.0975,65258.09,20.9
1786639381,btc,1798185600000,35000.0,put,61.82,0.00622805,0.0055,0.0065,63876.73,2361.5
1786639381,btc,1790323200000,150000.0,put,72.57,1.37472087,,,63170.54,0.7
1786639381,btc,1787904000000,57000.0,call,37.51,0.0975642,0.095,0.1,62951.01,28.5
1786639381,btc,1793347200000,61000.0,call,38.37,0.09000414,0.0885,0.091,63436.41,1.2
1786639381,btc,1806048000000,50000.0,put,45.68,0.04375391,0.0425,0.0445,64541.92,2109.1
1786639381,btc,1806048000000,190000.0,call,51.98,0.00086254,0.0007,0.0013,64541.92,883.6
1786639381,btc,1788508800000,70000.0,call,31.72,0.00324203,0.0031,0.0035,63014.35,19.0
1786639381,btc,1798185600000,110000.0,call,43.36,0.00239273,0.0022,0.0028,63876.73,2639.8
1786639381,btc,1786953600000,58000.0,put,36.83,0.00017934,0.0001,0.0002,62863.09,0.0
1786639381,btc,1787904000000,48000.0,put,56.46,0.00027019,0.0002,0.0003,62953.67,1515.8
1786639381,btc,1786953600000,64500.0,put,24.51,0.02802724,,0.0985,62860.19,0.0
1786639381,btc,1790323200000,88000.0,put,42.06,0.39376387,,,63167.88,5.7
1786639381,btc,1787299200000,59000.0,call,32.53,0.06359772,,0.138,62888.25,0.0
1786639381,btc,1786694400000,63500.0,call,27.7,0.00110939,0.0012,0.0013,62825.18,349.7
1786639381,btc,1786867200000,68000.0,call,38.43,8.937e-05,0.0001,0.0002,62854.62,2.8
1786639381,btc,1788508800000,62000.0,call,33.02,0.04046862,0.04,0.041,63014.35,0.0
1786639381,btc,1786694400000,60000.0,call,49.98,0.04501433,0.041,0.046,62825.18,1.0
1786639381,btc,1806048000000,76000.0,put,40.06,0.24260992,0.2395,0.245,64541.92,19.2
1786639381,btc,1793347200000,64000.0,call,37.31,0.06449242,0.064,0.0655,63435.56,421.6
1786639381,btc,1790323200000,76000.0,call,34.43,0.00320224,0.003,0.0035,63170.54,2817.0
1786639381,btc,1790323200000,110000.0,call,56.02,0.00013758,0.0001,0.0002,63170.54,1324.7
1786639381,btc,1798185600000,82000.0,call,38.92,0.01969848,0.0195,0.02,63876.01,541.7
1786639381,btc,1786953600000,65000.0,call,25.49,0.00113101,0.0011,0.0014,62863.09,2.0
1786639381,btc,1786780800000,61500.0,put,28.85,0.00126461,0.0011,0.0014,62845.67,13.4
1786639381,btc,1790323200000,55000.0,put,40.98,0.01111372,0.0105,0.0115,63170.54,2567.8
1786639381,btc,1798185600000,130000.0,put,47.4,1.03607105,,,63876.73,54.9
1786639381,btc,1798185600000,106000.0,call,42.56,0.00305847,0.0028,0.0035,63876.01,320.2
1786639381,btc,1786867200000,64000.0,call,22.98,0.00188444,0.0017,0.0022,62854.72,13.0
1786639381,btc,1798185600000,30000.0,call,68.57,0.53411999,0.5325,0.536,63876.73,291.0
1786639381,btc,1798185600000,180000.0,call,56.79,0.00020627,0.0001,0.0004,63876.73,923.8
1786639381,btc,1790323200000,74000.0,put,34.06,0.17655762,0.1735,0.179,63167.88,110.7
1786639381,btc,1798185600000,106000.0,put,42.56,0.66252862,,,63876.01,0.2
1786639381,btc,1787904000000,84000.0,put,48.6,0.33454039,,,62951.01,0.8
1786639381,btc,1806048000000,88000.0,put,40.02,0.39464105,0.33,0.4655,64539.26,4.5
1786639381,btc,1793347200000,57000.0,put,40.36,0.03094869,0.03,0.0315,63436.41,100.2
1786639381,btc,1786694400000,64000.0,call,28.41,0.00030137,0.0003,0.0005,62825.18,355.7
1786639381,btc,1786953600000,69000.0,put,40.37,0.09791518,,,62860.19,0.0
1786639381,btc,1786780800000,64500.0,call,28.23,0.00073867,0.0007,0.0009,62846.45,191.0
1786639381,btc,1798185600000,62000.0,put,40.45,0.08200366,0.081,0.083,63876.73,970.5
1786639381,btc,1790323200000,45000.0,call,55.56,0.28995333,0.287,0.2925,63170.54,224.8
1786639381,btc,1786867200000,65000.0,call,25.03,0.00052687,0.0006,0.0007,62854.72,36.8
1786639381,btc,1806048000000,200000.0,call,52.01,0.0005898,0.0003,0.0008,64541.92,497.0
1786639381,btc,1786694400000,50000.0,call,71.24,0.20409579,,,62825.18,0.0
1786639381,btc,1786780800000,69000.0,put,45.34,0.09798437,0.0001,,62845.67,0.0
1786639381,btc,1793347200000,60000.0,put,38.79,0.04561127,0.045,0.046,63436.41,554.8
1786639381,btc,1786953600000,60000.0,put,29.09,0.00065474,0.0005,0.0007,62863.09,35.2
1786639381,btc,1793347200000,52000.0,put,43.92,0.01579094,0.015,0.016,63436.41,46.7
1786639381,btc,1798185600000,140000.0,put,49.97,1.1924117,,,63876.73,0.2
1786639381,btc,1790323200000,125000.0,put,61.77,0.97896297,,,63170.54,21.8
1786639381,btc,1786953600000,62500.0,call,24.23,0.01270749,0.0125,0.0135,62860.19,0.0
1786639381,btc,1787904000000,92000.0,put,58.29,0.4616078,,,62951.01,1.2
1786639381,btc,1786867200000,70000.0,put,43.07,0.11378005,,,62854.62,0.0
1786639381,btc,1813910400000,55000.0,put,44.56,0.08517087,0.084,0.0865,65258.02,9.1
1786639381,btc,1806048000000,102000.0,put,40.76,0.59420282,0.4615,0.739,64541.92,0.1
1786639381,btc,1787904000000,75000.0,put,38.67,0.19185558,0.187,0.1965,62951.01,44.2
1786639381,btc,1788508800000,64000.0,call,32.06,0.02414694,0.0235,0.0245,63014.35,60.2
1786639381,btc,1806048000000,96000.0,call,40.41,0.01929302,0.0185,0.0205,64541.92,132.9
1786639381,btc,1793347200000,60000.0,call,38.79,0.09972659,0.0985,0.101,63436.41,11.4
1786639381,btc,1790323200000,98000.0,put,49.51,0.55178107,,,63170.54,0.1
1786639381,btc,1790323200000,40000.0,call,65.53,0.36809951,0.3655,0.37,63170.54,34.4
1786639381,btc,1787904000000,77000.0,call,41.5,0.00023139,0.0002,0.0003,62953.67,230.2
1786639381,btc,1793347200000,76000.0,put,36.08,0.21093183,0.208,0.221,63435.56,0.0
1786639381,btc,1790323200000,155000.0,call,75.11,2.365e-05,,0.0002,63167.88,363.1
1786639381,btc,1813910400000,100000.0,put,41.28,0.56400942,0.4395,0.708,65258.02,0.1
1786639381,btc,1793347200000,45000.0,call,51.64,0.29726245,,,63436.41,0.0
1786639381,btc,1793347200000,66000.0,call,36.8,0.05064026,0.05,0.0515,63436.41,149.1
1786639381,btc,1787904000000,82000.0,put,47.91,0.30281444,,,62951.01,1.5
1786639381,btc,1793347200000,58000.0,call,39.8,0.12095647,0.119,0.1225,63436.41,0.0
1786639381,btc,1798185600000,70000.0,put,39.09,0.15384577,0.152,0.155,63876.73,1006.6
1786639381,btc,1790323200000,68000.0,put,33.72,0.09540722,0.0935,0.0975,63170.54,616.3
1786639381,btc,1793347200000,90000.0,call,38.87,0.00205526,0.0019,0.0023,63436.41,60.1
1786639381,btc,1798185600000,125000.0,call,46.37,0.00108204,0.0009,0.0013,63876.73,595.4
1786639381,btc,1806048000000,95000.0,call,40.33,0.02041424,0.02,0.0215,64541.92,343.0
1786639381,btc,1793347200000,56000.0,call,40.92,0.14419155,0.142,0.146,63436.41,0.0
1786639381,btc,1813910400000,40000.0,put,51.04,0.02865098,0.0275,0.029,65258.09,507.4
1786639381,btc,1798185600000,70000.0,call,39.09,0.05796925,0.057,0.0585,63876.73,1830.4
1786639381,btc,1786953600000,61500.0,call,25.3,0.02423981,,0.0965,62860.19,0.0
1786639381,btc,1798185600000,30000.0,put,68.57,0.00378136,0.0035,0.004,63876.01,2135.6
1786639381,btc,1790323200000,140000.0,call,69.71,3.842e-05,,0.0001,63170.54,1184.3
1786639381,btc,1787299200000,65000.0,put,26.98,0.03804009,0.0355,0.0405,62888.25,98.9
1786639381,btc,1813910400000,95000.0,put,41.19,0.49541663,0.39,0.615,65255.1,20.1
1786639381,btc,1798185600000,100000.0,call,41.7,0.00475334,0.0044,0.0055,63876.01,3650.6
1786639381,btc,1793347200000,70000.0,put,36.12,0.13341001,0.1315,0.1355,63435.56,11.8
1786639381,btc,1786780800000,57000.0,put,56.18,5.344e-05,,0.0001,62845.67,51.2
1786639381,btc,1813910400000,82000.0,put,41.21,0.3288948,0.326,0.3325,65255.1,0.2
1786639381,btc,1790323200000,180000.0,put,75.32,1.84963928,,,63170.54,7.3
1786639381,btc,1787299200000,66000.0,put,27.08,0.05166068,,0.1295,62887.53,11.7
1786639381,btc,1806048000000,62000.0,put,41.75,0.10880773,0.1075,0.11,64541.92,244.2
1786639381,btc,1790323200000,102000.0,put,52.71,0.61506956,,,63170.54,0.4
1786639381,btc,1793347200000,68000.0,call,36.39,0.03913286,0.0385,0.04,63436.41,67.6
1786639381,btc,1788508800000,70000.0,put,31.72,0.11415987,0.1115,0.117,63014.35,0.1
1786639381,btc,1788508800000,75000.0,call,35.1,0.00071398,0.0007,0.0009,63014.35,0.2
1786639381,btc,1787904000000,59000.0,call,34.41,0.06890505,0.0665,0.071,62951.01,214.3
1786639381,btc,1786694400000,75000.0,put,47.53,0.19385632,,,62825.18,0.3
1786639381,btc,1786694400000,67000.0,call,40.96,3.5e-07,,0.0001,62825.18,779.9
1786639381,btc,1798185600000,105000.0,call,42.4,0.0032763,0.003,0.0037,63876.73,828.9
1786639381,btc,1786953600000,63000.0,call,24.13,0.00851061,0.008,0.009,62863.09,4.1
1786639381,btc,1786694400000,58000.0,put,60.13,4.82e-06,,0.0001,62825.18,1556.8
1786639381,btc,1786780800000,62000.0,put,27.27,0.00242352,0.0022,0.0027,62845.67,16.2
1786639381,btc,1798185600000,52000.0,call,44.7,0.21718597,0.2145,0.219,63876.73,0.1
1786639381,btc,1798185600000,58000.0,put,41.77,0.05680414,0.056,0.0575,63876.73,2135.0
1786639381,btc,1787299200000,63000.0,put,27.84,0.01702716,0.0165,0.0175,62888.25,201.5
1786639381,btc,1790323200000,145000.0,put,69.92,1.29556396,,,63167.88,0.2
1786639381,btc,1786953600000,64000.0,put,23.95,0.02135435,,0.068,62860.19,0.5
1786639381,btc,1787904000000,105000.0,put,63.37,0.66811576,,,62951.01,1.0
1786639381,btc,1793347200000,55000.0,call,41.62,0.15659978,0.1055,0.1585,63436.41,0.0
1786639381,btc,1798185600000,94000.0,put,40.32,0.47871647,0.432,0.54,63876.73,5.3
1786639381,btc,1786780800000,64500.0,put,28.23,0.02710679,0.0006,0.105,62846.45,0.0
1786639381,btc,1788508800000,68000.0,put,31.36,0.08580866,0.0835,0.089,63014.35,0.0
1786639381,btc,1798185600000,220000.0,call,61.32,7.608e-05,,0.0002,63876.01,252.8
1786639381,btc,1806048000000,80000.0,call,39.94,0.05074004,0.0505,0.052,64541.92,928.5
1786639381,btc,1790323200000,175000.0,put,75.32,1.77048407,,,63170.54,0.2
1786639381,btc,1786867200000,67000.0,call,34.11,0.00014389,0.0001,0.0003,62854.62,42.7
1786639381,btc,1813910400000,66000.0,call,42.34,0.15129089,0.15,0.153,65258.02,27.4
1786639381,btc,1798185600000,56000.0,put,42.62,0.04679186,0.046,0.0475,63876.73,462.3
1786639381,btc,1787904000000,75000.0,call,38.67,0.00034504,0.0003,0.0005,62953.67,2735.0
1786639381,btc,1790323200000,75000.0,put,34.19,0.19134473,0.188,0.1945,63170.54,2967.2
1786639381,btc,1813910400000,66000.0,put,42.34,0.16275548,0.1615,0.165,65258.09,35.0
1786639381,btc,1798185600000,94000.0,call,40.32,0.00711087,0.007,0.008,63876.73,117.8
1786639381,btc,1786780800000,70000.0,call,47.23,2.78e-06,,0.0001,62845.67,5.3
1786639381,btc,1786694400000,62000.0,put,29.06,0.00085287,0.0006,0.001,62825.18,1460.2
1786639381,btc,1786867200000,65500.0,put,26.97,0.04249548,,,62854.62,0.0
1786639381,btc,1798185600000,140000.0,call,49.97,0.00065867,0.0005,0.0011,63876.01,1482.0
1786639381,btc,1786953600000,63500.0,put,23.85,0.01554117,0.0145,0.0165,62860.19,1.0
1786639381,btc,1793347200000,71000.0,call,36.1,0.02610874,0.0255,0.027,63436.41,252.6
1786639381,btc,1790323200000,90000.0,call,43.51,0.00051026,0.0004,0.0006,63170.54,3018.7
1786639381,btc,1787904000000,72000.0,call,33.76,0.00063357,0.0006,0.0008,62953.67,2945.9
1786639381,btc,1790323200000,56000.0,call,39.96,0.12678113,0.1245,0.129,63170.54,12.2
1786639381,btc,1798185600000,76000.0,put,38.78,0.22380151,0.221,0.2265,63876.73,142.1
1786639381,btc,1798185600000,250000.0,call,64.88,4.917e-05,,0.0002,63876.73,1120.9
1786639381,btc,1813910400000,85000.0,call,41.14,0.06267223,0.0615,0.0645,65258.02,7.8
1786639381,btc,1813910400000,45000.0,put,48.34,0.04216648,0.041,0.043,65258.02,156.9
1786639381,btc,1790323200000,62000.0,call,35.67,0.05794228,0.0575,0.059,63167.88,680.3
1786639381,btc,1806048000000,70000.0,call,40.68,0.0940353,0.0925,0.095,64541.92,795.2
1786639381,btc,1786867200000,58000.0,call,41.19,0.07729389,,,62851.77,0.0
1786639381,btc,1793347200000,55000.0,put,41.62,0.02366073,0.023,0.024,63436.41,70.0
1786639381,btc,1813910400000,160000.0,put,45.31,1.45598547,,,65258.02,0.0
1786639381,btc,1790323200000,70000.0,call,33.66,0.01231291,0.012,0.013,63170.54,9230.0
1786639381,btc,1793347200000,40000.0,put,58.5,0.00380749,0.0035,0.0038,63436.41,45.9
1786639381,btc,1786694400000,70000.0,put,47.35,0.1142659,0.0001,,62825.18,3.5
1786639381,btc,1786694400000,66000.0,call,35.66,1.84e-06,,0.0001,62824.46,1072.7
1786639381,btc,1787904000000,88000.0,call,52.74,2.557e-05,,0.0001,62951.01,183.7
1786639381,btc,1790323200000,260000.0,put,78.83,3.11614235,,,63170.54,0.0
1786639381,btc,1786953600000,64500.0,call,24.51,0.0018536,0.0018,0.0022,62863.09,4.5
1786639381,btc,1787904000000,55000.0,put,41.19,0.00164473,0.0014,0.0017,62953.67,1170.8
1786639381,btc,1787904000000,77000.0,put,41.5,0.22351554,,,62951.01,3.4
1786639381,btc,1786953600000,67000.0,put,32.66,0.06626677,,,62860.19,0.0
1786639381,btc,1786867200000,59000.0,put,35.45,0.00018998,0.0001,0.0002,62854.62,0.2
1786639381,btc,1806048000000,85000.0,call,39.95,0.03727443,0.037,0.0385,64541.92,94.1
1786639381,btc,1786953600000,56000.0,put,45.45,7.448e-05,,0.0001,62860.19,0.0
1786639381,btc,1786780800000,66000.0,call,35.65,0.00017992,0.0001,0.0003,62845.67,293.3
1786639381,btc,1786780800000,63000.0,put,26.53,0.0084159,0.008,0.009,62845.67,60.3
1786639381,btc,1793347200000,95000.0,put,40.39,0.49886549,,,63436.41,0.1
1786639381,btc,1806048000000,45000.0,put,48.51,0.02889833,0.028,0.0295,64541.92,227.2
1786639381,btc,1798185600000,110000.0,put,43.36,0.7244844,0.712,0.7355,63876.01,54.2
1786639381,btc,1786694400000,80000.0,put,51.26,0.27344674,,,62825.18,0.0
1786639381,btc,1787299200000,64000.0,call,27.16,0.00849249,0.008,0.009,62887.53,108.9
1786639381,btc,1787904000000,67000.0,put,29.5,0.06896871,0.0665,0.0715,62951.01,60.8
1786639381,btc,1806048000000,52000.0,put,44.76,0.05142827,0.05,0.0525,64541.92,117.8
1786639381,btc,1786780800000,62500.0,call,26.64,0.01015685,0.0095,0.011,62845.67,0.0
1786639381,btc,1786953600000,61000.0,put,26.29,0.00163299,0.0014,0.0018,62863.09,37.0
1786639381,btc,1798185600000,65000.0,put,39.78,0.10569031,0.1045,0.1065,63876.01,896.6
1786639381,btc,1786780800000,67000.0,put,41.62,0.0662557,0.0001,,62846.45,0.0
1786639381,btc,1786953600000,71000.0,call,46.1,6.135e-05,,0.0002,62863.09,15.0
1786639381,btc,1793347200000,61000.0,put,38.37,0.05165356,0.051,0.0525,63436.41,162.2
1786639381,btc,1787904000000,63000.0,put,30.68,0.02495184,0.0245,0.0255,62953.67,686.2
1786639381,btc,1813910400000,130000.0,call,42.95,0.00953874,0.009,0.0105,65258.09,93.5
1786639381,btc,1787904000000,110000.0,put,65.75,0.7475492,,,62951.01,0.2
1786639381,btc,1798185600000,40000.0,call,55.79,0.38377293,0.3795,0.385,63876.73,250.9
1786639381,btc,1813910400000,60000.0,put,43.37,0.11641031,0.115,0.118,65258.02,76.8
1786639381,btc,1798185600000,125000.0,put,46.37,0.95800439,,,63876.73,9.1
1786639381,btc,1798185600000,135000.0,put,49.13,1.11428929,,,63876.73,0.6
1786639381,btc,1806048000000,105000.0,call,41.02,0.01158925,0.011,0.0125,64541.92,187.4
1786639381,btc,1786953600000,65500.0,call,26.83,0.00073171,0.0007,0.001,62863.09,2.7
1786639381,btc,1806048000000,100000.0,put,40.64,0.56486466,0.4425,0.699,64539.26,12.1
1786639381,btc,1787904000000,58000.0,put,35.93,0.00440045,0.0041,0.0045,62953.67,1262.3
1786639381,btc,1787904000000,81000.0,put,47.28,0.28695941,,,62951.01,0.1
1786639381,btc,1787299200000,63000.0,call,27.84,0.01516879,0.015,0.016,62888.25,46.0
1786639381,btc,1806048000000,110000.0,put,41.52,0.71350707,0.5585,0.877,64541.92,4.0
1786639381,btc,1813910400000,130000.0,put,42.95,1.00187746,0.78,1.2885,65255.1,1.3
1786639381,btc,1798185600000,20000.0,put,86.37,0.00130624,0.001,0.0018,63876.01,118.8
1786639381,btc,1806048000000,52000.0,call,44.76,0.24566622,0.2435,0.2485,64541.92,5.2
1786639381,btc,1790323200000,90000.0,put,43.5,0.42532844,0.416,0.431,63170.54,586.2
1786639381,btc,1787299200000,70000.0,put,34.99,0.11350436,,,62887.53,0.1
1786639381,btc,1793347200000,74000.0,call,36.03,0.01710125,0.0165,0.018,63436.41,133.7
1786639381,btc,1786694400000,65500.0,call,32.06,3.43e-06,,0.0001,62824.46,140.9
1786639381,btc,1813910400000,50000.0,put,46.17,0.06058082,0.059,0.062,65258.09,283.5
1786639381,btc,1790323200000,320000.0,put,85.42,4.06602134,,,63170.54,25.1
1786639381,btc,1806048000000,68000.0,call,40.84,0.10555468,0.1045,0.107,64541.92,97.0
1786639381,btc,1787904000000,46000.0,put,60.52,0.00015729,0.0001,0.0002,62951.01,1754.9
1786639381,btc,1798185600000,52000.0,put,44.7,0.03126567,0.0305,0.0315,63876.73,420.7
1786639381,btc,1813910400000,80000.0,call,41.27,0.07930516,0.078,0.081,65258.02,77.1
1786639381,btc,1787299200000,67000.0,put,28.45,0.0666019,,,62888.25,10.6
1786639381,btc,1786867200000,70000.0,call,43.07,1.8e-05,,0.0002,62854.62,0.0
1786639381,btc,1806048000000,140000.0,call,45.33,0.00269278,0.0026,0.0031,64541.92,761.5
1786639381,btc,1790323200000,94000.0,call,46.65,0.00039708,0.0003,0.0007,63170.54,170.0
1786639381,btc,1798185600000,62000.0,call,40.45,0.11137018,0.1105,0.1125,63876.73,255.1
1786639381,btc,1793347200000,71000.0,put,36.1,0.14540561,0.1435,0.148,63436.41,0.0
1786639381,btc,1813910400000,82000.0,call,41.21,0.07218674,0.071,0.074,65258.02,60.2
1786639381,btc,1813910400000,110000.0,call,41.68,0.0204219,0.0195,0.022,65258.02,223.2
1786639381,btc,1790323200000,30000.0,call,87.87,0.52549848,0.5235,0.528,63170.54,134.0
1786639381,btc,1787299200000,53000.0,put,48.91,0.00016769,0.0001,0.0002,62888.25,89.8
1786639381,btc,1813910400000,85000.0,put,41.14,0.36535742,0.3625,0.3695,65258.02,6.8
1786639381,btc,1806048000000,108000.0,call,41.31,0.00990703,0.009,0.011,64541.92,57.4
1786639381,btc,1786780800000,61000.0,put,31.14,0.00070897,0.0006,0.0008,62845.67,59.0
1786639381,btc,1798185600000,96000.0,call,41.0,0.00635855,0.006,0.007,63876.73,1323.0
1786639381,btc,1786694400000,70000.0,call,47.35,0.0,,0.0001,62824.46,1661.5
1786639381,btc,1786953600000,68000.0,call,37.15,0.0002351,0.0002,0.0004,62863.09,1.0
1786639381,btc,1786867200000,63500.0,put,22.95,0.01405618,0.012,0.016,62854.62,22.9
1786639381,btc,1790323200000,170000.0,call,75.32,5.87e-06,,0.0001,63167.88,359.5
1786639381,btc,1813910400000,170000.0,call,46.08,0.00300276,0.0026,0.0035,65258.02,43.7
1786639381,btc,1798185600000,60000.0,call,41.06,0.12920016,0.128,0.1305,63876.73,787.0
1786639381,btc,1790323200000,190000.0,put,75.38,2.00795108,,,63167.88,0.0
1786639381,btc,1787904000000,83000.0,call,47.92,6.343e-05,,0.0002,62951.01,544.8
1786639381,btc,1798185600000,68000.0,call,39.33,0.06883199,0.068,0.0695,63876.73,727.1
1786639381,btc,1786694400000,63000.0,put,26.85,0.00604286,0.0055,0.0065,62825.18,584.0
1786639381,btc,1786694400000,61000.0,put,39.51,0.00024212,,0.0002,62825.18,441.1
1786639381,btc,1787904000000,73000.0,call,35.34,0.00050124,0.0005,0.0006,62953.67,1749.6
1786639381,btc,1786953600000,70000.0,put,45.8,0.1138269,,,62860.19,0.0
1786639381,btc,1786867200000,62500.0,call,23.55,0.01105505,0.0105,0.0115,62851.77,25.0
1786639381,btc,1813910400000,40000.0,call,51.04,0.4156304,0.4125,0.4185,65258.02,17.0
1786639381,btc,1787904000000,74000.0,call,36.82,0.00039694,0.0004,0.0005,62953.67,2153.1
1786639381,btc,1790323200000,94000.0,put,46.65,0.48854052,,,63167.88,1.9
1786639381,btc,1806048000000,100000.0,call,40.64,0.0152873,0.015,0.0165,64541.92,570.1
1786639381,btc,1786867200000,71000.0,put,43.15,0.12967745,,,62854.62,0.0
1786639381,btc,1806048000000,68000.0,put,40.84,0.15921816,0.1575,0.1615,64541.92,75.7
1786639381,btc,1806048000000,55000.0,put,43.61,0.06523824,0.064,0.0665,64541.92,1353.3
1786639381,btc,1813910400000,150000.0,call,44.72,0.00523897,0.005,0.0055,65258.02,90.5
1786639381,btc,1786867200000,56000.0,call,55.93,0.10910263,,,62851.77,0.0
1786639381,btc,1790323200000,58000.0,call,38.17,0.10105379,0.099,0.103,63170.54,460.8
1786639381,btc,1793347200000,54000.0,call,42.31,0.16935118,0.167,0.171,63436.41,0.0
1786639381,btc,1787904000000,59000.0,put,34.41,0.00622667,0.0055,0.0065,62953.67,813.9
1786639381,btc,1786867200000,63000.0,put,23.44,0.00920677,0.0085,0.0095,62854.62,190.5
1786639381,btc,1788508800000,55000.0,call,40.63,0.13071687,0.0825,0.1325,63014.35,0.0
1786639381,btc,1813910400000,52000.0,put,45.48,0.06968961,0.0685,0.071,65258.02,31.1
1786639381,btc,1790323200000,78000.0,put,35.22,0.23698884,0.2325,0.243,63170.54,625.3
1786639381,btc,1786867200000,59000.0,call,35.45,0.06144769,,,62854.62,0.0
1786639381,btc,1786694400000,64500.0,put,31.19,0.0268216,0.0255,0.0275,62825.18,52.1
1786639381,btc,1786953600000,71000.0,put,46.1,0.12964783,,,62860.19,0.0
1786639381,btc,1787299200000,75000.0,put,47.51,0.19281164,,,62887.53,0.1
1786639381,btc,1793347200000,82000.0,put,36.68,0.29810761,0.284,0.3205,63436.41,0.0
1786639381,btc,1806048000000,106000.0,put,41.11,0.6535398,0.5085,0.806,64541.92,0.1
1786639381,btc,1787904000000,67000.0,call,29.5,0.00456136,0.0043,0.0048,62953.98,1580.4
1786639381,btc,1786780800000,68000.0,call,43.11,2.867e-05,,0.0002,62846.45,6.4
1786639381,btc,1806048000000,125000.0,put,43.34,0.94158529,,,64541.92,0.1
1786639381,btc,1787904000000,105000.0,call,63.37,1.01e-06,,0.0001,62951.01,169.1
1786639381,btc,1790323200000,300000.0,put,84.97,3.74939501,,,63170.54,0.0
1786639381,btc,1806048000000,115000.0,call,42.06,0.00703778,0.0065,0.008,64541.92,762.2
1786639381,btc,1787904000000,48000.0,call,56.46,0.23770345,0.235,0.241,62951.01,37.5
1786639381,btc,1806048000000,86000.0,call,39.98,0.03509144,0.034,0.036,64541.92,137.5
1786639381,btc,1787904000000,46000.0,call,60.52,0.26936416,,,62951.01,1.0
1786639381,btc,1786780800000,71000.0,call,47.3,4.6e-07,,0.0001,62845.67,4.0
1786639381,btc,1793347200000,54000.0,put,42.31,0.02064738,0.02,0.021,63436.41,59.3
1786639381,btc,1798185600000,210000.0,put,60.3,2.28772528,,,63876.01,0.0
1786639381,btc,1790323200000,35000.0,put,76.3,0.00078352,0.0007,0.0009,63170.54,892.9
1786639381,btc,1813910400000,80000.0,put,41.27,0.3053618,0.302,0.309,65258.02,8.5
1786639381,btc,1798185600000,55000.0,put,43.06,0.04232084,0.0415,0.043,63876.73,1061.5
1786639381,btc,1790323200000,98000.0,call,49.51,0.00031235,0.0002,0.0006,63170.54,371.3
1786639381,btc,1790323200000,64000.0,put,34.75,0.05454575,0.054,0.055,63170.54,670.2
1786639381,btc,1790323200000,135000.0,put,66.77,1.1372657,,,63167.88,11.5
1786639381,btc,1813910400000,30000.0,put,59.35,0.01312845,0.0125,0.013,65258.02,341.6
1786639381,btc,1787904000000,56000.0,put,39.36,0.00226253,0.002,0.0023,62953.67,1238.4
1786639381,btc,1798185600000,80000.0,call,38.83,0.02361674,0.023,0.024,63876.73,8353.9
1786639381,btc,1798185600000,105000.0,put,42.4,0.64709107,0.635,0.658,63876.73,109.4
1786639381,btc,1790323200000,100000.0,put,51.19,0.58342733,0.573,0.59,63167.88,431.0
1786639381,btc,1786867200000,61000.0,put,26.75,0.00098912,0.0008,0.0011,62854.62,30.7
1786639381,btc,1786694400000,62500.0,call,27.3,0.00754893,0.007,0.0085,62824.46,0.0
1786639381,btc,1798185600000,200000.0,put,60.29,2.13122891,,,63876.01,0.0
1786639381,btc,1786953600000,58000.0,call,36.83,0.07741856,,,62860.19,0.0
1786639381,btc,1787904000000,64000.0,call,30.08,0.01677002,0.0165,0.017,62953.67,575.2
1786639381,btc,1793347200000,64000.0,put,37.31,0.07343607,0.0725,0.074,63436.41,402.8
1786639381,btc,1787904000000,71000.0,call,32.42,0.00085588,0.0008,0.0011,62953.67,1572.4
1786639381,btc,1790323200000,102000.0,call,52.71,0.00027541,0.0002,0.0004,63170.54,98.3
1786639381,btc,1793347200000,75000.0,call,36.05,0.01481257,0.0145,0.0155,63436.41,116.0
1786639381,btc,1786867200000,63500.0,call,22.95,0.00372313,0.0035,0.004,62854.72,12.0
1786639381,btc,1806048000000,102000.0,call,40.77,0.0136328,0.013,0.0145,64541.92,105.8
1786639381,btc,1798185600000,170000.0,put,55.66,1.66170167,,,63876.73,0.0
1786639381,btc,1806048000000,60000.0,call,42.19,0.16497853,0.1635,0.167,64541.92,718.8
1786639381,btc,1798185600000,78000.0,put,38.79,0.24947233,0.2465,0.253,63876.01,234.6
1786639381,btc,1787904000000,71000.0,put,32.42,0.12881918,,,62951.01,11.1
1786639381,btc,1786953600000,60000.0,call,29.09,0.04607778,,,62860.19,0.0
1786639381,btc,1787904000000,63000.0,call,30.68,0.02408299,0.0235,0.0245,62951.01,984.5
1786639381,btc,1813910400000,76000.0,put,41.44,0.26034457,0.2575,0.264,65258.02,9.2
1786639381,btc,1786780800000,61000.0,call,31.14,0.03003525,0.0007,0.1115,62845.67,0.0
1786639381,btc,1787299200000,68000.0,call,30.2,0.00066366,0.0006,0.0009,62888.25,2150.4
1786639381,btc,1790323200000,80000.0,call,36.14,0.001485,0.0014,0.0015,63170.54,3279.1
1786639381,btc,1793347200000,85000.0,call,37.48,0.00371246,0.0036,0.0041,63436.41,9.4
1786639381,btc,1813910400000,78000.0,call,41.35,0.08709452,0.086,0.089,65258.02,9.9
1786639381,btc,1793347200000,66000.0,put,36.8,0.0911134,0.09,0.0925,63436.41,50.6
1786639381,btc,1787904000000,58000.0,call,35.93,0.08296563,0.0805,0.0855,62951.01,155.1
1786639381,btc,1798185600000,72000.0,call,38.91,0.04862406,0.048,0.049,63876.73,1184.0
1786639381,btc,1790323200000,78000.0,call,35.22,0.00214742,0.002,0.0024,63170.54,4797.3
1786639381,btc,1813910400000,62000.0,call,42.98,0.18063097,0.179,0.1825,65258.09,94.3
1786639381,btc,1790323200000,92000.0,put,44.75,0.45690066,,,63170.54,4.3
1786639381,btc,1798185600000,40000.0,put,55.79,0.00998808,0.0095,0.0105,63876.73,4381.8
1786639381,btc,1798185600000,135000.0,call,49.13,0.00081315,0.0007,0.0012,63876.73,1111.8
1786639381,btc,1806048000000,58000.0,call,42.68,0.18314711,0.1805,0.186,64541.92,5.2
1786639381,btc,1806048000000,94000.0,call,40.27,0.02163579,0.021,0.0225,64541.92,141.2
1786639381,btc,1787904000000,53000.0,put,45.01,0.00089498,0.0008,0.0009,62953.67,1172.3
1786639381,btc,1786780800000,66500.0,put,38.72,0.05833084,0.0001,,62845.67,0.0
1786639381,btc,1787904000000,66000.0,put,29.45,0.05574294,0.0535,0.058,62951.01,213.4
1786639381,btc,1806048000000,72000.0,call,40.44,0.0833052,0.082,0.0845,64541.92,77.0
1786639381,btc,1793347200000,76000.0,call,36.08,0.01281124,0.0125,0.0135,63436.41,136.4
1786639381,btc,1798185600000,104000.0,put,42.21,0.63165952,,,63876.73,0.1
1786639381,btc,1813910400000,50000.0,call,46.17,0.29430991,0.2915,0.297,65255.1,17.1
1786639381,btc,1798185600000,55000.0,call,43.06,0.18127501,0.179,0.183,63876.73,44.9
1786639381,btc,1790323200000,52000.0,call,44.56,0.18335979,0.181,0.1855,63167.88,75.0
1786639381,btc,1813910400000,68000.0,put,42.13,0.18047353,0.179,0.1825,65258.09,9.5
1786639381,btc,1787904000000,69000.0,put,30.37,0.09801231,0.095,0.101,62951.01,49.4
1786639381,btc,1798185600000,240000.0,call,64.69,6.938e-05,,0.0002,63876.73,804.4
1786639381,btc,1786694400000,55000.0,call,70.94,0.12450539,0.0001,,62825.18,0.0
1786639381,btc,1798185600000,85000.0,put,39.14,0.34576026,0.3415,0.3495,63876.73,548.4
1786639381,btc,1798185600000,84000.0,put,39.04,0.33148575,0.3275,0.335,63876.73,47.1
1786639381,btc,1793347200000,70000.0,call,36.12,0.02987789,0.0295,0.031,63436.41,161.8
1786639381,btc,1793347200000,86000.0,call,37.75,0.00328399,0.0031,0.0036,63436.41,8.7
1786639381,btc,1806048000000,66000.0,put,41.1,0.14116398,0.1395,0.1425,64541.92,123.9
1786639381,btc,1798185600000,75000.0,call,38.78,0.03717316,0.0365,0.0375,63876.01,1940.0
1786639381,btc,1806048000000,35000.0,put,56.76,0.01249947,0.012,0.013,64541.92,577.8
1786639381,btc,1813910400000,30000.0,call,59.35,0.55335721,0.549,0.5565,65255.1,37.7
1786639381,btc,1793347200000,73000.0,call,35.97,0.01964067,0.019,0.02,63436.41,66.9
1786639381,btc,1786953600000,59000.0,call,32.67,0.06164373,,,62860.19,0.0
1786639381,btc,1787904000000,61000.0,put,32.04,0.01269808,0.012,0.013,62953.67,1021.7
1786639381,btc,1787299200000,61000.0,put,29.54,0.00589465,0.0055,0.006,62888.25,1330.6
1786639381,btc,1790323200000,50000.0,put,47.2,0.00470985,0.0044,0.0048,63170.66,3758.7
1786639381,btc,1806048000000,64000.0,put,41.38,0.1242798,0.123,0.1255,64541.92,133.1
1786639381,btc,1787904000000,61000.0,call,32.04,0.04360285,0.0425,0.045,62953.67,610.7
1786639381,btc,1806048000000,115000.0,put,42.06,0.78905705,,,64541.92,1.8
1786639381,btc,1806048000000,35000.0,call,56.76,0.47015059,0.466,0.4725,64539.26,7.9
1786639381,btc,1813910400000,54000.0,put,44.85,0.07973424,0.0785,0.081,65258.02,20.3
1786639381,btc,1786694400000,63000.0,call,26.85,0.00322032,0.003,0.0036,62825.25,132.0
1786639381,btc,1790323200000,140000.0,put,69.71,1.21642276,,,63170.54,1.4
1786639381,btc,1787299200000,59000.0,put,32.53,0.00184603,0.0016,0.0019,62888.25,353.5
1786639381,btc,1787904000000,70000.0,call,31.37,0.00123829,0.0013,0.0014,62953.67,2299.1
1786639381,btc,1786953600000,61000.0,call,26.29,0.03114319,,0.1095,62860.19,0.0
1786639381,btc,1806048000000,108000.0,put,41.31,0.68345407,0.532,0.8435,64541.92,0.1
1786639381,btc,1806048000000,180000.0,call,50.82,0.00104591,0.0009,0.0014,64541.92,642.5
1786639381,btc,1806048000000,84000.0,put,39.91,0.34121965,0.338,0.344,64539.26,55.1
1786639381,btc,1787904000000,76000.0,put,39.65,0.20765397,,,62951.01,5.4
1786639381,btc,1793347200000,72000.0,put,36.06,0.15778932,0.1555,0.161,63436.41,5.1
1786639381,btc,1786780800000,65000.0,call,30.38,0.00041792,0.0004,0.0006,62845.67,152.2
1786639381,btc,1793347200000,50000.0,put,45.84,0.01219658,0.0115,0.012,63436.41,99.9
1786639381,btc,1790323200000,120000.0,call,60.47,7.435e-05,,0.0001,63170.54,1137.3
1786639381,btc,1793347200000,78000.0,call,36.23,0.00960704,0.009,0.0105,63436.41,186.2
1786639381,btc,1790323200000,170000.0,put,75.32,1.69132971,,,63170.54,0.0
1786639381,btc,1787904000000,72000.0,put,33.76,0.14448368,0.14,0.149,62951.01,86.2
1786639381,btc,1788508800000,65000.0,call,31.74,0.01802296,0.0175,0.0185,63014.35,0.0
1786639381,btc,1788508800000,66000.0,call,31.47,0.01311559,0.0125,0.0135,63014.35,16.3
1786639381,btc,1806048000000,88000.0,call,40.02,0.03101996,0.03,0.032,64541.92,71.0
1786639381,btc,1806048000000,74000.0,put,40.25,0.22026509,0.218,0.2225,64541.92,54.0
1786639381,btc,1806048000000,170000.0,call,48.99,0.00115708,0.0006,0.0018,64541.92,250.0
1786639381,btc,1787904000000,73000.0,put,35.34,0.16023816,,,62951.01,5.1
1786639381,btc,1806048000000,74000.0,call,40.25,0.07364121,0.0725,0.0745,64541.92,50.0
1786639381,btc,1786694400000,72000.0,call,47.53,0.0,,0.0001,62825.18,1274.3
1786639381,btc,1798185600000,64000.0,put,39.98,0.09734898,0.0965,0.098,63876.73,318.7
1786639381,btc,1787904000000,84000.0,call,48.6,4.859e-05,,0.0001,62951.01,65.3
1786639381,btc,1806048000000,54000.0,call,43.98,0.22359782,0.2195,0.2265,64539.26,0.1
1786639381,btc,1786780800000,68000.0,put,43.11,0.08209118,0.0001,,62845.67,0.0
1786639381,btc,1786953600000,63500.0,call,23.85,0.00527721,0.005,0.006,62863.09,0.1
1786639381,btc,1786780800000,67000.0,call,41.62,0.00010588,,0.0002,62846.45,101.7
1786639381,btc,1786953600000,69000.0,call,40.37,0.00014804,0.0001,0.0003,62863.09,0.0
1786639381,btc,1786780800000,63000.0,call,26.53,0.00591681,0.0055,0.0065,62845.67,101.8
1786639381,btc,1790323200000,115000.0,call,59.97,0.00013754,,0.0002,63167.88,2184.2
1786639381,btc,1787904000000,60000.0,call,33.15,0.05571004,0.0535,0.058,62951.01,434.5
1786639381,btc,1806048000000,120000.0,put,42.64,0.86511262,,,64539.26,1.8
1786639381,btc,1813910400000,84000.0,put,41.15,0.3530347,0.3495,0.357,65255.1,0.1
1786639381,btc,1793347200000,78000.0,put,36.23,0.23925712,0.2365,0.2445,63436.41,0.1
1786639381,btc,1787299200000,66000.0,call,27.08,0.00209477,0.002,0.0022,62887.53,849.8
1786639381,btc,1786780800000,58000.0,put,50.16,9.108e-05,,0.0001,62845.67,16.7
1786639381,btc,1806048000000,104000.0,put,40.91,0.62376277,0.485,0.7725,64541.92,0.1
1786639381,btc,1787904000000,57000.0,put,37.51,0.00311221,0.0028,0.0032,62953.67,1018.1
1786639381,btc,1806048000000,94000.0,put,40.27,0.47824654,0.3745,0.589,64541.92,9.1
1786639381,btc,1788508800000,67000.0,put,31.33,0.07268067,,0.145,63014.35,0.0
1786639381,btc,1798185600000,100000.0,put,41.7,0.57029122,0.557,0.5795,63876.73,303.3
1786639381,btc,1798185600000,75000.0,put,38.78,0.21132657,0.2085,0.2135,63876.73,896.2
1786639381,btc,1787904000000,70000.0,put,31.37,0.11331478,0.109,0.1145,62951.01,177.4
1786639381,btc,1787904000000,60000.0,put,33.15,0.00891847,0.0085,0.009,62953.67,1571.2
1786639381,btc,1787299200000,69000.0,put,32.3,0.0977034,,,62887.53,0.0
1786639381,btc,1790323200000,130000.0,call,63.53,3.599e-05,,0.0002,63170.54,1431.9
1786639381,btc,1806048000000,76000.0,call,40.06,0.06492464,0.064,0.066,64541.92,411.9
1786639381,btc,1813910400000,92000.0,call,41.11,0.04520284,0.0445,0.047,65258.02,5.8
1786639381,btc,1786867200000,64500.0,put,23.71,0.02720971,,,62854.62,0.2
1786639381,btc,1793347200000,65000.0,put,37.04,0.08195423,0.081,0.083,63436.41,308.0
1786639381,btc,1793347200000,59000.0,put,39.28,0.04018674,0.0395,0.0405,63436.41,44.7
1786639381,btc,1786953600000,63000.0,put,24.13,0.01081974,0.01,0.0115,62863.09,39.0
1786639381,btc,1790323200000,92000.0,call,44.75,0.00041985,0.0003,0.0008,63170.54,491.7
1786639381,btc,1790323200000,125000.0,call,61.77,4.839e-05,,0.0002,63167.88,2323.8
1786639381,btc,1793347200000,82000.0,call,36.68,0.00539855,0.005,0.006,63436.41,22.8
1786639381,btc,1798185600000,120000.0,put,45.41,0.88003375,0.8645,0.889,63876.73,35.6
1786639381,btc,1787299200000,60000.0,put,30.89,0.00329899,0.003,0.0033,62887.53,729.7
1786639381,btc,1787904000000,56000.0,call,39.36,0.11260133,0.1105,0.115,62951.01,63.4
1786639381,btc,1788508800000,66000.0,put,31.47,0.06055242,0.059,0.063,63014.35,0.0
1786639381,btc,1798185600000,220000.0,put,61.32,2.44425941,,,63876.73,0.0
1786639381,btc,1813910400000,70000.0,put,41.93,0.19914982,0.197,0.202,65258.02,9.6
1786639381,btc,1806048000000,65000.0,call,41.2,0.12531219,0.124,0.1265,64541.92,364.2
1786639381,btc,1806048000000,130000.0,call,43.68,0.00362874,0.0033,0.0041,64541.92,1066.3
1786639381,btc,1786780800000,69000.0,call,45.34,9.18e-06,,0.0001,62845.67,16.8
1786639381,btc,1790323200000,175000.0,call,75.32,3.65e-06,,0.0001,63170.54,1355.3
1786639381,btc,1786780800000,65000.0,put,30.38,0.03474238,0.0001,,62845.67,0.0
1786639381,btc,1787904000000,74000.0,put,36.82,0.17602067,,,62951.01,3.3
1786639381,btc,1787904000000,50000.0,call,51.74,0.20608302,0.203,0.211,62951.01,51.0
1786639381,btc,1786694400000,65000.0,call,31.79,2.196e-05,,0.0002,62824.46,770.1
1786639381,btc,1806048000000,84000.0,call,39.91,0.0395675,0.0395,0.0405,64541.92,266.4
1786639381,btc,1813910400000,160000.0,call,45.31,0.00387218,0.0034,0.0045,65258.02,514.2
1786639381,btc,1813910400000,170000.0,put,46.08,1.60837313,,,65258.02,14.6
1786639381,btc,1790323200000,86000.0,put,40.34,0.36219632,,,63167.88,11.6
1786639381,btc,1787299200000,75000.0,call,47.51,0.00012311,0.0001,0.0002,62888.25,1520.2
1786639381,btc,1786867200000,61500.0,call,25.2,0.02319946,,,62851.77,0.0
1786639381,btc,1790323200000,68000.0,call,33.72,0.01888511,0.0185,0.0195,63170.54,876.0
1786639381,btc,1786694400000,62000.0,call,29.06,0.01393164,0.0125,0.0165,62824.46,17.5
1786639381,btc,1790323200000,280000.0,call,81.51,0.0,,0.0001,63167.88,91.7
1786639381,btc,1798185600000,230000.0,call,63.04,7.248e-05,,0.0002,63876.73,195.9
1786639381,btc,1786780800000,66500.0,call,38.72,0.00013735,0.0001,0.0003,62846.45,112.9
1786639381,btc,1798185600000,50000.0,put,46.08,0.02562048,0.025,0.0255,63876.73,1932.4
1786639381,btc,1786694400000,66500.0,put,40.74,0.05855449,0.0001,,62824.46,0.0
1786639381,btc,1787904000000,65000.0,call,29.58,0.01113632,0.011,0.0115,62953.67,1428.4
1786639381,btc,1786780800000,65500.0,call,32.91,0.00026245,0.0002,0.0004,62845.67,5183.0
1786639381,btc,1786780800000,62000.0,call,27.27,0.01583712,0.0006,0.081,62845.67,0.0
1786639381,btc,1787904000000,68000.0,put,29.75,0.08314275,0.08,0.086,62951.01,84.3
1786639381,btc,1787904000000,76000.0,call,39.65,0.00025663,0.0003,0.0004,62953.67,1028.5
1786639381,btc,1788508800000,55000.0,put,40.63,0.00358089,0.0033,0.0036,63014.35,0.0
1786639381,btc,1798185600000,54000.0,put,43.6,0.03834965,0.0375,0.039,63876.01,1812.3
1786639381,btc,1798185600000,92000.0,put,40.06,0.44867649,0.4125,0.4955,63876.73,4.6
1786639381,btc,1787904000000,40000.0,call,69.36,0.36454381,0.3635,,62951.01,23.4
1786639381,btc,1806048000000,78000.0,put,39.96,0.26600284,0.2635,0.2685,64541.92,183.0
1786639381,btc,1790323200000,54000.0,call,42.13,0.15443046,0.152,0.1565,63167.88,7.2
1786639381,btc,1798185600000,108000.0,call,42.95,0.00269648,0.0025,0.0031,63876.73,123.1
1786639381,btc,1798185600000,60000.0,put,41.06,0.06852289,0.0675,0.069,63876.73,6441.9
1786639381,btc,1787299200000,55000.0,call,42.98,0.12568481,,,62887.53,0.0
1786639381,btc,1813910400000,58000.0,call,43.8,0.21420995,0.212,0.216,65255.1,5.1
1786639381,btc,1798185600000,250000.0,put,64.88,2.91389387,,,63876.73,10.0
1786639381,btc,1790323200000,85000.0,call,39.74,0.00080016,0.0007,0.001,63170.54,1201.0
1786639381,btc,1806048000000,190000.0,put,51.98,1.94507574,,,64541.92,0.9
1786639381,btc,1798185600000,160000.0,call,54.18,0.00038923,0.0003,0.0007,63876.73,1224.0
1786639381,btc,1798185600000,88000.0,put,39.34,0.38914242,0.368,0.4135,63876.73,4.2
1786639381,btc,1798185600000,96000.0,put,41.0,0.50927491,0.4625,0.567,63876.01,11.3
1786639381,btc,1790323200000,96000.0,put,47.57,0.52012338,,,63167.88,1.0
1786639381,btc,1798185600000,90000.0,call,39.63,0.00971728,0.0095,0.0105,63876.73,3331.7
1786639381,btc,1806048000000,66000.0,call,41.1,0.11848743,0.1175,0.12,64541.92,26.9
1786639381,btc,1813910400000,62000.0,put,42.98,0.13079998,0.1295,0.1325,65258.02,69.5
1786639381,btc,1786953600000,59000.0,put,32.67,0.0003127,0.0002,0.0004,62863.09,0.0
1786639381,btc,1786953600000,61500.0,put,25.3,0.00267345,0.0024,0.0029,62863.09,12.7
1786639381,btc,1806048000000,200000.0,put,52.01,2.09976103,,,64541.92,1.0
1786639381,btc,1806048000000,45000.0,call,48.51,0.3315977,0.3295,0.334,64541.92,3.3
1786639381,btc,1790323200000,30000.0,put,87.87,0.00043791,0.0003,0.0005,63170.54,2605.9
1786639381,btc,1793347200000,95000.0,call,40.39,0.00121476,0.0011,0.0014,63436.41,31.6
1786639381,btc,1790323200000,260000.0,call,78.83,1e-08,,0.0001,63170.54,292.0
1786639381,btc,1806048000000,160000.0,call,47.39,0.001383,0.0011,0.0018,64541.92,860.6
1786639381,btc,1793347200000,50000.0,call,45.84,0.22395935,0.2215,0.226,63436.41,0.1
1786639381,btc,1787299200000,55000.0,put,42.98,0.00032306,0.0002,0.0004,62887.53,120.4
1786639381,btc,1798185600000,66000.0,put,39.59,0.11446079,0.113,0.115,63876.73,365.5
1786639381,btc,1790323200000,82000.0,call,37.86,0.00119588,0.0012,0.0013,63170.54,2567.7
1786639381,btc,1786694400000,66000.0,put,35.66,0.0505954,0.0485,0.052,62825.18,14.3
1786639381,btc,1786780800000,66000.0,put,35.65,0.05041705,0.0001,,62846.45,0.0
1786639381,btc,1806048000000,92000.0,put,40.17,0.44996907,0.358,0.549,64541.92,0.6
1786639381,btc,1798185600000,190000.0,put,58.86,1.97470838,,,63876.73,0.0
1786639381,btc,1798185600000,35000.0,call,61.82,0.45828979,0.456,0.46,63876.73,77.8
1786639381,btc,1798185600000,160000.0,put,54.18,1.50524983,,,63876.73,0.0
1786639381,btc,1798185600000,120000.0,call,45.41,0.0013883,0.0012,0.0017,63876.73,6032.1
1786639381,btc,1786867200000,60000.0,put,30.49,0.00036905,0.0002,0.0004,62854.62,38.4
1786639381,btc,1806048000000,72000.0,put,40.44,0.19891369,0.1965,0.201,64541.92,139.1
1786639381,btc,1787299200000,65000.0,call,26.98,0.0043767,0.0042,0.0047,62888.25,338.4
1786639381,btc,1787299200000,68000.0,put,30.2,0.0820346,,,62888.25,0.5
1786639381,btc,1798185600000,150000.0,call,52.36,0.00051822,0.0004,0.0008,63876.73,1628.9
1786639381,btc,1793347200000,58000.0,put,39.8,0.03531166,0.0345,0.036,63436.41,47.1
1786639381,btc,1806048000000,58000.0,put,42.68,0.08190693,0.0805,0.083,64541.92,109.6
1786639381,btc,1787904000000,54000.0,put,43.11,0.00121252,0.001,0.0012,62953.67,1669.2
1786639381,btc,1787904000000,81000.0,call,47.28,0.00012803,0.0001,0.0002,62951.01,1451.1
1786639381,btc,1788508800000,67000.0,call,31.33,0.00937359,0.009,0.01,63014.35,9.6
1786639381,btc,1786780800000,60000.0,put,36.79,0.00028113,0.0002,0.0004,62846.45,39.5
1786639381,btc,1787904000000,95000.0,call,59.46,1.013e-05,,0.0001,62951.01,62.7
1786639381,btc,1813910400000,100000.0,call,41.28,0.03143861,0.0305,0.033,65258.02,114.5
1786639381,btc,1790323200000,88000.0,call,42.06,0.000608,0.0005,0.0007,63170.54,658.2
1786639381,btc,1798185600000,66000.0,call,39.59,0.08120579,0.0805,0.0815,63876.73,268.8
1786639381,btc,1798185600000,102000.0,call,41.82,0.00400118,0.0038,0.0045,63876.73,215.7
1786639381,btc,1787904000000,69000.0,call,30.37,0.00182261,0.0019,0.0021,62953.67,1086.0
1786639381,btc,1806048000000,104000.0,call,40.91,0.01220022,0.0115,0.013,64541.92,101.4
1786639381,btc,1793347200000,84000.0,call,37.23,0.00420824,0.0041,0.0046,63436.41,31.3
1786639381,btc,1787904000000,95000.0,put,59.46,0.50925681,,,62951.01,0.3
1786639381,btc,1798185600000,170000.0,call,55.66,0.00028728,0.0002,0.0005,63876.01,2379.5
1786639381,btc,1790323200000,65000.0,call,34.43,0.0344958,0.034,0.035,63170.54,1321.1
1786639381,btc,1786694400000,55000.0,put,70.94,2e-08,,0.0001,62825.18,512.8
1786639381,btc,1793347200000,85000.0,put,37.48,0.34371575,,,63436.41,0.0
1786639381,btc,1806048000000,130000.0,put,43.68,1.0180904,,,64541.92,0.3
1786639381,btc,1786694400000,66500.0,call,40.74,1.88e-06,,0.0001,62824.46,115.6
1786639381,btc,1787299200000,72000.0,put,42.07,0.14527744,,,62887.53,0.0
1786639381,btc,1806048000000,80000.0,put,39.94,0.29038749,0.2875,0.2935,64541.92,139.2
1786639381,btc,1786867200000,58000.0,put,41.19,0.0001253,,0.0001,62854.62,2.9
1786639381,btc,1786694400000,61000.0,call,39.51,0.02923898,0.028,0.031,62825.18,11.4
1786639381,btc,1787299200000,69000.0,call,32.3,0.00042995,0.0004,0.0006,62887.53,650.4
1786639381,btc,1788508800000,63000.0,put,32.51,0.031477,0.031,0.032,63014.35,16.0
1786639381,btc,1787904000000,62000.0,call,31.22,0.03298376,0.0325,0.034,62951.01,900.8
1786639381,btc,1787299200000,53000.0,call,48.91,0.15733446,,,62887.53,0.0
1786639381,btc,1793347200000,52000.0,call,43.92,0.19602422,0.194,0.198,63436.41,0.1
1786639381,btc,1790323200000,300000.0,call,84.97,0.0,,0.0001,63167.88,192.1
1786639381,btc,1806048000000,40000.0,call,52.23,0.39923623,0.397,0.402,64541.92,81.3
1786639381,btc,1786867200000,69000.0,call,42.9,6.341e-05,,0.0002,62854.62,9.0
1786639381,btc,1790323200000,135000.0,call,66.77,3.794e-05,,0.0002,63170.54,271.9
1786639381,btc,1813910400000,64000.0,call,42.65,0.1654428,0.164,0.1675,65258.02,19.8
1786639381,btc,1790323200000,72000.0,put,33.97,0.14790277,0.145,0.151,63167.88,264.7
1786639381,btc,1806048000000,85000.0,put,39.95,0.35440545,0.308,0.4055,64541.92,0.9
1786639381,btc,1787904000000,55000.0,call,41.19,0.12787034,0.125,0.131,62951.01,11.8
1786639381,btc,1790323200000,62000.0,put,35.67,0.03947144,0.039,0.04,63170.54,1193.6
1786639381,btc,1786953600000,66000.0,put,28.47,0.0505477,,,62863.09,0.4
1786639381,btc,1806048000000,55000.0,call,43.61,0.212966,0.209,0.216,64541.92,28.6
1786639381,btc,1793347200000,75000.0,put,36.05,0.19716841,0.194,0.2,63436.41,6.1
1786639381,btc,1806048000000,62000.0,call,41.75,0.14814486,0.147,0.1495,64541.92,41.9
1786639381,btc,1787904000000,110000.0,call,65.75,4.2e-07,,0.0001,62951.01,117.3
1786639381,btc,1786867200000,64000.0,put,22.98,0.02017619,0.014,0.0245,62854.62,0.1
1786639381,btc,1813910400000,150000.0,put,44.72,1.30409519,,,65255.1,0.0
1786639381,btc,1790323200000,120000.0,put,60.47,0.89983236,0.891,0.9075,63170.54,174.5
1786639381,btc,1787904000000,94000.0,call,59.46,1.425e-05,,0.0001,62951.01,218.8
1786639381,btc,1813910400000,52000.0,call,45.48,0.27275279,0.269,0.275,65258.02,1.1
1786639381,btc,1786780800000,63500.0,call,26.2,0.00300905,0.0028,0.0034,62846.45,125.4
1786639381,btc,1787299200000,62000.0,put,28.42,0.01021759,0.01,0.0105,62888.25,251.1
1786639381,btc,1788508800000,58000.0,put,36.49,0.00805562,0.0075,0.0085,63014.35,0.1
1786639381,btc,1790323200000,50000.0,call,47.21,0.21314611,0.211,0.215,63170.54,30.5
1786639381,btc,1787904000000,96000.0,call,59.46,7.18e-06,,0.0001,62951.01,25.3
1786639381,btc,1786953600000,64000.0,call,23.95,0.00314864,0.003,0.0036,62863.09,21.2
1786639381,btc,1790323200000,96000.0,call,47.57,0.00031728,0.0002,0.0006,63170.54,306.4
1786639381,btc,1806048000000,112000.0,call,41.67,0.0080597,0.0075,0.009,64541.92,62.7
1786639381,btc,1793347200000,84000.0,put,37.23,0.32844679,0.3135,0.3565,63435.56,0.3
1786639381,btc,1806048000000,82000.0,call,39.86,0.04467319,0.0445,0.045,64541.92,706.2
1786639381,btc,1793347200000,67000.0,call,36.58,0.04459067,0.044,0.0455,63436.41,52.8
1786639381,btc,1790323200000,55000.0,call,40.98,0.14039131,0.138,0.1425,63167.88,143.7
1786639381,btc,1786867200000,71000.0,call,43.15,4.52e-06,,0.0001,62854.62,2.0
1786639381,btc,1786780800000,63500.0,put,26.2,0.01346448,0.0115,0.0155,62845.67,60.4
1786639381,btc,1786780800000,61500.0,call,28.85,0.02263455,0.0006,0.1015,62846.45,0.0
1786639381,btc,1787299200000,58000.0,put,34.64,0.00108333,0.0009,0.0011,62888.25,490.4
1786639381,btc,1813910400000,88000.0,call,41.09,0.0544073,0.0535,0.056,65258.02,5.9
1786639381,btc,1798185600000,74000.0,put,38.84,0.19923058,0.1965,0.201,63876.01,106.0
1786639381,btc,1813910400000,45000.0,call,48.34,0.35250961,0.3495,0.3555,65255.1,0.5
1786639381,btc,1790323200000,74000.0,call,34.06,0.0050429,0.0048,0.0055,63170.54,1197.1
1786639381,btc,1813910400000,54000.0,call,44.85,0.252146,0.2485,0.2545,65255.1,0.9
1786639381,btc,1786694400000,75000.0,call,47.53,0.0,,0.0001,62824.46,630.2
1786639381,btc,1786953600000,65500.0,put,26.83,0.04281501,,,62860.19,0.0
1786639381,btc,1798185600000,84000.0,call,39.04,0.01643393,0.016,0.017,63876.73,777.7
1786639381,btc,1793347200000,65000.0,call,37.04,0.05724583,0.0565,0.058,63436.41,391.2
1786639381,btc,1787904000000,85000.0,call,50.41,4.882e-05,,0.0001,62951.01,326.5
1786639381,btc,1790323200000,76000.0,put,34.43,0.20638052,0.203,0.209,63167.88,599.6
1786639381,btc,1787904000000,98000.0,call,59.46,3.57e-06,,0.0001,62951.01,160.6
1786639381,btc,1786867200000,62500.0,put,23.55,0.00548544,0.005,0.006,62854.62,39.6
1786639381,btc,1790323200000,54000.0,put,42.13,0.00931813,0.009,0.0095,63170.54,619.8
1786639381,btc,1786953600000,62000.0,call,24.6,0.01800589,,0.0805,62860.19,0.0
1786639381,btc,1787904000000,100000.0,call,59.75,1.91e-06,,0.0001,62951.01,179.6
1786639381,btc,1798185600000,76000.0,call,38.78,0.03399272,0.0335,0.0345,63876.73,387.3
1786639381,btc,1788508800000,60000.0,call,34.37,0.06188462,0.06,0.0635,63014.35,0.0
1786639381,btc,1813910400000,86000.0,put,41.12,0.37778,0.3745,0.4205,65258.02,0.1
1786639381,btc,1786694400000,72000.0,put,47.53,0.14610207,0.0001,,62824.46,0.0
1786639381,btc,1786867200000,68000.0,put,38.43,0.08202964,,,62854.62,0.0
1786639381,btc,1813910400000,92000.0,put,41.11,0.45516798,0.358,0.562,65258.02,0.1
1786639381,btc,1787904000000,82000.0,call,47.91,9.625e-05,,0.0002,62951.01,1503.8
1786639381,btc,1798185600000,104000.0,call,42.21,0.00350013,0.0033,0.0039,63876.73,87.7
1786639381,btc,1790323200000,66000.0,call,34.16,0.02848508,0.028,0.029,63170.54,1179.4
1786639381,btc,1790323200000,155000.0,put,75.11,1.45387773,,,63170.54,0.1
1786639381,btc,1786780800000,59000.0,call,44.78,0.06133742,0.0001,,62845.67,0.0
1786639381,btc,1790323200000,105000.0,call,53.07,0.00017646,0.0001,0.0002,63170.54,1217.2
1786639381,btc,1798185600000,88000.0,call,39.34,0.01146908,0.011,0.012,63876.73,2707.2
1786639381,btc,1793347200000,72000.0,call,36.06,0.0227277,0.022,0.0235,63436.41,213.1
1786639381,btc,1786867200000,65000.0,put,25.02,0.03473276,,,62854.62,0.0
1786639381,btc,1786694400000,68000.0,put,47.06,0.08242986,0.08,0.084,62825.18,7.1
1786639381,btc,1813910400000,56000.0,put,44.31,0.09090572,0.0895,0.0925,65258.09,42.0
1786639381,btc,1806048000000,105000.0,put,41.02,0.63864773,0.4925,0.79,64541.92,0.4
1786639381,btc,1787904000000,80000.0,put,45.2,0.27107209,0.2655,0.2755,62951.01,29.6
1786639381,btc,1786953600000,62000.0,put,24.6,0.00440536,0.0041,0.0047,62863.09,9.0
1786639381,btc,1793347200000,63000.0,call,37.64,0.07239551,0.0715,0.073,63435.56,123.1
1786639381,btc,1793347200000,90000.0,put,38.87,0.42088227,,,63436.41,0.1
1786639381,btc,1786694400000,59000.0,call,58.05,0.06086872,0.0001,,62824.46,0.4
1786639381,btc,1813910400000,105000.0,put,41.48,0.63449781,0.4875,0.796,65258.02,0.1
1786639381,btc,1787904000000,52000.0,put,47.23,0.00069119,0.0006,0.0007,62953.67,1332.8
1786639381,btc,1793347200000,73000.0,put,35.97,0.17046702,0.168,0.174,63436.41,0.0
1786639381,btc,1790323200000,82000.0,put,37.86,0.29936307,0.291,0.305,63170.54,194.1
1786639381,btc,1806048000000,112000.0,put,41.67,0.74359089,0.582,0.914,64541.92,0.1
1786639381,btc,1786694400000,60000.0,put,49.98,9.939e-05,,0.0001,62825.18,2754.3
1786639381,btc,1798185600000,58000.0,call,41.77,0.14879217,0.147,0.1505,63876.73,41.8
1786639381,btc,1787904000000,65000.0,put,29.58,0.04377878,0.043,0.046,62951.01,911.9
1786639381,btc,1793347200000,56000.0,put,40.92,0.02701725,0.026,0.0275,63436.41,38.9
1786639381,btc,1787299200000,62000.0,call,28.42,0.02426174,0.0235,0.0255,62888.25,41.4
1786639381,btc,1788508800000,62000.0,put,33.02,0.02442443,0.024,0.025,63014.35,8.0
1786639381,btc,1790323200000,66000.0,put,34.16,0.0733424,0.0715,0.0755,63170.54,868.2
1786639381,btc,1813910400000,90000.0,call,41.12,0.04963368,0.0485,0.051,65258.02,93.2
1786639381,btc,1798185600000,85000.0,call,39.14,0.01505306,0.0145,0.016,63876.01,2291.1
1786639381,btc,1798185600000,98000.0,put,41.04,0.53950211,,,63876.73,1.2
1786639381,btc,1787904000000,90000.0,put,55.07,0.42983349,,,62951.01,11.1
1786639381,btc,1806048000000,78000.0,call,39.96,0.05732584,0.057,0.0575,64541.92,454.3
1786639381,btc,1787904000000,85000.0,put,50.41,0.35042743,,,62951.01,0.8
1786639381,btc,1790323200000,200000.0,put,75.38,2.1662637,,,63170.54,0.1
1786639381,btc,1787904000000,68000.0,call,29.75,0.00283986,0.0028,0.0032,62953.67,1387.6
1786639381,btc,1787904000000,52000.0,call,47.23,0.17457722,0.1715,0.178,62951.01,51.0
1786639381,btc,1786780800000,58000.0,call,50.16,0.07715541,0.0001,,62846.45,0.0
1786639381,btc,1798185600000,78000.0,call,38.79,0.02835278,0.028,0.029,63876.73,565.2
1786639381,btc,1790323200000,85000.0,put,39.74,0.34646155,0.3375,0.352,63170.54,453.0
1786639381,btc,1787904000000,54000.0,call,43.11,0.14332494,0.1405,0.1485,62951.01,12.2
1786639381,btc,1787299200000,70000.0,call,34.99,0.0003284,0.0003,0.0005,62888.25,1502.2
1786639381,btc,1798185600000,95000.0,put,40.55,0.49388904,0.4895,0.499,63876.73,85.9
1786639381,btc,1786867200000,57000.0,call,48.49,0.09319605,,,62854.62,0.0
1786639381,eth,1786694400000,1700.0,call,67.22,0.087277,0.0001,,1862.68,5.0
1786639381,eth,1793347200000,1850.0,put,50.98,0.087137,0.0865,0.088,1872.49,1015.0
1786639381,eth,1787904000000,1750.0,put,45.42,0.012637,0.012,0.013,1864.74,23024.0
1786639381,eth,1798185600000,4200.0,call,60.07,0.002542,0.0023,0.0028,1880.71,4356.0
1786639381,eth,1790323200000,8500.0,call,99.33,1e-06,,0.0002,1867.55,1253.0
1786639381,eth,1806048000000,5000.0,put,60.71,1.639594,,,1898.69,0.0
1786639381,eth,1790323200000,4500.0,put,86.36,1.40976,,,1867.54,6.0
1786639381,eth,1786867200000,2100.0,put,47.07,0.12714,,,1863.28,0.0
1786639381,eth,1786694400000,1700.0,put,67.22,4e-06,,0.0001,1862.68,5846.0
1786639381,eth,1793347200000,3200.0,call,56.9,0.002582,0.0023,0.003,1872.49,1267.0
1786639381,eth,1786694400000,2100.0,call,64.34,0.0,,0.0001,1862.69,3079.0
1786639381,eth,1787904000000,1400.0,put,68.72,0.000808,0.0007,0.0009,1864.74,7232.0
1786639381,eth,1787299200000,2100.0,call,43.94,0.00079,0.0007,0.001,1863.87,4744.0
1786639381,eth,1806048000000,800.0,call,72.84,0.588863,,,1898.68,0.0
1786639381,eth,1806048000000,4400.0,call,59.17,0.009618,0.009,0.0105,1898.69,1082.0
1786639381,eth,1798185600000,3000.0,put,54.7,0.610079,0.5975,0.622,1880.69,781.0
1786639381,eth,1786953600000,1700.0,put,49.61,0.000594,0.0005,0.0006,1863.37,250.0
1786639381,eth,1790323200000,2500.0,put,51.12,0.342624,0.3355,0.3505,1867.54,3042.0
1786639381,eth,1790323200000,13000.0,call,119.8,0.0,,0.0003,1867.54,1873.0
1786639381,eth,1790323200000,7200.0,put,99.33,2.855324,,,1867.54,0.0
1786639381,eth,1813910400000,1900.0,put,57.12,0.203888,0.202,0.206,1917.71,3092.0
1786639381,eth,1798185600000,4500.0,call,61.5,0.001821,0.0016,0.0024,1880.69,2934.0
1786639381,eth,1793347200000,1000.0,put,73.53,0.003084,0.0027,0.0031,1872.49,1606.0
1786639381,eth,1813910400000,1400.0,call,59.82,0.35297,0.213,0.3575,1917.71,50.0
1786639381,eth,1806048000000,2300.0,call,54.94,0.100944,0.099,0.1025,1898.69,5119.0
1786639381,eth,1786780800000,2040.0,call,51.02,4.4e-05,,0.0001,1863.08,1044.0
1786639381,eth,1787904000000,1850.0,call,43.13,0.038374,0.0375,0.039,1864.74,4339.0
1786639381,eth,1790323200000,6400.0,call,99.33,2.2e-05,,0.0002,1867.54,1918.0
1786639381,eth,1798185600000,3500.0,put,56.87,0.867681,,,1880.71,51.0
1786639381,eth,1806048000000,6000.0,call,63.95,0.003244,0.003,0.0037,1898.69,5159.0
1786639381,eth,1787299200000,2400.0,call,58.6,3.9e-05,,0.0001,1863.87,1296.0
1786639381,eth,1787299200000,1900.0,put,39.03,0.033734,0.033,0.035,1863.87,929.0
1786639381,eth,1786780800000,2020.0,call,47.22,5.5e-05,,0.0002,1863.08,125.0
1786639381,eth,1787904000000,1200.0,call,84.14,0.356628,,,1864.75,69.0
1786639381,eth,1793347200000,3400.0,put,58.52,0.817478,,,1872.49,0.0
1786639381,eth,1806048000000,3500.0,put,56.69,0.866571,0.8515,0.9495,1898.69,23.0
1786639381,eth,1790323200000,3500.0,put,67.87,0.874439,0.8635,0.885,1867.54,1133.0
1786639381,eth,1788508800000,1900.0,put,44.85,0.053876,0.0535,0.0545,1865.44,15.0
1786639381,eth,1798185600000,5200.0,call,66.01,0.001132,0.001,0.0015,1880.69,8859.0
1786639381,eth,1790323200000,6500.0,call,99.33,1.8e-05,,0.0002,1867.54,1337.0
1786639381,eth,1793347200000,2250.0,call,50.56,0.03127,0.031,0.032,1872.49,337.0
1786639381,eth,1786780800000,1900.0,put,33.52,0.022257,0.0001,0.0505,1863.08,90.0
1786639381,eth,1793347200000,1900.0,put,50.69,0.101273,0.1005,0.102,1872.49,488.0
1786639381,eth,1786780800000,1900.0,call,33.52,0.002374,0.0022,0.0027,1863.08,876.0
1786639381,eth,1790323200000,8000.0,put,99.33,3.283689,,,1867.54,0.0
1786639381,eth,1786953600000,2000.0,put,38.24,0.073945,,,1863.38,0.0
1786639381,eth,1790323200000,6800.0,call,99.33,1.1e-05,,0.0002,1867.55,1462.0
1786639381,eth,1806048000000,900.0,call,69.58,0.540346,,,1898.69,68.0
1786639381,eth,1798185600000,4600.0,put,62.17,1.447752,,,1880.71,0.0
1786639381,eth,1787904000000,2500.0,call,58.59,0.000272,0.0002,0.0004,1864.74,28355.0
1786639381,eth,1790323200000,3600.0,call,70.3,0.000317,0.0002,0.0004,1867.54,2723.0
1786639381,eth,1790323200000,4600.0,put,88.21,1.463306,,,1867.55,38.0
1786639381,eth,1806048000000,900.0,put,69.58,0.014417,0.0135,0.015,1898.68,767.0
1786639381,eth,1786953600000,1740.0,put,43.43,0.001027,0.0008,0.0011,1863.37,50.0
1786639381,eth,1813910400000,2600.0,put,56.34,0.459972,0.451,0.5235,1917.71,0.0
1786639381,eth,1786953600000,1600.0,put,68.47,0.000286,0.0002,0.0003,1863.37,172.0
1786639381,eth,1786867200000,1780.0,call,38.75,0.045845,,,1863.28,0.0
1786639381,eth,1790323200000,15000.0,put,127.3,7.031914,,,1867.54,0.0
1786639381,eth,1790323200000,12000.0,put,115.57,5.425531,,,1867.54,0.0
1786639381,eth,1786694400000,1750.0,call,61.55,0.060491,0.0001,,1862.68,50.0
1786639381,eth,1786867200000,1600.0,put,70.66,0.0001,,0.0001,1863.28,267.0
1786639381,eth,1786953600000,1780.0,call,38.38,0.04676,0.039,0.0555,1863.37,0.0
1786639381,eth,1793347200000,2300.0,put,50.69,0.255212,0.246,0.3555,1872.49,0.0
1786639381,eth,1786694400000,2050.0,put,55.21,0.100642,0.0001,,1862.69,228.0
1786639381,eth,1793347200000,3600.0,put,60.22,0.923768,,,1872.49,0.0
1786639381,eth,1798185600000,3000.0,call,54.7,0.014818,0.014,0.0155,1880.69,5212.0
1786639381,eth,1798185600000,4200.0,put,60.07,1.235907,,,1880.71,62.0
1786639381,eth,1786953600000,2050.0,put,42.95,0.100495,,,1863.38,0.0
1786639381,eth,1806048000000,2100.0,call,55.04,0.131726,0.13,0.1335,1898.68,884.0
1786639381,eth,1806048000000,1300.0,call,60.32,0.36155,0.22,0.366,1898.7,50.0
1786639381,eth,1798185600000,2200.0,put,52.75,0.238608,0.2315,0.2445,1880.69,9286.0
1786639381,eth,1790323200000,1500.0,call,56.19,0.207654,0.2035,0.211,1867.54,976.0
1786639381,eth,1793347200000,2200.0,put,50.47,0.211284,0.2045,0.2695,1872.49,19.0
1786639381,eth,1786867200000,1820.0,call,34.2,0.026575,,,1863.27,0.0
1786639381,eth,1786694400000,1920.0,put,39.74,0.031068,0.025,0.036,1862.68,378.0
1786639381,eth,1787904000000,3000.0,put,75.18,0.608939,,,1864.75,5.0
1786639381,eth,1786694400000,2400.0,put,76.35,0.288556,,,1862.68,2.0
1786639381,eth,1786694400000,1820.0,put,40.02,0.00063,0.0005,0.0007,1862.68,1607.0
1786639381,eth,1786867200000,1840.0,put,32.91,0.005966,0.0055,0.0065,1863.28,490.0
1786639381,eth,1798185600000,2100.0,call,52.75,0.083709,0.083,0.0845,1880.69,1703.0
1786639381,eth,1786867200000,2050.0,put,42.15,0.100331,,,1863.28,0.0
1786639381,eth,1793347200000,2500.0,put,51.64,0.350059,0.3385,0.372,1872.49,1.0
1786639381,eth,1786953600000,2040.0,call,42.12,0.000243,0.0002,0.0004,1863.37,46.0
1786639381,eth,1786953600000,2050.0,call,42.95,0.000202,0.0001,0.0003,1863.37,32.0
1786639381,eth,1806048000000,4800.0,call,60.24,0.006892,0.0065,0.0075,1898.69,2857.0
1786639381,eth,1790323200000,3100.0,call,60.61,0.000628,0.0004,0.0009,1867.54,2164.0
1786639381,eth,1790323200000,1600.0,put,52.81,0.018107,0.0175,0.0185,1867.54,8120.0
1786639381,eth,1798185600000,3300.0,call,56.02,0.008975,0.0085,0.0095,1880.71,1913.0
1786639381,eth,1787299200000,1750.0,put,43.71,0.005144,0.0048,0.0055,1863.87,1021.0
1786639381,eth,1786867200000,1900.0,call,31.66,0.003718,0.0034,0.004,1863.28,412.0
1786639381,eth,1787904000000,3400.0,put,84.51,0.823429,,,1864.75,1.0
1786639381,eth,1787904000000,2400.0,call,53.64,0.000385,0.0003,0.0005,1864.74,17635.0
1786639381,eth,1787904000000,2400.0,put,53.64,0.287503,,,1864.74,2.0
1786639381,eth,1793347200000,2150.0,put,50.43,0.190482,0.1845,0.243,1872.49,1.0
1786639381,eth,1786867200000,1800.0,call,36.22,0.03589,,,1863.28,0.0
1786639381,eth,1798185600000,1200.0,call,62.78,0.379325,0.3755,0.383,1880.71,341.0
1786639381,eth,1798185600000,3500.0,call,56.87,0.006543,0.006,0.007,1880.71,28522.0
1786639381,eth,1806048000000,2500.0,put,54.99,0.394269,0.3875,0.401,1898.7,560.0
1786639381,eth,1798185600000,1200.0,put,62.78,0.017429,0.0165,0.018,1880.71,7264.0
1786639381,eth,1790323200000,4400.0,call,84.42,0.000186,0.0001,0.0004,1867.54,4356.0
1786639381,eth,1793347200000,4000.0,call,64.34,0.000719,0.0006,,1872.49,415.0
1786639381,eth,1786780800000,1600.0,call,76.45,0.141172,0.0001,,1863.08,0.0
1786639381,eth,1793347200000,2400.0,call,51.14,0.020032,0.0195,0.021,1872.49,1274.0
1786639381,eth,1806048000000,1300.0,put,60.32,0.046291,0.045,0.047,1898.69,1536.0
1786639381,eth,1813910400000,4500.0,put,58.93,1.36771,1.347,1.4495,1917.71,1.0
1786639381,eth,1786780800000,1920.0,call,34.4,0.001044,0.001,0.0013,1863.08,1690.0
1786639381,eth,1793347200000,2100.0,call,50.42,0.04906,0.0485,0.0495,1872.49,1227.0
1786639381,eth,1798185600000,2700.0,call,53.63,0.025699,0.025,0.0265,1880.71,3080.0
1786639381,eth,1786953600000,1980.0,put,36.67,0.063479,,,1863.38,80.0
1786639381,eth,1793347200000,2000.0,put,50.41,0.133531,0.133,0.1345,1872.49,74.0
1786639381,eth,1787904000000,1600.0,put,52.97,0.003273,0.003,0.0034,1864.74,13554.0
1786639381,eth,1813910400000,1800.0,call,57.43,0.236169,0.2305,0.243,1917.71,1466.0
1786639381,eth,1793347200000,3000.0,call,55.12,0.003979,0.0037,0.0044,1872.49,753.0
1786639381,eth,1790323200000,2000.0,call,47.99,0.038025,0.037,0.0385,1867.55,28432.0
1786639381,eth,1798185600000,4500.0,put,61.5,1.394713,,,1880.71,2.0
1786639381,eth,1793347200000,2600.0,put,52.18,0.399717,0.3505,0.5345,1872.49,95.0
1786639381,eth,1786780800000,1760.0,put,47.27,0.000444,0.0003,0.0005,1863.08,36.0
1786639381,eth,1798185600000,2900.0,put,54.3,0.559778,0.5295,0.61,1880.71,173.0
1786639381,eth,1813910400000,2000.0,call,56.83,0.192057,0.1895,0.1945,1917.71,1861.0
1786639381,eth,1798185600000,4800.0,put,63.21,1.553825,,,1880.71,77.0
1786639381,eth,1786780800000,1750.0,call,49.0,0.060981,0.0001,,1863.08,0.0
1786639381,eth,1793347200000,4000.0,put,64.34,1.136912,,,1872.49,0.0
1786639381,eth,1813910400000,3000.0,call,56.62,0.070917,0.0695,0.0725,1917.71,490.0
1786639381,eth,1798185600000,5000.0,put,64.36,1.659979,,,1880.71,2.0
1786639381,eth,1793347200000,2600.0,call,52.18,0.011192,0.011,0.012,1872.49,560.0
1786639381,eth,1806048000000,3800.0,put,57.55,1.01851,0.955,1.0825,1898.69,1.0
1786639381,eth,1798185600000,2300.0,put,52.76,0.279279,0.276,0.285,1880.71,5186.0
1786639381,eth,1790323200000,6000.0,put,99.33,2.21281,,,1867.54,0.0
1786639381,eth,1798185600000,2100.0,put,52.75,0.200392,0.1995,0.2015,1880.71,3201.0
1786639381,eth,1786780800000,1980.0,call,41.75,0.000149,0.0001,0.0003,1863.08,355.0
1786639381,eth,1786780800000,1860.0,put,34.08,0.008326,0.008,0.009,1863.08,339.0
1786639381,eth,1806048000000,2200.0,call,54.97,0.115326,0.1135,0.117,1898.69,4038.0
1786639381,eth,1786694400000,1850.0,call,33.29,0.009539,0.0065,0.013,1862.69,711.0
1786639381,eth,1787299200000,1650.0,call,50.92,0.1161,,,1863.87,1.0
1786639381,eth,1793347200000,2050.0,call,50.41,0.056753,0.056,0.0575,1872.49,399.0
1786639381,eth,1798185600000,3100.0,call,55.13,0.012471,0.012,0.013,1880.71,2325.0
1786639381,eth,1787904000000,1950.0,call,42.71,0.01667,0.016,0.017,1864.74,4880.0
1786639381,eth,1806048000000,1600.0,call,56.99,0.253137,0.246,0.2585,1898.69,933.0
1786639381,eth,1798185600000,3200.0,call,55.46,0.010452,0.01,0.011,1880.71,67901.0
1786639381,eth,1798185600000,4400.0,call,61.11,0.002049,0.0018,0.0022,1880.69,3322.0
1786639381,eth,1806048000000,4000.0,call,58.23,0.014027,0.014,0.0145,1898.69,2195.0
1786639381,eth,1790323200000,7400.0,put,99.33,2.962414,,,1867.54,0.0
1786639381,eth,1786953600000,1960.0,call,35.24,0.001212,0.0011,0.0015,1863.38,4.0
1786639381,eth,1793347200000,2100.0,put,50.42,0.170561,0.165,0.2195,1872.49,1.0
1786639381,eth,1786780800000,2050.0,call,52.17,3.4e-05,,0.0001,1863.08,721.0
1786639381,eth,1788508800000,2100.0,call,45.43,0.00851,0.008,0.009,1865.44,21.0
1786639381,eth,1787904000000,1300.0,call,76.7,0.303217,,,1864.74,51.0
1786639381,eth,1790323200000,2800.0,put,55.68,0.50068,0.4915,0.5085,1867.54,1287.0
1786639381,eth,1787904000000,1500.0,call,60.04,0.19705,0.193,0.202,1864.74,443.0
1786639381,eth,1790323200000,6200.0,call,99.33,3.1e-05,,0.0002,1867.55,2026.0
1786639381,eth,1787904000000,2800.0,put,67.65,0.501702,,,1864.75,0.0
1786639381,eth,1786953600000,1920.0,put,33.49,0.033931,0.0275,0.0645,1863.38,0.0
1786639381,eth,1787299200000,1700.0,put,46.97,0.002632,0.0024,0.0027,1863.87,9312.0
1786639381,eth,1806048000000,4600.0,call,59.76,0.00815,0.0075,0.009,1898.69,957.0
1786639381,eth,1790323200000,1700.0,put,50.38,0.030167,0.0295,0.031,1867.55,4795.0
1786639381,eth,1786694400000,1840.0,call,34.96,0.01375,0.0001,0.022,1862.68,0.0
1786639381,eth,1793347200000,3600.0,call,60.22,0.001194,0.001,0.0015,1872.49,763.0
1786639381,eth,1806048000000,2000.0,call,55.2,0.150509,0.1485,0.1525,1898.69,1861.0
1786639381,eth,1790323200000,5600.0,put,99.33,1.998676,,,1867.54,0.0
1786639381,eth,1788508800000,2200.0,call,46.95,0.004126,0.004,0.0044,1865.44,0.0
1786639381,eth,1790323200000,5500.0,call,99.33,0.000114,,0.0002,1867.55,2065.0
1786639381,eth,1813910400000,5000.0,put,59.87,1.622597,1.6,1.717,1917.71,0.0
1786639381,eth,1787299200000,1600.0,call,55.52,0.142333,,,1863.87,0.0
1786639381,eth,1786953600000,1880.0,put,32.82,0.018147,0.0175,0.019,1863.38,188.0
1786639381,eth,1813910400000,3500.0,call,57.26,0.045437,0.044,0.047,1917.71,2214.0
1786639381,eth,1813910400000,3600.0,put,57.41,0.919117,0.84,0.936,1917.71,0.0
1786639381,eth,1790323200000,1700.0,call,50.38,0.119883,0.1155,0.125,1867.54,2254.0
1786639381,eth,1806048000000,1400.0,put,58.9,0.059833,0.058,0.0605,1898.69,1779.0
1786639381,eth,1786867200000,1600.0,call,70.66,0.141339,,,1863.28,0.0
1786639381,eth,1786694400000,2000.0,call,49.27,1e-06,,0.0001,1862.68,10743.0
1786639381,eth,1790323200000,7500.0,put,99.33,3.01596,,,1867.54,0.0
1786639381,eth,1806048000000,1800.0,put,55.81,0.144079,0.142,0.1455,1898.69,4407.0
1786639381,eth,1790323200000,2200.0,call,48.51,0.015305,0.015,0.016,1867.54,7805.0
1786639381,eth,1786867200000,1760.0,call,41.55,0.056137,,,1863.28,0.0
1786639381,eth,1806048000000,3500.0,call,56.69,0.022962,0.022,0.024,1898.69,4513.0
1786639381,eth,1790323200000,5500.0,put,99.33,1.945149,,,1867.55,1.0
1786639381,eth,1786953600000,1820.0,call,34.88,0.028302,0.017,0.035,1863.38,0.0
1786639381,eth,1793347200000,2200.0,call,50.47,0.036377,0.036,0.037,1872.49,1243.0
1786639381,eth,1813910400000,1500.0,put,59.01,0.102159,0.1,0.103,1917.71,431.0
1786639381,eth,1787904000000,2600.0,put,62.15,0.394549,,,1864.74,1.0
1786639381,eth,1786780800000,1600.0,put,76.45,2e-05,,0.0001,1863.08,153.0
1786639381,eth,1806048000000,3600.0,put,57.05,0.917069,0.8495,0.9865,1898.69,1.0
1786639381,eth,1790323200000,2900.0,call,57.01,0.000999,0.0008,0.0013,1867.54,5699.0
1786639381,eth,1806048000000,1900.0,call,55.44,0.171837,0.17,0.174,1898.7,2393.0
1786639381,eth,1790323200000,5400.0,put,98.56,1.891614,,,1867.55,4.0
1786639381,eth,1787904000000,3600.0,call,84.51,3e-06,,0.0001,1864.74,1218.0
1786639381,eth,1790323200000,1900.0,put,48.06,0.075077,0.074,0.076,1867.55,17766.0
1786639381,eth,1790323200000,3400.0,put,66.04,0.820939,0.8105,0.8325,1867.54,870.0
1786639381,eth,1806048000000,1900.0,put,55.44,0.17263,0.1705,0.1745,1898.69,2691.0
1786639381,eth,1787904000000,3800.0,call,84.51,1e-06,,0.0001,1864.74,398.0
1786639381,eth,1788508800000,1850.0,put,45.29,0.039811,0.039,0.0405,1865.44,10.0
1786639381,eth,1786780800000,2000.0,put,43.59,0.073635,0.0065,,1863.08,2.0
1786639381,eth,1786694400000,2100.0,put,64.34,0.127487,0.0001,,1862.68,63.0
1786639381,eth,1790323200000,7400.0,call,99.33,4e-06,,0.0001,1867.55,1019.0
1786639381,eth,1790323200000,5200.0,put,97.93,1.784567,,,1867.54,3.0
1786639381,eth,1788508800000,1850.0,call,45.29,0.048013,0.0475,0.0485,1865.44,50.0
1786639381,eth,1790323200000,14000.0,put,123.7,6.496453,,,1867.54,0.0
1786639381,eth,1798185600000,2600.0,put,53.31,0.41364,0.4045,0.4225,1880.69,1065.0
1786639381,eth,1790323200000,6400.0,put,99.33,2.426971,,,1867.54,0.0
1786639381,eth,1787904000000,2050.0,put,43.6,0.105874,0.096,0.1445,1864.74,180.0
1786639381,eth,1786953600000,1940.0,call,34.18,0.002015,0.0019,0.0023,1863.38,75.0
1786639381,eth,1790323200000,6600.0,put,99.33,2.534057,,,1867.54,0.0
1786639381,eth,1790323200000,2800.0,call,55.68,0.00139,0.0012,0.0016,1867.54,7338.0
1786639381,eth,1787904000000,1950.0,put,42.71,0.062453,0.0585,0.066,1864.75,2620.0
1786639381,eth,1798185600000,2900.0,call,54.3,0.017693,0.017,0.0185,1880.71,2326.0
1786639381,eth,1787299200000,1700.0,call,46.97,0.090488,0.066,0.099,1863.87,50.0
1786639381,eth,1787299200000,2050.0,call,41.68,0.00154,0.0014,0.0017,1863.87,5157.0
1786639381,eth,1786694400000,1920.0,call,39.74,0.000223,0.0002,0.0003,1862.69,3277.0
1786639381,eth,1806048000000,2700.0,put,55.18,0.481954,0.471,0.5,1898.69,147.0
1786639381,eth,1786867200000,1760.0,put,41.55,0.000774,0.0006,0.0008,1863.28,120.0
1786639381,eth,1790323200000,3500.0,call,67.87,0.000326,0.0002,,1867.54,15578.0
1786639381,eth,1786867200000,1880.0,call,31.56,0.006826,0.0065,0.0075,1863.28,804.0
1786639381,eth,1790323200000,1800.0,call,48.79,0.084908,0.082,0.0905,1867.54,6562.0
1786639381,eth,1786694400000,1960.0,call,41.13,8e-06,,0.0001,1862.68,1086.0
1786639381,eth,1786780800000,1740.0,call,50.9,0.06628,0.0001,,1863.08,0.0
1786639381,eth,1806048000000,3400.0,call,56.56,0.02583,0.025,0.027,1898.69,1870.0
1786639381,eth,1786780800000,1880.0,put,33.53,0.014303,0.0135,0.0155,1863.08,854.0
1786639381,eth,1786780800000,1780.0,call,43.8,0.045275,0.0001,,1863.08,0.0
1786639381,eth,1813910400000,900.0,put,67.84,0.023501,0.0225,0.024,1917.71,779.0
1786639381,eth,1788508800000,1600.0,put,53.3,0.006982,0.0065,0.007,1865.44,312.0
1786639381,eth,1813910400000,1300.0,call,60.88,0.388677,0.107,0.3935,1917.71,108.0
1786639381,eth,1787904000000,1600.0,call,52.97,0.145194,0.1415,0.149,1864.74,885.0
1786639381,eth,1790323200000,1850.0,put,48.39,0.061004,0.06,0.062,1867.55,2197.0
1786639381,eth,1798185600000,1500.0,call,56.63,0.248774,0.2455,0.2555,1880.71,763.0
1786639381,eth,1793347200000,3400.0,call,58.52,0.001714,0.0015,0.0019,1872.49,1283.0
1786639381,eth,1786953600000,1920.0,call,33.49,0.003413,0.0033,0.0038,1863.38,64.0
1786639381,eth,1787904000000,1300.0,put,76.7,0.000406,0.0003,0.0005,1864.74,8966.0
1786639381,eth,1787904000000,1450.0,call,63.33,0.223358,,,1864.75,51.0
1786639381,eth,1790323200000,5000.0,put,94.73,1.677477,,,1867.55,2.0
1786639381,eth,1798185600000,11000.0,put,89.79,4.849485,,4.868,1880.69,109.0
1786639381,eth,1798185600000,2800.0,call,53.97,0.021312,0.0205,0.022,1880.69,9170.0
1786639381,eth,1793347200000,1800.0,call,51.33,0.113023,0.1105,0.117,1872.49,102.0
1786639381,eth,1786780800000,1940.0,call,36.42,0.0005,0.0005,0.0007,1863.08,100.0
1786639381,eth,1813910400000,1800.0,put,57.43,0.174815,0.1725,0.1765,1917.71,305.0
1786639381,eth,1798185600000,3400.0,put,56.35,0.815537,0.801,0.872,1880.71,89.0
1786639381,eth,1798185600000,8000.0,put,76.46,3.254253,,,1880.71,0.0
1786639381,eth,1793347200000,2500.0,call,51.64,0.014938,0.0145,0.0155,1872.49,1092.0
1786639381,eth,1787904000000,1800.0,put,44.01,0.019937,0.0195,0.0205,1864.75,5265.0
1786639381,eth,1786953600000,1600.0,call,68.47,0.14152,,,1863.37,0.0
1786639381,eth,1798185600000,1000.0,put,69.09,0.008582,0.008,0.009,1880.71,19240.0
1786639381,eth,1806048000000,3300.0,put,56.28,0.766992,0.7515,0.8535,1898.7,1.0
1786639381,eth,1786694400000,2200.0,put,66.27,0.181176,,,1862.69,0.0
1786639381,eth,1790323200000,14000.0,call,123.7,0.0,,0.0001,1867.54,1212.0
1786639381,eth,1787904000000,2000.0,put,42.98,0.08304,0.078,0.088,1864.75,615.0
1786639381,eth,1787904000000,3600.0,put,84.51,0.930681,,,1864.75,18.0
1786639381,eth,1786694400000,2200.0,call,66.27,0.0,,0.0001,1862.69,2556.0
1786639381,eth,1798185600000,1400.0,call,58.29,0.289499,0.2855,0.2965,1880.71,946.0
1786639381,eth,1786780800000,1780.0,put,43.8,0.000743,0.0006,0.0008,1863.08,44.0
1786639381,eth,1806048000000,2600.0,put,55.1,0.437593,0.4275,0.4485,1898.69,626.0
1786639381,eth,1787299200000,1850.0,call,39.65,0.026668,0.026,0.027,1863.87,570.0
1786639381,eth,1790323200000,1850.0,call,48.39,0.070401,0.0695,0.0715,1867.54,1449.0
1786639381,eth,1790323200000,4600.0,call,88.21,0.000186,0.0001,0.0003,1867.55,3955.0
1786639381,eth,1806048000000,2800.0,call,55.33,0.052662,0.0515,0.054,1898.7,4869.0
1786639381,eth,1790323200000,10000.0,call,105.8,0.0,,0.0001,1867.54,1561.0
1786639381,eth,1786694400000,1900.0,put,35.17,0.020707,0.016,0.0215,1862.69,2411.0
1786639381,eth,1813910400000,2300.0,call,56.38,0.140884,0.139,0.143,1917.71,215.0
1786639381,eth,1813910400000,2700.0,call,56.37,0.094403,0.093,0.0965,1917.71,295.0
1786639381,eth,1786867200000,1960.0,put,34.73,0.052513,,,1863.27,12.0
1786639381,eth,1788508800000,1950.0,put,44.65,0.070683,0.068,0.074,1865.44,22.0
1786639381,eth,1786867200000,2200.0,put,48.51,0.180796,,,1863.27,0.0
1786639381,eth,1787904000000,1900.0,put,42.71,0.044742,0.044,0.0455,1864.74,7183.0
1786639381,eth,1790323200000,3800.0,put,72.15,1.034954,,,1867.54,954.0
1786639381,eth,1790323200000,16000.0,call,130.17,0.0,,0.0001,1867.54,7426.0
1786639381,eth,1786867200000,1960.0,call,34.73,0.000532,0.0005,0.0007,1863.28,1746.0
1786639381,eth,1787299200000,1900.0,call,39.03,0.01432,0.014,0.015,1863.87,1468.0
1786639381,eth,1798185600000,3300.0,put,56.02,0.763762,0.748,0.825,1880.69,10.0
1786639381,eth,1798185600000,3400.0,call,56.35,0.007575,0.007,0.0085,1880.71,13063.0
1786639381,eth,1790323200000,3200.0,call,62.17,0.000499,0.0004,0.01,1867.54,7858.0
1786639381,eth,1790323200000,6200.0,put,99.33,2.319889,,,1867.55,0.0
1786639381,eth,1787904000000,1700.0,call,47.46,0.096248,0.092,0.0995,1864.74,1002.0
1786639381,eth,1798185600000,2000.0,call,52.91,0.101849,0.101,0.1025,1880.71,10810.0
1786639381,eth,1790323200000,1000.0,put,83.03,0.001003,0.0008,0.001,1867.54,9681.0
1786639381,eth,1786953600000,1900.0,call,33.09,0.00569,0.0055,0.006,1863.38,33.0
1786639381,eth,1786867200000,1840.0,call,32.91,0.018392,,,1863.27,0.0
1786639381,eth,1790323200000,1000.0,call,83.03,0.465542,,,1867.55,125.0
1786639381,eth,1786780800000,2020.0,put,47.22,0.084351,0.0001,,1863.08,10.0
1786639381,eth,1786953600000,1980.0,call,36.67,0.000757,0.0007,0.001,1863.38,4.0
1786639381,eth,1793347200000,1850.0,call,50.98,0.099148,0.0985,0.1,1872.49,767.0
1786639381,eth,1786953600000,1700.0,call,49.61,0.088156,,,1863.37,0.0
1786639381,eth,1813910400000,3800.0,put,57.72,1.017104,0.994,1.1205,1917.71,2.0
1786639381,eth,1786780800000,1720.0,put,54.64,0.000181,0.0001,0.0002,1863.08,11.0
1786639381,eth,1798185600000,1800.0,call,53.68,0.148799,0.147,0.1505,1880.71,2476.0
1786639381,eth,1786694400000,1950.0,call,40.84,1.9e-05,,0.0002,1862.68,11459.0
1786639381,eth,1798185600000,800.0,put,77.28,0.003973,0.0033,0.0043,1880.71,6147.0
1786639381,eth,1793347200000,2250.0,put,50.56,0.232878,0.2255,0.3225,1872.49,1.0
1786639381,eth,1806048000000,4800.0,put,60.24,1.535271,,,1898.69,0.0
1786639381,eth,1790323200000,5200.0,call,97.93,0.000171,0.0001,0.0002,1867.54,1681.0
1786639381,eth,1786780800000,2000.0,call,43.59,7.5e-05,,0.0002,1863.08,318.0
1786639381,eth,1787904000000,3400.0,call,84.51,1.1e-05,,0.0001,1864.75,600.0
1786639381,eth,1786867200000,1940.0,put,33.21,0.042232,,,1863.28,0.0
1786639381,eth,1786780800000,2100.0,call,54.8,6e-06,,0.0001,1863.08,74.0
1786639381,eth,1813910400000,3000.0,put,56.62,0.635381,0.623,0.71,1917.71,63.0
1786639381,eth,1787904000000,2000.0,call,42.98,0.010442,0.01,0.011,1864.75,9507.0
1786639381,eth,1806048000000,800.0,put,72.84,0.010259,0.0095,0.0105,1898.69,2802.0
1786639381,eth,1793347200000,2300.0,call,50.69,0.026901,0.0265,0.0275,1872.49,727.0
1786639381,eth,1798185600000,1500.0,put,56.63,0.046404,0.0455,0.047,1880.71,16746.0
1786639381,eth,1798185600000,2000.0,put,52.91,0.165356,0.1645,0.1665,1880.69,7989.0
1786639381,eth,1787299200000,1500.0,put,65.56,0.000321,0.0003,0.0004,1863.87,717.0
1786639381,eth,1787904000000,2200.0,put,47.09,0.181498,0.1755,0.1875,1864.74,681.0
1786639381,eth,1806048000000,4200.0,call,58.68,0.011548,0.011,0.0125,1898.69,2820.0
1786639381,eth,1798185600000,800.0,call,77.28,0.57857,,,1880.71,171.0
1786639381,eth,1798185600000,5500.0,call,66.66,0.000817,0.0006,0.006,1880.69,1617.0
1786639381,eth,1806048000000,4500.0,call,59.49,0.008862,0.0085,0.0095,1898.68,2399.0
1786639381,eth,1798185600000,4000.0,call,59.26,0.003296,0.0031,0.0037,1880.69,16980.0
1786639381,eth,1793347200000,1000.0,call,73.53,0.469036,,,1872.49,0.0
1786639381,eth,1786780800000,2040.0,put,51.02,0.095075,0.0001,,1863.08,0.0
1786639381,eth,1790323200000,9000.0,put,100.09,3.819148,,,1867.54,0.0
1786639381,eth,1786694400000,1800.0,call,46.35,0.03388,0.001,,1862.69,58.0
1786639381,eth,1790323200000,1200.0,call,69.37,0.359731,,,1867.55,138.0
1786639381,eth,1788508800000,1800.0,put,46.04,0.028611,0.028,0.029,1865.44,240.0
1786639381,eth,1787904000000,1700.0,put,47.46,0.007957,0.0075,0.0085,1864.74,8621.0
1786639381,eth,1790323200000,2300.0,put,49.18,0.241189,0.236,0.2475,1867.54,1089.0
1786639381,eth,1813910400000,2100.0,put,56.61,0.268201,0.256,0.2765,1917.71,87.0
1786639381,eth,1798185600000,1000.0,call,69.09,0.476829,,,1880.71,54.0
1786639381,eth,1798185600000,2800.0,put,53.97,0.510223,0.4955,0.52,1880.71,2141.0
1786639381,eth,1790323200000,3000.0,call,58.71,0.000772,0.0006,0.001,1867.54,28577.0
1786639381,eth,1786867200000,1980.0,call,36.78,0.000317,0.0003,0.0005,1863.28,722.0
1786639381,eth,1790323200000,4000.0,put,76.1,1.142029,,,1867.54,140.0
1786639381,eth,1786694400000,2050.0,call,55.21,0.0,,0.0001,1862.69,3183.0
1786639381,eth,1786867200000,2060.0,call,44.36,4.7e-05,,0.0002,1863.27,0.0
1786639381,eth,1793347200000,1800.0,put,51.33,0.07431,0.0735,0.075,1872.49,1023.0
1786639381,eth,1790323200000,6500.0,put,99.33,2.480514,,,1867.55,0.0
1786639381,eth,1798185600000,4400.0,put,61.11,1.341765,,,1880.69,20.0
1786639381,eth,1787904000000,2200.0,call,47.09,0.001639,0.0015,0.0018,1864.74,8611.0
1786639381,eth,1790323200000,3400.0,call,66.04,0.000372,0.0003,0.0006,1867.54,7035.0
1786639381,eth,1790323200000,4400.0,put,84.42,1.356214,,,1867.55,281.0
1786639381,eth,1790323200000,5800.0,put,99.33,2.105738,,,1867.55,0.0
1786639381,eth,1786694400000,1960.0,put,41.13,0.052328,0.0001,,1862.68,0.0
1786639381,eth,1787904000000,2350.0,put,52.27,0.260861,,,1864.74,100.0
1786639381,eth,1813910400000,1200.0,call,62.17,0.426832,0.275,0.432,1917.71,55.0
1786639381,eth,1793347200000,1200.0,call,65.31,0.366525,,,1872.49,0.0
1786639381,eth,1793347200000,1700.0,call,52.41,0.145017,0.1205,0.147,1872.49,51.0
1786639381,eth,1798185600000,1300.0,put,60.37,0.024527,0.0235,0.025,1880.69,1973.0
1786639381,eth,1788508800000,2400.0,put,51.02,0.287762,,,1865.44,0.0
1786639381,eth,1790323200000,2600.0,call,52.42,0.002671,0.0025,0.003,1867.54,10950.0
1786639381,eth,1798185600000,7000.0,put,73.32,2.722641,,,1880.71,0.0
1786639381,eth,1813910400000,4000.0,call,58.13,0.030451,0.029,0.0315,1917.71,4059.0
1786639381,eth,1806048000000,1200.0,put,62.06,0.03531,0.034,0.036,1898.69,1237.0
1786639381,eth,1790323200000,7000.0,put,99.33,2.748234,,,1867.54,0.0
1786639381,eth,1786867200000,1800.0,put,36.22,0.001996,0.0017,0.0021,1863.28,13.0
1786639381,eth,1786867200000,2100.0,call,47.07,1.7e-05,,0.0001,1863.28,122.0
1786639381,eth,1790323200000,1900.0,call,48.06,0.057701,0.057,0.0585,1867.54,11090.0
1786639381,eth,1798185600000,2300.0,call,52.76,0.056246,0.0555,0.057,1880.71,7638.0
1786639381,eth,1786867200000,2040.0,call,41.89,6.5e-05,,0.0002,1863.28,5.0
1786639381,eth,1806048000000,1800.0,call,55.81,0.195962,0.194,0.198,1898.7,3788.0
1786639381,eth,1787904000000,2050.0,call,43.6,0.00646,0.006,0.007,1864.74,7778.0
1786639381,eth,1793347200000,3000.0,put,55.12,0.606124,,,1872.49,72.0
1786639381,eth,1787904000000,1800.0,call,44.01,0.054598,0.052,0.0575,1864.74,6075.0
1786639381,eth,1786694400000,1940.0,call,40.29,4.4e-05,,0.0002,1862.69,1146.0
1786639381,eth,1786867200000,1740.0,put,44.56,0.000515,0.0004,0.0006,1863.27,1000.0
1786639381,eth,1786953600000,1780.0,put,38.38,0.002137,0.0019,0.0022,1863.37,0.0
1786639381,eth,1813910400000,1900.0,call,57.12,0.213098,0.2105,0.2155,1917.71,118.0
1786639381,eth,1806048000000,3700.0,call,57.24,0.018618,0.018,0.0195,1898.69,1475.0
1786639381,eth,1806048000000,5000.0,call,60.71,0.005866,0.0055,0.0065,1898.69,1887.0
1786639381,eth,1806048000000,2000.0,put,55.2,0.204,0.2,0.2105,1898.69,1508.0
1786639381,eth,1786694400000,2400.0,call,76.35,0.0,,0.0001,1862.68,1547.0
1786639381,eth,1786953600000,2000.0,call,38.24,0.000488,0.0004,0.0007,1863.38,4.0
1786639381,eth,1790323200000,2100.0,put,48.09,0.148751,0.147,0.1535,1867.55,2713.0
1786639381,eth,1806048000000,1200.0,call,62.06,0.403216,0.2515,0.4075,1898.69,69.0
1786639381,eth,1786953600000,1940.0,put,34.18,0.043268,0.0345,0.0745,1863.37,0.0
1786639381,eth,1790323200000,2700.0,put,53.86,0.447605,0.437,0.4565,1867.54,527.0
1786639381,eth,1806048000000,2500.0,call,54.99,0.077466,0.076,0.079,1898.69,9272.0
1786639381,eth,1790323200000,16000.0,put,130.17,7.567375,,,1867.54,30.0
1786639381,eth,1787299200000,1500.0,call,65.56,0.195487,,,1863.87,0.0
1786639381,eth,1786867200000,2050.0,call,42.15,4.4e-05,,0.0002,1863.28,11.0
1786639381,eth,1790323200000,2300.0,call,49.18,0.009629,0.009,0.0105,1867.54,12439.0
1786639381,eth,1790323200000,1400.0,put,60.41,0.006593,0.006,0.007,1867.54,9827.0
1786639381,eth,1787299200000,1950.0,put,39.22,0.053288,0.049,0.0575,1863.87,896.0
1786639381,eth,1806048000000,1500.0,put,57.8,0.076285,0.0745,0.077,1898.7,4038.0
1786639381,eth,1806048000000,4500.0,put,59.49,1.379217,,,1898.69,0.0
1786639381,eth,1786867200000,2000.0,put,38.6,0.073637,,,1863.28,0.0
1786639381,eth,1813910400000,2700.0,put,56.37,0.50242,0.492,0.5095,1917.71,0.0
1786639381,eth,1790323200000,1600.0,call,52.81,0.161369,0.157,0.167,1867.54,3575.0
1786639381,eth,1786953600000,1840.0,call,33.69,0.020453,0.0185,0.0225,1863.37,49.0
1786639381,eth,1806048000000,3000.0,put,55.67,0.621334,0.61,0.631,1898.69,352.0
1786639381,eth,1788508800000,1750.0,call,47.21,0.081987,0.0605,0.0875,1865.44,50.0
1786639381,eth,1813910400000,2900.0,call,56.48,0.077767,0.0765,0.0795,1917.71,61.0
1786639381,eth,1786780800000,1820.0,call,37.7,0.025457,0.0001,0.0325,1863.08,50.0
1786639381,eth,1813910400000,1700.0,put,57.84,0.148122,0.146,0.1495,1917.71,2962.0
1786639381,eth,1798185600000,5200.0,put,66.01,1.766251,,,1880.69,0.0
1786639381,eth,1793347200000,1200.0,put,65.31,0.007383,0.0065,0.0075,1872.49,2259.0
1786639381,eth,1798185600000,4800.0,call,63.21,0.001407,0.0012,0.0018,1880.71,2770.0
1786639381,eth,1786694400000,1600.0,put,88.57,0.0,,0.0001,1862.69,5548.0
1786639381,eth,1813910400000,2000.0,put,56.83,0.234991,0.233,0.237,1917.71,213.0
1786639381,eth,1806048000000,1500.0,call,57.8,0.286185,0.107,0.2905,1898.69,244.0
1786639381,eth,1786694400000,1750.0,put,61.55,6.3e-05,,0.0001,1862.69,11311.0
1786639381,eth,1788508800000,1600.0,call,53.3,0.149263,0.1275,0.156,1865.43,0.0
1786639381,eth,1786780800000,2100.0,put,54.8,0.127244,0.0001,,1863.08,0.0
1786639381,eth,1790323200000,3800.0,call,72.15,0.000202,0.0001,0.0004,1867.55,2047.0
1786639381,eth,1798185600000,2700.0,put,53.63,0.461434,0.448,0.4715,1880.71,446.0
1786639381,eth,1790323200000,7500.0,call,99.33,3e-06,,0.0002,1867.54,1322.0
1786639381,eth,1790323200000,6800.0,put,99.33,2.641145,,,1867.55,0.0
1786639381,eth,1786953600000,1820.0,put,34.88,0.005148,0.0048,0.0055,1863.37,206.0
1786639381,eth,1787299200000,1950.0,call,39.22,0.007019,0.0065,0.0075,1863.87,4785.0
1786639381,eth,1786694400000,2000.0,put,49.27,0.073798,0.0001,,1862.69,73.0
1786639381,eth,1786694400000,1950.0,put,40.84,0.046971,0.042,0.0505,1862.68,3245.0
1786639381,eth,1786953600000,1760.0,put,40.71,0.001443,0.0012,0.0015,1863.37,0.0
1786639381,eth,1786780800000,1960.0,put,38.72,0.052342,0.0001,,1863.08,0.0
1786639381,eth,1786867200000,1920.0,put,32.19,0.032424,,,1863.28,0.0
1786639381,eth,1790323200000,3300.0,call,64.8,0.000471,0.0003,0.0016,1867.55,17701.0
1786639381,eth,1793347200000,1950.0,put,50.53,0.116796,0.116,0.1175,1872.49,414.0
1786639381,eth,1798185600000,7000.0,call,73.32,0.000366,0.0003,,1880.71,2825.0
1786639381,eth,1786953600000,1840.0,put,33.69,0.008033,0.0075,0.0085,1863.38,688.0
1786639381,eth,1806048000000,3300.0,call,56.28,0.028825,0.028,0.03,1898.69,1910.0
1786639381,eth,1787904000000,2250.0,call,48.65,0.001098,0.0009,0.0013,1864.75,2912.0
1786639381,eth,1798185600000,1800.0,put,53.68,0.105956,0.105,0.107,1880.71,5612.0
1786639381,eth,1787299200000,1400.0,call,77.13,0.24898,,,1863.87,0.0
1786639381,eth,1790323200000,2200.0,put,48.51,0.193319,0.188,0.2,1867.54,5506.0
1786639381,eth,1786867200000,2040.0,put,41.89,0.094984,,,1863.28,0.0
1786639381,eth,1786694400000,1840.0,put,34.96,0.001642,0.0014,0.0019,1862.69,1253.0
1786639381,eth,1798185600000,1300.0,call,60.37,0.333248,0.3025,0.337,1880.71,50.0
1786639381,eth,1813910400000,1400.0,put,59.82,0.083053,0.081,0.084,1917.71,1784.0
1786639381,eth,1790323200000,3200.0,put,62.17,0.713974,0.706,0.724,1867.54,1323.0
1786639381,eth,1787904000000,2600.0,call,62.15,0.000171,0.0001,0.0003,1864.74,6178.0
1786639381,eth,1806048000000,3000.0,call,55.67,0.041097,0.04,0.0425,1898.69,4700.0
1786639381,eth,1813910400000,1600.0,call,58.36,0.289488,0.2825,0.294,1917.71,367.0
1786639381,eth,1786953600000,2040.0,put,42.12,0.095168,,,1863.37,0.0
1786639381,eth,1790323200000,1200.0,put,69.37,0.002284,0.0021,0.0023,1867.54,11242.0
1786639381,eth,1798185600000,5000.0,call,64.36,0.00121,0.001,0.0016,1880.69,4541.0
1786639381,eth,1786867200000,1750.0,call,42.99,0.061355,,,1863.28,0.0
1786639381,eth,1806048000000,2900.0,put,55.52,0.57409,0.556,0.5865,1898.68,258.0
1786639381,eth,1793347200000,1700.0,put,52.41,0.052899,0.052,0.0535,1872.49,482.0
1786639381,eth,1813910400000,4500.0,call,58.93,0.021015,0.02,0.022,1917.71,1248.0
1786639381,eth,1786867200000,1700.0,put,50.76,0.000249,0.0002,0.0003,1863.28,212.0
1786639381,eth,1798185600000,1900.0,put,53.21,0.13378,0.133,0.1345,1880.71,5087.0
1786639381,eth,1786780800000,1860.0,call,34.08,0.009915,0.0095,0.0105,1863.08,112.0
1786639381,eth,1790323200000,4500.0,call,86.36,0.000186,0.0001,0.0004,1867.54,8442.0
1786639381,eth,1786867200000,1920.0,call,32.19,0.001911,0.0018,0.0022,1863.28,172.0
1786639381,eth,1787299200000,2000.0,put,40.16,0.076384,0.0665,0.1035,1863.87,1.0
1786639381,eth,1787904000000,1100.0,put,94.61,0.000116,,0.0002,1864.74,2239.0
1786639381,eth,1806048000000,4400.0,put,59.17,1.327298,1.307,1.3995,1898.69,0.0
1786639381,eth,1790323200000,7200.0,call,99.33,5e-06,,0.0002,1867.55,1160.0
1786639381,eth,1787904000000,1550.0,call,56.44,0.170937,,,1864.74,149.0
1786639381,eth,1813910400000,3200.0,call,56.86,0.059108,0.0575,0.0605,1917.71,283.0
1786639381,eth,1793347200000,1600.0,put,53.92,0.036613,0.036,0.037,1872.49,1901.0
1786639381,eth,1786694400000,1850.0,put,33.29,0.0028,0.0025,0.0032,1862.69,3448.0
1786639381,eth,1787904000000,3200.0,call,81.98,2.8e-05,,0.0001,1864.74,1074.0
1786639381,eth,1786694400000,1880.0,put,32.52,0.011364,0.0105,0.012,1862.68,2281.0
1786639381,eth,1790323200000,7000.0,call,99.33,7e-06,,0.0001,1867.54,2033.0
1786639381,eth,1788508800000,1700.0,call,48.86,0.102743,0.083,0.1095,1865.44,0.0
1786639381,eth,1788508800000,2000.0,put,44.78,0.090044,0.084,0.1225,1865.44,0.0
1786639381,eth,1790323200000,11000.0,put,110.93,4.89007,,,1867.54,0.0
1786639381,eth,1787904000000,1000.0,call,98.16,0.46373,,,1864.75,50.0
1786639381,eth,1790323200000,6600.0,call,99.33,1.5e-05,,0.0002,1867.54,1414.0
1786639381,eth,1786780800000,1880.0,call,33.53,0.005156,0.005,0.0055,1863.08,456.0
1786639381,eth,1790323200000,3300.0,put,64.8,0.767492,,,1867.55,3.0
1786639381,eth,1787299200000,2200.0,put,49.1,0.180676,0.03,,1863.87,11.0
1786639381,eth,1806048000000,1000.0,call,66.62,0.492937,0.488,0.5,1898.69,270.0
1786639381,eth,1793347200000,1600.0,call,53.92,0.182136,0.154,0.1865,1872.49,68.0
1786639381,eth,1813910400000,1500.0,call,59.01,0.319949,0.184,0.3235,1917.71,52.0
1786639381,eth,1790323200000,8000.0,call,99.33,1e-06,,0.0002,1867.54,1092.0
1786639381,eth,1787299200000,1750.0,call,43.71,0.066171,0.0295,0.103,1863.87,53.0
1786639381,eth,1798185600000,6500.0,put,71.32,2.456865,,,1880.71,0.0
1786639381,eth,1806048000000,3100.0,call,55.81,0.036322,0.0355,0.0375,1898.69,1656.0
1786639381,eth,1790323200000,4200.0,put,80.38,1.249122,,,1867.55,551.0
1786639381,eth,1806048000000,3600.0,call,57.05,0.020785,0.02,0.022,1898.69,2214.0
1786639381,eth,1786780800000,2050.0,put,52.17,0.100434,0.0001,,1863.08,0.0
1786639381,eth,1786953600000,1800.0,call,36.39,0.037163,0.026,0.045,1863.38,89.0
1786639381,eth,1786953600000,2020.0,call,40.0,0.00033,0.0003,0.0005,1863.38,59.0
1786639381,eth,1788508800000,2400.0,call,51.02,0.001105,0.001,0.0013,1865.44,1.0
1786639381,eth,1790323200000,2400.0,put,49.99,0.291192,0.285,0.298,1867.55,2064.0
1786639381,eth,1790323200000,2900.0,put,57.01,0.553836,,,1867.54,49.0
1786639381,eth,1806048000000,3400.0,put,56.56,0.816765,0.8015,0.892,1898.69,6.0
1786639381,eth,1786867200000,2060.0,put,44.36,0.105702,,,1863.27,0.0
1786639381,eth,1790323200000,15000.0,call,127.3,0.0,,0.0001,1867.54,878.0
1786639381,eth,1787904000000,2150.0,put,45.65,0.155561,0.1455,0.1735,1864.74,66.0
1786639381,eth,1790323200000,5600.0,call,99.33,9.4e-05,,0.0002,1867.54,7164.0
1786639381,eth,1786953600000,1760.0,call,40.71,0.056802,,0.1355,1863.37,0.0
1786639381,eth,1793347200000,1400.0,call,58.72,0.269147,0.1855,0.274,1872.49,50.0
1786639381,eth,1786780800000,1740.0,put,50.9,0.000277,0.0002,0.0003,1863.08,112.0
1786639381,eth,1798185600000,2600.0,call,53.31,0.031081,0.0305,0.032,1880.71,6519.0
1786639381,eth,1813910400000,2400.0,call,56.32,0.127221,0.1255,0.129,1917.71,669.0
1786639381,eth,1788508800000,2000.0,call,44.78,0.017831,0.0175,0.0185,1865.44,72.0
1786639381,eth,1806048000000,2700.0,call,55.18,0.059753,0.0585,0.061,1898.7,3047.0
1786639381,eth,1813910400000,5000.0,call,59.87,0.015157,0.014,0.016,1917.71,585.0
1786639381,eth,1813910400000,2500.0,put,56.32,0.41872,0.411,0.425,1917.71,6.0
1786639381,eth,1786694400000,1880.0,call,32.52,0.002011,0.0018,0.0023,1862.69,1758.0
1786639381,eth,1790323200000,3000.0,put,58.71,0.607155,0.598,0.617,1867.54,7526.0
1786639381,eth,1787299200000,2000.0,call,40.16,0.003273,0.0031,0.0035,1863.87,11378.0
1786639381,eth,1798185600000,3600.0,put,57.35,0.919965,,,1880.69,93.0
1786639381,eth,1786780800000,1940.0,put,36.42,0.041853,0.0001,,1863.08,2.0
1786639381,eth,1786694400000,1940.0,put,40.29,0.041627,0.0001,,1862.69,20.0
1786639381,eth,1790323200000,5000.0,call,94.73,0.000173,0.0001,0.0003,1867.55,4100.0
1786639381,eth,1787904000000,2250.0,put,48.65,0.207772,,,1864.74,27.0
1786639381,eth,1813910400000,2200.0,call,56.45,0.156047,0.154,0.158,1917.71,1059.0
1786639381,eth,1798185600000,3600.0,call,57.35,0.005652,0.005,0.0065,1880.71,2230.0
1786639381,eth,1798185600000,9000.0,call,81.29,0.000207,0.0001,0.0004,1880.71,1905.0
1786639381,eth,1813910400000,900.0,call,67.84,0.554162,0.387,0.5595,1917.71,0.0
1786639381,eth,1790323200000,2700.0,call,53.86,0.001861,0.0017,0.0022,1867.54,4161.0
1786639381,eth,1790323200000,11000.0,call,110.93,0.0,,0.0002,1867.55,2766.0
1786639381,eth,1786867200000,1860.0,call,31.96,0.011728,0.0115,0.012,1863.28,0.0
1786639381,eth,1787904000000,2100.0,put,44.51,0.130233,0.126,0.135,1864.75,1161.0
1786639381,eth,1790323200000,10000.0,put,105.8,4.354609,,,1867.54,0.0
1786639381,eth,1798185600000,2200.0,call,52.75,0.06875,0.068,0.0695,1880.71,52532.0
1786639381,eth,1806048000000,2100.0,put,55.04,0.237891,0.2335,0.245,1898.69,487.0
1786639381,eth,1813910400000,2500.0,call,56.32,0.115064,0.113,0.117,1917.71,2980.0
1786639381,eth,1786953600000,1740.0,call,43.43,0.06712,,,1863.38,0.0
1786639381,eth,1798185600000,4000.0,put,59.26,1.130311,,,1880.71,223.0
1786639381,eth,1813910400000,800.0,put,70.35,0.017153,0.016,0.018,1917.71,683.0
1786639381,eth,1806048000000,6000.0,put,63.95,2.163717,,,1898.69,1.0
1786639381,eth,1790323200000,3100.0,put,60.61,0.660557,,,1867.54,0.0
1786639381,eth,1798185600000,1600.0,call,55.37,0.211578,0.205,0.219,1880.71,621.0
1786639381,eth,1787299200000,1800.0,call,41.13,0.044305,0.0008,0.0505,1863.87,232.0
1786639381,eth,1806048000000,3100.0,put,55.81,0.669233,0.6555,0.7245,1898.69,99.0
1786639381,eth,1813910400000,3400.0,put,57.14,0.822634,0.8075,0.9095,1917.71,2.0
1786639381,eth,1790323200000,13000.0,put,119.8,5.960992,,,1867.54,0.0
1786639381,eth,1798185600000,3800.0,put,58.31,1.024942,,,1880.71,26.0
1786639381,eth,1787299200000,1650.0,put,50.92,0.001417,0.0012,0.0015,1863.87,1040.0
1786639381,eth,1813910400000,1200.0,put,62.17,0.052618,0.051,0.0535,1917.71,471.0
1786639381,eth,1790323200000,1300.0,put,64.89,0.003954,0.0036,0.0041,1867.55,3419.0
1786639381,eth,1790323200000,1400.0,call,60.41,0.256948,0.253,0.2605,1867.54,1550.0
1786639381,eth,1787904000000,1450.0,put,63.33,0.000992,0.0009,0.001,1864.74,8689.0
1786639381,eth,1787904000000,3200.0,put,81.98,0.716187,,,1864.74,5.0
1786639381,eth,1806048000000,5500.0,call,62.38,0.004281,0.0044,0.0048,1898.68,2465.0
1786639381,eth,1790323200000,3600.0,put,70.3,0.927976,0.9165,0.9385,1867.54,907.0
1786639381,eth,1790323200000,1300.0,call,64.89,0.307854,,,1867.55,69.0
1786639381,eth,1786867200000,2000.0,call,38.6,0.000186,0.0001,0.0003,1863.27,113.0
1786639381,eth,1798185600000,1600.0,put,55.37,0.062384,0.0615,0.063,1880.69,7432.0
1786639381,eth,1793347200000,2050.0,put,50.41,0.151552,0.085,0.209,1872.49,48.0
1786639381,eth,1786780800000,1980.0,put,41.75,0.062974,0.0001,,1863.08,0.0
1786639381,eth,1798185600000,11000.0,call,89.79,0.000195,0.0001,0.0003,1880.71,2143.0
1786639381,eth,1813910400000,1000.0,call,65.63,0.509842,0.499,0.515,1917.71,64.0
1786639381,eth,1813910400000,2300.0,put,56.38,0.340306,0.33,0.3495,1917.71,85.0
1786639381,eth,1793347200000,2400.0,put,51.14,0.301748,0.2905,0.3455,1872.49,10.0
1786639381,eth,1786780800000,1750.0,put,49.0,0.000346,0.0003,0.0004,1863.08,11.0
1786639381,eth,1787299200000,1800.0,put,41.13,0.010105,0.0095,0.0105,1863.87,1058.0
1786639381,eth,1786694400000,1860.0,put,32.32,0.004725,0.0045,0.0055,1862.68,2425.0
1786639381,eth,1787904000000,1500.0,put,60.04,0.001499,0.0013,0.0016,1864.74,5461.0
1786639381,eth,1787904000000,2100.0,call,44.51,0.004005,0.004,0.0043,1864.75,8788.0
1786639381,eth,1813910400000,3200.0,put,56.86,0.72787,0.714,0.824,1917.71,0.0
1786639381,eth,1787299200000,2400.0,put,58.6,0.287772,,,1863.87,0.0
1786639381,eth,1790323200000,9000.0,call,100.09,0.0,,0.0005,1867.54,1519.0
1786639381,eth,1813910400000,2100.0,call,56.61,0.173099,0.171,0.175,1917.71,15.0
1786639381,eth,1793347200000,1950.0,call,50.53,0.075402,0.0745,0.076,1872.49,474.0
1786639381,eth,1806048000000,3200.0,call,56.05,0.032327,0.0315,0.0335,1898.69,1244.0
1786639381,eth,1786867200000,1980.0,put,36.77,0.063032,0.009,,1863.28,10.0
1786639381,eth,1798185600000,3800.0,call,58.31,0.004278,0.004,0.0047,1880.71,2914.0
1786639381,eth,1790323200000,4800.0,call,91.27,0.000172,0.0001,0.0012,1867.55,1853.0
1786639381,eth,1806048000000,2400.0,call,54.97,0.088455,0.087,0.09,1898.69,1877.0
1786639381,eth,1786867200000,1880.0,put,31.56,0.01587,0.015,0.017,1863.28,348.0
1786639381,eth,1806048000000,4000.0,put,58.23,1.120891,1.103,1.2015,1898.7,0.0
1786639381,eth,1786780800000,1820.0,put,37.7,0.002397,0.0022,0.0026,1863.08,3210.0
1786639381,eth,1787299200000,2100.0,put,43.94,0.127556,,,1863.87,10.0
1786639381,eth,1786953600000,1860.0,call,33.07,0.014019,0.0135,0.0145,1863.37,0.0
1786639381,eth,1787904000000,1200.0,put,84.14,0.000188,0.0001,0.0003,1864.75,7119.0
1786639381,eth,1790323200000,4000.0,call,76.1,0.000186,0.0001,0.33,1867.54,12153.0
1786639381,eth,1790323200000,2100.0,call,48.09,0.024283,0.024,0.025,1867.54,6669.0
1786639381,eth,1798185600000,2500.0,put,53.03,0.367125,0.3585,0.375,1880.71,1075.0
1786639381,eth,1788508800000,2100.0,put,45.43,0.134334,0.126,0.18,1865.44,0.0
1786639381,eth,1806048000000,4600.0,put,59.76,1.43118,,,1898.69,0.0
1786639381,eth,1806048000000,3700.0,put,57.24,0.967469,0.951,1.0165,1898.7,0.0
1786639381,eth,1798185600000,1700.0,call,54.37,0.178144,0.173,0.1815,1880.71,368.0
1786639381,eth,1806048000000,2200.0,put,54.97,0.274166,0.269,0.282,1898.69,1707.0
1786639381,eth,1786953600000,1880.0,call,32.82,0.009098,0.0085,0.0095,1863.37,44.0
1786639381,eth,1790323200000,6000.0,call,99.33,4.5e-05,,0.0002,1867.55,3191.0
1786639381,eth,1786780800000,1700.0,call,61.12,0.087646,0.0001,,1863.08,0.0
1786639381,eth,1787904000000,1650.0,put,50.13,0.005099,0.0048,0.0055,1864.75,6858.0
1786639381,eth,1788508800000,1700.0,put,48.86,0.014125,0.0135,0.0145,1865.44,420.0
1786639381,eth,1786867200000,2200.0,call,48.51,0.0,,0.0001,1863.28,20.0
1786639381,eth,1798185600000,3200.0,put,55.46,0.712064,0.699,0.725,1880.69,251.0
1786639381,eth,1790323200000,5400.0,call,98.56,0.000125,,0.0002,1867.54,1730.0
1786639381,eth,1798185600000,10000.0,call,85.87,0.000203,0.0001,0.0004,1880.71,1663.0
1786639381,eth,1786780800000,1700.0,put,61.12,0.000172,,0.0002,1863.08,1324.0
1786639381,eth,1787904000000,3000.0,call,75.18,4.1e-05,,0.0001,1864.74,1528.0
1786639381,eth,1790323200000,4800.0,put,91.27,1.570385,,,1867.54,110.0
1786639381,eth,1813910400000,2800.0,call,56.43,0.085676,0.084,0.0875,1917.71,1086.0
1786639381,eth,1787904000000,2150.0,call,45.65,0.002517,0.0023,0.0028,1864.75,5058.0
1786639381,eth,1798185600000,5500.0,put,66.66,1.925462,,,1880.71,0.0
1786639381,eth,1786953600000,2100.0,put,46.62,0.127209,,,1863.37,0.0
1786639381,eth,1790323200000,4200.0,call,80.38,0.000186,0.0001,0.0004,1867.55,2517.0
1786639381,eth,1787904000000,2500.0,put,58.59,0.341021,,,1864.75,6.0
1786639381,eth,1813910400000,2800.0,put,56.43,0.545842,0.535,0.5605,1917.71,0.0
1786639381,eth,1787904000000,1850.0,put,43.13,0.030528,0.03,0.031,1864.74,2663.0
1786639381,eth,1786780800000,1800.0,call,40.54,0.035099,0.0001,0.0745,1863.08,0.0
1786639381,eth,1813910400000,2600.0,call,56.34,0.104171,0.1025,0.106,1917.71,289.0
1786639381,eth,1813910400000,1300.0,put,60.88,0.066596,0.0645,0.0675,1917.71,1656.0
1786639381,eth,1786780800000,1960.0,call,38.72,0.000252,0.0002,0.0004,1863.08,220.0
1786639381,eth,1806048000000,5500.0,put,62.38,1.901381,,,1898.69,0.0
1786639381,eth,1806048000000,1400.0,call,58.9,0.322418,0.15,0.3265,1898.7,57.0
1786639381,eth,1813910400000,2400.0,put,56.32,0.378773,0.372,0.4005,1917.71,2.0
1786639381,eth,1786694400000,1820.0,call,40.02,0.023475,0.0001,0.104,1862.69,123.0
1786639381,eth,1790323200000,1950.0,call,47.91,0.046915,0.046,0.0475,1867.54,3102.0
1786639381,eth,1788508800000,1900.0,call,44.85,0.035274,0.0345,0.036,1865.44,0.0
1786639381,eth,1786867200000,1940.0,call,33.21,0.000984,0.0009,0.0012,1863.28,74.0
1786639381,eth,1806048000000,1600.0,put,56.99,0.09593,0.094,0.097,1898.69,1538.0
1786639381,eth,1813910400000,3800.0,call,57.72,0.03545,0.0345,0.0365,1917.71,503.0
1786639381,eth,1786694400000,1600.0,call,88.57,0.140963,0.0001,,1862.69,0.0
1786639381,eth,1786867200000,2020.0,put,41.57,0.084325,,,1863.28,0.0
1786639381,eth,1793347200000,1500.0,call,56.03,0.223857,0.1905,0.2725,1872.49,50.0
1786639381,eth,1798185600000,2500.0,call,53.03,0.03774,0.037,0.0385,1880.71,27176.0
1786639381,eth,1793347200000,2800.0,call,53.49,0.00648,0.006,0.007,1872.49,300.0
1786639381,eth,1787299200000,1400.0,put,77.13,0.000158,0.0001,0.0002,1863.87,284.0
1786639381,eth,1806048000000,2400.0,put,54.97,0.352645,0.346,0.3585,1898.69,357.0
1786639381,eth,1787904000000,2350.0,call,52.27,0.000557,0.0004,0.0007,1864.75,4550.0
1786639381,eth,1787904000000,1550.0,put,56.44,0.002201,0.002,0.0023,1864.74,5785.0
1786639381,eth,1798185600000,6000.0,put,69.03,2.191123,,,1880.71,0.0
1786639381,eth,1786953600000,1860.0,put,33.07,0.012333,0.012,0.013,1863.37,315.0
1786639381,eth,1806048000000,1700.0,call,56.3,0.222966,0.2165,0.227,1898.69,1337.0
1786639381,eth,1786867200000,1860.0,put,31.96,0.010004,0.0095,0.0105,1863.28,500.0
1786639381,eth,1813910400000,1000.0,put,65.63,0.03133,0.03,0.032,1917.71,4737.0
1786639381,eth,1786953600000,2100.0,call,46.62,7.9e-05,,0.0002,1863.37,510.0
1786639381,eth,1787299200000,1850.0,put,39.65,0.019296,0.019,0.0195,1863.87,1660.0
1786639381,eth,1790323200000,2000.0,put,47.99,0.108947,0.1055,0.112,1867.54,13259.0
1786639381,eth,1787904000000,3800.0,put,84.51,1.037938,,,1864.74,0.0
1786639381,eth,1786694400000,1800.0,put,46.35,0.000297,0.0002,0.0004,1862.68,2696.0
1786639381,eth,1798185600000,1400.0,put,58.29,0.033954,0.033,0.0345,1880.71,13807.0
1786639381,eth,1786867200000,1700.0,call,50.76,0.087816,,,1863.27,0.0
1786639381,eth,1793347200000,2000.0,call,50.41,0.065435,0.065,0.066,1872.49,741.0
1786639381,eth,1787904000000,1900.0,call,42.71,0.025773,0.025,0.026,1864.74,6806.0
1786639381,eth,1788508800000,1800.0,call,46.04,0.063618,0.0455,0.0675,1865.44,50.0
1786639381,eth,1786867200000,1750.0,put,42.99,0.000624,0.0005,0.0007,1863.27,0.0
1786639381,eth,1787904000000,2300.0,call,50.19,0.000746,0.0006,0.0009,1864.75,6810.0
1786639381,eth,1790323200000,1800.0,put,48.79,0.048737,0.048,0.0495,1867.55,9676.0
1786639381,eth,1798185600000,9000.0,put,81.29,3.78599,,,1880.71,0.0
1786639381,eth,1813910400000,3600.0,call,57.41,0.041761,0.0405,0.043,1917.71,2.0
1786639381,eth,1786780800000,1760.0,call,47.27,0.05571,0.0001,,1863.08,0.0
1786639381,eth,1813910400000,4000.0,put,58.13,1.116402,1.095,1.198,1917.71,0.0
1786639381,eth,1787299200000,2050.0,put,41.68,0.101479,0.0675,0.1095,1863.87,0.0
1786639381,eth,1798185600000,4600.0,call,62.17,0.001685,0.0015,0.0021,1880.71,10789.0
1786639381,eth,1798185600000,10000.0,put,85.87,4.31774,,,1880.71,0.0
1786639381,eth,1788508800000,1950.0,call,44.65,0.025275,0.025,0.026,1865.44,392.0
1786639381,eth,1806048000000,3200.0,put,56.05,0.717823,0.703,0.896,1898.7,20.0
1786639381,eth,1806048000000,2600.0,call,55.1,0.068054,0.067,0.0695,1898.69,3139.0
1786639381,eth,1790323200000,2500.0,call,51.12,0.003971,0.0038,0.0044,1867.55,24493.0
1786639381,eth,1813910400000,1700.0,call,57.84,0.261592,0.2535,0.267,1917.71,659.0
1786639381,eth,1790323200000,2600.0,put,52.42,0.39487,0.388,0.4025,1867.54,8392.0
1786639381,eth,1786780800000,1840.0,call,35.42,0.016824,0.0045,0.021,1863.08,50.0
1786639381,eth,1786953600000,1800.0,put,36.39,0.003274,0.003,0.0034,1863.38,7.0
1786639381,eth,1787904000000,2300.0,put,50.19,0.234235,0.227,0.2405,1864.74,1000.0
1786639381,eth,1798185600000,8000.0,call,76.46,0.000224,0.0002,0.0005,1880.69,2428.0
1786639381,eth,1813910400000,1600.0,put,58.36,0.123869,0.1215,0.125,1917.71,1276.0
1786639381,eth,1793347200000,1900.0,call,50.69,0.086582,0.086,0.0875,1872.49,289.0
1786639381,eth,1798185600000,3100.0,put,55.13,0.660907,0.645,0.839,1880.69,0.0
1786639381,eth,1798185600000,6500.0,call,71.32,0.000466,0.0004,0.017,1880.69,1846.0
1786639381,eth,1787904000000,1000.0,put,98.16,3e-05,,0.0001,1864.74,2980.0
1786639381,eth,1806048000000,3800.0,call,57.55,0.016877,0.016,0.018,1898.69,1162.0
1786639381,eth,1790323200000,1500.0,put,56.19,0.010845,0.0105,0.0115,1867.54,12846.0
1786639381,eth,1798185600000,2400.0,put,52.85,0.322231,0.315,0.3295,1880.71,1716.0
1786639381,eth,1790323200000,1950.0,put,47.91,0.091064,0.0885,0.0935,1867.55,178.0
1786639381,eth,1786694400000,1900.0,call,35.17,0.0006,0.0006,0.0007,1862.69,4826.0
1786639381,eth,1793347200000,3200.0,put,56.9,0.711537,,,1872.49,0.0
1786639381,eth,1793347200000,1400.0,put,58.72,0.016815,0.016,0.017,1872.49,2633.0
1786639381,eth,1786953600000,1900.0,put,33.09,0.025474,0.0225,0.027,1863.37,70.0
1786639381,eth,1806048000000,2300.0,put,54.94,0.312458,0.3065,0.3185,1898.69,1583.0
1786639381,eth,1786780800000,1800.0,put,40.54,0.001304,0.0011,0.0014,1863.07,27.0
1786639381,eth,1806048000000,1700.0,put,56.3,0.118433,0.1165,0.1195,1898.69,1510.0
1786639381,eth,1786780800000,1920.0,put,34.4,0.031662,0.0001,0.057,1863.08,113.0
1786639381,eth,1790323200000,12000.0,call,115.57,0.0,,0.0002,1867.54,1341.0
1786639381,eth,1813910400000,2900.0,put,56.48,0.590082,0.5785,0.661,1917.71,3.0
1786639381,eth,1786694400000,1860.0,call,32.32,0.006094,0.006,0.0065,1862.68,219.0
1786639381,eth,1793347200000,2150.0,call,50.43,0.042278,0.0415,0.043,1872.49,758.0
1786639381,eth,1786953600000,1960.0,put,35.23,0.053195,0.0445,0.059,1863.37,0.0
1786639381,eth,1787904000000,1400.0,call,68.72,0.249989,,,1864.75,100.0
1786639381,eth,1787904000000,2800.0,call,67.65,6.3e-05,,0.0002,1864.74,5427.0
1786639381,eth,1806048000000,4200.0,put,58.68,1.22388,1.204,1.2935,1898.69,1.0
1786639381,eth,1786867200000,1740.0,call,44.56,0.066613,,,1863.28,0.0
1786639381,eth,1790323200000,5800.0,call,99.33,6.5e-05,,0.0002,1867.54,4885.0
1786639381,eth,1798185600000,1900.0,call,53.21,0.123448,0.1225,0.124,1880.71,3882.0
1786639381,eth,1788508800000,1750.0,put,47.21,0.020174,0.0195,0.0205,1865.44,1.0
1786639381,eth,1806048000000,1000.0,put,66.62,0.019682,0.0185,0.0205,1898.69,7536.0
1786639381,eth,1813910400000,3500.0,put,57.26,0.870644,0.853,0.887,1917.71,303.0
1786639381,eth,1787904000000,1750.0,call,45.42,0.074113,0.0705,0.0775,1864.74,4211.0
1786639381,eth,1786867200000,1820.0,put,34.2,0.003415,0.0031,0.0036,1863.28,1491.0
1786639381,eth,1793347200000,1750.0,call,51.81,0.128337,0.096,0.1325,1872.49,102.0
1786639381,eth,1793347200000,1750.0,put,51.81,0.062921,0.062,0.0635,1872.49,668.0
1786639381,eth,1786780800000,1720.0,call,54.64,0.076919,0.0001,,1863.08,0.0
1786639381,eth,1813910400000,3400.0,call,57.14,0.049585,0.0485,0.051,1917.71,205.0
1786639381,eth,1806048000000,2800.0,put,55.33,0.527538,0.516,0.5585,1898.68,12.0
1786639381,eth,1798185600000,2400.0,call,52.85,0.046023,0.0455,0.047,1880.71,12157.0
1786639381,eth,1787299200000,2200.0,call,49.1,0.000254,0.0002,0.0004,1863.87,1617.0
1786639381,eth,1798185600000,1700.0,put,54.37,0.082125,0.0815,0.083,1880.69,13926.0
1786639381,eth,1790323200000,8500.0,put,99.33,3.551418,,,1867.54,0.0
1786639381,eth,1793347200000,1500.0,put,56.03,0.024929,0.024,0.0255,1872.49,2416.0
1786639381,eth,1786780800000,1840.0,put,35.42,0.004499,0.0043,0.0048,1863.08,284.0
1786639381,eth,1786867200000,2020.0,call,41.57,0.00014,0.0001,0.0003,1863.28,15.0
1786639381,eth,1786867200000,1780.0,put,38.75,0.001217,0.001,0.0013,1863.27,23.0
1786639381,eth,1788508800000,2200.0,put,46.95,0.18356,0.172,0.2865,1865.44,0.0
1786639381,eth,1790323200000,2400.0,call,49.99,0.006086,0.0055,0.0065,1867.54,12773.0
1786639381,eth,1786867200000,1900.0,put,31.66,0.023482,,,1863.27,175.0
1786639381,eth,1806048000000,2900.0,call,55.52,0.046528,0.0455,0.048,1898.68,1948.0
1786639381,eth,1798185600000,6000.0,call,69.03,0.000601,0.0005,0.008,1880.69,10395.0
1786639381,eth,1793347200000,2800.0,put,53.49,0.501815,0.489,0.527,1872.49,0.0
1786639381,eth,1813910400000,2200.0,put,56.45,0.30332,0.2975,0.3125,1917.71,111.0
1786639381,eth,1787904000000,1650.0,call,50.13,0.120205,0.1165,0.125,1864.74,1604.0
1786639381,eth,1786953600000,2020.0,put,40.0,0.084522,,,1863.37,0.0
1786639381,eth,1787904000000,1100.0,call,94.61,0.410186,,,1864.75,50.0
1786639381,eth,1813910400000,800.0,call,70.35,0.599963,,,1917.71,117.0
1786639381,eth,1787299200000,1600.0,put,55.52,0.000822,0.0007,0.0008,1863.87,3190.0
