snap_ts,asset,expiry_ms,strike,opt_type,mark_iv,mark_price,bid,ask,underlying_price,open_interest
1786525151,btc,1786867200000,66000.0,put,25.51,0.03616786,0.006,0.0745,63773.316666666666,0.0
1786525151,btc,1813910400000,110000.0,put,41.49,0.68364019,0.6235,0.763,66189.71,0.3
1786525151,btc,1786780800000,70000.0,put,38.97,0.09779,0.061,0.138,63767.11,0.0
1786525151,btc,1790323200000,150000.0,call,72.57,3.607e-05,,0.0001,64062.14,736.8
1786525151,btc,1786780800000,64000.0,put,26.38,0.01143112,0.011,0.012,63767.11,0.0
1786525151,btc,1790323200000,165000.0,put,75.32,1.57563927,1.489,1.6695,64062.35,0.0
1786525151,btc,1790323200000,60000.0,call,37.24,0.08786243,0.0855,0.0895,64062.35,852.2
1786525151,btc,1790323200000,110000.0,put,55.31,0.71726306,0.708,0.725,64062.35,116.1
1786525151,btc,1787299200000,60000.0,call,33.53,0.06266795,0.034,0.091,63804.4,0.0
1786525151,btc,1787904000000,66000.0,call,29.48,0.01176244,0.0115,0.0125,63865.81,894.0
1786525151,btc,1798185600000,130000.0,call,47.04,0.00098589,0.0008,0.0012,64795.61,1576.4
1786525151,btc,1786694400000,64000.0,put,25.95,0.00969516,0.009,0.0105,63752.63,531.9
1786525151,btc,1790323200000,240000.0,call,75.51,2e-08,,0.0001,64062.35,220.0
1786525151,btc,1806048000000,92000.0,call,39.98,0.02632297,0.0255,0.027,65472.06,126.2
1786525151,btc,1786608000000,61000.0,call,44.92,0.04328084,0.0125,0.0765,63744.19,0.0
1786525151,btc,1813910400000,58000.0,put,44.05,0.09840396,0.0975,0.099,66189.55,15.9
1786525151,btc,1806048000000,96000.0,put,40.19,0.48711771,0.4345,0.556,65472.06,1.6
1786525151,btc,1793347200000,88000.0,call,37.59,0.00297732,0.0028,0.0032,64341.8,5.1
1786525151,btc,1787904000000,64000.0,put,30.53,0.02655444,0.026,0.027,63865.68,839.6
1786525151,btc,1793347200000,62000.0,call,38.2,0.08920465,0.087,0.091,64341.8,13.5
1786525151,btc,1790323200000,115000.0,put,56.21,0.79523183,0.7855,0.803,64062.35,92.4
1786525151,btc,1813910400000,74000.0,call,41.6,0.11035995,0.109,0.1115,66189.71,13.3
1786525151,btc,1813910400000,68000.0,call,42.3,0.14507963,0.1435,0.1465,66189.71,9.9
1786525151,btc,1786694400000,62500.0,put,29.14,0.00201118,0.002,0.0022,63752.63,0.7
1786525151,btc,1790323200000,75000.0,call,33.76,0.00523223,0.005,0.0055,64062.35,3699.0
1786525151,btc,1787904000000,83000.0,put,45.62,0.29969604,0.256,0.3475,63865.68,0.1
1786525151,btc,1806048000000,65000.0,put,41.41,0.12536376,0.124,0.1265,65472.06,655.1
1786525151,btc,1793347200000,57000.0,call,40.65,0.14211304,0.1115,0.1805,64341.8,0.0
1786525151,btc,1786694400000,58000.0,call,56.04,0.09037562,0.057,0.1225,63752.65,0.0
1786525151,btc,1798185600000,210000.0,call,59.6,0.00010091,,0.0002,64795.61,151.7
1786525151,btc,1798185600000,92000.0,call,39.35,0.0089948,0.0085,0.0095,64795.61,253.9
1786525151,btc,1790323200000,240000.0,put,75.51,2.74636254,2.62,2.8825,64062.35,0.0
1786525151,btc,1806048000000,90000.0,call,39.98,0.02981573,0.029,0.0305,65472.06,506.0
1786525151,btc,1786694400000,67000.0,put,34.62,0.05118318,0.0495,0.0525,63752.65,5.9
1786525151,btc,1798185600000,86000.0,call,38.8,0.01517551,0.0145,0.0155,64795.61,327.6
1786525151,btc,1790323200000,95000.0,put,44.25,0.48323974,0.4755,0.49,64062.35,147.6
1786525151,btc,1786867200000,57000.0,put,47.84,0.00019749,0.0001,0.0003,63773.316666666666,0.0
1786525151,btc,1813910400000,90000.0,put,40.98,0.41225755,0.359,0.4845,66189.71,0.5
1786525151,btc,1793347200000,68000.0,put,36.46,0.10156438,0.101,0.1025,64341.8,4.0
1786525151,btc,1787299200000,72000.0,call,36.06,0.00034804,0.0003,0.0004,63804.4,682.3
1786525151,btc,1806048000000,160000.0,put,46.99,1.44523844,1.362,1.5405,65471.94,0.0
1786525151,btc,1798185600000,74000.0,call,38.76,0.0448828,0.0445,0.045,64795.61,148.0
1786525151,btc,1786608000000,67000.0,put,36.47,0.05111132,0.0155,0.089,63743.93,0.0
1786525151,btc,1790323200000,58000.0,put,38.67,0.01699178,0.0165,0.0175,64062.35,1370.2
1786525151,btc,1798185600000,54000.0,call,43.97,0.20239762,0.1995,0.2055,64795.45,33.1
1786525151,btc,1798185600000,200000.0,call,58.34,0.00012386,,0.0002,64795.45,951.5
1786525151,btc,1786608000000,69000.0,put,36.67,0.08246438,0.046,0.122,63744.19,0.0
1786525151,btc,1786608000000,63000.0,call,27.85,0.01330502,0.0115,0.015,63744.19,25.2
1786525151,btc,1790323200000,320000.0,call,85.42,0.0,,0.0001,64062.35,276.6
1786525151,btc,1813910400000,72000.0,put,41.83,0.20888623,0.206,0.211,66189.71,1.3
1786525151,btc,1787299200000,64000.0,put,28.05,0.01912962,0.0185,0.0195,63804.4,162.4
1786525151,btc,1798185600000,45000.0,call,50.87,0.32048888,0.3175,0.3235,64795.61,54.3
1786525151,btc,1787299200000,58000.0,call,38.11,0.09231023,0.0595,0.125,63804.4,0.0
1786525151,btc,1813910400000,70000.0,call,42.03,0.1325391,0.131,0.1335,66189.55,192.1
1786525151,btc,1787299200000,61000.0,call,32.26,0.04901905,0.0235,0.0535,63804.27,4.0
1786525151,btc,1798185600000,68000.0,put,39.39,0.12436859,0.1235,0.125,64795.61,455.9
1786525151,btc,1798185600000,115000.0,put,43.67,0.77674004,0.7155,0.847,64795.61,0.7
1786525151,btc,1806048000000,98000.0,put,40.23,0.51526128,0.462,0.585,65472.06,0.2
1786525151,btc,1787904000000,100000.0,put,59.75,0.56578645,0.5135,0.623,63865.68,0.5
1786525151,btc,1813910400000,78000.0,put,41.33,0.27021121,0.2675,0.274,66189.55,0.4
1786525151,btc,1793347200000,48000.0,put,48.7,0.00898657,0.0085,0.0095,64341.85,157.4
1786525151,btc,1790323200000,84000.0,call,37.14,0.00094792,0.001,0.0011,64062.14,1676.0
1786525151,btc,1798185600000,102000.0,put,41.01,0.5784124,0.523,0.644,64795.61,7.8
1786525151,btc,1813910400000,120000.0,call,42.13,0.01474364,0.014,0.0155,66189.55,109.6
1786525151,btc,1786780800000,71000.0,put,38.98,0.11343874,0.076,0.154,63767.11,0.0
1786525151,btc,1790323200000,165000.0,call,75.32,1.504e-05,,0.0001,64062.35,184.2
1786525151,btc,1786608000000,62000.0,put,33.6,0.00038546,0.0003,0.0004,63744.19,86.5
1786525151,btc,1787904000000,98000.0,put,59.46,0.53447569,0.4835,0.591,63865.68,0.0
1786525151,btc,1790323200000,65000.0,put,34.67,0.05598823,0.0555,0.0565,64062.42,685.5
1786525151,btc,1806048000000,170000.0,put,48.33,1.59767625,1.5095,1.6975,65472.06,0.1
1786525151,btc,1786694400000,80000.0,call,51.26,0.0,,0.0001,63752.5,905.1
1786525151,btc,1790323200000,160000.0,put,75.32,1.49759883,1.4135,1.5885,64062.35,0.6
1786525151,btc,1790323200000,80000.0,put,35.09,0.25061004,0.244,0.256,64062.35,612.6
1786525151,btc,1787299200000,56000.0,put,42.55,0.00059408,0.0005,0.0007,63804.35,51.8
1786525151,btc,1786867200000,67000.0,put,27.47,0.05110067,0.0165,0.0895,63773.316666666666,0.0
1786525151,btc,1790323200000,180000.0,call,75.32,3.83e-06,,0.0001,64062.35,748.1
1786525151,btc,1806048000000,90000.0,put,39.98,0.40443363,0.3525,0.472,65471.94,14.1
1786525151,btc,1793347200000,80000.0,put,36.06,0.25187333,0.2125,0.303,64341.8,0.5
1786525151,btc,1806048000000,54000.0,put,44.26,0.05707643,0.0565,0.058,65472.06,58.7
1786525151,btc,1787904000000,90000.0,call,55.07,5.621e-05,,0.0001,63865.68,368.7
1786525151,btc,1806048000000,60000.0,put,42.43,0.08949814,0.0885,0.0905,65472.06,613.2
1786525151,btc,1786608000000,63500.0,put,26.7,0.00374933,0.0035,0.0041,63744.19,152.3
1786525151,btc,1798185600000,65000.0,call,39.9,0.09513991,0.0945,0.0955,64795.61,962.8
1786525151,btc,1786867200000,63000.0,call,27.8,0.01854849,0.017,0.019,63773.316666666666,0.0
1786525151,btc,1787904000000,53000.0,call,48.04,0.17126657,0.168,0.175,63865.68,10.9
1786525151,btc,1798185600000,190000.0,call,55.36,0.00010707,0.0001,0.0002,64795.61,993.0
1786525151,btc,1790323200000,105000.0,put,51.31,0.63922174,0.6305,0.6465,64062.14,104.6
1786525151,btc,1798185600000,230000.0,put,63.04,2.54972791,2.43,2.6795,64795.61,0.0
1786525151,btc,1790323200000,72000.0,call,33.54,0.01020349,0.01,0.0105,64062.46,2968.6
1786525151,btc,1790323200000,130000.0,put,63.53,1.02933551,0.961,1.1035,64062.35,21.4
1786525151,btc,1790323200000,70000.0,put,33.21,0.1079658,0.105,0.1115,64062.14,1522.7
1786525151,btc,1806048000000,150000.0,call,45.83,0.00197836,0.0018,0.0023,65472.06,1908.1
1786525151,btc,1798185600000,45000.0,put,50.87,0.01498348,0.0145,0.015,64795.61,2905.7
1786525151,btc,1793347200000,67000.0,put,36.64,0.09191283,0.0915,0.0925,64341.85,14.1
1786525151,btc,1786867200000,64500.0,call,25.86,0.00605136,0.005,0.006,63773.316666666666,0.1
1786525151,btc,1813910400000,60000.0,call,43.61,0.20463723,0.2025,0.206,66189.55,943.4
1786525151,btc,1786694400000,63500.0,put,27.15,0.0060945,0.0055,0.0065,63752.65,35.8
1786525151,btc,1786780800000,60000.0,call,37.86,0.05956398,0.026,0.0925,63767.11,0.0
1786525151,btc,1786694400000,50000.0,put,71.24,1e-08,,0.0001,63752.5,156.5
1786525151,btc,1787299200000,67000.0,call,27.11,0.00269926,0.0025,0.0028,63804.35,1255.8
1786525151,btc,1793347200000,59000.0,call,39.61,0.11947149,0.091,0.1525,64341.8,1.0
1786525151,btc,1790323200000,220000.0,call,75.38,1.1e-07,,0.0001,64062.14,230.1
1786525151,btc,1806048000000,106000.0,call,40.73,0.01174176,0.011,0.0125,65472.06,43.6
1786525151,btc,1793347200000,48000.0,call,48.7,0.26297139,0.237,0.2945,64341.8,0.1
1786525151,btc,1787904000000,80000.0,call,42.16,0.00016624,0.0001,0.0002,63865.68,2145.8
1786525151,btc,1790323200000,100000.0,call,48.34,0.00025687,0.0002,0.0005,64062.35,3632.8
1786525151,btc,1806048000000,98000.0,call,40.23,0.01845399,0.018,0.019,65472.06,102.1
1786525151,btc,1793347200000,88000.0,put,37.59,0.37067191,0.3235,0.4255,64341.8,0.0
1786525151,btc,1786694400000,65000.0,put,26.46,0.02119693,0.0205,0.0225,63752.65,101.9
1786525151,btc,1786780800000,57000.0,call,54.6,0.10630097,0.074,0.138,63767.11,0.0
1786525151,btc,1790323200000,60000.0,put,37.24,0.02445214,0.024,0.025,64062.35,4859.6
1786525151,btc,1798185600000,72000.0,put,38.89,0.16459933,0.162,0.167,64795.45,330.5
1786525151,btc,1806048000000,56000.0,call,43.6,0.2113975,0.2085,0.2145,65472.06,16.9
1786525151,btc,1787904000000,62000.0,put,32.13,0.01432653,0.014,0.0145,63865.73,878.2
1786525151,btc,1813910400000,55000.0,call,44.86,0.25045487,0.2485,0.2515,66189.55,2.7
1786525151,btc,1798185600000,56000.0,call,42.93,0.17929627,0.1765,0.1825,64795.61,41.4
1786525151,btc,1786867200000,66000.0,call,25.51,0.00125226,0.0009,0.001,63773.316666666666,0.0
1786525151,btc,1790323200000,52000.0,put,45.7,0.00628136,0.006,0.0065,64062.14,1289.1
1786525151,btc,1806048000000,86000.0,put,39.86,0.35139703,0.3005,0.4185,65472.06,1.8
1786525151,btc,1806048000000,40000.0,put,52.82,0.01849312,0.018,0.019,65472.06,1134.4
1786525151,btc,1806048000000,120000.0,call,42.14,0.00591582,0.0055,0.0065,65472.06,328.8
1786525151,btc,1786608000000,59000.0,call,55.47,0.07444176,0.041,0.1065,63744.19,0.0
1786525151,btc,1793347200000,80000.0,call,36.06,0.00851461,0.008,0.009,64341.8,233.1
1786525151,btc,1813910400000,140000.0,call,43.39,0.00722895,0.0065,0.008,66189.71,213.6
1786525151,btc,1786867200000,60000.0,call,36.17,0.05997888,0.026,0.093,63773.316666666666,0.0
1786525151,btc,1790323200000,190000.0,call,75.38,1.58e-06,,0.0001,64062.14,772.5
1786525151,btc,1806048000000,56000.0,put,43.6,0.06671849,0.066,0.0675,65472.06,83.2
1786525151,btc,1813910400000,56000.0,call,44.59,0.24080965,0.2385,0.2425,66189.55,2.0
1786525151,btc,1790323200000,64000.0,call,35.12,0.04905454,0.049,0.0495,64062.35,702.4
1786525151,btc,1787904000000,40000.0,put,69.36,1.924e-05,,0.0001,63865.68,753.0
1786525151,btc,1790323200000,220000.0,put,75.38,2.43416575,2.3185,2.5585,64062.14,1.8
1786525151,btc,1798185600000,50000.0,call,46.46,0.25233152,0.25,0.2555,64795.61,260.8
1786525151,btc,1786694400000,52000.0,call,71.24,0.18434789,0.1545,0.212,63752.65,0.0
1786525151,btc,1793347200000,45000.0,put,52.48,0.00644338,0.006,0.007,64341.8,46.7
1786525151,btc,1793347200000,69000.0,call,36.35,0.03947121,0.039,0.04,64341.85,35.5
1786525151,btc,1813910400000,84000.0,call,41.11,0.06951765,0.0685,0.0705,66189.71,2.7
1786525151,btc,1790323200000,40000.0,put,65.72,0.00127724,0.0011,0.0014,64062.35,2318.2
1786525151,btc,1790323200000,280000.0,put,81.51,3.37075628,3.2235,3.5295,64062.35,0.0
1786525151,btc,1793347200000,69000.0,put,36.35,0.11186821,0.11,0.1145,64341.8,0.1
1786525151,btc,1793347200000,62000.0,put,38.2,0.05280765,0.0525,0.0535,64341.8,22.9
1786525151,btc,1813910400000,88000.0,put,40.98,0.38708419,0.3345,0.46,66189.55,0.1
1786525151,btc,1793347200000,40000.0,call,59.05,0.38196939,0.3575,0.4105,64341.8,0.0
1786525151,btc,1793347200000,86000.0,put,37.09,0.34041125,0.294,0.3955,64341.8,0.1
1786525151,btc,1806048000000,82000.0,put,39.84,0.30069636,0.255,0.363,65472.06,3.9
1786525151,btc,1798185600000,64000.0,call,40.13,0.10277301,0.102,0.1035,64795.61,420.8
1786525151,btc,1806048000000,95000.0,put,40.17,0.4731439,0.421,0.5425,65471.94,0.6
1786525151,btc,1798185600000,95000.0,call,39.71,0.00700796,0.0065,0.0075,64795.61,1302.3
1786525151,btc,1790323200000,95000.0,call,44.25,0.00030457,0.0002,0.0004,64062.35,1861.6
1786525151,btc,1790323200000,35000.0,call,76.87,0.45444685,0.452,0.4565,64062.35,29.3
1786525151,btc,1786694400000,65500.0,put,26.63,0.02815621,0.0044,0.0605,63752.65,0.0
1786525151,btc,1798185600000,240000.0,put,64.69,2.70405607,2.579,2.84,64795.61,0.0
1786525151,btc,1787904000000,86000.0,put,48.66,0.34662957,0.3015,0.396,63865.68,0.0
1786525151,btc,1813910400000,105000.0,call,41.24,0.02678792,0.026,0.0275,66189.71,99.1
1786525151,btc,1798185600000,86000.0,put,38.8,0.34243186,0.2965,0.401,64795.61,23.4
1786525151,btc,1787904000000,79000.0,call,41.95,0.00024654,0.0002,0.0003,63865.68,992.8
1786525151,btc,1790323200000,200000.0,call,75.38,6.5e-07,,0.0001,64062.35,1009.2
1786525151,btc,1787904000000,78000.0,put,39.77,0.22155523,0.1805,0.267,63865.68,4.1
1786525151,btc,1786780800000,59000.0,put,42.46,0.00028627,0.0002,0.0004,63767.11,9.0
1786525151,btc,1806048000000,150000.0,put,45.83,1.29300819,1.2145,1.3835,65471.94,0.5
1786525151,btc,1790323200000,45000.0,put,56.38,0.00230318,0.0021,0.0026,64062.35,2176.1
1786525151,btc,1798185600000,20000.0,call,87.21,0.69266994,0.692,0.6935,64795.61,2.7
1786525151,btc,1806048000000,110000.0,call,41.01,0.00944283,0.009,0.01,65472.06,531.9
1786525151,btc,1790323200000,145000.0,call,69.92,3.581e-05,,0.0001,64062.14,493.3
1786525151,btc,1806048000000,125000.0,call,42.78,0.00481212,0.0043,0.005,65472.06,126.0
1786525151,btc,1798185600000,150000.0,put,51.63,1.31552754,1.2375,1.403,64795.45,2.0
1786525151,btc,1813910400000,120000.0,put,42.13,0.82771646,0.7635,0.9105,66189.55,0.1
1786525151,btc,1793347200000,63000.0,put,37.82,0.05943099,0.059,0.06,64341.8,327.4
1786525151,btc,1790323200000,160000.0,call,75.32,2.381e-05,,0.0002,64062.35,1444.3
1786525151,btc,1813910400000,64000.0,put,42.89,0.1397597,0.1385,0.1405,66189.71,13.5
1786525151,btc,1786867200000,65500.0,call,25.51,0.00221904,0.0016,0.002,63773.316666666666,0.0
1786525151,btc,1813910400000,95000.0,call,41.09,0.0420085,0.041,0.043,66189.55,27.2
1786525151,btc,1798185600000,98000.0,call,40.23,0.00558616,0.0055,0.006,64795.45,210.0
1786525151,btc,1786694400000,52000.0,put,71.24,5.1e-07,,0.0001,63752.65,271.4
1786525151,btc,1798185600000,108000.0,put,42.14,0.66962639,0.6115,0.737,64795.45,0.1
1786525151,btc,1787299200000,56000.0,call,42.55,0.12291897,0.0905,0.154,63804.4,0.0
1786525151,btc,1786694400000,64500.0,call,25.79,0.00311913,0.0032,0.0033,63752.65,106.9
1786525151,btc,1813910400000,74000.0,put,41.6,0.22836094,0.2255,0.2305,66189.71,0.1
1786525151,btc,1787904000000,94000.0,put,59.46,0.47187226,0.423,0.5265,63865.81,0.0
1786525151,btc,1790323200000,86000.0,call,38.45,0.00073998,0.0006,0.0009,64062.14,898.6
1786525151,btc,1786608000000,72000.0,put,43.17,0.129528,0.0915,0.17,63743.93,0.0
1786525151,btc,1798185600000,115000.0,call,43.67,0.0019205,0.0017,0.0022,64795.61,2339.9
1786525151,btc,1806048000000,140000.0,put,44.73,1.14107944,1.067,1.2275,65472.06,0.0
1786525151,btc,1786608000000,62500.0,put,30.12,0.00073116,0.0006,0.0009,63744.19,183.8
1786525151,btc,1798185600000,80000.0,put,38.71,0.26103098,0.2565,0.264,64795.61,951.8
1786525151,btc,1790323200000,56000.0,put,40.66,0.01199103,0.0115,0.0125,64062.35,1391.3
1786525151,btc,1787904000000,50000.0,put,54.8,0.00059269,0.0005,0.0007,63865.68,2828.1
1786525151,btc,1806048000000,70000.0,put,40.74,0.16915449,0.167,0.17,65471.94,211.8
1786525151,btc,1786867200000,69000.0,put,35.18,0.0821716,0.046,0.122,63773.316666666666,0.0
1786525151,btc,1813910400000,86000.0,call,41.02,0.06319863,0.062,0.064,66189.55,2.9
1786525151,btc,1786867200000,62000.0,call,29.96,0.03087534,0.0037,0.0635,63773.316666666666,0.0
1786525151,btc,1786780800000,65500.0,put,25.71,0.02860907,0.0029,0.0615,63767.11,0.0
1786525151,btc,1786780800000,64000.0,call,26.38,0.00777829,0.0075,0.008,63767.11,66.7
1786525151,btc,1806048000000,64000.0,call,41.6,0.14008706,0.139,0.141,65472.06,135.2
1786525151,btc,1798185600000,82000.0,put,38.75,0.28754386,0.283,0.291,64795.45,158.8
1786525151,btc,1787904000000,78000.0,call,39.77,0.00024678,0.0002,0.0003,63865.68,1325.1
1786525151,btc,1798185600000,90000.0,put,39.0,0.39951475,0.395,0.404,64795.45,590.6
1786525151,btc,1787904000000,92000.0,call,58.29,5.687e-05,,0.0001,63865.68,113.3
1786525151,btc,1806048000000,50000.0,call,46.05,0.27788047,0.2745,0.281,65472.06,20.6
1786525151,btc,1786867200000,61000.0,call,32.18,0.04489596,0.013,0.0775,63773.316666666666,0.0
1786525151,btc,1786608000000,71000.0,put,40.66,0.11384011,0.0765,0.1545,63743.93,0.0
1786525151,btc,1787904000000,79000.0,put,41.95,0.2372128,0.196,0.283,63865.68,0.7
1786525151,btc,1793347200000,74000.0,put,35.85,0.17013165,0.1335,0.2205,64341.8,0.3
1786525151,btc,1813910400000,140000.0,put,43.39,1.1223639,1.0465,1.214,66189.71,0.0
1786525151,btc,1786780800000,62500.0,put,28.57,0.00316916,0.0031,0.0033,63767.11,5.1
1786525151,btc,1786867200000,62000.0,put,29.96,0.00306878,0.0024,0.0029,63773.316666666666,0.0
1786525151,btc,1798185600000,180000.0,put,55.36,1.77816527,1.6845,1.881,64795.45,0.0
1786525151,btc,1787904000000,88000.0,put,51.76,0.37794189,0.3315,0.4285,63865.68,0.0
1786525151,btc,1787904000000,96000.0,put,59.46,0.50316991,0.4525,0.558,63865.68,0.2
1786525151,btc,1787904000000,86000.0,call,48.66,5.871e-05,,0.0001,63865.68,188.3
1786525151,btc,1813910400000,76000.0,call,41.48,0.10077509,0.0995,0.102,66189.55,20.8
1786525151,btc,1798185600000,35000.0,put,62.47,0.00608894,0.0055,0.0065,64795.61,2350.1
1786525151,btc,1790323200000,150000.0,put,72.57,1.34151265,1.2625,1.427,64062.35,0.7
1786525151,btc,1787904000000,57000.0,call,39.55,0.11052846,0.1075,0.114,63865.68,28.5
1786525151,btc,1793347200000,61000.0,call,38.56,0.09861882,0.0965,0.1005,64341.8,1.2
1786525151,btc,1806048000000,50000.0,put,46.05,0.04155873,0.041,0.0425,65472.06,2108.2
1786525151,btc,1806048000000,190000.0,call,51.4,0.00088806,0.0007,0.0011,65472.06,883.6
1786525151,btc,1798185600000,110000.0,call,42.59,0.00253135,0.0023,0.0028,64795.61,2639.3
1786525151,btc,1787904000000,48000.0,put,58.97,0.00037305,0.0003,0.0004,63865.68,1545.6
1786525151,btc,1790323200000,88000.0,put,39.58,0.37423533,0.328,0.426,64062.14,5.7
1786525151,btc,1787299200000,59000.0,call,35.66,0.07727047,0.0485,0.106,63804.4,0.0
1786525151,btc,1786694400000,63500.0,call,27.15,0.01005764,0.0095,0.0105,63752.65,88.6
1786525151,btc,1786867200000,68000.0,call,30.0,0.0002369,0.0001,0.0003,63773.316666666666,0.0
1786525151,btc,1786694400000,60000.0,call,42.29,0.05914772,0.0255,0.092,63752.65,1.0
1786525151,btc,1806048000000,76000.0,put,40.06,0.23039592,0.228,0.234,65472.06,19.2
1786525151,btc,1793347200000,64000.0,call,37.44,0.07189135,0.071,0.0725,64341.8,420.0
1786525151,btc,1790323200000,76000.0,call,33.82,0.0041317,0.0041,0.0042,64062.14,2837.1
1786525151,btc,1790323200000,110000.0,call,55.31,0.00018024,0.0001,0.0002,64062.35,1324.7
1786525151,btc,1798185600000,82000.0,call,38.75,0.02202036,0.0215,0.022,64795.45,540.1
1786525151,btc,1786780800000,61500.0,put,31.65,0.00135734,0.0012,0.0015,63767.07,3.7
1786525151,btc,1786608000000,69000.0,call,36.67,5e-08,,0.0001,63743.93,9.3
1786525151,btc,1790323200000,55000.0,put,41.96,0.01024395,0.01,0.0105,64062.35,2509.6
1786525151,btc,1798185600000,130000.0,put,47.04,1.00730363,0.939,1.0845,64795.61,54.9
1786525151,btc,1798185600000,106000.0,call,41.78,0.00323627,0.003,0.0034,64795.45,320.2
1786525151,btc,1786867200000,64000.0,call,26.24,0.00923476,0.008,0.009,63773.316666666666,0.0
1786525151,btc,1798185600000,30000.0,call,69.76,0.54089946,0.539,0.542,64795.61,291.0
1786525151,btc,1798185600000,180000.0,call,55.36,0.00018686,0.0001,0.0003,64795.61,923.8
1786525151,btc,1790323200000,74000.0,put,33.54,0.16159848,0.1575,0.166,64062.14,110.7
1786525151,btc,1798185600000,106000.0,put,41.78,0.63915689,0.582,0.706,64795.45,0.2
1786525151,btc,1787904000000,84000.0,put,47.24,0.31534911,0.271,0.364,63865.68,0.8
1786525151,btc,1806048000000,88000.0,put,39.96,0.37778791,0.3265,0.446,65471.94,4.5
1786525151,btc,1793347200000,57000.0,put,40.65,0.02800612,0.0275,0.0285,64341.8,96.1
1786525151,btc,1786694400000,64000.0,call,25.95,0.00581584,0.0055,0.006,63752.65,260.5
1786525151,btc,1786780800000,64500.0,call,25.72,0.00465258,0.0045,0.0048,63767.11,72.9
1786525151,btc,1798185600000,62000.0,put,40.67,0.07622644,0.0755,0.077,64795.61,936.4
1786525151,btc,1790323200000,45000.0,call,56.38,0.2998602,0.297,0.3035,64062.35,224.8
1786525151,btc,1786867200000,65000.0,call,25.49,0.00371628,0.003,0.0035,63773.316666666666,0.0
1786525151,btc,1806048000000,200000.0,call,51.56,0.0006212,0.0005,0.0008,65472.06,497.0
1786525151,btc,1786694400000,50000.0,call,71.24,0.21571864,0.1875,0.242,63752.65,0.0
1786525151,btc,1786780800000,69000.0,put,37.89,0.08218881,0.046,0.1225,63767.11,0.0
1786525151,btc,1793347200000,60000.0,put,39.01,0.04120198,0.041,0.0415,64341.8,252.7
1786525151,btc,1793347200000,52000.0,put,44.43,0.01455088,0.0145,0.015,64341.8,46.4
1786525151,btc,1798185600000,140000.0,put,49.24,1.1613451,1.088,1.2435,64795.61,0.2
1786525151,btc,1790323200000,125000.0,put,61.77,0.95130495,0.8855,1.023,64062.35,21.8
1786525151,btc,1787904000000,92000.0,put,58.29,0.44057453,0.392,0.4935,63865.68,1.2
1786525151,btc,1786867200000,70000.0,put,35.86,0.09771743,0.0605,0.1375,63773.316666666666,0.0
1786525151,btc,1813910400000,55000.0,put,44.86,0.08140075,0.0805,0.082,66189.55,9.1
1786525151,btc,1806048000000,102000.0,put,40.5,0.57263388,0.5185,0.6415,65472.06,0.1
1786525151,btc,1787904000000,75000.0,put,35.0,0.17472672,0.169,0.1795,63865.68,44.2
1786525151,btc,1806048000000,96000.0,call,40.19,0.02085862,0.02,0.0215,65472.06,132.9
1786525151,btc,1793347200000,60000.0,call,39.01,0.10868295,0.1065,0.1105,64341.8,11.4
1786525151,btc,1790323200000,98000.0,put,46.96,0.5300508,0.478,0.587,64062.35,0.1
1786525151,btc,1790323200000,40000.0,call,65.72,0.37688349,0.3745,0.38,64062.35,34.4
1786525151,btc,1787904000000,77000.0,call,38.27,0.00028807,0.0002,0.0004,63865.68,231.6
1786525151,btc,1793347200000,76000.0,put,35.92,0.19638355,0.158,0.2475,64341.8,0.0
1786525151,btc,1790323200000,155000.0,call,75.11,3.629e-05,,0.0002,64062.14,363.1
1786525151,btc,1813910400000,100000.0,put,41.15,0.5443157,0.4865,0.621,66189.55,0.1
1786525151,btc,1793347200000,45000.0,call,52.48,0.30705411,0.278,0.3395,64341.8,0.0
1786525151,btc,1793347200000,66000.0,call,36.89,0.05712445,0.0565,0.0575,64341.8,148.6
1786525151,btc,1787904000000,82000.0,put,45.46,0.28408304,0.241,0.3315,63865.68,1.5
1786525151,btc,1793347200000,58000.0,call,40.1,0.1305427,0.1,0.169,64341.8,0.0
1786525151,btc,1798185600000,70000.0,put,39.09,0.14368166,0.143,0.1445,64795.61,1006.1
1786525151,btc,1790323200000,68000.0,put,33.68,0.08488289,0.083,0.0875,64062.35,636.3
1786525151,btc,1793347200000,90000.0,call,38.18,0.00237546,0.0022,0.0026,64341.8,60.1
1786525151,btc,1798185600000,125000.0,call,45.83,0.00118513,0.001,0.0014,64795.61,595.4
1786525151,btc,1806048000000,95000.0,call,40.17,0.02215834,0.0215,0.023,65471.94,343.0
1786525151,btc,1793347200000,56000.0,call,41.28,0.15417984,0.1235,0.1925,64341.8,0.0
1786525151,btc,1813910400000,40000.0,put,51.65,0.02799499,0.0275,0.0285,66189.55,509.2
1786525151,btc,1798185600000,70000.0,call,39.09,0.06335672,0.0625,0.0635,64795.61,1774.8
1786525151,btc,1798185600000,30000.0,put,69.76,0.00389586,0.0036,0.0042,64795.45,2136.6
1786525151,btc,1790323200000,140000.0,call,69.71,5.849e-05,,0.0001,64062.35,1184.4
1786525151,btc,1787299200000,65000.0,put,27.42,0.02825335,0.0265,0.0295,63804.4,98.7
1786525151,btc,1813910400000,95000.0,put,41.09,0.47727864,0.42,0.5535,66189.55,20.1
1786525151,btc,1798185600000,100000.0,call,40.89,0.0050282,0.0046,0.005,64795.45,3655.7
1786525151,btc,1793347200000,70000.0,put,36.15,0.12248956,0.1205,0.1255,64341.8,11.8
1786525151,btc,1786780800000,57000.0,put,54.6,0.00017927,0.0001,0.0003,63767.11,52.0
1786525151,btc,1813910400000,82000.0,put,41.13,0.3150245,0.312,0.319,66189.55,0.2
1786525151,btc,1790323200000,180000.0,put,75.32,1.80977572,1.715,1.912,64062.35,7.3
1786525151,btc,1787299200000,66000.0,put,27.11,0.03962842,0.016,0.0765,63804.27,11.7
1786525151,btc,1806048000000,62000.0,put,41.95,0.10279971,0.1015,0.104,65472.06,244.2
1786525151,btc,1790323200000,102000.0,put,50.21,0.59246092,0.5385,0.6515,64062.35,0.4
1786525151,btc,1793347200000,68000.0,call,36.46,0.04471022,0.044,0.045,64341.85,65.6
1786525151,btc,1787904000000,59000.0,call,36.08,0.0816713,0.0785,0.085,63865.68,214.3
1786525151,btc,1786694400000,75000.0,put,47.28,0.17642207,0.1375,0.2195,63752.65,0.4
1786525151,btc,1786694400000,67000.0,call,34.62,0.00024615,0.0002,0.0003,63752.65,788.7
1786525151,btc,1798185600000,105000.0,call,41.56,0.00344428,0.0032,0.0037,64795.61,828.9
1786525151,btc,1786694400000,58000.0,put,56.04,0.00014201,0.0001,0.0002,63752.65,1567.7
1786525151,btc,1786780800000,62000.0,put,29.9,0.00203339,0.0019,0.0022,63767.11,3.0
1786525151,btc,1798185600000,52000.0,call,45.22,0.22691986,0.196,0.2675,64795.61,0.1
1786525151,btc,1798185600000,58000.0,put,42.06,0.05283138,0.052,0.0535,64795.61,2137.1
1786525151,btc,1787299200000,63000.0,put,29.05,0.01243067,0.012,0.0125,63804.4,145.5
1786525151,btc,1790323200000,145000.0,put,69.92,1.26346316,1.187,1.3465,64062.14,0.2
1786525151,btc,1786608000000,58000.0,call,60.25,0.09011162,0.057,0.1215,63744.19,0.0
1786525151,btc,1787904000000,105000.0,put,63.37,0.6440726,0.5885,0.7035,63865.68,1.0
1786525151,btc,1793347200000,55000.0,call,41.98,0.16669595,0.1365,0.204,64341.8,0.0
1786525151,btc,1798185600000,94000.0,put,39.54,0.45829603,0.411,0.5175,64795.61,5.3
1786525151,btc,1786780800000,64500.0,put,25.72,0.01614644,0.0145,0.018,63767.11,0.0
1786525151,btc,1798185600000,220000.0,call,61.32,9.346e-05,,0.0002,64795.45,252.8
1786525151,btc,1806048000000,80000.0,call,39.93,0.05468794,0.054,0.0555,65472.06,928.4
1786525151,btc,1790323200000,175000.0,put,75.32,1.7317287,1.6395,1.831,64062.35,0.2
1786525151,btc,1786867200000,67000.0,call,27.47,0.00050454,0.0003,0.0005,63773.316666666666,0.0
1786525151,btc,1813910400000,66000.0,call,42.53,0.15829163,0.157,0.1595,66189.71,27.9
1786525151,btc,1798185600000,56000.0,put,42.93,0.04355622,0.043,0.044,64795.61,462.3
1786525151,btc,1787904000000,75000.0,call,35.0,0.00039167,0.0003,0.0005,63865.68,2718.8
1786525151,btc,1790323200000,75000.0,put,33.76,0.17597052,0.1715,0.1805,64062.35,2967.4
1786525151,btc,1813910400000,66000.0,put,42.53,0.15542668,0.154,0.157,66189.71,35.1
1786525151,btc,1786608000000,64500.0,call,26.29,0.00142334,0.0012,0.0016,63744.19,585.9
1786525151,btc,1798185600000,94000.0,call,39.54,0.00757397,0.007,0.008,64795.61,117.7
1786525151,btc,1786780800000,70000.0,call,38.97,4.472e-05,,0.0001,63767.11,2.1
1786525151,btc,1786694400000,62000.0,put,30.45,0.00111399,0.0011,0.0012,63752.65,1463.9
1786525151,btc,1786867200000,65500.0,put,25.51,0.02929437,0.0027,0.0675,63773.316666666666,0.0
1786525151,btc,1798185600000,140000.0,call,49.24,0.00069522,0.0006,0.0009,64795.45,1475.0
1786525151,btc,1793347200000,71000.0,call,36.01,0.03019789,0.0295,0.0305,64341.8,242.7
1786525151,btc,1790323200000,90000.0,call,40.98,0.00047098,0.0003,0.0006,64062.35,3018.7
1786525151,btc,1787904000000,72000.0,call,31.17,0.00089406,0.0008,0.0009,63865.68,2944.6
1786525151,btc,1790323200000,56000.0,call,40.66,0.1378403,0.11,0.1395,64062.35,12.2
1786525151,btc,1798185600000,76000.0,put,38.63,0.21044585,0.207,0.213,64795.61,142.1
1786525151,btc,1798185600000,250000.0,call,64.88,6.05e-05,,0.0002,64795.61,1120.9
1786525151,btc,1813910400000,85000.0,call,41.04,0.06622181,0.065,0.0675,66189.71,8.2
1786525151,btc,1813910400000,45000.0,put,48.81,0.04072687,0.04,0.0415,66189.55,239.8
1786525151,btc,1790323200000,62000.0,call,35.93,0.06667827,0.066,0.0675,64062.42,680.5
1786525151,btc,1806048000000,70000.0,call,40.74,0.10000723,0.0995,0.1005,65472.06,778.9
1786525151,btc,1786867200000,58000.0,call,44.31,0.09084944,0.058,0.123,63773.316666666666,0.0
1786525151,btc,1793347200000,55000.0,put,41.98,0.02150506,0.021,0.022,64341.8,63.1
1786525151,btc,1813910400000,160000.0,put,45.14,1.42147214,1.337,1.521,66189.71,0.0
1786525151,btc,1790323200000,70000.0,call,33.21,0.01527673,0.015,0.0155,64062.35,8416.8
1786525151,btc,1786608000000,64000.0,call,26.5,0.0036576,0.0034,0.0039,63744.59,82.3
1786525151,btc,1793347200000,40000.0,put,59.05,0.00364874,0.0034,0.0038,64341.8,22.5
1786525151,btc,1786694400000,70000.0,put,40.29,0.09800038,0.061,0.138,63752.65,3.6
1786525151,btc,1786694400000,66000.0,call,28.09,0.0003983,0.0004,0.0005,63752.5,1100.4
1786525151,btc,1787904000000,88000.0,call,51.76,5.543e-05,,0.0001,63865.68,183.9
1786525151,btc,1790323200000,260000.0,put,78.83,3.05855941,2.922,3.206,64062.35,0.0
1786525151,btc,1787904000000,55000.0,put,43.59,0.00178721,0.0016,0.002,63865.68,1176.4
1786525151,btc,1786608000000,66500.0,call,35.93,6.909e-05,,0.0001,63743.93,55.7
1786525151,btc,1787904000000,77000.0,put,38.27,0.20593872,0.165,0.2505,63865.68,3.4
1786525151,btc,1786867200000,59000.0,put,40.62,0.00052615,0.0003,0.0005,63773.316666666666,0.0
1786525151,btc,1806048000000,85000.0,call,39.86,0.04026468,0.04,0.041,65472.06,94.1
1786525151,btc,1786780800000,66000.0,call,26.18,0.00076914,0.0006,0.0009,63767.11,56.1
1786525151,btc,1786780800000,63000.0,put,27.77,0.00503825,0.0048,0.005,63767.11,2.5
1786525151,btc,1793347200000,95000.0,put,39.56,0.47785971,0.427,0.536,64341.8,0.1
1786525151,btc,1806048000000,45000.0,put,49.01,0.02773909,0.027,0.0285,65472.06,227.1
1786525151,btc,1798185600000,110000.0,put,42.59,0.70018483,0.6885,0.7105,64795.45,54.2
1786525151,btc,1786694400000,80000.0,put,51.26,0.25485019,0.2125,0.3005,63752.65,0.1
1786525151,btc,1787299200000,64000.0,call,28.05,0.01606836,0.0155,0.0165,63804.4,52.3
1786525151,btc,1787904000000,67000.0,put,29.24,0.05681997,0.0535,0.06,63865.68,60.8
1786525151,btc,1806048000000,52000.0,put,45.18,0.04894409,0.048,0.0495,65472.06,117.8
1786525151,btc,1786780800000,62500.0,call,28.57,0.02303944,0.0022,0.052,63767.11,0.0
1786525151,btc,1786608000000,67500.0,call,36.66,6.25e-06,,0.0001,63743.93,11.9
1786525151,btc,1798185600000,65000.0,put,39.9,0.09829763,0.0975,0.099,64795.61,845.2
1786525151,btc,1786780800000,67000.0,put,28.84,0.05098978,0.016,0.089,63767.11,0.0
1786525151,btc,1793347200000,61000.0,put,38.56,0.04668134,0.0465,0.047,64341.85,162.1
1786525151,btc,1787904000000,63000.0,put,31.21,0.01963908,0.0195,0.02,63865.73,678.4
1786525151,btc,1813910400000,130000.0,call,42.78,0.01023672,0.0095,0.011,66189.55,82.3
1786525151,btc,1787904000000,110000.0,put,65.75,0.72235964,0.665,0.785,63865.68,0.2
1786525151,btc,1798185600000,40000.0,call,56.64,0.39247837,0.3895,0.3945,64795.61,250.9
1786525151,btc,1813910400000,60000.0,put,43.61,0.11112364,0.11,0.112,66189.71,75.7
1786525151,btc,1798185600000,125000.0,put,45.83,0.9303368,0.8645,1.005,64795.61,9.1
1786525151,btc,1798185600000,135000.0,put,48.52,1.08436137,1.0135,1.1645,64795.61,0.6
1786525151,btc,1786608000000,67500.0,put,36.66,0.05893874,0.0235,0.0975,63744.19,0.0
1786525151,btc,1806048000000,105000.0,call,40.68,0.01244268,0.012,0.013,65472.06,185.4
1786525151,btc,1806048000000,100000.0,put,40.35,0.54381764,0.49,0.614,65471.94,12.1
1786525151,btc,1787904000000,58000.0,put,37.74,0.0040395,0.0038,0.0043,63865.68,1015.1
1786525151,btc,1787904000000,81000.0,put,43.5,0.26842578,0.2255,0.3155,63865.68,0.1
1786525151,btc,1787299200000,63000.0,call,29.05,0.02504646,0.0245,0.0255,63804.4,28.2
1786525151,btc,1806048000000,110000.0,put,41.01,0.68953179,0.633,0.7615,65472.06,4.0
1786525151,btc,1813910400000,130000.0,put,42.78,0.97429061,0.908,1.0585,66189.55,1.3
1786525151,btc,1798185600000,20000.0,put,87.21,0.00133421,0.0011,0.0015,64795.45,110.8
1786525151,btc,1806048000000,52000.0,call,45.18,0.25472042,0.251,0.258,65472.06,5.2
1786525151,btc,1790323200000,90000.0,put,40.98,0.40535693,0.398,0.4115,64062.35,586.2
1786525151,btc,1787299200000,70000.0,put,30.41,0.09758357,0.061,0.1385,63804.27,0.0
1786525151,btc,1793347200000,74000.0,call,35.85,0.02002484,0.0195,0.0205,64341.8,114.2
1786525151,btc,1786694400000,65500.0,call,26.63,0.00074761,0.0007,0.0008,63752.5,135.6
1786525151,btc,1813910400000,50000.0,put,46.48,0.05797929,0.057,0.059,66189.55,287.0
1786525151,btc,1790323200000,320000.0,put,85.42,3.99515002,3.8265,4.177,64062.35,25.1
1786525151,btc,1806048000000,68000.0,call,40.93,0.11198553,0.111,0.113,65472.06,97.0
1786525151,btc,1787904000000,46000.0,put,63.48,0.00024553,0.0002,0.0003,63865.68,1755.4
1786525151,btc,1798185600000,52000.0,put,45.22,0.02944696,0.029,0.03,64795.61,420.6
1786525151,btc,1813910400000,80000.0,call,41.26,0.08374042,0.0825,0.0845,66189.71,77.0
1786525151,btc,1787299200000,67000.0,put,27.11,0.05277599,0.0255,0.09,63804.4,10.4
1786525151,btc,1786867200000,70000.0,call,35.86,7.968e-05,,0.0001,63773.316666666666,0.0
1786525151,btc,1806048000000,140000.0,call,44.73,0.00278493,0.0025,0.0031,65472.06,761.5
1786525151,btc,1790323200000,94000.0,call,44.15,0.00036781,0.0003,0.0004,64062.35,170.0
1786525151,btc,1798185600000,62000.0,call,40.67,0.11936721,0.1185,0.1205,64795.61,255.1
1786525151,btc,1793347200000,71000.0,put,36.01,0.13367875,0.1315,0.179,64341.8,0.0
1786525151,btc,1813910400000,82000.0,call,41.13,0.07615975,0.075,0.077,66189.71,62.0
1786525151,btc,1786608000000,66000.0,call,33.72,0.00014447,0.0001,0.0002,63744.59,191.1
1786525151,btc,1813910400000,110000.0,call,41.49,0.02174845,0.021,0.0225,66189.55,227.7
1786525151,btc,1790323200000,30000.0,call,88.12,0.53214535,0.5305,0.5335,64062.35,134.0
1786525151,btc,1787299200000,53000.0,put,50.89,0.00024545,0.0002,0.0003,63804.4,84.3
1786525151,btc,1813910400000,85000.0,put,41.04,0.35041115,0.299,0.4225,66189.71,6.8
1786525151,btc,1806048000000,108000.0,call,40.84,0.01049794,0.01,0.011,65471.94,57.3
1786525151,btc,1786780800000,61000.0,put,33.57,0.00093235,0.0008,0.0011,63767.11,50.2
1786525151,btc,1798185600000,96000.0,call,40.2,0.00674876,0.0065,0.007,64795.61,1316.4
1786525151,btc,1786694400000,70000.0,call,40.29,6.46e-06,,0.0001,63752.5,1666.6
1786525151,btc,1786867200000,63500.0,put,27.37,0.00933103,0.008,0.009,63773.316666666666,0.0
1786525151,btc,1790323200000,170000.0,call,75.32,9.52e-06,,0.0001,64062.14,359.5
1786525151,btc,1813910400000,170000.0,call,45.99,0.00328553,0.0029,0.0037,66189.71,43.7
1786525151,btc,1798185600000,60000.0,call,41.31,0.13770485,0.135,0.1395,64795.61,787.0
1786525151,btc,1790323200000,190000.0,put,75.38,1.96587191,1.866,2.0735,64062.14,0.0
1786525151,btc,1787904000000,83000.0,call,45.62,9.859e-05,,0.0001,63865.68,534.8
1786525151,btc,1798185600000,68000.0,call,39.39,0.07491008,0.0745,0.0755,64795.61,686.9
1786525151,btc,1786694400000,63000.0,put,27.69,0.00348194,0.0034,0.0037,63752.65,418.0
1786525151,btc,1786694400000,61000.0,put,36.4,0.00053156,0.0005,0.0007,63752.65,438.1
1786525151,btc,1787904000000,73000.0,call,31.95,0.00060495,0.0005,0.0007,63865.68,1751.6
1786525151,btc,1786867200000,62500.0,call,28.81,0.02441437,0.0014,0.057,63773.316666666666,0.0
1786525151,btc,1813910400000,40000.0,call,51.65,0.42367072,0.4225,0.425,66189.71,17.0
1786525151,btc,1787904000000,74000.0,call,33.49,0.00048271,0.0004,0.0005,63865.68,2162.3
1786525151,btc,1790323200000,94000.0,put,44.15,0.46769313,0.418,0.523,64062.14,1.9
1786525151,btc,1806048000000,100000.0,call,40.35,0.01646442,0.016,0.017,65472.06,560.0
1786525151,btc,1786867200000,71000.0,put,37.96,0.11336032,0.076,0.154,63773.316666666666,0.0
1786525151,btc,1806048000000,68000.0,put,40.93,0.15058571,0.1495,0.1515,65472.06,75.7
1786525151,btc,1806048000000,55000.0,put,43.97,0.06188031,0.0605,0.0625,65472.06,1353.3
1786525151,btc,1813910400000,150000.0,call,44.35,0.00548792,0.005,0.006,66189.71,90.5
1786525151,btc,1790323200000,58000.0,call,38.67,0.11162084,0.109,0.1135,64062.35,460.8
1786525151,btc,1793347200000,54000.0,call,42.85,0.17971693,0.1495,0.2165,64341.8,0.0
1786525151,btc,1787904000000,59000.0,put,36.08,0.00548153,0.005,0.006,63865.68,813.3
1786525151,btc,1786867200000,63000.0,put,27.8,0.00642247,0.0055,0.0065,63773.316666666666,0.0
1786525151,btc,1813910400000,52000.0,put,45.73,0.06648509,0.0655,0.0675,66189.71,18.6
1786525151,btc,1790323200000,78000.0,put,34.24,0.22022821,0.214,0.2255,64062.35,625.3
1786525151,btc,1786867200000,59000.0,call,40.62,0.07537433,0.042,0.1075,63773.316666666666,0.0
1786525151,btc,1786694400000,64500.0,put,25.79,0.0148421,0.013,0.0165,63752.65,1.5
1786525151,btc,1787299200000,75000.0,put,42.51,0.17563834,0.136,0.219,63804.27,0.0
1786525151,btc,1793347200000,82000.0,put,36.39,0.28093784,0.24,0.3315,64341.8,0.0
1786525151,btc,1806048000000,106000.0,put,40.73,0.63073617,0.5755,0.7015,65472.06,0.1
1786525151,btc,1787904000000,67000.0,call,29.24,0.00774695,0.0075,0.008,63865.81,1584.5
1786525151,btc,1786780800000,68000.0,call,32.46,0.00014788,0.0001,0.0002,63767.11,1.7
1786525151,btc,1806048000000,125000.0,put,42.78,0.91400364,0.847,0.9945,65472.06,0.1
1786525151,btc,1787904000000,105000.0,call,63.37,3.53e-06,,0.0001,63865.68,169.2
1786525151,btc,1790323200000,300000.0,put,84.97,3.68295315,3.525,3.8525,64062.35,0.0
1786525151,btc,1786608000000,62000.0,call,33.6,0.02773635,0.004,0.061,63744.19,0.0
1786525151,btc,1806048000000,115000.0,call,41.54,0.00740935,0.007,0.0075,65472.06,762.0
1786525151,btc,1787904000000,48000.0,call,58.97,0.24879861,0.2455,0.252,63865.68,37.5
1786525151,btc,1806048000000,86000.0,call,39.86,0.03787326,0.0375,0.0385,65472.06,134.1
1786525151,btc,1787904000000,46000.0,call,63.48,0.2799867,0.2535,0.3055,63865.68,1.0
1786525151,btc,1786780800000,71000.0,call,38.98,1.139e-05,,0.0001,63767.11,2.0
1786525151,btc,1793347200000,54000.0,put,42.85,0.01898406,0.0185,0.0195,64341.8,58.3
1786525151,btc,1798185600000,210000.0,put,59.6,2.24107572,2.132,2.36,64795.45,0.0
1786525151,btc,1790323200000,35000.0,put,76.87,0.00079138,0.0007,0.001,64062.14,892.3
1786525151,btc,1813910400000,80000.0,put,41.26,0.29238896,0.2895,0.296,66189.71,8.5
1786525151,btc,1798185600000,55000.0,put,43.43,0.03949708,0.039,0.04,64795.61,1055.6
1786525151,btc,1790323200000,98000.0,call,46.96,0.00028611,0.0002,0.0003,64062.14,355.3
1786525151,btc,1790323200000,64000.0,put,35.12,0.04808289,0.0475,0.0485,64062.46,666.2
1786525151,btc,1790323200000,135000.0,put,66.77,1.10738712,1.0365,1.185,64062.14,11.5
1786525151,btc,1813910400000,30000.0,put,60.02,0.01299304,0.0125,0.0135,66189.55,339.2
1786525151,btc,1787904000000,56000.0,put,41.47,0.00229405,0.0021,0.0025,63865.81,1149.4
1786525151,btc,1798185600000,80000.0,call,38.71,0.02637412,0.026,0.0265,64795.61,8324.1
1786525151,btc,1798185600000,105000.0,put,41.56,0.62393168,0.613,0.6335,64795.61,109.4
1786525151,btc,1790323200000,100000.0,put,48.34,0.56124125,0.553,0.568,64062.14,431.5
1786525151,btc,1786867200000,61000.0,put,32.18,0.00140886,0.001,0.0013,63773.316666666666,0.0
1786525151,btc,1786694400000,62500.0,call,29.14,0.0216591,0.0043,0.05,63752.5,0.0
1786525151,btc,1798185600000,200000.0,put,58.34,2.08676653,1.983,2.2005,64795.45,0.0
1786525151,btc,1787904000000,64000.0,call,30.53,0.0244552,0.024,0.025,63865.68,550.7
1786525151,btc,1786608000000,62500.0,call,30.12,0.02023886,0.0185,0.0215,63744.19,20.0
1786525151,btc,1786608000000,60000.0,put,54.25,0.00014101,0.0001,0.0002,63743.93,27.3
1786525151,btc,1786608000000,72000.0,call,43.17,0.0,,0.0001,63744.19,0.0
1786525151,btc,1793347200000,64000.0,put,37.44,0.06657832,0.066,0.0675,64341.8,357.8
1786525151,btc,1787904000000,71000.0,call,30.29,0.00130786,0.0012,0.0014,63865.68,1575.6
1786525151,btc,1790323200000,102000.0,call,50.21,0.00025685,0.0002,0.0005,64062.35,91.3
1786525151,btc,1793347200000,75000.0,call,35.92,0.01750885,0.017,0.018,64341.85,103.0
1786525151,btc,1786867200000,63500.0,call,27.37,0.01361679,0.0125,0.0135,63773.316666666666,0.0
1786525151,btc,1806048000000,102000.0,call,40.5,0.01473285,0.014,0.0155,65472.06,105.8
1786525151,btc,1798185600000,170000.0,put,53.85,1.62388862,1.5355,1.7215,64795.61,0.0
1786525151,btc,1806048000000,60000.0,call,42.43,0.17308278,0.1715,0.175,65472.06,718.8
1786525151,btc,1798185600000,78000.0,put,38.63,0.23522482,0.231,0.2385,64795.45,234.6
1786525151,btc,1787904000000,71000.0,put,30.29,0.11301171,0.0755,0.156,63865.68,11.1
1786525151,btc,1787904000000,63000.0,call,31.21,0.03319486,0.0325,0.034,63865.68,980.9
1786525151,btc,1813910400000,76000.0,put,41.48,0.24899195,0.246,0.2525,66189.71,9.2
1786525151,btc,1786780800000,61000.0,call,33.57,0.04432578,0.0175,0.0745,63767.11,0.0
1786525151,btc,1787299200000,68000.0,call,27.44,0.00135619,0.0013,0.0015,63804.4,2023.5
1786525151,btc,1790323200000,80000.0,call,35.09,0.00182253,0.0017,0.0019,64062.35,3251.9
1786525151,btc,1793347200000,85000.0,call,36.95,0.00436531,0.0041,0.0045,64341.8,9.4
1786525151,btc,1813910400000,78000.0,call,41.33,0.09177888,0.0905,0.093,66189.71,9.9
1786525151,btc,1793347200000,66000.0,put,36.89,0.08289539,0.0825,0.0835,64341.8,50.6
1786525151,btc,1787904000000,58000.0,call,37.74,0.09588706,0.0925,0.0995,63865.68,155.1
1786525151,btc,1798185600000,72000.0,call,38.89,0.05340797,0.053,0.0535,64795.61,1161.8
1786525151,btc,1790323200000,78000.0,call,34.24,0.00266039,0.0026,0.0028,64062.35,4767.6
1786525151,btc,1813910400000,62000.0,call,43.22,0.18821526,0.186,0.1895,66189.55,94.3
1786525151,btc,1790323200000,92000.0,put,42.78,0.43653597,0.3875,0.4905,64062.35,4.3
1786525151,btc,1798185600000,40000.0,put,56.64,0.00980691,0.0095,0.01,64795.61,4368.6
1786525151,btc,1798185600000,135000.0,call,48.52,0.00087757,0.0007,0.0011,64795.61,1111.8
1786525151,btc,1806048000000,58000.0,call,42.98,0.19161836,0.189,0.1945,65472.06,5.2
1786525151,btc,1806048000000,94000.0,call,40.0,0.02325793,0.0225,0.024,65472.06,141.2
1786525151,btc,1787904000000,53000.0,put,48.04,0.00113001,0.001,0.0012,63865.68,985.0
1786525151,btc,1786780800000,66500.0,put,27.29,0.04330823,0.01,0.081,63767.11,0.0
1786525151,btc,1787904000000,66000.0,put,29.48,0.04517732,0.0425,0.047,63865.68,213.4
1786525151,btc,1806048000000,72000.0,call,40.53,0.08895439,0.0885,0.0895,65472.06,69.1
1786525151,btc,1793347200000,76000.0,call,35.92,0.01519277,0.0145,0.0155,64341.8,129.8
1786525151,btc,1798185600000,104000.0,put,41.36,0.60872986,0.552,0.675,64795.61,0.1
1786525151,btc,1813910400000,50000.0,call,46.48,0.30257395,0.2985,0.306,66189.55,17.1
1786525151,btc,1786608000000,68000.0,call,36.66,1.44e-06,,0.0001,63743.93,21.6
1786525151,btc,1798185600000,55000.0,call,43.43,0.19067034,0.188,0.194,64795.61,44.9
1786525151,btc,1790323200000,52000.0,call,45.7,0.19456948,0.1925,0.1975,64062.14,75.0
1786525151,btc,1813910400000,68000.0,put,42.3,0.1724309,0.171,0.1745,66189.71,9.5
1786525151,btc,1787904000000,69000.0,put,29.73,0.08369919,0.0795,0.0875,63865.68,49.4
1786525151,btc,1798185600000,240000.0,call,64.69,8.486e-05,,0.0002,64795.61,804.4
1786525151,btc,1786694400000,55000.0,call,70.94,0.13732244,0.1065,0.1675,63752.65,0.0
1786525151,btc,1798185600000,85000.0,put,38.78,0.32848839,0.324,0.332,64795.61,548.4
1786525151,btc,1798185600000,84000.0,put,38.78,0.31469526,0.31,0.318,64795.61,47.1
1786525151,btc,1793347200000,70000.0,call,36.15,0.03455089,0.034,0.035,64341.85,115.6
1786525151,btc,1793347200000,86000.0,call,37.09,0.00380063,0.0036,0.004,64341.8,8.6
1786525151,btc,1790323200000,84000.0,put,37.14,0.3121748,0.3055,0.318,64062.35,34.7
1786525151,btc,1806048000000,66000.0,put,41.27,0.13357965,0.1325,0.1345,65472.06,123.9
1786525151,btc,1806048000000,180000.0,put,50.31,1.75032653,1.6565,1.8555,65472.06,0.0
1786525151,btc,1798185600000,75000.0,call,38.67,0.04102056,0.0405,0.0415,64795.45,1917.7
1786525151,btc,1813910400000,72000.0,call,41.83,0.12110189,0.12,0.122,66189.71,24.8
1786525151,btc,1786694400000,68000.0,call,39.86,0.0001437,0.0001,0.0002,63752.65,2569.6
1786525151,btc,1786867200000,61500.0,put,31.37,0.00215455,0.0015,0.002,63773.316666666666,0.0
1786525151,btc,1786694400000,59000.0,put,48.61,0.00017944,0.0001,0.0003,63752.65,282.6
1786525151,btc,1806048000000,35000.0,put,57.69,0.01249196,0.012,0.013,65472.06,575.8
1786525151,btc,1813910400000,30000.0,call,60.02,0.55974984,0.5585,0.5615,66189.55,37.2
1786525151,btc,1793347200000,73000.0,call,35.88,0.02301304,0.0225,0.0235,64341.8,49.4
1786525151,btc,1787904000000,61000.0,put,33.33,0.01042625,0.01,0.0105,63865.68,944.0
1786525151,btc,1787299200000,61000.0,put,32.26,0.00505985,0.0047,0.0055,63804.4,1331.0
1786525151,btc,1790323200000,50000.0,put,48.56,0.00465287,0.0044,0.0048,64062.35,3747.2
1786525151,btc,1786608000000,65500.0,call,30.47,0.00026222,0.0002,0.0004,63744.19,141.3
1786525151,btc,1806048000000,64000.0,put,41.6,0.11759312,0.1165,0.1185,65472.06,133.1
1786525151,btc,1787904000000,61000.0,call,33.33,0.05530041,0.0545,0.058,63865.68,610.9
1786525151,btc,1806048000000,115000.0,put,41.54,0.76386555,0.705,0.8365,65472.06,1.6
1786525151,btc,1806048000000,35000.0,call,57.69,0.47791833,0.4765,0.4795,65471.94,7.0
1786525151,btc,1813910400000,54000.0,put,45.13,0.0761726,0.075,0.077,66189.71,20.5
1786525151,btc,1786694400000,63000.0,call,27.69,0.01528749,0.0145,0.0175,63752.5,130.2
1786525151,btc,1790323200000,140000.0,put,69.71,1.18543663,1.1115,1.2655,64062.35,1.4
1786525151,btc,1787299200000,59000.0,put,35.66,0.00196362,0.0018,0.002,63804.4,238.5
1786525151,btc,1787904000000,70000.0,call,29.74,0.00201959,0.0019,0.0022,63865.81,2289.3
1786525151,btc,1806048000000,108000.0,put,40.84,0.66003942,0.604,0.731,65472.06,0.1
1786525151,btc,1806048000000,180000.0,call,50.31,0.00109074,0.0009,0.0013,65472.06,642.5
1786525151,btc,1806048000000,84000.0,put,39.84,0.3257422,0.3215,0.33,65471.94,55.1
1786525151,btc,1787904000000,76000.0,put,35.96,0.19028144,0.15,0.2345,63865.68,5.4
1786525151,btc,1793347200000,72000.0,put,36.01,0.14553206,0.1125,0.193,64341.8,5.1
1786525151,btc,1786780800000,65000.0,call,25.63,0.00265734,0.0025,0.0028,63767.11,6.8
1786525151,btc,1793347200000,50000.0,put,46.58,0.0114866,0.011,0.012,64341.8,98.8
1786525151,btc,1790323200000,120000.0,call,59.43,9.219e-05,,0.0001,64062.35,1137.3
1786525151,btc,1793347200000,78000.0,call,36.02,0.01145119,0.011,0.0115,64341.8,183.5
1786525151,btc,1790323200000,170000.0,put,75.32,1.65368297,1.564,1.75,64062.35,0.0
1786525151,btc,1787904000000,72000.0,put,31.17,0.1282557,0.123,0.133,63865.68,86.3
1786525151,btc,1786608000000,58000.0,put,60.25,9.17e-06,,0.0001,63744.19,24.9
1786525151,btc,1806048000000,88000.0,call,39.96,0.03371708,0.033,0.0345,65471.94,71.0
1786525151,btc,1806048000000,74000.0,put,40.22,0.20884104,0.207,0.212,65472.06,54.0
1786525151,btc,1806048000000,170000.0,call,48.33,0.00117578,0.001,0.0015,65472.06,250.0
1786525151,btc,1786608000000,67000.0,call,36.47,2.277e-05,,0.0001,63744.19,21.8
1786525151,btc,1787904000000,73000.0,put,31.95,0.1436244,0.1055,0.187,63865.68,5.1
1786525151,btc,1806048000000,74000.0,call,40.22,0.07859966,0.0775,0.0795,65472.06,50.1
1786525151,btc,1786694400000,72000.0,call,47.27,2.04e-06,,0.0001,63752.65,1276.0
1786525151,btc,1798185600000,64000.0,put,40.13,0.09049867,0.09,0.091,64795.61,316.8
1786525151,btc,1787904000000,84000.0,call,47.24,9.385e-05,,0.0002,63865.68,60.2
1786525151,btc,1806048000000,54000.0,call,44.26,0.23230261,0.229,0.236,65471.94,0.1
1786525151,btc,1786780800000,68000.0,put,32.46,0.06652901,0.0305,0.1055,63767.11,0.0
1786525151,btc,1786780800000,67000.0,call,28.84,0.00029068,0.0002,0.0004,63767.07,30.2
1786525151,btc,1786780800000,63000.0,call,27.77,0.0170675,0.016,0.018,63767.11,75.0
1786525151,btc,1786608000000,66000.0,put,33.72,0.03554487,0.011,0.0735,63744.19,0.4
1786525151,btc,1790323200000,115000.0,call,56.21,9.979e-05,,0.0001,64062.14,2183.9
1786525151,btc,1787904000000,60000.0,call,34.52,0.06801415,0.067,0.071,63865.68,435.4
1786525151,btc,1806048000000,120000.0,put,42.14,0.83873968,0.7735,0.917,65471.94,1.8
1786525151,btc,1813910400000,84000.0,put,41.11,0.33859863,0.3355,0.343,66189.55,0.1
1786525151,btc,1793347200000,78000.0,put,36.02,0.22372594,0.185,0.274,64341.8,0.1
1786525151,btc,1787299200000,66000.0,call,27.11,0.00522396,0.0049,0.0055,63804.4,773.2
1786525151,btc,1786780800000,58000.0,put,47.34,0.00018559,0.0001,0.0003,63767.11,2.7
1786525151,btc,1806048000000,104000.0,put,40.64,0.60163523,0.5465,0.6725,65472.06,0.1
1786525151,btc,1787904000000,57000.0,put,39.55,0.00302309,0.0031,0.0032,63865.68,1016.6
1786525151,btc,1806048000000,94000.0,put,40.0,0.45897176,0.4075,0.5275,65472.06,9.1
1786525151,btc,1798185600000,100000.0,put,40.89,0.54834953,0.538,0.557,64795.61,303.3
1786525151,btc,1798185600000,75000.0,put,38.67,0.19851156,0.1955,0.201,64795.61,896.2
1786525151,btc,1787904000000,70000.0,put,29.74,0.09806577,0.094,0.102,63865.68,178.4
1786525151,btc,1786608000000,70000.0,call,37.49,0.0,,0.0001,63744.19,5.0
1786525151,btc,1787904000000,60000.0,put,34.52,0.00748306,0.007,0.008,63865.73,1579.6
1786525151,btc,1787299200000,69000.0,put,28.93,0.08222679,0.0465,0.123,63804.27,0.0
1786525151,btc,1790323200000,130000.0,call,63.53,5.581e-05,,0.0002,64062.35,1431.9
1786525151,btc,1806048000000,76000.0,call,40.06,0.06960747,0.069,0.07,65472.06,397.6
1786525151,btc,1786608000000,68000.0,put,36.66,0.06677788,0.0305,0.1055,63743.93,0.0
1786525151,btc,1813910400000,92000.0,call,41.02,0.04801482,0.047,0.049,66189.55,5.8
1786525151,btc,1786867200000,64500.0,put,25.86,0.01744615,0.013,0.0205,63773.316666666666,0.0
1786525151,btc,1793347200000,65000.0,put,37.12,0.07438599,0.074,0.075,64341.8,306.0
1786525151,btc,1793347200000,59000.0,put,39.61,0.03644854,0.036,0.037,64341.8,43.0
1786525151,btc,1790323200000,92000.0,call,42.78,0.00043034,0.0003,0.0005,64062.14,489.8
1786525151,btc,1790323200000,125000.0,call,61.77,7.447e-05,,0.0002,64062.14,2323.8
1786525151,btc,1793347200000,82000.0,call,36.39,0.00649515,0.006,0.007,64341.8,22.3
1786525151,btc,1798185600000,120000.0,put,44.67,0.85345755,0.84,0.865,64795.61,35.6
1786525151,btc,1787299200000,60000.0,put,33.53,0.00303495,0.0028,0.0033,63804.4,637.6
1786525151,btc,1787904000000,56000.0,call,41.47,0.12545721,0.1225,0.129,63865.68,63.4
1786525151,btc,1798185600000,220000.0,put,61.32,2.39540041,2.2805,2.52,64795.61,0.0
1786525151,btc,1813910400000,70000.0,put,42.03,0.19010658,0.1885,0.1915,66189.71,9.6
1786525151,btc,1806048000000,65000.0,call,41.41,0.13257815,0.1315,0.1335,65472.06,364.2
1786525151,btc,1806048000000,130000.0,call,43.22,0.00384556,0.0035,0.0042,65472.06,1066.2
1786525151,btc,1786780800000,69000.0,call,37.89,0.0001256,,0.0002,63767.11,0.4
1786525151,btc,1790323200000,175000.0,call,75.32,6.04e-06,,0.0001,64062.35,1355.3
1786525151,btc,1786780800000,65000.0,put,25.63,0.02199229,0.0016,0.054,63767.11,0.0
1786525151,btc,1786608000000,60000.0,call,54.25,0.05886768,0.025,0.0915,63744.19,0.0
1786525151,btc,1787904000000,74000.0,put,33.49,0.15915996,0.1205,0.2025,63865.68,3.3
1786525151,btc,1787904000000,50000.0,call,54.8,0.21770266,0.2145,0.221,63865.68,51.0
1786525151,btc,1786694400000,65000.0,call,26.45,0.00163108,0.0016,0.0017,63752.63,801.8
1786525151,btc,1806048000000,84000.0,call,39.84,0.04276281,0.0425,0.0435,65472.06,266.4
1786525151,btc,1813910400000,160000.0,call,45.14,0.00417505,0.0038,0.0046,66189.71,514.2
1786525151,btc,1813910400000,170000.0,put,45.99,1.57166369,1.4825,1.676,66189.71,14.6
1786525151,btc,1790323200000,86000.0,put,38.45,0.34318655,0.2975,0.394,64062.14,11.6
1786525151,btc,1787299200000,75000.0,call,42.51,0.00018095,0.0001,0.0003,63804.4,1517.6
1786525151,btc,1786867200000,61500.0,call,31.37,0.03780138,0.0075,0.0705,63773.316666666666,0.0
1786525151,btc,1790323200000,68000.0,call,33.68,0.02341351,0.023,0.024,64062.14,834.3
1786525151,btc,1786694400000,62000.0,call,30.45,0.02860509,0.027,0.0305,63752.5,17.5
1786525151,btc,1786608000000,64000.0,put,26.5,0.00767761,0.007,0.0085,63743.93,77.6
1786525151,btc,1790323200000,280000.0,call,81.51,1e-08,,0.0001,64062.14,91.7
1786525151,btc,1798185600000,230000.0,call,63.04,8.884e-05,,0.0003,64795.61,195.9
1786525151,btc,1786780800000,66500.0,call,27.29,0.00045021,0.0003,0.0006,63767.11,21.6
1786525151,btc,1798185600000,50000.0,put,46.46,0.02399219,0.0235,0.0245,64795.61,1957.1
1786525151,btc,1786694400000,66500.0,put,31.04,0.04338248,0.013,0.0815,63752.5,0.0
1786525151,btc,1786608000000,63500.0,call,26.7,0.00757129,0.007,0.0085,63744.19,55.7
1786525151,btc,1787904000000,65000.0,call,29.94,0.01729926,0.017,0.018,63865.81,1424.3
1786525151,btc,1786780800000,65500.0,call,25.71,0.00143312,0.0012,0.0014,63767.07,2.8
1786525151,btc,1786780800000,62000.0,call,29.9,0.02974471,0.0039,0.059,63767.11,0.0
1786525151,btc,1787904000000,68000.0,put,29.73,0.06998359,0.066,0.0735,63865.68,84.3
1786525151,btc,1787904000000,76000.0,call,35.96,0.00028859,0.0002,0.0004,63865.68,1025.3
1786525151,btc,1798185600000,54000.0,put,43.97,0.03579114,0.035,0.036,64795.45,1812.3
1786525151,btc,1798185600000,92000.0,put,39.35,0.42885043,0.3825,0.4875,64795.61,4.6
1786525151,btc,1787904000000,40000.0,call,69.36,0.37370721,0.3725,0.395,63865.68,23.4
1786525151,btc,1806048000000,78000.0,put,39.93,0.25288696,0.2505,0.2565,65472.06,183.0
1786525151,btc,1790323200000,54000.0,call,43.24,0.16580715,0.1385,0.1675,64062.14,7.2
1786525151,btc,1798185600000,108000.0,call,42.14,0.00283934,0.0026,0.003,64795.61,123.1
1786525151,btc,1798185600000,60000.0,put,41.31,0.06369766,0.063,0.0645,64795.61,6442.6
1786525151,btc,1787299200000,55000.0,call,46.0,0.13848018,0.107,0.169,63804.27,0.0
1786525151,btc,1813910400000,58000.0,call,44.05,0.22213377,0.22,0.2235,66189.55,5.3
1786525151,btc,1798185600000,250000.0,put,64.88,2.85836384,2.728,3.0,64795.61,10.0
1786525151,btc,1790323200000,85000.0,call,38.01,0.0008692,0.0008,0.001,64062.14,1202.4
1786525151,btc,1806048000000,190000.0,put,51.4,1.90285917,1.804,2.0135,65472.06,0.9
1786525151,btc,1798185600000,160000.0,call,52.81,0.00036149,0.0002,0.0006,64795.61,1224.0
1786525151,btc,1798185600000,88000.0,put,38.85,0.37070836,0.325,0.4295,64795.61,4.2
1786525151,btc,1786608000000,59000.0,put,55.47,2.72e-05,,0.0001,63743.93,10.9
1786525151,btc,1798185600000,96000.0,put,40.2,0.48833724,0.44,0.5485,64795.45,11.3
1786525151,btc,1790323200000,96000.0,put,45.15,0.49884206,0.448,0.555,64062.14,1.0
1786525151,btc,1798185600000,90000.0,call,39.0,0.01052555,0.01,0.011,64795.61,3326.3
1786525151,btc,1806048000000,66000.0,call,41.27,0.1255196,0.1245,0.1265,65472.06,17.1
1786525151,btc,1813910400000,62000.0,put,43.22,0.12491789,0.1235,0.1255,66189.71,70.1
1786525151,btc,1806048000000,200000.0,put,51.56,2.05532763,1.9515,2.1705,65472.06,1.0
1786525151,btc,1806048000000,45000.0,call,49.01,0.34043014,0.337,0.3435,65472.06,3.3
1786525151,btc,1790323200000,30000.0,put,88.12,0.00044067,0.0003,0.0005,64062.14,2599.3
1786525151,btc,1793347200000,95000.0,call,39.56,0.00137124,0.0012,0.0015,64341.8,30.8
1786525151,btc,1790323200000,260000.0,call,78.83,2e-08,,0.0001,64062.35,292.0
1786525151,btc,1806048000000,160000.0,call,46.99,0.00147329,0.0013,0.0018,65472.06,860.6
1786525151,btc,1793347200000,50000.0,call,46.58,0.23438741,0.2065,0.2685,64341.8,0.1
1786525151,btc,1787299200000,55000.0,put,46.0,0.00048255,0.0004,0.0006,63804.35,106.3
1786525151,btc,1798185600000,66000.0,put,39.7,0.10654039,0.106,0.107,64795.61,363.7
1786525151,btc,1790323200000,82000.0,call,35.85,0.00124509,0.0011,0.0014,64062.14,2560.7
1786525151,btc,1786694400000,66000.0,put,28.09,0.03564971,0.034,0.037,63752.65,14.4
1786525151,btc,1786780800000,66000.0,put,26.18,0.03578612,0.009,0.069,63767.11,0.0
1786525151,btc,1806048000000,92000.0,put,39.98,0.43148793,0.3785,0.501,65472.06,0.6
1786525151,btc,1798185600000,190000.0,put,55.36,1.93241762,1.8335,2.04,64795.61,0.0
1786525151,btc,1798185600000,35000.0,call,62.47,0.46592647,0.4635,0.468,64795.61,77.8
1786525151,btc,1798185600000,160000.0,put,52.81,1.46967563,1.386,1.562,64795.61,0.0
1786525151,btc,1786608000000,65000.0,call,27.42,0.00053321,0.0004,0.0006,63744.19,131.8
1786525151,btc,1798185600000,120000.0,call,44.67,0.00147194,0.0013,0.0016,64795.61,6033.1
1786525151,btc,1786867200000,60000.0,put,36.17,0.00081123,0.0005,0.0008,63773.316666666666,0.1
1786525151,btc,1806048000000,72000.0,put,40.53,0.1886487,0.1865,0.191,65471.94,139.1
1786525151,btc,1787299200000,65000.0,call,27.42,0.00951995,0.009,0.01,63804.35,332.9
1786525151,btc,1787299200000,68000.0,put,27.44,0.06710423,0.0375,0.1045,63804.4,0.3
1786525151,btc,1798185600000,150000.0,call,51.63,0.00054553,0.0004,0.0007,64795.61,1628.9
1786525151,btc,1793347200000,58000.0,put,40.1,0.03197777,0.0315,0.0325,64341.8,52.3
1786525151,btc,1806048000000,58000.0,put,42.98,0.07748323,0.0765,0.0785,65472.06,109.5
1786525151,btc,1787904000000,54000.0,put,45.98,0.00144465,0.0014,0.0016,63865.68,1669.8
1786525151,btc,1787904000000,81000.0,call,43.5,0.00014393,0.0001,0.0002,63865.68,1451.1
1786525151,btc,1786780800000,60000.0,put,37.86,0.00048851,0.0004,0.0006,63767.11,36.6
1786525151,btc,1787904000000,95000.0,call,59.46,2.87e-05,,0.0001,63865.68,58.3
1786525151,btc,1813910400000,100000.0,call,41.15,0.03350502,0.0325,0.0345,66189.55,93.8
1786525151,btc,1790323200000,88000.0,call,39.58,0.00056926,0.0005,0.0007,64062.42,658.2
1786525151,btc,1798185600000,66000.0,call,39.7,0.08795053,0.0875,0.0885,64795.62,267.7
1786525151,btc,1798185600000,102000.0,call,41.01,0.00422463,0.004,0.0044,64795.61,215.7
1786525151,btc,1787904000000,69000.0,call,29.73,0.00331094,0.003,0.0034,63865.68,946.5
1786525151,btc,1806048000000,104000.0,call,40.64,0.01318788,0.0125,0.014,65472.06,101.4
1786525151,btc,1793347200000,84000.0,call,36.94,0.00509561,0.0047,0.0055,64341.8,30.5
1786525151,btc,1787904000000,95000.0,put,59.46,0.48751976,0.438,0.5425,63865.68,0.3
1786525151,btc,1798185600000,170000.0,call,53.85,0.00024235,0.0001,0.0005,64795.45,2379.5
1786525151,btc,1790323200000,65000.0,call,34.67,0.04134939,0.041,0.042,64062.35,1280.1
1786525151,btc,1786694400000,55000.0,put,70.94,3.194e-05,,0.0001,63752.65,513.0
1786525151,btc,1793347200000,85000.0,put,36.95,0.32543395,0.2835,0.3765,64341.8,0.0
1786525151,btc,1806048000000,130000.0,put,43.22,0.98940474,0.9205,1.071,65472.06,0.3
1786525151,btc,1786694400000,66500.0,call,31.04,0.00028825,0.0002,0.0004,63752.5,96.9
1786525151,btc,1787299200000,72000.0,put,36.06,0.12878714,0.0905,0.1705,63804.27,0.0
1786525151,btc,1806048000000,80000.0,put,39.93,0.27657051,0.274,0.28,65472.06,139.2
1786525151,btc,1786867200000,58000.0,put,44.31,0.00032072,0.0002,0.0004,63773.316666666666,0.0
1786525151,btc,1786694400000,61000.0,call,36.4,0.04370829,0.0425,0.045,63752.65,12.0
1786525151,btc,1787299200000,69000.0,call,28.93,0.000806,0.0007,0.0009,63804.27,584.8
1786525151,btc,1787904000000,62000.0,call,32.13,0.04354111,0.043,0.0445,63865.68,901.0
1786525151,btc,1787299200000,53000.0,call,50.89,0.16958889,0.139,0.1985,63804.27,0.0
1786525151,btc,1793347200000,52000.0,call,44.43,0.20636771,0.1775,0.242,64341.8,0.1
1786525151,btc,1790323200000,300000.0,call,84.97,1e-08,,0.0001,64062.14,192.1
1786525151,btc,1786608000000,66500.0,put,35.93,0.0433137,0.013,0.0815,63743.93,0.0
1786525151,btc,1806048000000,40000.0,call,52.82,0.40755183,0.4045,0.4105,65472.06,81.3
1786525151,btc,1786867200000,69000.0,call,35.18,0.00021439,,0.0002,63773.316666666666,1.0
1786525151,btc,1790323200000,135000.0,call,66.77,5.82e-05,,0.0002,64062.35,271.9
1786525151,btc,1813910400000,64000.0,call,42.89,0.17284087,0.1715,0.1745,66189.71,19.6
1786525151,btc,1790323200000,72000.0,put,33.54,0.13411135,0.13,0.138,64062.14,274.7
1786525151,btc,1806048000000,85000.0,put,39.86,0.33851492,0.2885,0.4055,65472.06,0.9
1786525151,btc,1787904000000,55000.0,call,43.59,0.14060817,0.137,0.1445,63865.68,11.8
1786525151,btc,1790323200000,62000.0,put,35.93,0.03448542,0.034,0.035,64062.42,1149.6
1786525151,btc,1806048000000,55000.0,call,43.97,0.22183604,0.2185,0.225,65472.06,28.6
1786525151,btc,1793347200000,75000.0,put,35.92,0.1831576,0.146,0.2335,64341.8,6.1
1786525151,btc,1806048000000,62000.0,call,41.95,0.15584072,0.1545,0.1575,65472.06,41.9
1786525151,btc,1787904000000,110000.0,call,65.75,1.57e-06,,0.0001,63865.68,105.0
1786525151,btc,1786867200000,64000.0,put,26.24,0.01278928,0.0115,0.013,63773.316666666666,0.0
1786525151,btc,1813910400000,150000.0,put,44.35,1.27170394,1.1915,1.367,66189.55,0.0
1786525151,btc,1790323200000,120000.0,put,59.43,0.87327344,0.863,0.8815,64062.35,174.5
1786525151,btc,1787904000000,94000.0,call,59.46,3.9e-05,,0.0001,63865.68,220.2
1786525151,btc,1813910400000,52000.0,call,45.73,0.28086306,0.2765,0.2845,66189.71,1.1
1786525151,btc,1786780800000,63500.0,call,26.91,0.01188325,0.0115,0.0125,63767.11,84.0
1786525151,btc,1787299200000,62000.0,put,30.36,0.00786635,0.0075,0.0085,63804.4,238.9
1786525151,btc,1790323200000,50000.0,call,48.56,0.22416068,0.222,0.228,64062.35,30.5
1786525151,btc,1787904000000,96000.0,call,59.46,2.105e-05,,0.0001,63865.68,25.7
1786525151,btc,1790323200000,96000.0,call,45.15,0.00029706,0.0002,0.0004,64062.14,306.5
1786525151,btc,1806048000000,112000.0,call,41.16,0.00849651,0.008,0.009,65472.06,62.7
1786525151,btc,1793347200000,84000.0,put,36.94,0.31062226,0.2695,0.3615,64341.8,0.3
1786525151,btc,1806048000000,82000.0,call,39.84,0.04826672,0.048,0.049,65472.06,701.1
1786525151,btc,1793347200000,67000.0,call,36.64,0.0505977,0.05,0.051,64341.8,21.0
1786525151,btc,1790323200000,55000.0,call,41.96,0.15170254,0.1485,0.1535,64062.14,143.7
1786525151,btc,1786867200000,71000.0,call,37.96,4.202e-05,,0.0001,63773.316666666666,0.0
1786525151,btc,1786780800000,63500.0,put,26.91,0.00769504,0.007,0.008,63767.11,34.4
1786525151,btc,1786780800000,61500.0,call,31.65,0.03690935,0.0125,0.0665,63767.11,0.0
1786525151,btc,1787299200000,58000.0,put,38.11,0.00133061,0.0012,0.0015,63804.4,384.2
1786525151,btc,1813910400000,88000.0,call,40.98,0.05757079,0.0565,0.0585,66189.55,5.9
1786525151,btc,1786608000000,71000.0,call,40.66,0.0,,0.0001,63743.93,0.8
1786525151,btc,1798185600000,74000.0,put,38.76,0.18693528,0.184,0.1895,64795.61,106.0
1786525151,btc,1813910400000,45000.0,call,48.81,0.36086206,0.3595,0.362,66189.55,0.6
1786525151,btc,1790323200000,74000.0,call,33.54,0.00647004,0.006,0.0065,64062.35,1150.9
1786525151,btc,1813910400000,54000.0,call,45.13,0.26033483,0.2585,0.2615,66189.55,0.9
1786525151,btc,1786694400000,75000.0,call,47.28,1e-08,,0.0001,63752.5,630.2
1786525151,btc,1798185600000,84000.0,call,38.78,0.0183058,0.0175,0.0185,64795.62,776.7
1786525151,btc,1793347200000,65000.0,call,37.13,0.06415726,0.0635,0.0645,64341.85,365.8
1786525151,btc,1787904000000,85000.0,call,47.94,7.377e-05,,0.0002,63865.68,319.4
1786525151,btc,1790323200000,76000.0,put,33.82,0.19047983,0.186,0.195,64062.14,599.6
1786525151,btc,1786608000000,70000.0,put,37.49,0.09815222,0.061,0.1375,63744.19,0.0
1786525151,btc,1787904000000,98000.0,call,59.46,1.123e-05,,0.0001,63865.68,161.0
1786525151,btc,1786867200000,62500.0,put,28.81,0.00444808,0.0037,0.0043,63773.316666666666,0.0
1786525151,btc,1790323200000,54000.0,put,43.24,0.00873872,0.0085,0.009,64062.35,617.8
1786525151,btc,1787904000000,100000.0,call,59.75,6.38e-06,,0.0001,63865.68,189.9
1786525151,btc,1798185600000,76000.0,call,38.63,0.03752163,0.037,0.038,64795.61,385.5
1786525151,btc,1786608000000,61000.0,put,44.92,0.00024206,0.0002,0.0003,63744.19,368.6
1786525151,btc,1813910400000,86000.0,put,41.02,0.36249582,0.311,0.4345,66189.71,0.1
1786525151,btc,1786694400000,72000.0,put,47.27,0.12936721,0.092,0.17,63752.5,0.0
1786525151,btc,1786867200000,68000.0,put,30.0,0.06651357,0.031,0.1055,63773.316666666666,0.0
1786525151,btc,1813910400000,92000.0,put,41.02,0.43796065,0.3815,0.5145,66189.71,0.1
1786525151,btc,1787904000000,82000.0,call,45.46,0.00014337,0.0001,0.0002,63865.81,1507.6
1786525151,btc,1798185600000,104000.0,call,41.36,0.00367567,0.0034,0.004,64795.61,87.7
1786525151,btc,1790323200000,66000.0,call,34.3,0.03454779,0.034,0.035,64062.42,1128.8
1786525151,btc,1790323200000,155000.0,put,75.11,1.41956208,1.338,1.508,64062.35,0.1
1786525151,btc,1786780800000,59000.0,call,42.46,0.07504382,0.041,0.1075,63767.11,0.0
1786525151,btc,1790323200000,105000.0,call,51.31,0.00018814,0.0001,0.0003,64062.35,1206.8
1786525151,btc,1798185600000,88000.0,call,38.85,0.01258561,0.012,0.013,64795.61,2652.9
1786525151,btc,1793347200000,72000.0,call,36.01,0.02650922,0.026,0.027,64341.8,200.8
1786525151,btc,1786867200000,65000.0,put,25.49,0.02295133,0.0012,0.06,63773.316666666666,0.0
1786525151,btc,1786694400000,68000.0,put,39.86,0.06676637,0.0655,0.068,63752.65,7.3
1786525151,btc,1813910400000,56000.0,put,44.59,0.08686338,0.086,0.0875,66189.71,42.0
1786525151,btc,1786608000000,65500.0,put,30.47,0.02781894,0.0037,0.065,63744.19,0.3
1786525151,btc,1806048000000,105000.0,put,40.68,0.61616356,0.5605,0.687,65472.06,0.4
1786525151,btc,1787904000000,80000.0,put,42.16,0.25279029,0.247,0.2575,63865.68,29.5
1786525151,btc,1793347200000,63000.0,call,37.82,0.080286,0.0795,0.0805,64341.8,123.1
1786525151,btc,1793347200000,90000.0,put,38.18,0.40115402,0.3525,0.457,64341.8,0.1
1786525151,btc,1786694400000,59000.0,call,48.61,0.07472743,0.0415,0.107,63752.5,0.4
1786525151,btc,1813910400000,105000.0,put,41.24,0.61313914,0.5545,0.6915,66189.71,0.1
1786525151,btc,1787904000000,52000.0,put,50.24,0.00090214,0.0009,0.001,63865.68,1332.8
1786525151,btc,1793347200000,73000.0,put,35.88,0.15757787,0.1205,0.208,64341.8,0.0
1786525151,btc,1790323200000,82000.0,put,35.85,0.28125229,0.2745,0.287,64062.35,194.1
1786525151,btc,1806048000000,112000.0,put,41.16,0.71913211,0.662,0.791,65472.06,0.1
1786525151,btc,1786694400000,60000.0,put,42.29,0.00028536,0.0002,0.0004,63752.65,2731.0
1786525151,btc,1798185600000,58000.0,call,42.06,0.157705,0.155,0.1595,64795.61,41.8
1786525151,btc,1787904000000,65000.0,put,29.93,0.0350566,0.0345,0.036,63865.68,912.7
1786525151,btc,1793347200000,56000.0,put,41.28,0.02453094,0.0245,0.025,64341.8,31.7
1786525151,btc,1787299200000,62000.0,call,30.36,0.03615491,0.034,0.039,63804.4,28.9
1786525151,btc,1790323200000,66000.0,put,34.3,0.0647963,0.064,0.0655,64062.35,870.2
1786525151,btc,1786608000000,65000.0,put,27.42,0.02024598,0.0185,0.022,63743.93,24.5
1786525151,btc,1813910400000,90000.0,call,40.98,0.05252794,0.0515,0.0535,66189.71,82.1
1786525151,btc,1798185600000,85000.0,call,38.78,0.01666525,0.016,0.017,64795.45,2231.1
1786525151,btc,1798185600000,98000.0,put,40.23,0.51804108,0.464,0.5825,64795.61,1.2
1786525151,btc,1787904000000,90000.0,put,55.07,0.40925826,0.3625,0.461,63865.68,11.1
1786525151,btc,1806048000000,78000.0,call,39.93,0.06155145,0.061,0.062,65472.06,442.2
1786525151,btc,1787904000000,85000.0,put,47.94,0.33098683,0.2865,0.38,63865.68,0.8
1786525151,btc,1790323200000,200000.0,put,75.38,2.12196941,2.0165,2.235,64062.35,0.1
1786525151,btc,1787904000000,68000.0,call,29.73,0.00525286,0.005,0.0055,63865.81,1279.5
1786525151,btc,1787904000000,52000.0,call,50.24,0.18669651,0.1835,0.1905,63865.68,51.0
1786525151,btc,1786780800000,58000.0,call,47.34,0.09062522,0.0575,0.122,63767.11,0.0
1786525151,btc,1798185600000,78000.0,call,38.63,0.03143459,0.031,0.0315,64795.61,540.2
1786525151,btc,1790323200000,85000.0,put,38.01,0.32770593,0.321,0.3335,64062.35,453.0
1786525151,btc,1787904000000,54000.0,call,45.98,0.15592342,0.1525,0.1595,63865.68,12.2
1786525151,btc,1786608000000,63000.0,put,27.86,0.00164024,0.0016,0.0018,63744.59,258.5
1786525151,btc,1786608000000,64500.0,put,26.29,0.01329217,0.0115,0.015,63744.19,34.8
1786525151,btc,1787299200000,70000.0,call,30.41,0.00049001,0.0004,0.0005,63804.4,1502.1
1786525151,btc,1798185600000,95000.0,put,39.71,0.47316323,0.468,0.4785,64795.61,85.9
1786525151,btc,1786867200000,57000.0,call,47.84,0.10640675,0.074,0.138,63773.316666666666,0.0
1786525151,eth,1790323200000,8500.0,call,99.33,1e-06,,0.0002,1893.5,1253.0
1786525151,eth,1806048000000,5000.0,put,60.66,1.604286,1.5005,1.729,1924.65,0.0
1786525151,eth,1790323200000,4500.0,put,83.64,1.376707,1.286,1.477,1893.51,6.0
1786525151,eth,1786867200000,2100.0,put,46.36,0.111799,0.069,0.1585,1889.265,0.0
1786525151,eth,1786694400000,1700.0,put,69.84,0.000351,0.0003,0.0004,1888.94,5987.0
1786525151,eth,1793347200000,3200.0,call,56.66,0.003031,0.0028,0.0034,1898.16,1264.0
1786525151,eth,1786694400000,2100.0,call,54.78,5.5e-05,,0.0002,1888.93,3079.0
1786525151,eth,1787904000000,1400.0,put,68.49,0.000801,0.0007,0.0009,1890.62,7276.0
1786525151,eth,1787299200000,2100.0,call,43.57,0.0019,0.0017,0.0021,1889.79,4492.0
1786525151,eth,1806048000000,800.0,call,73.23,0.594342,0.5925,0.6045,1924.65,0.0
1786525151,eth,1806048000000,4400.0,call,59.07,0.01036,0.01,0.011,1924.65,1082.0
1786525151,eth,1798185600000,3000.0,put,54.51,0.589716,0.578,0.6005,1906.58,781.0
1786525151,eth,1790323200000,2500.0,put,51.17,0.325431,0.315,0.331,1893.51,3052.0
1786525151,eth,1790323200000,13000.0,call,119.8,0.0,,0.0003,1893.51,1873.0
1786525151,eth,1790323200000,7200.0,put,99.33,2.80245,2.6565,2.9615,1893.51,0.0
1786525151,eth,1813910400000,1900.0,put,57.21,0.196847,0.1955,0.1985,1943.41,3091.0
1786525151,eth,1798185600000,4500.0,call,61.3,0.002044,0.0018,0.0021,1906.58,2932.0
1786525151,eth,1793347200000,1000.0,put,74.39,0.003102,0.0029,0.0033,1898.16,1604.0
1786525151,eth,1813910400000,1400.0,call,59.94,0.359574,0.3575,0.363,1943.41,50.0
1786525151,eth,1806048000000,2300.0,call,55.08,0.106171,0.105,0.1075,1924.65,5111.0
1786525151,eth,1786780800000,2040.0,call,43.58,0.000387,0.0003,0.0005,1889.16,0.0
1786525151,eth,1787904000000,1850.0,call,43.75,0.047841,0.047,0.0485,1890.61,4231.0
1786525151,eth,1790323200000,6400.0,call,99.33,3.2e-05,,0.0002,1893.51,1918.0
1786525151,eth,1798185600000,3500.0,put,56.88,0.843136,0.7705,0.9325,1906.57,51.0
1786525151,eth,1806048000000,6000.0,call,63.49,0.003377,0.003,0.0038,1924.65,5149.0
1786525151,eth,1787299200000,2400.0,call,58.16,0.00014,0.0001,0.0002,1889.79,1296.0
1786525151,eth,1787299200000,1900.0,put,40.34,0.028071,0.0275,0.0285,1889.79,918.0
1786525151,eth,1786780800000,2020.0,call,41.89,0.000592,0.0005,0.0007,1889.16,3.0
1786525151,eth,1787904000000,1200.0,call,83.8,0.365492,0.361,0.3705,1890.61,69.0
1786525151,eth,1793347200000,3400.0,put,58.24,0.793223,0.7235,0.875,1898.16,0.0
1786525151,eth,1806048000000,3500.0,put,56.8,0.843381,0.768,0.944,1924.65,23.0
1786525151,eth,1790323200000,3500.0,put,66.27,0.848772,0.8385,0.858,1893.51,1133.0
1786525151,eth,1798185600000,5200.0,call,65.51,0.001223,0.001,0.0015,1906.58,8859.0
1786525151,eth,1790323200000,6500.0,call,99.33,2.7e-05,,0.0002,1893.51,1337.0
1786525151,eth,1793347200000,2250.0,call,50.76,0.035335,0.035,0.036,1898.16,337.0
1786525151,eth,1786780800000,1900.0,put,36.65,0.016273,0.0155,0.017,1889.16,21.0
1786525151,eth,1793347200000,1900.0,put,50.99,0.094932,0.094,0.0955,1898.16,423.0
1786525151,eth,1786780800000,1900.0,call,36.65,0.01053,0.01,0.011,1889.16,121.0
1786525151,eth,1790323200000,8000.0,put,99.33,3.224938,3.063,3.401,1893.51,0.0
1786525151,eth,1790323200000,6800.0,call,99.33,1.6e-05,,0.0002,1893.5,1462.0
1786525151,eth,1806048000000,900.0,call,70.22,0.546598,0.5445,0.558,1924.65,68.0
1786525151,eth,1798185600000,4600.0,put,61.63,1.414522,1.3205,1.5225,1906.57,0.0
1786525151,eth,1787904000000,2500.0,call,56.08,0.000386,0.0003,0.0005,1890.62,28356.0
1786525151,eth,1790323200000,3600.0,call,68.09,0.000323,0.0002,0.0004,1893.51,2723.0
1786525151,eth,1790323200000,4600.0,put,85.5,1.429518,1.336,1.5335,1893.5,38.0
1786525151,eth,1786608000000,1840.0,call,41.66,0.026999,0.0215,0.034,1888.89,87.0
1786525151,eth,1806048000000,900.0,put,70.22,0.014221,0.0135,0.0145,1924.65,767.0
1786525151,eth,1813910400000,2600.0,put,56.55,0.446867,0.3815,0.5395,1943.41,0.0
1786525151,eth,1786867200000,1780.0,call,43.44,0.059763,0.053,0.07,1889.265,0.0
1786525151,eth,1790323200000,15000.0,put,127.3,6.921755,6.6175,7.252,1893.51,0.0
1786525151,eth,1790323200000,12000.0,put,115.57,5.337404,5.0945,5.602,1893.51,0.0
1786525151,eth,1786694400000,1750.0,call,56.2,0.074041,0.0355,0.111,1888.94,50.0
1786525151,eth,1786867200000,1600.0,put,66.76,0.000179,,0.0002,1889.265,0.0
1786525151,eth,1793347200000,2300.0,put,50.88,0.242258,0.201,0.2975,1898.16,0.0
1786525151,eth,1786694400000,2050.0,put,50.02,0.08544,0.0435,0.1315,1888.93,228.0
1786525151,eth,1793347200000,3600.0,put,59.76,0.897953,0.8245,0.983,1898.16,0.0
1786525151,eth,1798185600000,3000.0,call,54.51,0.01621,0.016,0.017,1906.58,5185.0
1786525151,eth,1798185600000,4200.0,put,59.92,1.205766,1.119,1.307,1906.57,62.0
1786525151,eth,1806048000000,2100.0,call,55.27,0.137949,0.137,0.139,1924.65,884.0
1786525151,eth,1806048000000,1300.0,call,60.7,0.369197,0.367,0.3725,1924.65,50.0
1786525151,eth,1798185600000,2200.0,put,52.92,0.227875,0.222,0.2305,1906.58,9286.0
1786525151,eth,1790323200000,1500.0,call,56.55,0.217851,0.2145,0.223,1893.51,976.0
1786525151,eth,1793347200000,2200.0,put,50.66,0.199851,0.176,0.2395,1898.16,1.0
1786525151,eth,1786867200000,1820.0,call,40.42,0.040909,0.0345,0.055,1889.265,0.0
1786525151,eth,1786694400000,1920.0,put,36.64,0.020957,0.018,0.0225,1888.94,383.0
1786525151,eth,1787904000000,3000.0,put,75.18,0.586884,0.526,0.6535,1890.61,5.0
1786525151,eth,1786694400000,2400.0,put,76.35,0.270561,0.2215,0.323,1888.94,2.0
1786525151,eth,1786694400000,1820.0,put,41.7,0.001625,0.0014,0.0018,1888.94,835.0
1786525151,eth,1786867200000,1840.0,put,39.61,0.006426,0.005,0.006,1889.265,0.0
1786525151,eth,1798185600000,2100.0,call,52.92,0.089533,0.089,0.09,1906.58,1703.0
1786525151,eth,1786867200000,2050.0,put,42.46,0.085663,0.044,0.1315,1889.265,0.0
1786525151,eth,1793347200000,2500.0,put,51.85,0.334442,0.284,0.401,1898.16,1.0
1786525151,eth,1786608000000,1860.0,put,37.96,0.002353,0.0022,0.0026,1888.89,1221.0
1786525151,eth,1806048000000,4800.0,call,60.06,0.007385,0.007,0.008,1924.65,2857.0
1786525151,eth,1790323200000,3100.0,call,58.91,0.000685,0.0005,0.0009,1893.51,2164.0
1786525151,eth,1790323200000,1600.0,put,53.07,0.01651,0.016,0.0165,1893.51,8007.0
1786525151,eth,1798185600000,3300.0,call,55.99,0.010028,0.01,0.0105,1906.57,1913.0
1786525151,eth,1787299200000,1750.0,put,45.3,0.004846,0.0046,0.0055,1889.79,933.0
1786525151,eth,1786867200000,1900.0,call,37.62,0.012998,0.0115,0.0125,1889.265,0.0
1786525151,eth,1787904000000,3400.0,put,84.51,0.798389,0.73,0.874,1890.61,1.0
1786525151,eth,1787904000000,2400.0,call,52.37,0.00064,0.0005,0.0008,1890.62,17635.0
1786525151,eth,1787904000000,2400.0,put,52.37,0.270071,0.221,0.3245,1890.62,2.0
1786525151,eth,1793347200000,2150.0,put,50.61,0.179838,0.174,0.184,1898.16,1.0
1786525151,eth,1786867200000,1800.0,call,42.25,0.050195,0.043,0.0595,1889.265,0.0
1786525151,eth,1798185600000,1200.0,call,63.51,0.387608,0.385,0.3915,1906.57,341.0
1786525151,eth,1786608000000,1800.0,put,52.59,0.000387,0.0003,0.0005,1888.89,361.0
1786525151,eth,1798185600000,3500.0,call,56.88,0.007379,0.007,0.008,1906.57,28522.0
1786525151,eth,1806048000000,2500.0,put,55.21,0.381119,0.374,0.3875,1924.65,560.0
1786525151,eth,1798185600000,1200.0,put,63.51,0.01701,0.0165,0.0175,1906.57,7234.0
1786525151,eth,1790323200000,4400.0,call,81.74,0.00018,0.0001,0.0004,1893.5,4356.0
1786525151,eth,1793347200000,4000.0,call,63.05,0.000742,0.0006,0.0008,1898.16,410.0
1786525151,eth,1786780800000,1600.0,call,76.42,0.153223,0.1475,0.16,1889.16,0.0
1786525151,eth,1793347200000,2400.0,call,51.27,0.022938,0.0225,0.0235,1898.16,648.0
1786525151,eth,1806048000000,1300.0,put,60.7,0.044652,0.044,0.0455,1924.65,1536.0
1786525151,eth,1813910400000,4500.0,put,59.02,1.337969,1.243,1.4625,1943.42,1.0
1786525151,eth,1786780800000,1920.0,call,36.76,0.006709,0.006,0.007,1889.16,91.0
1786525151,eth,1793347200000,2100.0,call,50.6,0.054395,0.0535,0.055,1898.16,1181.0
1786525151,eth,1798185600000,2700.0,call,53.46,0.027897,0.0275,0.0285,1906.57,3080.0
1786525151,eth,1793347200000,2000.0,put,50.66,0.125469,0.1245,0.126,1898.16,16.0
1786525151,eth,1787904000000,1600.0,put,54.28,0.003269,0.0031,0.0034,1890.62,13128.0
1786525151,eth,1813910400000,1800.0,call,57.54,0.242499,0.24,0.246,1943.42,1466.0
1786525151,eth,1793347200000,3000.0,call,55.59,0.004965,0.0047,0.0055,1898.16,753.0
1786525151,eth,1790323200000,2000.0,call,48.17,0.04399,0.0435,0.0445,1893.5,26931.0
1786525151,eth,1798185600000,4500.0,put,61.3,1.362303,1.27,1.469,1906.57,2.0
1786525151,eth,1793347200000,2600.0,put,52.28,0.38281,0.331,0.4495,1898.16,95.0
1786525151,eth,1786780800000,1760.0,put,48.36,0.000918,0.0008,0.0011,1889.16,10.0
1786525151,eth,1798185600000,2900.0,put,53.95,0.54016,0.4795,0.6205,1906.57,173.0
1786525151,eth,1813910400000,2000.0,call,56.98,0.198157,0.197,0.2,1943.42,1853.0
1786525151,eth,1798185600000,4800.0,put,62.84,1.519157,1.422,1.631,1906.57,77.0
1786525151,eth,1786780800000,1750.0,call,49.51,0.074412,0.068,0.082,1889.16,0.0
1786525151,eth,1786608000000,1960.0,put,41.65,0.038015,0.0135,0.0815,1888.89,18.0
1786525151,eth,1793347200000,4000.0,put,63.05,1.108046,1.027,1.2005,1898.16,0.0
1786525151,eth,1813910400000,3000.0,call,56.73,0.074488,0.073,0.076,1943.41,490.0
1786525151,eth,1798185600000,5000.0,put,63.86,1.623819,1.522,1.74,1906.57,2.0
1786525151,eth,1793347200000,2600.0,call,52.28,0.013062,0.013,0.0135,1898.16,548.0
1786525151,eth,1806048000000,3800.0,put,57.51,0.992556,0.914,1.0955,1924.65,1.0
1786525151,eth,1798185600000,2300.0,put,52.92,0.267223,0.2635,0.272,1906.57,5186.0
1786525151,eth,1790323200000,6000.0,put,99.33,2.168766,2.0475,2.3025,1893.51,0.0
1786525151,eth,1786608000000,1750.0,put,66.87,0.000149,0.0001,0.0003,1888.89,1632.0
1786525151,eth,1798185600000,2100.0,put,52.92,0.190988,0.1905,0.192,1906.57,3157.0
1786525151,eth,1786780800000,1980.0,call,38.86,0.00149,0.0013,0.0017,1889.16,22.0
1786525151,eth,1786780800000,1860.0,put,37.66,0.007096,0.0065,0.0075,1889.16,103.0
1786525151,eth,1806048000000,2200.0,call,55.14,0.121008,0.12,0.122,1924.65,4038.0
1786525151,eth,1786694400000,1850.0,call,38.04,0.024243,0.023,0.0275,1888.93,718.0
1786525151,eth,1787299200000,1650.0,call,51.97,0.12839,0.1225,0.136,1889.79,1.0
1786525151,eth,1793347200000,2050.0,call,50.59,0.062537,0.062,0.063,1898.16,399.0
1786525151,eth,1798185600000,3100.0,call,54.94,0.013683,0.0135,0.0145,1906.57,2325.0
1786525151,eth,1787904000000,1950.0,call,43.05,0.022884,0.0225,0.0235,1890.62,4587.0
1786525151,eth,1806048000000,1600.0,call,57.31,0.260926,0.259,0.2645,1924.65,933.0
1786525151,eth,1798185600000,3200.0,call,55.43,0.011652,0.0115,0.012,1906.57,67900.0
1786525151,eth,1798185600000,4400.0,call,60.8,0.002265,0.002,0.0024,1906.58,3321.0
1786525151,eth,1806048000000,4000.0,call,57.97,0.014861,0.0145,0.0155,1924.65,2195.0
1786525151,eth,1790323200000,7400.0,put,99.33,2.908071,2.758,3.071,1893.51,0.0
1786525151,eth,1793347200000,2100.0,put,50.6,0.160729,0.1555,0.1645,1898.16,1.0
1786525151,eth,1786780800000,2050.0,call,44.85,0.000335,0.0003,0.0005,1889.16,31.0
1786525151,eth,1787904000000,1300.0,call,76.99,0.312842,0.309,0.3185,1890.62,51.0
1786525151,eth,1790323200000,2800.0,put,54.43,0.480332,0.4685,0.4875,1893.51,1287.0
1786525151,eth,1787904000000,1500.0,call,60.96,0.208161,0.2065,0.2115,1890.62,443.0
1786525151,eth,1790323200000,6200.0,call,99.33,4.6e-05,,0.0002,1893.5,2026.0
1786525151,eth,1787904000000,2800.0,put,67.66,0.481145,0.4235,0.5435,1890.61,0.0
1786525151,eth,1787299200000,1700.0,put,48.29,0.002637,0.0024,0.0029,1889.79,6312.0
1786525151,eth,1806048000000,4600.0,call,59.63,0.008769,0.0085,0.009,1924.65,956.0
1786525151,eth,1790323200000,1700.0,put,50.74,0.027524,0.027,0.0275,1893.5,4732.0
1786525151,eth,1786694400000,1840.0,call,39.11,0.028661,0.024,0.035,1888.94,0.0
1786525151,eth,1793347200000,3600.0,call,59.76,0.00138,0.0012,0.0016,1898.16,760.0
1786525151,eth,1806048000000,2000.0,call,55.44,0.157121,0.156,0.1585,1924.65,1861.0
1786525151,eth,1790323200000,5600.0,put,99.33,1.957587,1.844,2.083,1893.51,0.0
1786525151,eth,1790323200000,5500.0,call,99.33,0.000159,,0.0002,1893.5,2065.0
1786525151,eth,1813910400000,5000.0,put,59.9,1.588974,1.487,1.72,1943.41,0.0
1786525151,eth,1787299200000,1600.0,call,56.12,0.15425,0.1485,0.162,1889.79,0.0
1786525151,eth,1813910400000,3500.0,call,57.35,0.047995,0.047,0.049,1943.42,2213.0
1786525151,eth,1813910400000,3600.0,put,57.45,0.896455,0.8125,1.0105,1943.41,0.0
1786525151,eth,1790323200000,1700.0,call,50.74,0.129726,0.1265,0.1345,1893.51,2254.0
1786525151,eth,1806048000000,1400.0,put,59.28,0.057672,0.057,0.0585,1924.65,1719.0
1786525151,eth,1786867200000,1600.0,call,66.76,0.153289,0.1465,0.161,1889.265,0.0
1786525151,eth,1786694400000,2000.0,call,43.21,0.000459,0.0004,0.0006,1888.94,9836.0
1786525151,eth,1790323200000,7500.0,put,99.33,2.960882,2.809,3.126,1893.51,0.0
1786525151,eth,1806048000000,1800.0,put,56.11,0.138583,0.1375,0.14,1924.65,3907.0
1786525151,eth,1790323200000,2200.0,call,48.53,0.018504,0.018,0.019,1893.51,7497.0
1786525151,eth,1786867200000,1760.0,call,45.98,0.069838,0.063,0.0785,1889.265,0.0
1786525151,eth,1806048000000,3500.0,call,56.8,0.02485,0.0245,0.0255,1924.65,4513.0
1786525151,eth,1790323200000,5500.0,put,99.33,1.904802,1.794,2.029,1893.5,1.0
1786525151,eth,1793347200000,2200.0,call,50.66,0.040834,0.04,0.0415,1898.16,1242.0
1786525151,eth,1813910400000,1500.0,put,59.15,0.098467,0.098,0.0995,1943.41,431.0
1786525151,eth,1787904000000,2600.0,put,59.61,0.375463,0.3225,0.4345,1890.62,3.0
1786525151,eth,1786780800000,1600.0,put,76.42,0.000165,0.0001,0.0003,1889.16,152.0
1786525151,eth,1806048000000,3600.0,put,57.03,0.892812,0.817,0.994,1924.65,1.0
1786525151,eth,1790323200000,2900.0,call,55.93,0.001183,0.001,0.0014,1893.51,5699.0
1786525151,eth,1786608000000,1700.0,call,72.48,0.100024,0.094,0.1075,1888.89,0.0
1786525151,eth,1786608000000,1750.0,call,66.87,0.073679,0.036,0.111,1888.89,18.0
1786525151,eth,1806048000000,1900.0,call,55.71,0.178832,0.178,0.181,1924.65,2393.0
1786525151,eth,1790323200000,5400.0,put,98.56,1.852005,1.743,1.974,1893.5,4.0
1786525151,eth,1787904000000,3600.0,call,84.51,8e-06,,0.0001,1890.62,1218.0
1786525151,eth,1790323200000,1900.0,put,48.38,0.068748,0.068,0.0695,1893.51,17751.0
1786525151,eth,1790323200000,3400.0,put,64.75,0.796029,0.781,0.805,1893.51,870.0
1786525151,eth,1806048000000,1900.0,put,55.71,0.166035,0.165,0.1675,1924.65,2583.0
1786525151,eth,1787904000000,3800.0,call,84.51,2e-06,,0.0001,1890.62,398.0
1786525151,eth,1786780800000,2000.0,put,40.19,0.059593,0.034,0.0925,1889.16,2.0
1786525151,eth,1786694400000,2100.0,put,54.78,0.111795,0.0695,0.159,1888.94,63.0
1786525151,eth,1790323200000,7400.0,call,99.33,6e-06,,0.0001,1893.5,1019.0
1786525151,eth,1790323200000,5200.0,put,95.66,1.746386,1.6415,1.864,1893.51,3.0
1786525151,eth,1790323200000,14000.0,put,123.7,6.393638,6.1095,6.7025,1893.51,0.0
1786525151,eth,1798185600000,2600.0,put,53.26,0.39754,0.3885,0.4065,1906.58,1065.0
1786525151,eth,1790323200000,6400.0,put,99.33,2.379981,2.2505,2.522,1893.51,0.0
1786525151,eth,1787904000000,2050.0,put,43.45,0.093961,0.066,0.133,1890.62,180.0
1786525151,eth,1786608000000,2200.0,put,64.99,0.164705,0.1205,0.2135,1888.89,0.0
1786525151,eth,1790323200000,6600.0,put,99.33,2.485595,2.352,2.6315,1893.51,0.0
1786525151,eth,1790323200000,2800.0,call,54.43,0.001604,0.0014,0.0018,1893.51,7367.0
1786525151,eth,1787904000000,1950.0,put,43.05,0.054297,0.053,0.0555,1890.61,2576.0
1786525151,eth,1798185600000,2900.0,call,53.95,0.019104,0.019,0.0195,1906.57,1957.0
1786525151,eth,1787299200000,1700.0,call,48.29,0.103061,0.098,0.1105,1889.79,50.0
1786525151,eth,1787299200000,2050.0,call,42.0,0.003562,0.0034,0.0038,1889.79,4875.0
1786525151,eth,1786694400000,1920.0,call,36.64,0.004508,0.0042,0.0047,1888.93,2852.0
1786525151,eth,1806048000000,2700.0,put,55.29,0.466353,0.4,0.558,1924.65,147.0
1786525151,eth,1786867200000,1760.0,put,45.98,0.001418,0.0009,0.0013,1889.265,0.0
1786525151,eth,1790323200000,3500.0,call,66.27,0.000362,0.0003,0.0006,1893.51,15578.0
1786525151,eth,1786867200000,1880.0,call,37.77,0.018229,0.0165,0.018,1889.265,4.0
1786525151,eth,1786608000000,1760.0,put,64.28,0.000181,0.0001,0.0003,1888.89,20.0
1786525151,eth,1790323200000,1800.0,call,49.16,0.09389,0.093,0.095,1893.51,6562.0
1786525151,eth,1786694400000,1960.0,call,38.56,0.001289,0.0011,0.0015,1888.94,42.0
1786525151,eth,1786780800000,1740.0,call,51.03,0.079596,0.0735,0.087,1889.16,0.0
1786525151,eth,1806048000000,3400.0,call,56.52,0.027632,0.027,0.0285,1924.65,1870.0
1786525151,eth,1786780800000,1880.0,put,37.18,0.011039,0.0105,0.0115,1889.16,52.0
1786525151,eth,1786780800000,1780.0,call,45.34,0.059055,0.053,0.067,1889.16,0.0
1786525151,eth,1786608000000,1760.0,call,64.28,0.068417,0.03,0.106,1888.89,0.0
1786525151,eth,1813910400000,900.0,put,68.08,0.022775,0.022,0.0235,1943.41,768.0
1786525151,eth,1786608000000,2200.0,call,64.99,0.0,,0.0001,1888.89,61.0
1786525151,eth,1813910400000,1300.0,call,60.97,0.395134,0.3925,0.3985,1943.42,108.0
1786525151,eth,1787904000000,1600.0,call,54.28,0.156982,0.1535,0.1605,1890.62,885.0
1786525151,eth,1790323200000,1850.0,put,48.7,0.055703,0.055,0.0565,1893.5,1593.0
1786525151,eth,1798185600000,1500.0,call,57.06,0.257495,0.255,0.2615,1906.57,833.0
1786525151,eth,1793347200000,3400.0,call,58.24,0.002015,0.0018,0.002,1898.16,1280.0
1786525151,eth,1787904000000,1300.0,put,76.99,0.000451,0.0004,0.0005,1890.62,9056.0
1786525151,eth,1787904000000,1450.0,call,64.86,0.234182,0.229,0.24,1890.61,51.0
1786525151,eth,1790323200000,5000.0,put,92.4,1.640763,1.54,1.7535,1893.5,2.0
1786525151,eth,1798185600000,11000.0,put,89.04,4.769727,4.548,4.783,1906.58,109.0
1786525151,eth,1798185600000,2800.0,call,53.79,0.023196,0.023,0.024,1906.58,9093.0
1786525151,eth,1793347200000,1800.0,call,51.63,0.121217,0.1185,0.1245,1898.16,102.0
1786525151,eth,1786608000000,2100.0,call,59.83,2e-06,,0.0001,1888.89,19.0
1786525151,eth,1786780800000,1940.0,call,37.09,0.004102,0.0039,0.0043,1889.16,7.0
1786525151,eth,1813910400000,1800.0,put,57.54,0.168706,0.1675,0.1705,1943.41,305.0
1786525151,eth,1786608000000,2050.0,put,56.49,0.085314,0.044,0.13,1888.89,0.0
1786525151,eth,1798185600000,3400.0,put,56.44,0.791892,0.7255,0.877,1906.57,89.0
1786525151,eth,1798185600000,8000.0,put,76.23,3.19627,3.035,3.374,1906.57,0.0
1786525151,eth,1793347200000,2500.0,call,51.85,0.017377,0.017,0.018,1898.16,688.0
1786525151,eth,1787904000000,1800.0,put,44.69,0.017318,0.017,0.018,1890.61,5678.0
1786525151,eth,1798185600000,1000.0,put,69.89,0.008507,0.008,0.009,1906.57,19240.0
1786525151,eth,1806048000000,3300.0,put,56.24,0.745386,0.6725,0.8435,1924.65,1.0
1786525151,eth,1786694400000,2200.0,put,66.27,0.164693,0.12,0.214,1888.93,0.0
1786525151,eth,1790323200000,14000.0,call,123.7,0.0,,0.0001,1893.51,1212.0
1786525151,eth,1787904000000,2000.0,put,43.09,0.072874,0.0695,0.074,1890.61,614.0
1786525151,eth,1787904000000,3600.0,put,84.51,0.904155,0.8315,0.984,1890.61,18.0
1786525151,eth,1786694400000,2200.0,call,66.27,1.2e-05,,0.0001,1888.93,2556.0
1786525151,eth,1798185600000,1400.0,call,58.74,0.298171,0.2955,0.302,1906.57,946.0
1786525151,eth,1786780800000,1780.0,put,45.34,0.001278,0.0011,0.0015,1889.16,0.0
1786525151,eth,1806048000000,2600.0,put,55.22,0.423057,0.415,0.43,1924.65,626.0
1786525151,eth,1787299200000,1850.0,call,41.03,0.037272,0.0365,0.038,1889.79,491.0
1786525151,eth,1790323200000,1850.0,call,48.7,0.078687,0.078,0.0795,1893.51,1409.0
1786525151,eth,1790323200000,4600.0,call,85.5,0.00018,0.0001,0.0003,1893.5,3425.0
1786525151,eth,1806048000000,2800.0,call,55.41,0.055993,0.055,0.057,1924.65,4821.0
1786525151,eth,1790323200000,10000.0,call,105.8,0.0,,0.0001,1893.51,1561.0
1786525151,eth,1786694400000,1900.0,put,36.4,0.013854,0.013,0.0145,1888.93,2421.0
1786525151,eth,1813910400000,2300.0,call,56.61,0.146562,0.145,0.148,1943.41,215.0
1786525151,eth,1813910400000,2700.0,call,56.57,0.098938,0.0975,0.1005,1943.41,295.0
1786525151,eth,1786867200000,1960.0,put,38.78,0.041495,0.034,0.0555,1889.265,0.0
1786525151,eth,1787904000000,1900.0,put,43.21,0.03866,0.038,0.0395,1890.62,6832.0
1786525151,eth,1790323200000,3800.0,put,72.17,1.00713,0.9305,1.093,1893.51,954.0
1786525151,eth,1786608000000,1820.0,put,46.85,0.00062,0.0005,0.0008,1888.89,89.0
1786525151,eth,1790323200000,16000.0,call,130.17,0.0,,0.0001,1893.51,7426.0
1786525151,eth,1786867200000,1960.0,call,38.78,0.004055,0.0034,0.0037,1889.265,0.0
1786525151,eth,1787299200000,1900.0,call,40.34,0.022663,0.022,0.023,1889.79,1179.0
1786525151,eth,1798185600000,3300.0,put,55.99,0.740885,0.676,0.8245,1906.58,10.0
1786525151,eth,1798185600000,3400.0,call,56.44,0.008585,0.0085,0.009,1906.57,13035.0
1786525151,eth,1790323200000,3200.0,call,60.85,0.000574,0.0004,0.0008,1893.51,7858.0
1786525151,eth,1790323200000,6200.0,put,99.33,2.274371,2.1495,2.412,1893.5,0.0
1786525151,eth,1787904000000,1700.0,call,47.98,0.107887,0.1045,0.1115,1890.62,1002.0
1786525151,eth,1798185600000,2000.0,call,53.12,0.108369,0.108,0.109,1906.58,10721.0
1786525151,eth,1786608000000,2000.0,put,51.01,0.05896,0.029,0.104,1888.89,80.0
1786525151,eth,1790323200000,1000.0,put,83.18,0.000983,0.0009,0.0011,1893.51,9682.0
1786525151,eth,1786867200000,1840.0,call,39.61,0.032503,0.0265,0.039,1889.265,0.0
1786525151,eth,1786608000000,1700.0,put,72.48,2.4e-05,,0.0001,1888.89,350.0
1786525151,eth,1790323200000,1000.0,call,83.18,0.472866,0.4695,0.479,1893.5,125.0
1786525151,eth,1786780800000,2020.0,put,41.89,0.069856,0.0285,0.115,1889.16,10.0
1786525151,eth,1786608000000,2100.0,put,59.83,0.111766,0.0695,0.1585,1888.89,0.0
1786525151,eth,1793347200000,1850.0,call,51.27,0.106934,0.1065,0.1075,1898.16,729.0
1786525151,eth,1813910400000,3800.0,put,57.79,0.99286,0.9065,1.1095,1943.41,2.0
1786525151,eth,1786780800000,1720.0,put,54.47,0.000501,0.0004,0.0007,1889.16,10.0
1786525151,eth,1798185600000,1800.0,call,53.99,0.156614,0.155,0.16,1906.57,2476.0
1786525151,eth,1786694400000,1950.0,call,37.92,0.001769,0.0016,0.002,1888.93,11241.0
1786525151,eth,1798185600000,800.0,put,78.05,0.003982,0.0038,0.0042,1906.57,6139.0
1786525151,eth,1793347200000,2250.0,put,50.76,0.220693,0.1805,0.2775,1898.16,1.0
1786525151,eth,1806048000000,4800.0,put,60.06,1.501371,1.4005,1.623,1924.65,0.0
1786525151,eth,1790323200000,5200.0,call,95.66,0.000178,0.0001,0.0003,1893.51,1681.0
1786525151,eth,1786780800000,2000.0,call,40.19,0.000916,0.0008,0.0011,1889.16,3.0
1786525151,eth,1787904000000,3400.0,call,84.51,2.8e-05,,0.0001,1890.61,560.0
1786525151,eth,1786867200000,1940.0,put,37.85,0.032832,0.026,0.043,1889.265,0.0
1786525151,eth,1786780800000,2100.0,call,50.88,0.000172,0.0001,0.0003,1889.16,0.0
1786525151,eth,1813910400000,3000.0,put,56.73,0.618166,0.542,0.724,1943.41,63.0
1786525151,eth,1787904000000,2000.0,call,43.09,0.015014,0.0145,0.0155,1890.61,7399.0
1786525151,eth,1806048000000,800.0,put,73.23,0.010006,0.0095,0.0105,1924.65,2802.0
1786525151,eth,1793347200000,2300.0,call,50.88,0.030558,0.03,0.031,1898.16,593.0
1786525151,eth,1798185600000,1500.0,put,57.06,0.044248,0.0435,0.045,1906.57,16401.0
1786525151,eth,1798185600000,2000.0,put,53.12,0.157373,0.1565,0.1585,1906.58,7972.0
1786525151,eth,1787299200000,1500.0,put,65.72,0.000395,0.0003,0.0005,1889.79,734.0
1786525151,eth,1787904000000,2200.0,put,46.26,0.166266,0.1615,0.171,1890.62,681.0
1786525151,eth,1806048000000,4200.0,call,58.52,0.01235,0.012,0.013,1924.65,2820.0
1786525151,eth,1798185600000,800.0,call,78.05,0.58438,0.5825,0.59,1906.57,171.0
1786525151,eth,1798185600000,5500.0,call,67.6,0.001079,0.0009,0.0013,1906.58,1657.0
1786525151,eth,1806048000000,4500.0,call,59.35,0.009523,0.0095,0.01,1924.65,2399.0
1786525151,eth,1798185600000,4000.0,call,59.04,0.003664,0.0034,0.0041,1906.58,16977.0
1786525151,eth,1793347200000,1000.0,call,74.39,0.476276,0.4735,0.4825,1898.16,0.0
1786525151,eth,1786780800000,2040.0,put,43.58,0.080238,0.0385,0.1265,1889.16,0.0
1786525151,eth,1790323200000,9000.0,put,100.09,3.753053,3.5705,3.951,1893.51,0.0
1786525151,eth,1786694400000,1800.0,call,45.17,0.048122,0.042,0.056,1888.93,55.0
1786525151,eth,1790323200000,1200.0,call,70.03,0.368518,0.365,0.3735,1893.5,138.0
1786525151,eth,1787904000000,1700.0,put,47.98,0.007068,0.007,0.0075,1890.62,8622.0
1786525151,eth,1790323200000,2300.0,put,49.24,0.22662,0.2175,0.232,1893.51,1089.0
1786525151,eth,1813910400000,2100.0,put,56.8,0.259687,0.258,0.262,1943.41,87.0
1786525151,eth,1798185600000,1000.0,call,69.89,0.484005,0.481,0.4895,1906.57,54.0
1786525151,eth,1798185600000,2800.0,put,53.79,0.491802,0.4815,0.5015,1906.57,2205.0
1786525151,eth,1790323200000,3000.0,call,57.34,0.00088,0.0007,0.0011,1893.51,28577.0
1786525151,eth,1786867200000,1980.0,call,39.33,0.002629,0.0019,0.0024,1889.265,0.0
1786525151,eth,1790323200000,4000.0,put,74.6,1.112678,1.0315,1.203,1893.51,140.0
1786525151,eth,1786694400000,2050.0,call,50.02,0.00017,0.0001,0.0003,1888.93,3261.0
1786525151,eth,1793347200000,1800.0,put,51.63,0.069503,0.069,0.07,1898.16,703.0
1786525151,eth,1790323200000,6500.0,put,99.33,2.432787,2.301,2.5765,1893.5,0.0
1786525151,eth,1798185600000,4400.0,put,60.8,1.310074,1.22,1.415,1906.58,20.0
1786525151,eth,1787904000000,2200.0,call,46.26,0.00262,0.0024,0.0029,1890.62,8611.0
1786525151,eth,1790323200000,3400.0,call,64.75,0.000432,0.0003,0.0006,1893.51,7035.0
1786525151,eth,1790323200000,4400.0,put,81.74,1.323895,1.2345,1.4235,1893.5,281.0
1786525151,eth,1790323200000,5800.0,put,99.33,2.063171,1.9455,2.1925,1893.5,0.0
1786525151,eth,1786694400000,1960.0,put,38.56,0.038914,0.0275,0.0695,1888.94,0.0
1786525151,eth,1787904000000,2350.0,put,50.81,0.243869,0.196,0.298,1890.62,100.0
1786525151,eth,1813910400000,1200.0,call,62.25,0.433095,0.4305,0.4365,1943.41,55.0
1786525151,eth,1793347200000,1200.0,call,65.62,0.37482,0.371,0.382,1898.16,0.0
1786525151,eth,1793347200000,1700.0,call,52.7,0.153784,0.151,0.1545,1898.16,51.0
1786525151,eth,1798185600000,1300.0,put,60.89,0.023592,0.023,0.024,1906.58,1974.0
1786525151,eth,1790323200000,2600.0,call,52.17,0.003409,0.0034,0.0036,1893.51,10850.0
1786525151,eth,1798185600000,7000.0,put,72.46,2.671889,2.5305,2.829,1906.57,0.0
1786525151,eth,1786608000000,1900.0,call,36.15,0.004841,0.0045,0.005,1888.89,1571.0
1786525151,eth,1813910400000,4000.0,call,58.12,0.032146,0.0315,0.033,1943.42,4058.0
1786525151,eth,1806048000000,1200.0,put,62.48,0.034166,0.0335,0.035,1924.65,1237.0
1786525151,eth,1790323200000,7000.0,put,99.33,2.69683,2.555,2.8515,1893.51,0.0
1786525151,eth,1786867200000,1800.0,put,42.25,0.002946,0.0021,0.0027,1889.265,0.0
1786525151,eth,1786867200000,2100.0,call,46.36,0.000256,0.0001,0.0003,1889.265,0.0
1786525151,eth,1790323200000,1900.0,call,48.38,0.065326,0.065,0.066,1893.51,10916.0
1786525151,eth,1798185600000,2300.0,call,52.92,0.060869,0.06,0.0615,1906.57,7642.0
1786525151,eth,1786867200000,2040.0,call,42.11,0.000737,0.0005,0.0007,1889.265,0.0
1786525151,eth,1806048000000,1800.0,call,56.11,0.203339,0.202,0.2065,1924.65,3788.0
1786525151,eth,1787904000000,2050.0,call,43.45,0.009655,0.009,0.01,1890.62,4351.0
1786525151,eth,1793347200000,3000.0,put,55.59,0.585443,0.5215,0.6605,1898.16,72.0
1786525151,eth,1787904000000,1800.0,call,44.69,0.065244,0.063,0.0705,1890.62,6075.0
1786525151,eth,1786694400000,1940.0,call,37.21,0.002397,0.0022,0.0026,1888.93,431.0
1786525151,eth,1786867200000,1740.0,put,48.98,0.001102,0.0007,0.001,1889.265,0.0
1786525151,eth,1813910400000,1900.0,call,57.21,0.219184,0.218,0.2215,1943.41,118.0
1786525151,eth,1806048000000,3700.0,call,57.27,0.020105,0.02,0.021,1924.65,1475.0
1786525151,eth,1806048000000,5000.0,call,60.66,0.006384,0.006,0.007,1924.65,1887.0
1786525151,eth,1806048000000,2000.0,put,55.44,0.196282,0.195,0.1975,1924.65,1508.0
1786525151,eth,1786694400000,2400.0,call,76.35,0.0,,0.0001,1888.94,1543.0
1786525151,eth,1790323200000,2100.0,put,48.33,0.137968,0.136,0.1415,1893.5,2715.0
1786525151,eth,1806048000000,1200.0,call,62.48,0.410669,0.4085,0.414,1924.65,69.0
1786525151,eth,1790323200000,2700.0,put,53.08,0.42818,0.417,0.435,1893.51,527.0
1786525151,eth,1806048000000,2500.0,call,55.21,0.082168,0.081,0.0835,1924.65,9272.0
1786525151,eth,1790323200000,16000.0,put,130.17,7.449871,7.1255,7.802,1893.51,30.0
1786525151,eth,1787299200000,1500.0,call,65.72,0.206652,0.2015,0.213,1889.79,0.0
1786525151,eth,1786867200000,2050.0,call,42.46,0.000585,0.0004,0.0005,1889.265,1.0
1786525151,eth,1790323200000,2300.0,call,49.24,0.011951,0.0115,0.0125,1893.51,12437.0
1786525151,eth,1790323200000,1400.0,put,60.38,0.006009,0.0055,0.0065,1893.51,9829.0
1786525151,eth,1787299200000,1950.0,put,40.24,0.044578,0.043,0.0455,1889.79,775.0
1786525151,eth,1806048000000,1500.0,put,58.18,0.073517,0.073,0.0745,1924.65,3978.0
1786525151,eth,1806048000000,4500.0,put,59.35,1.347635,1.259,1.459,1924.65,0.0
1786525151,eth,1786867200000,2000.0,put,39.95,0.060293,0.021,0.1055,1889.265,0.0
1786525151,eth,1813910400000,2700.0,put,56.57,0.488249,0.4165,0.5895,1943.41,0.0
1786525151,eth,1790323200000,1600.0,call,53.07,0.171523,0.168,0.177,1893.51,3575.0
1786525151,eth,1786608000000,1940.0,put,38.66,0.027884,0.013,0.0575,1888.89,2.0
1786525151,eth,1806048000000,3000.0,put,55.7,0.60254,0.592,0.6115,1924.65,352.0
1786525151,eth,1813910400000,2900.0,call,56.65,0.081712,0.0805,0.083,1943.41,61.0
1786525151,eth,1786780800000,1820.0,call,40.68,0.039496,0.035,0.046,1889.16,50.0
1786525151,eth,1813910400000,1700.0,put,57.97,0.142888,0.142,0.1445,1943.41,2962.0
1786525151,eth,1798185600000,5200.0,put,65.51,1.728634,1.623,1.8495,1906.58,0.0
1786525151,eth,1793347200000,1200.0,put,65.62,0.007012,0.0065,0.0075,1898.16,2259.0
1786525151,eth,1798185600000,4800.0,call,62.84,0.001547,0.0013,0.0019,1906.57,2770.0
1786525151,eth,1786694400000,1600.0,put,88.57,0.0001,,0.0001,1888.93,5548.0
1786525151,eth,1813910400000,2000.0,put,56.98,0.227276,0.226,0.229,1943.41,195.0
1786525151,eth,1806048000000,1500.0,call,58.18,0.294146,0.2925,0.298,1924.65,244.0
1786525151,eth,1786694400000,1750.0,put,56.2,0.000491,0.0004,0.0006,1888.93,12530.0
1786525151,eth,1786780800000,2100.0,put,50.88,0.111783,0.0695,0.1595,1889.16,0.0
1786525151,eth,1790323200000,3800.0,call,72.17,0.000286,0.0001,0.0004,1893.5,2047.0
1786525151,eth,1798185600000,2700.0,put,53.46,0.444052,0.4345,0.453,1906.57,446.0
1786525151,eth,1786608000000,1900.0,put,36.15,0.010723,0.01,0.011,1888.89,482.0
1786525151,eth,1790323200000,7500.0,call,99.33,5e-06,,0.0002,1893.51,1322.0
1786525151,eth,1790323200000,6800.0,put,99.33,2.591211,2.454,2.742,1893.5,0.0
1786525151,eth,1787299200000,1950.0,call,40.24,0.012712,0.012,0.013,1889.79,4770.0
1786525151,eth,1786694400000,2000.0,put,43.21,0.05926,0.029,0.1045,1888.93,73.0
1786525151,eth,1786694400000,1950.0,put,37.92,0.034099,0.03,0.0375,1888.94,3298.0
1786525151,eth,1786608000000,1860.0,call,37.96,0.017648,0.014,0.021,1888.89,224.0
1786525151,eth,1786780800000,1960.0,put,37.91,0.039991,0.0195,0.0705,1889.16,0.0
1786525151,eth,1786867200000,1920.0,put,37.61,0.025205,0.019,0.036,1889.265,0.0
1786525151,eth,1790323200000,3300.0,call,62.45,0.000468,0.0003,0.0007,1893.5,17701.0
1786525151,eth,1793347200000,1950.0,put,50.78,0.109559,0.109,0.1105,1898.16,330.0
1786525151,eth,1798185600000,7000.0,call,72.46,0.000374,0.0003,0.0006,1906.57,2825.0
1786525151,eth,1806048000000,3300.0,call,56.24,0.03077,0.03,0.0315,1924.65,1910.0
1786525151,eth,1786608000000,1820.0,call,46.85,0.037091,0.014,0.0745,1888.89,0.0
1786525151,eth,1787904000000,2250.0,call,47.66,0.001772,0.0016,0.002,1890.62,2907.0
1786525151,eth,1798185600000,1800.0,put,53.99,0.100718,0.1,0.1015,1906.57,5612.0
1786525151,eth,1787299200000,1400.0,call,78.25,0.259422,0.2545,0.269,1889.79,0.0
1786525151,eth,1790323200000,2200.0,put,48.53,0.180361,0.173,0.186,1893.51,5506.0
1786525151,eth,1786867200000,2040.0,put,42.11,0.080522,0.039,0.1265,1889.265,0.0
1786525151,eth,1786694400000,1840.0,put,39.11,0.002758,0.0025,0.0027,1888.93,117.0
1786525151,eth,1798185600000,1300.0,call,60.89,0.34174,0.3385,0.3455,1906.57,50.0
1786525151,eth,1813910400000,1400.0,put,59.94,0.079957,0.0795,0.081,1943.41,1784.0
1786525151,eth,1786608000000,1940.0,call,38.66,0.000826,0.0008,0.001,1888.89,257.0
1786525151,eth,1790323200000,3200.0,put,60.85,0.690548,0.6765,0.699,1893.51,1323.0
1786525151,eth,1787904000000,2600.0,call,59.61,0.000246,0.0002,0.0003,1890.62,6178.0
1786525151,eth,1806048000000,3000.0,call,55.7,0.043798,0.043,0.0445,1924.65,4700.0
1786525151,eth,1813910400000,1600.0,call,58.51,0.296186,0.2935,0.2995,1943.42,367.0
1786525151,eth,1790323200000,1200.0,put,70.03,0.002258,0.0021,0.0025,1893.51,11221.0
1786525151,eth,1798185600000,5000.0,call,63.86,0.001309,0.001,0.0016,1906.58,4540.0
1786525151,eth,1786608000000,1980.0,call,46.97,0.000235,0.0002,0.0003,1888.89,502.0
1786525151,eth,1806048000000,2900.0,put,55.55,0.556271,0.5465,0.565,1924.65,258.0
1786525151,eth,1793347200000,1700.0,put,52.7,0.049388,0.049,0.05,1898.16,395.0
1786525151,eth,1813910400000,4500.0,call,59.02,0.022451,0.0225,0.023,1943.41,1246.0
1786525151,eth,1786867200000,1700.0,put,53.58,0.000598,0.0003,0.0006,1889.265,0.0
1786525151,eth,1798185600000,1900.0,put,53.44,0.127125,0.1265,0.128,1906.57,5087.0
1786525151,eth,1786780800000,1860.0,call,37.66,0.022526,0.02,0.027,1889.16,110.0
1786525151,eth,1790323200000,4500.0,call,83.64,0.00018,0.0001,0.0004,1893.51,8442.0
1786525151,eth,1786867200000,1920.0,call,37.61,0.008936,0.0075,0.0085,1889.265,20.0
1786525151,eth,1787299200000,2000.0,put,40.91,0.065134,0.0585,0.07,1889.79,1.0
1786525151,eth,1787904000000,1100.0,put,92.35,0.00011,,0.0002,1890.62,2219.0
1786525151,eth,1786608000000,2040.0,call,53.83,2.3e-05,,0.0001,1888.89,27.0
1786525151,eth,1806048000000,4400.0,put,59.07,1.296514,1.2095,1.4065,1924.65,0.0
1786525151,eth,1790323200000,7200.0,call,99.33,8e-06,,0.0002,1893.5,1160.0
1786525151,eth,1787904000000,1550.0,call,57.38,0.182368,0.1765,0.1895,1890.62,149.0
1786525151,eth,1786608000000,1800.0,call,52.59,0.047446,0.0285,0.085,1888.89,0.0
1786525151,eth,1813910400000,3200.0,call,56.96,0.062219,0.061,0.0635,1943.41,283.0
1786525151,eth,1793347200000,1600.0,put,54.31,0.034324,0.0335,0.035,1898.16,1778.0
1786525151,eth,1786694400000,1850.0,put,38.04,0.003634,0.0034,0.0036,1888.93,2573.0
1786525151,eth,1787904000000,3200.0,call,81.98,6.6e-05,,0.0001,1890.62,1074.0
1786525151,eth,1786694400000,1880.0,put,36.94,0.008571,0.008,0.009,1888.94,1452.0
1786525151,eth,1790323200000,7000.0,call,99.33,1.1e-05,,0.0001,1893.51,2033.0
1786525151,eth,1790323200000,11000.0,put,110.93,4.809287,4.586,5.0525,1893.51,0.0
1786525151,eth,1787904000000,1000.0,call,95.08,0.471097,0.4675,0.475,1890.61,50.0
1786525151,eth,1790323200000,6600.0,call,99.33,2.3e-05,,0.0002,1893.51,1414.0
1786525151,eth,1786780800000,1880.0,call,37.18,0.015882,0.015,0.0165,1889.16,246.0
1786525151,eth,1790323200000,3300.0,put,62.45,0.743254,0.6765,0.819,1893.5,3.0
1786525151,eth,1787299200000,2200.0,put,47.91,0.164799,0.119,0.215,1889.79,11.0
1786525151,eth,1806048000000,1000.0,call,67.16,0.499673,0.4975,0.5025,1924.65,270.0
1786525151,eth,1786608000000,2020.0,put,51.03,0.069455,0.029,0.114,1888.89,0.0
1786525151,eth,1793347200000,1600.0,call,54.31,0.191403,0.1885,0.196,1898.16,68.0
1786525151,eth,1813910400000,1500.0,call,59.15,0.326628,0.3245,0.3305,1943.42,52.0
1786525151,eth,1786608000000,1920.0,call,36.1,0.001934,0.0018,0.0022,1888.89,440.0
1786525151,eth,1790323200000,8000.0,call,99.33,2e-06,,0.0002,1893.51,1092.0
1786525151,eth,1787299200000,1750.0,call,45.3,0.078812,0.0735,0.086,1889.79,50.0
1786525151,eth,1798185600000,6500.0,put,70.64,2.409755,2.2785,2.5565,1906.57,0.0
1786525151,eth,1806048000000,3100.0,call,55.86,0.038852,0.038,0.04,1924.65,1656.0
1786525151,eth,1790323200000,4200.0,put,77.77,1.218272,1.133,1.313,1893.5,551.0
1786525151,eth,1806048000000,3600.0,call,57.03,0.022323,0.022,0.023,1924.65,2214.0
1786525151,eth,1786780800000,2050.0,put,44.85,0.085479,0.0435,0.132,1889.16,0.0
1786525151,eth,1790323200000,2400.0,put,49.99,0.275172,0.2655,0.281,1893.5,2064.0
1786525151,eth,1790323200000,2900.0,put,55.93,0.532722,0.4735,0.601,1893.51,49.0
1786525151,eth,1806048000000,3400.0,put,56.52,0.794205,0.7205,0.893,1924.65,6.0
1786525151,eth,1790323200000,15000.0,call,127.3,0.0,,0.0001,1893.51,878.0
1786525151,eth,1787904000000,2150.0,put,44.86,0.141107,0.1095,0.182,1890.62,66.0
1786525151,eth,1790323200000,5600.0,call,99.33,0.000132,,0.0002,1893.51,7164.0
1786525151,eth,1793347200000,1400.0,call,59.0,0.278222,0.275,0.283,1898.16,50.0
1786525151,eth,1786780800000,1740.0,put,51.03,0.000645,0.0005,0.0008,1889.16,110.0
1786525151,eth,1798185600000,2600.0,call,53.26,0.033835,0.0335,0.0345,1906.57,6519.0
1786525151,eth,1786608000000,1880.0,call,36.39,0.010013,0.009,0.0105,1888.89,587.0
1786525151,eth,1813910400000,2400.0,call,56.54,0.132602,0.131,0.134,1943.41,669.0
1786525151,eth,1806048000000,2700.0,call,55.29,0.063486,0.0625,0.0645,1924.65,3047.0
1786525151,eth,1813910400000,5000.0,call,59.9,0.016177,0.016,0.017,1943.41,583.0
1786525151,eth,1813910400000,2500.0,put,56.54,0.406597,0.345,0.4965,1943.41,6.0
1786525151,eth,1786694400000,1880.0,call,36.94,0.013298,0.0125,0.0135,1888.94,1355.0
1786525151,eth,1790323200000,3000.0,put,57.34,0.585231,0.572,0.593,1893.51,7526.0
1786525151,eth,1786694400000,1700.0,call,69.84,0.10037,0.094,0.108,1888.94,5.0
1786525151,eth,1786608000000,2050.0,call,56.49,2.1e-05,,0.0001,1888.89,15.0
1786525151,eth,1793347200000,1850.0,put,51.27,0.081562,0.081,0.082,1898.16,754.0
1786525151,eth,1787299200000,2000.0,call,40.91,0.00681,0.0065,0.007,1889.79,11117.0
1786525151,eth,1798185600000,3600.0,put,57.36,0.8946,0.8185,0.987,1906.58,93.0
1786525151,eth,1786780800000,1940.0,put,37.09,0.031019,0.0255,0.0345,1889.16,0.0
1786525151,eth,1786694400000,1940.0,put,37.21,0.029433,0.0235,0.0335,1888.93,0.0
1786525151,eth,1790323200000,5000.0,call,92.4,0.000178,0.0001,0.0004,1893.5,4100.0
1786525151,eth,1787904000000,2250.0,put,47.66,0.191864,0.1445,0.244,1890.62,27.0
1786525151,eth,1813910400000,2200.0,call,56.72,0.162115,0.1605,0.164,1943.42,1059.0
1786525151,eth,1787904000000,1750.0,put,46.07,0.011087,0.0105,0.0115,1890.61,22952.0
1786525151,eth,1798185600000,3600.0,call,57.36,0.006393,0.006,0.007,1906.57,2230.0
1786525151,eth,1798185600000,9000.0,call,80.41,0.000211,0.0001,0.0004,1906.57,1905.0
1786525151,eth,1813910400000,900.0,call,68.08,0.559671,0.558,0.563,1943.41,0.0
1786525151,eth,1798185600000,4200.0,call,59.92,0.002857,0.0026,0.0032,1906.57,4354.0
1786525151,eth,1790323200000,2700.0,call,53.08,0.002265,0.002,0.0025,1893.51,4151.0
1786525151,eth,1790323200000,11000.0,call,110.93,0.0,,0.0002,1893.5,2766.0
1786525151,eth,1786867200000,1860.0,call,38.53,0.024816,0.02,0.032,1889.265,0.0
1786525151,eth,1787904000000,2100.0,put,44.19,0.116957,0.11,0.1215,1890.61,1161.0
1786525151,eth,1790323200000,10000.0,put,105.8,4.28117,4.0785,4.501,1893.51,0.0
1786525151,eth,1798185600000,2200.0,call,52.92,0.07397,0.073,0.0745,1906.57,52515.0
1786525151,eth,1806048000000,2100.0,put,55.27,0.229068,0.2275,0.2315,1924.65,487.0
1786525151,eth,1813910400000,2500.0,call,56.54,0.120199,0.1185,0.1215,1943.42,2980.0
1786525151,eth,1798185600000,4000.0,put,59.04,1.101673,1.019,1.2,1906.57,223.0
1786525151,eth,1813910400000,800.0,put,70.58,0.01664,0.016,0.0175,1943.41,683.0
1786525151,eth,1806048000000,6000.0,put,63.49,2.120859,1.999,2.263,1924.65,1.0
1786525151,eth,1790323200000,3100.0,put,58.91,0.637847,0.575,0.7095,1893.51,0.0
1786525151,eth,1798185600000,1600.0,call,55.72,0.220096,0.218,0.224,1906.57,621.0
1786525151,eth,1787299200000,1800.0,call,42.99,0.056544,0.0525,0.0625,1889.79,232.0
1786525151,eth,1806048000000,3100.0,put,55.86,0.649551,0.578,0.7465,1924.65,99.0
1786525151,eth,1813910400000,3400.0,put,57.16,0.801615,0.72,0.913,1943.42,2.0
1786525151,eth,1786608000000,2020.0,call,51.03,4.4e-05,,0.0001,1888.89,124.0
1786525151,eth,1790323200000,13000.0,put,119.8,5.865521,5.602,6.152,1893.51,0.0
1786525151,eth,1798185600000,3800.0,put,58.45,0.998039,0.918,1.094,1906.57,26.0
1786525151,eth,1787299200000,1650.0,put,51.97,0.001508,0.0014,0.0017,1889.79,958.0
1786525151,eth,1813910400000,1200.0,put,62.25,0.050567,0.05,0.0515,1943.42,471.0
1786525151,eth,1790323200000,1300.0,put,65.18,0.003734,0.0035,0.0039,1893.5,3384.0
1786525151,eth,1790323200000,1400.0,call,60.38,0.266645,0.2635,0.2715,1893.51,1550.0
1786525151,eth,1787904000000,1450.0,put,64.86,0.001131,0.001,0.0013,1890.62,8684.0
1786525151,eth,1787904000000,3200.0,put,81.98,0.692642,0.628,0.7645,1890.62,5.0
1786525151,eth,1806048000000,5500.0,call,62.06,0.004532,0.0044,0.005,1924.65,2465.0
1786525151,eth,1790323200000,3600.0,put,68.09,0.901544,0.885,0.9115,1893.51,907.0
1786525151,eth,1790323200000,1300.0,call,65.18,0.317182,0.313,0.3225,1893.5,69.0
1786525151,eth,1786867200000,2000.0,call,39.95,0.00168,0.0012,0.0016,1889.265,0.0
1786525151,eth,1798185600000,1600.0,put,55.72,0.059299,0.0585,0.06,1906.58,7409.0
1786525151,eth,1793347200000,2050.0,put,50.59,0.14253,0.1415,0.143,1898.16,48.0
1786525151,eth,1786608000000,1840.0,put,41.66,0.001116,0.001,0.0013,1888.89,597.0
1786525151,eth,1786780800000,1980.0,put,38.86,0.04958,0.0255,0.0855,1889.16,0.0
1786525151,eth,1798185600000,11000.0,call,89.04,0.000203,0.0001,0.0003,1906.57,2143.0
1786525151,eth,1813910400000,1000.0,call,65.79,0.515664,0.5135,0.5185,1943.41,57.0
1786525151,eth,1813910400000,2300.0,put,56.61,0.330049,0.328,0.3335,1943.41,85.0
1786525151,eth,1793347200000,2400.0,put,51.27,0.28732,0.238,0.353,1898.16,10.0
1786525151,eth,1786780800000,1750.0,put,49.51,0.000754,0.0006,0.0009,1889.16,0.0
1786525151,eth,1787299200000,1800.0,put,42.99,0.009036,0.0085,0.0095,1889.79,677.0
1786525151,eth,1786694400000,1860.0,put,37.49,0.004888,0.0046,0.0048,1888.94,190.0
1786525151,eth,1787904000000,1500.0,put,60.96,0.001556,0.0014,0.0017,1890.62,5466.0
1786525151,eth,1787904000000,2100.0,call,44.19,0.006205,0.006,0.0065,1890.61,8770.0
1786525151,eth,1813910400000,3200.0,put,56.96,0.70881,0.63,0.818,1943.41,0.0
1786525151,eth,1787299200000,2400.0,put,58.16,0.270129,0.221,0.3235,1889.79,0.0
1786525151,eth,1790323200000,9000.0,call,100.09,1e-06,,0.0005,1893.51,1519.0
1786525151,eth,1813910400000,2100.0,call,56.8,0.179113,0.1775,0.181,1943.41,15.0
1786525151,eth,1793347200000,1950.0,call,50.78,0.082248,0.0815,0.083,1898.16,212.0
1786525151,eth,1806048000000,3200.0,call,56.08,0.034614,0.034,0.0355,1924.65,1244.0
1786525151,eth,1786867200000,1980.0,put,39.33,0.050655,0.018,0.0915,1889.265,10.0
1786525151,eth,1798185600000,3800.0,call,58.45,0.004931,0.0045,0.0055,1906.57,2914.0
1786525151,eth,1790323200000,4800.0,call,88.99,0.000178,0.0001,0.0012,1893.5,2195.0
1786525151,eth,1806048000000,2400.0,call,55.09,0.09324,0.092,0.0945,1924.65,1877.0
1786525151,eth,1786867200000,1880.0,put,37.77,0.013325,0.0115,0.013,1889.265,0.0
1786525151,eth,1806048000000,4000.0,put,57.97,1.093182,1.0115,1.1985,1924.65,0.0
1786525151,eth,1786780800000,1820.0,put,40.68,0.002893,0.0027,0.0032,1889.16,1703.0
1786525151,eth,1787299200000,2100.0,put,43.57,0.11314,0.0845,0.15,1889.79,10.0
1786525151,eth,1787904000000,1200.0,put,83.8,0.000208,0.0002,0.0003,1890.61,7119.0
1786525151,eth,1790323200000,4000.0,call,74.6,0.00021,0.0002,0.0004,1893.51,12154.0
1786525151,eth,1790323200000,2100.0,call,48.33,0.028922,0.0285,0.0295,1893.51,6089.0
1786525151,eth,1798185600000,2500.0,put,53.06,0.352307,0.344,0.36,1906.57,1075.0
1786525151,eth,1806048000000,4600.0,put,59.63,1.398839,1.3015,1.518,1924.65,0.0
1786525151,eth,1806048000000,3700.0,put,57.27,0.942553,0.8645,1.045,1924.65,0.0
1786525151,eth,1798185600000,1700.0,call,54.71,0.186408,0.184,0.19,1906.57,368.0
1786525151,eth,1806048000000,2200.0,put,55.14,0.264085,0.2625,0.267,1924.65,1707.0
1786525151,eth,1786608000000,1880.0,put,36.39,0.005307,0.005,0.006,1888.89,367.0
1786525151,eth,1790323200000,6000.0,call,99.33,6.5e-05,,0.0002,1893.5,3191.0
1786525151,eth,1786780800000,1700.0,call,57.81,0.100515,0.094,0.108,1889.16,0.0
1786525151,eth,1787904000000,1650.0,put,50.81,0.004697,0.0044,0.005,1890.61,6941.0
1786525151,eth,1786608000000,1920.0,put,36.1,0.018404,0.013,0.0215,1888.89,288.0
1786525151,eth,1798185600000,3200.0,put,55.43,0.690059,0.6775,0.7015,1906.58,251.0
1786525151,eth,1790323200000,5400.0,call,98.56,0.000174,,0.0002,1893.51,1730.0
1786525151,eth,1798185600000,10000.0,call,85.07,0.00021,0.0001,0.0004,1906.57,1663.0
1786525151,eth,1786780800000,1700.0,put,57.81,0.00039,0.0003,0.0005,1889.16,1131.0
1786525151,eth,1787904000000,3000.0,call,75.18,9.4e-05,,0.0001,1890.62,1528.0
1786525151,eth,1790323200000,4800.0,put,88.99,1.53514,1.438,1.643,1893.51,110.0
1786525151,eth,1813910400000,2800.0,call,56.58,0.089791,0.0885,0.091,1943.41,1086.0
1786525151,eth,1787904000000,2150.0,call,44.86,0.003908,0.0038,0.0041,1890.61,5045.0
1786525151,eth,1798185600000,5500.0,put,67.6,1.885841,1.775,2.013,1906.57,0.0
1786525151,eth,1790323200000,4200.0,call,77.77,0.00018,0.0001,0.0003,1893.5,2597.0
1786525151,eth,1787904000000,2500.0,put,56.08,0.32271,0.272,0.38,1890.61,4.0
1786525151,eth,1813910400000,2800.0,put,56.58,0.530558,0.457,0.633,1943.41,0.0
1786525151,eth,1787904000000,1850.0,put,43.75,0.026361,0.026,0.027,1890.62,2661.0
1786525151,eth,1786780800000,1800.0,call,42.86,0.049086,0.043,0.0565,1889.16,0.0
1786525151,eth,1813910400000,2600.0,call,56.55,0.109012,0.1075,0.1105,1943.41,288.0
1786525151,eth,1786608000000,2000.0,call,51.01,0.000137,0.0001,0.0002,1888.89,652.0
1786525151,eth,1813910400000,1300.0,put,60.97,0.064061,0.0635,0.065,1943.41,1656.0
1786525151,eth,1786780800000,1960.0,call,37.91,0.002487,0.0023,0.0027,1889.16,6.0
1786525151,eth,1806048000000,5500.0,put,62.06,1.862224,1.7495,1.996,1924.65,0.0
1786525151,eth,1806048000000,1400.0,call,59.28,0.33026,0.328,0.334,1924.65,57.0
1786525151,eth,1813910400000,2400.0,put,56.54,0.367545,0.307,0.455,1943.42,2.0
1786525151,eth,1786694400000,1820.0,call,41.7,0.038116,0.033,0.0455,1888.93,138.0
1786525151,eth,1786608000000,1960.0,call,41.65,0.000369,0.0003,0.0005,1888.89,805.0
1786525151,eth,1790323200000,1950.0,call,48.2,0.053778,0.053,0.0545,1893.51,2561.0
1786525151,eth,1786608000000,1980.0,put,46.97,0.04847,0.029,0.093,1888.89,0.0
1786525151,eth,1786867200000,1940.0,call,37.85,0.005978,0.005,0.0055,1889.265,0.0
1786525151,eth,1806048000000,1600.0,put,57.31,0.092254,0.0915,0.0935,1924.65,1538.0
1786525151,eth,1813910400000,3800.0,call,57.79,0.037534,0.0365,0.0385,1943.41,483.0
1786525151,eth,1786694400000,1600.0,call,88.57,0.153059,0.147,0.16,1888.93,0.0
1786525151,eth,1786867200000,2020.0,put,41.3,0.070346,0.0295,0.116,1889.265,0.0
1786525151,eth,1793347200000,1500.0,call,56.46,0.233236,0.23,0.238,1898.16,50.0
1786525151,eth,1798185600000,2500.0,call,53.06,0.041051,0.0405,0.0415,1906.57,27178.0
1786525151,eth,1793347200000,2800.0,call,53.8,0.007831,0.0075,0.0085,1898.16,310.0
1786525151,eth,1787299200000,1400.0,put,78.25,0.000248,0.0002,0.0003,1889.79,262.0
1786525151,eth,1806048000000,2400.0,put,55.09,0.340233,0.3335,0.3455,1924.65,357.0
1786525151,eth,1787904000000,2350.0,call,50.81,0.000884,0.0008,0.001,1890.61,4551.0
1786525151,eth,1787904000000,1550.0,put,57.38,0.002209,0.002,0.0024,1890.62,5786.0
1786525151,eth,1798185600000,6000.0,put,68.95,2.147704,2.0265,2.2845,1906.57,0.0
1786525151,eth,1806048000000,1700.0,call,56.63,0.230649,0.229,0.2345,1924.65,1337.0
1786525151,eth,1786867200000,1860.0,put,38.53,0.009325,0.008,0.009,1889.265,120.0
1786525151,eth,1813910400000,1000.0,put,65.79,0.030224,0.03,0.031,1943.41,4737.0
1786525151,eth,1787299200000,1850.0,put,41.03,0.016222,0.016,0.0165,1889.79,1612.0
1786525151,eth,1790323200000,2000.0,put,48.17,0.100224,0.0995,0.101,1893.51,13157.0
1786525151,eth,1787904000000,3800.0,put,84.51,1.009936,0.9335,1.094,1890.62,0.0
1786525151,eth,1786694400000,1800.0,put,45.17,0.001043,0.0009,0.0012,1888.94,2519.0
1786525151,eth,1798185600000,1400.0,put,58.74,0.032474,0.032,0.033,1906.57,13754.0
1786525151,eth,1786867200000,1700.0,call,53.58,0.100777,0.0935,0.1085,1889.265,0.0
1786525151,eth,1793347200000,2000.0,call,50.66,0.071817,0.071,0.0725,1898.16,741.0
1786525151,eth,1787904000000,1900.0,call,43.21,0.033694,0.033,0.0345,1890.62,6682.0
1786525151,eth,1787904000000,2300.0,call,49.09,0.00122,0.0011,0.0012,1890.61,5808.0
1786525151,eth,1790323200000,1800.0,put,49.16,0.0445,0.044,0.045,1893.51,9646.0
1786525151,eth,1798185600000,9000.0,put,80.41,3.72073,3.5395,3.9205,1906.57,0.0
1786525151,eth,1813910400000,3600.0,call,57.45,0.044041,0.043,0.045,1943.42,2.0
1786525151,eth,1786780800000,1760.0,call,48.36,0.069282,0.063,0.077,1889.16,0.0
1786525151,eth,1813910400000,4000.0,put,58.12,1.090384,1.002,1.2085,1943.41,0.0
1786525151,eth,1787299200000,2050.0,put,42.0,0.088344,0.0605,0.124,1889.79,0.0
1786525151,eth,1786608000000,1780.0,put,57.38,0.000231,0.0002,0.0003,1888.89,1052.0
1786525151,eth,1798185600000,4600.0,call,61.63,0.001812,0.0016,0.0022,1906.57,10789.0
1786525151,eth,1798185600000,10000.0,put,85.07,4.245231,4.044,4.4675,1906.57,0.0
1786525151,eth,1806048000000,3200.0,put,56.08,0.697271,0.625,0.795,1924.65,20.0
1786525151,eth,1806048000000,2600.0,call,55.22,0.072148,0.071,0.073,1924.65,3139.0
1786525151,eth,1790323200000,2500.0,call,51.17,0.005139,0.005,0.0055,1893.5,24343.0
1786525151,eth,1813910400000,1700.0,call,57.97,0.268137,0.266,0.271,1943.42,659.0
1786525151,eth,1790323200000,2600.0,put,52.17,0.376513,0.3655,0.383,1893.51,8390.0
1786525151,eth,1786780800000,1840.0,call,38.89,0.030528,0.0265,0.036,1889.16,50.0
1786525151,eth,1787904000000,2300.0,put,49.09,0.217758,0.2115,0.223,1890.62,1000.0
1786525151,eth,1798185600000,8000.0,call,76.23,0.000253,0.0002,0.0005,1906.58,2428.0
1786525151,eth,1813910400000,1600.0,put,58.51,0.119481,0.119,0.121,1943.41,1276.0
1786525151,eth,1793347200000,1900.0,call,50.99,0.093962,0.0935,0.0945,1898.16,251.0
1786525151,eth,1798185600000,3100.0,put,54.94,0.639639,0.577,0.7215,1906.58,0.0
1786525151,eth,1798185600000,6500.0,call,70.64,0.000491,0.0005,0.0007,1906.58,1765.0
1786525151,eth,1787904000000,1000.0,put,95.08,2.6e-05,,0.0001,1890.62,2979.0
1786525151,eth,1806048000000,3800.0,call,57.51,0.018151,0.018,0.019,1924.65,1161.0
1786525151,eth,1790323200000,1500.0,put,56.55,0.010027,0.0095,0.0105,1893.51,12829.0
1786525151,eth,1798185600000,2400.0,put,52.95,0.308773,0.3015,0.315,1906.58,1716.0
1786525151,eth,1790323200000,1950.0,put,48.2,0.083606,0.083,0.084,1893.5,161.0
1786525151,eth,1786694400000,1900.0,call,36.4,0.007994,0.0075,0.0085,1888.93,2129.0
1786525151,eth,1793347200000,3200.0,put,56.66,0.688874,0.6225,0.7675,1898.16,0.0
1786525151,eth,1793347200000,1400.0,put,59.0,0.015778,0.015,0.0165,1898.16,2633.0
1786525151,eth,1806048000000,2300.0,put,55.08,0.301206,0.2955,0.3035,1924.65,1583.0
1786525151,eth,1786780800000,1800.0,put,42.86,0.001895,0.0017,0.0021,1889.15,7.0
1786525151,eth,1806048000000,1700.0,put,56.63,0.113935,0.113,0.115,1924.65,1511.0
1786525151,eth,1786780800000,1920.0,put,36.76,0.023039,0.0195,0.0265,1889.16,0.0
1786525151,eth,1790323200000,12000.0,call,115.57,0.0,,0.0002,1893.51,1341.0
1786525151,eth,1813910400000,2900.0,put,56.65,0.573934,0.499,0.678,1943.42,3.0
1786525151,eth,1786694400000,1860.0,call,37.49,0.020204,0.0175,0.0245,1888.94,170.0
1786525151,eth,1793347200000,2150.0,call,50.61,0.047162,0.0465,0.0475,1898.16,758.0
1786525151,eth,1787904000000,1400.0,call,68.49,0.260299,0.2555,0.2665,1890.61,100.0
1786525151,eth,1787904000000,2800.0,call,67.66,0.000142,0.0001,0.0002,1890.62,5427.0
1786525151,eth,1806048000000,4200.0,put,58.52,1.194588,1.11,1.302,1924.65,1.0
1786525151,eth,1786867200000,1740.0,call,48.98,0.080109,0.073,0.0875,1889.265,0.0
1786525151,eth,1786608000000,1780.0,call,57.38,0.057878,0.029,0.0955,1888.89,0.0
1786525151,eth,1790323200000,5800.0,call,99.33,9.2e-05,,0.0002,1893.51,4885.0
1786525151,eth,1798185600000,1900.0,call,53.44,0.130571,0.13,0.1315,1906.57,3882.0
1786525151,eth,1806048000000,1000.0,put,67.16,0.019253,0.0185,0.02,1924.65,7536.0
1786525151,eth,1813910400000,3500.0,put,57.35,0.848953,0.836,0.86,1943.41,303.0
1786525151,eth,1787904000000,1750.0,call,46.07,0.08546,0.082,0.089,1890.62,4211.0
1786525151,eth,1786867200000,1820.0,put,40.42,0.004247,0.0033,0.0038,1889.265,120.0
1786525151,eth,1793347200000,1750.0,call,52.11,0.136845,0.134,0.141,1898.16,102.0
1786525151,eth,1786608000000,2040.0,put,53.83,0.080022,0.039,0.1255,1888.89,0.0
1786525151,eth,1793347200000,1750.0,put,52.11,0.058791,0.058,0.0595,1898.16,343.0
1786525151,eth,1786780800000,1720.0,call,54.47,0.090038,0.0835,0.098,1889.16,0.0
1786525151,eth,1813910400000,3400.0,call,57.16,0.052113,0.051,0.053,1943.41,205.0
1786525151,eth,1806048000000,2800.0,put,55.41,0.510818,0.4435,0.604,1924.65,12.0
1786525151,eth,1786608000000,2060.0,put,58.58,0.090605,0.0485,0.1355,1888.89,0.0
1786525151,eth,1798185600000,2400.0,call,52.95,0.049968,0.049,0.0505,1906.57,12157.0
1786525151,eth,1787299200000,2200.0,call,47.91,0.000642,0.0005,0.0008,1889.79,1617.0
1786525151,eth,1798185600000,1700.0,put,54.71,0.078062,0.0775,0.079,1906.58,13928.0
1786525151,eth,1790323200000,8500.0,put,99.33,3.488995,3.3175,3.676,1893.51,0.0
1786525151,eth,1793347200000,1500.0,put,56.46,0.023475,0.023,0.024,1898.16,1499.0
1786525151,eth,1786780800000,1840.0,put,38.89,0.004511,0.0042,0.0048,1889.16,278.0
1786525151,eth,1786608000000,2060.0,call,58.58,1.8e-05,,0.0001,1888.89,1030.0
1786525151,eth,1786867200000,2020.0,call,41.3,0.001147,0.0007,0.0011,1889.265,0.0
1786525151,eth,1786867200000,1780.0,put,43.44,0.001928,0.0014,0.0019,1889.265,3.0
1786525151,eth,1790323200000,2400.0,call,49.99,0.007691,0.0075,0.008,1893.51,12763.0
1786525151,eth,1786867200000,1900.0,put,37.62,0.01868,0.017,0.0185,1889.265,0.0
1786525151,eth,1806048000000,2900.0,call,55.55,0.049488,0.0485,0.0505,1924.65,1948.0
1786525151,eth,1798185600000,6000.0,call,68.95,0.000691,0.0006,0.0009,1906.58,10395.0
1786525151,eth,1793347200000,2800.0,put,53.8,0.482944,0.429,0.552,1898.16,0.0
1786525151,eth,1813910400000,2200.0,put,56.72,0.294146,0.292,0.297,1943.41,111.0
1786525151,eth,1787904000000,1650.0,call,50.81,0.131963,0.1285,0.136,1890.62,1604.0
1786525151,eth,1787904000000,1100.0,call,92.35,0.418287,0.415,0.4225,1890.61,50.0
1786525151,eth,1813910400000,800.0,call,70.58,0.604993,0.603,0.612,1943.41,117.0
1786525151,eth,1787299200000,1600.0,put,56.12,0.000909,0.0008,0.001,1889.79,3145.0
