snap_ts,asset,expiry_ms,strike,opt_type,mark_iv,mark_price,bid,ask,underlying_price,open_interest
1787350280,btc,1806048000000,78000.0,call,42.73,0.1457735,0.1445,0.1475,80692.47,548.5
1787350280,btc,1787904000000,90000.0,put,55.23,0.1449639,0.141,0.1485,78686.37,11.1
1787350280,btc,1787385600000,77000.0,put,51.57,0.00090198,0.0009,0.0012,78656.02,41.8
1787350280,btc,1790323200000,85000.0,put,41.06,0.09956809,0.095,0.104,78923.24,453.8
1787350280,btc,1787385600000,60000.0,call,121.78,0.23714688,0.2345,0.24,78664.1,0.1
1787350280,btc,1787385600000,67000.0,call,119.15,0.14814759,0.147,0.1495,78664.1,94.1
1787350280,btc,1798185600000,95000.0,put,42.27,0.22846775,0.2215,0.237,79832.31,85.9
1787350280,btc,1787644800000,77500.0,put,46.37,0.01128606,0.011,0.012,78688.65,212.9
1787350280,btc,1789113600000,72000.0,call,42.23,0.09573646,0.0925,0.0995,78793.83,147.5
1787350280,btc,1787644800000,87000.0,call,62.05,0.00122065,0.001,0.0013,78680.57,4.6
1787350280,btc,1790323200000,125000.0,put,61.89,0.58464668,0.5775,0.5905,78923.24,21.8
1787350280,btc,1789113600000,65000.0,call,50.61,0.17752335,0.174,0.181,78793.83,0.0
1787350280,btc,1788508800000,72000.0,call,44.56,0.09193776,0.089,0.096,78757.55,613.7
1787350280,btc,1813910400000,55000.0,put,47.25,0.03462394,0.0335,0.036,81612.11,36.3
1787350280,btc,1787904000000,75000.0,put,46.73,0.00762462,0.0075,0.0085,78686.37,575.7
1787350280,btc,1787472000000,63500.0,call,95.9,0.19252087,0.1895,0.1955,78658.21,0.0
1787350280,btc,1788508800000,64000.0,call,58.45,0.18860362,0.186,0.192,78765.63,265.5
1787350280,btc,1806048000000,96000.0,call,42.39,0.06643721,0.0655,0.068,80692.47,155.6
1787350280,btc,1793347200000,60000.0,call,48.82,0.25055198,0.2465,0.2545,79186.66,14.5
1787350280,btc,1787472000000,61000.0,call,95.9,0.2243094,0.2215,0.2265,78649.6,0.0
1787350280,btc,1787904000000,77000.0,call,45.77,0.03606914,0.0355,0.0375,78686.37,654.8
1787350280,btc,1793347200000,76000.0,put,40.66,0.05100437,0.0505,0.0515,79178.58,5.0
1787350280,btc,1793347200000,45000.0,call,65.67,0.43359987,0.431,0.437,79186.66,0.1
1787350280,btc,1793347200000,66000.0,call,44.27,0.1827252,0.1785,0.187,79186.66,160.5
1787350280,btc,1787904000000,82000.0,put,47.54,0.05213569,0.051,0.0535,78686.37,0.5
1787350280,btc,1793347200000,58000.0,call,50.75,0.27427713,0.2705,0.278,79186.66,0.0
1787350280,btc,1798185600000,70000.0,put,43.61,0.04616237,0.0455,0.047,79832.31,1178.2
1787350280,btc,1793347200000,90000.0,call,41.09,0.02653898,0.026,0.0275,79186.66,198.3
1787350280,btc,1798185600000,125000.0,call,47.16,0.00756832,0.007,0.008,79832.31,600.0
1787350280,btc,1787472000000,84000.0,put,63.79,0.06898208,0.066,0.0725,78649.6,0.0
1787350280,btc,1813910400000,40000.0,put,54.3,0.01169238,0.0115,0.0125,81612.11,1197.0
1787350280,btc,1793347200000,94000.0,put,41.86,0.20572847,0.1995,0.211,79186.66,0.0
1787350280,btc,1790323200000,140000.0,call,69.99,0.00033523,0.0002,0.0005,78923.24,1207.4
1787350280,btc,1787558400000,67000.0,call,70.33,0.14837604,0.1455,0.1515,78679.26,0.0
1787350280,btc,1787558400000,79500.0,call,45.97,0.01028766,0.01,0.011,78679.26,13.0
1787350280,btc,1798185600000,100000.0,call,42.75,0.02805122,0.0275,0.029,79824.23,4173.1
1787350280,btc,1787558400000,85000.0,call,60.97,0.00130622,0.0012,0.0015,78679.26,18.7
1787350280,btc,1806048000000,62000.0,put,45.54,0.03990194,0.039,0.041,80692.47,332.5
1787350280,btc,1790323200000,102000.0,put,48.76,0.29557508,0.2905,0.3005,78923.24,0.4
1787350280,btc,1787904000000,59000.0,call,85.68,0.25025502,0.248,0.2525,78686.37,213.0
1787350280,btc,1788508800000,85000.0,put,45.08,0.08860269,0.085,0.092,78765.63,60.0
1787350280,btc,1787558400000,63000.0,call,74.79,0.1991845,0.196,0.202,78679.26,0.0
1787350280,btc,1787472000000,59000.0,put,95.9,1e-08,,0.0001,78658.21,29.0
1787350280,btc,1787558400000,74500.0,put,48.5,0.00146182,0.0014,0.0017,78679.26,112.8
1787350280,btc,1789113600000,76000.0,call,40.71,0.05804104,0.0575,0.06,78793.83,114.2
1787350280,btc,1787644800000,73500.0,put,51.28,0.00185937,0.0017,0.0021,78688.65,4.0
1787350280,btc,1813910400000,94000.0,put,42.84,0.25425025,0.252,0.2585,81620.19,0.1
1787350280,btc,1787385600000,71000.0,put,82.86,7.1e-07,,0.0001,78664.1,56.9
1787350280,btc,1798185600000,58000.0,put,48.39,0.01565723,0.015,0.0165,79832.31,1972.4
1787350280,btc,1787385600000,71500.0,put,82.7,1.93e-06,,0.0002,78664.1,45.5
1787350280,btc,1789113600000,81000.0,put,41.33,0.05509854,0.0515,0.0585,78793.83,0.0
1787350280,btc,1793347200000,100000.0,put,43.75,0.27442294,0.2675,0.28,79186.66,0.0
1787350280,btc,1789113600000,85000.0,put,42.7,0.09250693,0.088,0.0965,78801.94,30.1
1787350280,btc,1787385600000,69000.0,put,100.27,3.5e-07,,0.006,78656.02,75.7
1787350280,btc,1787472000000,73500.0,call,55.08,0.06565665,0.0645,0.0675,78658.21,13.5
1787350280,btc,1787904000000,105000.0,put,80.05,0.33472714,0.33,0.3385,78686.37,0.4
1787350280,btc,1787385600000,83000.0,put,85.59,0.05562487,0.053,0.0595,78664.1,0.0
1787350280,btc,1798185600000,220000.0,call,66.38,0.00091417,0.0006,0.0013,79824.23,260.4
1787350280,btc,1806048000000,80000.0,call,42.58,0.13389638,0.133,0.1355,80692.47,946.2
1787350280,btc,1790323200000,77000.0,call,40.24,0.06173425,0.061,0.063,78923.24,51.7
1787350280,btc,1790323200000,175000.0,put,87.77,1.21783027,1.209,1.226,78923.24,3.3
1787350280,btc,1787385600000,67500.0,call,115.04,0.14179053,0.139,0.144,78664.1,1.5
1787350280,btc,1798185600000,56000.0,put,49.62,0.01306029,0.0125,0.014,79832.31,480.2
1787350280,btc,1790323200000,75000.0,put,40.66,0.02771828,0.0275,0.0285,78923.24,3206.9
1787350280,btc,1787644800000,78500.0,put,46.81,0.01696171,0.0165,0.0175,78688.65,0.3
1787350280,btc,1787385600000,77500.0,call,50.61,0.01642884,0.0155,0.017,78656.02,51.1
1787350280,btc,1787558400000,76000.0,call,45.16,0.03729323,0.036,0.0385,78679.26,213.8
1787350280,btc,1798185600000,140000.0,call,50.88,0.0045124,0.0042,0.0047,79824.23,1440.4
1787350280,btc,1793347200000,71000.0,call,41.96,0.13263001,0.1325,0.135,79186.66,278.5
1787350280,btc,1787472000000,74000.0,put,52.72,0.00039329,0.0003,0.0006,78649.6,12.2
1787350280,btc,1787644800000,75000.0,call,48.31,0.05029141,0.0475,0.054,78688.65,25.4
1787350280,btc,1787472000000,60000.0,put,95.9,3e-08,,0.0001,78658.21,14.6
1787350280,btc,1790323200000,90000.0,call,42.61,0.01151785,0.011,0.0125,78923.24,3837.4
1787350280,btc,1787385600000,85000.0,put,93.42,0.08077751,0.078,0.0845,78656.02,0.0
1787350280,btc,1790323200000,73000.0,call,41.3,0.09500388,0.0945,0.0965,78915.16,3.4
1787350280,btc,1798185600000,76000.0,put,42.52,0.07474176,0.074,0.076,79832.31,149.9
1787350280,btc,1798185600000,250000.0,call,70.6,0.0006283,0.0004,0.001,79832.31,1273.2
1787350280,btc,1813910400000,85000.0,call,43.0,0.13966511,0.1385,0.1415,81620.19,143.0
1787350280,btc,1813910400000,45000.0,put,50.94,0.01642542,0.0155,0.0175,81612.11,171.3
1787350280,btc,1813910400000,106000.0,call,43.07,0.06787916,0.0665,0.0695,81612.11,0.0
1787350280,btc,1806048000000,70000.0,call,43.78,0.201959,0.2005,0.204,80692.47,808.0
1787350280,btc,1787472000000,69500.0,call,66.23,0.1162359,0.1155,0.118,78658.21,49.8
1787350280,btc,1787558400000,76500.0,put,44.67,0.00452942,0.0043,0.005,78679.26,24.0
1787350280,btc,1787472000000,63000.0,put,95.9,1.26e-06,,0.0001,78658.21,6.6
1787350280,btc,1787644800000,79000.0,put,47.21,0.02035207,0.02,0.021,78688.65,2.7
1787350280,btc,1793347200000,40000.0,put,73.71,0.00136825,0.0012,0.0017,79186.66,71.8
1787350280,btc,1789113600000,95000.0,put,49.74,0.2087678,0.204,0.213,78793.83,0.0
1787350280,btc,1787904000000,88000.0,call,53.38,0.00180649,0.0017,0.0021,78686.37,693.7
1787350280,btc,1787558400000,75000.0,put,47.17,0.00190592,0.0018,0.0023,78679.26,307.5
1787350280,btc,1787644800000,81000.0,put,49.67,0.03764203,0.0365,0.0395,78688.65,0.0
1787350280,btc,1787904000000,55000.0,put,101.96,0.00014075,0.0001,0.0002,78686.37,1170.6
1787350280,btc,1789113600000,67000.0,put,47.49,0.00344314,0.0033,0.0039,78801.94,20.3
1787350280,btc,1813910400000,115000.0,put,43.47,0.45984101,0.4475,0.47,81620.19,0.0
1787350280,btc,1787558400000,71500.0,call,59.17,0.09153794,0.088,0.094,78679.26,4.2
1787350280,btc,1806048000000,45000.0,put,53.12,0.01039449,0.01,0.0115,80692.47,261.9
1787350280,btc,1793347200000,95000.0,put,42.1,0.21681122,0.2105,0.2215,79186.66,0.1
1787350280,btc,1798185600000,65000.0,put,45.1,0.02971744,0.029,0.031,79824.23,853.9
1787350280,btc,1787558400000,74000.0,call,50.04,0.06049915,0.0575,0.064,78679.26,10.6
1787350280,btc,1787644800000,79000.0,call,47.21,0.01622272,0.016,0.017,78688.65,26.1
1787350280,btc,1789113600000,90000.0,put,45.41,0.14818144,0.1435,0.152,78801.94,0.0
1787350280,btc,1787385600000,62500.0,put,121.78,0.0,,0.0001,78656.02,34.9
1787350280,btc,1789113600000,75000.0,put,40.92,0.01838184,0.018,0.019,78793.83,32.1
1787350280,btc,1788508800000,71000.0,call,45.93,0.10336367,0.1005,0.107,78765.63,931.5
1787350280,btc,1813910400000,130000.0,call,44.38,0.0319178,0.0305,0.0335,81612.11,705.6
1787350280,btc,1787904000000,63000.0,put,73.02,0.00032008,0.0002,0.0005,78686.37,962.8
1787350280,btc,1789113600000,64000.0,put,52.27,0.00212302,0.0019,0.0025,78801.94,19.1
1787350280,btc,1787904000000,110000.0,put,89.75,0.39825924,0.394,0.403,78686.37,0.2
1787350280,btc,1798185600000,40000.0,call,64.37,0.50234554,0.5,0.506,79832.31,250.9
1787350280,btc,1787472000000,74500.0,call,50.53,0.0531688,0.052,0.055,78649.6,23.5
1787350280,btc,1787472000000,71000.0,put,62.7,5.031e-05,,0.0003,78649.6,42.9
1787350280,btc,1798185600000,135000.0,put,49.44,0.69648486,0.687,0.708,79832.31,0.7
1787350280,btc,1806048000000,105000.0,call,42.65,0.04448742,0.044,0.045,80692.47,164.2
1787350280,btc,1806048000000,100000.0,put,42.54,0.2952403,0.286,0.303,80684.39,12.1
1787350280,btc,1787904000000,58000.0,put,90.28,0.00017665,0.0001,0.0003,78686.37,1253.3
1787350280,btc,1787904000000,81000.0,put,46.88,0.04263332,0.0415,0.044,78686.37,0.6
1787350280,btc,1788508800000,71000.0,put,45.93,0.00490838,0.0047,0.0055,78765.63,76.0
1787350280,btc,1787385600000,79000.0,put,54.6,0.00973199,0.0095,0.0105,78664.1,4.3
1787350280,btc,1787558400000,71500.0,put,59.17,0.00040189,0.0003,0.0006,78679.26,30.2
1787350280,btc,1813910400000,130000.0,put,44.38,0.62506072,0.6105,0.637,81612.11,1.4
1787350280,btc,1798185600000,20000.0,put,97.33,0.000695,0.0005,0.0011,79824.23,318.3
1787350280,btc,1793347200000,74000.0,call,41.07,0.10655689,0.1065,0.1085,79186.66,200.6
1787350280,btc,1789113600000,72000.0,put,42.23,0.0095311,0.0095,0.01,78793.83,60.5
1787350280,btc,1787904000000,46000.0,put,126.63,2.383e-05,,0.0001,78686.37,1450.0
1787350280,btc,1787472000000,65500.0,put,93.97,1.271e-05,,,78649.6,90.7
1787350280,btc,1813910400000,80000.0,call,43.19,0.16554462,0.1645,0.168,81620.19,103.1
1787350280,btc,1806048000000,140000.0,call,46.56,0.01254737,0.012,0.013,80692.47,789.1
1787350280,btc,1787558400000,87000.0,put,67.84,0.10666431,0.1035,0.1105,78679.26,0.0
1787350280,btc,1798185600000,62000.0,call,46.34,0.24586031,0.241,0.25,79832.31,247.1
1787350280,btc,1813910400000,82000.0,call,43.08,0.15464289,0.1535,0.157,81620.19,60.4
1787350280,btc,1793347200000,71000.0,put,41.96,0.02936673,0.029,0.03,79186.66,33.4
1787350280,btc,1787385600000,78000.0,put,50.76,0.00340056,0.0032,0.0038,78656.02,9.7
1787350280,btc,1813910400000,110000.0,call,43.23,0.05943383,0.0585,0.061,81612.11,265.5
1787350280,btc,1790323200000,30000.0,call,120.54,0.62014692,0.6185,0.622,78923.24,134.0
1787350280,btc,1813910400000,85000.0,put,43.0,0.18133548,0.1795,0.185,81620.19,6.8
1787350280,btc,1806048000000,108000.0,call,43.05,0.03961445,0.0385,0.041,80684.39,65.6
1787350280,btc,1813910400000,104000.0,call,43.0,0.0725851,0.0715,0.0745,81620.19,0.0
1787350280,btc,1790323200000,170000.0,call,85.18,0.00018311,,0.0002,78915.16,357.5
1787350280,btc,1798185600000,60000.0,call,47.56,0.2674291,0.2625,0.272,79832.31,797.9
1787350280,btc,1790323200000,190000.0,put,96.62,1.40793592,1.3975,1.417,78915.16,0.0
1787350280,btc,1787644800000,77500.0,call,46.37,0.02623109,0.0255,0.0275,78688.65,292.8
1787350280,btc,1787904000000,73000.0,call,49.36,0.07608461,0.0735,0.08,78686.37,2060.4
1787350280,btc,1787644800000,86000.0,call,59.25,0.00154976,0.0014,0.0018,78680.57,3.2
1787350280,btc,1787472000000,78000.0,put,42.4,0.0069002,0.0065,0.0075,78649.6,25.2
1787350280,btc,1806048000000,55000.0,put,47.85,0.02322212,0.0225,0.0245,80692.47,1245.5
1787350280,btc,1787385600000,72000.0,put,82.68,5.05e-06,,0.0001,78656.02,99.4
1787350280,btc,1813910400000,150000.0,call,45.94,0.01870852,0.0175,0.02,81620.19,105.2
1787350280,btc,1790323200000,58000.0,call,57.56,0.26749796,0.265,0.271,78923.24,460.6
1787350280,btc,1787558400000,70500.0,put,63.51,0.00029479,0.0002,0.0005,78679.26,18.3
1787350280,btc,1793347200000,54000.0,call,54.6,0.3224452,0.319,0.3265,79186.66,0.1
1787350280,btc,1787904000000,59000.0,put,85.68,0.00017653,0.0001,0.0003,78686.37,1135.1
1787350280,btc,1787644800000,79500.0,call,47.63,0.01370646,0.0135,0.0145,78688.65,3.8
1787350280,btc,1793347200000,82000.0,put,40.45,0.09076449,0.089,0.0915,79186.66,1.1
1787350280,btc,1806048000000,106000.0,put,42.9,0.35696821,0.3475,0.3655,80692.47,0.1
1787350280,btc,1787904000000,105000.0,call,80.05,0.00012106,,0.0002,78686.37,336.3
1787350280,btc,1790323200000,300000.0,put,139.33,2.80189157,2.782,2.818,78923.24,0.0
1787350280,btc,1787904000000,48000.0,call,122.21,0.38993454,0.388,0.392,78686.37,37.8
1787350280,btc,1787644800000,77000.0,call,46.42,0.03038124,0.0295,0.032,78688.65,22.9
1787350280,btc,1798185600000,210000.0,put,64.76,1.631992,1.616,1.651,79824.23,0.0
1787350280,btc,1793347200000,54000.0,put,54.6,0.00447032,0.0043,0.0049,79186.66,188.1
1787350280,btc,1789113600000,88000.0,put,44.27,0.12513376,0.1205,0.129,78793.83,0.0
1787350280,btc,1790323200000,35000.0,put,104.53,0.00038234,0.0003,0.0005,78915.16,887.4
1787350280,btc,1787385600000,59000.0,call,121.78,0.2498611,0.2475,0.2525,78656.02,0.0
1787350280,btc,1790323200000,64000.0,put,48.78,0.00495471,0.0047,0.0055,78923.24,875.7
1787350280,btc,1790323200000,135000.0,put,66.93,0.7111363,0.706,0.7175,78913.3,11.5
1787350280,btc,1787644800000,74500.0,call,49.12,0.05598284,0.053,0.0595,78688.65,1.0
1787350280,btc,1787644800000,74500.0,put,49.12,0.00287141,0.0028,0.0032,78688.65,8.9
1787350280,btc,1787904000000,56000.0,put,99.68,0.00017685,0.0001,0.001,78686.37,1300.2
1787350280,btc,1798185600000,80000.0,call,42.16,0.0973291,0.0965,0.099,79832.31,8684.0
1787350280,btc,1790323200000,81000.0,put,40.35,0.0643852,0.0635,0.066,78923.24,1.5
1787350280,btc,1798185600000,105000.0,put,43.41,0.33629788,0.3285,0.3445,79832.31,109.4
1787350280,btc,1790323200000,73000.0,put,41.3,0.0200817,0.0195,0.021,78923.24,136.9
1787350280,btc,1798185600000,200000.0,put,63.19,1.50689491,1.4925,1.525,79824.23,0.0
1787350280,btc,1793347200000,64000.0,put,45.54,0.01291257,0.0125,0.0135,79186.66,635.2
1787350280,btc,1793347200000,75000.0,call,40.86,0.09865421,0.0985,0.1005,79186.66,1056.9
1787350280,btc,1806048000000,60000.0,call,46.13,0.2906603,0.2845,0.2965,80692.47,717.0
1787350280,btc,1798185600000,170000.0,put,57.45,1.13190056,1.118,1.1465,79832.31,0.1
1787350280,btc,1787472000000,73000.0,put,56.53,0.00020775,0.0001,0.0005,78649.6,22.8
1787350280,btc,1787904000000,63000.0,call,73.02,0.19955643,0.197,0.202,78686.37,949.6
1787350280,btc,1787385600000,73000.0,put,82.68,2.88e-05,,0.0001,78664.1,92.7
1787350280,btc,1793347200000,85000.0,call,40.55,0.04205127,0.0415,0.043,79186.66,1626.3
1787350280,btc,1793347200000,66000.0,put,44.27,0.01631145,0.016,0.017,79186.66,124.6
1787350280,btc,1798185600000,72000.0,call,43.17,0.15251856,0.1515,0.154,79832.31,1272.1
1787350280,btc,1790323200000,78000.0,call,40.15,0.05486006,0.0545,0.056,78923.24,5683.0
1787350280,btc,1798185600000,40000.0,put,64.37,0.0034781,0.0031,0.004,79832.31,4496.0
1787350280,btc,1787558400000,73500.0,call,51.61,0.06660953,0.063,0.07,78679.26,1.1
1787350280,btc,1798185600000,135000.0,call,49.44,0.00516247,0.0047,0.0055,79832.31,1298.1
1787350280,btc,1787472000000,76500.0,put,43.08,0.00207385,0.0019,0.0024,78658.21,58.0
1787350280,btc,1787904000000,66000.0,put,62.91,0.00048386,0.0004,0.0008,78686.37,557.9
1787350280,btc,1787472000000,65000.0,call,94.96,0.17345325,0.1705,0.1765,78658.21,0.0
1787350280,btc,1798185600000,104000.0,put,43.28,0.32504269,0.318,0.331,79832.31,0.1
1787350280,btc,1793347200000,76000.0,call,40.66,0.09111717,0.091,0.093,79186.66,199.5
1787350280,btc,1787385600000,73500.0,call,82.68,0.06556791,0.064,0.067,78656.02,8.2
1787350280,btc,1787472000000,83000.0,call,58.99,0.00117457,0.0011,0.0014,78649.6,32.1
1787350280,btc,1787472000000,78000.0,call,42.4,0.01503338,0.0145,0.016,78649.6,101.9
1787350280,btc,1787472000000,71000.0,call,62.7,0.09719718,0.0965,0.099,78649.6,79.7
1787350280,btc,1813910400000,68000.0,put,44.45,0.07913612,0.078,0.0805,81620.19,11.4
1787350280,btc,1798185600000,85000.0,put,41.91,0.13666836,0.1355,0.1385,79832.31,554.5
1787350280,btc,1787385600000,66500.0,call,119.32,0.15450456,0.1535,0.1555,78656.02,5.2
1787350280,btc,1798185600000,84000.0,put,41.94,0.12871984,0.1275,0.1305,79832.31,47.1
1787350280,btc,1787385600000,60000.0,put,121.78,0.0,,0.0001,78664.1,10.8
1787350280,btc,1793347200000,70000.0,call,42.33,0.14203582,0.142,0.144,79186.66,703.3
1787350280,btc,1793347200000,86000.0,call,40.61,0.03835691,0.038,0.0395,79186.66,231.8
1787350280,btc,1787472000000,64500.0,call,95.67,0.17980844,0.1775,0.1825,78658.21,2.0
1787350280,btc,1787385600000,58000.0,put,121.78,0.0,,0.0001,78664.1,0.5
1787350280,btc,1790323200000,84000.0,put,40.84,0.09010766,0.089,0.0915,78923.24,34.7
1787350280,btc,1787472000000,62000.0,put,95.9,4e-07,,0.0001,78658.21,11.1
1787350280,btc,1806048000000,180000.0,put,53.05,1.23674283,1.2175,1.2515,80692.47,0.1
1787350280,btc,1813910400000,72000.0,call,43.92,0.21621658,0.215,0.219,81612.11,89.5
1787350280,btc,1788508800000,69000.0,put,48.67,0.00307963,0.003,0.0034,78765.63,122.8
1787350280,btc,1787644800000,84000.0,call,54.99,0.00288773,0.0027,0.0032,78688.65,4.4
1787350280,btc,1787472000000,62000.0,call,95.9,0.21159344,0.209,0.214,78658.21,0.0
1787350280,btc,1787472000000,75000.0,put,48.06,0.00069902,0.0006,0.0009,78649.6,42.1
1787350280,btc,1787644800000,72000.0,put,55.65,0.00106303,0.001,0.0013,78688.65,16.5
1787350280,btc,1787644800000,80000.0,put,48.24,0.02833393,0.0275,0.03,78688.65,0.0
1787350280,btc,1813910400000,110000.0,put,43.23,0.40747783,0.3955,0.417,81620.19,0.3
1787350280,btc,1790323200000,150000.0,call,73.93,0.00021432,0.0001,0.0004,78915.16,735.6
1787350280,btc,1787472000000,57000.0,call,95.9,0.27517425,0.273,0.278,78649.6,0.0
1787350280,btc,1790323200000,165000.0,put,79.8,1.09105893,1.0825,1.1005,78923.24,0.0
1787350280,btc,1787558400000,68500.0,put,70.27,0.00013452,0.0001,0.0004,78679.26,5.3
1787350280,btc,1790323200000,60000.0,call,54.46,0.24274621,0.24,0.246,78923.24,839.0
1787350280,btc,1790323200000,110000.0,put,54.04,0.39560436,0.39,0.4005,78923.24,113.8
1787350280,btc,1787472000000,81000.0,put,50.4,0.03295568,0.029,0.036,78658.21,0.0
1787350280,btc,1787904000000,66000.0,call,62.91,0.16158861,0.159,0.165,78686.37,1275.5
1787350280,btc,1798185600000,130000.0,call,48.13,0.00609033,0.0055,0.0065,79832.31,1573.7
1787350280,btc,1790323200000,240000.0,call,118.87,0.00020232,,0.0002,78923.24,212.1
1787350280,btc,1806048000000,92000.0,call,42.31,0.07929341,0.0785,0.081,80692.47,275.2
1787350280,btc,1793347200000,87000.0,call,40.71,0.03500495,0.0345,0.036,79186.66,13.8
1787350280,btc,1813910400000,58000.0,put,46.43,0.04252477,0.0415,0.044,81612.11,66.7
1787350280,btc,1789113600000,68000.0,put,46.21,0.00416403,0.004,0.0046,78793.83,507.2
1787350280,btc,1806048000000,96000.0,put,42.39,0.25637997,0.2475,0.264,80692.47,1.6
1787350280,btc,1788508800000,73000.0,call,43.58,0.08101218,0.078,0.085,78765.63,583.2
1787350280,btc,1793347200000,88000.0,call,40.81,0.03190159,0.0315,0.033,79186.66,79.4
1787350280,btc,1787904000000,64000.0,put,70.42,0.00039669,0.0003,0.0006,78686.37,1117.8
1787350280,btc,1787558400000,82000.0,put,51.62,0.04597839,0.0425,0.0495,78679.26,0.0
1787350280,btc,1787472000000,65500.0,call,93.97,0.1670989,0.1665,0.1685,78658.21,6.2
1787350280,btc,1793347200000,62000.0,call,47.08,0.22727657,0.2235,0.2315,79186.66,13.5
1787350280,btc,1787558400000,64000.0,put,74.75,4.77e-06,,,78679.26,1.8
1787350280,btc,1790323200000,115000.0,put,56.97,0.45848886,0.452,0.4635,78923.24,94.2
1787350280,btc,1813910400000,74000.0,call,43.69,0.2024925,0.2015,0.2055,81620.19,18.8
1787350280,btc,1813910400000,68000.0,call,44.45,0.24579983,0.2445,0.2485,81620.19,11.2
1787350280,btc,1790323200000,75000.0,call,40.66,0.07729586,0.0765,0.079,78923.24,3817.1
1787350280,btc,1787904000000,83000.0,put,48.39,0.06241836,0.059,0.0655,78686.37,0.1
1787350280,btc,1788508800000,76000.0,put,42.1,0.0171617,0.0165,0.018,78765.63,55.3
1787350280,btc,1806048000000,65000.0,put,44.78,0.0495759,0.049,0.051,80692.47,668.4
1787350280,btc,1793347200000,57000.0,call,51.72,0.2862398,0.283,0.29,79186.66,0.1
1787350280,btc,1787644800000,74000.0,put,50.08,0.00229241,0.0022,0.0026,78680.57,75.1
1787350280,btc,1787385600000,82000.0,put,77.18,0.04315995,0.0395,0.047,78656.02,0.0
1787350280,btc,1798185600000,210000.0,call,64.76,0.00104606,0.0007,0.0015,79832.31,163.0
1787350280,btc,1798185600000,92000.0,call,42.07,0.04624246,0.0455,0.0475,79832.31,311.5
1787350280,btc,1787385600000,80000.0,call,61.84,0.00241869,0.0023,0.0028,78656.02,215.2
1787350280,btc,1790323200000,240000.0,put,118.87,2.04155406,2.0265,2.0535,78923.24,0.0
1787350280,btc,1787472000000,70000.0,put,63.4,1.667e-05,,0.0003,78658.21,76.1
1787350280,btc,1787385600000,62500.0,call,121.78,0.20536133,0.203,0.208,78664.1,0.1
1787350280,btc,1788508800000,78000.0,call,42.09,0.03703297,0.0365,0.038,78765.63,1120.4
1787350280,btc,1806048000000,90000.0,call,42.3,0.08661413,0.0855,0.0885,80692.47,477.7
1787350280,btc,1787558400000,71000.0,put,60.99,0.00033055,0.0002,0.0006,78679.26,60.0
1787350280,btc,1790323200000,79000.0,put,40.15,0.04974009,0.0495,0.0505,78923.24,6.1
1787350280,btc,1790323200000,95000.0,put,45.02,0.21016389,0.2045,0.215,78923.24,147.7
1787350280,btc,1798185600000,86000.0,call,41.91,0.06744306,0.067,0.0685,79832.31,313.7
1787350280,btc,1787558400000,76500.0,call,44.67,0.03210854,0.031,0.0335,78679.26,53.9
1787350280,btc,1813910400000,90000.0,put,42.86,0.22039476,0.2185,0.2245,81620.19,0.5
1787350280,btc,1793347200000,68000.0,put,43.2,0.02064957,0.02,0.0215,79186.66,36.8
1787350280,btc,1806048000000,160000.0,put,49.42,0.99079721,0.9745,1.004,80684.39,0.1
1787350280,btc,1787644800000,77000.0,put,46.42,0.0090446,0.0085,0.0095,78688.65,47.9
1787350280,btc,1787558400000,72500.0,call,55.46,0.07902261,0.0755,0.0815,78679.26,2.7
1787350280,btc,1798185600000,74000.0,call,42.82,0.13699239,0.136,0.1385,79824.23,145.5
1787350280,btc,1790323200000,58000.0,put,57.56,0.0024913,0.0023,0.0029,78923.24,1395.2
1787350280,btc,1798185600000,54000.0,call,51.07,0.33447187,0.3295,0.3385,79824.23,33.1
1787350280,btc,1798185600000,200000.0,call,63.19,0.00123211,0.0009,0.0017,79824.23,969.3
1787350280,btc,1787644800000,68000.0,call,64.43,0.13591274,0.133,0.139,78680.57,0.0
1787350280,btc,1790323200000,320000.0,call,144.86,0.00019685,,0.0001,78923.24,293.6
1787350280,btc,1813910400000,72000.0,put,43.92,0.09857266,0.097,0.1,81620.19,6.3
1787350280,btc,1789113600000,86000.0,put,43.18,0.10304841,0.0985,0.1075,78793.83,0.0
1787350280,btc,1787558400000,77500.0,put,44.02,0.00795062,0.0075,0.0085,78679.26,34.5
1787350280,btc,1798185600000,45000.0,call,59.28,0.44155769,0.4375,0.4445,79832.31,54.3
1787350280,btc,1813910400000,70000.0,call,44.17,0.23065593,0.2295,0.2335,81612.11,194.3
1787350280,btc,1789113600000,64000.0,call,52.27,0.18986111,0.187,0.193,78793.83,0.0
1787350280,btc,1798185600000,68000.0,put,44.14,0.03885414,0.038,0.04,79832.31,478.7
1787350280,btc,1787558400000,69500.0,call,66.99,0.11675901,0.114,0.119,78679.26,0.0
1787350280,btc,1806048000000,98000.0,put,42.46,0.27556656,0.2665,0.2835,80692.47,0.2
1787350280,btc,1798185600000,115000.0,put,45.01,0.45270915,0.445,0.4615,79832.31,5.0
1787350280,btc,1787904000000,100000.0,put,71.8,0.27125473,0.2665,0.275,78686.37,0.5
1787350280,btc,1813910400000,78000.0,put,43.33,0.13304418,0.132,0.1345,81612.11,0.4
1787350280,btc,1793347200000,48000.0,put,61.35,0.00246758,0.0024,0.0029,79186.66,173.0
1787350280,btc,1788508800000,61000.0,put,65.05,0.00081545,0.0007,0.001,78765.63,138.1
1787350280,btc,1790323200000,84000.0,call,40.84,0.02563455,0.0255,0.0265,78915.16,3576.2
1787350280,btc,1787558400000,86000.0,put,64.39,0.09417159,0.091,0.0975,78679.26,0.0
1787350280,btc,1798185600000,102000.0,put,43.03,0.30279716,0.295,0.3105,79832.31,7.8
1787350280,btc,1813910400000,120000.0,call,43.75,0.04315791,0.042,0.0445,81612.11,295.8
1787350280,btc,1787472000000,76000.0,put,44.38,0.0014055,0.0012,0.0017,78649.6,33.0
1787350280,btc,1790323200000,165000.0,call,79.8,0.00012961,0.0001,0.0003,78923.24,182.2
1787350280,btc,1787472000000,79000.0,put,44.05,0.01338749,0.0125,0.014,78649.6,0.5
1787350280,btc,1787904000000,98000.0,put,66.65,0.24583796,0.2415,0.2495,78686.37,0.0
1787350280,btc,1790323200000,65000.0,put,47.3,0.00555439,0.0055,0.006,78923.24,819.4
1787350280,btc,1789113600000,74000.0,call,41.26,0.07567051,0.075,0.0775,78793.83,15.0
1787350280,btc,1787472000000,72500.0,call,60.38,0.07826589,0.0775,0.08,78658.21,10.7
1787350280,btc,1787558400000,78000.0,put,44.3,0.01044097,0.01,0.011,78679.26,20.4
1787350280,btc,1813910400000,106000.0,put,43.07,0.36690339,0.358,0.376,81612.11,0.0
1787350280,btc,1806048000000,170000.0,put,51.32,1.11366711,1.096,1.1275,80692.47,0.2
1787350280,btc,1790323200000,160000.0,put,79.18,1.02774944,1.0215,1.0355,78923.24,0.6
1787350280,btc,1790323200000,80000.0,put,40.25,0.05680558,0.056,0.0575,78923.24,701.4
1787350280,btc,1787472000000,76500.0,call,43.08,0.02928139,0.0285,0.0315,78658.21,14.2
1787350280,btc,1787558400000,75500.0,put,45.99,0.00250922,0.0024,0.0029,78679.26,39.5
1787350280,btc,1790323200000,180000.0,call,90.67,0.00018196,,0.0002,78923.24,754.3
1787350280,btc,1806048000000,90000.0,put,42.3,0.20218546,0.2005,0.205,80684.39,14.1
1787350280,btc,1793347200000,80000.0,put,40.49,0.07603494,0.0745,0.077,79186.66,1.8
1787350280,btc,1806048000000,54000.0,put,48.32,0.02152966,0.0215,0.0225,80692.47,85.3
1787350280,btc,1787904000000,90000.0,call,55.23,0.00101584,0.0009,0.0012,78686.37,1139.3
1787350280,btc,1787385600000,61000.0,put,121.78,0.0,,0.0001,78664.1,5.1
1787350280,btc,1806048000000,60000.0,put,46.13,0.03437452,0.0335,0.0355,80692.47,660.0
1787350280,btc,1787472000000,67500.0,call,80.14,0.14166757,0.141,0.1435,78658.21,100.1
1787350280,btc,1798185600000,65000.0,call,45.1,0.21537703,0.2105,0.22,79832.31,960.5
1787350280,btc,1787472000000,70500.0,call,63.01,0.10353407,0.1025,0.1055,78649.6,53.6
1787350280,btc,1787385600000,80000.0,put,61.84,0.01955619,0.0185,0.021,78664.1,0.8
1787350280,btc,1793347200000,110000.0,put,46.93,0.39480796,0.3875,0.4015,79186.66,0.0
1787350280,btc,1787558400000,65000.0,call,73.56,0.17377033,0.171,0.176,78679.26,2.2
1787350280,btc,1787904000000,53000.0,call,111.6,0.32648261,0.3245,0.3285,78686.37,5.1
1787350280,btc,1798185600000,190000.0,call,61.43,0.00145411,0.0011,0.0019,79832.31,997.3
1787350280,btc,1787385600000,76500.0,call,53.33,0.02781834,0.026,0.0295,78656.02,16.7
1787350280,btc,1790323200000,105000.0,put,50.58,0.33290122,0.327,0.3375,78915.16,105.2
1787350280,btc,1787472000000,62500.0,call,95.9,0.20523564,0.203,0.208,78658.21,0.0
1787350280,btc,1798185600000,230000.0,put,67.81,1.88230708,1.865,1.9025,79832.31,0.0
1787350280,btc,1790323200000,72000.0,call,41.74,0.10461829,0.104,0.1065,78923.24,3290.2
1787350280,btc,1787644800000,73500.0,call,51.28,0.06768071,0.064,0.071,78680.57,1.0
1787350280,btc,1790323200000,130000.0,put,64.7,0.64788758,0.6415,0.654,78923.24,21.4
1787350280,btc,1790323200000,70000.0,put,42.85,0.01217952,0.012,0.013,78915.16,2534.3
1787350280,btc,1806048000000,150000.0,call,47.99,0.00958637,0.009,0.01,80692.47,1898.2
1787350280,btc,1787558400000,67500.0,put,70.3,5.963e-05,,0.0003,78679.26,1.0
1787350280,btc,1798185600000,45000.0,put,59.28,0.00533182,0.005,0.006,79832.31,2860.3
1787350280,btc,1793347200000,67000.0,put,43.71,0.01834726,0.018,0.019,79186.66,216.0
1787350280,btc,1813910400000,125000.0,call,44.01,0.0368985,0.0355,0.0375,81612.11,6.6
1787350280,btc,1787644800000,82000.0,call,51.35,0.00572145,0.0055,0.0065,78688.65,24.7
1787350280,btc,1788508800000,82000.0,call,43.32,0.01710756,0.017,0.018,78765.63,211.6
1787350280,btc,1813910400000,60000.0,call,45.96,0.31325773,0.312,0.316,81612.11,944.8
1787350280,btc,1787644800000,76500.0,put,46.61,0.0072388,0.007,0.008,78688.65,68.0
1787350280,btc,1788508800000,72000.0,put,44.56,0.00618029,0.006,0.0065,78765.63,160.5
1787350280,btc,1787644800000,76500.0,call,46.61,0.03483313,0.034,0.0365,78688.65,17.5
1787350280,btc,1788508800000,68000.0,call,50.28,0.13903541,0.1365,0.1425,78765.63,926.4
1787350280,btc,1787472000000,72500.0,put,60.38,0.00019338,0.0001,0.0004,78649.6,35.2
1787350280,btc,1793347200000,59000.0,call,49.54,0.26223089,0.2585,0.2665,79186.66,1.1
1787350280,btc,1813910400000,115000.0,call,43.47,0.05052227,0.0495,0.052,81612.11,14.8
1787350280,btc,1790323200000,220000.0,call,108.71,0.00016292,,0.0002,78915.16,243.5
1787350280,btc,1806048000000,106000.0,call,42.9,0.04307309,0.042,0.0445,80692.47,78.1
1787350280,btc,1787472000000,68500.0,put,74.56,1.773e-05,,0.0002,78658.21,32.9
1787350280,btc,1793347200000,48000.0,call,61.35,0.39622304,0.3935,0.4,79186.66,0.1
1787350280,btc,1787904000000,80000.0,call,46.28,0.01715905,0.017,0.018,78686.37,2448.3
1787350280,btc,1789113600000,80000.0,put,41.07,0.04716606,0.0465,0.048,78801.94,7.1
1787350280,btc,1790323200000,100000.0,call,47.69,0.00367045,0.0034,0.004,78923.24,5220.7
1787350280,btc,1806048000000,98000.0,call,42.46,0.06083333,0.06,0.0625,80692.47,81.0
1787350280,btc,1793347200000,88000.0,put,40.81,0.14334992,0.1375,0.1495,79186.66,0.0
1787350280,btc,1793347200000,102000.0,put,44.09,0.29781041,0.291,0.3045,79178.58,0.0
1787350280,btc,1788508800000,80000.0,call,42.51,0.02544821,0.025,0.0265,78757.55,657.4
1787350280,btc,1787472000000,76000.0,call,44.38,0.03497117,0.034,0.037,78658.21,61.4
1787350280,btc,1789113600000,78000.0,call,40.69,0.04341654,0.043,0.0445,78793.83,652.2
1787350280,btc,1790323200000,60000.0,put,54.46,0.00308414,0.0029,0.0035,78915.16,5533.4
1787350280,btc,1787644800000,72000.0,call,55.65,0.08586244,0.083,0.0885,78688.65,0.0
1787350280,btc,1787558400000,84000.0,call,57.23,0.00172315,0.0015,0.002,78679.26,1.6
1787350280,btc,1798185600000,72000.0,put,43.17,0.05455717,0.054,0.0555,79824.23,341.7
1787350280,btc,1806048000000,56000.0,call,47.48,0.33104227,0.326,0.3365,80692.47,16.9
1787350280,btc,1787904000000,62000.0,put,73.82,0.0002124,0.0002,0.0003,78686.37,1186.1
1787350280,btc,1787385600000,66000.0,put,120.02,5e-08,,,78656.02,44.0
1787350280,btc,1813910400000,55000.0,call,47.25,0.36060194,0.3595,0.363,81612.11,2.9
1787350280,btc,1787385600000,59000.0,put,121.78,0.0,,0.0001,78656.02,16.2
1787350280,btc,1787558400000,73000.0,call,53.73,0.072813,0.0695,0.0755,78679.26,4.7
1787350280,btc,1788508800000,63000.0,call,60.51,0.20111219,0.1985,0.2035,78757.55,86.8
1787350280,btc,1787644800000,80000.0,call,48.24,0.01154083,0.011,0.0125,78680.57,28.4
1787350280,btc,1798185600000,56000.0,call,49.62,0.31147471,0.3065,0.316,79832.31,41.5
1787350280,btc,1788508800000,75000.0,put,42.41,0.01335545,0.013,0.014,78765.63,446.2
1787350280,btc,1790323200000,52000.0,put,68.33,0.00148729,0.0013,0.0018,78915.16,1212.3
1787350280,btc,1806048000000,86000.0,put,42.32,0.16924887,0.168,0.172,80692.47,1.7
1787350280,btc,1787558400000,68000.0,put,70.3,9.046e-05,,0.0004,78679.26,39.6
1787350280,btc,1806048000000,40000.0,put,56.25,0.00664649,0.006,0.0075,80692.47,1771.9
1787350280,btc,1806048000000,120000.0,call,44.15,0.02458613,0.024,0.0255,80692.47,640.3
1787350280,btc,1787558400000,69000.0,put,70.27,0.00019721,0.0001,0.0004,78679.26,37.1
1787350280,btc,1787558400000,66000.0,call,72.01,0.16106899,0.1585,0.1635,78679.26,0.0
1787350280,btc,1787644800000,81000.0,call,49.67,0.00813902,0.0075,0.009,78680.57,4.1
1787350280,btc,1788508800000,58000.0,call,71.72,0.26406259,0.261,0.267,78765.63,0.0
1787350280,btc,1793347200000,80000.0,call,40.49,0.06562737,0.0655,0.0665,79186.66,412.7
1787350280,btc,1813910400000,140000.0,call,45.11,0.02412152,0.023,0.0255,81620.19,239.0
1787350280,btc,1787558400000,79000.0,call,45.11,0.01264656,0.012,0.0135,78679.26,13.9
1787350280,btc,1793347200000,96000.0,put,42.32,0.22800108,0.2225,0.2335,79186.66,0.0
1787350280,btc,1789113600000,77000.0,put,40.63,0.02758867,0.027,0.0285,78801.94,13.2
1787350280,btc,1790323200000,190000.0,call,96.62,0.00019913,,0.0002,78915.16,772.8
1787350280,btc,1787558400000,68500.0,call,70.27,0.12940472,0.1265,0.1325,78679.26,0.0
1787350280,btc,1787644800000,85000.0,put,57.02,0.08253144,0.079,0.086,78688.65,0.0
1787350280,btc,1787385600000,71000.0,call,82.86,0.09729119,0.096,0.0985,78664.1,73.3
1787350280,btc,1806048000000,56000.0,put,47.48,0.02517554,0.0245,0.026,80692.47,121.3
1787350280,btc,1789113600000,84000.0,call,42.29,0.01629991,0.016,0.017,78793.83,4.2
1787350280,btc,1813910400000,56000.0,call,46.97,0.35084109,0.3495,0.3535,81612.11,3.0
1787350280,btc,1790323200000,64000.0,call,48.78,0.19392758,0.191,0.1975,78923.24,687.7
1787350280,btc,1787904000000,40000.0,put,127.35,8.3e-07,,0.0001,78686.37,728.3
1787350280,btc,1787558400000,77000.0,put,44.12,0.00599591,0.0055,0.0065,78679.26,15.3
1787350280,btc,1813910400000,94000.0,call,42.84,0.10228538,0.101,0.104,81620.19,0.2
1787350280,btc,1788508800000,53000.0,put,81.98,0.00024173,0.0003,0.0005,78757.55,78.6
1787350280,btc,1790323200000,220000.0,put,108.71,1.78806868,1.7745,1.799,78913.3,1.8
1787350280,btc,1798185600000,50000.0,call,54.5,0.38154692,0.3775,0.385,79832.31,260.8
1787350280,btc,1793347200000,45000.0,put,65.67,0.00195414,0.0017,0.0024,79186.66,93.0
1787350280,btc,1793347200000,69000.0,call,42.74,0.15176255,0.1515,0.154,79186.66,126.1
1787350280,btc,1787644800000,87000.0,put,62.05,0.10698315,0.1035,0.1105,78688.65,0.0
1787350280,btc,1787558400000,73000.0,put,53.73,0.00074403,0.0007,0.001,78679.26,105.0
1787350280,btc,1787644800000,88000.0,call,64.59,0.00095327,0.0008,0.0012,78688.65,5.9
1787350280,btc,1787385600000,65500.0,call,120.54,0.1672187,0.166,0.1685,78664.1,9.4
1787350280,btc,1813910400000,84000.0,call,42.99,0.14438984,0.1435,0.1465,81620.19,12.5
1787350280,btc,1790323200000,40000.0,put,94.74,0.00067696,0.0005,0.001,78923.24,2356.6
1787350280,btc,1790323200000,280000.0,put,132.14,2.54842915,2.53,2.5635,78923.24,0.0
1787350280,btc,1787472000000,68000.0,put,77.08,1.501e-05,,,78658.21,6.3
1787350280,btc,1787472000000,57000.0,put,95.9,0.0,,0.0001,78658.21,0.5
1787350280,btc,1793347200000,69000.0,put,42.74,0.02323908,0.0225,0.024,79186.66,161.2
1787350280,btc,1787644800000,69000.0,put,63.99,0.00035172,0.0002,0.0006,78680.57,59.4
1787350280,btc,1787472000000,72000.0,put,62.61,0.0001497,,0.0004,78658.21,13.8
1787350280,btc,1793347200000,62000.0,put,47.08,0.01034245,0.01,0.011,79186.66,1106.8
1787350280,btc,1787472000000,85000.0,put,68.34,0.08146223,0.0785,0.085,78649.6,0.0
1787350280,btc,1813910400000,88000.0,put,42.86,0.20420063,0.2025,0.208,81612.11,0.2
1787350280,btc,1787472000000,78500.0,put,43.14,0.00981905,0.009,0.0105,78658.21,2.6
1787350280,btc,1793347200000,40000.0,call,73.71,0.49616446,0.494,0.499,79186.66,0.1
1787350280,btc,1793347200000,86000.0,put,40.61,0.12454505,0.1225,0.1255,79186.66,0.1
1787350280,btc,1787385600000,77500.0,put,50.61,0.00178079,0.0017,0.0021,78664.1,11.8
1787350280,btc,1806048000000,82000.0,put,42.46,0.13928734,0.138,0.141,80692.47,4.0
1787350280,btc,1787385600000,76000.0,call,57.15,0.03399301,0.0325,0.0355,78656.02,115.0
1787350280,btc,1798185600000,64000.0,call,45.48,0.22532444,0.2205,0.2305,79832.31,405.7
1787350280,btc,1806048000000,95000.0,put,42.36,0.2469789,0.2385,0.2545,80684.39,0.4
1787350280,btc,1798185600000,95000.0,call,42.27,0.03827792,0.0375,0.0395,79832.31,1428.0
1787350280,btc,1789113600000,82000.0,call,41.61,0.02292965,0.0225,0.024,78801.94,249.6
1787350280,btc,1790323200000,95000.0,call,45.02,0.00629549,0.006,0.007,78923.24,1848.9
1787350280,btc,1789113600000,74000.0,put,41.26,0.01484834,0.0145,0.0155,78801.94,90.7
1787350280,btc,1787558400000,77500.0,call,44.02,0.02281836,0.022,0.024,78679.26,74.0
1787350280,btc,1787472000000,74000.0,call,52.72,0.05939143,0.0585,0.061,78649.6,36.4
1787350280,btc,1790323200000,35000.0,call,104.53,0.55685188,0.555,0.559,78923.24,29.3
1787350280,btc,1787385600000,70000.0,put,90.74,4.2e-07,,0.0001,78656.02,178.0
1787350280,btc,1798185600000,240000.0,put,69.32,2.00750792,1.989,2.029,79832.31,0.0
1787350280,btc,1787904000000,86000.0,put,51.37,0.09629267,0.0925,0.1,78686.37,0.0
1787350280,btc,1813910400000,105000.0,call,43.03,0.07019819,0.069,0.072,81620.19,140.7
1787350280,btc,1798185600000,86000.0,put,41.91,0.14487807,0.1435,0.1465,79832.31,23.4
1787350280,btc,1787904000000,79000.0,call,45.89,0.02229429,0.022,0.0235,78686.37,1130.8
1787350280,btc,1790323200000,200000.0,call,101.69,0.0002027,,0.0002,78923.24,1027.4
1787350280,btc,1787904000000,78000.0,put,45.74,0.02003021,0.0195,0.021,78686.37,271.3
1787350280,btc,1788508800000,53000.0,call,81.98,0.32725765,0.325,0.3295,78765.63,0.0
1787350280,btc,1787385600000,75000.0,put,66.14,0.0001227,0.0001,0.0003,78656.02,297.5
1787350280,btc,1787558400000,83000.0,put,54.28,0.05750754,0.055,0.061,78679.26,0.0
1787350280,btc,1806048000000,150000.0,put,47.99,0.86887192,0.8535,0.881,80684.39,0.6
1787350280,btc,1787558400000,87000.0,call,67.84,0.0007739,0.0006,0.001,78679.26,25.0
1787350280,btc,1787644800000,70000.0,put,60.43,0.00046607,0.0003,0.0007,78680.57,8.1
1787350280,btc,1790323200000,45000.0,put,82.22,0.00086211,0.0007,0.0012,78923.24,2184.4
1787350280,btc,1798185600000,20000.0,call,97.33,0.75012872,0.748,0.752,79832.31,2.9
1787350280,btc,1806048000000,110000.0,call,43.18,0.03641763,0.0355,0.0375,80692.47,1119.6
1787350280,btc,1790323200000,145000.0,call,71.39,0.00024417,0.0001,0.0005,78915.16,476.8
1787350280,btc,1806048000000,125000.0,call,44.68,0.02045291,0.0195,0.0215,80692.47,293.2
1787350280,btc,1787472000000,75500.0,call,46.03,0.04089727,0.0395,0.043,78649.6,25.8
1787350280,btc,1798185600000,150000.0,put,53.09,0.8825793,0.8705,0.8955,79824.23,2.1
1787350280,btc,1813910400000,120000.0,put,43.75,0.51375137,0.503,0.524,81612.11,0.1
1787350280,btc,1793347200000,87000.0,put,40.71,0.1338232,0.128,0.14,79178.58,0.0
1787350280,btc,1793347200000,63000.0,put,46.22,0.01149334,0.011,0.012,79186.66,491.7
1787350280,btc,1789113600000,60000.0,put,59.71,0.00125785,0.0011,0.0016,78793.83,54.3
1787350280,btc,1790323200000,160000.0,call,79.18,0.00018162,0.0001,0.0003,78923.24,1437.5
1787350280,btc,1813910400000,64000.0,put,45.14,0.06254649,0.062,0.064,81620.19,21.3
1787350280,btc,1787385600000,69500.0,put,95.74,4e-07,,,78656.02,53.0
1787350280,btc,1787644800000,78500.0,call,46.81,0.01918518,0.0185,0.02,78688.65,81.4
1787350280,btc,1787472000000,67000.0,put,84.16,1.472e-05,,,78658.21,31.4
1787350280,btc,1813910400000,65000.0,call,44.94,0.26981286,0.2685,0.2725,81612.11,0.0
1787350280,btc,1813910400000,95000.0,call,42.84,0.09880567,0.098,0.1005,81612.11,29.4
1787350280,btc,1798185600000,98000.0,call,42.54,0.03174941,0.031,0.0325,79824.23,217.9
1787350280,btc,1793347200000,79000.0,put,40.37,0.06896353,0.068,0.0695,79186.66,8.6
1787350280,btc,1787472000000,77000.0,put,42.33,0.00312191,0.0029,0.0035,78658.21,35.0
1787350280,btc,1788508800000,65000.0,put,56.17,0.00145696,0.0013,0.0018,78765.63,360.7
1787350280,btc,1793347200000,98000.0,call,42.86,0.01310769,0.0125,0.014,79186.66,16.6
1787350280,btc,1798185600000,108000.0,put,43.84,0.37054749,0.3635,0.379,79824.23,0.1
1787350280,btc,1787385600000,75500.0,put,59.01,0.00013581,0.0001,0.0004,78656.02,59.5
1787350280,btc,1787385600000,72000.0,call,82.68,0.0845813,0.0835,0.086,78656.02,65.2
1787350280,btc,1787472000000,66500.0,call,87.92,0.15438494,0.1535,0.156,78658.21,9.8
1787350280,btc,1813910400000,74000.0,put,43.69,0.10935846,0.108,0.111,81620.19,7.1
1787350280,btc,1787904000000,94000.0,put,61.12,0.19522576,0.192,0.199,78694.45,0.0
1787350280,btc,1790323200000,86000.0,call,41.3,0.01960291,0.0195,0.0205,78915.16,1018.9
1787350280,btc,1787385600000,63500.0,call,121.78,0.19264711,0.1895,0.195,78656.02,0.4
1787350280,btc,1798185600000,115000.0,call,45.01,0.01195304,0.0115,0.0125,79832.31,2257.6
1787350280,btc,1788508800000,64000.0,put,58.45,0.00126364,0.0012,0.0015,78757.55,212.5
1787350280,btc,1806048000000,140000.0,put,46.56,0.74788055,0.736,0.759,80692.47,0.1
1787350280,btc,1798185600000,80000.0,put,42.16,0.09959422,0.0985,0.101,79832.31,991.5
1787350280,btc,1790323200000,56000.0,put,60.98,0.00207075,0.0019,0.0024,78923.24,1482.8
1787350280,btc,1787904000000,50000.0,put,112.32,3.845e-05,,0.0001,78686.37,2245.9
1787350280,btc,1789113600000,69000.0,put,45.03,0.00507625,0.005,0.0055,78801.94,58.6
1787350280,btc,1806048000000,70000.0,put,43.78,0.06962559,0.0685,0.071,80684.39,203.3
1787350280,btc,1813910400000,86000.0,call,42.96,0.13491689,0.134,0.1365,81612.11,8.1
1787350280,btc,1787472000000,72000.0,call,62.61,0.08458033,0.0835,0.0865,78658.21,71.0
1787350280,btc,1806048000000,64000.0,call,45.01,0.25284524,0.2515,0.255,80692.47,143.9
1787350280,btc,1788508800000,60000.0,put,65.79,0.00060663,0.0004,0.0009,78757.55,1043.5
1787350280,btc,1798185600000,82000.0,put,42.01,0.11358898,0.1125,0.115,79824.23,158.8
1787350280,btc,1787385600000,67000.0,put,119.15,2.4e-07,,0.0002,78664.1,37.1
1787350280,btc,1787904000000,78000.0,call,45.74,0.02860855,0.0285,0.0295,78686.37,1819.5
1787350280,btc,1788508800000,61000.0,call,65.05,0.22624886,0.2235,0.2285,78765.63,5.5
1787350280,btc,1798185600000,90000.0,put,41.99,0.18003207,0.1735,0.1875,79824.23,614.7
1787350280,btc,1787904000000,92000.0,call,58.27,0.00066021,0.0005,0.0009,78686.37,449.1
1787350280,btc,1806048000000,50000.0,call,50.14,0.39576677,0.3905,0.3995,80692.47,20.6
1787350280,btc,1787385600000,70500.0,call,85.58,0.10364801,0.1025,0.105,78664.1,25.6
1787350280,btc,1787904000000,79000.0,put,45.89,0.02642648,0.0255,0.027,78686.37,40.3
1787350280,btc,1793347200000,74000.0,put,41.07,0.0411839,0.0405,0.042,79186.66,157.1
1787350280,btc,1813910400000,140000.0,put,45.11,0.73981389,0.7235,0.753,81620.19,0.5
1787350280,btc,1787385600000,82000.0,call,77.18,0.00059402,0.0005,0.0008,78656.02,47.0
1787350280,btc,1798185600000,180000.0,put,59.47,1.25681586,1.244,1.2725,79824.23,0.1
1787350280,btc,1790323200000,83000.0,call,40.66,0.02927429,0.029,0.0305,78923.24,61.1
1787350280,btc,1787385600000,78500.0,put,52.02,0.00601601,0.0055,0.0065,78664.1,0.1
1787350280,btc,1787904000000,88000.0,put,53.38,0.12033349,0.1165,0.1235,78686.37,0.0
1787350280,btc,1787385600000,72500.0,put,82.68,1.242e-05,,0.0001,78656.02,88.7
1787350280,btc,1787558400000,69000.0,call,70.27,0.12311171,0.12,0.1255,78679.26,0.0
1787350280,btc,1787385600000,64500.0,call,121.37,0.1799329,0.179,0.181,78664.1,42.7
1787350280,btc,1787904000000,96000.0,put,63.74,0.22050031,0.216,0.2245,78686.37,0.1
1787350280,btc,1787904000000,86000.0,call,51.37,0.00318673,0.0031,0.0035,78686.37,396.1
1787350280,btc,1813910400000,76000.0,call,43.49,0.18945159,0.1885,0.1925,81612.11,22.5
1787350280,btc,1798185600000,35000.0,put,70.49,0.00231345,0.002,0.0029,79832.31,2390.2
1787350280,btc,1790323200000,150000.0,put,73.93,0.90105916,0.8935,0.9085,78923.24,4.5
1787350280,btc,1787904000000,57000.0,call,94.94,0.27567631,0.273,0.278,78686.37,28.5
1787350280,btc,1793347200000,61000.0,call,47.98,0.23888808,0.235,0.243,79186.66,7.7
1787350280,btc,1806048000000,50000.0,put,50.14,0.01552862,0.015,0.0165,80692.47,2162.2
1787350280,btc,1793347200000,92000.0,put,41.43,0.18407511,0.178,0.1905,79186.66,0.0
1787350280,btc,1787558400000,86000.0,call,64.39,0.00099257,0.0008,0.001,78679.26,2.1
1787350280,btc,1806048000000,190000.0,call,54.36,0.0047268,0.0041,0.0055,80692.47,596.2
1787350280,btc,1788508800000,70000.0,call,47.19,0.11501235,0.1125,0.119,78765.63,786.1
1787350280,btc,1798185600000,110000.0,call,44.14,0.01561789,0.015,0.016,79832.31,2638.1
1787350280,btc,1787904000000,48000.0,put,122.21,4.017e-05,,0.0001,78686.37,1239.9
1787350280,btc,1787385600000,70000.0,call,90.74,0.11000511,0.109,0.1115,78656.02,78.7
1787350280,btc,1787558400000,72500.0,put,55.46,0.00059795,0.0005,0.0008,78679.26,33.8
1787350280,btc,1813910400000,190000.0,put,49.82,1.33706846,1.3125,1.356,81620.19,0.0
1787350280,btc,1790323200000,88000.0,put,41.9,0.13015711,0.125,0.1345,78915.16,5.7
1787350280,btc,1787558400000,70000.0,call,64.54,0.110427,0.1075,0.113,78679.26,0.0
1787350280,btc,1787472000000,63500.0,put,95.9,2.19e-06,,0.0001,78658.21,80.3
1787350280,btc,1813910400000,102000.0,put,42.94,0.32768543,0.319,0.3365,81612.11,0.0
1787350280,btc,1788508800000,62000.0,call,62.82,0.21367518,0.211,0.216,78765.63,2.4
1787350280,btc,1793347200000,98000.0,put,42.86,0.25085697,0.2445,0.2565,79186.66,0.0
1787350280,btc,1806048000000,76000.0,put,42.98,0.1006997,0.0995,0.1025,80692.47,24.9
1787350280,btc,1790323200000,76000.0,call,40.41,0.06922178,0.0685,0.0705,78915.16,3294.3
1787350280,btc,1793347200000,64000.0,call,45.54,0.20458651,0.2005,0.2085,79178.58,428.2
1787350280,btc,1787644800000,82000.0,put,51.35,0.04795523,0.0445,0.0515,78688.65,0.8
1787350280,btc,1790323200000,110000.0,call,54.04,0.00165148,0.0014,0.0019,78923.24,1371.4
1787350280,btc,1798185600000,82000.0,call,42.01,0.08626724,0.0855,0.0875,79824.23,1161.1
1787350280,btc,1788508800000,77000.0,call,41.99,0.044111,0.0435,0.0455,78765.63,79.4
1787350280,btc,1787385600000,76000.0,put,57.15,0.00027364,0.0002,0.0005,78656.02,176.4
1787350280,btc,1790323200000,55000.0,put,62.78,0.00190118,0.0017,0.0023,78923.24,2983.8
1787350280,btc,1798185600000,130000.0,put,48.13,0.63477115,0.626,0.6455,79832.31,54.0
1787350280,btc,1798185600000,106000.0,call,43.54,0.01962384,0.019,0.0205,79824.23,741.4
1787350280,btc,1798185600000,30000.0,call,77.7,0.62569646,0.623,0.6285,79832.31,300.6
1787350280,btc,1798185600000,180000.0,call,59.47,0.00171935,0.0013,0.0022,79832.31,935.4
1787350280,btc,1790323200000,74000.0,put,40.95,0.02364406,0.0235,0.0245,78913.3,259.1
1787350280,btc,1798185600000,106000.0,put,43.54,0.34762512,0.3395,0.3545,79824.23,0.2
1787350280,btc,1793347200000,94000.0,call,41.86,0.01849957,0.018,0.019,79186.66,131.7
1787350280,btc,1787904000000,84000.0,put,49.49,0.07334525,0.07,0.0765,78686.37,8.5
1787350280,btc,1806048000000,88000.0,put,42.3,0.18536622,0.184,0.188,80684.39,4.5
1787350280,btc,1793347200000,57000.0,put,51.72,0.0061552,0.006,0.0065,79186.66,206.1
1787350280,btc,1788508800000,73000.0,put,43.58,0.00795252,0.0075,0.0085,78765.63,30.4
1787350280,btc,1798185600000,62000.0,put,46.34,0.02261578,0.022,0.0235,79832.31,985.6
1787350280,btc,1813910400000,96000.0,call,42.85,0.0954567,0.0945,0.097,81620.19,0.0
1787350280,btc,1790323200000,45000.0,call,82.22,0.43060866,0.4285,0.4335,78923.24,224.9
1787350280,btc,1806048000000,200000.0,call,55.59,0.00404015,0.0035,0.0048,80692.47,485.2
1787350280,btc,1793347200000,60000.0,put,48.82,0.00835766,0.008,0.009,79186.66,1191.8
1787350280,btc,1793347200000,52000.0,put,56.68,0.00363395,0.0034,0.0041,79186.66,101.7
1787350280,btc,1787472000000,66000.0,call,91.62,0.16074315,0.158,0.163,78658.21,2.0
1787350280,btc,1787385600000,74500.0,put,74.4,0.00012638,0.0001,0.0003,78664.1,48.7
1787350280,btc,1798185600000,140000.0,put,50.88,0.75847636,0.747,0.7705,79832.31,0.3
1787350280,btc,1787904000000,92000.0,put,58.27,0.17002935,0.166,0.1735,78686.37,0.5
1787350280,btc,1806048000000,102000.0,put,42.65,0.31543263,0.306,0.3235,80692.47,0.1
1787350280,btc,1813910400000,104000.0,put,43.0,0.34709943,0.3385,0.356,81620.19,0.0
1787350280,btc,1790323200000,98000.0,put,46.6,0.24640008,0.2415,0.2505,78923.24,0.1
1787350280,btc,1813910400000,98000.0,put,42.87,0.29008784,0.2875,0.2945,81620.19,0.0
1787350280,btc,1787558400000,77000.0,call,44.12,0.02721934,0.026,0.0285,78679.26,82.2
1787350280,btc,1790323200000,40000.0,call,94.74,0.49378501,0.492,0.496,78923.24,34.4
1787350280,btc,1813910400000,100000.0,put,42.9,0.30866323,0.3,0.317,81612.11,0.8
1787350280,btc,1790323200000,155000.0,call,76.57,0.00019576,0.0001,0.0004,78915.16,351.3
1787350280,btc,1787472000000,69500.0,put,66.23,1.467e-05,,0.0002,78658.21,38.6
1787350280,btc,1790323200000,68000.0,put,44.35,0.00878261,0.0085,0.0095,78923.24,2060.2
1787350280,btc,1806048000000,95000.0,call,42.36,0.06943139,0.0685,0.071,80684.39,498.1
1787350280,btc,1793347200000,56000.0,call,52.4,0.2981255,0.295,0.302,79186.66,0.0
1787350280,btc,1798185600000,70000.0,call,43.61,0.16918039,0.1685,0.1705,79832.31,1972.1
1787350280,btc,1798185600000,30000.0,put,77.7,0.00154588,0.0012,0.0021,79824.23,2135.9
1787350280,btc,1787558400000,74500.0,call,48.5,0.05446372,0.0515,0.058,78679.26,22.1
1787350280,btc,1813910400000,95000.0,put,42.84,0.26302549,0.261,0.267,81612.11,20.2
1787350280,btc,1793347200000,70000.0,put,42.33,0.02614245,0.0255,0.027,79178.58,251.9
1787350280,btc,1787385600000,65500.0,put,120.54,2e-08,,,78656.02,102.4
1787350280,btc,1813910400000,82000.0,put,43.08,0.15954842,0.158,0.161,81612.11,2.3
1787350280,btc,1790323200000,180000.0,put,90.67,1.28119576,1.2715,1.29,78923.24,10.5
1787350280,btc,1787558400000,65000.0,put,73.56,1.029e-05,,,78679.26,11.1
1787350280,btc,1787385600000,75000.0,call,66.14,0.04655629,0.045,0.048,78656.02,153.7
1787350280,btc,1793347200000,68000.0,call,43.2,0.16180313,0.1585,0.1665,79186.66,51.1
1787350280,btc,1788508800000,70000.0,put,47.19,0.00385925,0.0037,0.0043,78765.63,74.1
1787350280,btc,1788508800000,75000.0,call,42.41,0.06101949,0.0605,0.0625,78757.55,556.0
1787350280,btc,1787558400000,74000.0,put,50.04,0.00114157,0.0011,0.0014,78679.26,85.5
1787350280,btc,1793347200000,100000.0,call,43.75,0.01141347,0.011,0.0115,79186.66,611.7
1787350280,btc,1798185600000,105000.0,call,43.41,0.02082491,0.02,0.0215,79832.31,835.3
1787350280,btc,1787558400000,73500.0,put,51.61,0.00089625,0.0008,0.0011,78679.26,17.1
1787350280,btc,1798185600000,52000.0,call,52.41,0.35764631,0.3545,0.3615,79832.31,0.1
1787350280,btc,1790323200000,145000.0,put,71.39,0.83772751,0.8305,0.8445,78915.16,0.2
1787350280,btc,1793347200000,81000.0,call,40.46,0.0601735,0.06,0.061,79186.66,48.7
1787350280,btc,1793347200000,55000.0,call,53.63,0.31032101,0.3065,0.314,79186.66,0.1
1787350280,btc,1798185600000,94000.0,put,42.2,0.21844086,0.2115,0.2265,79832.31,5.3
1787350280,btc,1788508800000,68000.0,put,50.28,0.00248668,0.0025,0.0028,78757.55,210.8
1787350280,btc,1813910400000,66000.0,call,44.76,0.26161182,0.2605,0.2645,81620.19,33.6
1787350280,btc,1788508800000,90000.0,put,49.47,0.14645369,0.142,0.15,78765.63,7.3
1787350280,btc,1787472000000,65000.0,put,94.96,8.93e-06,,,78649.6,30.4
1787350280,btc,1787904000000,75000.0,call,46.73,0.05433456,0.0535,0.056,78686.37,3269.7
1787350280,btc,1787385600000,63500.0,put,121.78,0.0,,0.0001,78656.02,107.2
1787350280,btc,1813910400000,66000.0,put,44.76,0.07043822,0.0695,0.072,81620.19,38.1
1787350280,btc,1787472000000,68000.0,call,77.08,0.1353106,0.1345,0.137,78649.6,29.9
1787350280,btc,1787385600000,68500.0,call,104.14,0.12907629,0.128,0.1305,78664.1,19.0
1787350280,btc,1787558400000,76000.0,put,45.16,0.00335841,0.0032,0.0038,78679.26,4.7
1787350280,btc,1798185600000,94000.0,call,42.2,0.04077935,0.04,0.042,79832.31,144.0
1787350280,btc,1787385600000,68000.0,call,109.62,0.13543341,0.134,0.1365,78656.02,58.5
1787350280,btc,1787904000000,72000.0,call,51.01,0.087713,0.085,0.0915,78686.37,2996.7
1787350280,btc,1790323200000,56000.0,call,60.98,0.29242201,0.29,0.2955,78923.24,13.4
1787350280,btc,1790323200000,62000.0,call,51.27,0.21810651,0.2155,0.222,78915.16,597.4
1787350280,btc,1793347200000,105000.0,call,45.01,0.00758552,0.007,0.008,79186.66,106.7
1787350280,btc,1793347200000,55000.0,put,53.63,0.00497622,0.0048,0.0055,79186.66,311.0
1787350280,btc,1788508800000,74000.0,put,42.93,0.01033957,0.01,0.011,78765.63,86.6
1787350280,btc,1813910400000,160000.0,put,46.8,0.97561541,0.956,0.991,81620.19,0.1
1787350280,btc,1790323200000,70000.0,call,42.85,0.1251186,0.1225,0.1295,78923.24,11311.1
1787350280,btc,1787385600000,81000.0,put,69.77,0.03102741,0.0275,0.0345,78656.02,0.0
1787350280,btc,1787385600000,65000.0,put,121.26,1e-08,,,78656.02,97.3
1787350280,btc,1790323200000,260000.0,put,126.25,2.2949995,2.2785,2.308,78923.24,0.0
1787350280,btc,1788508800000,74000.0,call,42.93,0.07070142,0.07,0.0725,78757.55,810.6
1787350280,btc,1787904000000,77000.0,put,45.77,0.01478027,0.0145,0.0155,78686.37,61.8
1787350280,btc,1806048000000,85000.0,call,42.34,0.10785349,0.107,0.1095,80692.47,125.7
1787350280,btc,1787385600000,64000.0,call,121.64,0.18629001,0.185,0.1875,78656.02,30.1
1787350280,btc,1813910400000,102000.0,call,42.94,0.07768099,0.0765,0.0795,81612.11,0.1
1787350280,btc,1798185600000,110000.0,put,44.14,0.39373243,0.3855,0.4025,79824.23,54.2
1787350280,btc,1787904000000,67000.0,put,62.33,0.00074902,0.0006,0.0008,78686.37,663.3
1787350280,btc,1787472000000,63000.0,call,95.9,0.19887806,0.1965,0.2015,78658.21,0.0
1787350280,btc,1806048000000,52000.0,put,49.09,0.01818683,0.0175,0.019,80692.47,126.2
1787350280,btc,1787644800000,70000.0,call,60.43,0.11068526,0.108,0.1135,78688.65,0.0
1787350280,btc,1787644800000,83000.0,call,53.07,0.00404352,0.0038,0.0045,78688.65,24.0
1787350280,btc,1793347200000,89000.0,call,40.94,0.02909187,0.0285,0.03,79186.66,4.5
1787350280,btc,1793347200000,61000.0,put,47.98,0.00932386,0.009,0.01,79186.66,212.4
1787350280,btc,1787472000000,79000.0,call,44.05,0.00880442,0.0085,0.0095,78658.21,60.3
1787350280,btc,1788508800000,79000.0,call,42.22,0.03078507,0.0305,0.032,78765.63,48.2
1787350280,btc,1787644800000,84000.0,put,54.99,0.07061606,0.068,0.074,78688.65,0.0
1787350280,btc,1813910400000,60000.0,put,45.96,0.04855446,0.0475,0.05,81620.19,157.4
1787350280,btc,1787385600000,64000.0,put,121.64,0.0,,,78664.1,62.7
1787350280,btc,1798185600000,125000.0,put,47.16,0.57360757,0.564,0.5835,79832.31,9.1
1787350280,btc,1789113600000,71000.0,call,42.93,0.10653377,0.1035,0.1105,78801.94,2.1
1787350280,btc,1789113600000,80000.0,call,41.07,0.03183868,0.0315,0.033,78793.83,682.1
1787350280,btc,1787472000000,64000.0,call,95.79,0.18616422,0.184,0.189,78658.21,0.0
1787350280,btc,1806048000000,110000.0,put,43.18,0.3998937,0.39,0.4085,80692.47,4.5
1787350280,btc,1787644800000,75000.0,put,48.31,0.00361536,0.0035,0.0039,78688.65,11.2
1787350280,btc,1806048000000,52000.0,call,49.09,0.3736345,0.3685,0.3785,80692.47,5.3
1787350280,btc,1790323200000,90000.0,put,42.61,0.15202475,0.147,0.1565,78923.24,588.2
1787350280,btc,1813910400000,50000.0,put,48.92,0.0241544,0.0235,0.0255,81612.11,327.9
1787350280,btc,1790323200000,320000.0,put,144.86,3.0553325,3.034,3.075,78923.24,25.1
1787350280,btc,1793347200000,105000.0,put,45.01,0.33374547,0.3265,0.3395,79186.66,0.0
1787350280,btc,1787644800000,73000.0,call,52.59,0.07369793,0.07,0.077,78680.57,0.0
1787350280,btc,1806048000000,68000.0,call,44.14,0.21810901,0.217,0.22,80692.47,96.7
1787350280,btc,1798185600000,52000.0,put,52.41,0.00911864,0.0085,0.0095,79832.31,527.1
1787350280,btc,1790323200000,94000.0,call,44.41,0.00700834,0.0065,0.0075,78923.24,171.4
1787350280,btc,1793347200000,83000.0,put,40.46,0.09868703,0.097,0.0995,79186.66,0.0
1787350280,btc,1787558400000,80000.0,call,46.96,0.00835345,0.008,0.009,78679.26,245.6
1787350280,btc,1798185600000,96000.0,call,42.37,0.03598205,0.0355,0.037,79832.31,1344.6
1787350280,btc,1787385600000,64500.0,put,121.37,0.0,,,78656.02,71.9
1787350280,btc,1789113600000,70000.0,call,43.84,0.11775553,0.1145,0.1215,78793.83,286.0
1787350280,btc,1787385600000,83000.0,call,85.59,0.00034472,0.0002,0.0005,78664.1,35.4
1787350280,btc,1813910400000,170000.0,call,47.72,0.0120405,0.011,0.013,81620.19,57.0
1787350280,btc,1787904000000,83000.0,call,48.39,0.00744403,0.007,0.008,78686.37,543.1
1787350280,btc,1798185600000,68000.0,call,44.14,0.18692879,0.186,0.1885,79832.31,936.9
1787350280,btc,1787472000000,85000.0,call,68.34,0.00058172,0.0005,0.0008,78649.6,14.9
1787350280,btc,1813910400000,40000.0,call,54.3,0.52149456,0.5165,0.5255,81620.19,17.0
1787350280,btc,1787904000000,74000.0,call,47.73,0.06484261,0.064,0.0665,78686.37,2642.8
1787350280,btc,1790323200000,94000.0,put,44.41,0.19820444,0.1935,0.203,78915.16,1.9
1787350280,btc,1806048000000,100000.0,call,42.54,0.0557166,0.055,0.057,80692.47,568.5
1787350280,btc,1787385600000,68000.0,put,109.62,2.8e-07,,,78664.1,133.2
1787350280,btc,1806048000000,68000.0,put,44.14,0.06098512,0.06,0.0625,80692.47,65.0
1787350280,btc,1787385600000,66500.0,put,119.32,1.1e-07,,,78664.1,174.5
1787350280,btc,1787558400000,78500.0,put,44.58,0.01337868,0.013,0.014,78679.26,0.0
1787350280,btc,1787385600000,69000.0,call,100.27,0.12271926,0.1215,0.124,78664.1,102.7
1787350280,btc,1788508800000,55000.0,call,80.31,0.30204765,0.2995,0.305,78757.55,0.0
1787350280,btc,1787644800000,88000.0,put,64.59,0.11953756,0.116,0.123,78688.65,0.0
1787350280,btc,1813910400000,52000.0,put,48.17,0.02790761,0.027,0.029,81620.19,26.4
1787350280,btc,1789113600000,85000.0,call,42.7,0.01372159,0.0135,0.0145,78793.83,74.1
1787350280,btc,1790323200000,78000.0,put,40.15,0.04329937,0.043,0.044,78923.24,750.0
1787350280,btc,1787644800000,74000.0,call,50.08,0.06175879,0.0585,0.0645,78680.57,0.0
1787350280,btc,1787472000000,64500.0,put,95.67,6e-06,,,78649.6,28.5
1787350280,btc,1787904000000,67000.0,call,62.33,0.14914324,0.1465,0.1515,78686.37,1842.9
1787350280,btc,1806048000000,125000.0,put,44.68,0.56985754,0.558,0.5795,80692.47,0.1
1787350280,btc,1806048000000,115000.0,call,43.67,0.02986959,0.029,0.031,80692.47,770.6
1787350280,btc,1787472000000,75000.0,call,48.06,0.04698093,0.0455,0.049,78649.6,29.1
1787350280,btc,1806048000000,86000.0,call,42.32,0.10325849,0.102,0.105,80692.47,135.0
1787350280,btc,1787385600000,62000.0,put,121.78,0.0,,0.0001,78664.1,60.3
1787350280,btc,1789113600000,95000.0,call,49.74,0.00306653,0.0027,0.0032,78801.94,12.8
1787350280,btc,1787558400000,62000.0,put,74.8,5.5e-07,,0.0001,78679.26,0.4
1787350280,btc,1787904000000,46000.0,call,126.63,0.41533926,0.4135,0.417,78686.37,1.7
1787350280,btc,1789113600000,67000.0,call,47.49,0.15310646,0.1505,0.1565,78801.94,0.0
1787350280,btc,1787558400000,85000.0,put,60.97,0.08177386,0.0785,0.0855,78679.26,0.0
1787350280,btc,1813910400000,80000.0,put,43.19,0.14594026,0.1445,0.1475,81620.19,32.2
1787350280,btc,1788508800000,79000.0,put,42.22,0.03391229,0.033,0.035,78765.63,1.2
1787350280,btc,1798185600000,55000.0,put,50.38,0.01202582,0.0115,0.013,79832.31,2501.8
1787350280,btc,1790323200000,98000.0,call,46.6,0.00451479,0.0043,0.0048,78915.16,357.4
1787350280,btc,1787385600000,77000.0,call,51.57,0.02190715,0.0205,0.0235,78656.02,115.2
1787350280,btc,1787472000000,66500.0,put,87.92,1.498e-05,,,78658.21,18.7
1787350280,btc,1787472000000,73000.0,call,56.53,0.07192214,0.071,0.0735,78649.6,53.7
1787350280,btc,1813910400000,30000.0,put,60.72,0.00473408,0.0039,0.006,81612.11,297.2
1787350280,btc,1787472000000,62500.0,put,95.9,7.1e-07,,0.0001,78658.21,7.1
1787350280,btc,1790323200000,100000.0,put,47.69,0.27090034,0.266,0.2755,78915.16,430.9
1787350280,btc,1793347200000,102000.0,call,44.09,0.00954075,0.009,0.01,79186.66,5.9
1787350280,btc,1787385600000,78000.0,call,50.76,0.0116915,0.011,0.013,78664.1,121.3
1787350280,btc,1787644800000,69000.0,call,63.99,0.12328152,0.1205,0.126,78688.65,0.0
1787350280,btc,1787644800000,71000.0,put,58.1,0.00070814,0.0006,0.001,78680.57,32.3
1787350280,btc,1787904000000,64000.0,call,70.42,0.18692251,0.1845,0.19,78686.37,765.0
1787350280,btc,1790323200000,102000.0,call,48.76,0.00300059,0.0027,0.0031,78923.24,132.5
1787350280,btc,1787904000000,71000.0,call,53.02,0.09968761,0.097,0.1035,78686.37,1955.2
1787350280,btc,1806048000000,102000.0,call,42.65,0.05111846,0.05,0.0525,80692.47,126.9
1787350280,btc,1798185600000,78000.0,put,42.32,0.08659891,0.0855,0.088,79824.23,319.5
1787350280,btc,1787904000000,71000.0,put,53.02,0.00213554,0.002,0.0025,78686.37,230.3
1787350280,btc,1813910400000,76000.0,put,43.49,0.12082745,0.1195,0.1225,81612.11,30.7
1787350280,btc,1789113600000,79000.0,call,40.87,0.03728534,0.037,0.0385,78793.83,3.8
1787350280,btc,1787472000000,74500.0,put,50.53,0.00052877,0.0004,0.0007,78658.21,21.8
1787350280,btc,1790323200000,80000.0,call,40.25,0.04302167,0.043,0.044,78923.24,3994.2
1787350280,btc,1787472000000,59000.0,call,95.9,0.24974177,0.247,0.252,78658.21,0.0
1787350280,btc,1813910400000,78000.0,call,43.33,0.17715843,0.176,0.1795,81620.19,13.2
1787350280,btc,1787904000000,58000.0,call,90.28,0.26296567,0.2605,0.266,78686.37,155.0
1787350280,btc,1788508800000,84000.0,call,44.37,0.01135111,0.011,0.012,78765.63,7.7
1787350280,btc,1787472000000,82000.0,call,54.45,0.00179651,0.0017,0.0021,78649.6,17.9
1787350280,btc,1813910400000,62000.0,call,45.52,0.29538543,0.294,0.298,81612.11,116.9
1787350280,btc,1790323200000,92000.0,put,43.46,0.17478747,0.1695,0.179,78923.24,4.3
1787350280,btc,1787472000000,68500.0,call,74.56,0.1289552,0.128,0.1305,78658.21,55.1
1787350280,btc,1787644800000,83000.0,put,53.07,0.05896636,0.0565,0.0625,78688.65,0.0
1787350280,btc,1806048000000,58000.0,call,46.77,0.31053761,0.305,0.315,80692.47,4.3
1787350280,btc,1806048000000,94000.0,call,42.34,0.07258114,0.0715,0.074,80692.47,132.9
1787350280,btc,1787904000000,53000.0,put,111.6,0.00014092,0.0001,0.0002,78686.37,1792.7
1787350280,btc,1806048000000,72000.0,call,43.47,0.18665023,0.1855,0.1885,80692.47,95.4
1787350280,btc,1813910400000,50000.0,call,48.92,0.41140712,0.41,0.414,81612.11,17.5
1787350280,btc,1787385600000,85000.0,call,93.42,6.892e-05,,0.0003,78656.02,250.9
1787350280,btc,1787385600000,74000.0,put,82.19,0.00012465,0.0001,0.0002,78656.02,151.2
1787350280,btc,1798185600000,55000.0,call,50.38,0.32296855,0.318,0.3275,79832.31,44.9
1787350280,btc,1787558400000,75500.0,call,45.99,0.04279973,0.04,0.0465,78679.26,1.2
1787350280,btc,1787385600000,73500.0,put,82.68,6.299e-05,,0.0001,78656.02,37.4
1787350280,btc,1790323200000,52000.0,call,68.33,0.34252775,0.34,0.3455,78915.16,150.0
1787350280,btc,1798185600000,240000.0,call,69.32,0.00071257,0.0005,0.0011,79832.31,791.8
1787350280,btc,1787904000000,69000.0,put,57.63,0.00125047,0.0012,0.0016,78686.37,872.6
1787350280,btc,1789113600000,86000.0,call,43.18,0.01157148,0.011,0.0125,78801.94,69.2
1787350280,btc,1787644800000,75500.0,call,47.64,0.04488809,0.0435,0.0465,78688.65,0.8
1787350280,btc,1787472000000,67500.0,put,80.14,1.386e-05,,,78658.21,2.7
1787350280,btc,1806048000000,66000.0,put,44.54,0.05315276,0.0525,0.0545,80692.47,109.2
1787350280,btc,1787558400000,83000.0,call,54.28,0.00246267,0.0023,0.0028,78679.26,30.6
1787350280,btc,1798185600000,75000.0,call,42.66,0.12964675,0.129,0.131,79824.23,1956.2
1787350280,btc,1789113600000,88000.0,call,44.27,0.00827364,0.008,0.009,78793.83,85.6
1787350280,btc,1790323200000,77000.0,put,40.24,0.03750127,0.037,0.0385,78915.16,782.4
1787350280,btc,1787385600000,62000.0,call,121.78,0.21171844,0.209,0.2145,78656.02,0.1
1787350280,btc,1787558400000,79500.0,put,45.97,0.02084269,0.02,0.022,78679.26,0.0
1787350280,btc,1806048000000,35000.0,put,60.01,0.00417923,0.0037,0.005,80692.47,614.5
1787350280,btc,1787385600000,76500.0,put,53.33,0.00045607,0.0004,0.0006,78656.02,165.4
1787350280,btc,1813910400000,30000.0,call,60.72,0.63708572,0.6335,0.6405,81612.11,38.8
1787350280,btc,1787472000000,84000.0,call,63.79,0.00081782,0.0007,0.001,78658.21,21.8
1787350280,btc,1793347200000,73000.0,call,41.34,0.11488786,0.1145,0.117,79186.66,196.5
1787350280,btc,1787644800000,68000.0,put,64.43,0.00018687,0.0001,0.0005,78680.57,12.4
1787350280,btc,1787904000000,61000.0,put,76.67,0.00017653,0.0001,0.0004,78686.37,1545.4
1787350280,btc,1787558400000,71000.0,call,60.99,0.09782229,0.095,0.101,78679.26,2.0
1787350280,btc,1793347200000,81000.0,put,40.46,0.08321117,0.082,0.084,79186.66,0.0
1787350280,btc,1790323200000,50000.0,put,71.95,0.00124442,0.001,0.0016,78923.24,3667.5
1787350280,btc,1787472000000,73500.0,put,55.08,0.00030038,0.0002,0.0005,78658.21,24.8
1787350280,btc,1787385600000,57000.0,put,121.78,0.0,,0.0001,78656.02,6.3
1787350280,btc,1806048000000,64000.0,put,45.01,0.04614041,0.0455,0.0475,80692.47,126.7
1787350280,btc,1788508800000,84000.0,put,44.37,0.07796739,0.0735,0.082,78765.63,0.0
1787350280,btc,1787904000000,61000.0,call,76.67,0.22483395,0.222,0.228,78686.37,611.6
1787350280,btc,1806048000000,115000.0,put,43.67,0.45532184,0.4445,0.467,80692.47,2.2
1787350280,btc,1806048000000,35000.0,call,60.01,0.57034594,0.567,0.574,80684.39,8.8
1787350280,btc,1787644800000,73000.0,put,52.59,0.00152164,0.0014,0.0018,78688.65,13.8
1787350280,btc,1813910400000,54000.0,put,47.57,0.03228819,0.0315,0.0335,81620.19,21.2
1787350280,btc,1793347200000,77000.0,call,40.52,0.0840339,0.084,0.086,79186.66,60.4
1787350280,btc,1790323200000,140000.0,put,69.99,0.77445708,0.769,0.781,78923.24,1.4
1787350280,btc,1787472000000,58000.0,call,95.9,0.26245801,0.26,0.2645,78649.6,0.0
1787350280,btc,1787472000000,71500.0,put,62.63,8.782e-05,,0.0003,78658.21,15.7
1787350280,btc,1787385600000,68500.0,put,104.14,2.7e-07,,,78664.1,56.5
1787350280,btc,1787904000000,70000.0,call,55.16,0.11187065,0.1095,0.1155,78686.37,2705.3
1787350280,btc,1789113600000,84000.0,put,42.29,0.08239366,0.078,0.0865,78793.83,0.0
1787350280,btc,1806048000000,108000.0,put,43.05,0.37830004,0.3685,0.3865,80692.47,0.1
1787350280,btc,1787385600000,72500.0,call,82.68,0.07823157,0.077,0.0795,78656.02,5.9
1787350280,btc,1806048000000,180000.0,call,53.05,0.00560017,0.0049,0.006,80692.47,503.9
1787350280,btc,1787472000000,67000.0,call,84.16,0.14802656,0.147,0.1495,78658.21,64.3
1787350280,btc,1806048000000,84000.0,put,42.38,0.15388364,0.1525,0.1555,80684.39,55.2
1787350280,btc,1787472000000,70500.0,put,63.01,2.908e-05,,0.0003,78649.6,15.0
1787350280,btc,1787904000000,76000.0,put,46.01,0.01065426,0.0105,0.0115,78686.37,150.1
1787350280,btc,1787472000000,58000.0,put,95.9,0.0,,0.0001,78658.21,4.4
1787350280,btc,1793347200000,72000.0,put,41.62,0.03293437,0.0325,0.0335,79186.66,57.4
1787350280,btc,1787558400000,62000.0,call,74.8,0.21189475,0.2095,0.2145,78679.26,0.0
1787350280,btc,1788508800000,90000.0,call,49.47,0.00365053,0.0034,0.0039,78765.63,38.0
1787350280,btc,1788508800000,76000.0,call,42.1,0.05212792,0.0515,0.054,78757.55,152.7
1787350280,btc,1787385600000,73000.0,call,82.68,0.07189084,0.0705,0.073,78664.1,62.4
1787350280,btc,1793347200000,50000.0,put,59.19,0.00305452,0.0028,0.0035,79186.66,362.2
1787350280,btc,1787472000000,77000.0,call,42.33,0.02397133,0.023,0.0255,78658.21,84.8
1787350280,btc,1787558400000,78500.0,call,44.58,0.01553504,0.015,0.0165,78679.26,1.0
1787350280,btc,1790323200000,120000.0,call,59.66,0.00085324,0.0006,0.001,78923.24,1150.4
1787350280,btc,1787558400000,70000.0,put,64.54,0.00022388,0.0001,0.0005,78679.26,35.2
1787350280,btc,1793347200000,78000.0,call,40.43,0.07740118,0.0775,0.079,79186.66,296.9
1787350280,btc,1790323200000,170000.0,put,85.18,1.15447392,1.1455,1.1625,78923.24,0.0
1787350280,btc,1787904000000,72000.0,put,51.01,0.00287146,0.0028,0.0032,78686.37,731.0
1787350280,btc,1788508800000,65000.0,call,56.17,0.17609912,0.1735,0.1795,78765.63,298.5
1787350280,btc,1788508800000,66000.0,call,54.3,0.16369666,0.161,0.167,78765.63,459.6
1787350280,btc,1806048000000,88000.0,call,42.3,0.09458537,0.0935,0.0965,80684.39,76.7
1787350280,btc,1793347200000,83000.0,call,40.46,0.05038917,0.05,0.0515,79186.66,67.5
1787350280,btc,1806048000000,74000.0,put,43.19,0.08943862,0.0885,0.091,80692.47,54.1
1787350280,btc,1806048000000,170000.0,call,51.32,0.00647682,0.0055,0.0075,80692.47,379.6
1787350280,btc,1787385600000,66000.0,call,120.02,0.16086162,0.1595,0.162,78664.1,149.0
1787350280,btc,1787904000000,73000.0,put,49.36,0.0039536,0.0038,0.0043,78686.37,379.7
1787350280,btc,1787385600000,65000.0,call,121.26,0.1735758,0.1705,0.176,78656.02,0.5
1787350280,btc,1806048000000,74000.0,call,43.19,0.17219108,0.171,0.174,80692.47,73.2
1787350280,btc,1790323200000,81000.0,call,40.35,0.03792899,0.0375,0.039,78923.24,1.7
1787350280,btc,1798185600000,64000.0,put,45.48,0.02713653,0.0265,0.028,79832.31,347.3
1787350280,btc,1787904000000,84000.0,call,49.49,0.00566038,0.0055,0.0065,78686.37,112.0
1787350280,btc,1806048000000,54000.0,call,48.32,0.35218686,0.347,0.3575,80684.39,0.1
1787350280,btc,1813910400000,96000.0,put,42.85,0.27193147,0.2695,0.276,81612.11,0.0
1787350280,btc,1790323200000,115000.0,call,56.97,0.00117448,0.0009,0.0014,78915.16,2145.4
1787350280,btc,1787904000000,60000.0,call,81.14,0.23754436,0.2355,0.2405,78686.37,425.9
1787350280,btc,1813910400000,84000.0,put,42.99,0.17380526,0.1725,0.1755,81612.11,0.1
1787350280,btc,1806048000000,120000.0,put,44.15,0.51201457,0.5005,0.5215,80684.39,1.8
1787350280,btc,1787644800000,78000.0,call,46.56,0.02251631,0.022,0.0235,78688.65,82.7
1787350280,btc,1789113600000,81000.0,call,41.33,0.02707956,0.027,0.028,78793.83,0.0
1787350280,btc,1793347200000,78000.0,put,40.43,0.06254857,0.0615,0.063,79186.66,51.1
1787350280,btc,1789113600000,82000.0,put,41.61,0.06364022,0.0625,0.065,78801.94,0.0
1787350280,btc,1787644800000,86000.0,put,59.25,0.09460235,0.0915,0.0985,78680.57,0.0
1787350280,btc,1806048000000,104000.0,put,42.73,0.33591679,0.3265,0.344,80692.47,0.1
1787350280,btc,1787385600000,67500.0,put,115.04,2.9e-07,,,78656.02,1.9
1787350280,btc,1787385600000,70500.0,put,85.58,4.3e-07,,0.0001,78664.1,43.1
1787350280,btc,1787558400000,70500.0,call,63.51,0.10414222,0.101,0.1065,78679.26,0.4
1787350280,btc,1787558400000,66000.0,put,72.01,2.033e-05,,,78679.26,3.8
1787350280,btc,1787904000000,57000.0,put,94.94,0.00017675,0.0001,0.0004,78686.37,1116.7
1787350280,btc,1806048000000,94000.0,put,42.34,0.23773342,0.2295,0.245,80692.47,9.1
1787350280,btc,1788508800000,67000.0,put,52.05,0.0020369,0.0019,0.0023,78765.63,583.9
1787350280,btc,1798185600000,100000.0,put,42.75,0.28088262,0.2735,0.2885,79832.31,303.2
1787350280,btc,1798185600000,75000.0,put,42.66,0.0692703,0.0685,0.0705,79832.31,1011.6
1787350280,btc,1787904000000,70000.0,put,55.16,0.00160804,0.0015,0.0019,78686.37,940.5
1787350280,btc,1787904000000,60000.0,put,81.14,0.00017641,0.0001,0.0004,78686.37,2424.2
1787350280,btc,1790323200000,130000.0,call,64.7,0.00048872,0.0003,0.0008,78923.24,1417.0
1787350280,btc,1806048000000,76000.0,call,42.98,0.15866169,0.1585,0.16,80692.47,528.5
1787350280,btc,1789113600000,90000.0,call,45.41,0.00593813,0.0055,0.0065,78793.83,488.1
1787350280,btc,1787472000000,82000.0,put,54.45,0.04452829,0.0405,0.0475,78658.21,0.0
1787350280,btc,1813910400000,92000.0,call,42.84,0.10959432,0.1085,0.1115,81612.11,14.6
1787350280,btc,1793347200000,65000.0,put,44.86,0.01448501,0.014,0.015,79186.66,404.9
1787350280,btc,1793347200000,59000.0,put,49.54,0.00740648,0.007,0.008,79186.66,79.1
1787350280,btc,1787385600000,74000.0,call,82.19,0.05927247,0.058,0.0605,78664.1,46.6
1787350280,btc,1790323200000,92000.0,call,43.46,0.00893597,0.0085,0.0095,78915.16,788.0
1787350280,btc,1790323200000,83000.0,put,40.66,0.0810751,0.08,0.0825,78915.16,0.0
1787350280,btc,1790323200000,125000.0,call,61.89,0.00060932,0.0004,0.0009,78915.16,2307.5
1787350280,btc,1793347200000,82000.0,call,40.45,0.05509672,0.055,0.056,79186.66,1143.7
1787350280,btc,1798185600000,120000.0,put,46.01,0.51276682,0.5045,0.5225,79832.31,35.7
1787350280,btc,1787472000000,77500.0,call,42.41,0.01924282,0.0185,0.021,78649.6,107.3
1787350280,btc,1793347200000,110000.0,call,46.93,0.00549754,0.005,0.0055,79186.66,19.5
1787350280,btc,1787904000000,56000.0,call,99.68,0.28838694,0.286,0.2905,78686.37,63.3
1787350280,btc,1788508800000,66000.0,put,54.3,0.00175231,0.0016,0.0021,78765.63,160.8
1787350280,btc,1787558400000,80000.0,put,46.96,0.02526417,0.0245,0.027,78679.26,0.0
1787350280,btc,1813910400000,70000.0,put,44.17,0.08850212,0.0875,0.09,81620.19,13.5
1787350280,btc,1798185600000,220000.0,put,66.38,1.75714325,1.7405,1.7775,79832.31,0.0
1787350280,btc,1787558400000,72000.0,put,57.53,0.00050026,0.0004,0.0007,78679.26,47.0
1787350280,btc,1806048000000,65000.0,call,44.78,0.24388549,0.2425,0.246,80692.47,368.6
1787350280,btc,1806048000000,130000.0,call,45.26,0.01718216,0.0165,0.018,80692.47,1091.0
1787350280,btc,1813910400000,180000.0,call,48.87,0.01020655,0.009,0.0115,81612.11,20.2
1787350280,btc,1787558400000,67000.0,put,70.33,3.877e-05,,0.0003,78679.26,1.5
1787350280,btc,1790323200000,175000.0,call,87.77,0.00017796,,0.0002,78923.24,1368.4
1787350280,btc,1793347200000,77000.0,put,40.52,0.0565512,0.056,0.057,79186.66,54.3
1787350280,btc,1787904000000,74000.0,put,47.73,0.00542213,0.005,0.006,78686.37,593.9
1787350280,btc,1787904000000,50000.0,call,112.32,0.36451175,0.3625,0.367,78686.37,51.0
1787350280,btc,1789113600000,76000.0,put,40.71,0.02260205,0.0225,0.0235,78793.83,68.2
1787350280,btc,1806048000000,84000.0,call,42.38,0.11268373,0.1115,0.1145,80692.47,265.0
1787350280,btc,1787472000000,80000.0,call,47.04,0.00507918,0.0049,0.0055,78658.21,86.5
1787350280,btc,1787558400000,81000.0,call,49.17,0.00549369,0.005,0.006,78679.26,61.4
1787350280,btc,1813910400000,160000.0,call,46.8,0.01482413,0.014,0.016,81620.19,516.5
1787350280,btc,1813910400000,170000.0,put,47.72,1.09538124,1.074,1.1125,81620.19,14.7
1787350280,btc,1787558400000,75000.0,call,47.17,0.04855212,0.0455,0.052,78679.26,11.0
1787350280,btc,1790323200000,86000.0,put,41.3,0.10942062,0.1045,0.114,78915.16,11.6
1787350280,btc,1790323200000,68000.0,call,44.35,0.14706628,0.1435,0.1515,78915.16,961.1
1787350280,btc,1789113600000,73000.0,put,41.66,0.01190058,0.0115,0.0125,78801.94,23.1
1787350280,btc,1787472000000,66000.0,put,91.62,1.507e-05,,,78658.21,17.7
1787350280,btc,1790323200000,280000.0,call,132.14,0.00018545,,0.0002,78915.16,76.2
1787350280,btc,1798185600000,230000.0,call,67.81,0.00079486,0.0005,0.0012,79832.31,202.3
1787350280,btc,1787558400000,72000.0,call,57.53,0.08528061,0.082,0.0885,78679.26,86.3
1787350280,btc,1787644800000,85000.0,call,57.02,0.00208904,0.0019,0.0024,78680.57,2.3
1787350280,btc,1787472000000,77500.0,put,42.41,0.00475152,0.0045,0.0055,78658.21,14.7
1787350280,btc,1813910400000,98000.0,call,42.87,0.08910318,0.088,0.091,81612.11,2.0
1787350280,btc,1787385600000,57000.0,call,121.78,0.27528953,0.2725,0.278,78664.1,0.1
1787350280,btc,1798185600000,50000.0,put,54.5,0.00796262,0.008,0.0085,79832.31,2225.7
1787350280,btc,1787904000000,65000.0,call,66.31,0.17423643,0.172,0.177,78686.37,1366.4
1787350280,btc,1787904000000,68000.0,put,59.97,0.00096536,0.0009,0.0011,78686.37,959.9
1787350280,btc,1787904000000,76000.0,call,46.01,0.04465366,0.0435,0.046,78686.37,1473.9
1787350280,btc,1787385600000,75500.0,call,59.01,0.0402123,0.039,0.0415,78664.1,5.2
1787350280,btc,1788508800000,55000.0,put,80.31,0.00042736,0.0002,0.0006,78765.63,206.6
1787350280,btc,1788508800000,77000.0,put,41.99,0.02184259,0.0215,0.0225,78757.55,80.6
1787350280,btc,1798185600000,54000.0,put,51.07,0.01100082,0.0105,0.012,79824.23,1867.6
1787350280,btc,1789113600000,75000.0,call,40.92,0.06651242,0.066,0.0685,78801.94,67.8
1787350280,btc,1798185600000,92000.0,put,42.07,0.19884735,0.192,0.2065,79832.31,5.6
1787350280,btc,1787904000000,40000.0,call,127.35,0.49157946,0.49,0.4935,78686.37,24.2
1787350280,btc,1806048000000,78000.0,put,42.73,0.11260199,0.1115,0.1145,80692.47,183.3
1787350280,btc,1787558400000,64000.0,call,74.75,0.1864762,0.184,0.1895,78679.26,0.0
1787350280,btc,1790323200000,54000.0,call,64.72,0.31746355,0.315,0.3205,78915.16,7.4
1787350280,btc,1798185600000,108000.0,call,43.84,0.01748958,0.017,0.018,79832.31,128.7
1787350280,btc,1798185600000,60000.0,put,47.56,0.01912794,0.019,0.02,79832.31,6614.4
1787350280,btc,1813910400000,58000.0,call,46.43,0.33173793,0.3305,0.3345,81612.11,13.9
1787350280,btc,1798185600000,250000.0,put,70.6,2.1327068,2.113,2.16,79832.31,10.0
1787350280,btc,1789113600000,69000.0,call,45.03,0.12935639,0.1265,0.133,78801.94,1.2
1787350280,btc,1787558400000,79000.0,put,45.11,0.0168459,0.016,0.0175,78679.26,6.4
1787350280,btc,1790323200000,85000.0,call,41.06,0.02242268,0.022,0.023,78915.16,1397.1
1787350280,btc,1787385600000,74500.0,call,74.4,0.05291709,0.0495,0.0555,78664.1,0.3
1787350280,btc,1806048000000,190000.0,put,54.36,1.35982183,1.3395,1.376,80692.47,0.9
1787350280,btc,1787472000000,83000.0,put,58.99,0.0566226,0.0535,0.06,78649.6,0.0
1787350280,btc,1789113600000,78000.0,put,40.69,0.03336073,0.033,0.034,78793.83,32.0
1787350280,btc,1798185600000,160000.0,call,55.25,0.00257443,0.0022,0.0031,79832.31,1260.8
1787350280,btc,1789113600000,77000.0,call,40.63,0.05033607,0.05,0.0515,78801.94,78.7
1787350280,btc,1798185600000,88000.0,put,41.93,0.16200669,0.1605,0.164,79832.31,4.5
1787350280,btc,1790323200000,96000.0,put,45.52,0.22215122,0.2165,0.2265,78915.16,1.0
1787350280,btc,1798185600000,96000.0,put,42.37,0.23870019,0.2315,0.244,79824.23,11.3
1787350280,btc,1798185600000,90000.0,call,41.99,0.05248381,0.052,0.0535,79832.31,3547.1
1787350280,btc,1806048000000,66000.0,call,44.54,0.23506712,0.234,0.237,80692.47,26.6
1787350280,btc,1787385600000,58000.0,call,121.78,0.26257532,0.26,0.2645,78664.1,0.0
1787350280,btc,1813910400000,62000.0,put,45.52,0.05519206,0.054,0.0565,81620.19,67.8
1787350280,btc,1806048000000,200000.0,put,55.59,1.48308755,1.4615,1.5005,80692.47,1.0
1787350280,btc,1806048000000,45000.0,call,53.12,0.45260883,0.4475,0.456,80692.47,3.3
1787350280,btc,1790323200000,30000.0,put,120.54,0.00031589,0.0002,0.0007,78915.16,2550.8
1787350280,btc,1789113600000,70000.0,put,43.84,0.00616699,0.006,0.007,78793.83,68.1
1787350280,btc,1788508800000,80000.0,put,42.51,0.04127324,0.0405,0.042,78765.63,31.3
1787350280,btc,1793347200000,95000.0,call,42.1,0.01695222,0.0165,0.0175,79186.66,576.1
1787350280,btc,1788508800000,85000.0,call,45.08,0.0092886,0.009,0.01,78765.63,161.8
1787350280,btc,1806048000000,160000.0,call,49.42,0.00755929,0.007,0.008,80692.47,862.5
1787350280,btc,1790323200000,260000.0,call,126.25,0.00020178,,0.0002,78923.24,293.4
1787350280,btc,1788508800000,82000.0,put,43.32,0.05832822,0.057,0.06,78765.63,0.0
1787350280,btc,1793347200000,50000.0,call,59.19,0.37154979,0.3685,0.375,79186.66,0.1
1787350280,btc,1787644800000,71000.0,call,58.1,0.09821709,0.095,0.1015,78688.65,1.0
1787350280,btc,1798185600000,66000.0,put,44.75,0.03251473,0.032,0.0335,79832.31,369.4
1787350280,btc,1790323200000,82000.0,call,40.5,0.03336783,0.033,0.0345,78915.16,4465.3
1787350280,btc,1793347200000,96000.0,call,42.32,0.01551199,0.015,0.016,79186.66,15.2
1787350280,btc,1806048000000,92000.0,put,42.31,0.21965521,0.2135,0.228,80692.47,0.6
1787350280,btc,1798185600000,190000.0,put,61.43,1.38183377,1.366,1.398,79832.31,0.0
1787350280,btc,1798185600000,35000.0,call,70.49,0.56382246,0.561,0.567,79832.31,77.8
1787350280,btc,1787558400000,63000.0,put,74.79,1.69e-06,,,78679.26,1.7
1787350280,btc,1798185600000,160000.0,put,55.25,1.00710467,0.994,1.021,79832.31,0.1
1787350280,btc,1787472000000,78500.0,call,43.14,0.01159411,0.011,0.0125,78658.21,56.8
1787350280,btc,1798185600000,120000.0,call,46.01,0.00936914,0.009,0.01,79832.31,5906.3
1787350280,btc,1806048000000,72000.0,put,43.47,0.0791073,0.078,0.0805,80684.39,145.4
1787350280,btc,1798185600000,150000.0,call,53.09,0.00333221,0.003,0.0036,79832.31,1669.4
1787350280,btc,1787644800000,76000.0,put,46.97,0.00572193,0.0055,0.0065,78688.65,45.5
1787350280,btc,1793347200000,58000.0,put,50.75,0.00682262,0.0065,0.0075,79186.66,137.9
1787350280,btc,1813910400000,190000.0,call,49.82,0.00862881,0.0075,0.0095,81612.11,9.6
1787350280,btc,1806048000000,58000.0,put,46.77,0.02946136,0.029,0.0305,80692.47,134.6
1787350280,btc,1787904000000,54000.0,put,106.74,0.00014084,0.0001,0.0002,78686.37,1732.0
1787350280,btc,1787904000000,81000.0,call,46.88,0.01308006,0.013,0.014,78686.37,1263.2
1787350280,btc,1788508800000,67000.0,call,52.05,0.15128344,0.1485,0.154,78765.63,980.0
1787350280,btc,1787904000000,95000.0,call,62.27,0.00034661,0.0002,0.0004,78686.37,148.2
1787350280,btc,1813910400000,100000.0,call,42.9,0.08316868,0.082,0.085,81612.11,185.2
1787350280,btc,1787558400000,68000.0,call,70.3,0.13571635,0.1325,0.138,78679.26,0.0
1787350280,btc,1787385600000,61000.0,call,121.78,0.22443266,0.222,0.2265,78664.1,0.0
1787350280,btc,1790323200000,88000.0,call,41.9,0.0149948,0.0145,0.0155,78923.24,1067.1
1787350280,btc,1798185600000,66000.0,call,44.75,0.20564601,0.2005,0.211,79832.31,282.1
1787350280,btc,1798185600000,102000.0,call,43.03,0.02490913,0.0245,0.0255,79832.31,366.5
1787350280,btc,1787904000000,69000.0,call,57.63,0.12422361,0.1215,0.127,78686.37,2447.7
1787350280,btc,1806048000000,104000.0,call,42.73,0.04681214,0.046,0.0485,80692.47,115.6
1787350280,btc,1787904000000,95000.0,put,62.27,0.20784735,0.2045,0.2115,78686.37,0.3
1787350280,btc,1793347200000,84000.0,call,40.49,0.04605215,0.0455,0.047,79186.66,522.8
1787350280,btc,1798185600000,170000.0,call,57.45,0.00208718,0.0017,0.0026,79824.23,2383.4
1787350280,btc,1790323200000,65000.0,call,47.3,0.18185496,0.179,0.186,78923.24,1295.0
1787350280,btc,1793347200000,85000.0,put,40.55,0.11560932,0.1135,0.1165,79186.66,0.0
1787350280,btc,1806048000000,130000.0,put,45.26,0.62856297,0.616,0.6405,80692.47,0.4
1787350280,btc,1806048000000,80000.0,put,42.58,0.12551534,0.1245,0.1275,80692.47,139.0
1787350280,btc,1787472000000,70000.0,call,63.4,0.10987978,0.109,0.1115,78649.6,117.4
1787350280,btc,1787472000000,64000.0,put,95.79,3.66e-06,,0.0001,78658.21,32.8
1787350280,btc,1787472000000,80000.0,put,47.04,0.02237848,0.021,0.0235,78649.6,0.0
1787350280,btc,1788508800000,63000.0,put,60.51,0.0010744,0.001,0.0013,78765.63,713.1
1787350280,btc,1787904000000,62000.0,call,73.82,0.21215929,0.21,0.2145,78686.37,842.5
1787350280,btc,1788508800000,69000.0,call,48.67,0.12693054,0.1245,0.1305,78765.63,402.0
1787350280,btc,1793347200000,52000.0,call,56.68,0.34686903,0.3435,0.3505,79186.66,0.1
1787350280,btc,1790323200000,300000.0,call,139.33,0.0002019,,0.0002,78915.16,191.9
1787350280,btc,1789113600000,68000.0,call,46.21,0.14113576,0.138,0.1445,78793.83,1.1
1787350280,btc,1806048000000,40000.0,call,56.25,0.51083701,0.506,0.514,80692.47,81.3
1787350280,btc,1789113600000,71000.0,put,42.93,0.00763682,0.0075,0.0085,78793.83,351.5
1787350280,btc,1813910400000,64000.0,call,45.14,0.27822998,0.277,0.281,81620.19,53.1
1787350280,btc,1790323200000,135000.0,call,66.93,0.00037595,0.0002,0.0006,78923.24,286.3
1787350280,btc,1790323200000,72000.0,put,41.74,0.01702381,0.0165,0.0175,78915.16,504.9
1787350280,btc,1806048000000,85000.0,put,42.34,0.16144864,0.16,0.164,80692.47,0.8
1787350280,btc,1813910400000,180000.0,put,48.87,1.21609674,1.193,1.234,81620.19,0.0
1787350280,btc,1787904000000,55000.0,call,101.96,0.30106137,0.2985,0.303,78686.37,7.7
1787350280,btc,1790323200000,62000.0,put,51.27,0.00378905,0.0036,0.0042,78923.24,1096.5
1787350280,btc,1787385600000,69500.0,call,95.74,0.1163622,0.115,0.1175,78664.1,23.9
1787350280,btc,1787472000000,81000.0,call,50.4,0.00294014,0.0028,0.0032,78658.21,25.6
1787350280,btc,1789113600000,65000.0,put,50.61,0.00247685,0.0023,0.0029,78793.83,533.5
1787350280,btc,1813910400000,65000.0,put,44.94,0.06638432,0.065,0.068,81612.11,1.5
1787350280,btc,1806048000000,55000.0,call,47.85,0.34148409,0.3355,0.347,80692.47,28.6
1787350280,btc,1806048000000,62000.0,call,45.54,0.27139725,0.266,0.2775,80692.47,52.2
1787350280,btc,1793347200000,75000.0,put,40.86,0.04591131,0.0455,0.0465,79186.66,25.3
1787350280,btc,1787904000000,110000.0,call,89.75,0.00010049,,0.0001,78686.37,317.5
1787350280,btc,1813910400000,150000.0,put,45.94,0.85695035,0.8385,0.8715,81612.11,0.1
1787350280,btc,1790323200000,120000.0,put,59.66,0.52152911,0.5155,0.527,78923.24,174.5
1787350280,btc,1793347200000,92000.0,call,41.43,0.02210639,0.0215,0.023,79186.66,46.2
1787350280,btc,1813910400000,52000.0,call,48.17,0.39065044,0.3895,0.393,81620.19,1.1
1787350280,btc,1787904000000,94000.0,call,61.12,0.00043556,0.0003,0.0006,78686.37,263.7
1787350280,btc,1813910400000,125000.0,put,44.01,0.56876669,0.555,0.58,81620.19,0.0
1787350280,btc,1788508800000,58000.0,put,71.72,0.00053574,0.0004,0.0007,78757.55,344.0
1787350280,btc,1787472000000,75500.0,put,46.03,0.00097349,0.0008,0.0012,78658.21,18.7
1787350280,btc,1790323200000,50000.0,call,71.95,0.36762948,0.3655,0.3705,78923.24,30.4
1787350280,btc,1787904000000,96000.0,call,63.74,0.00028904,0.0002,0.0005,78686.37,160.5
1787350280,btc,1790323200000,96000.0,call,45.52,0.00561053,0.005,0.006,78915.16,297.6
1787350280,btc,1806048000000,112000.0,call,43.36,0.03358002,0.033,0.035,80692.47,62.7
1787350280,btc,1793347200000,84000.0,put,40.49,0.10698011,0.105,0.108,79178.58,0.7
1787350280,btc,1806048000000,82000.0,call,42.46,0.1228779,0.122,0.1245,80692.47,966.8
1787350280,btc,1793347200000,67000.0,call,43.71,0.17213092,0.1675,0.1765,79186.66,109.3
1787350280,btc,1793347200000,89000.0,put,40.94,0.1531703,0.148,0.1595,79186.66,0.0
1787350280,btc,1790323200000,55000.0,call,62.78,0.30492474,0.3025,0.308,78915.16,143.7
1787350280,btc,1787644800000,75500.0,put,47.64,0.00456434,0.0044,0.0049,78688.65,0.2
1787350280,btc,1787558400000,67500.0,call,70.3,0.14204122,0.1395,0.1445,78679.26,0.0
1787350280,btc,1787644800000,79500.0,put,47.63,0.0241446,0.0235,0.025,78688.65,0.0
1787350280,btc,1789113600000,60000.0,call,59.71,0.23976231,0.237,0.242,78801.94,0.0
1787350280,btc,1787472000000,71500.0,call,62.63,0.09087657,0.09,0.0925,78658.21,18.9
1787350280,btc,1787472000000,69000.0,put,72.05,2.11e-05,,,78658.21,63.2
1787350280,btc,1813910400000,88000.0,call,42.86,0.12576543,0.125,0.1275,81612.11,8.3
1787350280,btc,1798185600000,74000.0,put,42.82,0.06408763,0.0635,0.0655,79824.23,121.8
1787350280,btc,1813910400000,45000.0,call,50.94,0.46495287,0.464,0.4675,81612.11,0.5
1787350280,btc,1789113600000,73000.0,call,41.66,0.08541434,0.0845,0.0875,78793.83,14.0
1787350280,btc,1787644800000,78000.0,put,46.56,0.01388958,0.0135,0.0145,78688.65,26.8
1787350280,btc,1787385600000,63000.0,put,121.78,0.0,,0.0001,78656.02,65.8
1787350280,btc,1790323200000,74000.0,call,40.95,0.08589394,0.085,0.0875,78923.24,1620.9
1787350280,btc,1787558400000,81000.0,put,49.17,0.03511579,0.034,0.037,78679.26,0.0
1787350280,btc,1813910400000,54000.0,call,47.57,0.37052113,0.369,0.373,81612.11,0.9
1787350280,btc,1787472000000,60000.0,call,95.9,0.23702555,0.2345,0.24,78649.6,0.0
1787350280,btc,1798185600000,84000.0,call,41.94,0.07634147,0.0755,0.0775,79832.31,1154.0
1787350280,btc,1793347200000,65000.0,call,44.86,0.19352885,0.189,0.198,79186.66,427.2
1787350280,btc,1787904000000,85000.0,call,50.26,0.00420198,0.0041,0.0046,78686.37,1403.0
1787350280,btc,1787644800000,76000.0,call,46.97,0.03976848,0.0385,0.0415,78680.57,0.4
1787350280,btc,1790323200000,76000.0,put,40.41,0.0323165,0.032,0.033,78915.16,1092.6
1787350280,btc,1787904000000,98000.0,call,66.65,0.00020561,0.0001,0.0004,78686.37,240.2
1787350280,btc,1787385600000,78500.0,call,52.02,0.00794984,0.0075,0.0085,78664.1,11.1
1787350280,btc,1790323200000,54000.0,put,64.72,0.00176769,0.0016,0.0021,78923.24,632.6
1787350280,btc,1787904000000,100000.0,call,71.8,0.00020132,,0.0002,78686.37,201.6
1787350280,btc,1798185600000,76000.0,call,42.52,0.1225899,0.122,0.124,79832.31,446.9
1787350280,btc,1788508800000,60000.0,call,65.79,0.23873785,0.2365,0.242,78757.55,0.4
1787350280,btc,1813910400000,86000.0,put,42.96,0.18884221,0.187,0.1925,81620.19,0.2
1787350280,btc,1787904000000,82000.0,call,47.54,0.00987189,0.0095,0.0105,78686.37,1136.3
1787350280,btc,1813910400000,92000.0,put,42.84,0.23704931,0.235,0.241,81620.19,0.2
1787350280,btc,1787385600000,79000.0,call,54.6,0.00530871,0.005,0.006,78656.02,114.5
1787350280,btc,1798185600000,104000.0,call,43.28,0.02209804,0.0215,0.023,79832.31,84.9
1787350280,btc,1790323200000,66000.0,call,46.17,0.17003406,0.167,0.174,78923.24,973.7
1787350280,btc,1789113600000,79000.0,put,40.87,0.03992113,0.039,0.041,78801.94,11.0
1787350280,btc,1790323200000,155000.0,put,76.57,0.96440209,0.9565,0.9715,78923.24,0.1
1787350280,btc,1788508800000,78000.0,put,42.09,0.02746238,0.027,0.028,78765.63,37.6
1787350280,btc,1789113600000,66000.0,call,48.93,0.16524127,0.1625,0.1685,78793.83,0.0
1787350280,btc,1790323200000,105000.0,call,50.58,0.00230983,0.002,0.0025,78923.24,1208.9
1787350280,btc,1798185600000,88000.0,call,41.93,0.05951506,0.059,0.0605,79832.31,2953.6
1787350280,btc,1793347200000,72000.0,call,41.62,0.12356755,0.1235,0.1255,79186.66,279.3
1787350280,btc,1787558400000,82000.0,call,51.62,0.00364491,0.0035,0.004,78679.26,27.4
1787350280,btc,1813910400000,56000.0,put,46.97,0.03711804,0.036,0.0385,81620.19,84.2
1787350280,btc,1806048000000,105000.0,put,42.65,0.34598731,0.337,0.3545,80692.47,0.5
1787350280,btc,1787904000000,80000.0,put,46.28,0.03400177,0.033,0.035,78686.37,37.9
1787350280,btc,1793347200000,63000.0,call,46.22,0.21579737,0.212,0.2205,79178.58,153.2
1787350280,btc,1793347200000,90000.0,put,41.09,0.1632475,0.157,0.1695,79186.66,0.1
1787350280,btc,1813910400000,105000.0,put,43.03,0.35696747,0.348,0.366,81620.19,0.1
1787350280,btc,1787558400000,78000.0,call,44.3,0.01895302,0.0185,0.02,78679.26,57.5
1787350280,btc,1787904000000,52000.0,put,111.67,9.183e-05,,0.0001,78686.37,1161.2
1787350280,btc,1787558400000,69500.0,put,66.99,0.0002002,0.0001,0.0004,78679.26,31.1
1787350280,btc,1793347200000,73000.0,put,41.34,0.03688477,0.0365,0.0375,79186.66,20.8
1787350280,btc,1790323200000,82000.0,put,40.5,0.07249634,0.0715,0.074,78923.24,194.9
1787350280,btc,1806048000000,112000.0,put,43.36,0.42184656,0.4115,0.4305,80692.47,0.1
1787350280,btc,1798185600000,58000.0,call,48.39,0.28901502,0.284,0.293,79832.31,40.3
1787350280,btc,1787904000000,65000.0,put,66.31,0.00042115,0.0003,0.0006,78686.37,2392.4
1787350280,btc,1793347200000,56000.0,put,52.4,0.00541081,0.005,0.006,79186.66,453.5
1787350280,btc,1793347200000,79000.0,call,40.37,0.07118604,0.071,0.0725,79178.58,82.5
1787350280,btc,1787385600000,63000.0,call,121.78,0.19900422,0.1965,0.2015,78664.1,0.1
1787350280,btc,1788508800000,62000.0,put,62.82,0.00093958,0.0008,0.0012,78765.63,901.4
1787350280,btc,1790323200000,66000.0,put,46.17,0.00640578,0.006,0.007,78923.24,1699.8
1787350280,btc,1787385600000,81000.0,call,69.77,0.0011757,0.0011,0.0014,78664.1,98.5
1787350280,btc,1813910400000,90000.0,call,42.86,0.11744966,0.1165,0.1195,81620.19,102.0
1787350280,btc,1790323200000,79000.0,call,40.15,0.04862848,0.0485,0.05,78923.24,12.0
1787350280,btc,1787472000000,69000.0,call,72.05,0.12260045,0.122,0.1245,78658.21,672.2
1787350280,btc,1798185600000,85000.0,call,41.91,0.07176168,0.071,0.073,79824.23,2255.0
1787350280,btc,1798185600000,98000.0,put,42.54,0.25952418,0.2525,0.268,79832.31,1.2
1787350280,btc,1787472000000,61000.0,put,95.9,1.1e-07,,0.0001,78658.21,0.7
1787350280,btc,1787904000000,85000.0,put,50.26,0.08459738,0.081,0.088,78686.37,30.7
1787350280,btc,1790323200000,200000.0,put,101.69,1.53466248,1.524,1.544,78923.24,0.1
1787350280,btc,1787904000000,68000.0,call,59.97,0.13664904,0.134,0.14,78686.37,1526.6
1787350280,btc,1787904000000,52000.0,call,111.67,0.33914406,0.337,0.341,78686.37,51.0
1787350280,btc,1798185600000,78000.0,call,42.32,0.10939042,0.1085,0.111,79832.31,902.7
1787350280,btc,1787904000000,54000.0,call,106.74,0.313772,0.3115,0.316,78686.37,10.2
1787350280,btc,1789113600000,66000.0,put,48.93,0.00288636,0.0027,0.0033,78793.83,249.0
1787350280,btc,1787558400000,84000.0,put,57.23,0.0694794,0.066,0.073,78679.26,4.6
1787350280,btc,1787385600000,71500.0,call,82.7,0.0909353,0.088,0.0935,78664.1,2.4
1787350280,eth,1787472000000,2450.0,put,68.24,0.004701,0.0043,0.005,2538.29,44.0
1787350280,eth,1787558400000,2420.0,put,66.88,0.005543,0.0049,0.006,2538.55,77.0
1787350280,eth,1787644800000,2500.0,call,68.72,0.034636,0.0335,0.036,2539.11,118.0
1787350280,eth,1787385600000,2020.0,put,117.75,0.0,,,2537.15,699.0
1787350280,eth,1787385600000,2500.0,put,94.63,0.006543,0.0065,0.0075,2537.15,124.0
1787350280,eth,1790323200000,2400.0,call,54.54,0.096336,0.095,0.098,2540.88,15607.0
1787350280,eth,1806048000000,2900.0,call,55.27,0.124147,0.1225,0.126,2585.79,2227.0
1787350280,eth,1813910400000,2200.0,put,56.25,0.118839,0.1175,0.1225,2611.89,198.0
1787350280,eth,1787904000000,1650.0,call,124.45,0.350334,0.348,0.3525,2539.03,1604.0
1787350280,eth,1789113600000,2450.0,call,55.57,0.071001,0.0695,0.0725,2539.92,181.0
1787350280,eth,1787472000000,2050.0,put,89.45,1e-06,,,2538.66,33.0
1787350280,eth,1787385600000,1940.0,put,118.62,0.0,,,2537.15,592.0
1787350280,eth,1798185600000,8000.0,put,75.34,2.127642,2.1075,2.152,2559.17,0.0
1787350280,eth,1793347200000,2500.0,call,53.58,0.101698,0.1005,0.103,2547.18,1675.0
1787350280,eth,1806048000000,3300.0,put,55.73,0.361741,0.3495,0.377,2586.16,1.0
1787350280,eth,1787385600000,2280.0,call,100.07,0.101406,0.0985,0.104,2537.52,254.0
1787350280,eth,1787558400000,2600.0,call,78.16,0.015289,0.0145,0.016,2538.1,925.0
1787350280,eth,1787904000000,3600.0,put,116.22,0.418596,0.4145,0.4235,2539.4,18.0
1787350280,eth,1787472000000,2060.0,call,89.44,0.188453,0.186,0.191,2538.66,8.0
1787350280,eth,1798185600000,1400.0,call,65.78,0.459987,0.455,0.4635,2559.17,946.0
1787350280,eth,1787644800000,2280.0,put,70.92,0.001623,0.0013,0.0021,2539.11,266.0
1787350280,eth,1806048000000,2600.0,put,55.16,0.171692,0.17,0.1745,2586.16,626.0
1787350280,eth,1789113600000,2550.0,put,56.61,0.055555,0.055,0.057,2539.92,0.0
1787350280,eth,1787558400000,2340.0,put,67.7,0.001664,0.0013,0.0021,2538.55,515.0
1787350280,eth,1790323200000,4600.0,call,81.99,0.001039,0.0006,0.0013,2541.25,4019.0
1787350280,eth,1806048000000,2800.0,call,55.19,0.136659,0.135,0.139,2586.16,4921.0
1787350280,eth,1787558400000,2260.0,put,75.46,0.000665,0.0004,0.001,2538.1,357.0
1787350280,eth,1787385600000,1780.0,put,118.76,0.0,,0.0001,2537.52,302.0
1787350280,eth,1787904000000,1900.0,put,95.73,0.000419,0.0003,0.0009,2539.03,6587.0
1787350280,eth,1790323200000,3800.0,put,71.12,0.498906,0.494,0.5045,2540.88,968.0
1787350280,eth,1787558400000,2560.0,call,73.98,0.020038,0.019,0.021,2538.55,19.0
1787350280,eth,1790323200000,3200.0,call,61.6,0.011411,0.011,0.012,2540.88,9988.0
1787350280,eth,1790323200000,1000.0,put,111.25,0.000203,0.0002,0.0008,2540.88,9970.0
1787350280,eth,1788508800000,3000.0,call,72.51,0.008462,0.008,0.009,2539.19,44.0
1787350280,eth,1790323200000,1000.0,call,111.25,0.60665,0.604,0.6085,2541.25,125.0
1787350280,eth,1787385600000,2120.0,put,101.91,0.0,,,2537.52,336.0
1787350280,eth,1787472000000,2580.0,put,79.51,0.029138,0.028,0.0305,2538.29,0.0
1787350280,eth,1787644800000,2260.0,put,72.46,0.001327,0.001,0.0018,2539.11,36.0
1787350280,eth,1788508800000,2800.0,call,66.3,0.016901,0.016,0.018,2539.19,2251.0
1787350280,eth,1798185600000,1800.0,call,58.12,0.318707,0.3125,0.3265,2559.17,2447.0
1787350280,eth,1787385600000,2060.0,call,117.17,0.188107,0.1855,0.1905,2537.15,1158.0
1787350280,eth,1787472000000,2400.0,put,68.46,0.001813,0.0015,0.0022,2538.66,161.0
1787350280,eth,1806048000000,4800.0,put,58.77,0.881061,0.8695,0.898,2586.16,0.0
1787350280,eth,1793347200000,2250.0,put,53.92,0.041707,0.041,0.0425,2547.18,963.0
1787350280,eth,1790323200000,5200.0,call,89.6,0.000566,0.0002,0.0008,2540.88,2190.0
1787350280,eth,1793347200000,2900.0,call,55.09,0.047441,0.0465,0.0485,2547.18,242.0
1787350280,eth,1787904000000,3400.0,call,108.32,0.001284,0.0009,0.0017,2539.4,1291.0
1787350280,eth,1813910400000,4400.0,put,57.52,0.741966,0.7245,0.761,2611.89,1.0
1787350280,eth,1787385600000,2350.0,put,98.25,0.000106,0.0001,0.0004,2537.52,850.0
1787350280,eth,1787904000000,2000.0,call,87.54,0.213049,0.2105,0.2155,2539.4,7938.0
1787350280,eth,1798185600000,1500.0,put,63.4,0.009489,0.009,0.01,2559.17,15650.0
1787350280,eth,1787472000000,2440.0,put,68.25,0.003937,0.0035,0.0042,2538.66,49.0
1787350280,eth,1806048000000,4200.0,call,57.47,0.038296,0.0365,0.0395,2586.16,2911.0
1787350280,eth,1787385600000,2080.0,put,114.8,0.0,,,2537.52,1714.0
1787350280,eth,1793347200000,1000.0,call,89.95,0.60811,0.605,0.6105,2547.55,0.0
1787350280,eth,1813910400000,3100.0,put,55.96,0.32709,0.313,0.3415,2611.52,0.0
1787350280,eth,1790323200000,9000.0,put,134.24,2.54221,2.5295,2.5625,2540.88,0.0
1787350280,eth,1788508800000,1800.0,put,83.47,0.000755,0.0005,0.0012,2539.19,1133.0
1787350280,eth,1787472000000,2520.0,call,72.07,0.021655,0.021,0.0225,2538.29,424.0
1787350280,eth,1787904000000,1700.0,put,116.86,0.000191,0.0001,0.0006,2539.03,16584.0
1787350280,eth,1787385600000,1840.0,call,118.63,0.274814,0.272,0.277,2537.52,0.0
1787350280,eth,1790323200000,2300.0,put,54.85,0.027348,0.0265,0.028,2540.88,1527.0
1787350280,eth,1787472000000,2660.0,call,92.19,0.006833,0.006,0.0075,2538.29,0.0
1787350280,eth,1787472000000,2420.0,call,68.3,0.049334,0.046,0.053,2538.66,6138.0
1787350280,eth,1813910400000,2100.0,put,56.47,0.102164,0.101,0.1055,2611.89,579.0
1787350280,eth,1788508800000,2080.0,call,65.45,0.183535,0.1795,0.1865,2539.19,102.0
1787350280,eth,1798185600000,1000.0,call,79.0,0.61142,0.607,0.6145,2559.17,55.0
1787350280,eth,1798185600000,2800.0,put,54.84,0.185994,0.184,0.188,2559.17,2391.0
1787350280,eth,1787558400000,2260.0,call,75.46,0.109779,0.107,0.113,2538.1,0.0
1787350280,eth,1793347200000,1800.0,put,59.64,0.009179,0.009,0.01,2547.18,1295.0
1787350280,eth,1798185600000,4400.0,put,61.17,0.732809,0.7225,0.7445,2558.8,20.0
1787350280,eth,1787644800000,2540.0,put,70.27,0.02733,0.027,0.029,2539.11,0.0
1787350280,eth,1787904000000,2200.0,call,69.64,0.135757,0.133,0.139,2539.03,7065.0
1787350280,eth,1787558400000,2620.0,call,80.27,0.01321,0.0125,0.014,2538.1,0.0
1787350280,eth,1790323200000,3400.0,call,65.04,0.00741,0.0065,0.008,2540.88,7542.0
1787350280,eth,1790323200000,4400.0,put,79.61,0.733004,0.727,0.739,2541.25,281.0
1787350280,eth,1787904000000,2350.0,put,64.07,0.008029,0.0075,0.009,2539.03,671.0
1787350280,eth,1789113600000,1800.0,call,73.08,0.292478,0.29,0.295,2539.92,0.0
1787350280,eth,1787558400000,1900.0,put,91.37,1e-06,,0.0002,2538.1,248.0
1787350280,eth,1798185600000,7000.0,put,72.16,1.737636,1.717,1.758,2559.17,0.0
1787350280,eth,1813910400000,4000.0,call,56.92,0.073988,0.072,0.076,2611.52,4428.0
1787350280,eth,1787904000000,2120.0,put,75.95,0.001337,0.0011,0.0018,2539.03,1332.0
1787350280,eth,1806048000000,1800.0,call,57.77,0.346494,0.339,0.3565,2586.16,3622.0
1787350280,eth,1787558400000,2660.0,call,84.48,0.010193,0.0095,0.011,2538.1,0.0
1787350280,eth,1789113600000,2100.0,call,59.14,0.17818,0.174,0.182,2539.52,1.0
1787350280,eth,1813910400000,1900.0,call,57.22,0.345906,0.3365,0.357,2611.89,115.0
1787350280,eth,1806048000000,2000.0,put,56.61,0.065098,0.064,0.067,2586.16,1694.0
1787350280,eth,1790323200000,2100.0,put,57.61,0.011502,0.011,0.012,2541.25,30889.0
1787350280,eth,1787558400000,2320.0,call,69.18,0.086742,0.084,0.0905,2538.55,147.0
1787350280,eth,1789113600000,2400.0,put,55.22,0.027806,0.0275,0.029,2539.52,4.0
1787350280,eth,1788508800000,2050.0,put,67.27,0.002331,0.002,0.0028,2539.56,990.0
1787350280,eth,1790323200000,16000.0,put,160.24,5.296884,5.2735,5.339,2540.88,30.0
1787350280,eth,1790323200000,2050.0,put,58.67,0.009206,0.0085,0.0095,2540.88,1538.0
1787350280,eth,1787472000000,1940.0,put,89.46,0.0,,,2538.29,1.0
1787350280,eth,1787385600000,2440.0,call,92.19,0.039818,0.0365,0.043,2537.15,1439.0
1787350280,eth,1787644800000,2320.0,put,68.52,0.002527,0.0022,0.0031,2539.11,426.0
1787350280,eth,1813910400000,6000.0,call,60.06,0.023333,0.022,0.025,2611.89,21.0
1787350280,eth,1789113600000,3000.0,put,65.28,0.193267,0.189,0.1995,2539.92,0.0
1787350280,eth,1806048000000,4500.0,put,58.09,0.771153,0.7605,0.788,2586.16,0.0
1787350280,eth,1790323200000,1600.0,call,76.89,0.372078,0.368,0.3745,2540.88,3424.0
1787350280,eth,1787385600000,2240.0,put,100.07,1e-06,,0.0003,2537.15,423.0
1787350280,eth,1806048000000,3000.0,put,55.35,0.273554,0.262,0.2885,2586.16,352.0
1787350280,eth,1788508800000,1750.0,call,88.33,0.311489,0.309,0.314,2539.19,0.0
1787350280,eth,1798185600000,5200.0,put,64.96,1.038718,1.0265,1.054,2558.8,0.0
1787350280,eth,1787472000000,2020.0,put,89.45,0.0,,,2538.29,108.0
1787350280,eth,1798185600000,4800.0,call,62.92,0.008992,0.008,0.009,2559.17,2766.0
1787350280,eth,1813910400000,4400.0,call,57.52,0.057091,0.0555,0.059,2611.52,2.0
1787350280,eth,1813910400000,2000.0,put,56.8,0.087056,0.086,0.0905,2611.89,1801.0
1787350280,eth,1787472000000,2300.0,put,79.69,0.00041,0.0003,0.0006,2538.29,715.0
1787350280,eth,1788508800000,1600.0,call,94.11,0.370112,0.368,0.3725,2539.19,18.0
1787350280,eth,1790323200000,2050.0,call,58.67,0.202421,0.1975,0.2055,2540.88,19.0
1787350280,eth,1787385600000,1980.0,call,118.22,0.219637,0.217,0.222,2537.15,665.0
1787350280,eth,1787472000000,2400.0,call,68.46,0.056321,0.0525,0.0595,2538.29,524.0
1787350280,eth,1787385600000,1700.0,put,135.67,0.0,,0.0001,2537.52,350.0
1787350280,eth,1798185600000,2700.0,put,54.69,0.160254,0.1585,0.1625,2559.17,494.0
1787350280,eth,1790323200000,7500.0,call,120.54,0.000312,,0.0003,2540.88,1322.0
1787350280,eth,1790323200000,6800.0,put,107.7,1.676386,1.667,1.691,2541.25,0.0
1787350280,eth,1787558400000,2550.0,put,73.21,0.02616,0.025,0.0275,2538.1,0.0
1787350280,eth,1787472000000,2220.0,put,88.34,0.000123,0.0001,0.0005,2538.29,658.0
1787350280,eth,1787558400000,2420.0,call,66.88,0.051695,0.0475,0.0555,2538.1,209.0
1787350280,eth,1798185600000,7000.0,call,72.16,0.00199,0.0015,0.0026,2559.17,2920.0
1787350280,eth,1790323200000,2250.0,put,55.24,0.022113,0.0215,0.023,2541.25,1333.0
1787350280,eth,1789113600000,2350.0,call,55.2,0.095993,0.095,0.098,2539.52,21.0
1787350280,eth,1787904000000,2250.0,call,66.73,0.11712,0.113,0.12,2539.03,3785.0
1787350280,eth,1798185600000,1800.0,put,58.12,0.022159,0.022,0.0235,2559.17,5273.0
1787350280,eth,1813910400000,1400.0,put,61.39,0.027228,0.026,0.0295,2611.89,1784.0
1787350280,eth,1787385600000,2340.0,put,100.07,8.3e-05,,0.0004,2537.52,1797.0
1787350280,eth,1787472000000,2340.0,call,72.32,0.078747,0.0755,0.0815,2538.29,550.0
1787350280,eth,1787385600000,2150.0,put,100.55,0.0,,0.001,2537.15,244.0
1787350280,eth,1813910400000,1600.0,call,59.25,0.429029,0.422,0.4395,2611.52,393.0
1787350280,eth,1787644800000,2240.0,call,74.31,0.118805,0.116,0.1215,2539.11,0.0
1787350280,eth,1798185600000,5000.0,call,64.01,0.00766,0.0065,0.008,2559.17,4552.0
1787350280,eth,1806048000000,2900.0,put,55.27,0.246234,0.235,0.2605,2585.79,258.0
1787350280,eth,1813910400000,4500.0,call,57.64,0.053535,0.052,0.0555,2611.89,1280.0
1787350280,eth,1787472000000,1700.0,call,93.48,0.330276,0.3275,0.3325,2538.66,0.0
1787350280,eth,1790323200000,4500.0,call,80.85,0.001193,0.0007,0.0015,2540.88,8395.0
1787350280,eth,1787385600000,2080.0,call,114.8,0.180224,0.1775,0.1825,2537.52,716.0
1787350280,eth,1787904000000,1100.0,put,152.82,1e-06,,0.0002,2539.03,2237.0
1787350280,eth,1806048000000,4400.0,put,57.88,0.734971,0.724,0.7515,2586.16,0.0
1787350280,eth,1793347200000,1600.0,put,65.2,0.004778,0.0045,0.0055,2547.18,2223.0
1787350280,eth,1787558400000,2180.0,call,84.41,0.140951,0.1385,0.1445,2538.1,0.0
1787350280,eth,1787385600000,2580.0,call,116.86,0.00873,0.008,0.0095,2537.15,0.0
1787350280,eth,1813910400000,4200.0,call,57.21,0.064867,0.063,0.067,2611.89,510.0
1787350280,eth,1787558400000,2380.0,call,66.92,0.064927,0.0625,0.0685,2538.1,310.0
1787350280,eth,1790323200000,7000.0,call,109.99,0.000211,0.0001,0.0003,2540.88,2032.0
1787350280,eth,1790323200000,11000.0,put,150.72,3.329287,3.314,3.355,2540.88,0.0
1787350280,eth,1789113600000,2250.0,call,55.85,0.126114,0.125,0.1285,2539.52,1.0
1787350280,eth,1790323200000,3300.0,put,63.4,0.307912,0.303,0.313,2541.25,3.0
1787350280,eth,1806048000000,1000.0,call,72.04,0.619031,0.614,0.625,2586.16,270.0
1787350280,eth,1813910400000,3300.0,call,56.1,0.120812,0.1185,0.1235,2611.89,2239.0
1787350280,eth,1787385600000,2320.0,put,100.07,3.7e-05,,0.0003,2537.15,589.0
1787350280,eth,1787385600000,2400.0,put,93.7,0.000465,0.0005,0.0008,2537.15,343.0
1787350280,eth,1787644800000,2800.0,put,90.72,0.108986,0.105,0.1125,2539.11,0.0
1787350280,eth,1813910400000,1500.0,call,60.22,0.459468,0.4525,0.4695,2611.52,50.0
1787350280,eth,1787472000000,2460.0,put,68.42,0.005607,0.005,0.006,2538.29,367.0
1787350280,eth,1790323200000,8000.0,call,126.37,0.000302,,0.0003,2540.88,1092.0
1787350280,eth,1787472000000,2360.0,put,70.03,0.000819,0.0007,0.0012,2538.66,619.0
1787350280,eth,1787472000000,2380.0,call,68.97,0.063596,0.06,0.0665,2538.66,831.0
1787350280,eth,1787385600000,2550.0,put,105.61,0.016787,0.016,0.0185,2537.15,3.0
1787350280,eth,1798185600000,6500.0,put,70.45,1.542924,1.527,1.5615,2559.17,0.0
1787350280,eth,1790323200000,4200.0,put,77.03,0.654751,0.6495,0.6605,2541.25,551.0
1787350280,eth,1806048000000,3600.0,call,56.26,0.064466,0.0625,0.0655,2586.16,2292.0
1787350280,eth,1787558400000,2580.0,put,76.17,0.033965,0.0325,0.0355,2538.1,0.0
1787350280,eth,1787558400000,2080.0,call,90.95,0.180143,0.178,0.1835,2538.1,0.0
1787350280,eth,1787472000000,1840.0,call,89.48,0.275123,0.2725,0.2775,2538.29,0.0
1787350280,eth,1788508800000,2400.0,call,58.06,0.07598,0.075,0.078,2539.56,1802.0
1787350280,eth,1806048000000,3400.0,put,55.86,0.392807,0.3795,0.4085,2586.16,6.0
1787350280,eth,1787904000000,2450.0,call,64.25,0.053784,0.0525,0.0555,2539.4,465.0
1787350280,eth,1787385600000,1700.0,call,135.67,0.329991,0.3275,0.332,2537.52,0.0
1787350280,eth,1793347200000,1400.0,call,71.45,0.452781,0.4485,0.4555,2547.55,50.0
1787350280,eth,1798185600000,2600.0,call,54.45,0.119917,0.119,0.1215,2559.17,6661.0
1787350280,eth,1813910400000,2400.0,call,55.97,0.23754,0.236,0.2415,2611.89,936.0
1787350280,eth,1813910400000,5000.0,call,58.29,0.039378,0.038,0.04,2611.89,1304.0
1787350280,eth,1813910400000,2500.0,put,55.93,0.177577,0.175,0.1815,2611.89,7.0
1787350280,eth,1793347200000,1850.0,put,58.6,0.010917,0.0105,0.0115,2547.18,1269.0
1787350280,eth,1787385600000,1750.0,call,125.01,0.310285,0.3075,0.3125,2537.52,0.0
1787350280,eth,1787472000000,2100.0,call,89.44,0.172698,0.17,0.1755,2538.66,131.0
1787350280,eth,1787904000000,1750.0,put,108.08,0.000174,0.0001,0.0006,2539.03,23214.0
1787350280,eth,1798185600000,4200.0,call,60.25,0.016296,0.0155,0.017,2559.17,4622.0
1787350280,eth,1793347200000,2550.0,call,53.59,0.092536,0.0915,0.094,2547.18,559.0
1787350280,eth,1790323200000,8500.0,call,130.66,0.000266,,0.0003,2541.25,1253.0
1787350280,eth,1787558400000,2300.0,call,71.36,0.094379,0.0915,0.098,2538.1,26.0
1787350280,eth,1806048000000,5000.0,put,59.21,0.955179,0.9425,0.9735,2586.16,0.0
1787350280,eth,1787644800000,2100.0,put,84.65,0.000257,0.0002,0.0008,2538.74,250.0
1787350280,eth,1787385600000,2250.0,call,100.07,0.113225,0.1105,0.116,2537.15,1504.0
1787350280,eth,1787644800000,2340.0,call,67.6,0.081492,0.0785,0.0845,2539.11,0.0
1787350280,eth,1790323200000,4500.0,put,80.85,0.772185,0.7665,0.779,2540.88,6.0
1787350280,eth,1787385600000,2050.0,put,117.26,0.0,,,2537.52,754.0
1787350280,eth,1787644800000,2560.0,call,71.99,0.023891,0.023,0.025,2538.74,368.0
1787350280,eth,1793347200000,3200.0,call,56.95,0.026883,0.026,0.0275,2547.18,1472.0
1787350280,eth,1787472000000,1820.0,call,89.52,0.283002,0.2805,0.2855,2538.29,0.0
1787350280,eth,1787904000000,1400.0,put,152.82,7.1e-05,,0.0012,2539.03,7849.0
1787350280,eth,1806048000000,800.0,call,77.85,0.693531,0.6895,0.6985,2585.79,0.0
1787350280,eth,1806048000000,4400.0,call,57.88,0.032495,0.031,0.0335,2586.16,1274.0
1787350280,eth,1798185600000,3000.0,put,55.39,0.242588,0.232,0.2515,2558.8,781.0
1787350280,eth,1787558400000,1900.0,call,91.37,0.251026,0.249,0.254,2538.1,0.0
1787350280,eth,1790323200000,2500.0,put,54.72,0.058656,0.0575,0.0595,2540.88,3243.0
1787350280,eth,1790323200000,13000.0,call,153.54,7.1e-05,,0.0003,2540.88,1873.0
1787350280,eth,1788508800000,2250.0,put,59.03,0.007763,0.0075,0.0085,2539.19,1334.0
1787350280,eth,1790323200000,7200.0,put,117.96,1.83394,1.824,1.8445,2540.88,0.0
1787350280,eth,1813910400000,1900.0,put,57.22,0.073466,0.0715,0.077,2611.89,3338.0
1787350280,eth,1787644800000,2700.0,put,82.59,0.073893,0.07,0.0775,2538.74,0.0
1787350280,eth,1798185600000,4500.0,call,61.66,0.012031,0.011,0.0125,2558.8,2993.0
1787350280,eth,1787472000000,1900.0,call,89.46,0.251485,0.249,0.254,2538.66,0.0
1787350280,eth,1793347200000,1000.0,put,89.95,0.000691,0.0004,0.0012,2547.55,1951.0
1787350280,eth,1787385600000,1880.0,call,118.63,0.259049,0.2565,0.2615,2537.52,0.0
1787350280,eth,1813910400000,1400.0,call,61.39,0.491131,0.483,0.5005,2611.89,50.0
1787350280,eth,1787385600000,2120.0,call,101.91,0.16446,0.162,0.167,2537.52,122.0
1787350280,eth,1806048000000,2300.0,call,55.45,0.220596,0.2195,0.2235,2586.16,7621.0
1787350280,eth,1787472000000,1820.0,put,89.52,0.0,,0.0001,2538.66,42.0
1787350280,eth,1788508800000,2500.0,call,59.0,0.05288,0.052,0.054,2539.56,3377.0
1787350280,eth,1787904000000,1850.0,call,100.92,0.27172,0.2695,0.274,2539.03,4642.0
1787350280,eth,1790323200000,6400.0,call,102.87,0.000247,0.0001,0.0004,2540.88,1918.0
1787350280,eth,1787385600000,2540.0,put,105.08,0.014586,0.014,0.016,2537.15,1.0
1787350280,eth,1798185600000,3500.0,put,57.17,0.404427,0.3975,0.415,2559.17,51.0
1787350280,eth,1806048000000,6000.0,call,61.63,0.010761,0.0095,0.012,2586.16,5140.0
1787350280,eth,1787472000000,2640.0,call,89.23,0.007963,0.0075,0.0085,2538.66,0.0
1787350280,eth,1789113600000,2700.0,put,59.05,0.094431,0.0925,0.0965,2539.52,0.0
1787350280,eth,1787385600000,2380.0,call,93.71,0.062219,0.059,0.065,2537.15,1462.0
1787350280,eth,1787558400000,2120.0,call,90.59,0.164464,0.1625,0.168,2538.1,0.0
1787350280,eth,1787904000000,1200.0,call,152.82,0.527384,0.5255,0.529,2539.4,69.0
1787350280,eth,1788508800000,2500.0,put,59.0,0.03745,0.037,0.0385,2539.56,1840.0
1787350280,eth,1787644800000,2300.0,put,69.57,0.00201,0.0017,0.0025,2539.11,37.0
1787350280,eth,1806048000000,3500.0,put,56.04,0.424734,0.4115,0.4405,2586.16,24.0
1787350280,eth,1793347200000,3400.0,put,58.44,0.353597,0.3465,0.362,2547.55,0.0
1787350280,eth,1790323200000,3500.0,put,66.55,0.383434,0.3785,0.3885,2540.88,1133.0
1787350280,eth,1788508800000,1900.0,put,76.36,0.001128,0.0009,0.0017,2539.19,812.0
1787350280,eth,1798185600000,5200.0,call,64.96,0.006524,0.0055,0.007,2558.8,8896.0
1787350280,eth,1790323200000,6500.0,call,103.57,0.000226,0.0001,0.0004,2540.88,1339.0
1787350280,eth,1787472000000,2060.0,put,89.44,1e-06,,0.0019,2538.29,407.0
1787350280,eth,1787472000000,2150.0,put,89.41,2e-05,,0.0004,2538.66,20.0
1787350280,eth,1793347200000,2250.0,call,53.92,0.158398,0.1575,0.1605,2547.55,819.0
1787350280,eth,1788508800000,2350.0,call,58.12,0.089933,0.0885,0.092,2539.19,756.0
1787350280,eth,1793347200000,1900.0,put,57.67,0.012999,0.0125,0.0135,2547.18,885.0
1787350280,eth,1793347200000,2900.0,put,55.09,0.185928,0.1805,0.194,2547.55,0.0
1787350280,eth,1789113600000,3200.0,call,68.24,0.006166,0.006,0.0075,2539.92,0.0
1787350280,eth,1787472000000,2620.0,call,86.13,0.009293,0.0085,0.01,2538.29,0.0
1787350280,eth,1790323200000,8000.0,put,126.37,2.148731,2.1375,2.161,2540.88,0.0
1787350280,eth,1787472000000,2040.0,put,89.45,0.0,,0.0005,2538.66,45.0
1787350280,eth,1790323200000,6800.0,call,107.7,0.000222,0.0001,0.0003,2541.25,1458.0
1787350280,eth,1798185600000,4600.0,put,62.1,0.808619,0.7965,0.822,2559.17,0.0
1787350280,eth,1806048000000,900.0,call,74.89,0.656136,0.651,0.6615,2586.16,68.0
1787350280,eth,1787644800000,2420.0,call,67.11,0.05526,0.053,0.057,2539.11,0.0
1787350280,eth,1787904000000,2500.0,call,65.26,0.042457,0.0415,0.044,2539.03,33700.0
1787350280,eth,1790323200000,3600.0,call,68.28,0.004986,0.0044,0.0055,2540.88,2743.0
1787350280,eth,1787385600000,2400.0,call,93.7,0.054571,0.051,0.0575,2537.52,1067.0
1787350280,eth,1790323200000,4600.0,put,81.99,0.811385,0.8055,0.8185,2541.25,38.0
1787350280,eth,1806048000000,900.0,put,74.89,0.00437,0.0039,0.0055,2585.79,828.0
1787350280,eth,1813910400000,2600.0,put,55.88,0.199718,0.1975,0.204,2611.89,0.0
1787350280,eth,1787644800000,2240.0,put,74.31,0.001108,0.0008,0.0015,2539.11,1.0
1787350280,eth,1790323200000,15000.0,put,158.86,4.903342,4.8765,4.9425,2540.88,0.0
1787350280,eth,1787472000000,2580.0,call,79.51,0.012733,0.012,0.0135,2538.29,38.0
1787350280,eth,1790323200000,12000.0,put,152.28,3.72276,3.7055,3.752,2540.88,0.0
1787350280,eth,1787558400000,2160.0,call,84.45,0.148737,0.1465,0.152,2538.1,0.0
1787350280,eth,1787472000000,1860.0,put,89.46,0.0,,,2538.66,110.0
1787350280,eth,1787385600000,2540.0,call,105.08,0.013514,0.0125,0.0145,2537.15,4.0
1787350280,eth,1793347200000,2300.0,put,53.77,0.048509,0.0475,0.0495,2547.55,595.0
1787350280,eth,1787644800000,2580.0,put,73.45,0.037386,0.0365,0.0395,2539.11,0.0
1787350280,eth,1788508800000,2600.0,put,60.87,0.060014,0.0585,0.0615,2539.19,0.0
1787350280,eth,1793347200000,3600.0,put,59.67,0.426441,0.42,0.4365,2547.55,0.0
1787350280,eth,1787385600000,2520.0,call,98.69,0.01682,0.016,0.0175,2537.15,539.0
1787350280,eth,1787644800000,2520.0,call,69.75,0.030655,0.0295,0.0315,2538.74,33.0
1787350280,eth,1798185600000,3000.0,call,55.39,0.070168,0.069,0.0715,2558.8,7023.0
1787350280,eth,1787558400000,2080.0,put,90.95,7.2e-05,,0.0005,2538.1,0.0
1787350280,eth,1787472000000,1780.0,call,89.94,0.29876,0.296,0.301,2538.29,0.0
1787350280,eth,1798185600000,4200.0,put,60.25,0.657684,0.648,0.669,2559.17,62.0
1787350280,eth,1806048000000,2100.0,call,55.99,0.265646,0.2575,0.2765,2585.79,908.0
1787350280,eth,1806048000000,1300.0,call,64.76,0.510311,0.5045,0.5175,2586.16,18.0
1787350280,eth,1798185600000,2200.0,put,54.79,0.061259,0.061,0.063,2558.8,9261.0
1787350280,eth,1787558400000,2460.0,put,66.85,0.009361,0.0085,0.01,2538.1,17.0
1787350280,eth,1788508800000,2150.0,call,62.21,0.157329,0.154,0.1605,2539.19,221.0
1787350280,eth,1790323200000,1500.0,call,82.64,0.411004,0.4085,0.413,2540.88,969.0
1787350280,eth,1793347200000,2200.0,put,54.19,0.035711,0.035,0.0365,2547.55,407.0
1787350280,eth,1787644800000,2660.0,call,79.55,0.013127,0.012,0.014,2538.74,0.0
1787350280,eth,1787904000000,3000.0,put,89.13,0.186123,0.1825,0.1905,2539.4,5.0
1787350280,eth,1787385600000,1820.0,put,118.65,0.0,,0.0001,2537.52,333.0
1787350280,eth,1787385600000,2340.0,call,100.07,0.077836,0.075,0.0805,2537.15,385.0
1787350280,eth,1789113600000,3200.0,put,68.24,0.266222,0.263,0.271,2539.92,0.0
1787350280,eth,1787558400000,2680.0,put,86.6,0.064959,0.061,0.0685,2538.1,0.0
1787350280,eth,1787472000000,2300.0,call,79.69,0.094314,0.091,0.097,2538.29,390.0
1787350280,eth,1798185600000,2100.0,call,55.26,0.227661,0.2225,0.2345,2558.8,1683.0
1787350280,eth,1787385600000,1880.0,put,118.63,0.0,,,2537.15,867.0
1787350280,eth,1793347200000,2500.0,put,53.58,0.083153,0.082,0.084,2547.18,1.0
1787350280,eth,1787472000000,2280.0,call,82.3,0.102097,0.099,0.105,2538.29,268.0
1787350280,eth,1787472000000,2350.0,put,71.09,0.000698,0.0006,0.001,2538.66,98.0
1787350280,eth,1787558400000,2650.0,put,83.47,0.055045,0.0535,0.057,2538.1,0.0
1787350280,eth,1787558400000,2240.0,call,78.19,0.118061,0.115,0.121,2538.1,0.0
1787350280,eth,1787472000000,2500.0,put,70.15,0.010742,0.0105,0.0115,2538.29,64.0
1787350280,eth,1806048000000,4800.0,call,58.77,0.023813,0.0225,0.025,2586.16,2941.0
1787350280,eth,1790323200000,3100.0,call,60.52,0.014894,0.014,0.0155,2540.88,5153.0
1787350280,eth,1789113600000,2100.0,put,59.14,0.005092,0.0048,0.0055,2539.52,884.0
1787350280,eth,1790323200000,1600.0,put,76.89,0.001763,0.0015,0.0022,2540.88,7508.0
1787350280,eth,1798185600000,3300.0,call,56.46,0.047351,0.0465,0.048,2559.17,2234.0
1787350280,eth,1787904000000,3400.0,put,108.32,0.340372,0.336,0.3455,2539.4,1.0
1787350280,eth,1787904000000,2400.0,call,63.82,0.067197,0.066,0.069,2539.03,18266.0
1787350280,eth,1787904000000,2400.0,put,63.82,0.012436,0.012,0.0135,2539.03,613.0
1787350280,eth,1793347200000,2150.0,put,54.55,0.030441,0.03,0.0315,2547.18,1089.0
1787350280,eth,1787385600000,2040.0,call,117.31,0.195989,0.1935,0.1985,2537.52,349.0
1787350280,eth,1787385600000,1800.0,call,118.68,0.290579,0.288,0.293,2537.15,0.0
1787350280,eth,1787472000000,2360.0,call,70.03,0.071085,0.068,0.074,2538.29,445.0
1787350280,eth,1787472000000,2560.0,put,76.57,0.023628,0.0225,0.025,2538.66,6.0
1787350280,eth,1798185600000,1200.0,call,71.61,0.535029,0.53,0.538,2559.17,341.0
1787350280,eth,1798185600000,3500.0,call,57.17,0.036604,0.0355,0.0375,2559.17,28622.0
1787350280,eth,1806048000000,2500.0,put,55.21,0.149745,0.148,0.1525,2586.16,576.0
1787350280,eth,1798185600000,1200.0,put,71.61,0.003997,0.0038,0.0047,2559.17,7240.0
1787350280,eth,1790323200000,4400.0,call,79.61,0.001369,0.0009,0.0016,2540.88,4352.0
1787350280,eth,1793347200000,4000.0,call,63.42,0.007416,0.0065,0.008,2547.55,613.0
1787350280,eth,1813910400000,5500.0,call,59.25,0.030116,0.0285,0.0315,2611.89,513.0
1787350280,eth,1813910400000,4600.0,call,57.82,0.050405,0.0485,0.052,2611.89,1.0
1787350280,eth,1789113600000,2300.0,put,55.39,0.01615,0.0155,0.017,2539.52,76.0
1787350280,eth,1793347200000,2400.0,call,53.56,0.122081,0.121,0.124,2547.18,1798.0
1787350280,eth,1787385600000,1840.0,put,118.63,0.0,,,2537.52,926.0
1787350280,eth,1787385600000,2560.0,call,110.74,0.010808,0.01,0.0115,2537.52,1.0
1787350280,eth,1806048000000,1300.0,put,64.76,0.013315,0.0125,0.015,2586.16,1549.0
1787350280,eth,1787644800000,2540.0,call,70.27,0.026861,0.026,0.028,2538.74,360.0
1787350280,eth,1813910400000,4500.0,put,57.64,0.776703,0.759,0.7955,2611.52,1.0
1787350280,eth,1793347200000,2100.0,call,55.0,0.201413,0.196,0.2065,2547.18,1551.0
1787350280,eth,1787644800000,2380.0,put,67.22,0.005296,0.0047,0.006,2539.11,78.0
1787350280,eth,1798185600000,2700.0,call,54.69,0.105076,0.104,0.1065,2559.17,6454.0
1787350280,eth,1793347200000,2000.0,put,56.16,0.018424,0.018,0.019,2547.55,491.0
1787350280,eth,1788508800000,2550.0,call,59.67,0.043601,0.043,0.045,2539.56,664.0
1787350280,eth,1787904000000,1600.0,put,128.63,0.000139,,0.004,2539.03,12656.0
1787350280,eth,1813910400000,1800.0,call,57.73,0.3721,0.363,0.383,2611.52,1495.0
1787350280,eth,1793347200000,3000.0,call,55.68,0.039186,0.0385,0.04,2547.55,1534.0
1787350280,eth,1787644800000,2000.0,put,95.86,0.00013,0.0001,0.0006,2538.74,1148.0
1787350280,eth,1787472000000,2320.0,put,74.84,0.000452,0.0004,0.0007,2538.29,233.0
1787350280,eth,1787558400000,2380.0,put,66.92,0.003117,0.0025,0.0033,2538.1,346.0
1787350280,eth,1790323200000,2000.0,call,60.11,0.220372,0.2155,0.223,2541.25,29247.0
1787350280,eth,1787385600000,2520.0,put,98.69,0.01001,0.0095,0.011,2537.15,119.0
1787350280,eth,1790323200000,2250.0,call,55.24,0.136617,0.1355,0.1385,2540.88,361.0
1787350280,eth,1798185600000,4500.0,put,61.66,0.770661,0.7605,0.7825,2559.17,3.0
1787350280,eth,1787472000000,2220.0,call,88.34,0.125543,0.1225,0.1285,2538.66,33.0
1787350280,eth,1793347200000,2600.0,put,53.74,0.104967,0.1035,0.1065,2547.18,95.0
1787350280,eth,1798185600000,2900.0,put,55.11,0.213582,0.2035,0.224,2559.17,173.0
1787350280,eth,1787472000000,2080.0,put,89.44,2e-06,,0.0003,2538.29,320.0
1787350280,eth,1813910400000,2000.0,call,56.8,0.321204,0.3115,0.333,2611.52,1757.0
1787350280,eth,1798185600000,4800.0,put,62.92,0.884864,0.876,0.8975,2559.17,77.0
1787350280,eth,1793347200000,4000.0,put,63.42,0.577743,0.5705,0.588,2547.55,0.0
1787350280,eth,1787644800000,2750.0,put,86.82,0.091142,0.088,0.0945,2539.11,0.0
1787350280,eth,1790323200000,2150.0,put,56.56,0.014267,0.0135,0.015,2541.25,1745.0
1787350280,eth,1787385600000,2550.0,call,105.61,0.011774,0.0115,0.013,2537.15,619.0
1787350280,eth,1787558400000,2320.0,put,69.18,0.001249,0.0009,0.0016,2538.1,156.0
1787350280,eth,1813910400000,3000.0,call,55.92,0.150883,0.1485,0.154,2611.89,1151.0
1787350280,eth,1798185600000,5000.0,put,64.01,0.961694,0.9495,0.975,2559.17,2.0
1787350280,eth,1793347200000,2600.0,call,53.74,0.084254,0.083,0.0855,2547.18,1457.0
1787350280,eth,1806048000000,3800.0,put,56.63,0.524198,0.5145,0.5385,2586.16,1.0
1787350280,eth,1798185600000,2300.0,put,54.43,0.076358,0.076,0.078,2559.17,5070.0
1787350280,eth,1790323200000,6000.0,put,97.99,1.36161,1.353,1.3745,2540.88,0.0
1787350280,eth,1798185600000,2100.0,put,55.26,0.048355,0.048,0.05,2559.17,3880.0
1787350280,eth,1806048000000,2200.0,call,55.66,0.242202,0.241,0.245,2586.16,4082.0
1787350280,eth,1787385600000,2460.0,put,91.71,0.002483,0.0023,0.0028,2537.15,229.0
1787350280,eth,1798185600000,3100.0,call,55.7,0.0614,0.0605,0.0625,2559.17,2332.0
1787350280,eth,1793347200000,2050.0,call,55.5,0.217022,0.2115,0.2225,2547.55,505.0
1787350280,eth,1787904000000,1950.0,call,92.02,0.232569,0.23,0.235,2539.03,5611.0
1787350280,eth,1806048000000,1600.0,call,59.88,0.408435,0.402,0.4175,2586.16,892.0
1787350280,eth,1798185600000,3200.0,call,56.05,0.05384,0.053,0.055,2559.17,67825.0
1787350280,eth,1798185600000,4400.0,call,61.17,0.013259,0.0125,0.014,2558.8,3324.0
1787350280,eth,1806048000000,4000.0,call,57.04,0.045309,0.0435,0.0465,2586.16,2345.0
1787350280,eth,1790323200000,7400.0,put,119.25,1.912608,1.9025,1.929,2540.88,0.0
1787350280,eth,1787644800000,2660.0,put,79.55,0.060862,0.0575,0.0655,2539.11,0.0
1787350280,eth,1787472000000,2540.0,put,74.23,0.018738,0.0185,0.02,2538.29,4.0
1787350280,eth,1793347200000,2100.0,put,55.0,0.025835,0.025,0.0265,2547.55,875.0
1787350280,eth,1787558400000,2400.0,put,66.87,0.004233,0.0035,0.0044,2538.1,57.0
1787350280,eth,1787472000000,2550.0,call,75.47,0.016547,0.016,0.0175,2538.66,137.0
1787350280,eth,1788508800000,2100.0,call,64.4,0.17597,0.173,0.179,2539.19,1462.0
1787350280,eth,1787644800000,2560.0,put,71.99,0.032238,0.0315,0.0345,2539.11,0.0
1787350280,eth,1787904000000,1300.0,call,152.82,0.488013,0.486,0.49,2539.03,51.0
1787350280,eth,1790323200000,2800.0,put,56.84,0.13504,0.133,0.137,2540.88,1287.0
1787350280,eth,1787904000000,1500.0,call,144.61,0.409359,0.407,0.4115,2539.03,442.0
1787350280,eth,1790323200000,6200.0,call,99.91,0.00025,0.0001,0.0004,2541.25,2024.0
1787350280,eth,1787385600000,2600.0,call,121.17,0.006903,0.0065,0.0075,2537.15,3484.0
1787350280,eth,1789113600000,2150.0,put,57.51,0.006665,0.0065,0.0075,2539.52,1646.0
1787350280,eth,1789113600000,2150.0,call,57.51,0.160065,0.157,0.1635,2539.92,0.0
1787350280,eth,1787472000000,2650.0,call,90.74,0.007377,0.0065,0.008,2538.29,0.0
1787350280,eth,1787904000000,2800.0,put,78.32,0.112885,0.109,0.1165,2539.4,0.0
1787350280,eth,1787644800000,2500.0,put,68.72,0.019349,0.0185,0.0205,2539.11,5.0
1787350280,eth,1787472000000,2050.0,call,89.45,0.192393,0.19,0.195,2538.29,0.0
1787350280,eth,1806048000000,4600.0,call,58.3,0.027708,0.026,0.029,2586.16,1208.0
1787350280,eth,1790323200000,1700.0,put,71.07,0.002282,0.0021,0.0027,2541.25,7692.0
1787350280,eth,1793347200000,3600.0,call,59.67,0.013146,0.0125,0.0135,2547.55,3050.0
1787350280,eth,1806048000000,2000.0,call,56.61,0.291245,0.283,0.3015,2586.16,1848.0
1787350280,eth,1787385600000,2480.0,call,92.52,0.026681,0.025,0.0285,2537.15,483.0
1787350280,eth,1790323200000,5600.0,put,94.67,1.204326,1.1975,1.212,2540.88,0.0
1787350280,eth,1788508800000,2200.0,call,60.5,0.139189,0.1365,0.1425,2539.19,1243.0
1787350280,eth,1787558400000,2280.0,call,73.67,0.102574,0.0995,0.106,2538.1,0.0
1787350280,eth,1790323200000,5500.0,call,92.92,0.000432,0.0002,0.0006,2541.25,2065.0
1787350280,eth,1787558400000,2180.0,put,84.41,0.000302,0.0001,0.0007,2538.1,30.0
1787350280,eth,1813910400000,5000.0,put,58.29,0.954008,0.941,0.9755,2611.89,0.0
1787350280,eth,1787644800000,2600.0,put,74.9,0.042838,0.042,0.045,2539.11,0.0
1787350280,eth,1813910400000,3500.0,call,56.3,0.104574,0.102,0.107,2611.52,2806.0
1787350280,eth,1787385600000,2220.0,put,100.08,0.0,,0.0002,2537.52,753.0
1787350280,eth,1813910400000,3600.0,put,56.4,0.475919,0.461,0.4935,2611.89,0.0
1787350280,eth,1790323200000,1700.0,call,71.07,0.333241,0.329,0.336,2540.88,2202.0
1787350280,eth,1806048000000,1400.0,put,62.88,0.017083,0.0165,0.019,2586.16,1700.0
1787350280,eth,1787558400000,2660.0,put,84.48,0.058295,0.055,0.062,2538.1,0.0
1787350280,eth,1788508800000,2450.0,call,58.28,0.06354,0.0625,0.0655,2539.56,274.0
1787350280,eth,1790323200000,7500.0,put,120.54,1.951964,1.9415,1.9685,2540.88,0.0
1787350280,eth,1806048000000,1800.0,put,57.77,0.042962,0.0425,0.045,2586.16,4734.0
1787350280,eth,1790323200000,2200.0,call,55.87,0.152016,0.151,0.154,2540.88,8113.0
1787350280,eth,1787558400000,2140.0,put,86.67,0.000164,0.0001,0.0006,2538.1,20.0
1787350280,eth,1806048000000,3500.0,call,56.04,0.070491,0.069,0.0715,2586.16,4204.0
1787350280,eth,1793347200000,3800.0,put,61.72,0.501685,0.495,0.5115,2547.18,0.0
1787350280,eth,1790323200000,5500.0,put,92.92,1.164976,1.1585,1.1765,2541.25,1.0
1787350280,eth,1793347200000,2200.0,call,54.19,0.172031,0.1665,0.1765,2547.18,1297.0
1787350280,eth,1813910400000,1500.0,put,60.22,0.033857,0.033,0.0365,2611.89,462.0
1787350280,eth,1787904000000,2600.0,put,68.78,0.050025,0.0495,0.0515,2539.03,67.0
1787350280,eth,1806048000000,3600.0,put,56.26,0.457401,0.448,0.4725,2586.16,1.0
1787350280,eth,1790323200000,2900.0,call,58.13,0.025365,0.0245,0.0255,2540.88,9000.0
1787350280,eth,1806048000000,1900.0,call,57.08,0.317964,0.3105,0.328,2585.79,2453.0
1787350280,eth,1787472000000,1980.0,put,89.45,0.0,,,2538.66,47.0
1787350280,eth,1787385600000,1760.0,call,120.3,0.306344,0.3035,0.3085,2537.15,0.0
1787350280,eth,1787385600000,2260.0,call,100.07,0.109285,0.1065,0.112,2537.15,267.0
1787350280,eth,1790323200000,5400.0,put,91.8,1.125659,1.1185,1.134,2541.25,4.0
1787350280,eth,1787904000000,3600.0,call,116.22,0.000737,0.0005,0.001,2539.03,1572.0
1787350280,eth,1790323200000,1900.0,put,63.55,0.005043,0.0047,0.0055,2540.88,20760.0
1787350280,eth,1787644800000,2200.0,put,78.73,0.000819,0.0005,0.0012,2539.11,0.0
1787350280,eth,1787472000000,2140.0,call,89.42,0.156951,0.1545,0.1595,2538.29,117.0
1787350280,eth,1787385600000,1600.0,call,138.38,0.369403,0.367,0.3715,2537.52,0.0
1787350280,eth,1790323200000,3400.0,put,65.04,0.345492,0.341,0.35,2540.88,870.0
1787350280,eth,1806048000000,1900.0,put,57.08,0.053125,0.0515,0.0565,2586.16,2682.0
1787350280,eth,1787904000000,3800.0,call,121.86,0.000398,0.0002,0.0006,2539.03,2768.0
1787350280,eth,1788508800000,1850.0,put,80.1,0.000938,0.0007,0.0014,2539.19,1531.0
1787350280,eth,1793347200000,2700.0,call,54.14,0.069725,0.069,0.0705,2547.18,942.0
1787350280,eth,1787472000000,2700.0,call,97.81,0.005062,0.0047,0.0055,2538.66,334.0
1787350280,eth,1787558400000,2500.0,call,69.07,0.030563,0.029,0.032,2538.1,75.0
1787350280,eth,1787558400000,2140.0,call,86.67,0.15707,0.1545,0.16,2538.1,0.0
1787350280,eth,1787385600000,2260.0,put,100.07,2e-06,,0.0003,2537.15,589.0
1787350280,eth,1790323200000,7400.0,call,119.25,0.000312,,0.0003,2541.25,1014.0
1787350280,eth,1790323200000,5200.0,put,89.6,1.047044,1.04,1.0545,2540.88,3.0
1787350280,eth,1787558400000,2200.0,put,83.43,0.000397,0.0002,0.0007,2538.55,21.0
1787350280,eth,1788508800000,1850.0,call,80.1,0.272356,0.27,0.275,2539.56,70.0
1787350280,eth,1790323200000,14000.0,put,155.7,4.509799,4.49,4.545,2540.88,0.0
1787350280,eth,1787904000000,2020.0,call,86.05,0.205274,0.2025,0.208,2539.03,0.0
1787350280,eth,1787472000000,1750.0,call,92.67,0.310578,0.308,0.313,2538.29,0.0
1787350280,eth,1798185600000,2600.0,put,54.45,0.136014,0.1345,0.138,2558.8,1061.0
1787350280,eth,1788508800000,2300.0,call,58.44,0.105227,0.101,0.109,2539.19,2512.0
1787350280,eth,1790323200000,6400.0,put,102.87,1.51899,1.51,1.528,2540.88,0.0
1787350280,eth,1787904000000,2050.0,put,82.66,0.000946,0.0007,0.0013,2539.03,1760.0
1787350280,eth,1787385600000,2320.0,call,100.07,0.085672,0.083,0.0885,2537.15,1012.0
1787350280,eth,1789113600000,2350.0,put,55.2,0.021346,0.021,0.022,2539.52,813.0
1787350280,eth,1787644800000,2360.0,put,67.25,0.004101,0.0037,0.0046,2538.74,54.0
1787350280,eth,1790323200000,6600.0,put,104.88,1.597676,1.5885,1.608,2540.88,0.0
1787350280,eth,1790323200000,2800.0,call,56.84,0.03309,0.0325,0.034,2540.88,10803.0
1787350280,eth,1787904000000,1950.0,put,92.02,0.000576,0.0004,0.001,2539.4,4822.0
1787350280,eth,1798185600000,2900.0,call,55.11,0.080243,0.0795,0.0815,2559.17,2305.0
1787350280,eth,1788508800000,2800.0,put,66.3,0.119619,0.116,0.1255,2539.19,0.0
1787350280,eth,1806048000000,2700.0,put,55.17,0.195213,0.193,0.198,2586.16,147.0
1787350280,eth,1787558400000,2400.0,call,66.87,0.05816,0.0555,0.062,2538.55,428.0
1787350280,eth,1787472000000,1980.0,call,89.45,0.219969,0.2175,0.2225,2538.66,5.0
1787350280,eth,1789113600000,2500.0,put,56.12,0.045062,0.0445,0.046,2539.92,0.0
1787350280,eth,1790323200000,3500.0,call,66.55,0.005996,0.005,0.0065,2540.88,15798.0
1787350280,eth,1787472000000,2600.0,put,82.31,0.035021,0.0335,0.0365,2538.66,0.0
1787350280,eth,1787385600000,1820.0,call,118.65,0.282696,0.28,0.285,2537.15,0.0
1787350280,eth,1790323200000,1800.0,call,66.63,0.294855,0.2905,0.2975,2540.88,6270.0
1787350280,eth,1806048000000,3400.0,call,55.86,0.077257,0.0755,0.0785,2586.16,1880.0
1787350280,eth,1813910400000,900.0,put,70.84,0.007783,0.007,0.0095,2611.89,839.0
1787350280,eth,1787904000000,2080.0,put,79.7,0.001088,0.0009,0.0015,2539.4,765.0
1787350280,eth,1788508800000,1600.0,put,94.11,0.000237,0.0002,0.0007,2539.56,976.0
1787350280,eth,1787385600000,2050.0,call,117.26,0.192048,0.1895,0.1945,2537.15,393.0
1787350280,eth,1787558400000,2280.0,put,73.67,0.000824,0.0006,0.0012,2538.1,1452.0
1787350280,eth,1787644800000,2400.0,call,67.12,0.061403,0.058,0.0645,2538.74,459.0
1787350280,eth,1813910400000,1300.0,call,62.82,0.523941,0.5165,0.533,2611.52,108.0
1787350280,eth,1787904000000,1600.0,call,128.63,0.369979,0.3675,0.372,2539.03,885.0
1787350280,eth,1787558400000,2440.0,put,66.92,0.007418,0.0065,0.0075,2538.1,50.0
1787350280,eth,1790323200000,1850.0,put,64.77,0.003969,0.0038,0.0044,2541.25,5478.0
1787350280,eth,1798185600000,1500.0,call,63.4,0.423279,0.418,0.428,2559.17,758.0
1787350280,eth,1787385600000,1980.0,put,118.22,0.0,,,2537.15,587.0
1787350280,eth,1793347200000,3400.0,call,58.44,0.018819,0.018,0.0195,2547.55,1537.0
1787350280,eth,1787558400000,2250.0,call,76.72,0.114162,0.1115,0.117,2538.1,0.0
1787350280,eth,1787904000000,1300.0,put,152.82,1.8e-05,,0.0004,2539.03,9069.0
1787350280,eth,1787472000000,2320.0,call,74.84,0.086476,0.083,0.0895,2538.66,492.0
1787350280,eth,1790323200000,5000.0,put,86.35,0.968395,0.9625,0.9765,2541.25,2.0
1787350280,eth,1787904000000,1450.0,call,152.72,0.429047,0.427,0.431,2539.4,51.0
1787350280,eth,1787472000000,2660.0,put,92.19,0.054754,0.0515,0.0605,2538.29,0.0
1787350280,eth,1798185600000,11000.0,put,83.33,3.29927,3.2685,3.309,2558.8,359.0
1787350280,eth,1787644800000,2420.0,put,67.11,0.008462,0.0075,0.009,2539.11,152.0
1787350280,eth,1787385600000,2500.0,call,94.63,0.021236,0.02,0.023,2537.52,2497.0
1787350280,eth,1798185600000,2800.0,call,54.84,0.091735,0.091,0.093,2558.8,7178.0
1787350280,eth,1793347200000,1800.0,call,59.64,0.302532,0.2975,0.307,2547.18,102.0
1787350280,eth,1788508800000,2350.0,put,58.12,0.015428,0.015,0.0165,2539.19,134.0
1787350280,eth,1813910400000,1800.0,put,57.73,0.061367,0.0595,0.065,2611.89,899.0
1787350280,eth,1787558400000,2250.0,put,76.72,0.000593,0.0003,0.001,2538.1,0.0
1787350280,eth,1798185600000,3400.0,put,56.79,0.370305,0.3625,0.3805,2559.17,89.0
1787350280,eth,1787472000000,1750.0,put,92.67,0.0,,0.0001,2538.66,370.0
1787350280,eth,1787558400000,2460.0,call,66.85,0.040197,0.0385,0.0415,2538.1,202.0
1787350280,eth,1787558400000,2500.0,put,69.07,0.015486,0.0145,0.0165,2538.1,1.0
1787350280,eth,1787904000000,1800.0,put,100.93,0.00018,0.0001,0.0007,2539.4,6598.0
1787350280,eth,1798185600000,1000.0,put,79.0,0.002226,0.002,0.0028,2559.17,18871.0
1787350280,eth,1787385600000,2360.0,put,94.01,0.000111,0.0001,0.0005,2537.15,1031.0
1787350280,eth,1787385600000,1920.0,put,118.63,0.0,,,2537.52,1350.0
1787350280,eth,1790323200000,14000.0,call,155.7,4.8e-05,,0.0003,2540.88,1212.0
1787350280,eth,1813910400000,3700.0,put,56.52,0.507628,0.492,0.525,2611.52,0.0
1787350280,eth,1787558400000,2540.0,put,71.86,0.023639,0.023,0.025,2538.1,0.0
1787350280,eth,1787904000000,2000.0,put,87.54,0.000748,0.0005,0.0012,2539.4,2515.0
1787350280,eth,1787385600000,1860.0,put,118.63,0.0,,,2537.15,628.0
1787350280,eth,1787385600000,2280.0,put,100.07,6e-06,,0.0003,2537.15,778.0
1787350280,eth,1790323200000,1850.0,call,64.77,0.275895,0.2715,0.2785,2540.88,2289.0
1787350280,eth,1787472000000,2160.0,call,89.41,0.149084,0.1465,0.152,2538.66,29.0
1787350280,eth,1790323200000,10000.0,call,143.78,0.000226,,0.0002,2540.88,1561.0
1787350280,eth,1813910400000,2300.0,call,56.08,0.256255,0.255,0.2605,2611.89,224.0
1787350280,eth,1813910400000,2700.0,call,55.87,0.189228,0.187,0.1925,2611.89,316.0
1787350280,eth,1787472000000,2120.0,put,89.42,8e-06,,0.0004,2538.29,267.0
1787350280,eth,1788508800000,1950.0,put,73.51,0.001457,0.0012,0.0019,2539.19,793.0
1787350280,eth,1787644800000,2340.0,put,67.6,0.003184,0.0028,0.0037,2538.74,245.0
1787350280,eth,1787472000000,2250.0,call,84.98,0.113793,0.111,0.1165,2538.66,198.0
1787350280,eth,1787385600000,2380.0,put,93.71,0.000232,0.0003,0.0006,2537.15,553.0
1787350280,eth,1787385600000,2000.0,put,118.21,0.0,,0.0002,2537.15,233.0
1787350280,eth,1790323200000,16000.0,call,160.24,2.6e-05,,0.0002,2540.88,7426.0
1787350280,eth,1787644800000,2100.0,call,84.65,0.173098,0.1705,0.176,2539.11,0.0
1787350280,eth,1798185600000,3300.0,put,56.46,0.337013,0.3285,0.3475,2558.8,10.0
1787350280,eth,1798185600000,3400.0,call,56.79,0.041562,0.0405,0.0425,2559.17,13298.0
1787350280,eth,1787385600000,2360.0,call,94.01,0.069981,0.067,0.073,2537.52,1495.0
1787350280,eth,1787472000000,1800.0,put,89.73,0.0,,0.0001,2538.29,16.0
1787350280,eth,1790323200000,6200.0,put,99.91,1.440282,1.4315,1.4535,2541.25,0.0
1787350280,eth,1787472000000,2080.0,call,89.44,0.180575,0.178,0.183,2538.29,33.0
1787350280,eth,1798185600000,2000.0,call,56.06,0.25621,0.2495,0.263,2558.8,10959.0
1787350280,eth,1787904000000,1700.0,call,116.86,0.330646,0.3285,0.333,2539.03,933.0
1787350280,eth,1787472000000,2500.0,call,70.15,0.025854,0.0245,0.027,2538.66,62.0
1787350280,eth,1787385600000,1600.0,put,138.38,0.0,,0.0001,2537.52,27.0
1787350280,eth,1787558400000,2640.0,put,82.37,0.051827,0.0485,0.0565,2538.1,0.0
1787350280,eth,1813910400000,5500.0,put,59.25,1.13621,1.121,1.158,2611.89,0.0
1787350280,eth,1793347200000,1850.0,call,58.6,0.284641,0.2795,0.2895,2547.18,1174.0
1787350280,eth,1813910400000,3800.0,put,56.65,0.53985,0.524,0.558,2611.89,2.0
1787350280,eth,1798185600000,800.0,put,88.33,0.001208,0.0011,0.0014,2559.17,6420.0
1787350280,eth,1787385600000,2440.0,put,92.19,0.001478,0.0012,0.0018,2537.15,275.0
1787350280,eth,1813910400000,3000.0,put,55.92,0.299661,0.286,0.3135,2611.89,208.0
1787350280,eth,1787472000000,2150.0,call,89.41,0.153017,0.1505,0.1555,2538.29,117.0
1787350280,eth,1787472000000,2200.0,put,89.36,8.2e-05,0.0001,0.0005,2538.66,381.0
1787350280,eth,1806048000000,800.0,put,77.85,0.003072,0.0026,0.0041,2586.16,2803.0
1787350280,eth,1793347200000,2300.0,call,53.77,0.145571,0.1445,0.1475,2547.18,1020.0
1787350280,eth,1798185600000,2000.0,put,56.06,0.037824,0.0375,0.039,2558.8,8997.0
1787350280,eth,1787385600000,2160.0,call,100.44,0.148695,0.146,0.151,2537.15,20.0
1787350280,eth,1787904000000,2200.0,put,69.64,0.002226,0.0021,0.0028,2539.03,4558.0
1787350280,eth,1798185600000,800.0,call,88.33,0.688563,0.685,0.691,2559.17,171.0
1787350280,eth,1793347200000,2750.0,put,54.34,0.142921,0.141,0.145,2547.18,0.0
1787350280,eth,1806048000000,4500.0,call,58.09,0.029984,0.0285,0.031,2585.79,2394.0
1787350280,eth,1798185600000,5500.0,call,66.52,0.005284,0.0046,0.0055,2558.8,1616.0
1787350280,eth,1798185600000,4000.0,call,59.19,0.020067,0.019,0.021,2558.8,16987.0
1787350280,eth,1787385600000,2200.0,put,100.08,0.0,,0.0002,2537.15,967.0
1787350280,eth,1787558400000,2120.0,put,90.59,0.000159,0.0001,0.0005,2538.1,521.0
1787350280,eth,1790323200000,1200.0,call,101.1,0.528282,0.525,0.5305,2541.25,138.0
1787350280,eth,1787472000000,2240.0,put,87.09,0.000181,0.0001,0.0006,2538.66,322.0
1787350280,eth,1787472000000,2260.0,put,84.53,0.000236,0.0002,0.0007,2538.29,321.0
1787350280,eth,1787472000000,2250.0,put,84.98,0.000192,0.0001,0.0006,2538.29,257.0
1787350280,eth,1787644800000,2900.0,put,95.64,0.145588,0.1425,0.1495,2539.11,0.0
1787350280,eth,1789113600000,1800.0,put,73.08,0.001259,0.0011,0.0019,2539.52,107.0
1787350280,eth,1790323200000,3000.0,call,59.36,0.019432,0.0185,0.02,2540.88,32972.0
1787350280,eth,1790323200000,4000.0,put,74.15,0.576673,0.5715,0.582,2540.88,140.0
1787350280,eth,1790323200000,2150.0,call,56.56,0.168127,0.163,0.1715,2540.88,113.0
1787350280,eth,1790323200000,6500.0,put,103.57,1.558325,1.549,1.5675,2541.25,0.0
1787350280,eth,1813910400000,4600.0,put,57.82,0.811865,0.794,0.831,2611.89,0.0
1787350280,eth,1787558400000,2580.0,call,76.17,0.017525,0.0165,0.0185,2538.1,2.0
1787350280,eth,1787558400000,2050.0,call,91.25,0.192402,0.19,0.195,2538.55,0.0
1787350280,eth,1790323200000,5800.0,put,97.61,1.283009,1.2755,1.2915,2541.25,0.0
1787350280,eth,1813910400000,1200.0,call,64.5,0.557699,0.5515,0.566,2611.89,55.0
1787350280,eth,1787558400000,2520.0,put,70.82,0.019449,0.0185,0.0205,2538.55,0.0
1787350280,eth,1793347200000,1200.0,call,80.45,0.530257,0.5265,0.533,2547.55,0.0
1787350280,eth,1793347200000,1700.0,call,62.05,0.339128,0.3345,0.3435,2547.18,26.0
1787350280,eth,1798185600000,1300.0,put,69.05,0.005548,0.0055,0.006,2558.8,2141.0
1787350280,eth,1788508800000,2400.0,put,58.06,0.021167,0.021,0.0225,2539.19,230.0
1787350280,eth,1790323200000,2600.0,call,55.04,0.057132,0.0565,0.0585,2540.88,16646.0
1787350280,eth,1806048000000,1200.0,put,66.93,0.010311,0.0095,0.012,2586.16,1654.0
1787350280,eth,1787558400000,2340.0,call,67.7,0.079736,0.0765,0.0835,2538.1,52.0
1787350280,eth,1790323200000,7000.0,put,109.99,1.755086,1.7455,1.7705,2540.88,0.0
1787350280,eth,1790323200000,1900.0,call,63.55,0.257291,0.2525,0.26,2540.88,11296.0
1787350280,eth,1798185600000,2300.0,call,54.43,0.177503,0.177,0.18,2559.17,8039.0
1787350280,eth,1787904000000,2050.0,call,82.66,0.193554,0.191,0.1965,2539.03,16678.0
1787350280,eth,1793347200000,3000.0,put,55.68,0.216931,0.212,0.225,2547.55,72.0
1787350280,eth,1793347200000,2650.0,call,53.96,0.076715,0.076,0.078,2547.18,167.0
1787350280,eth,1788508800000,2700.0,put,63.42,0.087904,0.0865,0.09,2539.19,0.0
1787350280,eth,1787904000000,1800.0,call,100.93,0.29125,0.289,0.294,2539.03,5389.0
1787350280,eth,1789113600000,2200.0,call,56.5,0.142674,0.138,0.1465,2539.92,0.0
1787350280,eth,1787558400000,2540.0,call,71.86,0.022957,0.022,0.024,2538.55,364.0
1787350280,eth,1787472000000,2140.0,put,89.42,1.5e-05,,0.0004,2538.29,100.0
1787350280,eth,1793347200000,4200.0,call,65.18,0.005723,0.005,0.006,2547.55,14.0
1787350280,eth,1806048000000,3700.0,call,56.43,0.058867,0.057,0.06,2586.16,1533.0
1787350280,eth,1806048000000,5000.0,call,59.21,0.020546,0.019,0.0215,2586.16,2069.0
1787350280,eth,1787385600000,2150.0,call,100.55,0.152636,0.15,0.155,2537.15,1025.0
1787350280,eth,1787644800000,2300.0,call,69.57,0.096073,0.093,0.099,2539.11,0.0
1787350280,eth,1787385600000,2580.0,put,116.86,0.025567,0.0225,0.0305,2537.15,0.0
1787350280,eth,1806048000000,1200.0,call,66.93,0.545999,0.5405,0.553,2586.16,68.0
1787350280,eth,1787644800000,2900.0,call,95.64,0.00332,0.0033,0.0043,2539.11,1.0
1787350280,eth,1790323200000,2700.0,put,55.95,0.106235,0.1045,0.108,2540.88,527.0
1787350280,eth,1789113600000,2450.0,put,55.57,0.035731,0.035,0.037,2539.92,2.0
1787350280,eth,1787385600000,2350.0,call,98.25,0.073917,0.0705,0.077,2537.15,771.0
1787350280,eth,1788508800000,2550.0,put,59.67,0.047863,0.0475,0.0495,2539.19,0.0
1787350280,eth,1806048000000,2500.0,call,55.21,0.182429,0.181,0.185,2586.16,9383.0
1787350280,eth,1790323200000,2300.0,call,54.85,0.122175,0.121,0.124,2540.88,14428.0
1787350280,eth,1790323200000,1400.0,put,88.61,0.001005,0.0007,0.0013,2540.88,9781.0
1787350280,eth,1806048000000,1500.0,put,61.32,0.021832,0.021,0.0235,2586.16,4075.0
1787350280,eth,1787472000000,1880.0,call,89.46,0.259364,0.257,0.2615,2538.66,99.0
1787350280,eth,1813910400000,2700.0,put,55.87,0.223128,0.221,0.2275,2611.89,0.0
1787350280,eth,1813910400000,2900.0,call,55.9,0.162713,0.1605,0.166,2611.89,283.0
1787350280,eth,1813910400000,1700.0,put,58.42,0.050837,0.05,0.054,2611.89,2993.0
1787350280,eth,1793347200000,1200.0,put,80.45,0.001355,0.001,0.002,2547.18,2171.0
1787350280,eth,1787472000000,1920.0,put,89.46,0.0,,,2538.29,154.0
1787350280,eth,1806048000000,1500.0,call,61.32,0.441443,0.434,0.45,2586.16,243.0
1787350280,eth,1788508800000,2250.0,call,59.03,0.12165,0.119,0.1255,2539.19,579.0
1787350280,eth,1787558400000,2000.0,put,91.34,1.2e-05,,,2538.1,3041.0
1787350280,eth,1787644800000,2520.0,put,69.75,0.023246,0.0225,0.0245,2539.11,0.0
1787350280,eth,1787644800000,2400.0,put,67.12,0.006728,0.006,0.0075,2539.11,52.0
1787350280,eth,1789113600000,2400.0,call,55.22,0.082765,0.0815,0.0845,2539.92,547.0
1787350280,eth,1793347200000,2450.0,put,53.57,0.073372,0.0725,0.0745,2547.18,0.0
1787350280,eth,1790323200000,3800.0,call,71.12,0.003402,0.0029,0.0037,2541.25,2030.0
1787350280,eth,1787385600000,1900.0,put,118.63,0.0,,,2537.15,1377.0
1787350280,eth,1790323200000,3300.0,call,63.4,0.009186,0.0085,0.0095,2541.25,17752.0
1787350280,eth,1793347200000,1950.0,put,56.82,0.015451,0.015,0.016,2547.18,864.0
1787350280,eth,1787558400000,2220.0,put,79.75,0.000428,0.0003,0.0008,2538.1,334.0
1787350280,eth,1806048000000,3300.0,call,55.73,0.084883,0.083,0.086,2586.16,2191.0
1787350280,eth,1787385600000,2450.0,call,91.88,0.036322,0.033,0.0395,2537.15,1274.0
1787350280,eth,1813910400000,4200.0,put,57.21,0.673156,0.6565,0.692,2611.89,0.0
1787350280,eth,1787472000000,1780.0,put,89.94,0.0,,0.0001,2538.29,42.0
1787350280,eth,1787472000000,1960.0,call,89.45,0.227848,0.2255,0.2305,2538.29,1.0
1787350280,eth,1787904000000,2120.0,call,75.95,0.166376,0.1635,0.169,2539.4,84.0
1787350280,eth,1787558400000,2450.0,put,66.91,0.00828,0.0075,0.009,2538.1,390.0
1787350280,eth,1790323200000,2200.0,put,55.87,0.017834,0.017,0.0185,2540.88,6569.0
1787350280,eth,1798185600000,1300.0,call,69.05,0.4975,0.4925,0.501,2559.17,50.0
1787350280,eth,1787644800000,2580.0,call,73.45,0.021161,0.0205,0.022,2539.11,0.0
1787350280,eth,1787472000000,1880.0,put,89.46,0.0,,,2538.66,1145.0
1787350280,eth,1790323200000,3200.0,put,61.6,0.270783,0.2665,0.276,2540.88,1323.0
1787350280,eth,1787904000000,2600.0,call,68.78,0.026016,0.0255,0.027,2539.03,7459.0
1787350280,eth,1806048000000,3000.0,call,55.35,0.112774,0.111,0.1145,2586.16,3853.0
1787350280,eth,1787385600000,2460.0,call,91.71,0.032941,0.0285,0.0365,2537.15,513.0
1787350280,eth,1788508800000,2450.0,put,58.28,0.028419,0.028,0.0295,2539.19,2.0
1787350280,eth,1790323200000,1200.0,put,101.1,0.000546,0.0003,0.001,2540.88,11618.0
1787350280,eth,1793347200000,1700.0,put,62.05,0.006517,0.006,0.007,2547.18,1260.0
1787350280,eth,1798185600000,1900.0,put,56.92,0.029035,0.0285,0.0305,2559.17,5162.0
1787350280,eth,1787385600000,1760.0,put,120.3,0.0,,0.0001,2537.52,177.0
1787350280,eth,1787644800000,2360.0,call,67.25,0.074531,0.07,0.0775,2539.11,0.0
1787350280,eth,1787558400000,2480.0,put,67.82,0.012147,0.0115,0.013,2538.1,739.0
1787350280,eth,1787558400000,2200.0,call,83.43,0.133664,0.131,0.1365,2538.1,0.0
1787350280,eth,1787472000000,1960.0,put,89.45,0.0,,,2538.66,256.0
1787350280,eth,1787385600000,2040.0,put,117.31,0.0,,,2537.52,529.0
1787350280,eth,1790323200000,7200.0,call,117.96,0.000354,,0.0003,2541.25,1160.0
1787350280,eth,1787644800000,2700.0,call,82.59,0.010403,0.01,0.011,2538.74,0.0
1787350280,eth,1787904000000,1550.0,call,136.83,0.389672,0.3875,0.392,2539.03,131.0
1787350280,eth,1789113600000,2800.0,call,61.02,0.022487,0.0215,0.023,2539.92,1691.0
1787350280,eth,1813910400000,3200.0,call,56.02,0.13,0.1275,0.1325,2611.89,1148.0
1787350280,eth,1787385600000,2600.0,put,121.17,0.031622,0.0305,0.0335,2537.52,0.0
1787350280,eth,1787472000000,2450.0,call,68.24,0.039511,0.036,0.043,2538.29,558.0
1787350280,eth,1787904000000,3200.0,call,99.23,0.002328,0.002,0.0027,2539.03,2746.0
1787350280,eth,1787472000000,1860.0,call,89.46,0.267243,0.2645,0.2695,2538.29,0.0
1787350280,eth,1788508800000,1700.0,call,93.65,0.331139,0.329,0.3335,2539.19,18.0
1787350280,eth,1788508800000,2000.0,put,70.22,0.001819,0.0016,0.0023,2539.56,1237.0
1787350280,eth,1789113600000,2500.0,call,56.12,0.060643,0.0595,0.062,2539.52,1034.0
1787350280,eth,1787472000000,2440.0,call,68.25,0.042687,0.038,0.046,2538.29,716.0
1787350280,eth,1787904000000,1000.0,call,152.82,0.60615,0.604,0.608,2539.4,50.0
1787350280,eth,1790323200000,6600.0,call,104.88,0.000222,0.0001,0.0004,2540.88,1495.0
1787350280,eth,1787472000000,2350.0,call,71.09,0.074903,0.0715,0.078,2538.29,322.0
1787350280,eth,1787385600000,2300.0,put,100.07,1.6e-05,,0.0004,2537.15,1087.0
1787350280,eth,1793347200000,1600.0,call,65.2,0.376647,0.3715,0.3805,2547.55,68.0
1787350280,eth,1787472000000,2460.0,call,68.42,0.036477,0.0345,0.038,2538.29,194.0
1787350280,eth,1787385600000,2140.0,call,101.19,0.156577,0.154,0.159,2537.15,279.0
1787350280,eth,1788508800000,2600.0,call,60.87,0.036061,0.0355,0.0375,2539.19,6731.0
1787350280,eth,1806048000000,3100.0,call,55.45,0.102471,0.1005,0.104,2586.16,1813.0
1787350280,eth,1789113600000,2300.0,call,55.39,0.110485,0.109,0.1125,2539.92,74.0
1787350280,eth,1789113600000,3000.0,call,65.28,0.011965,0.011,0.0125,2539.92,4593.0
1787350280,eth,1787472000000,2240.0,call,87.09,0.117721,0.115,0.1205,2538.29,432.0
1787350280,eth,1787385600000,1960.0,call,118.58,0.227519,0.225,0.23,2537.15,340.0
1787350280,eth,1790323200000,2400.0,put,54.54,0.040864,0.04,0.0415,2541.25,3390.0
1787350280,eth,1790323200000,2900.0,put,58.13,0.16667,0.1625,0.173,2540.88,49.0
1787350280,eth,1813910400000,6000.0,put,60.06,1.320889,1.304,1.3435,2611.89,0.0
1787350280,eth,1787558400000,2550.0,call,73.21,0.021538,0.0205,0.0225,2538.1,123.0
1787350280,eth,1790323200000,15000.0,call,158.86,3.8e-05,,0.0005,2540.88,878.0
1787350280,eth,1787644800000,2220.0,put,76.38,0.000941,0.0007,0.0014,2539.11,0.0
1787350280,eth,1787558400000,2600.0,put,78.16,0.039609,0.0385,0.0415,2538.55,0.0
1787350280,eth,1787904000000,2150.0,put,73.58,0.001616,0.0014,0.0022,2539.03,1576.0
1787350280,eth,1790323200000,5600.0,call,94.67,0.000426,0.0002,0.0006,2540.88,7163.0
1787350280,eth,1787385600000,1900.0,call,118.63,0.251167,0.2485,0.2535,2537.15,468.0
1787350280,eth,1813910400000,3100.0,call,55.96,0.140019,0.1375,0.143,2611.89,117.0
1787350280,eth,1787558400000,2440.0,call,66.92,0.045997,0.044,0.0475,2538.1,109.0
1787350280,eth,1788508800000,2000.0,call,70.22,0.214163,0.211,0.217,2539.19,4187.0
1787350280,eth,1806048000000,2700.0,call,55.17,0.150511,0.149,0.153,2586.16,3034.0
1787350280,eth,1790323200000,3000.0,put,59.36,0.200093,0.1955,0.2075,2540.88,7522.0
1787350280,eth,1787385600000,2220.0,call,100.08,0.125048,0.122,0.1275,2537.15,1040.0
1787350280,eth,1787472000000,2180.0,call,89.41,0.141226,0.1385,0.144,2538.66,133.0
1787350280,eth,1798185600000,3600.0,put,57.58,0.439245,0.4315,0.45,2558.8,93.0
1787350280,eth,1790323200000,5000.0,call,86.35,0.000627,0.0003,0.0009,2541.25,4582.0
1787350280,eth,1813910400000,2200.0,call,56.25,0.276402,0.275,0.2805,2611.52,1051.0
1787350280,eth,1787904000000,2250.0,put,66.73,0.003281,0.0032,0.004,2539.03,1775.0
1787350280,eth,1798185600000,3600.0,call,57.58,0.032341,0.0315,0.033,2559.17,2308.0
1787350280,eth,1787385600000,2160.0,put,100.44,0.0,,0.1695,2537.15,593.0
1787350280,eth,1787558400000,2620.0,put,80.27,0.045588,0.0415,0.0505,2538.1,0.0
1787350280,eth,1787385600000,1960.0,put,118.58,0.0,,,2537.52,213.0
1787350280,eth,1813910400000,900.0,call,70.84,0.66315,0.658,0.67,2611.89,0.0
1787350280,eth,1798185600000,9000.0,call,79.11,0.000866,0.0005,0.0013,2559.17,1976.0
1787350280,eth,1787644800000,2440.0,put,67.05,0.010495,0.0095,0.0115,2539.11,16.0
1787350280,eth,1793347200000,2350.0,call,53.59,0.133365,0.1325,0.135,2547.18,198.0
1787350280,eth,1790323200000,2700.0,call,55.95,0.043641,0.043,0.0445,2540.88,9276.0
1787350280,eth,1790323200000,11000.0,call,150.72,0.000197,,0.0002,2541.25,2766.0
1787350280,eth,1793347200000,2750.0,call,54.34,0.063321,0.0625,0.0645,2547.18,0.0
1787350280,eth,1787472000000,2120.0,call,89.42,0.164823,0.162,0.1675,2538.29,18.0
1787350280,eth,1787385600000,2100.0,call,107.44,0.172342,0.1695,0.175,2537.15,962.0
1787350280,eth,1787904000000,2100.0,put,77.86,0.001209,0.001,0.0017,2539.4,2993.0
1787350280,eth,1813910400000,3700.0,call,56.52,0.090802,0.0885,0.093,2611.52,0.0
1787350280,eth,1790323200000,10000.0,put,143.78,2.935762,2.921,2.9595,2540.88,0.0
1787350280,eth,1798185600000,2200.0,call,54.79,0.201485,0.2005,0.2035,2559.17,52441.0
1787350280,eth,1788508800000,2150.0,put,62.21,0.004059,0.0039,0.0047,2539.56,629.0
1787350280,eth,1806048000000,2100.0,put,55.99,0.078192,0.0775,0.0805,2586.16,707.0
1787350280,eth,1789113600000,2700.0,call,59.05,0.031259,0.0305,0.032,2539.52,138.0
1787350280,eth,1787558400000,2450.0,call,66.91,0.043056,0.041,0.0445,2538.1,240.0
1787350280,eth,1787644800000,2200.0,call,78.73,0.134271,0.1315,0.137,2539.11,0.0
1787350280,eth,1787644800000,2480.0,call,67.89,0.039081,0.0375,0.0405,2539.11,403.0
1787350280,eth,1813910400000,2500.0,call,55.93,0.220262,0.2185,0.224,2611.52,3087.0
1787350280,eth,1787385600000,1920.0,call,118.63,0.243284,0.241,0.2455,2537.15,242.0
1787350280,eth,1798185600000,4000.0,put,59.19,0.583294,0.574,0.596,2559.17,223.0
1787350280,eth,1787644800000,2650.0,put,78.71,0.057695,0.0565,0.0605,2539.11,0.0
1787350280,eth,1813910400000,800.0,put,73.9,0.005894,0.005,0.0075,2611.89,689.0
1787350280,eth,1806048000000,6000.0,put,61.63,1.33232,1.317,1.353,2586.16,1.0
1787350280,eth,1790323200000,3100.0,put,60.52,0.23491,0.23,0.242,2540.88,0.0
1787350280,eth,1787558400000,2520.0,call,70.82,0.026647,0.0255,0.0275,2538.55,41.0
1787350280,eth,1798185600000,1600.0,call,61.31,0.387329,0.382,0.392,2559.17,619.0
1787350280,eth,1787385600000,2180.0,call,100.19,0.140812,0.138,0.1435,2537.52,101.0
1787350280,eth,1787558400000,2100.0,call,90.95,0.172775,0.1705,0.1755,2538.1,0.0
1787350280,eth,1806048000000,3100.0,put,55.45,0.301943,0.2905,0.314,2586.16,99.0
1787350280,eth,1793347200000,4400.0,call,66.16,0.004217,0.0038,0.0046,2547.18,0.0
1787350280,eth,1787472000000,2560.0,call,76.57,0.015103,0.0145,0.016,2538.66,1.0
1787350280,eth,1813910400000,3400.0,put,56.19,0.414279,0.3995,0.432,2611.52,2.0
1787350280,eth,1787385600000,2240.0,call,100.07,0.117166,0.1145,0.12,2537.15,803.0
1787350280,eth,1787385600000,2020.0,call,117.75,0.203872,0.2015,0.206,2537.15,381.0
1787350280,eth,1787558400000,2640.0,call,82.37,0.011749,0.011,0.0125,2538.1,0.0
1787350280,eth,1787644800000,2750.0,call,86.82,0.007957,0.007,0.0085,2539.11,0.0
1787350280,eth,1790323200000,13000.0,put,153.54,4.116267,4.096,4.138,2540.88,0.0
1787350280,eth,1798185600000,3800.0,put,58.43,0.510497,0.502,0.521,2559.17,26.0
1787350280,eth,1813910400000,1200.0,put,64.5,0.01721,0.016,0.0195,2611.52,521.0
1787350280,eth,1790323200000,1300.0,put,95.0,0.000763,0.0005,0.001,2541.25,3434.0
1787350280,eth,1788508800000,2700.0,call,63.42,0.024568,0.024,0.0255,2539.19,493.0
1787350280,eth,1787558400000,2240.0,put,78.19,0.000552,0.0003,0.0009,2538.1,226.0
1787350280,eth,1790323200000,1400.0,call,88.61,0.45003,0.4465,0.452,2540.88,1550.0
1787350280,eth,1787904000000,1450.0,put,152.72,0.000129,0.0001,,2539.03,8380.0
1787350280,eth,1787904000000,3200.0,put,99.23,0.262647,0.259,0.2665,2539.03,3.0
1787350280,eth,1787558400000,2700.0,put,88.66,0.071773,0.0685,0.0755,2538.1,0.0
1787350280,eth,1806048000000,5500.0,call,60.43,0.014642,0.0135,0.0155,2585.79,2760.0
1787350280,eth,1790323200000,3600.0,put,68.28,0.421778,0.4165,0.427,2540.88,907.0
1787350280,eth,1787644800000,2600.0,call,74.9,0.018736,0.018,0.0195,2539.11,531.0
1787350280,eth,1787644800000,2480.0,put,67.89,0.015917,0.015,0.017,2539.11,5.0
1787350280,eth,1790323200000,1300.0,call,95.0,0.489143,0.486,0.4915,2541.25,68.0
1787350280,eth,1798185600000,1600.0,put,61.31,0.01262,0.012,0.0135,2558.8,7680.0
1787350280,eth,1793347200000,2050.0,put,55.5,0.021815,0.0215,0.0225,2547.55,204.0
1787350280,eth,1787644800000,2320.0,call,68.52,0.088713,0.0855,0.0915,2539.11,0.0
1787350280,eth,1798185600000,11000.0,call,83.33,0.000397,0.0002,0.0008,2559.17,2144.0
1787350280,eth,1813910400000,1000.0,call,68.47,0.627392,0.622,0.6345,2611.89,70.0
1787350280,eth,1813910400000,2300.0,put,56.08,0.136985,0.135,0.1405,2611.89,163.0
1787350280,eth,1787558400000,2100.0,put,90.95,0.00011,0.0001,0.0005,2538.1,25.0
1787350280,eth,1793347200000,2400.0,put,53.56,0.064277,0.0635,0.0655,2547.55,195.0
1787350280,eth,1787472000000,2100.0,put,89.44,4e-06,,0.0003,2538.29,97.0
1787350280,eth,1787472000000,1900.0,put,89.46,0.0,,,2538.29,358.0
1787350280,eth,1787385600000,2420.0,put,92.42,0.000827,0.0006,0.0012,2537.15,1016.0
1787350280,eth,1788508800000,2900.0,put,69.29,0.1539,0.15,0.158,2539.19,0.0
1787350280,eth,1787904000000,1500.0,put,144.61,0.000133,,,2539.03,5661.0
1787350280,eth,1787385600000,2300.0,call,100.07,0.093533,0.0905,0.0965,2537.15,2069.0
1787350280,eth,1787385600000,1780.0,call,118.76,0.298461,0.296,0.3005,2537.52,0.0
1787350280,eth,1787385600000,1940.0,call,118.62,0.235402,0.2325,0.2375,2537.52,77.0
1787350280,eth,1787472000000,1800.0,call,89.73,0.290881,0.2885,0.293,2538.29,0.0
1787350280,eth,1787904000000,2100.0,call,77.86,0.174125,0.1715,0.177,2539.4,8226.0
1787350280,eth,1787472000000,2420.0,put,68.3,0.002705,0.0023,0.003,2538.29,602.0
1787350280,eth,1813910400000,3200.0,put,56.02,0.355363,0.341,0.3715,2611.89,0.0
1787350280,eth,1790323200000,9000.0,call,134.24,0.000228,,0.0003,2540.88,1519.0
1787350280,eth,1789113600000,2000.0,put,62.89,0.003018,0.0028,0.0034,2539.92,1485.0
1787350280,eth,1787644800000,2280.0,call,70.92,0.103565,0.1005,0.1065,2539.11,0.0
1787350280,eth,1813910400000,2100.0,call,56.47,0.29802,0.29,0.31,2611.89,142.0
1787350280,eth,1793347200000,1950.0,call,56.82,0.249917,0.2445,0.255,2547.18,690.0
1787350280,eth,1793347200000,2650.0,put,53.96,0.117057,0.1155,0.1185,2547.18,0.0
1787350280,eth,1787385600000,1950.0,put,118.62,0.0,,,2537.15,64.0
1787350280,eth,1806048000000,3200.0,call,55.56,0.093164,0.0915,0.0945,2586.16,4275.0
1787350280,eth,1787558400000,2360.0,call,67.02,0.072438,0.0695,0.0755,2538.1,842.0
1787350280,eth,1793347200000,4200.0,put,65.18,0.654567,0.648,0.665,2547.55,0.0
1787350280,eth,1798185600000,3800.0,call,58.43,0.025432,0.0245,0.026,2559.17,2806.0
1787350280,eth,1790323200000,4800.0,call,83.95,0.000778,0.0005,0.0011,2541.25,1689.0
1787350280,eth,1806048000000,2400.0,call,55.28,0.200629,0.1995,0.2035,2586.16,2110.0
1787350280,eth,1806048000000,4000.0,put,57.04,0.593015,0.583,0.609,2586.16,0.0
1787350280,eth,1787558400000,2650.0,call,83.47,0.011027,0.01,0.0115,2538.1,0.0
1787350280,eth,1789113600000,2550.0,call,56.61,0.051448,0.0505,0.0525,2539.52,100.0
1787350280,eth,1788508800000,2900.0,call,69.29,0.011799,0.011,0.0125,2539.19,70.0
1787350280,eth,1787904000000,1200.0,put,152.82,4e-06,,0.0003,2539.4,7110.0
1787350280,eth,1788508800000,2300.0,put,58.44,0.011031,0.0105,0.012,2539.56,641.0
1787350280,eth,1790323200000,4000.0,call,74.15,0.002459,0.0019,0.0028,2540.88,21603.0
1787350280,eth,1790323200000,2100.0,call,57.61,0.18504,0.18,0.1885,2540.88,5794.0
1787350280,eth,1798185600000,2500.0,put,54.36,0.113972,0.113,0.116,2559.17,1348.0
1787350280,eth,1787472000000,1700.0,put,93.48,0.0,,0.0001,2538.29,267.0
1787350280,eth,1788508800000,2100.0,put,64.4,0.003008,0.0028,0.0035,2539.19,1409.0
1787350280,eth,1788508800000,2080.0,put,65.45,0.002697,0.0025,0.0032,2539.56,769.0
1787350280,eth,1806048000000,4600.0,put,58.3,0.80757,0.7985,0.825,2586.16,0.0
1787350280,eth,1806048000000,3700.0,put,56.43,0.490495,0.477,0.5065,2586.16,0.0
1787350280,eth,1787385600000,2480.0,put,92.52,0.004106,0.004,0.0045,2537.52,189.0
1787350280,eth,1787385600000,2200.0,call,100.08,0.13293,0.13,0.1355,2537.52,632.0
1787350280,eth,1806048000000,2200.0,put,55.66,0.09344,0.0925,0.096,2586.16,1732.0
1787350280,eth,1798185600000,1700.0,call,59.57,0.352397,0.347,0.358,2559.17,365.0
1787350280,eth,1787472000000,1840.0,put,89.48,0.0,,0.0001,2538.66,525.0
1787350280,eth,1787558400000,2150.0,call,85.1,0.153139,0.1505,0.156,2538.1,0.0
1787350280,eth,1790323200000,6000.0,call,97.99,0.000289,0.0002,0.0004,2541.25,3172.0
1787350280,eth,1787904000000,1650.0,put,124.45,0.000186,,0.0005,2539.4,7063.0
1787350280,eth,1788508800000,1700.0,put,93.65,0.000647,0.0005,0.0009,2539.19,745.0
1787350280,eth,1788508800000,2050.0,call,67.27,0.194984,0.191,0.198,2539.56,0.0
1787350280,eth,1787385600000,1750.0,put,125.01,0.0,,0.0001,2537.15,155.0
1787350280,eth,1793347200000,4400.0,put,66.16,0.731576,0.725,0.7425,2547.55,0.0
1787350280,eth,1798185600000,3200.0,put,56.05,0.304421,0.2965,0.315,2558.8,261.0
1787350280,eth,1790323200000,5400.0,call,91.8,0.000469,0.0003,0.0007,2540.88,1730.0
1787350280,eth,1798185600000,10000.0,call,82.73,0.000686,0.0003,0.001,2559.17,1703.0
1787350280,eth,1787644800000,2650.0,call,78.71,0.013899,0.013,0.0145,2539.11,0.0
1787350280,eth,1787904000000,3000.0,call,89.13,0.004574,0.0043,0.005,2539.03,2827.0
1787350280,eth,1813910400000,2800.0,call,55.88,0.17545,0.173,0.179,2611.89,1202.0
1787350280,eth,1790323200000,4800.0,put,83.95,0.889836,0.883,0.897,2540.88,110.0
1787350280,eth,1787904000000,2150.0,call,73.58,0.15484,0.152,0.1575,2539.4,5200.0
1787350280,eth,1798185600000,5500.0,put,66.52,1.15472,1.1415,1.1695,2559.17,0.0
1787350280,eth,1793347200000,2350.0,put,53.59,0.055932,0.055,0.057,2547.55,3.0
1787350280,eth,1787472000000,2640.0,put,89.23,0.048005,0.045,0.052,2538.29,0.0
1787350280,eth,1787472000000,2620.0,put,86.13,0.041455,0.0385,0.0465,2538.29,0.0
1787350280,eth,1790323200000,4200.0,call,77.03,0.001826,0.0013,0.0021,2541.25,2641.0
1787350280,eth,1787472000000,2600.0,call,82.31,0.010738,0.01,0.0115,2538.66,905.0
1787350280,eth,1787904000000,2500.0,put,65.26,0.027081,0.0265,0.0285,2539.4,108.0
1787350280,eth,1787385600000,2250.0,put,100.07,1e-06,,0.0003,2537.15,805.0
1787350280,eth,1793347200000,2700.0,put,54.14,0.129696,0.128,0.1315,2547.18,0.0
1787350280,eth,1787644800000,2680.0,put,81.11,0.067303,0.0635,0.0725,2538.74,0.0
1787350280,eth,1813910400000,2800.0,put,55.88,0.247643,0.244,0.252,2611.89,666.0
1787350280,eth,1787904000000,1850.0,put,100.92,0.000342,0.0002,0.0008,2539.03,3807.0
1787350280,eth,1813910400000,2600.0,call,55.88,0.20411,0.202,0.2075,2611.89,321.0
1787350280,eth,1787558400000,2300.0,put,71.36,0.001008,0.0007,0.0014,2538.1,637.0
1787350280,eth,1813910400000,1300.0,put,62.82,0.021745,0.0205,0.024,2611.89,1674.0
1787350280,eth,1806048000000,5500.0,put,60.43,1.142738,1.131,1.162,2586.16,0.0
1787350280,eth,1787385600000,1950.0,call,118.62,0.23146,0.2285,0.234,2537.15,18.0
1787350280,eth,1806048000000,1400.0,call,62.88,0.475386,0.4685,0.4835,2586.16,31.0
1787350280,eth,1787385600000,2140.0,put,101.19,0.0,,,2537.15,1029.0
1787350280,eth,1787644800000,2460.0,call,67.24,0.043983,0.0425,0.0455,2539.11,125.0
1787350280,eth,1813910400000,2400.0,put,55.97,0.156563,0.1545,0.1605,2611.52,18.0
1787350280,eth,1787644800000,2680.0,call,81.11,0.01169,0.011,0.0125,2539.11,0.0
1787350280,eth,1790323200000,1950.0,call,61.55,0.238612,0.2335,0.2415,2540.88,3752.0
1787350280,eth,1788508800000,1900.0,call,76.36,0.252855,0.2505,0.2555,2539.19,408.0
1787350280,eth,1787904000000,2080.0,call,79.7,0.181881,0.1795,0.1845,2539.03,42.0
1787350280,eth,1787385600000,2060.0,put,117.17,0.0,,0.0002,2537.15,440.0
1787350280,eth,1806048000000,1600.0,put,59.88,0.027518,0.027,0.0295,2586.16,1253.0
1787350280,eth,1813910400000,3800.0,call,56.65,0.084731,0.0825,0.087,2611.89,429.0
1787350280,eth,1787644800000,2380.0,call,67.22,0.067849,0.064,0.071,2539.11,68.0
1787350280,eth,1793347200000,1500.0,call,68.06,0.414483,0.41,0.4175,2547.55,50.0
1787350280,eth,1798185600000,2500.0,call,54.36,0.136955,0.136,0.139,2559.17,28162.0
1787350280,eth,1787644800000,2800.0,call,90.72,0.006107,0.0055,0.007,2539.11,4.0
1787350280,eth,1787644800000,2260.0,call,72.46,0.111146,0.108,0.114,2539.11,0.0
1787350280,eth,1793347200000,2800.0,call,54.58,0.05752,0.0565,0.0585,2547.18,1883.0
1787350280,eth,1806048000000,2400.0,put,55.28,0.129253,0.128,0.132,2586.16,418.0
1787350280,eth,1787904000000,2350.0,call,64.07,0.082483,0.0795,0.086,2539.4,4803.0
1787350280,eth,1787904000000,1550.0,put,136.83,0.000139,,0.0595,2539.03,6117.0
1787350280,eth,1798185600000,6000.0,put,68.49,1.348514,1.334,1.365,2559.17,0.0
1787350280,eth,1806048000000,1700.0,call,58.85,0.376953,0.37,0.386,2586.16,1336.0
1787350280,eth,1787644800000,2150.0,call,84.5,0.153726,0.151,0.1565,2539.11,0.0
1787350280,eth,1813910400000,1000.0,put,68.47,0.010318,0.0095,0.012,2611.89,4751.0
1787350280,eth,1787385600000,2420.0,call,92.42,0.04705,0.044,0.0475,2537.52,2982.0
1787350280,eth,1787472000000,2040.0,call,89.45,0.196332,0.194,0.199,2538.29,509.0
1787350280,eth,1787385600000,2180.0,put,100.19,0.0,,0.0002,2537.52,384.0
1787350280,eth,1787472000000,2160.0,put,89.41,2.7e-05,,0.0004,2538.66,133.0
1787350280,eth,1787644800000,2150.0,put,84.5,0.000579,0.0003,0.001,2538.74,9.0
1787350280,eth,1790323200000,2000.0,put,60.11,0.007479,0.007,0.008,2540.88,17614.0
1787350280,eth,1787904000000,3800.0,put,121.86,0.497027,0.493,0.5015,2539.03,0.0
1787350280,eth,1787472000000,2180.0,put,89.41,4.8e-05,,0.0004,2538.29,147.0
1787350280,eth,1793347200000,2550.0,put,53.59,0.09362,0.0925,0.0955,2547.55,0.0
1787350280,eth,1787472000000,1940.0,call,89.46,0.235727,0.2335,0.238,2538.29,196.0
1787350280,eth,1798185600000,1400.0,put,65.78,0.007116,0.0065,0.008,2559.17,13701.0
1787350280,eth,1793347200000,2000.0,call,56.16,0.233261,0.228,0.2385,2547.55,774.0
1787350280,eth,1787904000000,1900.0,call,95.73,0.252104,0.25,0.255,2539.03,7438.0
1787350280,eth,1787558400000,2560.0,put,73.98,0.028599,0.0275,0.03,2538.1,0.0
1787350280,eth,1788508800000,1800.0,call,83.47,0.291865,0.2895,0.2945,2539.19,32.0
1787350280,eth,1787904000000,2300.0,call,65.09,0.099278,0.096,0.103,2539.4,6103.0
1787350280,eth,1787385600000,2450.0,put,91.88,0.001923,0.0017,0.0022,2537.15,98.0
1787350280,eth,1790323200000,1800.0,put,66.63,0.003251,0.0031,0.0037,2540.88,11536.0
1787350280,eth,1798185600000,9000.0,put,79.11,2.518126,2.495,2.545,2559.17,0.0
1787350280,eth,1813910400000,3600.0,call,56.4,0.097385,0.095,0.0995,2611.52,117.0
1787350280,eth,1787558400000,2800.0,put,96.44,0.10725,0.1045,0.1115,2538.1,0.0
1787350280,eth,1813910400000,4000.0,put,56.92,0.605693,0.589,0.6215,2611.89,0.0
1787350280,eth,1787472000000,2540.0,call,74.23,0.018091,0.0175,0.019,2538.66,376.0
1787350280,eth,1798185600000,4600.0,call,62.1,0.010908,0.01,0.0115,2559.17,10851.0
1787350280,eth,1787558400000,2700.0,call,88.66,0.008056,0.0075,0.009,2538.1,873.0
1787350280,eth,1787385600000,1800.0,put,118.68,0.0,,0.0001,2537.15,20.0
1787350280,eth,1798185600000,10000.0,put,82.73,2.908753,2.8825,2.9445,2559.17,0.0
1787350280,eth,1787558400000,2220.0,call,79.75,0.125816,0.123,0.1285,2538.55,0.0
1787350280,eth,1788508800000,1950.0,call,73.51,0.233493,0.231,0.2365,2539.56,3308.0
1787350280,eth,1806048000000,3200.0,put,55.56,0.331329,0.3195,0.344,2586.16,20.0
1787350280,eth,1806048000000,2600.0,call,55.16,0.165683,0.1645,0.168,2586.16,3209.0
1787350280,eth,1790323200000,2500.0,call,54.72,0.074772,0.0735,0.0755,2541.25,25314.0
1787350280,eth,1813910400000,3300.0,put,56.1,0.384468,0.37,0.4015,2611.89,0.0
1787350280,eth,1787644800000,2000.0,call,95.86,0.21236,0.21,0.215,2538.74,0.0
1787350280,eth,1787558400000,2680.0,call,86.6,0.009121,0.0085,0.01,2538.1,0.0
1787350280,eth,1813910400000,1700.0,call,58.42,0.399863,0.391,0.4105,2611.52,673.0
1787350280,eth,1790323200000,2600.0,put,55.04,0.080371,0.0795,0.082,2540.88,8382.0
1787350280,eth,1789113600000,2600.0,call,57.48,0.043745,0.043,0.0445,2539.52,990.0
1787350280,eth,1787904000000,2300.0,put,65.09,0.005132,0.005,0.006,2539.03,2467.0
1787350280,eth,1787472000000,2650.0,put,90.74,0.051358,0.048,0.0565,2538.66,0.0
1787350280,eth,1793347200000,3800.0,call,61.72,0.009874,0.009,0.01,2547.18,16.0
1787350280,eth,1787558400000,2480.0,call,67.82,0.035104,0.0335,0.0365,2538.1,71.0
1787350280,eth,1787385600000,2100.0,put,107.44,0.0,,,2537.15,761.0
1787350280,eth,1798185600000,8000.0,call,75.34,0.001189,0.0008,0.0017,2558.8,2874.0
1787350280,eth,1813910400000,1600.0,put,59.25,0.041711,0.0405,0.0445,2611.89,1970.0
1787350280,eth,1787904000000,2020.0,put,86.05,0.00085,0.0006,0.0013,2539.4,806.0
1787350280,eth,1787558400000,2150.0,put,85.1,0.000172,0.0001,0.0006,2538.1,3.0
1787350280,eth,1787472000000,2550.0,put,75.47,0.021133,0.02,0.0225,2538.66,1.0
1787350280,eth,1793347200000,1900.0,call,57.67,0.267094,0.262,0.272,2547.18,275.0
1787350280,eth,1787472000000,2000.0,put,89.45,0.0,,,2538.29,128.0
1787350280,eth,1787472000000,2480.0,put,68.69,0.007772,0.0075,0.0085,2538.66,5.0
1787350280,eth,1798185600000,3100.0,put,55.7,0.272901,0.265,0.2825,2558.8,0.0
1787350280,eth,1788508800000,3000.0,put,72.51,0.189946,0.186,0.194,2539.19,0.0
1787350280,eth,1798185600000,6500.0,call,70.45,0.002681,0.0022,0.0032,2558.8,1804.0
1787350280,eth,1787904000000,1000.0,put,152.82,0.0,,0.0001,2539.03,2984.0
1787350280,eth,1806048000000,3800.0,call,56.63,0.053878,0.052,0.055,2586.16,1272.0
1787350280,eth,1787472000000,2520.0,put,72.07,0.014422,0.014,0.0155,2538.29,193.0
1787350280,eth,1787385600000,2560.0,put,110.74,0.019763,0.016,0.0245,2537.52,0.0
1787350280,eth,1790323200000,1500.0,put,82.64,0.001334,0.0011,0.0017,2540.88,13377.0
1787350280,eth,1787385600000,2000.0,call,118.21,0.211754,0.2095,0.214,2537.15,106.0
1787350280,eth,1787904000000,2450.0,put,64.25,0.018716,0.0185,0.02,2539.03,438.0
1787350280,eth,1787472000000,2380.0,put,68.97,0.001209,0.001,0.0016,2538.66,151.0
1787350280,eth,1798185600000,2400.0,put,54.34,0.094036,0.0935,0.0955,2558.8,1715.0
1787350280,eth,1790323200000,1950.0,put,61.55,0.006041,0.0055,0.0065,2541.25,1641.0
1787350280,eth,1787644800000,2460.0,put,67.24,0.012941,0.012,0.014,2539.11,16.0
1787350280,eth,1793347200000,3200.0,put,56.95,0.283144,0.2765,0.2925,2547.55,0.0
1787350280,eth,1787558400000,2050.0,put,91.25,3.8e-05,,0.0004,2538.1,251.0
1787350280,eth,1793347200000,1400.0,put,71.45,0.002395,0.0022,0.0029,2547.55,2550.0
1787350280,eth,1806048000000,2300.0,put,55.45,0.110527,0.1095,0.113,2586.16,1594.0
1787350280,eth,1787472000000,1920.0,call,89.46,0.243606,0.241,0.246,2538.29,63.0
1787350280,eth,1806048000000,1700.0,put,58.85,0.034728,0.034,0.0365,2586.16,1576.0
1787350280,eth,1787472000000,2340.0,put,72.32,0.000602,0.0005,0.0009,2538.29,579.0
1787350280,eth,1787644800000,2220.0,call,76.38,0.126516,0.1235,0.1295,2539.11,0.0
1787350280,eth,1790323200000,12000.0,call,152.28,0.000117,,0.0002,2540.88,1341.0
1787350280,eth,1813910400000,2900.0,put,55.9,0.273199,0.2595,0.287,2611.52,282.0
1787350280,eth,1793347200000,2150.0,call,54.55,0.18639,0.1805,0.191,2547.18,1011.0
1787350280,eth,1787904000000,1400.0,call,152.82,0.448681,0.4465,0.4505,2539.4,118.0
1787350280,eth,1787904000000,2800.0,call,78.32,0.010106,0.0095,0.011,2539.03,8747.0
1787350280,eth,1787558400000,2000.0,call,91.34,0.212073,0.2095,0.215,2538.1,0.0
1787350280,eth,1806048000000,4200.0,put,57.47,0.663388,0.655,0.68,2586.16,1.0
1787350280,eth,1787472000000,2700.0,put,97.81,0.068741,0.066,0.073,2538.66,0.0
1787350280,eth,1790323200000,5800.0,call,97.61,0.000398,0.0002,0.0005,2540.88,4883.0
1787350280,eth,1798185600000,1900.0,call,56.92,0.286503,0.2815,0.2925,2559.17,3877.0
1787350280,eth,1787472000000,2260.0,call,84.53,0.109898,0.107,0.1125,2538.66,89.0
1787350280,eth,1789113600000,2250.0,put,55.85,0.01209,0.0115,0.013,2539.92,484.0
1787350280,eth,1793347200000,2450.0,call,53.57,0.111547,0.1105,0.113,2547.55,219.0
1787350280,eth,1788508800000,1750.0,put,88.33,0.000688,0.0005,0.0011,2539.19,730.0
1787350280,eth,1789113600000,2800.0,put,61.02,0.125036,0.121,0.1315,2539.52,0.0
1787350280,eth,1806048000000,1000.0,put,72.04,0.005958,0.0055,0.007,2586.16,7333.0
1787350280,eth,1787472000000,2020.0,call,89.45,0.204211,0.2015,0.2065,2538.29,5.0
1787350280,eth,1813910400000,3500.0,put,56.3,0.444815,0.4295,0.46,2611.89,303.0
1787350280,eth,1787558400000,2160.0,put,84.45,0.000199,0.0001,0.0006,2538.1,10.0
1787350280,eth,1787904000000,1750.0,call,108.08,0.310938,0.3085,0.3135,2539.03,4111.0
1787350280,eth,1787472000000,2200.0,call,89.36,0.13338,0.1305,0.136,2538.66,117.0
1787350280,eth,1789113600000,2200.0,put,56.5,0.008962,0.0085,0.0095,2539.92,1258.0
1787350280,eth,1793347200000,1750.0,call,60.69,0.320656,0.3155,0.325,2547.18,102.0
1787350280,eth,1787558400000,2800.0,call,96.44,0.004137,0.0042,0.0055,2538.1,1.0
1787350280,eth,1793347200000,1750.0,put,60.69,0.007674,0.0075,0.0085,2547.55,776.0
1787350280,eth,1813910400000,3400.0,call,56.19,0.11233,0.11,0.115,2611.89,253.0
1787350280,eth,1806048000000,2800.0,put,55.19,0.220053,0.2175,0.223,2585.79,12.0
1787350280,eth,1787558400000,2360.0,put,67.02,0.002205,0.0018,0.0026,2538.1,966.0
1787350280,eth,1787472000000,2000.0,call,89.45,0.21209,0.2095,0.2145,2538.29,65.0
1787350280,eth,1798185600000,2400.0,call,54.34,0.1561,0.1555,0.1585,2559.17,12364.0
1787350280,eth,1798185600000,1700.0,put,59.57,0.016768,0.0165,0.018,2558.8,13998.0
1787350280,eth,1790323200000,8500.0,put,130.66,2.345472,2.3325,2.358,2540.88,0.0
1787350280,eth,1793347200000,1500.0,put,68.06,0.003355,0.0032,0.0039,2547.55,2617.0
1787350280,eth,1787472000000,2280.0,put,82.3,0.000315,0.0002,0.0006,2538.66,316.0
1787350280,eth,1787385600000,1860.0,call,118.63,0.266932,0.264,0.269,2537.15,18.0
1787350280,eth,1788508800000,2200.0,put,60.5,0.00561,0.005,0.0065,2539.19,1558.0
1787350280,eth,1787644800000,2440.0,call,67.05,0.049414,0.0475,0.051,2539.11,0.0
1787350280,eth,1789113600000,2000.0,call,62.89,0.215483,0.2125,0.2185,2539.92,4.0
1787350280,eth,1798185600000,6000.0,call,68.49,0.003674,0.0031,0.0042,2558.8,10401.0
1787350280,eth,1793347200000,2800.0,put,54.58,0.156749,0.1515,0.1645,2547.55,10.0
1787350280,eth,1787472000000,2480.0,call,68.69,0.030763,0.029,0.032,2538.29,281.0
1787350280,eth,1789113600000,2600.0,put,57.48,0.067541,0.066,0.069,2539.52,0.0
1787350280,eth,1787904000000,1100.0,call,152.82,0.566766,0.5645,0.5685,2539.4,204.0
1787350280,eth,1813910400000,800.0,call,73.9,0.699553,0.6945,0.7055,2611.89,118.0
