snap_ts,asset,expiry_ms,strike,opt_type,mark_iv,mark_price,bid,ask,underlying_price,open_interest
1783195424,btc,1787904000000,105000.0,call,48.13,0.00025508,0.0002,0.0004,63585.72,161.3
1783195424,btc,1790323200000,300000.0,put,84.97,3.70252773,3.5435,3.873,63795.14,0.0
1783195424,btc,1787904000000,48000.0,call,52.12,0.25156849,0.248,0.2545,63585.72,37.5
1783195424,btc,1784880000000,56000.0,put,44.93,0.00556008,0.005,0.006,63380.0,23.8
1783195424,btc,1783238400000,66000.0,put,40.09,0.04255008,0.013,0.08,63313.08,0.0
1783195424,btc,1783324800000,67000.0,put,39.16,0.05865523,0.053,0.0975,63313.08,0.0
1783195424,btc,1798185600000,210000.0,put,60.78,2.25876015,2.148,2.381,64451.96,0.0
1783195424,btc,1790323200000,35000.0,put,67.71,0.00285691,0.0026,0.003,63795.34,846.7
1783195424,btc,1783670400000,48000.0,call,70.03,0.24191399,0.2385,0.245,63315.4,0.0
1783195424,btc,1790323200000,64000.0,put,38.7,0.07501997,0.0745,0.076,63795.14,482.6
1783195424,btc,1790323200000,135000.0,put,55.58,1.11638827,1.045,1.1955,63795.34,11.5
1783195424,btc,1787904000000,56000.0,put,43.42,0.02035312,0.02,0.021,63585.11,655.6
1783195424,btc,1798185600000,80000.0,call,40.07,0.03794713,0.0375,0.038,64451.88,6874.3
1783195424,btc,1798185600000,105000.0,put,40.77,0.63507263,0.6265,0.643,64451.88,109.4
1783195424,btc,1783324800000,54000.0,put,57.71,6e-08,,0.0001,63313.08,75.3
1783195424,btc,1798185600000,200000.0,put,58.64,2.1036074,1.9985,2.22,64451.96,0.0
1783195424,btc,1785484800000,115000.0,call,72.75,8.813e-05,,0.0001,63407.85,182.3
1783195424,btc,1783324800000,57000.0,call,45.6,0.09944213,0.0945,0.1305,63313.08,0.0
1783195424,btc,1806048000000,60000.0,call,44.36,0.18641272,0.185,0.188,65105.45,720.6
1783195424,btc,1798185600000,170000.0,put,53.35,1.63838124,1.549,1.7385,64451.88,0.0
1783195424,btc,1787904000000,63000.0,call,38.1,0.06314238,0.062,0.0635,63585.72,528.3
1783195424,btc,1784275200000,58000.0,put,43.54,0.00535752,0.005,0.0055,63340.84,175.5
1783195424,btc,1798185600000,72000.0,call,40.59,0.06827063,0.0675,0.069,64451.88,1103.1
1783195424,btc,1783670400000,52000.0,call,64.09,0.1788677,0.175,0.2055,63315.4,0.0
1783195424,btc,1790323200000,78000.0,call,35.84,0.01099282,0.0105,0.011,63795.14,3963.8
1783195424,btc,1783670400000,65000.0,call,33.95,0.00677639,0.0065,0.007,63315.4,1202.5
1783195424,btc,1798185600000,40000.0,put,56.21,0.01586368,0.0155,0.0165,64451.88,4218.4
1783195424,btc,1783324800000,64500.0,put,31.14,0.02090923,0.0023,0.0575,63313.08,0.0
1783195424,btc,1784275200000,66000.0,put,33.2,0.05140208,0.049,0.086,63341.1,14.0
1783195424,btc,1798185600000,135000.0,call,45.57,0.00140936,0.0014,0.0018,64451.88,1044.9
1783195424,btc,1783670400000,75000.0,call,55.43,0.00015328,,0.0002,63315.4,112.3
1783195424,btc,1785484800000,81000.0,call,39.01,0.00039877,0.0003,0.0005,63407.85,1444.8
1783195424,btc,1783238400000,62500.0,call,24.28,0.0130513,0.011,0.0155,63313.08,178.5
1783195424,btc,1787904000000,66000.0,put,36.53,0.07830182,0.0755,0.0815,63585.72,147.3
1783195424,btc,1785484800000,77000.0,call,36.04,0.00090755,0.0008,0.0011,63408.26,1642.0
1783195424,btc,1798185600000,104000.0,put,40.28,0.61965709,0.613,0.6555,64451.88,0.0
1783195424,btc,1783324800000,59500.0,put,35.26,2.051e-05,,0.0001,63313.08,128.4
1783195424,btc,1784880000000,68000.0,call,33.79,0.00810496,0.0075,0.0085,63379.76,204.3
1783195424,btc,1783497600000,59000.0,put,43.7,0.00086047,0.0008,0.001,63313.16,11.2
1783195424,btc,1813910400000,68000.0,put,43.5,0.1900928,0.1885,0.192,65791.76,0.0
1783195424,btc,1783324800000,62000.0,call,29.53,0.0217493,0.0185,0.0265,63313.08,57.3
1783195424,btc,1798185600000,85000.0,put,39.92,0.34471873,0.339,0.3535,64451.88,548.5
1783195424,btc,1798185600000,84000.0,put,39.89,0.33117213,0.3265,0.3395,64451.88,47.0
1783195424,btc,1784275200000,59000.0,put,41.73,0.00721724,0.007,0.0075,63341.1,336.6
1783195424,btc,1783411200000,59500.0,put,43.39,0.00059917,0.0005,0.0007,63313.16,20.9
1783195424,btc,1785484800000,85000.0,call,42.44,0.00021797,0.0001,0.0004,63407.85,1331.1
1783195424,btc,1790323200000,84000.0,put,36.05,0.32120809,0.3145,0.328,63795.14,34.7
1783195424,btc,1806048000000,180000.0,put,49.82,1.76662065,1.672,1.8745,65105.45,0.0
1783195424,btc,1813910400000,72000.0,call,42.95,0.13246967,0.131,0.134,65792.39,7.4
1783195424,btc,1784275200000,52000.0,call,54.01,0.17987529,0.1765,0.184,63341.1,0.0
1783195424,btc,1785484800000,102000.0,put,60.01,0.60869234,0.6005,0.638,63408.26,0.1
1783195424,btc,1784880000000,50000.0,call,54.36,0.21238007,0.1905,0.2345,63379.76,0.0
1783195424,btc,1784275200000,61000.0,put,38.49,0.01320885,0.013,0.0135,63341.1,69.2
1783195424,btc,1785484800000,92000.0,put,50.21,0.45103595,0.4425,0.475,63407.85,0.4
1783195424,btc,1783670400000,70000.0,call,39.91,0.00038314,0.0003,0.0006,63315.71,697.6
1783195424,btc,1813910400000,110000.0,put,41.58,0.69825366,0.6385,0.742,65791.59,0.0
1783195424,btc,1783411200000,56000.0,put,50.87,2.058e-05,,0.0001,63313.16,4.6
1783195424,btc,1790323200000,150000.0,call,60.37,0.00017953,0.0001,0.0003,63795.34,738.6
1783195424,btc,1783497600000,55000.0,put,55.82,8.118e-05,,0.0001,63313.16,2.0
1783195424,btc,1790323200000,165000.0,put,66.78,1.58658105,1.4995,1.6825,63795.14,0.0
1783195424,btc,1790323200000,60000.0,call,40.55,0.10797963,0.1065,0.1095,63795.14,632.4
1783195424,btc,1790323200000,110000.0,put,46.05,0.72484974,0.7155,0.734,63795.14,116.4
1783195424,btc,1787904000000,66000.0,call,36.53,0.04033882,0.0395,0.041,63585.11,369.8
1783195424,btc,1798185600000,130000.0,call,44.25,0.00157216,0.0015,0.0016,64451.88,1534.4
1783195424,btc,1790323200000,240000.0,call,74.86,1.602e-05,,0.0002,63795.14,222.5
1783195424,btc,1785484800000,84000.0,put,41.52,0.32497283,0.3205,0.331,63408.26,31.6
1783195424,btc,1806048000000,92000.0,call,41.17,0.03526841,0.0345,0.036,65105.45,117.7
1783195424,btc,1813910400000,58000.0,put,45.57,0.11456891,0.113,0.116,65792.39,1.0
1783195424,btc,1785484800000,104000.0,put,62.11,0.64023201,0.6325,0.6695,63408.26,0.0
1783195424,btc,1806048000000,96000.0,put,41.2,0.50303995,0.4975,0.531,65105.45,1.5
1783195424,btc,1787904000000,64000.0,put,37.52,0.06129184,0.06,0.062,63585.72,207.8
1783195424,btc,1783324800000,66000.0,put,35.89,0.04306987,0.013,0.081,63313.08,0.0
1783195424,btc,1783238400000,56000.0,put,52.29,0.0,,0.0001,63313.08,6.0
1783195424,btc,1790323200000,115000.0,put,47.96,0.80309949,0.795,0.8125,63795.14,90.3
1783195424,btc,1813910400000,74000.0,call,42.72,0.12173971,0.1205,0.1235,65791.76,11.7
1783195424,btc,1813910400000,68000.0,call,43.5,0.15654537,0.155,0.158,65791.76,0.8
1783195424,btc,1790323200000,75000.0,call,35.9,0.01697014,0.0165,0.0175,63795.14,2559.2
1783195424,btc,1784275200000,54000.0,call,51.23,0.14914431,0.1455,0.1625,63341.1,0.1
1783195424,btc,1785484800000,105000.0,put,63.13,0.65600181,0.648,0.6835,63407.85,1.1
1783195424,btc,1787904000000,83000.0,put,36.09,0.30702098,0.301,0.333,63585.72,0.0
1783195424,btc,1806048000000,65000.0,put,43.28,0.14523357,0.1435,0.147,65105.45,636.4
1783195424,btc,1785484800000,66000.0,call,35.16,0.02150313,0.021,0.022,63407.67,1859.0
1783195424,btc,1783238400000,56000.0,call,52.29,0.11542132,0.111,0.145,63313.08,0.0
1783195424,btc,1798185600000,210000.0,call,60.78,0.00053005,0.0003,0.0009,64451.88,151.0
1783195424,btc,1798185600000,92000.0,call,39.93,0.01510373,0.0145,0.015,64451.88,252.2
1783195424,btc,1783670400000,55000.0,put,54.24,0.00038454,0.0003,0.0005,63315.71,1136.0
1783195424,btc,1790323200000,240000.0,put,74.86,2.76202801,2.6355,2.8985,63795.14,0.0
1783195424,btc,1806048000000,90000.0,call,41.17,0.03923615,0.0385,0.04,65105.45,431.7
1783195424,btc,1790323200000,95000.0,put,39.2,0.49045379,0.4815,0.499,63795.14,147.7
1783195424,btc,1798185600000,86000.0,call,39.92,0.02401334,0.023,0.024,64451.88,283.6
1783195424,btc,1813910400000,90000.0,put,41.69,0.42905331,0.425,0.5065,65791.76,0.0
1783195424,btc,1783670400000,62000.0,call,38.02,0.03065149,0.0295,0.0315,63315.71,462.5
1783195424,btc,1785484800000,50000.0,put,52.74,0.0024658,0.0024,0.0026,63407.85,3057.4
1783195424,btc,1783324800000,56000.0,call,47.06,0.11524042,0.0835,0.1455,63313.08,0.0
1783195424,btc,1806048000000,160000.0,put,46.91,1.46012895,1.375,1.558,65105.62,0.0
1783195424,btc,1798185600000,74000.0,call,40.41,0.05912823,0.0585,0.06,64451.96,64.3
1783195424,btc,1785484800000,73000.0,put,34.43,0.15404411,0.148,0.159,63407.85,97.7
1783195424,btc,1790323200000,58000.0,put,41.79,0.03859564,0.038,0.039,63795.14,539.8
1783195424,btc,1798185600000,54000.0,call,45.79,0.21378173,0.212,0.216,64451.96,33.1
1783195424,btc,1798185600000,200000.0,call,58.64,0.00053112,0.0003,0.001,64451.96,949.6
1783195424,btc,1784880000000,68000.0,put,33.79,0.08099862,0.0775,0.1135,63379.76,0.0
1783195424,btc,1784880000000,62000.0,put,37.45,0.02435707,0.024,0.025,63379.76,3.5
1783195424,btc,1785484800000,46000.0,put,58.55,0.001037,0.001,0.0012,63407.85,1300.8
1783195424,btc,1785484800000,61000.0,call,38.75,0.06261537,0.0605,0.0655,63407.85,976.7
1783195424,btc,1783238400000,62000.0,put,29.73,0.00011974,,0.0002,63313.08,319.5
1783195424,btc,1790323200000,320000.0,call,85.42,7.25e-06,,0.0001,63795.14,251.6
1783195424,btc,1783238400000,58000.0,put,41.82,0.0,,0.0001,63313.08,9.2
1783195424,btc,1813910400000,72000.0,put,42.95,0.22681401,0.224,0.2325,65791.76,1.0
1783195424,btc,1783411200000,58000.0,put,47.75,0.00017773,0.0001,0.0003,63313.16,47.7
1783195424,btc,1783411200000,63500.0,put,32.95,0.01254682,0.012,0.013,63313.16,28.5
1783195424,btc,1798185600000,45000.0,call,51.56,0.32581451,0.3235,0.3275,64451.88,54.2
1783195424,btc,1783324800000,63500.0,put,29.1,0.00918668,0.0085,0.0095,63313.08,15.4
1783195424,btc,1813910400000,70000.0,call,43.23,0.14416041,0.1425,0.146,65792.39,162.8
1783195424,btc,1783497600000,61000.0,call,37.89,0.03943304,0.0085,0.073,63313.16,0.0
1783195424,btc,1798185600000,68000.0,put,41.27,0.14581367,0.1425,0.148,64451.88,300.5
1783195424,btc,1783324800000,60000.0,call,33.76,0.05208912,0.018,0.084,63313.08,0.3
1783195424,btc,1785484800000,87000.0,call,45.27,0.00021357,0.0001,0.0003,63408.26,365.9
1783195424,btc,1806048000000,98000.0,put,41.2,0.5308475,0.478,0.554,65105.45,0.2
1783195424,btc,1798185600000,115000.0,put,41.73,0.78739721,0.7335,0.815,64451.88,0.6
1783195424,btc,1787904000000,100000.0,put,45.27,0.57301221,0.5305,0.5925,63585.11,0.1
1783195424,btc,1785484800000,94000.0,call,52.75,0.00014547,,0.0002,63407.85,865.6
1783195424,btc,1813910400000,78000.0,put,42.34,0.28814557,0.285,0.294,65792.39,0.1
1783195424,btc,1790323200000,84000.0,call,36.05,0.00450389,0.0043,0.0048,63795.34,703.6
1783195424,btc,1798185600000,102000.0,put,40.18,0.58959194,0.5405,0.6175,64451.88,7.7
1783195424,btc,1785484800000,61000.0,put,38.75,0.02461876,0.024,0.025,63407.85,522.1
1783195424,btc,1813910400000,120000.0,call,41.69,0.01753873,0.017,0.018,65792.39,33.1
1783195424,btc,1790323200000,165000.0,call,66.78,0.00019781,,0.0002,63795.14,183.5
1783195424,btc,1787904000000,98000.0,put,44.35,0.54160526,0.534,0.566,63585.11,0.0
1783195424,btc,1790323200000,65000.0,put,38.1,0.0826793,0.0815,0.084,63795.14,672.3
1783195424,btc,1783324800000,53000.0,put,64.88,8e-08,,0.0001,63313.08,20.1
1783195424,btc,1783324800000,69000.0,put,46.92,0.09016906,0.0535,0.13,63313.08,0.0
1783195424,btc,1785484800000,58000.0,call,41.97,0.09856037,0.0955,0.101,63407.85,115.4
1783195424,btc,1806048000000,170000.0,put,48.42,1.613331,1.5235,1.716,65105.45,0.1
1783195424,btc,1785484800000,62000.0,call,37.87,0.05232334,0.0515,0.053,63408.26,1542.0
1783195424,btc,1790323200000,160000.0,put,64.89,1.50820576,1.4235,1.6015,63795.14,0.6
1783195424,btc,1790323200000,80000.0,put,35.89,0.26220561,0.256,0.2685,63795.14,613.2
1783195424,btc,1783497600000,61000.0,put,37.89,0.00303583,0.0028,0.0032,63313.16,17.3
1783195424,btc,1784275200000,57000.0,put,45.25,0.00393448,0.0037,0.0041,63340.84,144.4
1783195424,btc,1790323200000,180000.0,call,72.1,0.00019792,,0.0002,63795.14,739.8
1783195424,btc,1806048000000,90000.0,put,41.17,0.4215985,0.3695,0.462,65105.62,14.0
1783195424,btc,1806048000000,54000.0,put,46.24,0.07297449,0.0715,0.074,65105.45,45.9
1783195424,btc,1787904000000,90000.0,call,39.45,0.0007047,0.0006,0.0009,63585.72,31.9
1783195424,btc,1783670400000,73000.0,put,49.65,0.15317364,0.1245,0.161,63315.4,0.2
1783195424,btc,1785484800000,80000.0,call,38.12,0.00047054,0.0003,0.0006,63408.26,6953.2
1783195424,btc,1806048000000,60000.0,put,44.36,0.10798762,0.1065,0.109,65105.45,557.8
1783195424,btc,1785484800000,60000.0,call,39.7,0.07380114,0.0715,0.075,63407.85,1215.1
1783195424,btc,1798185600000,65000.0,call,41.86,0.11101603,0.11,0.112,64451.88,657.7
1783195424,btc,1785484800000,56000.0,call,44.42,0.12554812,0.1225,0.13,63407.85,39.5
1783195424,btc,1783324800000,54000.0,call,57.71,0.1468389,0.116,0.176,63313.08,0.0
1783195424,btc,1787904000000,53000.0,call,46.53,0.17979498,0.176,0.1825,63585.72,5.9
1783195424,btc,1798185600000,190000.0,call,56.38,0.00053203,0.0003,0.0008,64451.88,989.4
1783195424,btc,1790323200000,105000.0,put,43.45,0.6465715,0.639,0.6555,63795.34,104.6
1783195424,btc,1785484800000,60000.0,put,39.7,0.02003399,0.0195,0.0205,63407.85,1992.1
1783195424,btc,1798185600000,230000.0,put,62.74,2.56891376,2.4485,2.702,64451.88,0.0
1783195424,btc,1790323200000,72000.0,call,36.09,0.02575931,0.0255,0.0265,63795.02,2196.9
1783195424,btc,1790323200000,130000.0,put,54.44,1.0380858,0.9695,1.1145,63795.14,21.4
1783195424,btc,1783497600000,66000.0,call,34.0,0.00170784,0.0015,0.0019,63313.16,11.2
1783195424,btc,1790323200000,70000.0,put,36.52,0.13125668,0.128,0.1355,63795.34,1525.1
1783195424,btc,1783497600000,70000.0,put,41.78,0.10587074,0.0685,0.1465,63313.16,0.0
1783195424,btc,1806048000000,150000.0,call,45.55,0.00323987,0.003,0.0035,65105.45,1897.7
1783195424,btc,1798185600000,45000.0,put,51.56,0.02400668,0.023,0.0245,64451.88,2822.3
1783195424,btc,1784275200000,48000.0,call,61.83,0.24244978,0.222,0.245,63340.84,0.0
1783195424,btc,1783238400000,54000.0,call,59.7,0.14701342,0.116,0.1755,63313.08,0.0
1783195424,btc,1783670400000,60000.0,call,42.05,0.05623239,0.0535,0.059,63315.71,610.4
1783195424,btc,1813910400000,60000.0,call,45.06,0.21577527,0.213,0.2175,65792.39,936.0
1783195424,btc,1785484800000,55000.0,put,45.49,0.00692777,0.0065,0.0075,63407.85,657.1
1783195424,btc,1784275200000,66000.0,call,33.2,0.00942925,0.009,0.01,63340.84,1653.6
1783195424,btc,1783324800000,63000.0,put,28.56,0.00519305,0.0047,0.0055,63313.08,3.8
1783195424,btc,1783411200000,64000.0,call,32.65,0.00618869,0.0055,0.0065,63313.16,31.2
1783195424,btc,1785484800000,45000.0,call,60.07,0.29114862,0.2715,0.294,63407.85,0.0
1783195424,btc,1783324800000,65000.0,call,32.48,0.00100385,0.0009,0.0012,63313.08,5.9
1783195424,btc,1784880000000,66000.0,put,34.33,0.05708939,0.0535,0.081,63379.76,4.0
1783195424,btc,1790323200000,220000.0,call,72.81,2.733e-05,,0.0002,63795.34,232.5
1783195424,btc,1783670400000,54000.0,call,59.24,0.14746525,0.123,0.151,63315.21,0.0
1783195424,btc,1806048000000,106000.0,call,41.35,0.01684926,0.016,0.0175,65105.45,39.3
1783195424,btc,1787904000000,80000.0,call,35.18,0.00285833,0.0026,0.0031,63585.72,563.6
1783195424,btc,1790323200000,100000.0,call,41.45,0.00095109,0.0009,0.0011,63795.14,3273.5
1783195424,btc,1806048000000,98000.0,call,41.2,0.0256085,0.0245,0.026,65105.45,78.6
1783195424,btc,1783238400000,56500.0,call,49.94,0.1075233,0.076,0.138,63313.08,0.0
1783195424,btc,1783411200000,65000.0,put,32.59,0.0292114,0.0021,0.066,63313.16,0.0
1783195424,btc,1785484800000,92000.0,call,50.21,0.00014559,,0.0002,63407.85,434.7
1783195424,btc,1783411200000,64000.0,put,32.65,0.01725417,0.0135,0.021,63313.16,0.4
1783195424,btc,1790323200000,60000.0,put,40.55,0.04848263,0.048,0.049,63795.34,4096.9
1783195424,btc,1798185600000,72000.0,put,40.59,0.18537809,0.182,0.1885,64451.96,335.4
1783195424,btc,1806048000000,56000.0,call,45.56,0.22343025,0.222,0.2245,65105.45,16.9
1783195424,btc,1787904000000,62000.0,put,38.78,0.04733317,0.0465,0.048,63585.72,590.9
1783195424,btc,1785484800000,83000.0,put,40.51,0.30923222,0.303,0.315,63407.85,29.5
1783195424,btc,1783497600000,68000.0,call,38.25,0.00041694,0.0003,0.0005,63313.16,0.0
1783195424,btc,1783324800000,58500.0,put,37.72,3.44e-06,,0.0001,63313.08,281.5
1783195424,btc,1798185600000,56000.0,call,44.9,0.19205025,0.19,0.194,64451.88,40.2
1783195424,btc,1790323200000,52000.0,put,46.49,0.01906366,0.0185,0.0195,63795.02,1036.3
1783195424,btc,1806048000000,86000.0,put,41.22,0.36955375,0.365,0.411,65105.45,1.7
1783195424,btc,1806048000000,40000.0,put,53.48,0.02553949,0.025,0.026,65105.45,1089.7
1783195424,btc,1806048000000,120000.0,call,42.12,0.00868402,0.008,0.0095,65105.45,315.5
1783195424,btc,1785484800000,77000.0,put,36.04,0.21523969,0.209,0.221,63407.85,249.4
1783195424,btc,1783411200000,57000.0,call,50.81,0.09960113,0.0675,0.1305,63313.16,0.0
1783195424,btc,1783324800000,59500.0,call,35.26,0.0599633,0.0265,0.092,63313.08,0.0
1783195424,btc,1813910400000,140000.0,call,42.54,0.00862044,0.008,0.009,65791.76,92.0
1783195424,btc,1790323200000,190000.0,call,72.81,0.00013,,0.0002,63795.34,763.9
1783195424,btc,1806048000000,56000.0,put,45.56,0.08356682,0.0825,0.0845,65105.45,73.2
1783195424,btc,1813910400000,56000.0,call,46.08,0.25106038,0.2485,0.2525,65792.39,3.5
1783195424,btc,1790323200000,64000.0,call,38.7,0.07181305,0.0705,0.0725,63795.02,202.6
1783195424,btc,1787904000000,40000.0,put,63.24,0.00214768,0.0019,0.0023,63585.72,392.9
1783195424,btc,1785484800000,46000.0,call,58.55,0.27557974,0.2555,0.295,63407.67,0.0
1783195424,btc,1785484800000,57000.0,call,43.2,0.11183877,0.109,0.1145,63407.85,3.8
1783195424,btc,1785484800000,94000.0,put,52.75,0.48257692,0.475,0.5075,63407.85,1.3
1783195424,btc,1783411200000,57000.0,put,50.81,8.132e-05,,0.0002,63313.16,1.9
1783195424,btc,1790323200000,220000.0,put,72.81,2.44853832,2.3325,2.5745,63795.34,1.8
1783195424,btc,1798185600000,50000.0,call,47.98,0.26101379,0.259,0.264,64451.88,261.1
1783195424,btc,1783670400000,56000.0,call,51.7,0.11614083,0.0905,0.1195,63315.21,13.8
1783195424,btc,1813910400000,84000.0,call,41.97,0.0793363,0.0775,0.0805,65791.76,2.5
1783195424,btc,1785484800000,56000.0,put,44.42,0.00869982,0.0085,0.009,63407.67,2045.5
1783195424,btc,1783411200000,60500.0,call,39.91,0.04549063,0.0125,0.079,63313.16,0.0
1783195424,btc,1785484800000,88000.0,call,45.96,0.00018387,,0.0003,63407.85,425.9
1783195424,btc,1783411200000,64500.0,call,32.37,0.00384989,0.0036,0.0041,63313.16,0.7
1783195424,btc,1790323200000,40000.0,put,60.78,0.00508646,0.0047,0.005,63795.14,2284.6
1783195424,btc,1790323200000,280000.0,put,81.51,3.38902664,3.2405,3.5485,63795.14,0.0
1783195424,btc,1783238400000,63000.0,call,22.84,0.00632162,0.005,0.007,63313.08,172.9
1783195424,btc,1784880000000,75000.0,call,36.98,0.0008553,0.0007,0.001,63379.76,5.5
1783195424,btc,1783324800000,58500.0,call,37.72,0.07574551,0.043,0.107,63313.08,0.0
1783195424,btc,1785484800000,63000.0,put,37.0,0.03648538,0.036,0.037,63407.85,594.0
1783195424,btc,1785484800000,110000.0,put,68.07,0.73485098,0.726,0.743,63407.85,46.3
1783195424,btc,1785484800000,96000.0,call,53.22,9.803e-05,,0.0002,63407.85,293.6
1783195424,btc,1785484800000,102000.0,call,60.01,9.651e-05,,0.0001,63407.85,444.6
1783195424,btc,1806048000000,82000.0,put,41.24,0.3194657,0.2685,0.358,65105.45,3.8
1783195424,btc,1798185600000,64000.0,call,42.14,0.11862558,0.1175,0.12,64451.88,332.9
1783195424,btc,1806048000000,95000.0,put,41.17,0.48919353,0.437,0.5175,65105.62,0.6
1783195424,btc,1785484800000,110000.0,call,68.07,9.077e-05,,0.0001,63408.26,194.2
1783195424,btc,1798185600000,95000.0,call,40.0,0.01201473,0.0115,0.0125,64451.88,1292.2
1783195424,btc,1785484800000,120000.0,put,77.21,0.89258381,0.8395,0.9065,63407.85,4.0
1783195424,btc,1790323200000,95000.0,call,39.2,0.00132404,0.0011,0.0016,63795.14,1826.8
1783195424,btc,1790323200000,35000.0,call,67.71,0.45423016,0.4525,0.4555,63795.14,24.1
1783195424,btc,1798185600000,240000.0,put,64.39,2.72405838,2.598,2.8625,64451.88,0.0
1783195424,btc,1787904000000,86000.0,put,37.31,0.35359034,0.3475,0.376,63585.11,0.0
1783195424,btc,1783238400000,61000.0,call,30.17,0.0364423,0.0315,0.0405,63313.08,49.3
1783195424,btc,1783411200000,68000.0,call,39.61,0.00017251,0.0001,0.0003,63313.16,31.3
1783195424,btc,1813910400000,105000.0,call,41.58,0.03245932,0.0315,0.0325,65791.76,0.0
1783195424,btc,1798185600000,86000.0,put,39.92,0.35833615,0.353,0.393,64451.88,23.4
1783195424,btc,1783670400000,66000.0,call,33.88,0.00354752,0.0033,0.0037,63315.71,915.2
1783195424,btc,1787904000000,79000.0,call,35.03,0.00347371,0.0032,0.0037,63585.72,58.8
1783195424,btc,1790323200000,200000.0,call,72.81,7.67e-05,,0.0002,63795.14,1000.2
1783195424,btc,1787904000000,78000.0,put,34.97,0.23093994,0.226,0.2465,63585.11,4.1
1783195424,btc,1806048000000,150000.0,put,45.55,1.30717711,1.227,1.4005,65105.62,0.5
1783195424,btc,1783670400000,60000.0,put,42.05,0.00385784,0.0036,0.0041,63315.4,658.9
1783195424,btc,1790323200000,45000.0,put,53.83,0.00848062,0.008,0.009,63795.14,1958.1
1783195424,btc,1783670400000,66000.0,put,33.88,0.04593329,0.043,0.05,63315.71,53.7
1783195424,btc,1806048000000,110000.0,call,41.49,0.01377309,0.013,0.0145,65105.45,520.1
1783195424,btc,1790323200000,145000.0,call,58.26,0.00017959,0.0001,0.0003,63795.34,495.0
1783195424,btc,1806048000000,125000.0,call,42.5,0.00701421,0.0065,0.0075,65105.45,114.0
1783195424,btc,1798185600000,150000.0,put,49.62,1.3284437,1.249,1.418,64451.96,2.1
1783195424,btc,1813910400000,120000.0,put,41.69,0.84145707,0.779,0.8825,65791.59,0.0
1783195424,btc,1790323200000,160000.0,call,64.89,0.00019776,,0.0002,63795.14,1452.2
1783195424,btc,1783670400000,48000.0,put,70.03,1.273e-05,,0.0001,63315.4,348.7
1783195424,btc,1813910400000,64000.0,put,44.24,0.15715727,0.1555,0.159,65791.59,1.2
1783195424,btc,1813910400000,95000.0,call,41.51,0.04908926,0.048,0.05,65792.39,4.9
1783195424,btc,1783670400000,50000.0,call,66.07,0.21034017,0.19,0.23,63315.21,0.0
1783195424,btc,1798185600000,98000.0,call,40.07,0.00953755,0.009,0.01,64451.96,207.8
1783195424,btc,1785484800000,93000.0,put,51.49,0.46680643,0.4595,0.487,63407.85,0.5
1783195424,btc,1798185600000,108000.0,put,41.01,0.68052108,0.673,0.7105,64451.96,0.0
1783195424,btc,1813910400000,74000.0,put,42.72,0.2464825,0.2435,0.2515,65791.76,0.0
1783195424,btc,1787904000000,94000.0,put,42.13,0.47883876,0.4715,0.5025,63585.11,0.0
1783195424,btc,1783238400000,67000.0,call,44.83,1.33e-06,,0.0001,63313.08,1.0
1783195424,btc,1790323200000,86000.0,call,36.32,0.00339873,0.0031,0.0037,63795.34,629.3
1783195424,btc,1798185600000,115000.0,call,41.73,0.00312835,0.0029,0.0031,64451.88,2335.9
1783195424,btc,1785484800000,64000.0,put,36.27,0.04398988,0.0435,0.0445,63407.85,777.3
1783195424,btc,1783238400000,59000.0,call,39.26,0.06803318,0.035,0.099,63313.08,2.1
1783195424,btc,1783238400000,57500.0,call,43.55,0.09172725,0.059,0.1225,63313.08,0.0
1783195424,btc,1785484800000,93000.0,call,51.49,0.00014553,,0.0002,63407.85,108.5
1783195424,btc,1806048000000,140000.0,put,44.19,1.15453951,1.079,1.2435,65105.45,0.0
1783195424,btc,1798185600000,80000.0,put,40.07,0.27917764,0.2745,0.2865,64451.88,927.1
1783195424,btc,1783497600000,62500.0,put,34.95,0.00814493,0.008,0.0085,63313.16,1.9
1783195424,btc,1790323200000,56000.0,put,43.19,0.03056469,0.03,0.031,63795.14,905.5
1783195424,btc,1787904000000,50000.0,put,49.51,0.00844215,0.008,0.009,63585.11,1077.3
1783195424,btc,1785484800000,59000.0,call,40.78,0.08582625,0.083,0.0895,63407.85,198.5
1783195424,btc,1783497600000,57000.0,put,50.3,0.00027785,0.0002,0.0004,63313.16,0.4
1783195424,btc,1806048000000,70000.0,put,42.43,0.1892448,0.1865,0.1915,65105.62,83.7
1783195424,btc,1813910400000,86000.0,call,41.89,0.07282854,0.071,0.074,65792.39,0.1
1783195424,btc,1783238400000,68000.0,call,52.84,6e-07,,0.0001,63313.08,13.8
1783195424,btc,1785484800000,86000.0,put,43.89,0.3564839,0.3505,0.3775,63407.85,15.2
1783195424,btc,1806048000000,64000.0,call,43.46,0.1541414,0.1525,0.1555,65105.45,36.0
1783195424,btc,1798185600000,82000.0,put,39.89,0.30464997,0.3,0.3145,64451.96,157.7
1783195424,btc,1787904000000,78000.0,call,34.97,0.00426208,0.0039,0.0045,63585.72,228.0
1783195424,btc,1784275200000,68000.0,put,33.04,0.07739295,0.0735,0.0825,63341.1,3.1
1783195424,btc,1798185600000,90000.0,put,39.92,0.41403674,0.4085,0.4245,64451.96,590.5
1783195424,btc,1785484800000,95000.0,call,52.82,0.0001153,0.0001,0.0002,63407.85,126.8
1783195424,btc,1787904000000,92000.0,call,40.59,0.00058547,0.0005,0.0008,63585.72,45.3
1783195424,btc,1806048000000,50000.0,call,47.79,0.28688867,0.285,0.2895,65105.45,20.5
1783195424,btc,1785484800000,78000.0,put,36.94,0.23085501,0.225,0.2365,63407.85,433.6
1783195424,btc,1783670400000,50000.0,put,66.07,3.744e-05,,0.0001,63315.4,470.0
1783195424,btc,1787904000000,79000.0,put,35.03,0.24587814,0.2405,0.2715,63585.72,0.0
1783195424,btc,1813910400000,140000.0,put,42.54,1.13651216,1.0595,1.23,65791.76,0.0
1783195424,btc,1783324800000,63000.0,call,28.56,0.00983835,0.009,0.0105,63313.08,113.6
1783195424,btc,1798185600000,180000.0,put,54.91,1.79340154,1.6985,1.899,64451.96,0.0
1783195424,btc,1787904000000,88000.0,put,38.51,0.38483817,0.378,0.4105,63585.72,0.0
1783195424,btc,1783411200000,63000.0,call,33.17,0.01344766,0.013,0.014,63313.16,145.5
1783195424,btc,1785484800000,98000.0,put,55.56,0.54561149,0.538,0.5705,63407.85,0.1
1783195424,btc,1784275200000,55000.0,put,48.89,0.0021464,0.002,0.0023,63340.84,278.0
1783195424,btc,1787904000000,96000.0,put,42.53,0.51015221,0.5035,0.5285,63585.72,0.0
1783195424,btc,1783670400000,61000.0,put,40.07,0.00624571,0.0055,0.0065,63315.4,212.2
1783195424,btc,1787904000000,86000.0,call,37.31,0.00109947,0.0009,0.0013,63585.72,123.5
1783195424,btc,1813910400000,76000.0,call,42.51,0.11174936,0.1105,0.1135,65792.39,12.2
1783195424,btc,1798185600000,35000.0,put,61.63,0.01040688,0.01,0.0105,64451.88,2230.7
1783195424,btc,1785484800000,75000.0,put,35.17,0.1843694,0.179,0.1895,63407.85,226.3
1783195424,btc,1790323200000,150000.0,put,60.37,1.35143702,1.272,1.4385,63795.14,0.7
1783195424,btc,1784880000000,61000.0,call,38.51,0.05677632,0.054,0.059,63380.0,1.7
1783195424,btc,1784275200000,56000.0,put,47.05,0.00290206,0.0027,0.0031,63341.1,1381.0
1783195424,btc,1787904000000,57000.0,call,42.55,0.12712898,0.124,0.129,63585.72,26.1
1783195424,btc,1783238400000,57500.0,put,43.55,0.0,,0.0001,63313.08,16.9
1783195424,btc,1783497600000,63000.0,put,34.35,0.01111644,0.0105,0.0115,63313.16,0.1
1783195424,btc,1806048000000,50000.0,put,47.79,0.05486775,0.054,0.056,65105.45,2034.1
1783195424,btc,1806048000000,190000.0,call,51.13,0.00164935,0.0015,0.002,65105.45,883.3
1783195424,btc,1784880000000,57000.0,call,43.78,0.10794124,0.081,0.112,63379.76,0.0
1783195424,btc,1785484800000,76000.0,put,35.66,0.19976859,0.1935,0.2055,63408.26,456.7
1783195424,btc,1798185600000,110000.0,call,41.16,0.00423851,0.004,0.0042,64451.88,2643.1
1783195424,btc,1787904000000,48000.0,put,52.12,0.00644713,0.006,0.007,63585.72,776.8
1783195424,btc,1785484800000,104000.0,call,62.11,9.508e-05,,0.0001,63407.85,511.1
1783195424,btc,1783411200000,60500.0,put,39.91,0.00126504,0.0011,0.0014,63313.16,413.9
1783195424,btc,1790323200000,88000.0,put,36.92,0.38210544,0.376,0.412,63795.34,4.8
1783195424,btc,1783324800000,58000.0,put,43.05,5.5e-06,,0.0001,63313.08,239.1
1783195424,btc,1784275200000,50000.0,call,58.25,0.21109796,0.189,0.2145,63340.84,0.0
1783195424,btc,1783497600000,63500.0,call,34.25,0.0119054,0.0115,0.0125,63313.16,2.9
1783195424,btc,1783497600000,69000.0,put,40.75,0.09020411,0.0535,0.1305,63313.16,0.0
1783195424,btc,1806048000000,76000.0,put,41.69,0.2503894,0.2455,0.2575,65105.45,19.6
1783195424,btc,1790323200000,76000.0,call,35.9,0.014739,0.014,0.0145,63795.34,1016.3
1783195424,btc,1783411200000,59000.0,put,44.94,0.00040446,0.0003,0.0005,63313.16,110.5
1783195424,btc,1790323200000,110000.0,call,46.05,0.00059425,0.0005,0.0006,63795.14,1447.8
1783195424,btc,1798185600000,82000.0,call,39.89,0.03238869,0.032,0.0325,64451.96,346.5
1783195424,btc,1784880000000,64000.0,call,35.61,0.02831986,0.0275,0.0285,63379.76,63.2
1783195424,btc,1783238400000,62500.0,put,24.28,0.00030429,0.0002,0.0005,63313.08,54.6
1783195424,btc,1784275200000,70000.0,put,33.58,0.10660776,0.102,0.123,63341.1,0.0
1783195424,btc,1790323200000,55000.0,put,44.01,0.02725211,0.0265,0.028,63795.14,3551.4
1783195424,btc,1798185600000,130000.0,put,44.25,1.01857175,0.9495,1.0975,64451.88,52.1
1783195424,btc,1798185600000,106000.0,call,40.79,0.00551774,0.005,0.006,64451.96,236.8
1783195424,btc,1784880000000,65000.0,put,34.85,0.04689728,0.046,0.048,63379.76,1.2
1783195424,btc,1798185600000,30000.0,call,67.95,0.54127868,0.54,0.5425,64451.88,281.6
1783195424,btc,1783670400000,67000.0,put,34.18,0.05996515,0.035,0.0655,63315.21,14.6
1783195424,btc,1798185600000,180000.0,call,54.91,0.00063289,0.0004,0.0009,64451.88,922.5
1783195424,btc,1785484800000,68000.0,put,34.36,0.0848583,0.0815,0.088,63407.85,426.4
1783195424,btc,1783324800000,53000.0,call,64.88,0.16263819,0.133,0.1915,63313.08,0.0
1783195424,btc,1790323200000,74000.0,put,35.9,0.17943429,0.175,0.1845,63795.34,110.7
1783195424,btc,1798185600000,106000.0,put,40.79,0.65014817,0.6435,0.6695,64451.96,0.1
1783195424,btc,1787904000000,84000.0,put,36.63,0.32254168,0.3165,0.3445,63585.72,0.3
1783195424,btc,1806048000000,88000.0,put,41.16,0.39524156,0.3905,0.432,65105.62,4.4
1783195424,btc,1783411200000,63000.0,put,33.17,0.00871524,0.0085,0.0095,63313.16,0.7
1783195424,btc,1785484800000,89000.0,call,47.28,0.0001811,,0.0002,63408.26,268.2
1783195424,btc,1783497600000,58000.0,call,46.83,0.08426217,0.051,0.117,63313.16,0.0
1783195424,btc,1783411200000,62000.0,put,35.45,0.00409835,0.0038,0.0043,63313.16,267.7
1783195424,btc,1785484800000,57000.0,put,43.2,0.01076114,0.0105,0.011,63407.67,319.7
1783195424,btc,1798185600000,62000.0,put,42.66,0.09665545,0.0955,0.098,64451.88,673.7
1783195424,btc,1790323200000,45000.0,call,53.83,0.30310337,0.3,0.306,63795.14,153.4
1783195424,btc,1785484800000,52000.0,call,49.93,0.18370803,0.18,0.1915,63407.85,0.5
1783195424,btc,1783670400000,61000.0,call,40.07,0.04282856,0.041,0.044,63315.4,723.4
1783195424,btc,1806048000000,200000.0,call,52.03,0.0013713,0.0013,0.0014,65105.45,490.6
1783195424,btc,1785484800000,96000.0,put,53.22,0.51407057,0.5065,0.538,63407.85,0.1
1783195424,btc,1783238400000,58500.0,call,41.73,0.0759312,0.043,0.1075,63313.08,0.4
1783195424,btc,1783411200000,69000.0,put,40.34,0.09010859,0.053,0.13,63313.16,0.0
1783195424,btc,1798185600000,140000.0,put,47.11,1.17348692,1.099,1.2575,64451.88,0.2
1783195424,btc,1790323200000,125000.0,put,52.36,0.95974597,0.951,1.0335,63795.14,22.7
1783195424,btc,1787904000000,92000.0,put,40.59,0.4474362,0.4405,0.4755,63585.72,1.0
1783195424,btc,1783324800000,62500.0,put,28.56,0.00264105,0.0024,0.0029,63313.08,9.0
1783195424,btc,1806048000000,102000.0,put,41.2,0.5873016,0.5815,0.611,65105.45,0.0
1783195424,btc,1787904000000,75000.0,put,34.97,0.18735996,0.181,0.1925,63585.72,27.8
1783195424,btc,1806048000000,96000.0,call,41.2,0.02852011,0.0285,0.029,65105.45,124.4
1783195424,btc,1790323200000,98000.0,put,40.35,0.53720515,0.5305,0.5695,63795.08,0.1
1783195424,btc,1790323200000,40000.0,call,60.78,0.37808446,0.376,0.38,63795.14,32.4
1783195424,btc,1787904000000,77000.0,call,34.97,0.00525004,0.0048,0.0055,63585.72,88.8
1783195424,btc,1813910400000,100000.0,put,41.58,0.55994243,0.555,0.6115,65792.39,0.0
1783195424,btc,1790323200000,155000.0,call,60.85,0.00013376,0.0001,0.0003,63795.34,363.8
1783195424,btc,1785484800000,45000.0,put,60.07,0.00083512,0.0007,0.001,63408.26,490.7
1783195424,btc,1787904000000,82000.0,put,35.58,0.29154535,0.286,0.3085,63585.72,0.0
1783195424,btc,1783324800000,62000.0,put,29.53,0.00130472,0.0011,0.0015,63313.08,18.0
1783195424,btc,1790323200000,68000.0,put,37.06,0.11015063,0.1075,0.114,63795.14,651.6
1783195424,btc,1798185600000,70000.0,put,40.89,0.16490814,0.162,0.168,64451.88,1045.3
1783195424,btc,1783238400000,60000.0,call,33.09,0.05223714,0.0475,0.0565,63313.08,25.9
1783195424,btc,1784880000000,70000.0,put,33.84,0.10843424,0.082,0.117,63379.76,0.0
1783195424,btc,1798185600000,125000.0,call,43.69,0.002038,0.0019,0.0023,64451.88,596.5
1783195424,btc,1806048000000,95000.0,call,41.17,0.03003327,0.029,0.0305,65105.62,160.1
1783195424,btc,1813910400000,40000.0,put,52.73,0.03594412,0.035,0.037,65792.39,432.1
1783195424,btc,1798185600000,70000.0,call,40.89,0.07883144,0.078,0.08,64451.88,1029.7
1783195424,btc,1783411200000,58000.0,call,47.75,0.08389964,0.0505,0.1155,63313.16,0.0
1783195424,btc,1785484800000,79000.0,call,37.4,0.00057893,0.0004,0.0007,63407.85,462.8
1783195424,btc,1798185600000,30000.0,put,67.95,0.00674012,0.0065,0.007,64451.96,1955.5
1783195424,btc,1790323200000,140000.0,call,56.91,0.00021196,0.0001,0.0004,63795.14,1182.2
1783195424,btc,1813910400000,95000.0,put,41.51,0.49301582,0.489,0.54,65792.39,20.0
1783195424,btc,1798185600000,100000.0,call,40.07,0.00813055,0.008,0.0085,64451.96,3679.3
1783195424,btc,1813910400000,82000.0,put,42.05,0.33271067,0.329,0.339,65792.39,0.1
1783195424,btc,1790323200000,180000.0,put,72.1,1.82170691,1.7265,1.9265,63795.14,7.3
1783195424,btc,1785484800000,74000.0,put,34.59,0.16905967,0.163,0.1745,63408.26,130.7
1783195424,btc,1785484800000,85000.0,put,42.44,0.34071449,0.3345,0.3605,63407.85,22.2
1783195424,btc,1783324800000,60000.0,put,33.76,4.597e-05,,0.0001,63313.08,267.8
1783195424,btc,1783670400000,67000.0,call,34.18,0.00177198,0.0016,0.0019,63315.71,1647.4
1783195424,btc,1806048000000,62000.0,put,43.84,0.12186816,0.1205,0.123,65105.45,247.3
1783195424,btc,1790323200000,102000.0,put,42.45,0.59973107,0.5925,0.6315,63795.08,0.4
1783195424,btc,1787904000000,59000.0,call,40.84,0.10336915,0.101,0.105,63585.72,400.1
1783195424,btc,1783497600000,60000.0,call,40.51,0.05376795,0.02,0.087,63313.16,0.0
1783195424,btc,1783324800000,69000.0,call,46.92,1.868e-05,,0.0001,63313.08,0.6
1783195424,btc,1783238400000,61500.0,call,29.81,0.0285574,0.0235,0.033,63313.08,97.5
1783195424,btc,1783324800000,66000.0,call,35.89,0.00031733,0.0003,0.0004,63313.08,9.7
1783195424,btc,1798185600000,105000.0,call,40.77,0.00595758,0.0055,0.006,64451.88,841.1
1783195424,btc,1783497600000,61500.0,put,36.83,0.0042544,0.0041,0.0044,63313.16,1.0
1783195424,btc,1783324800000,64000.0,put,30.74,0.01469644,0.0019,0.05,63313.08,0.0
1783195424,btc,1784880000000,66000.0,call,34.33,0.01575143,0.0155,0.016,63379.76,598.6
1783195424,btc,1798185600000,52000.0,call,46.82,0.23681211,0.235,0.239,64451.88,0.0
1783195424,btc,1798185600000,58000.0,put,44.06,0.07140833,0.0705,0.0725,64451.88,1486.2
1783195424,btc,1783238400000,60500.0,put,30.19,6e-08,,0.0001,63313.08,311.5
1783195424,btc,1785484800000,79000.0,put,37.4,0.24645218,0.2405,0.2525,63407.85,173.5
1783195424,btc,1790323200000,145000.0,put,58.26,1.27306183,1.1965,1.3575,63795.34,0.2
1783195424,btc,1784275200000,64000.0,put,34.67,0.03125144,0.0305,0.0315,63341.1,0.7
1783195424,btc,1784880000000,70000.0,call,33.84,0.00398489,0.0038,0.0041,63380.0,713.3
1783195424,btc,1784880000000,55000.0,call,46.59,0.13661847,0.133,0.1415,63379.76,0.0
1783195424,btc,1783670400000,52000.0,put,64.09,0.00014134,0.0001,0.0002,63315.71,346.8
1783195424,btc,1783670400000,59000.0,call,44.22,0.07054972,0.066,0.074,63315.4,319.1
1783195424,btc,1783670400000,63000.0,call,36.46,0.0204121,0.02,0.021,63315.71,1340.8
1783195424,btc,1787904000000,105000.0,put,48.13,0.65156917,0.644,0.683,63585.11,0.0
1783195424,btc,1783670400000,56000.0,put,51.7,0.00060148,0.0005,0.0007,63315.71,2439.0
1783195424,btc,1798185600000,94000.0,put,39.93,0.47135171,0.4655,0.5115,64451.88,5.2
1783195424,btc,1785484800000,66000.0,put,35.16,0.06236541,0.059,0.065,63407.85,469.9
1783195424,btc,1798185600000,220000.0,call,62.08,0.00046831,0.0003,0.0007,64451.96,254.5
1783195424,btc,1806048000000,80000.0,call,41.45,0.06715253,0.066,0.068,65105.45,892.0
1783195424,btc,1790323200000,175000.0,put,70.38,1.74333162,1.6505,1.845,63795.14,0.2
1783195424,btc,1784275200000,70000.0,call,33.58,0.00148606,0.0013,0.0015,63341.1,1276.4
1783195424,btc,1813910400000,66000.0,call,43.84,0.16998113,0.1685,0.1715,65791.76,0.6
1783195424,btc,1798185600000,56000.0,put,44.9,0.06091161,0.06,0.062,64451.88,122.5
1783195424,btc,1787904000000,75000.0,call,34.97,0.00786209,0.007,0.008,63585.72,1263.9
1783195424,btc,1783238400000,58500.0,put,41.73,0.0,,0.0001,63313.08,120.7
1783195424,btc,1790323200000,75000.0,put,35.9,0.19259888,0.189,0.198,63795.14,2960.8
1783195424,btc,1813910400000,66000.0,put,43.84,0.17313011,0.1715,0.175,65791.76,2.2
1783195424,btc,1798185600000,94000.0,call,39.93,0.01290586,0.012,0.013,64451.88,110.6
1783195424,btc,1784275200000,65000.0,call,33.79,0.01429872,0.014,0.0145,63340.84,583.0
1783195424,btc,1798185600000,140000.0,call,47.11,0.00133352,0.0011,0.0015,64451.96,1437.4
1783195424,btc,1783238400000,65000.0,call,36.73,0.00013425,0.0001,0.0002,63313.08,55.9
1783195424,btc,1783670400000,62000.0,put,38.02,0.00986237,0.0095,0.0105,63315.4,446.0
1783195424,btc,1787904000000,72000.0,call,34.97,0.01390905,0.0135,0.0145,63585.11,1036.5
1783195424,btc,1790323200000,90000.0,call,37.5,0.00215496,0.002,0.0023,63795.14,3033.5
1783195424,btc,1790323200000,56000.0,call,43.19,0.15276189,0.15,0.156,63795.14,12.2
1783195424,btc,1798185600000,76000.0,put,40.23,0.23018016,0.2265,0.2375,64451.88,123.7
1783195424,btc,1798185600000,250000.0,call,66.06,0.00036423,0.0002,0.0006,64451.88,1253.5
1783195424,btc,1813910400000,85000.0,call,41.9,0.07592122,0.0745,0.077,65791.76,5.3
1783195424,btc,1813910400000,45000.0,put,50.12,0.05110543,0.05,0.052,65792.39,54.2
1783195424,btc,1790323200000,62000.0,call,39.6,0.08886358,0.0875,0.09,63795.34,556.3
1783195424,btc,1785484800000,58000.0,put,41.97,0.01325408,0.013,0.0135,63407.67,1264.3
1783195424,btc,1806048000000,70000.0,call,42.43,0.11407408,0.113,0.115,65105.45,747.8
1783195424,btc,1783411200000,67000.0,put,36.27,0.05880589,0.0235,0.097,63313.16,0.0
1783195424,btc,1783238400000,59500.0,call,36.41,0.06013516,0.055,0.066,63313.08,9.6
1783195424,btc,1784880000000,63000.0,put,36.47,0.03060733,0.03,0.031,63379.76,6.8
1783195424,btc,1813910400000,160000.0,put,44.41,1.43716018,1.3515,1.5385,65791.76,0.0
1783195424,btc,1785484800000,67000.0,call,34.73,0.01651494,0.016,0.017,63407.67,1856.7
1783195424,btc,1790323200000,70000.0,call,36.52,0.03400083,0.0335,0.0345,63795.02,1830.1
1783195424,btc,1784880000000,55000.0,put,46.59,0.0044001,0.0041,0.0047,63379.76,3.7
1783195424,btc,1783497600000,62000.0,put,35.9,0.00593895,0.0055,0.0065,63313.16,0.0
1783195424,btc,1784880000000,63000.0,call,36.47,0.03660291,0.036,0.037,63379.76,16.3
1783195424,btc,1784275200000,59000.0,call,41.73,0.07575752,0.073,0.08,63341.1,112.7
1783195424,btc,1783411200000,60000.0,put,41.84,0.00088669,0.0008,0.001,63313.16,2488.4
1783195424,btc,1787904000000,88000.0,call,38.51,0.000894,0.0007,0.0011,63585.72,168.6
1783195424,btc,1783497600000,63000.0,call,34.35,0.01592103,0.0155,0.0165,63313.16,7.3
1783195424,btc,1785484800000,82000.0,put,39.87,0.29354563,0.289,0.2995,63407.85,93.8
1783195424,btc,1790323200000,260000.0,put,78.83,3.07552871,2.9375,3.224,63795.14,0.0
1783195424,btc,1787904000000,55000.0,put,44.47,0.01771646,0.017,0.018,63585.11,372.8
1783195424,btc,1783497600000,60500.0,call,39.13,0.04647221,0.014,0.08,63313.16,0.0
1783195424,btc,1787904000000,77000.0,put,34.97,0.21620119,0.211,0.2455,63585.72,3.2
1783195424,btc,1783411200000,62500.0,put,34.55,0.00611643,0.0055,0.0065,63313.16,48.8
1783195424,btc,1806048000000,85000.0,call,41.22,0.0512511,0.0505,0.052,65105.45,22.0
1783195424,btc,1785484800000,48000.0,put,55.58,0.00159678,0.0014,0.0018,63408.26,653.3
1783195424,btc,1785484800000,55000.0,call,45.49,0.13954767,0.136,0.1465,63407.85,13.6
1783195424,btc,1785484800000,80000.0,put,38.12,0.26211437,0.2565,0.268,63407.85,390.3
1783195424,btc,1806048000000,45000.0,put,50.26,0.0376585,0.037,0.0385,65105.45,91.9
1783195424,btc,1798185600000,110000.0,put,41.16,0.71093047,0.702,0.7185,64451.96,54.1
1783195424,btc,1783238400000,63000.0,put,22.84,0.00147264,0.0012,0.0018,63313.08,11.1
1783195424,btc,1785484800000,71000.0,put,34.42,0.12499994,0.1195,0.1295,63407.85,109.5
1783195424,btc,1783497600000,56000.0,put,54.12,0.00017498,0.0001,0.0003,63313.16,0.0
1783195424,btc,1787904000000,67000.0,put,36.13,0.08794167,0.0855,0.0915,63585.72,91.0
1783195424,btc,1783411200000,61000.0,call,38.28,0.03818756,0.007,0.0715,63313.16,0.1
1783195424,btc,1806048000000,52000.0,put,46.95,0.06335407,0.0625,0.0645,65105.45,53.0
1783195424,btc,1785484800000,115000.0,put,72.75,0.81373193,0.805,0.85,63407.85,3.4
1783195424,btc,1783324800000,61500.0,call,30.7,0.02896293,0.025,0.0325,63313.08,180.8
1783195424,btc,1783497600000,59000.0,call,43.7,0.06885249,0.0355,0.1025,63313.16,0.0
1783195424,btc,1798185600000,65000.0,put,41.86,0.11951582,0.118,0.1205,64451.96,537.5
1783195424,btc,1785484800000,83000.0,call,40.51,0.00027679,0.0002,0.0005,63407.85,1233.2
1783195424,btc,1784880000000,58000.0,call,42.34,0.09417108,0.091,0.0985,63379.76,0.0
1783195424,btc,1785484800000,69000.0,call,34.35,0.00945988,0.009,0.0095,63407.67,1104.7
1783195424,btc,1813910400000,130000.0,call,42.16,0.01225344,0.0115,0.0125,65792.39,52.9
1783195424,btc,1787904000000,63000.0,put,38.1,0.05392059,0.053,0.0545,63585.72,113.2
1783195424,btc,1783238400000,59500.0,put,36.41,1e-08,,0.0001,63313.08,42.9
1783195424,btc,1783324800000,60500.0,put,33.43,0.00013214,0.0001,0.0002,63313.08,409.4
1783195424,btc,1787904000000,110000.0,put,51.2,0.73016593,0.722,0.762,63585.11,0.0
1783195424,btc,1798185600000,40000.0,call,56.21,0.39524842,0.3935,0.397,64451.88,250.8
1783195424,btc,1813910400000,60000.0,put,45.06,0.12772889,0.126,0.1295,65791.76,313.0
1783195424,btc,1784275200000,68000.0,call,33.04,0.00384616,0.0036,0.004,63341.1,1796.4
1783195424,btc,1783411200000,56000.0,call,50.87,0.11533829,0.0835,0.1455,63313.16,0.0
1783195424,btc,1798185600000,125000.0,put,43.69,0.94146068,0.8825,1.0185,64451.88,8.4
1783195424,btc,1798185600000,135000.0,put,45.57,1.09598585,1.024,1.1775,64451.88,0.6
1783195424,btc,1783497600000,55000.0,call,55.82,0.13125978,0.1005,0.162,63313.16,0.0
1783195424,btc,1783497600000,61500.0,call,36.83,0.03275513,0.0048,0.066,63313.16,0.0
1783195424,btc,1806048000000,105000.0,call,41.34,0.01776069,0.017,0.0185,65105.45,158.2
1783195424,btc,1806048000000,100000.0,put,41.2,0.55894578,0.506,0.5835,65105.62,12.1
1783195424,btc,1787904000000,58000.0,put,41.68,0.02714771,0.0265,0.0275,63585.72,613.8
1783195424,btc,1783670400000,70000.0,put,39.91,0.10594381,0.101,0.118,63315.4,0.8
1783195424,btc,1785484800000,65000.0,call,35.7,0.02756602,0.027,0.028,63407.67,1968.7
1783195424,btc,1787904000000,81000.0,put,35.38,0.27623598,0.2425,0.288,63585.11,0.1
1783195424,btc,1785484800000,100000.0,put,57.83,0.57715209,0.5695,0.585,63408.26,99.5
1783195424,btc,1783411200000,62500.0,call,34.55,0.01874779,0.018,0.0195,63313.16,149.7
1783195424,btc,1785484800000,106000.0,put,64.13,0.67177131,0.664,0.6965,63407.85,0.0
1783195424,btc,1806048000000,110000.0,put,41.49,0.70332707,0.6475,0.7295,65105.45,1.8
1783195424,btc,1813910400000,130000.0,put,42.16,0.98815288,0.9805,1.079,65792.39,0.0
1783195424,btc,1785484800000,54000.0,put,46.97,0.00566752,0.005,0.006,63407.67,759.2
1783195424,btc,1806048000000,52000.0,call,46.95,0.26465582,0.2625,0.2665,65105.45,5.1
1783195424,btc,1790323200000,90000.0,put,37.5,0.41290946,0.405,0.4205,63795.14,589.5
1783195424,btc,1783497600000,64000.0,put,33.45,0.0193551,0.0185,0.0205,63313.16,0.0
1783195424,btc,1783324800000,59000.0,put,36.23,7.75e-06,,0.0001,63313.08,79.4
1783195424,btc,1813910400000,50000.0,put,48.01,0.070973,0.07,0.0725,65791.76,11.7
1783195424,btc,1790323200000,320000.0,put,85.42,4.01602323,3.8465,4.1985,63795.14,0.1
1783195424,btc,1783324800000,65000.0,put,32.48,0.0279571,0.013,0.065,63313.08,0.2
1783195424,btc,1806048000000,68000.0,call,42.71,0.12627738,0.1245,0.1275,65105.45,38.6
1783195424,btc,1785484800000,81000.0,put,39.01,0.2778131,0.2735,0.284,63407.85,114.0
1783195424,btc,1787904000000,46000.0,put,55.13,0.00505597,0.0047,0.0055,63585.72,364.3
1783195424,btc,1798185600000,52000.0,put,46.82,0.04361194,0.043,0.0445,64451.88,30.4
1783195424,btc,1813910400000,80000.0,call,42.23,0.09434545,0.0925,0.0955,65791.76,3.2
1783195424,btc,1784275200000,60000.0,call,40.06,0.06252473,0.061,0.063,63341.1,218.0
1783195424,btc,1783670400000,63000.0,put,36.46,0.0154167,0.015,0.016,63315.4,227.7
1783195424,btc,1785484800000,88000.0,put,45.96,0.38799203,0.381,0.408,63407.85,2.1
1783195424,btc,1783670400000,73000.0,call,49.65,0.00021574,,0.0003,63315.4,165.7
1783195424,btc,1806048000000,140000.0,call,44.19,0.00419808,0.0038,0.0046,65105.45,756.1
1783195424,btc,1783497600000,60500.0,put,39.13,0.00217648,0.002,0.0023,63313.16,0.3
1783195424,btc,1785484800000,50000.0,call,52.74,0.21392547,0.191,0.2185,63407.67,3.3
1783195424,btc,1790323200000,94000.0,call,38.65,0.00140071,0.0012,0.0017,63795.14,156.3
1783195424,btc,1798185600000,62000.0,call,42.66,0.1347018,0.134,0.136,64451.88,160.5
1783195424,btc,1813910400000,82000.0,call,42.05,0.08637407,0.085,0.0875,65791.76,22.3
1783195424,btc,1813910400000,110000.0,call,41.58,0.02632999,0.0255,0.0265,65792.39,46.9
1783195424,btc,1790323200000,30000.0,call,75.41,0.53129969,0.5305,0.532,63795.14,99.2
1783195424,btc,1785484800000,108000.0,put,66.12,0.70331109,0.695,0.7355,63407.85,0.0
1783195424,btc,1813910400000,85000.0,put,41.9,0.36785551,0.3645,0.3745,65791.76,0.0
1783195424,btc,1785484800000,73000.0,call,34.43,0.00279399,0.0026,0.0029,63407.85,1786.9
1783195424,btc,1806048000000,108000.0,call,41.44,0.01525785,0.0145,0.016,65105.62,51.8
1783195424,btc,1785484800000,74000.0,call,34.59,0.00203916,0.0019,0.0022,63408.26,488.6
1783195424,btc,1783497600000,67000.0,call,35.51,0.00077022,0.0007,0.0008,63313.16,47.6
1783195424,btc,1798185600000,96000.0,call,40.01,0.01111365,0.0105,0.0115,64451.88,268.1
1783195424,btc,1783324800000,64000.0,call,30.74,0.00354246,0.0035,0.0036,63313.08,109.4
1783195424,btc,1790323200000,170000.0,call,68.61,0.00019785,,0.0002,63795.34,352.1
1783195424,btc,1798185600000,60000.0,call,43.26,0.15225777,0.1505,0.1545,64451.88,717.6
1783195424,btc,1790323200000,190000.0,put,72.81,1.97838949,1.878,2.0885,63795.34,0.0
1783195424,btc,1787904000000,83000.0,call,36.09,0.00171,0.0015,0.0019,63585.72,175.4
1783195424,btc,1798185600000,68000.0,call,41.27,0.09076773,0.0905,0.0915,64451.88,421.7
1783195424,btc,1785484800000,98000.0,call,55.56,9.784e-05,,0.0002,63407.85,1174.2
1783195424,btc,1783324800000,67000.0,call,39.16,0.00010341,,0.0002,63313.08,0.1
1783195424,btc,1787904000000,73000.0,call,34.97,0.01155562,0.011,0.012,63585.11,329.4
1783195424,btc,1783324800000,68000.0,call,41.43,2.888e-05,,0.0001,63313.08,0.0
1783195424,btc,1813910400000,40000.0,call,52.73,0.42797504,0.4255,0.43,65791.76,0.1
1783195424,btc,1787904000000,74000.0,call,34.95,0.00953477,0.009,0.0095,63585.11,567.1
1783195424,btc,1784880000000,64000.0,put,35.61,0.03810212,0.0375,0.0385,63379.76,0.2
1783195424,btc,1784275200000,63000.0,call,35.74,0.02909186,0.0285,0.0295,63341.1,937.7
1783195424,btc,1784880000000,56000.0,call,44.93,0.1220006,0.1185,0.1265,63379.76,0.0
1783195424,btc,1783324800000,58000.0,call,43.05,0.08364721,0.0505,0.1145,63313.08,0.0
1783195424,btc,1790323200000,94000.0,put,38.65,0.47486698,0.4685,0.504,63795.08,1.3
1783195424,btc,1806048000000,100000.0,call,41.2,0.02298762,0.022,0.0235,65105.45,508.3
1783195424,btc,1783324800000,60500.0,call,33.43,0.04427565,0.04,0.05,63313.08,3.9
1783195424,btc,1806048000000,68000.0,put,42.71,0.17072894,0.169,0.1725,65105.45,66.0
1783195424,btc,1783238400000,66000.0,call,40.09,1.092e-05,,0.0001,63313.08,26.3
1783195424,btc,1806048000000,55000.0,put,45.87,0.07809434,0.077,0.0795,65105.45,1345.4
1783195424,btc,1784275200000,50000.0,put,58.25,0.00047496,0.0004,0.0006,63341.1,428.9
1783195424,btc,1785484800000,84000.0,call,41.52,0.00024685,0.0001,0.0004,63407.85,661.0
1783195424,btc,1783411200000,59500.0,call,43.39,0.06062423,0.027,0.0935,63313.16,0.0
1783195424,btc,1784275200000,61000.0,call,38.49,0.05017423,0.048,0.0525,63341.1,170.2
1783195424,btc,1813910400000,150000.0,call,43.55,0.0067292,0.006,0.007,65791.76,78.1
1783195424,btc,1784880000000,50000.0,put,54.36,0.00127246,0.0012,0.0014,63379.76,24.7
1783195424,btc,1783670400000,57000.0,call,49.43,0.10072919,0.0965,0.1045,63315.4,13.5
1783195424,btc,1790323200000,58000.0,call,41.79,0.12944275,0.1275,0.132,63795.14,486.8
1783195424,btc,1783670400000,58000.0,call,47.06,0.0855164,0.082,0.089,63315.4,66.1
1783195424,btc,1783670400000,64000.0,put,35.03,0.02317448,0.023,0.024,63315.4,96.1
1783195424,btc,1787904000000,59000.0,put,40.84,0.03124081,0.0305,0.032,63585.72,463.0
1783195424,btc,1783238400000,62000.0,call,29.73,0.02076477,0.016,0.024,63313.08,233.7
1783195424,btc,1813910400000,52000.0,put,47.29,0.08043173,0.079,0.082,65791.76,2.4
1783195424,btc,1783411200000,66000.0,call,33.97,0.00086666,0.0007,0.001,63313.16,102.7
1783195424,btc,1790323200000,78000.0,put,35.84,0.23364672,0.2295,0.239,63795.14,635.7
1783195424,btc,1783497600000,70000.0,call,41.78,9.806e-05,,0.0003,63313.16,1.0
1783195424,btc,1783497600000,64000.0,call,33.45,0.00836293,0.008,0.009,63313.16,31.6
1783195424,btc,1806048000000,106000.0,put,41.35,0.64496491,0.6375,0.6725,65105.45,0.0
1783195424,btc,1783411200000,63500.0,call,32.95,0.00938029,0.009,0.01,63313.16,128.9
1783195424,btc,1783238400000,60500.0,call,30.19,0.04433916,0.0395,0.0475,63313.08,59.9
1783195424,btc,1787904000000,67000.0,call,36.13,0.0342522,0.0335,0.0345,63585.11,403.4
1783195424,btc,1806048000000,125000.0,put,42.5,0.92696192,0.8665,1.0105,65105.45,0.0
1783195424,btc,1806048000000,115000.0,call,41.7,0.01076944,0.01,0.0115,65105.45,567.2
1783195424,btc,1806048000000,86000.0,call,41.22,0.04862973,0.048,0.0495,65105.45,111.0
1783195424,btc,1787904000000,46000.0,call,55.14,0.28163066,0.26,0.2845,63585.11,1.0
1783195424,btc,1813910400000,80000.0,put,42.23,0.3102836,0.3055,0.316,65791.76,0.1
1783195424,btc,1783411200000,55000.0,call,55.47,0.13112865,0.1005,0.1605,63313.16,0.0
1783195424,btc,1798185600000,55000.0,put,45.33,0.05608405,0.0555,0.057,64451.88,932.1
1783195424,btc,1790323200000,98000.0,call,40.35,0.0010381,0.0009,0.001,63795.34,251.2
1783195424,btc,1813910400000,30000.0,put,60.71,0.01745526,0.0165,0.0185,65792.39,35.9
1783195424,btc,1783670400000,55000.0,call,54.24,0.13172973,0.1275,0.1355,63315.71,1.0
1783195424,btc,1790323200000,100000.0,put,41.45,0.56845608,0.56,0.577,63795.34,272.4
1783195424,btc,1787904000000,64000.0,call,37.52,0.05478699,0.054,0.0555,63585.72,353.0
1783195424,btc,1790323200000,102000.0,call,42.45,0.0008633,0.0008,0.0009,63795.14,58.8
1783195424,btc,1787904000000,71000.0,call,34.97,0.01665836,0.016,0.0175,63585.11,677.7
1783195424,btc,1806048000000,102000.0,call,41.2,0.02062427,0.02,0.021,65105.45,80.3
1783195424,btc,1798185600000,78000.0,put,40.1,0.25414159,0.25,0.2575,64451.96,233.0
1783195424,btc,1787904000000,71000.0,put,34.97,0.13325161,0.1295,0.1605,63585.72,7.6
1783195424,btc,1813910400000,76000.0,put,42.51,0.26689061,0.2625,0.2725,65792.39,0.1
1783195424,btc,1790323200000,80000.0,call,35.89,0.00820161,0.0075,0.008,63795.14,3391.8
1783195424,btc,1813910400000,78000.0,call,42.34,0.10260587,0.101,0.104,65791.76,1.8
1783195424,btc,1783324800000,63500.0,call,29.1,0.00593234,0.0055,0.0065,63313.08,255.5
1783195424,btc,1787904000000,58000.0,call,41.68,0.11500268,0.112,0.117,63585.72,163.5
1783195424,btc,1785484800000,72000.0,put,34.42,0.13934811,0.1335,0.144,63407.85,365.0
1783195424,btc,1783497600000,64500.0,call,33.29,0.00578349,0.0055,0.006,63313.16,8.7
1783195424,btc,1813910400000,62000.0,call,44.6,0.19951505,0.198,0.201,65792.39,96.6
1783195424,btc,1783324800000,59000.0,call,36.23,0.06785018,0.0345,0.0995,63313.08,0.0
1783195424,btc,1790323200000,92000.0,put,38.19,0.44387028,0.4375,0.4665,63795.14,4.0
1783195424,btc,1806048000000,58000.0,call,44.97,0.20449943,0.203,0.2055,65105.45,5.1
1783195424,btc,1806048000000,94000.0,call,41.17,0.0316886,0.0305,0.0325,65105.45,122.8
1783195424,btc,1787904000000,53000.0,put,46.53,0.01330681,0.0125,0.0135,63585.72,147.3
1783195424,btc,1806048000000,72000.0,call,42.22,0.10298776,0.102,0.104,65105.45,55.1
1783195424,btc,1813910400000,50000.0,call,48.01,0.31100989,0.3075,0.3125,65792.39,11.4
1783195424,btc,1783497600000,66000.0,put,34.0,0.04429351,0.011,0.0825,63313.16,0.0
1783195424,btc,1798185600000,55000.0,call,45.33,0.20273807,0.201,0.205,64451.88,42.8
1783195424,btc,1790323200000,52000.0,call,46.49,0.20396011,0.2015,0.2075,63795.34,75.0
1783195424,btc,1785484800000,90000.0,put,47.58,0.419495,0.4125,0.455,63407.85,14.9
1783195424,btc,1798185600000,240000.0,call,64.39,0.00036685,0.0002,0.0008,64451.88,875.6
1783195424,btc,1787904000000,69000.0,put,35.47,0.10934026,0.1065,0.1335,63585.72,23.5
1783195424,btc,1785484800000,105000.0,call,63.13,9.434e-05,,0.0001,63407.85,516.1
1783195424,btc,1783497600000,63500.0,put,34.25,0.01499919,0.0145,0.0155,63313.16,0.0
1783195424,btc,1783238400000,56500.0,put,49.94,0.0,,0.0001,63313.08,15.0
1783195424,btc,1783238400000,52000.0,put,68.56,0.0,,0.0001,63313.08,8.2
1783195424,btc,1806048000000,66000.0,put,43.05,0.1533484,0.1515,0.155,65105.45,113.0
1783195424,btc,1783324800000,62500.0,call,28.56,0.015186,0.0125,0.0185,63313.08,100.6
1783195424,btc,1783497600000,68000.0,put,38.25,0.07459612,0.0385,0.1145,63313.16,0.0
1783195424,btc,1798185600000,75000.0,call,40.31,0.054938,0.0545,0.0555,64451.96,1299.4
1783195424,btc,1784880000000,54000.0,put,48.15,0.00344847,0.0032,0.0037,63379.76,48.6
1783195424,btc,1806048000000,35000.0,put,58.03,0.0177082,0.0175,0.0185,65105.45,393.2
1783195424,btc,1784880000000,65000.0,call,34.85,0.02133717,0.021,0.022,63379.76,298.0
1783195424,btc,1783238400000,53000.0,put,67.32,0.0,,0.0001,63313.08,4.6
1783195424,btc,1813910400000,30000.0,call,60.71,0.56147845,0.559,0.5635,65792.39,4.0
1783195424,btc,1785484800000,72000.0,call,34.42,0.0038685,0.0036,0.0039,63407.85,1727.8
1783195424,btc,1783238400000,68000.0,put,52.84,0.07413186,0.0375,0.113,63313.08,0.0
1783195424,btc,1787904000000,61000.0,put,39.37,0.04125089,0.0405,0.042,63585.72,459.1
1783195424,btc,1790323200000,50000.0,put,48.41,0.01509301,0.015,0.0155,63795.02,3455.0
1783195424,btc,1783497600000,69000.0,call,40.75,0.00022818,0.0001,0.0004,63313.16,121.0
1783195424,btc,1806048000000,64000.0,put,43.46,0.13715463,0.1355,0.139,65105.45,131.1
1783195424,btc,1783411200000,59000.0,call,44.94,0.06832847,0.0345,0.101,63313.16,0.0
1783195424,btc,1787904000000,61000.0,call,39.37,0.08192595,0.08,0.0835,63585.72,195.7
1783195424,btc,1785484800000,70000.0,put,34.42,0.11107523,0.1055,0.1155,63407.85,910.8
1783195424,btc,1806048000000,115000.0,put,41.7,0.77712133,0.7205,0.8085,65105.45,0.0
1783195424,btc,1806048000000,35000.0,call,58.03,0.48012284,0.4785,0.4815,65105.62,3.5
1783195424,btc,1813910400000,54000.0,put,46.66,0.09086175,0.09,0.0925,65791.76,0.8
1783195424,btc,1783238400000,57000.0,call,46.74,0.09962527,0.0675,0.1295,63313.08,0.0
1783195424,btc,1783497600000,65000.0,call,33.45,0.00393594,0.0037,0.0041,63313.16,26.5
1783195424,btc,1790323200000,140000.0,put,56.91,1.19471895,1.12,1.276,63795.14,1.4
1783195424,btc,1785484800000,90000.0,call,47.58,0.00014573,,0.0003,63408.26,1313.3
1783195424,btc,1785484800000,91000.0,put,48.9,0.43526546,0.428,0.456,63407.85,0.2
1783195424,btc,1787904000000,70000.0,call,35.22,0.02015854,0.02,0.0205,63585.11,738.2
1783195424,btc,1806048000000,108000.0,put,41.44,0.67409266,0.619,0.705,65105.45,0.0
1783195424,btc,1806048000000,180000.0,call,49.82,0.00189596,0.0017,0.0022,65105.45,643.5
1783195424,btc,1806048000000,84000.0,put,41.26,0.34432431,0.34,0.383,65105.62,5.8
1783195424,btc,1787904000000,76000.0,put,34.97,0.2016637,0.197,0.219,63585.72,5.4
1783195424,btc,1785484800000,78000.0,call,36.94,0.00075232,0.0006,0.0009,63407.85,971.6
1783195424,btc,1785484800000,70000.0,call,34.42,0.00713411,0.0065,0.0075,63407.67,7536.3
1783195424,btc,1790323200000,120000.0,call,50.49,0.00043203,0.0003,0.0006,63795.14,1158.6
1783195424,btc,1790323200000,170000.0,put,68.61,1.66495634,1.575,1.764,63795.14,0.0
1783195424,btc,1787904000000,72000.0,put,34.97,0.14622868,0.142,0.151,63585.72,85.6
1783195424,btc,1806048000000,88000.0,call,41.16,0.04359838,0.0425,0.0445,65105.62,71.0
1783195424,btc,1806048000000,74000.0,put,41.95,0.22920114,0.2245,0.2325,65105.45,41.3
1783195424,btc,1806048000000,170000.0,call,48.42,0.00220212,0.0021,0.0025,65105.45,245.9
1783195424,btc,1787904000000,73000.0,put,34.97,0.15960165,0.1555,0.186,63585.72,4.7
1783195424,btc,1806048000000,74000.0,call,41.95,0.0925921,0.0915,0.0935,65105.45,53.6
1783195424,btc,1798185600000,64000.0,put,42.14,0.11160999,0.11,0.113,64451.88,194.6
1783195424,btc,1787904000000,84000.0,call,36.63,0.00150407,0.0013,0.0017,63585.72,50.8
1783195424,btc,1806048000000,54000.0,call,46.24,0.24355709,0.2415,0.245,65105.62,0.0
1783195424,btc,1783324800000,61000.0,put,32.36,0.00030445,0.0002,0.0005,63313.08,267.7
1783195424,btc,1784275200000,56000.0,call,47.05,0.11880469,0.1145,0.1265,63341.1,5.1
1783195424,btc,1790323200000,115000.0,call,47.96,0.00046875,0.0004,0.0006,63795.34,2244.7
1783195424,btc,1787904000000,60000.0,call,40.08,0.09234115,0.09,0.0955,63585.72,393.8
1783195424,btc,1813910400000,84000.0,put,41.97,0.35607136,0.351,0.3625,65792.39,0.0
1783195424,btc,1806048000000,120000.0,put,42.12,0.85183381,0.7935,0.8655,65105.45,0.0
1783195424,btc,1783238400000,63500.0,call,24.78,0.00233038,0.002,0.0026,63313.08,458.5
1783195424,btc,1783411200000,61000.0,put,38.28,0.00185935,0.0017,0.002,63313.16,313.6
1783195424,btc,1785484800000,52000.0,put,49.93,0.0037765,0.0036,0.004,63407.85,2174.0
1783195424,btc,1784275200000,54000.0,put,51.23,0.00166676,0.0016,0.0017,63341.1,231.5
1783195424,btc,1806048000000,104000.0,put,41.28,0.61604064,0.5615,0.6385,65105.45,0.0
1783195424,btc,1783670400000,68000.0,call,35.11,0.00090783,0.0008,0.001,63315.71,945.7
1783195424,btc,1783670400000,59000.0,put,44.22,0.00237943,0.0022,0.0026,63315.4,477.1
1783195424,btc,1787904000000,57000.0,put,42.55,0.02354737,0.023,0.024,63585.72,435.0
1783195424,btc,1806048000000,94000.0,put,41.17,0.47548927,0.4235,0.503,65105.45,9.0
1783195424,btc,1783324800000,68000.0,put,41.43,0.07437998,0.0375,0.113,63313.08,0.0
1783195424,btc,1798185600000,100000.0,put,40.07,0.55966869,0.552,0.566,64451.88,303.1
1783195424,btc,1798185600000,75000.0,put,40.31,0.21859161,0.215,0.226,64451.88,887.9
1783195424,btc,1787904000000,70000.0,put,35.22,0.12102683,0.118,0.125,63585.72,97.2
1783195424,btc,1787904000000,60000.0,put,40.08,0.03593909,0.035,0.0365,63585.72,920.3
1783195424,btc,1783411200000,68000.0,put,39.61,0.07442958,0.0375,0.1135,63313.16,0.0
1783195424,btc,1783324800000,57000.0,put,45.6,1.14e-06,,0.0001,63313.08,37.8
1783195424,btc,1784880000000,60000.0,put,39.74,0.01514593,0.0145,0.0155,63380.0,21.8
1783195424,btc,1790323200000,130000.0,call,54.44,0.0003293,0.0002,0.0005,63795.14,1434.9
1783195424,btc,1783238400000,55000.0,call,52.45,0.13121737,0.1005,0.16,63313.08,0.0
1783195424,btc,1806048000000,76000.0,call,41.69,0.08306119,0.082,0.0835,65105.45,350.7
1783195424,btc,1783238400000,61000.0,put,30.17,1.22e-06,,0.0001,63313.08,215.0
1783195424,btc,1785484800000,95000.0,put,52.82,0.4983173,0.491,0.5215,63407.85,0.5
1783195424,btc,1783238400000,58000.0,call,41.82,0.08382922,0.0505,0.1145,63313.08,0.0
1783195424,btc,1783670400000,75000.0,put,55.43,0.18468257,0.179,0.1995,63315.4,0.4
1783195424,btc,1790323200000,92000.0,call,38.19,0.00176568,0.0017,0.002,63795.34,485.5
1783195424,btc,1790323200000,125000.0,call,52.36,0.00036473,0.0003,0.0006,63795.34,2265.5
1783195424,btc,1785484800000,91000.0,call,48.9,0.00014565,,0.0002,63407.85,308.2
1783195424,btc,1798185600000,120000.0,put,42.36,0.86420721,0.855,0.873,64451.88,35.5
1783195424,btc,1783497600000,58000.0,put,46.83,0.00047382,0.0004,0.0006,63313.16,17.2
1783195424,btc,1787904000000,56000.0,call,43.42,0.13965851,0.1365,0.142,63585.72,9.0
1783195424,btc,1783670400000,54000.0,put,59.24,0.00033808,0.0003,0.0004,63315.4,646.7
1783195424,btc,1813910400000,70000.0,put,43.23,0.2081063,0.205,0.2125,65791.76,5.1
1783195424,btc,1798185600000,220000.0,put,62.08,2.41385222,2.298,2.5415,64451.88,0.0
1783195424,btc,1806048000000,65000.0,call,43.28,0.14686077,0.1455,0.148,65105.45,154.5
1783195424,btc,1806048000000,130000.0,call,43.24,0.00599435,0.0055,0.0065,65105.45,1058.5
1783195424,btc,1790323200000,175000.0,call,70.38,0.00019788,,0.0002,63795.14,1347.6
1783195424,btc,1783497600000,64500.0,put,33.29,0.02467293,0.0017,0.061,63313.16,0.0
1783195424,btc,1787904000000,74000.0,put,34.95,0.17330783,0.1685,0.1995,63585.72,3.3
1783195424,btc,1787904000000,50000.0,call,49.51,0.22210911,0.219,0.226,63585.72,51.0
1783195424,btc,1806048000000,84000.0,call,41.26,0.05411946,0.0535,0.055,65105.45,126.8
1783195424,btc,1813910400000,160000.0,call,44.41,0.00528391,0.0046,0.006,65791.76,467.4
1783195424,btc,1790323200000,86000.0,put,36.32,0.35145303,0.3455,0.3845,63795.34,11.6
1783195424,btc,1790323200000,68000.0,call,37.06,0.04424447,0.0435,0.045,63795.02,770.1
1783195424,btc,1784880000000,75000.0,put,36.98,0.1841939,0.1785,0.196,63379.76,0.0
1783195424,btc,1790323200000,280000.0,call,81.51,1.265e-05,,0.0016,63795.34,94.0
1783195424,btc,1798185600000,230000.0,call,62.74,0.00037604,0.0002,0.0006,64451.88,196.3
1783195424,btc,1798185600000,50000.0,put,47.98,0.03678286,0.036,0.0375,64451.88,1647.9
1783195424,btc,1783324800000,61000.0,call,32.36,0.03654831,0.0325,0.0425,63313.08,14.1
1783195424,btc,1787904000000,65000.0,call,36.97,0.04712823,0.0465,0.0475,63585.11,958.0
1783195424,btc,1785484800000,120000.0,call,77.21,8.593e-05,,0.0001,63407.85,1062.5
1783195424,btc,1787904000000,68000.0,put,35.77,0.09829078,0.0955,0.1015,63585.72,72.5
1783195424,btc,1787904000000,76000.0,call,34.97,0.00643919,0.006,0.0065,63585.72,69.0
1783195424,btc,1785484800000,63000.0,call,37.0,0.04294141,0.0425,0.0435,63407.85,1440.6
1783195424,btc,1798185600000,54000.0,put,45.79,0.05161233,0.0505,0.0525,64451.96,1813.6
1783195424,btc,1798185600000,92000.0,put,39.93,0.44251882,0.397,0.467,64451.88,4.5
1783195424,btc,1787904000000,40000.0,call,63.24,0.37308215,0.3705,0.3755,63585.72,1.5
1783195424,btc,1806048000000,78000.0,put,41.51,0.27261733,0.2675,0.281,65105.45,182.2
1783195424,btc,1783497600000,67000.0,put,35.51,0.05915264,0.024,0.0985,63313.16,0.0
1783195424,btc,1790323200000,54000.0,call,44.74,0.17767818,0.1485,0.1805,63795.34,7.2
1783195424,btc,1798185600000,108000.0,call,41.01,0.00485988,0.0045,0.005,64451.88,117.9
1783195424,btc,1798185600000,60000.0,put,43.26,0.08318065,0.082,0.084,64451.88,6410.5
1783195424,btc,1813910400000,58000.0,call,45.57,0.23301375,0.2295,0.2345,65792.39,4.7
1783195424,btc,1798185600000,250000.0,put,66.06,2.87920959,2.7475,3.023,64451.88,10.0
1783195424,btc,1790323200000,85000.0,call,36.17,0.00390482,0.0037,0.0042,63795.34,1174.1
1783195424,btc,1806048000000,190000.0,put,51.13,1.91996986,1.8205,2.0335,65105.45,0.9
1783195424,btc,1798185600000,160000.0,call,51.84,0.0009714,0.0007,0.0013,64451.88,1228.0
1783195424,btc,1798185600000,88000.0,put,39.92,0.38595674,0.339,0.4145,64451.88,4.3
1783195424,btc,1790323200000,96000.0,put,39.6,0.50603822,0.499,0.534,63795.08,1.0
1783195424,btc,1798185600000,96000.0,put,40.01,0.50059027,0.495,0.5215,64451.96,11.2
1783195424,btc,1785484800000,87000.0,put,45.27,0.3722512,0.366,0.392,63407.85,8.1
1783195424,btc,1785484800000,67000.0,put,34.73,0.07314687,0.069,0.0755,63407.85,198.7
1783195424,btc,1798185600000,90000.0,call,39.92,0.01765241,0.0165,0.0175,64451.88,2331.1
1783195424,btc,1806048000000,66000.0,call,43.05,0.13961602,0.138,0.1405,65105.45,19.2
1783195424,btc,1813910400000,62000.0,put,44.6,0.14186711,0.1405,0.1435,65791.76,10.9
1783195424,btc,1784275200000,52000.0,put,54.01,0.00082284,0.0007,0.0009,63341.1,350.7
1783195424,btc,1783411200000,65000.0,call,32.59,0.00234803,0.0021,0.0025,63313.16,130.9
1783195424,btc,1783324800000,61500.0,put,30.7,0.00061871,0.0005,0.0008,63313.08,227.0
1783195424,btc,1806048000000,200000.0,put,52.03,2.07328763,1.9685,2.1915,65105.45,1.0
1783195424,btc,1806048000000,45000.0,call,50.26,0.34647733,0.345,0.349,65105.45,3.2
1783195424,btc,1784880000000,61000.0,put,38.51,0.01922505,0.019,0.0195,63379.76,33.5
1783195424,btc,1790323200000,30000.0,put,75.41,0.00155119,0.0014,0.0017,63795.34,2113.0
1783195424,btc,1784275200000,62000.0,put,37.03,0.01775969,0.0175,0.018,63341.1,29.5
1783195424,btc,1806048000000,160000.0,call,46.91,0.00259589,0.0024,0.0029,65105.45,853.1
1783195424,btc,1790323200000,260000.0,call,78.83,1.572e-05,,0.0002,63795.14,293.8
1783195424,btc,1785484800000,69000.0,put,34.35,0.09763086,0.0925,0.101,63407.85,216.9
1783195424,btc,1784880000000,54000.0,call,48.15,0.15144468,0.1475,0.158,63379.76,0.0
1783195424,btc,1798185600000,66000.0,put,41.63,0.12787711,0.126,0.129,64451.88,162.1
1783195424,btc,1783324800000,55000.0,call,51.52,0.13103962,0.1005,0.1605,63313.08,0.0
1783195424,btc,1783238400000,52000.0,call,68.56,0.17860551,0.149,0.206,63313.08,0.0
1783195424,btc,1790323200000,82000.0,call,35.91,0.00605306,0.0055,0.0065,63795.34,2411.9
1783195424,btc,1783324800000,56000.0,put,47.06,1.5e-07,,0.0001,63313.08,5.9
1783195424,btc,1784275200000,55000.0,call,48.89,0.1338362,0.1295,0.1375,63341.1,4.0
1783195424,btc,1806048000000,92000.0,put,41.17,0.44834992,0.443,0.49,65105.45,0.2
1783195424,btc,1783670400000,65000.0,put,33.95,0.03337128,0.031,0.0365,63315.4,117.7
1783195424,btc,1798185600000,190000.0,put,56.38,1.9484545,1.8485,2.059,64451.88,0.0
1783195424,btc,1798185600000,35000.0,call,61.63,0.46736853,0.466,0.4685,64451.88,77.6
1783195424,btc,1798185600000,160000.0,put,51.84,1.48343242,1.399,1.5785,64451.88,0.0
1783195424,btc,1785484800000,86000.0,call,43.89,0.00021683,0.0001,0.0004,63408.26,180.6
1783195424,btc,1798185600000,120000.0,call,42.36,0.00236145,0.0023,0.0024,64451.88,6016.6
1783195424,btc,1783411200000,55000.0,put,55.47,1.305e-05,,0.0001,63313.16,3.4
1783195424,btc,1806048000000,72000.0,put,42.22,0.20887763,0.205,0.2125,65105.62,134.4
1783195424,btc,1783238400000,59000.0,put,39.26,0.0,,0.0001,63313.08,77.8
1783195424,btc,1783670400000,68000.0,put,35.11,0.07489541,0.049,0.0805,63315.4,9.0
1783195424,btc,1785484800000,89000.0,put,47.28,0.40375981,0.397,0.426,63407.85,5.9
1783195424,btc,1783411200000,67000.0,call,36.27,0.00034671,0.0002,0.0005,63313.16,195.2
1783195424,btc,1784880000000,58000.0,put,42.34,0.00928625,0.0085,0.0095,63379.76,10.7
1783195424,btc,1783670400000,58000.0,put,47.06,0.00155239,0.0015,0.0017,63315.4,715.6
1783195424,btc,1798185600000,150000.0,call,49.62,0.00113649,0.0011,0.0014,64451.88,1636.7
1783195424,btc,1784275200000,64000.0,call,34.67,0.02085446,0.02,0.021,63341.1,2464.0
1783195424,btc,1806048000000,58000.0,put,44.97,0.09535517,0.094,0.0965,65105.45,108.8
1783195424,btc,1784275200000,63000.0,put,35.74,0.02370139,0.023,0.024,63341.1,53.2
1783195424,btc,1787904000000,54000.0,put,45.49,0.01536649,0.015,0.0155,63585.72,337.3
1783195424,btc,1787904000000,81000.0,call,35.38,0.00236567,0.0021,0.0026,63585.72,501.6
1783195424,btc,1783670400000,64000.0,call,35.03,0.01237615,0.012,0.013,63315.4,1052.6
1783195424,btc,1785484800000,59000.0,put,40.78,0.01628854,0.016,0.0165,63407.85,1468.4
1783195424,btc,1784275200000,62000.0,call,37.03,0.03893761,0.038,0.0395,63341.1,178.0
1783195424,btc,1783238400000,65000.0,put,36.73,0.02687736,0.013,0.064,63313.08,0.5
1783195424,btc,1783411200000,62000.0,call,35.45,0.02462387,0.022,0.0295,63313.16,1.9
1783195424,btc,1787904000000,95000.0,call,42.17,0.00044496,0.0004,0.0005,63585.72,6.0
1783195424,btc,1783497600000,65000.0,put,33.45,0.03072486,0.0034,0.0675,63313.16,0.0
1783195424,btc,1813910400000,100000.0,call,41.58,0.04001974,0.0385,0.041,65792.39,40.8
1783195424,btc,1784275200000,65000.0,put,33.79,0.04048482,0.0385,0.044,63341.1,0.0
1783195424,btc,1784275200000,57000.0,call,45.25,0.10404483,0.0775,0.107,63340.84,15.5
1783195424,btc,1783238400000,54000.0,put,59.7,0.0,,0.0001,63313.08,56.3
1783195424,btc,1783238400000,60000.0,put,33.09,1e-08,,0.0001,63313.08,2096.8
1783195424,btc,1790323200000,88000.0,call,36.92,0.00270104,0.0025,0.0029,63795.14,648.5
1783195424,btc,1798185600000,66000.0,call,41.63,0.10386194,0.103,0.105,64451.88,103.1
1783195424,btc,1798185600000,102000.0,call,40.18,0.00702303,0.0065,0.0075,64451.88,143.2
1783195424,btc,1787904000000,69000.0,call,35.47,0.02419935,0.0235,0.025,63585.11,232.2
1783195424,btc,1806048000000,104000.0,call,41.28,0.01864415,0.018,0.0195,65105.45,66.1
1783195424,btc,1787904000000,95000.0,put,42.17,0.49449099,0.487,0.522,63585.11,0.0
1783195424,btc,1798185600000,170000.0,call,53.35,0.0007664,0.0005,0.0011,64451.96,2380.7
1783195424,btc,1783238400000,61500.0,put,29.81,1.434e-05,,0.0002,63313.08,242.5
1783195424,btc,1790323200000,65000.0,call,38.1,0.06379731,0.063,0.0645,63795.02,864.0
1783195424,btc,1806048000000,130000.0,put,43.24,1.00273996,0.9395,1.088,65105.45,0.2
1783195424,btc,1783324800000,55000.0,put,51.52,7e-08,,0.0001,63313.08,0.4
1783195424,btc,1806048000000,80000.0,put,41.45,0.29591906,0.292,0.305,65105.45,139.4
1783195424,btc,1787904000000,62000.0,call,38.78,0.0722816,0.071,0.0735,63585.72,863.6
1783195424,btc,1783411200000,61500.0,put,36.76,0.00275391,0.0025,0.003,63313.16,13.3
1783195424,btc,1783324800000,64500.0,call,31.14,0.00185561,0.0017,0.0021,63313.08,16.8
1783195424,btc,1790323200000,300000.0,call,84.97,1.275e-05,,0.0005,63795.34,190.5
1783195424,btc,1783497600000,57000.0,call,50.3,0.09986295,0.067,0.1315,63313.16,0.0
1783195424,btc,1784880000000,62000.0,call,37.45,0.0461305,0.045,0.047,63379.76,17.6
1783195424,btc,1806048000000,40000.0,call,53.48,0.41115622,0.41,0.413,65105.45,69.3
1783195424,btc,1813910400000,64000.0,call,44.24,0.18440424,0.1825,0.186,65791.76,5.4
1783195424,btc,1790323200000,135000.0,call,55.58,0.00025653,0.0002,0.0004,63795.14,243.1
1783195424,btc,1790323200000,72000.0,put,36.09,0.15436484,0.1505,0.159,63795.34,281.3
1783195424,btc,1806048000000,85000.0,put,41.22,0.35681554,0.3065,0.3835,65105.45,0.8
1783195424,btc,1787904000000,55000.0,call,44.47,0.15275094,0.15,0.156,63585.72,5.7
1783195424,btc,1790323200000,62000.0,put,39.6,0.06071668,0.06,0.0615,63795.14,868.5
1783195424,btc,1785484800000,76000.0,call,35.66,0.00120699,0.001,0.0014,63408.26,2498.6
1783195424,btc,1806048000000,55000.0,call,45.87,0.23331735,0.2305,0.235,65105.45,28.6
1783195424,btc,1806048000000,62000.0,call,43.84,0.1695741,0.168,0.171,65105.45,42.3
1783195424,btc,1787904000000,110000.0,call,51.2,0.00021782,0.0001,0.0003,63585.72,92.3
1783195424,btc,1785484800000,48000.0,call,55.58,0.24461051,0.2415,0.2475,63407.85,2.0
1783195424,btc,1783411200000,61500.0,call,36.76,0.03117991,0.003,0.0645,63313.16,5.4
1783195424,btc,1813910400000,150000.0,put,43.55,1.2866132,1.205,1.384,65792.39,0.0
1783195424,btc,1790323200000,120000.0,put,50.49,0.88143802,0.87,0.8915,63795.14,172.3
1783195424,btc,1813910400000,52000.0,call,47.29,0.29007193,0.2875,0.292,65791.76,0.0
1783195424,btc,1787904000000,94000.0,call,42.13,0.00053476,0.0004,0.0007,63585.72,10.9
1783195424,btc,1790323200000,50000.0,call,48.41,0.23133994,0.2285,0.235,63795.14,30.7
1783195424,btc,1787904000000,96000.0,call,42.53,0.00039493,0.0003,0.0006,63585.72,15.1
1783195424,btc,1785484800000,75000.0,call,35.17,0.00157823,0.0014,0.0017,63408.26,3082.1
1783195424,btc,1790323200000,96000.0,call,39.6,0.00122156,0.001,0.0012,63795.34,257.0
1783195424,btc,1806048000000,112000.0,call,41.56,0.01245064,0.012,0.013,65105.45,63.4
1783195424,btc,1806048000000,82000.0,call,41.24,0.05998001,0.0595,0.0605,65105.45,373.8
1783195424,btc,1785484800000,108000.0,call,66.12,9.198e-05,,0.0001,63407.85,375.1
1783195424,btc,1790323200000,55000.0,call,44.01,0.16512437,0.1625,0.1685,63795.34,90.9
1783195424,btc,1784275200000,48000.0,put,61.84,0.00025194,0.0001,0.0003,63341.1,177.5
1783195424,btc,1785484800000,68000.0,call,34.36,0.01245707,0.012,0.013,63407.67,3396.3
1783195424,btc,1785484800000,100000.0,call,57.83,9.735e-05,,0.0002,63407.85,1798.3
1783195424,btc,1798185600000,74000.0,put,40.41,0.20726645,0.2025,0.21,64451.96,61.0
1783195424,btc,1813910400000,45000.0,call,50.12,0.36714021,0.3645,0.3685,65792.39,0.4
1783195424,btc,1783497600000,62500.0,call,34.95,0.02084789,0.02,0.022,63313.16,0.2
1783195424,btc,1790323200000,74000.0,call,35.9,0.01947913,0.019,0.02,63795.02,588.4
1783195424,btc,1785484800000,64000.0,call,36.27,0.03467485,0.034,0.035,63407.85,667.0
1783195424,btc,1783238400000,64000.0,put,27.85,0.01171509,0.0013,0.0475,63313.08,0.0
1783195424,btc,1813910400000,54000.0,call,46.66,0.27010335,0.2665,0.272,65792.39,0.0
1783195424,btc,1798185600000,84000.0,call,39.89,0.02788009,0.027,0.028,64451.88,669.4
1783195424,btc,1783670400000,72000.0,put,45.6,0.13736863,0.132,0.1495,63315.4,0.0
1783195424,btc,1783238400000,53000.0,call,67.32,0.16280946,0.1325,0.1905,63313.08,0.0
1783195424,btc,1787904000000,85000.0,call,37.05,0.00130269,0.0011,0.0015,63585.72,296.4
1783195424,btc,1790323200000,76000.0,put,35.9,0.20604279,0.202,0.211,63795.34,599.6
1783195424,btc,1787904000000,98000.0,call,44.36,0.00039472,0.0003,0.0005,63585.72,80.5
1783195424,btc,1783238400000,57000.0,put,46.74,0.0,,0.0001,63313.08,11.0
1783195424,btc,1790323200000,54000.0,put,44.74,0.02413176,0.0235,0.0245,63795.02,151.4
1783195424,btc,1783411200000,64500.0,put,32.37,0.02281432,0.0008,0.059,63313.16,0.0
1783195424,btc,1787904000000,100000.0,call,45.27,0.00033215,0.0003,0.0005,63585.72,146.9
1783195424,btc,1798185600000,76000.0,call,40.23,0.05101117,0.0505,0.0515,64451.88,290.9
1783195424,btc,1783238400000,64000.0,call,27.85,0.00076803,0.0006,0.001,63313.08,205.8
1783195424,btc,1813910400000,86000.0,put,41.89,0.37996206,0.376,0.4265,65791.76,0.0
1783195424,btc,1787904000000,82000.0,call,35.58,0.00196101,0.0017,0.0022,63585.72,372.3
1783195424,btc,1798185600000,104000.0,call,40.28,0.00605743,0.006,0.0065,64451.88,63.4
1783195424,btc,1790323200000,66000.0,call,37.72,0.05669093,0.056,0.0575,63795.02,446.7
1783195424,btc,1790323200000,155000.0,put,60.85,1.4297665,1.348,1.5195,63795.14,0.1
1783195424,btc,1783238400000,55000.0,put,52.45,0.0,,0.0001,63313.08,33.9
1783195424,btc,1790323200000,105000.0,call,43.45,0.00069125,0.0006,0.0008,63795.14,1169.6
1783195424,btc,1785484800000,71000.0,call,34.42,0.00528882,0.0048,0.0055,63407.67,1624.9
1783195424,btc,1798185600000,88000.0,call,39.92,0.02060317,0.0195,0.0205,64451.88,2022.4
1783195424,btc,1784275200000,58000.0,call,43.54,0.08968497,0.087,0.0925,63341.1,21.4
1783195424,btc,1813910400000,56000.0,put,46.08,0.10221709,0.1005,0.1035,65791.76,1.3
1783195424,btc,1783670400000,72000.0,call,45.6,0.00022052,0.0001,0.0003,63315.4,649.2
1783195424,btc,1806048000000,105000.0,put,41.34,0.63051676,0.5765,0.664,65105.45,0.0
1783195424,btc,1783497600000,60000.0,put,40.51,0.00157311,0.0015,0.0017,63313.16,19.6
1783195424,btc,1787904000000,80000.0,put,35.18,0.2609894,0.259,0.266,63585.72,22.0
1783195424,btc,1783411200000,66000.0,put,33.97,0.04352794,0.0095,0.082,63313.16,0.0
1783195424,btc,1785484800000,54000.0,call,46.97,0.15405765,0.128,0.1585,63408.26,1.6
1783195424,btc,1813910400000,105000.0,put,41.58,0.62837804,0.5615,0.7145,65791.76,0.0
1783195424,btc,1787904000000,52000.0,put,47.47,0.01142373,0.011,0.012,63585.11,875.6
1783195424,btc,1790323200000,82000.0,put,35.91,0.29140716,0.285,0.2975,63795.14,194.7
1783195424,btc,1806048000000,112000.0,put,41.56,0.73272378,0.7265,0.7615,65105.45,0.0
1783195424,btc,1785484800000,82000.0,call,39.87,0.00033893,0.0002,0.0005,63407.85,2830.4
1783195424,btc,1783497600000,62000.0,call,35.9,0.02654029,0.0022,0.0595,63313.16,0.0
1783195424,btc,1798185600000,58000.0,call,44.06,0.17151621,0.1695,0.174,64451.88,41.8
1783195424,btc,1785484800000,65000.0,put,35.7,0.05265913,0.0515,0.053,63407.85,323.6
1783195424,btc,1787904000000,65000.0,put,36.97,0.06936379,0.068,0.0705,63585.72,275.3
1783195424,btc,1790323200000,66000.0,put,37.72,0.0912471,0.089,0.0945,63795.14,193.9
1783195424,btc,1783411200000,69000.0,call,40.34,5.362e-05,,0.0002,63313.16,0.0
1783195424,btc,1813910400000,90000.0,call,41.69,0.06112289,0.0595,0.0625,65791.76,59.1
1783195424,btc,1798185600000,85000.0,call,39.92,0.02591131,0.0255,0.026,64451.96,1828.9
1783195424,btc,1798185600000,98000.0,put,40.07,0.53004493,0.482,0.5465,64451.88,1.1
1783195424,btc,1783670400000,57000.0,put,49.43,0.00097145,0.0009,0.0011,63315.4,307.1
1783195424,btc,1783238400000,67000.0,put,44.83,0.05833653,0.023,0.0965,63313.08,0.0
1783195424,btc,1806048000000,78000.0,call,41.51,0.07456997,0.074,0.075,65105.45,320.9
1783195424,btc,1787904000000,90000.0,put,39.45,0.41610214,0.41,0.4345,63585.72,0.5
1783195424,btc,1787904000000,85000.0,put,37.05,0.33806695,0.3315,0.3675,63585.72,0.4
1783195424,btc,1790323200000,200000.0,put,72.81,2.13508668,2.0295,2.25,63795.14,0.1
1783195424,btc,1787904000000,68000.0,call,35.77,0.02887658,0.0285,0.0295,63585.11,349.5
1783195424,btc,1787904000000,52000.0,call,47.46,0.19363699,0.19,0.1965,63585.72,51.0
1783195424,btc,1798185600000,78000.0,call,40.1,0.04394184,0.0435,0.0445,64451.88,271.6
1783195424,btc,1784880000000,59000.0,put,40.92,0.01181286,0.011,0.012,63379.76,11.1
1783195424,btc,1790323200000,85000.0,put,36.17,0.33628406,0.331,0.3435,63795.14,454.5
1783195424,btc,1787904000000,54000.0,call,45.49,0.16612802,0.1625,0.1685,63585.72,7.3
1783195424,btc,1783411200000,60000.0,call,41.84,0.0530128,0.019,0.086,63313.16,0.0
1783195424,btc,1785484800000,106000.0,call,64.13,9.329e-05,,0.0001,63407.85,44.6
1783195424,btc,1785484800000,62000.0,put,37.87,0.03009676,0.0295,0.0305,63407.85,956.5
1783195424,btc,1784880000000,57000.0,put,43.78,0.00727857,0.0065,0.0075,63379.76,4.6
1783195424,btc,1784880000000,60000.0,call,39.74,0.06847506,0.0655,0.071,63379.76,1.0
1783195424,btc,1783238400000,63500.0,put,24.78,0.00537942,0.0048,0.0065,63313.08,14.3
1783195424,btc,1784275200000,60000.0,put,40.06,0.00977179,0.0095,0.01,63340.84,486.2
1783195424,btc,1783497600000,56000.0,call,54.12,0.11555683,0.084,0.1465,63313.16,0.0
1783195424,btc,1798185600000,95000.0,put,40.0,0.48597597,0.4785,0.492,64451.88,85.9
1783195424,btc,1784880000000,59000.0,call,40.92,0.08091984,0.078,0.085,63379.76,2.2
1783195424,eth,1787904000000,2250.0,call,49.66,0.012593,0.012,0.0135,1795.14,1041.0
1783195424,eth,1798185600000,1800.0,put,55.1,0.146141,0.1445,0.1475,1814.29,4450.0
1783195424,eth,1813910400000,1400.0,put,60.58,0.106184,0.104,0.108,1849.06,2.0
1783195424,eth,1783324800000,1625.0,put,72.65,0.000279,0.0002,0.0004,1792.96,494.0
1783195424,eth,1813910400000,1600.0,call,59.48,0.288949,0.283,0.2945,1849.04,242.0
1783195424,eth,1798185600000,5000.0,call,61.08,0.001826,0.0015,0.0022,1814.29,4258.0
1783195424,eth,1784275200000,1850.0,call,47.24,0.021707,0.021,0.0225,1792.74,3005.0
1783195424,eth,1806048000000,2900.0,put,56.4,0.636573,0.6195,0.6525,1832.06,260.0
1783195424,eth,1813910400000,4500.0,call,58.46,0.023262,0.022,0.0245,1849.06,434.0
1783195424,eth,1784275200000,1550.0,put,62.07,0.005211,0.0049,0.0055,1792.73,1054.0
1783195424,eth,1790323200000,4500.0,call,68.31,0.000358,0.0002,0.0005,1799.34,8554.0
1783195424,eth,1787904000000,1100.0,put,75.4,0.004334,0.0041,0.0046,1795.14,958.0
1783195424,eth,1785484800000,2100.0,call,48.08,0.007553,0.007,0.008,1793.24,3105.0
1783195424,eth,1784880000000,1800.0,put,48.55,0.046824,0.046,0.048,1792.95,1.0
1783195424,eth,1783324800000,1400.0,call,97.04,0.218992,0.2125,0.227,1792.96,0.0
1783195424,eth,1806048000000,4400.0,put,57.87,1.41293,1.3125,1.5335,1832.09,0.0
1783195424,eth,1785484800000,2900.0,put,70.03,0.617607,0.5555,0.688,1793.24,3.0
1783195424,eth,1783324800000,1875.0,put,58.45,0.048135,0.038,0.094,1792.96,0.0
1783195424,eth,1790323200000,7000.0,call,90.95,0.000192,,0.0002,1799.34,2032.0
1783195424,eth,1790323200000,11000.0,put,110.93,5.113517,4.8785,5.3695,1799.34,0.0
1783195424,eth,1790323200000,3300.0,put,57.43,0.835713,0.764,0.9185,1799.35,3.0
1783195424,eth,1784275200000,1625.0,call,56.13,0.102679,0.0965,0.109,1792.75,200.0
1783195424,eth,1783497600000,1900.0,put,52.18,0.063268,0.023,0.11,1792.96,1.0
1783195424,eth,1806048000000,1000.0,call,66.12,0.483337,0.4805,0.4865,1832.09,269.0
1783195424,eth,1784275200000,1500.0,call,66.34,0.166948,0.16,0.1735,1792.74,74.0
1783195424,eth,1813910400000,1500.0,call,59.97,0.317741,0.3125,0.3235,1849.04,50.0
1783195424,eth,1790323200000,8000.0,call,98.42,0.000186,,0.0001,1799.34,1092.0
1783195424,eth,1783497600000,2000.0,call,61.73,0.000883,0.0007,0.0011,1792.96,500.0
1783195424,eth,1798185600000,6500.0,put,66.3,2.583351,2.4455,2.738,1814.29,0.0
1783195424,eth,1783238400000,1775.0,put,43.58,0.002608,0.0021,0.0027,1792.96,634.0
1783195424,eth,1783411200000,1750.0,put,50.8,0.007313,0.007,0.0075,1792.96,666.0
1783195424,eth,1790323200000,4200.0,put,66.47,1.334751,1.245,1.436,1799.35,551.0
1783195424,eth,1806048000000,3600.0,call,56.95,0.024761,0.024,0.0255,1832.09,1699.0
1783195424,eth,1806048000000,3400.0,put,56.67,0.88634,0.8,0.9965,1832.09,8.0
1783195424,eth,1783411200000,1675.0,put,61.56,0.002087,0.0019,0.0023,1792.96,769.0
1783195424,eth,1784880000000,1800.0,call,48.55,0.042886,0.042,0.044,1792.95,830.0
1783195424,eth,1785484800000,3400.0,put,85.12,0.896267,0.8235,0.978,1793.24,4.0
1783195424,eth,1798185600000,2600.0,call,54.37,0.039892,0.0385,0.0405,1814.29,1885.0
1783195424,eth,1785484800000,1950.0,put,48.0,0.108422,0.1025,0.116,1793.24,234.0
1783195424,eth,1813910400000,2400.0,call,57.37,0.13295,0.1305,0.135,1849.06,6.0
1783195424,eth,1813910400000,2500.0,put,57.38,0.473227,0.3935,0.5825,1849.06,5.0
1783195424,eth,1784275200000,1750.0,put,49.61,0.025507,0.025,0.026,1792.73,206.0
1783195424,eth,1785484800000,2300.0,call,51.64,0.00231,0.0021,0.0025,1793.26,5520.0
1783195424,eth,1784275200000,1200.0,call,94.06,0.331129,0.325,0.3365,1792.73,50.0
1783195424,eth,1787904000000,1750.0,put,51.11,0.065746,0.0645,0.0665,1795.14,1750.0
1783195424,eth,1783497600000,1875.0,call,50.8,0.005068,0.0047,0.0055,1792.96,3.0
1783195424,eth,1784880000000,1500.0,put,62.69,0.00696,0.0065,0.0075,1792.95,41.0
1783195424,eth,1798185600000,4200.0,call,57.87,0.003826,0.0034,0.0043,1814.29,3556.0
1783195424,eth,1784275200000,1550.0,call,62.07,0.140594,0.138,0.1435,1792.73,541.0
1783195424,eth,1790323200000,8500.0,call,97.26,0.0001,,0.0005,1799.35,1253.0
1783195424,eth,1806048000000,5000.0,put,58.72,1.735886,1.6265,1.867,1832.09,0.0
1783195424,eth,1790323200000,4500.0,put,68.31,1.501303,1.405,1.6085,1799.34,6.0
1783195424,eth,1783670400000,1575.0,put,69.02,0.002178,0.002,0.0024,1792.72,2366.0
1783195424,eth,1787904000000,1400.0,put,60.52,0.015168,0.0145,0.016,1795.14,5087.0
1783195424,eth,1784275200000,1450.0,put,70.91,0.00263,0.0024,0.0028,1792.73,2213.0
1783195424,eth,1806048000000,800.0,call,71.84,0.579154,0.576,0.582,1832.06,0.0
1783195424,eth,1806048000000,4400.0,call,57.87,0.011236,0.0105,0.0115,1832.09,1078.0
1783195424,eth,1783324800000,1625.0,call,72.65,0.093752,0.086,0.1025,1792.96,0.0
1783195424,eth,1798185600000,3000.0,put,54.61,0.673719,0.656,0.6915,1814.29,674.0
1783195424,eth,1790323200000,2500.0,put,51.06,0.400938,0.3895,0.412,1799.34,3222.0
1783195424,eth,1790323200000,13000.0,call,119.8,9.6e-05,,0.0003,1799.34,1873.0
1783195424,eth,1790323200000,7200.0,put,92.59,3.001704,2.848,3.1705,1799.34,0.0
1783195424,eth,1813910400000,1900.0,put,58.31,0.243598,0.241,0.2465,1849.06,5.0
1783195424,eth,1785484800000,2650.0,call,62.42,0.000699,0.0006,0.0008,1793.24,1981.0
1783195424,eth,1798185600000,4500.0,call,58.95,0.002783,0.0024,0.0032,1814.29,1649.0
1783195424,eth,1813910400000,1400.0,call,60.58,0.349034,0.344,0.355,1849.06,50.0
1783195424,eth,1783411200000,1550.0,put,85.8,0.00049,0.0004,0.0006,1792.96,87.0
1783195424,eth,1806048000000,2300.0,call,56.4,0.109214,0.1075,0.1105,1832.09,2243.0
1783195424,eth,1785484800000,1300.0,call,74.97,0.279105,0.2735,0.285,1793.24,50.0
1783195424,eth,1787904000000,1850.0,call,50.02,0.063827,0.063,0.065,1795.14,3237.0
1783195424,eth,1790323200000,6400.0,call,86.02,0.0002,,0.0003,1799.34,1923.0
1783195424,eth,1798185600000,3500.0,put,55.56,0.938402,0.859,1.036,1814.28,52.0
1783195424,eth,1806048000000,6000.0,call,61.1,0.003548,0.0031,0.004,1832.09,3475.0
1783195424,eth,1785484800000,1450.0,put,63.63,0.007954,0.0075,0.0085,1793.26,4462.0
1783195424,eth,1783324800000,1800.0,put,47.03,0.014231,0.0135,0.0145,1792.96,326.0
1783195424,eth,1784880000000,1700.0,call,51.39,0.076594,0.074,0.079,1792.95,279.0
1783195424,eth,1785484800000,1500.0,put,60.75,0.010435,0.01,0.011,1793.26,11332.0
1783195424,eth,1787904000000,1200.0,call,69.7,0.338008,0.333,0.3445,1795.14,51.0
1783195424,eth,1806048000000,3500.0,put,56.77,0.937825,0.851,1.0485,1832.09,5.0
1783195424,eth,1790323200000,3500.0,put,59.13,0.946348,0.93,0.962,1799.34,1166.0
1783195424,eth,1783670400000,1625.0,call,62.35,0.096988,0.0945,0.1,1792.72,842.0
1783195424,eth,1798185600000,5200.0,call,61.95,0.001582,0.0012,0.0019,1814.29,8599.0
1783195424,eth,1790323200000,6500.0,call,86.62,0.000192,,0.0002,1799.34,1337.0
1783195424,eth,1785484800000,2550.0,call,59.14,0.000901,0.0008,0.001,1793.26,1587.0
1783195424,eth,1783238400000,1700.0,call,67.21,0.051914,0.046,0.057,1792.96,434.0
1783195424,eth,1790323200000,8000.0,put,98.42,3.44631,3.2755,3.6345,1799.34,0.0
1783195424,eth,1790323200000,6800.0,call,89.26,0.000192,,0.0002,1799.35,1462.0
1783195424,eth,1798185600000,4600.0,put,59.23,1.537934,1.4385,1.6525,1814.29,0.0
1783195424,eth,1806048000000,900.0,call,68.78,0.530474,0.528,0.5335,1832.09,50.0
1783195424,eth,1784275200000,2000.0,put,48.72,0.120824,0.077,0.171,1792.73,19.0
1783195424,eth,1787904000000,2500.0,call,51.64,0.004729,0.0045,0.005,1795.14,735.0
1783195424,eth,1790323200000,3600.0,call,60.29,0.001031,0.0008,0.0013,1799.34,2705.0
1783195424,eth,1783324800000,1500.0,put,86.45,9e-06,,0.0001,1792.96,104.0
1783195424,eth,1790323200000,4600.0,put,68.31,1.556809,1.458,1.666,1799.35,38.0
1783195424,eth,1783324800000,1700.0,call,55.63,0.052678,0.05,0.0555,1792.96,1028.0
1783195424,eth,1783411200000,1775.0,call,49.33,0.021592,0.021,0.022,1792.96,409.0
1783195424,eth,1806048000000,900.0,put,68.78,0.021729,0.021,0.0225,1832.06,763.0
1783195424,eth,1813910400000,2600.0,put,57.38,0.516614,0.504,0.6275,1849.08,0.0
1783195424,eth,1790323200000,15000.0,put,127.3,7.336579,7.016,7.686,1799.34,0.0
1783195424,eth,1790323200000,12000.0,put,115.57,5.669283,5.413,5.949,1799.34,0.0
1783195424,eth,1783670400000,1700.0,call,54.43,0.059604,0.0565,0.0625,1792.72,13489.0
1783195424,eth,1785484800000,2150.0,call,48.82,0.005519,0.005,0.006,1793.24,5744.0
1783195424,eth,1783324800000,1600.0,put,77.67,0.00018,0.0001,0.0003,1792.96,2031.0
1783195424,eth,1783670400000,1700.0,put,54.43,0.007884,0.0075,0.0085,1792.72,7089.0
1783195424,eth,1798185600000,3000.0,call,54.61,0.02017,0.0195,0.021,1814.29,5003.0
1783195424,eth,1798185600000,4200.0,put,57.87,1.318794,1.2275,1.427,1814.29,62.0
1783195424,eth,1806048000000,2100.0,call,56.57,0.139023,0.1375,0.1405,1832.06,482.0
1783195424,eth,1806048000000,1300.0,call,60.81,0.355525,0.352,0.358,1832.09,50.0
1783195424,eth,1783411200000,1725.0,call,53.44,0.042334,0.0395,0.045,1792.96,449.0
1783195424,eth,1798185600000,2200.0,put,54.37,0.291745,0.278,0.303,1814.28,9248.0
1783195424,eth,1785484800000,3200.0,call,79.23,0.000289,0.0002,0.0004,1793.24,4075.0
1783195424,eth,1783497600000,1800.0,call,48.7,0.017052,0.0165,0.0175,1792.96,32.0
1783195424,eth,1785484800000,2350.0,call,52.96,0.001827,0.0017,0.002,1793.24,9648.0
1783195424,eth,1790323200000,1500.0,call,56.27,0.20226,0.1975,0.206,1799.34,1058.0
1783195424,eth,1785484800000,2500.0,put,57.31,0.395151,0.388,0.4045,1793.26,463.0
1783195424,eth,1787904000000,3000.0,put,58.35,0.672312,0.6075,0.7465,1795.14,0.0
1783195424,eth,1785484800000,3000.0,call,73.81,0.00039,0.0003,0.0004,1793.24,2608.0
1783195424,eth,1798185600000,2100.0,call,54.37,0.093529,0.0925,0.0945,1814.29,1044.0
1783195424,eth,1784880000000,1850.0,put,47.85,0.062494,0.0585,0.0705,1792.95,0.0
1783195424,eth,1785484800000,2900.0,call,70.03,0.000413,0.0004,0.0005,1793.26,7867.0
1783195424,eth,1783238400000,1850.0,put,56.36,0.0325,0.023,0.076,1792.96,6.0
1783195424,eth,1783497600000,1775.0,put,48.84,0.014478,0.014,0.015,1792.96,4.0
1783195424,eth,1783238400000,1550.0,put,80.24,0.0,,0.0001,1792.96,913.0
1783195424,eth,1783670400000,1900.0,call,49.52,0.00566,0.0055,0.006,1792.72,6949.0
1783195424,eth,1806048000000,4800.0,call,58.56,0.008003,0.0075,0.0085,1832.09,2886.0
1783195424,eth,1790323200000,3100.0,call,55.58,0.002495,0.0022,0.0028,1799.34,2193.0
1783195424,eth,1785484800000,1850.0,call,48.02,0.038074,0.037,0.039,1793.24,9279.0
1783195424,eth,1790323200000,1600.0,put,54.31,0.051434,0.0505,0.0525,1799.34,5922.0
1783195424,eth,1798185600000,3300.0,call,55.3,0.012679,0.012,0.0135,1814.29,1790.0
1783195424,eth,1787904000000,3400.0,put,62.71,0.894435,0.8215,0.9765,1795.14,0.0
1783195424,eth,1783324800000,1675.0,put,60.99,0.000632,0.0005,0.0007,1792.96,410.0
1783195424,eth,1787904000000,2400.0,call,50.89,0.007001,0.0065,0.0075,1795.14,1690.0
1783195424,eth,1785484800000,1600.0,call,55.2,0.125627,0.122,0.128,1793.26,3123.0
1783195424,eth,1787904000000,2400.0,put,50.89,0.343944,0.3295,0.409,1795.14,0.0
1783195424,eth,1783324800000,1750.0,put,47.79,0.003733,0.0034,0.004,1792.96,327.0
1783195424,eth,1783324800000,1525.0,put,86.44,2.6e-05,,0.0001,1792.96,162.0
1783195424,eth,1783670400000,1550.0,put,72.45,0.001762,0.0016,0.0019,1792.72,3448.0
1783195424,eth,1798185600000,1200.0,call,62.24,0.369297,0.366,0.374,1814.29,341.0
1783195424,eth,1798185600000,3500.0,call,55.56,0.009241,0.0085,0.01,1814.29,24233.0
1783195424,eth,1806048000000,2500.0,put,56.4,0.450714,0.435,0.465,1832.09,560.0
1783195424,eth,1798185600000,1200.0,put,62.24,0.030716,0.03,0.0315,1814.29,5594.0
1783195424,eth,1784275200000,1450.0,call,70.9,0.193807,0.187,0.201,1792.74,50.0
1783195424,eth,1790323200000,4400.0,call,66.99,0.000366,0.0003,0.0006,1799.34,4347.0
1783195424,eth,1806048000000,1300.0,put,60.81,0.065116,0.064,0.0665,1832.09,1469.0
1783195424,eth,1813910400000,4500.0,put,58.46,1.456957,1.3505,1.592,1849.04,0.0
1783195424,eth,1798185600000,2700.0,call,54.37,0.033523,0.0325,0.0345,1814.29,2156.0
1783195424,eth,1787904000000,1600.0,put,53.93,0.035739,0.035,0.0365,1795.14,1428.0
1783195424,eth,1813910400000,1800.0,call,58.63,0.238124,0.235,0.241,1849.04,1014.0
1783195424,eth,1790323200000,2000.0,call,50.75,0.055133,0.0545,0.056,1799.35,7308.0
1783195424,eth,1783238400000,1625.0,put,75.86,1e-06,,0.0001,1792.96,263.0
1783195424,eth,1798185600000,4500.0,put,58.95,1.483106,1.386,1.5965,1814.29,2.0
1783195424,eth,1783411200000,1825.0,put,49.98,0.027197,0.022,0.0325,1792.96,0.0
1783195424,eth,1798185600000,2900.0,put,54.45,0.622183,0.55,0.714,1814.29,164.0
1783195424,eth,1813910400000,2000.0,call,57.99,0.195768,0.1925,0.199,1849.04,1103.0
1783195424,eth,1798185600000,4800.0,put,60.25,1.647825,1.545,1.767,1814.29,77.0
1783195424,eth,1785484800000,2000.0,call,48.0,0.015171,0.014,0.0155,1793.26,9566.0
1783195424,eth,1813910400000,3000.0,call,57.38,0.076787,0.0745,0.0785,1849.06,295.0
1783195424,eth,1798185600000,5000.0,put,61.08,1.75777,1.6505,1.881,1814.28,2.0
1783195424,eth,1806048000000,3800.0,put,57.12,1.094263,1.003,1.2085,1832.09,2.0
1783195424,eth,1798185600000,2300.0,put,54.37,0.334554,0.324,0.346,1814.28,5181.0
1783195424,eth,1790323200000,6000.0,put,84.76,2.334881,2.2065,2.477,1799.34,0.0
1783195424,eth,1798185600000,2100.0,put,54.37,0.251013,0.2455,0.257,1814.29,2018.0
1783195424,eth,1783670400000,1750.0,put,50.85,0.014493,0.014,0.015,1792.72,1389.0
1783195424,eth,1783670400000,1900.0,put,49.52,0.065502,0.026,0.113,1792.72,83.0
1783195424,eth,1806048000000,2200.0,call,56.4,0.122978,0.1215,0.1245,1832.09,1996.0
1783195424,eth,1798185600000,3100.0,call,54.83,0.017226,0.0165,0.018,1814.29,2047.0
1783195424,eth,1787904000000,1950.0,call,49.59,0.043765,0.043,0.0445,1795.14,1464.0
1783195424,eth,1806048000000,1600.0,call,58.26,0.253411,0.251,0.256,1832.09,924.0
1783195424,eth,1798185600000,3200.0,call,55.04,0.014732,0.014,0.0155,1814.29,67276.0
1783195424,eth,1798185600000,4400.0,call,58.59,0.003085,0.0027,0.0035,1814.29,1772.0
1783195424,eth,1783411200000,1600.0,call,76.02,0.108299,0.1005,0.117,1792.96,0.0
1783195424,eth,1783670400000,1800.0,put,48.83,0.026035,0.025,0.027,1792.72,321.0
1783195424,eth,1783497600000,1650.0,put,61.69,0.002257,0.002,0.0025,1792.96,15.0
1783195424,eth,1806048000000,4000.0,call,57.41,0.016506,0.016,0.017,1832.06,1798.0
1783195424,eth,1790323200000,7400.0,put,94.18,3.112857,2.9545,3.287,1799.34,0.0
1783195424,eth,1783238400000,1675.0,put,75.78,6.7e-05,,0.0002,1792.96,1281.0
1783195424,eth,1783238400000,1825.0,put,49.09,0.019524,0.0145,0.0275,1792.96,20.0
1783195424,eth,1783238400000,1800.0,put,43.72,0.00865,0.0085,0.0095,1792.96,38.0
1783195424,eth,1783324800000,1650.0,call,66.52,0.079928,0.07,0.1175,1792.96,0.0
1783195424,eth,1783238400000,1750.0,call,47.23,0.024536,0.0185,0.029,1792.96,1604.0
1783195424,eth,1783411200000,1850.0,call,51.77,0.005851,0.0055,0.0065,1792.96,81.0
1783195424,eth,1787904000000,1300.0,call,64.97,0.2858,0.2805,0.291,1795.14,50.0
1783195424,eth,1783238400000,1825.0,call,49.09,0.001576,0.0014,0.0018,1792.96,2189.0
1783195424,eth,1790323200000,2800.0,put,53.22,0.561247,0.548,0.5725,1799.34,1287.0
1783195424,eth,1787904000000,1500.0,call,56.78,0.187655,0.1835,0.1905,1795.14,472.0
1783195424,eth,1783670400000,1750.0,call,50.85,0.038323,0.0375,0.039,1792.72,6631.0
1783195424,eth,1790323200000,6200.0,call,86.22,0.000268,,0.0002,1799.35,2026.0
1783195424,eth,1785484800000,2050.0,call,48.02,0.010775,0.01,0.011,1793.24,5841.0
1783195424,eth,1787904000000,2800.0,put,55.43,0.561609,0.544,0.6325,1795.14,0.0
1783195424,eth,1806048000000,4600.0,call,58.27,0.009506,0.009,0.01,1832.09,928.0
1783195424,eth,1790323200000,1700.0,put,52.92,0.072204,0.071,0.073,1799.35,3467.0
1783195424,eth,1806048000000,2000.0,call,56.81,0.157181,0.155,0.159,1832.09,1191.0
1783195424,eth,1783411200000,1550.0,call,85.8,0.135851,0.129,0.1435,1792.96,0.0
1783195424,eth,1783411200000,1900.0,put,56.8,0.062393,0.052,0.109,1792.96,0.0
1783195424,eth,1790323200000,5600.0,put,77.37,2.112466,1.993,2.244,1799.34,0.0
1783195424,eth,1790323200000,5500.0,call,77.29,0.000209,0.0001,0.0003,1799.35,1487.0
1783195424,eth,1813910400000,3500.0,call,57.52,0.049764,0.0485,0.05,1849.04,733.0
1783195424,eth,1790323200000,1700.0,call,52.92,0.127403,0.1265,0.129,1799.34,2693.0
1783195424,eth,1806048000000,1400.0,put,59.8,0.082784,0.0815,0.0845,1832.09,2697.0
1783195424,eth,1790323200000,7500.0,put,94.96,3.168433,3.008,3.345,1799.34,0.0
1783195424,eth,1806048000000,1800.0,put,57.37,0.182606,0.181,0.1855,1832.09,2546.0
1783195424,eth,1790323200000,2200.0,call,50.75,0.030094,0.029,0.0305,1799.34,3692.0
1783195424,eth,1783411200000,1800.0,put,48.49,0.018165,0.0175,0.019,1792.96,2.0
1783195424,eth,1806048000000,3500.0,call,56.77,0.027387,0.0265,0.028,1832.06,4425.0
1783195424,eth,1783238400000,1600.0,call,75.92,0.107552,0.105,0.1105,1792.96,757.0
1783195424,eth,1790323200000,5500.0,put,77.29,2.05692,1.9395,2.187,1799.35,1.0
1783195424,eth,1813910400000,1500.0,put,59.97,0.128968,0.1265,0.131,1849.06,26.0
1783195424,eth,1787904000000,2600.0,put,52.78,0.451705,0.394,0.519,1795.14,1.0
1783195424,eth,1806048000000,3600.0,put,56.95,0.989784,0.901,1.102,1832.09,1.0
1783195424,eth,1790323200000,2900.0,call,53.93,0.00395,0.0037,0.0043,1799.34,5004.0
1783195424,eth,1806048000000,1900.0,call,57.06,0.177452,0.175,0.1795,1832.06,1090.0
1783195424,eth,1790323200000,5400.0,put,76.25,2.001345,1.886,2.129,1799.35,4.0
1783195424,eth,1787904000000,3600.0,call,66.27,0.000361,0.0002,0.0006,1795.14,935.0
1783195424,eth,1790323200000,1900.0,put,51.12,0.129873,0.128,0.131,1799.34,3906.0
1783195424,eth,1783238400000,1575.0,put,76.7,0.0,,0.0001,1792.96,185.0
1783195424,eth,1790323200000,3400.0,put,58.2,0.890985,0.875,0.9055,1799.34,870.0
1783195424,eth,1806048000000,1900.0,put,57.06,0.214547,0.2125,0.2175,1832.09,707.0
1783195424,eth,1784275200000,1300.0,call,84.97,0.275856,0.269,0.2815,1792.74,50.0
1783195424,eth,1787904000000,3800.0,call,68.04,0.000242,0.0001,0.0005,1795.14,305.0
1783195424,eth,1784275200000,2000.0,call,48.72,0.00519,0.0049,0.0055,1792.76,88.0
1783195424,eth,1783670400000,1725.0,call,52.39,0.048428,0.0455,0.051,1792.72,1288.0
1783195424,eth,1790323200000,7400.0,call,94.18,0.000192,,0.0002,1799.35,1019.0
1783195424,eth,1783238400000,1675.0,call,75.78,0.065785,0.06,0.07,1792.96,570.0
1783195424,eth,1790323200000,5200.0,put,73.97,1.890192,1.779,2.013,1799.34,3.0
1783195424,eth,1783324800000,1600.0,call,77.67,0.107599,0.0995,0.1165,1792.96,0.0
1783195424,eth,1783670400000,1675.0,put,56.91,0.005924,0.0055,0.0065,1792.72,635.0
1783195424,eth,1790323200000,14000.0,put,123.7,6.780814,6.4815,7.107,1799.34,0.0
1783195424,eth,1783411200000,1800.0,call,48.49,0.014065,0.0135,0.0145,1792.96,3565.0
1783195424,eth,1783670400000,1650.0,call,59.59,0.084104,0.0815,0.087,1792.72,2858.0
1783195424,eth,1798185600000,2600.0,put,54.37,0.472967,0.459,0.486,1814.29,1055.0
1783195424,eth,1790323200000,6400.0,put,86.02,2.5571,2.4205,2.708,1799.34,0.0
1783195424,eth,1787904000000,2050.0,put,49.57,0.171489,0.123,0.233,1795.14,160.0
1783195424,eth,1790323200000,6600.0,put,87.51,2.668244,2.527,2.8235,1799.34,0.0
1783195424,eth,1790323200000,2800.0,call,53.22,0.005104,0.0047,0.0055,1799.34,7905.0
1783195424,eth,1784275200000,1850.0,put,47.24,0.05367,0.0495,0.065,1792.74,0.0
1783195424,eth,1787904000000,1950.0,put,49.59,0.130031,0.126,0.1345,1795.14,271.0
1783195424,eth,1798185600000,2900.0,call,54.45,0.023753,0.023,0.0245,1814.29,1169.0
1783195424,eth,1785484800000,4000.0,call,98.78,0.000143,,0.0002,1793.24,8690.0
1783195424,eth,1806048000000,2700.0,put,56.4,0.541695,0.464,0.644,1832.09,147.0
1783195424,eth,1784275200000,1600.0,call,57.89,0.114972,0.1125,0.1175,1792.74,948.0
1783195424,eth,1783324800000,1675.0,call,60.99,0.066211,0.057,0.104,1792.96,204.0
1783195424,eth,1783670400000,1550.0,call,72.45,0.137154,0.1345,0.14,1792.72,580.0
1783195424,eth,1785484800000,1750.0,put,49.93,0.041797,0.041,0.0425,1793.24,1918.0
1783195424,eth,1783670400000,1650.0,put,59.59,0.004493,0.0042,0.0047,1792.72,2274.0
1783195424,eth,1783238400000,1725.0,put,56.94,0.000269,0.0002,0.0004,1792.96,3254.0
1783195424,eth,1790323200000,3500.0,call,59.13,0.001169,0.0009,0.0015,1799.34,14708.0
1783195424,eth,1790323200000,1800.0,call,51.85,0.097917,0.097,0.099,1799.34,2295.0
1783195424,eth,1785484800000,3800.0,call,93.27,0.000145,0.0001,0.0002,1793.24,2191.0
1783195424,eth,1785484800000,1300.0,put,74.97,0.004054,0.0039,0.0042,1793.26,5535.0
1783195424,eth,1806048000000,3400.0,call,56.67,0.030486,0.03,0.031,1832.09,1899.0
1783195424,eth,1785484800000,2000.0,put,48.0,0.130477,0.1225,0.1375,1793.26,3389.0
1783195424,eth,1813910400000,900.0,put,67.34,0.031717,0.0305,0.033,1849.06,565.0
1783195424,eth,1783497600000,1925.0,call,54.21,0.002283,0.002,0.0026,1792.96,3.0
1783195424,eth,1783670400000,1850.0,put,48.53,0.043399,0.039,0.05,1792.72,85.0
1783195424,eth,1813910400000,1300.0,call,61.4,0.383127,0.378,0.389,1849.04,50.0
1783195424,eth,1787904000000,1600.0,call,53.93,0.144443,0.1405,0.147,1795.14,898.0
1783195424,eth,1798185600000,1500.0,call,57.19,0.2454,0.243,0.2495,1814.29,702.0
1783195424,eth,1783497600000,1800.0,put,48.7,0.021199,0.02,0.022,1792.96,8.0
1783195424,eth,1787904000000,1300.0,put,64.97,0.009978,0.0095,0.0105,1795.14,6228.0
1783195424,eth,1783497600000,1750.0,call,50.18,0.033522,0.029,0.038,1792.96,0.0
1783195424,eth,1783324800000,1500.0,call,86.45,0.163214,0.1565,0.172,1792.96,0.0
1783195424,eth,1790323200000,5000.0,put,71.58,1.779039,1.6725,1.897,1799.35,2.0
1783195424,eth,1787904000000,1450.0,call,58.54,0.211009,0.206,0.2175,1795.14,51.0
1783195424,eth,1783497600000,1875.0,put,50.8,0.051035,0.0455,0.0585,1792.96,0.0
1783195424,eth,1785484800000,3600.0,call,89.05,0.00018,0.0001,0.0003,1793.26,2052.0
1783195424,eth,1798185600000,11000.0,put,80.64,5.063221,4.83,5.0815,1814.29,109.0
1783195424,eth,1783238400000,1650.0,put,75.78,1.1e-05,,0.0001,1792.96,1095.0
1783195424,eth,1798185600000,2800.0,call,54.38,0.028158,0.0275,0.029,1814.29,5712.0
1783195424,eth,1813910400000,1800.0,put,58.63,0.211602,0.209,0.2145,1849.06,103.0
1783195424,eth,1783324800000,1725.0,call,51.16,0.039594,0.037,0.0425,1792.96,690.0
1783195424,eth,1783411200000,1500.0,call,94.74,0.163533,0.1565,0.1715,1792.96,0.0
1783195424,eth,1783670400000,2200.0,call,70.45,0.000287,0.0002,0.0004,1792.72,1665.0
1783195424,eth,1798185600000,3400.0,put,55.36,0.884775,0.8065,0.9815,1814.29,89.0
1783195424,eth,1784275200000,1400.0,put,75.73,0.001928,0.0018,0.0021,1792.74,2038.0
1783195424,eth,1784880000000,1500.0,call,62.69,0.170346,0.163,0.1775,1792.95,0.0
1783195424,eth,1798185600000,8000.0,put,71.45,3.409832,3.2405,3.5975,1814.29,0.0
1783195424,eth,1787904000000,1800.0,put,50.39,0.079024,0.078,0.08,1795.14,521.0
1783195424,eth,1798185600000,1000.0,put,67.99,0.016538,0.016,0.017,1814.29,19455.0
1783195424,eth,1806048000000,3300.0,put,56.58,0.835266,0.751,0.945,1832.06,1.0
1783195424,eth,1785484800000,1750.0,call,49.93,0.065905,0.065,0.067,1793.24,6755.0
1783195424,eth,1785484800000,2200.0,put,49.52,0.230851,0.2235,0.2385,1793.24,2337.0
1783195424,eth,1783238400000,1525.0,put,80.24,0.0,,0.0001,1792.96,15.0
1783195424,eth,1790323200000,14000.0,call,123.7,9.7e-05,,0.0003,1799.34,1211.0
1783195424,eth,1787904000000,2000.0,put,49.59,0.150184,0.1435,0.1565,1795.14,155.0
1783195424,eth,1787904000000,3600.0,put,66.27,1.005775,0.9285,1.092,1795.14,1.0
1783195424,eth,1785484800000,2500.0,call,57.31,0.001019,0.0009,0.0011,1793.24,1019.0
1783195424,eth,1798185600000,1400.0,call,58.45,0.283349,0.281,0.2875,1814.29,896.0
1783195424,eth,1806048000000,2600.0,put,56.4,0.495659,0.48,0.5105,1832.06,626.0
1783195424,eth,1784275200000,1675.0,put,53.08,0.013757,0.013,0.0145,1792.73,98.0
1783195424,eth,1790323200000,4600.0,call,68.31,0.000287,0.0002,0.0005,1799.35,3083.0
1783195424,eth,1806048000000,2800.0,call,56.4,0.060352,0.059,0.061,1832.09,2318.0
1783195424,eth,1790323200000,10000.0,call,105.8,9.6e-05,,0.0002,1799.34,1562.0
1783195424,eth,1813910400000,2300.0,call,57.48,0.146329,0.144,0.149,1849.06,6.0
1783195424,eth,1813910400000,2700.0,call,57.38,0.1008,0.098,0.1025,1849.06,0.0
1783195424,eth,1783238400000,1475.0,call,80.78,0.177276,0.1705,0.185,1792.96,0.0
1783195424,eth,1787904000000,1900.0,put,49.59,0.111167,0.1075,0.116,1795.14,270.0
1783195424,eth,1790323200000,3800.0,put,62.22,1.112693,1.031,1.2045,1799.34,954.0
1783195424,eth,1790323200000,16000.0,call,130.17,9.1e-05,,0.0001,1799.34,7426.0
1783195424,eth,1798185600000,3300.0,put,55.3,0.831582,0.7545,0.927,1814.29,0.0
1783195424,eth,1798185600000,3400.0,call,55.36,0.010754,0.01,0.0115,1814.29,12460.0
1783195424,eth,1785484800000,1400.0,put,67.66,0.006456,0.006,0.007,1793.24,9910.0
1783195424,eth,1790323200000,3200.0,call,56.7,0.00209,0.0018,0.0024,1799.34,7793.0
1783195424,eth,1783497600000,1650.0,call,61.69,0.081808,0.075,0.09,1792.96,0.0
1783195424,eth,1790323200000,6200.0,put,86.22,2.446014,2.3135,2.593,1799.35,0.0
1783195424,eth,1798185600000,2000.0,call,54.52,0.11071,0.1095,0.112,1814.29,1790.0
1783195424,eth,1787904000000,1700.0,call,51.91,0.107108,0.103,0.11,1795.14,967.0
1783195424,eth,1790323200000,1000.0,put,75.06,0.005475,0.005,0.006,1799.34,6090.0
1783195424,eth,1783411200000,1875.0,put,54.1,0.049722,0.012,0.096,1792.96,1.0
1783195424,eth,1785484800000,1500.0,call,60.75,0.173955,0.1705,0.1765,1793.26,577.0
1783195424,eth,1784880000000,2200.0,call,51.48,0.002294,0.002,0.0025,1792.95,19.0
1783195424,eth,1790323200000,1000.0,call,75.06,0.44971,0.4455,0.4535,1799.35,124.0
1783195424,eth,1784880000000,1900.0,call,47.85,0.021654,0.0205,0.022,1792.95,694.0
1783195424,eth,1785484800000,1400.0,call,67.66,0.225742,0.219,0.232,1793.26,150.0
1783195424,eth,1783497600000,1725.0,put,52.11,0.006525,0.006,0.007,1792.96,21.0
1783195424,eth,1798185600000,1800.0,call,55.1,0.154012,0.153,0.156,1814.29,2464.0
1783195424,eth,1783497600000,1825.0,call,48.46,0.011395,0.011,0.012,1792.96,1.0
1783195424,eth,1798185600000,800.0,put,75.76,0.008483,0.008,0.009,1814.29,2377.0
1783195424,eth,1806048000000,4800.0,put,58.56,1.628033,1.522,1.755,1832.09,0.0
1783195424,eth,1785484800000,4200.0,put,100.24,1.342233,1.2525,1.4395,1793.26,0.0
1783195424,eth,1790323200000,5200.0,call,73.97,0.000212,0.0001,0.0004,1799.34,1608.0
1783195424,eth,1783411200000,1650.0,call,66.14,0.081059,0.0735,0.0885,1792.96,0.0
1783195424,eth,1787904000000,3400.0,call,62.71,0.000433,0.0003,0.0008,1795.14,281.0
1783195424,eth,1785484800000,2700.0,put,63.69,0.506261,0.4975,0.5165,1793.26,630.0
1783195424,eth,1785484800000,2600.0,put,60.84,0.450693,0.4345,0.5145,1793.24,31.0
1783195424,eth,1813910400000,3000.0,put,57.38,0.699251,0.6115,0.8165,1849.06,0.0
1783195424,eth,1787904000000,2000.0,call,49.59,0.036066,0.035,0.0365,1795.14,1777.0
1783195424,eth,1806048000000,800.0,put,71.84,0.015826,0.015,0.0165,1832.09,409.0
1783195424,eth,1798185600000,1500.0,put,57.19,0.072174,0.071,0.0735,1814.29,14697.0
1783195424,eth,1783324800000,1900.0,put,63.59,0.061381,0.0505,0.108,1792.96,0.0
1783195424,eth,1783497600000,1700.0,call,54.87,0.056121,0.05,0.063,1792.96,0.0
1783195424,eth,1798185600000,2000.0,put,54.52,0.213076,0.208,0.219,1814.29,9758.0
1783195424,eth,1787904000000,2200.0,put,49.59,0.241185,0.229,0.3045,1795.14,169.0
1783195424,eth,1806048000000,4200.0,call,57.58,0.013514,0.013,0.014,1832.09,3480.0
1783195424,eth,1798185600000,800.0,call,75.76,0.567532,0.564,0.5705,1814.28,171.0
1783195424,eth,1806048000000,4500.0,call,57.99,0.010249,0.0095,0.011,1832.06,2428.0
1783195424,eth,1798185600000,5500.0,call,63.17,0.001288,0.0013,0.0016,1814.29,1398.0
1783195424,eth,1798185600000,4000.0,call,57.29,0.004881,0.0043,0.0055,1814.29,16534.0
1783195424,eth,1784880000000,1750.0,put,49.78,0.034346,0.0335,0.035,1792.95,173.0
1783195424,eth,1784880000000,1650.0,put,53.46,0.017724,0.017,0.0185,1792.95,715.0
1783195424,eth,1784880000000,1550.0,call,59.41,0.14495,0.138,0.152,1792.95,0.0
1783195424,eth,1790323200000,9000.0,put,100.09,4.001986,3.8095,4.212,1799.34,0.0
1783195424,eth,1790323200000,1200.0,call,65.58,0.344593,0.34,0.351,1799.35,138.0
1783195424,eth,1783670400000,1675.0,call,56.91,0.07159,0.069,0.0745,1792.72,1290.0
1783195424,eth,1784880000000,2000.0,put,47.87,0.125437,0.116,0.178,1792.95,1.0
1783195424,eth,1783324800000,1700.0,put,55.63,0.001045,0.0009,0.0012,1792.96,582.0
1783195424,eth,1783497600000,1725.0,call,52.11,0.044218,0.0395,0.0495,1792.96,0.0
1783195424,eth,1787904000000,1700.0,put,51.91,0.054109,0.0535,0.055,1795.14,2337.0
1783195424,eth,1783411200000,1875.0,call,54.1,0.003785,0.0036,0.004,1792.96,80.0
1783195424,eth,1790323200000,2300.0,put,50.75,0.300137,0.289,0.3105,1799.34,1212.0
1783195424,eth,1784880000000,1900.0,put,47.85,0.081366,0.076,0.087,1792.95,1.0
1783195424,eth,1813910400000,2100.0,put,57.8,0.313411,0.2995,0.328,1849.06,0.0
1783195424,eth,1783411200000,1775.0,put,49.33,0.011746,0.0115,0.012,1792.96,6.0
1783195424,eth,1798185600000,1000.0,call,67.99,0.465355,0.4615,0.4695,1814.29,54.0
1783195424,eth,1798185600000,2800.0,put,54.38,0.57147,0.5565,0.586,1814.29,2205.0
1783195424,eth,1790323200000,3000.0,call,54.82,0.003145,0.0028,0.0035,1799.34,13326.0
1783195424,eth,1784275200000,1400.0,call,75.73,0.220996,0.214,0.2285,1792.74,50.0
1783195424,eth,1790323200000,4000.0,put,63.81,1.223651,1.138,1.32,1799.34,140.0
1783195424,eth,1783670400000,1800.0,call,48.83,0.021974,0.0215,0.0225,1792.72,6399.0
1783195424,eth,1790323200000,6500.0,put,86.62,2.612667,2.474,2.766,1799.35,0.0
1783195424,eth,1783324800000,1900.0,call,63.59,0.001441,0.0013,0.0016,1792.96,1265.0
1783195424,eth,1798185600000,4400.0,put,58.59,1.42829,1.333,1.54,1814.29,20.0
1783195424,eth,1785484800000,3600.0,put,89.05,1.007731,0.9305,1.0935,1793.24,17.0
1783195424,eth,1785484800000,4000.0,put,98.78,1.230755,1.145,1.3255,1793.24,0.0
1783195424,eth,1787904000000,2200.0,call,49.59,0.015654,0.015,0.016,1795.14,4296.0
1783195424,eth,1790323200000,3400.0,call,58.2,0.001382,0.0011,0.0017,1799.35,6667.0
1783195424,eth,1790323200000,5800.0,put,79.45,2.223619,2.1,2.3605,1799.35,0.0
1783195424,eth,1790323200000,4400.0,put,66.99,1.445734,1.352,1.5505,1799.35,281.0
1783195424,eth,1787904000000,2350.0,put,50.48,0.317595,0.2635,0.3825,1795.14,100.0
1783195424,eth,1813910400000,1200.0,call,62.39,0.419758,0.415,0.426,1849.06,50.0
1783195424,eth,1785484800000,1650.0,put,52.98,0.023701,0.023,0.0245,1793.24,5002.0
1783195424,eth,1783670400000,2200.0,put,70.45,0.227472,0.18,0.281,1792.72,1.0
1783195424,eth,1798185600000,1300.0,put,60.08,0.041276,0.0405,0.042,1814.29,1460.0
1783195424,eth,1783324800000,1550.0,call,86.44,0.135382,0.128,0.144,1792.96,0.0
1783195424,eth,1790323200000,2600.0,call,51.53,0.00853,0.008,0.009,1799.34,7119.0
1783195424,eth,1798185600000,7000.0,put,67.85,2.858789,2.7105,3.024,1814.29,0.0
1783195424,eth,1783238400000,1900.0,put,75.13,0.05997,0.0285,0.1055,1792.96,1.0
1783195424,eth,1806048000000,1200.0,put,62.23,0.050593,0.0495,0.0515,1832.09,999.0
1783195424,eth,1813910400000,4000.0,call,57.89,0.033366,0.032,0.0345,1849.04,996.0
1783195424,eth,1790323200000,7000.0,put,90.95,2.89055,2.741,3.055,1799.34,0.0
1783195424,eth,1790323200000,1900.0,call,51.12,0.073919,0.073,0.075,1799.34,1101.0
1783195424,eth,1798185600000,2300.0,call,54.37,0.066823,0.0655,0.0675,1814.29,2768.0
1783195424,eth,1806048000000,1800.0,call,57.37,0.200094,0.198,0.202,1832.09,2312.0
1783195424,eth,1787904000000,2050.0,call,49.57,0.029517,0.0285,0.03,1795.14,882.0
1783195424,eth,1783238400000,1625.0,call,75.86,0.09361,0.088,0.0985,1792.96,1310.0
1783195424,eth,1785484800000,1550.0,put,57.59,0.013445,0.013,0.014,1793.26,3342.0
1783195424,eth,1783497600000,1700.0,put,54.87,0.004465,0.0042,0.0048,1792.96,104.0
1783195424,eth,1783411200000,1500.0,put,94.74,0.000283,0.0002,0.0004,1792.96,2886.0
1783195424,eth,1787904000000,1800.0,call,50.39,0.076317,0.0755,0.0775,1795.14,3962.0
1783195424,eth,1784880000000,1400.0,put,70.92,0.004147,0.004,0.0044,1792.95,1716.0
1783195424,eth,1783411200000,1750.0,call,50.8,0.031108,0.0285,0.0335,1792.96,311.0
1783195424,eth,1813910400000,1900.0,call,58.31,0.216038,0.213,0.219,1849.06,3.0
1783195424,eth,1806048000000,3700.0,call,57.03,0.022268,0.0215,0.023,1832.09,1416.0
1783195424,eth,1806048000000,5000.0,call,58.72,0.006688,0.006,0.007,1832.09,1191.0
1783195424,eth,1806048000000,2000.0,put,56.81,0.248861,0.244,0.253,1832.09,1438.0
1783195424,eth,1790323200000,2100.0,put,50.75,0.20807,0.199,0.2165,1799.35,2755.0
1783195424,eth,1806048000000,1200.0,call,62.23,0.395585,0.392,0.3985,1832.09,50.0
1783195424,eth,1785484800000,2450.0,call,55.85,0.001219,0.0011,0.0013,1793.26,5525.0
1783195424,eth,1790323200000,2700.0,put,52.28,0.507073,0.4945,0.5185,1799.34,527.0
1783195424,eth,1783324800000,1850.0,call,53.9,0.003434,0.0032,0.0036,1792.96,3003.0
1783195424,eth,1783497600000,1500.0,put,86.49,0.000494,0.0003,0.0008,1792.96,0.0
1783195424,eth,1783497600000,1600.0,call,69.82,0.108735,0.102,0.1175,1792.96,0.0
1783195424,eth,1783411200000,1600.0,put,76.02,0.00083,0.0007,0.001,1792.96,1726.0
1783195424,eth,1783670400000,1725.0,put,52.39,0.010653,0.01,0.011,1792.72,1373.0
1783195424,eth,1806048000000,2500.0,call,56.4,0.086115,0.084,0.087,1832.09,1302.0
1783195424,eth,1790323200000,16000.0,put,130.17,7.892191,7.5505,8.2655,1799.35,30.0
1783195424,eth,1790323200000,2300.0,call,50.75,0.021876,0.021,0.022,1799.34,10115.0
1783195424,eth,1783238400000,1850.0,call,56.36,0.000606,0.0005,0.0007,1792.96,2536.0
1783195424,eth,1790323200000,1400.0,put,58.78,0.024696,0.024,0.0255,1799.34,5921.0
1783195424,eth,1806048000000,1500.0,put,58.89,0.103141,0.102,0.1045,1832.09,3950.0
1783195424,eth,1783411200000,1650.0,put,66.14,0.001484,0.0013,0.0017,1792.96,648.0
1783195424,eth,1806048000000,4500.0,put,57.99,1.466528,1.3645,1.59,1832.09,0.0
1783195424,eth,1783324800000,1875.0,call,58.45,0.002142,0.0019,0.0023,1792.96,1135.0
1783195424,eth,1784275200000,1200.0,put,94.06,0.00051,0.0004,0.0006,1792.73,2575.0
1783195424,eth,1813910400000,2700.0,put,57.38,0.561017,0.4775,0.673,1849.06,0.0
1783195424,eth,1790323200000,1600.0,call,54.31,0.16221,0.158,0.166,1799.34,4288.0
1783195424,eth,1806048000000,3000.0,put,56.4,0.685209,0.6695,0.702,1832.09,352.0
1783195424,eth,1813910400000,1700.0,put,59.05,0.181897,0.1795,0.1845,1849.06,3.0
1783195424,eth,1785484800000,2750.0,put,65.63,0.534108,0.475,0.601,1793.24,2.0
1783195424,eth,1798185600000,5200.0,put,61.95,1.867732,1.7565,1.995,1814.29,0.0
1783195424,eth,1798185600000,4800.0,call,60.25,0.002147,0.002,0.0025,1814.29,2476.0
1783195424,eth,1785484800000,2750.0,call,65.63,0.000562,0.0005,0.0006,1793.24,148.0
1783195424,eth,1783411200000,2000.0,call,69.38,0.000657,0.0005,0.0008,1792.96,65.0
1783195424,eth,1783238400000,1650.0,call,75.78,0.079676,0.074,0.084,1792.96,572.0
1783195424,eth,1785484800000,3200.0,put,79.23,0.784778,0.7165,0.862,1793.24,5.0
1783195424,eth,1813910400000,2000.0,put,57.99,0.27741,0.2695,0.291,1849.06,27.0
1783195424,eth,1806048000000,1500.0,call,58.89,0.284381,0.2815,0.287,1832.06,227.0
1783195424,eth,1783324800000,1825.0,call,49.95,0.005801,0.0055,0.006,1792.96,1852.0
1783195424,eth,1790323200000,3800.0,call,62.22,0.000784,0.0006,0.001,1799.35,2006.0
1783195424,eth,1798185600000,2700.0,put,54.37,0.521716,0.507,0.5355,1814.29,430.0
1783195424,eth,1783670400000,1300.0,put,106.21,0.000247,0.0002,0.0003,1792.72,7636.0
1783195424,eth,1785484800000,2800.0,put,66.98,0.561924,0.502,0.6285,1793.24,2.0
1783195424,eth,1790323200000,7500.0,call,94.96,0.000192,,,1799.34,1322.0
1783195424,eth,1790323200000,6800.0,put,89.26,2.779397,2.6345,2.9395,1799.35,0.0
1783195424,eth,1785484800000,2200.0,call,49.52,0.004014,0.0039,0.0042,1793.26,11163.0
1783195424,eth,1785484800000,2450.0,put,55.85,0.367469,0.314,0.428,1793.24,249.0
1783195424,eth,1783497600000,1900.0,call,52.18,0.003335,0.003,0.0037,1792.96,32.0
1783195424,eth,1784275200000,1300.0,put,84.97,0.001007,0.0009,0.0011,1792.73,2021.0
1783195424,eth,1785484800000,3000.0,put,73.81,0.673349,0.609,0.746,1793.26,5.0
1783195424,eth,1790323200000,3300.0,call,57.43,0.001687,0.0014,0.002,1799.35,17690.0
1783195424,eth,1798185600000,7000.0,call,67.85,0.000509,0.0004,0.0008,1814.29,2825.0
1783195424,eth,1785484800000,2150.0,put,48.83,0.204473,0.198,0.212,1793.24,1087.0
1783195424,eth,1784275200000,1675.0,call,53.08,0.079412,0.0765,0.082,1792.73,850.0
1783195424,eth,1806048000000,3300.0,call,56.58,0.033995,0.0335,0.0345,1832.09,1884.0
1783195424,eth,1785484800000,1550.0,call,57.59,0.149083,0.146,0.152,1793.24,1778.0
1783195424,eth,1783324800000,1775.0,put,46.23,0.007501,0.007,0.008,1792.96,63.0
1783195424,eth,1783238400000,1725.0,call,56.94,0.0381,0.032,0.0425,1792.96,1312.0
1783195424,eth,1783324800000,1400.0,put,97.04,0.0,,0.0001,1792.96,201.0
1783195424,eth,1783670400000,1525.0,call,75.89,0.150772,0.143,0.1585,1792.72,44.0
1783195424,eth,1790323200000,2200.0,put,50.75,0.252778,0.242,0.263,1799.34,5537.0
1783195424,eth,1783497600000,1500.0,call,86.49,0.163723,0.1555,0.1715,1792.96,0.0
1783195424,eth,1798185600000,1300.0,call,60.08,0.324738,0.3215,0.329,1814.29,50.0
1783195424,eth,1783324800000,1725.0,put,51.16,0.001907,0.0017,0.0021,1792.96,706.0
1783195424,eth,1790323200000,3200.0,put,56.7,0.780539,0.7655,0.7945,1799.34,1344.0
1783195424,eth,1784275200000,1650.0,put,54.59,0.011213,0.0105,0.0115,1792.74,406.0
1783195424,eth,1787904000000,2600.0,call,52.78,0.00335,0.0031,0.0036,1795.14,536.0
1783195424,eth,1806048000000,3000.0,call,56.4,0.047691,0.0465,0.0485,1832.09,4972.0
1783195424,eth,1790323200000,1200.0,put,65.58,0.011511,0.011,0.012,1799.34,11934.0
1783195424,eth,1784275200000,1700.0,put,51.79,0.01694,0.0165,0.0175,1792.73,489.0
1783195424,eth,1783238400000,1450.0,call,81.71,0.191219,0.1835,0.198,1792.96,0.0
1783195424,eth,1798185600000,1900.0,put,54.74,0.177957,0.176,0.1795,1814.29,2710.0
1783195424,eth,1790323200000,7200.0,call,92.59,0.000192,,,1799.35,1160.0
1783195424,eth,1787904000000,1550.0,call,55.26,0.165412,0.1605,0.1705,1795.14,137.0
1783195424,eth,1813910400000,3200.0,call,57.47,0.064505,0.0625,0.0665,1849.06,224.0
1783195424,eth,1783670400000,1600.0,call,65.7,0.110229,0.1075,0.113,1792.72,1821.0
1783195424,eth,1787904000000,3200.0,call,60.95,0.000721,0.0005,0.001,1795.14,281.0
1783195424,eth,1783497600000,1625.0,put,65.65,0.001684,0.0015,0.0019,1792.96,0.0
1783195424,eth,1787904000000,1000.0,call,81.34,0.445776,0.4415,0.451,1795.14,50.0
1783195424,eth,1790323200000,6600.0,call,87.51,0.000192,,0.0002,1799.34,1414.0
1783195424,eth,1783411200000,1625.0,call,71.18,0.094632,0.0865,0.103,1792.96,0.0
1783195424,eth,1783497600000,1675.0,put,57.84,0.003078,0.0029,0.0033,1792.96,252.0
1783195424,eth,1784275200000,1650.0,call,54.59,0.090814,0.088,0.0935,1792.73,920.0
1783195424,eth,1783238400000,1525.0,call,80.24,0.149387,0.1425,0.157,1792.96,52.0
1783195424,eth,1806048000000,3100.0,call,56.41,0.042461,0.0415,0.043,1832.09,1362.0
1783195424,eth,1783497600000,1950.0,put,56.81,0.089449,0.0465,0.1375,1792.96,0.0
1783195424,eth,1783670400000,1450.0,put,86.25,0.000797,0.0007,0.0009,1792.72,3602.0
1783195424,eth,1785484800000,2250.0,call,50.54,0.00302,0.0028,0.0032,1793.26,2306.0
1783195424,eth,1785484800000,1000.0,put,98.27,0.000944,0.0009,0.001,1793.26,7533.0
1783195424,eth,1790323200000,2400.0,put,50.79,0.349633,0.3385,0.3605,1799.35,2115.0
1783195424,eth,1790323200000,2900.0,put,53.93,0.61567,0.551,0.6915,1799.34,49.0
1783195424,eth,1790323200000,15000.0,call,127.3,9.7e-05,,0.0002,1799.34,877.0
1783195424,eth,1783497600000,1775.0,call,48.84,0.02429,0.0235,0.025,1792.96,1.0
1783195424,eth,1787904000000,2150.0,put,49.59,0.21713,0.166,0.28,1795.14,83.0
1783195424,eth,1790323200000,5600.0,call,77.37,0.000179,0.0001,0.0003,1799.34,6163.0
1783195424,eth,1806048000000,2700.0,call,56.4,0.067928,0.0665,0.0685,1832.09,2253.0
1783195424,eth,1790323200000,3000.0,put,54.82,0.670441,0.6565,0.6835,1799.34,7576.0
1783195424,eth,1783238400000,1500.0,call,80.42,0.163331,0.1555,0.171,1792.96,50.0
1783195424,eth,1783497600000,1850.0,put,49.16,0.039548,0.0345,0.045,1792.96,1.0
1783195424,eth,1798185600000,3600.0,put,56.08,0.992477,0.911,1.0915,1814.29,93.0
1783195424,eth,1783670400000,1600.0,put,65.7,0.002727,0.0025,0.0029,1792.72,6181.0
1783195424,eth,1790323200000,5000.0,call,71.58,0.000212,0.0001,0.0004,1799.35,3909.0
1783195424,eth,1785484800000,1800.0,put,48.66,0.054273,0.0535,0.0555,1793.26,9452.0
1783195424,eth,1813910400000,2200.0,call,57.63,0.16125,0.159,0.1635,1849.04,1017.0
1783195424,eth,1787904000000,2250.0,put,49.66,0.265977,0.2135,0.3295,1795.14,13.0
1783195424,eth,1798185600000,3600.0,call,56.08,0.008219,0.0075,0.009,1814.29,2219.0
1783195424,eth,1783411200000,1825.0,call,49.98,0.009152,0.0085,0.0095,1792.96,107.0
1783195424,eth,1784275200000,1625.0,put,56.13,0.009122,0.0085,0.0095,1792.73,294.0
1783195424,eth,1813910400000,900.0,call,67.34,0.544978,0.5405,0.5505,1849.06,2.0
1783195424,eth,1798185600000,9000.0,call,76.08,0.000358,0.0002,0.0027,1814.29,1908.0
1783195424,eth,1790323200000,2700.0,call,52.28,0.006506,0.006,0.007,1799.34,3645.0
1783195424,eth,1790323200000,11000.0,call,110.93,9.6e-05,,0.0001,1799.35,2766.0
1783195424,eth,1783670400000,1250.0,put,111.18,0.000145,0.0001,0.0002,1792.72,3201.0
1783195424,eth,1787904000000,2100.0,put,49.59,0.193861,0.185,0.2015,1795.14,441.0
1783195424,eth,1790323200000,10000.0,put,105.8,4.557751,4.344,4.791,1799.34,0.0
1783195424,eth,1798185600000,2200.0,call,54.37,0.079133,0.078,0.08,1814.29,52688.0
1783195424,eth,1784880000000,1750.0,call,49.78,0.058298,0.0575,0.0595,1792.95,433.0
1783195424,eth,1806048000000,2100.0,put,56.57,0.285286,0.28,0.2905,1832.09,368.0
1783195424,eth,1785484800000,1200.0,put,82.79,0.002587,0.0025,0.0027,1793.26,10323.0
1783195424,eth,1785484800000,3400.0,call,85.12,0.000247,0.0002,0.0003,1793.24,2543.0
1783195424,eth,1813910400000,2500.0,call,57.38,0.121174,0.1185,0.1235,1849.04,3024.0
1783195424,eth,1798185600000,4000.0,put,57.29,1.209613,1.1215,1.3145,1814.29,223.0
1783195424,eth,1783238400000,1900.0,call,75.13,0.000188,0.0001,0.0003,1792.96,3171.0
1783195424,eth,1813910400000,800.0,put,69.75,0.023558,0.0225,0.0245,1849.06,63.0
1783195424,eth,1806048000000,6000.0,put,61.1,2.278586,2.15,2.428,1832.09,0.0
1783195424,eth,1790323200000,3100.0,put,55.58,0.725368,0.6575,0.8045,1799.34,0.0
1783195424,eth,1798185600000,1600.0,call,56.31,0.211296,0.209,0.213,1814.29,572.0
1783195424,eth,1806048000000,3100.0,put,56.41,0.734564,0.6525,0.8425,1832.09,99.0
1783195424,eth,1785484800000,3100.0,put,76.18,0.729041,0.6625,0.804,1793.24,0.0
1783195424,eth,1813910400000,3400.0,put,57.52,0.89307,0.8005,1.015,1849.04,0.0
1783195424,eth,1785484800000,4200.0,call,100.24,9.1e-05,,0.0002,1793.24,1180.0
1783195424,eth,1790323200000,13000.0,put,119.8,6.225048,5.947,6.528,1799.34,0.0
1783195424,eth,1798185600000,3800.0,put,56.58,1.100723,1.0165,1.2025,1814.29,26.0
1783195424,eth,1813910400000,1200.0,put,62.39,0.068744,0.067,0.0705,1849.04,327.0
1783195424,eth,1784275200000,1600.0,put,57.89,0.00748,0.007,0.008,1792.74,7748.0
1783195424,eth,1785484800000,1700.0,call,51.26,0.083565,0.0825,0.0855,1793.26,2656.0
1783195424,eth,1784880000000,1600.0,call,56.3,0.120519,0.114,0.127,1792.95,50.0
1783195424,eth,1790323200000,1300.0,put,61.96,0.016942,0.0165,0.0175,1799.35,1280.0
1783195424,eth,1784275200000,1800.0,put,47.95,0.037532,0.0365,0.0385,1792.73,64.0
1783195424,eth,1790323200000,1400.0,call,58.78,0.246634,0.242,0.2525,1799.35,126.0
1783195424,eth,1787904000000,1450.0,put,58.54,0.018746,0.018,0.0195,1795.14,5242.0
1783195424,eth,1787904000000,3200.0,put,60.95,0.783311,0.7145,0.8615,1795.14,0.0
1783195424,eth,1783238400000,1600.0,put,75.92,0.0,,0.0001,1792.96,910.0
1783195424,eth,1783238400000,1700.0,put,67.21,0.000139,,0.0002,1792.96,2846.0
1783195424,eth,1785484800000,2650.0,put,62.42,0.478479,0.4215,0.5435,1793.24,52.0
1783195424,eth,1806048000000,5500.0,call,60.21,0.004937,0.0044,0.0055,1832.06,1947.0
1783195424,eth,1790323200000,3600.0,put,60.29,1.001787,0.9875,1.018,1799.34,539.0
1783195424,eth,1790323200000,1300.0,call,61.96,0.294457,0.2895,0.2995,1799.35,69.0
1783195424,eth,1784880000000,1850.0,call,47.85,0.030669,0.03,0.0315,1792.95,142.0
1783195424,eth,1798185600000,1600.0,put,56.31,0.093188,0.092,0.0945,1814.29,5956.0
1783195424,eth,1783324800000,1825.0,put,49.95,0.023901,0.019,0.03,1792.96,2.0
1783195424,eth,1798185600000,11000.0,call,80.64,0.00021,0.0001,0.0004,1814.29,2141.0
1783195424,eth,1783324800000,1750.0,call,47.79,0.027473,0.025,0.03,1792.96,712.0
1783195424,eth,1783670400000,1400.0,call,94.01,0.219648,0.2125,0.2265,1792.72,56.0
1783195424,eth,1783324800000,1775.0,call,46.23,0.017294,0.0165,0.018,1792.96,605.0
1783195424,eth,1813910400000,1000.0,call,65.34,0.500957,0.4965,0.507,1849.06,50.0
1783195424,eth,1813910400000,2300.0,put,57.48,0.390208,0.3145,0.495,1849.08,0.0
1783195424,eth,1785484800000,3100.0,call,76.18,0.000317,0.0002,0.0004,1793.24,775.0
1783195424,eth,1783497600000,1600.0,put,69.82,0.001291,0.0011,0.0014,1792.96,385.0
1783195424,eth,1783324800000,1550.0,put,86.44,6.9e-05,,0.0002,1792.96,4723.0
1783195424,eth,1785484800000,2550.0,put,59.14,0.422916,0.368,0.4855,1793.24,112.0
1783195424,eth,1787904000000,1500.0,put,56.78,0.023244,0.0225,0.024,1795.14,1951.0
1783195424,eth,1783497600000,1850.0,call,49.16,0.007526,0.007,0.008,1792.96,35.0
1783195424,eth,1784275200000,1900.0,call,47.26,0.013646,0.013,0.014,1792.74,3357.0
1783195424,eth,1787904000000,2100.0,call,49.59,0.024036,0.023,0.0245,1795.14,1786.0
1783195424,eth,1784880000000,1600.0,put,56.3,0.012908,0.0125,0.0135,1792.95,267.0
1783195424,eth,1813910400000,3200.0,put,57.47,0.795133,0.705,0.915,1849.06,0.0
1783195424,eth,1790323200000,9000.0,call,100.09,9.6e-05,,0.0004,1799.34,1519.0
1783195424,eth,1813910400000,2100.0,call,57.8,0.177686,0.175,0.18,1849.06,6.0
1783195424,eth,1783238400000,1800.0,call,43.72,0.004645,0.0042,0.005,1792.96,4777.0
1783195424,eth,1783670400000,2000.0,call,55.23,0.001609,0.0014,0.0018,1792.72,5106.0
1783195424,eth,1806048000000,3200.0,call,56.48,0.037935,0.037,0.0385,1832.09,1410.0
1783195424,eth,1785484800000,1800.0,call,48.66,0.050497,0.0495,0.0515,1793.26,9252.0
1783195424,eth,1783670400000,1850.0,call,48.53,0.011448,0.011,0.012,1792.72,3242.0
1783195424,eth,1798185600000,3800.0,call,56.58,0.006229,0.0055,0.007,1814.29,3115.0
1783195424,eth,1790323200000,4800.0,call,69.88,0.000241,0.0001,0.0005,1799.35,1879.0
1783195424,eth,1806048000000,2400.0,call,56.4,0.096979,0.095,0.098,1832.09,1440.0
1783195424,eth,1806048000000,4000.0,put,57.41,1.199864,1.1065,1.316,1832.09,0.0
1783195424,eth,1783670400000,1500.0,put,79.7,0.001206,0.0011,0.0013,1792.72,11887.0
1783195424,eth,1787904000000,1200.0,put,69.7,0.006479,0.006,0.007,1795.14,5407.0
1783195424,eth,1783670400000,1300.0,call,106.21,0.275092,0.2685,0.282,1792.72,100.0
1783195424,eth,1790323200000,4000.0,call,63.81,0.000589,0.0006,0.0008,1799.34,12125.0
1783195424,eth,1790323200000,2100.0,call,50.75,0.040977,0.04,0.0415,1799.34,3593.0
1783195424,eth,1798185600000,2500.0,put,54.37,0.425389,0.4115,0.438,1814.29,1175.0
1783195424,eth,1785484800000,2100.0,put,48.08,0.178625,0.1725,0.186,1793.24,791.0
1783195424,eth,1806048000000,4600.0,put,58.27,1.520368,1.418,1.6455,1832.09,0.0
1783195424,eth,1806048000000,3700.0,put,57.03,1.041875,0.9525,1.1555,1832.09,0.0
1783195424,eth,1806048000000,2200.0,put,56.4,0.323825,0.318,0.3295,1832.09,991.0
1783195424,eth,1798185600000,1700.0,call,55.63,0.180872,0.179,0.183,1814.29,285.0
1783195424,eth,1790323200000,6000.0,call,84.76,0.000288,,0.0003,1799.35,3181.0
1783195424,eth,1787904000000,1650.0,put,52.84,0.044133,0.043,0.045,1795.14,1883.0
1783195424,eth,1798185600000,3200.0,put,55.04,0.778517,0.7595,0.795,1814.29,251.0
1783195424,eth,1790323200000,5400.0,call,76.25,0.000211,0.0001,0.0004,1799.34,1177.0
1783195424,eth,1798185600000,10000.0,call,78.87,0.000287,0.0002,0.0004,1814.29,1675.0
1783195424,eth,1783324800000,1525.0,call,86.44,0.149285,0.1415,0.1575,1792.96,0.0
1783195424,eth,1785484800000,1950.0,call,48.0,0.020999,0.02,0.021,1793.24,2635.0
1783195424,eth,1783324800000,1575.0,call,84.93,0.121514,0.113,0.13,1792.96,18.0
1783195424,eth,1785484800000,1700.0,put,51.26,0.031575,0.031,0.0325,1793.26,8250.0
1783195424,eth,1787904000000,3000.0,call,58.35,0.001133,0.0009,0.0014,1795.14,41.0
1783195424,eth,1813910400000,2800.0,call,57.38,0.092007,0.0895,0.094,1849.06,21.0
1783195424,eth,1790323200000,4800.0,put,69.88,1.667916,1.5655,1.7815,1799.34,110.0
1783195424,eth,1787904000000,2150.0,call,49.59,0.019451,0.0185,0.0195,1795.14,993.0
1783195424,eth,1798185600000,5500.0,put,63.17,2.032794,1.9155,2.166,1814.29,0.0
1783195424,eth,1790323200000,4200.0,call,66.47,0.000536,0.0004,0.0007,1799.35,2464.0
1783195424,eth,1787904000000,2500.0,put,51.64,0.397378,0.3815,0.4635,1795.14,2.0
1783195424,eth,1783411200000,1850.0,put,51.77,0.037842,0.032,0.043,1792.96,0.0
1783195424,eth,1813910400000,2800.0,put,57.38,0.606306,0.5215,0.7195,1849.06,0.0
1783195424,eth,1784880000000,2200.0,put,51.48,0.229329,0.181,0.285,1792.95,0.0
1783195424,eth,1787904000000,1850.0,put,50.02,0.094387,0.091,0.0985,1795.14,202.0
1783195424,eth,1813910400000,2600.0,call,57.38,0.110492,0.108,0.1125,1849.06,33.0
1783195424,eth,1783497600000,1750.0,put,50.18,0.009761,0.009,0.0105,1792.96,2.0
1783195424,eth,1813910400000,1300.0,put,61.4,0.08619,0.084,0.088,1849.08,861.0
1783195424,eth,1806048000000,5500.0,put,60.21,2.007055,1.888,2.147,1832.09,0.0
1783195424,eth,1806048000000,1400.0,call,59.8,0.318608,0.315,0.322,1832.09,54.0
1783195424,eth,1784880000000,2000.0,call,47.87,0.009956,0.0095,0.0105,1792.95,3838.0
1783195424,eth,1783411200000,2000.0,put,69.38,0.116321,0.073,0.166,1792.96,1.0
1783195424,eth,1784275200000,1700.0,call,51.79,0.068649,0.0665,0.071,1792.74,3119.0
1783195424,eth,1813910400000,2400.0,put,57.37,0.430917,0.353,0.537,1849.04,0.0
1783195424,eth,1783497600000,1625.0,call,65.65,0.095163,0.0875,0.1035,1792.96,0.0
1783195424,eth,1785484800000,2300.0,put,51.64,0.284911,0.277,0.294,1793.24,2777.0
1783195424,eth,1806048000000,1600.0,put,58.26,0.126755,0.1255,0.128,1832.09,1522.0
1783195424,eth,1784880000000,1700.0,put,51.39,0.024757,0.024,0.0255,1792.95,204.0
1783195424,eth,1798185600000,2500.0,call,54.37,0.047432,0.046,0.048,1814.29,22368.0
1783195424,eth,1785484800000,2400.0,call,54.24,0.001454,0.0013,0.0016,1793.26,10107.0
1783195424,eth,1806048000000,2400.0,put,56.4,0.406994,0.396,0.4215,1832.06,357.0
1783195424,eth,1787904000000,2350.0,call,50.48,0.008505,0.008,0.009,1795.14,1853.0
1783195424,eth,1787904000000,1550.0,put,55.26,0.028854,0.028,0.0295,1795.14,1683.0
1783195424,eth,1785484800000,2350.0,put,52.96,0.312311,0.3045,0.3215,1793.26,541.0
1783195424,eth,1785484800000,1900.0,put,48.02,0.088093,0.0845,0.091,1793.24,2265.0
1783195424,eth,1798185600000,6000.0,put,65.36,2.308083,2.1805,2.452,1814.29,0.0
1783195424,eth,1806048000000,1700.0,call,57.75,0.225323,0.223,0.2275,1832.09,1282.0
1783195424,eth,1785484800000,2700.0,call,63.69,0.000598,0.0005,0.0007,1793.26,4355.0
1783195424,eth,1813910400000,1000.0,put,65.34,0.041778,0.041,0.043,1849.06,134.0
1783195424,eth,1783238400000,1400.0,call,90.76,0.219109,0.2115,0.226,1792.96,0.0
1783195424,eth,1790323200000,2000.0,put,50.75,0.166665,0.1615,0.173,1799.34,11386.0
1783195424,eth,1787904000000,3800.0,put,68.04,1.117068,1.036,1.2075,1795.14,0.0
1783195424,eth,1798185600000,1400.0,put,58.45,0.055005,0.054,0.056,1814.29,11165.0
1783195424,eth,1784275200000,1750.0,call,49.61,0.049325,0.0485,0.05,1792.74,2340.0
1783195424,eth,1787904000000,1900.0,call,49.59,0.052754,0.052,0.054,1795.14,1255.0
1783195424,eth,1787904000000,2300.0,call,50.12,0.010388,0.01,0.011,1795.14,1006.0
1783195424,eth,1790323200000,1800.0,put,51.85,0.098295,0.097,0.0995,1799.34,3668.0
1783195424,eth,1798185600000,9000.0,put,76.08,3.961004,3.7705,4.1715,1814.29,0.0
1783195424,eth,1784275200000,1900.0,put,47.26,0.073483,0.067,0.0795,1792.76,1.0
1783195424,eth,1813910400000,4000.0,put,57.89,1.19665,1.0975,1.326,1849.06,0.0
1783195424,eth,1783238400000,1775.0,call,43.58,0.01255,0.0115,0.013,1792.96,1775.0
1783195424,eth,1798185600000,4600.0,call,59.23,0.002493,0.0021,0.0029,1814.29,9016.0
1783195424,eth,1784880000000,1550.0,put,59.41,0.009452,0.009,0.01,1792.95,1534.0
1783195424,eth,1798185600000,10000.0,put,78.87,4.512115,4.3005,4.7455,1814.29,0.0
1783195424,eth,1783238400000,1575.0,call,76.7,0.121498,0.1125,0.129,1792.96,2.0
1783195424,eth,1806048000000,3200.0,put,56.48,0.784621,0.7005,0.8935,1832.09,0.0
1783195424,eth,1806048000000,2600.0,call,56.4,0.076476,0.0745,0.077,1832.09,2076.0
1783195424,eth,1790323200000,2500.0,call,51.06,0.011524,0.011,0.012,1799.35,21147.0
1783195424,eth,1783238400000,1450.0,put,81.71,0.0,,0.0001,1792.96,51.0
1783195424,eth,1813910400000,1700.0,call,59.05,0.262507,0.2565,0.268,1849.04,602.0
1783195424,eth,1790323200000,2600.0,put,51.53,0.453521,0.4415,0.465,1799.34,8412.0
1783195424,eth,1785484800000,2400.0,put,54.24,0.339821,0.3255,0.3995,1793.24,102.0
1783195424,eth,1785484800000,1900.0,call,48.02,0.028552,0.0275,0.029,1793.24,11459.0
1783195424,eth,1787904000000,2300.0,put,50.12,0.291625,0.2385,0.3555,1795.14,3.0
1783195424,eth,1784880000000,1400.0,call,70.92,0.223306,0.216,0.23,1792.95,0.0
1783195424,eth,1784275200000,1500.0,put,66.34,0.003662,0.0034,0.0039,1792.74,1425.0
1783195424,eth,1798185600000,8000.0,call,71.45,0.000369,0.0003,0.0006,1814.29,2425.0
1783195424,eth,1813910400000,1600.0,put,59.48,0.154262,0.152,0.1565,1849.06,722.0
1783195424,eth,1783670400000,2000.0,put,55.23,0.117232,0.073,0.167,1792.72,15.0
1783195424,eth,1783238400000,1750.0,put,47.23,0.00065,0.0005,0.0008,1792.96,605.0
1783195424,eth,1783238400000,1400.0,put,90.76,0.0,,0.0001,1792.96,4.0
1783195424,eth,1783411200000,1900.0,call,56.8,0.002509,0.0023,0.0027,1792.96,169.0
1783195424,eth,1783324800000,1650.0,put,66.52,0.000401,0.0003,0.0005,1792.96,245.0
1783195424,eth,1798185600000,3100.0,put,54.83,0.725893,0.6515,0.8195,1814.29,0.0
1783195424,eth,1783497600000,1825.0,put,48.46,0.029488,0.0255,0.034,1792.96,0.0
1783195424,eth,1783670400000,1525.0,put,75.89,0.001435,0.0013,0.0016,1792.72,2226.0
1783195424,eth,1784275200000,1800.0,call,47.95,0.033467,0.0325,0.0345,1792.74,2135.0
1783195424,eth,1798185600000,6500.0,call,66.3,0.000662,0.0005,0.001,1814.29,1765.0
1783195424,eth,1787904000000,1000.0,put,81.34,0.002836,0.0026,0.0031,1795.14,885.0
1783195424,eth,1785484800000,1850.0,put,48.02,0.069732,0.0655,0.073,1793.26,2167.0
1783195424,eth,1806048000000,3800.0,call,57.12,0.020073,0.0195,0.0205,1832.09,1203.0
1783195424,eth,1784275200000,1350.0,call,80.41,0.24836,0.2415,0.256,1792.74,65.0
1783195424,eth,1785484800000,4400.0,call,105.11,9.1e-05,,0.0001,1793.24,988.0
1783195424,eth,1790323200000,1500.0,put,56.27,0.035905,0.035,0.037,1799.35,10084.0
1783195424,eth,1785484800000,2050.0,put,48.02,0.153963,0.146,0.161,1793.26,648.0
1783195424,eth,1785484800000,1450.0,call,63.63,0.199357,0.1925,0.2065,1793.26,51.0
1783195424,eth,1798185600000,2400.0,put,54.37,0.379175,0.3655,0.389,1814.29,1716.0
1783195424,eth,1785484800000,3800.0,put,93.27,1.119226,1.038,1.2095,1793.26,0.0
1783195424,eth,1783497600000,1675.0,call,57.84,0.068666,0.062,0.076,1792.96,0.0
1783195424,eth,1806048000000,2300.0,put,56.4,0.364645,0.3505,0.376,1832.09,1576.0
1783195424,eth,1806048000000,1700.0,put,57.75,0.153251,0.1515,0.1545,1832.09,1378.0
1783195424,eth,1785484800000,1650.0,call,52.98,0.103574,0.1,0.106,1793.24,5746.0
1783195424,eth,1784275200000,1350.0,put,80.41,0.001401,0.0013,0.0015,1792.74,1102.0
1783195424,eth,1783238400000,1550.0,call,80.24,0.13544,0.1275,0.143,1792.96,20.0
1783195424,eth,1790323200000,12000.0,call,115.57,9.6e-05,,0.0002,1799.34,1341.0
1783195424,eth,1787904000000,1400.0,call,60.52,0.235284,0.2295,0.242,1795.14,100.0
1783195424,eth,1787904000000,2800.0,call,55.43,0.001842,0.0016,0.0021,1795.14,1260.0
1783195424,eth,1783411200000,1700.0,call,57.17,0.054707,0.0485,0.061,1792.96,0.0
1783195424,eth,1783670400000,1450.0,call,86.25,0.191971,0.184,0.2,1792.72,50.0
1783195424,eth,1783324800000,1850.0,put,53.9,0.03548,0.029,0.042,1792.96,0.0
1783195424,eth,1806048000000,4200.0,put,57.58,1.30604,1.21,1.4245,1832.09,5.0
1783195424,eth,1783411200000,1700.0,put,57.17,0.003023,0.0028,0.0032,1792.96,764.0
1783195424,eth,1783324800000,1575.0,put,84.93,0.000148,0.0001,0.0002,1792.96,1221.0
1783195424,eth,1785484800000,1600.0,put,55.19,0.017872,0.0175,0.0185,1793.24,12362.0
1783195424,eth,1790323200000,5800.0,call,79.45,0.000179,0.0001,0.0003,1799.34,4884.0
1783195424,eth,1798185600000,1900.0,call,54.74,0.13071,0.129,0.1325,1814.29,185.0
1783195424,eth,1783497600000,1925.0,put,54.21,0.07616,0.0345,0.124,1792.96,0.0
1783195424,eth,1783497600000,1950.0,call,56.81,0.001646,0.0014,0.0019,1792.96,0.0
1783195424,eth,1783411200000,1625.0,put,71.18,0.001108,0.001,0.0012,1792.96,109.0
1783195424,eth,1806048000000,1000.0,put,66.12,0.029177,0.0285,0.03,1832.09,7232.0
1783195424,eth,1783238400000,1500.0,put,80.42,0.0,,0.0001,1792.96,430.0
1783195424,eth,1783670400000,1500.0,call,79.7,0.164488,0.162,0.1675,1792.72,628.0
1783195424,eth,1813910400000,3500.0,put,57.52,0.942638,0.8495,1.066,1849.06,0.0
1783195424,eth,1785484800000,2250.0,put,50.54,0.25774,0.25,0.2635,1793.24,707.0
1783195424,eth,1783670400000,1575.0,call,69.02,0.123624,0.121,0.127,1792.72,649.0
1783195424,eth,1787904000000,1750.0,call,51.11,0.090892,0.09,0.092,1795.14,4114.0
1783195424,eth,1783670400000,1625.0,put,62.35,0.003432,0.0032,0.0036,1792.72,669.0
1783195424,eth,1783411200000,1675.0,call,61.56,0.067716,0.0605,0.0755,1792.96,0.0
1783195424,eth,1783238400000,1475.0,put,80.78,0.0,,0.0001,1792.96,458.0
1783195424,eth,1783497600000,2000.0,put,61.73,0.116602,0.073,0.166,1792.96,0.0
1783195424,eth,1813910400000,3400.0,call,57.52,0.054278,0.0525,0.056,1849.06,0.0
1783195424,eth,1806048000000,2800.0,put,56.4,0.588703,0.5085,0.6935,1832.06,12.0
1783195424,eth,1783670400000,1250.0,call,111.18,0.302881,0.296,0.309,1792.72,50.0
1783195424,eth,1798185600000,2400.0,call,54.37,0.056336,0.055,0.057,1814.29,11900.0
1783195424,eth,1783670400000,1400.0,put,94.01,0.000584,0.0005,0.0007,1792.72,11777.0
1783195424,eth,1798185600000,1700.0,put,55.63,0.117883,0.1165,0.119,1814.29,12260.0
1783195424,eth,1790323200000,8500.0,put,97.26,3.724107,3.5425,3.9225,1799.34,0.0
1783195424,eth,1783411200000,1725.0,put,53.44,0.004596,0.0044,0.0048,1792.96,53.0
1783195424,eth,1785484800000,4400.0,put,105.11,1.453764,1.3595,1.558,1793.24,0.0
1783195424,eth,1790323200000,2400.0,call,50.79,0.015796,0.015,0.0165,1799.34,7052.0
1783195424,eth,1806048000000,2900.0,call,56.4,0.053638,0.0525,0.054,1832.06,2101.0
1783195424,eth,1798185600000,6000.0,call,65.36,0.000986,0.0008,0.0012,1814.29,10376.0
1783195424,eth,1785484800000,1000.0,call,98.27,0.443291,0.4385,0.448,1793.24,86.0
1783195424,eth,1813910400000,2200.0,put,57.63,0.351057,0.3365,0.3625,1849.06,0.0
1783195424,eth,1783324800000,1800.0,call,47.03,0.010078,0.0095,0.0105,1792.96,629.0
1783195424,eth,1787904000000,1650.0,call,52.84,0.124985,0.121,0.128,1795.14,1617.0
1783195424,eth,1785484800000,2600.0,call,60.84,0.000795,0.0007,0.0008,1793.24,3555.0
1783195424,eth,1787904000000,1100.0,call,75.4,0.391568,0.387,0.397,1795.14,50.0
1783195424,eth,1784880000000,1650.0,call,53.46,0.097448,0.092,0.1035,1792.95,52.0
1783195424,eth,1813910400000,800.0,call,69.75,0.590901,0.587,0.596,1849.06,0.0
1783195424,eth,1785484800000,1200.0,call,82.79,0.333403,0.331,0.3355,1793.24,284.0
1783195424,eth,1785484800000,2800.0,call,66.98,0.000496,0.0004,0.0006,1793.26,6164.0
