snap_ts,asset,expiry_ms,strike,opt_type,mark_iv,mark_price,bid,ask,underlying_price,open_interest
1787242818,btc,1789113600000,64000.0,put,40.28,0.00447025,0.0042,0.0047,72488.5,2.6
1787242818,btc,1787904000000,110000.0,put,100.35,0.52080121,0.517,0.5235,72330.67,0.2
1787242818,btc,1798185600000,40000.0,call,60.02,0.45971335,0.457,0.4615,73419.68,250.9
1787242818,btc,1787472000000,71000.0,put,37.03,0.00568682,0.005,0.006,72251.59,21.8
1787242818,btc,1798185600000,135000.0,put,48.98,0.84114774,0.83,0.8525,73419.68,0.7
1787242818,btc,1806048000000,105000.0,call,41.57,0.02688303,0.026,0.028,74166.69,200.1
1787242818,btc,1806048000000,100000.0,put,41.27,0.38267459,0.3785,0.3865,74167.0,12.1
1787242818,btc,1787904000000,58000.0,put,62.14,0.00018552,0.0001,0.0003,72330.67,1245.7
1787242818,btc,1787904000000,81000.0,put,48.68,0.12149921,0.119,0.1235,72330.08,0.1
1787242818,btc,1787299200000,63000.0,call,86.64,0.12789567,0.127,0.1295,72234.26,268.3
1787242818,btc,1788508800000,71000.0,put,37.18,0.02072653,0.02,0.021,72405.65,54.7
1787242818,btc,1787558400000,71500.0,put,36.7,0.00981618,0.009,0.01,72276.52,2.7
1787242818,btc,1813910400000,130000.0,put,43.25,0.7530812,0.747,0.758,74989.97,1.4
1787242818,btc,1798185600000,20000.0,put,88.98,0.00056467,0.0003,0.0008,73420.75,286.6
1787242818,btc,1787299200000,70000.0,put,47.93,0.00052126,0.0004,0.0006,72234.26,519.7
1787242818,btc,1793347200000,74000.0,call,38.48,0.06058289,0.06,0.061,72880.85,204.4
1787242818,btc,1789113600000,72000.0,put,36.73,0.03228272,0.0315,0.033,72488.5,0.0
1787242818,btc,1787904000000,46000.0,put,94.02,1.253e-05,,0.0001,72330.67,1458.8
1787242818,btc,1787472000000,65500.0,put,54.43,0.00027353,0.0002,0.0003,72252.18,90.8
1787242818,btc,1813910400000,80000.0,call,42.35,0.12833978,0.127,0.13,74989.38,76.4
1787242818,btc,1806048000000,140000.0,call,45.23,0.00645204,0.006,0.007,74166.69,787.9
1787242818,btc,1798185600000,62000.0,call,43.51,0.19140902,0.1905,0.1925,73419.68,247.2
1787242818,btc,1813910400000,82000.0,call,42.23,0.11862968,0.117,0.1205,74989.38,60.3
1787242818,btc,1793347200000,71000.0,put,38.86,0.05509786,0.0545,0.0555,72880.85,3.5
1787242818,btc,1787385600000,78000.0,put,65.11,0.08019144,0.078,0.0815,72260.72,0.0
1787242818,btc,1813910400000,110000.0,call,42.09,0.03936008,0.039,0.04,74989.97,266.2
1787242818,btc,1790323200000,30000.0,call,102.6,0.58697513,0.586,0.5885,72597.71,134.0
1787242818,btc,1813910400000,85000.0,put,42.09,0.23876045,0.2365,0.241,74989.38,6.8
1787242818,btc,1787299200000,53000.0,put,98.97,0.0,,0.0001,72234.26,123.7
1787242818,btc,1806048000000,108000.0,call,41.76,0.02322331,0.0225,0.024,74166.69,57.3
1787242818,btc,1790323200000,170000.0,call,84.7,7.067e-05,,0.0003,72598.45,359.5
1787242818,btc,1798185600000,60000.0,call,44.34,0.21241312,0.211,0.215,73419.68,787.4
1787242818,btc,1790323200000,190000.0,put,84.7,1.61697575,1.6075,1.628,72598.45,0.0
1787242818,btc,1787904000000,73000.0,call,39.05,0.01835966,0.018,0.019,72330.67,2175.3
1787242818,btc,1787472000000,78000.0,put,54.5,0.08049432,0.078,0.082,72252.18,0.0
1787242818,btc,1806048000000,55000.0,put,46.08,0.03396027,0.033,0.0345,74166.69,1359.3
1787242818,btc,1787385600000,72000.0,put,42.6,0.00970219,0.009,0.01,72260.06,53.9
1787242818,btc,1813910400000,150000.0,call,44.59,0.01068323,0.01,0.011,74989.38,102.9
1787242818,btc,1790323200000,58000.0,call,47.14,0.20478333,0.2035,0.207,72597.71,460.8
1787242818,btc,1787558400000,70500.0,put,36.94,0.00544693,0.005,0.0055,72276.52,16.7
1787242818,btc,1793347200000,54000.0,call,48.35,0.26565353,0.264,0.268,72880.85,0.1
1787242818,btc,1787904000000,59000.0,put,59.03,0.00022008,0.0001,0.0003,72330.67,1141.1
1787242818,btc,1793347200000,82000.0,put,38.26,0.15051,0.148,0.1525,72880.85,0.4
1787242818,btc,1806048000000,106000.0,put,41.65,0.45481061,0.4495,0.4595,74166.69,0.1
1787242818,btc,1787904000000,105000.0,call,94.46,0.00016087,0.0001,0.0002,72330.67,388.8
1787242818,btc,1790323200000,300000.0,put,84.99,3.13204416,3.1115,3.1495,72597.71,0.0
1787242818,btc,1787904000000,48000.0,call,93.35,0.33645942,0.335,0.338,72330.67,37.5
1787242818,btc,1798185600000,210000.0,put,61.98,1.86057564,1.8385,1.8775,73420.75,0.0
1787242818,btc,1793347200000,54000.0,put,48.35,0.00654062,0.006,0.007,72880.85,180.3
1787242818,btc,1790323200000,35000.0,put,88.56,0.00024843,0.0002,0.0003,72598.45,890.0
1787242818,btc,1787385600000,59000.0,call,94.53,0.18350715,0.1825,0.1855,72260.72,0.0
1787242818,btc,1787299200000,68500.0,call,59.37,0.05190977,0.0505,0.0535,72234.26,35.1
1787242818,btc,1790323200000,64000.0,put,41.35,0.01058079,0.01,0.011,72597.71,881.2
1787242818,btc,1790323200000,135000.0,put,70.56,0.85963811,0.8545,0.8625,72598.45,11.5
1787242818,btc,1787904000000,56000.0,put,69.19,0.00014862,0.0001,0.0002,72330.67,1280.5
1787242818,btc,1798185600000,80000.0,call,40.56,0.06086034,0.0605,0.0615,73419.68,8650.7
1787242818,btc,1798185600000,105000.0,put,42.76,0.44061058,0.437,0.4435,73419.68,109.4
1787242818,btc,1798185600000,200000.0,put,60.11,1.7244162,1.7045,1.744,73420.75,0.0
1787242818,btc,1793347200000,64000.0,put,41.09,0.02338518,0.0225,0.024,72880.85,566.6
1787242818,btc,1793347200000,75000.0,call,38.38,0.05473544,0.054,0.055,72880.85,1063.7
1787242818,btc,1806048000000,60000.0,call,44.38,0.24106809,0.239,0.2445,74166.69,718.0
1787242818,btc,1798185600000,170000.0,put,56.15,1.3163012,1.299,1.329,73419.68,0.0
1787242818,btc,1787472000000,73000.0,put,39.24,0.01922407,0.018,0.02,72251.59,3.3
1787242818,btc,1787904000000,63000.0,call,47.94,0.12956138,0.128,0.1315,72330.08,949.7
1787242818,btc,1787299200000,68000.0,call,63.63,0.05879158,0.0575,0.0605,72234.26,1820.1
1787242818,btc,1787385600000,73000.0,put,44.26,0.01776024,0.017,0.0185,72260.06,10.8
1787242818,btc,1793347200000,85000.0,call,38.61,0.01820975,0.0175,0.0185,72880.85,850.7
1787242818,btc,1793347200000,66000.0,put,40.26,0.03024455,0.0295,0.0305,72880.85,116.1
1787242818,btc,1798185600000,72000.0,call,41.07,0.10533681,0.1045,0.1065,73419.68,1285.0
1787242818,btc,1790323200000,78000.0,call,38.04,0.02063824,0.02,0.021,72597.71,5460.1
1787242818,btc,1798185600000,40000.0,put,60.02,0.00451727,0.0043,0.0046,73419.68,4464.9
1787242818,btc,1787558400000,73500.0,call,38.64,0.00853443,0.008,0.009,72276.52,0.4
1787242818,btc,1798185600000,135000.0,call,48.98,0.00243449,0.0024,0.0028,73419.68,1114.9
1787242818,btc,1787904000000,66000.0,put,43.04,0.00186787,0.0017,0.002,72330.08,455.7
1787242818,btc,1787472000000,65000.0,call,57.55,0.10068214,0.0995,0.103,72251.59,0.0
1787242818,btc,1798185600000,104000.0,put,42.68,0.42777135,0.424,0.4305,73419.68,0.1
1787242818,btc,1793347200000,76000.0,call,38.3,0.04931147,0.0485,0.05,72880.85,192.9
1787242818,btc,1787385600000,73500.0,call,45.69,0.00563351,0.005,0.006,72260.72,3.9
1787242818,btc,1787299200000,73000.0,call,49.69,0.00416663,0.0037,0.0043,72234.26,86.2
1787242818,btc,1787472000000,78000.0,call,54.5,0.00100172,0.0009,0.0011,72251.59,3.1
1787242818,btc,1787472000000,71000.0,call,37.03,0.02305653,0.022,0.024,72252.18,83.1
1787242818,btc,1813910400000,68000.0,put,43.56,0.10912365,0.1075,0.1105,74989.38,9.6
1787242818,btc,1787299200000,72500.0,call,47.02,0.00627067,0.0055,0.0065,72234.26,53.4
1787242818,btc,1798185600000,85000.0,put,40.59,0.20006066,0.1975,0.202,73419.68,547.1
1787242818,btc,1787385600000,66500.0,call,60.67,0.08000613,0.0785,0.0815,72260.72,5.3
1787242818,btc,1798185600000,84000.0,put,40.56,0.18963555,0.187,0.191,73419.68,47.1
1787242818,btc,1787385600000,60000.0,put,94.53,2.9e-05,,0.0002,72260.06,10.8
1787242818,btc,1793347200000,70000.0,call,39.06,0.08875188,0.088,0.09,72880.85,701.6
1787242818,btc,1793347200000,86000.0,call,38.76,0.01629164,0.016,0.017,72880.85,215.1
1787242818,btc,1787472000000,64500.0,call,60.14,0.10757216,0.106,0.11,72251.59,2.0
1787242818,btc,1787385600000,58000.0,put,94.53,3.97e-06,,0.0001,72260.06,0.5
1787242818,btc,1790323200000,84000.0,put,39.83,0.16492413,0.162,0.167,72597.71,34.7
1787242818,btc,1787472000000,62000.0,put,74.1,0.00014836,0.0001,0.0002,72251.59,10.9
1787242818,btc,1806048000000,180000.0,put,50.02,1.42911571,1.4035,1.4505,74166.69,0.0
1787242818,btc,1813910400000,72000.0,call,43.03,0.17448328,0.1735,0.1765,74989.97,88.6
1787242818,btc,1788508800000,69000.0,put,37.56,0.01159517,0.011,0.012,72405.65,126.3
1787242818,btc,1787472000000,62000.0,call,74.1,0.14209277,0.141,0.144,72251.59,0.0
1787242818,btc,1787472000000,75000.0,put,43.76,0.04114383,0.039,0.0425,72252.18,0.0
1787242818,btc,1813910400000,110000.0,put,42.09,0.50610967,0.502,0.5105,74989.38,0.3
1787242818,btc,1790323200000,150000.0,call,79.51,0.00017929,0.0001,0.0003,72598.45,736.3
1787242818,btc,1787472000000,57000.0,call,87.5,0.21115568,0.21,0.213,72252.18,0.0
1787242818,btc,1790323200000,165000.0,put,84.7,1.27272963,1.264,1.279,72597.71,0.0
1787242818,btc,1787558400000,68500.0,put,38.93,0.00145739,0.0012,0.0015,72276.52,1.1
1787242818,btc,1790323200000,60000.0,call,45.11,0.17879899,0.177,0.181,72597.71,838.9
1787242818,btc,1790323200000,110000.0,put,56.9,0.51590799,0.5125,0.518,72597.71,121.0
1787242818,btc,1787299200000,60000.0,call,91.43,0.16942372,0.1685,0.1715,72234.26,1.0
1787242818,btc,1787904000000,66000.0,call,43.04,0.08944388,0.088,0.0915,72330.67,1327.7
1787242818,btc,1798185600000,130000.0,call,48.01,0.00300293,0.0029,0.0033,73419.68,1583.3
1787242818,btc,1787299200000,73000.0,put,49.69,0.01472117,0.013,0.0155,72234.26,0.1
1787242818,btc,1790323200000,240000.0,call,84.7,3.1e-07,,0.0002,72597.71,212.0
1787242818,btc,1806048000000,92000.0,call,40.99,0.05168291,0.051,0.0525,74166.69,113.4
1787242818,btc,1813910400000,58000.0,put,45.61,0.06021526,0.059,0.061,74989.97,69.5
1787242818,btc,1787299200000,64500.0,put,85.45,8.01e-06,,0.0001,72234.26,171.5
1787242818,btc,1789113600000,68000.0,put,37.46,0.01260252,0.0125,0.013,72489.14,503.1
1787242818,btc,1806048000000,96000.0,put,41.1,0.33646276,0.3325,0.3395,74166.69,1.6
1787242818,btc,1788508800000,73000.0,call,37.3,0.02600187,0.0255,0.0265,72405.65,588.3
1787242818,btc,1793347200000,88000.0,call,39.02,0.01297578,0.0125,0.0135,72880.85,59.8
1787242818,btc,1787904000000,64000.0,put,46.82,0.00089863,0.0007,0.001,72330.08,1093.9
1787242818,btc,1787472000000,65500.0,call,54.43,0.09377931,0.0925,0.095,72251.59,6.1
1787242818,btc,1793347200000,62000.0,call,42.18,0.16741002,0.166,0.1695,72880.85,13.5
1787242818,btc,1787558400000,64000.0,put,55.44,0.00025994,0.0002,0.0003,72276.52,1.6
1787242818,btc,1790323200000,115000.0,put,59.41,0.58456386,0.581,0.587,72597.71,94.2
1787242818,btc,1813910400000,74000.0,call,42.84,0.16184579,0.1605,0.1635,74989.38,18.0
1787242818,btc,1813910400000,68000.0,call,43.56,0.20240573,0.201,0.2045,74989.38,11.4
1787242818,btc,1790323200000,75000.0,call,37.83,0.03317707,0.0325,0.0335,72597.71,3727.2
1787242818,btc,1787904000000,83000.0,put,52.99,0.14863155,0.146,0.1505,72330.67,0.1
1787242818,btc,1788508800000,76000.0,put,38.2,0.06216838,0.06,0.0635,72405.65,0.0
1787242818,btc,1806048000000,65000.0,put,43.12,0.07176635,0.071,0.0725,74166.69,648.1
1787242818,btc,1793347200000,57000.0,call,45.73,0.2274634,0.226,0.2295,72880.85,0.1
1787242818,btc,1798185600000,210000.0,call,61.98,0.00035503,0.0002,0.0006,73419.68,151.7
1787242818,btc,1798185600000,92000.0,call,41.01,0.02539451,0.025,0.026,73419.68,273.3
1787242818,btc,1787385600000,80000.0,call,75.19,0.00043823,0.0003,0.0006,72260.72,29.6
1787242818,btc,1790323200000,240000.0,put,84.7,2.30563563,2.2935,2.3155,72597.71,0.0
1787242818,btc,1787472000000,70000.0,put,37.36,0.00263181,0.0024,0.0027,72251.59,25.0
1787242818,btc,1787385600000,62500.0,call,88.29,0.13519153,0.134,0.137,72260.06,0.1
1787242818,btc,1788508800000,78000.0,call,39.37,0.00758143,0.007,0.008,72405.65,57.2
1787242818,btc,1806048000000,90000.0,call,40.95,0.05724028,0.0565,0.058,74166.69,469.2
1787242818,btc,1787558400000,71000.0,put,36.56,0.00730657,0.0065,0.0075,72276.52,1.0
1787242818,btc,1790323200000,95000.0,put,46.64,0.31060187,0.3075,0.3125,72597.71,147.7
1787242818,btc,1798185600000,86000.0,call,40.64,0.03940553,0.039,0.04,73419.68,291.9
1787242818,btc,1813910400000,90000.0,put,41.93,0.28642292,0.284,0.289,74989.38,0.4
1787242818,btc,1793347200000,68000.0,put,39.58,0.0387755,0.038,0.039,72880.85,29.0
1787242818,btc,1787299200000,72000.0,call,45.12,0.0093685,0.0085,0.0095,72234.26,1539.2
1787242818,btc,1806048000000,160000.0,put,47.25,1.16061297,1.1425,1.1765,74167.0,0.0
1787242818,btc,1787558400000,72500.0,call,37.58,0.01353092,0.013,0.014,72276.52,1.9
1787242818,btc,1798185600000,74000.0,call,40.84,0.09223384,0.0915,0.0935,73420.75,144.3
1787242818,btc,1790323200000,58000.0,put,47.14,0.00364929,0.0034,0.0038,72597.71,1459.3
1787242818,btc,1798185600000,54000.0,call,47.63,0.28108615,0.2795,0.2845,73420.75,33.1
1787242818,btc,1798185600000,200000.0,call,60.11,0.00039657,0.0001,0.0008,73420.75,958.4
1787242818,btc,1790323200000,320000.0,call,85.42,0.0,,0.0001,72597.71,286.7
1787242818,btc,1813910400000,72000.0,put,43.03,0.13453755,0.133,0.136,74989.38,1.4
1787242818,btc,1787299200000,64000.0,put,86.61,4.29e-06,,0.0001,72234.26,218.7
1787242818,btc,1787299200000,71000.0,put,44.68,0.00183938,0.0015,0.0019,72234.26,39.3
1787242818,btc,1787299200000,65500.0,call,78.52,0.093302,0.0925,0.095,72234.26,163.2
1787242818,btc,1798185600000,45000.0,call,54.73,0.39412098,0.392,0.3965,73419.68,54.3
1787242818,btc,1787299200000,58000.0,call,98.97,0.1971096,0.196,0.199,72234.26,0.0
1787242818,btc,1813910400000,70000.0,call,43.28,0.18804393,0.187,0.19,74989.97,193.9
1787242818,btc,1787299200000,61000.0,call,88.96,0.15558081,0.1545,0.157,72234.8,13.5
1787242818,btc,1789113600000,64000.0,call,40.28,0.12157412,0.12,0.1235,72489.14,0.0
1787242818,btc,1798185600000,68000.0,put,41.75,0.06185684,0.061,0.0625,73419.68,472.0
1787242818,btc,1787558400000,69500.0,call,37.45,0.04123357,0.04,0.043,72276.52,0.0
1787242818,btc,1806048000000,98000.0,put,41.18,0.35936467,0.3545,0.3625,74166.69,0.2
1787242818,btc,1798185600000,115000.0,put,44.74,0.572265,0.563,0.5755,73419.68,5.0
1787242818,btc,1787904000000,100000.0,put,84.34,0.38263142,0.3795,0.385,72330.67,0.5
1787242818,btc,1813910400000,78000.0,put,42.49,0.17881257,0.177,0.1805,74989.97,0.4
1787242818,btc,1793347200000,48000.0,put,54.1,0.00307,0.0029,0.0032,72880.85,176.0
1787242818,btc,1788508800000,61000.0,put,46.1,0.00105005,0.0009,0.0011,72405.65,146.1
1787242818,btc,1790323200000,84000.0,call,39.83,0.00795177,0.0075,0.0085,72598.45,2353.1
1787242818,btc,1798185600000,102000.0,put,42.39,0.40210893,0.3985,0.4045,73419.68,7.8
1787242818,btc,1813910400000,120000.0,call,42.61,0.02746084,0.0265,0.029,74989.97,217.7
1787242818,btc,1787472000000,76000.0,put,46.79,0.05380924,0.051,0.0565,72252.18,0.0
1787242818,btc,1790323200000,165000.0,call,84.7,0.00010535,,0.0003,72597.71,184.2
1787242818,btc,1787472000000,79000.0,put,59.31,0.09415294,0.0915,0.097,72252.18,0.0
1787242818,btc,1787904000000,98000.0,put,80.52,0.35500032,0.352,0.357,72330.67,0.0
1787242818,btc,1790323200000,65000.0,put,40.56,0.01264988,0.012,0.013,72597.71,704.3
1787242818,btc,1789113600000,74000.0,call,36.82,0.02666792,0.026,0.027,72488.5,1.2
1787242818,btc,1787299200000,67500.0,call,69.14,0.06569904,0.0645,0.067,72234.26,150.0
1787242818,btc,1787472000000,72500.0,call,38.49,0.01146705,0.0105,0.0115,72251.59,9.9
1787242818,btc,1787558400000,78000.0,put,49.22,0.08051496,0.0785,0.0835,72276.52,0.0
1787242818,btc,1806048000000,170000.0,put,48.97,1.29489626,1.2705,1.3155,74166.69,0.1
1787242818,btc,1790323200000,160000.0,put,84.7,1.203914,1.195,1.21,72597.71,0.6
1787242818,btc,1790323200000,80000.0,put,38.42,0.11680436,0.114,0.1185,72597.71,648.3
1787242818,btc,1787299200000,56000.0,put,98.97,0.0,,0.0001,72234.26,123.0
1787242818,btc,1787299200000,71000.0,call,44.68,0.01897951,0.018,0.021,72234.26,25.2
1787242818,btc,1790323200000,180000.0,call,84.7,3.188e-05,,0.0001,72597.71,749.8
1787242818,btc,1806048000000,90000.0,put,40.95,0.27069866,0.2675,0.273,74167.0,14.1
1787242818,btc,1793347200000,80000.0,put,38.2,0.12951897,0.1275,0.131,72880.85,0.7
1787242818,btc,1806048000000,54000.0,put,46.5,0.03138512,0.0305,0.032,74166.69,85.0
1787242818,btc,1787904000000,90000.0,call,66.34,0.00042204,0.0003,0.0006,72330.67,447.3
1787242818,btc,1787385600000,61000.0,put,93.65,6.381e-05,,0.0002,72260.06,5.1
1787242818,btc,1806048000000,60000.0,put,44.38,0.05004035,0.049,0.051,74166.69,651.9
1787242818,btc,1787472000000,67500.0,call,44.2,0.06633691,0.065,0.0675,72251.59,150.0
1787242818,btc,1798185600000,65000.0,call,42.49,0.16205142,0.161,0.1635,73419.68,958.4
1787242818,btc,1787472000000,70500.0,call,37.03,0.02819205,0.027,0.029,72252.18,53.6
1787242818,btc,1787385600000,80000.0,put,75.19,0.10756231,0.1055,0.1105,72260.06,0.0
1787242818,btc,1787299200000,62500.0,put,88.95,4.8e-07,,0.0001,72234.26,110.3
1787242818,btc,1787558400000,65000.0,call,50.35,0.10099411,0.0995,0.103,72276.52,2.2
1787242818,btc,1787904000000,53000.0,call,78.92,0.26739594,0.266,0.269,72330.67,6.9
1787242818,btc,1798185600000,190000.0,call,58.8,0.00050257,0.0003,0.0008,73419.68,992.3
1787242818,btc,1790323200000,105000.0,put,53.36,0.44715927,0.444,0.4495,72598.45,104.6
1787242818,btc,1787472000000,62500.0,call,70.67,0.13511838,0.134,0.1375,72251.59,0.0
1787242818,btc,1798185600000,230000.0,put,64.2,2.13285778,2.115,2.1545,73419.68,0.0
1787242818,btc,1790323200000,72000.0,call,37.94,0.05131922,0.0505,0.052,72597.71,3416.4
1787242818,btc,1790323200000,130000.0,put,67.65,0.79080123,0.786,0.7935,72597.71,21.4
1787242818,btc,1790323200000,70000.0,put,38.31,0.03111047,0.0305,0.0315,72598.45,1609.8
1787242818,btc,1806048000000,150000.0,call,46.38,0.00466883,0.0046,0.005,74166.69,1920.5
1787242818,btc,1787558400000,67500.0,put,41.14,0.00079746,0.0006,0.0009,72276.52,0.3
1787242818,btc,1798185600000,45000.0,put,54.73,0.0070254,0.0065,0.0075,73419.68,2751.9
1787242818,btc,1793347200000,67000.0,put,39.91,0.03430167,0.0335,0.0345,72880.85,213.0
1787242818,btc,1813910400000,60000.0,call,45.11,0.26833956,0.2665,0.271,74989.97,944.8
1787242818,btc,1787299200000,71500.0,put,44.33,0.00343669,0.003,0.0035,72234.26,72.7
1787242818,btc,1788508800000,72000.0,put,37.12,0.02686839,0.026,0.0275,72405.65,3.5
1787242818,btc,1787299200000,67000.0,call,70.8,0.07257837,0.0715,0.074,72234.8,2116.4
1787242818,btc,1788508800000,68000.0,call,37.76,0.06920818,0.0675,0.0715,72405.65,963.0
1787242818,btc,1787472000000,72500.0,put,38.49,0.01486797,0.014,0.0155,72252.18,1.2
1787242818,btc,1793347200000,59000.0,call,44.0,0.20257728,0.201,0.205,72880.85,1.1
1787242818,btc,1813910400000,115000.0,call,42.41,0.03296735,0.032,0.0345,74989.97,0.4
1787242818,btc,1790323200000,220000.0,call,84.7,1.4e-06,,0.0002,72598.45,223.0
1787242818,btc,1806048000000,106000.0,call,41.65,0.02562289,0.025,0.0265,74166.69,78.5
1787242818,btc,1787472000000,68500.0,put,39.89,0.00082552,0.0007,0.0009,72251.59,32.3
1787242818,btc,1793347200000,48000.0,call,54.1,0.3445037,0.3435,0.3465,72880.85,0.1
1787242818,btc,1787904000000,80000.0,call,47.14,0.0022186,0.0021,0.0023,72330.08,3115.5
1787242818,btc,1789113600000,80000.0,put,38.8,0.11122405,0.109,0.113,72488.5,6.8
1787242818,btc,1790323200000,100000.0,call,50.32,0.00141982,0.0013,0.0015,72597.71,5155.5
1787242818,btc,1806048000000,98000.0,call,41.18,0.03804332,0.0375,0.039,74166.69,81.0
1787242818,btc,1787299200000,66500.0,call,71.14,0.07947046,0.0785,0.081,72234.26,100.0
1787242818,btc,1793347200000,88000.0,put,39.02,0.22034733,0.2175,0.2225,72880.85,0.0
1787242818,btc,1788508800000,80000.0,call,41.43,0.00487502,0.0046,0.005,72406.07,363.4
1787242818,btc,1787472000000,76000.0,call,46.79,0.00199915,0.0018,0.0022,72251.59,18.4
1787242818,btc,1789113600000,78000.0,call,37.88,0.01161512,0.011,0.012,72489.14,422.8
1787242818,btc,1790323200000,60000.0,put,45.11,0.00521358,0.0048,0.0055,72597.71,5566.3
1787242818,btc,1798185600000,72000.0,put,41.07,0.08598388,0.085,0.0865,73420.75,338.6
1787242818,btc,1806048000000,56000.0,call,45.71,0.281757,0.28,0.2855,74166.69,16.9
1787242818,btc,1787904000000,62000.0,put,51.37,0.00047986,0.0004,0.0005,72330.67,1180.7
1787242818,btc,1787385600000,66000.0,put,64.76,0.00028481,0.0002,0.0004,72260.06,43.7
1787242818,btc,1813910400000,55000.0,call,46.49,0.31607305,0.3115,0.32,74989.97,2.5
1787242818,btc,1787385600000,59000.0,put,94.53,1.116e-05,,0.0001,72260.72,16.2
1787242818,btc,1787558400000,73000.0,call,38.1,0.0107993,0.01,0.011,72276.52,1.1
1787242818,btc,1788508800000,63000.0,call,42.97,0.13169426,0.1305,0.134,72406.07,86.8
1787242818,btc,1798185600000,56000.0,call,46.38,0.25736524,0.256,0.261,73419.68,41.5
1787242818,btc,1788508800000,75000.0,put,37.84,0.05195323,0.051,0.053,72405.65,0.1
1787242818,btc,1790323200000,52000.0,put,56.17,0.00163423,0.0015,0.0018,72597.71,1302.5
1787242818,btc,1806048000000,86000.0,put,40.99,0.22998602,0.2265,0.232,74166.69,1.8
1787242818,btc,1787558400000,68000.0,put,39.99,0.00107405,0.0009,0.0011,72276.52,36.1
1787242818,btc,1806048000000,40000.0,put,54.74,0.00978641,0.0095,0.0105,74166.69,1668.9
1787242818,btc,1806048000000,120000.0,call,42.92,0.01364115,0.013,0.0145,74166.69,329.8
1787242818,btc,1787558400000,69000.0,put,38.08,0.00201067,0.0018,0.0021,72276.52,37.0
1787242818,btc,1787558400000,66000.0,call,46.18,0.08726523,0.085,0.089,72276.52,0.0
1787242818,btc,1788508800000,58000.0,call,52.03,0.19951326,0.198,0.2015,72405.65,0.0
1787242818,btc,1793347200000,80000.0,call,38.2,0.03189017,0.0315,0.0325,72880.85,381.2
1787242818,btc,1813910400000,140000.0,call,43.84,0.01423226,0.0135,0.015,74989.38,219.0
1787242818,btc,1787558400000,79000.0,call,52.69,0.00103971,0.0009,0.0012,72276.52,2.1
1787242818,btc,1790323200000,190000.0,call,84.7,1.445e-05,,0.0001,72598.45,772.5
1787242818,btc,1787558400000,68500.0,call,38.93,0.05372438,0.052,0.0555,72276.52,0.0
1787242818,btc,1787385600000,71000.0,call,41.97,0.02197977,0.0205,0.0225,72260.06,73.5
1787242818,btc,1787299200000,70500.0,call,45.66,0.02501392,0.024,0.027,72234.26,144.6
1787242818,btc,1806048000000,56000.0,put,45.71,0.03679777,0.036,0.0375,74166.69,109.8
1787242818,btc,1813910400000,56000.0,call,46.17,0.30612503,0.302,0.3095,74989.97,3.0
1787242818,btc,1790323200000,64000.0,call,41.35,0.12906681,0.1275,0.131,72597.71,725.7
1787242818,btc,1787904000000,40000.0,put,94.02,1.4e-07,,0.0001,72330.67,753.7
1787242818,btc,1787558400000,77000.0,put,45.93,0.06716257,0.0645,0.0685,72276.52,0.0
1787242818,btc,1813910400000,94000.0,call,41.9,0.07365699,0.0725,0.075,74989.38,0.1
1787242818,btc,1788508800000,53000.0,put,60.67,0.00016898,0.0001,0.0002,72406.07,73.1
1787242818,btc,1790323200000,220000.0,put,84.7,2.03016711,2.016,2.0425,72598.45,1.8
1787242818,btc,1798185600000,50000.0,call,50.34,0.33015267,0.3285,0.333,73419.68,260.8
1787242818,btc,1793347200000,45000.0,put,57.8,0.00221729,0.002,0.0024,72880.85,123.8
1787242818,btc,1793347200000,69000.0,call,39.3,0.09704927,0.0965,0.0985,72880.85,126.1
1787242818,btc,1787558400000,73000.0,put,38.1,0.02079214,0.0195,0.0215,72276.52,0.0
1787242818,btc,1787385600000,65500.0,call,67.18,0.09376947,0.0925,0.095,72260.06,10.4
1787242818,btc,1813910400000,84000.0,call,42.13,0.10963171,0.1085,0.1115,74989.38,12.5
1787242818,btc,1790323200000,40000.0,put,78.16,0.00043358,0.0003,0.0005,72597.71,2340.7
1787242818,btc,1790323200000,280000.0,put,84.72,2.85657456,2.8375,2.8735,72597.71,0.0
1787242818,btc,1787472000000,68000.0,put,41.9,0.00063415,0.0005,0.0007,72251.59,10.8
1787242818,btc,1787472000000,57000.0,put,87.5,1.325e-05,,0.0001,72251.59,0.5
1787242818,btc,1793347200000,69000.0,put,39.3,0.04373833,0.043,0.044,72880.85,152.1
1787242818,btc,1787472000000,72000.0,put,37.79,0.01113172,0.0105,0.0115,72251.59,3.2
1787242818,btc,1793347200000,62000.0,put,42.18,0.01805816,0.0175,0.0185,72880.85,99.4
1787242818,btc,1787472000000,85000.0,put,84.58,0.17669487,0.173,0.178,72252.18,0.0
1787242818,btc,1813910400000,88000.0,put,42.0,0.26694374,0.2645,0.2695,74989.97,0.1
1787242818,btc,1787299200000,67500.0,put,69.14,9.736e-05,,0.0001,72234.26,91.2
1787242818,btc,1793347200000,40000.0,call,64.51,0.4524921,0.4515,0.454,72880.85,0.1
1787242818,btc,1793347200000,86000.0,put,38.76,0.19628838,0.1935,0.1985,72880.85,0.1
1787242818,btc,1806048000000,82000.0,put,41.0,0.19176375,0.189,0.1945,74166.69,3.9
1787242818,btc,1787385600000,76000.0,call,54.96,0.00150274,0.0013,0.0016,72260.72,7.6
1787242818,btc,1798185600000,64000.0,call,42.82,0.17157135,0.1705,0.1725,73419.68,414.9
1787242818,btc,1806048000000,95000.0,put,41.04,0.32513227,0.3205,0.3285,74166.69,0.4
1787242818,btc,1798185600000,95000.0,call,41.27,0.02043769,0.02,0.021,73419.68,1359.8
1787242818,btc,1790323200000,95000.0,call,46.64,0.00212122,0.0021,0.0022,72597.71,1857.9
1787242818,btc,1789113600000,74000.0,put,36.82,0.04751503,0.047,0.0485,72488.5,0.0
1787242818,btc,1787472000000,74000.0,call,41.31,0.0052769,0.0048,0.0055,72251.59,23.4
1787242818,btc,1790323200000,35000.0,call,88.56,0.51817662,0.517,0.5195,72597.71,29.3
1787242818,btc,1787385600000,70000.0,put,42.95,0.00195332,0.0017,0.0021,72260.06,130.6
1787242818,btc,1798185600000,240000.0,put,66.27,2.26905868,2.2435,2.29,73419.68,0.0
1787242818,btc,1787904000000,86000.0,put,58.81,0.18971024,0.187,0.1915,72330.08,0.0
1787242818,btc,1813910400000,105000.0,call,42.0,0.04781227,0.047,0.049,74989.38,142.8
1787242818,btc,1798185600000,86000.0,put,40.64,0.21073397,0.208,0.2125,73419.68,23.4
1787242818,btc,1787904000000,79000.0,call,45.26,0.00282482,0.0026,0.003,72330.08,1141.1
1787242818,btc,1790323200000,200000.0,call,84.7,6.59e-06,,0.0002,72597.71,1010.7
1787242818,btc,1787904000000,78000.0,put,43.65,0.08211365,0.0795,0.084,72330.08,4.1
1787242818,btc,1788508800000,53000.0,call,60.67,0.26817968,0.267,0.27,72405.65,0.0
1787242818,btc,1787385600000,75000.0,put,50.76,0.04036392,0.0385,0.0415,72260.72,0.0
1787242818,btc,1806048000000,150000.0,put,46.38,1.02709948,1.0065,1.037,74167.0,0.6
1787242818,btc,1790323200000,45000.0,put,67.71,0.00068197,0.0005,0.0009,72597.71,2177.7
1787242818,btc,1798185600000,20000.0,call,88.98,0.72816271,0.7275,0.73,73419.68,2.9
1787242818,btc,1806048000000,110000.0,call,41.93,0.0211505,0.0205,0.022,74166.69,1120.4
1787242818,btc,1790323200000,145000.0,call,77.27,0.00020764,0.0001,0.0003,72598.45,492.9
1787242818,btc,1806048000000,125000.0,call,43.46,0.01112998,0.0105,0.012,74166.69,124.7
1787242818,btc,1798185600000,150000.0,put,52.18,1.04449752,1.0315,1.058,73420.75,2.1
1787242818,btc,1813910400000,120000.0,put,42.61,0.6275513,0.6225,0.632,74989.97,0.1
1787242818,btc,1793347200000,63000.0,put,41.62,0.02055643,0.02,0.021,72880.85,463.0
1787242818,btc,1789113600000,60000.0,put,45.34,0.00178123,0.0016,0.0019,72489.14,26.7
1787242818,btc,1790323200000,160000.0,call,84.7,0.00015712,0.0001,0.0002,72597.71,1444.3
1787242818,btc,1813910400000,64000.0,put,44.23,0.08705491,0.0855,0.088,74989.38,17.9
1787242818,btc,1787385600000,69500.0,put,43.99,0.00127892,0.0011,0.0014,72260.72,46.0
1787242818,btc,1787472000000,67000.0,put,46.42,0.00041173,0.0003,0.0005,72251.59,16.5
1787242818,btc,1813910400000,95000.0,call,41.88,0.07075177,0.0695,0.0725,74989.97,28.4
1787242818,btc,1798185600000,98000.0,call,41.7,0.01665233,0.0165,0.0175,73420.75,215.8
1787242818,btc,1793347200000,79000.0,put,38.17,0.11952417,0.1185,0.121,72880.85,0.0
1787242818,btc,1787472000000,77000.0,put,50.52,0.0670241,0.0645,0.0685,72251.59,0.0
1787242818,btc,1788508800000,65000.0,put,40.46,0.00327042,0.003,0.0034,72405.65,357.8
1787242818,btc,1798185600000,108000.0,put,43.46,0.47986334,0.4755,0.4825,73420.75,0.1
1787242818,btc,1787385600000,72000.0,call,42.6,0.01329991,0.0125,0.0135,72260.72,66.5
1787242818,btc,1787472000000,66500.0,call,49.25,0.08002969,0.079,0.0815,72251.59,9.7
1787242818,btc,1787299200000,56000.0,call,98.97,0.22479547,0.2235,0.2265,72234.26,0.0
1787242818,btc,1813910400000,74000.0,put,42.84,0.14860162,0.147,0.15,74989.38,0.2
1787242818,btc,1787904000000,94000.0,put,73.75,0.29978795,0.2965,0.302,72330.08,0.0
1787242818,btc,1790323200000,86000.0,call,40.76,0.00592024,0.0055,0.0065,72598.45,873.1
1787242818,btc,1787385600000,63500.0,call,80.7,0.12136748,0.1195,0.1235,72260.72,0.1
1787242818,btc,1798185600000,115000.0,call,44.74,0.00595372,0.0055,0.0065,73419.68,2342.4
1787242818,btc,1788508800000,64000.0,put,41.64,0.00240841,0.0022,0.0026,72405.65,185.4
1787242818,btc,1806048000000,140000.0,put,45.23,0.89410029,0.8755,0.909,74166.69,0.1
1787242818,btc,1798185600000,80000.0,put,40.56,0.15046819,0.1495,0.152,73419.68,951.8
1787242818,btc,1790323200000,56000.0,put,49.83,0.00270129,0.0025,0.0029,72597.71,1496.6
1787242818,btc,1787904000000,50000.0,put,85.22,4.015e-05,,0.0001,72330.67,2592.1
1787242818,btc,1789113600000,69000.0,put,37.09,0.01620665,0.016,0.0165,72488.5,0.8
1787242818,btc,1806048000000,70000.0,put,42.21,0.09967722,0.0985,0.1005,74167.0,204.0
1787242818,btc,1813910400000,86000.0,call,42.07,0.10131549,0.1,0.103,74989.97,3.7
1787242818,btc,1787472000000,72000.0,call,37.79,0.01464539,0.014,0.015,72251.59,74.3
1787242818,btc,1806048000000,64000.0,call,43.35,0.20403845,0.2025,0.207,74166.69,135.2
1787242818,btc,1788508800000,60000.0,put,47.78,0.00081516,0.0007,0.0009,72405.65,1035.7
1787242818,btc,1798185600000,82000.0,put,40.55,0.16956973,0.167,0.1715,73420.75,158.8
1787242818,btc,1787385600000,67000.0,put,57.24,0.00034848,0.0003,0.0004,72260.06,32.9
1787242818,btc,1787904000000,78000.0,call,43.65,0.00373601,0.0035,0.004,72330.67,1701.1
1787242818,btc,1788508800000,61000.0,call,46.1,0.15857208,0.157,0.1605,72405.65,5.5
1787242818,btc,1798185600000,90000.0,put,40.87,0.25522058,0.2525,0.257,73420.75,590.6
1787242818,btc,1787904000000,92000.0,call,70.81,0.00036994,0.0003,0.0005,72330.67,178.5
1787242818,btc,1806048000000,50000.0,call,48.44,0.34864056,0.3465,0.3525,74166.69,20.6
1787242818,btc,1787385600000,70500.0,call,42.34,0.02735926,0.0255,0.028,72260.06,25.6
1787242818,btc,1787904000000,79000.0,put,45.26,0.09496944,0.0925,0.097,72330.67,0.7
1787242818,btc,1793347200000,74000.0,put,38.48,0.07590073,0.075,0.0765,72880.85,150.3
1787242818,btc,1813910400000,140000.0,put,43.84,0.88100446,0.8745,0.8865,74989.38,0.3
1787242818,btc,1798185600000,180000.0,put,57.74,1.45230324,1.434,1.469,73420.75,0.0
1787242818,btc,1787904000000,88000.0,put,61.58,0.2170419,0.214,0.219,72330.67,0.0
1787242818,btc,1787385600000,72500.0,put,43.36,0.01340007,0.0125,0.014,72260.72,0.1
1787242818,btc,1787558400000,69000.0,call,38.08,0.0473599,0.0465,0.0495,72276.52,0.0
1787242818,btc,1787385600000,64500.0,call,74.3,0.10756877,0.106,0.109,72260.06,42.5
1787242818,btc,1787904000000,96000.0,put,78.02,0.32741177,0.324,0.3295,72330.67,0.1
1787242818,btc,1787904000000,86000.0,call,58.81,0.00072257,0.0006,0.0009,72330.67,197.1
1787242818,btc,1813910400000,76000.0,call,42.65,0.14988778,0.1485,0.1515,74989.97,22.4
1787242818,btc,1798185600000,35000.0,put,65.52,0.00275888,0.0027,0.0028,73419.68,2395.1
1787242818,btc,1790323200000,150000.0,put,79.51,1.06620137,1.0585,1.0745,72597.71,4.5
1787242818,btc,1787904000000,57000.0,call,65.81,0.2121706,0.211,0.214,72330.67,28.5
1787242818,btc,1793347200000,61000.0,call,42.71,0.17884808,0.1775,0.181,72880.85,7.7
1787242818,btc,1806048000000,50000.0,put,48.44,0.02279786,0.022,0.0235,74166.69,2103.1
1787242818,btc,1793347200000,92000.0,put,39.95,0.27075431,0.2675,0.273,72880.85,0.0
1787242818,btc,1806048000000,190000.0,call,51.26,0.00181978,0.0018,0.002,74166.69,881.9
1787242818,btc,1788508800000,70000.0,call,37.29,0.04885675,0.048,0.05,72405.65,808.4
1787242818,btc,1798185600000,110000.0,call,43.85,0.00792479,0.0075,0.0085,73419.68,2636.6
1787242818,btc,1787904000000,48000.0,put,93.35,3.723e-05,,0.0001,72330.67,1461.4
1787242818,btc,1787385600000,70000.0,call,42.96,0.03322253,0.032,0.035,72260.72,84.7
1787242818,btc,1787558400000,72500.0,put,37.58,0.01660601,0.0155,0.017,72276.52,2.6
1787242818,btc,1790323200000,88000.0,put,41.93,0.21669043,0.2135,0.2185,72597.71,5.7
1787242818,btc,1787558400000,70000.0,call,36.99,0.03540871,0.034,0.037,72276.52,0.0
1787242818,btc,1787299200000,70500.0,put,45.66,0.00094745,0.0007,0.001,72234.26,161.8
1787242818,btc,1787299200000,59000.0,call,98.97,0.18326666,0.182,0.185,72234.26,0.0
1787242818,btc,1787472000000,63500.0,put,65.64,0.00018736,0.0001,0.0003,72251.59,80.1
1787242818,btc,1788508800000,62000.0,call,44.54,0.14509037,0.1435,0.147,72405.65,2.4
1787242818,btc,1806048000000,76000.0,put,41.42,0.141348,0.14,0.1425,74166.69,19.2
1787242818,btc,1790323200000,76000.0,call,37.84,0.02842302,0.028,0.0285,72597.71,3220.2
1787242818,btc,1793347200000,64000.0,call,41.09,0.14528231,0.1445,0.1465,72881.36,428.2
1787242818,btc,1790323200000,110000.0,call,56.9,0.00071782,0.0006,0.0008,72597.71,1346.9
1787242818,btc,1798185600000,82000.0,call,40.55,0.05272169,0.052,0.0535,73420.75,773.3
1787242818,btc,1787385600000,76000.0,put,54.96,0.05327062,0.051,0.0545,72260.72,0.0
1787242818,btc,1790323200000,55000.0,put,51.18,0.00232583,0.0022,0.0025,72597.71,3003.5
1787242818,btc,1798185600000,130000.0,put,48.01,0.77361569,0.7635,0.7825,73419.68,53.5
1787242818,btc,1798185600000,106000.0,call,43.01,0.00994022,0.0095,0.0105,73420.75,819.8
1787242818,btc,1798185600000,30000.0,call,71.91,0.59305703,0.591,0.5945,73419.68,288.6
1787242818,btc,1787299200000,69500.0,put,50.0,0.00027787,0.0002,0.0004,72234.26,402.7
1787242818,btc,1798185600000,180000.0,call,57.74,0.00068557,0.0005,0.001,73419.68,923.8
1787242818,btc,1790323200000,74000.0,put,37.81,0.05780165,0.057,0.0585,72598.45,110.8
1787242818,btc,1798185600000,106000.0,put,43.01,0.45367063,0.45,0.4565,73420.75,0.2
1787242818,btc,1793347200000,94000.0,call,40.61,0.0070363,0.0065,0.0075,72880.85,131.3
1787242818,btc,1787904000000,84000.0,put,54.92,0.16225848,0.1595,0.164,72330.67,0.4
1787242818,btc,1806048000000,88000.0,put,40.97,0.25003899,0.247,0.252,74167.0,4.5
1787242818,btc,1793347200000,57000.0,put,45.73,0.00951089,0.009,0.01,72880.85,201.8
1787242818,btc,1787299200000,65500.0,put,78.52,1.444e-05,,0.0001,72234.8,84.7
1787242818,btc,1788508800000,73000.0,put,37.3,0.03420856,0.0335,0.0345,72405.65,0.9
1787242818,btc,1798185600000,62000.0,put,43.51,0.0358551,0.035,0.0365,73419.68,1020.3
1787242818,btc,1813910400000,96000.0,call,41.9,0.06808723,0.067,0.0695,74989.38,0.0
1787242818,btc,1790323200000,45000.0,call,67.71,0.38087466,0.3795,0.3825,72597.71,224.8
1787242818,btc,1789113600000,72000.0,call,36.73,0.03903049,0.038,0.0395,72488.5,20.1
1787242818,btc,1806048000000,200000.0,call,52.3,0.00149464,0.0012,0.0021,74166.69,499.1
1787242818,btc,1793347200000,60000.0,put,43.38,0.01387753,0.0135,0.0145,72880.85,1086.8
1787242818,btc,1787299200000,68500.0,put,59.37,0.0001521,0.0001,0.0002,72234.26,93.8
1787242818,btc,1793347200000,52000.0,put,50.46,0.00521931,0.0049,0.0055,72880.85,68.5
1787242818,btc,1787472000000,66000.0,call,51.66,0.08689284,0.0855,0.089,72251.59,2.5
1787242818,btc,1798185600000,140000.0,put,50.2,0.90889043,0.897,0.9205,73419.68,0.2
1787242818,btc,1790323200000,125000.0,put,65.35,0.72200707,0.7175,0.725,72597.71,21.8
1787242818,btc,1787904000000,92000.0,put,70.81,0.2722274,0.269,0.2745,72330.67,0.5
1787242818,btc,1788508800000,72000.0,call,37.12,0.03247242,0.032,0.033,72405.65,615.5
1787242818,btc,1813910400000,55000.0,put,46.49,0.04944784,0.0485,0.0505,74989.97,36.0
1787242818,btc,1806048000000,102000.0,put,41.38,0.40638708,0.4015,0.4095,74166.69,0.1
1787242818,btc,1787904000000,75000.0,put,40.23,0.04655522,0.0455,0.0475,72330.08,44.3
1787242818,btc,1787472000000,63500.0,call,65.64,0.12137235,0.1195,0.1235,72251.59,0.0
1787242818,btc,1788508800000,64000.0,call,41.64,0.11849742,0.117,0.1205,72405.65,265.5
1787242818,btc,1806048000000,96000.0,call,41.1,0.04210715,0.0415,0.043,74166.69,155.6
1787242818,btc,1790323200000,98000.0,put,49.09,0.35159649,0.3485,0.3535,72597.71,0.1
1787242818,btc,1793347200000,60000.0,call,43.38,0.19065997,0.189,0.193,72880.85,13.8
1787242818,btc,1787472000000,61000.0,call,80.37,0.15592173,0.1545,0.158,72252.18,0.0
1787242818,btc,1787299200000,63500.0,call,86.64,0.1209753,0.12,0.1225,72234.8,178.0
1787242818,btc,1813910400000,98000.0,put,41.91,0.36964088,0.366,0.373,74989.38,0.0
1787242818,btc,1787558400000,77000.0,call,45.93,0.00182765,0.0017,0.002,72276.52,1.6
1787242818,btc,1790323200000,40000.0,call,78.16,0.44949436,0.448,0.451,72597.71,34.4
1787242818,btc,1787904000000,77000.0,call,42.39,0.00508499,0.0048,0.0055,72330.08,621.1
1787242818,btc,1813910400000,100000.0,put,41.9,0.39145657,0.387,0.395,74989.97,0.8
1787242818,btc,1790323200000,155000.0,call,82.65,0.00017922,0.0001,0.0003,72598.45,364.1
1787242818,btc,1793347200000,76000.0,put,38.3,0.09204145,0.091,0.093,72881.36,0.0
1787242818,btc,1793347200000,45000.0,call,57.8,0.38477157,0.3835,0.3865,72880.85,0.1
1787242818,btc,1793347200000,66000.0,call,40.26,0.12471589,0.124,0.126,72880.85,164.1
1787242818,btc,1787904000000,82000.0,put,50.68,0.1350815,0.1325,0.137,72330.08,0.5
1787242818,btc,1787472000000,69500.0,put,37.82,0.00175871,0.0015,0.0018,72251.59,22.4
1787242818,btc,1793347200000,58000.0,call,44.69,0.21483369,0.2135,0.217,72880.85,0.0
1787242818,btc,1790323200000,68000.0,put,38.98,0.02197513,0.0215,0.0225,72597.71,1416.0
1787242818,btc,1798185600000,70000.0,put,41.32,0.07311805,0.0725,0.074,73419.68,1110.9
1787242818,btc,1793347200000,90000.0,call,39.47,0.01048222,0.01,0.011,72880.85,102.6
1787242818,btc,1798185600000,125000.0,call,46.83,0.00366375,0.0036,0.004,73419.68,596.5
1787242818,btc,1787299200000,64500.0,call,85.45,0.10713851,0.1065,0.1085,72234.26,117.7
1787242818,btc,1806048000000,95000.0,call,41.04,0.04423245,0.0435,0.0455,74167.0,343.8
1787242818,btc,1813910400000,40000.0,put,53.1,0.01634762,0.0155,0.017,74989.97,1047.5
1787242818,btc,1793347200000,56000.0,call,46.54,0.24003791,0.2385,0.242,72880.85,0.0
1787242818,btc,1798185600000,70000.0,call,41.32,0.11971118,0.119,0.121,73419.68,1978.5
1787242818,btc,1798185600000,30000.0,put,71.91,0.00165997,0.0016,0.0018,73420.75,2119.7
1787242818,btc,1787558400000,74500.0,call,40.21,0.00533082,0.005,0.0055,72276.52,0.4
1787242818,btc,1793347200000,94000.0,put,40.61,0.29672864,0.2935,0.299,72880.85,0.0
1787242818,btc,1790323200000,140000.0,call,73.88,0.00020935,0.0001,0.0004,72597.71,1184.8
1787242818,btc,1787558400000,67000.0,call,42.77,0.07365097,0.071,0.076,72276.52,0.0
1787242818,btc,1787299200000,65000.0,put,83.26,1.281e-05,,0.0001,72234.26,207.9
1787242818,btc,1813910400000,95000.0,put,41.88,0.33749005,0.3345,0.3405,74989.97,20.1
1787242818,btc,1798185600000,100000.0,call,41.91,0.01445382,0.014,0.015,73420.75,4275.5
1787242818,btc,1793347200000,70000.0,put,39.06,0.04916107,0.0485,0.0495,72881.36,109.6
1787242818,btc,1787385600000,65500.0,put,67.18,0.00022706,0.0002,0.0003,72260.06,102.6
1787242818,btc,1813910400000,82000.0,put,42.23,0.21202482,0.2095,0.214,74989.97,2.2
1787242818,btc,1790323200000,180000.0,put,84.7,1.47925838,1.4705,1.486,72597.71,10.5
1787242818,btc,1787558400000,85000.0,call,73.83,0.00039662,0.0003,0.0005,72276.52,7.0
1787242818,btc,1787299200000,66000.0,put,73.84,1.658e-05,,0.0001,72234.8,385.5
1787242818,btc,1787558400000,65000.0,put,50.35,0.00030281,0.0002,0.0004,72276.52,9.0
1787242818,btc,1806048000000,62000.0,put,43.83,0.05802257,0.057,0.059,74166.69,345.3
1787242818,btc,1787385600000,75000.0,call,50.76,0.0024351,0.0021,0.0026,72260.72,27.3
1787242818,btc,1790323200000,102000.0,put,51.36,0.40616188,0.403,0.4085,72597.71,0.4
1787242818,btc,1793347200000,68000.0,call,39.58,0.10580657,0.1055,0.107,72880.85,52.2
1787242818,btc,1788508800000,70000.0,put,37.29,0.01563507,0.015,0.016,72405.65,56.4
1787242818,btc,1788508800000,75000.0,call,37.84,0.01611932,0.0155,0.0165,72406.07,926.8
1787242818,btc,1787904000000,59000.0,call,59.02,0.18451867,0.183,0.187,72330.08,214.3
1787242818,btc,1787558400000,74000.0,put,39.45,0.03059968,0.0285,0.0315,72276.52,0.0
1787242818,btc,1788508800000,85000.0,put,46.6,0.17571501,0.172,0.1785,72405.65,0.1
1787242818,btc,1787558400000,63000.0,call,59.25,0.12855461,0.127,0.1305,72276.52,0.0
1787242818,btc,1793347200000,100000.0,call,42.72,0.00418272,0.0041,0.0042,72880.85,76.5
1787242818,btc,1787472000000,59000.0,put,87.5,6.756e-05,,0.0001,72251.59,29.0
1787242818,btc,1787558400000,74500.0,put,40.21,0.03607694,0.034,0.037,72276.52,0.0
1787242818,btc,1789113600000,76000.0,call,37.19,0.01770597,0.017,0.018,72489.14,106.2
1787242818,btc,1798185600000,105000.0,call,42.76,0.01050027,0.01,0.0115,73419.68,831.3
1787242818,btc,1813910400000,94000.0,put,41.9,0.32706119,0.324,0.33,74989.38,0.0
1787242818,btc,1787558400000,73500.0,put,38.64,0.02544503,0.0235,0.026,72276.52,0.0
1787242818,btc,1787385600000,71000.0,put,41.97,0.00455239,0.0041,0.0047,72260.06,36.7
1787242818,btc,1798185600000,52000.0,call,48.9,0.30533165,0.3035,0.309,73419.68,0.1
1787242818,btc,1798185600000,58000.0,put,45.29,0.0244033,0.0235,0.025,73419.68,1965.1
1787242818,btc,1787299200000,63000.0,put,86.64,7.7e-07,,0.0001,72234.26,376.9
1787242818,btc,1787385600000,71500.0,put,41.98,0.00673017,0.006,0.007,72260.06,3.2
1787242818,btc,1790323200000,145000.0,put,77.27,0.99736232,0.992,1.0035,72598.45,0.2
1787242818,btc,1793347200000,100000.0,put,42.72,0.37628432,0.3715,0.3785,72880.85,0.0
1787242818,btc,1789113600000,85000.0,put,42.36,0.17555177,0.173,0.1775,72488.5,0.0
1787242818,btc,1787385600000,69000.0,put,45.46,0.00085764,0.0007,0.001,72260.06,38.9
1787242818,btc,1787472000000,73500.0,call,40.15,0.00684412,0.006,0.007,72251.59,0.6
1787242818,btc,1787904000000,105000.0,put,94.46,0.45183336,0.4485,0.454,72330.08,1.0
1787242818,btc,1793347200000,81000.0,call,38.21,0.02849886,0.028,0.029,72880.85,1.0
1787242818,btc,1793347200000,55000.0,call,47.4,0.25276944,0.2515,0.255,72880.85,0.1
1787242818,btc,1798185600000,94000.0,put,41.16,0.30222383,0.299,0.3045,73419.68,5.3
1787242818,btc,1788508800000,68000.0,put,37.76,0.00835796,0.008,0.0085,72406.07,211.3
1787242818,btc,1798185600000,220000.0,call,62.7,0.00026647,0.0001,0.001,73420.75,252.8
1787242818,btc,1806048000000,80000.0,call,41.18,0.09566096,0.0945,0.097,74166.69,942.1
1787242818,btc,1790323200000,175000.0,put,84.7,1.41040654,1.402,1.417,72597.71,3.3
1787242818,btc,1813910400000,66000.0,call,43.88,0.21762428,0.2165,0.2195,74989.38,28.8
1787242818,btc,1787385600000,67500.0,call,54.0,0.06627825,0.0645,0.0685,72260.06,1.5
1787242818,btc,1798185600000,56000.0,put,46.38,0.02009074,0.0195,0.0205,73419.68,480.5
1787242818,btc,1787472000000,65000.0,put,57.55,0.00025656,0.0002,0.0003,72252.18,30.4
1787242818,btc,1787904000000,75000.0,call,40.23,0.00964609,0.009,0.01,72330.08,4063.7
1787242818,btc,1790323200000,75000.0,put,37.83,0.06621542,0.0655,0.067,72597.71,2964.1
1787242818,btc,1787385600000,63500.0,put,80.7,0.00014722,0.0001,0.0002,72260.72,107.2
1787242818,btc,1813910400000,66000.0,put,43.88,0.09767403,0.0965,0.099,74989.38,37.6
1787242818,btc,1787472000000,68000.0,call,41.9,0.05954091,0.0585,0.061,72252.18,28.9
1787242818,btc,1787385600000,68500.0,call,47.97,0.05266564,0.0515,0.054,72260.06,19.2
1787242818,btc,1787558400000,76000.0,put,43.26,0.05419715,0.0515,0.0555,72276.52,0.0
1787242818,btc,1798185600000,94000.0,call,41.16,0.02193461,0.0215,0.0225,73419.68,143.4
1787242818,btc,1787385600000,68000.0,call,51.15,0.05946487,0.058,0.061,72260.72,58.5
1787242818,btc,1787558400000,76000.0,call,43.26,0.00269775,0.0025,0.0029,72276.52,211.5
1787242818,btc,1798185600000,140000.0,call,50.2,0.00207669,0.002,0.0023,73420.75,1463.9
1787242818,btc,1793347200000,71000.0,call,38.86,0.08096854,0.0805,0.082,72880.85,288.5
1787242818,btc,1787472000000,74000.0,put,41.31,0.02942404,0.027,0.0315,72252.18,0.0
1787242818,btc,1787472000000,60000.0,put,85.78,0.00011722,,0.0002,72251.59,14.6
1787242818,btc,1790323200000,90000.0,call,43.16,0.00354306,0.0035,0.0037,72597.71,3724.2
1787242818,btc,1787904000000,72000.0,call,38.74,0.02468287,0.024,0.025,72330.08,3165.3
1787242818,btc,1787385600000,85000.0,put,98.76,0.17649105,0.1735,0.178,72260.72,0.0
1787242818,btc,1790323200000,56000.0,call,49.83,0.23138638,0.23,0.2335,72597.71,13.4
1787242818,btc,1798185600000,76000.0,put,40.71,0.11567245,0.1145,0.1165,73419.68,142.0
1787242818,btc,1798185600000,250000.0,call,67.82,0.000218,,0.0003,73419.68,1183.7
1787242818,btc,1813910400000,85000.0,call,42.09,0.10534284,0.104,0.107,74989.38,141.6
1787242818,btc,1813910400000,45000.0,put,50.51,0.02427729,0.0235,0.025,74989.97,150.0
1787242818,btc,1790323200000,62000.0,call,42.78,0.15324044,0.152,0.1555,72598.45,597.4
1787242818,btc,1806048000000,70000.0,call,42.21,0.1558639,0.155,0.157,74166.69,828.3
1787242818,btc,1793347200000,55000.0,put,47.4,0.00737666,0.007,0.0075,72880.85,315.9
1787242818,btc,1788508800000,74000.0,put,37.51,0.04258365,0.0415,0.0435,72405.65,0.0
1787242818,btc,1787472000000,69500.0,call,37.82,0.03989904,0.0385,0.0415,72251.59,54.8
1787242818,btc,1813910400000,160000.0,put,45.31,1.14160798,1.121,1.1635,74989.38,0.0
1787242818,btc,1790323200000,70000.0,call,38.31,0.06696684,0.066,0.068,72597.71,11500.3
1787242818,btc,1787472000000,63000.0,put,68.23,0.00016807,0.0001,0.0002,72251.59,6.5
1787242818,btc,1793347200000,40000.0,put,64.51,0.00129736,0.0011,0.0015,72880.85,71.7
1787242818,btc,1787904000000,88000.0,call,61.58,0.00048259,0.0004,0.0006,72330.67,193.6
1787242818,btc,1787558400000,75000.0,put,41.11,0.04187715,0.0395,0.043,72276.52,0.0
1787242818,btc,1787385600000,65000.0,put,69.91,0.00018857,0.0001,0.0003,72260.72,98.8
1787242818,btc,1790323200000,260000.0,put,84.7,2.581105,2.5635,2.596,72597.71,0.0
1787242818,btc,1788508800000,74000.0,call,37.51,0.02056085,0.02,0.021,72406.07,712.1
1787242818,btc,1787904000000,55000.0,put,71.79,0.00011826,0.0001,0.0002,72330.67,1171.7
1787242818,btc,1787904000000,77000.0,put,42.39,0.06958465,0.067,0.0715,72330.67,3.4
1787242818,btc,1789113600000,67000.0,put,37.91,0.00970791,0.0095,0.01,72488.5,2.8
1787242818,btc,1806048000000,85000.0,call,41.0,0.07414334,0.0735,0.0755,74166.69,94.4
1787242818,btc,1787385600000,64000.0,call,78.64,0.11448651,0.113,0.1155,72260.72,30.1
1787242818,btc,1813910400000,115000.0,put,42.41,0.56638738,0.5615,0.5705,74989.38,0.0
1787242818,btc,1787558400000,71500.0,call,36.7,0.02057661,0.0195,0.021,72276.52,4.1
1787242818,btc,1806048000000,45000.0,put,51.17,0.01490637,0.014,0.0155,74166.69,263.7
1787242818,btc,1793347200000,95000.0,put,41.3,0.31015398,0.307,0.312,72880.85,0.1
1787242818,btc,1798185600000,110000.0,put,43.85,0.50613558,0.502,0.509,73420.75,54.2
1787242818,btc,1787299200000,64000.0,call,86.61,0.11405625,0.113,0.1155,72234.8,330.3
1787242818,btc,1787904000000,67000.0,put,41.46,0.00277275,0.0025,0.0029,72330.08,420.0
1787242818,btc,1787472000000,63000.0,call,68.23,0.12827286,0.127,0.1305,72251.59,0.0
1787242818,btc,1806048000000,52000.0,put,47.46,0.02684139,0.026,0.0275,74166.69,121.7
1787242818,btc,1798185600000,65000.0,put,42.49,0.0473578,0.0465,0.0475,73420.75,873.5
1787242818,btc,1787558400000,74000.0,call,39.45,0.00677132,0.006,0.007,72276.52,11.0
1787242818,btc,1787385600000,62500.0,put,88.29,0.00013221,,0.0002,72260.72,34.9
1787242818,btc,1789113600000,75000.0,put,36.96,0.05642558,0.0545,0.0575,72489.14,0.0
1787242818,btc,1787299200000,71500.0,call,44.33,0.01364821,0.0125,0.0145,72234.26,8.5
1787242818,btc,1793347200000,61000.0,put,42.71,0.01577609,0.0155,0.016,72880.85,209.3
1787242818,btc,1788508800000,71000.0,call,37.18,0.04014576,0.0395,0.041,72405.65,970.0
1787242818,btc,1787472000000,79000.0,call,59.31,0.00082403,0.0007,0.001,72251.59,41.8
1787242818,btc,1813910400000,130000.0,call,43.25,0.01964987,0.0195,0.02,74989.97,690.9
1787242818,btc,1787904000000,63000.0,put,47.94,0.00056362,0.0005,0.0006,72330.67,887.6
1787242818,btc,1787299200000,66500.0,put,71.14,2.584e-05,,0.0001,72234.26,98.5
1787242818,btc,1813910400000,60000.0,put,45.11,0.06838479,0.067,0.0695,74989.38,156.1
1787242818,btc,1787385600000,64000.0,put,78.64,0.00018577,0.0001,0.0003,72260.06,62.6
1787242818,btc,1798185600000,125000.0,put,46.83,0.70617602,0.6975,0.716,73419.68,9.1
1787242818,btc,1789113600000,71000.0,call,36.77,0.04656584,0.0455,0.047,72488.5,0.0
1787242818,btc,1789113600000,80000.0,call,38.8,0.007603,0.007,0.008,72489.14,522.7
1787242818,btc,1787472000000,64000.0,call,62.19,0.11445393,0.113,0.1165,72251.59,0.0
1787242818,btc,1806048000000,110000.0,put,41.93,0.5043035,0.4985,0.508,74166.69,4.3
1787242818,btc,1806048000000,52000.0,call,47.46,0.3257321,0.3235,0.3295,74166.69,5.2
1787242818,btc,1790323200000,90000.0,put,43.16,0.24316048,0.24,0.245,72597.71,586.2
1787242818,btc,1813910400000,50000.0,put,48.25,0.03494948,0.034,0.0355,74989.97,301.1
1787242818,btc,1790323200000,320000.0,put,85.42,3.40751377,3.3845,3.4265,72597.71,25.1
1787242818,btc,1806048000000,68000.0,call,42.54,0.17091976,0.17,0.172,74166.69,97.6
1787242818,btc,1798185600000,52000.0,put,48.9,0.01357675,0.013,0.014,73419.68,492.6
1787242818,btc,1787299200000,67000.0,put,70.8,5.521e-05,,0.0001,72234.26,734.7
1787242818,btc,1790323200000,94000.0,call,46.13,0.00238863,0.0023,0.0025,72597.71,162.2
1787242818,btc,1793347200000,83000.0,put,38.35,0.161535,0.159,0.164,72880.85,0.0
1787242818,btc,1787558400000,80000.0,call,55.92,0.00080969,0.0007,0.001,72276.52,236.9
1787242818,btc,1798185600000,96000.0,call,41.4,0.01906195,0.019,0.02,73419.68,1344.1
1787242818,btc,1787385600000,64500.0,put,74.3,0.00018756,0.0001,0.0003,72260.72,71.7
1787242818,btc,1789113600000,70000.0,call,36.91,0.05503571,0.054,0.0565,72488.5,285.1
1787242818,btc,1813910400000,170000.0,call,46.07,0.0063794,0.006,0.0065,74989.38,57.3
1787242818,btc,1787904000000,83000.0,call,52.99,0.00119236,0.001,0.0013,72330.08,616.7
1787242818,btc,1798185600000,68000.0,call,41.75,0.13569017,0.135,0.137,73419.68,927.3
1787242818,btc,1787472000000,85000.0,call,84.58,0.00032832,0.0003,0.0005,72252.18,4.5
1787242818,btc,1813910400000,40000.0,call,53.1,0.48298413,0.481,0.488,74989.38,17.0
1787242818,btc,1787904000000,74000.0,call,39.63,0.01341982,0.013,0.014,72330.08,2834.2
1787242818,btc,1790323200000,94000.0,put,46.13,0.2970958,0.2935,0.299,72598.45,1.9
1787242818,btc,1806048000000,100000.0,call,41.27,0.03438749,0.0335,0.0355,74166.69,574.2
1787242818,btc,1787385600000,68000.0,put,51.15,0.00051954,0.0004,0.0006,72260.06,107.1
1787242818,btc,1806048000000,68000.0,put,42.54,0.08776504,0.0865,0.0885,74166.69,78.7
1787242818,btc,1787385600000,66500.0,put,60.67,0.00030302,0.0002,0.0004,72260.06,173.5
1787242818,btc,1787385600000,69000.0,call,45.46,0.04596443,0.0445,0.0475,72260.06,102.8
1787242818,btc,1788508800000,55000.0,call,57.13,0.24065799,0.2395,0.2425,72406.07,0.0
1787242818,btc,1813910400000,52000.0,put,47.43,0.04012311,0.039,0.041,74989.38,30.9
1787242818,btc,1789113600000,85000.0,call,42.36,0.00296182,0.0028,0.0032,72489.14,23.5
1787242818,btc,1790323200000,78000.0,put,38.04,0.09498932,0.0925,0.0965,72597.71,625.2
1787242818,btc,1787299200000,75000.0,put,61.84,0.03918767,0.037,0.0405,72234.26,0.2
1787242818,btc,1787472000000,64500.0,put,60.14,0.00022678,0.0002,0.0003,72252.18,24.2
1787242818,btc,1787904000000,67000.0,call,41.46,0.07652234,0.075,0.0785,72330.67,1852.6
1787242818,btc,1806048000000,125000.0,put,43.46,0.69652954,0.6895,0.704,74166.69,0.1
1787242818,btc,1806048000000,115000.0,call,42.31,0.01675787,0.016,0.0175,74166.69,763.1
1787242818,btc,1787472000000,75000.0,call,43.76,0.003163,0.0029,0.0032,72251.59,15.7
1787242818,btc,1806048000000,86000.0,call,40.99,0.07043004,0.0695,0.0715,74166.69,136.5
1787242818,btc,1787385600000,62000.0,put,91.28,0.00011652,,0.0002,72260.06,60.3
1787242818,btc,1787558400000,62000.0,put,63.55,0.00015411,0.0001,0.0002,72276.52,0.2
1787242818,btc,1787904000000,46000.0,call,94.02,0.3640838,0.363,0.3655,72330.67,1.0
1787242818,btc,1789113600000,67000.0,call,37.91,0.08542528,0.084,0.0875,72488.5,0.0
1787242818,btc,1787558400000,85000.0,put,73.83,0.17641568,0.1735,0.179,72276.52,0.0
1787242818,btc,1813910400000,80000.0,put,42.35,0.19510832,0.193,0.1965,74989.38,8.5
1787242818,btc,1798185600000,55000.0,put,47.0,0.01825552,0.0175,0.019,73419.68,1000.2
1787242818,btc,1790323200000,98000.0,call,49.09,0.00170095,0.0016,0.0018,72598.45,355.1
1787242818,btc,1787385600000,77000.0,call,59.53,0.0009924,0.0008,0.0011,72260.72,1.5
1787242818,btc,1787472000000,66500.0,put,49.25,0.00036497,0.0003,0.0004,72251.59,12.2
1787242818,btc,1787472000000,73000.0,call,39.24,0.00889271,0.008,0.009,72252.18,55.9
1787242818,btc,1813910400000,30000.0,put,59.87,0.00675254,0.006,0.0075,74989.97,294.8
1787242818,btc,1787472000000,62500.0,put,70.67,0.00014886,0.0001,0.0002,72251.59,7.0
1787242818,btc,1790323200000,100000.0,put,50.32,0.37876788,0.375,0.381,72598.45,430.9
1787242818,btc,1787385600000,78000.0,call,65.11,0.00074546,0.0006,0.0009,72260.06,14.2
1787242818,btc,1787904000000,64000.0,call,46.82,0.11606951,0.1145,0.118,72330.08,755.1
1787242818,btc,1790323200000,102000.0,call,51.36,0.00116788,0.0011,0.0013,72597.71,152.5
1787242818,btc,1787904000000,71000.0,call,38.84,0.03266202,0.032,0.0335,72330.67,1982.4
1787242818,btc,1806048000000,102000.0,call,41.38,0.03113424,0.0305,0.032,74166.69,123.7
1787242818,btc,1798185600000,78000.0,put,40.6,0.13245327,0.1315,0.133,73420.75,235.6
1787242818,btc,1787904000000,71000.0,put,38.84,0.01420419,0.0135,0.0145,72330.67,137.1
1787242818,btc,1813910400000,76000.0,put,42.65,0.1632784,0.1615,0.1645,74989.97,14.2
1787242818,btc,1790323200000,80000.0,call,38.42,0.01492592,0.0145,0.0155,72597.71,3795.6
1787242818,btc,1787472000000,59000.0,call,87.5,0.18353078,0.1825,0.1855,72251.59,0.0
1787242818,btc,1813910400000,78000.0,call,42.49,0.13875377,0.1375,0.1405,74989.38,12.3
1787242818,btc,1787904000000,58000.0,call,62.14,0.19836234,0.197,0.2005,72330.67,155.0
1787242818,btc,1813910400000,62000.0,call,44.65,0.250601,0.2485,0.2535,74989.97,118.2
1787242818,btc,1790323200000,92000.0,put,44.65,0.27005171,0.2665,0.272,72597.71,4.3
1787242818,btc,1787472000000,68500.0,call,39.89,0.05281248,0.0515,0.0545,72251.59,55.5
1787242818,btc,1806048000000,58000.0,call,44.99,0.26094361,0.259,0.2645,74166.69,5.1
1787242818,btc,1806048000000,94000.0,call,41.04,0.04664465,0.046,0.0475,74166.69,132.9
1787242818,btc,1787904000000,53000.0,put,78.92,9.643e-05,,0.0001,72330.67,1857.0
1787242818,btc,1806048000000,72000.0,call,41.9,0.1417738,0.141,0.143,74166.69,96.3
1787242818,btc,1813910400000,50000.0,call,48.25,0.36824512,0.3655,0.373,74989.97,17.5
1787242818,btc,1787385600000,85000.0,call,98.76,0.00017171,0.0001,0.0003,72260.72,11.5
1787242818,btc,1787385600000,74000.0,put,47.17,0.02830376,0.027,0.0295,72260.72,0.0
1787242818,btc,1798185600000,55000.0,call,47.0,0.26915012,0.2675,0.2725,73419.68,44.9
1787242818,btc,1787385600000,73500.0,put,45.68,0.02278907,0.021,0.024,72260.06,0.0
1787242818,btc,1790323200000,52000.0,call,56.17,0.28536214,0.284,0.287,72597.71,150.0
1787242818,btc,1798185600000,240000.0,call,66.27,0.00023513,0.0001,0.0005,73419.68,804.5
1787242818,btc,1787904000000,69000.0,put,39.48,0.00642483,0.006,0.0065,72330.08,441.2
1787242818,btc,1787472000000,67500.0,put,44.2,0.00051034,0.0004,0.0006,72251.59,2.7
1787242818,btc,1806048000000,66000.0,put,42.92,0.0768575,0.076,0.0775,74166.69,125.1
1787242818,btc,1798185600000,75000.0,call,40.77,0.08623812,0.0855,0.0865,73420.75,1957.1
1787242818,btc,1787385600000,62000.0,call,91.28,0.14209536,0.141,0.1435,72260.72,0.1
1787242818,btc,1806048000000,35000.0,put,58.83,0.0062722,0.006,0.0065,74166.69,584.6
1787242818,btc,1813910400000,30000.0,call,59.87,0.60672993,0.605,0.6105,74989.97,38.7
1787242818,btc,1793347200000,73000.0,call,38.6,0.06693276,0.0665,0.0675,72880.85,197.3
1787242818,btc,1787904000000,61000.0,put,53.59,0.00035165,0.0003,0.0004,72330.67,1538.6
1787242818,btc,1787299200000,61000.0,put,88.96,2e-08,,0.0001,72234.26,1033.5
1787242818,btc,1787558400000,71000.0,call,36.56,0.02498476,0.0235,0.0265,72276.52,2.1
1787242818,btc,1793347200000,81000.0,put,38.21,0.13988412,0.1375,0.1415,72880.85,0.0
1787242818,btc,1790323200000,50000.0,put,59.33,0.00126456,0.0012,0.0013,72597.71,3696.6
1787242818,btc,1787472000000,73500.0,put,40.15,0.02405519,0.0225,0.025,72251.59,0.0
1787242818,btc,1787385600000,57000.0,put,94.53,1.3e-06,,0.0001,72260.72,6.3
1787242818,btc,1806048000000,64000.0,put,43.35,0.06694219,0.066,0.068,74166.69,139.8
1787242818,btc,1787904000000,61000.0,call,53.59,0.15705485,0.1555,0.159,72330.67,614.1
1787242818,btc,1806048000000,115000.0,put,42.31,0.56728803,0.5615,0.571,74166.69,2.2
1787242818,btc,1806048000000,35000.0,call,58.83,0.53437171,0.533,0.5365,74167.0,8.5
1787242818,btc,1813910400000,54000.0,put,46.79,0.04616599,0.045,0.047,74989.38,20.7
1787242818,btc,1793347200000,77000.0,call,38.24,0.04433977,0.0435,0.045,72880.85,29.8
1787242818,btc,1790323200000,140000.0,put,73.88,0.92849663,0.924,0.9315,72597.71,1.4
1787242818,btc,1787299200000,59000.0,put,98.97,0.0,,0.0001,72234.26,342.7
1787242818,btc,1787472000000,58000.0,call,87.5,0.19733367,0.196,0.1995,72252.18,0.0
1787242818,btc,1787472000000,71500.0,put,37.23,0.00807249,0.0075,0.0085,72251.59,15.6
1787242818,btc,1787385600000,68500.0,put,47.97,0.00064064,0.0005,0.0007,72260.06,18.6
1787242818,btc,1787904000000,70000.0,call,38.98,0.04193214,0.041,0.043,72330.67,2782.4
1787242818,btc,1806048000000,108000.0,put,41.76,0.4793767,0.474,0.483,74166.69,0.1
1787242818,btc,1787385600000,72500.0,call,43.36,0.01006887,0.0095,0.0105,72260.72,0.4
1787242818,btc,1806048000000,180000.0,call,50.02,0.00219894,0.002,0.0025,74166.69,639.5
1787242818,btc,1787472000000,67000.0,call,46.42,0.0731581,0.0715,0.0745,72251.59,64.3
1787242818,btc,1806048000000,84000.0,put,41.02,0.21058581,0.2075,0.2125,74167.0,55.1
1787242818,btc,1787472000000,70500.0,put,37.02,0.00389796,0.0035,0.004,72251.59,13.8
1787242818,btc,1787904000000,76000.0,put,41.15,0.057688,0.0555,0.0595,72330.08,5.4
1787242818,btc,1787472000000,58000.0,put,87.5,3.084e-05,,0.0001,72251.59,4.4
1787242818,btc,1793347200000,72000.0,put,38.67,0.06148564,0.061,0.062,72880.85,63.5
1787242818,btc,1787558400000,62000.0,call,63.55,0.14235197,0.141,0.1445,72276.52,0.0
1787242818,btc,1788508800000,76000.0,call,38.2,0.01252562,0.012,0.013,72405.65,663.9
1787242818,btc,1787385600000,73000.0,call,44.26,0.00751669,0.007,0.008,72260.06,69.7
1787242818,btc,1793347200000,50000.0,put,52.24,0.00400513,0.0037,0.0042,72880.85,364.9
1787242818,btc,1787472000000,77000.0,call,50.52,0.00136978,0.0012,0.0015,72251.59,29.2
1787242818,btc,1790323200000,120000.0,call,61.7,0.00035515,0.0002,0.0005,72597.71,1137.6
1787242818,btc,1787558400000,70000.0,put,36.99,0.003895,0.0035,0.004,72276.52,4.3
1787242818,btc,1793347200000,78000.0,call,38.21,0.0397812,0.039,0.04,72880.85,283.2
1787242818,btc,1790323200000,170000.0,put,84.7,1.34156236,1.333,1.3505,72597.71,0.0
1787242818,btc,1787904000000,72000.0,put,38.74,0.02011563,0.0195,0.0205,72330.08,482.4
1787242818,btc,1787299200000,62500.0,call,88.95,0.13481686,0.1335,0.137,72234.8,0.0
1787242818,btc,1788508800000,65000.0,call,40.46,0.1055477,0.104,0.1075,72405.65,299.8
1787242818,btc,1788508800000,66000.0,call,39.43,0.09294164,0.0915,0.095,72405.65,462.1
1787242818,btc,1806048000000,88000.0,call,40.97,0.06354635,0.063,0.0645,74167.0,74.7
1787242818,btc,1793347200000,83000.0,call,38.35,0.02276411,0.0225,0.0235,72880.85,0.0
1787242818,btc,1806048000000,74000.0,put,41.7,0.12663716,0.1255,0.1275,74166.69,54.1
1787242818,btc,1806048000000,170000.0,call,48.97,0.0028082,0.0025,0.0033,74166.69,251.8
1787242818,btc,1787385600000,66000.0,call,64.76,0.0869078,0.0855,0.088,72260.06,170.0
1787242818,btc,1787904000000,73000.0,put,39.05,0.02758979,0.027,0.028,72330.08,7.6
1787242818,btc,1787385600000,65000.0,call,69.91,0.10065025,0.0995,0.1025,72260.72,0.5
1787242818,btc,1806048000000,74000.0,call,41.7,0.12890471,0.128,0.13,74166.69,73.4
1787242818,btc,1798185600000,64000.0,put,42.82,0.04325763,0.0425,0.044,73419.68,326.5
1787242818,btc,1787904000000,84000.0,call,54.92,0.00099732,0.0009,0.0011,72330.67,76.1
1787242818,btc,1806048000000,54000.0,call,46.5,0.30331009,0.3015,0.3075,74167.0,0.1
1787242818,btc,1813910400000,96000.0,put,41.9,0.3481596,0.345,0.3515,74989.97,0.0
1787242818,btc,1790323200000,115000.0,call,59.41,0.00050114,0.0003,0.0007,72598.45,2185.0
1787242818,btc,1787904000000,60000.0,call,56.74,0.17082164,0.1695,0.173,72330.67,428.9
1787242818,btc,1813910400000,84000.0,put,42.13,0.22969503,0.2265,0.232,74989.97,0.1
1787242818,btc,1806048000000,120000.0,put,42.92,0.63158567,0.6245,0.638,74167.0,1.8
1787242818,btc,1793347200000,78000.0,put,38.21,0.11002045,0.109,0.111,72880.85,0.1
1787242818,btc,1787299200000,66000.0,call,73.84,0.08638267,0.0855,0.088,72234.8,1284.6
1787242818,btc,1806048000000,104000.0,put,41.51,0.43048408,0.425,0.434,74166.69,0.1
1787242818,btc,1787385600000,67500.0,put,54.0,0.00041356,0.0003,0.0005,72260.06,1.4
1787242818,btc,1787385600000,70500.0,put,42.34,0.00300843,0.0027,0.0032,72260.06,36.0
1787242818,btc,1787558400000,70500.0,call,36.94,0.03004288,0.0285,0.032,72276.52,0.4
1787242818,btc,1787558400000,66000.0,put,46.18,0.00040944,0.0003,0.0005,72276.52,3.5
1787242818,btc,1787904000000,57000.0,put,65.81,0.00016924,0.0001,0.0002,72330.67,1116.4
1787242818,btc,1806048000000,94000.0,put,41.04,0.31403452,0.3095,0.317,74166.69,9.1
1787242818,btc,1788508800000,67000.0,put,38.53,0.00612603,0.0055,0.0065,72405.65,71.7
1787242818,btc,1798185600000,100000.0,put,41.91,0.37646363,0.3735,0.3785,73419.68,303.3
1787242818,btc,1798185600000,75000.0,put,40.77,0.10774548,0.1065,0.1085,73419.68,926.2
1787242818,btc,1787904000000,70000.0,put,38.98,0.00966807,0.009,0.01,72330.08,265.5
1787242818,btc,1787904000000,60000.0,put,56.74,0.00029389,0.0002,0.0004,72330.67,2357.7
1787242818,btc,1787299200000,69000.0,put,53.38,0.00017312,0.0001,0.0003,72234.26,200.8
1787242818,btc,1790323200000,130000.0,call,67.65,0.00024877,0.0001,0.0005,72597.71,1425.7
1787242818,btc,1806048000000,76000.0,call,41.42,0.11663957,0.116,0.1175,74166.69,511.1
1787242818,btc,1813910400000,92000.0,call,41.92,0.07977293,0.0785,0.0815,74989.97,14.1
1787242818,btc,1793347200000,65000.0,put,40.65,0.02662827,0.026,0.027,72880.85,369.7
1787242818,btc,1793347200000,59000.0,put,44.0,0.01210912,0.0115,0.0125,72880.85,80.1
1787242818,btc,1787385600000,74000.0,call,47.17,0.00421815,0.0038,0.0043,72260.06,26.2
1787242818,btc,1790323200000,92000.0,call,44.65,0.00288812,0.0028,0.003,72597.71,488.0
1787242818,btc,1790323200000,125000.0,call,65.35,0.000322,0.0002,0.0006,72598.45,2326.9
1787242818,btc,1793347200000,82000.0,call,38.26,0.02545923,0.025,0.026,72880.85,1145.7
1787242818,btc,1798185600000,120000.0,put,45.69,0.63898719,0.629,0.6495,73419.68,35.7
1787242818,btc,1787299200000,60000.0,put,91.43,1e-08,,0.0001,72234.8,1715.6
1787242818,btc,1787904000000,56000.0,call,69.19,0.22597451,0.2245,0.228,72330.67,63.3
1787242818,btc,1788508800000,66000.0,put,39.43,0.0044743,0.0042,0.0046,72405.65,138.2
1787242818,btc,1787558400000,80000.0,put,55.92,0.10765116,0.1055,0.1105,72276.52,0.0
1787242818,btc,1813910400000,70000.0,put,43.28,0.12143003,0.12,0.1225,74989.38,11.7
1787242818,btc,1798185600000,220000.0,put,62.7,1.99668807,1.9795,2.0145,73419.68,0.0
1787242818,btc,1787558400000,72000.0,put,36.94,0.01286999,0.012,0.0135,72276.52,2.6
1787242818,btc,1806048000000,65000.0,call,43.12,0.19537103,0.1935,0.198,74166.69,364.2
1787242818,btc,1806048000000,130000.0,call,44.02,0.00917184,0.0085,0.01,74166.69,1122.0
1787242818,btc,1813910400000,180000.0,call,46.77,0.00504724,0.0049,0.006,74989.97,2.5
1787242818,btc,1787558400000,67000.0,put,42.77,0.0006307,0.0005,0.0007,72276.52,1.2
1787242818,btc,1790323200000,175000.0,call,84.7,4.745e-05,,0.0003,72597.71,1355.7
1787242818,btc,1793347200000,77000.0,put,38.24,0.10078988,0.0995,0.102,72880.85,0.0
1787242818,btc,1787904000000,74000.0,put,39.63,0.0365035,0.0355,0.0375,72330.08,3.4
1787242818,btc,1787904000000,50000.0,call,85.22,0.30881327,0.3075,0.3105,72330.67,51.0
1787242818,btc,1789113600000,76000.0,put,37.19,0.06614596,0.064,0.0675,72489.14,0.0
1787242818,btc,1806048000000,84000.0,call,41.02,0.07801636,0.077,0.079,74166.69,268.1
1787242818,btc,1787472000000,80000.0,call,63.98,0.00069166,0.0005,0.0009,72251.59,0.6
1787242818,btc,1813910400000,160000.0,call,45.31,0.00815404,0.0075,0.0085,74989.38,521.7
1787242818,btc,1813910400000,170000.0,put,46.07,1.27317422,1.2485,1.295,74989.38,14.6
1787242818,btc,1787558400000,75000.0,call,41.11,0.00421328,0.0039,0.0044,72276.52,3.9
1787242818,btc,1790323200000,86000.0,put,40.76,0.19043957,0.1875,0.1925,72598.45,11.6
1787242818,btc,1787299200000,75000.0,call,61.84,0.00090063,0.0007,0.001,72234.26,975.6
1787242818,btc,1790323200000,68000.0,call,38.98,0.08535723,0.0845,0.086,72598.45,959.1
1787242818,btc,1789113600000,73000.0,put,36.71,0.03942093,0.039,0.04,72488.5,0.0
1787242818,btc,1787472000000,66000.0,put,51.66,0.00030686,0.0002,0.0004,72251.59,17.6
1787242818,btc,1790323200000,280000.0,call,84.72,2e-08,,0.0002,72598.45,91.7
1787242818,btc,1798185600000,230000.0,call,64.2,0.00023521,0.0001,0.0005,73419.68,196.1
1787242818,btc,1787558400000,72000.0,call,36.94,0.01671266,0.0155,0.017,72276.52,84.2
1787242818,btc,1813910400000,98000.0,call,41.91,0.06290034,0.062,0.0645,74989.97,0.0
1787242818,btc,1787385600000,57000.0,call,94.53,0.211191,0.21,0.2125,72260.06,0.1
1787242818,btc,1798185600000,50000.0,put,50.34,0.01115758,0.0105,0.0115,73419.68,1986.5
1787242818,btc,1787904000000,65000.0,call,44.84,0.10268424,0.101,0.105,72330.67,1375.2
1787242818,btc,1787299200000,72500.0,put,47.02,0.00988368,0.009,0.0105,72234.8,13.7
1787242818,btc,1787299200000,63500.0,put,86.64,1.86e-06,,0.0001,72234.26,143.6
1787242818,btc,1787904000000,68000.0,put,40.35,0.00423052,0.0039,0.0043,72330.08,365.1
1787242818,btc,1787904000000,76000.0,call,41.15,0.00696693,0.0065,0.0075,72330.67,1509.1
1787242818,btc,1788508800000,55000.0,put,57.13,0.00026952,0.0002,0.0003,72405.65,212.5
1787242818,btc,1798185600000,54000.0,put,47.63,0.01657145,0.016,0.017,73420.75,1817.7
1787242818,btc,1789113600000,75000.0,call,36.96,0.02178313,0.021,0.0225,72488.5,47.0
1787242818,btc,1798185600000,92000.0,put,41.01,0.27844354,0.2755,0.28,73419.68,5.6
1787242818,btc,1787904000000,40000.0,call,94.02,0.44701864,0.4465,0.4485,72330.67,24.1
1787242818,btc,1806048000000,78000.0,put,41.24,0.157204,0.156,0.1585,74166.69,183.1
1787242818,btc,1787558400000,64000.0,call,55.44,0.11478677,0.113,0.117,72276.52,0.0
1787242818,btc,1790323200000,54000.0,call,52.66,0.25820832,0.257,0.26,72597.71,7.4
1787242818,btc,1798185600000,108000.0,call,43.46,0.00889274,0.0085,0.0095,73419.68,123.0
1787242818,btc,1798185600000,60000.0,put,44.34,0.02961901,0.029,0.03,73419.68,6604.0
1787242818,btc,1787299200000,55000.0,call,98.97,0.23863841,0.2375,0.24,72234.8,0.0
1787242818,btc,1813910400000,58000.0,call,45.61,0.28683821,0.285,0.291,74989.97,14.1
1787242818,btc,1798185600000,250000.0,put,67.82,2.40524254,2.3855,2.419,73419.68,10.0
1787242818,btc,1789113600000,69000.0,call,37.09,0.06433587,0.0625,0.066,72488.5,2.0
1787242818,btc,1787558400000,79000.0,put,52.69,0.09404566,0.0915,0.096,72276.52,0.0
1787242818,btc,1790323200000,85000.0,call,40.36,0.00689687,0.0065,0.0075,72598.45,1293.3
1787242818,btc,1806048000000,190000.0,put,51.26,1.56356526,1.541,1.5855,74166.69,0.9
1787242818,btc,1789113600000,78000.0,put,37.88,0.08764564,0.0855,0.089,72489.14,0.0
1787242818,btc,1798185600000,160000.0,call,54.26,0.00113462,0.0009,0.0014,73419.68,1223.1
1787242818,btc,1798185600000,88000.0,put,40.71,0.23254766,0.23,0.2345,73419.68,4.2
1787242818,btc,1790323200000,96000.0,put,47.44,0.32421522,0.321,0.3265,72598.45,1.0
1787242818,btc,1798185600000,96000.0,put,41.4,0.32659137,0.3235,0.329,73420.75,11.3
1787242818,btc,1798185600000,90000.0,call,40.87,0.02941175,0.029,0.0305,73419.68,3479.2
1787242818,btc,1806048000000,66000.0,call,42.92,0.1869657,0.186,0.188,74166.69,26.5
1787242818,btc,1787385600000,58000.0,call,94.53,0.19733901,0.1965,0.199,72260.06,0.0
1787242818,btc,1813910400000,62000.0,put,44.65,0.07731441,0.076,0.0785,74989.38,66.7
1787242818,btc,1806048000000,200000.0,put,52.3,1.69806883,1.671,1.7215,74166.69,1.0
1787242818,btc,1806048000000,45000.0,call,51.17,0.40817533,0.406,0.412,74166.69,3.3
1787242818,btc,1790323200000,30000.0,put,102.6,0.00017954,0.0001,0.0002,72598.45,2639.5
1787242818,btc,1789113600000,70000.0,put,36.91,0.0206976,0.02,0.021,72488.5,0.9
1787242818,btc,1788508800000,80000.0,put,41.43,0.10976453,0.107,0.1115,72405.65,6.5
1787242818,btc,1793347200000,95000.0,call,41.3,0.00665746,0.0065,0.007,72880.85,479.6
1787242818,btc,1788508800000,85000.0,call,46.6,0.0017699,0.0018,0.0022,72405.65,0.0
1787242818,btc,1806048000000,160000.0,call,47.25,0.00335362,0.0034,0.0035,74166.69,863.0
1787242818,btc,1790323200000,260000.0,call,84.7,7e-08,,0.0002,72597.71,291.8
1787242818,btc,1793347200000,50000.0,call,52.24,0.31795702,0.3165,0.32,72880.85,0.1
1787242818,btc,1787299200000,55000.0,put,98.97,0.0,,0.0001,72234.8,93.9
1787242818,btc,1798185600000,66000.0,put,42.23,0.0518793,0.051,0.0525,73419.68,369.3
1787242818,btc,1790323200000,82000.0,call,39.12,0.01090506,0.0105,0.0115,72598.45,3322.5
1787242818,btc,1806048000000,92000.0,put,40.99,0.29210704,0.2885,0.295,74166.69,0.6
1787242818,btc,1798185600000,190000.0,put,58.8,1.58832122,1.569,1.6075,73419.68,0.0
1787242818,btc,1798185600000,35000.0,call,65.52,0.52605545,0.5235,0.5275,73419.68,77.8
1787242818,btc,1787558400000,63000.0,put,59.25,0.00019227,0.0002,0.0003,72276.52,1.4
1787242818,btc,1798185600000,160000.0,put,54.26,1.18035032,1.1635,1.1945,73419.68,0.0
1787242818,btc,1798185600000,120000.0,call,45.69,0.00457541,0.0045,0.0049,73419.68,6031.4
1787242818,btc,1806048000000,72000.0,put,41.9,0.11255215,0.1115,0.113,74167.0,140.9
1787242818,btc,1787299200000,65000.0,call,83.26,0.10022184,0.099,0.1015,72234.26,1280.4
1787242818,btc,1787299200000,68000.0,put,63.63,0.00011137,,0.0002,72234.26,699.4
1787242818,btc,1798185600000,150000.0,call,52.18,0.0014828,0.0014,0.0018,73419.68,1626.3
1787242818,btc,1793347200000,58000.0,put,44.69,0.0106013,0.01,0.011,72880.85,159.7
1787242818,btc,1806048000000,58000.0,put,44.99,0.04295577,0.042,0.0435,74166.69,135.6
1787242818,btc,1787904000000,54000.0,put,75.69,0.00011157,,0.0001,72330.67,1732.4
1787242818,btc,1787904000000,81000.0,call,48.68,0.001708,0.0016,0.0019,72330.08,1448.6
1787242818,btc,1788508800000,67000.0,call,38.53,0.08078107,0.079,0.083,72405.65,981.1
1787242818,btc,1787904000000,95000.0,call,76.18,0.00027663,0.0002,0.0004,72330.67,117.8
1787242818,btc,1813910400000,100000.0,call,41.9,0.05804785,0.057,0.0595,74989.97,137.3
1787242818,btc,1787558400000,68000.0,call,39.99,0.0602588,0.059,0.062,72276.52,0.0
1787242818,btc,1787385600000,61000.0,call,93.65,0.1558817,0.1545,0.158,72260.06,0.0
1787242818,btc,1790323200000,88000.0,call,41.93,0.00454288,0.0044,0.0046,72597.71,659.5
1787242818,btc,1798185600000,66000.0,call,42.23,0.15295282,0.152,0.154,73419.68,293.6
1787242818,btc,1798185600000,102000.0,call,42.39,0.01285892,0.0125,0.0135,73419.68,286.2
1787242818,btc,1787904000000,69000.0,call,39.48,0.05251856,0.0515,0.0535,72330.67,2522.2
1787242818,btc,1806048000000,104000.0,call,41.51,0.02823425,0.0275,0.029,74166.69,102.7
1787242818,btc,1787904000000,95000.0,put,76.18,0.3136077,0.3105,0.316,72330.67,0.3
1787242818,btc,1793347200000,84000.0,call,38.46,0.02032304,0.02,0.021,72880.85,498.1
1787242818,btc,1798185600000,170000.0,call,56.15,0.00088452,0.0007,0.0012,73420.75,2378.5
1787242818,btc,1790323200000,65000.0,call,40.56,0.11737365,0.116,0.1195,72597.71,1299.5
1787242818,btc,1793347200000,85000.0,put,38.61,0.1844209,0.1815,0.1865,72880.85,0.0
1787242818,btc,1806048000000,130000.0,put,44.02,0.76198763,0.756,0.766,74166.69,0.4
1787242818,btc,1787299200000,72000.0,put,45.12,0.00608774,0.0055,0.0065,72234.26,26.6
1787242818,btc,1806048000000,80000.0,put,41.18,0.17429063,0.1715,0.176,74166.69,139.2
1787242818,btc,1787472000000,70000.0,call,37.36,0.03385936,0.0325,0.035,72252.18,126.9
1787242818,btc,1787472000000,64000.0,put,62.19,0.00018875,0.0001,0.0003,72251.59,30.5
1787242818,btc,1787472000000,80000.0,put,63.98,0.10786018,0.1055,0.11,72252.18,0.0
1787242818,btc,1787299200000,69000.0,call,53.38,0.04500905,0.044,0.046,72234.8,915.7
1787242818,btc,1788508800000,63000.0,put,42.97,0.00179421,0.0016,0.0019,72405.65,1237.2
1787242818,btc,1787904000000,62000.0,call,51.37,0.14330278,0.142,0.1455,72330.08,842.5
1787242818,btc,1788508800000,69000.0,call,37.56,0.0586339,0.0575,0.0595,72405.65,434.6
1787242818,btc,1787299200000,53000.0,call,98.97,0.26632428,0.2655,0.268,72234.8,0.0
1787242818,btc,1793347200000,52000.0,call,50.46,0.29172647,0.29,0.294,72880.85,0.1
1787242818,btc,1790323200000,300000.0,call,84.99,0.0,,0.0002,72598.45,192.1
1787242818,btc,1789113600000,68000.0,call,37.46,0.07452462,0.073,0.0765,72489.14,1.1
1787242818,btc,1806048000000,40000.0,call,54.74,0.47047158,0.469,0.4745,74166.69,81.3
1787242818,btc,1789113600000,71000.0,put,36.77,0.02602576,0.0255,0.0265,72489.14,0.2
1787242818,btc,1813910400000,64000.0,call,44.23,0.23367333,0.2305,0.236,74989.38,51.0
1787242818,btc,1790323200000,135000.0,call,70.56,0.00021824,0.0001,0.0004,72597.71,279.0
1787242818,btc,1790323200000,72000.0,put,37.94,0.04308058,0.0425,0.0435,72597.71,273.9
1787242818,btc,1806048000000,85000.0,put,41.0,0.22018737,0.2165,0.2225,74166.69,0.9
1787242818,btc,1813910400000,180000.0,put,46.77,1.40518292,1.381,1.433,74989.38,0.0
1787242818,btc,1787904000000,55000.0,call,71.79,0.23976869,0.2385,0.2415,72330.67,11.7
1787242818,btc,1790323200000,62000.0,put,42.78,0.00720394,0.007,0.0075,72597.71,1128.0
1787242818,btc,1787385600000,69500.0,call,43.99,0.03948201,0.038,0.041,72260.06,23.9
1787242818,btc,1806048000000,55000.0,call,46.08,0.29240236,0.2905,0.296,74166.69,28.6
1787242818,btc,1806048000000,62000.0,call,43.83,0.22207108,0.22,0.2255,74166.69,42.9
1787242818,btc,1793347200000,75000.0,put,38.38,0.08374529,0.0825,0.0845,72880.85,18.3
1787242818,btc,1787904000000,110000.0,call,100.35,0.00010208,,0.0001,72330.67,322.0
1787242818,btc,1813910400000,150000.0,put,44.59,1.0107963,1.002,1.0325,74989.97,0.1
1787242818,btc,1790323200000,120000.0,put,61.7,0.65317281,0.649,0.656,72597.71,174.5
1787242818,btc,1793347200000,92000.0,call,39.95,0.00850223,0.008,0.009,72880.85,6.6
1787242818,btc,1813910400000,52000.0,call,47.43,0.34675058,0.344,0.3515,74989.38,1.1
1787242818,btc,1787904000000,94000.0,call,73.75,0.00028142,0.0002,0.0004,72330.67,212.1
1787242818,btc,1787299200000,62000.0,put,88.95,1.9e-07,,0.0001,72234.26,966.1
1787242818,btc,1788508800000,58000.0,put,52.03,0.00055815,0.0005,0.0006,72406.07,369.4
1787242818,btc,1790323200000,50000.0,call,59.33,0.31258921,0.311,0.3145,72597.71,30.5
1787242818,btc,1787904000000,96000.0,call,78.02,0.00025577,0.0002,0.0004,72330.08,47.6
1787242818,btc,1790323200000,96000.0,call,47.44,0.00196109,0.0019,0.0021,72598.45,301.8
1787242818,btc,1806048000000,112000.0,call,42.07,0.01923722,0.0185,0.0205,74166.69,62.6
1787242818,btc,1793347200000,84000.0,put,38.46,0.17288839,0.17,0.175,72880.85,0.5
1787242818,btc,1806048000000,82000.0,call,41.0,0.08616833,0.0855,0.0865,74166.69,742.6
1787242818,btc,1793347200000,67000.0,call,39.91,0.11505288,0.114,0.1165,72880.85,119.5
1787242818,btc,1790323200000,55000.0,call,51.18,0.2447844,0.2435,0.2465,72598.45,143.7
1787242818,btc,1787558400000,67500.0,call,41.14,0.06689997,0.0655,0.069,72276.52,0.0
1787242818,btc,1789113600000,60000.0,call,45.34,0.17406544,0.1725,0.176,72488.5,0.0
1787242818,btc,1787472000000,71500.0,call,37.23,0.01847708,0.0175,0.019,72251.59,18.9
1787242818,btc,1787472000000,69000.0,put,38.6,0.00117607,0.001,0.0013,72251.59,54.5
1787242818,btc,1787299200000,58000.0,put,98.97,0.0,,0.0001,72234.26,538.3
1787242818,btc,1813910400000,88000.0,call,42.0,0.09354407,0.0925,0.095,74989.97,7.3
1787242818,btc,1798185600000,74000.0,put,40.84,0.1001211,0.099,0.101,73420.75,106.3
1787242818,btc,1813910400000,45000.0,call,50.51,0.42424337,0.421,0.429,74989.97,0.5
1787242818,btc,1789113600000,73000.0,call,36.71,0.03236672,0.0315,0.033,72489.14,0.0
1787242818,btc,1787385600000,63000.0,put,84.73,0.00014259,,0.0002,72260.72,65.8
1787242818,btc,1790323200000,74000.0,call,37.81,0.0385641,0.038,0.039,72597.71,1493.5
1787242818,btc,1813910400000,54000.0,call,46.79,0.32612528,0.3215,0.3305,74989.97,0.9
1787242818,btc,1787472000000,60000.0,call,85.78,0.16974084,0.1685,0.172,72252.18,0.0
1787242818,btc,1798185600000,84000.0,call,40.56,0.0455473,0.045,0.0465,73419.68,737.9
1787242818,btc,1793347200000,65000.0,call,40.65,0.13480327,0.134,0.136,72880.85,440.0
1787242818,btc,1787299200000,69500.0,call,50.0,0.0381916,0.037,0.04,72234.8,70.6
1787242818,btc,1787904000000,85000.0,call,56.24,0.00078744,0.0007,0.0009,72330.67,1440.0
1787242818,btc,1790323200000,76000.0,put,37.84,0.07520753,0.0745,0.0765,72598.45,599.6
1787242818,btc,1787904000000,98000.0,call,80.52,0.00019564,0.0001,0.0003,72330.67,217.9
1787242818,btc,1790323200000,54000.0,put,52.66,0.00202702,0.0019,0.0022,72597.71,641.1
1787242818,btc,1787904000000,100000.0,call,84.34,0.00017766,0.0001,0.0003,72330.67,178.1
1787242818,btc,1798185600000,76000.0,call,40.71,0.080545,0.08,0.081,73419.68,474.3
1787242818,btc,1788508800000,60000.0,call,47.78,0.17214826,0.171,0.1745,72406.07,0.4
1787242818,btc,1813910400000,86000.0,put,42.07,0.24804699,0.245,0.2505,74989.38,0.1
1787242818,btc,1787904000000,82000.0,call,50.68,0.00139419,0.0013,0.0015,72330.08,1506.4
1787242818,btc,1813910400000,92000.0,put,41.92,0.30650895,0.303,0.3095,74989.38,0.1
1787242818,btc,1798185600000,104000.0,call,42.68,0.01128114,0.011,0.012,73419.68,86.4
1787242818,btc,1790323200000,66000.0,call,39.93,0.10616356,0.105,0.107,72597.71,973.8
1787242818,btc,1790323200000,155000.0,put,82.65,1.1350687,1.127,1.141,72597.71,0.1
1787242818,btc,1788508800000,78000.0,put,39.37,0.0848487,0.0825,0.0865,72405.65,7.2
1787242818,btc,1789113600000,66000.0,call,38.67,0.0970551,0.0955,0.099,72489.14,0.0
1787242818,btc,1790323200000,105000.0,call,53.36,0.0009428,0.0009,0.0011,72597.71,1215.6
1787242818,btc,1798185600000,88000.0,call,40.71,0.03397902,0.0335,0.035,73419.68,2899.1
1787242818,btc,1793347200000,72000.0,call,38.67,0.07363619,0.073,0.075,72880.85,343.5
1787242818,btc,1813910400000,56000.0,put,46.17,0.05283391,0.0515,0.054,74989.38,84.6
1787242818,btc,1806048000000,105000.0,put,41.57,0.44258448,0.438,0.446,74166.69,0.5
1787242818,btc,1787904000000,80000.0,put,47.14,0.10818652,0.1055,0.11,72330.67,29.6
1787242818,btc,1793347200000,63000.0,call,41.62,0.15618816,0.1545,0.1585,72881.36,153.2
1787242818,btc,1793347200000,90000.0,put,39.47,0.24529404,0.2425,0.2475,72880.85,0.1
1787242818,btc,1813910400000,105000.0,put,42.0,0.44789142,0.4435,0.452,74989.38,0.1
1787242818,btc,1787558400000,78000.0,call,49.22,0.00134453,0.0013,0.0015,72276.52,24.8
1787242818,btc,1787904000000,52000.0,put,80.69,6.925e-05,,0.0001,72330.67,1198.0
1787242818,btc,1787558400000,69500.0,put,37.45,0.0028021,0.0025,0.0029,72276.52,1.3
1787242818,btc,1793347200000,73000.0,put,38.6,0.06850234,0.0675,0.069,72880.85,1.0
1787242818,btc,1790323200000,82000.0,put,39.12,0.14033046,0.1375,0.1415,72597.71,194.9
1787242818,btc,1806048000000,112000.0,put,42.07,0.52931877,0.5235,0.535,74166.69,0.1
1787242818,btc,1798185600000,58000.0,call,45.29,0.23443761,0.233,0.237,73419.68,40.3
1787242818,btc,1787904000000,65000.0,put,44.84,0.00127918,0.0012,0.0014,72330.67,2253.0
1787242818,btc,1793347200000,56000.0,put,46.54,0.00836526,0.008,0.0085,72880.85,452.7
1787242818,btc,1793347200000,79000.0,call,38.17,0.03563379,0.035,0.036,72881.36,64.6
1787242818,btc,1787299200000,62000.0,call,88.95,0.14173803,0.141,0.143,72234.26,60.2
1787242818,btc,1787385600000,63000.0,call,84.73,0.12828238,0.127,0.13,72260.06,0.1
1787242818,btc,1788508800000,62000.0,put,44.54,0.00137217,0.0012,0.0015,72405.65,815.5
1787242818,btc,1790323200000,66000.0,put,39.93,0.01522848,0.0145,0.0155,72597.71,960.7
1787242818,btc,1813910400000,90000.0,call,41.93,0.08630064,0.085,0.0875,74989.38,97.1
1787242818,btc,1787472000000,69000.0,call,38.6,0.04624323,0.045,0.048,72251.59,682.5
1787242818,btc,1798185600000,85000.0,call,40.59,0.04235232,0.042,0.043,73420.75,2286.6
1787242818,btc,1798185600000,98000.0,put,41.7,0.35142195,0.348,0.354,73419.68,1.2
1787242818,btc,1806048000000,78000.0,call,41.24,0.10554007,0.1045,0.1065,74166.69,526.8
1787242818,btc,1787904000000,90000.0,put,66.34,0.24463042,0.2415,0.247,72330.67,11.1
1787242818,btc,1787472000000,61000.0,put,80.37,0.00013773,0.0001,0.0002,72251.59,0.7
1787242818,btc,1787904000000,85000.0,put,56.24,0.17587314,0.173,0.178,72330.67,0.8
1787242818,btc,1790323200000,200000.0,put,84.7,1.75470269,1.7445,1.762,72597.71,0.1
1787242818,btc,1787904000000,68000.0,call,40.35,0.06415266,0.0625,0.0665,72330.67,1550.2
1787242818,btc,1787904000000,52000.0,call,80.69,0.28119329,0.28,0.283,72330.67,51.0
1787242818,btc,1787385600000,77000.0,put,59.53,0.06659933,0.0645,0.068,72260.72,0.0
1787242818,btc,1798185600000,78000.0,call,40.6,0.07008562,0.0695,0.0705,73419.68,856.4
1787242818,btc,1790323200000,85000.0,put,40.36,0.17764272,0.1745,0.1795,72597.71,453.0
1787242818,btc,1787904000000,54000.0,call,75.69,0.25358654,0.252,0.2555,72330.67,12.0
1787242818,btc,1789113600000,66000.0,put,38.67,0.00754246,0.007,0.008,72489.14,1.6
1787242818,btc,1787385600000,60000.0,call,94.53,0.16968594,0.1685,0.1715,72260.06,0.1
1787242818,btc,1787385600000,67000.0,call,57.24,0.07313206,0.0715,0.0745,72260.06,94.2
1787242818,btc,1787299200000,70000.0,call,47.93,0.03151182,0.0305,0.033,72234.26,1069.7
1787242818,btc,1798185600000,95000.0,put,41.27,0.31434701,0.311,0.3165,73419.68,85.9
1787242818,btc,1787385600000,71500.0,call,41.98,0.01725012,0.016,0.0175,72260.06,2.5
1787242818,eth,1789113600000,2100.0,call,52.02,0.109657,0.1075,0.112,2319.79,1.0
1787242818,eth,1813910400000,1900.0,call,56.21,0.301751,0.2945,0.3095,2384.35,116.0
1787242818,eth,1787299200000,1840.0,call,194.25,0.20587,0.204,0.209,2316.74,0.0
1787242818,eth,1806048000000,2000.0,put,55.18,0.090902,0.0895,0.092,2360.32,1484.0
1787242818,eth,1790323200000,2100.0,put,51.84,0.025229,0.0245,0.0255,2320.83,3181.0
1787242818,eth,1787558400000,2320.0,call,58.3,0.022878,0.022,0.0235,2318.02,127.0
1787242818,eth,1789113600000,2400.0,put,52.29,0.070703,0.0675,0.0725,2319.79,0.0
1787242818,eth,1788508800000,2050.0,put,54.93,0.006792,0.0065,0.007,2319.24,909.0
1787242818,eth,1790323200000,16000.0,put,130.17,5.893848,5.8465,5.9195,2320.91,30.0
1787242818,eth,1790323200000,2050.0,put,52.42,0.019889,0.0195,0.02,2320.91,556.0
1787242818,eth,1787472000000,1940.0,put,96.07,0.000398,0.0003,0.0005,2317.43,1.0
1787242818,eth,1787385600000,2440.0,call,80.62,0.005056,0.0047,0.0055,2316.81,22.0
1787242818,eth,1806048000000,4500.0,put,57.02,0.925339,0.9065,0.941,2360.32,0.0
1787242818,eth,1790323200000,1600.0,call,64.97,0.312828,0.3105,0.3155,2320.91,3524.0
1787242818,eth,1787385600000,2240.0,put,66.1,0.005648,0.005,0.006,2316.81,365.0
1787242818,eth,1806048000000,3000.0,put,54.55,0.354146,0.3465,0.358,2360.32,352.0
1787242818,eth,1788508800000,1750.0,call,70.8,0.246573,0.244,0.249,2319.39,0.0
1787242818,eth,1798185600000,5200.0,put,63.22,1.22782,1.2115,1.2415,2337.29,0.0
1787242818,eth,1787472000000,2020.0,put,81.43,0.000582,0.0004,0.0007,2317.43,108.0
1787242818,eth,1798185600000,4800.0,call,61.29,0.00442,0.0041,0.0049,2337.13,2772.0
1787242818,eth,1813910400000,4400.0,call,56.74,0.040987,0.0395,0.0425,2384.43,0.0
1787242818,eth,1813910400000,2000.0,put,55.93,0.116497,0.115,0.118,2384.35,1801.0
1787242818,eth,1787472000000,2300.0,put,59.68,0.016679,0.016,0.017,2317.43,645.0
1787242818,eth,1788508800000,1600.0,call,82.67,0.310756,0.309,0.313,2319.39,18.0
1787242818,eth,1790323200000,2050.0,call,52.42,0.136615,0.1355,0.138,2320.91,19.0
1787242818,eth,1787385600000,1980.0,call,109.24,0.145806,0.144,0.1485,2316.81,665.0
1787242818,eth,1787472000000,2400.0,call,65.47,0.009162,0.0085,0.0095,2317.43,286.0
1787242818,eth,1798185600000,2700.0,put,53.17,0.225482,0.223,0.228,2337.13,446.0
1787242818,eth,1787385600000,1700.0,put,173.14,0.000121,,0.0002,2316.66,348.0
1787242818,eth,1790323200000,7500.0,call,104.42,2.3e-05,,0.0002,2320.91,1322.0
1787242818,eth,1790323200000,6800.0,put,104.42,1.929957,1.9125,1.9405,2320.83,0.0
1787242818,eth,1787558400000,2550.0,put,74.08,0.103656,0.1005,0.1065,2318.18,0.0
1787242818,eth,1787472000000,2220.0,put,59.05,0.005386,0.005,0.0055,2317.43,617.0
1787242818,eth,1787558400000,2420.0,call,63.83,0.009747,0.0095,0.01,2318.18,0.0
1787242818,eth,1798185600000,7000.0,call,70.48,0.000903,0.0006,0.0013,2337.13,2920.0
1787242818,eth,1790323200000,2250.0,put,51.17,0.048655,0.048,0.049,2320.83,1025.0
1787242818,eth,1789113600000,2350.0,call,51.8,0.044421,0.0435,0.045,2319.79,0.0
1787242818,eth,1787904000000,2250.0,call,56.85,0.049479,0.0485,0.0505,2319.26,3876.0
1787242818,eth,1798185600000,1800.0,put,55.31,0.033998,0.033,0.0345,2337.13,5339.0
1787242818,eth,1787299200000,1400.0,call,194.25,0.395729,0.3945,0.398,2316.59,10.0
1787242818,eth,1787299200000,2020.0,call,148.4,0.128422,0.126,0.131,2316.74,0.0
1787242818,eth,1813910400000,1400.0,put,60.0,0.036732,0.0355,0.038,2384.35,1784.0
1787242818,eth,1787385600000,2340.0,put,69.64,0.024192,0.023,0.025,2316.66,22.0
1787242818,eth,1787472000000,2340.0,call,61.26,0.016425,0.016,0.017,2317.43,601.0
1787242818,eth,1787385600000,2150.0,put,72.77,0.0013,0.0012,0.0015,2316.81,92.0
1787242818,eth,1813910400000,1600.0,call,57.99,0.385296,0.378,0.394,2384.43,389.0
1787242818,eth,1798185600000,5000.0,call,62.25,0.00368,0.0034,0.0042,2337.29,4542.0
1787242818,eth,1806048000000,2900.0,put,54.49,0.321349,0.3135,0.325,2360.47,258.0
1787242818,eth,1813910400000,4500.0,call,56.84,0.038162,0.037,0.0395,2384.35,1285.0
1787242818,eth,1787472000000,1700.0,call,132.17,0.266516,0.265,0.2695,2317.28,0.0
1787242818,eth,1790323200000,4500.0,call,85.25,0.000773,0.0006,0.0009,2320.91,8360.0
1787242818,eth,1787385600000,2080.0,call,86.36,0.10293,0.101,0.106,2316.66,716.0
1787242818,eth,1787904000000,1100.0,put,136.84,3e-06,,0.0002,2319.41,2239.0
1787242818,eth,1806048000000,4400.0,put,56.85,0.884773,0.8685,0.892,2360.32,0.0
1787242818,eth,1793347200000,1600.0,put,59.13,0.007198,0.0065,0.0075,2326.94,2169.0
1787242818,eth,1787558400000,2180.0,call,57.86,0.063747,0.0615,0.0665,2318.18,0.0
1787242818,eth,1813910400000,4200.0,call,56.47,0.047162,0.046,0.0485,2384.35,15.0
1787242818,eth,1787558400000,2380.0,call,61.37,0.013723,0.013,0.014,2318.18,34.0
1787242818,eth,1790323200000,7000.0,call,104.42,5.2e-05,,0.0002,2320.91,2033.0
1787242818,eth,1790323200000,11000.0,put,110.93,3.739521,3.7085,3.7615,2320.91,0.0
1787242818,eth,1789113600000,2250.0,call,51.18,0.065511,0.0635,0.069,2319.79,0.0
1787242818,eth,1790323200000,3300.0,put,64.61,0.425802,0.4195,0.4305,2320.83,3.0
1787242818,eth,1806048000000,1000.0,call,69.06,0.584019,0.5805,0.5885,2360.32,270.0
1787242818,eth,1813910400000,3300.0,call,55.49,0.093652,0.0925,0.095,2384.35,2239.0
1787242818,eth,1787385600000,2320.0,put,68.26,0.019012,0.0185,0.0195,2316.66,228.0
1787242818,eth,1787385600000,2400.0,put,75.57,0.04335,0.0395,0.0455,2316.81,0.0
1787242818,eth,1813910400000,1500.0,call,58.88,0.416632,0.41,0.4245,2384.43,50.0
1787242818,eth,1787472000000,2460.0,put,70.55,0.066755,0.063,0.069,2317.43,0.0
1787242818,eth,1790323200000,8000.0,call,104.42,1.1e-05,,0.0002,2320.91,1092.0
1787242818,eth,1787472000000,2360.0,put,62.59,0.031902,0.0305,0.033,2317.28,41.0
1787242818,eth,1787472000000,2380.0,call,63.97,0.011126,0.0105,0.0115,2317.28,215.0
1787242818,eth,1787299200000,1750.0,call,194.25,0.244667,0.243,0.2475,2316.74,71.0
1787242818,eth,1798185600000,6500.0,put,68.67,1.782108,1.7585,1.7995,2337.13,0.0
1787242818,eth,1790323200000,4200.0,put,80.82,0.810708,0.803,0.817,2320.83,551.0
1787242818,eth,1806048000000,3600.0,call,55.32,0.044317,0.0435,0.0455,2360.32,2290.0
1787242818,eth,1787558400000,2080.0,call,65.45,0.103995,0.102,0.107,2318.18,0.0
1787242818,eth,1787472000000,1840.0,call,115.71,0.206304,0.2045,0.209,2317.43,0.0
1787242818,eth,1788508800000,2400.0,call,54.14,0.02879,0.0285,0.0295,2319.24,1773.0
1787242818,eth,1806048000000,3400.0,put,55.01,0.494815,0.487,0.5,2360.32,6.0
1787242818,eth,1787385600000,1700.0,call,173.14,0.266382,0.2645,0.269,2316.66,0.0
1787242818,eth,1793347200000,1400.0,call,64.95,0.401673,0.3995,0.405,2326.79,50.0
1787242818,eth,1798185600000,2600.0,call,53.0,0.082311,0.0815,0.083,2337.13,6585.0
1787242818,eth,1813910400000,2400.0,call,55.28,0.198063,0.1965,0.2,2384.35,968.0
1787242818,eth,1813910400000,5000.0,call,57.53,0.02742,0.0265,0.029,2384.35,1107.0
1787242818,eth,1813910400000,2500.0,put,55.28,0.230599,0.2275,0.233,2384.35,6.0
1787242818,eth,1793347200000,1850.0,put,54.26,0.01901,0.0185,0.0195,2326.94,1269.0
1787242818,eth,1787385600000,1750.0,call,165.44,0.244862,0.243,0.2475,2316.66,0.0
1787242818,eth,1787472000000,2100.0,call,69.08,0.094919,0.093,0.098,2317.28,131.0
1787242818,eth,1787904000000,1750.0,put,89.22,0.000578,0.0005,0.0007,2319.41,23182.0
1787242818,eth,1787299200000,2280.0,put,67.65,0.005104,0.0047,0.0055,2316.59,857.0
1787242818,eth,1798185600000,4200.0,call,58.57,0.008391,0.008,0.009,2337.13,4575.0
1787242818,eth,1793347200000,2550.0,call,51.63,0.054393,0.054,0.055,2326.94,323.0
1787242818,eth,1790323200000,8500.0,call,104.42,5e-06,,0.0001,2320.83,1253.0
1787242818,eth,1787558400000,2300.0,call,57.55,0.027003,0.026,0.0275,2318.02,26.0
1787242818,eth,1806048000000,5000.0,put,58.11,1.130743,1.109,1.1485,2360.32,0.0
1787242818,eth,1787385600000,2250.0,call,66.02,0.035568,0.034,0.0365,2316.81,1486.0
1787242818,eth,1790323200000,4500.0,put,85.25,0.939667,0.9285,0.9465,2320.91,6.0
1787242818,eth,1787385600000,2050.0,put,93.13,0.000567,0.0004,0.0007,2316.66,750.0
1787242818,eth,1793347200000,3200.0,call,56.05,0.013324,0.013,0.014,2326.94,1466.0
1787242818,eth,1787472000000,1820.0,call,116.67,0.214867,0.213,0.2175,2317.43,0.0
1787242818,eth,1787904000000,1400.0,put,130.66,0.000172,0.0001,0.0003,2319.41,7849.0
1787242818,eth,1787299200000,2100.0,call,113.74,0.093939,0.0915,0.097,2316.74,6193.0
1787242818,eth,1806048000000,800.0,call,75.1,0.665032,0.6625,0.669,2360.47,0.0
1787242818,eth,1806048000000,4400.0,call,56.85,0.020738,0.02,0.022,2360.32,1281.0
1787242818,eth,1798185600000,3000.0,put,53.87,0.327419,0.321,0.3305,2337.29,781.0
1787242818,eth,1787558400000,1900.0,call,90.2,0.180775,0.1785,0.1835,2318.02,0.0
1787242818,eth,1790323200000,2500.0,put,52.29,0.113074,0.1115,0.1145,2320.91,2990.0
1787242818,eth,1787299200000,2020.0,put,148.4,0.000299,,0.0004,2316.59,2013.0
1787242818,eth,1790323200000,13000.0,call,119.8,0.0,,0.0003,2320.91,1873.0
1787242818,eth,1788508800000,2250.0,put,52.57,0.028126,0.0275,0.0285,2319.39,528.0
1787242818,eth,1790323200000,7200.0,put,104.42,2.102269,2.0885,2.115,2320.91,0.0
1787242818,eth,1813910400000,1900.0,put,56.21,0.098574,0.097,0.1,2384.35,3113.0
1787242818,eth,1798185600000,4500.0,call,59.82,0.005938,0.0055,0.0065,2337.29,2942.0
1787242818,eth,1787472000000,1900.0,call,103.23,0.180457,0.1785,0.183,2317.28,0.0
1787242818,eth,1793347200000,1000.0,put,80.06,0.000625,0.0004,0.0009,2326.79,1951.0
1787242818,eth,1787385600000,1880.0,call,134.48,0.188861,0.187,0.192,2316.66,0.0
1787242818,eth,1813910400000,1400.0,call,60.0,0.4496,0.4435,0.457,2384.35,50.0
1787242818,eth,1787385600000,2120.0,call,78.17,0.08593,0.084,0.089,2316.66,122.0
1787242818,eth,1806048000000,2300.0,call,54.53,0.177729,0.176,0.179,2360.32,7621.0
1787242818,eth,1787472000000,1820.0,put,116.67,0.000219,0.0001,0.0003,2317.28,42.0
1787242818,eth,1788508800000,2500.0,call,56.38,0.017792,0.0175,0.0185,2319.24,319.0
1787242818,eth,1787904000000,1850.0,call,78.4,0.203289,0.201,0.2055,2319.41,4642.0
1787242818,eth,1790323200000,6400.0,call,103.99,0.000132,,0.0002,2320.91,1918.0
1787242818,eth,1806048000000,6000.0,call,60.38,0.006162,0.0055,0.007,2360.32,5191.0
1787242818,eth,1798185600000,3500.0,put,55.6,0.518231,0.5085,0.5235,2337.13,51.0
1787242818,eth,1787299200000,2400.0,call,85.33,0.003195,0.003,0.0034,2316.59,4254.0
1787242818,eth,1787385600000,2380.0,call,73.01,0.009146,0.0085,0.0095,2316.81,291.0
1787242818,eth,1787299200000,1900.0,put,188.91,0.000153,,0.0002,2316.74,1804.0
1787242818,eth,1787558400000,2120.0,call,61.92,0.087453,0.085,0.0905,2318.18,0.0
1787242818,eth,1787904000000,1200.0,call,136.84,0.482643,0.481,0.4845,2319.26,69.0
1787242818,eth,1788508800000,2500.0,put,56.38,0.095666,0.0915,0.098,2319.24,10.0
1787242818,eth,1793347200000,3400.0,put,57.81,0.470284,0.461,0.475,2326.79,0.0
1787242818,eth,1806048000000,3500.0,put,55.16,0.531828,0.52,0.5375,2360.32,24.0
1787242818,eth,1790323200000,3500.0,put,68.41,0.510762,0.502,0.5155,2320.91,1133.0
1787242818,eth,1788508800000,1900.0,put,61.13,0.002405,0.0022,0.0026,2319.39,859.0
1787242818,eth,1798185600000,5200.0,call,63.22,0.003107,0.0028,0.0036,2337.29,8819.0
1787242818,eth,1790323200000,6500.0,call,104.05,0.000113,,0.0002,2320.91,1337.0
1787242818,eth,1787299200000,2500.0,call,104.39,0.000792,0.0006,0.001,2316.74,1784.0
1787242818,eth,1787472000000,2060.0,put,74.7,0.000757,0.0006,0.0009,2317.43,406.0
1787242818,eth,1787472000000,2150.0,put,63.02,0.001915,0.0017,0.002,2317.28,12.0
1787242818,eth,1793347200000,2250.0,call,51.37,0.105993,0.105,0.107,2326.79,824.0
1787242818,eth,1788508800000,2350.0,call,53.31,0.036598,0.036,0.037,2319.39,634.0
1787242818,eth,1793347200000,1900.0,put,53.57,0.0229,0.0225,0.0235,2326.94,858.0
1787242818,eth,1793347200000,2900.0,put,53.64,0.271068,0.264,0.274,2326.79,0.0
1787242818,eth,1790323200000,8000.0,put,104.42,2.446934,2.4245,2.461,2320.91,0.0
1787242818,eth,1787472000000,2040.0,put,77.86,0.000651,0.0005,0.0008,2317.28,45.0
1787242818,eth,1790323200000,6800.0,call,104.42,7.2e-05,,0.0002,2320.83,1462.0
1787242818,eth,1806048000000,900.0,call,72.07,0.624357,0.621,0.628,2360.32,68.0
1787242818,eth,1798185600000,4600.0,put,60.38,0.973414,0.9575,0.985,2337.13,0.0
1787242818,eth,1787904000000,2500.0,call,64.22,0.011475,0.011,0.012,2319.41,31995.0
1787242818,eth,1790323200000,3600.0,call,70.37,0.002339,0.0021,0.0026,2320.91,2704.0
1787242818,eth,1787385600000,2400.0,call,75.57,0.007483,0.007,0.008,2316.66,550.0
1787242818,eth,1790323200000,4600.0,put,86.32,0.982657,0.9745,0.9895,2320.83,38.0
1787242818,eth,1806048000000,900.0,put,72.07,0.005637,0.005,0.006,2360.47,767.0
1787242818,eth,1787299200000,2120.0,put,106.35,0.000391,0.0002,0.0005,2316.59,630.0
1787242818,eth,1813910400000,2600.0,put,55.26,0.257799,0.254,0.2605,2384.35,0.0
1787242818,eth,1790323200000,15000.0,put,127.3,5.462982,5.4175,5.487,2320.91,0.0
1787242818,eth,1790323200000,12000.0,put,115.57,4.170386,4.1335,4.189,2320.91,0.0
1787242818,eth,1787558400000,2160.0,call,59.03,0.071443,0.069,0.074,2318.18,0.0
1787242818,eth,1787472000000,1860.0,put,110.96,0.000289,0.0002,0.0004,2317.28,110.0
1787242818,eth,1793347200000,2300.0,put,51.25,0.083569,0.083,0.084,2326.79,377.0
1787242818,eth,1788508800000,2600.0,put,59.19,0.132194,0.1285,0.1345,2319.39,0.0
1787242818,eth,1793347200000,3600.0,put,59.54,0.553524,0.5445,0.5585,2326.79,0.0
1787242818,eth,1798185600000,3000.0,call,53.87,0.043931,0.0435,0.045,2337.13,7032.0
1787242818,eth,1787558400000,2080.0,put,65.45,0.001262,0.0011,0.0014,2318.18,0.0
1787242818,eth,1787472000000,1780.0,call,123.67,0.232091,0.23,0.235,2317.43,0.0
1787242818,eth,1798185600000,4200.0,put,58.57,0.805275,0.794,0.8115,2337.13,62.0
1787242818,eth,1806048000000,2100.0,call,54.9,0.219678,0.218,0.221,2360.47,908.0
1787242818,eth,1806048000000,1300.0,call,62.4,0.467453,0.4635,0.4725,2360.32,18.0
1787242818,eth,1798185600000,2200.0,put,52.98,0.093204,0.0925,0.094,2337.29,9336.0
1787242818,eth,1787558400000,2460.0,put,66.73,0.068185,0.064,0.071,2318.02,0.0
1787242818,eth,1788508800000,2150.0,call,52.96,0.087255,0.086,0.0885,2319.39,221.0
1787242818,eth,1790323200000,1500.0,call,69.31,0.355115,0.353,0.3575,2320.91,969.0
1787242818,eth,1793347200000,2200.0,put,51.52,0.063161,0.0625,0.0635,2326.79,357.0
1787242818,eth,1787904000000,3000.0,put,90.92,0.294821,0.2905,0.298,2319.26,5.0
1787242818,eth,1787385600000,1820.0,put,145.87,0.000198,0.0001,0.0003,2316.66,333.0
1787242818,eth,1787385600000,2340.0,call,69.64,0.014222,0.0135,0.0145,2316.81,383.0
1787242818,eth,1787472000000,2300.0,call,59.68,0.0242,0.023,0.0245,2317.43,390.0
1787242818,eth,1798185600000,2100.0,call,53.27,0.17589,0.1745,0.177,2337.29,1735.0
1787242818,eth,1793347200000,2500.0,put,51.48,0.13533,0.134,0.137,2326.94,1.0
1787242818,eth,1787385600000,1880.0,put,134.48,0.00029,0.0002,0.0004,2316.81,866.0
1787242818,eth,1787472000000,2280.0,call,59.11,0.029048,0.0275,0.03,2317.43,268.0
1787242818,eth,1787472000000,2350.0,put,61.89,0.028959,0.0275,0.03,2317.28,26.0
1787242818,eth,1787299200000,2220.0,put,73.15,0.001159,0.001,0.0013,2316.74,1395.0
1787242818,eth,1787558400000,2240.0,call,57.04,0.043157,0.041,0.047,2318.18,0.0
1787242818,eth,1787472000000,2500.0,put,74.22,0.082478,0.079,0.085,2317.43,0.0
1787242818,eth,1806048000000,4800.0,call,57.73,0.014777,0.014,0.016,2360.32,2941.0
1787242818,eth,1790323200000,3100.0,call,60.88,0.006119,0.006,0.0065,2320.91,2269.0
1787242818,eth,1789113600000,2100.0,put,52.02,0.014822,0.014,0.0155,2319.79,63.0
1787242818,eth,1790323200000,1600.0,put,64.97,0.002212,0.002,0.0025,2320.91,7520.0
1787242818,eth,1798185600000,3300.0,call,54.86,0.027858,0.0275,0.029,2337.13,2226.0
1787242818,eth,1787299200000,1750.0,put,194.25,6e-06,,0.0001,2316.74,4675.0
1787242818,eth,1787904000000,3400.0,put,110.39,0.466377,0.4615,0.47,2319.26,1.0
1787242818,eth,1787904000000,2400.0,call,60.35,0.020768,0.0205,0.021,2319.41,18670.0
1787242818,eth,1787904000000,2400.0,put,60.35,0.055502,0.054,0.0565,2319.26,19.0
1787242818,eth,1793347200000,2150.0,put,51.7,0.054278,0.054,0.055,2326.94,1031.0
1787242818,eth,1787385600000,2040.0,call,94.85,0.120029,0.118,0.123,2316.66,349.0
1787242818,eth,1787299200000,2260.0,put,67.87,0.003031,0.0027,0.0032,2316.59,839.0
1787242818,eth,1787385600000,1800.0,call,150.41,0.223282,0.2215,0.226,2316.81,0.0
1787242818,eth,1787472000000,2360.0,call,62.59,0.013533,0.013,0.014,2317.43,390.0
1787242818,eth,1798185600000,1200.0,call,67.14,0.49189,0.4885,0.4955,2337.13,341.0
1787242818,eth,1798185600000,3500.0,call,55.6,0.020828,0.0205,0.022,2337.13,28529.0
1787242818,eth,1806048000000,2500.0,put,54.44,0.202544,0.2005,0.2045,2360.32,560.0
1787242818,eth,1798185600000,1200.0,put,67.14,0.005286,0.005,0.0055,2337.13,7230.0
1787242818,eth,1790323200000,4400.0,call,83.89,0.000865,0.0007,0.001,2320.91,4353.0
1787242818,eth,1793347200000,4000.0,call,63.25,0.003541,0.0032,0.0041,2326.79,610.0
1787242818,eth,1813910400000,5500.0,call,58.33,0.02034,0.0195,0.0215,2384.35,270.0
1787242818,eth,1789113600000,2300.0,put,51.44,0.045541,0.0445,0.046,2319.79,0.0
1787242818,eth,1793347200000,2400.0,call,51.29,0.076397,0.076,0.077,2326.94,1971.0
1787242818,eth,1787385600000,1840.0,put,144.3,0.000255,0.0002,0.0003,2316.66,432.0
1787242818,eth,1806048000000,1300.0,put,62.4,0.018191,0.017,0.019,2360.32,1546.0
1787242818,eth,1813910400000,4500.0,put,56.84,0.925374,0.908,0.9435,2384.43,1.0
1787242818,eth,1793347200000,2100.0,call,51.96,0.143857,0.1425,0.145,2326.94,1705.0
1787242818,eth,1787299200000,2060.0,call,132.15,0.111196,0.109,0.114,2316.59,80.0
1787242818,eth,1798185600000,2700.0,call,53.17,0.070343,0.0695,0.0715,2337.13,6449.0
1787242818,eth,1793347200000,2000.0,put,52.6,0.032978,0.0325,0.0335,2326.79,582.0
1787242818,eth,1787904000000,1600.0,put,104.56,0.000291,0.0002,0.0004,2319.41,12605.0
1787242818,eth,1813910400000,1800.0,call,56.55,0.327466,0.3215,0.335,2384.43,1495.0
1787242818,eth,1793347200000,3000.0,call,54.39,0.020011,0.0195,0.0205,2326.79,1480.0
1787242818,eth,1787472000000,2320.0,put,60.09,0.021006,0.0205,0.0215,2317.43,125.0
1787242818,eth,1787558400000,2380.0,put,61.37,0.040404,0.0365,0.0425,2318.18,0.0
1787242818,eth,1790323200000,2000.0,call,53.09,0.153798,0.1525,0.155,2320.83,29309.0
1787242818,eth,1790323200000,2250.0,call,51.17,0.079208,0.078,0.0805,2320.91,119.0
1787242818,eth,1798185600000,4500.0,put,59.82,0.931171,0.9175,0.9425,2337.13,2.0
1787242818,eth,1787472000000,2220.0,call,59.05,0.047428,0.045,0.051,2317.28,33.0
1787242818,eth,1793347200000,2600.0,put,51.82,0.16585,0.1615,0.168,2326.94,95.0
1787242818,eth,1798185600000,2900.0,put,53.59,0.292038,0.286,0.295,2337.13,173.0
1787242818,eth,1787472000000,2080.0,put,71.64,0.00089,0.0007,0.001,2317.43,319.0
1787242818,eth,1813910400000,2000.0,call,55.93,0.277736,0.2765,0.281,2384.43,1777.0
1787242818,eth,1798185600000,4800.0,put,61.29,1.058001,1.041,1.071,2337.13,77.0
1787242818,eth,1793347200000,4000.0,put,63.25,0.72253,0.711,0.73,2326.79,0.0
1787242818,eth,1790323200000,2150.0,put,51.46,0.031748,0.031,0.032,2320.83,847.0
1787242818,eth,1787558400000,2320.0,put,58.3,0.023676,0.023,0.0245,2318.18,0.0
1787242818,eth,1813910400000,3000.0,call,55.32,0.119729,0.1185,0.121,2384.35,1125.0
1787242818,eth,1798185600000,5000.0,put,62.25,1.142827,1.127,1.1565,2337.13,2.0
1787242818,eth,1793347200000,2600.0,call,51.82,0.048508,0.048,0.049,2326.94,1460.0
1787242818,eth,1806048000000,3800.0,put,55.65,0.646133,0.634,0.6525,2360.32,1.0
1787242818,eth,1798185600000,2300.0,put,52.84,0.114866,0.114,0.116,2337.13,4981.0
1787242818,eth,1790323200000,6000.0,put,101.73,1.585395,1.5745,1.5945,2320.91,0.0
1787242818,eth,1798185600000,2100.0,put,53.27,0.074347,0.0735,0.075,2337.13,3456.0
1787242818,eth,1806048000000,2200.0,call,54.6,0.197482,0.196,0.199,2360.32,4083.0
1787242818,eth,1787299200000,1650.0,call,194.25,0.287823,0.286,0.2905,2316.74,1.0
1787242818,eth,1793347200000,2050.0,call,52.23,0.158219,0.1565,0.159,2326.79,550.0
1787242818,eth,1798185600000,3100.0,call,54.19,0.037673,0.037,0.0385,2337.13,2557.0
1787242818,eth,1787904000000,1950.0,call,68.62,0.160783,0.1585,0.1635,2319.41,5672.0
1787242818,eth,1806048000000,1600.0,call,57.93,0.360699,0.356,0.3675,2360.32,902.0
1787242818,eth,1798185600000,3200.0,call,54.51,0.032341,0.032,0.0335,2337.13,67870.0
1787242818,eth,1798185600000,4400.0,call,59.54,0.00673,0.006,0.007,2337.29,3324.0
1787242818,eth,1806048000000,4000.0,call,56.03,0.029911,0.029,0.031,2360.32,2312.0
1787242818,eth,1790323200000,7400.0,put,104.42,2.188432,2.1695,2.2015,2320.91,0.0
1787242818,eth,1793347200000,2100.0,put,51.96,0.046325,0.046,0.047,2326.79,364.0
1787242818,eth,1787558400000,2400.0,put,62.49,0.04684,0.043,0.0495,2318.18,0.0
1787242818,eth,1788508800000,2100.0,call,53.75,0.10445,0.1025,0.107,2319.39,1473.0
1787242818,eth,1787904000000,1300.0,call,131.02,0.439577,0.438,0.4415,2319.41,51.0
1787242818,eth,1790323200000,2800.0,put,55.77,0.220144,0.2145,0.223,2320.91,1287.0
1787242818,eth,1787904000000,1500.0,call,116.77,0.353519,0.3515,0.356,2319.26,443.0
1787242818,eth,1790323200000,6200.0,call,102.76,0.00016,,0.0002,2320.83,2026.0
1787242818,eth,1787385600000,2600.0,call,101.07,0.001333,0.0011,0.0015,2316.81,377.0
1787242818,eth,1789113600000,2150.0,put,51.48,0.020107,0.0195,0.0205,2319.79,4.0
1787242818,eth,1789113600000,2150.0,call,51.48,0.093391,0.091,0.0975,2319.79,0.0
1787242818,eth,1787904000000,2800.0,put,80.21,0.20998,0.206,0.2125,2319.26,0.0
1787242818,eth,1787299200000,1700.0,put,194.25,1e-06,,0.0003,2316.59,14211.0
1787242818,eth,1787472000000,2050.0,call,76.48,0.116112,0.114,0.119,2317.43,0.0
1787242818,eth,1806048000000,4600.0,call,57.23,0.017375,0.0165,0.0185,2360.32,1161.0
1787242818,eth,1790323200000,1700.0,put,60.96,0.003485,0.0032,0.0036,2320.83,5703.0
1787242818,eth,1793347200000,3600.0,call,59.54,0.006434,0.006,0.007,2326.79,847.0
1787242818,eth,1806048000000,2000.0,call,55.18,0.24363,0.242,0.245,2360.32,1894.0
1787242818,eth,1790323200000,5600.0,put,95.55,1.413056,1.398,1.422,2320.91,0.0
1787242818,eth,1788508800000,2200.0,call,52.59,0.071705,0.0705,0.073,2319.39,1248.0
1787242818,eth,1787558400000,2280.0,call,57.17,0.031798,0.0295,0.035,2318.18,0.0
1787242818,eth,1790323200000,5500.0,call,93.92,0.000212,0.0001,0.0004,2320.83,2065.0
1787242818,eth,1787558400000,2180.0,put,57.86,0.004152,0.0039,0.0044,2318.18,30.0
1787242818,eth,1813910400000,5000.0,put,57.53,1.124322,1.104,1.148,2384.35,0.0
1787242818,eth,1787299200000,1600.0,call,194.25,0.309404,0.3075,0.312,2316.59,18.0
1787242818,eth,1813910400000,3500.0,call,55.68,0.079899,0.0785,0.081,2384.43,2476.0
1787242818,eth,1787385600000,2220.0,put,66.25,0.003934,0.0037,0.0041,2316.66,445.0
1787242818,eth,1813910400000,3600.0,put,55.76,0.583609,0.572,0.589,2384.35,0.0
1787242818,eth,1790323200000,1700.0,call,60.96,0.271013,0.2685,0.274,2320.91,2253.0
1787242818,eth,1806048000000,1400.0,put,60.58,0.023497,0.0225,0.0245,2360.32,1728.0
1787242818,eth,1788508800000,2450.0,call,55.35,0.02274,0.022,0.023,2319.24,50.0
1787242818,eth,1790323200000,7500.0,put,104.42,2.231514,2.2105,2.2435,2320.91,0.0
1787242818,eth,1806048000000,1800.0,put,56.21,0.060646,0.0595,0.0615,2360.32,4511.0
1787242818,eth,1790323200000,2200.0,call,51.27,0.091666,0.0905,0.093,2320.91,8273.0
1787242818,eth,1787558400000,2140.0,put,60.24,0.002488,0.0023,0.0026,2318.18,5.0
1787242818,eth,1806048000000,3500.0,call,55.16,0.049073,0.048,0.0505,2360.32,4207.0
1787242818,eth,1793347200000,3800.0,put,61.87,0.637947,0.6275,0.645,2326.94,0.0
1787242818,eth,1790323200000,5500.0,put,93.92,1.369972,1.3555,1.378,2320.83,1.0
1787242818,eth,1793347200000,2200.0,call,51.52,0.117717,0.1165,0.1185,2326.94,1368.0
1787242818,eth,1813910400000,1500.0,put,58.88,0.045703,0.0445,0.047,2384.35,452.0
1787242818,eth,1787904000000,2600.0,put,68.95,0.127581,0.1245,0.13,2319.41,17.0
1787242818,eth,1806048000000,3600.0,put,55.32,0.569437,0.5595,0.5775,2360.32,1.0
1787242818,eth,1790323200000,2900.0,call,57.4,0.010297,0.01,0.011,2320.91,7467.0
1787242818,eth,1806048000000,1900.0,call,55.6,0.269732,0.264,0.2755,2360.47,2453.0
1787242818,eth,1787472000000,1980.0,put,88.48,0.000468,0.0003,0.0006,2317.28,47.0
1787242818,eth,1787385600000,1760.0,call,162.4,0.240546,0.239,0.2435,2316.81,0.0
1787242818,eth,1787385600000,2260.0,call,65.7,0.032383,0.031,0.0335,2316.81,285.0
1787242818,eth,1790323200000,5400.0,put,93.27,1.326915,1.313,1.3355,2320.83,4.0
1787242818,eth,1787904000000,3600.0,call,119.44,0.000378,0.0003,0.0005,2319.41,1431.0
1787242818,eth,1790323200000,1900.0,put,55.23,0.009495,0.009,0.01,2320.91,20707.0
1787242818,eth,1787472000000,2140.0,call,63.97,0.078242,0.076,0.0815,2317.43,117.0
1787242818,eth,1787385600000,1600.0,call,173.18,0.309442,0.308,0.312,2316.66,0.0
1787242818,eth,1790323200000,3400.0,put,66.51,0.468202,0.4595,0.473,2320.91,870.0
1787242818,eth,1806048000000,1900.0,put,55.6,0.074656,0.073,0.076,2360.32,2682.0
1787242818,eth,1787904000000,3800.0,call,126.49,0.000251,0.0002,0.0004,2319.41,872.0
1787242818,eth,1788508800000,1850.0,put,63.95,0.001782,0.0016,0.0019,2319.39,1521.0
1787242818,eth,1793347200000,2700.0,call,52.33,0.038652,0.038,0.0395,2326.94,872.0
1787242818,eth,1787558400000,2500.0,call,70.06,0.005218,0.0048,0.0055,2318.18,2.0
1787242818,eth,1787558400000,2140.0,call,60.24,0.079338,0.077,0.082,2318.18,0.0
1787242818,eth,1787385600000,2260.0,put,65.7,0.007825,0.0075,0.008,2316.81,513.0
1787242818,eth,1790323200000,7400.0,call,104.42,2.7e-05,,0.0001,2320.83,1019.0
1787242818,eth,1790323200000,5200.0,put,92.68,1.240844,1.227,1.249,2320.91,3.0
1787242818,eth,1787558400000,2200.0,put,57.56,0.005545,0.005,0.006,2318.02,1.0
1787242818,eth,1788508800000,1850.0,call,63.95,0.204155,0.202,0.207,2319.24,70.0
1787242818,eth,1790323200000,14000.0,put,123.7,5.032117,4.987,5.0555,2320.91,0.0
1787242818,eth,1787904000000,2020.0,call,63.2,0.131559,0.129,0.1345,2319.41,0.0
1787242818,eth,1787472000000,1750.0,call,130.81,0.245036,0.243,0.248,2317.43,0.0
1787242818,eth,1798185600000,2600.0,put,53.0,0.194668,0.19,0.197,2337.29,1065.0
1787242818,eth,1788508800000,2300.0,call,52.81,0.046323,0.0455,0.047,2319.39,2044.0
1787242818,eth,1790323200000,6400.0,put,103.99,1.757671,1.7395,1.768,2320.91,0.0
1787242818,eth,1787904000000,2050.0,put,61.31,0.003117,0.0029,0.0033,2319.41,1657.0
1787242818,eth,1787385600000,2320.0,call,68.26,0.017674,0.017,0.0185,2316.81,156.0
1787242818,eth,1789113600000,2350.0,put,51.8,0.057344,0.0565,0.0585,2319.79,0.0
1787242818,eth,1790323200000,6600.0,put,104.42,1.843812,1.826,1.8545,2320.91,0.0
1787242818,eth,1790323200000,2800.0,call,55.77,0.013721,0.0135,0.014,2320.91,10147.0
1787242818,eth,1787904000000,1950.0,put,68.62,0.001485,0.0013,0.0016,2319.26,4721.0
1787242818,eth,1798185600000,2900.0,call,53.59,0.051333,0.0505,0.0525,2337.13,2028.0
1787242818,eth,1787299200000,1920.0,call,179.78,0.171437,0.1695,0.1745,2316.74,1007.0
1787242818,eth,1787299200000,1700.0,call,194.25,0.266243,0.2645,0.269,2316.74,50.0
1787242818,eth,1787299200000,2050.0,call,136.37,0.115504,0.1135,0.118,2316.74,4276.0
1787242818,eth,1788508800000,2800.0,put,65.96,0.212251,0.208,0.215,2319.39,0.0
1787242818,eth,1806048000000,2700.0,put,54.43,0.259227,0.2525,0.2615,2360.32,147.0
1787242818,eth,1787558400000,2400.0,call,62.49,0.011532,0.011,0.012,2318.02,6.0
1787242818,eth,1787472000000,1980.0,call,88.48,0.146074,0.144,0.149,2317.28,5.0
1787242818,eth,1789113600000,2500.0,put,53.7,0.101544,0.0975,0.104,2319.79,0.0
1787242818,eth,1790323200000,3500.0,call,68.41,0.002733,0.0025,0.003,2320.91,15594.0
1787242818,eth,1787472000000,2600.0,put,84.84,0.123752,0.1195,0.126,2317.28,0.0
1787242818,eth,1787385600000,1820.0,call,145.87,0.214665,0.213,0.2175,2316.81,0.0
1787242818,eth,1790323200000,1800.0,call,57.78,0.230162,0.228,0.234,2320.91,6272.0
1787242818,eth,1806048000000,3400.0,call,55.01,0.054424,0.0535,0.0555,2360.32,1880.0
1787242818,eth,1813910400000,900.0,put,69.06,0.010187,0.0095,0.011,2384.35,837.0
1787242818,eth,1787904000000,2080.0,put,59.72,0.004053,0.0038,0.0042,2319.26,743.0
1787242818,eth,1788508800000,1600.0,put,82.67,0.000595,0.0005,0.0007,2319.24,665.0
1787242818,eth,1787385600000,2050.0,call,93.13,0.115764,0.114,0.1185,2316.81,393.0
1787242818,eth,1787558400000,2280.0,put,57.17,0.015341,0.015,0.016,2318.02,68.0
1787242818,eth,1813910400000,1300.0,call,61.43,0.484172,0.478,0.491,2384.43,108.0
1787242818,eth,1787904000000,1600.0,call,104.56,0.310484,0.3085,0.313,2319.41,885.0
1787242818,eth,1787299200000,2060.0,put,132.15,0.000339,0.0001,0.0004,2316.74,250.0
1787242818,eth,1787558400000,2440.0,put,65.23,0.060823,0.058,0.063,2318.18,0.0
1787242818,eth,1790323200000,1850.0,put,56.52,0.00741,0.007,0.0075,2320.83,5028.0
1787242818,eth,1798185600000,1500.0,call,59.71,0.372036,0.37,0.376,2337.13,759.0
1787242818,eth,1787385600000,1980.0,put,109.24,0.000396,0.0003,0.0005,2316.81,587.0
1787242818,eth,1793347200000,3400.0,call,57.81,0.009144,0.009,0.0095,2326.79,1383.0
1787242818,eth,1787904000000,1300.0,put,131.02,4.5e-05,,0.0002,2319.41,9044.0
1787242818,eth,1787299200000,2120.0,call,106.35,0.085352,0.083,0.088,2316.59,188.0
1787242818,eth,1787472000000,2320.0,call,60.09,0.019897,0.019,0.0205,2317.28,474.0
1787242818,eth,1787904000000,1450.0,call,123.1,0.375046,0.3735,0.3775,2319.26,51.0
1787242818,eth,1790323200000,5000.0,put,90.6,1.15475,1.1455,1.162,2320.83,2.0
1787242818,eth,1798185600000,11000.0,put,81.97,3.706308,3.6545,3.7165,2337.29,359.0
1787242818,eth,1787385600000,2500.0,call,88.09,0.002905,0.0027,0.0031,2316.66,64.0
1787242818,eth,1798185600000,2800.0,call,53.36,0.060082,0.0595,0.061,2337.13,9097.0
1787242818,eth,1793347200000,1800.0,call,55.02,0.242163,0.24,0.246,2326.94,102.0
1787242818,eth,1788508800000,2350.0,put,53.31,0.049799,0.049,0.0505,2319.39,18.0
1787242818,eth,1813910400000,1800.0,put,56.55,0.082351,0.081,0.084,2384.35,750.0
1787242818,eth,1798185600000,3400.0,put,55.22,0.478669,0.4695,0.4825,2337.13,89.0
1787242818,eth,1787472000000,1750.0,put,130.81,0.000183,0.0001,0.0003,2317.28,370.0
1787242818,eth,1787558400000,2460.0,call,66.73,0.007035,0.0065,0.0075,2318.18,0.0
1787242818,eth,1798185600000,8000.0,put,72.77,2.423102,2.391,2.455,2337.13,0.0
1787242818,eth,1787558400000,2500.0,put,70.06,0.083664,0.079,0.086,2318.18,0.0
1787242818,eth,1793347200000,2500.0,call,51.48,0.060962,0.0605,0.0615,2326.94,1648.0
1787242818,eth,1787904000000,1800.0,put,83.91,0.000717,0.0006,0.0008,2319.26,5204.0
1787242818,eth,1798185600000,1000.0,put,73.29,0.002573,0.0023,0.0028,2337.13,19408.0
1787242818,eth,1787385600000,2360.0,put,71.19,0.029998,0.0285,0.031,2316.81,0.0
1787242818,eth,1787385600000,1920.0,put,123.91,0.000318,0.0002,0.0004,2316.66,1352.0
1787242818,eth,1806048000000,3300.0,put,54.88,0.458458,0.45,0.4635,2360.32,1.0
1787242818,eth,1787385600000,2280.0,call,66.21,0.026726,0.0255,0.0275,2316.66,259.0
1787242818,eth,1790323200000,14000.0,call,123.7,0.0,,0.0003,2320.91,1212.0
1787242818,eth,1787558400000,2600.0,call,77.91,0.002575,0.0024,0.0028,2318.18,31.0
1787242818,eth,1787904000000,2000.0,put,64.5,0.002077,0.0019,0.0022,2319.26,2321.0
1787242818,eth,1787904000000,3600.0,put,119.44,0.552443,0.5475,0.556,2319.26,18.0
1787242818,eth,1787385600000,1860.0,put,140.09,0.000283,0.0002,0.0004,2316.81,628.0
1787242818,eth,1787472000000,2060.0,call,74.7,0.111841,0.11,0.115,2317.28,8.0
1787242818,eth,1798185600000,1400.0,call,61.86,0.411108,0.4085,0.415,2337.13,946.0
1787242818,eth,1787385600000,2280.0,put,66.21,0.0108,0.01,0.011,2316.81,545.0
1787242818,eth,1806048000000,2600.0,put,54.42,0.230127,0.228,0.232,2360.32,626.0
1787242818,eth,1787558400000,2340.0,put,59.42,0.02883,0.0275,0.03,2318.02,0.0
1787242818,eth,1787299200000,1850.0,call,194.24,0.201567,0.1995,0.2045,2316.74,517.0
1787242818,eth,1790323200000,1850.0,call,56.52,0.210309,0.208,0.2145,2320.91,2289.0
1787242818,eth,1790323200000,4600.0,call,86.32,0.000676,0.0005,0.001,2320.83,4029.0
1787242818,eth,1787472000000,2160.0,call,62.15,0.070127,0.068,0.073,2317.28,29.0
1787242818,eth,1806048000000,2800.0,call,54.43,0.103397,0.102,0.105,2360.32,4914.0
1787242818,eth,1790323200000,10000.0,call,105.8,1e-06,,0.0001,2320.91,1561.0
1787242818,eth,1787558400000,2260.0,put,56.86,0.01206,0.0115,0.0125,2318.18,7.0
1787242818,eth,1813910400000,2300.0,call,55.38,0.21564,0.214,0.218,2384.35,224.0
1787242818,eth,1813910400000,2700.0,call,55.19,0.153633,0.1525,0.155,2384.35,316.0
1787242818,eth,1787472000000,2120.0,put,65.91,0.001294,0.0011,0.0014,2317.43,266.0
1787242818,eth,1788508800000,1950.0,put,58.61,0.00332,0.0031,0.0035,2319.39,918.0
1787242818,eth,1787385600000,1780.0,put,156.38,0.000182,0.0001,0.0003,2316.66,300.0
1787242818,eth,1787472000000,2250.0,call,58.8,0.037576,0.036,0.0385,2317.28,102.0
1787242818,eth,1787385600000,2380.0,put,73.01,0.036381,0.035,0.0375,2316.81,10.0
1787242818,eth,1787904000000,1900.0,put,73.32,0.00112,0.001,0.0012,2319.26,6644.0
1787242818,eth,1787385600000,2000.0,put,106.04,0.000477,0.0003,0.0006,2316.81,231.0
1787242818,eth,1790323200000,3800.0,put,74.25,0.639073,0.632,0.644,2320.91,954.0
1787242818,eth,1790323200000,16000.0,call,130.17,0.0,,0.0003,2320.91,7426.0
1787242818,eth,1787299200000,1900.0,call,188.91,0.18007,0.178,0.182,2316.59,4620.0
1787242818,eth,1787299200000,2220.0,call,73.15,0.042958,0.041,0.046,2316.74,1231.0
1787242818,eth,1798185600000,3300.0,put,54.86,0.439696,0.431,0.4435,2337.29,10.0
1787242818,eth,1798185600000,3400.0,call,55.22,0.024049,0.0235,0.025,2337.13,13107.0
1787242818,eth,1787385600000,2360.0,call,71.19,0.011396,0.011,0.0115,2316.66,144.0
1787242818,eth,1787472000000,1800.0,put,118.96,0.000184,0.0001,0.0003,2317.43,16.0
1787242818,eth,1790323200000,3200.0,call,62.97,0.004959,0.0046,0.005,2320.91,8311.0
1787242818,eth,1790323200000,6200.0,put,102.76,1.671526,1.6555,1.6815,2320.83,0.0
1787242818,eth,1787472000000,2080.0,call,71.64,0.103344,0.1015,0.1065,2317.43,33.0
1787242818,eth,1787904000000,1700.0,call,94.76,0.267556,0.2655,0.2705,2319.41,935.0
1787242818,eth,1798185600000,2000.0,call,53.75,0.202603,0.201,0.2035,2337.29,10961.0
1787242818,eth,1790323200000,1000.0,put,94.41,0.000122,,0.0003,2320.91,9871.0
1787242818,eth,1787472000000,2500.0,call,74.22,0.003697,0.0035,0.0039,2317.28,37.0
1787242818,eth,1790323200000,1000.0,call,94.41,0.569256,0.5675,0.572,2320.83,125.0
1787242818,eth,1787385600000,2120.0,put,78.17,0.000946,0.0008,0.0011,2316.66,251.0
1787242818,eth,1787385600000,1600.0,put,173.18,2e-05,,0.0002,2316.66,16.0
1787242818,eth,1813910400000,5500.0,put,58.33,1.326933,1.296,1.3525,2384.35,0.0
1787242818,eth,1788508800000,2800.0,call,65.96,0.005032,0.0047,0.0055,2319.39,669.0
1787242818,eth,1793347200000,1850.0,call,54.26,0.223978,0.222,0.2275,2326.94,1174.0
1787242818,eth,1813910400000,3800.0,put,55.95,0.656902,0.6445,0.6685,2384.35,2.0
1787242818,eth,1798185600000,1800.0,call,55.31,0.263905,0.2615,0.268,2337.13,2476.0
1787242818,eth,1798185600000,800.0,put,82.14,0.001291,0.0011,0.0015,2337.13,6517.0
1787242818,eth,1787385600000,2060.0,call,90.83,0.111481,0.1095,0.1145,2316.81,1158.0
1787242818,eth,1787472000000,2400.0,put,65.47,0.044792,0.043,0.046,2317.28,10.0
1787242818,eth,1793347200000,2250.0,put,51.37,0.072923,0.0725,0.0735,2326.94,249.0
1787242818,eth,1806048000000,4800.0,put,57.73,1.04827,1.028,1.0645,2360.32,0.0
1787242818,eth,1790323200000,5200.0,call,92.68,0.000344,0.0002,0.0005,2320.91,2188.0
1787242818,eth,1793347200000,2900.0,call,53.64,0.024802,0.0245,0.0255,2326.94,0.0
1787242818,eth,1787385600000,2440.0,put,80.62,0.058187,0.0555,0.0605,2316.81,50.0
1787242818,eth,1787904000000,3400.0,call,110.39,0.000537,0.0004,0.0007,2319.26,680.0
1787242818,eth,1813910400000,4400.0,put,56.74,0.886261,0.869,0.9045,2384.35,0.0
1787242818,eth,1787385600000,2350.0,put,70.41,0.027025,0.0255,0.028,2316.66,0.0
1787242818,eth,1813910400000,3000.0,put,55.32,0.37787,0.3695,0.382,2384.35,208.0
1787242818,eth,1787472000000,2150.0,call,63.02,0.074163,0.072,0.0775,2317.43,117.0
1787242818,eth,1787472000000,2200.0,put,59.56,0.003935,0.0037,0.0041,2317.28,779.0
1787242818,eth,1787904000000,2000.0,call,64.5,0.139818,0.1375,0.1425,2319.26,8380.0
1787242818,eth,1806048000000,800.0,put,75.1,0.003947,0.0035,0.0043,2360.32,2802.0
1787242818,eth,1793347200000,2300.0,call,51.25,0.095151,0.094,0.096,2326.94,957.0
1787242818,eth,1798185600000,1500.0,put,59.71,0.01378,0.013,0.014,2337.13,15674.0
1787242818,eth,1798185600000,2000.0,put,53.75,0.058262,0.0575,0.059,2337.29,8766.0
1787242818,eth,1787385600000,2160.0,call,71.39,0.069209,0.0675,0.072,2316.81,20.0
1787242818,eth,1787472000000,2440.0,put,68.7,0.059149,0.0555,0.0615,2317.28,0.0
1787242818,eth,1787299200000,1500.0,put,194.25,0.0,,0.0001,2316.74,1099.0
1787242818,eth,1787904000000,2200.0,put,56.75,0.012561,0.012,0.013,2319.41,3074.0
1787242818,eth,1806048000000,4200.0,call,56.42,0.024804,0.024,0.026,2360.32,2911.0
1787242818,eth,1798185600000,800.0,call,82.14,0.659028,0.657,0.6615,2337.13,171.0
1787242818,eth,1798185600000,5500.0,call,64.42,0.002396,0.0021,0.0028,2337.29,1617.0
1787242818,eth,1806048000000,4500.0,call,57.02,0.018939,0.018,0.02,2360.47,2406.0
1787242818,eth,1798185600000,4000.0,call,57.72,0.010718,0.01,0.0115,2337.13,17011.0
1787242818,eth,1787385600000,2080.0,put,86.36,0.000682,0.0006,0.0008,2316.66,1288.0
1787242818,eth,1787385600000,2200.0,put,67.2,0.002764,0.0026,0.0029,2316.81,955.0
1787242818,eth,1793347200000,1000.0,call,80.06,0.570878,0.57,0.5735,2326.79,0.0
1787242818,eth,1813910400000,3100.0,put,55.38,0.410353,0.401,0.4145,2384.43,0.0
1787242818,eth,1787558400000,2120.0,put,61.92,0.001976,0.0018,0.0021,2318.18,515.0
1787242818,eth,1790323200000,9000.0,put,104.42,2.877792,2.853,2.8935,2320.91,0.0
1787242818,eth,1790323200000,1200.0,call,83.97,0.483321,0.4815,0.4865,2320.83,138.0
1787242818,eth,1787472000000,2240.0,put,58.89,0.007331,0.0065,0.0075,2317.28,421.0
1787242818,eth,1788508800000,1800.0,put,67.29,0.001379,0.0012,0.0015,2319.39,1148.0
1787242818,eth,1787472000000,2260.0,put,58.72,0.009756,0.0095,0.01,2317.43,221.0
1787242818,eth,1787472000000,2250.0,put,58.8,0.00848,0.008,0.0085,2317.43,320.0
1787242818,eth,1787904000000,1700.0,put,94.76,0.000476,0.0004,0.0006,2319.41,16584.0
1787242818,eth,1787385600000,1840.0,call,144.3,0.20609,0.204,0.209,2316.66,0.0
1787242818,eth,1790323200000,2300.0,put,51.15,0.059022,0.0585,0.0595,2320.91,1718.0
1787242818,eth,1787472000000,2420.0,call,67.13,0.007581,0.007,0.008,2317.28,104.0
1787242818,eth,1789113600000,1800.0,put,61.37,0.002415,0.0022,0.0026,2319.79,100.0
1787242818,eth,1813910400000,2100.0,put,55.67,0.136003,0.1345,0.1375,2384.35,121.0
1787242818,eth,1788508800000,2080.0,call,54.22,0.111728,0.1095,0.1155,2319.39,102.0
1787242818,eth,1798185600000,1000.0,call,73.29,0.574743,0.5725,0.5775,2337.13,55.0
1787242818,eth,1798185600000,2800.0,put,53.36,0.258005,0.2555,0.261,2337.13,2241.0
1787242818,eth,1790323200000,3000.0,call,59.01,0.007811,0.0075,0.008,2320.91,30995.0
1787242818,eth,1787299200000,2320.0,put,70.5,0.012597,0.012,0.013,2316.59,526.0
1787242818,eth,1790323200000,4000.0,put,77.66,0.724831,0.718,0.731,2320.91,140.0
1787242818,eth,1787299200000,2240.0,call,69.29,0.034952,0.0325,0.0375,2316.74,1301.0
1787242818,eth,1787558400000,2260.0,call,56.86,0.037144,0.035,0.041,2318.18,0.0
1787242818,eth,1793347200000,1800.0,put,55.02,0.015708,0.015,0.016,2326.94,1225.0
1787242818,eth,1790323200000,2150.0,call,51.46,0.105387,0.1045,0.1065,2320.91,112.0
1787242818,eth,1790323200000,6500.0,put,104.05,1.800738,1.7825,1.811,2320.83,0.0
1787242818,eth,1798185600000,4400.0,put,59.54,0.88918,0.8745,0.901,2337.29,20.0
1787242818,eth,1787299200000,2140.0,put,98.02,0.000423,0.0003,0.0006,2316.59,899.0
1787242818,eth,1787904000000,2200.0,call,56.75,0.064053,0.0625,0.0655,2319.26,7328.0
1787242818,eth,1790323200000,3400.0,call,66.51,0.00326,0.0031,0.0034,2320.91,7041.0
1787242818,eth,1787558400000,2050.0,call,68.8,0.11663,0.1145,0.1195,2318.02,0.0
1787242818,eth,1790323200000,4400.0,put,83.89,0.896673,0.889,0.9035,2320.83,281.0
1787242818,eth,1790323200000,5800.0,put,99.38,1.499242,1.4845,1.5095,2320.83,0.0
1787242818,eth,1787904000000,2350.0,put,58.74,0.041145,0.0405,0.042,2319.26,101.0
1787242818,eth,1787299200000,1960.0,call,171.94,0.154265,0.152,0.1565,2316.74,3434.0
1787242818,eth,1813910400000,1200.0,call,62.98,0.519823,0.5155,0.5255,2384.35,55.0
1787242818,eth,1789113600000,1800.0,call,61.37,0.22656,0.2245,0.2295,2319.79,0.0
1787242818,eth,1793347200000,1200.0,call,71.77,0.485767,0.4845,0.489,2326.79,0.0
1787242818,eth,1793347200000,1700.0,call,57.05,0.280209,0.2775,0.2835,2326.94,26.0
1787242818,eth,1798185600000,1300.0,put,63.95,0.00712,0.0065,0.0075,2337.29,2064.0
1787242818,eth,1788508800000,2400.0,put,54.14,0.063549,0.062,0.0645,2319.39,10.0
1787242818,eth,1790323200000,2600.0,call,53.17,0.0258,0.0255,0.026,2320.91,13159.0
1787242818,eth,1787558400000,1900.0,put,90.2,0.000394,0.0003,0.0005,2318.18,97.0
1787242818,eth,1798185600000,7000.0,put,70.48,1.995709,1.9695,2.0235,2337.13,0.0
1787242818,eth,1813910400000,4000.0,call,56.19,0.054458,0.0535,0.056,2384.43,4229.0
1787242818,eth,1806048000000,1200.0,put,64.36,0.013842,0.013,0.0145,2360.32,1647.0
1787242818,eth,1787558400000,2340.0,call,59.42,0.019404,0.019,0.02,2318.18,9.0
1787242818,eth,1790323200000,7000.0,put,104.42,2.01611,2.003,2.0285,2320.91,0.0
1787242818,eth,1787904000000,2120.0,put,58.26,0.005913,0.0055,0.0065,2319.26,1118.0
1787242818,eth,1790323200000,1900.0,call,55.23,0.19085,0.189,0.194,2320.91,11408.0
1787242818,eth,1798185600000,2300.0,call,52.84,0.130838,0.13,0.132,2337.13,7987.0
1787242818,eth,1806048000000,1800.0,call,56.21,0.298086,0.2935,0.3045,2360.32,3702.0
1787242818,eth,1787904000000,2050.0,call,61.31,0.119302,0.117,0.1215,2319.41,16681.0
1787242818,eth,1793347200000,3000.0,put,54.39,0.309252,0.302,0.3135,2326.79,72.0
1787242818,eth,1793347200000,2650.0,call,52.16,0.04346,0.043,0.044,2326.94,0.0
1787242818,eth,1787904000000,1800.0,call,83.91,0.224684,0.2225,0.227,2319.41,5389.0
1787242818,eth,1789113600000,2200.0,call,51.19,0.078615,0.0765,0.0825,2319.79,0.0
1787242818,eth,1787299200000,2320.0,call,70.5,0.011233,0.011,0.0115,2316.74,1944.0
1787242818,eth,1787472000000,2140.0,put,63.97,0.001679,0.0015,0.0018,2317.43,92.0
1787242818,eth,1806048000000,3700.0,call,55.5,0.040107,0.0395,0.0415,2360.32,1533.0
1787242818,eth,1806048000000,5000.0,call,58.11,0.012521,0.012,0.0135,2360.32,2024.0
1787242818,eth,1787385600000,2150.0,call,72.77,0.073336,0.0715,0.0765,2316.81,1030.0
1787242818,eth,1806048000000,1200.0,call,64.36,0.505468,0.502,0.5105,2360.32,68.0
1787242818,eth,1787299200000,1960.0,put,171.94,0.000245,,0.0003,2316.74,1277.0
1787242818,eth,1790323200000,2700.0,put,54.33,0.181996,0.1765,0.1845,2320.91,527.0
1787242818,eth,1789113600000,2450.0,put,52.99,0.085552,0.082,0.0875,2319.79,0.0
1787242818,eth,1787385600000,2350.0,call,70.41,0.012738,0.012,0.013,2316.66,1288.0
1787242818,eth,1806048000000,2500.0,call,54.44,0.143433,0.142,0.1445,2360.32,9396.0
1787242818,eth,1787299200000,1500.0,call,194.25,0.352566,0.351,0.355,2316.59,54.0
1787242818,eth,1790323200000,2300.0,call,51.15,0.068031,0.0675,0.069,2320.91,14501.0
1787242818,eth,1790323200000,1400.0,put,74.43,0.000948,0.0007,0.0012,2320.91,9830.0
1787242818,eth,1787299200000,1950.0,put,172.9,0.000207,,0.0003,2316.59,2120.0
1787242818,eth,1806048000000,1500.0,put,59.11,0.0302,0.029,0.031,2360.32,4076.0
1787242818,eth,1787472000000,1880.0,call,106.64,0.189055,0.187,0.1915,2317.28,99.0
1787242818,eth,1813910400000,2700.0,put,55.19,0.28596,0.2775,0.2895,2384.35,0.0
1787242818,eth,1787299200000,2340.0,put,73.97,0.018168,0.017,0.019,2316.74,68.0
1787242818,eth,1813910400000,2900.0,call,55.28,0.130079,0.129,0.131,2384.35,283.0
1787242818,eth,1813910400000,1700.0,put,57.26,0.068616,0.067,0.07,2384.35,2964.0
1787242818,eth,1793347200000,1200.0,put,71.77,0.001463,0.0012,0.0017,2326.94,2268.0
1787242818,eth,1787472000000,1920.0,put,100.32,0.000381,0.0003,0.0005,2317.43,154.0
1787242818,eth,1806048000000,1500.0,call,59.11,0.394733,0.39,0.4,2360.32,243.0
1787242818,eth,1788508800000,2250.0,call,52.57,0.058039,0.057,0.0595,2319.39,559.0
1787242818,eth,1787558400000,2000.0,put,75.02,0.000646,0.0005,0.0008,2318.18,39.0
1787242818,eth,1789113600000,2400.0,call,52.29,0.036229,0.0355,0.037,2319.79,503.0
1787242818,eth,1793347200000,2450.0,put,51.36,0.121161,0.12,0.1225,2326.94,0.0
1787242818,eth,1790323200000,3800.0,call,74.25,0.001784,0.0016,0.0018,2320.83,2052.0
1787242818,eth,1787299200000,1950.0,call,172.9,0.158544,0.1565,0.161,2316.74,12661.0
1787242818,eth,1787385600000,1900.0,put,128.67,0.000294,0.0002,0.0004,2316.81,1375.0
1787242818,eth,1787299200000,2360.0,put,77.86,0.024603,0.023,0.027,2316.59,0.0
1787242818,eth,1787299200000,2080.0,put,122.51,0.000334,0.0002,0.0005,2316.59,1029.0
1787242818,eth,1790323200000,3300.0,call,64.61,0.003946,0.0037,0.0042,2320.83,17713.0
1787242818,eth,1793347200000,1950.0,put,53.04,0.027555,0.027,0.028,2326.94,839.0
1787242818,eth,1787558400000,2220.0,put,57.25,0.007282,0.0065,0.0075,2318.18,110.0
1787242818,eth,1806048000000,3300.0,call,54.88,0.060432,0.0595,0.0615,2360.32,2063.0
1787242818,eth,1787385600000,2450.0,call,81.27,0.004496,0.0042,0.0047,2316.66,1110.0
1787242818,eth,1813910400000,4200.0,put,56.47,0.80856,0.79,0.822,2384.35,0.0
1787242818,eth,1787472000000,1780.0,put,123.67,0.000184,0.0001,0.0003,2317.43,42.0
1787242818,eth,1787472000000,1960.0,call,91.58,0.154644,0.1525,0.1575,2317.28,1.0
1787242818,eth,1787904000000,2120.0,call,58.26,0.091919,0.09,0.0955,2319.26,84.0
1787242818,eth,1787558400000,2450.0,put,65.87,0.064467,0.0615,0.067,2318.18,0.0
1787242818,eth,1790323200000,2200.0,put,51.27,0.039571,0.039,0.04,2320.91,6383.0
1787242818,eth,1798185600000,1300.0,call,63.95,0.450942,0.4485,0.455,2337.13,50.0
1787242818,eth,1787472000000,1880.0,put,106.64,0.000299,0.0002,0.0004,2317.28,1145.0
1787242818,eth,1790323200000,3200.0,put,62.97,0.383729,0.3765,0.388,2320.91,1323.0
1787242818,eth,1787904000000,2600.0,call,68.95,0.006645,0.0065,0.007,2319.26,8015.0
1787242818,eth,1806048000000,3000.0,call,54.55,0.083213,0.082,0.0845,2360.32,4093.0
1787242818,eth,1788508800000,2450.0,put,55.35,0.079057,0.075,0.081,2319.39,0.0
1787242818,eth,1790323200000,1200.0,put,83.97,0.00036,0.0002,0.0006,2320.91,11145.0
1787242818,eth,1793347200000,1700.0,put,57.05,0.010779,0.0105,0.011,2326.94,1151.0
1787242818,eth,1798185600000,1900.0,put,54.43,0.044892,0.044,0.0455,2337.13,4991.0
1787242818,eth,1787385600000,1760.0,put,162.4,0.000182,0.0001,0.0003,2316.66,163.0
1787242818,eth,1787299200000,2000.0,put,156.94,0.000288,,0.0003,2316.59,3061.0
1787242818,eth,1787558400000,2480.0,put,68.24,0.075828,0.0715,0.078,2318.18,0.0
1787242818,eth,1787558400000,2200.0,call,57.56,0.056513,0.054,0.059,2318.18,0.0
1787242818,eth,1787472000000,1960.0,put,91.58,0.000409,0.0003,0.0005,2317.28,256.0
1787242818,eth,1790323200000,7200.0,call,104.42,3.8e-05,,0.0002,2320.83,1160.0
1787242818,eth,1787385600000,2040.0,put,94.85,0.000516,0.0004,0.0006,2316.66,521.0
1787242818,eth,1787904000000,1550.0,call,112.59,0.33204,0.33,0.3345,2319.41,131.0
1787242818,eth,1789113600000,2800.0,call,59.82,0.007421,0.007,0.008,2319.79,1065.0
1787242818,eth,1813910400000,3200.0,call,55.44,0.101617,0.1005,0.103,2384.35,883.0
1787242818,eth,1787385600000,2600.0,put,101.07,0.123522,0.119,0.126,2316.66,0.0
1787242818,eth,1787472000000,2450.0,call,69.5,0.005693,0.005,0.006,2317.43,14.0
1787242818,eth,1787904000000,3200.0,call,101.03,0.000838,0.0007,0.001,2319.41,2462.0
1787242818,eth,1787472000000,1860.0,call,110.96,0.197675,0.1955,0.2005,2317.43,0.0
1787242818,eth,1788508800000,1700.0,call,74.86,0.267942,0.266,0.2705,2319.39,18.0
1787242818,eth,1788508800000,2000.0,put,56.57,0.004714,0.0044,0.0049,2319.24,1334.0
1787242818,eth,1789113600000,2500.0,call,53.7,0.023967,0.0235,0.0245,2319.79,869.0
1787242818,eth,1787299200000,2260.0,call,67.87,0.027565,0.025,0.03,2316.74,3188.0
1787242818,eth,1787472000000,2440.0,call,68.7,0.006259,0.006,0.0065,2317.43,72.0
1787242818,eth,1790323200000,6600.0,call,104.42,0.0001,,0.0002,2320.91,1414.0
1787242818,eth,1787904000000,1000.0,call,136.84,0.568871,0.5675,0.5705,2319.26,50.0
1787242818,eth,1787299200000,1940.0,put,173.39,0.000171,,0.0003,2316.59,1935.0
1787242818,eth,1787299200000,2200.0,put,78.44,0.000825,0.0007,0.0009,2316.74,4395.0
1787242818,eth,1787472000000,2350.0,call,61.89,0.014904,0.0145,0.0155,2317.43,322.0
1787242818,eth,1787385600000,2300.0,put,66.95,0.014494,0.014,0.015,2316.81,183.0
1787242818,eth,1793347200000,1600.0,call,59.13,0.319603,0.318,0.3235,2326.79,68.0
1787242818,eth,1787472000000,2460.0,call,70.55,0.005234,0.0049,0.0055,2317.43,47.0
1787242818,eth,1787385600000,2140.0,call,74.13,0.077487,0.0755,0.0805,2316.81,279.0
1787242818,eth,1788508800000,2600.0,call,59.19,0.011205,0.011,0.0115,2319.39,680.0
1787242818,eth,1806048000000,3100.0,call,54.64,0.074709,0.0735,0.076,2360.32,1826.0
1787242818,eth,1789113600000,2300.0,call,51.44,0.05417,0.053,0.055,2319.79,72.0
1787242818,eth,1787299200000,2240.0,put,69.29,0.001786,0.0016,0.0019,2316.74,1532.0
1787242818,eth,1787472000000,2240.0,call,58.89,0.040743,0.0395,0.042,2317.43,432.0
1787242818,eth,1787385600000,1960.0,call,115.31,0.154437,0.1525,0.157,2316.81,340.0
1787242818,eth,1790323200000,2400.0,put,51.62,0.083828,0.083,0.0845,2320.83,2013.0
1787242818,eth,1790323200000,2900.0,put,57.4,0.259806,0.255,0.2635,2320.91,49.0
1787242818,eth,1787558400000,2550.0,call,74.08,0.003641,0.0034,0.0038,2318.18,0.0
1787242818,eth,1790323200000,15000.0,call,127.3,0.0,,0.0005,2320.91,878.0
1787242818,eth,1787558400000,2600.0,put,77.91,0.124159,0.1205,0.127,2318.02,0.0
1787242818,eth,1787904000000,2150.0,put,57.43,0.007855,0.0075,0.008,2319.41,787.0
1787242818,eth,1790323200000,5600.0,call,95.55,0.00021,,0.0005,2320.91,7163.0
1787242818,eth,1787385600000,1900.0,call,128.67,0.180233,0.1785,0.1825,2316.81,468.0
1787242818,eth,1813910400000,3100.0,call,55.38,0.110274,0.109,0.1115,2384.35,1.0
1787242818,eth,1787558400000,2440.0,call,65.23,0.008259,0.008,0.0085,2318.18,0.0
1787242818,eth,1806048000000,2700.0,call,54.43,0.115387,0.114,0.1165,2360.32,3027.0
1787242818,eth,1788508800000,2000.0,call,56.57,0.142415,0.1405,0.145,2319.39,4208.0
1787242818,eth,1790323200000,3000.0,put,59.01,0.300407,0.293,0.303,2320.91,7522.0
1787242818,eth,1787385600000,2220.0,call,66.25,0.045757,0.0435,0.048,2316.81,455.0
1787242818,eth,1787299200000,2000.0,call,156.94,0.137043,0.135,0.1395,2316.59,13798.0
1787242818,eth,1787472000000,2180.0,call,60.64,0.062218,0.06,0.0655,2317.28,188.0
1787242818,eth,1798185600000,3600.0,put,56.0,0.558293,0.5485,0.564,2337.29,93.0
1787242818,eth,1790323200000,5000.0,call,90.6,0.000422,0.0003,0.0006,2320.83,4083.0
1787242818,eth,1787904000000,2250.0,put,56.85,0.019541,0.019,0.02,2319.41,942.0
1787242818,eth,1813910400000,2200.0,call,55.48,0.234588,0.233,0.238,2384.43,1052.0
1787242818,eth,1798185600000,3600.0,call,56.0,0.018107,0.0175,0.019,2337.13,2233.0
1787242818,eth,1787385600000,2160.0,put,71.39,0.001489,0.0013,0.0016,2316.81,469.0
1787242818,eth,1787299200000,1920.0,put,179.78,0.000152,,0.0002,2316.74,685.0
1787242818,eth,1787385600000,1960.0,put,115.31,0.000395,0.0003,0.0005,2316.66,189.0
1787242818,eth,1798185600000,9000.0,call,76.8,0.000356,0.0002,0.0006,2337.13,1965.0
1787242818,eth,1813910400000,900.0,call,69.06,0.632745,0.6285,0.6385,2384.35,0.0
1787242818,eth,1793347200000,2350.0,call,51.25,0.085341,0.085,0.086,2326.94,196.0
1787242818,eth,1790323200000,2700.0,call,54.33,0.018659,0.018,0.019,2320.91,8899.0
1787242818,eth,1790323200000,11000.0,call,110.93,1e-06,,0.0002,2320.83,2766.0
1787242818,eth,1787472000000,2120.0,call,65.91,0.086488,0.0845,0.0895,2317.43,18.0
1787242818,eth,1787385600000,2100.0,call,81.96,0.0944,0.0925,0.0975,2316.81,971.0
1787242818,eth,1787904000000,2100.0,put,59.07,0.004927,0.0046,0.005,2319.26,3085.0
1787242818,eth,1790323200000,10000.0,put,105.8,3.308655,3.2795,3.328,2320.91,0.0
1787242818,eth,1798185600000,2200.0,call,52.98,0.15198,0.151,0.153,2337.13,52514.0
1787242818,eth,1788508800000,2150.0,put,52.96,0.014227,0.0135,0.0145,2319.24,146.0
1787242818,eth,1806048000000,2100.0,put,54.9,0.109331,0.108,0.1105,2360.32,677.0
1787242818,eth,1787558400000,2450.0,call,65.87,0.007589,0.007,0.008,2318.18,0.0
1787242818,eth,1813910400000,2500.0,call,55.28,0.182148,0.18,0.184,2384.43,2991.0
1787242818,eth,1787385600000,1920.0,call,123.91,0.171624,0.169,0.174,2316.81,308.0
1787242818,eth,1798185600000,4000.0,put,57.72,0.722036,0.7115,0.7285,2337.13,223.0
1787242818,eth,1813910400000,800.0,put,71.43,0.007319,0.0065,0.008,2384.35,687.0
1787242818,eth,1806048000000,6000.0,put,60.38,1.548029,1.5205,1.578,2360.32,1.0
1787242818,eth,1790323200000,3100.0,put,60.88,0.341802,0.335,0.3445,2320.91,0.0
1787242818,eth,1798185600000,1600.0,call,57.94,0.334264,0.332,0.338,2337.13,619.0
1787242818,eth,1787385600000,2180.0,call,68.9,0.061076,0.059,0.0635,2316.66,101.0
1787242818,eth,1787299200000,1800.0,call,194.25,0.223101,0.221,0.226,2316.59,136.0
1787242818,eth,1787558400000,2100.0,call,63.61,0.095675,0.0935,0.0985,2318.18,0.0
1787242818,eth,1806048000000,3100.0,put,54.64,0.388006,0.38,0.3945,2360.32,99.0
1787242818,eth,1813910400000,3400.0,put,55.56,0.512285,0.501,0.52,2384.43,2.0
1787242818,eth,1787385600000,2240.0,call,66.1,0.038839,0.0375,0.04,2316.81,41.0
1787242818,eth,1787385600000,2020.0,call,100.95,0.128657,0.126,0.1315,2316.66,381.0
1787242818,eth,1790323200000,13000.0,put,119.8,4.601252,4.56,4.6275,2320.91,0.0
1787242818,eth,1798185600000,3800.0,put,56.84,0.639576,0.629,0.6455,2337.13,26.0
1787242818,eth,1787299200000,1650.0,put,194.25,0.0,,0.0002,2316.74,1778.0
1787242818,eth,1813910400000,1200.0,put,62.98,0.02308,0.022,0.024,2384.43,510.0
1787242818,eth,1790323200000,1300.0,put,80.71,0.000692,0.0005,0.0009,2320.83,3433.0
1787242818,eth,1787558400000,2240.0,put,57.04,0.009445,0.009,0.01,2318.02,21.0
1787242818,eth,1790323200000,1400.0,call,74.43,0.397736,0.3965,0.4005,2320.91,1550.0
1787242818,eth,1787904000000,1450.0,put,123.1,0.000183,0.0001,0.0003,2319.41,8378.0
1787242818,eth,1787904000000,3200.0,put,101.03,0.380452,0.375,0.3835,2319.41,3.0
1787242818,eth,1806048000000,5500.0,call,59.27,0.008648,0.008,0.0095,2360.47,2476.0
1787242818,eth,1790323200000,3600.0,put,70.37,0.553455,0.547,0.558,2320.91,907.0
1787242818,eth,1790323200000,1300.0,call,80.71,0.440566,0.4385,0.443,2320.83,68.0
1787242818,eth,1798185600000,1600.0,put,57.94,0.018791,0.018,0.019,2337.13,7453.0
1787242818,eth,1793347200000,2050.0,put,52.23,0.039201,0.0385,0.0395,2326.79,191.0
1787242818,eth,1787299200000,2150.0,put,94.22,0.000452,0.0003,0.0005,2316.59,1324.0
1787242818,eth,1798185600000,11000.0,call,81.97,0.000184,0.0001,0.0003,2337.13,2143.0
1787242818,eth,1813910400000,1000.0,call,66.71,0.594202,0.5895,0.6005,2384.35,70.0
1787242818,eth,1787299200000,1880.0,call,194.17,0.188679,0.1865,0.1915,2316.74,1.0
1787242818,eth,1813910400000,2300.0,put,55.38,0.180215,0.1785,0.182,2384.35,161.0
1787242818,eth,1787558400000,2100.0,put,63.61,0.00157,0.0014,0.0017,2318.18,21.0
1787242818,eth,1793347200000,2400.0,put,51.29,0.10779,0.1065,0.109,2326.79,41.0
1787242818,eth,1787299200000,1800.0,put,194.25,2.1e-05,,0.0001,2316.74,3502.0
1787242818,eth,1787472000000,2100.0,put,69.08,0.001095,0.0009,0.0012,2317.43,82.0
1787242818,eth,1787472000000,1900.0,put,103.23,0.000331,0.0002,0.0005,2317.43,358.0
1787242818,eth,1787385600000,2420.0,put,77.93,0.050605,0.0475,0.053,2316.81,0.0
1787242818,eth,1787904000000,1500.0,put,116.77,0.000213,0.0001,0.0004,2319.41,5660.0
1787242818,eth,1787385600000,2300.0,call,66.95,0.021788,0.021,0.0225,2316.81,2545.0
1787242818,eth,1787385600000,1780.0,call,156.38,0.231914,0.2295,0.2345,2316.66,0.0
1787242818,eth,1787385600000,1940.0,call,121.32,0.163066,0.161,0.1655,2316.66,97.0
1787242818,eth,1787472000000,1800.0,call,118.96,0.223461,0.2215,0.226,2317.43,0.0
1787242818,eth,1787904000000,2100.0,call,59.07,0.099528,0.0975,0.102,2319.26,8879.0
1787242818,eth,1787472000000,2420.0,put,67.13,0.051841,0.0485,0.0545,2317.43,0.0
1787242818,eth,1813910400000,3200.0,put,55.44,0.443634,0.4345,0.453,2384.35,0.0
1787242818,eth,1787299200000,2400.0,put,85.33,0.039088,0.035,0.0415,2316.59,17.0
1787242818,eth,1790323200000,9000.0,call,104.42,2e-06,,0.0005,2320.91,1519.0
1787242818,eth,1789113600000,2000.0,put,54.07,0.00794,0.0075,0.0085,2319.79,1364.0
1787242818,eth,1813910400000,2100.0,call,55.67,0.255304,0.254,0.2585,2384.35,142.0
1787242818,eth,1793347200000,1950.0,call,53.04,0.189548,0.1875,0.193,2326.94,716.0
1787242818,eth,1793347200000,2650.0,put,52.16,0.18229,0.178,0.1845,2326.94,0.0
1787242818,eth,1787385600000,1950.0,put,118.34,0.000394,0.0003,0.0005,2316.81,0.0
1787242818,eth,1787299200000,2150.0,call,94.22,0.072464,0.0705,0.0755,2316.59,1254.0
1787242818,eth,1806048000000,3200.0,call,54.74,0.067124,0.066,0.0685,2360.32,1502.0
1787242818,eth,1787558400000,2360.0,call,60.41,0.016355,0.016,0.0165,2318.18,64.0
1787242818,eth,1798185600000,3800.0,call,56.84,0.013824,0.0135,0.0145,2337.13,2914.0
1787242818,eth,1790323200000,4800.0,call,89.63,0.000596,0.0004,0.0009,2320.83,1702.0
1787242818,eth,1806048000000,2400.0,call,54.43,0.159607,0.158,0.161,2360.32,2111.0
1787242818,eth,1806048000000,4000.0,put,56.03,0.724489,0.711,0.731,2360.32,0.0
1787242818,eth,1787299200000,2100.0,put,113.74,0.000346,0.0002,0.0005,2316.59,1231.0
1787242818,eth,1787904000000,1200.0,put,136.84,1.6e-05,,0.0002,2319.26,7110.0
1787242818,eth,1788508800000,2300.0,put,52.81,0.037968,0.0375,0.0385,2319.24,127.0
1787242818,eth,1790323200000,4000.0,call,77.66,0.001369,0.0012,0.0015,2320.91,20203.0
1787242818,eth,1790323200000,2100.0,call,51.84,0.120411,0.1195,0.122,2320.91,5929.0
1787242818,eth,1798185600000,2500.0,put,52.89,0.165845,0.1645,0.167,2337.13,1311.0
1787242818,eth,1787472000000,1700.0,put,132.17,8.7e-05,,0.0003,2317.43,267.0
1787242818,eth,1788508800000,2100.0,put,53.75,0.009865,0.0095,0.01,2319.39,1254.0
1787242818,eth,1788508800000,2080.0,put,54.22,0.00852,0.008,0.009,2319.24,591.0
1787242818,eth,1806048000000,4600.0,put,57.23,0.966139,0.947,0.9825,2360.32,0.0
1787242818,eth,1806048000000,3700.0,put,55.5,0.607592,0.597,0.617,2360.32,0.0
1787242818,eth,1787385600000,2200.0,call,67.2,0.05322,0.051,0.0555,2316.66,632.0
1787242818,eth,1798185600000,1700.0,call,56.46,0.298085,0.296,0.302,2337.13,365.0
1787242818,eth,1806048000000,2200.0,put,54.6,0.1295,0.128,0.131,2360.32,1732.0
1787242818,eth,1787472000000,1840.0,put,115.71,0.000287,0.0002,0.0004,2317.28,523.0
1787242818,eth,1790323200000,6000.0,call,101.73,0.000202,,0.0003,2320.83,3190.0
1787242818,eth,1787904000000,1650.0,put,100.54,0.000399,0.0003,0.0005,2319.26,7180.0
1787242818,eth,1788508800000,1700.0,put,74.86,0.000897,0.0008,0.001,2319.39,745.0
1787242818,eth,1788508800000,2050.0,call,54.93,0.122935,0.121,0.1255,2319.24,0.0
1787242818,eth,1787385600000,1750.0,put,165.44,0.000182,0.0001,0.0003,2316.81,141.0
1787242818,eth,1798185600000,3200.0,put,54.51,0.401402,0.393,0.407,2337.29,251.0
1787242818,eth,1790323200000,5400.0,call,93.27,0.000241,0.0001,0.0004,2320.91,1731.0
1787242818,eth,1798185600000,10000.0,call,80.51,0.00029,0.0002,0.0004,2337.13,1663.0
1787242818,eth,1787904000000,3000.0,call,90.92,0.001434,0.0013,0.0016,2319.41,2738.0
1787242818,eth,1790323200000,4800.0,put,89.63,1.06875,1.057,1.0755,2320.91,110.0
1787242818,eth,1813910400000,2800.0,call,55.22,0.141324,0.14,0.143,2384.35,1128.0
1787242818,eth,1787904000000,2150.0,call,57.43,0.080927,0.079,0.0845,2319.26,5408.0
1787242818,eth,1798185600000,5500.0,put,64.42,1.355458,1.3385,1.369,2337.13,0.0
1787242818,eth,1793347200000,2350.0,put,51.25,0.095247,0.094,0.096,2326.79,0.0
1787242818,eth,1790323200000,4200.0,call,80.82,0.001073,0.0009,0.0013,2320.83,2538.0
1787242818,eth,1787472000000,2600.0,call,84.84,0.001819,0.0017,0.002,2317.43,763.0
1787242818,eth,1787904000000,2500.0,put,64.22,0.089298,0.0865,0.0915,2319.26,5.0
1787242818,eth,1787385600000,2250.0,put,66.02,0.006694,0.006,0.007,2316.81,228.0
1787242818,eth,1793347200000,2700.0,put,52.33,0.198969,0.194,0.2015,2326.94,0.0
1787242818,eth,1813910400000,2800.0,put,55.22,0.315589,0.307,0.3195,2384.35,0.0
1787242818,eth,1787904000000,1850.0,put,78.4,0.000878,0.0007,0.001,2319.41,3220.0
1787242818,eth,1813910400000,2600.0,call,55.26,0.16741,0.1655,0.1685,2384.35,317.0
1787242818,eth,1787558400000,2300.0,put,57.55,0.019173,0.0185,0.0195,2318.18,0.0
1787242818,eth,1787299200000,1840.0,put,194.25,5.5e-05,,0.0002,2316.74,353.0
1787242818,eth,1813910400000,1300.0,put,61.43,0.029367,0.028,0.0305,2384.35,1674.0
1787242818,eth,1806048000000,5500.0,put,59.27,1.338693,1.314,1.3525,2360.32,0.0
1787242818,eth,1787385600000,1950.0,call,118.34,0.158752,0.157,0.1615,2316.81,18.0
1787242818,eth,1806048000000,1400.0,call,60.58,0.430395,0.426,0.436,2360.32,57.0
1787242818,eth,1787385600000,2140.0,put,74.13,0.001134,0.001,0.0013,2316.81,565.0
1787242818,eth,1813910400000,2400.0,put,55.28,0.204576,0.2025,0.2065,2384.43,2.0
1787242818,eth,1790323200000,1950.0,call,54.13,0.171998,0.17,0.176,2320.91,3752.0
1787242818,eth,1788508800000,1900.0,call,61.13,0.183221,0.181,0.186,2319.39,408.0
1787242818,eth,1787904000000,2080.0,call,59.72,0.107304,0.105,0.1095,2319.41,42.0
1787242818,eth,1787385600000,2060.0,put,90.83,0.0006,0.0005,0.0007,2316.81,409.0
1787242818,eth,1806048000000,1600.0,put,57.93,0.03853,0.0375,0.0395,2360.32,1253.0
1787242818,eth,1813910400000,3800.0,call,55.95,0.063256,0.062,0.0645,2384.35,430.0
1787242818,eth,1793347200000,1500.0,call,62.12,0.360367,0.3585,0.364,2326.79,50.0
1787242818,eth,1798185600000,2500.0,call,52.89,0.096256,0.0955,0.097,2337.13,27493.0
1787242818,eth,1793347200000,2800.0,call,52.95,0.030894,0.0305,0.0315,2326.94,1726.0
1787242818,eth,1787299200000,1400.0,put,194.25,0.0,,0.0001,2316.74,341.0
1787242818,eth,1806048000000,2400.0,put,54.43,0.176353,0.175,0.178,2360.32,357.0
1787242818,eth,1787904000000,2350.0,call,58.74,0.027971,0.0275,0.0285,2319.26,4583.0
1787242818,eth,1787904000000,1550.0,put,112.59,0.00029,0.0002,0.0004,2319.41,6117.0
1787242818,eth,1787299200000,2500.0,put,104.39,0.079848,0.0765,0.0825,2316.74,0.0
1787242818,eth,1798185600000,6000.0,put,66.49,1.568621,1.547,1.5865,2337.13,0.0
1787242818,eth,1806048000000,1700.0,call,56.97,0.32842,0.323,0.334,2360.32,1336.0
1787242818,eth,1813910400000,1000.0,put,66.71,0.013583,0.0125,0.0145,2384.35,4740.0
1787242818,eth,1787385600000,2420.0,call,77.93,0.006106,0.0055,0.0065,2316.66,1206.0
1787242818,eth,1787472000000,2040.0,call,77.86,0.120366,0.1185,0.1235,2317.43,509.0
1787242818,eth,1787385600000,2180.0,put,68.9,0.001988,0.0018,0.0021,2316.66,135.0
1787242818,eth,1787472000000,2160.0,put,62.15,0.002194,0.002,0.0023,2317.28,132.0
1787242818,eth,1787299200000,1850.0,put,194.24,6.8e-05,,0.0002,2316.74,2018.0
1787242818,eth,1790323200000,2000.0,put,53.09,0.015529,0.015,0.016,2320.91,13548.0
1787242818,eth,1787904000000,3800.0,put,126.49,0.638543,0.6325,0.6425,2319.26,0.0
1787242818,eth,1787472000000,2180.0,put,60.64,0.002915,0.0027,0.003,2317.43,137.0
1787242818,eth,1793347200000,2550.0,put,51.63,0.150248,0.1465,0.1525,2326.79,0.0
1787242818,eth,1787472000000,1940.0,call,96.07,0.163264,0.1615,0.166,2317.43,196.0
1787242818,eth,1798185600000,1400.0,put,61.86,0.01007,0.0095,0.0105,2337.13,13717.0
1787242818,eth,1787299200000,2340.0,call,73.97,0.008172,0.008,0.0085,2316.59,2120.0
1787242818,eth,1793347200000,2000.0,call,52.6,0.173484,0.1715,0.177,2326.79,838.0
1787242818,eth,1787904000000,1900.0,call,73.32,0.181975,0.18,0.1845,2319.41,7463.0
1787242818,eth,1788508800000,1800.0,call,67.29,0.22531,0.2235,0.228,2319.39,32.0
1787242818,eth,1787904000000,2300.0,call,57.54,0.037443,0.0365,0.038,2319.26,6388.0
1787242818,eth,1787385600000,2450.0,put,81.27,0.061944,0.058,0.0645,2316.66,0.0
1787242818,eth,1790323200000,1800.0,put,57.78,0.00572,0.0055,0.006,2320.91,10299.0
1787242818,eth,1798185600000,9000.0,put,76.8,2.850821,2.813,2.8775,2337.13,0.0
1787242818,eth,1813910400000,3600.0,call,55.76,0.073839,0.0725,0.075,2384.43,117.0
1787242818,eth,1787299200000,2140.0,call,98.02,0.076751,0.0745,0.0795,2316.74,35.0
1787242818,eth,1813910400000,4000.0,put,56.19,0.73198,0.7155,0.7465,2384.35,0.0
1787242818,eth,1787299200000,2050.0,put,136.37,0.00033,0.0001,0.0004,2316.74,1082.0
1787242818,eth,1798185600000,4600.0,call,60.38,0.005399,0.005,0.006,2337.13,10789.0
1787242818,eth,1787385600000,1800.0,put,150.41,0.000182,0.0001,0.0003,2316.81,10.0
1787242818,eth,1798185600000,10000.0,put,80.51,3.278585,3.2375,3.323,2337.13,0.0
1787242818,eth,1787299200000,2300.0,put,68.23,0.008199,0.008,0.0085,2316.74,975.0
1787242818,eth,1787558400000,2220.0,call,57.25,0.049622,0.0475,0.0535,2318.02,0.0
1787242818,eth,1788508800000,1950.0,call,58.61,0.162578,0.1605,0.1655,2319.24,3401.0
1787242818,eth,1806048000000,3200.0,put,54.74,0.422786,0.416,0.431,2360.32,20.0
1787242818,eth,1806048000000,2600.0,call,54.42,0.128652,0.1275,0.13,2360.32,3215.0
1787242818,eth,1790323200000,2500.0,call,52.29,0.035911,0.0355,0.0365,2320.83,25472.0
1787242818,eth,1813910400000,3300.0,put,55.49,0.477608,0.467,0.4865,2384.35,0.0
1787242818,eth,1813910400000,1700.0,call,57.26,0.355669,0.3495,0.363,2384.43,673.0
1787242818,eth,1790323200000,2600.0,put,53.17,0.14605,0.1405,0.149,2320.91,8392.0
1787242818,eth,1789113600000,2600.0,call,55.46,0.015888,0.0155,0.0165,2319.79,11.0
1787242818,eth,1787904000000,2300.0,put,57.54,0.029058,0.0285,0.0295,2319.26,2190.0
1787242818,eth,1793347200000,3800.0,call,61.87,0.004905,0.0045,0.005,2326.78,15.0
1787242818,eth,1787558400000,2480.0,call,68.24,0.006009,0.0055,0.0065,2318.18,0.0
1787242818,eth,1787385600000,2100.0,put,81.96,0.000784,0.0007,0.0009,2316.81,581.0
1787242818,eth,1787299200000,2280.0,call,67.65,0.021005,0.0195,0.021,2316.59,3866.0
1787242818,eth,1798185600000,8000.0,call,72.77,0.000466,0.0003,0.0008,2337.29,2528.0
1787242818,eth,1813910400000,1600.0,put,57.99,0.056305,0.055,0.0575,2384.35,1368.0
1787242818,eth,1787904000000,2020.0,put,63.2,0.00244,0.0022,0.0026,2319.26,666.0
1787242818,eth,1793347200000,1900.0,call,53.57,0.206338,0.2045,0.2105,2326.78,301.0
1787242818,eth,1787472000000,2000.0,put,84.75,0.000514,0.0004,0.0006,2317.28,138.0
1787242818,eth,1787472000000,2480.0,put,72.13,0.074553,0.0695,0.077,2317.2,0.0
1787242818,eth,1798185600000,3100.0,put,54.19,0.363944,0.356,0.3675,2337.29,0.0
1787242818,eth,1798185600000,6500.0,call,68.67,0.001216,0.0009,0.0017,2337.29,1804.0
1787242818,eth,1787904000000,1000.0,put,136.84,0.0,,0.0001,2319.41,2984.0
1787242818,eth,1806048000000,3800.0,call,55.65,0.036284,0.0355,0.0375,2360.32,1247.0
1787242818,eth,1790323200000,1500.0,put,69.31,0.001413,0.0012,0.0016,2320.91,13400.0
1787242818,eth,1787385600000,2000.0,call,106.04,0.137254,0.1355,0.14,2316.81,106.0
1787242818,eth,1787472000000,2380.0,put,63.97,0.038172,0.0365,0.039,2317.2,13.0
1787242818,eth,1798185600000,2400.0,put,52.81,0.139101,0.138,0.1405,2337.29,1715.0
1787242818,eth,1790323200000,1950.0,put,54.13,0.012186,0.0115,0.0125,2320.83,659.0
1787242818,eth,1787299200000,2360.0,call,77.86,0.005974,0.0055,0.0065,2316.74,8.0
1787242818,eth,1793347200000,3200.0,put,56.05,0.388602,0.381,0.393,2326.7,0.0
1787242818,eth,1787299200000,2080.0,call,122.51,0.10256,0.1005,0.1055,2316.74,114.0
1787242818,eth,1787558400000,2050.0,put,68.8,0.000956,0.0008,0.0011,2318.18,251.0
1787242818,eth,1793347200000,1400.0,put,64.95,0.003321,0.0029,0.0036,2326.7,2650.0
1787242818,eth,1806048000000,2300.0,put,54.53,0.152112,0.1505,0.1535,2360.32,1583.0
1787242818,eth,1787472000000,1920.0,call,100.32,0.171824,0.17,0.1745,2317.28,63.0
1787242818,eth,1806048000000,1700.0,put,56.97,0.048605,0.0475,0.0495,2360.32,1576.0
1787242818,eth,1787472000000,2340.0,put,61.26,0.026203,0.025,0.027,2317.28,0.0
1787242818,eth,1790323200000,12000.0,call,115.57,0.0,,0.0002,2320.91,1341.0
1787242818,eth,1813910400000,2900.0,put,55.28,0.346282,0.3375,0.35,2384.43,3.0
1787242818,eth,1793347200000,2150.0,call,51.7,0.130284,0.129,0.1315,2326.78,1087.0
1787242818,eth,1787904000000,1400.0,call,130.66,0.396591,0.395,0.3985,2319.26,118.0
1787242818,eth,1787904000000,2800.0,call,80.21,0.002818,0.0027,0.003,2319.41,8168.0
1787242818,eth,1787558400000,2000.0,call,75.02,0.137889,0.136,0.141,2318.18,0.0
1787242818,eth,1806048000000,4200.0,put,56.42,0.804111,0.7875,0.821,2360.32,1.0
1787242818,eth,1787299200000,1940.0,call,173.39,0.162824,0.161,0.1655,2316.59,328.0
1787242818,eth,1787299200000,1880.0,put,194.17,0.000129,,0.0002,2316.74,875.0
1787242818,eth,1790323200000,5800.0,call,99.38,0.000222,,0.0003,2320.91,4885.0
1787242818,eth,1798185600000,1900.0,call,54.43,0.232006,0.2295,0.2355,2337.13,3877.0
1787242818,eth,1787472000000,2260.0,call,58.72,0.034494,0.033,0.0355,2317.2,89.0
1787242818,eth,1787299200000,1860.0,put,194.23,8.5e-05,,0.0002,2316.74,2073.0
1787242818,eth,1789113600000,2250.0,put,51.18,0.03533,0.0345,0.036,2319.79,383.0
1787242818,eth,1793347200000,2450.0,call,51.36,0.068254,0.068,0.069,2326.7,21.0
1787242818,eth,1788508800000,1750.0,put,70.8,0.001085,0.0009,0.0012,2319.39,731.0
1787242818,eth,1789113600000,2800.0,put,59.82,0.214307,0.209,0.217,2319.79,0.0
1787242818,eth,1806048000000,1000.0,put,69.06,0.007664,0.007,0.008,2360.32,7327.0
1787242818,eth,1787299200000,1860.0,call,194.23,0.197267,0.1955,0.2005,2316.74,412.0
1787242818,eth,1787472000000,2020.0,call,81.43,0.128872,0.127,0.132,2317.28,5.0
1787242818,eth,1813910400000,3500.0,put,55.68,0.54773,0.5375,0.553,2384.35,303.0
1787242818,eth,1787558400000,2160.0,put,59.03,0.00322,0.003,0.0034,2318.18,1.0
1787242818,eth,1787904000000,1750.0,call,89.22,0.246102,0.244,0.249,2319.41,4111.0
1787242818,eth,1787472000000,2200.0,call,59.56,0.054556,0.052,0.059,2317.2,154.0
1787242818,eth,1789113600000,2200.0,put,51.19,0.026882,0.026,0.0275,2319.79,1.0
1787242818,eth,1793347200000,1750.0,call,55.98,0.26091,0.259,0.2645,2326.78,102.0
1787242818,eth,1793347200000,1750.0,put,55.98,0.01302,0.0125,0.0135,2326.7,776.0
1787242818,eth,1813910400000,3400.0,call,55.56,0.086392,0.085,0.0875,2384.35,247.0
1787242818,eth,1806048000000,2800.0,put,54.43,0.289601,0.2825,0.293,2360.47,12.0
1787242818,eth,1787558400000,2360.0,put,60.41,0.034408,0.0305,0.0365,2318.18,0.0
1787242818,eth,1787472000000,2000.0,call,84.75,0.137433,0.1355,0.1405,2317.28,65.0
1787242818,eth,1798185600000,2400.0,call,52.81,0.11231,0.1115,0.1135,2337.13,12391.0
1787242818,eth,1787299200000,2200.0,call,78.44,0.051256,0.05,0.0535,2316.74,3188.0
1787242818,eth,1798185600000,1700.0,put,56.46,0.025395,0.0245,0.026,2337.29,13944.0
1787242818,eth,1790323200000,8500.0,put,104.42,2.662361,2.639,2.678,2320.91,0.0
1787242818,eth,1793347200000,1500.0,put,62.12,0.004991,0.0045,0.005,2326.7,2633.0
1787242818,eth,1787472000000,2280.0,put,59.11,0.01292,0.0125,0.013,2317.2,103.0
1787242818,eth,1787472000000,2450.0,put,69.5,0.062955,0.058,0.0655,2317.28,0.0
1787242818,eth,1787558400000,2420.0,put,63.83,0.053683,0.0495,0.056,2318.18,0.0
1787242818,eth,1787385600000,1860.0,call,140.09,0.197486,0.1955,0.2005,2316.81,18.0
1787242818,eth,1787385600000,2020.0,put,100.95,0.000512,0.0004,0.0006,2316.81,675.0
1787242818,eth,1787385600000,2500.0,put,88.09,0.081933,0.0785,0.0845,2316.81,0.0
1787242818,eth,1788508800000,2200.0,put,52.59,0.020234,0.0195,0.0205,2319.39,958.0
1787242818,eth,1790323200000,2400.0,call,51.62,0.049751,0.049,0.05,2320.91,15234.0
1787242818,eth,1789113600000,2000.0,call,54.07,0.145879,0.144,0.1485,2319.79,4.0
1787242818,eth,1806048000000,2900.0,call,54.49,0.09278,0.0915,0.094,2360.47,2168.0
1787242818,eth,1798185600000,6000.0,call,66.49,0.001645,0.0014,0.002,2337.29,10481.0
1787242818,eth,1793347200000,2800.0,put,52.95,0.234254,0.2275,0.237,2326.7,10.0
1787242818,eth,1787299200000,2300.0,call,68.23,0.015467,0.0145,0.016,2316.74,2950.0
1787242818,eth,1813910400000,2200.0,put,55.48,0.157225,0.1555,0.159,2384.35,141.0
1787242818,eth,1787904000000,1650.0,call,100.54,0.289036,0.287,0.2915,2319.41,1604.0
1787242818,eth,1787472000000,2480.0,call,72.13,0.004333,0.0041,0.0046,2317.28,30.0
1787242818,eth,1789113600000,2600.0,put,55.46,0.136568,0.132,0.139,2319.79,0.0
1787242818,eth,1787904000000,1100.0,call,136.84,0.52576,0.5245,0.5275,2319.26,204.0
1787242818,eth,1813910400000,800.0,call,71.43,0.671814,0.6675,0.6765,2384.35,118.0
1787242818,eth,1789113600000,2450.0,call,52.99,0.029526,0.029,0.03,2319.79,150.0
1787242818,eth,1787472000000,2050.0,put,76.48,0.000714,0.0006,0.0008,2317.2,33.0
1787242818,eth,1787299200000,1600.0,put,194.25,0.0,,0.0001,2316.59,3921.0
1787242818,eth,1787385600000,1940.0,put,121.32,0.000392,0.0003,0.0005,2316.81,577.0
