snap_ts,asset,expiry_ms,strike,opt_type,mark_iv,mark_price,bid,ask,underlying_price,open_interest
1789861449,btc,1806048000000,40000.0,call,56.51,0.52403021,0.5235,0.5255,83372.89,82.1
1789861449,btc,1813910400000,64000.0,call,42.61,0.28421241,0.2825,0.2855,84393.66,33.5
1789861449,btc,1790323200000,72000.0,put,49.89,0.00045782,0.0004,0.0005,81334.18,2941.4
1789861449,btc,1806048000000,85000.0,put,38.58,0.12102554,0.12,0.1225,83372.89,8.8
1789861449,btc,1790323200000,62000.0,put,82.05,8.209e-05,,0.0001,81334.86,1516.1
1789861449,btc,1806048000000,55000.0,call,46.57,0.35398224,0.3485,0.3585,83372.89,29.6
1789861449,btc,1813910400000,65000.0,put,42.4,0.04557187,0.0445,0.0465,84392.98,38.8
1789861449,btc,1806048000000,62000.0,call,43.05,0.28006197,0.274,0.284,83372.89,52.3
1789861449,btc,1813910400000,150000.0,put,44.16,0.79255144,0.779,0.8055,84392.98,1.1
1789861449,btc,1790323200000,120000.0,put,82.25,0.47539631,0.471,0.478,81334.86,174.5
1789861449,btc,1813910400000,125000.0,put,41.55,0.5121888,0.501,0.5205,84393.66,0.0
1789861449,btc,1793347200000,84000.0,put,34.82,0.06180775,0.061,0.0625,81753.53,41.6
1789861449,btc,1806048000000,82000.0,call,38.72,0.11782908,0.1165,0.119,83372.89,1296.8
1789861449,btc,1793347200000,67000.0,call,42.34,0.18498752,0.1825,0.1875,81754.18,108.4
1789861449,btc,1789977600000,82000.0,put,23.42,0.011241,0.01,0.012,81274.65,80.0
1789861449,btc,1790150400000,90000.0,put,51.66,0.10734097,0.104,0.1095,81303.73,0.0
1789861449,btc,1790323200000,55000.0,call,85.92,0.32377898,0.3225,0.3255,81334.18,123.7
1789861449,btc,1813910400000,88000.0,call,39.79,0.1205104,0.1195,0.122,84392.98,28.6
1789861449,btc,1790064000000,82500.0,put,31.9,0.01938404,0.0185,0.0205,81290.75,0.0
1789861449,btc,1798185600000,74000.0,put,38.5,0.03453963,0.034,0.035,82396.4,166.4
1789861449,btc,1813910400000,45000.0,call,50.83,0.47803515,0.4765,0.4795,84392.98,0.5
1789861449,btc,1789977600000,84000.0,call,32.25,0.00037665,0.0003,0.0005,81274.65,72.2
1789861449,btc,1790323200000,74000.0,call,43.92,0.09093696,0.09,0.092,81334.86,1434.3
1789861449,btc,1795766400000,88000.0,call,36.38,0.03510479,0.0345,0.0355,82059.04,338.7
1789861449,btc,1813910400000,54000.0,call,46.01,0.38141993,0.38,0.3825,84392.98,1.0
1789861449,btc,1798185600000,84000.0,call,37.05,0.06723126,0.0665,0.068,82397.08,1440.6
1789861449,btc,1790150400000,81000.0,put,30.15,0.00972056,0.009,0.01,81304.41,0.0
1789861449,btc,1790064000000,80500.0,call,28.67,0.01479693,0.014,0.0155,81290.12,31.0
1789861449,btc,1790928000000,73000.0,put,39.34,0.00196928,0.0018,0.0021,81418.58,346.9
1789861449,btc,1790323200000,54000.0,put,85.92,7.9e-07,,0.0001,81334.86,896.5
1789861449,btc,1795766400000,73000.0,put,38.23,0.02197848,0.0215,0.0225,82059.71,31.5
1789861449,btc,1798185600000,104000.0,call,38.69,0.01323262,0.0125,0.014,82397.08,98.2
1789861449,btc,1790323200000,155000.0,put,84.03,0.90571857,0.8995,0.909,81334.86,0.1
1789861449,btc,1790323200000,105000.0,call,74.61,7.076e-05,,0.0001,81334.86,1454.2
1789861449,btc,1795766400000,70000.0,call,39.57,0.16200272,0.161,0.1635,82059.71,6.5
1789861449,btc,1791532800000,81000.0,put,34.39,0.02854789,0.028,0.029,81493.02,8.9
1789861449,btc,1789891200000,79500.0,call,30.89,0.02164888,0.02,0.0245,81257.01,7.3
1789861449,btc,1793347200000,90000.0,put,35.41,0.1152815,0.1115,0.118,81754.18,6.9
1789861449,btc,1813910400000,105000.0,put,40.11,0.30705344,0.2975,0.315,84393.66,0.1
1789861449,btc,1790323200000,82000.0,put,33.86,0.02083,0.0205,0.021,81334.86,831.7
1789861449,btc,1806048000000,112000.0,put,40.02,0.36936218,0.3615,0.376,83372.89,0.1
1789861449,btc,1789891200000,82000.0,call,22.48,0.00030332,0.0002,0.0004,81257.01,365.0
1789861449,btc,1790064000000,86000.0,put,44.18,0.05879966,0.0555,0.0605,81290.12,0.0
1789861449,btc,1798185600000,58000.0,call,46.94,0.30260543,0.3005,0.306,82397.08,40.3
1789861449,btc,1793347200000,79000.0,call,35.21,0.06467451,0.064,0.0655,81753.53,269.2
1789861449,btc,1789891200000,73500.0,call,69.14,0.0954552,0.094,0.098,81257.01,0.0
1789861449,btc,1791532800000,85000.0,call,35.14,0.01581461,0.0155,0.0165,81493.68,540.8
1789861449,btc,1789891200000,68000.0,put,69.49,0.0,,0.0001,81257.01,17.8
1789861449,btc,1790323200000,66000.0,put,68.74,0.00014482,0.0001,0.0002,81334.86,1750.7
1789861449,btc,1789891200000,87000.0,call,56.24,1.6e-07,,0.0001,81257.01,2.3
1789861449,btc,1813910400000,90000.0,call,39.74,0.11153133,0.1105,0.113,84393.66,766.0
1789861449,btc,1790323200000,79000.0,call,32.95,0.0340285,0.033,0.035,81334.86,2652.4
1789861449,btc,1790928000000,79000.0,call,34.69,0.042665,0.0415,0.0435,81417.92,392.6
1789861449,btc,1789891200000,75500.0,call,54.29,0.07084175,0.069,0.0735,81256.34,8.7
1789861449,btc,1806048000000,78000.0,call,39.07,0.14296323,0.1415,0.144,83372.89,647.9
1789861449,btc,1790323200000,85000.0,put,38.18,0.04936219,0.046,0.0515,81334.86,452.8
1789861449,btc,1789891200000,73000.0,put,69.48,0.0,,0.0001,81257.01,18.6
1789861449,btc,1795766400000,68000.0,put,40.52,0.01154392,0.011,0.012,82059.04,141.0
1789861449,btc,1790928000000,81000.0,put,34.54,0.02278971,0.0225,0.0235,81417.92,29.7
1789861449,btc,1789977600000,83500.0,call,30.15,0.00057343,0.0005,0.0007,81274.01,35.7
1789861449,btc,1791532800000,82000.0,call,34.5,0.02876588,0.0285,0.0295,81493.68,285.0
1789861449,btc,1798185600000,95000.0,put,37.38,0.18035598,0.1765,0.1855,82397.08,113.1
1789861449,btc,1795766400000,81000.0,put,36.5,0.05628947,0.0555,0.057,82059.71,37.7
1789861449,btc,1789977600000,74000.0,put,49.89,7.82e-06,,0.0001,81274.65,30.9
1789861449,btc,1789891200000,73000.0,call,69.48,0.10160856,0.1,0.1035,81257.01,0.0
1789861449,btc,1791532800000,78000.0,call,34.63,0.05712318,0.0565,0.0585,81493.68,26.6
1789861449,btc,1790323200000,125000.0,put,82.25,0.53687002,0.5325,0.5395,81334.86,21.4
1789861449,btc,1813910400000,55000.0,put,45.56,0.02280014,0.022,0.0235,84392.98,36.1
1789861449,btc,1789977600000,72000.0,put,56.82,1.8e-06,,0.0003,81274.65,28.7
1789861449,btc,1789977600000,68000.0,call,58.37,0.16332417,0.162,0.1655,81274.65,0.0
1789861449,btc,1789977600000,75500.0,put,45.21,2.936e-05,,0.0001,81274.65,20.8
1789861449,btc,1806048000000,96000.0,call,38.73,0.057854,0.057,0.059,83372.89,161.7
1789861449,btc,1793347200000,60000.0,call,50.52,0.26792927,0.266,0.2705,81754.18,14.4
1789861449,btc,1793347200000,76000.0,put,35.96,0.01909792,0.0185,0.0195,81753.53,461.9
1789861449,btc,1793347200000,45000.0,call,73.57,0.44999839,0.4485,0.4515,81754.18,0.1
1789861449,btc,1793347200000,66000.0,call,43.3,0.19659431,0.195,0.199,81754.18,89.5
1789861449,btc,1798185600000,70000.0,put,39.8,0.02269529,0.022,0.0235,82397.08,1454.0
1789861449,btc,1793347200000,58000.0,call,53.34,0.29204943,0.29,0.2945,81754.18,0.0
1789861449,btc,1793347200000,90000.0,call,35.41,0.01441161,0.014,0.015,81754.18,3136.9
1789861449,btc,1795766400000,98000.0,call,37.65,0.0124414,0.012,0.013,82059.04,359.4
1789861449,btc,1790064000000,75000.0,put,46.15,0.00018504,0.0001,0.0004,81290.12,4.0
1789861449,btc,1798185600000,125000.0,call,43.64,0.00337924,0.0031,0.0037,82397.08,503.1
1789861449,btc,1813910400000,40000.0,put,54.17,0.00780661,0.0075,0.0085,84392.98,1227.2
1789861449,btc,1790323200000,140000.0,call,82.26,0.0,,0.0001,81334.86,1208.2
1789861449,btc,1793347200000,94000.0,put,36.35,0.15775379,0.1535,0.161,81754.18,0.1
1789861449,btc,1791532800000,81000.0,call,34.39,0.03459774,0.034,0.035,81493.68,97.9
1789861449,btc,1798185600000,100000.0,call,37.95,0.01808227,0.0175,0.0185,82396.4,5815.9
1789861449,btc,1790064000000,90000.0,put,57.49,0.1073716,0.104,0.1095,81290.12,0.0
1789861449,btc,1790150400000,83500.0,put,34.92,0.03110283,0.0275,0.033,81304.41,0.0
1789861449,btc,1790150400000,84000.0,call,36.05,0.00323964,0.0031,0.0035,81303.73,0.5
1789861449,btc,1806048000000,62000.0,put,43.05,0.02371147,0.023,0.0245,83372.89,234.6
1789861449,btc,1790323200000,102000.0,put,70.56,0.25420418,0.2505,0.2565,81334.86,6.1
1789861449,btc,1789977600000,73500.0,call,52.84,0.09565903,0.0945,0.097,81274.01,8.8
1789861449,btc,1795766400000,80000.0,call,36.58,0.07564004,0.0755,0.0765,82059.04,1152.5
1789861449,btc,1789977600000,69000.0,call,57.02,0.15102012,0.1495,0.1535,81274.01,0.0
1789861449,btc,1790928000000,76000.0,call,36.44,0.07166106,0.0695,0.074,81417.92,49.7
1789861449,btc,1813910400000,94000.0,put,39.74,0.20939698,0.208,0.212,84393.66,0.1
1789861449,btc,1795766400000,92000.0,call,36.73,0.02322229,0.0225,0.024,82059.04,73.3
1789861449,btc,1790064000000,77000.0,put,37.26,0.0003989,0.0003,0.0005,81290.75,6.9
1789861449,btc,1798185600000,58000.0,put,46.94,0.00651652,0.006,0.007,82397.08,1835.4
1789861449,btc,1790064000000,75000.0,call,46.15,0.07756767,0.076,0.08,81290.12,0.0
1789861449,btc,1790150400000,87000.0,call,43.59,0.00094985,0.0009,0.0011,81304.41,0.2
1789861449,btc,1793347200000,100000.0,put,38.47,0.22666893,0.223,0.2305,81754.18,0.4
1789861449,btc,1790064000000,83500.0,put,34.92,0.02973862,0.0265,0.032,81290.12,0.0
1789861449,btc,1798185600000,220000.0,call,65.66,0.00028358,0.0001,0.0006,82396.4,256.1
1789861449,btc,1806048000000,80000.0,call,38.87,0.12991753,0.129,0.131,83372.89,1100.3
1789861449,btc,1790323200000,175000.0,put,88.96,1.15161774,1.1445,1.156,81334.86,0.2
1789861449,btc,1790323200000,77000.0,call,35.39,0.05527142,0.053,0.058,81334.86,617.3
1789861449,btc,1798185600000,56000.0,put,48.81,0.00549415,0.005,0.0055,82397.08,520.3
1789861449,btc,1790323200000,75000.0,put,40.61,0.00097325,0.0009,0.0011,81334.86,4282.2
1789861449,btc,1789891200000,82000.0,put,22.48,0.00945534,0.0065,0.0115,81257.01,8.5
1789861449,btc,1790150400000,81500.0,call,30.97,0.0106722,0.0105,0.011,81304.41,0.9
1789861449,btc,1798185600000,140000.0,call,47.97,0.00179382,0.0015,0.002,82396.4,1431.9
1789861449,btc,1793347200000,71000.0,call,38.69,0.13981048,0.1375,0.143,81754.18,966.1
1789861449,btc,1790323200000,90000.0,call,46.34,0.00083053,0.0008,0.001,81334.86,9550.8
1789861449,btc,1790323200000,73000.0,call,46.59,0.10303168,0.101,0.1055,81334.18,52.2
1789861449,btc,1798185600000,76000.0,put,38.02,0.04225941,0.0415,0.043,82397.08,437.2
1789861449,btc,1798185600000,250000.0,call,71.04,0.00020708,0.0001,0.0003,82397.08,1281.8
1789861449,btc,1813910400000,85000.0,call,39.85,0.13505744,0.134,0.1365,84393.66,161.6
1789861449,btc,1813910400000,45000.0,put,50.83,0.0112534,0.0105,0.012,84392.98,122.7
1789861449,btc,1813910400000,106000.0,call,40.13,0.06044663,0.0595,0.0615,84392.98,18.6
1789861449,btc,1806048000000,70000.0,call,40.46,0.2047211,0.2035,0.206,83372.89,799.8
1789861449,btc,1789977600000,79500.0,call,23.44,0.0221936,0.021,0.024,81274.65,22.1
1789861449,btc,1795766400000,92000.0,put,36.73,0.14436191,0.1395,0.149,82059.71,2.1
1789861449,btc,1793347200000,40000.0,put,80.25,0.00021013,,0.0004,81754.18,83.8
1789861449,btc,1790150400000,88000.0,call,46.21,0.00067494,0.0005,0.0008,81304.41,0.1
1789861449,btc,1790928000000,77000.0,put,35.54,0.0069408,0.0065,0.0075,81417.92,135.6
1789861449,btc,1790150400000,86000.0,put,41.13,0.0591621,0.057,0.061,81304.41,0.0
1789861449,btc,1813910400000,108000.0,call,40.28,0.05624863,0.055,0.0575,84393.66,23.4
1789861449,btc,1813910400000,115000.0,put,40.69,0.40618928,0.396,0.4185,84393.66,0.0
1789861449,btc,1806048000000,45000.0,put,52.92,0.00600222,0.0055,0.0065,83372.89,260.0
1789861449,btc,1793347200000,95000.0,put,36.76,0.16898383,0.1645,0.172,81754.18,0.3
1789861449,btc,1795766400000,108000.0,call,40.65,0.00511445,0.0048,0.0055,82059.04,14.4
1789861449,btc,1795766400000,83000.0,call,36.36,0.05749062,0.057,0.058,82059.71,84.2
1789861449,btc,1795766400000,98000.0,put,37.65,0.20669883,0.202,0.212,82059.71,0.0
1789861449,btc,1790064000000,70000.0,put,64.97,2.885e-05,,0.0001,81290.75,0.0
1789861449,btc,1789977600000,81000.0,call,20.72,0.00687249,0.0065,0.0075,81274.01,117.0
1789861449,btc,1795766400000,78000.0,put,36.89,0.04040061,0.04,0.041,82059.04,187.8
1789861449,btc,1798185600000,65000.0,put,42.17,0.0132989,0.013,0.0135,82396.4,808.4
1789861449,btc,1789891200000,76500.0,call,45.98,0.05853503,0.057,0.061,81257.01,10.6
1789861449,btc,1795766400000,104000.0,call,39.1,0.00695828,0.0065,0.0075,82059.04,12.6
1789861449,btc,1791532800000,68000.0,put,45.09,0.00155597,0.0014,0.0017,81493.68,15.2
1789861449,btc,1790064000000,89000.0,put,55.79,0.09520933,0.092,0.097,81290.12,0.0
1789861449,btc,1813910400000,130000.0,call,42.03,0.02647164,0.0255,0.0275,84392.98,784.9
1789861449,btc,1795766400000,90000.0,put,36.52,0.12533794,0.124,0.1265,82059.04,0.5
1789861449,btc,1798185600000,40000.0,call,67.73,0.5161962,0.515,0.517,82397.08,250.9
1789861449,btc,1795766400000,86000.0,call,36.3,0.04292222,0.0425,0.0435,82059.04,180.7
1789861449,btc,1798185600000,135000.0,put,46.73,0.64064203,0.6345,0.646,82397.08,0.7
1789861449,btc,1806048000000,105000.0,call,39.31,0.03653229,0.0355,0.037,83372.89,246.2
1789861449,btc,1806048000000,100000.0,put,38.95,0.2465318,0.2405,0.2525,83372.25,12.3
1789861449,btc,1789977600000,77500.0,put,34.87,8.829e-05,,0.0002,81274.01,40.4
1789861449,btc,1813910400000,130000.0,put,42.03,0.56687992,0.5555,0.578,84392.98,3.9
1789861449,btc,1789891200000,76000.0,call,50.09,0.06468839,0.063,0.067,81257.01,6.8
1789861449,btc,1798185600000,20000.0,put,102.91,0.00028829,0.0002,0.0004,82396.4,898.8
1789861449,btc,1793347200000,74000.0,call,36.74,0.10841242,0.106,0.1115,81754.18,394.8
1789861449,btc,1790064000000,78500.0,call,30.87,0.03519504,0.034,0.0365,81290.12,9.6
1789861449,btc,1789891200000,77000.0,put,42.94,6e-08,,0.0001,81256.34,82.4
1789861449,btc,1790064000000,80000.0,put,28.17,0.00315244,0.0029,0.0034,81290.75,50.2
1789861449,btc,1813910400000,80000.0,call,40.17,0.16320241,0.162,0.1645,84393.66,171.3
1789861449,btc,1806048000000,140000.0,call,43.88,0.00835553,0.0075,0.009,83372.89,909.6
1789861449,btc,1795766400000,73000.0,call,38.23,0.13237856,0.1315,0.1335,82059.04,0.3
1789861449,btc,1798185600000,62000.0,call,44.06,0.25729791,0.254,0.2605,82397.08,247.1
1789861449,btc,1789891200000,81000.0,call,16.37,0.00396347,0.0036,0.0046,81257.01,168.7
1789861449,btc,1813910400000,82000.0,call,40.01,0.1513478,0.15,0.1525,84393.66,76.7
1789861449,btc,1793347200000,71000.0,put,38.69,0.00827451,0.008,0.0085,81754.18,687.0
1789861449,btc,1813910400000,110000.0,call,40.4,0.05226375,0.051,0.0535,84392.98,265.7
1789861449,btc,1790323200000,30000.0,call,123.95,0.63115124,0.6305,0.632,81334.86,135.5
1789861449,btc,1813910400000,85000.0,put,39.85,0.14224747,0.141,0.1435,84393.66,11.3
1789861449,btc,1790928000000,86000.0,call,37.15,0.00841644,0.008,0.009,81418.58,282.5
1789861449,btc,1806048000000,108000.0,call,39.59,0.03148774,0.0305,0.0325,83372.25,68.4
1789861449,btc,1789891200000,79000.0,put,38.44,3.316e-05,,0.0002,81257.01,70.4
1789861449,btc,1795766400000,74000.0,call,37.89,0.12315253,0.122,0.1245,82059.71,0.4
1789861449,btc,1813910400000,104000.0,call,40.06,0.06526833,0.064,0.0665,84393.66,26.5
1789861449,btc,1790323200000,170000.0,call,86.93,0.0,,0.0001,81334.18,444.9
1789861449,btc,1798185600000,60000.0,call,45.53,0.27983382,0.277,0.283,82397.08,786.8
1789861449,btc,1790323200000,190000.0,put,93.85,1.33604212,1.3285,1.3405,81334.18,0.0
1789861449,btc,1789891200000,73500.0,put,69.14,0.0,,0.0001,81257.01,31.2
1789861449,btc,1790928000000,83000.0,put,35.33,0.0370244,0.036,0.038,81417.92,21.2
1789861449,btc,1789977600000,78500.0,put,28.93,0.00015547,0.0001,0.0002,81274.65,4.3
1789861449,btc,1806048000000,55000.0,put,46.57,0.01367131,0.013,0.014,83372.89,1259.7
1789861449,btc,1813910400000,150000.0,call,44.16,0.01515726,0.014,0.016,84393.66,219.6
1789861449,btc,1790323200000,58000.0,call,85.92,0.28690578,0.2855,0.289,81334.86,460.6
1789861449,btc,1793347200000,54000.0,call,58.87,0.34045029,0.339,0.3425,81754.18,0.1
1789861449,btc,1789977600000,81000.0,put,20.72,0.00350106,0.0033,0.0037,81274.65,11.5
1789861449,btc,1790150400000,79000.0,put,30.67,0.00250922,0.0023,0.0027,81304.41,1.4
1789861449,btc,1793347200000,91000.0,call,35.62,0.01242026,0.012,0.013,81754.18,149.6
1789861449,btc,1789977600000,83500.0,put,30.15,0.02796214,0.026,0.03,81274.01,0.0
1789861449,btc,1789977600000,78000.0,call,29.32,0.04034549,0.039,0.042,81274.01,32.5
1789861449,btc,1793347200000,82000.0,put,34.87,0.04781436,0.047,0.0485,81754.18,68.4
1789861449,btc,1806048000000,106000.0,put,39.39,0.30612685,0.2975,0.3135,83372.89,0.1
1789861449,btc,1791532800000,95000.0,put,41.2,0.16802827,0.164,0.17,81493.68,0.0
1789861449,btc,1790928000000,75000.0,put,37.04,0.00362705,0.0036,0.0038,81418.58,392.4
1789861449,btc,1790323200000,300000.0,put,136.29,2.68848755,2.675,2.697,81334.86,0.0
1789861449,btc,1790150400000,82500.0,put,32.78,0.0213079,0.02,0.022,81304.41,0.0
1789861449,btc,1798185600000,210000.0,put,64.0,1.5489826,1.5355,1.562,82396.4,0.0
1789861449,btc,1793347200000,54000.0,put,58.87,0.00097223,0.0008,0.0012,81754.18,189.8
1789861449,btc,1790323200000,35000.0,put,108.55,0.0,,0.0001,81334.18,1209.4
1789861449,btc,1790150400000,74000.0,call,47.3,0.09012851,0.0885,0.0925,81304.41,0.0
1789861449,btc,1790150400000,73000.0,put,52.47,0.00027169,0.0002,0.0003,81304.41,4.0
1789861449,btc,1790323200000,64000.0,put,73.39,8.371e-05,,0.0002,81334.86,1448.5
1789861449,btc,1790323200000,135000.0,put,82.26,0.6598194,0.6545,0.6635,81334.18,11.5
1789861449,btc,1791532800000,70000.0,put,41.91,0.00219883,0.002,0.0024,81493.02,78.8
1789861449,btc,1798185600000,80000.0,call,37.39,0.09084298,0.0905,0.0915,82397.08,9036.6
1789861449,btc,1790323200000,81000.0,put,33.24,0.01404108,0.0135,0.0145,81334.86,637.2
1789861449,btc,1798185600000,105000.0,put,38.9,0.28660138,0.2815,0.2925,82397.08,109.5
1789861449,btc,1790323200000,73000.0,put,46.59,0.00056365,0.0005,0.0006,81334.86,1640.1
1789861449,btc,1798185600000,200000.0,put,61.97,1.42767233,1.4175,1.4345,82396.4,0.0
1789861449,btc,1790064000000,87000.0,put,47.48,0.07082107,0.0675,0.0725,81290.12,0.0
1789861449,btc,1795766400000,106000.0,call,39.89,0.00596052,0.0055,0.0065,82059.71,25.6
1789861449,btc,1789891200000,69000.0,call,69.49,0.15083549,0.1495,0.153,81257.01,0.0
1789861449,btc,1795766400000,102000.0,put,38.65,0.25145654,0.247,0.2545,82059.04,0.0
1789861449,btc,1795766400000,67000.0,put,40.96,0.01004125,0.0095,0.0105,82059.04,57.1
1789861449,btc,1793347200000,64000.0,put,45.39,0.00293766,0.0027,0.0031,81754.18,647.1
1789861449,btc,1790064000000,81500.0,call,29.66,0.00826062,0.008,0.0085,81290.75,31.1
1789861449,btc,1793347200000,75000.0,call,36.29,0.09869291,0.098,0.1,81754.18,1176.9
1789861449,btc,1806048000000,60000.0,call,43.95,0.30060209,0.2945,0.3045,83372.89,647.9
1789861449,btc,1798185600000,170000.0,put,55.97,1.06396274,1.054,1.0735,82397.08,0.1
1789861449,btc,1790064000000,73000.0,call,56.65,0.10211411,0.1005,0.104,81290.12,0.0
1789861449,btc,1790928000000,70000.0,put,43.6,0.00085504,0.0008,0.0009,81417.92,922.6
1789861449,btc,1793347200000,85000.0,call,34.83,0.02986425,0.0295,0.0305,81754.18,2243.3
1789861449,btc,1789977600000,84000.0,put,32.25,0.03391739,0.032,0.036,81274.65,0.0
1789861449,btc,1789977600000,80500.0,call,20.74,0.01113738,0.0095,0.0135,81274.65,28.6
1789861449,btc,1793347200000,66000.0,put,43.3,0.0038989,0.0037,0.0041,81754.18,474.9
1789861449,btc,1798185600000,72000.0,call,39.08,0.15422919,0.1535,0.1555,82397.08,1238.2
1789861449,btc,1790323200000,78000.0,call,33.86,0.04420012,0.042,0.047,81334.86,4749.6
1789861449,btc,1789977600000,80000.0,call,21.92,0.01643513,0.015,0.018,81274.01,19.6
1789861449,btc,1798185600000,40000.0,put,67.73,0.00165212,0.0016,0.0017,82397.08,4631.3
1789861449,btc,1791532800000,90000.0,call,37.24,0.00549791,0.005,0.006,81493.68,125.2
1789861449,btc,1791532800000,86000.0,call,35.51,0.01286502,0.0125,0.0135,81493.68,285.0
1789861449,btc,1798185600000,135000.0,call,46.73,0.0022283,0.002,0.0024,82397.08,1398.2
1789861449,btc,1789977600000,78500.0,call,28.93,0.03428704,0.033,0.036,81274.01,5.7
1789861449,btc,1790150400000,87000.0,put,43.59,0.07101146,0.0675,0.073,81304.41,0.0
1789861449,btc,1798185600000,104000.0,put,38.69,0.27541802,0.2705,0.2815,82397.08,0.3
1789861449,btc,1793347200000,76000.0,call,35.96,0.08947445,0.089,0.0905,81754.18,487.3
1789861449,btc,1790064000000,86000.0,call,44.18,0.00086507,0.0008,0.001,81290.12,48.1
1789861449,btc,1790150400000,72000.0,call,55.27,0.1146157,0.113,0.1165,81304.41,0.0
1789861449,btc,1813910400000,68000.0,put,41.77,0.05545293,0.0545,0.0565,84393.66,20.0
1789861449,btc,1798185600000,85000.0,put,37.02,0.09377382,0.093,0.0945,82397.08,581.8
1789861449,btc,1795766400000,95000.0,call,37.1,0.01693674,0.0165,0.0175,82059.04,53.2
1789861449,btc,1798185600000,84000.0,put,37.05,0.0866887,0.086,0.0875,82397.08,81.3
1789861449,btc,1789891200000,76500.0,put,45.98,3e-08,,0.0001,81257.01,75.8
1789861449,btc,1793347200000,70000.0,call,39.45,0.15080416,0.149,0.154,81754.18,1062.4
1789861449,btc,1789891200000,75500.0,put,54.29,2e-08,,0.0001,81257.01,54.9
1789861449,btc,1793347200000,86000.0,call,34.86,0.02588859,0.0255,0.0265,81754.18,880.2
1789861449,btc,1790323200000,84000.0,put,36.64,0.03892018,0.0355,0.041,81334.86,49.6
1789861449,btc,1795766400000,120000.0,call,44.14,0.00200832,0.0018,0.0021,82059.04,104.5
1789861449,btc,1806048000000,180000.0,put,51.02,1.16235943,1.1495,1.1765,83372.89,0.1
1789861449,btc,1789977600000,86000.0,put,43.23,0.05829899,0.056,0.06,81274.65,0.0
1789861449,btc,1790150400000,74000.0,put,47.3,0.00029585,0.0002,0.0005,81304.41,0.1
1789861449,btc,1789891200000,80500.0,call,20.61,0.00950249,0.0075,0.0115,81257.01,0.2
1789861449,btc,1813910400000,72000.0,call,41.05,0.21779713,0.216,0.219,84392.98,87.7
1789861449,btc,1789891200000,81500.0,call,17.59,0.00098313,0.0008,0.0012,81257.01,76.4
1789861449,btc,1813910400000,110000.0,put,40.4,0.35568614,0.3465,0.368,84393.66,5.3
1789861449,btc,1790928000000,79000.0,put,34.69,0.01296736,0.0125,0.0135,81418.58,147.7
1789861449,btc,1790323200000,150000.0,call,83.97,0.0,,0.0001,81334.18,780.5
1789861449,btc,1789891200000,72000.0,call,69.48,0.1139153,0.1125,0.1165,81257.01,0.0
1789861449,btc,1790323200000,165000.0,put,85.25,1.02866815,1.022,1.032,81334.86,0.0
1789861449,btc,1789891200000,85000.0,call,49.01,6.06e-06,,0.0001,81257.01,99.6
1789861449,btc,1790323200000,60000.0,call,85.92,0.26234663,0.261,0.2645,81334.86,832.6
1789861449,btc,1790323200000,110000.0,put,79.74,0.35247239,0.3485,0.355,81334.86,215.8
1789861449,btc,1790928000000,88000.0,call,38.77,0.00518409,0.005,0.0055,81417.92,17.9
1789861449,btc,1795766400000,110000.0,call,41.02,0.00421899,0.004,0.0045,82059.04,70.3
1789861449,btc,1798185600000,130000.0,call,45.13,0.00268968,0.0024,0.0029,82397.08,1560.8
1789861449,btc,1790323200000,240000.0,call,115.6,0.0,,0.0001,81334.86,211.9
1789861449,btc,1806048000000,92000.0,call,38.58,0.07106312,0.07,0.072,83372.89,276.3
1789861449,btc,1790928000000,65000.0,call,54.76,0.20204605,0.2005,0.2045,81418.58,0.0
1789861449,btc,1789977600000,73500.0,put,52.84,7.18e-06,,,81274.65,31.0
1789861449,btc,1793347200000,87000.0,call,34.94,0.02239633,0.022,0.023,81754.18,861.1
1789861449,btc,1813910400000,58000.0,put,44.45,0.02823926,0.0275,0.029,84392.98,100.7
1789861449,btc,1795766400000,71000.0,call,39.06,0.15182742,0.151,0.153,82059.04,0.1
1789861449,btc,1790150400000,84500.0,call,37.36,0.00261199,0.0025,0.0028,81304.41,0.0
1789861449,btc,1806048000000,96000.0,put,38.73,0.2093113,0.2015,0.216,83372.89,1.6
1789861449,btc,1793347200000,88000.0,call,35.1,0.01939513,0.019,0.02,81754.18,1201.8
1789861449,btc,1790150400000,82000.0,put,31.78,0.01694343,0.016,0.0175,81303.73,0.0
1789861449,btc,1789891200000,84000.0,call,44.83,3.682e-05,,0.0001,81256.34,113.7
1789861449,btc,1793347200000,62000.0,call,47.89,0.24393261,0.2425,0.2465,81754.18,13.5
1789861449,btc,1790323200000,115000.0,put,82.17,0.4139276,0.41,0.4165,81334.86,93.2
1789861449,btc,1813910400000,74000.0,call,40.78,0.20302396,0.2015,0.204,84393.66,20.4
1789861449,btc,1813910400000,68000.0,call,41.77,0.2497009,0.248,0.2505,84393.66,12.6
1789861449,btc,1791532800000,88000.0,call,36.31,0.00841933,0.008,0.009,81493.68,69.6
1789861449,btc,1790323200000,75000.0,call,40.61,0.07885136,0.077,0.0815,81334.86,2942.6
1789861449,btc,1790064000000,80000.0,call,28.17,0.01902724,0.018,0.0205,81290.12,35.8
1789861449,btc,1806048000000,65000.0,put,41.87,0.03000035,0.029,0.031,83372.89,886.0
1789861449,btc,1793347200000,57000.0,call,54.42,0.30408432,0.302,0.3065,81754.18,0.1
1789861449,btc,1798185600000,210000.0,call,64.0,0.00033901,0.0002,0.0006,82397.08,162.8
1789861449,btc,1798185600000,92000.0,call,37.12,0.03514052,0.0345,0.036,82397.08,427.0
1789861449,btc,1790323200000,240000.0,put,115.6,1.95079004,1.9405,1.956,81334.86,0.0
1789861449,btc,1806048000000,90000.0,call,38.58,0.07884871,0.0775,0.08,83372.89,583.8
1789861449,btc,1790064000000,88000.0,put,51.89,0.0830075,0.081,0.085,81290.75,0.0
1789861449,btc,1790323200000,79000.0,put,32.95,0.00533023,0.005,0.0055,81334.86,1156.8
1789861449,btc,1789977600000,82500.0,call,25.61,0.0013984,0.0013,0.0015,81274.65,102.3
1789861449,btc,1790323200000,95000.0,put,56.2,0.16830295,0.166,0.1705,81334.86,147.4
1789861449,btc,1798185600000,86000.0,call,37.03,0.05751353,0.057,0.058,82397.08,311.3
1789861449,btc,1795766400000,84000.0,call,36.35,0.05230116,0.052,0.053,82059.71,68.4
1789861449,btc,1813910400000,90000.0,put,39.74,0.17796784,0.1765,0.1805,84393.66,50.6
1789861449,btc,1793347200000,68000.0,put,41.42,0.00526476,0.005,0.0055,81754.18,1560.1
1789861449,btc,1791532800000,74000.0,call,37.13,0.09722542,0.095,0.1005,81493.68,0.1
1789861449,btc,1806048000000,160000.0,put,47.59,0.92409782,0.912,0.9365,83372.25,0.1
1789861449,btc,1798185600000,74000.0,call,38.5,0.13644618,0.1355,0.1375,82396.4,139.0
1789861449,btc,1790323200000,58000.0,put,85.92,1.337e-05,,0.0001,81334.86,1416.0
1789861449,btc,1790064000000,69000.0,call,65.47,0.15120385,0.1495,0.1535,81290.75,0.0
1789861449,btc,1789977600000,82000.0,call,23.42,0.00230838,0.0022,0.0026,81274.65,300.6
1789861449,btc,1798185600000,54000.0,call,50.62,0.34922133,0.3475,0.3525,82396.4,33.1
1789861449,btc,1790150400000,83500.0,call,34.92,0.00408968,0.004,0.0043,81303.73,8.4
1789861449,btc,1798185600000,200000.0,call,61.97,0.00039272,0.0002,0.0007,82396.4,968.8
1789861449,btc,1790150400000,91000.0,call,53.85,0.0002774,0.0002,0.0004,81304.41,1.1
1789861449,btc,1791532800000,72000.0,put,39.21,0.00330425,0.0031,0.0035,81493.68,58.5
1789861449,btc,1795766400000,71000.0,put,39.06,0.01705474,0.0165,0.0175,82059.04,27.7
1789861449,btc,1789891200000,78500.0,put,42.52,1.644e-05,,0.0002,81257.01,49.5
1789861449,btc,1790323200000,320000.0,call,140.09,0.0,,0.0001,81334.86,304.6
1789861449,btc,1813910400000,72000.0,put,41.05,0.07094633,0.07,0.072,84393.66,48.7
1789861449,btc,1798185600000,45000.0,call,60.55,0.45610298,0.454,0.4585,82397.08,94.5
1789861449,btc,1813910400000,70000.0,call,41.4,0.23339983,0.2315,0.2345,84392.98,200.4
1789861449,btc,1798185600000,68000.0,put,40.7,0.01838237,0.018,0.019,82397.08,603.5
1789861449,btc,1789977600000,82500.0,put,25.61,0.01648305,0.014,0.0185,81274.65,0.0
1789861449,btc,1806048000000,98000.0,put,38.81,0.22757194,0.2195,0.234,83372.89,0.2
1789861449,btc,1798185600000,115000.0,put,40.95,0.40165281,0.395,0.4085,82397.08,5.0
1789861449,btc,1790928000000,85000.0,call,36.57,0.01084794,0.0105,0.0115,81417.92,747.7
1789861449,btc,1813910400000,78000.0,put,40.35,0.09997622,0.099,0.101,84392.98,105.9
1789861449,btc,1793347200000,48000.0,put,68.01,0.00053612,0.0004,0.0008,81754.18,196.0
1789861449,btc,1790323200000,84000.0,call,36.64,0.00614367,0.006,0.0065,81334.18,3810.1
1789861449,btc,1798185600000,102000.0,put,38.31,0.25335939,0.2485,0.2595,82397.08,7.8
1789861449,btc,1813910400000,120000.0,call,41.11,0.03664671,0.0355,0.0375,84392.98,354.3
1789861449,btc,1790064000000,82500.0,call,31.9,0.00450493,0.0044,0.0048,81290.75,156.0
1789861449,btc,1790064000000,81000.0,call,28.74,0.01106948,0.0105,0.0115,81290.75,22.9
1789861449,btc,1791532800000,90000.0,put,37.24,0.10988698,0.1065,0.113,81493.68,0.0
1789861449,btc,1790323200000,165000.0,call,85.25,0.0,,0.0001,81334.86,266.6
1789861449,btc,1790150400000,78000.0,put,32.59,0.00130596,0.0011,0.0015,81304.41,0.1
1789861449,btc,1789977600000,77000.0,put,37.2,6.106e-05,,0.0001,81274.65,5.6
1789861449,btc,1790323200000,65000.0,put,73.24,0.0001447,0.0001,0.0003,81334.86,1211.3
1789861449,btc,1789977600000,71000.0,call,56.82,0.12641233,0.125,0.1285,81274.01,0.0
1789861449,btc,1813910400000,106000.0,put,40.13,0.31647185,0.307,0.3245,84392.98,0.0
1789861449,btc,1806048000000,170000.0,put,49.69,1.04328588,1.0305,1.054,83372.89,0.2
1789861449,btc,1789891200000,86000.0,put,54.05,0.05838034,0.056,0.0605,81257.01,0.0
1789861449,btc,1790323200000,160000.0,put,84.22,0.96719336,0.961,0.971,81334.86,0.6
1789861449,btc,1790323200000,80000.0,put,32.74,0.00881697,0.0085,0.009,81334.86,1651.8
1789861449,btc,1793347200000,104000.0,put,40.25,0.27427623,0.27,0.278,81754.18,0.0
1789861449,btc,1793347200000,91000.0,put,35.62,0.12552204,0.1225,0.129,81754.18,0.2
1789861449,btc,1790150400000,80000.0,put,30.16,0.00515326,0.0048,0.0055,81303.73,11.6
1789861449,btc,1789891200000,67000.0,call,69.49,0.17544896,0.174,0.1775,81257.01,0.0
1789861449,btc,1790323200000,180000.0,call,91.82,0.0,,0.0001,81334.86,792.3
1789861449,btc,1790064000000,79000.0,call,29.28,0.02942742,0.0275,0.0325,81290.12,4.2
1789861449,btc,1806048000000,90000.0,put,38.58,0.15833993,0.157,0.16,83372.25,25.0
1789861449,btc,1793347200000,80000.0,put,35.04,0.03601896,0.0355,0.0365,81754.18,1066.8
1789861449,btc,1806048000000,54000.0,put,47.06,0.01254079,0.012,0.013,83372.89,91.9
1789861449,btc,1795766400000,93000.0,call,36.86,0.02092428,0.0205,0.0215,82059.04,47.2
1789861449,btc,1789891200000,77000.0,call,42.94,0.0523817,0.0505,0.055,81256.34,25.8
1789861449,btc,1789891200000,80000.0,put,26.96,9.538e-05,,0.0002,81257.01,202.3
1789861449,btc,1806048000000,60000.0,put,43.95,0.0202629,0.0195,0.021,83372.89,798.9
1789861449,btc,1790150400000,85000.0,call,38.65,0.00211472,0.002,0.0023,81304.41,0.0
1789861449,btc,1790150400000,76000.0,put,39.21,0.00052169,0.0004,0.0007,81304.41,5.1
1789861449,btc,1798185600000,65000.0,call,42.17,0.22443302,0.2205,0.228,82397.08,920.1
1789861449,btc,1793347200000,110000.0,put,42.92,0.34663707,0.3425,0.3505,81754.18,0.0
1789861449,btc,1789977600000,76500.0,put,40.36,5.201e-05,,0.0002,81274.01,22.6
1789861449,btc,1789977600000,74500.0,put,46.62,7.89e-06,,0.0002,81274.65,5.5
1789861449,btc,1798185600000,190000.0,call,60.14,0.00048623,0.0003,0.0008,82397.08,1027.1
1789861449,btc,1790323200000,105000.0,put,74.61,0.29104141,0.287,0.2935,81334.18,105.1
1789861449,btc,1798185600000,230000.0,put,67.54,1.79162489,1.7765,1.807,82397.08,0.0
1789861449,btc,1790323200000,72000.0,call,49.89,0.11522081,0.1135,0.1175,81334.86,3285.9
1789861449,btc,1789891200000,74000.0,call,65.15,0.08930184,0.0875,0.0915,81257.01,0.0
1789861449,btc,1790323200000,130000.0,put,82.26,0.59834464,0.5935,0.601,81334.86,21.4
1789861449,btc,1790323200000,70000.0,put,55.88,0.00028974,0.0002,0.0004,81334.18,8611.5
1789861449,btc,1806048000000,150000.0,call,45.69,0.00629144,0.0055,0.0065,83372.89,1912.6
1789861449,btc,1798185600000,45000.0,put,60.55,0.00224089,0.002,0.0024,82397.08,2844.4
1789861449,btc,1789977600000,83000.0,call,27.91,0.00088342,0.0008,0.001,81274.65,509.1
1789861449,btc,1793347200000,67000.0,put,42.34,0.004524,0.0044,0.0047,81754.18,630.4
1789861449,btc,1790928000000,72000.0,put,41.0,0.00153266,0.0014,0.0017,81417.92,202.5
1789861449,btc,1813910400000,125000.0,call,41.55,0.03102699,0.03,0.032,84392.98,116.9
1789861449,btc,1813910400000,60000.0,call,43.79,0.32152776,0.32,0.3225,84392.98,969.9
1789861449,btc,1795766400000,79000.0,put,36.7,0.04523843,0.0445,0.046,82059.04,166.9
1789861449,btc,1793347200000,59000.0,call,52.08,0.28000861,0.278,0.2825,81754.18,1.0
1789861449,btc,1813910400000,115000.0,call,40.69,0.04352041,0.0425,0.0445,84392.98,59.9
1789861449,btc,1790323200000,220000.0,call,107.36,0.0,,0.0001,81334.18,241.9
1789861449,btc,1806048000000,106000.0,call,39.39,0.03472608,0.034,0.0355,83372.89,77.7
1789861449,btc,1793347200000,48000.0,call,68.01,0.41340551,0.412,0.415,81754.18,8.5
1789861449,btc,1789977600000,70000.0,call,56.82,0.1387161,0.137,0.141,81274.65,0.0
1789861449,btc,1790323200000,100000.0,call,68.49,0.00018821,0.0001,0.0003,81334.86,7193.6
1789861449,btc,1806048000000,98000.0,call,38.81,0.05212595,0.051,0.053,83372.89,133.9
1789861449,btc,1793347200000,88000.0,put,35.1,0.09580125,0.0925,0.0985,81754.18,8.1
1789861449,btc,1793347200000,102000.0,put,39.36,0.25037963,0.2465,0.254,81753.53,0.0
1789861449,btc,1790928000000,85000.0,put,36.57,0.05484415,0.0515,0.057,81417.92,0.0
1789861449,btc,1790323200000,60000.0,put,85.92,4.414e-05,,0.0001,81334.18,5587.4
1789861449,btc,1795766400000,88000.0,put,36.38,0.10749921,0.106,0.1085,82059.71,0.1
1789861449,btc,1798185600000,72000.0,put,39.08,0.02804985,0.0275,0.0285,82396.4,884.7
1789861449,btc,1806048000000,56000.0,call,45.95,0.3430386,0.3375,0.3465,83372.89,16.9
1789861449,btc,1789977600000,76500.0,call,40.36,0.0587917,0.057,0.0615,81274.01,4.7
1789861449,btc,1795766400000,105000.0,put,39.53,0.28602094,0.2815,0.2895,82059.04,0.0
1789861449,btc,1791532800000,75000.0,call,36.26,0.08641032,0.085,0.089,81493.68,0.1
1789861449,btc,1789977600000,81500.0,put,21.77,0.00678396,0.006,0.0075,81274.65,5.3
1789861449,btc,1813910400000,55000.0,call,45.56,0.37108894,0.366,0.375,84392.98,2.9
1789861449,btc,1795766400000,93000.0,put,36.86,0.1542502,0.15,0.1595,82059.71,2.0
1789861449,btc,1795766400000,108000.0,put,40.65,0.32123487,0.3155,0.3245,82059.71,0.0
1789861449,btc,1790928000000,80000.0,put,34.49,0.01732538,0.017,0.018,81417.92,16.1
1789861449,btc,1789891200000,68000.0,call,69.49,0.16314222,0.1615,0.1655,81257.01,0.0
1789861449,btc,1798185600000,56000.0,call,48.81,0.32585586,0.324,0.329,82397.08,41.5
1789861449,btc,1790323200000,52000.0,put,90.04,3.9e-07,,0.0001,81334.18,1209.3
1789861449,btc,1806048000000,86000.0,put,38.57,0.12806824,0.127,0.1295,83372.89,3.1
1789861449,btc,1806048000000,40000.0,put,56.51,0.00380408,0.0036,0.004,83372.89,1914.2
1789861449,btc,1806048000000,120000.0,call,41.05,0.01816164,0.017,0.019,83372.89,778.7
1789861449,btc,1793347200000,80000.0,call,35.04,0.05746794,0.057,0.058,81754.18,1393.5
1789861449,btc,1813910400000,140000.0,call,43.05,0.01970907,0.019,0.0205,84393.66,388.4
1789861449,btc,1795766400000,67000.0,call,40.96,0.19355913,0.1905,0.1975,82059.71,0.5
1789861449,btc,1793347200000,96000.0,put,36.96,0.180225,0.176,0.184,81754.18,0.1
1789861449,btc,1790323200000,190000.0,call,93.85,0.0,,0.0001,81334.18,762.1
1789861449,btc,1789977600000,77000.0,call,37.2,0.05264872,0.0515,0.054,81274.65,13.0
1789861449,btc,1790064000000,85000.0,call,40.35,0.0012669,0.0012,0.0015,81290.75,36.7
1789861449,btc,1806048000000,56000.0,put,45.95,0.01472202,0.014,0.0155,83372.89,132.0
1789861449,btc,1813910400000,56000.0,call,45.17,0.36093265,0.3595,0.362,84392.98,3.0
1789861449,btc,1790323200000,64000.0,call,73.39,0.21320637,0.2115,0.2155,81334.86,642.8
1789861449,btc,1813910400000,94000.0,call,39.74,0.0955633,0.0945,0.097,84393.66,27.0
1789861449,btc,1790150400000,75000.0,put,43.46,0.00039768,0.0002,0.0006,81304.41,3.6
1789861449,btc,1813910400000,200000.0,put,49.81,1.37569019,1.357,1.3995,84392.98,2.1
1789861449,btc,1795766400000,78000.0,call,36.89,0.08986919,0.089,0.091,82059.04,277.1
1789861449,btc,1790323200000,220000.0,put,107.36,1.70489087,1.696,1.7095,81334.18,27.7
1789861449,btc,1795766400000,62000.0,put,44.96,0.00564747,0.0055,0.006,82059.04,323.6
1789861449,btc,1798185600000,50000.0,call,54.85,0.39651122,0.394,0.3995,82397.08,260.7
1789861449,btc,1793347200000,45000.0,put,73.57,0.00043334,0.0003,0.0006,81754.18,218.3
1789861449,btc,1793347200000,69000.0,call,40.32,0.1620258,0.16,0.165,81754.18,649.6
1789861449,btc,1789891200000,78000.0,call,42.54,0.04007797,0.0385,0.043,81257.01,179.3
1789861449,btc,1813910400000,84000.0,call,39.91,0.14035773,0.139,0.1415,84393.66,29.2
1789861449,btc,1790323200000,40000.0,put,105.05,0.0,,0.0001,81334.86,2819.0
1789861449,btc,1790323200000,280000.0,put,129.87,2.44258838,2.431,2.45,81334.86,0.0
1789861449,btc,1793347200000,69000.0,put,40.32,0.00602605,0.0055,0.0065,81754.18,570.0
1789861449,btc,1795766400000,82000.0,put,36.43,0.06243749,0.062,0.063,82059.04,56.5
1789861449,btc,1793347200000,62000.0,put,47.89,0.00230964,0.0021,0.0025,81754.18,1309.6
1789861449,btc,1813910400000,88000.0,put,39.79,0.16324831,0.162,0.1655,84392.98,4.7
1789861449,btc,1790150400000,83000.0,put,33.83,0.02605076,0.025,0.027,81304.41,0.0
1789861449,btc,1790064000000,75500.0,put,44.32,0.0002337,0.0002,0.0003,81290.75,0.1
1789861449,btc,1793347200000,40000.0,call,80.25,0.51093462,0.51,0.512,81754.18,0.3
1789861449,btc,1793347200000,86000.0,put,34.86,0.07783093,0.0765,0.079,81754.18,98.5
1789861449,btc,1789977600000,85000.0,put,36.25,0.04601745,0.043,0.048,81274.01,0.0
1789861449,btc,1790064000000,82000.0,put,30.52,0.01477648,0.014,0.0155,81290.75,30.0
1789861449,btc,1806048000000,82000.0,put,38.72,0.10136552,0.1,0.1025,83372.89,26.7
1789861449,btc,1798185600000,64000.0,call,42.82,0.23530361,0.2315,0.2385,82397.08,404.9
1789861449,btc,1806048000000,95000.0,put,38.67,0.20033078,0.193,0.207,83372.25,0.5
1789861449,btc,1798185600000,95000.0,call,37.38,0.02739816,0.027,0.028,82397.08,1504.4
1789861449,btc,1790150400000,91000.0,put,53.85,0.11953725,0.116,0.1215,81304.41,0.0
1789861449,btc,1795766400000,105000.0,call,39.53,0.00645941,0.006,0.007,82059.04,18.7
1789861449,btc,1790323200000,95000.0,call,56.2,0.00028189,0.0002,0.0003,81334.86,5411.3
1789861449,btc,1795766400000,94000.0,call,37.04,0.01891602,0.0185,0.0195,82059.04,81.4
1789861449,btc,1790064000000,76500.0,put,39.03,0.00030062,0.0002,0.0004,81290.12,10.3
1789861449,btc,1790323200000,35000.0,call,108.55,0.56967645,0.569,0.5705,81334.86,29.3
1789861449,btc,1798185600000,240000.0,put,68.89,1.91294737,1.8975,1.929,82397.08,0.0
1789861449,btc,1813910400000,105000.0,call,40.11,0.06287752,0.062,0.064,84393.66,160.6
1789861449,btc,1798185600000,86000.0,put,37.03,0.10124377,0.1005,0.102,82397.08,67.3
1789861449,btc,1790323200000,200000.0,call,98.24,0.0,,0.0001,81334.86,1018.5
1789861449,btc,1789977600000,75500.0,call,45.21,0.07107311,0.0695,0.0735,81274.65,0.0
1789861449,btc,1806048000000,150000.0,put,45.69,0.80544347,0.794,0.8155,83372.25,0.6
1789861449,btc,1789891200000,79000.0,call,38.44,0.02780134,0.026,0.0305,81257.01,43.3
1789861449,btc,1795766400000,84000.0,put,36.35,0.07595039,0.075,0.0765,82059.04,5.2
1789861449,btc,1790323200000,45000.0,put,101.82,1e-08,,0.0001,81334.86,2172.5
1789861449,btc,1789977600000,79500.0,put,23.44,0.00036608,0.0003,0.0005,81274.65,150.4
1789861449,btc,1798185600000,20000.0,call,102.91,0.75756033,0.7565,0.7585,82397.08,4.9
1789861449,btc,1806048000000,110000.0,call,39.79,0.0285622,0.0275,0.0295,83372.89,1159.1
1789861449,btc,1790323200000,145000.0,call,82.34,0.0,,0.0001,81334.18,519.2
1789861449,btc,1806048000000,125000.0,call,41.73,0.01470625,0.014,0.0155,83372.89,323.0
1789861449,btc,1798185600000,150000.0,put,50.53,0.82170578,0.814,0.8305,82396.4,4.4
1789861449,btc,1813910400000,120000.0,put,41.11,0.45856205,0.448,0.467,84392.98,0.9
1789861449,btc,1793347200000,87000.0,put,34.94,0.08657056,0.0855,0.0875,81753.53,29.1
1789861449,btc,1793347200000,63000.0,put,46.72,0.00262677,0.0025,0.0028,81754.18,678.5
1789861449,btc,1790323200000,160000.0,call,84.22,0.0,,0.0001,81334.86,1498.4
1789861449,btc,1791532800000,77000.0,call,34.97,0.06622322,0.0655,0.0675,81493.68,57.8
1789861449,btc,1813910400000,64000.0,put,42.61,0.04256725,0.0415,0.0435,84393.66,62.8
1789861449,btc,1813910400000,95000.0,call,39.77,0.09200865,0.091,0.0935,84392.98,55.9
1789861449,btc,1813910400000,65000.0,call,42.4,0.27536773,0.2735,0.2765,84392.98,4.1
1789861449,btc,1791532800000,65000.0,put,50.5,0.00101828,0.0008,0.0011,81493.02,11.6
1789861449,btc,1798185600000,98000.0,call,37.75,0.02140507,0.021,0.022,82396.4,337.8
1789861449,btc,1793347200000,79000.0,put,35.21,0.03099364,0.0305,0.0315,81754.18,556.4
1789861449,btc,1789977600000,75000.0,put,45.37,1.348e-05,,0.0002,81274.01,13.8
1789861449,btc,1789891200000,78000.0,put,42.54,3.07e-06,,0.0001,81257.01,84.3
1789861449,btc,1790928000000,83000.0,call,35.33,0.01759281,0.0175,0.018,81418.58,103.3
1789861449,btc,1793347200000,98000.0,call,37.74,0.00455515,0.0044,0.0048,81754.18,302.0
1789861449,btc,1798185600000,108000.0,put,39.53,0.32057379,0.314,0.327,82396.4,0.1
1789861449,btc,1813910400000,74000.0,put,40.78,0.07987176,0.0785,0.081,84393.66,15.9
1789861449,btc,1795766400000,66000.0,call,41.84,0.20473637,0.2025,0.208,82059.04,0.0
1789861449,btc,1790323200000,86000.0,call,39.77,0.00301736,0.0029,0.0032,81334.18,2726.1
1789861449,btc,1798185600000,115000.0,call,40.95,0.00596703,0.0055,0.0065,82397.08,2291.3
1789861449,btc,1790064000000,75500.0,call,44.32,0.07146554,0.0695,0.074,81290.12,0.0
1789861449,btc,1789891200000,78500.0,call,42.52,0.03393797,0.032,0.0365,81257.01,33.0
1789861449,btc,1806048000000,140000.0,put,43.88,0.68756408,0.6775,0.6985,83372.89,10.9
1789861449,btc,1798185600000,80000.0,put,37.39,0.06175483,0.061,0.0625,82397.08,1253.0
1789861449,btc,1790323200000,56000.0,put,85.92,3.51e-06,,0.0002,81334.86,1775.8
1789861449,btc,1791532800000,86000.0,put,35.51,0.06816779,0.0655,0.071,81493.68,0.0
1789861449,btc,1806048000000,70000.0,put,40.46,0.04432537,0.0435,0.045,83372.25,709.1
1789861449,btc,1791532800000,95000.0,call,41.2,0.00228426,0.0021,0.0025,81493.68,1.8
1789861449,btc,1813910400000,86000.0,call,39.81,0.13000831,0.129,0.1315,84392.98,38.1
1789861449,btc,1789891200000,74500.0,put,60.97,1e-08,,0.0001,81257.01,70.2
1789861449,btc,1789977600000,80500.0,put,20.74,0.00161212,0.0014,0.0017,81274.65,227.6
1789861449,btc,1795766400000,100000.0,call,38.36,0.01044043,0.01,0.011,82059.04,223.1
1789861449,btc,1806048000000,64000.0,call,42.29,0.26018848,0.256,0.2645,83372.89,137.8
1789861449,btc,1798185600000,82000.0,put,37.17,0.07350003,0.073,0.074,82396.4,261.1
1789861449,btc,1798185600000,90000.0,put,37.05,0.13380091,0.1325,0.135,82396.4,659.1
1789861449,btc,1791532800000,79000.0,put,34.43,0.01819017,0.018,0.0185,81493.68,44.7
1789861449,btc,1806048000000,50000.0,call,49.58,0.40942348,0.406,0.4125,83372.89,21.6
1789861449,btc,1793347200000,74000.0,put,36.74,0.01357211,0.013,0.014,81754.18,375.9
1789861449,btc,1813910400000,140000.0,put,43.05,0.67861031,0.666,0.6885,84393.66,3.4
1789861449,btc,1790064000000,78000.0,call,32.5,0.0410904,0.04,0.0425,81290.75,48.7
1789861449,btc,1798185600000,180000.0,put,57.87,1.18513434,1.1755,1.196,82396.4,0.1
1789861449,btc,1790323200000,83000.0,call,35.23,0.00884674,0.0085,0.0095,81334.86,1589.1
1789861449,btc,1789891200000,84000.0,put,44.83,0.03380231,0.031,0.0355,81257.01,0.0
1789861449,btc,1791532800000,74000.0,put,37.13,0.00527864,0.005,0.0055,81493.68,33.5
1789861449,btc,1791532800000,73000.0,call,38.07,0.10836198,0.1065,0.111,81493.02,0.2
1789861449,btc,1795766400000,110000.0,put,41.02,0.34471202,0.3395,0.3485,82059.04,0.0
1789861449,btc,1790928000000,95000.0,call,44.89,0.00106705,0.001,0.0011,81417.92,391.6
1789861449,btc,1790064000000,78000.0,put,32.5,0.00061247,0.0005,0.0008,81290.12,18.6
1789861449,btc,1790064000000,70000.0,call,64.97,0.1389193,0.1375,0.1415,81290.12,0.0
1789861449,btc,1813910400000,76000.0,call,40.55,0.18902219,0.1875,0.19,84392.98,73.9
1789861449,btc,1790064000000,77500.0,put,35.05,0.00050164,0.0004,0.0006,81290.12,3.8
1789861449,btc,1798185600000,35000.0,put,74.88,0.0011225,0.0009,0.0013,82397.08,2440.7
1789861449,btc,1790323200000,150000.0,put,83.97,0.84424378,0.8405,0.848,81334.86,40.5
1789861449,btc,1790928000000,82000.0,put,34.98,0.02948372,0.029,0.03,81417.92,22.7
1789861449,btc,1793347200000,61000.0,call,49.12,0.25589804,0.2545,0.2585,81754.18,7.7
1789861449,btc,1806048000000,50000.0,put,49.58,0.00914082,0.009,0.01,83372.89,2451.8
1789861449,btc,1793347200000,92000.0,put,35.81,0.13601169,0.1315,0.139,81754.18,0.1
1789861449,btc,1791532800000,85000.0,put,35.14,0.05884593,0.058,0.06,81493.68,0.0
1789861449,btc,1806048000000,190000.0,call,53.13,0.00306609,0.0029,0.0033,83372.89,655.1
1789861449,btc,1798185600000,110000.0,call,39.89,0.00846303,0.008,0.009,82397.08,2761.6
1789861449,btc,1790928000000,70000.0,call,43.6,0.14109346,0.1395,0.144,81417.92,1.0
1789861449,btc,1789891200000,76000.0,put,50.09,2e-08,,0.0001,81257.01,39.3
1789861449,btc,1813910400000,190000.0,put,48.61,1.25807793,1.2405,1.281,84393.66,0.6
1789861449,btc,1790150400000,78000.0,call,32.59,0.04194038,0.04,0.045,81304.41,0.0
1789861449,btc,1790323200000,88000.0,put,43.22,0.08352861,0.08,0.0855,81334.18,6.2
1789861449,btc,1789891200000,71000.0,call,69.48,0.12622203,0.1245,0.1285,81257.01,0.0
1789861449,btc,1791532800000,82000.0,put,34.5,0.03498703,0.0345,0.0355,81493.68,5.9
1789861449,btc,1813910400000,102000.0,put,39.97,0.2789991,0.2775,0.2825,84392.98,0.0
1789861449,btc,1789977600000,73000.0,call,54.98,0.10180937,0.1,0.1045,81274.65,0.0
1789861449,btc,1806048000000,76000.0,put,39.33,0.06855701,0.0675,0.0695,83372.89,538.3
1789861449,btc,1793347200000,98000.0,put,37.74,0.20328015,0.1995,0.207,81754.18,0.0
1789861449,btc,1790323200000,76000.0,call,37.85,0.06693791,0.065,0.0695,81334.18,2511.8
1789861449,btc,1793347200000,64000.0,call,45.39,0.22009685,0.2185,0.2225,81753.53,416.7
1789861449,btc,1790150400000,77000.0,put,35.7,0.00078894,0.0006,0.0009,81304.41,0.1
1789861449,btc,1790323200000,110000.0,call,79.74,2.696e-05,,0.0001,81334.86,1466.1
1789861449,btc,1798185600000,82000.0,call,37.17,0.07831539,0.078,0.079,82396.4,1308.2
1789861449,btc,1795766400000,115000.0,put,42.73,0.40434712,0.3995,0.4085,82059.04,0.2
1789861449,btc,1790064000000,74000.0,call,51.93,0.08984857,0.088,0.092,81290.12,0.0
1789861449,btc,1813910400000,108000.0,put,40.28,0.33597244,0.327,0.3435,84393.66,0.2
1789861449,btc,1795766400000,64000.0,call,43.19,0.22710612,0.225,0.2305,82059.71,0.0
1789861449,btc,1790323200000,55000.0,put,85.92,1.7e-06,,0.0001,81334.86,3013.3
1789861449,btc,1798185600000,130000.0,put,45.13,0.58042143,0.574,0.585,82397.08,54.0
1789861449,btc,1798185600000,106000.0,call,39.15,0.01144325,0.011,0.012,82396.4,610.1
1789861449,btc,1798185600000,30000.0,call,82.41,0.63661932,0.6355,0.637,82397.08,300.7
1789861449,btc,1790928000000,72000.0,call,41.0,0.11720646,0.1155,0.12,81418.58,0.6
1789861449,btc,1795766400000,75000.0,put,37.5,0.02811445,0.0275,0.0285,82059.04,691.2
1789861449,btc,1798185600000,180000.0,call,57.87,0.00058269,0.0004,0.0008,82397.08,934.3
1789861449,btc,1790323200000,74000.0,put,43.92,0.00076389,0.0007,0.0008,81334.18,2137.7
1789861449,btc,1789891200000,80500.0,put,20.61,0.00019442,0.0001,0.0003,81257.01,106.0
1789861449,btc,1798185600000,106000.0,put,39.15,0.29790144,0.2925,0.3045,82396.4,0.2
1789861449,btc,1793347200000,94000.0,call,36.35,0.00795635,0.008,0.0085,81754.18,479.7
1789861449,btc,1806048000000,88000.0,put,38.56,0.14280612,0.1415,0.1445,83372.25,4.7
1789861449,btc,1793347200000,57000.0,put,54.42,0.00130192,0.0011,0.0015,81754.18,205.7
1789861449,btc,1789977600000,79000.0,put,25.45,0.0001977,0.0001,0.0003,81274.65,19.9
1789861449,btc,1791532800000,73000.0,put,38.07,0.00414422,0.0039,0.0044,81493.02,72.0
1789861449,btc,1789891200000,80000.0,call,26.96,0.01555682,0.014,0.0185,81257.01,280.5
1789861449,btc,1790064000000,87000.0,call,47.48,0.00058492,0.0005,0.0007,81290.75,2.1
1789861449,btc,1789891200000,75000.0,call,57.25,0.07699511,0.0755,0.0795,81257.01,1.2
1789861449,btc,1798185600000,62000.0,put,44.06,0.00975459,0.0095,0.0105,82397.08,1549.6
1789861449,btc,1790323200000,45000.0,call,101.82,0.44672688,0.4455,0.448,81334.86,164.9
1789861449,btc,1813910400000,96000.0,call,39.78,0.08851404,0.0875,0.09,84393.66,39.5
1789861449,btc,1789891200000,82500.0,put,28.54,0.01545467,0.0135,0.0175,81256.34,1.6
1789861449,btc,1789977600000,77500.0,call,34.87,0.04652392,0.0455,0.048,81274.65,18.2
1789861449,btc,1789977600000,87000.0,put,46.84,0.07053417,0.0675,0.0725,81274.01,0.0
1789861449,btc,1806048000000,200000.0,call,54.01,0.00241772,0.0022,0.0027,83372.89,495.3
1789861449,btc,1789977600000,89000.0,call,51.52,1.745e-05,,0.0001,81274.01,1.9
1789861449,btc,1793347200000,60000.0,put,50.52,0.00184253,0.0016,0.0021,81754.18,1383.6
1789861449,btc,1793347200000,52000.0,put,61.74,0.00078705,0.0006,0.001,81754.18,122.7
1789861449,btc,1789891200000,77500.0,put,42.6,4.7e-07,,0.0001,81257.01,48.5
1789861449,btc,1798185600000,140000.0,put,47.97,0.70088955,0.693,0.7085,82397.08,0.3
1789861449,btc,1790064000000,84000.0,put,36.58,0.03530218,0.0325,0.0375,81290.75,0.0
1789861449,btc,1790064000000,76000.0,call,41.87,0.06535243,0.0635,0.068,81290.75,0.0
1789861449,btc,1790928000000,95000.0,put,44.89,0.16788635,0.1645,0.1705,81418.58,0.1
1789861449,btc,1789891200000,67000.0,put,69.49,0.0,,0.0001,81257.01,0.0
1789861449,btc,1806048000000,102000.0,put,39.05,0.26585943,0.2595,0.2755,83372.89,0.1
1789861449,btc,1813910400000,104000.0,put,40.06,0.29759496,0.2885,0.3055,84393.66,0.0
1789861449,btc,1790323200000,98000.0,put,62.2,0.2050838,0.2015,0.2075,81334.86,0.1
1789861449,btc,1813910400000,98000.0,put,39.8,0.24310223,0.2415,0.246,84393.66,0.1
1789861449,btc,1790323200000,40000.0,call,105.05,0.50820166,0.5075,0.5095,81334.86,34.4
1789861449,btc,1813910400000,100000.0,put,39.87,0.26080386,0.2595,0.264,84392.98,1.6
1789861449,btc,1790323200000,155000.0,call,84.03,0.0,,0.0001,81334.18,378.0
1789861449,btc,1790150400000,83000.0,call,33.83,0.00518739,0.005,0.0055,81304.41,0.0
1789861449,btc,1795766400000,94000.0,put,37.04,0.16442824,0.16,0.169,82059.04,0.0
1789861449,btc,1790064000000,77000.0,call,37.26,0.05317839,0.0515,0.056,81290.12,0.0
1789861449,btc,1790323200000,68000.0,put,61.54,0.00018269,0.0001,0.0003,81334.86,2417.1
1789861449,btc,1790150400000,86000.0,call,41.13,0.00140005,0.0013,0.0016,81303.73,0.3
1789861449,btc,1806048000000,95000.0,call,38.67,0.06086784,0.06,0.062,83372.25,525.5
1789861449,btc,1793347200000,56000.0,call,55.75,0.31617585,0.3145,0.3185,81754.18,0.5
1789861449,btc,1798185600000,70000.0,call,39.8,0.17314742,0.1685,0.177,82397.08,1922.9
1789861449,btc,1798185600000,30000.0,put,82.41,0.00071126,0.0006,0.0009,82396.4,2148.5
1789861449,btc,1791532800000,80000.0,put,34.34,0.02292946,0.0225,0.0235,81493.68,13.9
1789861449,btc,1813910400000,95000.0,put,39.77,0.21769163,0.2165,0.2205,84392.98,20.2
1789861449,btc,1793347200000,70000.0,put,39.45,0.0070363,0.0065,0.0075,81753.53,1143.0
1789861449,btc,1813910400000,82000.0,put,40.01,0.12298995,0.122,0.124,84392.98,28.7
1789861449,btc,1790323200000,180000.0,put,91.82,1.21309253,1.207,1.218,81334.86,10.5
1789861449,btc,1790928000000,77000.0,call,35.54,0.06120305,0.0595,0.0635,81417.92,187.2
1789861449,btc,1790150400000,82500.0,call,32.78,0.00659431,0.0065,0.007,81304.41,0.6
1789861449,btc,1813910400000,200000.0,call,49.81,0.00583129,0.0055,0.006,84393.66,36.4
1789861449,btc,1793347200000,68000.0,call,41.42,0.1734964,0.1715,0.176,81754.18,514.8
1789861449,btc,1789977600000,79000.0,call,25.45,0.02817725,0.027,0.03,81274.01,24.8
1789861449,btc,1795766400000,75000.0,call,37.5,0.11414193,0.1135,0.1155,82059.04,268.6
1789861449,btc,1793347200000,100000.0,call,38.47,0.00348016,0.0033,0.0037,81754.18,1987.1
1789861449,btc,1798185600000,105000.0,call,38.9,0.01227959,0.012,0.0125,82397.08,922.3
1789861449,btc,1789977600000,73000.0,put,54.98,5.48e-06,,0.0001,81274.01,23.2
1789861449,btc,1791532800000,72000.0,call,39.21,0.119793,0.1185,0.123,81493.02,0.0
1789861449,btc,1790150400000,79500.0,call,29.89,0.02568127,0.025,0.027,81304.41,0.0
1789861449,btc,1790064000000,79000.0,put,29.28,0.00125105,0.0011,0.0014,81290.12,21.7
1789861449,btc,1790064000000,81500.0,put,29.66,0.01083817,0.01,0.011,81290.12,0.9
1789861449,btc,1798185600000,52000.0,call,52.76,0.3728365,0.37,0.376,82397.08,0.1
1789861449,btc,1790064000000,71000.0,call,64.77,0.12665826,0.125,0.129,81290.75,0.0
1789861449,btc,1790064000000,78500.0,put,30.87,0.00086789,0.0007,0.001,81290.12,9.8
1789861449,btc,1790323200000,145000.0,put,82.34,0.78276898,0.7775,0.7865,81334.18,4.4
1789861449,btc,1793347200000,81000.0,call,34.89,0.05079705,0.0505,0.0515,81754.18,698.9
1789861449,btc,1793347200000,55000.0,call,57.44,0.3283261,0.3265,0.3305,81754.18,0.1
1789861449,btc,1798185600000,94000.0,put,37.31,0.17063369,0.1665,0.1765,82397.08,5.3
1789861449,btc,1795766400000,60000.0,call,46.84,0.27338609,0.2715,0.2765,82059.04,0.2
1789861449,btc,1813910400000,66000.0,call,42.14,0.26654128,0.2605,0.27,84393.66,25.6
1789861449,btc,1813910400000,66000.0,put,42.14,0.04859472,0.0475,0.0495,84393.66,66.6
1789861449,btc,1798185600000,94000.0,call,37.31,0.02981227,0.029,0.0305,82397.08,424.5
1789861449,btc,1795766400000,68000.0,call,40.52,0.18287551,0.1795,0.186,82059.71,0.0
1789861449,btc,1789977600000,72000.0,call,56.82,0.11410974,0.1125,0.1165,81274.65,0.0
1789861449,btc,1789977600000,83000.0,put,27.91,0.02212009,0.0195,0.024,81274.65,0.1
1789861449,btc,1790323200000,56000.0,call,85.92,0.31148584,0.31,0.3135,81334.86,13.4
1789861449,btc,1790323200000,62000.0,call,82.05,0.23779467,0.2365,0.24,81334.18,597.2
1789861449,btc,1793347200000,105000.0,call,40.88,0.00197567,0.0018,0.0022,81754.18,1144.0
1789861449,btc,1793347200000,55000.0,put,57.44,0.00107992,0.0009,0.0013,81754.18,323.5
1789861449,btc,1813910400000,160000.0,put,45.09,0.90760263,0.893,0.926,84393.66,0.2
1789861449,btc,1790323200000,70000.0,call,55.88,0.13964264,0.138,0.142,81334.86,10916.2
1789861449,btc,1795766400000,85000.0,put,36.32,0.08326011,0.0825,0.0835,82059.04,23.8
1789861449,btc,1790323200000,260000.0,put,123.09,2.19668921,2.186,2.204,81334.86,0.0
1789861449,btc,1789891200000,83000.0,call,37.7,0.00015361,,0.0002,81257.01,166.3
1789861449,btc,1790064000000,80500.0,put,28.67,0.00507291,0.0047,0.0055,81290.75,2.2
1789861449,btc,1806048000000,85000.0,call,38.58,0.10150606,0.1005,0.1025,83372.89,412.7
1789861449,btc,1813910400000,102000.0,call,39.97,0.07037106,0.0695,0.0715,84392.98,46.3
1789861449,btc,1798185600000,110000.0,put,39.89,0.34346681,0.3375,0.35,82396.4,82.4
1789861449,btc,1790928000000,88000.0,put,38.77,0.08602723,0.083,0.0885,81417.92,0.0
1789861449,btc,1806048000000,52000.0,put,48.29,0.01071717,0.01,0.0115,83372.89,125.7
1789861449,btc,1790064000000,88000.0,call,51.89,0.00046978,0.0003,0.0006,81290.75,2.2
1789861449,btc,1795766400000,87000.0,put,36.36,0.09908825,0.0975,0.1,82059.71,3.7
1789861449,btc,1789891200000,86000.0,call,54.05,1.39e-06,,,81257.01,37.5
1789861449,btc,1793347200000,89000.0,call,35.24,0.01672421,0.0165,0.017,81754.18,625.2
1789861449,btc,1789977600000,68000.0,put,58.37,0.0,,0.0001,81274.65,0.5
1789861449,btc,1793347200000,61000.0,put,49.12,0.00204319,0.0018,0.0021,81754.18,278.2
1789861449,btc,1789977600000,78000.0,put,29.32,6.188e-05,0.0001,0.0002,81274.65,11.8
1789861449,btc,1789891200000,71000.0,put,69.48,0.0,,0.0001,81257.01,8.6
1789861449,btc,1813910400000,60000.0,put,43.79,0.03248543,0.0315,0.033,84393.66,198.9
1789861449,btc,1798185600000,125000.0,put,43.64,0.52042899,0.513,0.5275,82397.08,9.1
1789861449,btc,1789891200000,81500.0,put,17.59,0.00398179,0.0034,0.0044,81257.01,8.5
1789861449,btc,1795766400000,58000.0,call,48.73,0.29687783,0.294,0.3,82059.71,0.1
1789861449,btc,1806048000000,110000.0,put,39.79,0.34794035,0.3405,0.355,83372.89,4.1
1789861449,btc,1806048000000,52000.0,call,48.29,0.38701113,0.3835,0.39,83372.89,5.3
1789861449,btc,1790323200000,90000.0,put,46.34,0.1073768,0.106,0.1085,81334.86,579.5
1789861449,btc,1813910400000,50000.0,put,47.83,0.01591614,0.015,0.017,84392.98,401.3
1789861449,btc,1790323200000,320000.0,put,140.09,2.93438672,2.9215,2.9435,81334.86,25.1
1789861449,btc,1790928000000,74000.0,call,38.08,0.09375547,0.0915,0.097,81418.58,0.7
1789861449,btc,1793347200000,105000.0,put,40.88,0.28632388,0.2825,0.29,81754.18,0.6
1789861449,btc,1806048000000,68000.0,call,40.97,0.22239254,0.2175,0.226,83372.89,196.5
1789861449,btc,1798185600000,52000.0,put,52.76,0.0039292,0.0037,0.004,82397.08,438.9
1789861449,btc,1790064000000,83000.0,put,33.33,0.02439602,0.021,0.0265,81290.75,0.0
1789861449,btc,1790323200000,94000.0,call,55.16,0.00038316,0.0003,0.0004,81334.86,932.3
1789861449,btc,1793347200000,83000.0,put,34.84,0.0545548,0.054,0.055,81754.18,104.7
1789861449,btc,1790150400000,89000.0,put,48.73,0.0951478,0.093,0.097,81304.41,0.0
1789861449,btc,1798185600000,96000.0,call,37.47,0.02518192,0.0245,0.0255,82397.08,1537.8
1789861449,btc,1795766400000,69000.0,put,39.89,0.01305047,0.0125,0.0135,82059.04,77.1
1789861449,btc,1813910400000,170000.0,call,46.33,0.00958361,0.009,0.01,84393.66,153.2
1789861449,btc,1798185600000,68000.0,call,40.7,0.1931073,0.189,0.197,82397.08,1031.5
1789861449,btc,1795766400000,102000.0,call,38.65,0.00845392,0.008,0.009,82059.04,129.5
1789861449,btc,1813910400000,40000.0,call,54.17,0.53383483,0.532,0.535,84393.66,19.2
1789861449,btc,1795766400000,100000.0,put,38.36,0.22907046,0.224,0.232,82059.71,0.0
1789861449,btc,1789977600000,76000.0,put,44.23,5.209e-05,,0.0001,81274.01,34.9
1789861449,btc,1790928000000,74000.0,put,38.08,0.00264628,0.0024,0.0028,81418.58,701.1
1789861449,btc,1790323200000,94000.0,put,55.16,0.15610926,0.1525,0.158,81334.18,1.9
1789861449,btc,1806048000000,100000.0,call,38.95,0.04709712,0.0465,0.048,83372.89,901.9
1789861449,btc,1791532800000,83000.0,put,34.66,0.04220602,0.0415,0.0425,81493.68,19.2
1789861449,btc,1806048000000,68000.0,put,40.97,0.03800812,0.037,0.039,83372.89,294.8
1789861449,btc,1790150400000,72000.0,put,55.27,0.00018393,,0.0003,81304.41,0.3
1789861449,btc,1795766400000,87000.0,call,36.36,0.03888013,0.0385,0.0395,82059.04,85.1
1789861449,btc,1790064000000,90000.0,call,57.49,0.00023075,0.0001,0.0003,81290.12,6.0
1789861449,btc,1790928000000,90000.0,put,40.62,0.10867692,0.1055,0.111,81417.92,0.1
1789861449,btc,1790928000000,84000.0,put,35.92,0.04555887,0.0445,0.0465,81418.58,0.1
1789861449,btc,1813910400000,52000.0,put,46.81,0.01832168,0.0175,0.019,84393.66,54.6
1789861449,btc,1790150400000,79000.0,call,30.67,0.03084408,0.0285,0.034,81304.41,0.0
1789861449,btc,1790323200000,78000.0,put,33.86,0.00320689,0.003,0.0033,81334.86,2407.3
1789861449,btc,1791532800000,78000.0,put,34.63,0.01426037,0.014,0.0145,81493.68,17.5
1789861449,btc,1789977600000,88000.0,put,46.9,0.08278,0.081,0.0845,81274.65,0.0
1789861449,btc,1795766400000,77000.0,put,37.07,0.03593061,0.0355,0.0365,82059.71,112.9
1789861449,btc,1795766400000,77000.0,call,37.07,0.09758549,0.0965,0.0985,82059.04,73.4
1789861449,btc,1790323200000,87000.0,call,41.43,0.00215127,0.002,0.0024,81334.86,165.4
1789861449,btc,1806048000000,125000.0,put,41.73,0.5139996,0.5045,0.522,83372.89,0.1
1789861449,btc,1806048000000,115000.0,call,40.38,0.02263186,0.0215,0.0235,83372.89,712.9
1789861449,btc,1806048000000,86000.0,call,38.57,0.09655441,0.0955,0.0975,83372.89,142.2
1789861449,btc,1789977600000,88000.0,call,46.9,2.304e-05,,0.0002,81274.65,0.7
1789861449,btc,1789977600000,76000.0,call,44.23,0.0649438,0.063,0.0675,81274.65,3.6
1789861449,btc,1795766400000,62000.0,call,44.96,0.25009685,0.248,0.253,82059.04,0.0
1789861449,btc,1795766400000,80000.0,put,36.58,0.05054406,0.05,0.051,82059.71,109.6
1789861449,btc,1813910400000,80000.0,put,40.17,0.11114597,0.11,0.1125,84393.66,47.8
1789861449,btc,1798185600000,55000.0,put,49.89,0.00510455,0.0049,0.005,82397.08,3261.5
1789861449,btc,1790323200000,98000.0,call,62.2,0.00017787,0.0001,0.0003,81334.18,1129.9
1789861449,btc,1813910400000,30000.0,put,62.35,0.00348905,0.0031,0.0039,84392.98,342.4
1789861449,btc,1790323200000,100000.0,put,68.49,0.22968407,0.226,0.232,81334.18,336.1
1789861449,btc,1795766400000,72000.0,call,38.61,0.1419415,0.141,0.1435,82059.71,25.3
1789861449,btc,1790928000000,86000.0,put,37.15,0.06469308,0.0615,0.0675,81417.92,0.0
1789861449,btc,1793347200000,102000.0,call,39.36,0.00272708,0.0026,0.0029,81754.18,224.9
1789861449,btc,1790150400000,78500.0,call,31.61,0.0362956,0.0345,0.0395,81304.41,0.0
1789861449,btc,1795766400000,83000.0,put,36.36,0.06895354,0.0685,0.0695,82059.71,48.5
1789861449,btc,1795766400000,79000.0,call,36.7,0.08252071,0.082,0.0835,82059.71,160.8
1789861449,btc,1790323200000,102000.0,call,70.56,0.00011841,,0.0001,81334.86,365.7
1789861449,btc,1806048000000,102000.0,call,39.05,0.04243605,0.0415,0.0435,83372.89,127.4
1789861449,btc,1798185600000,78000.0,put,37.65,0.05129016,0.0505,0.052,82396.4,1429.9
1789861449,btc,1813910400000,76000.0,put,40.55,0.08956857,0.0885,0.0905,84392.98,75.2
1789861449,btc,1790928000000,76000.0,put,36.44,0.0051165,0.0047,0.0055,81417.92,333.4
1789861449,btc,1790150400000,90000.0,call,51.66,0.00038068,0.0002,0.0005,81304.41,0.1
1789861449,btc,1789891200000,74000.0,put,65.15,1e-08,,0.0001,81257.01,68.6
1789861449,btc,1790323200000,80000.0,call,32.74,0.02522029,0.0245,0.026,81334.86,6488.7
1789861449,btc,1790928000000,78000.0,put,34.91,0.00946958,0.009,0.01,81417.92,187.8
1789861449,btc,1790150400000,85000.0,put,38.65,0.04757721,0.044,0.0495,81303.73,0.0
1789861449,btc,1795766400000,81000.0,call,36.5,0.06919915,0.069,0.07,82059.71,161.2
1789861449,btc,1813910400000,78000.0,call,40.35,0.17573124,0.1745,0.177,84393.66,104.4
1789861449,btc,1795766400000,96000.0,put,37.41,0.18531607,0.18,0.1905,82059.71,0.0
1789861449,btc,1813910400000,62000.0,call,43.17,0.30258155,0.2965,0.3055,84392.98,118.0
1789861449,btc,1790323200000,92000.0,put,49.85,0.13162143,0.128,0.1335,81334.86,7.6
1789861449,btc,1795766400000,104000.0,put,39.1,0.27433351,0.27,0.2775,82059.04,0.0
1789861449,btc,1806048000000,58000.0,call,44.91,0.32160452,0.316,0.3265,83372.89,4.3
1789861449,btc,1790064000000,71000.0,put,64.77,6.937e-05,,0.0002,81290.12,25.2
1789861449,btc,1806048000000,94000.0,call,38.63,0.0640919,0.063,0.065,83372.89,182.5
1789861449,btc,1789891200000,72000.0,put,69.48,0.0,,0.0001,81257.01,70.0
1789861449,btc,1789891200000,77500.0,call,42.6,0.04622874,0.0445,0.049,81257.01,62.2
1789861449,btc,1806048000000,72000.0,call,40.0,0.18784365,0.1865,0.189,83372.89,95.3
1789861449,btc,1813910400000,50000.0,call,47.83,0.42345142,0.422,0.4245,84392.98,18.3
1789861449,btc,1798185600000,55000.0,call,49.89,0.33760266,0.3345,0.3405,82397.08,74.9
1789861449,btc,1789977600000,70000.0,put,56.82,5e-08,,0.0001,81274.65,22.1
1789861449,btc,1790323200000,52000.0,call,90.04,0.36066254,0.3595,0.3625,81334.18,150.2
1789861449,btc,1789891200000,69000.0,put,69.49,0.0,,0.0001,81257.01,88.8
1789861449,btc,1798185600000,240000.0,call,68.89,0.00021183,0.0001,0.0004,82397.08,785.7
1789861449,btc,1790928000000,81000.0,call,34.54,0.02792273,0.0275,0.0285,81417.92,314.9
1789861449,btc,1806048000000,66000.0,put,41.56,0.03250255,0.0315,0.0335,83372.89,120.9
1789861449,btc,1798185600000,75000.0,call,38.26,0.12802723,0.127,0.129,82396.4,1898.5
1789861449,btc,1789977600000,85000.0,call,36.25,0.00017266,0.0001,0.0003,81274.65,52.7
1789861449,btc,1790150400000,80000.0,call,30.16,0.02118856,0.0205,0.0225,81303.73,0.0
1789861449,btc,1790323200000,77000.0,put,35.39,0.00198323,0.0018,0.0021,81334.18,1308.0
1789861449,btc,1790150400000,88000.0,put,46.21,0.08303611,0.0795,0.085,81303.73,0.0
1789861449,btc,1790928000000,65000.0,put,54.76,0.0003961,0.0004,0.0006,81417.92,545.3
1789861449,btc,1806048000000,35000.0,put,60.98,0.00244272,0.0021,0.0027,83372.89,624.0
1789861449,btc,1790150400000,84000.0,put,36.05,0.03640257,0.033,0.0385,81304.41,0.0
1789861449,btc,1790150400000,76000.0,call,39.21,0.06575523,0.064,0.0685,81304.41,0.0
1789861449,btc,1790064000000,82000.0,call,30.52,0.00604815,0.0055,0.0065,81290.75,173.3
1789861449,btc,1789977600000,69000.0,put,57.02,1e-08,,0.0001,81274.65,0.0
1789861449,btc,1813910400000,30000.0,call,62.35,0.64801021,0.647,0.649,84392.98,86.2
1789861449,btc,1793347200000,73000.0,call,37.41,0.1186329,0.1165,0.1215,81754.18,609.0
1789861449,btc,1793347200000,81000.0,put,34.89,0.04157995,0.041,0.042,81754.18,188.4
1789861449,btc,1790323200000,50000.0,put,93.51,1.6e-07,,0.0001,81334.86,3819.0
1789861449,btc,1790064000000,79500.0,put,28.69,0.00200996,0.0017,0.0022,81290.12,6.2
1789861449,btc,1790928000000,75000.0,call,37.04,0.08245393,0.0805,0.0855,81417.92,3.6
1789861449,btc,1806048000000,64000.0,put,42.29,0.02782667,0.027,0.0285,83372.89,128.4
1789861449,btc,1806048000000,115000.0,put,40.38,0.40198174,0.394,0.409,83372.89,2.2
1789861449,btc,1806048000000,35000.0,call,60.98,0.58264058,0.582,0.584,83372.25,21.8
1789861449,btc,1813910400000,54000.0,put,46.01,0.02128183,0.0205,0.022,84393.66,50.1
1789861449,btc,1790150400000,80500.0,call,29.83,0.01695583,0.0165,0.0175,81304.41,0.0
1789861449,btc,1793347200000,77000.0,call,35.65,0.08068841,0.08,0.082,81754.18,219.9
1789861449,btc,1790323200000,140000.0,put,82.26,0.72129419,0.716,0.725,81334.86,1.4
1789861449,btc,1795766400000,106000.0,put,39.89,0.29770835,0.293,0.301,82059.71,0.0
1789861449,btc,1789891200000,85000.0,put,49.01,0.04607828,0.043,0.048,81257.01,0.0
1789861449,btc,1793347200000,104000.0,call,40.25,0.00215991,0.002,0.0023,81754.18,121.0
1789861449,btc,1795766400000,91000.0,put,36.67,0.13479568,0.13,0.1395,82059.04,0.0
1789861449,btc,1806048000000,108000.0,put,39.59,0.32687719,0.3205,0.334,83372.89,0.1
1789861449,btc,1790928000000,73000.0,call,39.34,0.10536077,0.104,0.1085,81417.92,0.0
1789861449,btc,1806048000000,180000.0,call,51.02,0.003377,0.003,0.0038,83372.89,659.3
1789861449,btc,1806048000000,84000.0,put,38.62,0.11425826,0.113,0.1155,83372.25,55.5
1789861449,btc,1793347200000,72000.0,put,37.98,0.0097495,0.0095,0.01,81754.18,800.6
1789861449,btc,1793347200000,50000.0,put,65.27,0.00068301,0.0005,0.0009,81754.18,436.7
1789861449,btc,1790323200000,120000.0,call,82.25,1.29e-06,,0.0001,81334.86,1355.5
1789861449,btc,1793347200000,78000.0,call,35.41,0.07241459,0.0715,0.0735,81754.18,512.2
1789861449,btc,1790323200000,170000.0,put,86.93,1.09014295,1.0835,1.094,81334.86,0.0
1789861449,btc,1790150400000,89000.0,call,48.73,0.00048707,0.0004,0.0006,81304.41,0.1
1789861449,btc,1806048000000,88000.0,call,38.56,0.0873036,0.086,0.0885,83372.25,81.3
1789861449,btc,1793347200000,83000.0,call,34.84,0.03930812,0.039,0.04,81754.18,660.6
1789861449,btc,1806048000000,74000.0,put,39.63,0.05952651,0.0585,0.0605,83372.89,196.2
1789861449,btc,1806048000000,170000.0,call,49.69,0.00424692,0.0041,0.0044,83372.89,874.5
1789861449,btc,1795766400000,85000.0,call,36.32,0.04742459,0.047,0.048,82059.04,623.8
1789861449,btc,1806048000000,74000.0,call,39.63,0.17194484,0.1705,0.173,83372.89,66.8
1789861449,btc,1798185600000,64000.0,put,42.82,0.01203309,0.0115,0.0125,82397.08,389.0
1789861449,btc,1790323200000,81000.0,call,33.24,0.01814944,0.0175,0.0185,81334.86,3659.5
1789861449,btc,1806048000000,54000.0,call,47.06,0.36484606,0.362,0.3695,83372.25,0.1
1789861449,btc,1791532800000,84000.0,call,34.8,0.01934992,0.019,0.02,81493.68,179.6
1789861449,btc,1813910400000,96000.0,put,39.78,0.22604631,0.2245,0.229,84392.98,0.1
1789861449,btc,1795766400000,91000.0,call,36.67,0.02584235,0.0255,0.0265,82059.04,95.4
1789861449,btc,1789891200000,79500.0,put,30.89,3.407e-05,,0.0002,81257.01,140.5
1789861449,btc,1790323200000,115000.0,call,82.17,7.38e-06,,0.0001,81334.18,2156.0
1789861449,btc,1813910400000,84000.0,put,39.91,0.13569847,0.1345,0.137,84392.98,16.7
1789861449,btc,1806048000000,120000.0,put,41.05,0.45748326,0.4495,0.4655,83372.25,9.9
1789861449,btc,1790064000000,74000.0,put,51.93,0.00016438,,0.0003,81290.12,7.7
1789861449,btc,1791532800000,65000.0,call,50.5,0.20340395,0.2015,0.206,81493.68,0.0
1789861449,btc,1791532800000,79000.0,call,34.43,0.04878199,0.048,0.05,81493.68,7.9
1789861449,btc,1793347200000,78000.0,put,35.41,0.02650183,0.026,0.027,81754.18,669.3
1789861449,btc,1791532800000,84000.0,put,34.8,0.05011305,0.049,0.0515,81493.68,0.0
1789861449,btc,1790150400000,79500.0,put,29.89,0.00349619,0.0033,0.0036,81303.73,0.0
1789861449,btc,1791532800000,70000.0,call,41.91,0.14322956,0.1415,0.1455,81493.02,0.0
1789861449,btc,1791532800000,80000.0,call,34.34,0.0412503,0.0405,0.0425,81493.68,78.8
1789861449,btc,1806048000000,104000.0,put,39.22,0.28580334,0.2775,0.2935,83372.89,0.1
1789861449,btc,1806048000000,94000.0,put,38.63,0.1915605,0.1845,0.1985,83372.89,9.7
1789861449,btc,1798185600000,100000.0,put,37.95,0.23172207,0.226,0.2375,82397.08,303.2
1789861449,btc,1798185600000,75000.0,put,38.26,0.03825708,0.038,0.039,82397.08,1278.8
1789861449,btc,1795766400000,76000.0,put,37.31,0.03188326,0.0315,0.0325,82059.04,55.5
1789861449,btc,1790150400000,81000.0,call,30.15,0.0134563,0.013,0.014,81304.41,1.7
1789861449,btc,1795766400000,120000.0,put,44.14,0.46436436,0.458,0.4675,82059.04,0.5
1789861449,btc,1790323200000,130000.0,call,82.26,3e-08,,0.0001,81334.86,1509.2
1789861449,btc,1790064000000,83000.0,call,33.33,0.00336613,0.0032,0.0037,81290.12,247.0
1789861449,btc,1806048000000,76000.0,call,39.33,0.15698665,0.1555,0.158,83372.89,546.2
1789861449,btc,1790064000000,89000.0,call,55.79,0.00037004,0.0003,0.0005,81290.12,1.7
1789861449,btc,1813910400000,92000.0,call,39.72,0.10321774,0.102,0.1045,84392.98,16.5
1789861449,btc,1789977600000,75000.0,call,45.37,0.07720926,0.0755,0.0795,81274.65,0.0
1789861449,btc,1790064000000,84000.0,call,36.58,0.00197072,0.0019,0.0022,81290.12,15.1
1789861449,btc,1793347200000,65000.0,put,44.33,0.0033785,0.0031,0.0036,81754.18,628.5
1789861449,btc,1793347200000,59000.0,put,52.08,0.00168998,0.0015,0.0019,81754.18,102.6
1789861449,btc,1790323200000,92000.0,call,49.85,0.00048525,0.0004,0.0006,81334.18,1256.2
1789861449,btc,1790323200000,125000.0,call,82.25,2.1e-07,,0.0001,81334.18,2385.7
1789861449,btc,1790323200000,83000.0,put,35.23,0.0293283,0.0285,0.0305,81334.18,474.8
1789861449,btc,1793347200000,82000.0,call,34.87,0.04479957,0.0445,0.0455,81754.18,1273.8
1789861449,btc,1798185600000,120000.0,put,42.36,0.4608407,0.4555,0.4675,82397.08,35.7
1789861449,btc,1793347200000,110000.0,call,42.92,0.00112942,0.0009,0.0013,81754.18,1034.4
1789861449,btc,1791532800000,83000.0,call,34.66,0.02371388,0.0235,0.024,81493.68,48.7
1789861449,btc,1813910400000,70000.0,put,41.4,0.06285045,0.062,0.064,84393.66,57.9
1789861449,btc,1798185600000,220000.0,put,65.66,1.67029115,1.659,1.684,82397.08,0.0
1789861449,btc,1791532800000,88000.0,put,36.31,0.08826478,0.085,0.091,81493.02,0.0
1789861449,btc,1806048000000,65000.0,call,41.87,0.2503678,0.246,0.2535,83372.89,366.7
1789861449,btc,1806048000000,130000.0,call,42.49,0.0121206,0.011,0.0125,83372.89,1162.7
1789861449,btc,1813910400000,180000.0,call,47.51,0.00797499,0.0075,0.0085,84392.98,48.2
1789861449,btc,1790323200000,175000.0,call,88.96,0.0,,0.0001,81334.86,1904.8
1789861449,btc,1790150400000,77000.0,call,35.7,0.05372292,0.052,0.0565,81303.73,0.0
1789861449,btc,1790150400000,81500.0,put,30.97,0.01308623,0.0125,0.0135,81304.41,35.1
1789861449,btc,1789977600000,87000.0,call,46.84,8.127e-05,,0.0002,81274.65,0.4
1789861449,btc,1793347200000,77000.0,put,35.65,0.02254376,0.022,0.023,81754.18,251.5
1789861449,btc,1795766400000,60000.0,put,46.84,0.00456411,0.0043,0.0048,82059.71,208.9
1789861449,btc,1791532800000,76000.0,put,35.47,0.008599,0.008,0.009,81493.68,55.9
1789861449,btc,1806048000000,84000.0,call,38.62,0.10673313,0.1055,0.1075,83372.89,264.2
1789861449,btc,1813910400000,160000.0,call,45.09,0.01171551,0.011,0.0125,84393.66,575.2
1789861449,btc,1813910400000,170000.0,put,46.33,1.02396367,1.0085,1.0395,84393.66,14.7
1789861449,btc,1789977600000,89000.0,put,51.52,0.09507846,0.092,0.097,81274.01,0.0
1789861449,btc,1790323200000,86000.0,put,39.77,0.06038379,0.0575,0.0625,81334.18,11.7
1789861449,btc,1790323200000,68000.0,call,61.54,0.16412551,0.1625,0.1665,81334.18,873.3
1789861449,btc,1795766400000,74000.0,put,37.89,0.02493875,0.0245,0.0255,82059.71,58.5
1789861449,btc,1790323200000,280000.0,call,129.87,0.0,,0.0001,81334.18,76.1
1789861449,btc,1798185600000,230000.0,call,67.54,0.00025333,0.0001,0.0005,82397.08,190.6
1789861449,btc,1789891200000,83000.0,put,37.7,0.02161237,0.0185,0.0235,81257.01,0.0
1789861449,btc,1795766400000,95000.0,put,37.1,0.17463526,0.1695,0.18,82059.71,0.0
1789861449,btc,1813910400000,98000.0,call,39.8,0.08187137,0.081,0.083,84392.98,81.1
1789861449,btc,1798185600000,50000.0,put,54.85,0.00333112,0.003,0.0035,82397.08,2168.5
1789861449,btc,1790064000000,83500.0,call,34.92,0.00255794,0.0024,0.0029,81290.12,25.1
1789861449,btc,1790064000000,81000.0,put,28.74,0.00749624,0.007,0.008,81290.12,33.9
1789861449,btc,1798185600000,54000.0,put,50.62,0.00458683,0.0043,0.0047,82396.4,1867.9
1789861449,btc,1798185600000,92000.0,put,37.12,0.15168914,0.147,0.157,82397.08,6.6
1789861449,btc,1806048000000,78000.0,put,39.07,0.07852228,0.0775,0.0795,83372.89,330.1
1789861449,btc,1790323200000,54000.0,call,85.92,0.33607303,0.3345,0.338,81334.18,7.4
1789861449,btc,1795766400000,90000.0,call,36.52,0.02857092,0.028,0.029,82059.04,142.9
1789861449,btc,1798185600000,108000.0,call,39.53,0.0098428,0.0095,0.0105,82397.08,166.8
1789861449,btc,1798185600000,60000.0,put,45.53,0.00801771,0.0075,0.0085,82397.08,6250.7
1789861449,btc,1789977600000,71000.0,put,56.82,3.3e-07,,0.0001,81274.65,62.0
1789861449,btc,1813910400000,58000.0,call,44.45,0.34098018,0.3395,0.342,84392.98,13.8
1789861449,btc,1798185600000,250000.0,put,71.04,2.03430659,2.0175,2.0505,82397.08,10.0
1789861449,btc,1790323200000,85000.0,call,38.18,0.00429072,0.0042,0.0045,81334.18,10131.0
1789861449,btc,1806048000000,190000.0,put,53.13,1.28199198,1.2675,1.294,83372.89,0.9
1789861449,btc,1798185600000,160000.0,call,53.3,0.00096002,0.0007,0.0011,82397.08,1291.8
1789861449,btc,1795766400000,82000.0,call,36.43,0.06316086,0.0625,0.064,82059.04,163.5
1789861449,btc,1798185600000,88000.0,put,36.94,0.11681456,0.116,0.1175,82397.08,17.5
1789861449,btc,1789891200000,75000.0,put,57.25,1e-08,,0.0001,81256.34,20.3
1789861449,btc,1790323200000,96000.0,put,56.99,0.18051718,0.177,0.183,81334.18,1.0
1789861449,btc,1798185600000,96000.0,put,37.47,0.19027614,0.185,0.196,82396.4,23.9
1789861449,btc,1790928000000,82000.0,call,34.98,0.02233444,0.022,0.023,81417.92,1741.9
1789861449,btc,1789891200000,74500.0,call,60.97,0.08314847,0.0815,0.0855,81257.01,0.0
1789861449,btc,1798185600000,90000.0,call,37.05,0.04152509,0.041,0.042,82397.08,3798.9
1789861449,btc,1806048000000,66000.0,call,41.56,0.24087566,0.236,0.2445,83372.89,23.9
1789861449,btc,1813910400000,62000.0,put,43.17,0.03723781,0.0365,0.038,84393.66,115.3
1789861449,btc,1789891200000,82500.0,call,28.54,0.00014928,0.0001,0.0002,81256.34,113.5
1789861449,btc,1795766400000,89000.0,call,36.45,0.03169193,0.031,0.0325,82059.04,205.7
1789861449,btc,1806048000000,200000.0,put,54.01,1.40128709,1.387,1.418,83372.89,1.0
1789861449,btc,1806048000000,45000.0,call,52.92,0.46625661,0.464,0.4695,83372.89,3.3
1789861449,btc,1791532800000,75000.0,put,36.26,0.00673454,0.0065,0.007,81493.02,125.3
1789861449,btc,1790323200000,30000.0,put,123.95,0.0,,0.0001,81334.18,2959.5
1789861449,btc,1793347200000,95000.0,call,36.76,0.00695449,0.007,0.0075,81754.18,1346.6
1789861449,btc,1789977600000,74500.0,call,46.62,0.08335569,0.0815,0.086,81274.65,0.0
1789861449,btc,1806048000000,160000.0,call,47.59,0.00500233,0.0046,0.005,83372.89,1042.7
1789861449,btc,1790323200000,260000.0,call,123.09,0.0,,0.0001,81334.86,293.3
1789861449,btc,1789977600000,74000.0,call,49.89,0.08950765,0.088,0.092,81274.01,0.0
1789861449,btc,1793347200000,50000.0,call,65.27,0.38908862,0.3875,0.391,81754.18,1.1
1789861449,btc,1790928000000,80000.0,call,34.49,0.03474071,0.034,0.0355,81418.58,877.1
1789861449,btc,1789891200000,87000.0,put,56.24,0.07068584,0.0675,0.0725,81257.01,0.0
1789861449,btc,1798185600000,66000.0,put,41.71,0.01487078,0.0145,0.0155,82397.08,427.4
1789861449,btc,1790323200000,82000.0,call,33.86,0.0126434,0.0125,0.0135,81334.18,6909.2
1789861449,btc,1793347200000,96000.0,call,36.96,0.00596378,0.006,0.0065,81754.18,235.0
1789861449,btc,1790064000000,73000.0,put,56.65,0.00012836,,0.0002,81290.12,93.4
1789861449,btc,1806048000000,92000.0,put,38.58,0.17454303,0.173,0.176,83372.89,1.4
1789861449,btc,1790150400000,80500.0,put,29.83,0.0070703,0.0065,0.0075,81304.41,0.2
1789861449,btc,1798185600000,190000.0,put,60.14,1.30640186,1.2965,1.3175,82397.08,0.0
1789861449,btc,1790928000000,90000.0,call,40.62,0.00326917,0.0032,0.0035,81418.58,68.2
1789861449,btc,1795766400000,64000.0,put,43.19,0.00702933,0.0065,0.0075,82059.04,36.7
1789861449,btc,1798185600000,35000.0,call,74.88,0.57634857,0.5755,0.577,82397.08,87.8
1789861449,btc,1798185600000,160000.0,put,53.3,0.94278371,0.933,0.952,82397.08,0.1
1789861449,btc,1795766400000,89000.0,put,36.45,0.11627265,0.115,0.1175,82059.04,0.1
1789861449,btc,1790064000000,72000.0,call,63.09,0.11441665,0.1125,0.117,81290.75,0.0
1789861449,btc,1798185600000,120000.0,call,42.36,0.00447293,0.0042,0.0048,82397.08,5779.2
1789861449,btc,1806048000000,72000.0,put,40.0,0.05143663,0.0505,0.0525,83372.25,162.2
1789861449,btc,1790064000000,79500.0,call,28.69,0.02403554,0.0225,0.026,81290.75,21.5
1789861449,btc,1798185600000,150000.0,call,50.53,0.00124607,0.0011,0.0014,82397.08,1705.5
1789861449,btc,1793347200000,58000.0,put,53.34,0.00149892,0.0013,0.0017,81754.18,336.1
1789861449,btc,1813910400000,190000.0,call,48.61,0.00671198,0.006,0.0075,84392.98,60.0
1789861449,btc,1806048000000,58000.0,put,44.91,0.01727663,0.0165,0.018,83372.89,142.1
1789861449,btc,1790064000000,77500.0,call,35.05,0.04713035,0.0455,0.05,81290.12,0.0
1789861449,btc,1789891200000,70000.0,call,69.48,0.13852876,0.137,0.141,81257.01,0.0
1789861449,btc,1795766400000,96000.0,call,37.41,0.01543125,0.015,0.016,82059.71,190.0
1789861449,btc,1790150400000,78500.0,put,31.61,0.00181096,0.0016,0.002,81303.73,1.6
1789861449,btc,1813910400000,100000.0,call,39.87,0.07587441,0.075,0.077,84392.98,212.3
1789861449,btc,1795766400000,72000.0,put,38.61,0.01935512,0.019,0.02,82059.71,69.0
1789861449,btc,1790323200000,88000.0,call,43.22,0.00157226,0.0015,0.0018,81334.86,1626.5
1789861449,btc,1798185600000,66000.0,call,41.71,0.2138685,0.21,0.2175,82397.08,279.7
1789861449,btc,1798185600000,102000.0,call,38.31,0.01544678,0.015,0.016,82397.08,430.2
1789861449,btc,1806048000000,104000.0,call,39.22,0.03839127,0.0375,0.0395,83372.89,110.0
1789861449,btc,1790064000000,76000.0,put,41.87,0.00027137,0.0002,0.0004,81290.75,2.4
1789861449,btc,1795766400000,66000.0,put,41.84,0.00903219,0.0085,0.0095,82059.04,159.0
1789861449,btc,1793347200000,84000.0,call,34.82,0.03432918,0.034,0.035,81754.18,1510.7
1789861449,btc,1798185600000,170000.0,call,55.97,0.00077507,0.0006,0.0009,82396.4,2394.8
1789861449,btc,1790323200000,65000.0,call,73.24,0.20097239,0.1995,0.203,81334.86,1248.6
1789861449,btc,1793347200000,85000.0,put,34.83,0.06957471,0.0685,0.0705,81754.18,132.3
1789861449,btc,1806048000000,130000.0,put,42.49,0.57138569,0.5615,0.5795,83372.89,0.4
1789861449,btc,1795766400000,58000.0,put,48.73,0.00368325,0.0034,0.0039,82059.71,41.2
1789861449,btc,1806048000000,80000.0,put,38.87,0.08946527,0.0885,0.0905,83372.89,224.5
1789861449,btc,1789977600000,80000.0,put,21.92,0.00075964,0.0006,0.0009,81274.01,120.0
1789861449,btc,1790928000000,84000.0,call,35.92,0.01384496,0.0135,0.0145,81417.92,1376.5
1789861449,btc,1795766400000,86000.0,put,36.3,0.09094404,0.09,0.0915,82059.04,30.2
1789861449,btc,1789891200000,81000.0,put,16.37,0.00080876,0.0006,0.0009,81257.01,163.7
1789861449,btc,1793347200000,52000.0,call,61.74,0.36472889,0.363,0.3665,81754.18,0.1
1789861449,btc,1790323200000,300000.0,call,136.29,0.0,,0.0001,81334.18,196.3
1789861449,btc,1790323200000,135000.0,call,82.26,0.0,,0.0001,81334.86,493.0
1789861449,btc,1813910400000,180000.0,put,47.51,1.140848,1.124,1.1575,84393.66,0.0
1789861449,btc,1790150400000,73000.0,call,52.47,0.10240391,0.1005,0.1045,81304.41,0.0
1789861449,btc,1793347200000,75000.0,put,36.29,0.01608449,0.0155,0.0165,81754.18,984.0
1789861449,btc,1790323200000,87000.0,put,41.43,0.07181266,0.069,0.074,81334.18,8.8
1789861449,btc,1793347200000,92000.0,call,35.81,0.01067802,0.0105,0.011,81754.18,1172.4
1789861449,btc,1813910400000,52000.0,call,46.81,0.40215836,0.4005,0.4035,84393.66,1.1
1789861449,btc,1790064000000,69000.0,put,65.47,1.183e-05,,0.0001,81290.75,0.0
1789861449,btc,1790064000000,76500.0,call,39.03,0.0592309,0.0575,0.062,81290.12,0.0
1789861449,btc,1790323200000,50000.0,call,93.51,0.38525224,0.3835,0.387,81334.86,30.1
1789861449,btc,1790323200000,96000.0,call,56.99,0.00020117,0.0002,0.0003,81334.18,2153.5
1789861449,btc,1806048000000,112000.0,call,40.02,0.02599534,0.025,0.027,83372.89,77.5
1789861449,btc,1793347200000,89000.0,put,35.24,0.10536222,0.1015,0.1085,81754.18,5.0
1789861449,btc,1791532800000,68000.0,call,45.09,0.16712868,0.1655,0.17,81493.68,0.0
1789861449,btc,1789977600000,86000.0,call,43.23,0.00015014,,0.0002,81274.65,57.2
1789861449,btc,1790150400000,75000.0,call,43.46,0.07793077,0.076,0.0805,81304.41,0.0
1789861449,btc,1790064000000,85000.0,put,40.35,0.04689992,0.0435,0.049,81290.12,0.1
1789861449,btc,1793347200000,65000.0,call,44.33,0.20830579,0.206,0.211,81754.18,430.4
1789861449,btc,1791532800000,76000.0,call,35.47,0.07600379,0.0745,0.079,81493.68,50.1
1789861449,btc,1790323200000,76000.0,put,37.85,0.00135476,0.0012,0.0014,81334.86,1482.9
1789861449,btc,1790150400000,84500.0,put,37.36,0.0419247,0.039,0.044,81304.41,0.0
1789861449,btc,1789891200000,70000.0,put,69.48,0.0,,0.0001,81257.01,65.2
1789861449,btc,1798185600000,76000.0,call,38.02,0.11989316,0.119,0.121,82397.08,481.5
1789861449,btc,1813910400000,86000.0,put,39.81,0.14904764,0.148,0.1505,84393.66,1.4
1789861449,btc,1813910400000,92000.0,put,39.72,0.19335284,0.192,0.196,84393.66,0.2
1789861449,btc,1790323200000,66000.0,call,68.74,0.18867756,0.187,0.191,81334.86,968.1
1789861449,btc,1795766400000,70000.0,put,39.57,0.01504373,0.0145,0.0155,82059.04,231.7
1789861449,btc,1795766400000,76000.0,call,37.31,0.10572444,0.105,0.107,82059.04,39.2
1789861449,btc,1789977600000,81500.0,call,21.77,0.00400336,0.0039,0.0043,81274.65,64.7
1789861449,btc,1798185600000,88000.0,call,36.94,0.04881153,0.0485,0.049,82397.08,3762.9
1789861449,btc,1793347200000,72000.0,call,37.98,0.12905359,0.127,0.132,81754.18,478.7
1789861449,btc,1813910400000,56000.0,put,45.17,0.02449315,0.0235,0.0255,84393.66,84.8
1789861449,btc,1806048000000,105000.0,put,39.31,0.2959387,0.2875,0.3035,83372.89,0.5
1789861449,btc,1793347200000,63000.0,call,46.72,0.23201784,0.2305,0.2345,81753.53,153.2
1789861449,btc,1793347200000,73000.0,put,37.41,0.0115607,0.011,0.012,81754.18,400.0
1789861449,btc,1790150400000,82000.0,call,31.78,0.00837961,0.008,0.009,81303.73,0.7
1789861449,btc,1793347200000,56000.0,put,55.75,0.00116156,0.0009,0.0014,81754.18,466.2
1789861449,btc,1790928000000,78000.0,call,34.91,0.05144953,0.0505,0.0525,81417.92,329.6
1789861449,btc,1795766400000,69000.0,call,39.89,0.17219575,0.1685,0.1755,82059.04,0.0
1789861449,btc,1798185600000,85000.0,call,37.02,0.06217998,0.0615,0.063,82396.4,3033.7
1789861449,btc,1798185600000,98000.0,put,37.75,0.21077208,0.2065,0.2165,82397.08,1.2
1789861449,btc,1790323200000,200000.0,put,98.24,1.4589917,1.451,1.464,81334.86,3.2
1789861449,btc,1798185600000,78000.0,call,37.65,0.10465111,0.104,0.106,82397.08,1080.4
1789861449,btc,1795766400000,115000.0,call,42.73,0.00292259,0.0027,0.0032,82059.04,32.5
1789861449,btc,1791532800000,77000.0,put,34.97,0.01108942,0.0105,0.0115,81493.02,23.5
1789861449,btc,1790064000000,72000.0,put,63.09,0.00012933,,0.0002,81290.75,60.7
1789861449,eth,1813910400000,1700.0,call,59.16,0.413789,0.4125,0.416,2716.02,676.0
1789861449,eth,1790323200000,2600.0,put,46.96,0.016124,0.0155,0.0165,2637.37,9848.0
1789861449,eth,1789977600000,2300.0,call,63.7,0.126988,0.1255,0.129,2634.53,0.0
1789861449,eth,1790064000000,2640.0,call,41.54,0.012419,0.012,0.013,2635.29,365.0
1789861449,eth,1790064000000,2820.0,put,58.66,0.071718,0.0685,0.075,2635.26,0.0
1789861449,eth,1791532800000,2450.0,call,47.69,0.087706,0.0865,0.0895,2640.47,121.0
1789861449,eth,1790928000000,2250.0,put,54.94,0.002288,0.0021,0.0024,2638.56,254.0
1789861449,eth,1798185600000,6500.0,call,73.06,0.001689,0.0014,0.002,2664.27,1903.0
1789861449,eth,1789891200000,2280.0,put,65.12,0.0,,0.0001,2633.84,151.0
1789861449,eth,1790323200000,1500.0,put,113.85,0.0,,0.0001,2637.37,16515.0
1789861449,eth,1798185600000,2400.0,put,53.07,0.060891,0.0605,0.0615,2664.27,6411.0
1789861449,eth,1790323200000,1950.0,put,95.51,0.000139,,0.0002,2637.35,4580.0
1789861449,eth,1793347200000,3200.0,put,53.3,0.223755,0.219,0.2295,2645.19,35.0
1789861449,eth,1793347200000,1400.0,put,80.39,0.000556,0.0003,0.0009,2645.19,3558.0
1789861449,eth,1789891200000,2500.0,call,47.98,0.050834,0.048,0.054,2633.87,184.0
1789861449,eth,1795766400000,3100.0,put,53.26,0.204799,0.1995,0.212,2654.84,0.0
1789861449,eth,1790323200000,12000.0,call,163.38,0.0,,0.0001,2637.37,1953.0
1789861449,eth,1813910400000,2900.0,put,55.47,0.233497,0.231,0.2355,2716.02,284.0
1789861449,eth,1793347200000,2150.0,call,53.54,0.196867,0.1955,0.199,2645.21,1035.0
1789861449,eth,1813910400000,4800.0,put,58.71,0.812091,0.7985,0.829,2716.0,0.0
1789861449,eth,1790323200000,2350.0,call,56.29,0.110158,0.1085,0.112,2637.37,18.0
1789861449,eth,1806048000000,4200.0,put,57.97,0.598426,0.587,0.611,2689.87,1.0
1789861449,eth,1791532800000,2650.0,put,47.7,0.04569,0.045,0.0465,2640.44,122.0
1789861449,eth,1790323200000,5800.0,call,125.84,0.0,,0.0001,2637.37,5889.0
1789861449,eth,1790150400000,2600.0,put,42.12,0.010103,0.0095,0.0105,2635.73,501.0
1789861449,eth,1806048000000,1000.0,put,76.38,0.004534,0.0041,0.005,2689.87,7299.0
1789861449,eth,1813910400000,3500.0,put,56.11,0.394052,0.384,0.41,2716.0,678.0
1789861449,eth,1793347200000,1750.0,call,65.83,0.340454,0.3395,0.3425,2645.21,102.0
1789861449,eth,1790323200000,2850.0,call,56.84,0.004644,0.0045,0.0049,2637.37,4551.0
1789861449,eth,1790928000000,2300.0,call,52.56,0.131481,0.13,0.1335,2638.56,18.0
1789861449,eth,1813910400000,3400.0,call,55.96,0.113441,0.112,0.115,2716.0,528.0
1789861449,eth,1806048000000,2800.0,put,54.61,0.179547,0.178,0.181,2689.89,65.0
1789861449,eth,1798185600000,2400.0,call,53.07,0.160081,0.159,0.161,2664.24,12972.0
1789861449,eth,1790928000000,3000.0,call,56.26,0.005687,0.0055,0.006,2638.56,6091.0
1789861449,eth,1790323200000,8500.0,put,130.75,2.222895,2.212,2.2335,2637.37,0.0
1789861449,eth,1790150400000,2560.0,call,42.42,0.03428,0.0335,0.036,2635.73,0.0
1789861449,eth,1789891200000,2420.0,call,53.13,0.081207,0.0785,0.084,2633.84,125.0
1789861449,eth,1790150400000,2300.0,put,67.97,0.000399,0.0003,0.0005,2635.73,200.0
1789861449,eth,1795766400000,2300.0,call,52.92,0.167955,0.1665,0.1695,2654.84,51.0
1789861449,eth,1790323200000,2400.0,call,52.08,0.091781,0.09,0.0935,2637.37,14942.0
1789861449,eth,1806048000000,2900.0,call,54.68,0.125233,0.124,0.1265,2689.89,2921.0
1789861449,eth,1813910400000,2200.0,put,56.07,0.0956,0.094,0.097,2716.0,407.0
1789861449,eth,1790064000000,2720.0,call,47.83,0.004475,0.0043,0.0046,2635.29,51.0
1789861449,eth,1790064000000,2660.0,put,42.57,0.018871,0.0185,0.0195,2635.26,3.0
1789861449,eth,1789891200000,2720.0,call,48.78,8.6e-05,,0.0001,2633.87,460.0
1789861449,eth,1798185600000,8000.0,put,78.75,2.003388,1.985,2.0245,2664.24,73.0
1789861449,eth,1793347200000,2500.0,call,49.43,0.094851,0.094,0.096,2645.21,6105.0
1789861449,eth,1790928000000,2450.0,put,47.77,0.009402,0.009,0.01,2638.59,1150.0
1789861449,eth,1795766400000,2400.0,call,52.17,0.141924,0.141,0.143,2654.84,440.0
1789861449,eth,1789977600000,2520.0,call,38.86,0.043745,0.041,0.047,2634.53,371.0
1789861449,eth,1806048000000,3300.0,put,55.41,0.310902,0.301,0.3215,2689.87,101.0
1789861449,eth,1798185600000,1400.0,call,70.48,0.478447,0.4775,0.48,2664.24,939.0
1789861449,eth,1806048000000,2600.0,put,54.54,0.13616,0.135,0.1375,2689.87,658.0
1789861449,eth,1790323200000,4600.0,call,125.84,6e-06,,0.0001,2637.35,4392.0
1789861449,eth,1789891200000,2400.0,call,53.42,0.0888,0.086,0.0915,2633.84,20.0
1789861449,eth,1806048000000,2800.0,call,54.61,0.13862,0.1375,0.14,2689.87,6450.0
1789861449,eth,1790150400000,2520.0,call,43.61,0.04685,0.0455,0.049,2635.75,68.0
1789861449,eth,1790323200000,3800.0,put,109.8,0.440968,0.4365,0.4455,2637.37,943.0
1789861449,eth,1790323200000,3200.0,call,77.53,0.000743,0.0006,0.0009,2637.37,12325.0
1789861449,eth,1790323200000,1000.0,put,156.21,0.0,,0.0001,2637.37,10806.0
1789861449,eth,1790323200000,1000.0,call,156.21,0.620836,0.6195,0.622,2637.35,5784.0
1789861449,eth,1795766400000,2000.0,call,57.02,0.259944,0.2585,0.2615,2654.84,9.0
1789861449,eth,1790928000000,3200.0,put,63.25,0.215356,0.2105,0.219,2638.56,0.0
1789861449,eth,1789891200000,2340.0,put,57.89,0.0,,0.0001,2633.87,73.0
1789861449,eth,1798185600000,1800.0,call,59.88,0.336441,0.335,0.338,2664.24,2434.0
1789861449,eth,1789891200000,2250.0,call,71.87,0.14575,0.144,0.1475,2633.84,18.0
1789861449,eth,1790323200000,2420.0,call,50.79,0.084582,0.083,0.0865,2637.37,1324.0
1789861449,eth,1790150400000,2480.0,put,46.19,0.001653,0.0015,0.0019,2635.73,218.0
1789861449,eth,1789891200000,2300.0,call,62.6,0.126767,0.1255,0.1285,2633.87,0.0
1789861449,eth,1806048000000,4800.0,put,59.89,0.807534,0.7955,0.822,2689.87,40.0
1789861449,eth,1793347200000,2250.0,put,51.82,0.014804,0.0145,0.0155,2645.21,1653.0
1789861449,eth,1790323200000,5200.0,call,125.84,0.0,,0.0001,2637.37,2982.0
1789861449,eth,1793347200000,2900.0,call,50.59,0.032301,0.032,0.033,2645.21,4666.0
1789861449,eth,1790928000000,2900.0,call,53.14,0.009085,0.0085,0.0095,2638.59,1957.0
1789861449,eth,1795766400000,3800.0,call,58.66,0.010763,0.01,0.0115,2654.84,1546.0
1789861449,eth,1791532800000,2800.0,call,49.31,0.022509,0.022,0.023,2640.47,742.0
1789861449,eth,1813910400000,4400.0,put,57.87,0.677224,0.664,0.69,2716.0,1.0
1789861449,eth,1790064000000,2100.0,put,88.08,1.1e-05,,0.0001,2635.26,2448.0
1789861449,eth,1789977600000,2200.0,put,76.73,1e-06,,0.0001,2634.55,479.0
1789861449,eth,1798185600000,1500.0,put,67.39,0.005186,0.0049,0.0055,2664.24,16444.0
1789861449,eth,1806048000000,4200.0,call,57.97,0.037036,0.036,0.038,2689.87,2902.0
1789861449,eth,1793347200000,1000.0,call,102.4,0.622091,0.6215,0.6235,2645.19,0.0
1789861449,eth,1813910400000,3100.0,put,55.61,0.283512,0.2805,0.2855,2716.02,120.0
1789861449,eth,1790323200000,9000.0,put,136.23,2.412478,2.4005,2.4235,2637.37,0.0
1789861449,eth,1791532800000,2100.0,put,57.62,0.002023,0.0019,0.0022,2640.44,86.0
1789861449,eth,1791532800000,2200.0,put,53.67,0.003478,0.0035,0.0037,2640.47,64.0
1789861449,eth,1795766400000,2700.0,call,51.72,0.081612,0.081,0.0825,2654.84,1608.0
1789861449,eth,1789977600000,2320.0,call,59.86,0.119396,0.1175,0.1215,2634.53,0.0
1789861449,eth,1790323200000,2300.0,put,60.66,0.00083,0.0007,0.001,2637.37,8062.0
1789861449,eth,1790150400000,2460.0,put,47.8,0.001271,0.0011,0.0015,2635.73,246.0
1789861449,eth,1813910400000,2100.0,put,56.32,0.081221,0.08,0.0825,2716.0,663.0
1789861449,eth,1798185600000,1000.0,call,84.35,0.625731,0.625,0.627,2664.24,75.0
1789861449,eth,1798185600000,2800.0,put,52.68,0.137695,0.137,0.1385,2664.24,2839.0
1789861449,eth,1790064000000,2680.0,call,44.19,0.007343,0.007,0.008,2635.26,3162.0
1789861449,eth,1789891200000,2700.0,call,44.22,0.000184,0.0001,0.0003,2633.87,1270.0
1789861449,eth,1789977600000,2850.0,put,59.59,0.081977,0.0785,0.085,2634.53,0.0
1789861449,eth,1790323200000,2450.0,put,49.38,0.003014,0.003,0.0032,2637.37,1374.0
1789861449,eth,1795766400000,3100.0,call,53.26,0.03712,0.0365,0.038,2654.84,188.0
1789861449,eth,1793347200000,1800.0,put,64.22,0.002485,0.0023,0.0027,2645.21,3335.0
1789861449,eth,1798185600000,4400.0,put,60.74,0.660554,0.6525,0.67,2664.27,20.0
1789861449,eth,1790323200000,3400.0,call,86.67,0.000303,0.0002,0.0004,2637.37,9598.0
1789861449,eth,1790323200000,4400.0,put,125.84,0.668342,0.6645,0.674,2637.35,281.0
1789861449,eth,1798185600000,7000.0,put,75.21,1.628597,1.613,1.647,2664.24,0.0
1789861449,eth,1813910400000,4000.0,call,57.04,0.074277,0.073,0.0755,2716.02,4551.0
1789861449,eth,1789977600000,2850.0,call,59.59,0.000198,0.0001,0.0004,2634.53,215.0
1789861449,eth,1790064000000,2620.0,call,40.73,0.016092,0.0155,0.0165,2635.26,94.0
1789861449,eth,1790064000000,3000.0,put,78.52,0.138879,0.1355,0.142,2635.29,0.0
1789861449,eth,1806048000000,1800.0,call,58.68,0.361559,0.36,0.3635,2689.87,3327.0
1789861449,eth,1789891200000,2480.0,put,48.41,0.0,,0.0001,2633.87,584.0
1789861449,eth,1789977600000,2540.0,call,34.92,0.036247,0.0335,0.039,2634.53,115.0
1789861449,eth,1789977600000,2580.0,call,29.73,0.021794,0.02,0.0235,2634.53,98.0
1789861449,eth,1813910400000,1900.0,call,57.42,0.358067,0.357,0.361,2716.0,373.0
1789861449,eth,1806048000000,2000.0,put,56.66,0.046953,0.046,0.048,2689.87,2203.0
1789861449,eth,1813910400000,3900.0,call,56.85,0.079527,0.0785,0.0805,2716.0,210.0
1789861449,eth,1790323200000,2100.0,put,80.65,0.000288,0.0002,0.0004,2637.35,36877.0
1789861449,eth,1789977600000,2540.0,put,34.92,0.000358,0.0003,0.0005,2634.55,878.0
1789861449,eth,1795766400000,2150.0,call,54.52,0.211624,0.2105,0.213,2654.84,1.0
1789861449,eth,1791532800000,3000.0,call,53.16,0.009994,0.0095,0.0105,2640.47,98.0
1789861449,eth,1795766400000,3400.0,call,55.31,0.021066,0.0205,0.022,2654.83,1020.0
1789861449,eth,1789977600000,2250.0,call,73.41,0.145966,0.1445,0.148,2634.53,0.0
1789861449,eth,1795766400000,3000.0,call,52.69,0.045145,0.0445,0.046,2654.84,2374.0
1789861449,eth,1789977600000,2320.0,put,59.86,2e-06,,0.0001,2634.53,272.0
1789861449,eth,1790323200000,16000.0,put,189.54,5.066627,5.0435,5.0895,2637.37,30.0
1789861449,eth,1790323200000,2050.0,put,84.88,0.00021,0.0001,0.0003,2637.37,3939.0
1789861449,eth,1790064000000,2850.0,put,62.4,0.082783,0.079,0.086,2635.29,0.0
1789861449,eth,1790150400000,2850.0,put,59.23,0.083556,0.08,0.0865,2635.75,0.0
1789861449,eth,1789977600000,2560.0,put,31.92,0.000584,0.0005,0.0007,2634.53,347.0
1789861449,eth,1813910400000,6000.0,call,61.47,0.024028,0.023,0.025,2716.0,2424.0
1789861449,eth,1791532800000,2600.0,call,47.43,0.051308,0.0505,0.0515,2640.47,122.0
1789861449,eth,1806048000000,4500.0,put,58.93,0.701945,0.6885,0.7155,2689.87,0.0
1789861449,eth,1790323200000,1600.0,call,103.76,0.393338,0.3925,0.3945,2637.37,3418.0
1789861449,eth,1795766400000,4200.0,put,61.99,0.587997,0.5805,0.595,2654.84,0.0
1789861449,eth,1795766400000,1600.0,put,67.44,0.003769,0.0034,0.0042,2654.84,314.0
1789861449,eth,1795766400000,2300.0,put,52.92,0.034297,0.0335,0.035,2654.84,392.0
1789861449,eth,1806048000000,3000.0,put,54.86,0.22864,0.2275,0.2305,2689.87,370.0
1789861449,eth,1790064000000,2450.0,call,49.29,0.070795,0.068,0.074,2635.26,0.0
1789861449,eth,1798185600000,5200.0,put,65.92,0.956004,0.9455,0.969,2664.27,0.0
1789861449,eth,1813910400000,3900.0,put,56.85,0.515436,0.503,0.5285,2716.02,50.0
1789861449,eth,1798185600000,4800.0,call,63.29,0.006008,0.0055,0.0065,2664.24,3342.0
1789861449,eth,1789891200000,2900.0,call,75.02,0.0,,0.0001,2633.87,1085.0
1789861449,eth,1813910400000,4400.0,call,57.87,0.057224,0.056,0.0585,2716.02,173.0
1789861449,eth,1813910400000,2000.0,put,56.8,0.068671,0.0675,0.07,2716.0,1828.0
1789861449,eth,1790323200000,2050.0,call,84.88,0.222923,0.2215,0.2245,2637.37,19.0
1789861449,eth,1798185600000,2700.0,put,52.59,0.115024,0.1145,0.116,2664.24,1176.0
1789861449,eth,1790323200000,7500.0,call,125.84,0.0,,0.0001,2637.37,2159.0
1789861449,eth,1790323200000,6800.0,put,125.84,1.578316,1.5695,1.586,2637.35,0.0
1789861449,eth,1790064000000,2100.0,call,88.08,0.203135,0.202,0.205,2635.26,0.0
1789861449,eth,1795766400000,2650.0,put,51.62,0.087942,0.0875,0.089,2654.84,454.0
1789861449,eth,1789977600000,2780.0,call,49.63,0.00046,0.0004,0.0006,2634.53,399.0
1789861449,eth,1798185600000,7000.0,call,75.21,0.001236,0.001,0.0015,2664.24,3953.0
1789861449,eth,1789977600000,2280.0,call,67.56,0.134579,0.133,0.1365,2634.53,0.0
1789861449,eth,1790928000000,2450.0,call,47.77,0.080876,0.0795,0.0825,2638.59,1506.0
1789861449,eth,1790323200000,2250.0,put,66.01,0.000645,0.0005,0.0008,2637.35,6517.0
1789861449,eth,1790928000000,2600.0,call,47.01,0.042035,0.0415,0.0425,2638.56,2451.0
1789861449,eth,1798185600000,1800.0,put,59.88,0.012048,0.0115,0.0125,2664.24,6121.0
1789861449,eth,1795766400000,3600.0,call,57.0,0.014917,0.0145,0.0155,2654.84,3582.0
1789861449,eth,1813910400000,1400.0,put,62.99,0.021386,0.0205,0.0225,2716.0,1801.0
1789861449,eth,1790150400000,2600.0,call,42.12,0.023663,0.023,0.0255,2635.75,0.0
1789861449,eth,1813910400000,1600.0,call,60.22,0.443413,0.4425,0.4465,2716.02,357.0
1789861449,eth,1789977600000,2740.0,call,42.24,0.000714,0.0007,0.0009,2634.53,1180.0
1789861449,eth,1795766400000,2950.0,call,52.45,0.049836,0.0495,0.0505,2654.84,512.0
1789861449,eth,1789977600000,2260.0,call,71.48,0.142171,0.1405,0.144,2634.55,0.0
1789861449,eth,1795766400000,2750.0,call,51.79,0.074005,0.0735,0.075,2654.83,2882.0
1789861449,eth,1798185600000,5000.0,call,64.86,0.005137,0.0047,0.0055,2664.27,4243.0
1789861449,eth,1806048000000,2900.0,put,54.68,0.203336,0.202,0.205,2689.89,262.0
1789861449,eth,1813910400000,4500.0,call,58.08,0.053766,0.0525,0.055,2716.0,1429.0
1789861449,eth,1790323200000,4500.0,call,125.84,1.1e-05,,0.0001,2637.37,8189.0
1789861449,eth,1790323200000,2750.0,put,51.24,0.052145,0.0515,0.0535,2637.37,35.0
1789861449,eth,1795766400000,2900.0,call,52.25,0.055053,0.0545,0.056,2654.84,795.0
1789861449,eth,1789891200000,2260.0,put,69.71,0.0,,0.0001,2633.87,35.0
1789861449,eth,1806048000000,4400.0,put,58.59,0.667142,0.654,0.6795,2689.87,2.0
1789861449,eth,1793347200000,1600.0,put,71.1,0.001098,0.001,0.0012,2645.21,2662.0
1789861449,eth,1789977600000,2480.0,put,44.69,0.000118,0.0001,0.0002,2634.53,266.0
1789861449,eth,1789891200000,2100.0,call,73.27,0.2027,0.2015,0.2045,2633.87,0.0
1789861449,eth,1813910400000,4200.0,call,57.44,0.065031,0.064,0.0665,2716.0,582.0
1789861449,eth,1789891200000,2100.0,put,73.27,0.0,,0.0001,2633.84,725.0
1789861449,eth,1789977600000,2720.0,call,39.07,0.000994,0.0009,0.0012,2634.53,335.0
1789861449,eth,1790323200000,7000.0,call,125.84,0.0,,0.0001,2637.37,2135.0
1789861449,eth,1795766400000,2500.0,put,51.86,0.060644,0.06,0.0615,2654.84,2650.0
1789861449,eth,1790323200000,11000.0,put,155.29,3.170806,3.156,3.1845,2637.37,0.0
1789861449,eth,1790323200000,3300.0,put,82.47,0.25172,0.248,0.2555,2637.35,13.0
1789861449,eth,1790064000000,2420.0,put,53.39,0.000356,0.0003,0.0004,2635.29,57.0
1789861449,eth,1806048000000,1000.0,call,76.38,0.632774,0.632,0.634,2689.87,269.0
1789861449,eth,1813910400000,3300.0,call,55.85,0.122273,0.121,0.124,2716.0,2285.0
1789861449,eth,1795766400000,4000.0,call,60.4,0.007982,0.0075,0.0085,2654.84,1837.0
1789861449,eth,1789977600000,2100.0,call,78.8,0.2029,0.2015,0.2045,2634.55,0.0
1789861449,eth,1790064000000,2340.0,call,64.38,0.112229,0.1105,0.114,2635.29,0.0
1789861449,eth,1789891200000,2220.0,call,72.68,0.15714,0.156,0.159,2633.84,0.0
1789861449,eth,1813910400000,1500.0,call,61.48,0.474165,0.473,0.477,2716.02,50.0
1789861449,eth,1790323200000,8000.0,call,126.08,0.0,,0.0001,2637.37,1654.0
1789861449,eth,1798185600000,6500.0,put,73.06,1.441381,1.4265,1.4575,2664.24,0.0
1789861449,eth,1790323200000,4200.0,put,118.55,0.592518,0.5875,0.5975,2637.35,551.0
1789861449,eth,1806048000000,3600.0,call,56.15,0.063057,0.062,0.064,2689.87,2188.0
1789861449,eth,1789977600000,2420.0,call,48.14,0.081452,0.0785,0.0845,2634.55,29.0
1789861449,eth,1790064000000,2560.0,put,40.11,0.003172,0.0029,0.0034,2635.29,110.0
1789861449,eth,1806048000000,3400.0,put,55.65,0.34032,0.3295,0.3505,2689.87,6.0
1789861449,eth,1793347200000,1400.0,call,80.39,0.471302,0.4705,0.473,2645.19,50.0
1789861449,eth,1791532800000,2750.0,put,48.7,0.069329,0.0685,0.0705,2640.47,5.0
1789861449,eth,1798185600000,2600.0,call,52.6,0.11867,0.118,0.1195,2664.24,9764.0
1789861449,eth,1790150400000,2720.0,call,48.63,0.007034,0.007,0.0075,2635.73,111.0
1789861449,eth,1790064000000,2520.0,put,41.84,0.001387,0.0013,0.0016,2635.29,395.0
1789861449,eth,1813910400000,2400.0,call,55.63,0.244643,0.2435,0.2465,2716.0,959.0
1789861449,eth,1813910400000,5000.0,call,59.16,0.03995,0.039,0.041,2716.0,5589.0
1789861449,eth,1813910400000,2500.0,put,55.48,0.146648,0.145,0.148,2716.0,2082.0
1789861449,eth,1790064000000,2720.0,put,47.83,0.03662,0.0355,0.038,2635.26,0.0
1789861449,eth,1793347200000,1850.0,put,62.39,0.00298,0.0028,0.0032,2645.21,1275.0
1789861449,eth,1790323200000,2650.0,put,47.61,0.025505,0.025,0.0265,2637.37,318.0
1789861449,eth,1790928000000,2700.0,put,48.35,0.048706,0.048,0.0495,2638.59,84.0
1789861449,eth,1791532800000,2600.0,put,47.43,0.035974,0.0355,0.0365,2640.47,82.0
1789861449,eth,1798185600000,4200.0,call,59.61,0.01153,0.011,0.012,2664.24,6008.0
1789861449,eth,1790064000000,2320.0,put,68.42,0.000176,0.0001,0.0002,2635.29,24.0
1789861449,eth,1806048000000,8000.0,put,70.83,1.978907,1.956,2.003,2689.87,0.0
1789861449,eth,1789891200000,2320.0,call,59.71,0.119174,0.118,0.121,2633.87,0.0
1789861449,eth,1813910400000,6500.0,put,62.54,1.412392,1.392,1.4335,2716.0,0.0
1789861449,eth,1793347200000,2550.0,call,49.28,0.08371,0.083,0.085,2645.21,2785.0
1789861449,eth,1789977600000,2250.0,put,73.41,2e-06,,0.0001,2634.53,17.0
1789861449,eth,1790323200000,8500.0,call,130.75,0.0,,0.0001,2637.35,1699.0
1789861449,eth,1790928000000,2650.0,call,47.35,0.032687,0.032,0.033,2638.56,911.0
1789861449,eth,1795766400000,2600.0,call,51.68,0.098825,0.098,0.0995,2654.84,1182.0
1789861449,eth,1806048000000,5000.0,put,60.58,0.878833,0.866,0.8945,2689.87,21.0
1789861449,eth,1789891200000,2350.0,call,56.15,0.107784,0.1065,0.1095,2633.87,0.0
1789861449,eth,1790150400000,2560.0,put,42.42,0.005544,0.005,0.006,2635.75,105.0
1789861449,eth,1790323200000,4500.0,put,125.84,0.70625,0.7005,0.712,2637.37,6.0
1789861449,eth,1790064000000,2460.0,put,47.38,0.000507,0.0004,0.0006,2635.26,111.0
1789861449,eth,1793347200000,3200.0,call,53.3,0.014031,0.0135,0.0145,2645.21,9746.0
1789861449,eth,1790150400000,2540.0,put,42.97,0.004058,0.0038,0.0044,2635.73,503.0
1789861449,eth,1790150400000,2460.0,call,47.8,0.067947,0.0665,0.07,2635.75,0.0
1789861449,eth,1789977600000,2640.0,call,29.62,0.006192,0.0055,0.0065,2634.55,3231.0
1789861449,eth,1790150400000,2640.0,put,43.9,0.017598,0.017,0.018,2635.73,32.0
1789861449,eth,1806048000000,800.0,call,83.52,0.705083,0.704,0.706,2689.89,0.0
1789861449,eth,1806048000000,4400.0,call,58.59,0.031399,0.0305,0.0325,2689.87,1063.0
1789861449,eth,1798185600000,3000.0,put,53.17,0.189136,0.187,0.191,2664.27,785.0
1789861449,eth,1790150400000,3000.0,put,72.03,0.139062,0.1355,0.1425,2635.75,0.0
1789861449,eth,1790323200000,2500.0,put,47.6,0.00534,0.005,0.0055,2637.37,4992.0
1789861449,eth,1790064000000,2780.0,put,54.18,0.057259,0.054,0.0605,2635.29,0.0
1789861449,eth,1790323200000,13000.0,call,170.75,0.0,,0.0001,2637.37,3307.0
1789861449,eth,1790323200000,7200.0,put,125.84,1.729982,1.721,1.739,2637.37,0.0
1789861449,eth,1813910400000,1900.0,put,57.42,0.057613,0.0565,0.059,2716.0,3373.0
1789861449,eth,1790150400000,2760.0,put,51.43,0.051879,0.05,0.0535,2635.75,0.0
1789861449,eth,1789891200000,2200.0,call,72.72,0.164734,0.163,0.1665,2633.87,0.0
1789861449,eth,1795766400000,3400.0,put,55.31,0.301744,0.2955,0.3095,2654.84,0.0
1789861449,eth,1789977600000,2750.0,put,43.97,0.044444,0.041,0.0475,2634.55,0.0
1789861449,eth,1798185600000,4500.0,call,61.35,0.008118,0.0075,0.0085,2664.27,3091.0
1789861449,eth,1793347200000,1000.0,put,102.4,0.00013,,0.0003,2645.19,1921.0
1789861449,eth,1789891200000,2350.0,put,56.15,0.0,,0.0001,2633.87,0.0
1789861449,eth,1813910400000,1400.0,call,62.99,0.505931,0.505,0.5085,2716.0,50.0
1789861449,eth,1806048000000,2300.0,call,55.06,0.228615,0.2275,0.23,2689.87,7620.0
1789861449,eth,1790323200000,6400.0,call,125.84,0.0,,0.0001,2637.37,2860.0
1789861449,eth,1798185600000,3500.0,put,55.34,0.342797,0.3365,0.352,2664.24,64.0
1789861449,eth,1806048000000,6000.0,call,63.61,0.010519,0.01,0.011,2689.87,5646.0
1789861449,eth,1790150400000,2300.0,call,67.97,0.127779,0.126,0.1295,2635.75,0.0
1789861449,eth,1790928000000,2900.0,put,53.14,0.108157,0.1045,0.112,2638.56,0.0
1789861449,eth,1806048000000,3500.0,put,55.97,0.37069,0.3675,0.3815,2689.87,24.0
1789861449,eth,1793347200000,3400.0,put,55.78,0.293837,0.2885,0.2985,2645.19,0.0
1789861449,eth,1790323200000,3500.0,put,91.53,0.32729,0.323,0.3315,2637.37,1102.0
1789861449,eth,1798185600000,5200.0,call,65.92,0.00425,0.0039,0.0046,2664.27,9571.0
1789861449,eth,1795766400000,4400.0,call,64.08,0.004787,0.0044,0.005,2654.84,1164.0
1789861449,eth,1790323200000,6500.0,call,125.84,0.0,,0.0001,2637.37,1922.0
1789861449,eth,1791532800000,2300.0,call,50.47,0.135173,0.1335,0.137,2640.47,0.0
1789861449,eth,1790928000000,2750.0,put,49.16,0.061713,0.061,0.063,2638.56,0.0
1789861449,eth,1790150400000,2700.0,put,47.34,0.033013,0.032,0.034,2635.73,1.0
1789861449,eth,1793347200000,2250.0,call,51.82,0.164216,0.1625,0.166,2645.19,777.0
1789861449,eth,1790064000000,2440.0,call,49.86,0.074502,0.0715,0.0775,2635.29,0.0
1789861449,eth,1793347200000,1900.0,put,60.65,0.003589,0.0034,0.0038,2645.21,1409.0
1789861449,eth,1790150400000,2900.0,call,63.45,0.001576,0.0015,0.0018,2635.75,100.0
1789861449,eth,1793347200000,2900.0,put,50.59,0.128614,0.1265,0.13,2645.19,0.0
1789861449,eth,1791532800000,2100.0,call,57.62,0.206716,0.2055,0.2085,2640.47,0.0
1789861449,eth,1790323200000,2750.0,call,51.24,0.009444,0.009,0.01,2637.35,6974.0
1789861449,eth,1790323200000,2450.0,call,49.38,0.074062,0.0725,0.076,2637.37,4221.0
1789861449,eth,1789891200000,2700.0,put,44.22,0.025284,0.022,0.0285,2633.87,0.0
1789861449,eth,1790323200000,8000.0,put,126.08,2.033313,2.0235,2.0425,2637.37,0.0
1789861449,eth,1790323200000,6800.0,call,125.84,0.0,,0.0001,2637.35,1995.0
1789861449,eth,1798185600000,4600.0,put,62.32,0.734068,0.725,0.745,2664.24,0.0
1789861449,eth,1806048000000,900.0,call,79.57,0.668763,0.6675,0.67,2689.87,68.0
1789861449,eth,1789977600000,2400.0,call,49.14,0.089035,0.0865,0.092,2634.55,18.0
1789861449,eth,1790323200000,3600.0,call,97.21,0.000174,,0.0002,2637.37,4619.0
1789861449,eth,1790323200000,4600.0,put,125.84,0.744161,0.74,0.75,2637.35,38.0
1789861449,eth,1795766400000,1800.0,call,61.53,0.328989,0.328,0.3305,2654.84,0.0
1789861449,eth,1789891200000,2420.0,put,53.13,0.0,,0.0001,2633.87,224.0
1789861449,eth,1806048000000,900.0,put,79.57,0.003347,0.0029,0.0038,2689.89,918.0
1789861449,eth,1813910400000,2600.0,put,55.44,0.166555,0.1645,0.168,2716.0,169.0
1789861449,eth,1790323200000,15000.0,put,183.79,4.687463,4.6635,4.707,2637.37,0.0
1789861449,eth,1793347200000,3100.0,put,52.33,0.190389,0.1855,0.1955,2645.19,0.0
1789861449,eth,1789891200000,2440.0,put,49.82,0.0,,0.0001,2633.87,175.0
1789861449,eth,1790150400000,2580.0,call,42.05,0.02865,0.028,0.03,2635.75,0.0
1789861449,eth,1790323200000,12000.0,put,163.38,3.54997,3.5335,3.5665,2637.37,0.0
1789861449,eth,1789977600000,2660.0,put,31.19,0.013377,0.0125,0.0145,2634.53,3.0
1789861449,eth,1793347200000,2300.0,put,50.89,0.018051,0.0175,0.0185,2645.19,15392.0
1789861449,eth,1790150400000,2420.0,put,51.89,0.00083,0.0007,0.001,2635.75,250.0
1789861449,eth,1793347200000,3600.0,put,58.6,0.366436,0.361,0.371,2645.19,18.0
1789861449,eth,1789977600000,2360.0,call,55.69,0.104216,0.1025,0.106,2634.53,18.0
1789861449,eth,1795766400000,2100.0,put,55.29,0.018333,0.018,0.019,2654.84,2181.0
1789861449,eth,1798185600000,3000.0,call,53.17,0.063124,0.0625,0.064,2664.27,13140.0
1789861449,eth,1798185600000,4200.0,put,59.61,0.587947,0.58,0.598,2664.24,62.0
1789861449,eth,1806048000000,2100.0,call,55.92,0.276663,0.2755,0.2785,2689.89,875.0
1789861449,eth,1806048000000,1300.0,call,67.72,0.52642,0.525,0.5285,2689.87,18.0
1789861449,eth,1798185600000,2200.0,put,54.35,0.036932,0.0365,0.0375,2664.27,9583.0
1789861449,eth,1790928000000,2350.0,call,50.46,0.113817,0.1125,0.1155,2638.56,112.0
1789861449,eth,1789977600000,2720.0,put,39.07,0.033428,0.03,0.0365,2634.55,0.0
1789861449,eth,1795766400000,2900.0,put,52.25,0.147398,0.1455,0.149,2654.84,10.0
1789861449,eth,1789891200000,2200.0,put,72.72,0.0,,0.0001,2633.87,248.0
1789861449,eth,1790323200000,1500.0,call,113.85,0.431254,0.4305,0.4325,2637.37,969.0
1789861449,eth,1793347200000,2200.0,put,52.61,0.011959,0.0115,0.0125,2645.19,1246.0
1789861449,eth,1795766400000,2200.0,call,53.89,0.196478,0.195,0.198,2654.84,1.0
1789861449,eth,1790928000000,2500.0,call,46.88,0.06609,0.065,0.0675,2638.56,1062.0
1789861449,eth,1790064000000,2420.0,call,53.39,0.082051,0.079,0.085,2635.29,0.0
1789861449,eth,1790323200000,2650.0,call,47.61,0.02072,0.02,0.021,2637.37,2555.0
1789861449,eth,1798185600000,2100.0,call,55.33,0.240012,0.238,0.2415,2664.27,1465.0
1789861449,eth,1793347200000,2500.0,put,49.43,0.039948,0.0395,0.0405,2645.19,1651.0
1789861449,eth,1789891200000,2280.0,call,65.12,0.13436,0.133,0.136,2633.84,0.0
1789861449,eth,1795766400000,1800.0,put,61.53,0.006996,0.0065,0.0075,2654.84,1344.0
1789861449,eth,1790064000000,2340.0,put,64.38,0.000176,0.0001,0.0003,2635.26,2.0
1789861449,eth,1806048000000,4800.0,call,59.89,0.023088,0.0225,0.024,2689.87,3260.0
1789861449,eth,1790323200000,3100.0,call,72.09,0.001181,0.001,0.0013,2637.37,18352.0
1789861449,eth,1793347200000,2850.0,call,50.28,0.03723,0.0365,0.038,2645.21,2393.0
1789861449,eth,1790323200000,1600.0,put,103.76,1e-06,,0.0001,2637.37,11745.0
1789861449,eth,1798185600000,3300.0,call,54.34,0.039384,0.039,0.04,2664.24,3512.0
1789861449,eth,1790064000000,2460.0,call,47.38,0.067023,0.064,0.07,2635.26,81.0
1789861449,eth,1793347200000,2150.0,put,53.54,0.00965,0.0095,0.01,2645.21,2317.0
1789861449,eth,1795766400000,2500.0,call,51.86,0.118968,0.118,0.12,2654.84,2218.0
1789861449,eth,1789977600000,2660.0,call,31.19,0.003717,0.0035,0.004,2634.53,546.0
1789861449,eth,1798185600000,1200.0,call,76.61,0.551652,0.551,0.553,2664.24,341.0
1789861449,eth,1795766400000,2450.0,put,51.97,0.052899,0.0525,0.0535,2654.84,968.0
1789861449,eth,1790064000000,2400.0,call,55.82,0.089568,0.088,0.0915,2635.26,0.0
1789861449,eth,1789891200000,2150.0,call,72.79,0.183717,0.1825,0.1855,2633.87,0.0
1789861449,eth,1798185600000,3500.0,call,55.34,0.029116,0.0285,0.0295,2664.24,31542.0
1789861449,eth,1789977600000,2440.0,put,47.25,3.2e-05,,0.0002,2634.53,982.0
1789861449,eth,1806048000000,7000.0,put,67.29,1.609059,1.587,1.631,2689.87,0.0
1789861449,eth,1789977600000,2600.0,put,28.51,0.002205,0.002,0.0024,2634.53,2742.0
1789861449,eth,1806048000000,2500.0,put,54.64,0.116964,0.1155,0.118,2689.87,2054.0
1789861449,eth,1798185600000,1200.0,put,76.61,0.002057,0.0019,0.0022,2664.24,6790.0
1789861449,eth,1790323200000,4400.0,call,125.84,2e-05,,0.0001,2637.37,3345.0
1789861449,eth,1793347200000,4000.0,call,64.28,0.002639,0.0024,0.0029,2645.19,1279.0
1789861449,eth,1813910400000,5500.0,call,60.31,0.030583,0.0295,0.0315,2716.0,612.0
1789861449,eth,1813910400000,4600.0,call,58.29,0.050531,0.0495,0.0515,2716.0,202.0
1789861449,eth,1793347200000,2400.0,call,50.02,0.120029,0.119,0.121,2645.21,3901.0
1789861449,eth,1789891200000,2440.0,call,49.82,0.073614,0.071,0.0765,2633.84,495.0
1789861449,eth,1806048000000,1300.0,put,67.72,0.009707,0.009,0.0105,2689.87,1581.0
1789861449,eth,1795766400000,2350.0,call,52.54,0.154636,0.1535,0.1555,2654.84,52.0
1789861449,eth,1790928000000,2550.0,put,46.72,0.019527,0.019,0.02,2638.56,1321.0
1789861449,eth,1813910400000,4500.0,put,58.08,0.710584,0.698,0.7265,2716.02,1.0
1789861449,eth,1793347200000,2100.0,call,54.91,0.214078,0.2125,0.216,2645.21,1513.0
1789861449,eth,1798185600000,2700.0,call,52.59,0.101614,0.101,0.1025,2664.24,7691.0
1789861449,eth,1793347200000,2000.0,put,57.39,0.005241,0.005,0.0055,2645.19,3817.0
1789861449,eth,1813910400000,1800.0,call,58.18,0.385226,0.384,0.3885,2716.02,1755.0
1789861449,eth,1793347200000,3000.0,call,51.43,0.024412,0.024,0.025,2645.19,4899.0
1789861449,eth,1790323200000,2000.0,call,90.73,0.241852,0.2405,0.2435,2637.35,29049.0
1789861449,eth,1790323200000,2250.0,call,66.01,0.147526,0.146,0.149,2637.37,374.0
1789861449,eth,1798185600000,4500.0,put,61.35,0.697136,0.688,0.708,2664.24,2.0
1789861449,eth,1793347200000,2600.0,put,49.23,0.056475,0.056,0.057,2645.21,1645.0
1789861449,eth,1790064000000,2380.0,put,58.26,0.000228,0.0001,0.0003,2635.26,0.0
1789861449,eth,1798185600000,2900.0,put,52.9,0.162534,0.1615,0.163,2664.24,894.0
1789861449,eth,1813910400000,2000.0,call,56.8,0.332308,0.331,0.336,2716.02,1756.0
1789861449,eth,1798185600000,4800.0,put,63.29,0.807627,0.7975,0.8195,2664.24,77.0
1789861449,eth,1793347200000,2950.0,call,50.89,0.027962,0.0275,0.0285,2645.21,0.0
1789861449,eth,1790064000000,2750.0,put,50.89,0.046714,0.0435,0.0495,2635.26,0.0
1789861449,eth,1790064000000,2800.0,put,56.32,0.064433,0.061,0.0675,2635.26,0.0
1789861449,eth,1793347200000,4000.0,put,64.28,0.514795,0.5085,0.52,2645.19,0.0
1789861449,eth,1790323200000,2150.0,put,76.2,0.000388,0.0003,0.0005,2637.35,18784.0
1789861449,eth,1813910400000,3000.0,call,55.52,0.153431,0.152,0.155,2716.0,1412.0
1789861449,eth,1798185600000,5000.0,put,64.86,0.881824,0.872,0.892,2664.24,0.0
1789861449,eth,1793347200000,2600.0,call,49.23,0.073573,0.073,0.0745,2645.19,6625.0
1789861449,eth,1806048000000,3800.0,put,56.71,0.465097,0.4535,0.4755,2689.87,1.0
1789861449,eth,1798185600000,2300.0,put,53.59,0.047734,0.047,0.0485,2664.24,6591.0
1789861449,eth,1790323200000,6000.0,put,125.84,1.274985,1.2675,1.2825,2637.37,0.0
1789861449,eth,1798185600000,2100.0,put,55.33,0.02822,0.0275,0.029,2664.24,2908.0
1789861449,eth,1806048000000,2200.0,call,55.39,0.251667,0.2505,0.2535,2689.87,4110.0
1789861449,eth,1798185600000,3100.0,call,53.48,0.053808,0.053,0.0545,2664.24,2874.0
1789861449,eth,1793347200000,2050.0,call,56.13,0.231489,0.2305,0.2335,2645.19,479.0
1789861449,eth,1806048000000,1600.0,call,61.63,0.424906,0.4235,0.427,2689.87,875.0
1789861449,eth,1798185600000,3200.0,call,53.9,0.046,0.0455,0.0465,2664.24,68347.0
1789861449,eth,1798185600000,4400.0,call,60.74,0.00907,0.0085,0.0095,2664.27,3749.0
1789861449,eth,1806048000000,4000.0,call,57.32,0.043885,0.043,0.045,2689.87,4546.0
1789861449,eth,1790323200000,7400.0,put,125.84,1.805815,1.7965,1.815,2637.37,0.0
1789861449,eth,1793347200000,2100.0,put,54.91,0.00796,0.0075,0.0085,2645.19,4796.0
1789861449,eth,1790064000000,2400.0,put,55.82,0.000283,0.0002,0.0004,2635.26,94.0
1789861449,eth,1790064000000,2250.0,call,80.56,0.146344,0.145,0.148,2635.26,0.0
1789861449,eth,1790064000000,2300.0,put,71.22,0.000152,,0.0002,2635.26,242.0
1789861449,eth,1791532800000,2300.0,put,50.47,0.006223,0.006,0.0065,2640.44,317.0
1789861449,eth,1790064000000,2500.0,put,43.42,0.000961,0.0009,0.0011,2635.26,112.0
1789861449,eth,1795766400000,3200.0,call,53.91,0.030624,0.03,0.0315,2654.84,354.0
1789861449,eth,1790323200000,2800.0,put,53.93,0.068205,0.0665,0.07,2637.37,1349.0
1789861449,eth,1790150400000,2400.0,call,54.52,0.090159,0.0885,0.092,2635.75,0.0
1789861449,eth,1790323200000,6200.0,call,125.84,0.0,,0.0001,2637.35,2798.0
1789861449,eth,1790150400000,2540.0,call,42.97,0.040381,0.0395,0.042,2635.75,0.0
1789861449,eth,1791532800000,2350.0,put,49.22,0.008421,0.008,0.009,2640.47,207.0
1789861449,eth,1795766400000,3600.0,put,57.0,0.370931,0.3645,0.377,2654.84,1.0
1789861449,eth,1806048000000,4600.0,call,59.29,0.02691,0.026,0.028,2689.87,1911.0
1789861449,eth,1790323200000,1700.0,put,103.72,6e-06,,0.0001,2637.35,6447.0
1789861449,eth,1795766400000,4400.0,put,64.08,0.662137,0.6545,0.67,2654.84,0.0
1789861449,eth,1793347200000,3600.0,call,58.6,0.005496,0.005,0.006,2645.19,5110.0
1789861449,eth,1806048000000,2000.0,call,56.66,0.303433,0.302,0.3055,2689.87,1855.0
1789861449,eth,1790323200000,5600.0,put,125.84,1.123319,1.1185,1.1295,2637.37,0.0
1789861449,eth,1790323200000,5500.0,call,125.84,0.0,,0.0001,2637.35,2170.0
1789861449,eth,1813910400000,5000.0,put,59.16,0.880858,0.8655,0.897,2716.0,0.0
1789861449,eth,1790064000000,2300.0,call,71.22,0.127383,0.126,0.1295,2635.29,0.0
1789861449,eth,1793347200000,3100.0,call,52.33,0.018469,0.018,0.019,2645.21,2529.0
1789861449,eth,1795766400000,3300.0,put,54.58,0.268338,0.2625,0.276,2654.84,0.0
1789861449,eth,1795766400000,2250.0,put,53.33,0.029374,0.029,0.03,2654.84,704.0
1789861449,eth,1790064000000,3000.0,call,78.52,0.000485,0.0004,0.0006,2635.29,542.0
1789861449,eth,1789977600000,2460.0,call,46.08,0.066317,0.0635,0.0695,2634.55,76.0
1789861449,eth,1813910400000,3500.0,call,56.11,0.105416,0.104,0.107,2716.02,2873.0
1789861449,eth,1813910400000,3600.0,put,56.32,0.423648,0.412,0.435,2716.0,0.0
1789861449,eth,1789977600000,2800.0,call,53.05,0.000375,0.0003,0.0005,2634.55,1357.0
1789861449,eth,1790323200000,1700.0,call,103.72,0.355427,0.3545,0.357,2637.37,2189.0
1789861449,eth,1789891200000,2900.0,put,75.02,0.101033,0.0975,0.1045,2633.84,0.0
1789861449,eth,1806048000000,1400.0,put,65.65,0.012515,0.012,0.013,2689.87,2046.0
1789861449,eth,1790323200000,7500.0,put,125.84,1.843731,1.837,1.853,2637.37,0.0
1789861449,eth,1790323200000,2360.0,put,55.17,0.001258,0.0011,0.0014,2637.35,960.0
1789861449,eth,1806048000000,1800.0,put,58.68,0.030726,0.03,0.0315,2689.87,3690.0
1789861449,eth,1790323200000,2200.0,call,70.9,0.166327,0.1645,0.168,2637.37,7732.0
1789861449,eth,1806048000000,3500.0,call,55.97,0.069531,0.069,0.0705,2689.87,5235.0
1789861449,eth,1793347200000,3800.0,put,61.48,0.440283,0.434,0.446,2645.21,0.0
1789861449,eth,1795766400000,2100.0,call,55.29,0.227325,0.226,0.229,2654.84,1.0
1789861449,eth,1790323200000,5500.0,put,125.84,1.085403,1.079,1.0915,2637.35,1.0
1789861449,eth,1793347200000,2200.0,call,52.61,0.180274,0.179,0.182,2645.21,1293.0
1789861449,eth,1813910400000,1500.0,put,61.48,0.026437,0.0255,0.0275,2716.0,501.0
1789861449,eth,1791532800000,3200.0,call,58.57,0.005138,0.0048,0.0055,2640.47,363.0
1789861449,eth,1806048000000,3600.0,put,56.15,0.401392,0.3915,0.4115,2689.87,1.0
1789861449,eth,1789977600000,2680.0,put,33.42,0.019528,0.0185,0.021,2634.53,0.0
1789861449,eth,1789891200000,2380.0,put,53.46,0.0,,0.0001,2633.84,824.0
1789861449,eth,1790323200000,2900.0,call,59.97,0.003404,0.0032,0.0036,2637.37,17125.0
1789861449,eth,1806048000000,1900.0,call,57.58,0.331799,0.3305,0.334,2689.89,2420.0
1789861449,eth,1789977600000,2340.0,call,57.16,0.111805,0.11,0.1135,2634.53,0.0
1789861449,eth,1790323200000,5400.0,put,125.84,1.047487,1.0405,1.054,2637.35,4.0
1789861449,eth,1790323200000,1900.0,put,101.61,0.000123,,0.0002,2637.37,19355.0
1789861449,eth,1789977600000,2340.0,put,57.16,3e-06,,0.0001,2634.53,47.0
1789861449,eth,1790064000000,2740.0,call,49.89,0.003565,0.0034,0.0037,2635.29,636.0
1789861449,eth,1790323200000,3400.0,put,86.67,0.289461,0.2865,0.2935,2637.37,859.0
1789861449,eth,1790064000000,2580.0,call,40.03,0.025824,0.025,0.027,2635.26,45.0
1789861449,eth,1806048000000,1900.0,put,57.58,0.038143,0.0375,0.039,2689.87,3401.0
1789861449,eth,1790928000000,2800.0,put,50.33,0.076187,0.0745,0.078,2638.56,5.0
1789861449,eth,1789977600000,2650.0,call,30.46,0.004831,0.0046,0.0055,2634.53,505.0
1789861449,eth,1789891200000,2340.0,call,57.89,0.11158,0.11,0.1135,2633.84,0.0
1789861449,eth,1790150400000,2680.0,put,46.05,0.027378,0.0265,0.0285,2635.75,0.0
1789861449,eth,1795766400000,2250.0,call,53.33,0.181866,0.1805,0.1835,2654.84,126.0
1789861449,eth,1813910400000,6500.0,call,62.54,0.01921,0.018,0.02,2716.0,152.0
1789861449,eth,1793347200000,2700.0,call,49.51,0.056433,0.056,0.057,2645.21,2470.0
1789861449,eth,1789891200000,2550.0,put,41.55,2.2e-05,,0.0002,2633.87,0.0
1789861449,eth,1790323200000,7400.0,call,125.84,0.0,,0.0001,2637.35,1322.0
1789861449,eth,1790323200000,5200.0,put,125.84,0.971654,0.965,0.9775,2637.37,50.0
1789861449,eth,1790928000000,3000.0,put,56.26,0.142657,0.138,0.1465,2638.56,0.0
1789861449,eth,1789977600000,2700.0,call,35.88,0.001434,0.0013,0.0016,2634.53,1769.0
1789861449,eth,1790064000000,2740.0,put,49.89,0.043299,0.0415,0.045,2635.29,0.0
1789861449,eth,1791532800000,2000.0,call,62.88,0.243887,0.2425,0.2455,2640.47,0.0
1789861449,eth,1790323200000,14000.0,put,177.53,4.308298,4.2885,4.3275,2637.37,0.0
1789861449,eth,1790064000000,2680.0,put,44.19,0.024308,0.0235,0.0255,2635.26,35.0
1789861449,eth,1789891200000,2800.0,call,74.63,2.8e-05,,0.0001,2633.87,1214.0
1789861449,eth,1798185600000,2600.0,put,52.6,0.094547,0.094,0.0955,2664.24,1441.0
1789861449,eth,1790323200000,6400.0,put,125.84,1.426651,1.419,1.4345,2637.37,0.0
1789861449,eth,1790323200000,6600.0,put,125.84,1.502484,1.4935,1.5105,2637.37,0.0
1789861449,eth,1790323200000,2800.0,call,53.93,0.006546,0.006,0.007,2637.37,20947.0
1789861449,eth,1798185600000,2900.0,call,52.9,0.074056,0.0735,0.075,2664.24,4192.0
1789861449,eth,1795766400000,4000.0,put,60.4,0.514665,0.508,0.521,2654.84,0.0
1789861449,eth,1789891200000,2800.0,put,74.63,0.063094,0.0605,0.066,2633.84,0.0
1789861449,eth,1789891200000,2560.0,call,38.06,0.028082,0.025,0.0315,2633.87,634.0
1789861449,eth,1806048000000,2700.0,put,54.53,0.157034,0.1555,0.1585,2689.87,231.0
1789861449,eth,1790150400000,2740.0,call,49.8,0.0057,0.0055,0.006,2635.73,462.0
1789861449,eth,1790150400000,2620.0,call,42.87,0.019481,0.019,0.0205,2635.73,0.0
1789861449,eth,1790323200000,3500.0,call,91.53,0.000215,0.0001,0.0004,2637.37,24235.0
1789861449,eth,1790150400000,2500.0,put,44.8,0.002188,0.002,0.0025,2635.75,46.0
1789861449,eth,1790323200000,1800.0,call,103.72,0.317538,0.3165,0.319,2637.37,6233.0
1789861449,eth,1789891200000,2460.0,call,48.73,0.06602,0.063,0.069,2633.87,196.0
1789861449,eth,1806048000000,3400.0,call,55.65,0.076337,0.0755,0.0775,2689.87,3223.0
1789861449,eth,1791532800000,2550.0,put,47.28,0.027688,0.027,0.028,2640.44,108.0
1789861449,eth,1813910400000,900.0,put,74.17,0.006472,0.006,0.007,2716.0,897.0
1789861449,eth,1789891200000,2720.0,put,48.78,0.03278,0.0295,0.036,2633.84,0.0
1789861449,eth,1790150400000,2820.0,put,56.52,0.072745,0.0695,0.076,2635.75,60.0
1789861449,eth,1813910400000,1300.0,call,64.84,0.538663,0.5375,0.5415,2716.02,108.0
1789861449,eth,1790323200000,1850.0,put,103.72,7.3e-05,,0.0002,2637.35,5696.0
1789861449,eth,1798185600000,1500.0,call,67.39,0.44218,0.441,0.444,2664.24,749.0
1789861449,eth,1793347200000,3400.0,call,55.78,0.008505,0.008,0.009,2645.19,3993.0
1789861449,eth,1790064000000,2360.0,put,60.69,0.000185,0.0001,0.0003,2635.29,0.0
1789861449,eth,1795766400000,2750.0,put,51.79,0.109845,0.1095,0.111,2654.84,148.0
1789861449,eth,1791532800000,2500.0,put,47.41,0.020958,0.0205,0.0215,2640.47,690.0
1789861449,eth,1790323200000,5000.0,put,125.84,0.895821,0.8915,0.902,2637.35,2.0
1789861449,eth,1790064000000,2450.0,put,49.29,0.000484,0.0004,0.0006,2635.29,107.0
1789861449,eth,1789891200000,2640.0,put,26.49,0.004541,0.0039,0.005,2633.84,411.0
1789861449,eth,1790150400000,2720.0,put,48.63,0.039002,0.038,0.04,2635.75,0.0
1789861449,eth,1798185600000,11000.0,put,87.96,3.12892,3.099,3.136,2664.27,748.0
1789861449,eth,1798185600000,2800.0,call,52.68,0.08675,0.086,0.0875,2664.27,8768.0
1789861449,eth,1795766400000,4200.0,call,61.99,0.005981,0.0055,0.0065,2654.84,806.0
1789861449,eth,1793347200000,1800.0,call,64.22,0.322015,0.321,0.324,2645.21,110.0
1789861449,eth,1813910400000,1800.0,put,58.18,0.047953,0.047,0.049,2716.0,1027.0
1789861449,eth,1790064000000,2760.0,call,51.98,0.002868,0.0027,0.0031,2635.29,10.0
1789861449,eth,1790064000000,2750.0,call,50.89,0.003185,0.003,0.0034,2635.26,250.0
1789861449,eth,1798185600000,3400.0,put,54.85,0.309992,0.304,0.3195,2664.24,89.0
1789861449,eth,1790150400000,2440.0,put,49.78,0.001017,0.0009,0.0012,2635.75,1.0
1789861449,eth,1798185600000,1000.0,put,84.35,0.001068,0.0008,0.0014,2664.24,18426.0
1789861449,eth,1795766400000,2200.0,put,53.89,0.025153,0.0245,0.0255,2654.84,1066.0
1789861449,eth,1790064000000,2580.0,put,40.03,0.004844,0.0045,0.005,2635.29,241.0
1789861449,eth,1789977600000,2450.0,put,46.41,4.3e-05,,0.0001,2634.53,77.0
1789861449,eth,1790323200000,14000.0,call,177.53,0.0,,0.0001,2637.37,2121.0
1789861449,eth,1789977600000,2560.0,call,31.92,0.028881,0.026,0.032,2634.55,3302.0
1789861449,eth,1813910400000,3700.0,put,56.45,0.453588,0.4415,0.4655,2716.02,0.0
1789861449,eth,1790064000000,2800.0,call,56.32,0.001931,0.0018,0.0021,2635.29,87.0
1789861449,eth,1790323200000,2440.0,call,49.69,0.077508,0.076,0.0795,2637.37,5796.0
1789861449,eth,1790323200000,1850.0,call,103.72,0.29862,0.2975,0.3,2637.37,2241.0
1789861449,eth,1790323200000,10000.0,call,146.22,0.0,,0.0001,2637.37,1965.0
1789861449,eth,1813910400000,2300.0,call,55.76,0.264237,0.263,0.266,2716.0,236.0
1789861449,eth,1791532800000,2650.0,call,47.7,0.042088,0.0415,0.0425,2640.47,242.0
1789861449,eth,1813910400000,2700.0,call,55.42,0.193597,0.192,0.1955,2716.0,528.0
1789861449,eth,1790064000000,2540.0,put,40.58,0.002054,0.0019,0.0023,2635.26,124.0
1789861449,eth,1790928000000,2250.0,call,54.94,0.14956,0.148,0.1515,2638.56,18.0
1789861449,eth,1789891200000,2640.0,call,26.49,0.002221,0.0018,0.0025,2633.87,29.0
1789861449,eth,1789977600000,2460.0,put,46.08,6.3e-05,,0.0002,2634.53,1391.0
1789861449,eth,1790323200000,16000.0,call,189.54,0.0,,0.0001,2637.37,9830.0
1789861449,eth,1791532800000,2450.0,put,47.69,0.015564,0.015,0.016,2640.47,244.0
1789861449,eth,1798185600000,3300.0,put,54.34,0.277997,0.272,0.286,2664.27,13.0
1789861449,eth,1798185600000,3400.0,call,54.85,0.033845,0.0335,0.0345,2664.24,14539.0
1789861449,eth,1789891200000,2540.0,call,42.35,0.035657,0.033,0.039,2633.87,271.0
1789861449,eth,1795766400000,2800.0,put,51.92,0.121777,0.1215,0.123,2654.84,67.0
1789861449,eth,1790323200000,6200.0,put,125.84,1.350818,1.343,1.358,2637.35,0.0
1789861449,eth,1798185600000,2000.0,call,56.6,0.270733,0.269,0.2725,2664.27,10827.0
1789861449,eth,1791532800000,2200.0,call,53.67,0.170299,0.169,0.172,2640.47,0.0
1789861449,eth,1813910400000,5500.0,put,60.31,1.055583,1.0395,1.0725,2716.0,0.0
1789861449,eth,1790150400000,2800.0,put,54.82,0.065664,0.0625,0.069,2635.73,0.0
1789861449,eth,1793347200000,1850.0,call,62.39,0.303608,0.3025,0.3055,2645.21,1008.0
1789861449,eth,1795766400000,2000.0,put,57.02,0.013285,0.013,0.014,2654.84,2349.0
1789861449,eth,1813910400000,3800.0,put,56.67,0.484318,0.4725,0.4975,2716.0,2.0
1789861449,eth,1795766400000,2950.0,put,52.45,0.161014,0.159,0.163,2654.84,0.0
1789861449,eth,1798185600000,800.0,put,89.24,0.000333,0.0004,0.0005,2664.24,7407.0
1789861449,eth,1790150400000,2640.0,call,43.9,0.015981,0.0155,0.0165,2635.73,238.0
1789861449,eth,1789891200000,2740.0,call,57.47,7.9e-05,,0.0001,2633.87,245.0
1789861449,eth,1791532800000,2000.0,put,62.88,0.001322,0.0012,0.0015,2640.47,1956.0
1789861449,eth,1790928000000,2400.0,call,48.87,0.096849,0.0955,0.0985,2638.59,298.0
1789861449,eth,1790064000000,2200.0,put,87.44,0.000101,,0.0001,2635.26,33.0
1789861449,eth,1813910400000,3000.0,put,55.52,0.257976,0.255,0.26,2716.0,273.0
1789861449,eth,1806048000000,800.0,put,83.52,0.00249,0.0023,0.0028,2689.87,2957.0
1789861449,eth,1793347200000,2300.0,call,50.89,0.148562,0.1475,0.1505,2645.21,1201.0
1789861449,eth,1798185600000,2000.0,put,56.6,0.021407,0.021,0.022,2664.27,9377.0
1789861449,eth,1798185600000,800.0,call,89.24,0.700063,0.6995,0.701,2664.24,171.0
1789861449,eth,1806048000000,4500.0,call,58.93,0.029027,0.028,0.03,2689.89,4112.0
1789861449,eth,1798185600000,5500.0,call,67.72,0.003346,0.003,0.0037,2664.27,2168.0
1789861449,eth,1793347200000,2750.0,put,49.56,0.088616,0.088,0.089,2645.21,40.0
1789861449,eth,1798185600000,4000.0,call,58.25,0.014631,0.014,0.015,2664.27,15391.0
1789861449,eth,1789977600000,2620.0,put,28.63,0.0045,0.0042,0.0048,2634.53,243.0
1789861449,eth,1789977600000,2580.0,put,29.73,0.001088,0.001,0.0012,2634.53,483.0
1789861449,eth,1790323200000,1200.0,call,152.3,0.545003,0.5435,0.546,2637.35,138.0
1789861449,eth,1789891200000,2400.0,put,53.42,0.0,,0.0001,2633.87,196.0
1789861449,eth,1790064000000,2900.0,put,67.85,0.101348,0.0975,0.1045,2635.26,0.0
1789861449,eth,1790323200000,3000.0,call,66.17,0.001942,0.0017,0.0022,2637.37,36557.0
1789861449,eth,1790323200000,4000.0,put,110.47,0.516698,0.5125,0.5215,2637.37,147.0
1789861449,eth,1789891200000,2360.0,put,53.97,0.0,,0.0001,2633.87,319.0
1789861449,eth,1789977600000,2420.0,put,48.14,1.5e-05,,0.0001,2634.53,453.0
1789861449,eth,1790323200000,2150.0,call,76.2,0.185185,0.1835,0.187,2637.37,176.0
1789861449,eth,1790323200000,6500.0,put,125.84,1.464567,1.459,1.4725,2637.35,0.0
1789861449,eth,1789891200000,2660.0,call,31.29,0.000765,0.0006,0.0009,2633.87,30.0
1789861449,eth,1790928000000,2600.0,put,47.01,0.02741,0.027,0.028,2638.56,512.0
1789861449,eth,1790150400000,2740.0,put,49.8,0.045256,0.0435,0.047,2635.73,0.0
1789861449,eth,1813910400000,4600.0,put,58.29,0.744167,0.731,0.7595,2716.0,0.0
1789861449,eth,1789891200000,2360.0,call,53.97,0.103987,0.103,0.106,2633.87,0.0
1789861449,eth,1790323200000,5800.0,put,125.84,1.199152,1.194,1.206,2637.35,0.0
1789861449,eth,1789977600000,2450.0,call,46.41,0.070093,0.0675,0.073,2634.53,0.0
1789861449,eth,1813910400000,1200.0,call,66.74,0.571916,0.571,0.574,2716.0,55.0
1789861449,eth,1790323200000,2440.0,put,49.69,0.002668,0.0025,0.0029,2637.35,2169.0
1789861449,eth,1793347200000,1200.0,call,89.52,0.546596,0.5455,0.548,2645.19,0.0
1789861449,eth,1793347200000,1700.0,call,68.02,0.359059,0.358,0.361,2645.21,74.0
1789861449,eth,1798185600000,1300.0,put,73.72,0.002924,0.0026,0.0033,2664.27,3210.0
1789861449,eth,1790323200000,2600.0,call,46.96,0.030297,0.029,0.031,2637.37,23875.0
1789861449,eth,1791532800000,2700.0,call,48.25,0.034418,0.0335,0.035,2640.47,625.0
1789861449,eth,1790928000000,2350.0,put,50.46,0.004444,0.0042,0.0047,2638.59,860.0
1789861449,eth,1806048000000,1200.0,put,70.49,0.007687,0.007,0.0085,2689.87,1775.0
1789861449,eth,1790323200000,7000.0,put,125.84,1.654149,1.6455,1.6625,2637.37,0.0
1789861449,eth,1790323200000,1900.0,call,101.61,0.279711,0.2785,0.281,2637.37,10362.0
1789861449,eth,1798185600000,2300.0,call,53.59,0.184459,0.1835,0.1855,2664.24,7425.0
1789861449,eth,1793347200000,3000.0,put,51.43,0.158529,0.1535,0.1635,2645.19,75.0
1789861449,eth,1793347200000,2650.0,call,49.32,0.064509,0.064,0.0655,2645.21,2968.0
1789861449,eth,1789891200000,2560.0,put,38.06,2.8e-05,,0.0001,2633.87,925.0
1789861449,eth,1790150400000,2440.0,call,49.78,0.075281,0.0735,0.0775,2635.75,0.0
1789861449,eth,1793347200000,4200.0,call,66.63,0.001861,0.0016,0.0021,2645.19,485.0
1789861449,eth,1789891200000,2520.0,call,43.23,0.043242,0.0405,0.0465,2633.87,391.0
1789861449,eth,1806048000000,3700.0,call,56.42,0.057435,0.0565,0.0585,2689.87,1542.0
1789861449,eth,1806048000000,5000.0,call,60.58,0.020035,0.019,0.021,2689.87,6766.0
1789861449,eth,1806048000000,1200.0,call,70.49,0.561576,0.5605,0.563,2689.87,68.0
1789861449,eth,1790323200000,2700.0,put,49.09,0.037694,0.037,0.039,2637.37,597.0
1789861449,eth,1790150400000,2780.0,put,53.08,0.05869,0.055,0.062,2635.75,0.0
1789861449,eth,1791532800000,2700.0,put,48.25,0.056955,0.0565,0.0575,2640.47,5.0
1789861449,eth,1806048000000,2500.0,call,54.64,0.187565,0.1865,0.189,2689.87,9869.0
1789861449,eth,1790323200000,2300.0,call,60.66,0.128752,0.127,0.1305,2637.37,13768.0
1789861449,eth,1790323200000,1400.0,put,128.83,1e-06,,0.0001,2637.37,11553.0
1789861449,eth,1806048000000,1500.0,put,63.51,0.015733,0.0155,0.0165,2689.87,4300.0
1789861449,eth,1795766400000,2850.0,call,52.05,0.060752,0.06,0.0615,2654.84,1725.0
1789861449,eth,1790064000000,2660.0,call,42.57,0.009494,0.009,0.01,2635.26,147.0
1789861449,eth,1791532800000,2550.0,call,47.28,0.061958,0.061,0.0635,2640.47,102.0
1789861449,eth,1790150400000,2620.0,put,42.87,0.01351,0.013,0.014,2635.75,371.0
1789861449,eth,1790323200000,2550.0,put,46.66,0.009414,0.009,0.01,2637.37,1112.0
1789861449,eth,1813910400000,2700.0,put,55.42,0.187688,0.1855,0.1895,2716.0,21.0
1789861449,eth,1790064000000,2560.0,call,40.11,0.031742,0.0305,0.0325,2635.29,99.0
1789861449,eth,1813910400000,2900.0,call,55.47,0.16577,0.1645,0.1675,2716.0,380.0
1789861449,eth,1790150400000,2680.0,call,46.05,0.010585,0.0105,0.011,2635.73,330.0
1789861449,eth,1813910400000,1700.0,put,59.16,0.039698,0.039,0.041,2716.0,3164.0
1789861449,eth,1790150400000,2420.0,call,51.89,0.082682,0.081,0.0845,2635.73,0.0
1789861449,eth,1793347200000,1200.0,put,89.52,0.000243,0.0001,0.0005,2645.21,2885.0
1789861449,eth,1789977600000,2380.0,call,51.88,0.096625,0.094,0.0995,2634.53,44.0
1789861449,eth,1806048000000,1500.0,call,63.51,0.458093,0.4565,0.46,2689.87,241.0
1789861449,eth,1789977600000,2440.0,call,47.25,0.073877,0.071,0.077,2634.53,6.0
1789861449,eth,1791532800000,2400.0,put,48.33,0.011482,0.011,0.012,2640.47,361.0
1789861449,eth,1793347200000,2450.0,put,49.66,0.033158,0.0325,0.0335,2645.21,685.0
1789861449,eth,1790323200000,3800.0,call,109.8,0.000144,0.0001,0.0002,2637.35,6696.0
1789861449,eth,1795766400000,2600.0,put,51.68,0.078168,0.0775,0.079,2654.84,238.0
1789861449,eth,1795766400000,3000.0,put,52.69,0.175156,0.1735,0.177,2654.84,10.0
1789861449,eth,1791532800000,3000.0,put,53.16,0.146146,0.142,0.15,2640.47,10.0
1789861449,eth,1790928000000,2100.0,call,63.86,0.205151,0.204,0.207,2638.59,15.0
1789861449,eth,1790323200000,3300.0,call,82.47,0.000478,0.0003,0.0006,2637.35,20320.0
1789861449,eth,1793347200000,1950.0,put,58.9,0.004305,0.0041,0.0045,2645.21,1514.0
1789861449,eth,1806048000000,3300.0,call,55.41,0.084095,0.083,0.0855,2689.87,2080.0
1789861449,eth,1789977600000,2240.0,call,75.38,0.149762,0.148,0.1515,2634.53,0.0
1789861449,eth,1813910400000,4200.0,put,57.44,0.611395,0.5985,0.6255,2716.0,3.0
1789861449,eth,1789891200000,2620.0,put,25.73,0.001187,0.0009,0.0013,2633.84,913.0
1789861449,eth,1790928000000,2000.0,call,70.92,0.242704,0.2415,0.2445,2638.56,0.0
1789861449,eth,1790323200000,2200.0,put,70.9,0.000488,0.0004,0.0006,2637.37,14394.0
1789861449,eth,1798185600000,1300.0,call,73.72,0.514986,0.514,0.5165,2664.24,50.0
1789861449,eth,1795766400000,2550.0,call,51.8,0.108622,0.1075,0.1095,2654.84,1212.0
1789861449,eth,1790323200000,3200.0,put,77.53,0.214069,0.21,0.218,2637.37,1323.0
1789861449,eth,1806048000000,3000.0,call,54.86,0.113361,0.1125,0.1145,2689.87,6302.0
1789861449,eth,1789891200000,2550.0,call,41.55,0.031873,0.029,0.035,2633.87,0.0
1789861449,eth,1789977600000,2360.0,put,55.69,5e-06,,0.0001,2634.53,176.0
1789861449,eth,1790323200000,1200.0,put,152.3,0.0,,0.0001,2637.37,12422.0
1789861449,eth,1789891200000,2320.0,put,59.71,0.0,,0.0001,2633.87,681.0
1789861449,eth,1793347200000,1700.0,put,68.02,0.001725,0.0016,0.0019,2645.21,1729.0
1789861449,eth,1789891200000,2650.0,call,28.64,0.001276,0.0011,0.0014,2633.87,1147.0
1789861449,eth,1798185600000,1900.0,put,58.12,0.01611,0.0155,0.0165,2664.24,5665.0
1789861449,eth,1790323200000,7200.0,call,125.84,0.0,,0.0001,2637.35,1772.0
1789861449,eth,1813910400000,3200.0,call,55.73,0.131793,0.1305,0.1335,2716.0,1380.0
1789861449,eth,1790150400000,2400.0,put,54.52,0.000719,0.0006,0.0009,2635.73,3.0
1789861449,eth,1795766400000,3800.0,put,58.66,0.442111,0.435,0.449,2654.84,0.0
1789861449,eth,1789891200000,2600.0,put,28.14,0.000253,0.0001,0.0004,2633.84,1092.0
1789861449,eth,1790064000000,2480.0,put,45.29,0.000687,0.0006,0.0008,2635.29,135.0
1789861449,eth,1790323200000,6600.0,call,125.84,0.0,,0.0001,2637.37,1986.0
1789861449,eth,1790064000000,2900.0,call,67.85,0.0009,0.0008,0.0011,2635.29,612.0
1789861449,eth,1790150400000,2780.0,call,53.08,0.003958,0.0038,0.0042,2635.73,6.0
1789861449,eth,1791532800000,2750.0,call,48.7,0.027856,0.0275,0.0285,2640.47,0.0
1789861449,eth,1793347200000,1600.0,call,71.1,0.396235,0.3955,0.398,2645.19,68.0
1789861449,eth,1790323200000,2350.0,put,56.29,0.001194,0.0011,0.0014,2637.37,3449.0
1789861449,eth,1806048000000,3100.0,call,54.99,0.10247,0.1015,0.1035,2689.87,2112.0
1789861449,eth,1790928000000,2800.0,call,50.33,0.015014,0.0145,0.0155,2638.56,1021.0
1789861449,eth,1790928000000,2000.0,put,70.92,0.000685,0.0006,0.0008,2638.59,233.0
1789861449,eth,1790323200000,2400.0,put,52.08,0.001775,0.0017,0.002,2637.35,8344.0
1789861449,eth,1790323200000,2900.0,put,59.97,0.10298,0.0995,0.1065,2637.37,799.0
1789861449,eth,1813910400000,6000.0,put,61.47,1.233118,1.2155,1.2535,2716.0,1.0
1789861449,eth,1790064000000,2500.0,call,43.42,0.052299,0.0495,0.0555,2635.29,0.0
1789861449,eth,1789977600000,2200.0,call,76.73,0.164943,0.1635,0.167,2634.55,0.0
1789861449,eth,1790323200000,15000.0,call,183.79,0.0,,0.0001,2637.37,2390.0
1789861449,eth,1790323200000,5600.0,call,125.84,0.0,,0.0001,2637.37,8185.0
1789861449,eth,1813910400000,3100.0,call,55.61,0.142149,0.1405,0.144,2716.0,305.0
1789861449,eth,1789977600000,2680.0,call,33.42,0.002277,0.0022,0.0025,2634.53,413.0
1789861449,eth,1789891200000,2760.0,put,65.33,0.047949,0.045,0.051,2633.87,0.0
1789861449,eth,1806048000000,2700.0,call,54.53,0.153283,0.152,0.1545,2689.87,3314.0
1789861449,eth,1790323200000,3000.0,put,66.17,0.139435,0.136,0.143,2637.37,7492.0
1789861449,eth,1798185600000,3600.0,put,55.86,0.376356,0.37,0.386,2664.27,244.0
1789861449,eth,1806048000000,8000.0,call,70.83,0.00483,0.0042,0.0055,2689.87,156.0
1789861449,eth,1790323200000,5000.0,call,125.84,1e-06,,0.0001,2637.35,4595.0
1789861449,eth,1813910400000,2200.0,call,56.07,0.2856,0.2845,0.2875,2716.02,1091.0
1789861449,eth,1798185600000,3600.0,call,55.86,0.025142,0.0245,0.0255,2664.24,2737.0
1789861449,eth,1813910400000,900.0,call,74.17,0.675109,0.674,0.6765,2716.0,1.0
1789861449,eth,1798185600000,9000.0,call,80.45,0.000346,0.0003,0.0005,2664.24,2074.0
1789861449,eth,1790150400000,2760.0,call,51.43,0.004735,0.0047,0.005,2635.73,171.0
1789861449,eth,1793347200000,2350.0,call,50.5,0.133987,0.1325,0.1355,2645.21,664.0
1789861449,eth,1790323200000,2700.0,call,49.09,0.01395,0.0135,0.0145,2637.37,10291.0
1789861449,eth,1790323200000,11000.0,call,155.29,0.0,,0.0001,2637.35,3423.0
1789861449,eth,1793347200000,2750.0,call,49.56,0.049009,0.0485,0.05,2645.21,1510.0
1789861449,eth,1789891200000,2240.0,put,72.38,0.0,,0.0001,2633.87,87.0
1789861449,eth,1813910400000,3700.0,call,56.45,0.091316,0.09,0.0925,2716.02,339.0
1789861449,eth,1790323200000,10000.0,put,146.22,2.791642,2.7775,2.8045,2637.37,759.0
1789861449,eth,1798185600000,2200.0,call,54.35,0.21119,0.2095,0.213,2664.24,51280.0
1789861449,eth,1790150400000,2820.0,call,56.52,0.002837,0.0027,0.0031,2635.73,15.0
1789861449,eth,1806048000000,2100.0,put,55.92,0.057358,0.0565,0.0585,2689.87,1188.0
1789861449,eth,1790064000000,2320.0,call,68.42,0.119817,0.1185,0.1215,2635.29,0.0
1789861449,eth,1795766400000,2850.0,put,52.05,0.134263,0.134,0.1355,2654.84,74.0
1789861449,eth,1790323200000,2380.0,call,53.67,0.099087,0.0975,0.101,2637.37,443.0
1789861449,eth,1790064000000,2780.0,call,54.18,0.002346,0.0022,0.0026,2635.29,0.0
1789861449,eth,1806048000000,7000.0,call,67.29,0.006741,0.006,0.0075,2689.87,5771.0
1789861449,eth,1813910400000,2500.0,call,55.48,0.226194,0.225,0.228,2716.02,3247.0
1789861449,eth,1789977600000,2740.0,put,42.24,0.04074,0.037,0.044,2634.53,0.0
1789861449,eth,1798185600000,4000.0,put,58.25,0.51598,0.508,0.526,2664.24,226.0
1789861449,eth,1813910400000,800.0,put,76.85,0.004718,0.0043,0.0048,2716.0,688.0
1789861449,eth,1806048000000,6000.0,put,63.61,1.241077,1.225,1.26,2689.87,1.0
1789861449,eth,1790323200000,3100.0,put,72.09,0.17659,0.1725,0.1805,2637.37,3.0
1789861449,eth,1798185600000,1600.0,call,64.75,0.406397,0.4055,0.408,2664.24,620.0
1789861449,eth,1806048000000,3100.0,put,54.99,0.254925,0.252,0.257,2689.87,99.0
1789861449,eth,1793347200000,4400.0,call,69.18,0.001392,0.0012,0.0016,2645.21,674.0
1789861449,eth,1791532800000,3200.0,put,58.57,0.217035,0.212,0.221,2640.47,0.0
1789861449,eth,1813910400000,3400.0,put,55.96,0.365259,0.3535,0.3695,2716.02,20.0
1789861449,eth,1791532800000,2400.0,call,48.33,0.10256,0.101,0.1045,2640.44,5.0
1789861449,eth,1790323200000,13000.0,put,170.75,3.929134,3.9115,3.947,2637.37,0.0
1789861449,eth,1790150400000,2800.0,call,54.82,0.003344,0.0032,0.0036,2635.75,138.0
1789861449,eth,1790928000000,2200.0,put,57.44,0.001674,0.0015,0.0019,2638.56,2149.0
1789861449,eth,1798185600000,3800.0,put,57.06,0.445334,0.4375,0.455,2664.24,27.0
1789861449,eth,1813910400000,1200.0,put,66.74,0.013734,0.013,0.0145,2716.02,574.0
1789861449,eth,1790323200000,1300.0,put,137.58,0.0,,0.0001,2637.35,4984.0
1789861449,eth,1795766400000,2150.0,put,54.52,0.021465,0.021,0.022,2654.84,312.0
1789861449,eth,1790323200000,1400.0,call,128.83,0.469171,0.4675,0.4705,2637.37,883.0
1789861449,eth,1795766400000,3300.0,call,54.58,0.025325,0.025,0.026,2654.84,648.0
1789861449,eth,1789891200000,2760.0,call,65.33,6.9e-05,,0.0001,2633.84,618.0
1789861449,eth,1806048000000,5500.0,call,62.14,0.014303,0.0135,0.015,2689.89,3000.0
1789861449,eth,1790323200000,3600.0,put,97.21,0.365165,0.3605,0.3695,2637.37,778.0
1789861449,eth,1790928000000,3200.0,call,63.25,0.002587,0.0024,0.0027,2638.56,1708.0
1789861449,eth,1790064000000,2700.0,put,46.23,0.030336,0.0295,0.0315,2635.26,30.0
1789861449,eth,1790150400000,2500.0,call,44.8,0.053688,0.052,0.0555,2635.75,18.0
1789861449,eth,1790064000000,2380.0,call,58.26,0.097102,0.0955,0.099,2635.26,0.0
1789861449,eth,1790064000000,2640.0,put,41.54,0.014206,0.0135,0.0145,2635.26,50.0
1789861449,eth,1790323200000,1300.0,call,137.58,0.507087,0.5055,0.5085,2637.35,68.0
1789861449,eth,1789977600000,2800.0,put,53.05,0.063175,0.0595,0.0665,2634.53,0.0
1789861449,eth,1798185600000,1600.0,put,64.75,0.006937,0.0065,0.0075,2664.27,8507.0
1789861449,eth,1793347200000,2050.0,put,56.13,0.006469,0.006,0.007,2645.19,1312.0
1789861449,eth,1789977600000,2750.0,call,43.97,0.000623,0.0006,0.0007,2634.53,637.0
1789861449,eth,1789891200000,2650.0,put,28.64,0.007392,0.006,0.0085,2633.87,92.0
1789861449,eth,1789891200000,2740.0,put,57.47,0.040366,0.037,0.0435,2633.84,0.0
1789861449,eth,1789891200000,2680.0,call,38.07,0.000358,0.0003,0.0005,2633.87,108.0
1789861449,eth,1789891200000,2380.0,call,53.46,0.096394,0.0935,0.099,2633.87,1.0
1789861449,eth,1789977600000,2620.0,call,28.63,0.010023,0.0095,0.0105,2634.53,842.0
1789861449,eth,1790150400000,2700.0,call,47.34,0.008632,0.0085,0.009,2635.73,610.0
1789861449,eth,1798185600000,11000.0,call,87.96,0.000209,0.0001,0.0003,2664.24,2175.0
1789861449,eth,1789891200000,2220.0,put,72.68,0.0,,0.0001,2633.87,7.0
1789861449,eth,1813910400000,1000.0,call,71.74,0.640445,0.639,0.6425,2716.0,114.0
1789861449,eth,1789891200000,2500.0,put,47.98,1e-06,,0.0001,2633.87,755.0
1789861449,eth,1813910400000,2300.0,put,55.76,0.111055,0.1095,0.1125,2716.0,933.0
1789861449,eth,1789891200000,2750.0,call,61.35,7.3e-05,,0.0001,2633.87,234.0
1789861449,eth,1790323200000,2380.0,put,53.67,0.001498,0.0014,0.0017,2637.37,1472.0
1789861449,eth,1789891200000,2250.0,put,71.87,0.0,,0.0001,2633.87,13.0
1789861449,eth,1793347200000,2400.0,put,50.02,0.027323,0.0265,0.028,2645.19,5675.0
1789861449,eth,1795766400000,3200.0,put,53.91,0.23597,0.2305,0.2425,2654.84,0.0
1789861449,eth,1789891200000,2260.0,call,69.71,0.141954,0.1405,0.144,2633.84,18.0
1789861449,eth,1789891200000,2240.0,call,72.38,0.149547,0.1485,0.1515,2633.84,0.0
1789861449,eth,1791532800000,2800.0,put,49.31,0.082918,0.0815,0.0845,2640.44,0.0
1789861449,eth,1790064000000,2620.0,put,40.73,0.01029,0.01,0.0105,2635.26,217.0
1789861449,eth,1789891200000,2750.0,put,61.35,0.044156,0.041,0.0475,2633.87,0.0
1789861449,eth,1813910400000,3200.0,put,55.73,0.309974,0.307,0.312,2716.0,38.0
1789861449,eth,1790150400000,2480.0,call,46.19,0.06074,0.059,0.0625,2635.73,0.0
1789861449,eth,1795766400000,4600.0,call,65.7,0.003759,0.0035,0.004,2654.84,868.0
1789861449,eth,1790323200000,9000.0,call,136.23,0.0,,0.0001,2637.37,2096.0
1789861449,eth,1813910400000,2100.0,call,56.32,0.30804,0.307,0.3115,2716.0,142.0
1789861449,eth,1793347200000,1950.0,call,58.9,0.267129,0.266,0.269,2645.21,744.0
1789861449,eth,1793347200000,2650.0,put,49.32,0.066312,0.0655,0.067,2645.19,555.0
1789861449,eth,1806048000000,3200.0,call,55.17,0.09273,0.0915,0.094,2689.87,4889.0
1789861449,eth,1793347200000,4200.0,put,66.63,0.589625,0.583,0.596,2645.19,0.0
1789861449,eth,1789977600000,2300.0,put,63.7,2e-06,,0.0001,2634.55,2000.0
1789861449,eth,1798185600000,3800.0,call,57.06,0.019052,0.0185,0.0195,2664.24,5017.0
1789861449,eth,1790064000000,2480.0,call,45.29,0.059614,0.057,0.063,2635.26,0.0
1789861449,eth,1790323200000,4800.0,call,125.84,2e-06,,0.0001,2637.35,2689.0
1789861449,eth,1806048000000,2400.0,call,54.8,0.207197,0.206,0.2085,2689.87,2362.0
1789861449,eth,1806048000000,4000.0,put,57.32,0.530924,0.5195,0.5425,2689.87,0.0
1789861449,eth,1789977600000,2260.0,put,71.48,2e-06,,0.0001,2634.53,0.0
1789861449,eth,1795766400000,2550.0,put,51.8,0.069132,0.0685,0.07,2654.84,247.0
1789861449,eth,1791532800000,2900.0,call,51.07,0.014863,0.0145,0.0155,2640.44,215.0
1789861449,eth,1790323200000,4000.0,call,110.47,4.1e-05,,0.0002,2637.37,20099.0
1789861449,eth,1789977600000,2760.0,put,46.09,0.04819,0.0445,0.0515,2634.53,0.0
1789861449,eth,1790323200000,2100.0,call,80.65,0.204043,0.2025,0.2055,2637.37,5612.0
1789861449,eth,1798185600000,2500.0,put,52.76,0.076512,0.076,0.0775,2664.24,2639.0
1789861449,eth,1790150400000,2840.0,call,58.29,0.002432,0.0023,0.0027,2635.75,1.0
1789861449,eth,1790928000000,2300.0,put,52.56,0.003158,0.003,0.0034,2638.56,1325.0
1789861449,eth,1790928000000,2700.0,call,48.35,0.025432,0.0245,0.026,2638.59,2388.0
1789861449,eth,1806048000000,4600.0,put,59.29,0.737005,0.7235,0.751,2689.87,0.0
1789861449,eth,1806048000000,3700.0,put,56.42,0.432946,0.423,0.444,2689.87,0.0
1789861449,eth,1790064000000,2520.0,call,41.84,0.045136,0.0435,0.047,2635.29,25.0
1789861449,eth,1806048000000,2200.0,put,55.39,0.069538,0.0685,0.0705,2689.87,1996.0
1789861449,eth,1798185600000,1700.0,call,62.01,0.370966,0.37,0.3725,2664.24,365.0
1789861449,eth,1791532800000,2350.0,call,49.22,0.118435,0.117,0.12,2640.47,0.0
1789861449,eth,1789891200000,2540.0,put,42.35,1e-05,,0.0001,2633.84,432.0
1789861449,eth,1793347200000,2850.0,put,50.28,0.114641,0.1125,0.1165,2645.21,0.0
1789861449,eth,1790323200000,6000.0,call,125.84,0.0,,0.0001,2637.35,3711.0
1789861449,eth,1790064000000,2820.0,call,58.66,0.001627,0.0015,0.0018,2635.29,0.0
1789861449,eth,1790150400000,2660.0,put,44.89,0.022211,0.0215,0.0225,2635.75,1.0
1789861449,eth,1793347200000,4400.0,put,69.18,0.664763,0.658,0.67,2645.19,0.0
1789861449,eth,1798185600000,3200.0,put,53.9,0.24708,0.241,0.2545,2664.27,294.0
1789861449,eth,1790323200000,5400.0,call,125.84,0.0,,0.0001,2637.37,1738.0
1789861449,eth,1798185600000,10000.0,call,83.89,0.000245,0.0001,0.0005,2664.24,1743.0
1789861449,eth,1813910400000,2800.0,call,55.41,0.179031,0.1775,0.181,2716.0,1274.0
1789861449,eth,1790323200000,4800.0,put,125.84,0.81999,0.8145,0.826,2637.37,110.0
1789861449,eth,1798185600000,5500.0,put,67.72,1.067701,1.0565,1.0815,2664.24,0.0
1789861449,eth,1793347200000,2350.0,put,50.5,0.022379,0.022,0.023,2645.19,1234.0
1789861449,eth,1790064000000,2540.0,call,40.58,0.038214,0.0365,0.04,2635.29,0.0
1789861449,eth,1790928000000,2650.0,put,47.35,0.037012,0.0365,0.038,2638.56,144.0
1789861449,eth,1790323200000,4200.0,call,118.55,2.8e-05,,0.0001,2637.35,2996.0
1789861449,eth,1789891200000,2600.0,call,28.14,0.01312,0.01,0.0165,2633.87,1024.0
1789861449,eth,1793347200000,2700.0,put,49.51,0.077138,0.0765,0.0775,2645.21,173.0
1789861449,eth,1813910400000,2800.0,put,55.41,0.20994,0.2085,0.2115,2716.0,838.0
1789861449,eth,1795766400000,2650.0,call,51.62,0.089766,0.089,0.0905,2654.84,2247.0
1789861449,eth,1813910400000,2600.0,call,55.44,0.209283,0.208,0.211,2716.0,394.0
1789861449,eth,1790928000000,2400.0,put,48.87,0.006425,0.006,0.007,2638.56,1862.0
1789861449,eth,1790928000000,2100.0,put,63.86,0.001031,0.0009,0.0012,2638.59,1352.0
1789861449,eth,1790064000000,2360.0,call,60.69,0.104648,0.103,0.1065,2635.29,0.0
1789861449,eth,1813910400000,1300.0,put,64.84,0.0173,0.0165,0.018,2716.0,1685.0
1789861449,eth,1806048000000,5500.0,put,62.14,1.058981,1.0425,1.0765,2689.87,0.0
1789861449,eth,1806048000000,1400.0,call,65.65,0.492051,0.49,0.494,2689.87,31.0
1789861449,eth,1813910400000,2400.0,put,55.63,0.12828,0.1265,0.1295,2716.02,235.0
1789861449,eth,1790150400000,2520.0,put,43.61,0.002938,0.0027,0.0032,2635.75,2.0
1789861449,eth,1790323200000,1950.0,call,95.51,0.260769,0.2595,0.2625,2637.37,3608.0
1789861449,eth,1790064000000,2760.0,put,51.98,0.050191,0.047,0.053,2635.29,0.0
1789861449,eth,1790064000000,2850.0,call,62.4,0.001308,0.0012,0.0015,2635.26,64.0
1789861449,eth,1795766400000,1600.0,call,67.44,0.401097,0.4,0.4025,2654.84,18.0
1789861449,eth,1806048000000,1600.0,put,61.63,0.019721,0.019,0.0205,2689.87,3093.0
1789861449,eth,1789977600000,2240.0,put,75.38,2e-06,,0.0001,2634.53,7.0
1789861449,eth,1813910400000,3800.0,call,56.67,0.085227,0.084,0.0865,2716.0,436.0
1789861449,eth,1789977600000,2760.0,call,46.09,0.000573,0.0005,0.0007,2634.53,219.0
1789861449,eth,1789977600000,2780.0,put,49.63,0.055668,0.052,0.059,2634.53,0.0
1789861449,eth,1791532800000,2500.0,call,47.41,0.074164,0.073,0.0755,2640.47,465.0
1789861449,eth,1795766400000,2800.0,call,51.92,0.067099,0.0665,0.068,2654.84,2313.0
1789861449,eth,1789891200000,2620.0,call,25.73,0.006461,0.0055,0.0075,2633.87,371.0
1789861449,eth,1793347200000,1500.0,call,76.71,0.433812,0.4325,0.4355,2645.19,50.0
1789861449,eth,1798185600000,2500.0,call,52.76,0.138169,0.137,0.139,2664.24,29666.0
1789861449,eth,1793347200000,2800.0,call,49.99,0.042854,0.0425,0.0435,2645.21,5774.0
1789861449,eth,1790064000000,2250.0,put,80.56,0.00014,,0.0001,2635.26,1.0
1789861449,eth,1806048000000,2400.0,put,54.8,0.09942,0.098,0.1005,2689.87,676.0
1789861449,eth,1790150400000,2580.0,put,42.05,0.007502,0.007,0.008,2635.75,102.0
1789861449,eth,1789977600000,2520.0,put,38.86,0.000265,0.0002,0.0004,2634.53,495.0
1789861449,eth,1790150400000,2860.0,call,60.23,0.002124,0.002,0.0024,2635.73,0.0
1789861449,eth,1795766400000,2350.0,put,52.54,0.039812,0.039,0.0405,2654.84,624.0
1789861449,eth,1798185600000,6000.0,put,70.71,1.254405,1.2415,1.27,2664.24,100.0
1789861449,eth,1789891200000,2660.0,put,31.29,0.010678,0.0085,0.013,2633.84,0.0
1789861449,eth,1806048000000,1700.0,call,60.11,0.392769,0.3915,0.395,2689.87,1250.0
1789861449,eth,1790928000000,2750.0,call,49.16,0.01949,0.019,0.02,2638.56,133.0
1789861449,eth,1813910400000,1000.0,put,71.74,0.008627,0.008,0.0095,2716.0,4796.0
1789861449,eth,1789977600000,2700.0,put,35.88,0.026277,0.023,0.0295,2634.55,0.0
1789861449,eth,1789891200000,2520.0,put,43.23,1e-06,,0.0001,2633.84,170.0
1789861449,eth,1790150400000,3000.0,call,72.03,0.000862,0.0007,0.0011,2635.75,111.0
1789861449,eth,1795766400000,2400.0,put,52.17,0.045933,0.0455,0.0465,2654.84,1737.0
1789861449,eth,1790323200000,2000.0,put,90.73,0.00018,0.0001,0.0003,2637.37,21205.0
1789861449,eth,1793347200000,2550.0,put,49.28,0.047709,0.047,0.0485,2645.19,2178.0
1789861449,eth,1798185600000,1400.0,put,70.48,0.00392,0.0036,0.0043,2664.24,13708.0
1789861449,eth,1789891200000,2150.0,put,72.79,0.0,,0.0001,2633.87,171.0
1789861449,eth,1789977600000,2500.0,call,41.79,0.051246,0.0485,0.0545,2634.53,160.0
1789861449,eth,1793347200000,2000.0,call,57.39,0.249163,0.248,0.251,2645.19,761.0
1789861449,eth,1790064000000,2700.0,call,46.23,0.005781,0.0055,0.006,2635.26,592.0
1789861449,eth,1795766400000,2700.0,put,51.72,0.098622,0.098,0.0995,2654.84,377.0
1789861449,eth,1790323200000,1800.0,put,103.72,3.4e-05,,0.0001,2637.37,11937.0
1789861449,eth,1798185600000,9000.0,put,80.45,2.378382,2.359,2.4025,2664.24,0.0
1789861449,eth,1813910400000,3600.0,call,56.32,0.098193,0.097,0.0995,2716.02,211.0
1789861449,eth,1789891200000,2460.0,put,48.73,0.0,,0.0001,2633.87,1793.0
1789861449,eth,1813910400000,4800.0,call,58.71,0.044818,0.0435,0.046,2716.0,143.0
1789861449,eth,1790150400000,2860.0,put,60.23,0.087208,0.084,0.0905,2635.73,0.0
1789861449,eth,1813910400000,4000.0,put,57.04,0.547004,0.535,0.5605,2716.0,2.0
1789861449,eth,1798185600000,4600.0,call,62.32,0.007516,0.007,0.008,2664.24,11179.0
1789861449,eth,1798185600000,10000.0,put,83.89,2.753618,2.729,2.784,2664.24,0.0
1789861449,eth,1806048000000,3200.0,put,55.17,0.282361,0.2795,0.285,2689.87,20.0
1789861449,eth,1806048000000,2600.0,call,54.54,0.169585,0.1685,0.171,2689.87,3325.0
1789861449,eth,1790323200000,2500.0,call,47.6,0.05743,0.0565,0.059,2637.35,22362.0
1789861449,eth,1813910400000,3300.0,put,55.85,0.337273,0.329,0.34,2716.0,59.0
1789861449,eth,1789891200000,2300.0,put,62.6,0.0,,0.0001,2633.84,135.0
1789861449,eth,1790323200000,2360.0,call,55.17,0.106431,0.1045,0.108,2637.37,293.0
1789861449,eth,1795766400000,2450.0,call,51.97,0.130056,0.129,0.131,2654.84,493.0
1789861449,eth,1793347200000,3800.0,call,61.48,0.003735,0.0035,0.004,2645.21,1692.0
1789861449,eth,1789891200000,2580.0,put,30.45,4.4e-05,0.0001,0.0002,2633.84,1245.0
1789861449,eth,1790323200000,2420.0,put,50.79,0.00216,0.002,0.0024,2637.37,6062.0
1789861449,eth,1798185600000,8000.0,call,78.75,0.00069,0.0004,0.001,2664.27,2948.0
1789861449,eth,1790064000000,2600.0,call,39.8,0.020448,0.0195,0.0215,2635.26,612.0
1789861449,eth,1813910400000,1600.0,put,60.22,0.032504,0.0315,0.0335,2716.0,1977.0
1789861449,eth,1789891200000,2480.0,call,48.41,0.058427,0.0555,0.0615,2633.87,318.0
1789861449,eth,1790928000000,2200.0,call,57.44,0.167895,0.1665,0.1695,2638.56,18.0
1789861449,eth,1790928000000,2500.0,put,46.88,0.013566,0.013,0.014,2638.59,671.0
1789861449,eth,1790323200000,2550.0,call,46.66,0.042545,0.0415,0.0435,2637.37,3032.0
1789861449,eth,1793347200000,1900.0,call,60.65,0.285314,0.284,0.2875,2645.21,275.0
1789861449,eth,1791532800000,2900.0,put,51.07,0.113144,0.1115,0.1155,2640.44,0.0
1789861449,eth,1789891200000,2580.0,call,30.45,0.020504,0.0175,0.024,2633.84,550.0
1789861449,eth,1798185600000,3100.0,put,53.48,0.217354,0.215,0.2195,2664.27,18.0
1789861449,eth,1806048000000,3800.0,call,56.71,0.052411,0.0515,0.0535,2689.87,1417.0
1789861449,eth,1789977600000,2640.0,put,29.62,0.00826,0.008,0.009,2634.53,472.0
1789861449,eth,1789977600000,2500.0,put,41.79,0.000175,0.0001,0.0003,2634.53,488.0
1789861449,eth,1806048000000,2300.0,put,55.06,0.083662,0.0825,0.0845,2689.87,1952.0
1789861449,eth,1806048000000,1700.0,put,60.11,0.024761,0.024,0.0255,2689.87,1440.0
1789861449,eth,1789977600000,2480.0,call,44.69,0.058781,0.056,0.062,2634.53,599.0
1789861449,eth,1790150400000,2660.0,call,44.89,0.013007,0.0125,0.0135,2635.75,100.0
1789861449,eth,1790064000000,2200.0,call,87.44,0.165278,0.164,0.167,2635.26,0.0
1789861449,eth,1790150400000,2900.0,put,63.45,0.101837,0.0985,0.105,2635.73,0.0
1789861449,eth,1789977600000,2900.0,call,69.44,0.000173,0.0001,0.0003,2634.53,604.0
1789861449,eth,1798185600000,1900.0,call,58.12,0.302969,0.301,0.3045,2664.24,3995.0
1789861449,eth,1793347200000,2450.0,call,49.66,0.106962,0.106,0.108,2645.19,1451.0
1789861449,eth,1790064000000,2440.0,put,49.86,0.000396,0.0003,0.0005,2635.26,158.0
1789861449,eth,1790064000000,2600.0,put,39.8,0.007056,0.0065,0.0075,2635.26,194.0
1789861449,eth,1789977600000,2380.0,put,51.88,5e-06,,0.0001,2634.53,362.0
1789861449,eth,1789977600000,2100.0,put,78.8,0.0,,0.0001,2634.53,170.0
1789861449,eth,1790928000000,2550.0,call,46.72,0.053102,0.0525,0.054,2638.59,1546.0
1789861449,eth,1793347200000,1750.0,put,65.83,0.002022,0.0019,0.0022,2645.19,790.0
1789861449,eth,1789977600000,2400.0,put,49.14,7e-06,,0.0001,2634.53,180.0
1789861449,eth,1798185600000,1700.0,put,62.01,0.009039,0.0085,0.0095,2664.27,13078.0
1789861449,eth,1789977600000,2650.0,put,30.46,0.010695,0.01,0.0115,2634.53,192.0
1789861449,eth,1793347200000,1500.0,put,76.71,0.00087,0.0006,0.0012,2645.19,2570.0
1789861449,eth,1790150400000,2840.0,put,58.29,0.079928,0.076,0.083,2635.75,0.0
1789861449,eth,1790150400000,2850.0,call,59.23,0.002266,0.0021,0.0025,2635.73,0.0
1789861449,eth,1789891200000,2680.0,put,38.07,0.017865,0.015,0.021,2633.87,0.0
1789861449,eth,1790323200000,2850.0,put,56.84,0.085262,0.082,0.089,2637.37,0.0
1789861449,eth,1793347200000,2950.0,put,50.89,0.143177,0.141,0.145,2645.21,0.0
1789861449,eth,1798185600000,6000.0,call,70.71,0.002381,0.0021,0.0025,2664.27,10882.0
1789861449,eth,1793347200000,2800.0,put,49.99,0.101363,0.1,0.1025,2645.19,20.0
1789861449,eth,1789977600000,2900.0,put,69.44,0.10093,0.0975,0.104,2634.53,0.0
1789861449,eth,1789977600000,2600.0,call,28.51,0.01532,0.0145,0.017,2634.53,2255.0
1789861449,eth,1789977600000,2280.0,put,67.56,2e-06,,0.0001,2634.53,0.0
1789861449,eth,1813910400000,800.0,call,76.85,0.710173,0.709,0.7115,2716.0,118.0
1789861449,eth,1795766400000,4600.0,put,65.7,0.736444,0.7285,0.7445,2654.83,0.0
