snap_ts,asset,expiry_ms,strike,opt_type,mark_iv,mark_price,bid,ask,underlying_price,open_interest
1786707326,btc,1787040000000,60500.0,call,28.3,0.03904942,0.0355,0.0425,62878.2425,0.0
1786707326,btc,1813910400000,68000.0,put,41.52,0.17745583,0.1765,0.1795,65312.91,9.5
1786707326,btc,1798185600000,85000.0,put,38.41,0.34391348,0.3385,0.3475,63914.36,548.4
1786707326,btc,1787040000000,61000.0,call,26.78,0.0317213,0.0285,0.0355,62878.2425,0.0
1786707326,btc,1798185600000,84000.0,put,38.25,0.32951504,0.3245,0.333,63914.35,47.1
1786707326,btc,1793347200000,70000.0,call,34.78,0.02756237,0.027,0.028,63461.86,215.4
1786707326,btc,1793347200000,86000.0,call,36.81,0.00280455,0.0026,0.003,63461.86,10.7
1786707326,btc,1790323200000,84000.0,put,37.44,0.329984,0.3245,0.3385,63188.44,34.7
1786707326,btc,1806048000000,180000.0,put,49.98,1.78815588,1.694,1.894,64580.32,0.0
1786707326,btc,1813910400000,72000.0,call,41.12,0.11308581,0.112,0.114,65313.15,24.8
1786707326,btc,1787040000000,64000.0,put,23.25,0.02105356,0.018,0.026,62878.2425,0.0
1786707326,btc,1786867200000,61500.0,put,24.61,0.00087809,0.0008,0.001,62861.07,24.5
1786707326,btc,1786867200000,66000.0,put,28.64,0.04999092,0.015,0.0885,62860.74,0.2
1786707326,btc,1813910400000,110000.0,put,41.07,0.70347653,0.6985,0.7315,65312.91,0.3
1786707326,btc,1786780800000,70000.0,put,47.23,0.11381167,0.077,0.154,62847.24,0.0
1786707326,btc,1790323200000,150000.0,call,72.57,2.045e-05,,0.0001,63188.66,736.7
1786707326,btc,1786780800000,64000.0,put,25.76,0.01874313,0.0175,0.0205,62847.24,100.7
1786707326,btc,1790323200000,165000.0,put,75.32,1.61124691,1.5235,1.706,63188.44,0.0
1786707326,btc,1790323200000,60000.0,call,35.31,0.07597664,0.075,0.0765,63188.44,854.3
1786707326,btc,1790323200000,110000.0,put,53.85,0.7409052,0.733,0.751,63188.44,116.1
1786707326,btc,1787299200000,60000.0,call,31.26,0.04895338,0.0455,0.064,62899.13,1.0
1786707326,btc,1786953600000,65000.0,put,22.28,0.0342314,0.0034,0.073,62870.86,0.0
1786707326,btc,1787904000000,66000.0,call,26.97,0.00542007,0.005,0.006,62957.79,1443.7
1786707326,btc,1798185600000,130000.0,call,47.35,0.00084699,0.0007,0.0011,63914.35,1584.1
1786707326,btc,1790323200000,240000.0,call,75.51,1e-08,,0.0001,63188.44,220.0
1786707326,btc,1806048000000,92000.0,call,39.63,0.02326746,0.0225,0.024,64580.32,126.2
1786707326,btc,1813910400000,58000.0,put,43.18,0.10046561,0.0995,0.1015,65313.15,15.4
1786707326,btc,1806048000000,96000.0,put,39.83,0.50480497,0.5,0.5095,64580.32,1.6
1786707326,btc,1788508800000,73000.0,call,31.3,0.0007475,0.0006,0.0009,63015.0,2.5
1786707326,btc,1793347200000,88000.0,call,37.41,0.00220311,0.002,0.0024,63461.86,6.3
1786707326,btc,1787904000000,64000.0,put,27.78,0.03103189,0.03,0.032,62957.79,824.6
1786707326,btc,1793347200000,62000.0,call,36.51,0.07813858,0.077,0.079,63461.86,13.5
1786707326,btc,1790323200000,115000.0,put,58.83,0.82005437,0.812,0.8325,63188.44,92.4
1786707326,btc,1813910400000,74000.0,call,41.0,0.10300553,0.102,0.104,65312.91,13.3
1786707326,btc,1813910400000,68000.0,call,41.52,0.13631723,0.135,0.1375,65312.91,10.1
1786707326,btc,1790323200000,75000.0,call,32.71,0.00316971,0.003,0.0033,63188.44,3391.6
1786707326,btc,1787904000000,83000.0,put,49.18,0.31840481,0.274,0.367,62957.79,0.1
1786707326,btc,1806048000000,65000.0,put,40.54,0.12982009,0.1285,0.131,64580.32,651.7
1786707326,btc,1793347200000,57000.0,call,38.83,0.13012407,0.1275,0.1325,63461.86,0.0
1786707326,btc,1798185600000,210000.0,call,60.78,0.00010305,,0.0002,63914.35,151.7
1786707326,btc,1798185600000,92000.0,call,39.19,0.0075345,0.0075,0.008,63914.35,255.8
1786707326,btc,1790323200000,240000.0,put,75.51,2.79816549,2.67,2.936,63188.44,0.0
1786707326,btc,1806048000000,90000.0,call,39.52,0.02626572,0.0255,0.027,64580.32,506.0
1786707326,btc,1786953600000,68000.0,put,36.5,0.08165722,0.0455,0.121,62871.19,0.0
1786707326,btc,1798185600000,86000.0,call,38.46,0.0127422,0.0125,0.013,63914.35,333.1
1786707326,btc,1790323200000,95000.0,put,46.43,0.50372766,0.497,0.5135,63188.44,147.6
1786707326,btc,1786867200000,57000.0,put,48.31,2.141e-05,,0.0001,62860.74,0.0
1786707326,btc,1787040000000,64500.0,call,23.53,0.00183952,0.0016,0.0021,62878.2425,8.5
1786707326,btc,1813910400000,90000.0,put,40.48,0.42575272,0.422,0.43,65313.02,0.4
1786707326,btc,1793347200000,68000.0,put,35.01,0.10808066,0.106,0.11,63461.86,4.0
1786707326,btc,1787299200000,72000.0,call,40.2,0.00013616,0.0001,0.0002,62899.13,1149.9
1786707326,btc,1806048000000,160000.0,put,47.33,1.47892537,1.3945,1.5745,64579.38,0.0
1786707326,btc,1798185600000,74000.0,call,37.84,0.03855836,0.038,0.039,63914.36,150.2
1786707326,btc,1787040000000,56000.0,put,47.73,0.00014059,0.0001,0.0002,62878.2425,0.0
1786707326,btc,1790323200000,58000.0,put,36.82,0.01741729,0.017,0.018,63188.44,1470.7
1786707326,btc,1798185600000,54000.0,call,42.46,0.19105947,0.1885,0.193,63914.65,33.1
1786707326,btc,1798185600000,200000.0,call,60.72,0.00016204,0.0001,0.0002,63914.65,951.9
1786707326,btc,1786953600000,70000.0,call,46.51,6.089e-05,,0.0001,62871.19,15.1
1786707326,btc,1790323200000,320000.0,call,85.42,0.0,,0.0001,63188.44,276.6
1786707326,btc,1813910400000,72000.0,put,41.12,0.21546786,0.2135,0.218,65312.91,1.3
1786707326,btc,1787299200000,64000.0,put,25.12,0.02432154,0.0225,0.026,62899.13,163.2
1786707326,btc,1798185600000,45000.0,call,49.33,0.31045291,0.3075,0.3125,63914.35,54.3
1786707326,btc,1787299200000,58000.0,call,35.94,0.0788759,0.0455,0.1115,62899.13,0.0
1786707326,btc,1813910400000,70000.0,call,41.33,0.12430715,0.123,0.1255,65313.15,192.9
1786707326,btc,1787299200000,61000.0,call,28.98,0.03512901,0.032,0.038,62899.4,11.6
1786707326,btc,1798185600000,68000.0,put,38.29,0.13023886,0.129,0.132,63914.35,458.7
1786707326,btc,1798185600000,115000.0,put,43.88,0.80091143,0.7395,0.8715,63914.35,0.7
1786707326,btc,1806048000000,98000.0,put,39.98,0.53376138,0.529,0.539,64580.32,0.2
1786707326,btc,1787904000000,100000.0,put,59.75,0.58836519,0.535,0.646,62957.79,0.5
1786707326,btc,1813910400000,78000.0,put,40.75,0.27930985,0.2765,0.282,65313.15,0.4
1786707326,btc,1793347200000,48000.0,put,46.72,0.00840627,0.008,0.009,63461.86,182.2
1786707326,btc,1788508800000,61000.0,put,31.39,0.01617307,0.016,0.0165,63015.0,27.2
1786707326,btc,1790323200000,84000.0,call,37.44,0.00062608,0.0006,0.0007,63188.66,1680.1
1786707326,btc,1798185600000,102000.0,put,40.96,0.59938795,0.5435,0.665,63914.35,7.8
1786707326,btc,1813910400000,120000.0,call,41.95,0.01325373,0.0125,0.014,65313.15,120.1
1786707326,btc,1786780800000,71000.0,put,47.3,0.12972326,0.0925,0.1705,62847.45,0.0
1786707326,btc,1790323200000,165000.0,call,75.32,8.14e-06,,0.0001,63188.44,184.2
1786707326,btc,1787904000000,98000.0,put,59.46,0.556599,0.505,0.6135,62957.79,0.0
1786707326,btc,1787040000000,63500.0,call,23.57,0.00555104,0.005,0.006,62878.2425,33.0
1786707326,btc,1790323200000,65000.0,put,32.86,0.06078518,0.06,0.0615,63188.44,691.6
1786707326,btc,1786867200000,56000.0,put,55.8,1.969e-05,,0.0001,62860.74,7.0
1786707326,btc,1806048000000,170000.0,put,48.64,1.63349499,1.5445,1.734,64580.32,0.1
1786707326,btc,1787040000000,57000.0,put,42.52,0.00017749,0.0001,0.0003,62878.2425,0.0
1786707326,btc,1790323200000,160000.0,put,75.32,1.53212356,1.447,1.6245,63188.44,0.6
1786707326,btc,1790323200000,80000.0,put,34.73,0.26715967,0.262,0.274,63188.44,612.6
1786707326,btc,1787299200000,56000.0,put,42.7,0.00048651,0.0004,0.0006,62899.13,101.8
1786707326,btc,1786953600000,66000.0,call,24.75,0.00010328,,0.0001,62870.86,16.5
1786707326,btc,1786953600000,57000.0,call,47.87,0.09352655,0.0605,0.1245,62871.19,0.0
1786707326,btc,1786867200000,67000.0,put,31.12,0.0658537,0.0305,0.105,62860.74,0.0
1786707326,btc,1790323200000,180000.0,call,75.32,1.91e-06,,0.0001,63188.44,748.1
1786707326,btc,1806048000000,90000.0,put,39.52,0.41990027,0.416,0.4245,64579.38,14.1
1786707326,btc,1793347200000,80000.0,put,35.36,0.26686354,0.262,0.2715,63461.84,0.7
1786707326,btc,1806048000000,54000.0,put,43.15,0.05792562,0.057,0.0585,64580.32,58.7
1786707326,btc,1787904000000,90000.0,call,55.07,1.449e-05,,0.0001,62957.79,368.4
1786707326,btc,1786953600000,67000.0,call,30.6,8.768e-05,,0.0001,62871.19,3.9
1786707326,btc,1806048000000,60000.0,put,41.42,0.09196154,0.091,0.093,64580.32,613.2
1786707326,btc,1798185600000,65000.0,call,38.74,0.085566,0.085,0.0865,63914.35,907.8
1786707326,btc,1786867200000,63000.0,call,19.59,0.00453717,0.0042,0.0047,62860.74,73.8
1786707326,btc,1787904000000,53000.0,call,44.96,0.15891346,0.1545,0.1625,62957.79,10.9
1786707326,btc,1798185600000,190000.0,call,59.28,0.00019732,0.0001,0.0003,63914.35,993.0
1786707326,btc,1790323200000,105000.0,put,53.66,0.66187806,0.6545,0.673,63188.66,104.6
1786707326,btc,1798185600000,230000.0,put,63.04,2.59862854,2.477,2.7305,63914.35,0.0
1786707326,btc,1790323200000,72000.0,call,32.21,0.00656825,0.0065,0.007,63188.44,3223.5
1786707326,btc,1790323200000,130000.0,put,63.53,1.05737149,0.988,1.1325,63188.44,21.4
1786707326,btc,1790323200000,70000.0,put,32.02,0.11834464,0.1145,0.122,63188.44,1373.7
1786707326,btc,1806048000000,150000.0,call,46.12,0.0018034,0.0016,0.0021,64580.32,1913.2
1786707326,btc,1798185600000,45000.0,put,49.33,0.01451872,0.0145,0.015,63914.35,2905.8
1786707326,btc,1793347200000,67000.0,put,35.23,0.09777037,0.096,0.0995,63461.86,13.1
1786707326,btc,1786867200000,64500.0,call,20.2,0.00021372,0.0001,0.0003,62860.74,159.8
1786707326,btc,1813910400000,60000.0,call,42.79,0.19514894,0.1925,0.1965,65313.15,943.8
1786707326,btc,1786780800000,60000.0,call,45.58,0.04544074,0.0125,0.078,62847.24,0.0
1786707326,btc,1787299200000,67000.0,call,26.03,0.00056523,0.0005,0.0006,62899.4,1806.4
1786707326,btc,1788508800000,68000.0,call,28.76,0.00482616,0.0046,0.005,63015.0,150.4
1786707326,btc,1793347200000,59000.0,call,37.85,0.10769587,0.1055,0.1095,63461.86,1.0
1786707326,btc,1790323200000,220000.0,call,75.38,5e-08,,0.0001,63188.66,230.1
1786707326,btc,1806048000000,106000.0,call,40.53,0.01024855,0.0095,0.011,64580.32,43.6
1786707326,btc,1793347200000,48000.0,call,46.72,0.25204838,0.249,0.271,63461.86,0.1
1786707326,btc,1787904000000,80000.0,call,45.21,9.838e-05,,0.0001,62957.79,2145.4
1786707326,btc,1790323200000,100000.0,call,50.68,0.0002476,0.0002,0.0004,63188.44,3632.3
1786707326,btc,1806048000000,98000.0,call,39.98,0.01624819,0.0155,0.017,64580.32,102.1
1786707326,btc,1793347200000,88000.0,put,37.41,0.38885925,0.341,0.4445,63461.86,0.0
1786707326,btc,1787040000000,64000.0,call,23.25,0.0032134,0.0029,0.0035,62878.2425,1.5
1786707326,btc,1786780800000,57000.0,call,56.18,0.09304008,0.0605,0.124,62847.24,0.0
1786707326,btc,1790323200000,60000.0,put,35.31,0.02551801,0.025,0.026,63188.66,5008.7
1786707326,btc,1798185600000,72000.0,put,37.88,0.17276528,0.1705,0.1745,63914.65,330.5
1786707326,btc,1806048000000,56000.0,call,42.49,0.20080568,0.1985,0.203,64580.32,16.9
1786707326,btc,1787904000000,62000.0,put,29.31,0.01580399,0.0155,0.016,62957.79,773.1
1786707326,btc,1813910400000,55000.0,call,43.88,0.24047639,0.238,0.2415,65313.15,2.5
1786707326,btc,1786953600000,57000.0,put,47.87,0.0001401,0.0001,0.0002,62870.86,0.0
1786707326,btc,1788508800000,63000.0,call,29.92,0.02863951,0.028,0.029,63015.0,4.0
1786707326,btc,1798185600000,56000.0,call,41.48,0.16796917,0.1655,0.17,63914.36,41.4
1786707326,btc,1788508800000,75000.0,put,32.82,0.19058594,0.151,0.236,63015.0,0.0
1786707326,btc,1786867200000,66000.0,call,28.64,5.869e-05,,0.0001,62861.07,50.7
1786707326,btc,1790323200000,52000.0,put,43.38,0.00571844,0.0055,0.006,63188.66,1296.5
1786707326,btc,1806048000000,86000.0,put,39.43,0.36546088,0.3615,0.3695,64580.32,1.8
1786707326,btc,1806048000000,40000.0,put,51.05,0.01747709,0.017,0.018,64580.32,1134.5
1786707326,btc,1806048000000,120000.0,call,42.41,0.00541208,0.0049,0.006,64580.32,328.8
1786707326,btc,1788508800000,58000.0,call,34.37,0.08603047,0.083,0.118,63015.0,0.0
1786707326,btc,1793347200000,80000.0,call,35.36,0.00627006,0.006,0.0065,63461.86,239.0
1786707326,btc,1813910400000,140000.0,call,43.33,0.00649825,0.006,0.007,65312.91,213.6
1786707326,btc,1786867200000,60000.0,call,34.72,0.04579449,0.0125,0.0785,62860.74,0.0
1786707326,btc,1790323200000,190000.0,call,75.38,7.5e-07,,0.0001,63188.66,772.5
1786707326,btc,1806048000000,56000.0,put,42.49,0.06795607,0.067,0.069,64580.32,83.2
1786707326,btc,1813910400000,56000.0,call,43.67,0.2309955,0.2285,0.232,65313.15,2.0
1786707326,btc,1790323200000,64000.0,call,33.3,0.03911719,0.0385,0.0395,63188.44,736.9
1786707326,btc,1787904000000,40000.0,put,69.36,1.1e-05,,0.0001,62957.79,753.2
1786707326,btc,1788508800000,53000.0,put,42.72,0.00173099,0.0016,0.0019,63015.0,2.6
1786707326,btc,1790323200000,220000.0,put,75.38,2.48165174,2.3645,2.6085,63188.66,1.8
1786707326,btc,1798185600000,50000.0,call,45.02,0.24151469,0.239,0.2435,63914.35,260.8
1786707326,btc,1787040000000,61000.0,put,26.78,0.0018502,0.0016,0.0021,62878.2425,6.5
1786707326,btc,1793347200000,45000.0,put,50.15,0.00573016,0.0055,0.006,63461.86,79.9
1786707326,btc,1793347200000,69000.0,call,34.86,0.03177484,0.031,0.0325,63461.86,44.7
1786707326,btc,1813910400000,84000.0,call,40.49,0.06356364,0.0625,0.0645,65312.91,2.7
1786707326,btc,1790323200000,40000.0,put,65.35,0.0012437,0.0012,0.0013,63188.44,2332.9
1786707326,btc,1790323200000,280000.0,put,81.51,3.43119307,3.282,3.5925,63188.44,0.0
1786707326,btc,1793347200000,69000.0,put,34.86,0.11903932,0.117,0.1215,63461.86,0.1
1786707326,btc,1787040000000,61500.0,call,25.49,0.02478531,0.022,0.0405,62878.2425,0.0
1786707326,btc,1793347200000,62000.0,put,36.51,0.05510086,0.0545,0.056,63461.86,54.5
1786707326,btc,1813910400000,88000.0,put,40.48,0.39990886,0.3965,0.4035,65313.15,0.1
1786707326,btc,1793347200000,40000.0,call,57.06,0.37293703,0.3485,0.4005,63461.86,0.0
1786707326,btc,1793347200000,86000.0,put,36.81,0.35794578,0.3105,0.4125,63461.86,0.1
1786707326,btc,1787040000000,64500.0,put,23.53,0.02763155,0.024,0.0495,62878.2425,0.0
1786707326,btc,1806048000000,82000.0,put,39.34,0.31303661,0.3095,0.3165,64580.32,3.9
1786707326,btc,1798185600000,64000.0,call,38.93,0.09288855,0.092,0.0935,63914.35,421.6
1786707326,btc,1786953600000,62500.0,put,22.17,0.00519658,0.0048,0.0055,62870.86,33.0
1786707326,btc,1806048000000,95000.0,put,39.78,0.4904498,0.486,0.4955,64579.38,0.6
1786707326,btc,1798185600000,95000.0,call,39.79,0.00599064,0.0055,0.006,63914.35,1302.3
1786707326,btc,1790323200000,95000.0,call,46.43,0.00028716,0.0002,0.0003,63188.44,1861.6
1786707326,btc,1790323200000,35000.0,call,76.55,0.44684676,0.444,0.4485,63188.44,29.3
1786707326,btc,1798185600000,240000.0,put,64.69,2.75508458,2.6285,2.893,63914.35,0.0
1786707326,btc,1787904000000,86000.0,put,52.25,0.3660292,0.3205,0.416,62957.79,0.0
1786707326,btc,1813910400000,105000.0,call,40.96,0.02419186,0.0235,0.025,65312.91,101.3
1786707326,btc,1798185600000,86000.0,put,38.46,0.35829019,0.353,0.374,63914.35,23.4
1786707326,btc,1787904000000,79000.0,call,44.88,0.00014497,0.0001,0.0002,62957.79,1126.5
1786707326,btc,1790323200000,200000.0,call,75.38,2.9e-07,,0.0001,63188.44,1009.2
1786707326,btc,1787904000000,78000.0,put,42.66,0.23906901,0.198,0.2855,62957.79,4.1
1786707326,btc,1788508800000,53000.0,call,42.72,0.16066287,0.129,0.1915,63015.0,0.0
1786707326,btc,1786780800000,59000.0,put,50.17,3.347e-05,,0.0001,62847.24,12.4
1786707326,btc,1806048000000,150000.0,put,46.12,1.32452767,1.245,1.4155,64579.38,0.5
1786707326,btc,1790323200000,45000.0,put,54.7,0.00204725,0.0021,0.0022,63188.44,2176.7
1786707326,btc,1798185600000,20000.0,call,85.13,0.68822586,0.687,0.689,63914.35,2.7
1786707326,btc,1806048000000,110000.0,call,40.99,0.00838025,0.008,0.009,64580.32,547.9
1786707326,btc,1790323200000,145000.0,call,69.92,2.018e-05,,0.0001,63188.66,493.2
1786707326,btc,1806048000000,125000.0,call,42.77,0.00422122,0.0039,0.0045,64580.32,126.1
1786707326,btc,1798185600000,150000.0,put,52.66,1.34742162,1.268,1.436,63914.65,2.0
1786707326,btc,1813910400000,120000.0,put,41.95,0.85055714,0.8445,0.8575,65313.15,0.1
1786707326,btc,1793347200000,63000.0,put,36.11,0.06220283,0.0615,0.063,63461.86,354.5
1786707326,btc,1790323200000,160000.0,call,75.32,1.324e-05,,0.0001,63188.44,1444.3
1786707326,btc,1813910400000,64000.0,put,42.07,0.14348396,0.1425,0.145,65312.91,13.2
1786707326,btc,1786867200000,65500.0,call,26.11,8.963e-05,,0.0001,62861.07,521.8
1786707326,btc,1813910400000,95000.0,call,40.55,0.03779197,0.037,0.0385,65313.15,26.8
1786707326,btc,1798185600000,98000.0,call,40.24,0.00471102,0.0046,0.0049,63914.65,212.2
1786707326,btc,1787040000000,59000.0,call,34.34,0.06216061,0.0285,0.0945,62878.2425,0.0
1786707326,btc,1788508800000,65000.0,put,29.03,0.04662067,0.045,0.0515,63015.0,0.4
1786707326,btc,1798185600000,108000.0,put,42.27,0.69215314,0.6345,0.76,63914.65,0.1
1786707326,btc,1787299200000,56000.0,call,42.7,0.1101761,0.0775,0.142,62899.13,0.0
1786707326,btc,1813910400000,74000.0,put,41.0,0.2360093,0.2335,0.2385,65312.91,0.1
1786707326,btc,1787904000000,94000.0,put,59.46,0.49307185,0.443,0.5485,62957.49,0.0
1786707326,btc,1790323200000,86000.0,call,39.28,0.0005391,0.0004,0.0007,63188.66,898.4
1786707326,btc,1786953600000,56000.0,call,53.49,0.10939674,0.0765,0.1405,62871.19,0.0
1786707326,btc,1798185600000,115000.0,call,43.88,0.00163214,0.0014,0.0018,63914.35,2339.9
1786707326,btc,1788508800000,64000.0,put,29.4,0.03674364,0.036,0.0375,63015.0,12.7
1786707326,btc,1806048000000,140000.0,put,44.64,1.17026872,1.0955,1.2565,64580.32,0.0
1786707326,btc,1798185600000,80000.0,put,38.09,0.27396508,0.269,0.2765,63914.35,951.8
1786707326,btc,1790323200000,56000.0,put,38.62,0.0118232,0.0115,0.012,63188.44,1461.7
1786707326,btc,1787904000000,50000.0,put,52.6,0.00038763,0.0003,0.0005,62957.79,2788.6
1786707326,btc,1806048000000,70000.0,put,39.91,0.17561195,0.1735,0.178,64579.38,211.8
1786707326,btc,1786867200000,69000.0,put,42.9,0.09766665,0.0615,0.138,62860.74,0.0
1786707326,btc,1813910400000,86000.0,call,40.5,0.05786417,0.057,0.059,65313.15,2.9
1786707326,btc,1786867200000,62000.0,call,22.24,0.01536571,0.0028,0.048,62861.07,0.0
1786707326,btc,1787040000000,69000.0,put,36.87,0.09745067,0.0605,0.138,62878.2425,0.0
1786707326,btc,1786780800000,65500.0,put,36.55,0.04226753,0.0125,0.08,62847.24,0.0
1786707326,btc,1786780800000,64000.0,call,25.76,0.00040104,0.0003,0.0005,62847.24,133.4
1786707326,btc,1806048000000,64000.0,call,40.71,0.13060363,0.1295,0.132,64580.32,135.2
1786707326,btc,1788508800000,60000.0,put,32.05,0.01180333,0.0115,0.0125,63015.0,26.8
1786707326,btc,1798185600000,82000.0,put,38.21,0.30148312,0.2965,0.3045,63914.65,158.8
1786707326,btc,1787904000000,78000.0,call,42.66,0.00014507,0.0001,0.0002,62957.79,1406.2
1786707326,btc,1788508800000,61000.0,call,31.39,0.04815128,0.0465,0.0495,63015.0,5.3
1786707326,btc,1798185600000,90000.0,put,38.85,0.41700689,0.4115,0.4245,63914.36,590.6
1786707326,btc,1787904000000,92000.0,call,58.29,1.494e-05,,0.0001,62957.79,112.6
1786707326,btc,1806048000000,50000.0,call,44.83,0.26740888,0.2645,0.27,64580.32,20.6
1786707326,btc,1786867200000,61000.0,call,27.61,0.03013966,0.013,0.063,62860.74,0.0
1786707326,btc,1787904000000,79000.0,put,44.88,0.25495255,0.2125,0.3015,62957.79,0.7
1786707326,btc,1793347200000,74000.0,put,34.65,0.18127565,0.1775,0.1925,63461.86,0.3
1786707326,btc,1813910400000,140000.0,put,43.33,1.1500189,1.0735,1.2415,65312.91,0.0
1786707326,btc,1786780800000,62500.0,put,24.46,0.00244321,0.0022,0.0028,62847.24,117.1
1786707326,btc,1786867200000,62000.0,put,22.24,0.00166568,0.0015,0.0019,62860.74,50.0
1786707326,btc,1798185600000,180000.0,put,57.05,1.81647471,1.7215,1.921,63914.65,0.0
1786707326,btc,1787904000000,88000.0,put,52.74,0.39777834,0.351,0.449,62957.79,0.0
1786707326,btc,1787904000000,96000.0,put,59.46,0.52483416,0.474,0.5805,62957.79,0.2
1786707326,btc,1787904000000,86000.0,call,52.25,3.614e-05,,0.0001,62957.79,158.9
1786707326,btc,1813910400000,76000.0,call,40.85,0.09357307,0.0925,0.0945,65313.15,20.9
1786707326,btc,1798185600000,35000.0,put,61.0,0.00573613,0.0055,0.006,63914.35,2369.1
1786707326,btc,1790323200000,150000.0,put,72.57,1.37387388,1.294,1.4605,63188.44,0.7
1786707326,btc,1787904000000,57000.0,call,36.27,0.09705832,0.094,0.1005,62957.79,28.5
1786707326,btc,1793347200000,61000.0,call,36.89,0.08733402,0.086,0.088,63461.86,4.2
1786707326,btc,1806048000000,50000.0,put,44.83,0.0416503,0.0405,0.0425,64580.32,2109.1
1786707326,btc,1806048000000,190000.0,call,51.3,0.00075191,0.0006,0.001,64580.32,881.7
1786707326,btc,1788508800000,70000.0,call,29.2,0.00212557,0.002,0.0023,63015.0,251.4
1786707326,btc,1798185600000,110000.0,call,42.76,0.00214608,0.0019,0.0024,63914.35,2639.9
1786707326,btc,1786953600000,58000.0,put,41.64,0.00017677,0.0001,0.0003,62871.19,16.0
1786707326,btc,1787904000000,48000.0,put,57.37,0.00024409,0.0002,0.0003,62957.79,1515.8
1786707326,btc,1786953600000,64500.0,put,21.26,0.02666406,0.023,0.06,62871.19,0.0
1786707326,btc,1790323200000,88000.0,put,40.74,0.39310111,0.346,0.4455,63188.66,5.7
1786707326,btc,1787299200000,59000.0,call,33.02,0.06354907,0.06,0.0945,62899.13,0.0
1786707326,btc,1786867200000,68000.0,call,37.91,1.466e-05,,0.0001,62861.07,5.9
1786707326,btc,1788508800000,62000.0,call,30.7,0.03778828,0.037,0.0385,63015.0,0.0
1786707326,btc,1806048000000,76000.0,put,39.42,0.23990226,0.237,0.243,64580.32,19.2
1786707326,btc,1793347200000,64000.0,call,35.8,0.06158403,0.061,0.062,63462.18,422.7
1786707326,btc,1790323200000,76000.0,call,33.0,0.00251486,0.0024,0.0026,63188.66,2817.4
1786707326,btc,1790323200000,110000.0,call,53.85,7.935e-05,,0.0001,63188.44,1328.0
1786707326,btc,1798185600000,82000.0,call,38.21,0.01851876,0.018,0.0185,63914.65,542.4
1786707326,btc,1787040000000,65000.0,put,24.17,0.034806,0.0305,0.0385,62878.2425,0.0
1786707326,btc,1786953600000,65000.0,call,22.28,0.00037383,0.0003,0.0004,62871.19,19.9
1786707326,btc,1786780800000,61500.0,put,31.11,0.00049538,0.0004,0.0006,62847.45,124.0
1786707326,btc,1790323200000,55000.0,put,39.6,0.00972858,0.0095,0.01,63188.44,2547.3
1786707326,btc,1798185600000,130000.0,put,47.35,1.03481488,0.9665,1.1135,63914.35,54.9
1786707326,btc,1798185600000,106000.0,call,41.81,0.00270214,0.0025,0.0029,63914.65,320.2
1786707326,btc,1786867200000,64000.0,call,19.65,0.00066596,0.0005,0.0008,62860.74,15.8
1786707326,btc,1798185600000,30000.0,call,67.68,0.53406281,0.5325,0.535,63914.35,291.0
1786707326,btc,1798185600000,180000.0,call,57.05,0.00021148,0.0001,0.0004,63914.35,923.8
1786707326,btc,1790323200000,74000.0,put,32.56,0.17516242,0.1705,0.18,63188.44,110.7
1786707326,btc,1798185600000,106000.0,put,41.81,0.66116826,0.6035,0.7285,63914.65,0.2
1786707326,btc,1787904000000,84000.0,put,50.62,0.33428243,0.2895,0.384,62957.79,0.8
1786707326,btc,1806048000000,88000.0,put,39.47,0.39243574,0.388,0.3965,64579.38,4.5
1786707326,btc,1793347200000,57000.0,put,38.83,0.02829907,0.0275,0.029,63461.86,106.4
1786707326,btc,1787040000000,63000.0,put,23.51,0.01064085,0.01,0.011,62878.2425,28.7
1786707326,btc,1786953600000,69000.0,put,41.49,0.09754814,0.0605,0.138,62871.19,0.0
1786707326,btc,1788508800000,73000.0,put,31.3,0.15919981,0.12,0.2045,63015.0,0.0
1786707326,btc,1786780800000,64500.0,call,28.2,0.00015001,0.0001,0.0002,62847.24,204.0
1786707326,btc,1798185600000,62000.0,put,39.34,0.07883789,0.078,0.0795,63914.35,985.4
1786707326,btc,1790323200000,45000.0,call,54.7,0.28989122,0.2855,0.293,63188.44,224.8
1786707326,btc,1786867200000,65000.0,call,22.42,0.00010638,,0.0001,62860.74,40.2
1786707326,btc,1806048000000,200000.0,call,52.19,0.00060255,0.0005,0.0008,64580.32,497.1
1786707326,btc,1786780800000,69000.0,put,45.34,0.09790012,0.061,0.1375,62847.45,0.0
1786707326,btc,1793347200000,60000.0,put,37.37,0.04269311,0.0425,0.043,63461.86,920.5
1786707326,btc,1786953600000,60000.0,put,30.96,0.00047849,0.0004,0.0006,62871.19,166.8
1786707326,btc,1793347200000,52000.0,put,42.38,0.01396082,0.0135,0.0145,63461.86,46.7
1786707326,btc,1798185600000,140000.0,put,49.54,1.19102227,1.117,1.274,63914.35,0.2
1786707326,btc,1790323200000,125000.0,put,61.77,0.97825426,0.9115,1.0505,63188.44,21.8
1786707326,btc,1786953600000,62500.0,call,22.17,0.01110104,0.01,0.0115,62871.19,8.0
1786707326,btc,1787904000000,92000.0,put,58.29,0.46130984,0.412,0.5155,62957.79,1.2
1786707326,btc,1786867200000,70000.0,put,43.07,0.11356632,0.076,0.154,62860.74,0.0
1786707326,btc,1813910400000,55000.0,put,43.88,0.08257379,0.0815,0.0835,65313.15,9.1
1786707326,btc,1806048000000,102000.0,put,40.16,0.59220796,0.5865,0.5975,64580.32,0.1
1786707326,btc,1787904000000,75000.0,put,38.09,0.19152195,0.1865,0.1975,62957.79,44.2
1786707326,btc,1788508800000,64000.0,call,29.4,0.02111422,0.0205,0.0215,63015.0,89.2
1786707326,btc,1806048000000,96000.0,call,39.83,0.01826144,0.0175,0.019,64580.32,132.9
1786707326,btc,1793347200000,60000.0,call,37.37,0.09724574,0.095,0.099,63461.86,11.4
1786707326,btc,1790323200000,98000.0,put,48.73,0.55116523,0.4995,0.609,63188.44,0.1
1786707326,btc,1790323200000,40000.0,call,65.35,0.36821612,0.3655,0.3705,63188.44,34.4
1786707326,btc,1787904000000,77000.0,call,40.4,0.00014518,0.0001,0.0002,62957.79,230.3
1786707326,btc,1793347200000,76000.0,put,34.98,0.20904748,0.2045,0.238,63461.84,0.0
1786707326,btc,1790323200000,155000.0,call,75.11,2.068e-05,,0.0002,63188.66,363.1
1786707326,btc,1813910400000,100000.0,put,40.76,0.56131014,0.556,0.566,65313.15,0.1
1786707326,btc,1793347200000,45000.0,call,50.15,0.29664463,0.2675,0.328,63461.86,0.0
1786707326,btc,1793347200000,66000.0,call,35.34,0.04782368,0.047,0.0485,63461.86,153.2
1786707326,btc,1787040000000,67000.0,put,28.15,0.06569905,0.03,0.1045,62878.2425,0.0
1786707326,btc,1787904000000,82000.0,put,48.84,0.3025475,0.259,0.351,62957.79,1.5
1786707326,btc,1787040000000,58000.0,call,38.38,0.07786434,0.0445,0.1095,62878.2425,0.0
1786707326,btc,1793347200000,58000.0,call,38.22,0.1184905,0.1165,0.1205,63461.86,0.0
1786707326,btc,1798185600000,70000.0,put,37.99,0.1505807,0.148,0.1525,63914.35,1010.8
1786707326,btc,1790323200000,68000.0,put,32.32,0.09317844,0.091,0.0955,63188.44,616.3
1786707326,btc,1793347200000,90000.0,call,38.03,0.00175027,0.0016,0.0019,63461.86,61.2
1786707326,btc,1798185600000,125000.0,call,45.98,0.00099052,0.0008,0.0012,63914.35,595.4
1786707326,btc,1806048000000,95000.0,call,39.78,0.0193911,0.0185,0.02,64579.38,343.0
1786707326,btc,1793347200000,56000.0,call,39.33,0.14202513,0.1395,0.1445,63461.86,0.0
1786707326,btc,1813910400000,40000.0,put,50.31,0.02723441,0.0265,0.028,65313.15,513.0
1786707326,btc,1798185600000,70000.0,call,37.99,0.05536722,0.055,0.056,63914.35,1862.4
1786707326,btc,1786953600000,61500.0,call,24.26,0.02348013,0.021,0.035,62870.86,0.0
1786707326,btc,1798185600000,30000.0,put,67.68,0.00344002,0.0032,0.0036,63914.65,2135.6
1786707326,btc,1790323200000,140000.0,call,69.71,3.395e-05,,0.0001,63188.44,1184.3
1786707326,btc,1787299200000,65000.0,put,25.01,0.03653184,0.034,0.0395,62899.13,100.4
1786707326,btc,1813910400000,95000.0,put,40.55,0.49232384,0.488,0.497,65313.15,20.1
1786707326,btc,1798185600000,100000.0,call,40.73,0.00413076,0.004,0.0043,63914.65,3649.3
1786707326,btc,1793347200000,70000.0,put,34.78,0.1305843,0.1285,0.1335,63462.18,12.8
1786707326,btc,1786780800000,57000.0,put,56.18,1.01e-06,,0.0001,62847.45,51.2
1786707326,btc,1813910400000,82000.0,put,40.56,0.32555857,0.3225,0.329,65313.15,0.2
1786707326,btc,1790323200000,180000.0,put,75.32,1.84862603,1.7525,1.9525,63188.44,7.3
1786707326,btc,1787299200000,66000.0,put,25.68,0.05071323,0.0465,0.057,62899.4,14.8
1786707326,btc,1806048000000,62000.0,put,40.99,0.10598274,0.105,0.107,64580.32,244.2
1786707326,btc,1790323200000,102000.0,put,52.58,0.61446786,0.56,0.6755,63188.44,0.4
1786707326,btc,1793347200000,68000.0,call,35.01,0.03657364,0.036,0.037,63461.86,69.6
1786707326,btc,1788508800000,70000.0,put,29.2,0.11297026,0.1085,0.1265,63015.0,0.1
1786707326,btc,1788508800000,75000.0,call,32.82,0.00039521,0.0003,0.0005,63015.0,18.8
1786707326,btc,1787904000000,59000.0,call,33.22,0.068048,0.0645,0.071,62957.79,214.3
1786707326,btc,1798185600000,105000.0,call,41.53,0.00285094,0.0026,0.0031,63914.35,828.9
1786707326,btc,1786953600000,63000.0,call,21.52,0.00661611,0.006,0.007,62871.19,21.2
1786707326,btc,1786780800000,62000.0,put,27.03,0.00100009,0.0009,0.0011,62847.45,39.4
1786707326,btc,1798185600000,52000.0,call,43.56,0.2155248,0.213,0.2175,63914.35,0.1
1786707326,btc,1798185600000,58000.0,put,40.59,0.05384152,0.053,0.0545,63914.35,2135.0
1786707326,btc,1787299200000,63000.0,put,25.94,0.01500303,0.0145,0.0155,62899.24,340.8
1786707326,btc,1790323200000,145000.0,put,69.92,1.29474517,1.2175,1.3785,63188.66,0.2
1786707326,btc,1786953600000,64000.0,put,21.0,0.01963759,0.013,0.047,62870.86,0.6
1786707326,btc,1787904000000,105000.0,put,63.37,0.66778282,0.6115,0.728,62957.79,1.0
1786707326,btc,1793347200000,55000.0,call,40.16,0.15477589,0.152,0.157,63461.86,0.0
1786707326,btc,1798185600000,94000.0,put,39.63,0.47720703,0.4715,0.483,63914.35,5.3
1786707326,btc,1786780800000,64500.0,put,28.2,0.02644781,0.013,0.0635,62847.24,0.0
1786707326,btc,1788508800000,68000.0,put,28.76,0.08393242,0.08,0.094,63015.0,0.0
1786707326,btc,1798185600000,220000.0,call,61.32,7.349e-05,,0.0002,63914.65,252.8
1786707326,btc,1806048000000,80000.0,call,39.41,0.04925537,0.0485,0.05,64580.32,933.3
1786707326,btc,1790323200000,175000.0,put,75.32,1.76949876,1.676,1.8705,63188.44,0.2
1786707326,btc,1786867200000,67000.0,call,31.12,1.34e-05,,0.0001,62860.74,48.8
1786707326,btc,1813910400000,66000.0,call,41.75,0.14932994,0.148,0.1505,65312.91,27.7
1786707326,btc,1798185600000,56000.0,put,41.48,0.04413762,0.0435,0.0445,63914.36,462.3
1786707326,btc,1787904000000,75000.0,call,38.09,0.00024893,0.0002,0.0003,62957.79,2732.8
1786707326,btc,1790323200000,75000.0,put,32.71,0.19009642,0.1855,0.195,63188.44,2967.2
1786707326,btc,1813910400000,66000.0,put,41.75,0.15984681,0.159,0.1615,65312.91,33.0
1786707326,btc,1798185600000,94000.0,call,39.63,0.00649179,0.006,0.0065,63914.35,118.0
1786707326,btc,1786780800000,70000.0,call,47.23,1e-08,,0.0001,62847.45,5.3
1786707326,btc,1786867200000,65500.0,put,26.11,0.04206783,0.013,0.0795,62860.74,0.0
1786707326,btc,1798185600000,140000.0,call,49.54,0.00059532,0.0005,0.0008,63914.65,1479.6
1786707326,btc,1786953600000,63500.0,put,20.89,0.01345105,0.012,0.0155,62871.19,1.9
1786707326,btc,1793347200000,71000.0,call,34.82,0.02399802,0.0235,0.0245,63461.86,262.8
1786707326,btc,1790323200000,90000.0,call,42.53,0.00039334,0.0003,0.0005,63188.44,3018.7
1786707326,btc,1787904000000,72000.0,call,32.29,0.00039609,0.0003,0.0005,62957.79,2943.1
1786707326,btc,1790323200000,56000.0,call,38.62,0.12558545,0.1245,0.148,63188.44,13.4
1786707326,btc,1798185600000,76000.0,put,37.84,0.22113626,0.217,0.2235,63914.35,142.1
1786707326,btc,1798185600000,250000.0,call,64.88,4.735e-05,,0.0002,63914.35,1120.9
1786707326,btc,1813910400000,85000.0,call,40.47,0.06056152,0.0595,0.0615,65312.91,7.8
1786707326,btc,1813910400000,45000.0,put,47.55,0.04019967,0.0395,0.041,65313.15,157.4
1786707326,btc,1790323200000,62000.0,call,34.15,0.05568463,0.055,0.056,63188.66,680.3
1786707326,btc,1806048000000,70000.0,call,39.91,0.09167396,0.0905,0.0925,64580.32,801.2
1786707326,btc,1786867200000,58000.0,call,43.57,0.07737675,0.0435,0.1085,62861.07,0.0
1786707326,btc,1793347200000,55000.0,put,40.16,0.02143598,0.021,0.022,63461.86,73.9
1786707326,btc,1813910400000,160000.0,put,45.2,1.45353626,1.368,1.5545,65312.91,0.0
1786707326,btc,1790323200000,70000.0,call,32.02,0.01055032,0.01,0.011,63188.44,9345.1
1786707326,btc,1793347200000,40000.0,put,57.06,0.00323528,0.003,0.0035,63461.86,62.7
1786707326,btc,1787904000000,88000.0,call,52.74,1.8e-05,,0.0001,62957.79,183.7
1786707326,btc,1790323200000,260000.0,put,78.83,3.11467928,2.976,3.264,63188.44,0.0
1786707326,btc,1786953600000,64500.0,call,21.26,0.00075925,0.0006,0.0008,62870.86,18.4
1786707326,btc,1787904000000,55000.0,put,40.48,0.00130316,0.0012,0.0015,62957.79,1170.4
1786707326,btc,1787904000000,77000.0,put,40.4,0.22318548,0.182,0.269,62957.79,3.4
1786707326,btc,1786953600000,67000.0,put,30.6,0.06575624,0.0305,0.1045,62871.19,0.0
1786707326,btc,1786867200000,59000.0,put,40.56,0.00013864,0.0001,0.0002,62860.74,4.9
1786707326,btc,1806048000000,85000.0,call,39.41,0.03593268,0.035,0.0365,64580.32,94.1
1786707326,btc,1786953600000,56000.0,put,53.49,0.0001048,,0.0002,62871.19,4.0
1786707326,btc,1786780800000,66000.0,call,40.4,3.884e-05,,0.0001,62847.45,388.4
1786707326,btc,1786780800000,63000.0,put,23.46,0.00584242,0.005,0.0065,62847.24,80.8
1786707326,btc,1793347200000,95000.0,put,39.73,0.49800535,0.447,0.5555,63461.86,0.1
1786707326,btc,1806048000000,45000.0,put,47.61,0.02721537,0.0265,0.028,64580.32,227.2
1786707326,btc,1798185600000,110000.0,put,42.76,0.72319584,0.712,0.7375,63914.65,54.2
1786707326,btc,1787299200000,64000.0,call,25.12,0.00682392,0.0065,0.0075,62899.4,303.8
1786707326,btc,1787904000000,67000.0,put,27.05,0.06737501,0.0635,0.071,62957.79,60.8
1786707326,btc,1787040000000,65000.0,call,24.17,0.00106209,0.0009,0.0012,62878.2425,32.6
1786707326,btc,1806048000000,52000.0,put,43.91,0.04915319,0.048,0.05,64580.32,117.8
1786707326,btc,1786780800000,62500.0,call,24.46,0.00796852,0.007,0.0085,62847.45,0.9
1786707326,btc,1786953600000,61000.0,put,26.09,0.00101174,0.0009,0.0012,62870.86,136.6
1786707326,btc,1798185600000,65000.0,put,38.74,0.10254994,0.1015,0.1035,63914.65,846.6
1786707326,btc,1786780800000,67000.0,put,40.64,0.06607986,0.031,0.105,62847.24,0.0
1786707326,btc,1786953600000,71000.0,call,47.65,2.53e-05,,0.0001,62871.19,15.0
1786707326,btc,1793347200000,61000.0,put,36.89,0.04853885,0.048,0.049,63461.86,181.2
1786707326,btc,1787904000000,63000.0,put,28.26,0.02230506,0.022,0.023,62957.49,751.3
1786707326,btc,1813910400000,130000.0,call,42.82,0.00937304,0.009,0.01,65313.15,93.7
1786707326,btc,1787904000000,110000.0,put,65.75,0.74720066,0.6885,0.8105,62957.79,0.2
1786707326,btc,1798185600000,40000.0,call,54.94,0.38339421,0.3795,0.3865,63914.35,250.9
1786707326,btc,1813910400000,60000.0,put,42.79,0.11380065,0.1125,0.115,65312.91,104.7
1786707326,btc,1798185600000,125000.0,put,45.98,0.95672888,0.8905,1.032,63914.35,9.1
1786707326,btc,1798185600000,135000.0,put,48.03,1.11284765,1.041,1.193,63914.35,0.6
1786707326,btc,1806048000000,105000.0,call,40.4,0.01078518,0.01,0.011,64580.32,187.4
1786707326,btc,1787040000000,63000.0,call,23.51,0.00870445,0.008,0.009,62878.2425,42.4
1786707326,btc,1786953600000,65500.0,call,22.81,0.00016025,0.0001,0.0002,62871.19,9.0
1786707326,btc,1806048000000,100000.0,put,39.99,0.56276288,0.558,0.568,64579.38,12.1
1786707326,btc,1787904000000,58000.0,put,34.48,0.003462,0.0033,0.0037,62957.79,1263.4
1786707326,btc,1787904000000,81000.0,put,47.28,0.28667317,0.244,0.335,62957.79,0.1
1786707326,btc,1787299200000,63000.0,call,25.94,0.01340381,0.013,0.014,62899.24,115.5
1786707326,btc,1806048000000,110000.0,put,40.99,0.71171138,0.706,0.7175,64580.32,4.0
1786707326,btc,1813910400000,130000.0,put,42.82,0.99978508,0.993,1.007,65313.15,1.3
1786707326,btc,1787040000000,70000.0,call,41.65,8.823e-05,,0.0001,62878.2425,0.0
1786707326,btc,1798185600000,20000.0,put,85.13,0.001144,0.001,0.0014,63914.65,119.3
1786707326,btc,1806048000000,52000.0,call,43.91,0.24394211,0.241,0.2465,64580.32,5.2
1786707326,btc,1790323200000,90000.0,put,42.53,0.42470539,0.4185,0.434,63188.44,586.2
1786707326,btc,1787299200000,70000.0,put,33.07,0.11303409,0.0755,0.1545,62899.4,0.1
1786707326,btc,1793347200000,74000.0,call,34.65,0.01522389,0.0145,0.0155,63461.86,133.5
1786707326,btc,1813910400000,50000.0,put,45.41,0.05822304,0.0575,0.059,65313.15,284.0
1786707326,btc,1790323200000,320000.0,put,85.42,4.06422065,3.894,4.2485,63188.44,25.1
1786707326,btc,1787040000000,62000.0,put,24.48,0.00449575,0.0042,0.0047,62878.2425,0.7
1786707326,btc,1806048000000,68000.0,call,40.15,0.10345283,0.1025,0.1045,64580.32,97.0
1786707326,btc,1787904000000,46000.0,put,61.58,0.00014234,0.0001,0.0002,62957.79,1754.9
1786707326,btc,1798185600000,52000.0,put,43.56,0.02911196,0.0285,0.0295,63914.35,430.9
1786707326,btc,1813910400000,80000.0,call,40.61,0.07707437,0.076,0.078,65312.91,77.2
1786707326,btc,1787299200000,67000.0,put,26.03,0.06575806,0.031,0.106,62899.13,16.9
1786707326,btc,1786867200000,70000.0,call,43.07,1.84e-06,,0.0001,62860.74,0.0
1786707326,btc,1806048000000,140000.0,call,44.64,0.00239274,0.0021,0.0027,64580.32,766.5
1786707326,btc,1787040000000,58000.0,put,38.38,0.00028198,0.0002,0.0004,62878.2425,2.0
1786707326,btc,1790323200000,94000.0,call,45.41,0.00028923,0.0002,0.0004,63188.44,171.8
1786707326,btc,1798185600000,62000.0,call,39.34,0.10879167,0.108,0.1095,63914.35,255.1
1786707326,btc,1793347200000,71000.0,put,34.82,0.14277741,0.14,0.1585,63461.86,0.0
1786707326,btc,1813910400000,82000.0,call,40.56,0.07006791,0.069,0.071,65312.91,60.2
1786707326,btc,1813910400000,110000.0,call,41.07,0.01928173,0.0185,0.02,65313.15,223.2
1786707326,btc,1790323200000,30000.0,call,87.87,0.52563196,0.5235,0.5265,63188.44,134.0
1786707326,btc,1787299200000,53000.0,put,54.15,0.00024322,0.0002,0.0003,62899.13,116.1
1786707326,btc,1813910400000,85000.0,put,40.47,0.36198477,0.359,0.3655,65312.91,6.8
1786707326,btc,1806048000000,108000.0,call,40.74,0.00924385,0.0085,0.01,64579.38,57.3
1786707326,btc,1786780800000,61000.0,put,35.52,0.00028011,0.0002,0.0004,62847.45,157.6
1786707326,btc,1798185600000,96000.0,call,39.91,0.00550354,0.005,0.0055,63914.35,1321.4
1786707326,btc,1786953600000,68000.0,call,36.5,8.315e-05,,0.0001,62870.86,1.5
1786707326,btc,1786867200000,63500.0,put,19.41,0.01204337,0.0105,0.0135,62860.74,22.9
1786707326,btc,1790323200000,170000.0,call,75.32,5.01e-06,,0.0001,63188.66,359.5
1786707326,btc,1813910400000,170000.0,call,46.09,0.00300199,0.0027,0.0033,65312.91,44.8
1786707326,btc,1798185600000,60000.0,call,39.91,0.12668253,0.126,0.1275,63914.35,787.0
1786707326,btc,1790323200000,190000.0,put,75.38,2.00688176,1.9055,2.1165,63188.66,0.0
1786707326,btc,1787904000000,83000.0,call,49.18,6.267e-05,,0.0001,62957.79,533.9
1786707326,btc,1798185600000,68000.0,call,38.29,0.06631719,0.0655,0.067,63914.35,734.1
1786707326,btc,1787904000000,73000.0,call,34.06,0.00031958,0.0003,0.0004,62957.79,1748.6
1786707326,btc,1786953600000,70000.0,put,46.51,0.11344595,0.076,0.1545,62871.19,0.0
1786707326,btc,1786867200000,62500.0,call,20.54,0.00913624,0.0085,0.01,62861.07,50.0
1786707326,btc,1813910400000,40000.0,call,50.31,0.41479994,0.413,0.416,65312.91,17.0
1786707326,btc,1787904000000,74000.0,call,35.55,0.00024914,0.0002,0.0003,62957.79,2151.9
1786707326,btc,1790323200000,94000.0,put,45.41,0.48790404,0.4375,0.5435,63188.66,1.9
1786707326,btc,1806048000000,100000.0,call,39.99,0.01428003,0.0135,0.015,64580.32,570.0
1786707326,btc,1787040000000,59000.0,put,34.34,0.000482,0.0004,0.0006,62878.2425,6.0
1786707326,btc,1786867200000,71000.0,put,43.15,0.12947283,0.0915,0.1705,62860.74,0.0
1786707326,btc,1806048000000,68000.0,put,40.15,0.15642117,0.1545,0.1585,64580.32,75.6
1786707326,btc,1806048000000,55000.0,put,42.8,0.0627583,0.062,0.0635,64580.32,1358.2
1786707326,btc,1813910400000,150000.0,call,44.75,0.00525423,0.005,0.0055,65312.91,90.5
1786707326,btc,1786867200000,56000.0,call,55.8,0.1091681,0.077,0.139,62861.07,0.0
1786707326,btc,1790323200000,58000.0,call,36.82,0.09953024,0.0985,0.102,63188.44,460.8
1786707326,btc,1793347200000,54000.0,call,40.74,0.16754629,0.165,0.17,63461.86,0.0
1786707326,btc,1787904000000,59000.0,put,33.22,0.00518278,0.005,0.0055,62957.79,820.9
1786707326,btc,1786867200000,63000.0,put,19.59,0.00674775,0.006,0.0075,62860.74,190.7
1786707326,btc,1788508800000,55000.0,call,39.05,0.13000273,0.127,0.154,63015.0,0.0
1786707326,btc,1813910400000,52000.0,put,44.75,0.06720126,0.0665,0.068,65312.91,31.4
1786707326,btc,1790323200000,78000.0,put,33.68,0.23600811,0.231,0.2425,63188.44,625.3
1786707326,btc,1786867200000,59000.0,call,40.56,0.06156285,0.0275,0.093,62860.74,0.0
1786707326,btc,1786953600000,71000.0,put,47.65,0.12931587,0.092,0.1705,62871.19,0.0
1786707326,btc,1787299200000,75000.0,put,48.82,0.19247683,0.153,0.2365,62899.4,0.4
1786707326,btc,1793347200000,82000.0,put,35.74,0.29682595,0.292,0.3095,63461.86,0.0
1786707326,btc,1806048000000,106000.0,put,40.53,0.65164037,0.646,0.657,64580.32,0.1
1786707326,btc,1787904000000,67000.0,call,27.05,0.00317112,0.003,0.0032,62957.79,1599.5
1786707326,btc,1786780800000,68000.0,call,43.11,3.9e-07,,0.0001,62847.24,6.4
1786707326,btc,1806048000000,125000.0,put,42.77,0.93982478,0.8715,1.02,64580.32,0.1
1786707326,btc,1787904000000,105000.0,call,63.37,6e-07,,0.0001,62957.79,169.1
1786707326,btc,1790323200000,300000.0,put,84.97,3.74770686,3.5875,3.92,63188.44,0.0
1786707326,btc,1806048000000,115000.0,call,41.48,0.00649782,0.006,0.007,64580.32,762.3
1786707326,btc,1787904000000,48000.0,call,57.37,0.23782935,0.2345,0.241,62957.79,37.5
1786707326,btc,1806048000000,86000.0,call,39.43,0.03376564,0.033,0.0345,64580.32,137.5
1786707326,btc,1787904000000,46000.0,call,61.58,0.26949489,0.2425,0.2955,62957.79,1.0
1786707326,btc,1786780800000,71000.0,call,47.3,0.0,,0.0001,62847.45,4.0
1786707326,btc,1793347200000,54000.0,put,40.74,0.01844892,0.018,0.019,63461.86,62.0
1786707326,btc,1798185600000,210000.0,put,60.78,2.28574348,2.175,2.4065,63914.65,0.0
1786707326,btc,1790323200000,35000.0,put,76.55,0.00074589,0.0007,0.0008,63188.66,893.3
1786707326,btc,1813910400000,80000.0,put,40.61,0.30194332,0.299,0.305,65312.91,8.5
1786707326,btc,1798185600000,55000.0,put,41.88,0.03971764,0.039,0.0405,63914.35,1061.2
1786707326,btc,1790323200000,98000.0,call,48.73,0.00024766,0.0002,0.0005,63188.66,366.8
1786707326,btc,1790323200000,64000.0,put,33.3,0.05196132,0.0515,0.0525,63188.44,674.8
1786707326,btc,1790323200000,135000.0,put,66.77,1.13650165,1.065,1.2155,63188.66,11.5
1786707326,btc,1813910400000,30000.0,put,58.55,0.01229994,0.0115,0.0125,65313.15,343.9
1786707326,btc,1787904000000,56000.0,put,38.21,0.00173674,0.0016,0.0019,62957.49,1460.1
1786707326,btc,1798185600000,80000.0,call,38.09,0.02229253,0.022,0.0225,63914.35,8400.3
1786707326,btc,1798185600000,105000.0,put,41.53,0.64567115,0.635,0.6595,63914.35,109.4
1786707326,btc,1790323200000,100000.0,put,50.68,0.58281655,0.576,0.5915,63188.66,431.0
1786707326,btc,1787040000000,69000.0,call,36.87,9.175e-05,,0.0001,62878.2425,0.0
1786707326,btc,1786867200000,61000.0,put,27.61,0.00053158,0.0004,0.0007,62860.74,33.5
1786707326,btc,1798185600000,200000.0,put,60.72,2.12934341,2.024,2.245,63914.65,0.0
1786707326,btc,1786953600000,58000.0,call,41.64,0.07765771,0.044,0.109,62871.19,0.0
1786707326,btc,1787904000000,64000.0,call,27.78,0.01447891,0.014,0.015,62957.79,746.0
1786707326,btc,1793347200000,64000.0,put,35.8,0.07006123,0.0695,0.071,63461.86,402.8
1786707326,btc,1787904000000,71000.0,call,30.97,0.00055482,0.0005,0.0006,62957.79,1571.2
1786707326,btc,1790323200000,102000.0,call,52.58,0.00024753,0.0002,0.0003,63188.44,98.3
1786707326,btc,1793347200000,75000.0,call,34.66,0.0130446,0.0125,0.0135,63461.86,114.2
1786707326,btc,1786867200000,63500.0,call,19.41,0.0018813,0.0016,0.002,62860.74,34.8
1786707326,btc,1806048000000,102000.0,call,40.16,0.01275546,0.012,0.0135,64580.32,105.9
1786707326,btc,1798185600000,170000.0,put,55.85,1.66009464,1.57,1.759,63914.35,0.0
1786707326,btc,1806048000000,60000.0,call,41.42,0.16287184,0.161,0.1645,64580.32,718.8
1786707326,btc,1798185600000,78000.0,put,37.85,0.24692194,0.2425,0.2495,63914.65,234.6
1786707326,btc,1787904000000,71000.0,put,30.97,0.12829328,0.091,0.1715,62957.79,11.1
1786707326,btc,1786953600000,60000.0,call,30.96,0.04614844,0.013,0.078,62871.19,0.0
1786707326,btc,1787904000000,63000.0,call,28.26,0.02163573,0.021,0.022,62957.49,981.2
1786707326,btc,1813910400000,76000.0,put,40.85,0.25719856,0.2545,0.26,65313.15,9.2
1786707326,btc,1786780800000,61000.0,call,35.52,0.02967281,0.0125,0.062,62847.45,0.0
1786707326,btc,1787299200000,68000.0,call,28.58,0.00035373,0.0003,0.0004,62899.13,2346.4
1786707326,btc,1790323200000,80000.0,call,34.73,0.00110451,0.001,0.0012,63188.44,3279.1
1786707326,btc,1793347200000,85000.0,call,36.43,0.00313705,0.003,0.0033,63461.86,9.4
1786707326,btc,1787040000000,62500.0,put,24.05,0.00710973,0.0065,0.0075,62878.2425,30.1
1786707326,btc,1813910400000,78000.0,call,40.75,0.08506263,0.084,0.086,65312.91,9.9
1786707326,btc,1793347200000,66000.0,put,35.34,0.08781579,0.0865,0.09,63461.86,54.5
1786707326,btc,1787904000000,58000.0,call,34.48,0.08221086,0.079,0.0855,62957.79,155.1
1786707326,btc,1798185600000,72000.0,call,37.88,0.04625999,0.0455,0.0465,63914.35,1182.2
1786707326,btc,1790323200000,78000.0,call,33.68,0.00160432,0.0016,0.0017,63188.44,4794.3
1786707326,btc,1813910400000,62000.0,call,42.39,0.17878185,0.1775,0.18,65313.15,94.3
1786707326,btc,1790323200000,92000.0,put,44.75,0.45635309,0.4075,0.511,63188.44,4.3
1786707326,btc,1798185600000,40000.0,put,54.94,0.00923048,0.009,0.0095,63914.35,4388.6
1786707326,btc,1798185600000,135000.0,call,48.03,0.00065023,0.0006,0.0007,63914.35,1113.8
1786707326,btc,1806048000000,58000.0,call,41.94,0.18122832,0.179,0.183,64580.32,5.2
1786707326,btc,1806048000000,94000.0,call,39.76,0.02066691,0.02,0.0215,64580.32,141.2
1786707326,btc,1787904000000,53000.0,put,44.96,0.0007464,0.0007,0.0008,62957.79,1454.5
1786707326,btc,1786780800000,66500.0,put,40.63,0.05813278,0.0225,0.0965,62847.45,0.0
1786707326,btc,1787904000000,66000.0,put,26.97,0.05374032,0.0505,0.0575,62957.79,213.1
1786707326,btc,1806048000000,72000.0,call,39.73,0.08110705,0.08,0.082,64580.32,83.0
1786707326,btc,1793347200000,76000.0,call,34.98,0.01148346,0.011,0.012,63461.86,138.0
1786707326,btc,1798185600000,104000.0,put,41.34,0.63022598,0.5735,0.6965,63914.35,0.1
1786707326,btc,1813910400000,50000.0,call,45.41,0.29267995,0.29,0.295,65313.15,17.2
1786707326,btc,1798185600000,55000.0,call,41.88,0.17919276,0.177,0.1815,63914.35,44.9
1786707326,btc,1787040000000,67000.0,call,28.15,0.00014764,0.0001,0.0002,62878.2425,0.0
1786707326,btc,1790323200000,52000.0,call,43.38,0.18278258,0.182,0.185,63188.66,75.0
1786707326,btc,1787904000000,69000.0,put,28.07,0.09708141,0.0925,0.1025,62957.79,49.4
1786707326,btc,1798185600000,240000.0,call,64.69,6.694e-05,,0.0002,63914.35,804.4
1786707326,btc,1806048000000,66000.0,put,40.38,0.13832168,0.137,0.14,64580.32,123.9
1786707326,btc,1798185600000,75000.0,call,37.79,0.03506786,0.0345,0.0355,63914.65,1945.4
1786707326,btc,1806048000000,35000.0,put,55.71,0.01148146,0.011,0.012,64580.32,577.2
1786707326,btc,1813910400000,30000.0,call,58.55,0.55297409,0.5515,0.554,65313.15,38.1
1786707326,btc,1793347200000,73000.0,call,34.65,0.01771393,0.017,0.018,63461.86,82.4
1786707326,btc,1786953600000,59000.0,call,36.36,0.06185591,0.0275,0.094,62871.19,0.0
1786707326,btc,1787904000000,61000.0,put,30.12,0.01075452,0.0105,0.011,62957.79,1348.9
1786707326,btc,1787299200000,61000.0,put,28.98,0.00493143,0.0048,0.005,62899.24,1252.4
1786707326,btc,1790323200000,50000.0,put,46.38,0.00417399,0.004,0.0043,63188.44,3757.6
1786707326,btc,1806048000000,64000.0,put,40.71,0.12163265,0.1205,0.1225,64580.32,133.1
1786707326,btc,1787904000000,61000.0,call,30.12,0.04185246,0.0395,0.0435,62957.79,610.9
1786707326,btc,1806048000000,115000.0,put,41.48,0.78725309,0.7235,0.864,64580.32,1.8
1786707326,btc,1806048000000,35000.0,call,55.71,0.46951247,0.468,0.471,64579.38,8.0
1786707326,btc,1787040000000,68000.0,put,31.9,0.08155066,0.045,0.121,62878.2425,0.0
1786707326,btc,1813910400000,54000.0,put,44.19,0.07728535,0.0765,0.078,65312.91,20.3
1786707326,btc,1790323200000,140000.0,put,69.71,1.21563049,1.141,1.2965,63188.44,1.4
1786707326,btc,1787299200000,59000.0,put,33.02,0.00155469,0.0015,0.0016,62899.13,456.4
1786707326,btc,1787904000000,70000.0,call,29.16,0.00072229,0.0006,0.0008,62957.79,2892.8
1786707326,btc,1786953600000,61000.0,call,26.09,0.03077618,0.027,0.0345,62871.19,0.0
1786707326,btc,1806048000000,108000.0,put,40.74,0.68160533,0.676,0.687,64580.32,0.1
1786707326,btc,1806048000000,180000.0,call,49.98,0.00088676,0.0007,0.0012,64580.32,640.5
1786707326,btc,1806048000000,84000.0,put,39.4,0.3389939,0.3355,0.3425,64579.38,55.1
1786707326,btc,1787904000000,76000.0,put,38.09,0.20730198,0.1675,0.2525,62957.79,5.4
1786707326,btc,1793347200000,72000.0,put,34.65,0.15508203,0.1515,0.1645,63461.86,5.1
1786707326,btc,1786780800000,65000.0,call,32.96,0.00010004,,0.0001,62847.45,151.9
1786707326,btc,1793347200000,50000.0,put,44.41,0.01074742,0.0105,0.011,63461.86,100.7
1786707326,btc,1790323200000,120000.0,call,60.47,6.67e-05,,0.0002,63188.44,1137.3
1786707326,btc,1787040000000,68000.0,call,31.9,9.55e-05,,0.0001,62878.2425,2.0
1786707326,btc,1793347200000,78000.0,call,35.17,0.00851334,0.008,0.009,63461.86,189.5
1786707326,btc,1790323200000,170000.0,put,75.32,1.69037223,1.5995,1.788,63188.44,0.0
1786707326,btc,1787040000000,63500.0,put,23.57,0.01543931,0.0145,0.016,62878.2425,8.3
1786707326,btc,1787904000000,72000.0,put,32.29,0.14401819,0.139,0.15,62957.79,86.2
1786707326,btc,1788508800000,65000.0,call,29.03,0.01512203,0.0145,0.0155,63015.0,20.3
1786707326,btc,1788508800000,66000.0,call,28.84,0.0105757,0.01,0.011,63015.0,32.0
1786707326,btc,1806048000000,88000.0,call,39.47,0.02977084,0.029,0.0305,64579.38,71.0
1786707326,btc,1806048000000,74000.0,put,39.57,0.21747115,0.215,0.2205,64580.32,54.0
1786707326,btc,1806048000000,170000.0,call,48.64,0.00107415,0.0009,0.0014,64580.32,249.8
1786707326,btc,1787904000000,73000.0,put,34.06,0.15982532,0.1205,0.2035,62957.79,5.1
1786707326,btc,1806048000000,74000.0,call,39.57,0.07159384,0.0705,0.0725,64580.32,54.9
1786707326,btc,1798185600000,64000.0,put,38.93,0.09422659,0.0935,0.095,63914.35,317.3
1786707326,btc,1787904000000,84000.0,call,50.62,5.665e-05,,0.0001,62957.79,70.2
1786707326,btc,1806048000000,54000.0,call,43.15,0.22174489,0.219,0.2245,64579.38,0.1
1786707326,btc,1786780800000,68000.0,put,43.11,0.08198886,0.046,0.1215,62847.45,0.0
1786707326,btc,1786953600000,63500.0,call,20.89,0.00345174,0.0032,0.0035,62870.86,46.4
1786707326,btc,1786780800000,67000.0,call,40.64,2.98e-06,,0.0001,62847.24,102.1
1786707326,btc,1786953600000,69000.0,call,41.49,6.858e-05,,0.0001,62871.19,0.1
1786707326,btc,1786780800000,63000.0,call,23.46,0.00341192,0.0032,0.0036,62847.24,128.8
1786707326,btc,1787040000000,61500.0,put,25.49,0.00286608,0.0026,0.0032,62878.2425,13.6
1786707326,btc,1790323200000,115000.0,call,58.83,0.00010008,,0.0001,63188.66,2184.3
1786707326,btc,1787904000000,60000.0,call,31.3,0.0542718,0.0515,0.056,62957.79,434.5
1786707326,btc,1806048000000,120000.0,put,42.41,0.86359149,0.798,0.9425,64579.38,1.8
1786707326,btc,1813910400000,84000.0,put,40.49,0.34967603,0.3465,0.353,65313.15,0.1
1786707326,btc,1793347200000,78000.0,put,35.17,0.23759493,0.233,0.242,63461.86,0.1
1786707326,btc,1787299200000,66000.0,call,25.68,0.0014188,0.0013,0.0015,62899.4,911.8
1786707326,btc,1786780800000,58000.0,put,50.31,2.92e-06,,0.0001,62847.45,16.7
1786707326,btc,1806048000000,104000.0,put,40.39,0.62191239,0.6165,0.627,64580.32,0.1
1786707326,btc,1787040000000,60000.0,put,30.27,0.00087536,0.0008,0.001,62878.2425,5.1
1786707326,btc,1787904000000,57000.0,put,36.27,0.00242582,0.0023,0.0026,62957.79,1021.2
1786707326,btc,1806048000000,94000.0,put,39.76,0.47624078,0.471,0.4805,64580.32,9.1
1786707326,btc,1788508800000,67000.0,put,28.59,0.07034834,0.067,0.0735,63015.0,0.0
1786707326,btc,1798185600000,100000.0,put,40.73,0.56872144,0.5585,0.5815,63914.35,303.3
1786707326,btc,1798185600000,75000.0,put,37.79,0.20851088,0.205,0.211,63914.35,896.2
1786707326,btc,1787904000000,70000.0,put,29.16,0.11257711,0.108,0.118,62957.79,177.4
1786707326,btc,1787904000000,60000.0,put,31.3,0.00729021,0.007,0.0075,62957.79,1624.3
1786707326,btc,1787299200000,69000.0,put,31.36,0.09723983,0.06,0.138,62899.4,0.0
1786707326,btc,1787040000000,56000.0,call,47.73,0.10953045,0.077,0.14,62878.2425,0.0
1786707326,btc,1790323200000,130000.0,call,63.53,3.185e-05,,0.0001,63188.44,1431.9
1786707326,btc,1806048000000,76000.0,call,39.42,0.0630553,0.062,0.064,64580.32,412.9
1786707326,btc,1813910400000,92000.0,call,40.51,0.04351319,0.0425,0.0445,65313.15,6.1
1786707326,btc,1786867200000,64500.0,put,20.2,0.02628386,0.0125,0.0635,62860.74,0.2
1786707326,btc,1793347200000,65000.0,put,35.56,0.0786328,0.078,0.0795,63461.86,308.0
1786707326,btc,1793347200000,59000.0,put,37.85,0.03738579,0.037,0.038,63461.86,45.0
1786707326,btc,1786953600000,63000.0,put,21.52,0.00866267,0.008,0.009,62870.86,68.6
1786707326,btc,1790323200000,92000.0,call,44.75,0.00038966,0.0003,0.0004,63188.66,489.6
1786707326,btc,1790323200000,125000.0,call,61.77,4.307e-05,,0.0002,63188.66,2323.7
1786707326,btc,1793347200000,82000.0,call,35.74,0.00471454,0.0045,0.0049,63461.86,23.8
1786707326,btc,1798185600000,120000.0,put,45.09,0.87880144,0.866,0.895,63914.35,35.6
1786707326,btc,1787299200000,60000.0,put,31.26,0.0028574,0.0028,0.003,62899.4,972.1
1786707326,btc,1787904000000,56000.0,call,38.21,0.11225288,0.109,0.1155,62957.79,63.4
1786707326,btc,1788508800000,66000.0,put,28.84,0.05794355,0.056,0.063,63015.0,1.0
1786707326,btc,1798185600000,220000.0,put,61.32,2.442173,2.326,2.568,63914.35,0.0
1786707326,btc,1813910400000,70000.0,put,41.33,0.19606748,0.1935,0.198,65312.91,9.6
1786707326,btc,1806048000000,65000.0,call,40.54,0.12330624,0.122,0.1245,64580.32,364.2
1786707326,btc,1806048000000,130000.0,call,43.47,0.00349109,0.0032,0.0038,64580.32,1068.3
1786707326,btc,1786780800000,69000.0,call,45.34,5e-08,,0.0001,62847.45,16.8
1786707326,btc,1790323200000,175000.0,call,75.32,3.09e-06,,0.0001,63188.44,1355.3
1786707326,btc,1786780800000,65000.0,put,32.96,0.03435372,0.013,0.0725,62847.45,0.0
1786707326,btc,1787904000000,74000.0,put,35.55,0.17563852,0.136,0.219,62957.79,3.3
1786707326,btc,1787904000000,50000.0,call,52.6,0.20620562,0.202,0.2095,62957.79,51.0
1786707326,btc,1806048000000,84000.0,call,39.4,0.03826831,0.0375,0.039,64580.32,266.4
1786707326,btc,1813910400000,160000.0,call,45.2,0.00379838,0.0035,0.0041,65312.91,514.3
1786707326,btc,1813910400000,170000.0,put,46.09,1.6058485,1.516,1.71,65312.91,14.6
1786707326,btc,1790323200000,86000.0,put,39.28,0.3615484,0.3155,0.4135,63188.66,11.6
1786707326,btc,1787299200000,75000.0,call,48.82,9.681e-05,,0.0001,62899.13,1530.3
1786707326,btc,1786867200000,61500.0,call,24.61,0.02253214,0.013,0.0555,62861.07,0.0
1786707326,btc,1790323200000,68000.0,call,32.32,0.01703155,0.0165,0.0175,63188.66,881.8
1786707326,btc,1790323200000,280000.0,call,81.51,0.0,,0.0001,63188.66,91.7
1786707326,btc,1798185600000,230000.0,call,63.04,6.997e-05,,0.0002,63914.35,195.9
1786707326,btc,1786780800000,66500.0,call,40.63,1.17e-05,,0.0001,62847.24,116.9
1786707326,btc,1798185600000,50000.0,put,45.02,0.02381003,0.023,0.024,63914.35,1933.8
1786707326,btc,1787904000000,65000.0,call,27.23,0.00906053,0.0085,0.0095,62957.49,1460.8
1786707326,btc,1786780800000,65500.0,call,36.55,5.805e-05,,0.0001,62847.45,5187.0
1786707326,btc,1786780800000,62000.0,call,27.03,0.01448119,0.0115,0.0275,62847.45,0.0
1786707326,btc,1787904000000,68000.0,put,27.24,0.08189196,0.0775,0.086,62957.49,87.0
1786707326,btc,1787040000000,70000.0,put,41.65,0.1133509,0.076,0.1545,62878.2425,0.0
1786707326,btc,1787040000000,57000.0,call,42.52,0.09366361,0.0605,0.125,62878.2425,0.0
1786707326,btc,1787904000000,76000.0,call,38.09,0.00014532,0.0001,0.0002,62957.79,1017.2
1786707326,btc,1788508800000,55000.0,put,39.05,0.00280927,0.0027,0.003,63015.0,84.7
1786707326,btc,1798185600000,54000.0,put,42.46,0.03593844,0.0355,0.0365,63914.65,1814.7
1786707326,btc,1798185600000,92000.0,put,39.19,0.44695793,0.4415,0.4525,63914.35,4.6
1786707326,btc,1787904000000,40000.0,call,69.36,0.36466539,0.3635,0.386,62957.79,23.4
1786707326,btc,1806048000000,78000.0,put,39.42,0.26359475,0.2605,0.2665,64580.32,183.0
1786707326,btc,1790323200000,54000.0,call,40.85,0.15357243,0.1525,0.1725,63188.44,7.2
1786707326,btc,1798185600000,108000.0,call,42.27,0.0023952,0.0022,0.0026,63914.35,123.4
1786707326,btc,1798185600000,60000.0,put,39.91,0.06543694,0.0645,0.066,63914.35,6452.3
1786707326,btc,1787299200000,55000.0,call,45.85,0.12593136,0.094,0.157,62899.4,0.0
1786707326,btc,1813910400000,58000.0,call,43.18,0.21243563,0.21,0.2135,65313.15,5.1
1786707326,btc,1798185600000,250000.0,put,64.88,2.91152407,2.7795,3.0545,63914.35,10.0
1786707326,btc,1790323200000,85000.0,call,38.15,0.00055446,0.0005,0.0008,63188.66,1201.0
1786707326,btc,1806048000000,190000.0,put,51.3,1.94286931,1.843,2.054,64580.32,0.9
1786707326,btc,1798185600000,160000.0,call,54.46,0.00040081,0.0003,0.0006,63914.35,1224.0
1786707326,btc,1798185600000,88000.0,put,38.54,0.38735342,0.359,0.427,63914.35,4.2
1786707326,btc,1787040000000,62500.0,call,24.05,0.01312521,0.0125,0.0135,62878.2425,0.0
1786707326,btc,1798185600000,96000.0,put,39.91,0.5075106,0.454,0.5715,63914.65,11.3
1786707326,btc,1790323200000,96000.0,put,46.72,0.51951393,0.469,0.576,63188.66,1.0
1786707326,btc,1798185600000,90000.0,call,38.85,0.00887885,0.0085,0.009,63914.35,3333.7
1786707326,btc,1806048000000,66000.0,call,40.38,0.116323,0.115,0.1175,64580.32,26.9
1786707326,btc,1813910400000,62000.0,put,42.39,0.12805529,0.127,0.1295,65312.91,69.4
1786707326,btc,1786953600000,59000.0,put,36.36,0.00028047,0.0002,0.0004,62871.19,50.3
1786707326,btc,1786953600000,61500.0,put,24.26,0.00167234,0.0015,0.0018,62870.86,39.9
1786707326,btc,1806048000000,200000.0,put,52.19,2.09756823,1.9925,2.214,64580.32,1.0
1786707326,btc,1806048000000,45000.0,call,47.61,0.33039809,0.327,0.3335,64580.32,3.3
1786707326,btc,1790323200000,30000.0,put,87.87,0.00040265,0.0003,0.0004,63188.66,2608.4
1786707326,btc,1793347200000,95000.0,call,39.73,0.00104701,0.0009,0.0012,63461.86,31.7
1786707326,btc,1790323200000,260000.0,call,78.83,1e-08,,0.0001,63188.44,292.0
1786707326,btc,1806048000000,160000.0,call,47.33,0.00135282,0.0012,0.0016,64580.32,860.6
1786707326,btc,1793347200000,50000.0,call,44.41,0.22287461,0.22,0.2255,63461.86,0.1
1786707326,btc,1787299200000,55000.0,put,45.85,0.00034338,0.0003,0.0004,62899.4,120.4
1786707326,btc,1798185600000,66000.0,put,38.6,0.11142192,0.11,0.1125,63914.35,364.9
1786707326,btc,1790323200000,82000.0,call,36.3,0.00085466,0.0008,0.0009,63188.66,2574.4
1786707326,btc,1786780800000,66000.0,put,40.4,0.05020413,0.0155,0.0885,62847.24,0.0
1786707326,btc,1806048000000,92000.0,put,39.63,0.44787168,0.4435,0.4525,64580.32,0.6
1786707326,btc,1798185600000,190000.0,put,59.28,1.97291962,1.8725,2.083,63914.35,0.0
1786707326,btc,1798185600000,35000.0,call,61.0,0.45812939,0.455,0.4605,63914.35,77.8
1786707326,btc,1798185600000,160000.0,put,54.46,1.5037459,1.419,1.5975,63914.35,0.0
1786707326,btc,1798185600000,120000.0,call,45.09,0.00129261,0.0011,0.0015,63914.35,6032.1
1786707326,btc,1786867200000,60000.0,put,34.72,0.00027834,0.0002,0.0004,62860.74,40.0
1786707326,btc,1806048000000,72000.0,put,39.73,0.1960147,0.1935,0.1985,64579.38,139.1
1786707326,btc,1787299200000,65000.0,call,25.01,0.00313582,0.003,0.0033,62899.13,445.5
1786707326,btc,1787299200000,68000.0,put,28.58,0.08144495,0.045,0.122,62899.13,1.5
1786707326,btc,1798185600000,150000.0,call,52.66,0.0005356,0.0004,0.0007,63914.35,1628.9
1786707326,btc,1793347200000,58000.0,put,38.22,0.03242296,0.032,0.033,63461.86,49.1
1786707326,btc,1806048000000,58000.0,put,41.94,0.07934837,0.0785,0.08,64580.32,114.8
1786707326,btc,1787040000000,60000.0,call,30.27,0.04665021,0.0135,0.079,62878.2425,0.0
1786707326,btc,1787904000000,54000.0,put,42.75,0.000987,0.0009,0.0011,62957.79,1669.4
1786707326,btc,1787904000000,81000.0,call,47.28,9.831e-05,,0.0001,62957.79,1455.3
1786707326,btc,1788508800000,67000.0,call,28.59,0.00711128,0.0065,0.0075,63015.0,120.1
1786707326,btc,1786780800000,60000.0,put,45.58,0.00013645,0.0001,0.0002,62847.24,143.8
1786707326,btc,1787904000000,95000.0,call,59.46,6.75e-06,,0.0001,62957.79,62.7
1786707326,btc,1813910400000,100000.0,call,40.76,0.03022397,0.0295,0.031,65313.15,114.9
1786707326,btc,1790323200000,88000.0,call,40.74,0.00044043,0.0003,0.0005,63188.44,658.2
1786707326,btc,1787040000000,60500.0,put,28.3,0.00122644,0.0011,0.0014,62878.2425,1.4
1786707326,btc,1798185600000,66000.0,call,38.6,0.07879207,0.078,0.0795,63914.35,274.8
1786707326,btc,1798185600000,102000.0,call,40.96,0.00350545,0.0033,0.0037,63914.35,218.6
1786707326,btc,1787904000000,69000.0,call,28.07,0.00111023,0.001,0.0012,62957.79,1596.5
1786707326,btc,1806048000000,104000.0,call,40.39,0.01149023,0.011,0.012,64580.32,101.4
1786707326,btc,1793347200000,84000.0,call,36.24,0.00360943,0.0034,0.0038,63461.86,32.9
1786707326,btc,1787904000000,95000.0,put,59.46,0.50895258,0.4585,0.564,62957.79,0.3
1786707326,btc,1798185600000,170000.0,call,55.85,0.00029048,0.0002,0.0005,63914.65,2379.5
1786707326,btc,1790323200000,65000.0,call,32.86,0.03211536,0.0315,0.0325,63188.44,1352.2
1786707326,btc,1793347200000,85000.0,put,36.43,0.34252083,0.2965,0.397,63461.86,0.0
1786707326,btc,1806048000000,130000.0,put,43.47,1.01651879,0.946,1.099,64580.32,0.3
1786707326,btc,1787299200000,72000.0,put,40.2,0.14482099,0.106,0.1875,62899.4,0.0
1786707326,btc,1806048000000,80000.0,put,39.41,0.28804164,0.2845,0.291,64580.32,139.2
1786707326,btc,1786867200000,58000.0,put,43.57,4.447e-05,,0.0001,62860.74,4.9
1786707326,btc,1787299200000,69000.0,call,31.36,0.00025021,0.0002,0.0003,62899.4,744.2
1786707326,btc,1788508800000,63000.0,put,29.92,0.02839973,0.028,0.029,63015.0,41.6
1786707326,btc,1787904000000,62000.0,call,29.31,0.0310183,0.0305,0.0315,62957.79,900.8
1786707326,btc,1787299200000,53000.0,call,54.15,0.15762801,0.1265,0.187,62899.4,0.0
1786707326,btc,1793347200000,52000.0,call,42.38,0.1945731,0.192,0.1975,63461.86,0.1
1786707326,btc,1790323200000,300000.0,call,84.97,0.0,,0.0001,63188.66,192.1
1786707326,btc,1806048000000,40000.0,call,51.05,0.39808395,0.395,0.4015,64580.32,81.3
1786707326,btc,1786867200000,69000.0,call,42.9,1.023e-05,,0.0001,62860.74,9.0
1786707326,btc,1790323200000,135000.0,call,66.77,3.356e-05,,0.0001,63188.44,271.9
1786707326,btc,1813910400000,64000.0,call,42.07,0.1635888,0.1625,0.1645,65312.91,19.9
1786707326,btc,1790323200000,72000.0,put,32.21,0.1460179,0.142,0.1495,63188.66,264.7
1786707326,btc,1806048000000,85000.0,put,39.41,0.3521431,0.348,0.356,64580.32,0.9
1786707326,btc,1787904000000,55000.0,call,40.48,0.12770294,0.123,0.1315,62957.79,11.8
1786707326,btc,1790323200000,62000.0,put,34.15,0.03687738,0.0365,0.0375,63188.44,1193.8
1786707326,btc,1786953600000,66000.0,put,24.75,0.04986634,0.0155,0.088,62870.86,0.4
1786707326,btc,1806048000000,55000.0,call,42.8,0.21109273,0.2085,0.214,64580.32,28.6
1786707326,btc,1793347200000,75000.0,put,34.66,0.19485381,0.191,0.2175,63461.86,6.1
1786707326,btc,1806048000000,62000.0,call,40.99,0.14592338,0.1445,0.1475,64580.32,41.9
1786707326,btc,1787904000000,110000.0,call,65.75,2.3e-07,,0.0001,62957.79,117.3
1786707326,btc,1786867200000,64000.0,put,19.65,0.01878206,0.0155,0.0235,62860.74,0.1
1786707326,btc,1813910400000,150000.0,put,44.75,1.3018835,1.221,1.398,65313.15,0.0
1786707326,btc,1790323200000,120000.0,put,60.47,0.89914944,0.8905,0.9125,63188.44,174.5
1786707326,btc,1787904000000,94000.0,call,59.46,9.66e-06,,0.0001,62957.79,218.8
1786707326,btc,1813910400000,52000.0,call,44.75,0.27103644,0.2685,0.274,65312.91,1.1
1786707326,btc,1786780800000,63500.0,call,23.57,0.00113153,0.001,0.0012,62847.45,142.2
1786707326,btc,1787299200000,62000.0,put,26.74,0.00846762,0.008,0.009,62899.13,646.3
1786707326,btc,1788508800000,58000.0,put,34.37,0.00644464,0.006,0.007,63015.0,227.4
1786707326,btc,1790323200000,50000.0,call,46.38,0.21288952,0.212,0.2165,63188.44,30.5
1786707326,btc,1787904000000,96000.0,call,59.46,4.7e-06,,0.0001,62957.79,25.3
1786707326,btc,1786953600000,64000.0,call,21.0,0.00168553,0.0015,0.0017,62871.19,33.0
1786707326,btc,1790323200000,96000.0,call,46.72,0.00024773,0.0002,0.0004,63188.66,301.8
1786707326,btc,1806048000000,112000.0,call,41.12,0.00750083,0.007,0.008,64580.32,62.6
1786707326,btc,1793347200000,84000.0,put,36.24,0.32723575,0.281,0.3815,63462.18,0.3
1786707326,btc,1806048000000,82000.0,call,39.34,0.04328067,0.0425,0.044,64580.32,708.4
1786707326,btc,1793347200000,67000.0,call,35.23,0.04202081,0.0415,0.0425,63461.86,67.8
1786707326,btc,1790323200000,55000.0,call,39.6,0.13931565,0.1385,0.142,63188.66,143.7
1786707326,btc,1786867200000,71000.0,call,43.15,2.8e-07,,0.0001,62860.74,2.0
1786707326,btc,1786780800000,63500.0,put,23.57,0.01151782,0.01,0.0135,62847.45,61.9
1786707326,btc,1786780800000,61500.0,call,31.11,0.02193516,0.0125,0.044,62847.24,0.0
1786707326,btc,1787299200000,58000.0,put,35.94,0.00098312,0.0009,0.0011,62899.13,549.7
1786707326,btc,1813910400000,88000.0,call,40.48,0.05255302,0.0515,0.0535,65313.15,5.9
1786707326,btc,1798185600000,74000.0,put,37.84,0.19635489,0.1935,0.198,63914.65,106.0
1786707326,btc,1813910400000,45000.0,call,47.55,0.35121089,0.3485,0.354,65313.15,0.5
1786707326,btc,1790323200000,74000.0,call,32.56,0.00406592,0.0039,0.0042,63188.44,1163.3
1786707326,btc,1813910400000,54000.0,call,44.19,0.25049881,0.248,0.2515,65313.15,0.9
1786707326,btc,1786953600000,65500.0,put,22.81,0.04197056,0.009,0.08,62871.19,0.0
1786707326,btc,1798185600000,84000.0,call,38.25,0.01525886,0.015,0.0155,63914.35,779.4
1786707326,btc,1793347200000,65000.0,call,35.56,0.05439814,0.0535,0.055,63461.86,422.8
1786707326,btc,1787904000000,85000.0,call,50.89,3.978e-05,,0.0001,62957.79,326.5
1786707326,btc,1790323200000,76000.0,put,33.0,0.20526727,0.2,0.2115,63188.66,599.6
1786707326,btc,1787904000000,98000.0,call,59.46,2.25e-06,,0.0001,62957.79,160.6
1786707326,btc,1787040000000,66000.0,call,26.22,0.00039473,0.0003,0.0005,62878.2425,10.0
1786707326,btc,1786867200000,62500.0,put,20.54,0.00339025,0.0032,0.0037,62861.07,38.9
1786707326,btc,1790323200000,54000.0,put,40.85,0.00815682,0.008,0.0085,63188.44,622.7
1786707326,btc,1786953600000,62000.0,call,22.9,0.01678173,0.014,0.0305,62871.19,0.0
1786707326,btc,1787904000000,100000.0,call,59.75,1.17e-06,,0.0001,62957.79,179.6
1786707326,btc,1798185600000,76000.0,call,37.84,0.03204734,0.0315,0.032,63914.35,388.0
1786707326,btc,1787040000000,62000.0,call,24.48,0.0184631,0.016,0.0195,62878.2425,0.0
1786707326,btc,1788508800000,60000.0,call,32.05,0.05965074,0.057,0.0615,63015.0,0.0
1786707326,btc,1813910400000,86000.0,put,40.5,0.37459828,0.3715,0.378,65312.91,0.1
1786707326,btc,1787040000000,66000.0,put,26.22,0.05004239,0.016,0.089,62878.2425,0.0
1786707326,btc,1786867200000,68000.0,put,37.91,0.08176302,0.0455,0.121,62860.74,0.0
1786707326,btc,1813910400000,92000.0,put,40.51,0.45211248,0.448,0.4565,65312.91,0.1
1786707326,btc,1787904000000,82000.0,call,48.84,8.9e-05,,0.0001,62957.79,1506.8
1786707326,btc,1798185600000,104000.0,call,41.34,0.00305166,0.0028,0.0033,63914.35,87.7
1786707326,btc,1790323200000,66000.0,call,32.54,0.02612162,0.0255,0.0265,63188.44,1179.2
1786707326,btc,1790323200000,155000.0,put,75.11,1.45300255,1.3705,1.5425,63188.44,0.1
1786707326,btc,1786780800000,59000.0,call,50.17,0.06124935,0.027,0.0935,62847.45,0.0
1786707326,btc,1790323200000,105000.0,call,53.66,0.00018066,0.0001,0.0003,63188.44,1217.2
1786707326,btc,1798185600000,88000.0,call,38.54,0.01051362,0.01,0.011,63914.35,2722.1
1786707326,btc,1793347200000,72000.0,call,34.65,0.02054518,0.02,0.0205,63461.86,213.1
1786707326,btc,1786867200000,65000.0,put,22.42,0.03413055,0.0125,0.0715,62860.74,0.0
1786707326,btc,1813910400000,56000.0,put,43.67,0.08840376,0.0875,0.0895,65312.91,42.0
1786707326,btc,1806048000000,105000.0,put,40.4,0.63669216,0.6315,0.642,64580.32,0.4
1786707326,btc,1787904000000,80000.0,put,45.21,0.27078961,0.2655,0.2775,62957.79,29.6
1786707326,btc,1786953600000,62000.0,put,22.9,0.00292279,0.0026,0.0032,62871.19,144.5
1786707326,btc,1793347200000,63000.0,call,36.11,0.06948309,0.069,0.0705,63462.18,152.3
1786707326,btc,1793347200000,90000.0,put,38.03,0.41992132,0.371,0.4755,63461.86,0.1
1786707326,btc,1813910400000,105000.0,put,40.96,0.63183235,0.627,0.637,65312.91,0.1
1786707326,btc,1787904000000,52000.0,put,47.42,0.0005887,0.0005,0.0007,62957.79,1362.8
1786707326,btc,1793347200000,73000.0,put,34.65,0.16800824,0.1645,0.217,63461.86,0.0
1786707326,btc,1790323200000,82000.0,put,36.3,0.2985612,0.2935,0.3055,63188.44,194.1
1786707326,btc,1806048000000,112000.0,put,41.12,0.74180162,0.736,0.7475,64580.32,0.1
1786707326,btc,1798185600000,58000.0,call,40.59,0.14637892,0.1445,0.1485,63914.35,41.8
1786707326,btc,1787904000000,65000.0,put,27.23,0.04149715,0.04,0.0435,62957.79,911.8
1786707326,btc,1793347200000,56000.0,put,39.33,0.02444267,0.024,0.025,63461.86,39.3
1786707326,btc,1787299200000,62000.0,call,26.74,0.0227668,0.0225,0.0235,62899.13,41.2
1786707326,btc,1788508800000,62000.0,put,30.7,0.02167928,0.0215,0.022,63015.0,35.1
1786707326,btc,1790323200000,66000.0,put,32.54,0.07061713,0.069,0.0725,63188.44,868.2
1786707326,btc,1813910400000,90000.0,call,40.48,0.04777516,0.047,0.0485,65312.91,93.2
1786707326,btc,1798185600000,85000.0,call,38.41,0.01401468,0.0135,0.014,63914.65,2291.1
1786707326,btc,1798185600000,98000.0,put,40.24,0.53800989,0.4835,0.6025,63914.35,1.2
1786707326,btc,1787904000000,90000.0,put,55.07,0.42954211,0.3815,0.482,62957.79,11.1
1786707326,btc,1806048000000,78000.0,call,39.42,0.05577814,0.055,0.0565,64580.32,456.8
1786707326,btc,1787904000000,85000.0,put,50.89,0.35014921,0.3055,0.3995,62957.79,0.8
1786707326,btc,1790323200000,200000.0,put,75.38,2.1651382,2.0585,2.28,63188.44,0.1
1786707326,btc,1787904000000,68000.0,call,27.24,0.00180027,0.0017,0.0019,62957.79,1380.9
1786707326,btc,1787904000000,52000.0,call,47.42,0.1746394,0.17,0.178,62957.79,51.0
1786707326,btc,1786780800000,58000.0,call,50.31,0.0771304,0.044,0.108,62847.24,0.0
1786707326,btc,1798185600000,78000.0,call,37.85,0.02654162,0.026,0.027,63914.36,564.9
1786707326,btc,1790323200000,85000.0,put,38.15,0.34573807,0.34,0.3545,63188.44,453.0
1786707326,btc,1787904000000,54000.0,call,42.75,0.14327043,0.1385,0.147,62957.79,12.2
1786707326,btc,1787299200000,70000.0,call,33.07,0.00014607,0.0001,0.0002,62899.13,1546.1
1786707326,btc,1798185600000,95000.0,put,39.79,0.49234796,0.4865,0.4975,63914.36,85.9
1786707326,btc,1786867200000,57000.0,call,48.31,0.09326175,0.0605,0.124,62860.74,0.0
1786707326,eth,1788508800000,2400.0,call,47.58,0.00071,0.0006,0.0008,1878.11,18.0
1786707326,eth,1806048000000,3400.0,put,56.1,0.802439,0.7815,0.8135,1913.68,6.0
1786707326,eth,1786867200000,2060.0,put,45.15,0.098034,0.056,0.1445,1876.1,0.0
1786707326,eth,1786953600000,1760.0,call,41.96,0.062567,0.024,0.0995,1876.23,0.0
1786707326,eth,1793347200000,1400.0,call,57.32,0.271972,0.268,0.2765,1885.41,50.0
1786707326,eth,1798185600000,2600.0,call,52.53,0.030731,0.03,0.0315,1894.27,6519.0
1786707326,eth,1813910400000,2400.0,call,56.04,0.128334,0.127,0.1295,1932.52,669.0
1786707326,eth,1813910400000,5000.0,call,59.49,0.015017,0.0145,0.0155,1932.52,585.0
1786707326,eth,1813910400000,2500.0,put,56.04,0.409726,0.406,0.416,1932.52,6.0
1786707326,eth,1793347200000,1850.0,put,49.81,0.081043,0.08,0.082,1885.4,1125.0
1786707326,eth,1787904000000,1750.0,put,42.68,0.008884,0.0085,0.009,1877.53,23114.0
1786707326,eth,1798185600000,4200.0,call,59.82,0.002545,0.0023,0.0025,1894.27,4356.0
1786707326,eth,1790323200000,8500.0,call,99.33,1e-06,,0.0002,1880.21,1253.0
1786707326,eth,1806048000000,5000.0,put,60.63,1.618764,1.5135,1.743,1913.68,0.0
1786707326,eth,1790323200000,4500.0,put,86.31,1.393542,1.3015,1.495,1880.2,6.0
1786707326,eth,1786867200000,2100.0,put,47.07,0.119341,0.077,0.1665,1876.12,0.0
1786707326,eth,1793347200000,3200.0,call,55.86,0.002371,0.0022,0.0023,1885.4,1268.0
1786707326,eth,1787904000000,1400.0,put,67.93,0.00053,0.0004,0.0007,1877.53,7262.0
1786707326,eth,1787299200000,2100.0,call,39.7,0.000407,0.0003,0.0005,1876.64,4724.0
1786707326,eth,1806048000000,800.0,call,72.27,0.591435,0.5895,0.601,1913.67,0.0
1786707326,eth,1806048000000,4400.0,call,58.73,0.009507,0.009,0.01,1913.68,1082.0
1786707326,eth,1798185600000,3000.0,put,53.93,0.598163,0.587,0.6085,1894.28,781.0
1786707326,eth,1786953600000,1700.0,put,54.59,0.000346,0.0003,0.0004,1876.23,2134.0
1786707326,eth,1790323200000,2500.0,put,49.43,0.333146,0.3255,0.341,1880.2,3042.0
1786707326,eth,1790323200000,13000.0,call,119.8,0.0,,0.0003,1880.2,1873.0
1786707326,eth,1790323200000,7200.0,put,99.33,2.829385,2.6815,2.9885,1880.2,0.0
1786707326,eth,1813910400000,1900.0,put,56.7,0.197616,0.196,0.2,1932.52,3092.0
1786707326,eth,1798185600000,4500.0,call,61.1,0.001786,0.0015,0.0022,1894.28,2934.0
1786707326,eth,1793347200000,1000.0,put,73.07,0.002732,0.0025,0.003,1885.41,1855.0
1786707326,eth,1813910400000,1400.0,call,59.33,0.354988,0.352,0.357,1932.52,50.0
1786707326,eth,1806048000000,2300.0,call,54.56,0.101992,0.1015,0.103,1913.68,5119.0
1786707326,eth,1786780800000,2040.0,call,50.83,2e-06,,0.0001,1875.92,1044.0
1786707326,eth,1787904000000,1850.0,call,39.67,0.038481,0.0375,0.039,1877.53,4304.0
1786707326,eth,1790323200000,6400.0,call,99.33,2e-05,,0.0002,1880.2,1918.0
1786707326,eth,1798185600000,3500.0,put,56.47,0.854171,0.7785,0.9445,1894.27,51.0
1786707326,eth,1806048000000,6000.0,call,63.6,0.003201,0.003,0.0034,1913.68,5165.0
1786707326,eth,1787299200000,2400.0,call,58.6,2.8e-05,,0.0001,1876.64,1334.0
1786707326,eth,1787299200000,1900.0,put,34.33,0.025752,0.025,0.0265,1876.64,985.0
1786707326,eth,1786780800000,2020.0,call,46.64,3e-06,,0.0001,1875.92,125.0
1786707326,eth,1787904000000,1200.0,call,85.21,0.361004,0.357,0.3675,1877.54,69.0
1786707326,eth,1806048000000,3500.0,put,56.17,0.851723,0.829,0.8635,1913.68,24.0
1786707326,eth,1793347200000,3400.0,put,57.7,0.804928,0.734,0.8855,1885.41,0.0
1786707326,eth,1790323200000,3500.0,put,67.72,0.861823,0.8515,0.871,1880.2,1133.0
1786707326,eth,1788508800000,1900.0,put,41.9,0.046263,0.0455,0.047,1878.11,267.0
1786707326,eth,1798185600000,5200.0,call,66.18,0.00119,0.001,0.0014,1894.28,8859.0
1786707326,eth,1790323200000,6500.0,call,99.33,1.7e-05,,0.0002,1880.2,1337.0
1786707326,eth,1793347200000,2250.0,call,49.26,0.03052,0.03,0.031,1885.41,337.0
1786707326,eth,1786780800000,1900.0,put,29.46,0.014278,0.012,0.019,1875.92,92.0
1786707326,eth,1793347200000,1900.0,put,49.5,0.094695,0.0935,0.0955,1885.4,488.0
1786707326,eth,1786780800000,1950.0,put,37.7,0.039596,0.027,0.0835,1875.92,0.0
1786707326,eth,1786780800000,1900.0,call,29.46,0.001447,0.0013,0.0016,1875.92,1477.0
1786707326,eth,1790323200000,8000.0,put,99.33,3.254868,3.091,3.4315,1880.2,0.0
1786707326,eth,1786953600000,2000.0,put,32.97,0.066118,0.025,0.1105,1876.24,0.0
1786707326,eth,1790323200000,6800.0,call,99.33,1e-05,,0.0002,1880.21,1462.0
1786707326,eth,1798185600000,4600.0,put,62.04,1.430073,1.3355,1.538,1894.27,0.0
1786707326,eth,1806048000000,900.0,call,68.75,0.542865,0.5405,0.5535,1913.68,68.0
1786707326,eth,1787904000000,2500.0,call,55.26,0.00015,0.0001,0.0002,1877.53,28355.0
1786707326,eth,1790323200000,3600.0,call,69.69,0.000289,0.0002,0.0004,1880.2,2723.0
1786707326,eth,1790323200000,4600.0,put,88.21,1.446728,1.3525,1.5505,1880.21,38.0
1786707326,eth,1806048000000,900.0,put,68.75,0.013163,0.013,0.014,1913.67,767.0
1786707326,eth,1786953600000,1740.0,put,45.92,0.000482,0.0004,0.0006,1876.23,51.0
1786707326,eth,1787040000000,2000.0,put,34.38,0.06642,0.026,0.111,1876.3400000000001,0.0
1786707326,eth,1813910400000,2600.0,put,56.04,0.450402,0.446,0.457,1932.52,0.0
1786707326,eth,1786953600000,1600.0,put,73.31,0.000136,0.0001,0.0002,1876.23,188.0
1786707326,eth,1786867200000,1780.0,call,40.93,0.051629,0.029,0.089,1876.12,0.0
1786707326,eth,1790323200000,15000.0,put,127.3,6.977875,6.6705,7.3085,1880.2,0.0
1786707326,eth,1790323200000,12000.0,put,115.57,5.3823,5.136,5.647,1880.2,0.0
1786707326,eth,1786867200000,1600.0,put,70.66,1e-05,,0.0001,1876.12,267.0
1786707326,eth,1786953600000,1780.0,call,38.64,0.052174,0.0455,0.0585,1876.23,0.0
1786707326,eth,1793347200000,2300.0,put,49.36,0.245965,0.2385,0.3055,1885.41,0.0
1786707326,eth,1793347200000,3600.0,put,59.58,0.910539,0.836,0.9945,1885.41,0.0
1786707326,eth,1787040000000,1860.0,call,32.04,0.017882,0.017,0.0185,1876.3400000000001,0.0
1786707326,eth,1798185600000,3000.0,call,53.93,0.014448,0.014,0.015,1894.28,5212.0
1786707326,eth,1798185600000,4200.0,put,59.82,1.219746,1.1325,1.321,1894.27,62.0
1786707326,eth,1786953600000,2050.0,put,41.05,0.092708,0.0505,0.1385,1876.24,0.0
1786707326,eth,1806048000000,2100.0,call,54.68,0.133214,0.132,0.1345,1913.67,884.0
1786707326,eth,1806048000000,1300.0,call,59.84,0.364363,0.362,0.3675,1913.68,50.0
1786707326,eth,1798185600000,2200.0,put,51.99,0.230244,0.2265,0.2335,1894.28,9290.0
1786707326,eth,1790323200000,1500.0,call,54.81,0.211162,0.207,0.215,1880.2,976.0
1786707326,eth,1793347200000,2200.0,put,49.17,0.202508,0.198,0.208,1885.41,19.0
1786707326,eth,1786867200000,1820.0,call,32.56,0.030926,0.0245,0.039,1876.1,0.0
1786707326,eth,1787904000000,3000.0,put,75.18,0.597878,0.5365,0.665,1877.54,5.0
1786707326,eth,1787040000000,1760.0,call,40.85,0.063123,0.057,0.07,1876.3400000000001,0.0
1786707326,eth,1786867200000,1840.0,put,29.53,0.002,0.0018,0.0022,1876.1,740.0
1786707326,eth,1798185600000,2100.0,call,51.97,0.08401,0.083,0.085,1894.28,1703.0
1786707326,eth,1786867200000,2050.0,put,44.47,0.092712,0.0505,0.138,1876.12,0.0
1786707326,eth,1793347200000,2500.0,put,50.16,0.340015,0.331,0.3815,1885.4,1.0
1786707326,eth,1787040000000,1920.0,put,31.41,0.027833,0.023,0.032,1876.3400000000001,0.0
1786707326,eth,1786953600000,2040.0,call,39.1,9.2e-05,,0.0001,1876.23,109.0
1786707326,eth,1786953600000,2050.0,call,41.05,9.1e-05,,0.0001,1876.23,122.0
1786707326,eth,1787040000000,1980.0,put,33.22,0.056111,0.048,0.086,1876.3400000000001,0.0
1786707326,eth,1806048000000,4800.0,call,60.1,0.007,0.0065,0.0075,1913.68,2857.0
1786707326,eth,1790323200000,3100.0,call,59.67,0.00056,0.0003,0.0008,1880.2,2161.0
1786707326,eth,1790323200000,1600.0,put,51.55,0.015424,0.015,0.016,1880.2,8025.0
1786707326,eth,1798185600000,3300.0,call,55.3,0.008703,0.008,0.0095,1894.27,1913.0
1786707326,eth,1787299200000,1750.0,put,40.79,0.002728,0.0025,0.0029,1876.64,3045.0
1786707326,eth,1786867200000,1900.0,call,26.62,0.002878,0.0026,0.0031,1876.12,714.0
1786707326,eth,1787904000000,3400.0,put,84.51,0.810898,0.7415,0.8865,1877.54,1.0
1786707326,eth,1787904000000,2400.0,call,50.98,0.000245,0.0002,0.0003,1877.53,17635.0
1786707326,eth,1787904000000,2400.0,put,50.98,0.27852,0.23,0.333,1877.53,2.0
1786707326,eth,1793347200000,2150.0,put,49.16,0.18202,0.178,0.1865,1885.4,1.0
1786707326,eth,1786867200000,1800.0,call,36.72,0.041186,0.028,0.0785,1876.12,0.0
1786707326,eth,1787040000000,1780.0,call,38.12,0.052914,0.047,0.057,1876.3400000000001,0.0
1786707326,eth,1798185600000,1200.0,call,62.15,0.382476,0.379,0.3855,1894.27,341.0
1786707326,eth,1798185600000,3500.0,call,56.47,0.006503,0.006,0.007,1894.27,28522.0
1786707326,eth,1806048000000,2500.0,put,54.62,0.384598,0.38,0.391,1913.68,560.0
1786707326,eth,1798185600000,1200.0,put,62.15,0.015962,0.0155,0.0165,1894.27,7264.0
1786707326,eth,1790323200000,4400.0,call,84.36,0.00018,0.0001,0.0004,1880.2,4356.0
1786707326,eth,1793347200000,4000.0,call,63.8,0.000682,0.0005,0.0009,1885.41,420.0
1786707326,eth,1787040000000,2020.0,put,34.58,0.076822,0.0355,0.122,1876.3400000000001,0.0
1786707326,eth,1786780800000,1600.0,call,76.45,0.14709,0.141,0.153,1875.92,0.0
1786707326,eth,1793347200000,2400.0,call,49.67,0.01905,0.0185,0.0195,1885.4,1454.0
1786707326,eth,1806048000000,1300.0,put,59.84,0.043683,0.043,0.0445,1913.68,1536.0
1786707326,eth,1813910400000,4500.0,put,58.63,1.3496,1.311,1.427,1932.5,1.0
1786707326,eth,1786780800000,1920.0,call,32.82,0.000508,0.0004,0.0006,1875.92,1909.0
1786707326,eth,1793347200000,2100.0,call,49.16,0.048578,0.0475,0.049,1885.41,1237.0
1786707326,eth,1798185600000,2700.0,call,52.81,0.025263,0.0245,0.026,1894.27,3080.0
1786707326,eth,1786953600000,1980.0,put,31.03,0.055572,0.0155,0.0995,1876.24,80.0
1786707326,eth,1793347200000,2000.0,put,49.16,0.12605,0.1245,0.129,1885.41,92.0
1786707326,eth,1787904000000,1600.0,put,51.24,0.002126,0.0021,0.0023,1877.53,13874.0
1786707326,eth,1813910400000,1800.0,call,57.06,0.23785,0.2345,0.238,1932.5,1472.0
1786707326,eth,1793347200000,3000.0,call,54.08,0.003702,0.0035,0.0037,1885.41,754.0
1786707326,eth,1790323200000,2000.0,call,46.38,0.037651,0.037,0.038,1880.21,28412.0
1786707326,eth,1798185600000,4500.0,put,61.1,1.377358,1.2845,1.4835,1894.27,2.0
1786707326,eth,1793347200000,2600.0,put,50.87,0.389543,0.3795,0.399,1885.4,95.0
1786707326,eth,1786780800000,1760.0,put,61.36,0.00016,0.0001,0.0003,1875.92,68.0
1786707326,eth,1798185600000,2900.0,put,53.49,0.5482,0.538,0.6165,1894.27,173.0
1786707326,eth,1813910400000,2000.0,call,56.34,0.19297,0.1915,0.193,1932.5,1868.0
1786707326,eth,1798185600000,4800.0,put,63.14,1.535381,1.4365,1.6475,1894.27,77.0
1786707326,eth,1786780800000,1750.0,call,64.02,0.067256,0.029,0.1045,1875.92,0.0
1786707326,eth,1793347200000,4000.0,put,63.8,1.122248,1.04,1.214,1885.41,0.0
1786707326,eth,1813910400000,3000.0,call,56.3,0.071335,0.07,0.072,1932.52,490.0
1786707326,eth,1798185600000,5000.0,put,64.29,1.640759,1.538,1.7565,1894.27,2.0
1786707326,eth,1793347200000,2600.0,call,50.87,0.010525,0.01,0.011,1885.4,560.0
1786707326,eth,1806048000000,3800.0,put,57.07,1.002435,0.9815,1.1045,1913.68,1.0
1786707326,eth,1798185600000,2300.0,put,52.02,0.270405,0.267,0.275,1894.27,5186.0
1786707326,eth,1790323200000,6000.0,put,99.33,2.191192,2.0685,2.325,1880.2,0.0
1786707326,eth,1798185600000,2100.0,put,51.97,0.192611,0.19,0.196,1894.27,3184.0
1786707326,eth,1786780800000,1980.0,call,42.93,3.1e-05,,0.0001,1875.92,666.0
1786707326,eth,1787040000000,1980.0,call,33.22,0.000861,0.0007,0.001,1876.3325,4.0
1786707326,eth,1786780800000,1860.0,put,30.42,0.002545,0.0023,0.0029,1875.92,559.0
1786707326,eth,1806048000000,2200.0,call,54.58,0.116522,0.1155,0.1175,1913.68,4038.0
1786707326,eth,1787299200000,1650.0,call,50.28,0.121543,0.115,0.1275,1876.64,1.0
1786707326,eth,1787040000000,1720.0,put,46.44,0.000614,0.0005,0.0008,1876.3325,0.0
1786707326,eth,1798185600000,3100.0,call,54.28,0.012048,0.0115,0.0125,1894.27,2325.0
1786707326,eth,1793347200000,2050.0,call,49.16,0.056416,0.0555,0.057,1885.41,399.0
1786707326,eth,1787904000000,1950.0,call,38.63,0.015086,0.0145,0.0155,1877.53,5297.0
1786707326,eth,1806048000000,1600.0,call,56.63,0.255764,0.253,0.2585,1913.68,923.0
1786707326,eth,1798185600000,3200.0,call,54.82,0.010237,0.0095,0.011,1894.27,67901.0
1786707326,eth,1798185600000,4400.0,call,60.86,0.002048,0.0018,0.002,1894.28,3322.0
1786707326,eth,1806048000000,4000.0,call,57.6,0.013708,0.013,0.0145,1913.68,2195.0
1786707326,eth,1790323200000,7400.0,put,99.33,2.935755,2.784,3.0995,1880.2,0.0
1786707326,eth,1786953600000,1960.0,call,30.09,0.00057,0.0005,0.0006,1876.23,7.0
1786707326,eth,1793347200000,2100.0,put,49.16,0.1624,0.1575,0.165,1885.41,1.0
1786707326,eth,1786780800000,2050.0,call,52.17,1e-06,,0.0001,1875.92,699.0
1786707326,eth,1788508800000,2100.0,call,41.93,0.00706,0.0065,0.0075,1878.11,121.0
1786707326,eth,1787904000000,1300.0,call,76.44,0.307874,0.303,0.313,1877.53,51.0
1786707326,eth,1790323200000,2800.0,put,53.9,0.490345,0.482,0.4995,1880.2,1287.0
1786707326,eth,1787904000000,1500.0,call,58.74,0.202038,0.198,0.205,1877.53,443.0
1786707326,eth,1790323200000,6200.0,call,99.33,2.9e-05,,0.0002,1880.21,2026.0
1786707326,eth,1787904000000,2800.0,put,67.65,0.491376,0.434,0.554,1877.54,0.0
1786707326,eth,1786953600000,1920.0,put,28.64,0.025848,0.0205,0.031,1876.24,0.0
1786707326,eth,1787299200000,1700.0,put,45.13,0.001371,0.0012,0.0015,1876.64,11969.0
1786707326,eth,1806048000000,4600.0,call,59.28,0.008017,0.0075,0.0085,1913.68,958.0
1786707326,eth,1790323200000,1700.0,put,49.1,0.026354,0.026,0.027,1880.21,4822.0
1786707326,eth,1793347200000,3600.0,call,59.58,0.001129,0.001,0.0013,1885.41,763.0
1786707326,eth,1806048000000,2000.0,call,54.85,0.152244,0.151,0.1535,1913.68,1861.0
1786707326,eth,1790323200000,5600.0,put,99.33,1.978496,1.864,2.1035,1880.2,0.0
1786707326,eth,1788508800000,2200.0,call,43.48,0.00313,0.0029,0.0033,1878.11,0.0
1786707326,eth,1790323200000,5500.0,call,99.33,0.000109,,0.0002,1880.21,2065.0
1786707326,eth,1813910400000,5000.0,put,59.49,1.602326,1.5615,1.682,1932.52,0.0
1786707326,eth,1787299200000,1600.0,call,55.97,0.147896,0.142,0.154,1876.64,0.0
1786707326,eth,1786953600000,1880.0,put,28.85,0.011218,0.0105,0.0115,1876.24,311.0
1786707326,eth,1813910400000,3500.0,call,56.92,0.045545,0.0445,0.0465,1932.5,2219.0
1786707326,eth,1813910400000,3600.0,put,57.07,0.904683,0.8725,0.916,1932.52,0.0
1786707326,eth,1790323200000,1700.0,call,49.1,0.122195,0.118,0.1255,1880.2,2254.0
1786707326,eth,1806048000000,1400.0,put,58.52,0.056888,0.056,0.058,1913.68,1719.0
1786707326,eth,1786867200000,1600.0,call,70.66,0.147181,0.141,0.1535,1876.12,0.0
1786707326,eth,1787040000000,2050.0,call,37.48,0.000148,0.0001,0.0002,1876.3400000000001,1.0
1786707326,eth,1790323200000,7500.0,put,99.33,2.98894,2.8355,3.1545,1880.2,0.0
1786707326,eth,1806048000000,1800.0,put,55.45,0.138709,0.1375,0.14,1913.68,4407.0
1786707326,eth,1790323200000,2200.0,call,46.73,0.014433,0.014,0.015,1880.2,7786.0
1786707326,eth,1786867200000,1760.0,call,45.42,0.062173,0.029,0.099,1876.12,0.0
1786707326,eth,1806048000000,3500.0,call,56.17,0.022786,0.022,0.0235,1913.68,4513.0
1786707326,eth,1790323200000,5500.0,put,99.33,1.925329,1.8125,2.0485,1880.21,1.0
1786707326,eth,1786953600000,1820.0,call,32.55,0.032081,0.0265,0.035,1876.23,0.0
1786707326,eth,1793347200000,2200.0,call,49.17,0.035647,0.035,0.036,1885.4,1243.0
1786707326,eth,1786953600000,1750.0,put,43.97,0.000546,0.0005,0.0007,1876.23,20.0
1786707326,eth,1813910400000,1500.0,put,58.57,0.098147,0.097,0.0995,1932.52,436.0
1786707326,eth,1787904000000,2600.0,put,61.67,0.384943,0.3315,0.4435,1877.53,1.0
1786707326,eth,1806048000000,3600.0,put,56.58,0.901862,0.88,0.945,1913.68,1.0
1786707326,eth,1786780800000,1600.0,put,76.45,0.0,,0.0001,1875.92,153.0
1786707326,eth,1790323200000,2900.0,call,55.41,0.000827,0.0008,0.001,1880.2,5698.0
1786707326,eth,1806048000000,1900.0,call,55.08,0.173736,0.1725,0.175,1913.67,2393.0
1786707326,eth,1790323200000,5400.0,put,98.69,1.872156,1.7615,1.9935,1880.21,4.0
1786707326,eth,1787904000000,3600.0,call,84.51,2e-06,,0.0001,1877.53,1218.0
1786707326,eth,1790323200000,1900.0,put,46.57,0.068578,0.0675,0.0695,1880.2,17766.0
1786707326,eth,1790323200000,3400.0,put,65.23,0.80865,0.798,0.82,1880.2,870.0
1786707326,eth,1806048000000,1900.0,put,55.08,0.166588,0.1655,0.168,1913.68,2691.0
1786707326,eth,1787904000000,3800.0,call,84.51,0.0,,0.0001,1877.53,398.0
1786707326,eth,1788508800000,1850.0,put,42.33,0.033001,0.0325,0.0335,1878.11,13.0
1786707326,eth,1786780800000,2000.0,put,43.48,0.066145,0.029,0.1105,1875.92,2.0
1786707326,eth,1790323200000,7400.0,call,99.33,3e-06,,0.0001,1880.21,1019.0
1786707326,eth,1790323200000,5200.0,put,98.59,1.76584,1.6595,1.883,1880.2,3.0
1786707326,eth,1788508800000,1850.0,call,42.33,0.047963,0.0475,0.049,1878.11,51.0
1786707326,eth,1787040000000,1820.0,call,34.12,0.033686,0.0285,0.0365,1876.3325,0.0
1786707326,eth,1790323200000,14000.0,put,123.7,6.446017,6.1585,6.755,1880.2,0.0
1786707326,eth,1798185600000,2600.0,put,52.53,0.403285,0.395,0.4125,1894.28,1065.0
1786707326,eth,1790323200000,6400.0,put,99.33,2.403913,2.273,2.5455,1880.2,0.0
1786707326,eth,1787904000000,2050.0,put,39.77,0.097046,0.0895,0.115,1877.53,180.0
1786707326,eth,1786953600000,1940.0,call,28.94,0.001166,0.001,0.0012,1876.23,83.0
1786707326,eth,1790323200000,6600.0,put,99.33,2.510279,2.375,2.6565,1880.2,0.0
1786707326,eth,1790323200000,2800.0,call,53.9,0.001141,0.001,0.0013,1880.2,7338.0
1786707326,eth,1787904000000,1950.0,put,38.63,0.053684,0.051,0.057,1877.54,2620.0
1786707326,eth,1798185600000,2900.0,call,53.49,0.017276,0.0165,0.018,1894.27,2326.0
1786707326,eth,1787299200000,1700.0,call,45.13,0.095497,0.089,0.1015,1876.64,50.0
1786707326,eth,1787299200000,2050.0,call,37.58,0.000945,0.0008,0.001,1876.64,5113.0
1786707326,eth,1806048000000,2700.0,put,54.8,0.471111,0.4655,0.4785,1913.68,147.0
1786707326,eth,1787040000000,1720.0,call,46.44,0.083932,0.0775,0.0905,1876.3400000000001,0.0
1786707326,eth,1786867200000,1760.0,put,45.42,0.000284,0.0002,0.0004,1876.12,120.0
1786707326,eth,1787040000000,2000.0,call,34.38,0.000511,0.0004,0.0006,1876.3325,0.0
1786707326,eth,1790323200000,3500.0,call,67.72,0.000319,0.0002,0.0005,1880.2,15577.0
1786707326,eth,1786867200000,1880.0,call,27.02,0.006691,0.006,0.007,1876.12,870.0
1786707326,eth,1790323200000,1800.0,call,47.43,0.08625,0.0855,0.0875,1880.2,6560.0
1786707326,eth,1786780800000,1740.0,call,65.55,0.072549,0.0335,0.1095,1875.92,0.0
1786707326,eth,1787040000000,1740.0,put,43.43,0.000803,0.0007,0.0009,1876.3325,25.0
1786707326,eth,1806048000000,3400.0,call,56.1,0.025758,0.025,0.0265,1913.68,1870.0
1786707326,eth,1786780800000,1880.0,put,29.24,0.006789,0.006,0.0075,1875.92,959.0
1786707326,eth,1786780800000,1780.0,call,55.87,0.051395,0.0285,0.089,1875.92,0.0
1786707326,eth,1813910400000,900.0,put,67.38,0.022195,0.0215,0.023,1932.52,779.0
1786707326,eth,1788508800000,1600.0,put,51.47,0.005134,0.0049,0.0055,1878.11,547.0
1786707326,eth,1813910400000,1300.0,call,60.34,0.390725,0.388,0.3935,1932.5,108.0
1786707326,eth,1787904000000,1600.0,call,51.24,0.149943,0.1455,0.153,1877.53,885.0
1786707326,eth,1790323200000,1850.0,put,46.94,0.05513,0.0545,0.0555,1880.21,2197.0
1786707326,eth,1798185600000,1500.0,call,55.88,0.251228,0.2485,0.2545,1894.27,763.0
1786707326,eth,1793347200000,3400.0,call,57.7,0.001597,0.0014,0.0018,1885.41,1283.0
1786707326,eth,1786953600000,1920.0,call,28.64,0.002519,0.0022,0.0026,1876.24,73.0
1786707326,eth,1787904000000,1300.0,put,76.44,0.000273,0.0002,0.0004,1877.53,8973.0
1786707326,eth,1786953600000,1750.0,call,43.97,0.067825,0.0295,0.105,1876.23,0.0
1786707326,eth,1787040000000,1900.0,call,31.29,0.007564,0.007,0.008,1876.3400000000001,0.0
1786707326,eth,1790323200000,5000.0,put,95.36,1.659471,1.557,1.772,1880.21,2.0
1786707326,eth,1787904000000,1450.0,call,63.15,0.228406,0.223,0.234,1877.54,51.0
1786707326,eth,1798185600000,11000.0,put,90.06,4.80716,4.5825,4.825,1894.28,109.0
1786707326,eth,1798185600000,2800.0,call,53.09,0.020785,0.02,0.0215,1894.28,9170.0
1786707326,eth,1793347200000,1800.0,call,50.15,0.113983,0.112,0.1165,1885.4,102.0
1786707326,eth,1786780800000,1940.0,call,35.25,0.000158,0.0001,0.0002,1875.92,263.0
1786707326,eth,1813910400000,1800.0,put,57.06,0.169281,0.1675,0.171,1932.52,305.0
1786707326,eth,1798185600000,3400.0,put,55.89,0.802384,0.7895,0.815,1894.27,89.0
1786707326,eth,1798185600000,8000.0,put,76.32,3.223463,3.0605,3.4015,1894.27,0.0
1786707326,eth,1793347200000,2500.0,call,50.16,0.014036,0.0135,0.0145,1885.4,1058.0
1786707326,eth,1787904000000,1800.0,put,40.89,0.014723,0.014,0.015,1877.54,5117.0
1786707326,eth,1787040000000,1960.0,put,32.71,0.046159,0.0385,0.053,1876.3400000000001,0.0
1786707326,eth,1786953600000,1600.0,call,73.31,0.147362,0.141,0.153,1876.23,0.0
1786707326,eth,1798185600000,1000.0,put,68.74,0.007923,0.0075,0.0085,1894.27,19472.0
1786707326,eth,1806048000000,3300.0,put,55.82,0.753212,0.734,0.837,1913.68,1.0
1786707326,eth,1790323200000,14000.0,call,123.7,0.0,,0.0001,1880.2,1212.0
1786707326,eth,1787904000000,2000.0,put,38.82,0.074033,0.0705,0.079,1877.54,598.0
1786707326,eth,1787904000000,3600.0,put,84.51,0.917415,0.8435,0.997,1877.54,18.0
1786707326,eth,1787040000000,1960.0,call,32.71,0.001568,0.0014,0.0017,1876.3400000000001,4.0
1786707326,eth,1798185600000,1400.0,call,57.57,0.292285,0.289,0.2955,1894.27,946.0
1786707326,eth,1806048000000,2600.0,put,54.67,0.427142,0.422,0.434,1913.68,626.0
1786707326,eth,1786780800000,1780.0,put,55.87,0.000257,0.0002,0.0004,1875.92,141.0
1786707326,eth,1787299200000,1850.0,call,35.33,0.027099,0.0265,0.028,1876.64,610.0
1786707326,eth,1790323200000,1850.0,call,46.94,0.071192,0.0705,0.072,1880.2,1689.0
1786707326,eth,1790323200000,4600.0,call,88.21,0.00018,0.0001,0.0003,1880.21,3955.0
1786707326,eth,1806048000000,2800.0,call,54.91,0.052936,0.052,0.054,1913.68,4821.0
1786707326,eth,1787040000000,1600.0,call,67.66,0.147513,0.141,0.154,1876.3400000000001,0.0
1786707326,eth,1790323200000,10000.0,call,105.8,0.0,,0.0001,1880.2,1561.0
1786707326,eth,1813910400000,2300.0,call,56.05,0.141944,0.1405,0.143,1932.52,215.0
1786707326,eth,1813910400000,2700.0,call,56.08,0.095116,0.094,0.096,1932.52,295.0
1786707326,eth,1786867200000,1960.0,put,30.69,0.044904,0.029,0.088,1876.1,12.0
1786707326,eth,1788508800000,1950.0,put,41.59,0.062389,0.058,0.0655,1878.11,22.0
1786707326,eth,1786867200000,2200.0,put,48.51,0.172639,0.128,0.2215,1876.1,0.0
1786707326,eth,1787040000000,2050.0,put,37.48,0.092705,0.051,0.1385,1876.3400000000001,0.0
1786707326,eth,1787904000000,1900.0,put,38.88,0.036748,0.036,0.0375,1877.53,7072.0
1786707326,eth,1790323200000,3800.0,put,71.96,1.021256,0.9435,1.107,1880.2,954.0
1786707326,eth,1790323200000,16000.0,call,130.17,0.0,,0.0001,1880.2,7426.0
1786707326,eth,1786867200000,1960.0,call,30.69,0.000189,0.0001,0.0003,1876.12,1772.0
1786707326,eth,1787299200000,1900.0,call,34.33,0.013304,0.013,0.014,1876.64,2514.0
1786707326,eth,1798185600000,3300.0,put,55.3,0.75079,0.7385,0.763,1894.28,10.0
1786707326,eth,1798185600000,3400.0,call,55.89,0.007507,0.007,0.008,1894.27,13053.0
1786707326,eth,1790323200000,3200.0,call,61.56,0.000463,0.0004,0.0007,1880.2,7856.0
1786707326,eth,1790323200000,6200.0,put,99.33,2.297551,2.1705,2.435,1880.21,0.0
1786707326,eth,1798185600000,2000.0,call,52.14,0.102451,0.1015,0.1035,1894.28,10810.0
1786707326,eth,1787904000000,1700.0,call,45.04,0.099927,0.0955,0.1035,1877.53,1002.0
1786707326,eth,1790323200000,1000.0,put,82.62,0.00084,0.0008,0.001,1880.2,9681.0
1786707326,eth,1786953600000,1900.0,call,28.55,0.00503,0.0046,0.005,1876.23,142.0
1786707326,eth,1786867200000,1840.0,call,29.53,0.021247,0.016,0.0335,1876.1,0.0
1786707326,eth,1790323200000,1000.0,call,82.62,0.468982,0.466,0.4755,1880.21,125.0
1786707326,eth,1786780800000,2020.0,put,46.64,0.076802,0.0355,0.122,1875.92,10.0
1786707326,eth,1786953600000,1980.0,call,31.03,0.000264,0.0002,0.0003,1876.23,16.0
1786707326,eth,1793347200000,1850.0,call,49.81,0.099819,0.099,0.1005,1885.4,822.0
1786707326,eth,1786953600000,1700.0,call,54.59,0.094273,0.0875,0.1005,1876.23,0.0
1786707326,eth,1813910400000,3800.0,put,57.37,1.0018,0.967,1.014,1932.52,2.0
1786707326,eth,1786780800000,1720.0,put,70.43,5.5e-05,,0.0001,1875.92,164.0
1786707326,eth,1798185600000,1800.0,call,52.89,0.150063,0.149,0.1515,1894.27,2476.0
1786707326,eth,1798185600000,800.0,put,76.47,0.003524,0.0032,0.0039,1894.27,6168.0
1786707326,eth,1787040000000,2020.0,call,34.58,0.000254,0.0002,0.0003,1876.3325,1.0
1786707326,eth,1806048000000,4800.0,put,60.1,1.515257,1.4135,1.637,1913.68,0.0
1786707326,eth,1793347200000,2250.0,put,49.26,0.2239,0.217,0.25,1885.4,1.0
1786707326,eth,1790323200000,5200.0,call,98.59,0.000177,0.0001,0.0002,1880.2,1681.0
1786707326,eth,1786780800000,2000.0,call,43.48,7e-06,,0.0001,1875.92,320.0
1786707326,eth,1787904000000,3400.0,call,84.51,8e-06,,0.0001,1877.54,600.0
1786707326,eth,1786867200000,1940.0,put,28.81,0.034504,0.0225,0.078,1876.12,0.0
1786707326,eth,1786780800000,2100.0,call,54.8,0.0,,0.0001,1875.92,75.0
1786707326,eth,1813910400000,3000.0,put,56.3,0.62372,0.618,0.632,1932.52,63.0
1786707326,eth,1787904000000,2000.0,call,38.82,0.008804,0.0085,0.009,1877.54,9835.0
1786707326,eth,1806048000000,800.0,put,72.27,0.009477,0.009,0.01,1913.68,2802.0
1786707326,eth,1793347200000,2300.0,call,49.36,0.026065,0.0255,0.0265,1885.4,777.0
1786707326,eth,1798185600000,1500.0,put,55.88,0.043085,0.0425,0.0435,1894.27,16741.0
1786707326,eth,1798185600000,2000.0,put,52.14,0.158261,0.157,0.162,1894.28,7986.0
1786707326,eth,1787299200000,1500.0,put,68.97,0.000251,0.0002,0.0003,1876.64,987.0
1786707326,eth,1787904000000,2200.0,put,43.29,0.172816,0.167,0.1795,1877.53,681.0
1786707326,eth,1806048000000,4200.0,call,58.15,0.011351,0.0105,0.012,1913.68,2820.0
1786707326,eth,1798185600000,800.0,call,76.47,0.5812,0.579,0.589,1894.27,171.0
1786707326,eth,1806048000000,4500.0,call,59.1,0.008804,0.008,0.0095,1913.67,2399.0
1786707326,eth,1798185600000,5500.0,call,66.53,0.000824,0.0006,0.0011,1894.28,1617.0
1786707326,eth,1798185600000,4000.0,call,58.86,0.003251,0.003,0.0035,1894.28,16975.0
1786707326,eth,1793347200000,1000.0,call,73.07,0.47234,0.4695,0.4775,1885.41,0.0
1786707326,eth,1786780800000,2040.0,put,50.83,0.087463,0.0455,0.1335,1875.92,0.0
1786707326,eth,1790323200000,9000.0,put,100.09,3.786725,3.6025,3.9855,1880.2,0.0
1786707326,eth,1790323200000,1200.0,call,69.31,0.363761,0.36,0.3715,1880.21,138.0
1786707326,eth,1788508800000,1800.0,put,43.28,0.022954,0.0225,0.0235,1878.11,368.0
1786707326,eth,1787904000000,1700.0,put,45.04,0.005372,0.005,0.0055,1877.53,8572.0
1786707326,eth,1790323200000,2300.0,put,47.32,0.232079,0.2265,0.2375,1880.2,1089.0
1786707326,eth,1813910400000,2100.0,put,56.28,0.261087,0.259,0.2635,1932.52,87.0
1786707326,eth,1798185600000,1000.0,call,68.74,0.480018,0.4765,0.485,1894.27,54.0
1786707326,eth,1798185600000,2800.0,put,53.09,0.498919,0.489,0.509,1894.27,2141.0
1786707326,eth,1790323200000,3000.0,call,57.17,0.000636,0.0005,0.0008,1880.2,28577.0
1786707326,eth,1786867200000,1980.0,call,33.76,0.000107,,0.0001,1876.1,1159.0
1786707326,eth,1790323200000,4000.0,put,76.01,1.127613,1.046,1.218,1880.2,140.0
1786707326,eth,1786867200000,2060.0,call,45.15,1.8e-05,,0.0001,1876.1,0.0
1786707326,eth,1793347200000,1800.0,put,50.15,0.068687,0.068,0.0695,1885.4,992.0
1786707326,eth,1790323200000,6500.0,put,99.33,2.457096,2.324,2.601,1880.21,0.0
1786707326,eth,1798185600000,4400.0,put,60.86,1.324831,1.234,1.4295,1894.28,20.0
1786707326,eth,1787904000000,2200.0,call,43.29,0.001064,0.0009,0.0012,1877.53,8611.0
1786707326,eth,1790323200000,3400.0,call,65.23,0.000332,0.0002,0.0005,1880.2,7035.0
1786707326,eth,1790323200000,5800.0,put,99.33,2.08484,1.966,2.214,1880.21,0.0
1786707326,eth,1790323200000,4400.0,put,84.36,1.340357,1.25,1.4395,1880.21,281.0
1786707326,eth,1787904000000,2350.0,put,49.38,0.252001,0.2035,0.3055,1877.53,100.0
1786707326,eth,1813910400000,1200.0,call,61.53,0.428797,0.426,0.431,1932.52,55.0
1786707326,eth,1787040000000,1700.0,put,49.6,0.000486,0.0004,0.0006,1876.3400000000001,248.0
1786707326,eth,1793347200000,1200.0,call,64.24,0.369874,0.3665,0.3775,1885.41,0.0
1786707326,eth,1793347200000,1700.0,call,51.21,0.146547,0.144,0.1475,1885.4,51.0
1786707326,eth,1798185600000,1300.0,put,59.63,0.02247,0.022,0.023,1894.28,1974.0
1786707326,eth,1788508800000,2400.0,put,47.58,0.278598,0.23,0.3345,1878.11,0.0
1786707326,eth,1790323200000,2600.0,call,50.67,0.002288,0.0021,0.0025,1880.2,10930.0
1786707326,eth,1798185600000,7000.0,put,73.27,2.695705,2.5525,2.8525,1894.27,0.0
1786707326,eth,1806048000000,1200.0,put,61.53,0.033133,0.0325,0.034,1913.68,1470.0
1786707326,eth,1813910400000,4000.0,call,57.71,0.030281,0.0295,0.031,1932.5,4059.0
1786707326,eth,1790323200000,7000.0,put,99.33,2.723015,2.5795,2.8775,1880.2,0.0
1786707326,eth,1786867200000,1800.0,put,36.72,0.000618,0.0005,0.0008,1876.1,197.0
1786707326,eth,1786867200000,2100.0,call,47.07,4e-06,,0.0001,1876.12,122.0
1786707326,eth,1790323200000,1900.0,call,46.57,0.058048,0.0575,0.0585,1880.2,11075.0
1786707326,eth,1798185600000,2300.0,call,52.02,0.056223,0.0555,0.057,1894.27,7638.0
1786707326,eth,1786867200000,2040.0,call,42.65,2.8e-05,,0.0001,1876.12,5.0
1786707326,eth,1806048000000,1800.0,call,55.45,0.198113,0.1955,0.201,1913.68,3788.0
1786707326,eth,1787904000000,2050.0,call,39.77,0.005186,0.0048,0.0055,1877.53,7762.0
1786707326,eth,1793347200000,3000.0,put,54.08,0.594877,0.5315,0.6695,1885.41,72.0
1786707326,eth,1787904000000,1800.0,call,40.89,0.056016,0.052,0.058,1877.53,6075.0
1786707326,eth,1786867200000,1740.0,put,50.56,0.000229,0.0002,0.0003,1876.1,1000.0
1786707326,eth,1786953600000,1780.0,put,38.64,0.000885,0.0008,0.001,1876.23,2001.0
1786707326,eth,1813910400000,1900.0,call,56.7,0.214439,0.2125,0.216,1932.52,118.0
1786707326,eth,1787040000000,1940.0,put,31.77,0.036579,0.032,0.042,1876.3400000000001,0.0
1786707326,eth,1806048000000,3700.0,call,56.77,0.018493,0.018,0.019,1913.68,1475.0
1786707326,eth,1806048000000,5000.0,call,60.63,0.005997,0.0055,0.0065,1913.68,1887.0
1786707326,eth,1806048000000,2000.0,put,54.85,0.197351,0.1965,0.199,1913.68,1508.0
1786707326,eth,1786953600000,2000.0,call,32.97,0.00015,,0.0002,1876.24,31.0
1786707326,eth,1790323200000,2100.0,put,46.41,0.140447,0.1385,0.145,1880.21,2713.0
1786707326,eth,1806048000000,1200.0,call,61.53,0.406068,0.403,0.4085,1913.68,69.0
1786707326,eth,1786953600000,1940.0,put,28.94,0.035155,0.028,0.0415,1876.23,0.0
1786707326,eth,1790323200000,2700.0,put,52.12,0.43758,0.4295,0.4465,1880.2,527.0
1786707326,eth,1806048000000,2500.0,call,54.62,0.078214,0.077,0.079,1913.68,9272.0
1786707326,eth,1790323200000,16000.0,put,130.17,7.509733,7.1815,7.8625,1880.2,30.0
1786707326,eth,1787299200000,1500.0,call,68.97,0.20095,0.195,0.207,1876.64,0.0
1786707326,eth,1786867200000,2050.0,call,44.47,2.5e-05,,0.0001,1876.12,511.0
1786707326,eth,1790323200000,2300.0,call,47.32,0.008805,0.0085,0.0095,1880.2,12440.0
1786707326,eth,1790323200000,1400.0,put,58.76,0.00522,0.005,0.0055,1880.2,9827.0
1786707326,eth,1806048000000,1500.0,put,57.46,0.072888,0.072,0.074,1913.68,3978.0
1786707326,eth,1787299200000,1950.0,put,34.34,0.044701,0.0415,0.049,1876.64,922.0
1786707326,eth,1806048000000,4500.0,put,59.1,1.360294,1.2635,1.477,1913.68,0.0
1786707326,eth,1786867200000,2000.0,put,37.13,0.066106,0.0285,0.1105,1876.12,0.0
1786707326,eth,1813910400000,2700.0,put,56.08,0.492263,0.4875,0.499,1932.52,0.0
1786707326,eth,1790323200000,1600.0,call,51.55,0.16445,0.161,0.1685,1880.2,3576.0
1786707326,eth,1786953600000,1840.0,call,30.53,0.022983,0.019,0.0255,1876.23,49.0
1786707326,eth,1806048000000,3000.0,put,55.25,0.608908,0.6,0.618,1913.68,352.0
1786707326,eth,1788508800000,1750.0,call,44.47,0.083753,0.08,0.087,1878.11,50.0
1786707326,eth,1813910400000,2900.0,call,56.22,0.078434,0.077,0.0795,1932.52,61.0
1786707326,eth,1786780800000,1820.0,call,41.52,0.03038,0.019,0.068,1875.92,50.0
1786707326,eth,1813910400000,1700.0,put,57.42,0.143,0.1415,0.1445,1932.52,2962.0
1786707326,eth,1798185600000,5200.0,put,66.18,1.746297,1.6395,1.867,1894.28,0.0
1786707326,eth,1793347200000,1200.0,put,64.24,0.006343,0.006,0.007,1885.4,2260.0
1786707326,eth,1798185600000,4800.0,call,63.14,0.001437,0.0012,0.0017,1894.27,2770.0
1786707326,eth,1813910400000,2000.0,put,56.34,0.227894,0.227,0.2305,1932.52,213.0
1786707326,eth,1806048000000,1500.0,call,57.46,0.289058,0.286,0.2915,1913.68,244.0
1786707326,eth,1788508800000,1600.0,call,51.47,0.153209,0.1475,0.156,1878.11,0.0
1786707326,eth,1786780800000,2100.0,put,54.8,0.119445,0.0765,0.166,1875.92,0.0
1786707326,eth,1798185600000,2700.0,put,52.81,0.450606,0.442,0.459,1894.27,446.0
1786707326,eth,1790323200000,3800.0,call,71.96,0.000194,0.0001,0.0003,1880.21,2047.0
1786707326,eth,1790323200000,7500.0,call,99.33,3e-06,,0.0002,1880.2,1322.0
1786707326,eth,1790323200000,6800.0,put,99.33,2.616646,2.4775,2.767,1880.21,0.0
1786707326,eth,1786953600000,1820.0,put,32.55,0.002111,0.0019,0.0023,1876.23,206.0
1786707326,eth,1787299200000,1950.0,call,34.34,0.00561,0.005,0.006,1876.64,6507.0
1786707326,eth,1786953600000,1760.0,put,41.96,0.000619,0.0005,0.0008,1876.23,1000.0
1786707326,eth,1786780800000,1960.0,put,40.35,0.044899,0.0285,0.089,1875.92,0.0
1786707326,eth,1786867200000,1920.0,put,27.32,0.024524,0.0025,0.066,1876.12,0.0
1786707326,eth,1790323200000,3300.0,call,63.03,0.000367,0.0003,0.0006,1880.21,17701.0
1786707326,eth,1793347200000,1950.0,put,49.26,0.109663,0.1085,0.112,1885.4,444.0
1786707326,eth,1798185600000,7000.0,call,73.27,0.00037,0.0003,0.0006,1894.27,2825.0
1786707326,eth,1786953600000,1840.0,put,30.53,0.003673,0.0035,0.0039,1876.24,707.0
1786707326,eth,1787040000000,1940.0,call,31.77,0.002647,0.0024,0.0028,1876.3400000000001,19.0
1786707326,eth,1787040000000,1600.0,put,67.66,0.00024,0.0002,0.0003,1876.3400000000001,76.0
1786707326,eth,1806048000000,3300.0,call,55.82,0.028786,0.028,0.0295,1913.68,1910.0
1786707326,eth,1787904000000,2250.0,call,45.14,0.000698,0.0006,0.0008,1877.53,2910.0
1786707326,eth,1798185600000,1800.0,put,52.89,0.100292,0.0995,0.101,1894.27,5617.0
1786707326,eth,1787299200000,1400.0,call,78.09,0.254072,0.2485,0.2595,1876.64,0.0
1786707326,eth,1790323200000,2200.0,put,46.73,0.184521,0.179,0.1895,1880.2,5506.0
1786707326,eth,1786867200000,2040.0,put,42.65,0.087384,0.0455,0.1325,1876.12,0.0
1786707326,eth,1813910400000,1400.0,put,59.33,0.079435,0.0785,0.0805,1932.52,1794.0
1786707326,eth,1798185600000,1300.0,call,59.63,0.336193,0.3325,0.34,1894.27,50.0
1786707326,eth,1790323200000,3200.0,put,61.56,0.702409,0.694,0.7135,1880.2,1323.0
1786707326,eth,1787904000000,2600.0,call,61.67,0.000145,0.0001,0.0002,1877.53,6678.0
1786707326,eth,1806048000000,3000.0,call,55.25,0.041247,0.0405,0.042,1913.68,4700.0
1786707326,eth,1813910400000,1600.0,call,57.91,0.291306,0.29,0.294,1932.5,367.0
1786707326,eth,1786953600000,2040.0,put,39.1,0.087378,0.0465,0.1325,1876.23,0.0
1786707326,eth,1790323200000,1200.0,put,69.31,0.001991,0.002,0.0022,1880.2,11239.0
1786707326,eth,1798185600000,5000.0,call,64.29,0.001234,0.001,0.0015,1894.28,4541.0
1786707326,eth,1786867200000,1750.0,call,48.61,0.067495,0.029,0.1045,1876.12,0.0
1786707326,eth,1806048000000,2900.0,put,55.07,0.56209,0.554,0.5705,1913.67,258.0
1786707326,eth,1793347200000,1700.0,put,51.21,0.048212,0.0475,0.049,1885.4,482.0
1786707326,eth,1813910400000,4500.0,call,58.63,0.021022,0.0205,0.0215,1932.52,1263.0
1786707326,eth,1786867200000,1700.0,put,59.43,0.000135,0.0001,0.0002,1876.1,511.0
1786707326,eth,1798185600000,1900.0,put,52.44,0.127405,0.1265,0.1285,1894.27,5087.0
1786707326,eth,1786780800000,1860.0,call,30.42,0.011036,0.0105,0.012,1875.92,112.0
1786707326,eth,1790323200000,4500.0,call,86.31,0.00018,0.0001,0.0004,1880.2,8442.0
1786707326,eth,1786867200000,1920.0,call,27.32,0.00113,0.0009,0.0013,1876.12,194.0
1786707326,eth,1787299200000,2000.0,put,35.41,0.067954,0.06,0.0825,1876.64,103.0
1786707326,eth,1787904000000,1100.0,put,94.28,7.3e-05,,0.0001,1877.53,2239.0
1786707326,eth,1806048000000,4400.0,put,58.73,1.308742,1.285,1.325,1913.68,0.0
1786707326,eth,1790323200000,7200.0,call,99.33,5e-06,,0.0002,1880.21,1160.0
1786707326,eth,1787904000000,1550.0,call,55.07,0.175883,0.17,0.182,1877.53,149.0
1786707326,eth,1813910400000,3200.0,call,56.53,0.059354,0.0585,0.06,1932.52,283.0
1786707326,eth,1793347200000,1600.0,put,52.75,0.032915,0.0325,0.0335,1885.41,1953.0
1786707326,eth,1787904000000,3200.0,call,81.98,2.3e-05,,0.0001,1877.53,1074.0
1786707326,eth,1790323200000,7000.0,call,99.33,7e-06,,0.0001,1880.2,2033.0
1786707326,eth,1788508800000,1700.0,call,46.2,0.105327,0.1005,0.109,1878.11,0.0
1786707326,eth,1788508800000,2000.0,put,41.7,0.081387,0.078,0.0855,1878.11,0.0
1786707326,eth,1790323200000,11000.0,put,110.93,4.850442,4.6245,5.093,1880.2,0.0
1786707326,eth,1787904000000,1000.0,call,98.16,0.467403,0.464,0.4705,1877.54,50.0
1786707326,eth,1790323200000,6600.0,call,99.33,1.4e-05,,0.0002,1880.2,1414.0
1786707326,eth,1790323200000,3300.0,put,63.03,0.7555,0.688,0.8305,1880.21,3.0
1786707326,eth,1786780800000,1880.0,call,29.24,0.004619,0.0043,0.0049,1875.92,735.0
1786707326,eth,1787299200000,2200.0,put,46.59,0.172451,0.1275,0.2225,1876.64,11.0
1786707326,eth,1806048000000,1000.0,call,65.95,0.495655,0.493,0.4985,1913.68,270.0
1786707326,eth,1787040000000,1760.0,put,40.85,0.001123,0.001,0.0013,1876.3400000000001,0.0
1786707326,eth,1793347200000,1600.0,call,52.75,0.184289,0.181,0.1885,1885.41,68.0
1786707326,eth,1813910400000,1500.0,call,58.57,0.321954,0.319,0.324,1932.5,52.0
1786707326,eth,1790323200000,8000.0,call,99.33,1e-06,,0.0002,1880.2,1092.0
1786707326,eth,1787299200000,1750.0,call,40.79,0.070211,0.065,0.0735,1876.64,53.0
1786707326,eth,1798185600000,6500.0,put,71.29,2.431857,2.299,2.578,1894.27,0.0
1786707326,eth,1806048000000,3100.0,call,55.37,0.036384,0.0355,0.0375,1913.68,1656.0
1786707326,eth,1790323200000,4200.0,put,80.3,1.233985,1.148,1.3285,1880.21,551.0
1786707326,eth,1806048000000,3600.0,call,56.58,0.020669,0.02,0.0215,1913.68,2214.0
1786707326,eth,1786780800000,2050.0,put,52.17,0.092793,0.051,0.138,1875.92,0.0
1786707326,eth,1786953600000,1800.0,call,35.28,0.041932,0.0355,0.0455,1876.24,89.0
1786707326,eth,1786953600000,2020.0,call,35.28,9.7e-05,,0.0001,1876.24,567.0
1786707326,eth,1790323200000,2400.0,put,48.34,0.281975,0.276,0.2895,1880.21,2064.0
1786707326,eth,1790323200000,2900.0,put,55.41,0.543216,0.484,0.6115,1880.2,49.0
1786707326,eth,1790323200000,15000.0,call,127.3,0.0,,0.0001,1880.2,878.0
1786707326,eth,1787904000000,2150.0,put,41.7,0.146838,0.102,0.197,1877.53,66.0
1786707326,eth,1790323200000,5600.0,call,99.33,9e-05,,0.0002,1880.2,7164.0
1786707326,eth,1786780800000,1740.0,put,65.55,8.9e-05,,0.0002,1875.92,1114.0
1786707326,eth,1788508800000,2000.0,call,41.7,0.016481,0.016,0.017,1878.11,318.0
1786707326,eth,1806048000000,2700.0,call,54.8,0.060217,0.0595,0.061,1913.68,3047.0
1786707326,eth,1790323200000,3000.0,put,57.17,0.596211,0.588,0.606,1880.2,7526.0
1786707326,eth,1787299200000,2000.0,call,35.41,0.00222,0.002,0.0024,1876.64,12050.0
1786707326,eth,1798185600000,3600.0,put,56.75,0.905957,0.83,0.9985,1894.28,93.0
1786707326,eth,1786780800000,1940.0,put,35.25,0.034312,0.023,0.077,1875.92,2.0
1786707326,eth,1786780800000,1950.0,call,37.7,0.000111,,0.0002,1875.92,0.0
1786707326,eth,1790323200000,5000.0,call,95.36,0.00018,0.0001,0.0003,1880.21,4100.0
1786707326,eth,1787040000000,1780.0,put,38.12,0.001573,0.0014,0.0018,1876.3400000000001,0.0
1786707326,eth,1813910400000,2200.0,call,56.14,0.157324,0.1555,0.1585,1932.5,1059.0
1786707326,eth,1787904000000,2250.0,put,45.14,0.199081,0.1525,0.2515,1877.53,27.0
1786707326,eth,1798185600000,3600.0,call,56.75,0.005499,0.005,0.006,1894.27,2230.0
1786707326,eth,1813910400000,900.0,call,67.38,0.556479,0.554,0.5585,1932.52,0.0
1786707326,eth,1798185600000,9000.0,call,81.33,0.000211,0.0001,0.0004,1894.27,1905.0
1786707326,eth,1787040000000,1880.0,call,31.71,0.012053,0.0115,0.0125,1876.3400000000001,0.0
1786707326,eth,1790323200000,2700.0,call,52.12,0.001563,0.0016,0.0017,1880.2,4160.0
1786707326,eth,1790323200000,11000.0,call,110.93,0.0,,0.0002,1880.21,2766.0
1786707326,eth,1786867200000,1860.0,call,27.43,0.012796,0.012,0.0135,1876.12,1.0
1786707326,eth,1787904000000,2100.0,put,40.46,0.121408,0.1165,0.127,1877.54,1120.0
1786707326,eth,1790323200000,10000.0,put,105.8,4.318583,4.1135,4.5395,1880.2,0.0
1786707326,eth,1798185600000,2200.0,call,51.99,0.068853,0.068,0.0695,1894.27,52532.0
1786707326,eth,1806048000000,2100.0,put,54.68,0.230576,0.2285,0.2345,1913.68,487.0
1786707326,eth,1787040000000,1840.0,call,33.03,0.02525,0.0215,0.0265,1876.3400000000001,0.0
1786707326,eth,1813910400000,2500.0,call,56.04,0.116072,0.1145,0.117,1932.5,2980.0
1786707326,eth,1786953600000,1740.0,call,45.92,0.073091,0.034,0.1095,1876.24,0.0
1786707326,eth,1798185600000,4000.0,put,58.86,1.114872,1.031,1.2125,1894.27,223.0
1786707326,eth,1813910400000,800.0,put,69.96,0.01622,0.0155,0.017,1932.52,703.0
1786707326,eth,1806048000000,6000.0,put,63.6,2.138522,2.015,2.2805,1913.68,1.0
1786707326,eth,1790323200000,3100.0,put,59.67,0.649321,0.5855,0.7205,1880.2,0.0
1786707326,eth,1798185600000,1600.0,call,54.57,0.213595,0.211,0.217,1894.27,621.0
1786707326,eth,1787299200000,1800.0,call,37.45,0.046746,0.042,0.0495,1876.64,232.0
1786707326,eth,1806048000000,3100.0,put,55.37,0.656299,0.636,0.666,1913.68,99.0
1786707326,eth,1813910400000,3400.0,put,56.76,0.808959,0.778,0.819,1932.5,2.0
1786707326,eth,1790323200000,13000.0,put,119.8,5.914158,5.6475,6.201,1880.2,0.0
1786707326,eth,1798185600000,3800.0,put,57.86,1.010252,0.93,1.1045,1894.27,26.0
1786707326,eth,1787299200000,1650.0,put,50.28,0.000774,0.0006,0.0009,1876.64,1340.0
1786707326,eth,1813910400000,1200.0,put,61.53,0.049752,0.049,0.0505,1932.5,482.0
1786707326,eth,1790323200000,1300.0,put,63.71,0.003184,0.003,0.0034,1880.21,3419.0
1786707326,eth,1790323200000,1400.0,call,58.76,0.260618,0.2575,0.264,1880.2,1550.0
1786707326,eth,1787904000000,1450.0,put,63.15,0.000697,0.0006,0.0008,1877.53,8189.0
1786707326,eth,1787904000000,3200.0,put,81.98,0.70439,0.639,0.776,1877.53,5.0
1786707326,eth,1806048000000,5500.0,call,62.04,0.004246,0.004,0.0045,1913.67,2465.0
1786707326,eth,1790323200000,3600.0,put,69.69,0.914979,0.9055,0.9275,1880.2,907.0
1786707326,eth,1790323200000,1300.0,call,63.71,0.311768,0.3075,0.321,1880.21,69.0
1786707326,eth,1786867200000,2000.0,call,37.13,7e-05,,0.0001,1876.1,117.0
1786707326,eth,1798185600000,1600.0,put,54.57,0.058243,0.0575,0.059,1894.28,7432.0
1786707326,eth,1793347200000,2050.0,put,49.16,0.143718,0.141,0.1465,1885.41,48.0
1786707326,eth,1786780800000,1980.0,put,42.93,0.055507,0.0285,0.0995,1875.92,0.0
1786707326,eth,1798185600000,11000.0,call,90.06,0.000204,0.0001,0.0003,1894.27,2143.0
1786707326,eth,1787040000000,1840.0,put,33.03,0.005887,0.0055,0.0065,1876.3400000000001,14.0
1786707326,eth,1813910400000,1000.0,call,64.85,0.511761,0.51,0.514,1932.52,66.0
1786707326,eth,1813910400000,2300.0,put,56.05,0.332106,0.3305,0.3365,1932.52,85.0
1786707326,eth,1793347200000,2400.0,put,49.67,0.291989,0.2835,0.325,1885.41,10.0
1786707326,eth,1786780800000,1750.0,put,64.02,0.000127,0.0001,0.0002,1875.92,536.0
1786707326,eth,1787299200000,1800.0,put,37.45,0.005907,0.0055,0.0065,1876.64,1136.0
1786707326,eth,1787904000000,1500.0,put,58.74,0.00096,0.0008,0.0011,1877.53,5479.0
1786707326,eth,1787904000000,2100.0,call,40.46,0.002917,0.0027,0.0031,1877.54,8756.0
1786707326,eth,1813910400000,3200.0,put,56.53,0.715232,0.686,0.7245,1932.52,0.0
1786707326,eth,1787299200000,2400.0,put,58.6,0.278909,0.2295,0.3325,1876.64,0.0
1786707326,eth,1790323200000,9000.0,call,100.09,0.0,,0.0005,1880.2,1519.0
1786707326,eth,1813910400000,2100.0,call,56.28,0.174417,0.173,0.1755,1932.52,15.0
1786707326,eth,1793347200000,1950.0,call,49.26,0.0754,0.0745,0.076,1885.4,464.0
1786707326,eth,1806048000000,3200.0,call,55.58,0.032291,0.0315,0.033,1913.68,1244.0
1786707326,eth,1786867200000,1980.0,put,33.76,0.055482,0.0285,0.099,1876.12,10.0
1786707326,eth,1798185600000,3800.0,call,57.86,0.004213,0.0039,0.0045,1894.27,2914.0
1786707326,eth,1790323200000,4800.0,call,91.87,0.00018,0.0001,0.0003,1880.21,1853.0
1786707326,eth,1806048000000,2400.0,call,54.61,0.08938,0.0885,0.0905,1913.68,1968.0
1786707326,eth,1786867200000,1880.0,put,27.02,0.008764,0.008,0.0095,1876.12,348.0
1786707326,eth,1806048000000,4000.0,put,57.6,1.103921,1.0815,1.118,1913.68,0.0
1786707326,eth,1786780800000,1820.0,put,41.52,0.000565,0.0005,0.0007,1875.92,3571.0
1786707326,eth,1787299200000,2100.0,put,39.7,0.119428,0.0765,0.1675,1876.64,11.0
1786707326,eth,1786953600000,1860.0,call,29.2,0.015152,0.0145,0.016,1876.23,54.0
1786707326,eth,1787904000000,1200.0,put,85.21,0.000142,0.0001,0.0002,1877.54,7119.0
1786707326,eth,1790323200000,4000.0,call,76.01,0.00018,0.0001,0.0003,1880.2,12153.0
1786707326,eth,1790323200000,2100.0,call,46.41,0.023545,0.023,0.024,1880.2,6819.0
1786707326,eth,1798185600000,2500.0,put,52.21,0.357106,0.3495,0.366,1894.27,1075.0
1786707326,eth,1788508800000,2100.0,put,41.93,0.125211,0.1175,0.135,1878.11,0.0
1786707326,eth,1806048000000,4600.0,put,59.28,1.411763,1.3135,1.5295,1913.68,0.0
1786707326,eth,1787040000000,1700.0,call,49.6,0.094464,0.0875,0.1005,1876.3325,0.0
1786707326,eth,1806048000000,3700.0,put,56.77,0.95194,0.931,1.04,1913.68,0.0
1786707326,eth,1806048000000,2200.0,put,54.58,0.266139,0.264,0.268,1913.68,1707.0
1786707326,eth,1798185600000,1700.0,call,53.59,0.179812,0.177,0.1825,1894.27,368.0
1786707326,eth,1786953600000,1880.0,call,28.85,0.009208,0.0085,0.0095,1876.23,166.0
1786707326,eth,1790323200000,6000.0,call,99.33,4.2e-05,,0.0002,1880.21,3191.0
1786707326,eth,1786780800000,1700.0,call,70.62,0.093801,0.0565,0.1295,1875.92,0.0
1786707326,eth,1787040000000,1860.0,put,32.04,0.009177,0.0085,0.0095,1876.3400000000001,21.0
1786707326,eth,1787904000000,1650.0,put,47.73,0.003269,0.0031,0.0035,1877.54,6882.0
1786707326,eth,1788508800000,1700.0,put,46.2,0.010497,0.01,0.011,1878.11,479.0
1786707326,eth,1786867200000,2200.0,call,48.51,0.0,,0.0001,1876.12,20.0
1786707326,eth,1798185600000,3200.0,put,54.82,0.699533,0.688,0.711,1894.28,251.0
1786707326,eth,1790323200000,5400.0,call,98.69,0.000121,,0.0002,1880.2,1730.0
1786707326,eth,1798185600000,10000.0,call,86.04,0.000211,0.0001,0.0004,1894.27,1663.0
1786707326,eth,1786780800000,1700.0,put,70.62,1.8e-05,,0.0001,1875.92,1324.0
1786707326,eth,1787904000000,3000.0,call,75.18,3.4e-05,,0.0001,1877.53,1527.0
1786707326,eth,1813910400000,2800.0,call,56.11,0.086215,0.085,0.087,1932.52,1086.0
1786707326,eth,1790323200000,4800.0,put,91.87,1.5531,1.4545,1.6615,1880.2,110.0
1786707326,eth,1787904000000,2150.0,call,41.7,0.001716,0.0015,0.0019,1877.54,5056.0
1786707326,eth,1798185600000,5500.0,put,66.53,1.904301,1.7915,2.03,1894.27,0.0
1786707326,eth,1786953600000,2100.0,put,45.9,0.119301,0.076,0.166,1876.23,0.0
1786707326,eth,1790323200000,4200.0,call,80.3,0.00018,0.0001,0.0004,1880.21,2517.0
1786707326,eth,1787904000000,2500.0,put,55.26,0.331687,0.2805,0.388,1877.54,6.0
1786707326,eth,1787040000000,1880.0,put,31.71,0.014008,0.0135,0.0145,1876.3400000000001,0.0
1786707326,eth,1813910400000,2800.0,put,56.11,0.535108,0.53,0.5425,1932.52,0.0
1786707326,eth,1787040000000,1800.0,call,35.94,0.043042,0.037,0.0465,1876.3400000000001,0.0
1786707326,eth,1787904000000,1850.0,put,39.67,0.023818,0.023,0.0245,1877.53,2914.0
1786707326,eth,1786780800000,1800.0,call,48.59,0.040837,0.028,0.0785,1875.92,0.0
1786707326,eth,1813910400000,2600.0,call,56.04,0.105001,0.1035,0.106,1932.52,290.0
1786707326,eth,1787040000000,1900.0,put,31.29,0.020178,0.0165,0.0235,1876.3400000000001,0.0
1786707326,eth,1813910400000,1300.0,put,60.34,0.063426,0.0625,0.0645,1932.52,1666.0
1786707326,eth,1806048000000,5500.0,put,62.04,1.87829,1.764,2.011,1913.68,0.0
1786707326,eth,1786780800000,1960.0,call,40.35,8.4e-05,,0.0001,1875.92,725.0
1786707326,eth,1806048000000,1400.0,call,58.52,0.325313,0.323,0.328,1913.68,57.0
1786707326,eth,1813910400000,2400.0,put,56.04,0.370242,0.366,0.3755,1932.5,2.0
1786707326,eth,1787040000000,2100.0,call,43.84,9.5e-05,,0.0001,1876.3400000000001,0.0
1786707326,eth,1787040000000,1820.0,put,34.12,0.003663,0.0034,0.0039,1876.3400000000001,57.0
1786707326,eth,1790323200000,1950.0,call,46.38,0.046899,0.0465,0.0475,1880.2,3095.0
1786707326,eth,1788508800000,1900.0,call,41.9,0.034602,0.034,0.035,1878.11,51.0
1786707326,eth,1786867200000,1940.0,call,28.81,0.000449,0.0003,0.0005,1876.12,75.0
1786707326,eth,1806048000000,1600.0,put,56.63,0.091849,0.091,0.093,1913.68,1538.0
1786707326,eth,1813910400000,3800.0,call,57.37,0.035445,0.0345,0.0365,1932.52,514.0
1786707326,eth,1786867200000,2020.0,put,40.24,0.076742,0.036,0.1215,1876.12,0.0
1786707326,eth,1793347200000,1500.0,call,54.73,0.226369,0.223,0.231,1885.41,50.0
1786707326,eth,1798185600000,2500.0,call,52.21,0.037344,0.0365,0.038,1894.27,27176.0
1786707326,eth,1793347200000,2800.0,call,52.29,0.006025,0.006,0.0065,1885.4,300.0
1786707326,eth,1787299200000,1400.0,put,78.09,8.6e-05,,0.0002,1876.64,284.0
1786707326,eth,1806048000000,2400.0,put,54.61,0.343509,0.339,0.3485,1913.68,357.0
1786707326,eth,1787904000000,2350.0,call,49.38,0.000357,0.0003,0.0004,1877.54,4550.0
1786707326,eth,1787904000000,1550.0,put,55.07,0.001436,0.0013,0.0016,1877.53,6040.0
1786707326,eth,1798185600000,6000.0,put,68.93,2.168037,2.0455,2.304,1894.27,0.0
1786707326,eth,1786953600000,1860.0,put,29.2,0.006502,0.006,0.007,1876.23,404.0
1786707326,eth,1806048000000,1700.0,call,55.96,0.225437,0.2225,0.2285,1913.68,1337.0
1786707326,eth,1786867200000,1860.0,put,27.43,0.004211,0.0039,0.0045,1876.12,513.0
1786707326,eth,1787040000000,2100.0,put,43.84,0.1193,0.0765,0.166,1876.3325,0.0
1786707326,eth,1813910400000,1000.0,put,64.85,0.029222,0.0285,0.03,1932.52,4737.0
1786707326,eth,1786953600000,2100.0,call,45.9,3.5e-05,,0.0001,1876.23,518.0
1786707326,eth,1787299200000,1850.0,put,35.33,0.012904,0.0125,0.0135,1876.64,2038.0
1786707326,eth,1790323200000,2000.0,put,46.38,0.101368,0.0975,0.1035,1880.2,13283.0
1786707326,eth,1787904000000,3800.0,put,84.51,1.023936,0.946,1.1075,1877.53,0.0
1786707326,eth,1798185600000,1400.0,put,57.57,0.031352,0.0305,0.032,1894.27,13808.0
1786707326,eth,1786867200000,1700.0,call,59.43,0.094005,0.0875,0.1,1876.1,0.0
1786707326,eth,1793347200000,2000.0,call,49.16,0.065267,0.0645,0.066,1885.41,895.0
1786707326,eth,1787904000000,1900.0,call,38.88,0.02478,0.024,0.0255,1877.53,7486.0
1786707326,eth,1788508800000,1800.0,call,43.28,0.064539,0.0635,0.0655,1878.11,50.0
1786707326,eth,1786867200000,1750.0,put,48.61,0.000276,0.0002,0.0004,1876.1,0.0
1786707326,eth,1787904000000,2300.0,call,47.23,0.000489,0.0004,0.0006,1877.54,6816.0
1786707326,eth,1790323200000,1800.0,put,47.43,0.043595,0.043,0.044,1880.2,9668.0
1786707326,eth,1798185600000,9000.0,put,81.33,3.751356,3.568,3.951,1894.27,0.0
1786707326,eth,1813910400000,3600.0,call,57.07,0.041821,0.041,0.0425,1932.5,12.0
1786707326,eth,1786780800000,1760.0,call,61.36,0.061959,0.0285,0.0985,1875.92,0.0
1786707326,eth,1813910400000,4000.0,put,57.71,1.100128,1.0655,1.161,1932.52,0.0
1786707326,eth,1787299200000,2050.0,put,37.58,0.093323,0.051,0.1405,1876.64,85.0
1786707326,eth,1798185600000,4600.0,call,62.04,0.001709,0.0015,0.002,1894.27,10789.0
1786707326,eth,1787040000000,1740.0,call,43.43,0.073462,0.067,0.08,1876.3400000000001,0.0
1786707326,eth,1798185600000,10000.0,put,86.04,4.279261,4.0755,4.501,1894.27,0.0
1786707326,eth,1788508800000,1950.0,call,41.59,0.024106,0.0235,0.0245,1878.11,513.0
1786707326,eth,1806048000000,3200.0,put,55.58,0.704462,0.6865,0.715,1913.68,20.0
1786707326,eth,1806048000000,2600.0,call,54.67,0.068503,0.0675,0.0695,1913.68,3139.0
1786707326,eth,1790323200000,2500.0,call,49.43,0.0035,0.0033,0.0037,1880.21,24532.0
1786707326,eth,1813910400000,1700.0,call,57.42,0.263315,0.26,0.2655,1932.5,669.0
1786707326,eth,1790323200000,2600.0,put,50.67,0.38512,0.3785,0.3935,1880.2,8392.0
1786707326,eth,1786780800000,1840.0,call,35.15,0.020219,0.014,0.0265,1875.92,50.0
1786707326,eth,1786953600000,1800.0,put,35.28,0.001303,0.0012,0.0015,1876.23,18.0
1786707326,eth,1787904000000,2300.0,put,47.23,0.225502,0.2195,0.233,1877.53,1000.0
1786707326,eth,1798185600000,8000.0,call,76.32,0.000223,0.0002,0.0004,1894.28,2428.0
1786707326,eth,1813910400000,1600.0,put,57.91,0.119245,0.118,0.1205,1932.52,1276.0
1786707326,eth,1793347200000,1900.0,call,49.5,0.086951,0.086,0.088,1885.4,289.0
1786707326,eth,1798185600000,3100.0,put,54.28,0.648553,0.6365,0.6595,1894.28,0.0
1786707326,eth,1798185600000,6500.0,call,71.29,0.000474,0.0004,0.0007,1894.28,1784.0
1786707326,eth,1787904000000,1000.0,put,98.16,1.8e-05,,0.0001,1877.53,2981.0
1786707326,eth,1806048000000,3800.0,call,57.07,0.016732,0.016,0.0175,1913.68,1163.0
1786707326,eth,1790323200000,1500.0,put,54.81,0.008949,0.0085,0.0095,1880.2,12846.0
1786707326,eth,1798185600000,2400.0,put,52.08,0.312775,0.307,0.318,1894.28,1716.0
1786707326,eth,1790323200000,1950.0,put,46.38,0.084023,0.083,0.085,1880.21,178.0
1786707326,eth,1793347200000,3200.0,put,55.86,0.699623,0.6325,0.777,1885.41,0.0
1786707326,eth,1787040000000,1920.0,call,31.41,0.00456,0.0042,0.0047,1876.3400000000001,29.0
1786707326,eth,1787040000000,1800.0,put,35.94,0.00236,0.0021,0.0026,1876.3325,243.0
1786707326,eth,1793347200000,1400.0,put,57.32,0.01452,0.014,0.015,1885.41,2633.0
1786707326,eth,1786953600000,1900.0,put,28.55,0.0177,0.0145,0.02,1876.23,74.0
1786707326,eth,1806048000000,2300.0,put,54.56,0.303865,0.3005,0.3085,1913.68,1583.0
1786707326,eth,1786780800000,1800.0,put,48.59,0.000361,0.0003,0.0005,1875.93,1033.0
1786707326,eth,1806048000000,1700.0,put,55.96,0.113778,0.1125,0.115,1913.68,1570.0
1786707326,eth,1786780800000,1920.0,put,32.82,0.024,0.017,0.0525,1875.92,80.0
1786707326,eth,1790323200000,12000.0,call,115.57,0.0,,0.0002,1880.2,1341.0
1786707326,eth,1813910400000,2900.0,put,56.22,0.579073,0.5735,0.587,1932.5,3.0
1786707326,eth,1793347200000,2150.0,call,49.16,0.041678,0.041,0.042,1885.4,758.0
1786707326,eth,1786953600000,1960.0,put,30.09,0.045218,0.008,0.0885,1876.23,0.0
1786707326,eth,1787904000000,1400.0,call,67.93,0.254869,0.25,0.26,1877.54,100.0
1786707326,eth,1787904000000,2800.0,call,67.65,5.5e-05,,0.0001,1877.53,5425.0
1786707326,eth,1806048000000,4200.0,put,58.15,1.206075,1.1825,1.2655,1913.68,1.0
1786707326,eth,1786867200000,1740.0,call,50.56,0.072778,0.0345,0.1095,1876.12,0.0
1786707326,eth,1790323200000,5800.0,call,99.33,6.2e-05,,0.0002,1880.2,4885.0
1786707326,eth,1798185600000,1900.0,call,52.44,0.124386,0.1235,0.1255,1894.27,3876.0
1786707326,eth,1788508800000,1750.0,put,44.47,0.015546,0.015,0.016,1878.11,32.0
1786707326,eth,1806048000000,1000.0,put,65.95,0.018208,0.018,0.019,1913.68,7549.0
1786707326,eth,1813910400000,3500.0,put,56.92,0.856661,0.847,0.868,1932.52,303.0
1786707326,eth,1787904000000,1750.0,call,42.68,0.076808,0.0735,0.08,1877.53,4211.0
1786707326,eth,1786867200000,1820.0,put,32.56,0.001018,0.0009,0.0012,1876.12,1501.0
1786707326,eth,1793347200000,1750.0,call,50.61,0.129558,0.1275,0.132,1885.4,102.0
1786707326,eth,1793347200000,1750.0,put,50.61,0.057743,0.057,0.0585,1885.41,668.0
1786707326,eth,1786780800000,1720.0,call,70.43,0.083177,0.0455,0.1195,1875.92,0.0
1786707326,eth,1813910400000,3400.0,call,56.76,0.049589,0.0485,0.0505,1932.52,210.0
1786707326,eth,1806048000000,2800.0,put,54.91,0.516085,0.4955,0.524,1913.67,12.0
1786707326,eth,1798185600000,2400.0,call,52.08,0.045803,0.045,0.0465,1894.27,12157.0
1786707326,eth,1787299200000,2200.0,call,46.59,0.000143,0.0001,0.0002,1876.64,2097.0
1786707326,eth,1798185600000,1700.0,put,53.59,0.077251,0.0765,0.078,1894.28,13926.0
1786707326,eth,1790323200000,8500.0,put,99.33,3.520796,3.3465,3.708,1880.2,0.0
1786707326,eth,1793347200000,1500.0,put,54.73,0.021956,0.0215,0.0225,1885.41,2416.0
1786707326,eth,1786780800000,1840.0,put,35.15,0.001066,0.001,0.0013,1875.92,302.0
1786707326,eth,1786867200000,2020.0,call,40.24,4.7e-05,,0.0001,1876.12,15.0
1786707326,eth,1786867200000,1780.0,put,40.93,0.000401,0.0003,0.0005,1876.1,43.0
1786707326,eth,1788508800000,2200.0,put,43.48,0.174527,0.1655,0.1925,1878.11,0.0
1786707326,eth,1790323200000,2400.0,call,48.34,0.005515,0.005,0.006,1880.2,13173.0
1786707326,eth,1786867200000,1900.0,put,26.62,0.015612,0.011,0.036,1876.1,175.0
1786707326,eth,1806048000000,2900.0,call,55.07,0.046685,0.046,0.0475,1913.67,1948.0
1786707326,eth,1798185600000,6000.0,call,68.93,0.000607,0.0005,0.0009,1894.28,10395.0
1786707326,eth,1793347200000,2800.0,put,52.29,0.491121,0.4795,0.502,1885.41,0.0
1786707326,eth,1813910400000,2200.0,put,56.14,0.29574,0.2935,0.3,1932.52,111.0
1786707326,eth,1787904000000,1650.0,call,47.73,0.124455,0.12,0.1285,1877.53,1604.0
1786707326,eth,1786953600000,2020.0,put,35.28,0.076724,0.0355,0.1215,1876.23,0.0
1786707326,eth,1787904000000,1100.0,call,94.28,0.414197,0.4105,0.4185,1877.54,50.0
1786707326,eth,1813910400000,800.0,call,69.96,0.60225,0.6005,0.613,1932.52,117.0
1786707326,eth,1787299200000,1600.0,put,55.97,0.000484,0.0004,0.0006,1876.64,3397.0
