snap_ts,asset,expiry_ms,strike,opt_type,mark_iv,mark_price,bid,ask,underlying_price,open_interest
1785396343,btc,1787904000000,59000.0,put,39.35,0.01353524,0.013,0.014,64237.87,865.6
1785396343,btc,1806048000000,106000.0,put,41.34,0.62639669,0.62,0.689,65760.11,0.0
1785396343,btc,1785657600000,61500.0,put,36.23,0.00169684,0.0015,0.0019,64020.07,252.3
1785396343,btc,1787904000000,105000.0,call,62.62,0.00018148,0.0001,0.0003,64237.87,169.2
1785396343,btc,1790323200000,300000.0,put,84.97,3.65431074,3.4975,3.8235,64450.45,0.0
1785396343,btc,1787904000000,48000.0,call,55.57,0.25445179,0.25,0.258,64237.87,37.5
1785396343,btc,1798185600000,210000.0,put,58.5,2.22560498,2.117,2.3435,65106.25,0.0
1785396343,btc,1785571200000,66500.0,put,31.78,0.03892732,0.015,0.0705,64020.07,0.0
1785396343,btc,1790323200000,35000.0,put,73.28,0.00133885,0.0012,0.0014,64456.25,891.6
1785396343,btc,1790323200000,64000.0,put,36.91,0.05447734,0.054,0.055,64450.45,614.2
1785396343,btc,1790323200000,135000.0,put,63.93,1.09461979,1.024,1.1725,64456.25,11.5
1785396343,btc,1787904000000,56000.0,put,42.88,0.00721596,0.007,0.0075,64232.07,791.5
1785396343,btc,1798185600000,80000.0,call,39.39,0.03204867,0.0315,0.032,65100.45,7883.9
1785396343,btc,1798185600000,105000.0,put,42.11,0.6177738,0.6075,0.629,65100.45,109.4
1785396343,btc,1785657600000,59000.0,call,46.12,0.07922411,0.0455,0.111,64020.07,0.0
1785396343,btc,1798185600000,200000.0,put,57.58,2.07205676,1.9685,2.1835,65106.25,0.0
1785396343,btc,1785484800000,115000.0,call,72.85,0.0,,0.0001,64034.94,182.3
1785396343,btc,1785571200000,66500.0,call,31.78,0.00057322,0.0004,0.0007,64020.07,86.8
1785396343,btc,1798185600000,170000.0,put,53.18,1.61144952,1.5235,1.708,65100.45,0.0
1785396343,btc,1806048000000,60000.0,call,43.15,0.18083758,0.179,0.1825,65759.85,718.8
1785396343,btc,1787904000000,63000.0,call,35.81,0.05026972,0.0495,0.051,64237.87,839.2
1785396343,btc,1786089600000,68000.0,put,32.28,0.06349761,0.059,0.0855,64092.48,0.3
1785396343,btc,1798185600000,72000.0,call,39.53,0.06080412,0.06,0.0615,65100.45,1121.5
1785396343,btc,1790323200000,78000.0,call,35.03,0.00585649,0.0055,0.006,64450.45,4314.4
1785396343,btc,1798185600000,40000.0,put,56.39,0.01122244,0.011,0.0115,65100.45,4129.5
1785396343,btc,1798185600000,135000.0,call,48.07,0.001252,0.0011,0.0014,65100.45,1091.8
1785396343,btc,1785484800000,65500.0,put,32.15,0.02350345,0.0195,0.0425,64034.94,0.7
1785396343,btc,1785484800000,81000.0,call,71.83,0.0,,0.0001,64034.94,1462.6
1785396343,btc,1786089600000,64000.0,call,34.61,0.02120322,0.0205,0.0215,64086.68,594.5
1785396343,btc,1787904000000,66000.0,put,34.11,0.05411424,0.053,0.055,64237.87,240.2
1785396343,btc,1785398400000,71000.0,call,68.96,0.0,,0.0001,64020.07,94.2
1785396343,btc,1785484800000,77000.0,call,71.83,1e-08,,0.0001,64040.74,2720.0
1785396343,btc,1798185600000,104000.0,put,42.03,0.60280212,0.5445,0.67,65100.45,0.0
1785396343,btc,1786089600000,66000.0,put,32.86,0.03804893,0.0345,0.0405,64086.68,60.1
1785396343,btc,1785571200000,65000.0,put,32.57,0.01897828,0.0165,0.021,64020.07,10.0
1785396343,btc,1785398400000,59000.0,call,76.82,0.07842764,0.045,0.1095,64020.07,0.0
1785396343,btc,1813910400000,68000.0,put,42.67,0.17432859,0.1725,0.176,66465.99,8.1
1785396343,btc,1798185600000,85000.0,put,39.67,0.32705357,0.3205,0.335,65100.45,548.3
1785396343,btc,1798185600000,84000.0,put,39.47,0.31325011,0.3065,0.319,65100.45,47.0
1785396343,btc,1785484800000,85000.0,call,71.83,0.0,,0.0001,64034.94,1272.1
1785396343,btc,1790323200000,84000.0,put,37.41,0.30566816,0.299,0.314,64450.45,34.7
1785396343,btc,1806048000000,180000.0,put,49.41,1.73837008,1.644,1.8425,65760.11,0.0
1785396343,btc,1813910400000,72000.0,call,42.25,0.12746854,0.126,0.129,66471.79,13.9
1785396343,btc,1786694400000,68000.0,call,32.28,0.00685563,0.0065,0.007,64135.42,734.6
1785396343,btc,1785484800000,102000.0,put,71.84,0.59268638,0.538,0.6495,64040.74,0.1
1785396343,btc,1785484800000,92000.0,put,71.84,0.43654066,0.3885,0.4885,64034.94,0.4
1785396343,btc,1813910400000,110000.0,put,41.99,0.67981009,0.6725,0.701,66465.99,0.2
1785396343,btc,1790323200000,150000.0,call,70.77,0.00015082,,0.0003,64456.25,736.7
1785396343,btc,1786089600000,62000.0,put,37.12,0.00907056,0.009,0.0095,64092.48,461.7
1785396343,btc,1790323200000,165000.0,put,71.63,1.5599237,1.474,1.654,64450.45,0.0
1785396343,btc,1790323200000,60000.0,call,38.96,0.10010539,0.098,0.102,64450.45,932.3
1785396343,btc,1790323200000,110000.0,put,51.61,0.70694448,0.698,0.718,64450.45,116.1
1785396343,btc,1785657600000,60000.0,call,41.61,0.06385855,0.03,0.0965,64020.07,0.0
1785396343,btc,1787904000000,66000.0,call,34.11,0.02670738,0.0265,0.027,64237.87,1261.7
1785396343,btc,1798185600000,130000.0,call,46.55,0.00137996,0.0012,0.0015,65100.45,1565.4
1785396343,btc,1786694400000,64000.0,put,34.57,0.02689866,0.0265,0.0275,64135.42,75.9
1785396343,btc,1790323200000,240000.0,call,74.86,5.2e-07,,0.0003,64450.45,220.8
1785396343,btc,1785484800000,84000.0,put,71.83,0.31162408,0.307,0.319,64040.74,30.2
1785396343,btc,1806048000000,92000.0,call,40.6,0.03079216,0.03,0.0315,65760.11,117.2
1785396343,btc,1785657600000,68000.0,put,31.4,0.06186962,0.027,0.1005,64020.07,0.0
1785396343,btc,1813910400000,58000.0,put,44.59,0.10138127,0.1,0.1025,66471.79,15.4
1785396343,btc,1785484800000,104000.0,put,71.84,0.62391553,0.5695,0.6825,64040.74,0.0
1785396343,btc,1806048000000,96000.0,put,40.8,0.48456689,0.479,0.49,65760.11,1.5
1785396343,btc,1787904000000,64000.0,put,35.16,0.0376272,0.037,0.0385,64237.87,493.6
1785396343,btc,1785571200000,67000.0,put,32.54,0.04646313,0.012,0.0845,64020.07,0.0
1785396343,btc,1785398400000,66000.0,call,47.62,0.0,,0.0001,64020.07,218.4
1785396343,btc,1790323200000,115000.0,put,54.0,0.78444103,0.775,0.796,64450.45,90.8
1785396343,btc,1813910400000,74000.0,call,42.06,0.11676108,0.1155,0.118,66465.99,12.9
1785396343,btc,1813910400000,68000.0,call,42.67,0.1513724,0.15,0.153,66465.99,9.1
1785396343,btc,1790323200000,75000.0,call,34.77,0.01010548,0.0095,0.0105,64450.45,3508.3
1785396343,btc,1785484800000,105000.0,put,71.84,0.6395301,0.5845,0.699,64034.94,1.0
1785396343,btc,1787904000000,83000.0,put,41.52,0.29271353,0.249,0.3415,64237.87,0.0
1785396343,btc,1806048000000,65000.0,put,42.0,0.12844131,0.127,0.1295,65760.11,663.1
1785396343,btc,1786694400000,58000.0,call,41.66,0.10027175,0.096,0.1185,64135.42,0.0
1785396343,btc,1785484800000,66000.0,call,32.81,0.00029784,0.0002,0.0004,64034.94,1509.0
1785396343,btc,1785571200000,62000.0,put,40.55,0.00214542,0.002,0.0023,64020.07,1.3
1785396343,btc,1798185600000,210000.0,call,58.5,0.00015031,,0.0003,65100.45,151.7
1785396343,btc,1798185600000,92000.0,call,40.09,0.0122314,0.012,0.0125,65100.45,250.7
1785396343,btc,1790323200000,240000.0,put,74.86,2.72344884,2.598,2.859,64450.45,0.0
1785396343,btc,1785657600000,63000.0,call,32.54,0.02168944,0.019,0.026,64020.07,0.2
1785396343,btc,1806048000000,90000.0,call,40.5,0.03432358,0.0335,0.035,65759.85,506.9
1785396343,btc,1785571200000,58000.0,call,61.76,0.09461035,0.062,0.127,64020.07,0.0
1785396343,btc,1786694400000,67000.0,put,32.47,0.05487021,0.0515,0.0585,64135.42,0.0
1785396343,btc,1798185600000,86000.0,call,39.67,0.01975961,0.019,0.0195,65100.45,304.5
1785396343,btc,1790323200000,95000.0,put,42.7,0.47461633,0.467,0.484,64450.45,147.6
1785396343,btc,1813910400000,90000.0,put,41.44,0.41145895,0.4065,0.415,66465.99,0.3
1785396343,btc,1785484800000,50000.0,put,102.26,2e-08,,0.0001,64034.94,3157.3
1785396343,btc,1806048000000,160000.0,put,47.39,1.43505619,1.3505,1.53,65760.64,0.0
1785396343,btc,1798185600000,74000.0,call,39.41,0.05187362,0.051,0.052,65106.25,140.5
1785396343,btc,1785484800000,63500.0,call,36.57,0.01266246,0.0115,0.013,64034.94,146.9
1785396343,btc,1785484800000,73000.0,put,71.75,0.13986673,0.1355,0.1465,64034.94,97.5
1785396343,btc,1786089600000,67000.0,put,32.25,0.04999854,0.0465,0.0545,64086.68,51.9
1785396343,btc,1790323200000,58000.0,put,40.36,0.02301947,0.0225,0.0235,64450.45,859.8
1785396343,btc,1785484800000,67500.0,call,43.69,9.426e-05,,0.0001,64034.94,188.3
1785396343,btc,1798185600000,54000.0,call,44.4,0.2096371,0.2075,0.2115,65106.25,33.0
1785396343,btc,1798185600000,200000.0,call,57.58,0.00019517,,0.0004,65106.25,951.4
1785396343,btc,1785571200000,70000.0,put,49.68,0.09310817,0.057,0.133,64020.07,0.0
1785396343,btc,1785571200000,64000.0,put,35.09,0.01008384,0.0095,0.0105,64020.07,21.5
1785396343,btc,1785484800000,46000.0,put,103.19,0.0,,0.0001,64034.94,1658.6
1785396343,btc,1785484800000,61000.0,call,50.11,0.0478307,0.0435,0.051,64034.94,834.2
1785396343,btc,1790323200000,320000.0,call,85.42,1.5e-07,,0.0001,64450.45,276.6
1785396343,btc,1813910400000,72000.0,put,42.25,0.21059863,0.207,0.213,66465.99,1.3
1785396343,btc,1798185600000,45000.0,call,50.91,0.32579087,0.3235,0.3275,65100.45,54.2
1785396343,btc,1785657600000,63500.0,put,31.55,0.00762687,0.0075,0.008,64020.07,2.6
1785396343,btc,1813910400000,70000.0,call,42.44,0.13895264,0.1375,0.1405,66471.79,184.8
1785396343,btc,1798185600000,68000.0,put,40.03,0.12739483,0.126,0.1285,65100.45,356.2
1785396343,btc,1785484800000,87000.0,call,71.83,0.0,,0.0001,64040.74,373.5
1785396343,btc,1798185600000,115000.0,put,43.81,0.76913044,0.707,0.84,65100.45,0.6
1785396343,btc,1806048000000,98000.0,put,40.9,0.51243833,0.5065,0.535,65760.11,0.2
1785396343,btc,1787904000000,100000.0,put,57.12,0.55685881,0.5045,0.6145,64237.87,0.4
1785396343,btc,1785484800000,94000.0,call,71.84,0.0,,0.0001,64034.94,884.7
1785396343,btc,1813910400000,78000.0,put,41.75,0.27114925,0.2675,0.2745,66471.79,0.3
1785396343,btc,1786089600000,70000.0,call,34.22,0.00088584,0.0009,0.001,64086.68,6687.9
1785396343,btc,1790323200000,84000.0,call,37.41,0.00246125,0.0023,0.0026,64456.25,1503.3
1785396343,btc,1785657600000,67000.0,call,29.27,0.00051011,0.0004,0.0006,64020.07,26.3
1785396343,btc,1785484800000,61000.0,put,50.11,0.0003397,0.0003,0.0004,64034.94,1549.4
1785396343,btc,1798185600000,102000.0,put,41.47,0.57265493,0.5155,0.6395,65100.45,7.7
1785396343,btc,1785571200000,67000.0,call,32.54,0.00030186,0.0002,0.0004,64020.07,42.6
1785396343,btc,1813910400000,120000.0,call,42.6,0.01726872,0.0165,0.018,66471.79,61.7
1785396343,btc,1790323200000,165000.0,call,71.63,5.297e-05,,0.0002,64450.45,184.2
1785396343,btc,1787904000000,98000.0,put,55.99,0.52576709,0.4735,0.5815,64237.87,0.0
1785396343,btc,1790323200000,65000.0,put,36.49,0.06204871,0.0615,0.0625,64450.45,641.3
1785396343,btc,1785484800000,58000.0,call,73.11,0.09439705,0.09,0.098,64034.94,257.0
1785396343,btc,1806048000000,170000.0,put,48.64,1.58670552,1.4965,1.6865,65760.11,0.1
1785396343,btc,1786694400000,80000.0,call,45.69,0.00029502,0.0002,0.0004,64135.42,500.0
1785396343,btc,1785484800000,62000.0,call,43.23,0.03267472,0.0285,0.036,64034.94,1450.9
1785396343,btc,1790323200000,160000.0,put,71.63,1.48237745,1.399,1.574,64450.45,0.6
1785396343,btc,1790323200000,80000.0,put,35.54,0.24534566,0.2395,0.2515,64450.45,613.0
1785396343,btc,1785571200000,61500.0,call,42.39,0.04117405,0.037,0.0735,64020.07,0.0
1785396343,btc,1790323200000,180000.0,call,71.63,1.641e-05,,0.0002,64450.45,748.1
1785396343,btc,1785571200000,64500.0,call,33.62,0.00685986,0.0065,0.0075,64020.07,17.6
1785396343,btc,1806048000000,90000.0,put,40.5,0.40289316,0.369,0.4085,65760.11,14.0
1785396343,btc,1785571200000,65500.0,call,31.75,0.00218454,0.0019,0.0023,64020.07,1.8
1785396343,btc,1806048000000,54000.0,put,45.1,0.06089726,0.06,0.062,65759.85,58.7
1785396343,btc,1787904000000,90000.0,call,48.37,0.00035213,0.0003,0.0004,64237.87,330.2
1785396343,btc,1785398400000,65000.0,call,43.04,0.0,,0.0001,64020.07,171.0
1785396343,btc,1785484800000,80000.0,call,71.83,0.0,,0.0001,64040.74,7014.4
1785396343,btc,1806048000000,60000.0,put,43.15,0.0932182,0.092,0.0945,65760.11,619.2
1785396343,btc,1785484800000,60000.0,call,57.77,0.06328176,0.058,0.0665,64034.94,1034.6
1785396343,btc,1785571200000,57000.0,put,67.9,0.00017224,0.0001,0.0002,64020.07,4.1
1785396343,btc,1798185600000,65000.0,call,40.5,0.10335525,0.1025,0.104,65100.45,663.2
1785396343,btc,1786089600000,71000.0,call,35.96,0.00058975,0.0005,0.0007,64092.48,1361.7
1785396343,btc,1785484800000,56000.0,call,91.09,0.12562041,0.121,0.129,64034.94,41.3
1785396343,btc,1785657600000,65000.0,put,29.13,0.01967787,0.0006,0.0465,64020.07,0.0
1785396343,btc,1787904000000,53000.0,call,47.3,0.17900163,0.175,0.1825,64237.87,5.9
1785396343,btc,1798185600000,190000.0,call,55.89,0.000222,,0.0003,65100.45,990.5
1785396343,btc,1790323200000,105000.0,put,48.6,0.62944073,0.621,0.64,64456.25,104.6
1785396343,btc,1785484800000,60000.0,put,57.77,0.00017585,0.0001,0.0003,64034.94,2808.9
1785396343,btc,1798185600000,230000.0,put,62.24,2.53278473,2.414,2.662,65100.45,0.0
1785396343,btc,1790323200000,72000.0,call,34.74,0.01723388,0.0165,0.018,64450.45,2656.6
1785396343,btc,1785398400000,63500.0,put,36.34,2.25e-06,,0.0001,64020.07,241.4
1785396343,btc,1790323200000,130000.0,put,62.0,1.0170805,0.949,1.0925,64450.45,21.4
1785396343,btc,1785571200000,62500.0,call,38.86,0.02728521,0.0235,0.03,64020.07,5.1
1785396343,btc,1785657600000,62500.0,call,33.66,0.02783689,0.0023,0.061,64020.07,0.0
1785396343,btc,1790323200000,70000.0,put,35.0,0.110433,0.1075,0.1135,64456.25,1529.7
1785396343,btc,1806048000000,150000.0,call,46.43,0.00277626,0.0027,0.0031,65760.11,1899.0
1785396343,btc,1798185600000,45000.0,put,50.91,0.01695973,0.0165,0.0175,65100.45,2927.8
1785396343,btc,1785571200000,69000.0,put,43.0,0.07750191,0.0415,0.117,64020.07,0.0
1785396343,btc,1813910400000,60000.0,call,44.13,0.21141195,0.2085,0.2145,66471.79,943.0
1785396343,btc,1785484800000,55000.0,put,95.1,1.646e-05,,0.0001,64034.94,1222.7
1785396343,btc,1785398400000,61000.0,call,58.04,0.0471879,0.013,0.079,64020.07,0.0
1785396343,btc,1786694400000,50000.0,put,56.62,0.00054275,0.0005,0.0006,64135.42,0.3
1785396343,btc,1785484800000,45000.0,call,103.19,0.29734424,0.2725,0.3215,64040.74,0.0
1785396343,btc,1786089600000,53000.0,call,57.44,0.17344426,0.144,0.204,64092.48,0.0
1785396343,btc,1785398400000,63500.0,call,36.34,0.00814045,0.0034,0.0125,64020.07,49.8
1785396343,btc,1785657600000,62000.0,call,34.95,0.03449954,0.0055,0.0675,64020.07,0.0
1785396343,btc,1790323200000,220000.0,call,72.81,1.12e-06,,0.0002,64456.25,230.1
1785396343,btc,1806048000000,106000.0,call,41.34,0.01452621,0.014,0.015,65759.85,46.6
1785396343,btc,1785657600000,62500.0,put,33.66,0.00364197,0.0035,0.0038,64020.07,3.0
1785396343,btc,1787904000000,80000.0,call,38.2,0.00092274,0.0008,0.001,64232.07,1888.5
1785396343,btc,1790323200000,100000.0,call,46.61,0.00065317,0.0006,0.0007,64450.45,3606.7
1785396343,btc,1806048000000,98000.0,call,40.9,0.02221874,0.0215,0.023,65760.11,95.5
1785396343,btc,1786694400000,65000.0,put,33.76,0.03476312,0.034,0.0355,64135.42,37.6
1785396343,btc,1785484800000,92000.0,call,71.84,0.0,,0.0001,64034.94,444.7
1785396343,btc,1790323200000,60000.0,put,38.96,0.03096747,0.0305,0.0315,64456.25,4518.0
1785396343,btc,1786089600000,61000.0,put,38.6,0.00597813,0.0055,0.0065,64092.48,436.7
1785396343,btc,1798185600000,72000.0,put,39.53,0.1666743,0.163,0.1695,65106.25,335.5
1785396343,btc,1806048000000,56000.0,call,44.35,0.21888393,0.216,0.2215,65760.11,16.9
1785396343,btc,1787904000000,62000.0,put,36.65,0.0254263,0.025,0.026,64237.87,816.5
1785396343,btc,1785398400000,65500.0,put,47.08,0.02310152,0.017,0.028,64020.07,2.9
1785396343,btc,1813910400000,55000.0,call,45.38,0.25692057,0.2545,0.26,66471.79,0.3
1785396343,btc,1785571200000,57000.0,call,67.9,0.11015447,0.078,0.1415,64020.07,0.0
1785396343,btc,1785484800000,83000.0,put,71.83,0.29600951,0.2905,0.3035,64034.94,29.5
1785396343,btc,1798185600000,56000.0,call,43.44,0.18693137,0.185,0.1885,65100.45,41.4
1785396343,btc,1790323200000,52000.0,put,46.04,0.00952698,0.009,0.01,64456.25,1094.4
1785396343,btc,1806048000000,86000.0,put,40.42,0.35077798,0.306,0.3595,65760.11,1.7
1785396343,btc,1806048000000,40000.0,put,53.55,0.02078221,0.02,0.0215,65759.85,1148.7
1785396343,btc,1806048000000,120000.0,call,42.77,0.00771111,0.007,0.0085,65760.11,328.2
1785396343,btc,1785484800000,77000.0,put,71.83,0.20232208,0.198,0.209,64034.94,242.4
1785396343,btc,1785571200000,63500.0,call,36.14,0.01546656,0.0145,0.016,64020.07,13.2
1785396343,btc,1813910400000,140000.0,call,44.02,0.0089829,0.008,0.01,66465.99,209.2
1785396343,btc,1785398400000,69000.0,put,68.96,0.07777107,0.0415,0.1165,64020.07,0.0
1785396343,btc,1790323200000,190000.0,call,72.81,1.002e-05,,0.0002,64456.25,772.5
1785396343,btc,1786089600000,62000.0,call,37.12,0.0417382,0.0395,0.0445,64086.68,152.1
1785396343,btc,1806048000000,56000.0,put,44.35,0.07043903,0.0695,0.0715,65759.85,80.4
1785396343,btc,1813910400000,56000.0,call,45.11,0.24733911,0.2445,0.2505,66471.79,1.9
1785396343,btc,1790323200000,64000.0,call,36.91,0.06155779,0.061,0.062,64450.45,591.1
1785396343,btc,1787904000000,40000.0,put,70.44,0.00044401,0.0004,0.0005,64237.87,479.7
1785396343,btc,1785484800000,46000.0,call,103.19,0.28172967,0.256,0.306,64034.94,0.0
1785396343,btc,1785484800000,57000.0,call,83.14,0.1100218,0.0785,0.1415,64034.94,3.7
1785396343,btc,1785571200000,65000.0,call,32.57,0.00404564,0.0038,0.0043,64020.07,15.5
1785396343,btc,1785484800000,94000.0,put,71.84,0.4677698,0.4185,0.521,64034.94,1.3
1785396343,btc,1786089600000,77000.0,call,50.29,0.00018496,0.0001,0.0003,64092.48,1030.4
1785396343,btc,1790323200000,220000.0,put,72.81,2.41316209,2.2985,2.537,64456.25,1.8
1785396343,btc,1798185600000,50000.0,call,46.91,0.25893554,0.2565,0.2605,65100.45,260.8
1785396343,btc,1786694400000,52000.0,call,52.53,0.19012631,0.1605,0.2205,64135.42,0.0
1785396343,btc,1785571200000,61000.0,put,44.64,0.00102911,0.0009,0.0012,64020.07,28.1
1785396343,btc,1786089600000,75000.0,put,45.15,0.17037396,0.131,0.213,64086.68,0.5
1785396343,btc,1813910400000,84000.0,call,41.48,0.07483854,0.0735,0.076,66465.99,2.1
1785396343,btc,1785484800000,56000.0,put,91.09,3.646e-05,,0.0001,64034.94,2452.9
1785396343,btc,1785484800000,88000.0,call,71.83,0.0,,0.0001,64034.94,588.7
1785396343,btc,1790323200000,40000.0,put,64.05,0.00228069,0.0021,0.0023,64450.45,2286.2
1785396343,btc,1790323200000,280000.0,put,81.51,3.34402339,3.198,3.502,64450.45,0.0
1785396343,btc,1785398400000,62500.0,put,56.26,0.0,,0.0002,64020.07,291.9
1785396343,btc,1786089600000,69000.0,put,32.56,0.07790897,0.051,0.1115,64092.48,0.0
1785396343,btc,1785571200000,56000.0,put,74.92,0.0001394,0.0001,0.0002,64020.07,25.2
1785396343,btc,1813910400000,88000.0,put,41.43,0.38660512,0.3815,0.39,66465.99,0.0
1785396343,btc,1785657600000,70000.0,put,40.78,0.09300933,0.0565,0.133,64020.07,0.0
1785396343,btc,1785484800000,63000.0,put,38.19,0.00236658,0.0022,0.0025,64034.94,871.8
1785396343,btc,1785484800000,110000.0,put,71.9,0.71760296,0.7115,0.7275,64034.94,46.2
1785396343,btc,1785484800000,102000.0,call,71.84,0.0,,0.0001,64034.94,452.9
1785396343,btc,1785484800000,96000.0,call,71.84,0.0,,0.0001,64034.94,279.0
1785396343,btc,1806048000000,82000.0,put,40.41,0.30094742,0.297,0.3045,65760.11,3.8
1785396343,btc,1798185600000,64000.0,call,40.73,0.11102923,0.11,0.112,65100.45,412.9
1785396343,btc,1806048000000,95000.0,put,40.66,0.47056293,0.465,0.537,65760.64,0.6
1785396343,btc,1785484800000,110000.0,call,71.9,0.0,,0.0001,64040.74,194.2
1785396343,btc,1798185600000,95000.0,call,40.32,0.00963433,0.0095,0.01,65100.45,1298.2
1785396343,btc,1785484800000,120000.0,put,77.21,0.87374869,0.8105,0.9415,64034.94,3.5
1785396343,btc,1790323200000,95000.0,call,42.7,0.00075137,0.0006,0.0009,64450.45,1866.4
1785396343,btc,1786089600000,64000.0,put,34.61,0.01972541,0.019,0.0205,64086.68,190.9
1785396343,btc,1790323200000,35000.0,call,73.28,0.45833597,0.4565,0.46,64450.45,29.3
1785396343,btc,1798185600000,240000.0,put,62.3,2.68633355,2.562,2.82,65100.45,0.0
1785396343,btc,1787904000000,86000.0,put,44.99,0.33928009,0.2935,0.389,64237.87,0.0
1785396343,btc,1785484800000,62500.0,call,40.3,0.0254182,0.0215,0.0295,64040.74,0.1
1785396343,btc,1813910400000,105000.0,call,41.77,0.03053711,0.0295,0.0315,66465.99,49.2
1785396343,btc,1785484800000,65500.0,call,32.15,0.00074695,0.0005,0.0008,64034.94,99.5
1785396343,btc,1798185600000,86000.0,put,39.67,0.34066009,0.294,0.3645,65100.45,23.4
1785396343,btc,1787904000000,79000.0,call,37.46,0.00111172,0.001,0.0012,64237.87,555.7
1785396343,btc,1790323200000,200000.0,call,72.81,4.79e-06,,0.0002,64450.45,1009.2
1785396343,btc,1787904000000,78000.0,put,36.57,0.21552256,0.1735,0.261,64237.87,4.1
1785396343,btc,1785657600000,57000.0,call,57.06,0.11027608,0.078,0.142,64020.07,0.0
1785396343,btc,1806048000000,150000.0,put,46.43,1.28372463,1.204,1.3745,65760.64,0.5
1785396343,btc,1790323200000,45000.0,put,55.79,0.00397541,0.0038,0.0042,64450.45,1950.8
1785396343,btc,1798185600000,20000.0,call,85.83,0.69442535,0.6935,0.6955,65100.45,0.0
1785396343,btc,1806048000000,110000.0,call,41.72,0.0119974,0.0115,0.0125,65760.11,522.4
1785396343,btc,1790323200000,145000.0,call,69.32,0.00017995,0.0001,0.0003,64456.25,492.2
1785396343,btc,1806048000000,125000.0,call,43.26,0.00623815,0.0055,0.007,65760.11,121.7
1785396343,btc,1798185600000,150000.0,put,50.27,1.30458451,1.2265,1.391,65106.25,2.0
1785396343,btc,1813910400000,120000.0,put,42.6,0.82248553,0.814,0.829,66471.79,0.0
1785396343,btc,1790323200000,160000.0,call,71.63,7.857e-05,,0.0004,64450.45,1444.3
1785396343,btc,1813910400000,64000.0,put,43.3,0.14215477,0.1405,0.1435,66465.99,13.8
1785396343,btc,1813910400000,95000.0,call,41.52,0.04647133,0.0455,0.0475,66471.79,10.8
1785396343,btc,1798185600000,98000.0,call,40.82,0.0078441,0.0075,0.008,65106.25,206.6
1785396343,btc,1786694400000,52000.0,put,52.53,0.00088623,0.0008,0.0009,64135.42,43.0
1785396343,btc,1785484800000,93000.0,put,71.84,0.45215523,0.4035,0.5035,64034.94,0.4
1785396343,btc,1798185600000,108000.0,put,42.54,0.6629625,0.604,0.7315,65106.25,0.0
1785396343,btc,1785657600000,64000.0,put,30.9,0.01083108,0.0105,0.0115,64020.07,1.4
1785396343,btc,1813910400000,74000.0,put,42.06,0.22997811,0.2265,0.2325,66465.99,0.1
1785396343,btc,1787904000000,94000.0,put,52.59,0.46356711,0.414,0.5175,64232.07,0.0
1785396343,btc,1790323200000,86000.0,call,38.29,0.0019028,0.0017,0.0021,64456.25,663.3
1785396343,btc,1798185600000,115000.0,call,43.81,0.00281002,0.0026,0.003,65100.45,2339.6
1785396343,btc,1785484800000,64000.0,put,35.02,0.00707637,0.0065,0.007,64034.94,718.9
1785396343,btc,1785484800000,93000.0,call,71.84,0.0,,0.0001,64034.94,106.6
1785396343,btc,1806048000000,140000.0,put,45.09,1.13256939,1.057,1.219,65760.11,0.0
1785396343,btc,1798185600000,80000.0,put,39.39,0.26079331,0.255,0.2675,65100.45,952.0
1785396343,btc,1790323200000,56000.0,put,42.17,0.01723963,0.0165,0.018,64450.45,1191.4
1785396343,btc,1787904000000,50000.0,put,52.24,0.00236557,0.0022,0.0025,64232.07,1326.5
1785396343,btc,1786089600000,55000.0,put,51.45,0.00058985,0.0005,0.0007,64092.48,266.0
1785396343,btc,1785484800000,59000.0,call,68.12,0.07887725,0.074,0.0825,64034.94,196.7
1785396343,btc,1806048000000,70000.0,put,41.25,0.17140728,0.1685,0.1735,65760.64,211.8
1785396343,btc,1813910400000,86000.0,call,41.48,0.06861267,0.0675,0.0695,66471.79,1.6
1785396343,btc,1785398400000,65000.0,put,43.04,0.01529161,0.0095,0.0205,64020.07,23.0
1785396343,btc,1785484800000,86000.0,put,71.83,0.34285323,0.298,0.391,64034.94,15.2
1785396343,btc,1806048000000,64000.0,call,42.17,0.14747607,0.146,0.1495,65759.85,85.3
1785396343,btc,1798185600000,82000.0,put,39.42,0.28666919,0.2805,0.2905,65100.45,158.7
1785396343,btc,1787904000000,78000.0,call,36.57,0.00131446,0.0012,0.0014,64237.87,1095.9
1785396343,btc,1798185600000,90000.0,put,39.85,0.39655314,0.39,0.4015,65106.25,590.5
1785396343,btc,1785484800000,95000.0,call,71.84,0.0,,0.0001,64034.94,135.7
1785396343,btc,1787904000000,92000.0,call,50.19,0.00030119,0.0003,0.0004,64237.87,59.2
1785396343,btc,1806048000000,50000.0,call,46.88,0.28473115,0.2815,0.288,65760.11,20.5
1785396343,btc,1785484800000,78000.0,put,71.83,0.21793665,0.213,0.2245,64034.94,442.5
1785396343,btc,1787904000000,79000.0,put,37.46,0.23088659,0.189,0.2775,64237.87,0.3
1785396343,btc,1813910400000,140000.0,put,44.02,1.11506917,1.0375,1.2075,66465.99,0.0
1785396343,btc,1786089600000,72000.0,call,37.72,0.00040515,0.0003,0.0005,64086.68,5605.7
1785396343,btc,1798185600000,180000.0,put,53.93,1.76492252,1.6715,1.8665,65106.25,0.0
1785396343,btc,1787904000000,88000.0,put,47.41,0.37036345,0.323,0.422,64237.87,0.0
1785396343,btc,1785484800000,98000.0,put,71.84,0.53022809,0.479,0.5855,64034.94,0.1
1785396343,btc,1787904000000,96000.0,put,54.88,0.49468966,0.444,0.5505,64237.87,0.2
1785396343,btc,1787904000000,86000.0,call,44.99,0.00053782,0.0004,0.0007,64237.87,165.6
1785396343,btc,1813910400000,76000.0,call,41.9,0.10688341,0.1055,0.1085,66471.79,13.8
1785396343,btc,1785484800000,75000.0,put,71.83,0.17109308,0.167,0.177,64034.94,225.2
1785396343,btc,1798185600000,35000.0,put,62.28,0.00723082,0.007,0.0075,65100.45,2310.4
1785396343,btc,1786089600000,71000.0,put,35.96,0.1083253,0.07,0.1495,64092.48,0.0
1785396343,btc,1790323200000,150000.0,put,70.77,1.32730602,1.249,1.4135,64450.45,0.7
1785396343,btc,1787904000000,57000.0,call,41.62,0.12157187,0.1175,0.125,64237.87,26.5
1785396343,btc,1806048000000,50000.0,put,46.88,0.04504727,0.044,0.046,65760.11,2077.8
1785396343,btc,1806048000000,190000.0,call,50.51,0.00101289,0.0008,0.0014,65760.11,882.3
1785396343,btc,1785484800000,76000.0,put,71.83,0.18670753,0.1825,0.193,64040.74,429.7
1785396343,btc,1798185600000,110000.0,call,42.9,0.0037037,0.0035,0.004,65100.45,2640.4
1785396343,btc,1787904000000,48000.0,put,55.57,0.00165678,0.0016,0.0017,64232.07,841.3
1785396343,btc,1785484800000,104000.0,call,71.84,0.0,,0.0001,64034.94,510.4
1785396343,btc,1790323200000,88000.0,put,39.22,0.36676438,0.32,0.4195,64456.25,5.7
1785396343,btc,1785398400000,60000.0,put,66.94,0.0,,0.0001,64020.07,131.4
1785396343,btc,1786694400000,60000.0,call,38.78,0.07291084,0.0695,0.1065,64135.42,0.0
1785396343,btc,1785484800000,63500.0,put,36.57,0.0041878,0.004,0.0043,64040.74,396.9
1785396343,btc,1785571200000,63500.0,put,36.14,0.00697797,0.0065,0.007,64020.07,22.5
1785396343,btc,1806048000000,76000.0,put,40.59,0.23170976,0.2285,0.235,65760.11,19.2
1785396343,btc,1790323200000,76000.0,call,34.78,0.00838594,0.008,0.0085,64456.25,2289.0
1785396343,btc,1785657600000,58000.0,call,51.64,0.0947335,0.0615,0.1265,64020.07,0.0
1785396343,btc,1785398400000,57000.0,call,77.72,0.10966738,0.078,0.1395,64020.07,0.0
1785396343,btc,1790323200000,110000.0,call,51.61,0.000364,0.0003,0.0004,64450.45,1296.1
1785396343,btc,1798185600000,82000.0,call,39.42,0.02719792,0.0265,0.0275,65106.25,490.1
1785396343,btc,1785657600000,70000.0,call,40.78,0.00010767,,0.0001,64020.07,1.8
1785396343,btc,1790323200000,55000.0,put,43.15,0.01492762,0.0145,0.0155,64450.45,3228.8
1785396343,btc,1798185600000,130000.0,put,46.55,0.99809,0.9845,1.013,65100.45,52.1
1785396343,btc,1798185600000,106000.0,call,42.14,0.00465947,0.0044,0.0049,65106.25,319.2
1785396343,btc,1786089600000,60000.0,call,40.35,0.06782841,0.0635,0.083,64086.68,11.0
1785396343,btc,1798185600000,30000.0,call,68.95,0.54378473,0.5425,0.5455,65100.45,289.3
1785396343,btc,1798185600000,180000.0,call,53.93,0.00024708,0.0001,0.0005,65100.45,923.9
1785396343,btc,1785484800000,68000.0,put,49.23,0.06188939,0.058,0.068,64034.94,399.4
1785396343,btc,1790323200000,74000.0,put,34.76,0.16019407,0.155,0.166,64456.25,110.7
1785396343,btc,1798185600000,106000.0,put,42.14,0.63274611,0.5745,0.7005,65106.25,0.1
1785396343,btc,1787904000000,84000.0,put,42.88,0.30824987,0.2635,0.357,64237.87,0.7
1785396343,btc,1806048000000,88000.0,put,40.45,0.37657929,0.372,0.387,65760.64,4.4
1785396343,btc,1786694400000,64000.0,call,34.57,0.02902981,0.0285,0.0295,64135.42,104.9
1785396343,btc,1786089600000,58000.0,call,44.34,0.09682289,0.0925,0.1285,64086.68,0.0
1785396343,btc,1785484800000,89000.0,call,71.84,0.0,,0.0001,64040.74,237.4
1785396343,btc,1785571200000,60000.0,call,49.98,0.06371806,0.0295,0.097,64020.07,0.0
1785396343,btc,1785398400000,61000.0,put,58.04,0.0,,0.0001,64020.07,255.7
1785396343,btc,1785484800000,57000.0,put,83.14,5.243e-05,,0.0001,64040.74,541.2
1785396343,btc,1798185600000,62000.0,put,41.23,0.07985662,0.079,0.0805,65100.45,693.2
1785396343,btc,1786089600000,66000.0,call,32.86,0.00831724,0.008,0.0085,64086.68,798.7
1785396343,btc,1790323200000,45000.0,call,55.79,0.30582885,0.3015,0.309,64450.45,153.4
1785396343,btc,1785484800000,52000.0,call,101.31,0.1880257,0.1595,0.2165,64034.94,0.5
1785396343,btc,1785398400000,61500.0,put,58.01,0.0,,0.0002,64020.07,172.4
1785396343,btc,1806048000000,200000.0,call,50.75,0.00072614,0.0006,0.001,65760.11,499.5
1785396343,btc,1785398400000,59000.0,put,76.82,0.0,,0.0001,64020.07,125.5
1785396343,btc,1786694400000,50000.0,call,56.62,0.22096609,0.1925,0.25,64135.42,0.0
1785396343,btc,1785484800000,96000.0,put,71.84,0.49899895,0.4485,0.553,64034.94,0.1
1785396343,btc,1785484800000,66500.0,put,35.11,0.03851937,0.0125,0.0765,64034.94,0.0
1785396343,btc,1798185600000,140000.0,put,48.73,1.15130238,1.078,1.233,65100.45,0.2
1785396343,btc,1790323200000,125000.0,put,58.95,0.93950883,0.874,1.012,64450.45,22.7
1785396343,btc,1787904000000,92000.0,put,50.19,0.43244408,0.384,0.486,64237.87,1.5
1785396343,btc,1785657600000,67000.0,put,29.27,0.04657313,0.0125,0.085,64020.07,0.0
1785396343,btc,1786089600000,60000.0,put,40.35,0.00394296,0.0037,0.0041,64092.48,1590.3
1785396343,btc,1813910400000,55000.0,put,45.38,0.08431161,0.083,0.0855,66471.79,7.3
1785396343,btc,1806048000000,102000.0,put,41.02,0.56883113,0.5625,0.576,65759.85,0.0
1785396343,btc,1787904000000,75000.0,put,34.13,0.16986969,0.1645,0.1765,64237.87,34.1
1785396343,btc,1806048000000,96000.0,call,40.8,0.02475993,0.024,0.0255,65760.11,124.9
1785396343,btc,1790323200000,98000.0,put,45.15,0.52110558,0.4695,0.5785,64450.45,0.1
1785396343,btc,1790323200000,40000.0,call,64.05,0.38170597,0.3795,0.3835,64450.45,34.3
1785396343,btc,1787904000000,77000.0,call,35.68,0.00156665,0.0014,0.0017,64237.87,227.3
1785396343,btc,1790323200000,155000.0,call,70.77,0.00010062,,0.0002,64456.25,363.0
1785396343,btc,1813910400000,100000.0,put,41.61,0.54188848,0.5355,0.547,66471.79,0.0
1785396343,btc,1785657600000,66000.0,put,28.69,0.03210127,0.0036,0.0695,64020.07,0.0
1785396343,btc,1785484800000,45000.0,put,103.19,0.0,,0.0001,64040.74,1063.6
1785396343,btc,1787904000000,82000.0,put,40.91,0.27728022,0.234,0.3255,64237.87,1.0
1785396343,btc,1798185600000,70000.0,put,39.74,0.14628967,0.1435,0.149,65100.45,1034.6
1785396343,btc,1790323200000,68000.0,put,35.39,0.08892147,0.0865,0.0915,64450.45,639.6
1785396343,btc,1785398400000,62000.0,put,58.01,0.0,,0.0002,64020.07,241.4
1785396343,btc,1785398400000,62000.0,call,58.01,0.03156803,0.0125,0.064,64020.07,0.0
1785396343,btc,1798185600000,125000.0,call,45.64,0.00171826,0.0015,0.0019,65100.45,595.8
1785396343,btc,1806048000000,95000.0,call,40.66,0.0259623,0.025,0.027,65760.64,176.4
1785396343,btc,1813910400000,40000.0,put,52.29,0.03023608,0.029,0.0315,66471.79,476.0
1785396343,btc,1798185600000,70000.0,call,39.74,0.07113812,0.0705,0.072,65100.45,1095.4
1785396343,btc,1785484800000,79000.0,call,71.83,0.0,,0.0001,64034.94,1606.2
1785396343,btc,1798185600000,30000.0,put,68.95,0.00456397,0.0044,0.0048,65106.25,2162.1
1785396343,btc,1790323200000,140000.0,call,66.68,0.00018003,0.0001,0.0004,64450.45,1183.4
1785396343,btc,1813910400000,95000.0,put,41.52,0.4756013,0.4695,0.48,66471.79,20.0
1785396343,btc,1798185600000,100000.0,call,41.22,0.00692025,0.0065,0.007,65106.25,3671.5
1785396343,btc,1813910400000,82000.0,put,41.55,0.31535775,0.311,0.319,66471.79,0.1
1785396343,btc,1790323200000,180000.0,put,71.63,1.79260266,1.6985,1.8945,64450.45,7.3
1785396343,btc,1785484800000,74000.0,put,71.75,0.15547904,0.1515,0.162,64040.74,177.2
1785396343,btc,1785484800000,85000.0,put,71.83,0.32723865,0.2825,0.375,64034.94,22.1
1785396343,btc,1806048000000,62000.0,put,42.63,0.10633578,0.105,0.1075,65760.11,254.1
1785396343,btc,1790323200000,102000.0,put,46.87,0.58296459,0.5295,0.643,64450.45,0.4
1785396343,btc,1787904000000,59000.0,call,39.35,0.09509578,0.0915,0.0985,64237.87,414.1
1785396343,btc,1786694400000,75000.0,put,37.43,0.16995628,0.13,0.2135,64135.42,0.0
1785396343,btc,1785398400000,61500.0,call,58.01,0.03937796,0.013,0.072,64020.07,0.0
1785396343,btc,1786694400000,67000.0,call,32.47,0.01023177,0.0095,0.0105,64135.42,433.6
1785396343,btc,1785398400000,66500.0,call,47.66,0.0,,0.0001,64020.07,272.8
1785396343,btc,1786089600000,77000.0,put,50.29,0.20153197,0.1605,0.2465,64092.48,0.0
1785396343,btc,1785398400000,71000.0,put,68.96,0.10901081,0.072,0.1485,64020.07,0.0
1785396343,btc,1798185600000,105000.0,call,42.11,0.00504646,0.0047,0.005,65100.45,834.0
1785396343,btc,1786694400000,58000.0,put,41.66,0.00460047,0.0044,0.0048,64135.42,378.6
1785396343,btc,1798185600000,52000.0,call,45.57,0.23370999,0.2315,0.2355,65100.45,0.0
1785396343,btc,1798185600000,58000.0,put,42.56,0.05639518,0.0555,0.057,65100.45,2053.5
1785396343,btc,1785571200000,71000.0,put,52.51,0.10867215,0.072,0.15,64020.07,0.0
1785396343,btc,1785484800000,79000.0,put,71.83,0.23355122,0.229,0.2405,64034.94,144.2
1785396343,btc,1790323200000,145000.0,put,69.32,1.24976332,1.174,1.3335,64456.25,0.2
1785396343,btc,1785398400000,69000.0,call,68.96,0.0,,0.0001,64020.07,51.5
1785396343,btc,1787904000000,105000.0,put,62.62,0.63469238,0.5795,0.6955,64237.87,0.9
1785396343,btc,1798185600000,94000.0,put,40.32,0.45428662,0.4025,0.4865,65100.45,5.2
1785396343,btc,1785484800000,66000.0,put,32.81,0.03085962,0.027,0.0365,64034.94,607.0
1785396343,btc,1798185600000,220000.0,call,59.25,0.00011451,,0.0003,65106.25,252.8
1785396343,btc,1806048000000,80000.0,call,40.46,0.06061308,0.0595,0.0615,65759.85,915.1
1785396343,btc,1785657600000,59000.0,put,46.12,0.00038409,0.0003,0.0005,64020.07,25.4
1785396343,btc,1790323200000,175000.0,put,71.63,1.71503861,1.624,1.8145,64450.45,0.2
1785396343,btc,1813910400000,66000.0,call,42.96,0.16483684,0.1635,0.167,66465.99,23.1
1785396343,btc,1798185600000,56000.0,put,43.44,0.04705262,0.0465,0.0475,65100.45,463.0
1785396343,btc,1787904000000,75000.0,call,34.13,0.0023619,0.0021,0.0026,64237.87,2928.8
1785396343,btc,1790323200000,75000.0,put,34.77,0.17368308,0.1685,0.179,64450.45,2967.4
1785396343,btc,1813910400000,66000.0,put,42.96,0.15770608,0.156,0.159,66465.99,32.2
1785396343,btc,1798185600000,94000.0,call,40.32,0.01051167,0.01,0.0105,65100.45,113.8
1785396343,btc,1786694400000,62000.0,put,36.41,0.0153143,0.015,0.016,64135.42,144.4
1785396343,btc,1798185600000,140000.0,call,48.73,0.00099927,0.0008,0.0012,65106.25,1474.8
1785396343,btc,1790323200000,90000.0,call,40.4,0.00125069,0.0011,0.0014,64450.45,3016.0
1785396343,btc,1787904000000,72000.0,call,32.89,0.00517715,0.0049,0.0055,64237.87,2737.4
1785396343,btc,1785398400000,64000.0,call,29.49,0.00111933,0.0004,0.0012,64020.07,116.2
1785396343,btc,1790323200000,56000.0,call,42.17,0.14843502,0.145,0.176,64450.45,12.2
1785396343,btc,1798185600000,76000.0,put,39.36,0.21153553,0.208,0.218,65100.45,142.1
1785396343,btc,1798185600000,250000.0,call,62.75,7.582e-05,,0.0002,65100.45,1256.0
1785396343,btc,1813910400000,85000.0,call,41.49,0.07167758,0.0705,0.073,66465.99,7.6
1785396343,btc,1813910400000,45000.0,put,49.26,0.04297887,0.042,0.044,66471.79,235.6
1785396343,btc,1790323200000,62000.0,call,37.88,0.07955441,0.0785,0.0805,64456.25,681.9
1785396343,btc,1785484800000,58000.0,put,73.11,6.123e-05,,0.0001,64034.94,1800.1
1785396343,btc,1806048000000,70000.0,call,41.25,0.10696471,0.106,0.108,65760.11,752.9
1785396343,btc,1786089600000,75000.0,call,45.15,0.00023077,0.0001,0.0003,64092.48,2541.5
1785396343,btc,1813910400000,160000.0,put,45.79,1.41233173,1.3265,1.512,66465.99,0.0
1785396343,btc,1785657600000,61000.0,put,37.83,0.00118743,0.001,0.0014,64020.07,11.2
1785396343,btc,1785484800000,67000.0,call,39.26,0.00011278,,0.0002,64040.74,2179.1
1785396343,btc,1790323200000,70000.0,call,35.0,0.02442724,0.024,0.025,64450.45,2080.2
1785396343,btc,1786694400000,70000.0,put,32.43,0.0943669,0.088,0.119,64135.42,0.0
1785396343,btc,1786694400000,66000.0,call,33.05,0.01503949,0.0145,0.0155,64135.42,93.6
1785396343,btc,1787904000000,88000.0,call,47.41,0.00048764,0.0004,0.0006,64237.87,185.7
1785396343,btc,1785484800000,82000.0,put,71.83,0.28039494,0.275,0.2875,64034.94,90.8
1785396343,btc,1790323200000,260000.0,put,78.83,3.03373617,2.898,3.1805,64450.45,0.0
1785396343,btc,1785398400000,70000.0,call,68.96,0.0,,0.0001,64020.07,202.2
1785396343,btc,1787904000000,55000.0,put,44.17,0.00586279,0.0055,0.0065,64237.87,809.8
1785396343,btc,1787904000000,77000.0,put,35.68,0.20020798,0.1585,0.2455,64237.87,3.4
1785396343,btc,1806048000000,85000.0,call,40.41,0.04555329,0.0445,0.0465,65760.11,71.4
1785396343,btc,1785484800000,48000.0,put,103.19,0.0,,0.0001,64040.74,1028.8
1785396343,btc,1785484800000,55000.0,call,95.1,0.14121498,0.1105,0.1715,64034.94,11.5
1785396343,btc,1785484800000,80000.0,put,71.83,0.24916579,0.244,0.256,64034.94,385.1
1785396343,btc,1806048000000,45000.0,put,49.78,0.03059762,0.0295,0.031,65760.11,192.9
1785396343,btc,1798185600000,110000.0,put,42.9,0.69322758,0.6825,0.705,65106.25,54.1
1785396343,btc,1785484800000,71000.0,put,69.09,0.10866218,0.104,0.115,64034.94,110.6
1785396343,btc,1786694400000,80000.0,put,45.69,0.2476174,0.205,0.2945,64135.42,0.0
1785396343,btc,1787904000000,67000.0,put,33.46,0.06367614,0.061,0.067,64237.87,118.0
1785396343,btc,1806048000000,52000.0,put,45.92,0.05240126,0.0515,0.0535,65760.11,111.9
1785396343,btc,1785484800000,115000.0,put,72.85,0.79567583,0.7355,0.86,64034.94,3.2
1785396343,btc,1798185600000,65000.0,put,40.5,0.10171027,0.1005,0.1025,65106.25,701.2
1785396343,btc,1785657600000,66000.0,call,28.69,0.00165105,0.0015,0.0017,64020.07,4.7
1785396343,btc,1785484800000,83000.0,call,71.83,0.0,,0.0001,64034.94,1193.0
1785396343,btc,1785571200000,61500.0,put,42.39,0.00145641,0.0014,0.0016,64020.07,16.6
1785396343,btc,1785484800000,69000.0,call,57.49,7.406e-05,,0.0001,64034.94,3172.4
1785396343,btc,1787904000000,63000.0,put,35.81,0.03097627,0.0305,0.0315,64237.87,663.7
1785396343,btc,1813910400000,130000.0,call,43.27,0.01225746,0.0115,0.013,66471.79,79.9
1785396343,btc,1787904000000,110000.0,put,67.17,0.71250909,0.6545,0.775,64237.87,0.0
1785396343,btc,1798185600000,40000.0,call,56.39,0.39685012,0.3945,0.3985,65100.45,250.8
1785396343,btc,1813910400000,60000.0,put,44.13,0.11402035,0.113,0.115,66465.99,71.5
1785396343,btc,1785398400000,72000.0,put,68.96,0.12463068,0.087,0.165,64020.07,0.0
1785396343,btc,1798185600000,135000.0,put,48.07,1.07475858,1.004,1.154,65100.45,0.6
1785396343,btc,1798185600000,125000.0,put,45.64,0.92163175,0.856,0.9965,65100.45,8.4
1785396343,btc,1785657600000,71000.0,put,46.1,0.10861613,0.072,0.1495,64020.07,0.0
1785396343,btc,1806048000000,105000.0,call,41.28,0.01529936,0.0145,0.016,65760.11,183.2
1785396343,btc,1785571200000,66000.0,put,31.75,0.03170508,0.027,0.0545,64020.07,0.0
1785396343,btc,1806048000000,100000.0,put,40.93,0.54045378,0.5345,0.6035,65760.64,12.1
1785396343,btc,1787904000000,58000.0,put,40.58,0.01105421,0.0105,0.0115,64237.87,916.6
1785396343,btc,1785484800000,65000.0,call,32.16,0.00181604,0.0017,0.0019,64034.94,1845.9
1785396343,btc,1787904000000,81000.0,put,39.51,0.26176063,0.2185,0.3095,64237.87,0.1
1785396343,btc,1785484800000,100000.0,put,71.84,0.56145724,0.5555,0.5705,64040.74,99.1
1785396343,btc,1785571200000,65500.0,put,31.75,0.02492432,0.021,0.058,64020.07,0.0
1785396343,btc,1785571200000,63000.0,put,37.55,0.00477281,0.0045,0.0048,64020.07,210.0
1785396343,btc,1785484800000,106000.0,put,71.84,0.65514467,0.5995,0.715,64040.74,0.0
1785396343,btc,1806048000000,110000.0,put,41.72,0.68469286,0.6775,0.71,65760.11,1.7
1785396343,btc,1813910400000,130000.0,put,43.27,0.967909,0.959,0.975,66471.79,0.0
1785396343,btc,1785484800000,54000.0,put,98.55,6.87e-06,,0.0001,64034.94,1971.6
1785396343,btc,1798185600000,20000.0,put,85.83,0.00161151,0.0014,0.0018,65106.25,4.3
1785396343,btc,1806048000000,52000.0,call,45.92,0.26167249,0.2585,0.265,65760.11,5.1
1785396343,btc,1790323200000,90000.0,put,40.4,0.39754381,0.3905,0.4065,64450.45,587.5
1785396343,btc,1813910400000,50000.0,put,47.03,0.06075024,0.0595,0.062,66471.79,284.7
1785396343,btc,1790323200000,320000.0,put,85.42,3.96459791,3.7975,4.145,64450.45,25.1
1785396343,btc,1785657600000,72000.0,put,51.43,0.1242269,0.087,0.1665,64020.07,0.0
1785396343,btc,1785484800000,81000.0,put,71.83,0.26478036,0.2595,0.272,64034.94,114.0
1785396343,btc,1806048000000,68000.0,call,41.52,0.11933883,0.118,0.1205,65760.11,39.1
1785396343,btc,1787904000000,46000.0,put,59.42,0.00122213,0.0011,0.0013,64237.87,663.5
1785396343,btc,1813910400000,80000.0,call,41.64,0.08944619,0.088,0.091,66465.99,63.3
1785396343,btc,1798185600000,52000.0,put,45.57,0.032394,0.032,0.033,65100.45,166.8
1785396343,btc,1785657600000,65500.0,put,28.68,0.02550647,0.0014,0.062,64020.07,0.0
1785396343,btc,1785484800000,88000.0,put,71.83,0.37408237,0.3285,0.4235,64034.94,2.1
1785396343,btc,1806048000000,140000.0,call,45.09,0.00368426,0.0033,0.0041,65760.11,756.5
1785396343,btc,1786089600000,67000.0,call,32.25,0.00466697,0.0045,0.0049,64086.68,861.0
1785396343,btc,1785484800000,50000.0,call,102.26,0.2192714,0.1915,0.245,64034.94,3.4
1785396343,btc,1785398400000,67500.0,put,57.2,0.05434126,0.0185,0.0925,64020.07,0.0
1785396343,btc,1790323200000,94000.0,call,42.3,0.00083664,0.0007,0.001,64450.45,169.8
1785396343,btc,1785398400000,67000.0,put,50.32,0.04653133,0.013,0.0845,64020.07,0.0
1785396343,btc,1785398400000,67000.0,call,50.32,0.0,,0.0001,64020.07,104.9
1785396343,btc,1785571200000,70000.0,call,49.68,0.00010389,,0.0002,64020.07,142.3
1785396343,btc,1798185600000,62000.0,call,41.23,0.12757953,0.126,0.129,65100.45,241.1
1785396343,btc,1813910400000,82000.0,call,41.55,0.08179293,0.0805,0.083,66465.99,23.3
1785396343,btc,1813910400000,110000.0,call,41.99,0.02502802,0.024,0.026,66471.79,163.9
1785396343,btc,1785484800000,108000.0,put,71.85,0.68637382,0.6295,0.7475,64034.94,0.0
1785396343,btc,1790323200000,30000.0,call,82.92,0.53530259,0.534,0.537,64450.45,132.3
1785396343,btc,1813910400000,85000.0,put,41.49,0.35037281,0.3455,0.354,66465.99,4.5
1785396343,btc,1785484800000,66500.0,call,35.11,0.00015031,0.0001,0.0002,64034.94,163.3
1785396343,btc,1785484800000,73000.0,call,71.75,2.95e-06,,0.0001,64034.94,2027.3
1785396343,btc,1806048000000,108000.0,call,41.55,0.01322445,0.0125,0.014,65760.64,57.0
1785396343,btc,1785484800000,74000.0,call,71.75,6.9e-07,,0.0001,64040.74,670.2
1785396343,btc,1798185600000,96000.0,call,40.51,0.00901744,0.0085,0.0095,65100.45,309.4
1785396343,btc,1786694400000,70000.0,call,32.43,0.00293568,0.0026,0.0031,64135.42,1050.0
1785396343,btc,1790323200000,170000.0,call,71.63,3.578e-05,,0.0002,64456.25,359.5
1785396343,btc,1813910400000,170000.0,call,46.25,0.00404732,0.0037,0.0042,66465.99,17.1
1785396343,btc,1798185600000,60000.0,call,41.84,0.14576875,0.144,0.1475,65100.45,785.7
1785396343,btc,1790323200000,190000.0,put,72.81,1.94773995,1.8485,2.055,64456.25,0.0
1785396343,btc,1787904000000,83000.0,call,41.52,0.00067158,0.0007,0.0008,64237.87,249.9
1785396343,btc,1798185600000,68000.0,call,40.03,0.08296189,0.0825,0.0835,65100.45,555.6
1785396343,btc,1786694400000,63000.0,put,35.39,0.02040306,0.02,0.021,64135.42,315.7
1785396343,btc,1785484800000,98000.0,call,71.84,0.0,,0.0001,64034.94,1159.8
1785396343,btc,1786694400000,61000.0,put,37.56,0.01139132,0.011,0.012,64135.42,289.0
1785396343,btc,1787904000000,73000.0,call,32.99,0.00384658,0.0037,0.004,64237.87,1785.2
1785396343,btc,1813910400000,40000.0,call,52.29,0.42849715,0.426,0.4315,66465.99,16.9
1785396343,btc,1787904000000,74000.0,call,33.39,0.00294256,0.0028,0.0031,64237.87,1940.0
1785396343,btc,1785571200000,62500.0,put,38.86,0.00318227,0.003,0.0033,64020.07,162.8
1785396343,btc,1785484800000,64500.0,call,33.12,0.00401568,0.0038,0.0042,64034.94,684.3
1785396343,btc,1786089600000,65000.0,put,33.63,0.02789092,0.027,0.029,64086.68,75.1
1785396343,btc,1790323200000,94000.0,put,42.3,0.45918723,0.4095,0.515,64456.25,1.3
1785396343,btc,1806048000000,100000.0,call,40.93,0.01982154,0.019,0.0205,65760.11,556.2
1785396343,btc,1806048000000,68000.0,put,41.52,0.15336876,0.1515,0.1545,65760.11,65.1
1785396343,btc,1785398400000,63000.0,call,42.81,0.01594816,0.009,0.049,64020.07,23.5
1785396343,btc,1785398400000,65500.0,call,47.08,0.0,,0.0001,64020.07,148.9
1785396343,btc,1806048000000,55000.0,put,44.7,0.06548824,0.0645,0.0665,65759.85,1354.1
1785396343,btc,1785484800000,84000.0,call,71.83,0.0,,0.0001,64034.94,737.2
1785396343,btc,1813910400000,150000.0,call,44.77,0.0067362,0.006,0.0075,66465.99,87.7
1785396343,btc,1790323200000,58000.0,call,40.36,0.12318613,0.1195,0.126,64450.45,460.8
1785396343,btc,1785657600000,63500.0,call,31.56,0.01620919,0.0155,0.017,64020.07,5.3
1785396343,btc,1785657600000,66500.0,put,28.73,0.03915894,0.0075,0.077,64020.07,0.0
1785396343,btc,1813910400000,52000.0,put,46.31,0.06944651,0.0685,0.0705,66465.99,18.9
1785396343,btc,1790323200000,78000.0,put,35.03,0.2159772,0.2105,0.222,64450.45,629.4
1785396343,btc,1785398400000,72000.0,call,68.96,0.0,,0.0001,64020.07,1.0
1785396343,btc,1787904000000,67000.0,call,33.46,0.02070251,0.02,0.021,64237.87,1022.8
1785396343,btc,1806048000000,125000.0,put,43.26,0.90702845,0.838,0.989,65760.11,0.0
1785396343,btc,1786089600000,72000.0,put,37.72,0.12374261,0.0855,0.1655,64092.48,0.0
1785396343,btc,1806048000000,115000.0,call,42.2,0.00951461,0.009,0.01,65760.11,764.1
1785396343,btc,1785571200000,66000.0,call,31.75,0.00115779,0.0009,0.0013,64020.07,58.5
1785396343,btc,1785571200000,63000.0,call,37.55,0.02106858,0.0185,0.0225,64020.07,95.1
1785396343,btc,1806048000000,86000.0,call,40.42,0.04303425,0.042,0.044,65760.11,122.1
1785396343,btc,1785398400000,58000.0,put,77.72,0.0,,0.0001,64020.07,27.1
1785396343,btc,1787904000000,46000.0,call,59.42,0.28515068,0.259,0.313,64237.87,1.0
1785396343,btc,1786089600000,55000.0,call,51.45,0.14248485,0.1115,0.174,64092.48,0.0
1785396343,btc,1813910400000,80000.0,put,41.64,0.29292406,0.289,0.296,66465.99,0.4
1785396343,btc,1798185600000,55000.0,put,43.88,0.04284321,0.042,0.0435,65100.45,1099.8
1785396343,btc,1790323200000,98000.0,call,45.15,0.00069751,0.0006,0.0007,64456.25,304.3
1785396343,btc,1786089600000,68000.0,call,32.28,0.00256779,0.0023,0.0026,64092.48,1411.9
1785396343,btc,1813910400000,30000.0,put,61.06,0.01481643,0.014,0.015,66471.79,289.2
1785396343,btc,1790323200000,100000.0,put,46.61,0.55208997,0.544,0.562,64456.25,272.4
1785396343,btc,1787904000000,64000.0,call,35.16,0.04135389,0.041,0.042,64237.87,385.5
1785396343,btc,1786089600000,63000.0,put,35.63,0.01345267,0.013,0.014,64086.68,158.2
1785396343,btc,1785657600000,61500.0,call,36.23,0.04150467,0.01,0.0745,64020.07,0.0
1785396343,btc,1787904000000,71000.0,call,32.66,0.0068186,0.0065,0.007,64237.87,1226.4
1785396343,btc,1790323200000,102000.0,call,46.87,0.00049906,0.0004,0.0006,64450.45,93.5
1785396343,btc,1806048000000,102000.0,call,41.02,0.01778236,0.017,0.0185,65760.11,105.8
1785396343,btc,1798185600000,78000.0,put,39.33,0.23562514,0.231,0.2385,65106.25,234.6
1785396343,btc,1786089600000,58000.0,put,44.34,0.00175073,0.0016,0.0019,64092.48,1006.1
1785396343,btc,1787904000000,71000.0,put,32.66,0.11205931,0.108,0.148,64237.87,8.2
1785396343,btc,1813910400000,76000.0,put,41.9,0.25018738,0.2465,0.253,66471.79,0.1
1785396343,btc,1790323200000,80000.0,call,35.54,0.00419622,0.004,0.0043,64450.45,3566.3
1785396343,btc,1813910400000,78000.0,call,41.75,0.09775833,0.0965,0.099,66465.99,8.9
1785396343,btc,1787904000000,58000.0,call,40.58,0.10818152,0.1045,0.1115,64237.87,164.2
1785396343,btc,1785484800000,72000.0,put,71.75,0.12426069,0.12,0.131,64034.94,364.2
1785396343,btc,1813910400000,62000.0,call,43.73,0.19499242,0.1925,0.1975,66471.79,94.2
1785396343,btc,1790323200000,92000.0,put,41.52,0.42836877,0.3795,0.483,64450.45,4.0
1785396343,btc,1785398400000,68000.0,put,61.72,0.0621512,0.0265,0.0995,64020.07,0.0
1785396343,btc,1806048000000,58000.0,call,43.72,0.19927102,0.1965,0.202,65760.11,5.1
1785396343,btc,1806048000000,94000.0,call,40.63,0.02746553,0.0265,0.0285,65760.11,129.3
1785396343,btc,1787904000000,53000.0,put,47.3,0.00404047,0.0039,0.0042,64237.87,560.0
1785396343,btc,1806048000000,72000.0,call,40.98,0.09559482,0.0945,0.0965,65760.11,64.1
1785396343,btc,1813910400000,50000.0,call,47.03,0.30857657,0.306,0.312,66471.79,16.9
1785396343,btc,1798185600000,55000.0,call,43.88,0.19808128,0.196,0.2,65100.45,42.8
1785396343,btc,1790323200000,52000.0,call,46.04,0.20277984,0.199,0.2065,64456.25,75.0
1785396343,btc,1785484800000,90000.0,put,71.84,0.40531152,0.385,0.456,64034.94,14.7
1785396343,btc,1787904000000,69000.0,put,32.77,0.08615275,0.0825,0.0905,64237.87,49.0
1785396343,btc,1798185600000,240000.0,call,62.3,9.964e-05,,0.0002,65100.45,874.4
1785396343,btc,1786694400000,55000.0,call,46.77,0.14441387,0.113,0.177,64135.42,0.0
1785396343,btc,1785484800000,105000.0,call,71.84,0.0,,0.0001,64034.94,516.1
1785396343,btc,1806048000000,66000.0,put,41.83,0.13646051,0.135,0.1375,65760.11,124.9
1785396343,btc,1785398400000,57000.0,put,77.72,0.0,,0.0001,64020.07,42.6
1785396343,btc,1785398400000,68000.0,call,61.72,0.0,,0.0001,64020.07,94.6
1785396343,btc,1798185600000,75000.0,call,39.37,0.04788223,0.047,0.048,65106.25,1764.4
1785396343,btc,1785571200000,68000.0,call,37.07,0.00015047,0.0001,0.0003,64020.07,140.2
1785396343,btc,1806048000000,35000.0,put,58.08,0.01400258,0.0135,0.0145,65760.11,575.5
1785396343,btc,1813910400000,30000.0,call,61.06,0.56351223,0.561,0.566,66471.79,32.6
1785396343,btc,1785484800000,72000.0,call,71.75,1.148e-05,,0.0001,64034.94,26190.2
1785396343,btc,1785657600000,68000.0,call,31.4,0.00019372,0.0001,0.0003,64020.07,11.3
1785396343,btc,1787904000000,61000.0,put,37.36,0.02057012,0.02,0.021,64237.87,555.9
1785396343,btc,1790323200000,50000.0,put,48.68,0.00736897,0.007,0.0075,64450.45,3564.6
1785396343,btc,1786089600000,80000.0,put,57.91,0.24830141,0.206,0.295,64092.48,0.1
1785396343,btc,1806048000000,64000.0,put,42.17,0.12068181,0.1195,0.122,65760.11,144.1
1785396343,btc,1787904000000,61000.0,call,37.36,0.07099712,0.0685,0.074,64237.87,589.2
1785396343,btc,1785484800000,70000.0,put,63.66,0.09306568,0.089,0.0995,64034.94,884.3
1785396343,btc,1806048000000,115000.0,put,42.2,0.75824169,0.725,0.826,65760.11,1.0
1785396343,btc,1806048000000,35000.0,call,58.08,0.48178129,0.48,0.484,65760.64,4.0
1785396343,btc,1813910400000,54000.0,put,45.68,0.07912888,0.078,0.0805,66465.99,17.8
1785396343,btc,1785571200000,68000.0,put,37.06,0.061926,0.026,0.1005,64020.07,0.0
1785396343,btc,1786694400000,63000.0,call,35.39,0.03812756,0.037,0.039,64135.42,27.9
1785396343,btc,1790323200000,140000.0,put,66.68,1.17219155,1.099,1.253,64450.45,1.4
1785396343,btc,1785484800000,90000.0,call,71.84,0.0,,0.0001,64040.74,1314.5
1785396343,btc,1785657600000,57000.0,put,57.06,0.00021029,0.0002,0.0003,64020.07,32.0
1785396343,btc,1785657600000,64500.0,put,29.59,0.01466047,0.014,0.0155,64020.07,1.6
1785396343,btc,1785484800000,91000.0,put,71.84,0.42092609,0.3725,0.4725,64034.94,0.2
1785396343,btc,1785398400000,63000.0,put,42.81,0.0,,0.0001,64020.07,476.5
1785396343,btc,1787904000000,70000.0,call,32.76,0.00916428,0.0085,0.0095,64237.87,1722.8
1785396343,btc,1806048000000,108000.0,put,41.55,0.65550727,0.6485,0.684,65760.11,0.0
1785396343,btc,1806048000000,180000.0,call,49.41,0.00123204,0.001,0.0016,65760.11,641.6
1785396343,btc,1806048000000,84000.0,put,40.42,0.32558484,0.3215,0.33,65760.64,55.1
1785396343,btc,1787904000000,76000.0,put,35.05,0.18503376,0.1445,0.23,64237.87,5.4
1785396343,btc,1785484800000,78000.0,call,71.83,0.0,,0.0001,64034.94,1168.7
1785396343,btc,1786089600000,65000.0,call,33.63,0.01375431,0.0135,0.014,64092.48,148.0
1785396343,btc,1785484800000,70000.0,call,63.66,4.561e-05,,0.0001,64034.94,25353.1
1785396343,btc,1786089600000,61000.0,call,38.6,0.05426167,0.0505,0.0575,64092.48,33.5
1785396343,btc,1786089600000,69000.0,call,32.56,0.00137724,0.0012,0.0014,64092.48,1310.9
1785396343,btc,1790323200000,120000.0,call,55.77,0.00021343,0.0001,0.0005,64450.45,1139.5
1785396343,btc,1790323200000,170000.0,put,71.63,1.63747834,1.549,1.734,64450.45,0.0
1785396343,btc,1787904000000,72000.0,put,32.89,0.12598463,0.1215,0.132,64232.07,86.1
1785396343,btc,1785657600000,60000.0,put,41.61,0.00063141,0.0005,0.0008,64020.07,23.0
1785396343,btc,1806048000000,88000.0,call,40.45,0.03842291,0.0375,0.0395,65760.64,60.1
1785396343,btc,1806048000000,74000.0,put,40.82,0.21076284,0.2075,0.2135,65760.11,55.0
1785396343,btc,1806048000000,170000.0,call,48.64,0.00163071,0.0014,0.002,65760.11,249.0
1785396343,btc,1786089600000,70000.0,put,34.22,0.09301948,0.056,0.133,64092.48,0.3
1785396343,btc,1787904000000,73000.0,put,32.99,0.14022083,0.1355,0.157,64237.87,4.7
1785396343,btc,1806048000000,74000.0,call,40.82,0.08549407,0.0845,0.0865,65759.85,50.0
1785396343,btc,1786694400000,72000.0,call,33.7,0.00135208,0.0012,0.0015,64135.42,646.6
1785396343,btc,1798185600000,64000.0,put,40.73,0.09402494,0.093,0.095,65100.45,261.7
1785396343,btc,1787904000000,84000.0,call,42.88,0.00064114,0.0005,0.0008,64237.87,59.0
1785396343,btc,1806048000000,54000.0,call,45.1,0.23975484,0.2365,0.243,65760.64,0.0
1785396343,btc,1785484800000,67500.0,put,43.69,0.0540779,0.018,0.092,64040.74,0.0
1785396343,btc,1785657600000,71000.0,call,46.1,0.00010159,,0.0001,64020.07,0.0
1785396343,btc,1786089600000,53000.0,put,57.44,0.00034545,0.0003,0.0004,64086.68,125.2
1785396343,btc,1790323200000,115000.0,call,54.0,0.00028871,0.0002,0.0005,64456.25,2175.3
1785396343,btc,1787904000000,60000.0,call,38.43,0.08280141,0.0795,0.086,64237.87,369.7
1785396343,btc,1806048000000,120000.0,put,42.77,0.8324698,0.7655,0.912,65760.64,1.8
1785396343,btc,1813910400000,84000.0,put,41.48,0.3384903,0.334,0.342,66471.79,0.0
1785396343,btc,1785657600000,58000.0,put,51.64,0.00028059,0.0002,0.0004,64020.07,9.6
1785396343,btc,1785484800000,52000.0,put,101.31,5.8e-07,,0.0001,64034.94,1541.3
1785396343,btc,1806048000000,104000.0,put,41.21,0.59756086,0.591,0.6165,65760.11,0.0
1785396343,btc,1787904000000,57000.0,put,41.62,0.00887779,0.0085,0.0095,64237.87,548.0
1785396343,btc,1806048000000,94000.0,put,40.63,0.45686339,0.4515,0.5245,65759.85,9.0
1785396343,btc,1798185600000,100000.0,put,41.22,0.5428625,0.5355,0.5545,65100.45,303.1
1785396343,btc,1798185600000,75000.0,put,39.37,0.19983032,0.196,0.203,65100.45,897.1
1785396343,btc,1787904000000,70000.0,put,32.76,0.09883822,0.0945,0.1035,64237.87,181.1
1785396343,btc,1787904000000,60000.0,put,38.43,0.01680764,0.0165,0.017,64237.87,1928.3
1785396343,btc,1785398400000,64500.0,put,42.75,0.00750014,0.007,0.0085,64020.07,95.9
1785396343,btc,1790323200000,130000.0,call,62.0,0.00021266,0.0001,0.0004,64450.45,1431.6
1785396343,btc,1785398400000,62500.0,call,56.26,0.02375809,0.0125,0.057,64020.07,0.1
1785396343,btc,1806048000000,76000.0,call,40.59,0.07602926,0.075,0.0765,65760.11,280.7
1785396343,btc,1785484800000,95000.0,put,71.84,0.48338438,0.4335,0.537,64040.74,0.4
1785396343,btc,1813910400000,92000.0,call,41.42,0.05267356,0.0515,0.054,66471.79,1.1
1785396343,btc,1790323200000,92000.0,call,41.52,0.00104691,0.0009,0.0011,64456.25,491.5
1785396343,btc,1790323200000,125000.0,call,58.95,0.00021283,0.0001,0.0004,64456.25,2323.7
1785396343,btc,1785571200000,59000.0,call,56.02,0.07912503,0.0455,0.112,64020.07,0.0
1785396343,btc,1785484800000,91000.0,call,71.84,0.0,,0.0001,64034.94,286.2
1785396343,btc,1798185600000,120000.0,put,44.55,0.84523641,0.833,0.8585,65100.45,35.5
1785396343,btc,1787904000000,56000.0,call,42.88,0.13547681,0.1315,0.139,64237.87,59.4
1785396343,btc,1798185600000,220000.0,put,59.25,2.37916227,2.2655,2.5025,65100.45,0.0
1785396343,btc,1813910400000,70000.0,put,42.44,0.19199578,0.19,0.1935,66465.99,9.4
1785396343,btc,1785657600000,61000.0,call,37.83,0.04880168,0.0155,0.082,64020.07,0.0
1785396343,btc,1806048000000,65000.0,call,42.0,0.14003036,0.139,0.1405,65760.11,211.5
1785396343,btc,1806048000000,130000.0,call,44.03,0.00529485,0.0049,0.0055,65760.11,1058.1
1785396343,btc,1790323200000,175000.0,call,71.63,2.421e-05,,0.0002,64450.45,1355.3
1785396343,btc,1785484800000,62500.0,put,40.3,0.00133166,0.0012,0.0015,64034.94,41.8
1785396343,btc,1785657600000,66500.0,call,28.73,0.00090229,0.0007,0.001,64020.07,4.8
1785396343,btc,1787904000000,74000.0,put,33.39,0.15488359,0.133,0.1625,64237.87,3.3
1785396343,btc,1787904000000,50000.0,call,52.24,0.22402704,0.2195,0.2275,64237.87,51.0
1785396343,btc,1786694400000,65000.0,call,33.76,0.02129127,0.0205,0.0215,64135.42,61.3
1785396343,btc,1806048000000,84000.0,call,40.42,0.04825311,0.0475,0.049,65759.85,237.7
1785396343,btc,1813910400000,160000.0,call,45.79,0.00537599,0.0048,0.0055,66465.99,501.5
1785396343,btc,1813910400000,170000.0,put,46.25,1.56143779,1.471,1.6645,66465.99,14.6
1785396343,btc,1785571200000,69000.0,call,43.0,0.00011198,,0.0002,64020.07,354.6
1785396343,btc,1790323200000,86000.0,put,38.29,0.33613845,0.29,0.3875,64456.25,11.6
1785396343,btc,1790323200000,68000.0,call,35.39,0.03394444,0.0335,0.0345,64456.25,826.2
1785396343,btc,1786694400000,62000.0,call,36.41,0.04863201,0.046,0.0505,64135.97,1.8
1785396343,btc,1790323200000,280000.0,call,81.51,3.4e-07,,0.0001,64456.25,91.7
1785396343,btc,1798185600000,230000.0,call,62.24,0.00014389,,0.0002,65100.45,195.9
1785396343,btc,1785398400000,64000.0,put,29.49,0.00079106,0.0005,0.0009,64020.07,162.8
1785396343,btc,1798185600000,50000.0,put,46.91,0.02690094,0.0265,0.0275,65100.45,1826.0
1785396343,btc,1787904000000,65000.0,call,34.56,0.03345364,0.033,0.034,64237.87,1187.4
1785396343,btc,1785484800000,120000.0,call,77.21,0.0,,0.0001,64034.94,1059.4
1785396343,btc,1787904000000,68000.0,put,33.03,0.07441312,0.0715,0.0785,64237.87,87.9
1785396343,btc,1785484800000,63000.0,call,38.19,0.01864416,0.0155,0.022,64034.94,1167.0
1785396343,btc,1787904000000,76000.0,call,35.05,0.0019592,0.0019,0.0021,64237.87,721.7
1785396343,btc,1798185600000,54000.0,put,44.4,0.03903973,0.0385,0.0395,65106.25,1807.9
1785396343,btc,1798185600000,92000.0,put,40.09,0.42528774,0.418,0.4895,65100.45,4.5
1785396343,btc,1787904000000,40000.0,call,70.44,0.37777319,0.3555,0.401,64237.87,23.4
1785396343,btc,1806048000000,78000.0,put,40.46,0.25383989,0.2505,0.258,65760.11,182.7
1785396343,btc,1790323200000,54000.0,call,44.17,0.17515819,0.1715,0.2085,64456.25,7.2
1785396343,btc,1798185600000,108000.0,call,42.54,0.00415724,0.0039,0.0044,65100.45,122.2
1785396343,btc,1798185600000,60000.0,put,41.84,0.06732723,0.0665,0.068,65100.45,6453.6
1785396343,btc,1813910400000,58000.0,call,44.59,0.22885982,0.226,0.232,66471.79,4.7
1785396343,btc,1798185600000,250000.0,put,62.75,2.83990281,2.7105,2.9795,65100.45,10.0
1785396343,btc,1790323200000,85000.0,call,37.69,0.00210811,0.0019,0.0023,64456.25,1221.5
1785396343,btc,1806048000000,190000.0,put,50.51,1.89021415,1.791,1.999,65760.11,0.9
1785396343,btc,1798185600000,160000.0,call,51.64,0.00048307,0.0004,0.0007,65100.45,1223.9
1785396343,btc,1798185600000,88000.0,put,39.7,0.36829581,0.3615,0.3895,65100.45,4.1
1785396343,btc,1798185600000,96000.0,put,40.51,0.483511,0.4455,0.536,65106.25,11.2
1785396343,btc,1790323200000,96000.0,put,43.62,0.49012427,0.4395,0.547,64456.25,1.0
1785396343,btc,1785484800000,87000.0,put,71.83,0.3584678,0.3125,0.4075,64034.94,8.1
1785396343,btc,1785484800000,67000.0,put,39.26,0.04628913,0.042,0.052,64034.94,251.8
1785396343,btc,1798185600000,90000.0,call,39.85,0.01421542,0.014,0.0145,65100.45,3097.3
1785396343,btc,1806048000000,66000.0,call,41.83,0.13284323,0.1315,0.1345,65760.11,18.3
1785396343,btc,1813910400000,62000.0,put,43.73,0.12768777,0.1265,0.129,66465.99,15.6
1785396343,btc,1806048000000,200000.0,put,50.75,2.04199062,1.9375,2.1555,65760.11,1.0
1785396343,btc,1806048000000,45000.0,call,49.78,0.34631311,0.343,0.3495,65760.11,3.2
1785396343,btc,1790323200000,30000.0,put,82.92,0.00073363,0.0006,0.0008,64456.25,2347.2
1785396343,btc,1790323200000,260000.0,call,78.83,4.8e-07,,0.0001,64450.45,291.7
1785396343,btc,1806048000000,160000.0,call,47.39,0.0020446,0.0018,0.0024,65760.11,855.0
1785396343,btc,1785484800000,69000.0,put,57.49,0.07747956,0.0735,0.0835,64034.94,209.4
1785396343,btc,1798185600000,66000.0,put,40.34,0.1099009,0.1085,0.111,65100.45,366.7
1785396343,btc,1790323200000,82000.0,call,36.5,0.00320271,0.003,0.0034,64456.25,2511.1
1785396343,btc,1786694400000,66000.0,put,33.05,0.04408775,0.042,0.0465,64135.42,3.2
1785396343,btc,1785398400000,58000.0,call,77.72,0.09404751,0.062,0.125,64020.07,0.0
1785396343,btc,1785484800000,64500.0,put,33.13,0.01116288,0.0105,0.012,64034.94,86.7
1785396343,btc,1806048000000,92000.0,put,40.6,0.42977711,0.4245,0.4355,65759.85,0.2
1785396343,btc,1798185600000,190000.0,put,55.89,1.91849051,1.82,2.0255,65100.45,0.0
1785396343,btc,1785571200000,56000.0,call,74.92,0.12573598,0.094,0.1575,64020.07,0.0
1785396343,btc,1785398400000,66000.0,put,47.62,0.03091146,0.0125,0.068,64020.07,1.2
1785396343,btc,1798185600000,35000.0,call,62.28,0.46965504,0.468,0.4715,65100.45,77.6
1785396343,btc,1798185600000,160000.0,put,51.64,1.45797235,1.375,1.549,65100.45,0.0
1785396343,btc,1785657600000,65500.0,call,28.68,0.00286266,0.0027,0.003,64020.07,22.6
1785396343,btc,1785484800000,86000.0,call,71.83,0.0,,0.0001,64040.74,492.7
1785396343,btc,1798185600000,120000.0,call,44.55,0.00211945,0.002,0.0022,65100.45,6033.7
1785396343,btc,1806048000000,72000.0,put,40.98,0.19045003,0.1875,0.193,65760.64,139.1
1785396343,btc,1785484800000,89000.0,put,71.84,0.38969694,0.343,0.44,64034.94,5.9
1785396343,btc,1785398400000,70000.0,put,68.96,0.09339094,0.0565,0.133,64020.07,0.0
1785396343,btc,1798185600000,150000.0,call,50.27,0.00068832,0.0005,0.0009,65100.45,1626.1
1785396343,btc,1785657600000,69000.0,call,36.53,0.00015082,0.0001,0.0002,64020.07,0.7
1785396343,btc,1806048000000,58000.0,put,43.72,0.08123772,0.08,0.0825,65760.11,109.6
1785396343,btc,1787904000000,54000.0,put,46.16,0.00504443,0.0048,0.005,64237.87,1167.0
1785396343,btc,1787904000000,81000.0,call,39.51,0.00085222,0.0007,0.001,64237.87,1147.1
1785396343,btc,1785398400000,60000.0,call,66.94,0.06280777,0.0295,0.094,64020.07,0.0
1785396343,btc,1785484800000,59000.0,put,68.12,0.00013726,0.0001,0.0002,64034.94,2146.7
1785396343,btc,1787904000000,95000.0,call,53.69,0.00028261,0.0002,0.0005,64237.87,11.7
1785396343,btc,1813910400000,100000.0,call,41.61,0.03754115,0.0365,0.0385,66471.79,63.9
1785396343,btc,1790323200000,88000.0,call,39.22,0.0015,0.0013,0.0017,64450.45,657.5
1785396343,btc,1798185600000,66000.0,call,40.34,0.09618657,0.095,0.097,65100.45,262.0
1785396343,btc,1798185600000,102000.0,call,41.47,0.00600552,0.0055,0.0065,65100.45,169.0
1785396343,btc,1787904000000,69000.0,call,32.77,0.01204558,0.0115,0.0125,64237.87,653.1
1785396343,btc,1806048000000,104000.0,call,41.21,0.01610333,0.0155,0.0165,65760.11,101.2
1785396343,btc,1785571200000,64500.0,put,33.62,0.0139851,0.0135,0.0145,64020.07,21.6
1785396343,btc,1787904000000,95000.0,put,53.69,0.47912581,0.4285,0.5345,64237.87,0.2
1785396343,btc,1798185600000,170000.0,call,53.18,0.00036717,0.0002,0.0006,65106.25,2384.4
1785396343,btc,1790323200000,65000.0,call,36.49,0.05361479,0.053,0.0545,64450.45,805.8
1785396343,btc,1786694400000,55000.0,put,46.77,0.00194896,0.0018,0.0021,64135.42,319.5
1785396343,btc,1806048000000,130000.0,put,44.03,0.98211676,0.911,1.066,65760.11,0.2
1785396343,btc,1806048000000,80000.0,put,40.46,0.27711985,0.2735,0.281,65760.11,139.1
1785396343,btc,1786694400000,61000.0,call,37.56,0.06030229,0.0355,0.0635,64135.42,0.0
1785396343,btc,1787904000000,62000.0,call,36.65,0.06028652,0.0585,0.0615,64237.87,896.2
1785396343,btc,1790323200000,300000.0,call,84.97,3.4e-07,,0.0001,64456.25,192.1
1785396343,btc,1806048000000,40000.0,call,53.55,0.4125291,0.4095,0.4155,65760.11,81.3
1785396343,btc,1790323200000,135000.0,call,63.93,0.00018011,0.0001,0.0003,64450.45,274.3
1785396343,btc,1813910400000,64000.0,call,43.3,0.17936252,0.178,0.1815,66465.99,17.6
1785396343,btc,1790323200000,72000.0,put,34.74,0.13426838,0.13,0.1395,64456.25,272.7
1785396343,btc,1806048000000,85000.0,put,40.41,0.33809069,0.2825,0.398,65760.11,0.8
1785396343,btc,1787904000000,55000.0,call,44.17,0.14969041,0.1455,0.153,64237.87,5.8
1785396343,btc,1790323200000,62000.0,put,37.88,0.04144523,0.041,0.042,64450.45,1082.6
1785396343,btc,1785484800000,76000.0,call,71.83,3e-08,,0.0001,64040.74,2776.8
1785396343,btc,1785398400000,67500.0,call,57.2,0.0,,0.0001,64020.07,126.7
1785396343,btc,1806048000000,55000.0,call,44.7,0.22913962,0.226,0.2325,65760.11,28.6
1785396343,btc,1806048000000,62000.0,call,42.63,0.16354379,0.1615,0.1655,65760.11,42.2
1785396343,btc,1785571200000,60000.0,put,49.98,0.00057892,0.0005,0.0007,64020.07,130.7
1785396343,btc,1787904000000,110000.0,call,67.17,0.00016433,,0.0002,64237.87,105.0
1785396343,btc,1785657600000,62000.0,put,34.95,0.00249816,0.0023,0.0027,64020.07,4.5
1785396343,btc,1785484800000,48000.0,call,103.19,0.25050053,0.2235,0.276,64034.94,2.0
1785396343,btc,1813910400000,150000.0,put,44.77,1.26325721,1.1815,1.3585,66471.79,0.0
1785396343,btc,1790323200000,120000.0,put,55.77,0.8619376,0.852,0.8755,64450.45,172.5
1785396343,btc,1785571200000,61000.0,call,44.64,0.04855388,0.0445,0.058,64020.07,0.0
1785396343,btc,1787904000000,94000.0,call,52.59,0.00029068,0.0002,0.0004,64237.87,196.6
1785396343,btc,1813910400000,52000.0,call,46.31,0.2871859,0.2845,0.2905,66465.99,0.6
1785396343,btc,1790323200000,50000.0,call,48.68,0.23165057,0.228,0.235,64450.45,30.5
1785396343,btc,1787904000000,96000.0,call,54.88,0.00027969,0.0002,0.0004,64237.87,23.6
1785396343,btc,1785484800000,75000.0,call,71.83,1.5e-07,,0.0001,64040.74,4059.5
1785396343,btc,1785657600000,63000.0,put,32.54,0.00530083,0.005,0.0055,64020.07,3.6
1785396343,btc,1790323200000,96000.0,call,43.62,0.00074495,0.0006,0.0008,64456.25,307.4
1785396343,btc,1806048000000,112000.0,call,41.78,0.01076057,0.01,0.0115,65760.11,63.1
1785396343,btc,1806048000000,82000.0,call,40.41,0.05402824,0.053,0.055,65759.85,669.7
1785396343,btc,1785484800000,108000.0,call,71.85,0.0,,0.0001,64034.94,371.0
1785396343,btc,1785571200000,58000.0,put,61.76,0.00024249,0.0002,0.0003,64020.07,7.2
1785396343,btc,1790323200000,55000.0,call,43.15,0.16163738,0.158,0.165,64456.25,83.9
1785396343,btc,1785484800000,68000.0,call,49.23,9.846e-05,,0.0002,64034.94,4688.5
1785396343,btc,1785657600000,69000.0,put,36.53,0.0774396,0.0415,0.117,64020.07,0.0
1785396343,btc,1785484800000,100000.0,call,71.84,0.0,,0.0001,64034.94,1798.2
1785396343,btc,1813910400000,88000.0,call,41.43,0.06275828,0.0615,0.064,66471.79,2.8
1785396343,btc,1798185600000,74000.0,put,39.41,0.18846241,0.185,0.1915,65100.45,106.0
1785396343,btc,1813910400000,45000.0,call,49.26,0.36602256,0.3635,0.3695,66471.79,0.4
1785396343,btc,1785571200000,59000.0,put,56.02,0.00037146,0.0003,0.0004,64020.07,117.5
1785396343,btc,1790323200000,74000.0,call,34.76,0.01213084,0.0115,0.0125,64450.45,745.6
1785396343,btc,1785484800000,64000.0,call,35.01,0.00773337,0.0075,0.008,64034.94,1264.4
1785396343,btc,1813910400000,54000.0,call,45.68,0.26678132,0.264,0.27,66471.79,0.6
1785396343,btc,1786694400000,75000.0,call,37.43,0.0005913,0.0005,0.0007,64135.42,364.3
1785396343,btc,1798185600000,84000.0,call,39.47,0.02305974,0.0225,0.023,65100.45,758.2
1785396343,btc,1787904000000,85000.0,call,43.77,0.00056854,0.0005,0.0007,64237.87,318.6
1785396343,btc,1786089600000,80000.0,call,57.91,0.00014868,0.0001,0.0002,64086.68,571.3
1785396343,btc,1790323200000,76000.0,put,34.78,0.1874779,0.182,0.194,64456.25,599.6
1785396343,btc,1787904000000,98000.0,call,55.99,0.00022357,0.0001,0.0003,64237.87,154.0
1785396343,btc,1790323200000,54000.0,put,44.17,0.01293406,0.0125,0.0135,64450.45,380.0
1785396343,btc,1787904000000,100000.0,call,57.12,0.00018175,0.0001,0.0004,64237.87,154.6
1785396343,btc,1798185600000,76000.0,call,39.36,0.04422812,0.0435,0.0445,65100.45,388.7
1785396343,btc,1813910400000,86000.0,put,41.48,0.36235138,0.358,0.366,66465.99,0.0
1785396343,btc,1785571200000,71000.0,call,52.51,5.352e-05,,0.0002,64020.07,5.1
1785396343,btc,1786694400000,72000.0,put,33.7,0.12394309,0.086,0.166,64135.97,0.0
1785396343,btc,1813910400000,92000.0,put,41.42,0.43667311,0.431,0.455,66465.99,0.0
1785396343,btc,1787904000000,82000.0,call,40.91,0.00080504,0.0006,0.0009,64237.87,1520.9
1785396343,btc,1798185600000,104000.0,call,42.03,0.0054341,0.005,0.0055,65100.45,84.3
1785396343,btc,1786089600000,63000.0,call,35.63,0.0305324,0.0295,0.031,64092.48,88.5
1785396343,btc,1790323200000,66000.0,call,36.1,0.04636976,0.046,0.047,64450.45,971.8
1785396343,btc,1785398400000,64500.0,call,42.75,1.849e-05,,0.0001,64020.07,248.8
1785396343,btc,1790323200000,155000.0,put,70.77,1.40482766,1.324,1.4935,64450.45,0.1
1785396343,btc,1790323200000,105000.0,call,48.6,0.00043209,0.0003,0.0005,64450.45,1208.6
1785396343,btc,1785484800000,71000.0,call,69.09,2.754e-05,,0.0001,64034.94,2802.8
1785396343,btc,1798185600000,88000.0,call,39.7,0.0166767,0.016,0.017,65100.45,2518.1
1785396343,btc,1786694400000,68000.0,put,32.28,0.06708387,0.0625,0.0945,64135.42,0.0
1785396343,btc,1785657600000,72000.0,call,51.43,9.948e-05,,0.0001,64020.07,0.1
1785396343,btc,1785657600000,65000.0,call,29.13,0.00484044,0.0046,0.0049,64020.07,5.8
1785396343,btc,1785571200000,62000.0,call,40.55,0.03405586,0.0055,0.059,64020.07,0.0
1785396343,btc,1813910400000,56000.0,put,45.11,0.08977362,0.0885,0.091,66465.99,41.5
1785396343,btc,1806048000000,105000.0,put,41.28,0.61196322,0.6055,0.619,65760.11,0.0
1785396343,btc,1787904000000,80000.0,put,38.2,0.24626438,0.204,0.293,64237.87,12.8
1785396343,btc,1785484800000,54000.0,call,98.55,0.15681996,0.1265,0.187,64040.74,1.6
1785396343,btc,1785571200000,64000.0,call,35.09,0.01076525,0.01,0.011,64020.07,76.8
1785396343,btc,1813910400000,105000.0,put,41.77,0.61010181,0.6035,0.6155,66465.99,0.0
1785396343,btc,1787904000000,52000.0,put,48.92,0.00337309,0.0033,0.0035,64237.87,1133.4
1785396343,btc,1790323200000,82000.0,put,36.5,0.27538089,0.269,0.2835,64450.45,194.1
1785396343,btc,1806048000000,112000.0,put,41.78,0.71386868,0.707,0.721,65760.11,0.0
1785396343,btc,1785484800000,82000.0,call,71.83,0.0,,0.0001,64034.94,3188.1
1785396343,btc,1786694400000,60000.0,put,38.78,0.008407,0.008,0.009,64135.42,1783.3
1785396343,btc,1798185600000,58000.0,call,42.56,0.16555532,0.1635,0.1675,65100.45,41.8
1785396343,btc,1785484800000,65000.0,put,32.16,0.01676324,0.0155,0.0175,64034.94,576.9
1785396343,btc,1787904000000,65000.0,put,34.56,0.04529372,0.0445,0.046,64237.87,754.6
1785396343,btc,1785398400000,66500.0,put,47.66,0.03872139,0.0125,0.076,64020.07,0.0
1785396343,btc,1790323200000,66000.0,put,36.1,0.07031805,0.0695,0.071,64450.45,853.2
1785396343,btc,1813910400000,90000.0,call,41.44,0.05754634,0.0565,0.0585,66465.99,78.2
1785396343,btc,1798185600000,85000.0,call,39.67,0.0215124,0.021,0.0215,65106.25,2247.2
1785396343,btc,1785657600000,64500.0,call,29.59,0.00762939,0.007,0.008,64020.07,1.9
1785396343,btc,1798185600000,98000.0,put,40.82,0.51305629,0.5055,0.52,65100.45,1.1
1785396343,btc,1787904000000,90000.0,put,48.37,0.40136148,0.353,0.454,64237.87,5.0
1785396343,btc,1806048000000,78000.0,call,40.46,0.06774674,0.067,0.0685,65760.11,378.7
1785396343,btc,1787904000000,85000.0,put,43.77,0.32374404,0.279,0.3735,64237.87,0.7
1785396343,btc,1790323200000,200000.0,put,72.81,2.10287839,1.9985,2.216,64450.45,0.1
1785396343,btc,1787904000000,68000.0,call,33.03,0.01587273,0.0155,0.016,64237.87,772.1
1785396343,btc,1787904000000,52000.0,call,48.92,0.19390102,0.189,0.1975,64237.87,51.0
1785396343,btc,1798185600000,78000.0,call,39.33,0.03759912,0.037,0.0375,65100.45,401.3
1785396343,btc,1790323200000,85000.0,put,37.69,0.32082939,0.314,0.329,64450.45,454.5
1785396343,btc,1787904000000,54000.0,call,46.16,0.16443882,0.16,0.1675,64237.87,8.2
1785396343,btc,1785657600000,64000.0,call,30.9,0.0116067,0.011,0.012,64020.07,6.2
1785396343,btc,1785484800000,106000.0,call,71.84,0.0,,0.0001,64034.94,44.6
1785396343,btc,1785484800000,62000.0,put,43.23,0.00079862,0.0007,0.0009,64034.94,1843.7
1785396343,btc,1798185600000,95000.0,put,40.32,0.46876859,0.4615,0.481,65100.45,85.8
1785396343,eth,1786694400000,1950.0,put,48.84,0.053188,0.0525,0.054,1904.2,350.0
1785396343,eth,1785484800000,3000.0,put,107.23,0.575523,0.515,0.6405,1903.88,5.0
1785396343,eth,1798185600000,7000.0,call,70.84,0.00051,0.0003,0.0008,1919.93,2825.0
1785396343,eth,1785398400000,1975.0,put,55.0,0.037599,0.032,0.043,1903.34,667.0
1785396343,eth,1785398400000,2000.0,call,67.59,0.0,,0.0001,1903.34,2253.0
1785396343,eth,1785398400000,1825.0,put,67.55,0.0,,0.0001,1903.34,380.0
1785396343,eth,1785571200000,1700.0,call,71.2,0.107335,0.0995,0.114,1903.43,0.0
1785396343,eth,1785484800000,1550.0,call,116.19,0.185986,0.1835,0.188,1903.96,1675.0
1785396343,eth,1785657600000,1860.0,call,45.8,0.030359,0.026,0.034,1903.43,50.0
1785396343,eth,1785398400000,1880.0,call,48.2,0.012311,0.008,0.017,1903.34,297.0
1785396343,eth,1787904000000,2250.0,call,51.12,0.009553,0.009,0.01,1903.93,2018.0
1785396343,eth,1798185600000,1800.0,put,55.1,0.105961,0.105,0.107,1919.93,4772.0
1785396343,eth,1785398400000,1600.0,call,130.05,0.159413,0.151,0.1675,1903.34,0.0
1785396343,eth,1813910400000,1400.0,put,60.52,0.082502,0.081,0.084,1958.35,1714.0
1785396343,eth,1813910400000,1600.0,call,59.2,0.305283,0.301,0.308,1958.27,367.0
1785396343,eth,1798185600000,5000.0,call,64.96,0.002306,0.0021,0.0025,1919.84,4268.0
1785396343,eth,1785571200000,1780.0,put,59.57,0.001212,0.0011,0.0013,1903.43,691.0
1785396343,eth,1785398400000,1960.0,put,49.45,0.029719,0.0039,0.072,1903.34,3.0
1785396343,eth,1785571200000,1900.0,call,48.71,0.015471,0.015,0.016,1903.43,195.0
1785396343,eth,1806048000000,2900.0,put,56.66,0.553464,0.54,0.5655,1938.61,258.0
1785396343,eth,1813910400000,4500.0,call,59.47,0.026044,0.025,0.027,1958.35,1213.0
1785396343,eth,1790323200000,4500.0,call,76.63,0.000313,0.0002,0.0005,1907.31,8534.0
1785396343,eth,1787904000000,1100.0,put,79.23,0.000388,0.0003,0.0005,1903.93,1539.0
1785396343,eth,1785484800000,2100.0,call,73.54,7.8e-05,,0.0001,1903.96,7385.0
1785396343,eth,1806048000000,4400.0,put,59.85,1.282769,1.2325,1.3815,1938.7,0.0
1785396343,eth,1785484800000,2900.0,put,107.23,0.523005,0.4645,0.5855,1903.96,3.0
1785396343,eth,1786694400000,1850.0,put,50.02,0.027285,0.0265,0.0275,1904.2,1042.0
1785396343,eth,1785398400000,1960.0,call,49.45,0.0,,0.0001,1903.34,2290.0
1785396343,eth,1790323200000,7000.0,call,90.95,2.5e-05,,0.0001,1907.31,2032.0
1785396343,eth,1785657600000,1780.0,call,52.48,0.066595,0.059,0.073,1903.43,0.0
1785396343,eth,1790323200000,11000.0,put,110.93,4.767292,4.5455,5.0075,1907.31,0.0
1785396343,eth,1785571200000,1980.0,call,48.51,0.002594,0.0024,0.0028,1903.43,58.0
1785396343,eth,1790323200000,3300.0,put,62.78,0.731729,0.664,0.8095,1907.4,3.0
1785396343,eth,1806048000000,1000.0,call,67.26,0.504891,0.5,0.508,1938.7,270.0
1785396343,eth,1813910400000,1500.0,call,59.75,0.335118,0.331,0.338,1958.27,52.0
1785396343,eth,1790323200000,8000.0,call,94.35,1.1e-05,,0.0002,1907.31,1092.0
1785396343,eth,1785484800000,1875.0,call,50.25,0.019882,0.019,0.021,1903.88,133.0
1785396343,eth,1785398400000,2025.0,call,69.73,0.0,,0.0001,1903.34,398.0
1785396343,eth,1798185600000,6500.0,put,70.02,2.386475,2.255,2.5325,1919.93,0.0
1785396343,eth,1790323200000,4200.0,put,71.99,1.202401,1.1175,1.2965,1907.4,551.0
1785396343,eth,1806048000000,3600.0,call,57.93,0.027324,0.0265,0.028,1938.7,1990.0
1785396343,eth,1806048000000,3400.0,put,57.53,0.787183,0.7705,0.8585,1938.7,6.0
1785396343,eth,1785571200000,1860.0,put,50.95,0.006188,0.006,0.0065,1903.43,420.0
1785396343,eth,1785657600000,2000.0,put,44.65,0.052911,0.0145,0.0975,1903.43,0.0
1785396343,eth,1785484800000,3400.0,put,116.34,0.785592,0.717,0.86,1903.88,4.0
1785396343,eth,1798185600000,2600.0,call,54.88,0.042916,0.0425,0.0435,1919.93,5359.0
1785396343,eth,1785484800000,1950.0,put,47.81,0.026479,0.0245,0.0305,1903.96,2033.0
1785396343,eth,1813910400000,2400.0,call,57.26,0.141987,0.1405,0.1435,1958.35,643.0
1785396343,eth,1785484800000,1925.0,call,47.31,0.005495,0.005,0.006,1903.88,255.0
1785396343,eth,1813910400000,5000.0,call,60.34,0.019074,0.0185,0.02,1958.35,68.0
1785396343,eth,1813910400000,2500.0,put,57.25,0.405948,0.4005,0.414,1958.35,5.0
1785396343,eth,1786694400000,1700.0,call,54.86,0.115642,0.109,0.1205,1904.2,0.0
1785396343,eth,1785484800000,2300.0,call,104.55,5e-06,,0.0001,1903.88,21731.0
1785396343,eth,1787904000000,1750.0,put,52.12,0.02476,0.024,0.0255,1903.93,2763.0
1785396343,eth,1785484800000,1860.0,put,51.77,0.002957,0.0027,0.0031,1903.88,339.0
1785396343,eth,1798185600000,4200.0,call,61.56,0.004892,0.0045,0.0055,1919.93,4059.0
1785396343,eth,1786089600000,2200.0,call,55.18,0.001365,0.0012,0.0015,1903.81,10425.0
1785396343,eth,1790323200000,8500.0,call,97.73,1e-05,,0.0002,1907.4,1253.0
1785396343,eth,1806048000000,5000.0,put,61.49,1.587482,1.4815,1.715,1938.7,0.0
1785396343,eth,1790323200000,4500.0,put,76.63,1.359656,1.2685,1.46,1907.31,6.0
1785396343,eth,1785398400000,1840.0,call,63.88,0.033325,0.0075,0.0705,1903.34,0.0
1785396343,eth,1785657600000,2040.0,put,47.43,0.072693,0.0315,0.1185,1903.43,0.0
1785396343,eth,1785398400000,1940.0,call,49.07,0.0,,0.0002,1903.34,823.0
1785396343,eth,1786694400000,1700.0,put,54.86,0.008447,0.008,0.009,1904.2,693.0
1785396343,eth,1786694400000,2100.0,call,49.56,0.009235,0.0085,0.01,1904.2,509.0
1785396343,eth,1787904000000,1400.0,put,64.09,0.002817,0.0026,0.003,1904.02,6595.0
1785396343,eth,1806048000000,800.0,call,73.22,0.598329,0.5755,0.6005,1938.61,0.0
1785396343,eth,1785657600000,1740.0,call,56.39,0.086727,0.079,0.093,1903.43,0.0
1785396343,eth,1806048000000,4400.0,call,59.85,0.013301,0.0125,0.014,1938.7,1085.0
1785396343,eth,1798185600000,3000.0,put,56.07,0.58497,0.5715,0.5995,1919.84,781.0
1785396343,eth,1790323200000,2500.0,put,53.3,0.322053,0.314,0.3295,1907.31,3153.0
1785396343,eth,1790323200000,13000.0,call,119.8,7e-06,,0.0003,1907.31,1873.0
1785396343,eth,1790323200000,7200.0,put,90.96,2.774968,2.63,2.9325,1907.31,0.0
1785396343,eth,1813910400000,1900.0,put,57.78,0.198689,0.198,0.203,1958.35,3023.0
1785396343,eth,1785484800000,2650.0,call,106.85,0.0,,0.0001,1903.96,3023.0
1785396343,eth,1785571200000,2020.0,call,51.48,0.001041,0.0009,0.0012,1903.43,17.0
1785396343,eth,1798185600000,4500.0,call,62.72,0.003556,0.0033,0.0038,1919.84,2667.0
1785396343,eth,1786089600000,1800.0,call,52.04,0.064835,0.0595,0.0695,1903.81,210.0
1785396343,eth,1786089600000,1750.0,put,54.38,0.005891,0.0055,0.0065,1903.81,3023.0
1785396343,eth,1813910400000,1400.0,call,60.52,0.367585,0.3635,0.3705,1958.35,50.0
1785396343,eth,1785484800000,1980.0,call,51.05,0.000914,0.0008,0.001,1903.96,1063.0
1785396343,eth,1806048000000,2300.0,call,56.28,0.11719,0.116,0.1185,1938.7,5096.0
1785396343,eth,1785484800000,1300.0,call,137.19,0.317274,0.311,0.3215,1903.96,50.0
1785396343,eth,1785398400000,1920.0,call,47.93,1.6e-05,,0.0001,1903.34,198.0
1785396343,eth,1787904000000,1850.0,call,50.32,0.071078,0.069,0.073,1903.93,4146.0
1785396343,eth,1790323200000,6400.0,call,90.7,6.1e-05,,0.0002,1907.31,1918.0
1785396343,eth,1806048000000,6000.0,call,64.33,0.004739,0.0045,0.0049,1938.7,4345.0
1785396343,eth,1798185600000,3500.0,put,58.22,0.834044,0.7995,0.865,1919.93,52.0
1785396343,eth,1785398400000,2075.0,call,87.77,0.0,,0.0001,1903.34,899.0
1785396343,eth,1785484800000,1450.0,put,134.07,1e-06,,0.0001,1903.88,7126.0
1785396343,eth,1785484800000,1500.0,put,123.99,2e-06,,0.0001,1903.88,12816.0
1785396343,eth,1787904000000,1200.0,call,74.01,0.370527,0.3655,0.3745,1904.02,51.0
1785396343,eth,1806048000000,3500.0,put,57.69,0.835425,0.7885,0.929,1938.7,23.0
1785396343,eth,1790323200000,3500.0,put,64.73,0.836061,0.8225,0.848,1907.31,1133.0
1785396343,eth,1798185600000,5200.0,call,65.89,0.001991,0.0018,0.0022,1919.84,8849.0
1785396343,eth,1790323200000,6500.0,call,90.7,5.2e-05,,0.0002,1907.31,1337.0
1785396343,eth,1785571200000,1880.0,call,49.65,0.021741,0.0195,0.0235,1903.43,639.0
1785396343,eth,1785484800000,2550.0,call,106.83,0.0,,0.0001,1903.88,2237.0
1785396343,eth,1785484800000,1840.0,call,54.17,0.03528,0.029,0.0395,1903.88,0.0
1785396343,eth,1790323200000,8000.0,put,94.35,3.1944,3.033,3.3695,1907.31,0.0
1785396343,eth,1785571200000,1700.0,put,71.2,0.000293,0.0002,0.0004,1903.43,420.0
1785396343,eth,1785657600000,2050.0,put,48.18,0.077768,0.036,0.124,1903.43,0.0
1785396343,eth,1790323200000,6800.0,call,90.7,3.2e-05,,0.0002,1907.4,1462.0
1785396343,eth,1806048000000,900.0,call,70.0,0.550984,0.5245,0.554,1938.7,68.0
1785396343,eth,1798185600000,4600.0,put,63.21,1.3993,1.3045,1.5095,1919.93,0.0
1785396343,eth,1787904000000,2500.0,call,55.34,0.002918,0.0028,0.0031,1904.02,29250.0
1785396343,eth,1790323200000,3600.0,call,66.52,0.00093,0.0008,0.0011,1907.31,2708.0
1785396343,eth,1785484800000,1940.0,put,47.5,0.022215,0.018,0.028,1903.88,98.0
1785396343,eth,1790323200000,4600.0,put,78.03,1.412074,1.319,1.515,1907.4,38.0
1785396343,eth,1785657600000,1800.0,call,50.6,0.056852,0.0505,0.0625,1903.43,0.0
1785396343,eth,1785657600000,1920.0,put,43.19,0.020433,0.0195,0.021,1903.43,15.0
1785396343,eth,1806048000000,900.0,put,70.0,0.015193,0.0145,0.016,1938.61,767.0
1785396343,eth,1813910400000,2600.0,put,57.28,0.445662,0.4395,0.454,1958.35,0.0
1785396343,eth,1785657600000,1960.0,put,43.58,0.03504,0.0305,0.041,1903.43,0.0
1785396343,eth,1790323200000,15000.0,put,127.3,6.864486,6.562,7.192,1907.31,0.0
1785396343,eth,1790323200000,12000.0,put,115.57,5.291591,5.0495,5.5535,1907.31,0.0
1785396343,eth,1786089600000,2400.0,put,67.53,0.260901,0.2125,0.3155,1903.81,0.0
1785396343,eth,1786694400000,1750.0,call,52.92,0.093606,0.0875,0.0985,1904.2,0.0
1785396343,eth,1786089600000,2050.0,call,49.43,0.006226,0.006,0.0065,1903.8,5049.0
1785396343,eth,1785571200000,1840.0,put,52.79,0.00412,0.0039,0.0043,1903.43,4001.0
1785396343,eth,1786694400000,2050.0,put,49.03,0.090329,0.0845,0.0975,1904.2,176.0
1785396343,eth,1785484800000,2150.0,call,78.03,2.1e-05,,0.0001,1903.96,18261.0
1785396343,eth,1798185600000,3000.0,call,56.07,0.022332,0.022,0.0225,1919.84,5054.0
1785396343,eth,1798185600000,4200.0,put,61.56,1.192586,1.1045,1.2965,1919.93,62.0
1785396343,eth,1785398400000,1940.0,put,49.07,0.019211,0.0013,0.061,1903.34,0.0
1785396343,eth,1806048000000,2100.0,call,56.39,0.149232,0.1475,0.151,1938.61,482.0
1785396343,eth,1806048000000,1300.0,call,61.29,0.376919,0.372,0.3795,1938.7,50.0
1785396343,eth,1785484800000,3200.0,call,108.18,0.0,,0.0001,1903.96,4968.0
1785396343,eth,1798185600000,2200.0,put,54.38,0.231591,0.226,0.2375,1919.84,9286.0
1785396343,eth,1785484800000,2350.0,call,106.82,2e-06,,0.0001,1903.96,6651.0
1785396343,eth,1786089600000,1800.0,put,52.04,0.010213,0.01,0.0105,1903.81,5934.0
1785396343,eth,1790323200000,1500.0,call,58.11,0.229024,0.225,0.2315,1907.31,976.0
1785396343,eth,1785484800000,2500.0,put,106.82,0.312936,0.307,0.3185,1903.88,457.0
1785396343,eth,1787904000000,3000.0,put,65.94,0.576182,0.5155,0.644,1904.02,0.0
1785396343,eth,1786694400000,2400.0,put,57.73,0.26162,0.2115,0.317,1904.2,0.0
1785396343,eth,1785484800000,3000.0,call,107.23,0.0,,0.0001,1903.96,3414.0
1785396343,eth,1798185600000,2100.0,call,54.42,0.101838,0.101,0.1025,1919.84,1397.0
1785396343,eth,1786089600000,1600.0,call,63.81,0.160786,0.153,0.167,1903.81,0.0
1785396343,eth,1785484800000,2900.0,call,107.23,0.0,,0.0001,1903.88,13487.0
1785396343,eth,1785398400000,1750.0,put,92.0,0.0,,0.0002,1903.34,814.0
1785396343,eth,1785398400000,2075.0,put,87.77,0.090136,0.0485,0.135,1903.34,0.0
1785396343,eth,1785484800000,1860.0,call,51.77,0.026127,0.0215,0.03,1903.96,0.0
1785396343,eth,1785398400000,2050.0,put,78.01,0.077002,0.0355,0.121,1903.34,0.0
1785396343,eth,1785657600000,2020.0,put,45.9,0.062663,0.0225,0.108,1903.43,0.0
1785396343,eth,1785398400000,2200.0,call,111.32,0.0,,0.0001,1903.34,2076.0
1785396343,eth,1785571200000,1600.0,call,91.09,0.159671,0.152,0.1655,1903.43,0.0
1785396343,eth,1785657600000,1980.0,call,43.95,0.003504,0.0032,0.0037,1903.43,181.0
1785396343,eth,1786089600000,1700.0,call,57.32,0.110543,0.103,0.117,1903.81,50.0
1785396343,eth,1806048000000,4800.0,call,61.16,0.010024,0.0095,0.0105,1938.7,2851.0
1785396343,eth,1790323200000,3100.0,call,60.22,0.002297,0.0021,0.0025,1907.31,2164.0
1785396343,eth,1785484800000,1850.0,call,52.86,0.030597,0.0285,0.0325,1903.96,10826.0
1785396343,eth,1790323200000,1600.0,put,55.64,0.024172,0.0235,0.025,1907.31,7477.0
1785396343,eth,1798185600000,3300.0,call,57.22,0.014268,0.014,0.015,1919.93,1850.0
1785396343,eth,1786089600000,1950.0,call,48.33,0.018437,0.018,0.019,1903.81,3991.0
1785396343,eth,1785571200000,1750.0,put,63.58,0.000683,0.0006,0.0008,1903.43,1007.0
1785396343,eth,1787904000000,3400.0,put,75.54,0.785994,0.717,0.8615,1904.02,1.0
1785396343,eth,1787904000000,2400.0,call,53.5,0.004576,0.0043,0.0048,1903.93,18406.0
1785396343,eth,1785484800000,1600.0,call,106.28,0.159735,0.157,0.162,1903.88,2313.0
1785396343,eth,1787904000000,2400.0,put,53.5,0.265081,0.2515,0.3175,1904.02,2.0
1785396343,eth,1785398400000,2020.0,put,68.44,0.061241,0.029,0.105,1903.34,0.0
1785396343,eth,1785571200000,2040.0,call,53.49,0.000692,0.0006,0.0008,1903.43,4.0
1785396343,eth,1785571200000,2060.0,call,56.17,0.000499,0.0004,0.0006,1903.43,0.0
1785396343,eth,1785571200000,1980.0,put,48.51,0.042628,0.009,0.0785,1903.43,0.0
1785396343,eth,1798185600000,1200.0,call,63.58,0.394138,0.389,0.398,1919.93,341.0
1785396343,eth,1798185600000,3500.0,call,58.22,0.010966,0.0105,0.0115,1919.93,28522.0
1785396343,eth,1806048000000,2500.0,put,56.32,0.381643,0.375,0.39,1938.7,560.0
1785396343,eth,1798185600000,1200.0,put,63.58,0.019194,0.0185,0.02,1919.93,6553.0
1785396343,eth,1790323200000,4400.0,call,74.92,0.000314,0.0002,0.0005,1907.31,4346.0
1785396343,eth,1806048000000,1300.0,put,61.29,0.047444,0.0465,0.0485,1938.7,1365.0
1785396343,eth,1813910400000,4500.0,put,59.47,1.32399,1.2315,1.447,1958.27,1.0
1785396343,eth,1785484800000,1980.0,put,51.05,0.040759,0.0305,0.063,1903.88,2.0
1785396343,eth,1785484800000,2025.0,call,57.43,0.00025,0.0002,0.0003,1903.96,902.0
1785396343,eth,1798185600000,2700.0,call,55.08,0.036188,0.0355,0.0365,1919.93,3078.0
1785396343,eth,1787904000000,1600.0,put,56.21,0.009999,0.0095,0.0105,1903.93,11678.0
1785396343,eth,1785571200000,2200.0,put,73.14,0.155664,0.1115,0.205,1903.43,0.0
1785396343,eth,1813910400000,1800.0,call,58.37,0.25255,0.2485,0.255,1958.27,1251.0
1785396343,eth,1790323200000,2000.0,call,51.43,0.060863,0.06,0.0615,1907.4,11332.0
1785396343,eth,1785398400000,1980.0,call,58.69,0.0,,0.0002,1903.34,563.0
1785396343,eth,1798185600000,4500.0,put,62.72,1.347513,1.2545,1.456,1919.93,3.0
1785396343,eth,1785657600000,2020.0,call,45.9,0.001507,0.0013,0.0017,1903.43,7.0
1785396343,eth,1785571200000,1820.0,call,54.88,0.046744,0.0405,0.052,1903.43,24.0
1785396343,eth,1798185600000,2900.0,put,55.68,0.536618,0.478,0.624,1919.93,173.0
1785396343,eth,1813910400000,2000.0,call,57.57,0.207488,0.2055,0.2095,1958.27,1831.0
1785396343,eth,1798185600000,4800.0,put,64.0,1.502919,1.4045,1.6165,1919.93,77.0
1785396343,eth,1785484800000,2000.0,call,53.88,0.000507,0.0004,0.0006,1903.88,26933.0
1785396343,eth,1813910400000,3000.0,call,57.47,0.082315,0.081,0.0835,1958.35,469.0
1785396343,eth,1798185600000,5000.0,put,64.96,1.606703,1.5045,1.7245,1919.93,2.0
1785396343,eth,1806048000000,3800.0,put,58.38,0.982514,0.9415,1.0935,1938.7,1.0
1785396343,eth,1798185600000,2300.0,put,54.42,0.270018,0.2665,0.277,1919.93,5186.0
1785396343,eth,1790323200000,6000.0,put,90.7,2.145909,2.025,2.2785,1907.31,0.0
1785396343,eth,1785657600000,1860.0,put,45.8,0.007463,0.007,0.0075,1903.43,418.0
1785396343,eth,1798185600000,2100.0,put,54.42,0.195685,0.19,0.197,1919.93,2872.0
1785396343,eth,1785571200000,2060.0,put,56.17,0.082554,0.041,0.1295,1903.43,0.0
1785396343,eth,1806048000000,2200.0,call,56.34,0.132303,0.131,0.1335,1938.7,3006.0
1785396343,eth,1786694400000,1850.0,call,50.02,0.055702,0.0535,0.0575,1904.2,177.0
1785396343,eth,1785657600000,1880.0,put,44.6,0.010652,0.01,0.011,1903.43,1.0
1785396343,eth,1785571200000,1920.0,put,47.34,0.018788,0.018,0.0195,1903.43,41.0
1785396343,eth,1798185600000,3100.0,call,56.37,0.019058,0.0185,0.0195,1919.93,2322.0
1785396343,eth,1787904000000,1950.0,call,49.59,0.045134,0.0445,0.0455,1904.02,4556.0
1785396343,eth,1806048000000,1600.0,call,58.17,0.270816,0.2665,0.273,1938.7,937.0
1785396343,eth,1785571200000,2200.0,call,73.14,7.2e-05,,0.0002,1903.43,76.0
1785396343,eth,1798185600000,3200.0,call,56.86,0.01654,0.016,0.017,1919.93,67381.0
1785396343,eth,1798185600000,4400.0,call,62.24,0.003903,0.0037,0.0041,1919.84,2511.0
1785396343,eth,1806048000000,4000.0,call,58.9,0.018798,0.018,0.0195,1938.7,1788.0
1785396343,eth,1790323200000,7400.0,put,90.96,2.879823,2.7305,3.0415,1907.31,0.0
1785396343,eth,1785657600000,2100.0,call,53.12,0.000396,0.0003,0.0005,1903.43,0.0
1785396343,eth,1787904000000,1300.0,call,68.71,0.318696,0.3135,0.3235,1903.93,51.0
1785396343,eth,1785398400000,1775.0,put,86.83,0.0,,0.0002,1903.34,919.0
1785396343,eth,1785398400000,2060.0,put,82.41,0.082255,0.041,0.127,1903.34,0.0
1785396343,eth,1790323200000,2800.0,put,56.49,0.472732,0.462,0.482,1907.31,1287.0
1785396343,eth,1787904000000,1500.0,call,59.83,0.217498,0.2145,0.2195,1903.93,473.0
1785396343,eth,1785484800000,1925.0,put,47.31,0.016466,0.015,0.0175,1903.88,18.0
1785396343,eth,1790323200000,6200.0,call,90.7,8.5e-05,,0.0002,1907.4,2026.0
1785396343,eth,1785484800000,2050.0,call,64.04,0.000184,0.0001,0.0003,1903.96,17094.0
1785396343,eth,1787904000000,2800.0,put,61.72,0.471571,0.4145,0.536,1904.02,0.0
1785396343,eth,1806048000000,4600.0,call,60.53,0.01153,0.011,0.012,1938.7,946.0
1785396343,eth,1790323200000,1700.0,put,53.75,0.037046,0.0365,0.0375,1907.4,3869.0
1785396343,eth,1806048000000,2000.0,call,56.48,0.168235,0.167,0.17,1938.7,1860.0
1785396343,eth,1790323200000,5600.0,put,87.32,1.936217,1.8235,2.0605,1907.31,0.0
1785396343,eth,1790323200000,5500.0,call,86.42,0.000153,0.0001,0.0002,1907.4,1483.0
1785396343,eth,1813910400000,5000.0,put,60.34,1.572348,1.504,1.691,1958.35,0.0
1785396343,eth,1813910400000,3500.0,call,58.03,0.054221,0.053,0.0555,1958.27,1822.0
1785396343,eth,1813910400000,3600.0,put,58.13,0.888363,0.837,0.926,1958.35,0.0
1785396343,eth,1790323200000,1700.0,call,53.75,0.145738,0.14,0.148,1907.31,2525.0
1785396343,eth,1806048000000,1400.0,put,59.99,0.060909,0.06,0.062,1938.7,1536.0
1785396343,eth,1786694400000,2000.0,call,48.86,0.020217,0.0195,0.0205,1904.2,684.0
1785396343,eth,1790323200000,7500.0,put,90.96,2.932251,2.781,3.096,1907.31,0.0
1785396343,eth,1806048000000,1800.0,put,57.07,0.142531,0.141,0.144,1938.7,3906.0
1785396343,eth,1790323200000,2200.0,call,51.59,0.03119,0.0305,0.032,1907.31,5492.0
1785396343,eth,1806048000000,3500.0,call,57.69,0.030166,0.0295,0.031,1938.7,4426.0
1785396343,eth,1790323200000,5500.0,put,86.42,1.883795,1.773,2.0055,1907.4,1.0
1785396343,eth,1813910400000,1500.0,put,59.75,0.101101,0.0995,0.1025,1958.35,421.0
1785396343,eth,1787904000000,2600.0,put,57.37,0.367496,0.314,0.4285,1903.93,3.0
1785396343,eth,1806048000000,3600.0,put,57.93,0.884162,0.8665,0.989,1938.7,1.0
1785396343,eth,1790323200000,2900.0,call,57.66,0.00362,0.0034,0.0038,1907.31,5450.0
1785396343,eth,1806048000000,1900.0,call,56.7,0.189807,0.1885,0.192,1938.61,2363.0
1785396343,eth,1785484800000,1940.0,call,47.5,0.00337,0.0031,0.0036,1903.88,237.0
1785396343,eth,1790323200000,5400.0,put,86.26,1.831392,1.7225,1.9515,1907.4,4.0
1785396343,eth,1787904000000,3600.0,call,78.31,0.000173,0.0001,0.0003,1903.93,1089.0
1785396343,eth,1790323200000,1900.0,put,51.72,0.07935,0.0785,0.08,1907.31,8299.0
1785396343,eth,1790323200000,3400.0,put,63.78,0.783865,0.7705,0.797,1907.31,870.0
1785396343,eth,1806048000000,1900.0,put,56.7,0.169805,0.168,0.1715,1938.7,2308.0
1785396343,eth,1787904000000,3800.0,call,84.01,0.00017,0.0001,0.0002,1903.93,398.0
1785396343,eth,1786694400000,2100.0,put,49.56,0.112112,0.101,0.1465,1904.2,0.0
1785396343,eth,1790323200000,7400.0,call,90.96,1.3e-05,,0.0002,1907.4,1019.0
1785396343,eth,1790323200000,5200.0,put,83.52,1.726533,1.6215,1.842,1907.31,3.0
1785396343,eth,1790323200000,14000.0,put,123.7,6.340187,6.058,6.646,1907.31,0.0
1785396343,eth,1785657600000,1900.0,call,44.07,0.016943,0.0165,0.0175,1903.43,64.0
1785396343,eth,1798185600000,2600.0,put,54.88,0.397202,0.386,0.4085,1919.84,1065.0
1785396343,eth,1790323200000,6400.0,put,90.7,2.355573,2.2265,2.496,1907.31,0.0
1785396343,eth,1787904000000,2050.0,put,49.53,0.104036,0.0985,0.111,1903.93,170.0
1785396343,eth,1785657600000,2050.0,call,48.18,0.000853,0.0007,0.001,1903.43,0.0
1785396343,eth,1790323200000,6600.0,put,90.7,2.460415,2.3275,2.6055,1907.31,0.0
1785396343,eth,1790323200000,2800.0,call,56.49,0.004696,0.0044,0.005,1907.31,7327.0
1785396343,eth,1787904000000,1950.0,put,49.59,0.069311,0.0685,0.07,1904.02,2424.0
1785396343,eth,1798185600000,2900.0,call,55.68,0.026067,0.0255,0.0265,1919.93,1953.0
1785396343,eth,1785484800000,4000.0,call,118.7,0.0,,0.0001,1903.96,8654.0
1785396343,eth,1806048000000,2700.0,put,56.47,0.46541,0.4575,0.475,1938.7,147.0
1785396343,eth,1785484800000,1750.0,put,71.09,0.000156,0.0001,0.0002,1903.96,4593.0
1785396343,eth,1786089600000,1600.0,put,63.81,0.001122,0.001,0.0012,1903.81,19841.0
1785396343,eth,1790323200000,3500.0,call,64.73,0.001016,0.0009,0.0011,1907.31,15554.0
1785396343,eth,1785398400000,1920.0,put,47.93,0.00872,0.008,0.0095,1903.34,140.0
1785396343,eth,1790323200000,1800.0,call,52.47,0.1115,0.1105,0.113,1907.31,2303.0
1785396343,eth,1785571200000,2000.0,put,49.52,0.052128,0.042,0.0775,1903.43,0.0
1785396343,eth,1785484800000,3800.0,call,118.7,0.0,,0.0001,1903.96,2692.0
1785396343,eth,1785484800000,1300.0,put,137.19,0.0,,0.0001,1903.88,12011.0
1785396343,eth,1806048000000,3400.0,call,57.53,0.033503,0.0325,0.0345,1938.7,1869.0
1785396343,eth,1785484800000,2000.0,put,53.88,0.050887,0.045,0.0555,1903.88,3190.0
1785396343,eth,1813910400000,900.0,put,68.38,0.024087,0.023,0.025,1958.35,641.0
1785396343,eth,1786089600000,1700.0,put,57.32,0.003405,0.0032,0.0035,1903.8,7107.0
1785396343,eth,1785657600000,1820.0,put,48.87,0.003557,0.0034,0.0037,1903.43,0.0
1785396343,eth,1813910400000,1300.0,call,61.49,0.402509,0.3985,0.4055,1958.27,108.0
1785396343,eth,1785398400000,1875.0,put,48.84,0.0,,0.0002,1903.34,1235.0
1785396343,eth,1787904000000,1600.0,call,56.21,0.169663,0.1665,0.172,1903.93,885.0
1785396343,eth,1798185600000,1500.0,call,57.73,0.266964,0.2615,0.271,1919.93,823.0
1785396343,eth,1785398400000,1775.0,call,86.83,0.067474,0.029,0.103,1903.34,0.0
1785396343,eth,1785398400000,1825.0,call,67.55,0.041206,0.037,0.0465,1903.34,334.0
1785396343,eth,1787904000000,1300.0,put,68.71,0.001469,0.0013,0.0016,1903.93,8731.0
1785396343,eth,1787904000000,1450.0,call,61.98,0.242341,0.236,0.2475,1904.02,51.0
1785396343,eth,1790323200000,5000.0,put,81.81,1.621705,1.5205,1.733,1907.4,2.0
1785396343,eth,1786089600000,1850.0,call,50.12,0.045563,0.043,0.0475,1903.81,599.0
1785396343,eth,1785484800000,1960.0,put,48.49,0.031038,0.0145,0.054,1903.96,4.0
1785396343,eth,1785571200000,1750.0,call,63.58,0.081461,0.073,0.0885,1903.43,0.0
1785396343,eth,1785484800000,3600.0,call,118.7,0.0,,0.0001,1903.88,1983.0
1785396343,eth,1798185600000,11000.0,put,83.92,4.729853,4.5095,4.743,1919.84,109.0
1785396343,eth,1785398400000,2040.0,put,72.22,0.071748,0.03,0.115,1903.34,0.0
1785396343,eth,1798185600000,2800.0,call,55.35,0.030636,0.03,0.031,1919.84,8293.0
1785396343,eth,1813910400000,1800.0,put,58.37,0.171729,0.17,0.1735,1958.35,299.0
1785396343,eth,1785657600000,1600.0,put,74.85,0.000107,,0.0001,1903.43,90.0
1785396343,eth,1798185600000,3400.0,put,57.77,0.783519,0.7535,0.849,1919.93,89.0
1785396343,eth,1798185600000,8000.0,put,74.75,3.1674,3.007,3.344,1919.93,0.0
1785396343,eth,1785571200000,1720.0,put,67.76,0.000394,0.0003,0.0005,1903.43,384.0
1785396343,eth,1787904000000,1800.0,put,51.09,0.032725,0.032,0.033,1904.02,3919.0
1785396343,eth,1798185600000,1000.0,put,69.29,0.00964,0.009,0.01,1919.93,19199.0
1785396343,eth,1785398400000,1820.0,call,70.69,0.043833,0.0165,0.0805,1903.34,0.0
1785396343,eth,1785484800000,1920.0,put,46.5,0.014608,0.014,0.0155,1903.88,234.0
1785396343,eth,1806048000000,3300.0,put,57.31,0.739243,0.723,0.829,1938.7,1.0
1785396343,eth,1785484800000,1750.0,call,71.09,0.081101,0.076,0.0855,1903.96,6508.0
1785396343,eth,1786694400000,2200.0,put,51.73,0.15975,0.1475,0.1715,1904.2,0.0
1785396343,eth,1785484800000,2200.0,put,88.06,0.155397,0.15,0.1605,1903.96,2333.0
1785396343,eth,1790323200000,14000.0,call,123.7,7e-06,,0.0003,1907.31,1212.0
1785396343,eth,1785571200000,2000.0,call,49.52,0.001589,0.0014,0.0017,1903.43,34.0
1785396343,eth,1787904000000,2000.0,put,49.43,0.085674,0.0835,0.089,1904.02,501.0
1785396343,eth,1787904000000,3600.0,put,78.31,0.890929,0.818,0.9705,1904.02,18.0
1785396343,eth,1785484800000,2500.0,call,106.82,0.0,,0.0001,1903.96,2560.0
1785396343,eth,1786694400000,2200.0,call,51.73,0.004355,0.0041,0.0046,1904.2,1601.0
1785396343,eth,1798185600000,1400.0,call,59.24,0.306642,0.3015,0.31,1919.93,946.0
1785396343,eth,1806048000000,2600.0,put,56.36,0.422843,0.416,0.432,1938.7,626.0
1785396343,eth,1790323200000,4600.0,call,78.03,0.0003,0.0002,0.0004,1907.4,3385.0
1785396343,eth,1785398400000,1850.0,call,61.8,0.028072,0.0007,0.0655,1903.34,186.0
1785396343,eth,1806048000000,2800.0,call,56.55,0.064729,0.064,0.066,1938.7,4817.0
1785396343,eth,1790323200000,10000.0,call,105.8,8e-06,,0.0001,1907.31,1561.0
1785396343,eth,1786694400000,1900.0,put,49.34,0.038805,0.038,0.0395,1904.2,938.0
1785396343,eth,1785398400000,2100.0,call,98.68,0.0,,0.0001,1903.34,1693.0
1785396343,eth,1813910400000,2300.0,call,57.35,0.156211,0.155,0.1575,1958.35,218.0
1785396343,eth,1813910400000,2700.0,call,57.3,0.107622,0.106,0.109,1958.35,93.0
1785396343,eth,1785398400000,1860.0,put,56.15,0.0,,0.0002,1903.34,187.0
1785396343,eth,1787904000000,1900.0,put,49.78,0.054849,0.054,0.0555,1904.02,4366.0
1785396343,eth,1790323200000,3800.0,put,68.73,0.993014,0.9785,1.006,1907.31,954.0
1785396343,eth,1790323200000,16000.0,call,130.17,6e-06,,0.0001,1907.31,7426.0
1785396343,eth,1785657600000,1820.0,call,48.87,0.047467,0.042,0.052,1903.43,0.0
1785396343,eth,1798185600000,3300.0,put,57.22,0.73317,0.7015,0.7515,1919.84,10.0
1785396343,eth,1798185600000,3400.0,call,57.77,0.012529,0.012,0.013,1919.93,12544.0
1785396343,eth,1785484800000,1400.0,put,137.19,0.0,,0.0001,1903.96,9689.0
1785396343,eth,1790323200000,3200.0,call,61.4,0.001849,0.0017,0.002,1907.31,7859.0
1785396343,eth,1790323200000,6200.0,put,90.7,2.250736,2.126,2.3875,1907.4,0.0
1785396343,eth,1787904000000,1700.0,call,53.31,0.125623,0.1225,0.1285,1903.93,1011.0
1785396343,eth,1798185600000,2000.0,call,54.46,0.12063,0.1195,0.122,1919.84,6340.0
1785396343,eth,1790323200000,1000.0,put,77.44,0.001383,0.0012,0.0016,1907.31,8832.0
1785396343,eth,1785484800000,1500.0,call,123.99,0.212241,0.205,0.2175,1903.88,208.0
1785396343,eth,1785657600000,1940.0,put,43.38,0.027264,0.0235,0.0315,1903.43,0.0
1785396343,eth,1790323200000,1000.0,call,77.44,0.477085,0.4545,0.481,1907.4,125.0
1785396343,eth,1785398400000,2080.0,put,89.69,0.092763,0.051,0.1375,1903.34,0.0
1785396343,eth,1785484800000,1400.0,call,137.19,0.264756,0.2585,0.2695,1903.88,100.0
1785396343,eth,1813910400000,3800.0,put,58.39,0.983281,0.899,1.0525,1958.35,2.0
1785396343,eth,1798185600000,1800.0,call,55.1,0.168378,0.167,0.1705,1919.93,2476.0
1785396343,eth,1786694400000,1950.0,call,48.84,0.029088,0.0285,0.0295,1904.2,1087.0
1785396343,eth,1798185600000,800.0,put,76.68,0.004481,0.0042,0.0048,1919.93,5679.0
1785396343,eth,1785398400000,2080.0,call,89.69,0.0,,0.0001,1903.34,409.0
1785396343,eth,1806048000000,4800.0,put,61.16,1.485808,1.3835,1.6095,1938.7,0.0
1785396343,eth,1786089600000,2400.0,call,67.53,0.000397,0.0003,0.0005,1903.81,1037.0
1785396343,eth,1790323200000,5200.0,call,83.52,0.00018,0.0001,0.0003,1907.31,1681.0
1785396343,eth,1785484800000,4200.0,put,118.7,1.205732,1.121,1.297,1903.88,0.0
1785396343,eth,1787904000000,3400.0,call,75.54,0.000279,0.0002,0.0004,1904.02,462.0
1785396343,eth,1785398400000,1780.0,put,86.26,0.0,,0.0001,1903.34,275.0
1785396343,eth,1785484800000,2700.0,put,106.86,0.41797,0.4115,0.424,1903.88,630.0
1785396343,eth,1785484800000,2600.0,put,106.85,0.365453,0.313,0.4215,1903.96,28.0
1785396343,eth,1813910400000,3000.0,put,57.47,0.61428,0.6075,0.6255,1958.35,59.0
1785396343,eth,1787904000000,2000.0,call,49.43,0.035254,0.0345,0.036,1904.02,4876.0
1785396343,eth,1785657600000,2060.0,put,49.38,0.082911,0.041,0.129,1903.43,0.0
1785396343,eth,1785657600000,1980.0,put,43.95,0.043646,0.037,0.051,1903.43,0.0
1785396343,eth,1806048000000,800.0,put,73.22,0.010959,0.0105,0.0115,1938.7,788.0
1785396343,eth,1798185600000,1500.0,put,57.73,0.048283,0.0475,0.049,1919.93,16338.0
1785396343,eth,1785657600000,1840.0,put,47.38,0.005206,0.005,0.0055,1903.43,9.0
1785396343,eth,1798185600000,2000.0,put,54.46,0.162389,0.1605,0.163,1919.84,10354.0
1785396343,eth,1785398400000,2040.0,call,72.22,0.0,,0.0001,1903.34,20.0
1785396343,eth,1787904000000,2200.0,put,50.61,0.167922,0.14,0.182,1903.93,181.0
1785396343,eth,1806048000000,4200.0,call,59.4,0.015788,0.015,0.0165,1938.7,2776.0
1785396343,eth,1798185600000,800.0,call,76.68,0.587778,0.5675,0.5905,1919.93,171.0
1785396343,eth,1798185600000,5500.0,call,67.13,0.001599,0.0014,0.0018,1919.84,1646.0
1785396343,eth,1806048000000,4500.0,call,60.18,0.012364,0.012,0.013,1938.61,2400.0
1785396343,eth,1798185600000,4000.0,call,60.55,0.006005,0.0055,0.0065,1919.84,16428.0
1785396343,eth,1786089600000,1950.0,put,48.33,0.042634,0.042,0.0435,1903.8,506.0
1785396343,eth,1790323200000,9000.0,put,100.09,3.718696,3.537,3.9155,1907.31,0.0
1785396343,eth,1786694400000,1800.0,call,51.24,0.073408,0.0685,0.0775,1904.2,102.0
1785396343,eth,1790323200000,1200.0,call,68.35,0.374593,0.347,0.3785,1907.4,138.0
1785396343,eth,1787904000000,1700.0,put,53.31,0.018481,0.018,0.019,1904.02,8582.0
1785396343,eth,1790323200000,2300.0,put,51.92,0.227938,0.2215,0.2345,1907.31,1212.0
1785396343,eth,1813910400000,2100.0,put,57.43,0.260946,0.256,0.2665,1958.35,87.0
1785396343,eth,1798185600000,1000.0,call,69.29,0.488761,0.462,0.492,1919.93,54.0
1785396343,eth,1798185600000,2800.0,put,55.35,0.489099,0.4765,0.5025,1919.93,2205.0
1785396343,eth,1790323200000,3000.0,call,58.9,0.002851,0.0026,0.0031,1907.31,28572.0
1785396343,eth,1785398400000,1700.0,put,113.93,0.0,,0.0002,1903.34,879.0
1785396343,eth,1790323200000,4000.0,put,69.62,1.097625,1.0165,1.1865,1907.31,140.0
1785396343,eth,1785657600000,1700.0,put,60.37,0.000376,0.0003,0.0005,1903.43,556.0
1785396343,eth,1786089600000,2000.0,call,48.62,0.01087,0.0105,0.011,1903.81,19809.0
1785396343,eth,1785398400000,1700.0,call,113.93,0.106877,0.0985,0.1155,1903.34,0.0
1785396343,eth,1786694400000,2050.0,call,49.03,0.013711,0.013,0.014,1904.2,499.0
1785396343,eth,1786089600000,1400.0,call,79.6,0.264851,0.2585,0.2705,1903.81,0.0
1785396343,eth,1785398400000,1860.0,call,56.15,0.022818,0.012,0.06,1903.34,6.0
1785396343,eth,1790323200000,6500.0,put,90.7,2.407993,2.277,2.551,1907.4,0.0
1785396343,eth,1798185600000,4400.0,put,62.24,1.295773,1.2045,1.402,1919.84,20.0
1785396343,eth,1785484800000,3600.0,put,118.7,0.890627,0.818,0.969,1903.88,0.0
1785396343,eth,1785484800000,4000.0,put,118.7,1.100697,1.02,1.188,1903.88,0.0
1785396343,eth,1787904000000,2200.0,call,50.61,0.01246,0.012,0.013,1903.93,7428.0
1785396343,eth,1790323200000,3400.0,call,63.78,0.001249,0.0011,0.0014,1907.31,7116.0
1785396343,eth,1790323200000,4400.0,put,74.92,1.307228,1.2185,1.406,1907.4,281.0
1785396343,eth,1790323200000,5800.0,put,89.76,2.041076,1.9245,2.169,1907.4,0.0
1785396343,eth,1787904000000,2350.0,put,52.59,0.240025,0.227,0.2835,1904.02,100.0
1785396343,eth,1813910400000,1200.0,call,62.73,0.439876,0.436,0.4425,1958.35,55.0
1785396343,eth,1785484800000,1650.0,put,100.02,5.2e-05,,0.0001,1903.96,16929.0
1785396343,eth,1785398400000,2200.0,put,111.32,0.155807,0.1105,0.2035,1903.34,0.0
1785396343,eth,1785484800000,1960.0,call,48.49,0.001697,0.0015,0.0019,1903.88,2377.0
1785396343,eth,1798185600000,1300.0,put,61.13,0.026296,0.0255,0.027,1919.93,1910.0
1785396343,eth,1790323200000,2600.0,call,54.24,0.008268,0.0075,0.009,1907.31,10162.0
1785396343,eth,1785398400000,2000.0,put,67.59,0.050733,0.0285,0.0935,1903.34,0.0
1785396343,eth,1785398400000,1925.0,put,48.97,0.011333,0.0065,0.0165,1903.34,538.0
1785396343,eth,1798185600000,7000.0,put,70.84,2.646666,2.5065,2.8015,1919.93,0.0
1785396343,eth,1813910400000,4000.0,call,58.65,0.036809,0.0355,0.038,1958.27,4157.0
1785396343,eth,1806048000000,1200.0,put,62.9,0.036435,0.0355,0.0375,1938.7,1237.0
1785396343,eth,1790323200000,7000.0,put,90.95,2.670115,2.529,2.8235,1907.31,0.0
1785396343,eth,1790323200000,1900.0,call,51.72,0.083183,0.0825,0.084,1907.31,2878.0
1785396343,eth,1798185600000,2300.0,call,54.42,0.071995,0.0715,0.0725,1919.93,7647.0
1785396343,eth,1806048000000,1800.0,call,57.07,0.214112,0.2125,0.2165,1938.7,3788.0
1785396343,eth,1787904000000,2050.0,call,49.53,0.027355,0.0265,0.028,1903.93,4284.0
1785396343,eth,1785571200000,1740.0,call,65.12,0.086606,0.079,0.093,1903.43,0.0
1785396343,eth,1785484800000,1550.0,put,116.19,6e-06,,0.0001,1903.88,6790.0
1785396343,eth,1787904000000,1800.0,call,51.09,0.087347,0.084,0.0895,1903.93,6112.0
1785396343,eth,1785398400000,1900.0,call,38.4,0.002307,0.0013,0.0025,1903.34,539.0
1785396343,eth,1785657600000,2060.0,call,49.38,0.000743,0.0006,0.0009,1903.43,10.0
1785396343,eth,1785657600000,2000.0,call,44.65,0.002262,0.002,0.0024,1903.43,29.0
1785396343,eth,1813910400000,1900.0,call,57.78,0.228445,0.2265,0.23,1958.35,65.0
1785396343,eth,1806048000000,3700.0,call,58.15,0.024785,0.024,0.0255,1938.7,1467.0
1785396343,eth,1806048000000,5000.0,call,61.49,0.00854,0.008,0.009,1938.7,1214.0
1785396343,eth,1806048000000,2000.0,put,56.48,0.199812,0.1975,0.201,1938.7,1510.0
1785396343,eth,1786694400000,2400.0,call,57.73,0.001189,0.0011,0.0013,1904.2,360.0
1785396343,eth,1790323200000,2100.0,put,51.45,0.144911,0.142,0.1485,1907.4,2698.0
1785396343,eth,1806048000000,1200.0,call,62.9,0.41749,0.4125,0.4205,1938.7,69.0
1785396343,eth,1785398400000,1800.0,call,81.86,0.05434,0.0285,0.0915,1903.34,0.0
1785396343,eth,1785484800000,2450.0,call,106.82,0.0,,0.0001,1903.88,4199.0
1785396343,eth,1790323200000,2700.0,put,55.08,0.421652,0.4125,0.4305,1907.31,527.0
1785396343,eth,1785398400000,1950.0,call,49.15,0.0,,0.0001,1903.34,1505.0
1785396343,eth,1785657600000,2200.0,call,61.1,8.7e-05,,0.0002,1903.43,57.0
1785396343,eth,1806048000000,2500.0,call,56.32,0.092172,0.091,0.093,1938.7,8811.0
1785396343,eth,1790323200000,16000.0,put,130.17,7.388784,7.066,7.738,1907.31,30.0
1785396343,eth,1785571200000,1760.0,call,62.06,0.07634,0.068,0.083,1903.43,0.0
1785396343,eth,1785657600000,1900.0,put,44.07,0.01506,0.0145,0.0155,1903.43,282.0
1785396343,eth,1790323200000,2300.0,call,51.92,0.022051,0.0215,0.0225,1907.31,11075.0
1785396343,eth,1790323200000,1400.0,put,61.4,0.009949,0.0095,0.0105,1907.31,9610.0
1785396343,eth,1806048000000,1500.0,put,58.9,0.076938,0.0755,0.078,1938.7,3977.0
1785396343,eth,1806048000000,4500.0,put,60.18,1.333411,1.3105,1.4055,1938.7,0.0
1785396343,eth,1785398400000,1820.0,put,70.69,0.0,,0.0002,1903.34,1050.0
1785396343,eth,1785398400000,1780.0,call,86.26,0.064847,0.029,0.1005,1903.34,0.0
1785396343,eth,1813910400000,2700.0,put,57.3,0.48639,0.48,0.495,1958.35,0.0
1785396343,eth,1790323200000,1600.0,call,55.64,0.185294,0.181,0.1875,1907.31,3575.0
1785396343,eth,1806048000000,3000.0,put,56.82,0.598926,0.586,0.612,1938.7,352.0
1785396343,eth,1813910400000,2900.0,call,57.4,0.089884,0.0885,0.0915,1958.35,0.0
1785396343,eth,1813910400000,1700.0,put,58.74,0.145876,0.144,0.1475,1958.35,2966.0
1785396343,eth,1785657600000,1760.0,put,54.59,0.001168,0.0011,0.0013,1903.43,0.0
1785396343,eth,1785484800000,2750.0,put,106.87,0.444229,0.389,0.5035,1903.88,2.0
1785396343,eth,1798185600000,5200.0,put,65.89,1.710565,1.605,1.8305,1919.84,0.0
1785396343,eth,1798185600000,4800.0,call,64.0,0.002697,0.0025,0.0029,1919.93,2511.0
1785396343,eth,1785484800000,2750.0,call,106.87,0.0,,0.0001,1903.96,657.0
1785396343,eth,1786694400000,1600.0,put,59.92,0.003806,0.0036,0.0039,1904.2,1377.0
1785396343,eth,1785571200000,1880.0,put,49.65,0.009248,0.009,0.0095,1903.43,221.0
1785396343,eth,1785484800000,3200.0,put,108.18,0.680558,0.616,0.7505,1903.88,3.0
1785396343,eth,1813910400000,2000.0,put,57.57,0.228797,0.2275,0.2315,1958.35,52.0
1785396343,eth,1786089600000,1850.0,put,50.12,0.017202,0.017,0.0175,1903.81,1538.0
1785396343,eth,1806048000000,1500.0,call,58.9,0.303256,0.299,0.306,1938.7,244.0
1785396343,eth,1786694400000,1750.0,put,52.92,0.01267,0.0125,0.013,1904.2,1111.0
1785396343,eth,1785657600000,1740.0,put,56.39,0.000792,0.0007,0.0009,1903.43,2.0
1785396343,eth,1798185600000,2700.0,put,55.08,0.442562,0.43,0.4545,1919.93,441.0
1785396343,eth,1790323200000,3800.0,call,68.73,0.000679,0.0005,0.0007,1907.4,2012.0
1785396343,eth,1785657600000,1880.0,call,44.6,0.023042,0.021,0.025,1903.43,50.0
1785396343,eth,1785484800000,2800.0,put,106.89,0.470488,0.414,0.5305,1903.88,2.0
1785396343,eth,1790323200000,7500.0,call,90.96,1.2e-05,,0.0002,1907.31,1322.0
1785396343,eth,1790323200000,6800.0,put,90.7,2.565263,2.4285,2.7145,1907.4,0.0
1785396343,eth,1785484800000,2200.0,call,88.06,1.4e-05,,0.0001,1903.88,9168.0
1785396343,eth,1785484800000,2450.0,put,106.82,0.286677,0.2375,0.34,1903.96,211.0
1785396343,eth,1785657600000,2100.0,put,53.12,0.103578,0.0605,0.1505,1903.43,0.0
1785396343,eth,1786694400000,2000.0,put,48.86,0.070577,0.066,0.077,1904.2,43.0
1785396343,eth,1790323200000,3300.0,call,62.78,0.001543,0.0014,0.0017,1907.4,17691.0
1785396343,eth,1786089600000,2200.0,put,55.18,0.156828,0.1105,0.2075,1903.81,11.0
1785396343,eth,1785484800000,2150.0,put,78.03,0.129145,0.123,0.134,1903.88,1107.0
1785396343,eth,1806048000000,3300.0,call,57.31,0.037142,0.036,0.038,1938.7,1921.0
1785396343,eth,1790323200000,2200.0,put,51.59,0.184647,0.1795,0.189,1907.31,5506.0
1785396343,eth,1798185600000,1300.0,call,61.13,0.349152,0.344,0.3535,1919.93,50.0
1785396343,eth,1790323200000,3200.0,put,61.4,0.679604,0.668,0.6905,1907.31,1334.0
1785396343,eth,1787904000000,2600.0,call,57.37,0.00195,0.0018,0.0021,1903.93,7982.0
1785396343,eth,1806048000000,3000.0,call,56.82,0.051562,0.0505,0.0525,1938.7,4695.0
1785396343,eth,1786089600000,2100.0,put,51.07,0.106607,0.0815,0.118,1903.81,0.0
1785396343,eth,1790323200000,1200.0,put,68.35,0.003751,0.0035,0.0041,1907.31,12979.0
1785396343,eth,1798185600000,1900.0,put,54.69,0.132426,0.131,0.1335,1919.93,3611.0
1785396343,eth,1785571200000,1740.0,put,65.12,0.000575,0.0005,0.0007,1903.43,5.0
1785396343,eth,1790323200000,7200.0,call,90.96,1.8e-05,,0.0002,1907.4,1160.0
1785396343,eth,1787904000000,1550.0,call,58.06,0.193279,0.187,0.1985,1903.93,167.0
1785396343,eth,1813910400000,3200.0,call,57.64,0.069278,0.068,0.0705,1958.35,223.0
1785396343,eth,1787904000000,3200.0,call,70.93,0.000383,0.0003,0.0005,1903.93,1022.0
1785396343,eth,1785398400000,1980.0,put,58.69,0.040226,0.0038,0.083,1903.34,80.0
1785396343,eth,1785571200000,1960.0,put,47.7,0.033713,0.0295,0.04,1903.43,0.0
1785396343,eth,1790323200000,6600.0,call,90.7,4.5e-05,,0.0002,1907.31,1414.0
1785396343,eth,1787904000000,1000.0,call,85.4,0.47499,0.4705,0.4785,1904.02,50.0
1785396343,eth,1786089600000,2100.0,call,51.07,0.003665,0.0034,0.0039,1903.81,28560.0
1785396343,eth,1785657600000,1600.0,call,74.85,0.159588,0.1525,0.1655,1903.43,0.0
1785396343,eth,1785571200000,2040.0,put,53.49,0.072242,0.03,0.118,1903.43,0.0
1785396343,eth,1806048000000,3100.0,call,56.96,0.046108,0.045,0.047,1938.7,1667.0
1785396343,eth,1785571200000,1900.0,put,48.71,0.013483,0.013,0.014,1903.43,271.0
1785396343,eth,1785484800000,2250.0,call,93.17,5e-06,,0.0001,1903.96,4334.0
1785396343,eth,1785484800000,1000.0,put,137.19,0.0,,0.0001,1903.88,9466.0
1785396343,eth,1790323200000,2400.0,put,52.45,0.273957,0.266,0.281,1907.4,2064.0
1785396343,eth,1790323200000,2900.0,put,57.66,0.524086,0.463,0.5945,1907.31,49.0
1785396343,eth,1790323200000,15000.0,call,127.3,6e-06,,0.0002,1907.31,878.0
1785396343,eth,1787904000000,2150.0,put,49.97,0.14528,0.135,0.177,1903.93,65.0
1785396343,eth,1790323200000,5600.0,call,87.32,0.000145,0.0001,0.0002,1907.31,6164.0
1785396343,eth,1786089600000,2050.0,put,49.43,0.082915,0.0515,0.106,1903.81,10.0
1785396343,eth,1785657600000,1700.0,call,60.37,0.107324,0.0995,0.114,1903.43,0.0
1785396343,eth,1806048000000,2700.0,call,56.47,0.072781,0.072,0.074,1938.7,2840.0
1785396343,eth,1786089600000,2000.0,put,48.62,0.06129,0.0585,0.065,1903.81,265.0
1785396343,eth,1790323200000,3000.0,put,58.9,0.575747,0.5645,0.586,1907.31,7566.0
1785396343,eth,1798185600000,3600.0,put,58.53,0.884686,0.8215,0.9185,1919.84,93.0
1785396343,eth,1790323200000,5000.0,call,81.81,0.000212,0.0001,0.0004,1907.4,4100.0
1785396343,eth,1785484800000,1800.0,put,60.26,0.000487,0.0004,0.0005,1903.88,12330.0
1785396343,eth,1787904000000,2250.0,put,51.12,0.191275,0.179,0.2315,1903.93,14.0
1785396343,eth,1813910400000,2200.0,call,57.33,0.171383,0.1695,0.173,1958.27,1060.0
1785396343,eth,1798185600000,3600.0,call,58.53,0.00952,0.009,0.01,1919.93,2229.0
1785396343,eth,1798185600000,9000.0,call,78.51,0.000292,0.0002,0.0004,1919.93,1908.0
1785396343,eth,1813910400000,900.0,call,68.38,0.564497,0.5605,0.567,1958.35,2.0
1785396343,eth,1790323200000,2700.0,call,55.08,0.006046,0.0055,0.0065,1907.31,4384.0
1785396343,eth,1790323200000,11000.0,call,110.93,7e-06,,0.0002,1907.4,2766.0
1785396343,eth,1787904000000,2100.0,put,49.7,0.123971,0.121,0.128,1904.02,467.0
1785396343,eth,1790323200000,10000.0,put,105.8,4.242994,4.0415,4.4615,1907.31,0.0
1785396343,eth,1798185600000,2200.0,call,54.38,0.085656,0.085,0.0865,1919.93,52950.0
1785396343,eth,1785398400000,1875.0,call,48.84,0.014938,0.0004,0.0525,1903.34,246.0
1785396343,eth,1806048000000,2100.0,put,56.39,0.232388,0.2265,0.235,1938.7,486.0
1785396343,eth,1785398400000,1800.0,put,81.86,0.0,,0.0002,1903.34,1720.0
1785396343,eth,1785571200000,1800.0,put,57.15,0.001815,0.0016,0.0019,1903.43,15.0
1785396343,eth,1785484800000,1200.0,put,137.19,0.0,,0.0001,1903.88,12695.0
1785396343,eth,1785484800000,3400.0,call,116.34,0.0,,0.0001,1903.96,2503.0
1785396343,eth,1785484800000,1880.0,call,50.02,0.01801,0.017,0.019,1903.88,192.0
1785396343,eth,1813910400000,2500.0,call,57.25,0.129311,0.128,0.131,1958.27,2980.0
1785396343,eth,1798185600000,4000.0,put,60.55,1.089522,1.005,1.1905,1919.93,223.0
1785396343,eth,1813910400000,800.0,put,70.97,0.017832,0.017,0.0185,1958.35,664.0
1785396343,eth,1806048000000,6000.0,put,64.33,2.099469,1.9765,2.2425,1938.7,1.0
1785396343,eth,1790323200000,3100.0,put,60.22,0.627623,0.5635,0.7015,1907.31,0.0
1785396343,eth,1798185600000,1600.0,call,56.6,0.230574,0.226,0.2335,1919.93,621.0
1785396343,eth,1806048000000,3100.0,put,56.96,0.645051,0.597,0.683,1938.7,99.0
1785396343,eth,1785484800000,3100.0,put,107.26,0.62804,0.5655,0.6955,1903.88,0.0
1785396343,eth,1813910400000,3400.0,put,57.89,0.794961,0.781,0.81,1958.27,2.0
1785396343,eth,1786089600000,1900.0,put,49.09,0.027991,0.0275,0.0285,1903.8,1691.0
1785396343,eth,1785484800000,4200.0,call,118.7,0.0,,0.0001,1903.96,1180.0
1785396343,eth,1790323200000,13000.0,put,119.8,5.815889,5.5535,6.1,1907.31,0.0
1785396343,eth,1798185600000,3800.0,put,59.56,0.986854,0.9055,1.085,1919.93,26.0
1785396343,eth,1813910400000,1200.0,put,62.73,0.052662,0.0515,0.054,1958.27,360.0
1785396343,eth,1785484800000,1700.0,call,84.86,0.107283,0.1045,0.1095,1903.88,2781.0
1785396343,eth,1790323200000,1300.0,put,64.31,0.006004,0.0055,0.0065,1907.4,1629.0
1785396343,eth,1790323200000,1400.0,call,61.4,0.275931,0.272,0.278,1907.31,585.0
1785396343,eth,1787904000000,1450.0,put,61.98,0.003898,0.0037,0.0041,1904.02,7710.0
1785396343,eth,1787904000000,3200.0,put,70.93,0.681055,0.616,0.753,1903.93,3.0
1785396343,eth,1785571200000,1760.0,put,62.06,0.000814,0.0007,0.0009,1903.43,50.0
1785396343,eth,1785484800000,2650.0,put,106.85,0.391712,0.3385,0.449,1903.88,52.0
1785396343,eth,1806048000000,5500.0,call,63.0,0.006291,0.006,0.0065,1938.61,1963.0
1785396343,eth,1790323200000,3600.0,put,66.52,0.888405,0.8745,0.902,1907.31,692.0
1785396343,eth,1790323200000,1300.0,call,64.31,0.324416,0.293,0.329,1907.4,69.0
1785396343,eth,1785571200000,1820.0,put,54.88,0.002734,0.0025,0.0029,1903.43,31.0
1785396343,eth,1798185600000,1600.0,put,56.6,0.063981,0.063,0.065,1919.84,7409.0
1785396343,eth,1798185600000,11000.0,call,83.92,0.000179,0.0001,0.0003,1919.93,2143.0
1785396343,eth,1785657600000,1960.0,call,43.58,0.005404,0.005,0.0055,1903.43,47.0
1785396343,eth,1813910400000,1000.0,call,66.09,0.521048,0.517,0.5235,1958.35,57.0
1785396343,eth,1813910400000,2300.0,put,57.35,0.330717,0.324,0.337,1958.35,85.0
1785396343,eth,1785398400000,1950.0,put,49.15,0.024465,0.0125,0.0665,1903.34,34.0
1785396343,eth,1785484800000,3100.0,call,107.26,0.0,,0.0001,1903.96,2638.0
1785396343,eth,1785484800000,1875.0,put,50.25,0.004615,0.0043,0.0048,1903.88,724.0
1785396343,eth,1785657600000,1920.0,call,43.19,0.01181,0.0115,0.012,1903.43,51.0
1785396343,eth,1785398400000,1975.0,call,55.0,0.0,,0.0001,1903.34,1006.0
1785396343,eth,1785398400000,1880.0,put,48.2,1e-06,,0.0001,1903.34,760.0
1785396343,eth,1785571200000,2050.0,call,54.66,0.000576,0.0005,0.0007,1903.43,644.0
1785396343,eth,1785484800000,2550.0,put,106.83,0.339194,0.288,0.3945,1903.96,108.0
1785396343,eth,1787904000000,1500.0,put,59.83,0.005313,0.005,0.0055,1903.93,4726.0
1785396343,eth,1786089600000,1900.0,call,49.09,0.030063,0.0295,0.0305,1903.81,940.0
1785396343,eth,1785398400000,2025.0,put,69.73,0.063867,0.029,0.1075,1903.34,2.0
1785396343,eth,1785657600000,1940.0,call,43.38,0.008134,0.0075,0.0085,1903.43,35.0
1785396343,eth,1787904000000,2100.0,call,49.7,0.02103,0.0205,0.0215,1904.02,8653.0
1785396343,eth,1813910400000,3200.0,put,57.64,0.703373,0.695,0.716,1958.35,0.0
1785396343,eth,1790323200000,9000.0,call,100.09,9e-06,,0.0004,1907.31,1519.0
1785396343,eth,1813910400000,2100.0,call,57.43,0.188571,0.187,0.1905,1958.35,8.0
1785396343,eth,1806048000000,3200.0,call,57.13,0.041339,0.0405,0.0425,1938.7,1242.0
1785396343,eth,1785484800000,1800.0,call,60.26,0.055173,0.05,0.06,1903.88,13010.0
1785396343,eth,1798185600000,3800.0,call,59.56,0.007512,0.007,0.008,1919.93,2892.0
1785396343,eth,1790323200000,4800.0,call,80.37,0.000265,0.0002,0.0004,1907.4,1978.0
1785396343,eth,1806048000000,2400.0,call,56.3,0.103937,0.103,0.105,1938.7,1772.0
1785396343,eth,1806048000000,4000.0,put,58.9,1.081951,1.031,1.108,1938.7,0.0
1785396343,eth,1785484800000,1840.0,put,54.17,0.001601,0.0014,0.0017,1903.88,25.0
1785396343,eth,1787904000000,1200.0,put,74.01,0.000779,0.0007,0.0009,1904.02,7279.0
1785396343,eth,1785571200000,2020.0,put,51.48,0.062086,0.021,0.1075,1903.43,0.0
1785396343,eth,1790323200000,4000.0,call,69.62,0.000431,0.0004,0.0005,1907.31,12124.0
1785396343,eth,1790323200000,2100.0,call,51.45,0.043883,0.043,0.0445,1907.31,6002.0
1785396343,eth,1798185600000,2500.0,put,54.67,0.353098,0.346,0.362,1919.93,1075.0
1785396343,eth,1785484800000,2100.0,put,73.54,0.102944,0.097,0.108,1903.96,844.0
1785396343,eth,1806048000000,4600.0,put,60.53,1.384156,1.334,1.485,1938.7,0.0
1785396343,eth,1806048000000,3700.0,put,58.15,0.933202,0.8845,0.965,1938.7,0.0
1785396343,eth,1798185600000,1700.0,call,55.73,0.197662,0.194,0.1995,1919.93,368.0
1785396343,eth,1806048000000,2200.0,put,56.34,0.267038,0.2605,0.2695,1938.7,1707.0
1785396343,eth,1790323200000,6000.0,call,90.7,0.000117,,0.0002,1907.4,3184.0
1785396343,eth,1787904000000,1650.0,put,54.58,0.013585,0.013,0.014,1904.02,7060.0
1785396343,eth,1785398400000,2060.0,call,82.41,0.0,,0.0001,1903.34,296.0
1785396343,eth,1785398400000,1925.0,call,48.97,2e-06,,0.0002,1903.34,1143.0
1785396343,eth,1798185600000,3200.0,put,56.86,0.683354,0.668,0.6995,1919.84,251.0
1785396343,eth,1790323200000,5400.0,call,86.26,0.00018,0.0001,0.0003,1907.31,1177.0
1785396343,eth,1798185600000,10000.0,call,81.88,0.000243,0.0002,0.0003,1919.93,1675.0
1785396343,eth,1785571200000,1920.0,call,47.34,0.010271,0.01,0.0105,1903.43,110.0
1785396343,eth,1785484800000,1950.0,call,47.81,0.002384,0.0021,0.0025,1903.88,11058.0
1785396343,eth,1785484800000,1700.0,put,84.86,7.9e-05,,0.0001,1903.88,11010.0
1785396343,eth,1787904000000,3000.0,call,65.94,0.000551,0.0005,0.0006,1903.93,1502.0
1785396343,eth,1790323200000,4800.0,put,80.37,1.516898,1.42,1.624,1907.31,110.0
1785396343,eth,1813910400000,2800.0,call,57.35,0.09832,0.097,0.1,1958.35,1021.0
1785396343,eth,1787904000000,2150.0,call,49.97,0.016079,0.0155,0.0165,1904.02,5056.0
1785396343,eth,1798185600000,5500.0,put,67.13,1.866436,1.755,1.993,1919.93,0.0
1785396343,eth,1790323200000,4200.0,call,71.99,0.000347,0.0003,0.0006,1907.4,2479.0
1785396343,eth,1787904000000,2500.0,put,55.34,0.315945,0.263,0.375,1904.02,4.0
1785396343,eth,1785657600000,1800.0,put,50.6,0.002436,0.0023,0.0026,1903.43,7.0
1785396343,eth,1813910400000,2800.0,put,57.35,0.528153,0.522,0.538,1958.35,0.0
1785396343,eth,1787904000000,1850.0,put,50.32,0.042717,0.042,0.0435,1904.02,2436.0
1785396343,eth,1785571200000,1860.0,call,50.95,0.029187,0.0245,0.033,1903.43,173.0
1785396343,eth,1813910400000,2600.0,call,57.28,0.11796,0.1165,0.1195,1958.35,37.0
1785396343,eth,1813910400000,1300.0,put,61.49,0.06636,0.065,0.0675,1958.35,1321.0
1785396343,eth,1806048000000,5500.0,put,63.0,1.843126,1.729,1.978,1938.7,0.0
1785396343,eth,1806048000000,1400.0,call,59.99,0.338805,0.334,0.341,1938.7,56.0
1785396343,eth,1813910400000,2400.0,put,57.26,0.367559,0.3605,0.3745,1958.27,2.0
1785396343,eth,1785484800000,2300.0,put,104.55,0.207906,0.2025,0.2135,1903.96,2765.0
1785396343,eth,1806048000000,1600.0,put,58.17,0.096077,0.095,0.097,1938.7,1547.0
1785396343,eth,1813910400000,3800.0,call,58.39,0.042793,0.0415,0.044,1958.35,377.0
1785396343,eth,1786694400000,1600.0,call,59.92,0.163518,0.157,0.169,1904.2,0.0
1785396343,eth,1798185600000,2500.0,call,54.67,0.0509,0.0505,0.0515,1919.93,25794.0
1785396343,eth,1785484800000,2400.0,call,106.82,0.0,,0.0001,1903.88,9792.0
1785396343,eth,1806048000000,2400.0,put,56.3,0.341829,0.3355,0.349,1938.7,357.0
1785396343,eth,1787904000000,2350.0,call,52.59,0.005781,0.0055,0.006,1904.02,3290.0
1785396343,eth,1785571200000,1940.0,put,47.44,0.025714,0.0225,0.031,1903.43,1.0
1785396343,eth,1787904000000,1550.0,put,58.06,0.007355,0.007,0.0075,1903.93,4951.0
1785396343,eth,1785484800000,2350.0,put,106.82,0.234161,0.2285,0.24,1903.88,532.0
1785396343,eth,1785484800000,1900.0,put,48.5,0.009201,0.0085,0.0095,1903.88,5983.0
1785396343,eth,1798185600000,6000.0,put,68.97,2.12641,2.0055,2.2625,1919.93,0.0
1785396343,eth,1806048000000,1700.0,call,57.55,0.241074,0.239,0.2435,1938.7,1337.0
1785396343,eth,1785484800000,2700.0,call,106.86,0.0,,0.0001,1903.88,4865.0
1785396343,eth,1813910400000,1000.0,put,66.09,0.031702,0.031,0.0325,1958.35,4449.0
1785396343,eth,1785484800000,1825.0,call,56.2,0.042565,0.035,0.048,1903.88,61.0
1785396343,eth,1786089600000,1400.0,put,79.6,0.000145,0.0001,0.0002,1903.81,2637.0
1785396343,eth,1790323200000,2000.0,put,51.43,0.10946,0.108,0.11,1907.31,12955.0
1785396343,eth,1787904000000,3800.0,put,84.01,0.995968,0.919,1.08,1903.93,0.0
1785396343,eth,1786694400000,1800.0,put,51.24,0.018731,0.0185,0.019,1904.2,780.0
1785396343,eth,1785398400000,2020.0,call,68.44,0.0,,0.0001,1903.34,5.0
1785396343,eth,1798185600000,1400.0,put,59.24,0.035873,0.035,0.0365,1919.93,14007.0
1785396343,eth,1785484800000,1975.0,put,50.23,0.038271,0.029,0.071,1903.88,155.0
1785396343,eth,1787904000000,1900.0,call,49.78,0.05695,0.0565,0.058,1903.93,5255.0
1785396343,eth,1787904000000,2300.0,call,51.99,0.007498,0.007,0.008,1904.02,3863.0
1785396343,eth,1790323200000,1800.0,put,52.47,0.055237,0.0545,0.056,1907.31,4495.0
1785396343,eth,1798185600000,9000.0,put,78.51,3.688207,3.507,3.8855,1919.93,0.0
1785396343,eth,1813910400000,3600.0,call,58.13,0.050006,0.049,0.0515,1958.27,2.0
1785396343,eth,1813910400000,4000.0,put,58.65,1.079428,1.06,1.1185,1958.35,0.0
1785396343,eth,1785484800000,1825.0,put,56.2,0.001008,0.0009,0.0011,1903.88,662.0
1785396343,eth,1785398400000,1850.0,put,61.8,0.0,,0.0001,1903.34,1231.0
1785396343,eth,1798185600000,4600.0,call,63.21,0.003254,0.003,0.0035,1919.93,10279.0
1785396343,eth,1798185600000,10000.0,put,81.88,4.209038,4.008,4.4275,1919.93,0.0
1785396343,eth,1785571200000,2100.0,put,61.97,0.103358,0.061,0.1505,1903.43,0.0
1785396343,eth,1785571200000,1600.0,put,91.09,0.000102,,0.0002,1903.43,474.0
1785396343,eth,1806048000000,3200.0,put,57.13,0.691862,0.613,0.763,1938.7,20.0
1785396343,eth,1806048000000,2600.0,call,56.36,0.081794,0.081,0.083,1938.7,2589.0
1785396343,eth,1790323200000,2500.0,call,53.3,0.011307,0.0105,0.012,1907.4,24176.0
1785396343,eth,1785484800000,1920.0,call,46.5,0.006241,0.006,0.0065,1903.88,502.0
1785396343,eth,1813910400000,1700.0,call,58.74,0.277763,0.2735,0.2805,1958.27,654.0
1785396343,eth,1790323200000,2600.0,put,54.24,0.371444,0.363,0.379,1907.31,8390.0
1785396343,eth,1785484800000,2400.0,put,106.82,0.260418,0.211,0.3125,1903.96,93.0
1785396343,eth,1785484800000,1880.0,put,50.02,0.005369,0.005,0.0055,1903.88,255.0
1785396343,eth,1785484800000,1900.0,call,48.5,0.011355,0.0105,0.012,1903.88,13694.0
1785396343,eth,1787904000000,2300.0,put,51.99,0.215481,0.2025,0.264,1903.93,3.0
1785396343,eth,1785398400000,1840.0,put,63.88,0.0,,0.0002,1903.34,718.0
1785396343,eth,1785657600000,1840.0,call,47.38,0.038609,0.0335,0.043,1903.43,0.0
1785396343,eth,1798185600000,8000.0,call,74.75,0.000365,0.0003,0.0006,1919.84,2427.0
1785396343,eth,1785398400000,1600.0,put,130.05,0.0,,0.0002,1903.34,1280.0
1785396343,eth,1813910400000,1600.0,put,59.2,0.122331,0.1205,0.124,1958.35,1261.0
1785396343,eth,1785398400000,1900.0,put,38.4,0.000546,0.0004,0.0005,1903.34,956.0
1785396343,eth,1785484800000,2025.0,put,57.43,0.063728,0.0285,0.108,1903.96,0.0
1785396343,eth,1785571200000,1940.0,call,47.44,0.006692,0.006,0.007,1903.43,28.0
1785396343,eth,1785657600000,1780.0,put,52.48,0.001673,0.0015,0.0018,1903.43,0.0
1785396343,eth,1798185600000,3100.0,put,56.37,0.633784,0.572,0.7165,1919.84,0.0
1785396343,eth,1798185600000,6500.0,call,70.02,0.000759,0.0005,0.0011,1919.84,1765.0
1785396343,eth,1787904000000,1000.0,put,85.4,0.0002,0.0001,0.0003,1903.93,2979.0
1785396343,eth,1785484800000,1850.0,put,52.86,0.002174,0.002,0.0023,1903.88,7451.0
1785396343,eth,1806048000000,3800.0,call,58.38,0.022518,0.0215,0.0235,1938.7,1233.0
1785396343,eth,1785657600000,2040.0,call,47.43,0.001031,0.0009,0.0012,1903.43,0.0
1785396343,eth,1785484800000,4400.0,call,118.7,0.0,,0.0001,1903.96,988.0
1785396343,eth,1790323200000,1500.0,put,58.11,0.015472,0.015,0.016,1907.31,12330.0
1785396343,eth,1785484800000,2050.0,put,64.04,0.076791,0.071,0.0815,1903.88,688.0
1785396343,eth,1785657600000,1750.0,put,55.63,0.000974,0.0009,0.0011,1903.43,60.0
1785396343,eth,1785484800000,1450.0,call,134.07,0.238498,0.232,0.244,1903.88,1.0
1785396343,eth,1798185600000,2400.0,put,54.5,0.310586,0.3035,0.319,1919.84,1716.0
1785396343,eth,1786694400000,1900.0,call,49.34,0.040963,0.0405,0.0415,1904.2,205.0
1785396343,eth,1785484800000,3800.0,put,118.7,0.995662,0.919,1.0785,1903.88,0.0
1785396343,eth,1806048000000,2300.0,put,56.28,0.303503,0.298,0.3095,1938.7,1583.0
1785396343,eth,1806048000000,1700.0,put,57.55,0.117914,0.1165,0.119,1938.7,1509.0
1785396343,eth,1785484800000,1650.0,call,100.02,0.133514,0.131,0.1355,1903.96,5828.0
1785396343,eth,1790323200000,12000.0,call,115.57,7e-06,,0.0002,1907.31,1341.0
1785396343,eth,1813910400000,2900.0,put,57.4,0.570783,0.5635,0.5815,1958.27,3.0
1785396343,eth,1787904000000,1400.0,call,64.09,0.267523,0.2615,0.273,1904.02,100.0
1785396343,eth,1787904000000,2800.0,call,61.72,0.000982,0.0009,0.0011,1903.93,4753.0
1785396343,eth,1806048000000,4200.0,put,59.4,1.182099,1.1295,1.26,1938.7,5.0
1785396343,eth,1785657600000,1750.0,call,55.63,0.081656,0.074,0.0885,1903.43,0.0
1785396343,eth,1785571200000,1720.0,call,67.76,0.096931,0.089,0.104,1903.43,0.0
1785396343,eth,1785484800000,1600.0,put,106.28,1.4e-05,,0.0001,1903.96,14233.0
1785396343,eth,1790323200000,5800.0,call,89.76,0.000144,0.0001,0.0002,1907.31,4885.0
1785396343,eth,1785657600000,2200.0,put,61.1,0.155801,0.1115,0.205,1903.43,0.0
1785396343,eth,1798185600000,1900.0,call,54.69,0.142755,0.142,0.1445,1919.93,1696.0
1785396343,eth,1785571200000,2050.0,put,54.66,0.077378,0.036,0.124,1903.43,0.0
1785396343,eth,1785657600000,1760.0,call,54.59,0.076596,0.0685,0.083,1903.43,0.0
1785396343,eth,1806048000000,1000.0,put,67.26,0.02068,0.02,0.0215,1938.7,7532.0
1785396343,eth,1813910400000,3500.0,put,58.03,0.841513,0.8265,0.8575,1958.35,302.0
1785396343,eth,1785398400000,2050.0,call,78.01,0.0,,0.0001,1903.34,158.0
1785396343,eth,1785484800000,2250.0,put,93.17,0.181647,0.1755,0.188,1903.96,676.0
1785396343,eth,1786089600000,1750.0,call,54.38,0.086774,0.0805,0.0925,1903.81,105.0
1785396343,eth,1787904000000,1750.0,call,52.12,0.105643,0.1025,0.1085,1903.93,4254.0
1785396343,eth,1813910400000,3400.0,call,57.89,0.058735,0.0575,0.06,1958.35,144.0
1785396343,eth,1785571200000,2100.0,call,61.97,0.000292,0.0002,0.0004,1903.43,4.0
1785396343,eth,1806048000000,2800.0,put,56.55,0.508937,0.501,0.519,1938.61,12.0
1785396343,eth,1785398400000,2100.0,put,98.68,0.10327,0.061,0.1485,1903.34,0.0
1785396343,eth,1798185600000,2400.0,call,54.5,0.060475,0.06,0.061,1919.93,11836.0
1785396343,eth,1798185600000,1700.0,put,55.73,0.083157,0.082,0.084,1919.84,14162.0
1785396343,eth,1790323200000,8500.0,put,97.73,3.456548,3.285,3.6425,1907.31,0.0
1785396343,eth,1785571200000,1960.0,call,47.7,0.004185,0.0039,0.0044,1903.43,37.0
1785396343,eth,1785484800000,4400.0,put,118.7,1.310767,1.2225,1.407,1903.88,0.0
1785396343,eth,1785571200000,1780.0,call,59.57,0.066233,0.059,0.073,1903.43,0.0
1785396343,eth,1785398400000,1750.0,call,92.0,0.080608,0.0435,0.116,1903.34,0.0
1785396343,eth,1785571200000,1800.0,call,57.15,0.05633,0.0495,0.062,1903.43,0.0
1785396343,eth,1785484800000,1975.0,call,50.23,0.001052,0.0009,0.0012,1903.96,1647.0
1785396343,eth,1790323200000,2400.0,call,52.45,0.01564,0.015,0.016,1907.31,11966.0
1785396343,eth,1806048000000,2900.0,call,56.66,0.057678,0.057,0.0585,1938.61,1888.0
1785396343,eth,1798185600000,6000.0,call,68.97,0.001133,0.0009,0.0014,1919.84,10375.0
1785396343,eth,1785484800000,1000.0,call,137.19,0.474826,0.47,0.478,1903.96,86.0
1785396343,eth,1813910400000,2200.0,put,57.33,0.294823,0.289,0.301,1958.35,66.0
1785396343,eth,1787904000000,1650.0,call,54.58,0.146988,0.144,0.149,1903.93,1609.0
1785396343,eth,1785484800000,2600.0,call,106.85,0.0,,0.0001,1903.96,4307.0
1785396343,eth,1787904000000,1100.0,call,79.23,0.422657,0.4175,0.427,1904.02,50.0
1785396343,eth,1785571200000,1840.0,call,52.79,0.037625,0.032,0.042,1903.43,50.0
1785396343,eth,1813910400000,800.0,call,70.97,0.609308,0.606,0.6115,1958.35,114.0
1785396343,eth,1785484800000,1200.0,call,137.19,0.369791,0.368,0.3715,1903.96,302.0
1785396343,eth,1785484800000,2800.0,call,106.89,0.0,,0.0001,1903.88,6437.0
