snap_ts,asset,expiry_ms,strike,opt_type,mark_iv,mark_price,bid,ask,underlying_price,open_interest
1786387208,btc,1787904000000,110000.0,put,65.75,0.72152858,0.6795,0.774,63893.04,0.2
1786387208,btc,1798185600000,40000.0,call,56.51,0.39242605,0.39,0.394,64766.28,250.9
1786387208,btc,1786521600000,64500.0,put,26.87,0.0140892,0.0125,0.016,63779.33,50.2
1786387208,btc,1798185600000,135000.0,put,48.71,1.08519456,1.0145,1.1655,64766.28,0.6
1786387208,btc,1806048000000,105000.0,call,40.93,0.01293891,0.0125,0.0135,65450.2,184.4
1786387208,btc,1806048000000,100000.0,put,40.61,0.54482896,0.5395,0.5615,65451.93,12.1
1786387208,btc,1787904000000,58000.0,put,39.08,0.00527775,0.0049,0.0055,63893.04,1012.2
1786387208,btc,1787904000000,81000.0,put,42.38,0.26784655,0.24,0.3075,63893.04,0.1
1786387208,btc,1787299200000,63000.0,call,30.73,0.02794107,0.027,0.0285,63833.03,16.7
1786387208,btc,1813910400000,130000.0,put,42.65,0.97477285,0.9605,1.0575,66168.07,1.3
1786387208,btc,1798185600000,20000.0,put,86.52,0.00131741,0.0011,0.0016,64768.01,110.8
1786387208,btc,1787299200000,70000.0,put,30.7,0.09736213,0.071,0.133,63834.76,0.0
1786387208,btc,1793347200000,74000.0,call,36.19,0.02100954,0.0205,0.0215,64337.69,112.0
1786387208,btc,1787904000000,46000.0,put,61.83,0.00029092,0.0002,0.0003,63893.04,1738.6
1786387208,btc,1813910400000,80000.0,call,41.26,0.08405962,0.083,0.085,66166.34,68.4
1786387208,btc,1806048000000,140000.0,call,44.89,0.00292404,0.0027,0.0032,65450.2,761.5
1786387208,btc,1798185600000,62000.0,call,40.79,0.12003776,0.119,0.1215,64766.28,255.1
1786387208,btc,1793347200000,71000.0,put,36.37,0.13486975,0.133,0.136,64337.69,0.0
1786387208,btc,1813910400000,82000.0,call,41.2,0.07668451,0.0755,0.078,66166.34,62.0
1786387208,btc,1786608000000,66000.0,call,29.37,0.00093458,0.0008,0.0011,63779.89,54.1
1786387208,btc,1813910400000,110000.0,call,41.55,0.02205688,0.021,0.023,66168.07,227.7
1786387208,btc,1790323200000,30000.0,call,87.36,0.53247199,0.531,0.534,64096.79,134.0
1786387208,btc,1787299200000,53000.0,put,51.45,0.00047832,0.0004,0.0006,63833.03,69.4
1786387208,btc,1813910400000,85000.0,put,41.1,0.35123542,0.3475,0.354,66166.34,6.8
1786387208,btc,1806048000000,108000.0,call,41.23,0.01111742,0.0105,0.0115,65451.93,57.3
1786387208,btc,1786694400000,70000.0,call,40.15,0.00013331,0.0001,0.0002,63785.24,1666.5
1786387208,btc,1790323200000,170000.0,call,75.32,1.287e-05,,0.0002,64098.52,359.5
1786387208,btc,1798185600000,60000.0,call,41.45,0.138363,0.137,0.14,64766.28,787.0
1786387208,btc,1790323200000,190000.0,put,75.38,1.96401263,1.8645,2.072,64098.52,0.0
1786387208,btc,1787904000000,73000.0,call,32.78,0.00095904,0.0009,0.001,63893.04,1751.0
1786387208,btc,1806048000000,55000.0,put,44.16,0.06282232,0.062,0.0635,65450.2,1353.3
1786387208,btc,1813910400000,150000.0,call,44.23,0.00546978,0.005,0.006,66166.34,89.3
1786387208,btc,1790323200000,58000.0,call,39.19,0.11328029,0.111,0.115,64096.79,460.8
1786387208,btc,1786521600000,63500.0,put,28.43,0.00540626,0.005,0.0055,63775.39,120.6
1786387208,btc,1793347200000,54000.0,call,43.28,0.18073676,0.1785,0.183,64337.69,0.0
1786387208,btc,1787904000000,59000.0,put,37.05,0.00673805,0.0065,0.007,63893.04,827.5
1786387208,btc,1786694400000,64500.0,put,29.73,0.01821238,0.0175,0.019,63783.41,1.5
1786387208,btc,1793347200000,82000.0,put,36.75,0.28147899,0.278,0.2845,64337.69,0.0
1786387208,btc,1806048000000,106000.0,put,41.06,0.63175492,0.626,0.6535,65450.2,0.1
1786387208,btc,1786521600000,62000.0,put,34.59,0.00111946,0.0009,0.0013,63775.39,106.7
1786387208,btc,1787904000000,105000.0,call,63.37,7.72e-06,,0.0001,63893.04,169.2
1786387208,btc,1790323200000,300000.0,put,84.97,3.68001638,3.522,3.8495,64096.79,0.0
1786387208,btc,1787904000000,48000.0,call,58.57,0.24929215,0.2465,0.2525,63893.04,37.5
1786387208,btc,1793347200000,54000.0,put,43.28,0.01998837,0.0195,0.0205,64337.69,47.8
1786387208,btc,1798185600000,210000.0,put,59.6,2.24226527,2.1335,2.3615,64768.01,0.0
1786387208,btc,1790323200000,35000.0,put,76.52,0.00086775,0.0007,0.001,64096.79,896.4
1786387208,btc,1790323200000,64000.0,put,35.3,0.04888432,0.0485,0.0495,64096.79,634.4
1786387208,btc,1790323200000,135000.0,put,66.77,1.10608117,1.0355,1.184,64098.52,11.5
1786387208,btc,1787904000000,56000.0,put,42.41,0.00306233,0.0029,0.0031,63893.04,1149.6
1786387208,btc,1798185600000,80000.0,call,38.8,0.02686538,0.0265,0.027,64766.28,8274.4
1786387208,btc,1798185600000,105000.0,put,41.78,0.62474219,0.6185,0.6305,64766.28,109.4
1786387208,btc,1798185600000,200000.0,put,58.4,2.08790299,1.9835,2.2015,64768.01,0.0
1786387208,btc,1786608000000,62500.0,call,32.18,0.02356786,0.0035,0.0505,63779.89,0.0
1786387208,btc,1793347200000,64000.0,put,37.7,0.06775026,0.067,0.068,64337.69,289.0
1786387208,btc,1793347200000,75000.0,call,36.24,0.01840973,0.018,0.019,64337.69,103.1
1786387208,btc,1798185600000,170000.0,put,53.56,1.62484599,1.536,1.7225,64766.28,0.0
1786387208,btc,1806048000000,60000.0,call,42.59,0.17384808,0.172,0.176,65450.2,718.8
1786387208,btc,1787904000000,63000.0,call,32.43,0.03574106,0.035,0.0365,63893.04,981.9
1786387208,btc,1787299200000,68000.0,call,28.77,0.00234506,0.0022,0.0025,63833.03,1976.9
1786387208,btc,1793347200000,85000.0,call,37.69,0.00503093,0.0047,0.0055,64337.69,8.4
1786387208,btc,1793347200000,66000.0,put,37.3,0.08433116,0.0835,0.085,64337.69,50.6
1786387208,btc,1798185600000,72000.0,call,38.96,0.05398371,0.0535,0.0545,64766.28,1161.8
1786387208,btc,1790323200000,78000.0,call,35.4,0.0034435,0.0034,0.0037,64096.79,4756.1
1786387208,btc,1786435200000,58000.0,put,56.45,4e-08,,0.0001,63771.2,20.8
1786387208,btc,1798185600000,40000.0,put,56.51,0.00997971,0.01,0.0105,64766.28,4339.9
1786387208,btc,1798185600000,135000.0,call,48.71,0.00095098,0.0008,0.0011,64766.28,1109.8
1786387208,btc,1787904000000,66000.0,put,30.78,0.04691213,0.0455,0.048,63893.04,215.4
1786387208,btc,1793347200000,76000.0,call,36.26,0.01605672,0.0155,0.0165,64337.69,98.9
1786387208,btc,1798185600000,104000.0,put,41.59,0.60955327,0.559,0.674,64766.28,0.1
1786387208,btc,1786608000000,68000.0,call,34.17,0.00012881,0.0001,0.0002,63781.62,21.5
1786387208,btc,1786521600000,69000.0,call,39.46,8.44e-06,,0.0001,63779.33,10.3
1786387208,btc,1813910400000,68000.0,put,42.26,0.17284592,0.1715,0.1735,66166.34,9.5
1786387208,btc,1798185600000,85000.0,put,38.89,0.32940331,0.326,0.3325,64766.28,548.4
1786387208,btc,1798185600000,84000.0,put,38.87,0.31560074,0.312,0.3185,64766.28,47.1
1786387208,btc,1793347200000,70000.0,call,36.45,0.0357061,0.035,0.0365,64337.69,115.5
1786387208,btc,1793347200000,86000.0,call,37.71,0.0043395,0.0042,0.0046,64337.69,8.6
1786387208,btc,1790323200000,84000.0,put,38.53,0.31177479,0.306,0.3175,64096.79,34.7
1786387208,btc,1806048000000,180000.0,put,49.67,1.75095212,1.6575,1.856,65450.2,0.0
1786387208,btc,1786435200000,64000.0,call,27.79,0.00277391,0.0027,0.0031,63767.52,13.1
1786387208,btc,1813910400000,72000.0,call,41.89,0.12162266,0.1205,0.123,66168.07,24.8
1786387208,btc,1786694400000,68000.0,call,33.75,0.000362,0.0003,0.0005,63783.41,2635.0
1786387208,btc,1786694400000,59000.0,put,45.9,0.00075366,0.0006,0.0009,63783.41,308.6
1786387208,btc,1813910400000,110000.0,put,41.55,0.68439266,0.678,0.709,66166.34,0.3
1786387208,btc,1790323200000,150000.0,call,72.57,4.66e-05,,0.0002,64098.52,736.8
1786387208,btc,1790323200000,165000.0,put,75.32,1.57402903,1.4875,1.668,64096.79,0.0
1786387208,btc,1790323200000,60000.0,call,37.56,0.08942263,0.0875,0.091,64096.79,852.4
1786387208,btc,1790323200000,110000.0,put,54.12,0.71618105,0.708,0.724,64096.79,116.1
1786387208,btc,1787299200000,60000.0,call,34.83,0.06450526,0.0625,0.0665,63833.03,0.0
1786387208,btc,1787904000000,66000.0,call,30.78,0.0139972,0.0135,0.0145,63893.04,864.6
1786387208,btc,1798185600000,130000.0,call,47.05,0.00103284,0.0009,0.0012,64766.28,1576.4
1786387208,btc,1786521600000,68000.0,put,39.46,0.06623855,0.0305,0.1055,63779.33,0.0
1786387208,btc,1786694400000,64000.0,put,30.36,0.01369736,0.013,0.014,63785.24,559.6
1786387208,btc,1790323200000,240000.0,call,75.51,4e-08,,0.0001,64096.79,220.0
1786387208,btc,1806048000000,92000.0,call,40.2,0.02703966,0.0265,0.028,65450.2,127.4
1786387208,btc,1786608000000,61000.0,call,38.13,0.04476383,0.024,0.0695,63779.89,0.0
1786387208,btc,1786435200000,58000.0,call,56.45,0.09050869,0.0575,0.121,63771.2,0.0
1786387208,btc,1813910400000,58000.0,put,44.11,0.0990632,0.098,0.1,66168.07,14.9
1786387208,btc,1786521600000,63000.0,call,29.75,0.01529772,0.0135,0.017,63779.33,10.0
1786387208,btc,1786435200000,65000.0,put,32.13,0.01961044,0.018,0.021,63767.52,33.2
1786387208,btc,1806048000000,96000.0,put,40.38,0.48806034,0.4825,0.506,65450.2,1.6
1786387208,btc,1793347200000,88000.0,call,38.24,0.00344898,0.0033,0.0037,64337.69,5.0
1786387208,btc,1787904000000,64000.0,put,31.68,0.02854573,0.028,0.029,63893.04,866.6
1786387208,btc,1793347200000,62000.0,call,38.49,0.09040974,0.0895,0.092,64337.69,13.5
1786387208,btc,1790323200000,115000.0,put,54.3,0.79408906,0.787,0.8025,64096.79,92.4
1786387208,btc,1813910400000,74000.0,call,41.69,0.11099336,0.11,0.112,66166.34,13.3
1786387208,btc,1813910400000,68000.0,call,42.26,0.14522016,0.144,0.1465,66166.34,9.9
1786387208,btc,1790323200000,75000.0,call,34.51,0.00615393,0.006,0.0065,64096.79,3664.9
1786387208,btc,1787904000000,83000.0,put,45.02,0.29910941,0.2685,0.34,63893.04,0.1
1786387208,btc,1806048000000,65000.0,put,41.52,0.12629238,0.125,0.127,65450.2,650.6
1786387208,btc,1793347200000,57000.0,call,41.16,0.14344257,0.142,0.1455,64337.69,0.0
1786387208,btc,1786694400000,58000.0,call,50.73,0.09128502,0.0675,0.113,63783.41,0.0
1786387208,btc,1798185600000,210000.0,call,59.6,0.00010858,,0.0002,64766.28,151.7
1786387208,btc,1798185600000,92000.0,call,39.57,0.0094169,0.009,0.0095,64766.28,253.8
1786387208,btc,1786521600000,61000.0,put,41.0,0.00052157,0.0004,0.0006,63779.33,40.4
1786387208,btc,1790323200000,240000.0,put,75.51,2.74401312,2.618,2.8795,64096.79,0.0
1786387208,btc,1806048000000,90000.0,call,40.15,0.03045444,0.03,0.031,65450.2,507.9
1786387208,btc,1786694400000,67000.0,put,31.46,0.05110471,0.0265,0.0855,63783.41,5.9
1786387208,btc,1798185600000,86000.0,call,38.95,0.01564885,0.015,0.016,64766.28,325.4
1786387208,btc,1790323200000,95000.0,put,44.73,0.48240209,0.476,0.489,64096.79,147.6
1786387208,btc,1813910400000,90000.0,put,41.06,0.4131334,0.409,0.4165,66166.34,0.5
1786387208,btc,1793347200000,68000.0,put,36.81,0.10285319,0.1015,0.1035,64337.69,3.1
1786387208,btc,1787299200000,72000.0,call,33.43,0.00037303,0.0003,0.0005,63833.03,346.8
1786387208,btc,1806048000000,160000.0,put,47.38,1.4460226,1.3625,1.5415,65451.93,0.0
1786387208,btc,1798185600000,74000.0,call,38.83,0.04543853,0.045,0.046,64768.01,146.9
1786387208,btc,1786435200000,59000.0,call,56.45,0.07482886,0.0415,0.1065,63767.52,0.0
1786387208,btc,1786608000000,67000.0,put,31.28,0.05076852,0.016,0.089,63781.62,0.0
1786387208,btc,1790323200000,58000.0,put,39.19,0.01808345,0.0175,0.0185,64096.79,1331.7
1786387208,btc,1798185600000,54000.0,call,44.11,0.20288699,0.201,0.205,64768.01,33.1
1786387208,btc,1798185600000,200000.0,call,58.4,0.00013472,,0.0002,64768.01,951.5
1786387208,btc,1786435200000,66000.0,call,38.23,5.519e-05,,0.0002,63767.52,125.0
1786387208,btc,1786608000000,69000.0,put,34.95,0.08184738,0.045,0.121,63779.89,0.0
1786387208,btc,1786608000000,63000.0,call,30.88,0.01751962,0.0165,0.0185,63779.89,0.0
1786387208,btc,1790323200000,320000.0,call,85.42,1e-08,,0.0001,64096.79,276.6
1786387208,btc,1813910400000,72000.0,put,41.89,0.20969698,0.207,0.211,66166.34,1.3
1786387208,btc,1787299200000,64000.0,put,29.77,0.02150398,0.021,0.022,63833.03,127.6
1786387208,btc,1798185600000,45000.0,call,51.07,0.3207842,0.319,0.3225,64766.28,54.3
1786387208,btc,1786435200000,69000.0,put,38.55,0.08198108,0.0455,0.121,63767.52,0.0
1786387208,btc,1787299200000,58000.0,call,38.92,0.09353745,0.0915,0.0955,63833.03,0.0
1786387208,btc,1813910400000,70000.0,call,42.09,0.13307988,0.132,0.134,66168.07,192.2
1786387208,btc,1787299200000,61000.0,call,33.17,0.05102231,0.049,0.053,63834.76,3.0
1786387208,btc,1786435200000,60000.0,call,56.45,0.05916496,0.0255,0.0915,63771.2,0.0
1786387208,btc,1798185600000,68000.0,put,39.58,0.12563221,0.124,0.126,64766.28,455.9
1786387208,btc,1798185600000,115000.0,put,43.61,0.77744229,0.7255,0.8435,64766.28,0.7
1786387208,btc,1806048000000,98000.0,put,40.49,0.51631471,0.507,0.5325,65450.2,0.2
1786387208,btc,1787904000000,100000.0,put,59.75,0.56503582,0.5285,0.613,63893.04,0.5
1786387208,btc,1813910400000,78000.0,put,41.35,0.2708977,0.268,0.273,66168.07,0.4
1786387208,btc,1793347200000,48000.0,put,49.05,0.00957972,0.009,0.01,64337.69,158.2
1786387208,btc,1790323200000,84000.0,call,38.53,0.00137021,0.0013,0.0014,64098.52,1670.0
1786387208,btc,1786521600000,65000.0,put,27.14,0.02044683,0.017,0.0235,63779.33,2.6
1786387208,btc,1798185600000,102000.0,put,41.23,0.57924632,0.5325,0.641,64766.28,7.8
1786387208,btc,1813910400000,120000.0,call,42.04,0.01475139,0.014,0.016,66168.07,102.7
1786387208,btc,1790323200000,165000.0,call,75.32,2.003e-05,,0.0002,64096.79,184.2
1786387208,btc,1786608000000,62000.0,put,33.8,0.00231557,0.0021,0.0025,63779.89,53.1
1786387208,btc,1786435200000,72000.0,call,38.55,0.0,,0.0001,63767.52,0.0
1786387208,btc,1787904000000,98000.0,put,59.46,0.53374432,0.498,0.5805,63893.04,0.0
1786387208,btc,1790323200000,65000.0,put,34.92,0.05684531,0.0565,0.0575,64096.79,674.0
1786387208,btc,1806048000000,170000.0,put,48.27,1.59837432,1.51,1.6985,65450.2,0.1
1786387208,btc,1786694400000,80000.0,call,51.26,4e-08,,0.0001,63785.24,905.1
1786387208,btc,1790323200000,160000.0,put,75.32,1.49603996,1.412,1.5875,64096.79,0.6
1786387208,btc,1790323200000,80000.0,put,36.25,0.25043337,0.2455,0.256,64096.79,612.6
1786387208,btc,1787299200000,56000.0,put,43.71,0.00109067,0.001,0.0012,63833.03,49.5
1786387208,btc,1790323200000,180000.0,call,75.32,5.34e-06,,0.0002,64096.79,748.1
1786387208,btc,1806048000000,90000.0,put,40.15,0.4054304,0.401,0.43,65451.93,14.1
1786387208,btc,1793347200000,80000.0,put,36.65,0.25272303,0.249,0.2555,64337.69,0.5
1786387208,btc,1806048000000,54000.0,put,44.52,0.05814067,0.057,0.059,65450.2,58.7
1786387208,btc,1787904000000,90000.0,call,57.09,0.00013976,0.0001,0.0002,63893.04,329.8
1786387208,btc,1806048000000,60000.0,put,42.59,0.09049872,0.0895,0.0915,65450.2,613.2
1786387208,btc,1786608000000,63500.0,put,30.18,0.0079965,0.0075,0.0085,63779.89,12.1
1786387208,btc,1798185600000,65000.0,call,40.13,0.0960904,0.0955,0.097,64766.28,846.6
1786387208,btc,1787904000000,53000.0,call,48.69,0.17210477,0.169,0.1755,63893.04,10.9
1786387208,btc,1798185600000,190000.0,call,55.92,0.00013071,,0.0002,64766.28,993.0
1786387208,btc,1790323200000,105000.0,put,50.83,0.638213,0.6305,0.646,64098.52,104.6
1786387208,btc,1786521600000,59000.0,call,55.13,0.07511651,0.0415,0.1075,63779.33,0.0
1786387208,btc,1798185600000,230000.0,put,63.15,2.55103147,2.4315,2.6815,64766.28,0.0
1786387208,btc,1790323200000,72000.0,call,34.06,0.01133062,0.011,0.012,64096.79,3034.1
1786387208,btc,1790323200000,130000.0,put,63.53,1.02807784,0.96,1.103,64096.79,21.4
1786387208,btc,1790323200000,70000.0,put,33.91,0.10884687,0.1065,0.111,64098.52,1530.0
1786387208,btc,1806048000000,150000.0,call,46.13,0.00213166,0.002,0.0024,65450.2,1907.9
1786387208,btc,1798185600000,45000.0,put,51.07,0.01553206,0.015,0.0155,64766.28,2906.9
1786387208,btc,1793347200000,67000.0,put,37.03,0.09329116,0.092,0.094,64337.69,13.1
1786387208,btc,1813910400000,60000.0,call,43.64,0.20497332,0.203,0.207,66168.07,943.4
1786387208,btc,1786435200000,67000.0,call,38.25,1.88e-06,,0.0001,63767.52,208.6
1786387208,btc,1786694400000,63500.0,put,30.91,0.01001098,0.0095,0.0105,63783.41,0.0
1786387208,btc,1786521600000,71000.0,call,39.8,1.1e-07,,0.0001,63775.39,0.0
1786387208,btc,1786435200000,64500.0,call,29.69,0.00100748,0.001,0.0011,63767.52,18.5
1786387208,btc,1786694400000,50000.0,put,67.24,1.72e-06,,0.0001,63785.24,156.5
1786387208,btc,1787299200000,67000.0,call,28.76,0.00426709,0.0041,0.0045,63834.76,1119.9
1786387208,btc,1793347200000,59000.0,call,39.96,0.12068024,0.119,0.1225,64337.69,1.0
1786387208,btc,1790323200000,220000.0,call,75.38,1.8e-07,,0.0001,64098.52,230.1
1786387208,btc,1806048000000,106000.0,call,41.06,0.0123388,0.0115,0.013,65450.2,43.6
1786387208,btc,1793347200000,48000.0,call,49.05,0.26357829,0.262,0.2655,64337.69,0.1
1786387208,btc,1787904000000,80000.0,call,41.8,0.0002383,0.0002,0.0003,63893.04,2144.6
1786387208,btc,1790323200000,100000.0,call,48.12,0.00029439,0.0002,0.0004,64096.79,3631.1
1786387208,btc,1806048000000,98000.0,call,40.49,0.01911867,0.0185,0.02,65450.2,102.6
1786387208,btc,1793347200000,88000.0,put,38.24,0.37111827,0.334,0.421,64337.69,0.0
1786387208,btc,1786694400000,65000.0,put,29.45,0.02356069,0.0215,0.0255,63783.41,108.2
1786387208,btc,1790323200000,60000.0,put,37.56,0.0254259,0.025,0.026,64098.52,4792.5
1786387208,btc,1798185600000,72000.0,put,38.96,0.16558029,0.164,0.167,64768.01,330.5
1786387208,btc,1806048000000,56000.0,call,43.81,0.21221965,0.21,0.214,65450.2,16.9
1786387208,btc,1787904000000,62000.0,put,33.28,0.01624488,0.0155,0.017,63893.04,1291.4
1786387208,btc,1813910400000,55000.0,call,44.9,0.25078314,0.2485,0.253,66168.07,2.7
1786387208,btc,1786521600000,62500.0,put,31.88,0.00180596,0.0015,0.002,63775.39,115.7
1786387208,btc,1798185600000,56000.0,call,43.07,0.17982489,0.178,0.1815,64766.28,41.4
1786387208,btc,1790323200000,52000.0,put,46.03,0.0068415,0.0065,0.007,64096.79,1312.5
1786387208,btc,1806048000000,86000.0,put,40.03,0.35245933,0.3485,0.356,65450.2,1.8
1786387208,btc,1806048000000,40000.0,put,52.79,0.01871268,0.0185,0.0195,65450.2,1134.3
1786387208,btc,1806048000000,120000.0,call,42.61,0.00641104,0.0055,0.0065,65450.2,328.6
1786387208,btc,1786608000000,59000.0,call,47.97,0.0753535,0.042,0.1075,63779.89,0.0
1786387208,btc,1793347200000,80000.0,call,36.65,0.00938731,0.009,0.01,64337.69,232.4
1786387208,btc,1813910400000,140000.0,call,43.54,0.0074633,0.007,0.008,66166.34,213.7
1786387208,btc,1786521600000,70000.0,put,39.47,0.0975425,0.061,0.1375,63775.39,0.0
1786387208,btc,1790323200000,190000.0,call,75.38,2.27e-06,,0.0001,64098.52,772.5
1786387208,btc,1806048000000,56000.0,put,43.81,0.06776025,0.067,0.0685,65450.2,83.2
1786387208,btc,1813910400000,56000.0,call,44.62,0.24111933,0.2395,0.243,66168.07,2.0
1786387208,btc,1790323200000,64000.0,call,35.3,0.05048083,0.05,0.051,64096.79,594.0
1786387208,btc,1787904000000,40000.0,put,69.36,3.458e-05,,0.0001,63893.04,752.0
1786387208,btc,1790323200000,220000.0,put,75.38,2.43201218,2.3165,2.5565,64098.52,1.8
1786387208,btc,1798185600000,50000.0,call,46.73,0.2528614,0.251,0.255,64766.28,260.8
1786387208,btc,1786694400000,52000.0,call,67.24,0.18483442,0.165,0.204,63783.41,0.0
1786387208,btc,1793347200000,45000.0,put,52.63,0.00680749,0.0065,0.007,64337.69,43.9
1786387208,btc,1793347200000,69000.0,call,36.61,0.04057899,0.04,0.041,64337.69,35.5
1786387208,btc,1813910400000,84000.0,call,41.11,0.06980505,0.069,0.071,66166.34,2.7
1786387208,btc,1786435200000,61000.0,call,55.62,0.0436244,0.013,0.077,63771.2,0.0
1786387208,btc,1790323200000,40000.0,put,65.96,0.00145852,0.0013,0.0015,64096.79,2309.6
1786387208,btc,1790323200000,280000.0,put,81.51,3.36801529,3.221,3.527,64096.79,0.0
1786387208,btc,1793347200000,69000.0,put,36.61,0.11295604,0.111,0.1145,64337.69,0.1
1786387208,btc,1786435200000,59000.0,put,56.45,1.09e-06,,0.0001,63767.52,6.9
1786387208,btc,1786521600000,62500.0,call,31.88,0.0218582,0.0095,0.048,63779.33,0.0
1786387208,btc,1793347200000,62000.0,put,38.49,0.05399492,0.0535,0.0545,64337.69,22.9
1786387208,btc,1813910400000,88000.0,put,41.09,0.38807005,0.384,0.391,66168.07,0.1
1786387208,btc,1793347200000,40000.0,call,59.4,0.38229418,0.364,0.4065,64337.69,0.0
1786387208,btc,1793347200000,86000.0,put,37.71,0.3409254,0.2985,0.393,64337.69,0.1
1786387208,btc,1806048000000,82000.0,put,40.02,0.30183525,0.2985,0.3045,65450.2,3.9
1786387208,btc,1786435200000,67500.0,put,38.26,0.05846001,0.023,0.097,63767.52,0.0
1786387208,btc,1798185600000,64000.0,call,40.32,0.10362258,0.1025,0.1045,64766.28,420.8
1786387208,btc,1806048000000,95000.0,put,40.31,0.47402859,0.469,0.4915,65451.93,0.6
1786387208,btc,1798185600000,95000.0,call,40.0,0.00742703,0.007,0.0075,64766.28,1305.0
1786387208,btc,1790323200000,95000.0,call,44.73,0.00039691,0.0003,0.0005,64096.79,1862.7
1786387208,btc,1790323200000,35000.0,call,76.52,0.45486584,0.453,0.4565,64096.79,29.3
1786387208,btc,1786694400000,65500.0,put,29.61,0.02976082,0.0275,0.032,63783.41,0.0
1786387208,btc,1798185600000,240000.0,put,64.69,2.70541356,2.581,2.8415,64766.28,0.0
1786387208,btc,1787904000000,86000.0,put,50.33,0.34605885,0.3135,0.388,63893.04,0.0
1786387208,btc,1813910400000,105000.0,call,41.37,0.02727453,0.0265,0.0285,66166.34,97.2
1786387208,btc,1798185600000,86000.0,put,38.95,0.34338921,0.34,0.3555,64766.28,23.4
1786387208,btc,1787904000000,79000.0,call,39.75,0.00023795,0.0002,0.0003,63893.04,663.4
1786387208,btc,1790323200000,200000.0,call,75.38,9.6e-07,,0.0001,64096.79,1009.2
1786387208,btc,1787904000000,78000.0,put,37.98,0.22097186,0.192,0.259,63893.04,4.1
1786387208,btc,1786521600000,66500.0,put,32.95,0.04288197,0.013,0.0805,63775.39,0.0
1786387208,btc,1806048000000,150000.0,put,46.13,1.29375825,1.215,1.3845,65451.93,0.5
1786387208,btc,1790323200000,45000.0,put,56.98,0.00266515,0.0025,0.0027,64096.79,2175.8
1786387208,btc,1798185600000,20000.0,call,86.52,0.69254059,0.6915,0.694,64766.28,2.7
1786387208,btc,1806048000000,110000.0,call,41.32,0.00993648,0.0095,0.0105,65450.2,531.9
1786387208,btc,1790323200000,145000.0,call,69.92,4.621e-05,,0.0002,64098.52,493.3
1786387208,btc,1806048000000,125000.0,call,43.07,0.00510911,0.0048,0.0055,65450.2,126.0
1786387208,btc,1798185600000,150000.0,put,51.7,1.31640922,1.238,1.404,64768.01,2.0
1786387208,btc,1813910400000,120000.0,put,42.04,0.8282086,0.8125,0.8565,66168.07,0.1
1786387208,btc,1793347200000,63000.0,put,38.11,0.06063218,0.06,0.0615,64337.69,310.2
1786387208,btc,1790323200000,160000.0,call,75.32,3.123e-05,,0.0002,64096.79,1444.3
1786387208,btc,1786521600000,66000.0,call,30.39,0.00034668,0.0003,0.0005,63779.33,171.5
1786387208,btc,1813910400000,64000.0,put,42.86,0.14021318,0.139,0.141,66166.34,13.4
1786387208,btc,1786521600000,72000.0,call,39.8,1e-08,,0.0001,63779.33,0.0
1786387208,btc,1786435200000,65500.0,call,38.09,0.0002153,0.0002,0.0003,63767.52,173.0
1786387208,btc,1813910400000,95000.0,call,41.1,0.04228351,0.041,0.0435,66168.07,27.1
1786387208,btc,1798185600000,98000.0,call,40.53,0.00595975,0.006,0.0065,64768.01,210.1
1786387208,btc,1786694400000,52000.0,put,67.24,1.726e-05,,0.0001,63783.41,239.4
1786387208,btc,1786521600000,67500.0,put,39.39,0.05847094,0.023,0.097,63779.33,0.0
1786387208,btc,1786435200000,65500.0,put,38.09,0.02731328,0.013,0.0645,63771.2,0.0
1786387208,btc,1798185600000,108000.0,put,42.33,0.67041187,0.6205,0.7345,64768.01,0.1
1786387208,btc,1787299200000,56000.0,call,43.71,0.12388312,0.1,0.1475,63833.03,0.0
1786387208,btc,1786694400000,64500.0,call,29.73,0.00702939,0.0065,0.0075,63783.41,0.0
1786387208,btc,1813910400000,74000.0,put,41.69,0.22929197,0.2265,0.23,66166.34,0.1
1786387208,btc,1787904000000,94000.0,put,59.46,0.47119065,0.4375,0.5165,63891.31,0.0
1786387208,btc,1790323200000,86000.0,call,39.48,0.00102323,0.0009,0.0012,64098.52,898.5
1786387208,btc,1786608000000,72000.0,put,43.17,0.12885333,0.091,0.17,63781.62,0.0
1786387208,btc,1798185600000,115000.0,call,43.61,0.00197554,0.0018,0.0022,64766.28,2339.9
1786387208,btc,1806048000000,140000.0,put,44.89,1.14177553,1.068,1.2285,65450.2,0.0
1786387208,btc,1786608000000,62500.0,put,32.18,0.00347184,0.0032,0.0037,63781.62,18.4
1786387208,btc,1798185600000,80000.0,put,38.8,0.26197269,0.259,0.2645,64766.28,951.8
1786387208,btc,1790323200000,56000.0,put,41.12,0.01287993,0.0125,0.013,64096.79,1307.5
1786387208,btc,1787904000000,50000.0,put,54.86,0.00081324,0.0007,0.0009,63893.04,2843.1
1786387208,btc,1806048000000,70000.0,put,40.84,0.1700741,0.1685,0.1705,65451.93,211.8
1786387208,btc,1813910400000,86000.0,call,41.09,0.0637012,0.0625,0.065,66168.07,2.9
1786387208,btc,1806048000000,64000.0,call,41.72,0.1407768,0.1395,0.142,65450.2,135.2
1786387208,btc,1798185600000,82000.0,put,38.8,0.28839232,0.285,0.291,64768.01,158.8
1786387208,btc,1787904000000,78000.0,call,37.98,0.00025421,0.0002,0.0004,63893.04,1332.6
1786387208,btc,1798185600000,90000.0,put,39.25,0.400514,0.397,0.404,64768.01,590.6
1786387208,btc,1787904000000,92000.0,call,59.45,0.0001205,,0.0002,63893.04,113.3
1786387208,btc,1806048000000,50000.0,call,46.33,0.27864697,0.2765,0.2805,65450.2,20.6
1786387208,btc,1786608000000,71000.0,put,40.66,0.11317887,0.076,0.1535,63781.62,0.0
1786387208,btc,1787904000000,79000.0,put,39.75,0.23660583,0.207,0.2765,63893.04,0.7
1786387208,btc,1793347200000,74000.0,put,36.19,0.17109508,0.1685,0.173,64337.69,0.0
1786387208,btc,1813910400000,140000.0,put,43.54,1.12316338,1.047,1.215,66166.34,0.0
1786387208,btc,1798185600000,180000.0,put,55.1,1.77918018,1.6855,1.882,64768.01,0.0
1786387208,btc,1787904000000,88000.0,put,53.76,0.37735942,0.347,0.4205,63893.04,0.0
1786387208,btc,1786521600000,64500.0,call,26.87,0.00278312,0.0026,0.003,63775.39,5.2
1786387208,btc,1787904000000,96000.0,put,59.46,0.50246113,0.464,0.5505,63893.04,0.2
1786387208,btc,1787904000000,86000.0,call,50.33,0.00013939,0.0001,0.0002,63893.04,190.4
1786387208,btc,1813910400000,76000.0,call,41.51,0.10117406,0.1,0.1025,66168.07,23.6
1786387208,btc,1798185600000,35000.0,put,62.64,0.00635807,0.006,0.0065,64766.28,2344.0
1786387208,btc,1790323200000,150000.0,put,72.57,1.34005478,1.2615,1.426,64096.79,0.7
1786387208,btc,1787904000000,57000.0,call,40.45,0.11185229,0.11,0.114,63893.04,28.5
1786387208,btc,1793347200000,61000.0,call,38.93,0.09993942,0.099,0.1015,64337.69,1.2
1786387208,btc,1786435200000,66500.0,call,38.24,1.13e-05,,0.0001,63767.52,186.0
1786387208,btc,1806048000000,50000.0,put,46.33,0.0425225,0.0415,0.0435,65450.2,2108.2
1786387208,btc,1806048000000,190000.0,call,51.12,0.00087084,0.0007,0.0009,65450.2,883.8
1786387208,btc,1798185600000,110000.0,call,42.61,0.00262603,0.0024,0.0029,64766.28,2639.6
1786387208,btc,1787904000000,48000.0,put,58.57,0.00050301,0.0004,0.0006,63893.04,1635.4
1786387208,btc,1790323200000,88000.0,put,40.36,0.37357013,0.342,0.4185,64098.52,5.7
1786387208,btc,1787299200000,59000.0,call,36.8,0.07878227,0.0765,0.0805,63833.03,0.0
1786387208,btc,1786694400000,63500.0,call,30.91,0.01454731,0.014,0.015,63783.41,0.0
1786387208,btc,1786521600000,69000.0,put,39.46,0.08187077,0.0455,0.121,63779.33,0.0
1786387208,btc,1786694400000,60000.0,call,41.3,0.06055627,0.0355,0.084,63783.41,1.0
1786387208,btc,1806048000000,76000.0,put,40.21,0.23148665,0.2295,0.2335,65450.2,19.2
1786387208,btc,1793347200000,64000.0,call,37.7,0.07308169,0.0725,0.074,64339.42,417.8
1786387208,btc,1790323200000,76000.0,call,34.8,0.00507018,0.0048,0.0055,64098.52,2733.6
1786387208,btc,1786521600000,63500.0,call,28.43,0.00977933,0.009,0.01,63775.39,0.0
1786387208,btc,1790323200000,110000.0,call,54.12,0.00017505,0.0001,0.0002,64096.79,1313.1
1786387208,btc,1798185600000,82000.0,call,38.8,0.02240733,0.022,0.0225,64768.01,538.7
1786387208,btc,1786521600000,64000.0,call,27.12,0.00547692,0.005,0.006,63775.39,0.0
1786387208,btc,1786521600000,60000.0,put,48.23,0.0003042,0.0002,0.0004,63775.39,16.4
1786387208,btc,1786608000000,69000.0,call,34.95,3.34e-05,,0.0001,63781.62,3.3
1786387208,btc,1790323200000,55000.0,put,42.29,0.01096747,0.0105,0.0115,64096.79,2557.0
1786387208,btc,1798185600000,130000.0,put,47.05,1.00808222,0.949,1.0855,64766.28,54.9
1786387208,btc,1798185600000,106000.0,call,41.94,0.00341939,0.0032,0.0037,64768.01,320.2
1786387208,btc,1798185600000,30000.0,call,69.47,0.54077919,0.539,0.5425,64766.28,291.0
1786387208,btc,1798185600000,180000.0,call,55.1,0.00018873,0.0001,0.0004,64766.28,923.8
1786387208,btc,1790323200000,74000.0,put,34.1,0.16178192,0.159,0.1645,64098.52,110.7
1786387208,btc,1798185600000,106000.0,put,41.94,0.63993658,0.5925,0.702,64766.28,0.2
1786387208,btc,1787904000000,84000.0,put,46.79,0.31475842,0.2835,0.3565,63893.04,0.8
1786387208,btc,1806048000000,88000.0,put,40.09,0.37870867,0.374,0.3825,65451.93,4.5
1786387208,btc,1793347200000,57000.0,put,41.16,0.02931927,0.029,0.03,64337.69,82.0
1786387208,btc,1786694400000,64000.0,call,30.36,0.0103954,0.01,0.011,63783.41,228.2
1786387208,btc,1798185600000,62000.0,put,40.79,0.07724592,0.0765,0.078,64766.28,956.8
1786387208,btc,1790323200000,45000.0,call,56.98,0.3006627,0.298,0.303,64096.79,224.8
1786387208,btc,1806048000000,200000.0,call,51.77,0.00066883,0.0005,0.0007,65450.2,503.8
1786387208,btc,1786694400000,50000.0,call,67.24,0.21612132,0.1995,0.231,63783.41,0.0
1786387208,btc,1793347200000,60000.0,put,39.4,0.0425018,0.042,0.043,64337.69,238.3
1786387208,btc,1793347200000,52000.0,put,45.02,0.0155714,0.015,0.016,64337.69,41.0
1786387208,btc,1798185600000,140000.0,put,49.5,1.16220401,1.089,1.2445,64766.28,0.2
1786387208,btc,1790323200000,125000.0,put,61.77,0.95010026,0.901,1.022,64096.79,21.8
1786387208,btc,1787904000000,92000.0,put,59.45,0.43994131,0.403,0.486,63893.04,1.2
1786387208,btc,1786521600000,65500.0,put,28.51,0.02763184,0.0085,0.0605,63775.39,0.1
1786387208,btc,1786435200000,64500.0,put,29.69,0.01242458,0.0105,0.014,63767.52,192.8
1786387208,btc,1813910400000,55000.0,put,44.9,0.08195103,0.081,0.083,66168.07,9.0
1786387208,btc,1806048000000,102000.0,put,40.7,0.57352749,0.5685,0.5995,65450.2,0.1
1786387208,btc,1787904000000,75000.0,put,34.73,0.17429554,0.1695,0.179,63893.04,44.2
1786387208,btc,1806048000000,96000.0,call,40.38,0.02141932,0.0205,0.022,65450.2,132.9
1786387208,btc,1793347200000,60000.0,call,39.4,0.11000001,0.109,0.1115,64337.69,11.4
1786387208,btc,1790323200000,98000.0,put,46.67,0.52912775,0.4935,0.5785,64096.79,0.1
1786387208,btc,1790323200000,40000.0,call,65.96,0.37745634,0.375,0.3795,64096.79,34.4
1786387208,btc,1787904000000,77000.0,call,37.12,0.0003351,0.0003,0.0004,63893.04,253.8
1786387208,btc,1793347200000,76000.0,put,36.26,0.19722565,0.1945,0.1995,64339.42,0.0
1786387208,btc,1790323200000,155000.0,call,75.11,4.694e-05,,0.0002,64098.52,363.1
1786387208,btc,1813910400000,100000.0,put,41.24,0.54517166,0.5355,0.571,66168.07,0.1
1786387208,btc,1793347200000,45000.0,call,52.63,0.30743115,0.2845,0.337,64337.69,0.0
1786387208,btc,1793347200000,66000.0,call,37.3,0.05857919,0.058,0.059,64337.69,148.8
1786387208,btc,1787904000000,82000.0,put,44.2,0.28349324,0.2515,0.3235,63893.04,1.5
1786387208,btc,1786521600000,63000.0,put,29.74,0.00308144,0.0028,0.0033,63775.39,80.7
1786387208,btc,1786435200000,62000.0,call,43.68,0.02812878,0.003,0.061,63767.52,0.0
1786387208,btc,1793347200000,58000.0,call,40.56,0.13186118,0.13,0.1335,64337.69,0.0
1786387208,btc,1798185600000,70000.0,put,39.23,0.14483017,0.143,0.146,64766.28,1004.7
1786387208,btc,1790323200000,68000.0,put,34.13,0.08574846,0.084,0.087,64096.79,636.3
1786387208,btc,1793347200000,90000.0,call,38.78,0.00275723,0.0026,0.003,64337.69,30.0
1786387208,btc,1798185600000,125000.0,call,45.8,0.00123185,0.0011,0.0014,64766.28,595.9
1786387208,btc,1806048000000,95000.0,call,40.31,0.02266508,0.022,0.0235,65451.93,344.4
1786387208,btc,1793347200000,56000.0,call,41.76,0.15540346,0.1535,0.1575,64337.69,0.0
1786387208,btc,1813910400000,40000.0,put,51.54,0.02805577,0.0275,0.0285,66168.07,506.3
1786387208,btc,1798185600000,70000.0,call,39.23,0.06411128,0.0635,0.0645,64766.28,1574.8
1786387208,btc,1798185600000,30000.0,put,69.47,0.00394443,0.0038,0.0039,64768.01,2136.6
1786387208,btc,1790323200000,140000.0,call,69.71,7.427e-05,,0.0002,64096.79,1184.4
1786387208,btc,1787299200000,65000.0,put,29.09,0.03031215,0.0295,0.0315,63833.03,103.7
1786387208,btc,1813910400000,95000.0,put,41.1,0.47793713,0.4705,0.4815,66168.07,20.1
1786387208,btc,1798185600000,100000.0,call,40.98,0.00523002,0.005,0.0055,64768.01,3655.0
1786387208,btc,1793347200000,70000.0,put,36.45,0.12362486,0.122,0.125,64339.42,11.3
1786387208,btc,1813910400000,82000.0,put,41.2,0.31588027,0.3125,0.3185,66168.07,0.2
1786387208,btc,1790323200000,180000.0,put,75.32,1.80801516,1.7135,1.9105,64096.79,7.3
1786387208,btc,1787299200000,66000.0,put,28.83,0.04122884,0.0395,0.0435,63834.76,11.7
1786387208,btc,1806048000000,62000.0,put,42.07,0.10372385,0.1025,0.105,65450.2,244.2
1786387208,btc,1790323200000,102000.0,put,49.76,0.59148809,0.55,0.644,64096.79,0.4
1786387208,btc,1793347200000,68000.0,call,36.81,0.04601783,0.0455,0.0465,64337.69,65.6
1786387208,btc,1787904000000,59000.0,call,37.05,0.0833747,0.0815,0.0855,63893.04,214.3
1786387208,btc,1786694400000,75000.0,put,47.28,0.17574782,0.151,0.2105,63783.41,0.4
1786387208,btc,1786694400000,67000.0,call,31.46,0.00076917,0.0007,0.0009,63783.41,768.3
1786387208,btc,1798185600000,105000.0,call,41.78,0.00366385,0.0034,0.004,64766.28,835.7
1786387208,btc,1786521600000,67000.0,put,36.11,0.05066449,0.0155,0.089,63779.33,0.0
1786387208,btc,1786694400000,58000.0,put,50.73,0.00052742,0.0004,0.0006,63783.41,1572.2
1786387208,btc,1798185600000,52000.0,call,45.32,0.22728125,0.2255,0.229,64766.28,0.1
1786387208,btc,1798185600000,58000.0,put,42.19,0.05373225,0.053,0.0545,64766.28,2135.9
1786387208,btc,1787299200000,63000.0,put,30.73,0.01479956,0.0145,0.015,63833.03,106.8
1786387208,btc,1786435200000,70000.0,put,38.55,0.09766196,0.061,0.1375,63767.52,0.0
1786387208,btc,1790323200000,145000.0,put,69.92,1.26205412,1.186,1.345,64098.52,0.2
1786387208,btc,1786608000000,58000.0,call,54.82,0.0909549,0.0575,0.123,63779.89,0.0
1786387208,btc,1787904000000,105000.0,put,63.37,0.64328148,0.604,0.695,63893.04,1.0
1786387208,btc,1793347200000,55000.0,call,42.48,0.1678606,0.166,0.17,64337.69,0.0
1786387208,btc,1798185600000,94000.0,put,39.76,0.45919627,0.4555,0.463,64766.28,5.3
1786387208,btc,1798185600000,220000.0,call,61.32,0.00010071,,0.0001,64768.01,252.8
1786387208,btc,1806048000000,80000.0,call,40.06,0.05538902,0.055,0.056,65450.2,923.4
1786387208,btc,1790323200000,175000.0,put,75.32,1.73001783,1.6385,1.8295,64096.79,0.2
1786387208,btc,1813910400000,66000.0,call,42.54,0.15860099,0.1575,0.16,66166.34,27.4
1786387208,btc,1798185600000,56000.0,put,43.07,0.0444,0.044,0.045,64766.28,462.5
1786387208,btc,1787904000000,75000.0,call,34.73,0.00052858,0.0005,0.0006,63893.04,2463.8
1786387208,btc,1790323200000,75000.0,put,34.51,0.17615802,0.1735,0.179,64096.79,2967.4
1786387208,btc,1813910400000,66000.0,put,42.54,0.15600245,0.155,0.157,66166.34,35.1
1786387208,btc,1786608000000,64500.0,call,28.83,0.00507171,0.0048,0.0055,63779.89,20.3
1786387208,btc,1798185600000,94000.0,call,39.76,0.00794518,0.008,0.0085,64766.28,117.5
1786387208,btc,1786694400000,62000.0,put,33.69,0.00358028,0.0033,0.0037,63783.41,1671.8
1786387208,btc,1798185600000,140000.0,call,49.5,0.00076623,0.0006,0.001,64768.01,1475.0
1786387208,btc,1793347200000,71000.0,call,36.37,0.0314093,0.031,0.032,64337.69,225.7
1786387208,btc,1790323200000,90000.0,call,41.64,0.00062413,0.0005,0.0007,64096.79,3018.7
1786387208,btc,1787904000000,72000.0,call,31.93,0.00134147,0.0013,0.0014,63893.04,2936.7
1786387208,btc,1790323200000,56000.0,call,41.12,0.13927688,0.137,0.141,64096.79,12.2
1786387208,btc,1798185600000,76000.0,put,38.73,0.21145705,0.209,0.2135,64766.28,142.1
1786387208,btc,1798185600000,250000.0,call,64.88,6.557e-05,,0.0005,64766.28,1120.9
1786387208,btc,1813910400000,85000.0,call,41.1,0.06670323,0.0655,0.068,66166.34,8.1
1786387208,btc,1813910400000,45000.0,put,48.74,0.04088192,0.04,0.0415,66168.07,249.1
1786387208,btc,1790323200000,62000.0,call,36.23,0.06828196,0.0675,0.0695,64098.52,680.5
1786387208,btc,1806048000000,70000.0,call,40.84,0.10064836,0.0995,0.1015,65450.2,774.9
1786387208,btc,1793347200000,55000.0,put,42.48,0.02265391,0.022,0.023,64337.69,62.8
1786387208,btc,1813910400000,160000.0,put,45.33,1.42230184,1.338,1.522,66166.34,0.0
1786387208,btc,1790323200000,70000.0,call,33.91,0.01684305,0.0165,0.0175,64096.79,8381.9
1786387208,btc,1786608000000,64000.0,call,29.26,0.00816676,0.0075,0.0085,63779.89,10.7
1786387208,btc,1793347200000,40000.0,put,59.4,0.00396204,0.0038,0.0041,64337.69,18.9
1786387208,btc,1786694400000,70000.0,put,40.15,0.09749483,0.073,0.129,63783.41,3.6
1786387208,btc,1786694400000,66000.0,call,29.99,0.00185878,0.0017,0.0021,63783.41,1058.1
1786387208,btc,1787904000000,88000.0,call,53.76,0.00013951,0.0001,0.0002,63893.04,184.8
1786387208,btc,1790323200000,260000.0,put,78.83,3.05601421,2.919,3.203,64096.79,0.0
1786387208,btc,1787904000000,55000.0,put,44.41,0.0024159,0.0022,0.0026,63893.04,1160.6
1786387208,btc,1786608000000,66500.0,call,30.31,0.0005401,0.0005,0.0007,63781.62,10.4
1786387208,btc,1787904000000,77000.0,put,37.12,0.20540252,0.177,0.2425,63893.04,3.4
1786387208,btc,1806048000000,85000.0,call,40.03,0.04099874,0.0405,0.042,65450.2,94.1
1786387208,btc,1793347200000,95000.0,put,40.15,0.47808536,0.4395,0.531,64337.69,0.1
1786387208,btc,1806048000000,45000.0,put,49.2,0.02835655,0.0275,0.029,65450.2,226.9
1786387208,btc,1798185600000,110000.0,put,42.61,0.70089858,0.694,0.707,64768.01,54.2
1786387208,btc,1786694400000,80000.0,put,51.26,0.2541275,0.227,0.2895,63783.41,0.1
1786387208,btc,1787299200000,64000.0,call,29.77,0.01898107,0.0185,0.0195,63834.76,44.8
1786387208,btc,1787904000000,67000.0,put,30.43,0.05814879,0.056,0.06,63893.04,60.8
1786387208,btc,1806048000000,52000.0,put,45.35,0.04975047,0.049,0.0505,65450.2,117.8
1786387208,btc,1786608000000,67500.0,call,32.12,0.00017493,0.0001,0.0003,63781.62,10.2
1786387208,btc,1798185600000,65000.0,put,40.13,0.09961508,0.0985,0.1005,64768.01,745.2
1786387208,btc,1786435200000,65000.0,call,32.13,0.0003529,0.0003,0.0005,63767.52,159.6
1786387208,btc,1793347200000,61000.0,put,38.93,0.04798291,0.0475,0.0485,64337.69,145.2
1786387208,btc,1787904000000,63000.0,put,32.43,0.02170531,0.021,0.0225,63893.04,672.7
1786387208,btc,1813910400000,130000.0,call,42.65,0.0101942,0.0095,0.011,66168.07,82.2
1786387208,btc,1813910400000,60000.0,put,43.64,0.11170193,0.1105,0.1125,66166.34,75.7
1786387208,btc,1798185600000,125000.0,put,45.8,0.93108702,0.874,1.006,64766.28,9.1
1786387208,btc,1786608000000,67500.0,put,32.12,0.05847122,0.023,0.097,63779.89,0.0
1786387208,btc,1786521600000,61000.0,call,41.0,0.04409255,0.013,0.077,63779.33,0.0
1786387208,btc,1806048000000,110000.0,put,41.32,0.69046265,0.684,0.719,65450.2,4.0
1786387208,btc,1806048000000,52000.0,call,45.35,0.25531992,0.253,0.257,65450.2,5.2
1786387208,btc,1790323200000,90000.0,put,41.64,0.40462904,0.3985,0.411,64096.79,586.2
1786387208,btc,1786694400000,65500.0,call,29.61,0.00293215,0.0028,0.0032,63783.41,14.7
1786387208,btc,1813910400000,50000.0,put,46.54,0.05849468,0.0575,0.0595,66168.07,286.5
1786387208,btc,1790323200000,320000.0,put,85.42,3.99201746,3.8235,4.173,64096.79,25.1
1786387208,btc,1806048000000,68000.0,call,41.12,0.11293362,0.112,0.1135,65450.2,97.9
1786387208,btc,1798185600000,52000.0,put,45.32,0.030101,0.0295,0.0305,64766.28,415.4
1786387208,btc,1787299200000,67000.0,put,28.76,0.05378327,0.0515,0.056,63833.03,10.2
1786387208,btc,1790323200000,94000.0,call,44.06,0.00042678,0.0004,0.0006,64096.79,168.9
1786387208,btc,1786435200000,64000.0,put,27.79,0.00635357,0.0055,0.007,63767.52,256.4
1786387208,btc,1786521600000,62000.0,call,34.59,0.02901128,0.006,0.0525,63775.39,0.0
1786387208,btc,1786521600000,58000.0,put,55.45,4.68e-05,,0.0002,63779.33,0.0
1786387208,btc,1798185600000,96000.0,call,40.53,0.00719035,0.007,0.0075,64766.28,1312.7
1786387208,btc,1813910400000,170000.0,call,46.16,0.00343272,0.0032,0.0039,66166.34,43.7
1786387208,btc,1787904000000,83000.0,call,45.02,0.00014063,0.0001,0.0002,63893.04,533.8
1786387208,btc,1798185600000,68000.0,call,39.58,0.075791,0.075,0.0765,64766.28,676.9
1786387208,btc,1786694400000,63000.0,put,31.16,0.00699061,0.0065,0.0075,63783.41,419.9
1786387208,btc,1786694400000,61000.0,put,37.0,0.00191216,0.0017,0.002,63783.41,328.7
1786387208,btc,1786435200000,63500.0,put,29.04,0.00269465,0.0024,0.003,63767.52,58.5
1786387208,btc,1813910400000,40000.0,call,51.54,0.42357004,0.422,0.4255,66166.34,17.0
1786387208,btc,1787904000000,74000.0,call,33.47,0.00067034,0.0006,0.0008,63893.04,1907.6
1786387208,btc,1790323200000,94000.0,put,44.06,0.4668319,0.4285,0.515,64098.52,1.9
1786387208,btc,1806048000000,100000.0,call,40.61,0.0170779,0.0165,0.0175,65450.2,559.8
1786387208,btc,1806048000000,68000.0,put,41.12,0.15180434,0.15,0.1525,65450.2,75.7
1786387208,btc,1786435200000,71000.0,call,38.55,0.0,,0.0001,63767.52,0.0
1786387208,btc,1813910400000,52000.0,put,45.84,0.06717782,0.066,0.068,66166.34,18.1
1786387208,btc,1790323200000,78000.0,put,35.4,0.22024776,0.2175,0.2235,64096.79,625.3
1786387208,btc,1787299200000,75000.0,put,38.84,0.17500438,0.148,0.21,63834.76,0.0
1786387208,btc,1787904000000,67000.0,call,30.43,0.00958363,0.009,0.01,63893.04,1501.2
1786387208,btc,1806048000000,125000.0,put,43.07,0.91479794,0.855,0.991,65450.2,0.1
1786387208,btc,1786608000000,62000.0,call,33.8,0.03025083,0.0045,0.0585,63779.89,0.0
1786387208,btc,1806048000000,115000.0,call,41.97,0.007941,0.0075,0.0085,65450.2,761.8
1786387208,btc,1806048000000,86000.0,call,40.03,0.03859342,0.038,0.0395,65450.2,130.1
1786387208,btc,1787904000000,46000.0,call,61.83,0.28038052,0.263,0.296,63893.04,1.0
1786387208,btc,1813910400000,80000.0,put,41.26,0.29303109,0.29,0.2955,66166.34,8.5
1786387208,btc,1798185600000,55000.0,put,43.59,0.04035334,0.04,0.0405,64766.28,1055.6
1786387208,btc,1790323200000,98000.0,call,46.67,0.00032241,0.0002,0.0005,64098.52,344.1
1786387208,btc,1786435200000,57000.0,call,56.45,0.10618954,0.074,0.136,63767.52,0.0
1786387208,btc,1813910400000,30000.0,put,60.47,0.01354984,0.013,0.014,66168.07,308.8
1786387208,btc,1790323200000,100000.0,put,48.12,0.56029985,0.553,0.5675,64098.52,431.5
1786387208,btc,1787904000000,64000.0,call,31.68,0.02693126,0.0265,0.0275,63893.04,530.9
1786387208,btc,1786608000000,60000.0,put,42.58,0.00060817,0.0005,0.0007,63781.62,9.9
1786387208,btc,1786608000000,72000.0,call,43.17,3.95e-06,,0.0001,63779.89,0.0
1786387208,btc,1787904000000,71000.0,call,31.23,0.00193298,0.0018,0.0022,63893.04,1477.0
1786387208,btc,1790323200000,102000.0,call,49.76,0.00028253,0.0002,0.0005,64096.79,91.3
1786387208,btc,1806048000000,102000.0,call,40.7,0.0152214,0.0145,0.016,65450.2,105.8
1786387208,btc,1798185600000,78000.0,put,38.68,0.23611581,0.2335,0.2385,64768.01,234.6
1786387208,btc,1787904000000,71000.0,put,31.23,0.11309904,0.1105,0.116,63893.04,11.1
1786387208,btc,1813910400000,76000.0,put,41.51,0.24969697,0.247,0.252,66168.07,9.2
1786387208,btc,1790323200000,80000.0,call,36.25,0.00242901,0.0023,0.0026,64096.79,3248.2
1786387208,btc,1813910400000,78000.0,call,41.35,0.09215051,0.091,0.0935,66166.34,9.9
1786387208,btc,1787904000000,58000.0,call,39.08,0.09756463,0.0955,0.0995,63893.04,155.1
1786387208,btc,1813910400000,62000.0,call,43.23,0.18850275,0.1865,0.1905,66168.07,94.3
1786387208,btc,1790323200000,92000.0,put,42.97,0.43572877,0.403,0.4815,64096.79,4.3
1786387208,btc,1806048000000,58000.0,call,43.14,0.19235981,0.1905,0.1945,65450.2,5.2
1786387208,btc,1806048000000,94000.0,call,40.28,0.02405103,0.0235,0.025,65450.2,141.2
1786387208,btc,1787904000000,53000.0,put,48.69,0.00156676,0.0014,0.0017,63893.04,878.2
1786387208,btc,1806048000000,72000.0,call,40.55,0.08936816,0.0885,0.09,65450.2,68.1
1786387208,btc,1813910400000,50000.0,call,46.54,0.30288751,0.301,0.305,66168.07,17.1
1786387208,btc,1798185600000,55000.0,call,43.59,0.19121707,0.1895,0.193,64766.28,44.9
1786387208,btc,1790323200000,52000.0,call,46.03,0.19563867,0.1935,0.197,64098.52,75.0
1786387208,btc,1787904000000,69000.0,put,30.56,0.08422128,0.0815,0.0865,63893.04,49.4
1786387208,btc,1798185600000,240000.0,call,64.69,9.164e-05,,0.0001,64766.28,804.4
1786387208,btc,1786694400000,55000.0,call,62.95,0.13795097,0.116,0.1575,63783.41,0.0
1786387208,btc,1786521600000,68000.0,call,39.46,5.539e-05,,0.0002,63779.33,2.9
1786387208,btc,1806048000000,66000.0,put,41.33,0.13435983,0.133,0.135,65450.2,123.9
1786387208,btc,1798185600000,75000.0,call,38.77,0.04162324,0.041,0.042,64768.01,1917.4
1786387208,btc,1786521600000,65000.0,call,27.14,0.00130116,0.0011,0.0015,63779.33,24.4
1786387208,btc,1806048000000,35000.0,put,57.41,0.01244499,0.012,0.0125,65450.2,575.6
1786387208,btc,1813910400000,30000.0,call,60.47,0.56018554,0.5585,0.5615,66168.07,37.0
1786387208,btc,1786521600000,71000.0,put,39.8,0.11322077,0.076,0.1535,63779.33,0.0
1786387208,btc,1793347200000,73000.0,call,36.25,0.02409828,0.0235,0.0245,64337.69,48.9
1786387208,btc,1787904000000,61000.0,put,34.32,0.01206957,0.0115,0.0125,63893.04,910.9
1786387208,btc,1787299200000,61000.0,put,33.17,0.00655196,0.006,0.007,63833.03,980.3
1786387208,btc,1786521600000,59000.0,put,55.13,0.00018719,0.0001,0.0003,63775.39,7.0
1786387208,btc,1790323200000,50000.0,put,49.11,0.00522032,0.0049,0.0055,64096.79,3739.3
1786387208,btc,1786608000000,65500.0,call,28.87,0.00167827,0.0015,0.0019,63779.89,33.3
1786387208,btc,1806048000000,64000.0,put,41.72,0.11853748,0.1175,0.1195,65450.2,133.1
1786387208,btc,1787904000000,61000.0,call,34.32,0.05740577,0.0555,0.0595,63893.04,610.9
1786387208,btc,1806048000000,115000.0,put,41.97,0.76485472,0.7575,0.7825,65450.2,1.5
1786387208,btc,1806048000000,35000.0,call,57.41,0.47773212,0.4765,0.48,65451.93,6.5
1786387208,btc,1786435200000,68000.0,call,38.27,3e-08,,0.0001,63767.52,95.6
1786387208,btc,1813910400000,54000.0,put,45.21,0.07681562,0.0755,0.078,66166.34,20.3
1786387208,btc,1786694400000,63000.0,call,31.16,0.01936524,0.0185,0.0205,63785.24,59.0
1786387208,btc,1790323200000,140000.0,put,69.71,1.1840819,1.1105,1.2645,64096.79,1.4
1786387208,btc,1786521600000,70000.0,call,39.47,1.01e-06,,0.0001,63779.33,8.7
1786387208,btc,1787299200000,59000.0,put,36.8,0.00298307,0.0028,0.0031,63833.03,134.9
1786387208,btc,1787904000000,70000.0,call,30.83,0.00289943,0.003,0.0032,63893.04,2292.7
1786387208,btc,1806048000000,108000.0,put,41.23,0.66108857,0.655,0.683,65450.2,0.1
1786387208,btc,1806048000000,180000.0,call,49.67,0.0010002,0.0009,0.0013,65450.2,642.6
1786387208,btc,1806048000000,84000.0,put,40.02,0.326834,0.3235,0.33,65451.93,55.1
1786387208,btc,1787904000000,76000.0,put,35.56,0.1898049,0.1635,0.225,63893.04,5.4
1786387208,btc,1793347200000,72000.0,put,36.26,0.14647345,0.144,0.1485,64337.69,5.1
1786387208,btc,1793347200000,50000.0,put,46.86,0.01210511,0.0115,0.0125,64337.69,68.7
1786387208,btc,1790323200000,120000.0,call,59.43,0.00011472,,0.0002,64096.79,1137.4
1786387208,btc,1793347200000,78000.0,call,36.43,0.01228497,0.0115,0.013,64337.69,183.4
1786387208,btc,1790323200000,170000.0,put,75.32,1.65202214,1.5625,1.749,64096.79,0.0
1786387208,btc,1787904000000,72000.0,put,31.93,0.12815776,0.1235,0.1325,63893.04,86.3
1786387208,btc,1786608000000,58000.0,put,54.82,0.00030578,0.0002,0.0004,63779.89,17.8
1786387208,btc,1806048000000,88000.0,call,40.09,0.03428773,0.034,0.035,65451.93,70.9
1786387208,btc,1806048000000,74000.0,put,40.35,0.20988538,0.208,0.2115,65450.2,54.0
1786387208,btc,1806048000000,170000.0,call,48.27,0.00119751,0.0011,0.0015,65450.2,250.0
1786387208,btc,1786608000000,67000.0,call,31.28,0.00031146,0.0002,0.0004,63779.89,6.5
1786387208,btc,1787904000000,73000.0,put,32.78,0.14342555,0.117,0.1815,63893.04,5.1
1786387208,btc,1806048000000,74000.0,call,40.35,0.07934959,0.0785,0.08,65450.2,50.1
1786387208,btc,1786694400000,72000.0,call,47.27,7.36e-05,0.0001,0.0002,63783.41,1392.2
1786387208,btc,1798185600000,64000.0,put,40.32,0.09170843,0.091,0.0925,64766.28,319.1
1786387208,btc,1787904000000,84000.0,call,46.79,0.00013942,0.0001,0.0002,63893.04,60.2
1786387208,btc,1806048000000,54000.0,call,44.52,0.2331551,0.231,0.235,65451.93,0.1
1786387208,btc,1786521600000,66000.0,put,30.39,0.03517152,0.008,0.0725,63779.33,0.5
1786387208,btc,1786608000000,66000.0,put,29.37,0.03571317,0.018,0.067,63779.89,0.0
1786387208,btc,1790323200000,115000.0,call,54.3,8.279e-05,0.0001,0.0002,64098.52,2176.8
1786387208,btc,1787904000000,60000.0,call,35.69,0.07003817,0.068,0.072,63893.04,435.4
1786387208,btc,1806048000000,120000.0,put,42.61,0.83971232,0.781,0.9155,65451.93,1.8
1786387208,btc,1813910400000,84000.0,put,41.11,0.3392251,0.336,0.3425,66168.07,0.1
1786387208,btc,1786435200000,62500.0,call,38.06,0.02053728,0.01,0.043,63771.2,0.0
1786387208,btc,1793347200000,78000.0,put,36.43,0.22453729,0.221,0.227,64337.69,0.1
1786387208,btc,1787299200000,66000.0,call,28.83,0.00737709,0.007,0.008,63834.76,415.3
1786387208,btc,1786521600000,67000.0,call,36.11,0.00016049,0.0001,0.0003,63775.39,59.1
1786387208,btc,1786435200000,60000.0,put,56.45,1.807e-05,,0.0001,63767.52,5.2
1786387208,btc,1806048000000,104000.0,put,40.86,0.60252717,0.597,0.619,65450.2,0.1
1786387208,btc,1786435200000,63000.0,call,32.6,0.01324512,0.008,0.0385,63767.52,0.0
1786387208,btc,1787904000000,57000.0,put,40.45,0.00391518,0.0037,0.0039,63893.04,1017.0
1786387208,btc,1806048000000,94000.0,put,40.28,0.46013703,0.4555,0.4775,65450.2,9.1
1786387208,btc,1798185600000,100000.0,put,40.98,0.54911416,0.542,0.5545,64766.28,303.3
1786387208,btc,1798185600000,75000.0,put,38.77,0.19953634,0.198,0.201,64766.28,896.2
1786387208,btc,1787904000000,70000.0,put,30.83,0.09841526,0.096,0.101,63893.04,178.5
1786387208,btc,1786608000000,70000.0,call,37.31,1.34e-05,,0.0001,63779.89,5.0
1786387208,btc,1787904000000,60000.0,put,35.69,0.00905174,0.0085,0.0095,63893.04,1600.4
1786387208,btc,1787299200000,69000.0,put,29.54,0.08221663,0.0795,0.085,63834.76,0.0
1786387208,btc,1786521600000,65500.0,call,28.51,0.00064659,0.0006,0.0008,63779.33,100.1
1786387208,btc,1790323200000,130000.0,call,63.53,7.075e-05,,0.0002,64096.79,1431.9
1786387208,btc,1806048000000,76000.0,call,40.21,0.07039584,0.07,0.071,65450.2,381.8
1786387208,btc,1786608000000,68000.0,put,34.17,0.06626433,0.0305,0.105,63781.62,0.0
1786387208,btc,1786435200000,71000.0,put,38.55,0.11334285,0.076,0.1535,63767.52,0.0
1786387208,btc,1813910400000,92000.0,call,41.06,0.0483994,0.0475,0.0495,66168.07,6.2
1786387208,btc,1793347200000,65000.0,put,37.52,0.07581045,0.075,0.0765,64337.69,291.0
1786387208,btc,1793347200000,59000.0,put,39.96,0.03764033,0.037,0.038,64337.69,33.1
1786387208,btc,1790323200000,92000.0,call,42.97,0.00052375,0.0004,0.0006,64098.52,489.8
1786387208,btc,1790323200000,125000.0,call,61.77,9.345e-05,,0.0002,64098.52,2323.8
1786387208,btc,1793347200000,82000.0,call,36.75,0.00705987,0.0065,0.0075,64337.69,19.6
1786387208,btc,1798185600000,120000.0,put,44.66,0.85419097,0.8465,0.861,64766.28,35.6
1786387208,btc,1787299200000,60000.0,put,34.83,0.00437049,0.0042,0.0045,63834.76,629.3
1786387208,btc,1787904000000,56000.0,call,42.41,0.12664966,0.1245,0.1285,63893.04,63.4
1786387208,btc,1798185600000,220000.0,put,61.32,2.39664581,2.2825,2.5215,64766.28,0.0
1786387208,btc,1813910400000,70000.0,put,42.09,0.19092992,0.1895,0.1915,66166.34,9.6
1786387208,btc,1806048000000,65000.0,call,41.52,0.13325419,0.132,0.1345,65450.2,364.4
1786387208,btc,1806048000000,130000.0,call,43.63,0.0041654,0.0039,0.0045,65450.2,1066.2
1786387208,btc,1790323200000,175000.0,call,75.32,8.28e-06,,0.0002,64096.79,1355.3
1786387208,btc,1786521600000,58000.0,call,55.45,0.09065528,0.0575,0.122,63779.33,0.0
1786387208,btc,1786435200000,62500.0,put,38.06,0.00059261,0.0005,0.0007,63771.2,98.3
1786387208,btc,1786608000000,60000.0,call,42.58,0.05990035,0.0255,0.0925,63779.89,0.0
1786387208,btc,1787904000000,74000.0,put,33.47,0.15878708,0.131,0.1945,63893.04,3.3
1786387208,btc,1787904000000,50000.0,call,54.86,0.21830193,0.215,0.2215,63893.04,51.0
1786387208,btc,1786694400000,65000.0,call,29.45,0.00456516,0.0043,0.0046,63783.41,790.1
1786387208,btc,1806048000000,84000.0,call,40.02,0.04352311,0.043,0.0445,65450.2,266.3
1786387208,btc,1813910400000,160000.0,call,45.33,0.00435889,0.0041,0.0048,66166.34,513.7
1786387208,btc,1813910400000,170000.0,put,46.16,1.5724971,1.4835,1.6765,66166.34,14.6
1786387208,btc,1790323200000,86000.0,put,39.48,0.34262792,0.309,0.388,64098.52,11.6
1786387208,btc,1787299200000,75000.0,call,38.84,0.00017284,0.0001,0.0003,63833.03,1516.9
1786387208,btc,1790323200000,68000.0,call,34.13,0.02494475,0.0245,0.0255,64096.79,810.6
1786387208,btc,1786694400000,62000.0,call,33.69,0.03161894,0.0295,0.0335,63785.24,18.4
1786387208,btc,1786608000000,64000.0,put,29.26,0.01158843,0.011,0.012,63781.62,33.9
1786387208,btc,1790323200000,280000.0,call,81.51,2e-08,,0.0001,64098.52,91.7
1786387208,btc,1798185600000,230000.0,call,63.15,9.796e-05,,0.0001,64766.28,195.9
1786387208,btc,1786435200000,66000.0,put,38.23,0.03499362,0.0032,0.0725,63767.52,0.1
1786387208,btc,1798185600000,50000.0,put,46.73,0.02480346,0.0245,0.025,64766.28,1944.3
1786387208,btc,1786694400000,66500.0,put,30.44,0.04365508,0.041,0.046,63785.24,0.0
1786387208,btc,1786608000000,63500.0,call,30.18,0.01241407,0.012,0.013,63779.89,0.0
1786387208,btc,1787904000000,65000.0,call,31.11,0.01967561,0.0195,0.0205,63893.04,1400.9
1786387208,btc,1787904000000,68000.0,put,30.27,0.07062951,0.0685,0.073,63893.04,84.3
1786387208,btc,1787904000000,76000.0,call,35.56,0.00038771,0.0003,0.0005,63893.04,1029.1
1786387208,btc,1786435200000,61000.0,put,55.62,0.0001584,0.0001,0.0002,63771.2,29.6
1786387208,btc,1798185600000,54000.0,put,44.11,0.03658443,0.036,0.037,64768.01,1808.2
1786387208,btc,1798185600000,92000.0,put,39.57,0.4297903,0.426,0.4335,64766.28,4.6
1786387208,btc,1787904000000,40000.0,call,69.36,0.37402554,0.3725,0.3925,63893.04,23.4
1786387208,btc,1806048000000,78000.0,put,40.11,0.25406655,0.2515,0.256,65450.2,183.0
1786387208,btc,1790323200000,54000.0,call,43.58,0.16701252,0.165,0.1685,64098.52,7.2
1786387208,btc,1798185600000,108000.0,call,42.33,0.003017,0.0028,0.0033,64766.28,123.1
1786387208,btc,1798185600000,60000.0,put,41.45,0.06469348,0.064,0.0655,64766.28,6444.9
1786387208,btc,1787299200000,55000.0,call,46.28,0.13927779,0.117,0.1635,63834.76,0.0
1786387208,btc,1813910400000,58000.0,call,44.11,0.22255888,0.2205,0.2245,66168.07,5.3
1786387208,btc,1798185600000,250000.0,put,64.88,2.85977591,2.73,3.0015,64766.28,10.0
1786387208,btc,1790323200000,85000.0,call,38.7,0.00112277,0.001,0.0013,64098.52,1201.8
1786387208,btc,1806048000000,190000.0,put,51.12,1.90359786,1.805,2.014,65450.2,0.9
1786387208,btc,1798185600000,160000.0,call,53.31,0.00042167,0.0003,0.0006,64766.28,1224.0
1786387208,btc,1798185600000,88000.0,put,39.09,0.37174315,0.366,0.375,64766.28,4.2
1786387208,btc,1786608000000,59000.0,put,47.97,0.00038285,0.0003,0.0004,63781.62,4.2
1786387208,btc,1798185600000,96000.0,put,40.53,0.48931912,0.4845,0.493,64768.01,11.3
1786387208,btc,1790323200000,96000.0,put,44.89,0.49794094,0.4635,0.545,64098.52,1.0
1786387208,btc,1798185600000,90000.0,call,39.25,0.01101828,0.0105,0.0115,64766.28,3320.6
1786387208,btc,1806048000000,66000.0,call,41.33,0.12604412,0.125,0.127,65450.2,17.2
1786387208,btc,1813910400000,62000.0,put,43.23,0.12545565,0.1245,0.1265,66166.34,34.8
1786387208,btc,1806048000000,200000.0,put,51.77,2.05617095,1.953,2.1715,65450.2,1.0
1786387208,btc,1806048000000,45000.0,call,49.2,0.34086857,0.3385,0.3425,65450.2,3.3
1786387208,btc,1790323200000,30000.0,put,87.36,0.00047363,0.0004,0.0005,64098.52,2599.9
1786387208,btc,1793347200000,95000.0,call,40.15,0.00162419,0.0015,0.0018,64337.69,29.6
1786387208,btc,1786435200000,63000.0,put,32.6,0.00114089,0.001,0.0013,63767.52,67.1
1786387208,btc,1790323200000,260000.0,call,78.83,3e-08,,0.0001,64096.79,292.0
1786387208,btc,1806048000000,160000.0,call,47.38,0.0016209,0.0015,0.0019,65450.2,860.6
1786387208,btc,1793347200000,50000.0,call,46.86,0.23502028,0.233,0.237,64337.69,0.1
1786387208,btc,1787299200000,55000.0,put,46.28,0.00082091,0.0007,0.0009,63834.76,102.5
1786387208,btc,1798185600000,66000.0,put,39.93,0.10788019,0.107,0.1085,64766.28,363.7
1786387208,btc,1790323200000,82000.0,call,37.53,0.00184965,0.0018,0.0019,64098.52,2543.1
1786387208,btc,1786694400000,66000.0,put,29.99,0.03652201,0.0345,0.039,63783.41,14.0
1786387208,btc,1806048000000,92000.0,put,40.2,0.43257064,0.428,0.437,65450.2,0.6
1786387208,btc,1798185600000,190000.0,put,55.92,1.93351057,1.835,2.042,64766.28,0.0
1786387208,btc,1786435200000,70000.0,call,38.55,0.0,,0.0001,63771.2,12.5
1786387208,btc,1798185600000,35000.0,call,62.64,0.46599862,0.464,0.468,64766.28,77.8
1786387208,btc,1798185600000,160000.0,put,53.31,1.47063628,1.3875,1.5635,64766.28,0.0
1786387208,btc,1786608000000,65000.0,call,28.63,0.00296077,0.0028,0.0032,63779.89,14.5
1786387208,btc,1798185600000,120000.0,call,44.66,0.00153001,0.0014,0.0017,64766.28,6033.2
1786387208,btc,1806048000000,72000.0,put,40.55,0.18934893,0.1875,0.1915,65451.93,139.1
1786387208,btc,1787299200000,65000.0,call,29.09,0.01212482,0.0115,0.0125,63833.03,312.6
1786387208,btc,1787299200000,68000.0,put,28.77,0.06752565,0.065,0.07,63833.03,0.0
1786387208,btc,1798185600000,150000.0,call,51.7,0.00058302,0.0005,0.0007,64766.28,1626.2
1786387208,btc,1793347200000,58000.0,put,40.56,0.03327958,0.033,0.0335,64337.69,37.0
1786387208,btc,1806048000000,58000.0,put,43.14,0.07845543,0.0775,0.0795,65450.2,109.5
1786387208,btc,1787904000000,54000.0,put,46.64,0.00196188,0.0018,0.0021,63893.04,1492.2
1786387208,btc,1787904000000,81000.0,call,42.38,0.00017823,0.0002,0.0003,63893.04,1451.1
1786387208,btc,1786521600000,64000.0,put,27.12,0.00894342,0.0085,0.0095,63775.39,65.7
1786387208,btc,1787904000000,95000.0,call,59.46,5.237e-05,,0.0001,63893.04,58.3
1786387208,btc,1813910400000,100000.0,call,41.24,0.03395732,0.0335,0.0345,66168.07,91.3
1786387208,btc,1790323200000,88000.0,call,40.36,0.00076533,0.0006,0.0009,64096.79,658.3
1786387208,btc,1798185600000,66000.0,call,39.93,0.08891666,0.0885,0.0895,64766.28,267.7
1786387208,btc,1798185600000,102000.0,call,41.23,0.0044845,0.0045,0.0047,64766.28,215.3
1786387208,btc,1787904000000,69000.0,call,30.56,0.00435567,0.0042,0.0046,63893.04,935.1
1786387208,btc,1806048000000,104000.0,call,40.86,0.01366607,0.013,0.0145,65450.2,101.4
1786387208,btc,1793347200000,84000.0,call,37.09,0.00543239,0.005,0.006,64337.69,26.5
1786387208,btc,1787904000000,95000.0,put,59.46,0.48682385,0.4525,0.5325,63893.04,0.3
1786387208,btc,1798185600000,170000.0,call,53.56,0.00024296,0.0001,0.0005,64768.01,2379.5
1786387208,btc,1790323200000,65000.0,call,34.92,0.04284177,0.0425,0.0435,64096.79,1299.6
1786387208,btc,1786694400000,55000.0,put,62.95,0.00016414,0.0001,0.0002,63783.41,512.1
1786387208,btc,1793347200000,85000.0,put,37.69,0.32607513,0.322,0.329,64337.69,0.0
1786387208,btc,1806048000000,130000.0,put,43.63,0.99024178,0.9275,1.073,65450.2,0.3
1786387208,btc,1786694400000,66500.0,call,30.44,0.00115618,0.001,0.0013,63783.41,30.7
1786387208,btc,1787299200000,72000.0,put,33.43,0.12821131,0.1025,0.1635,63833.03,0.0
1786387208,btc,1806048000000,80000.0,put,40.06,0.27758987,0.275,0.2795,65450.2,139.2
1786387208,btc,1786694400000,61000.0,call,37.0,0.04563296,0.0435,0.0475,63783.41,14.0
1786387208,btc,1787299200000,69000.0,call,29.54,0.00137161,0.0013,0.0015,63833.03,583.7
1786387208,btc,1787904000000,62000.0,call,33.28,0.04593086,0.045,0.047,63893.04,901.1
1786387208,btc,1787299200000,53000.0,call,51.45,0.17026403,0.1505,0.1895,63834.76,0.0
1786387208,btc,1793347200000,52000.0,call,45.02,0.20740318,0.2055,0.2095,64337.69,0.1
1786387208,btc,1790323200000,300000.0,call,84.97,2e-08,,0.0001,64098.52,192.1
1786387208,btc,1786608000000,66500.0,put,30.31,0.04315793,0.01,0.081,63781.62,0.0
1786387208,btc,1806048000000,40000.0,call,52.79,0.40761225,0.406,0.4095,65450.2,81.3
1786387208,btc,1790323200000,135000.0,call,66.77,7.38e-05,,0.0002,64096.79,271.9
1786387208,btc,1813910400000,64000.0,call,42.86,0.173036,0.1715,0.1745,66166.34,18.6
1786387208,btc,1790323200000,72000.0,put,34.06,0.13453455,0.132,0.137,64098.52,274.7
1786387208,btc,1806048000000,85000.0,put,40.03,0.33958714,0.3355,0.3425,65450.2,0.9
1786387208,btc,1787904000000,55000.0,call,44.41,0.14165346,0.1385,0.1445,63893.04,11.8
1786387208,btc,1790323200000,62000.0,put,36.23,0.03548534,0.035,0.036,64096.79,1153.2
1786387208,btc,1806048000000,55000.0,call,44.16,0.22255923,0.2205,0.2245,65450.2,28.6
1786387208,btc,1793347200000,75000.0,put,36.24,0.18403696,0.181,0.1865,64337.69,1.1
1786387208,btc,1806048000000,62000.0,call,42.07,0.15651819,0.155,0.1585,65450.2,42.2
1786387208,btc,1787904000000,110000.0,call,65.75,3.7e-06,,0.0001,63893.04,105.0
1786387208,btc,1813910400000,150000.0,put,44.23,1.27229129,1.192,1.3675,66168.07,0.0
1786387208,btc,1790323200000,120000.0,put,59.43,0.87212126,0.8645,0.881,64096.79,174.5
1786387208,btc,1787904000000,94000.0,call,59.46,6.938e-05,,0.0001,63893.04,220.2
1786387208,btc,1813910400000,52000.0,call,45.84,0.28134636,0.2795,0.2835,66166.34,1.1
1786387208,btc,1787299200000,62000.0,put,31.8,0.00988874,0.0095,0.01,63833.03,227.0
1786387208,btc,1790323200000,50000.0,call,49.11,0.2252176,0.223,0.227,64096.79,30.5
1786387208,btc,1787904000000,96000.0,call,59.46,3.941e-05,,0.0001,63893.04,25.7
1786387208,btc,1790323200000,96000.0,call,44.89,0.00033571,0.0003,0.0005,64098.52,306.4
1786387208,btc,1806048000000,112000.0,call,41.48,0.00896622,0.0085,0.0095,65450.2,62.7
1786387208,btc,1793347200000,84000.0,put,37.09,0.3109349,0.307,0.314,64339.42,0.3
1786387208,btc,1806048000000,82000.0,call,40.02,0.04907938,0.0485,0.05,65450.2,698.8
1786387208,btc,1786435200000,69000.0,call,38.55,0.0,,0.0001,63771.2,42.2
1786387208,btc,1793347200000,67000.0,call,37.03,0.05199749,0.0515,0.0525,64337.69,20.5
1786387208,btc,1790323200000,55000.0,call,42.29,0.15296447,0.151,0.1545,64098.52,143.7
1786387208,btc,1786435200000,72000.0,put,38.55,0.12902373,0.0915,0.17,63767.52,0.0
1786387208,btc,1787299200000,58000.0,put,38.92,0.00207384,0.0019,0.0022,63833.03,357.8
1786387208,btc,1813910400000,88000.0,call,41.09,0.05820143,0.057,0.0595,66168.07,4.9
1786387208,btc,1786521600000,66500.0,call,32.95,0.00021755,0.0002,0.0003,63775.39,57.1
1786387208,btc,1786608000000,71000.0,call,40.66,7.95e-06,,0.0001,63781.62,0.8
1786387208,btc,1798185600000,74000.0,put,38.83,0.18791279,0.1865,0.1895,64768.01,106.0
1786387208,btc,1813910400000,45000.0,call,48.74,0.36083547,0.359,0.363,66168.07,0.6
1786387208,btc,1790323200000,74000.0,call,34.1,0.00737788,0.007,0.008,64096.79,866.1
1786387208,btc,1813910400000,54000.0,call,45.21,0.26075987,0.2585,0.263,66168.07,0.9
1786387208,btc,1786694400000,75000.0,call,47.28,3.34e-06,,0.0001,63785.24,630.2
1786387208,btc,1786435200000,57000.0,put,56.45,0.0,,0.0001,63767.52,2.1
1786387208,btc,1798185600000,84000.0,call,38.87,0.01873807,0.018,0.019,64766.28,776.9
1786387208,btc,1793347200000,65000.0,call,37.52,0.06560018,0.065,0.0665,64337.69,319.1
1786387208,btc,1787904000000,85000.0,call,48.57,0.0001393,0.0001,0.0002,63893.04,319.2
1786387208,btc,1790323200000,76000.0,put,34.8,0.19067432,0.188,0.1935,64098.52,599.6
1786387208,btc,1786608000000,70000.0,put,37.31,0.09750585,0.0605,0.1375,63779.89,0.0
1786387208,btc,1787904000000,98000.0,call,59.46,2.215e-05,,0.0001,63893.04,161.0
1786387208,btc,1790323200000,54000.0,put,43.58,0.00941547,0.009,0.01,64096.79,633.2
1786387208,btc,1787904000000,100000.0,call,59.75,1.32e-05,,0.0001,63893.04,189.9
1786387208,btc,1798185600000,76000.0,call,38.73,0.0381051,0.0375,0.0385,64766.28,383.7
1786387208,btc,1786608000000,61000.0,put,38.13,0.0011501,0.001,0.0013,63779.89,8.5
1786387208,btc,1813910400000,86000.0,put,41.09,0.36334553,0.3595,0.366,66166.34,0.1
1786387208,btc,1786694400000,72000.0,put,47.27,0.1287883,0.103,0.1635,63785.24,0.0
1786387208,btc,1813910400000,92000.0,put,41.06,0.4387166,0.435,0.4425,66166.34,0.1
1786387208,btc,1787904000000,82000.0,call,44.2,0.00017469,0.0001,0.0003,63893.04,1506.4
1786387208,btc,1798185600000,104000.0,call,41.59,0.00391377,0.0037,0.0042,64766.28,87.2
1786387208,btc,1790323200000,66000.0,call,34.57,0.03601143,0.0355,0.0365,64096.79,1165.5
1786387208,btc,1786435200000,67500.0,call,38.26,2.5e-07,,0.0001,63767.52,59.5
1786387208,btc,1790323200000,155000.0,put,75.11,1.41805539,1.337,1.507,64096.79,0.1
1786387208,btc,1790323200000,105000.0,call,50.83,0.00020728,0.0001,0.0003,64096.79,1206.6
1786387208,btc,1798185600000,88000.0,call,39.09,0.01312511,0.0125,0.0135,64766.28,2633.6
1786387208,btc,1793347200000,72000.0,call,36.26,0.0274713,0.027,0.028,64337.69,200.8
1786387208,btc,1786694400000,68000.0,put,33.75,0.06637034,0.0445,0.0945,63783.41,7.3
1786387208,btc,1786521600000,67500.0,call,39.39,0.00012736,0.0001,0.0002,63775.39,42.5
1786387208,btc,1813910400000,56000.0,put,44.62,0.08739936,0.0865,0.0885,66166.34,42.0
1786387208,btc,1786608000000,65500.0,put,28.87,0.02861764,0.006,0.0595,63779.89,0.3
1786387208,btc,1806048000000,105000.0,put,40.93,0.61707752,0.611,0.6425,65450.2,0.4
1786387208,btc,1787904000000,80000.0,put,41.8,0.25225639,0.247,0.2575,63893.04,29.5
1786387208,btc,1786435200000,66500.0,put,38.24,0.04279016,0.013,0.0805,63771.2,0.0
1786387208,btc,1793347200000,63000.0,call,38.11,0.0815053,0.081,0.0825,64339.42,117.3
1786387208,btc,1793347200000,90000.0,put,38.78,0.40150992,0.364,0.453,64337.69,0.1
1786387208,btc,1786435200000,62000.0,put,43.68,0.00034366,0.0003,0.0004,63767.52,85.4
1786387208,btc,1786694400000,59000.0,call,45.9,0.07583466,0.053,0.098,63785.24,0.4
1786387208,btc,1786521600000,60000.0,call,48.23,0.05955435,0.0255,0.092,63779.33,0.0
1786387208,btc,1813910400000,105000.0,put,41.37,0.6140496,0.608,0.6395,66166.34,0.1
1786387208,btc,1787904000000,52000.0,put,50.58,0.00123341,0.0011,0.0013,63893.04,1303.0
1786387208,btc,1786435200000,68000.0,put,38.27,0.06630022,0.0305,0.105,63771.2,0.0
1786387208,btc,1793347200000,73000.0,put,36.25,0.15864213,0.156,0.1605,64337.69,0.0
1786387208,btc,1790323200000,82000.0,put,37.53,0.28105413,0.276,0.2865,64096.79,194.1
1786387208,btc,1806048000000,112000.0,put,41.48,0.72004741,0.7135,0.744,65450.2,0.1
1786387208,btc,1786694400000,60000.0,put,41.3,0.00115605,0.001,0.0013,63783.41,2552.5
1786387208,btc,1798185600000,58000.0,call,42.19,0.15827945,0.1565,0.16,64766.28,41.8
1786387208,btc,1787904000000,65000.0,put,31.11,0.03694032,0.0365,0.038,63893.04,921.0
1786387208,btc,1786435200000,63500.0,call,29.04,0.00695844,0.006,0.0075,63767.52,5.1
1786387208,btc,1793347200000,56000.0,put,41.76,0.02573847,0.025,0.026,64337.69,31.7
1786387208,btc,1787299200000,62000.0,call,31.8,0.03869467,0.037,0.0405,63833.03,27.1
1786387208,btc,1790323200000,66000.0,put,34.57,0.06561503,0.065,0.0665,64096.79,873.3
1786387208,btc,1786608000000,65000.0,put,28.63,0.0220609,0.0205,0.024,63781.62,22.5
1786387208,btc,1813910400000,90000.0,call,41.06,0.05304049,0.052,0.054,66166.34,77.4
1786387208,btc,1798185600000,85000.0,call,38.89,0.0171018,0.0165,0.0175,64768.01,2232.2
1786387208,btc,1798185600000,98000.0,put,40.53,0.51896621,0.4705,0.5815,64766.28,1.2
1786387208,btc,1787904000000,90000.0,put,57.09,0.40866011,0.373,0.4535,63893.04,11.1
1786387208,btc,1806048000000,78000.0,call,40.11,0.06242073,0.062,0.0635,65450.2,432.5
1786387208,btc,1787904000000,85000.0,put,48.57,0.33040853,0.3015,0.3715,63893.04,0.8
1786387208,btc,1790323200000,200000.0,put,75.38,2.12001187,2.015,2.2335,64096.79,0.1
1786387208,btc,1787904000000,68000.0,call,30.27,0.00641413,0.006,0.007,63893.04,1212.5
1786387208,btc,1786435200000,67000.0,put,38.25,0.05062119,0.0155,0.0885,63767.52,0.2
1786387208,btc,1787904000000,52000.0,call,50.58,0.18742164,0.1845,0.19,63893.04,51.0
1786387208,btc,1798185600000,78000.0,call,38.68,0.03188619,0.0315,0.032,64766.28,539.8
1786387208,btc,1790323200000,85000.0,put,38.7,0.32712741,0.3215,0.333,64096.79,453.0
1786387208,btc,1787904000000,54000.0,call,46.64,0.15684967,0.1535,0.16,63893.04,12.2
1786387208,btc,1786608000000,63000.0,put,30.88,0.00526282,0.005,0.0055,63779.89,10.3
1786387208,btc,1786608000000,64500.0,put,28.83,0.01633261,0.0145,0.018,63779.89,24.5
1786387208,btc,1786521600000,72000.0,put,39.8,0.12889983,0.091,0.1695,63775.39,0.0
1786387208,btc,1787299200000,70000.0,call,30.7,0.00085269,0.0008,0.001,63833.03,1488.4
1786387208,btc,1798185600000,95000.0,put,40.0,0.47411696,0.47,0.478,64766.28,85.9
1786387208,eth,1786435200000,1860.0,put,34.5,0.003295,0.003,0.0035,1868.81,1395.0
1786387208,eth,1786694400000,1940.0,call,39.65,0.003657,0.0034,0.0039,1869.05,316.0
1786387208,eth,1813910400000,1900.0,call,57.46,0.216559,0.214,0.2175,1923.69,118.0
1786387208,eth,1786435200000,1750.0,call,75.68,0.063784,0.0285,0.1005,1868.75,0.0
1786387208,eth,1806048000000,2000.0,put,55.51,0.203811,0.203,0.2055,1904.73,1508.0
1786387208,eth,1790323200000,2100.0,put,48.65,0.148697,0.147,0.1535,1872.77,2715.0
1786387208,eth,1790323200000,16000.0,put,130.17,7.542491,7.2135,7.8975,1872.83,30.0
1786387208,eth,1786521600000,1880.0,put,35.22,0.012412,0.0115,0.013,1868.87,515.0
1786387208,eth,1786435200000,1600.0,call,75.78,0.143913,0.1225,0.161,1868.75,0.0
1786387208,eth,1806048000000,4500.0,put,60.17,1.37219,1.275,1.4915,1904.73,0.0
1786387208,eth,1790323200000,1600.0,call,53.14,0.165153,0.1605,0.1705,1872.83,3575.0
1786387208,eth,1806048000000,3000.0,put,55.97,0.617966,0.6075,0.6295,1904.73,352.0
1786387208,eth,1798185600000,5200.0,put,66.56,1.757973,1.651,1.8795,1886.21,0.0
1786387208,eth,1798185600000,4800.0,call,64.56,0.001872,0.0016,0.0021,1886.15,2770.0
1786387208,eth,1813910400000,2000.0,put,57.15,0.235022,0.234,0.237,1923.69,195.0
1786387208,eth,1786694400000,1750.0,put,48.66,0.001808,0.0016,0.0019,1869.05,12393.0
1786387208,eth,1798185600000,2700.0,put,54.04,0.459024,0.4485,0.4685,1886.15,446.0
1786387208,eth,1790323200000,7500.0,call,98.86,6e-06,,0.0002,1872.83,1322.0
1786387208,eth,1790323200000,6800.0,put,98.86,2.630576,2.491,2.782,1872.77,0.0
1786387208,eth,1786694400000,2000.0,put,43.64,0.071049,0.03,0.117,1869.05,73.0
1786387208,eth,1786694400000,1950.0,put,40.18,0.046158,0.0415,0.051,1869.11,3318.0
1786387208,eth,1798185600000,7000.0,call,74.0,0.000466,0.0003,0.0007,1886.15,2825.0
1786387208,eth,1786608000000,1820.0,call,40.84,0.030518,0.0275,0.036,1868.99,0.0
1786387208,eth,1786521600000,2000.0,call,47.67,0.000169,0.0001,0.0003,1868.93,291.0
1786387208,eth,1787904000000,2250.0,call,50.32,0.002353,0.0021,0.0026,1870.22,2916.0
1786387208,eth,1798185600000,1800.0,put,53.86,0.106225,0.1055,0.107,1886.15,5617.0
1786387208,eth,1787299200000,1400.0,call,71.14,0.251576,0.2315,0.271,1869.71,0.0
1786387208,eth,1813910400000,1400.0,put,60.17,0.083743,0.083,0.0845,1923.69,1779.0
1786387208,eth,1813910400000,1600.0,call,58.72,0.292858,0.2885,0.2945,1923.85,367.0
1786387208,eth,1798185600000,5000.0,call,65.45,0.00157,0.0013,0.0018,1886.21,4540.0
1786387208,eth,1806048000000,2900.0,put,55.79,0.570972,0.5585,0.5805,1904.79,258.0
1786387208,eth,1813910400000,4500.0,call,59.5,0.022679,0.022,0.0235,1923.69,1236.0
1786387208,eth,1790323200000,4500.0,call,82.97,0.000178,0.0001,0.0003,1872.83,8442.0
1786387208,eth,1787904000000,1100.0,put,88.81,0.000145,0.0001,0.0002,1870.22,2219.0
1786387208,eth,1806048000000,4400.0,put,60.03,1.320729,1.2345,1.367,1904.73,0.0
1786387208,eth,1786608000000,1800.0,call,42.94,0.039694,0.036,0.0465,1868.99,0.0
1786387208,eth,1793347200000,1600.0,put,54.33,0.037831,0.037,0.0385,1877.71,1270.0
1786387208,eth,1786694400000,1850.0,put,39.19,0.010743,0.0105,0.0115,1869.05,3136.0
1786387208,eth,1786435200000,1920.0,call,40.0,0.000271,0.0002,0.0004,1868.75,370.0
1786387208,eth,1790323200000,7000.0,call,98.86,1.3e-05,,0.0001,1872.83,2033.0
1786387208,eth,1790323200000,11000.0,put,110.93,4.872963,4.647,5.117,1872.83,0.0
1786387208,eth,1790323200000,3300.0,put,65.1,0.762572,0.695,0.8395,1872.77,3.0
1786387208,eth,1806048000000,1000.0,call,66.78,0.495059,0.4915,0.498,1904.73,270.0
1786387208,eth,1786608000000,2020.0,put,47.01,0.081044,0.0395,0.1275,1868.99,0.0
1786387208,eth,1813910400000,1500.0,call,59.37,0.323194,0.3185,0.3255,1923.85,52.0
1786387208,eth,1790323200000,8000.0,call,98.86,3e-06,,0.0002,1872.83,1092.0
1786387208,eth,1787299200000,1750.0,call,45.78,0.072372,0.0685,0.078,1869.71,50.0
1786387208,eth,1798185600000,6500.0,put,72.27,2.446367,2.3145,2.5945,1886.15,0.0
1786387208,eth,1790323200000,4200.0,put,77.22,1.242582,1.157,1.338,1872.77,551.0
1786387208,eth,1786521600000,1860.0,call,35.71,0.011912,0.0115,0.0125,1868.93,18.0
1786387208,eth,1806048000000,3600.0,call,57.37,0.022179,0.0215,0.023,1904.73,2214.0
1786387208,eth,1786521600000,1900.0,put,35.64,0.01986,0.016,0.0235,1868.93,448.0
1786387208,eth,1806048000000,3400.0,put,56.87,0.81221,0.7665,0.8245,1904.73,6.0
1786387208,eth,1793347200000,1400.0,call,58.89,0.272,0.2585,0.2765,1877.65,50.0
1786387208,eth,1798185600000,2600.0,call,53.74,0.033357,0.033,0.034,1886.15,6519.0
1786387208,eth,1786608000000,1880.0,call,37.79,0.009973,0.0095,0.0105,1868.99,114.0
1786387208,eth,1813910400000,2400.0,call,56.69,0.130537,0.1285,0.132,1923.69,649.0
1786387208,eth,1813910400000,5000.0,call,60.55,0.01665,0.0155,0.0175,1923.69,572.0
1786387208,eth,1813910400000,2500.0,put,56.74,0.41795,0.4115,0.4735,1923.69,6.0
1786387208,eth,1786694400000,1880.0,call,38.85,0.01264,0.012,0.013,1869.11,941.0
1786387208,eth,1786521600000,2040.0,call,57.58,0.000133,0.0001,0.0002,1868.93,115.0
1786387208,eth,1786694400000,1700.0,call,56.22,0.091422,0.064,0.115,1869.05,5.0
1786387208,eth,1793347200000,1850.0,put,51.37,0.088096,0.0875,0.089,1877.71,354.0
1786387208,eth,1787904000000,1750.0,put,46.67,0.015374,0.015,0.016,1870.22,23033.0
1786387208,eth,1798185600000,4200.0,call,61.43,0.003287,0.0029,0.0036,1886.15,4340.0
1786387208,eth,1790323200000,8500.0,call,98.86,1e-06,,0.0002,1872.77,1253.0
1786387208,eth,1786435200000,2020.0,put,54.12,0.08081,0.0395,0.1255,1868.81,10.0
1786387208,eth,1786435200000,1940.0,call,46.32,0.000131,0.0001,0.0002,1868.81,1323.0
1786387208,eth,1806048000000,5000.0,put,62.17,1.631923,1.5265,1.76,1904.73,0.0
1786387208,eth,1790323200000,4500.0,put,82.97,1.402753,1.3105,1.505,1872.83,6.0
1786387208,eth,1786694400000,1700.0,put,56.22,0.000942,0.0008,0.0011,1869.11,6125.0
1786387208,eth,1793347200000,3200.0,call,58.02,0.003375,0.0031,0.0037,1877.71,1014.0
1786387208,eth,1786694400000,2100.0,call,53.63,0.000275,0.0002,0.0004,1869.05,3063.0
1786387208,eth,1787904000000,1400.0,put,68.1,0.001285,0.0012,0.0014,1870.22,7282.0
1786387208,eth,1787299200000,2100.0,call,45.54,0.002412,0.0023,0.0026,1869.71,5282.0
1786387208,eth,1806048000000,800.0,call,73.05,0.590576,0.5765,0.614,1904.79,0.0
1786387208,eth,1806048000000,4400.0,call,60.03,0.010958,0.0105,0.0115,1904.73,1082.0
1786387208,eth,1798185600000,3000.0,put,55.26,0.606781,0.5945,0.6185,1886.21,781.0
1786387208,eth,1790323200000,2500.0,put,52.4,0.340207,0.331,0.3475,1872.83,3052.0
1786387208,eth,1790323200000,13000.0,call,119.8,1e-06,,0.0001,1872.83,1873.0
1786387208,eth,1786521600000,1980.0,put,44.54,0.059605,0.029,0.1045,1868.87,10.0
1786387208,eth,1790323200000,7200.0,put,98.86,2.84413,2.6965,3.0045,1872.83,0.0
1786387208,eth,1813910400000,1900.0,put,57.46,0.204162,0.203,0.2055,1923.69,3091.0
1786387208,eth,1786521600000,1900.0,call,35.64,0.003323,0.0031,0.0035,1868.87,19.0
1786387208,eth,1786521600000,1840.0,put,37.39,0.003808,0.0037,0.004,1868.93,244.0
1786387208,eth,1798185600000,4500.0,call,62.96,0.002427,0.0021,0.0028,1886.21,2679.0
1786387208,eth,1786521600000,2050.0,call,59.22,0.000114,,0.0002,1868.93,442.0
1786387208,eth,1793347200000,1000.0,put,74.08,0.003488,0.0032,0.0037,1877.65,1604.0
1786387208,eth,1813910400000,1400.0,call,60.17,0.356035,0.3515,0.358,1923.69,50.0
1786387208,eth,1806048000000,2300.0,call,55.14,0.103716,0.1025,0.1045,1904.73,5111.0
1786387208,eth,1787904000000,1850.0,call,44.48,0.044382,0.044,0.045,1870.22,4145.0
1786387208,eth,1790323200000,6400.0,call,98.86,3.5e-05,,0.0002,1872.83,1918.0
1786387208,eth,1798185600000,3500.0,put,57.78,0.863119,0.7945,0.9485,1886.15,51.0
1786387208,eth,1806048000000,6000.0,call,64.46,0.00368,0.0034,0.0041,1904.73,5149.0
1786387208,eth,1787299200000,2400.0,call,60.23,0.000282,0.0002,0.0004,1869.71,1292.0
1786387208,eth,1787299200000,1900.0,put,41.88,0.037403,0.0365,0.0385,1869.71,775.0
1786387208,eth,1786521600000,1780.0,put,47.3,0.000731,0.0006,0.0009,1868.87,746.0
1786387208,eth,1786435200000,2060.0,put,59.59,0.102211,0.0605,0.148,1868.75,0.0
1786387208,eth,1787904000000,1200.0,call,82.94,0.358773,0.3425,0.3735,1870.16,69.0
1786387208,eth,1786435200000,1980.0,put,53.95,0.059427,0.029,0.1035,1868.75,0.0
1786387208,eth,1793347200000,3400.0,put,59.76,0.812882,0.7415,0.896,1877.65,0.0
1786387208,eth,1806048000000,3500.0,put,57.15,0.861991,0.829,0.875,1904.73,23.0
1786387208,eth,1790323200000,3500.0,put,68.08,0.869149,0.86,0.882,1872.83,1133.0
1786387208,eth,1798185600000,5200.0,call,66.56,0.00137,0.0011,0.0017,1886.21,8859.0
1786387208,eth,1790323200000,6500.0,call,98.86,2.9e-05,,0.0002,1872.83,1337.0
1786387208,eth,1786521600000,1750.0,put,53.87,0.000404,0.0003,0.0005,1868.93,194.0
1786387208,eth,1793347200000,2250.0,call,51.16,0.034234,0.0335,0.035,1877.65,284.0
1786387208,eth,1786521600000,1980.0,call,44.54,0.000266,0.0002,0.0004,1868.87,130.0
1786387208,eth,1786521600000,2060.0,put,60.79,0.102238,0.0605,0.149,1868.93,0.0
1786387208,eth,1793347200000,1900.0,put,51.17,0.102229,0.1015,0.103,1877.71,423.0
1786387208,eth,1790323200000,8000.0,put,98.86,3.271248,3.107,3.449,1872.83,0.0
1786387208,eth,1790323200000,6800.0,call,98.86,1.8e-05,,0.0002,1872.77,1462.0
1786387208,eth,1798185600000,4600.0,put,63.52,1.440757,1.346,1.551,1886.15,0.0
1786387208,eth,1806048000000,900.0,call,69.84,0.542336,0.5235,0.571,1904.73,68.0
1786387208,eth,1787904000000,2500.0,call,59.42,0.000681,0.0006,0.0008,1870.22,28356.0
1786387208,eth,1790323200000,3600.0,call,69.86,0.000427,0.0003,0.0006,1872.83,2723.0
1786387208,eth,1790323200000,4600.0,put,84.79,1.456144,1.3615,1.5605,1872.77,38.0
1786387208,eth,1786608000000,1840.0,call,38.8,0.022147,0.016,0.0255,1868.99,87.0
1786387208,eth,1806048000000,900.0,put,69.84,0.014782,0.014,0.0155,1904.79,767.0
1786387208,eth,1813910400000,2600.0,put,56.75,0.458915,0.452,0.5125,1923.69,0.0
1786387208,eth,1790323200000,15000.0,put,127.3,7.008586,6.7,7.3415,1872.83,0.0
1786387208,eth,1790323200000,12000.0,put,115.57,5.406869,5.16,5.673,1872.83,0.0
1786387208,eth,1786694400000,1750.0,call,48.66,0.065614,0.0605,0.073,1869.11,50.0
1786387208,eth,1793347200000,2300.0,put,51.35,0.254523,0.246,0.3035,1877.65,0.0
1786387208,eth,1786694400000,2050.0,put,48.17,0.097179,0.0555,0.144,1869.05,228.0
1786387208,eth,1793347200000,3600.0,put,61.79,0.918782,0.8435,1.005,1877.65,0.0
1786387208,eth,1786435200000,1900.0,call,35.23,0.00078,0.0007,0.0009,1868.81,347.0
1786387208,eth,1798185600000,3000.0,call,55.26,0.016433,0.016,0.017,1886.21,5167.0
1786387208,eth,1798185600000,4200.0,put,61.43,1.229773,1.1415,1.333,1886.15,62.0
1786387208,eth,1806048000000,2100.0,call,55.21,0.134633,0.134,0.1355,1904.79,910.0
1786387208,eth,1806048000000,1300.0,call,60.59,0.3644,0.361,0.4065,1904.73,50.0
1786387208,eth,1798185600000,2200.0,put,53.06,0.237978,0.2325,0.2415,1886.21,9286.0
1786387208,eth,1790323200000,1500.0,call,56.13,0.210808,0.207,0.2155,1872.83,976.0
1786387208,eth,1793347200000,2200.0,put,50.98,0.210922,0.205,0.2665,1877.65,1.0
1786387208,eth,1786694400000,1920.0,put,38.93,0.032732,0.0305,0.0355,1869.11,379.0
1786387208,eth,1787904000000,3000.0,put,75.93,0.604085,0.5425,0.6725,1870.16,5.0
1786387208,eth,1786435200000,2080.0,put,60.9,0.112912,0.0705,0.159,1868.81,0.0
1786387208,eth,1786694400000,2400.0,put,76.35,0.283934,0.2345,0.338,1869.11,2.0
1786387208,eth,1786694400000,1820.0,put,41.0,0.006099,0.0055,0.0065,1869.11,818.0
1786387208,eth,1798185600000,2100.0,call,53.05,0.086854,0.086,0.0875,1886.21,1703.0
1786387208,eth,1793347200000,2500.0,put,52.24,0.348227,0.3305,0.358,1877.71,1.0
1786387208,eth,1786521600000,1700.0,put,65.31,0.000186,0.0001,0.0003,1868.87,78.0
1786387208,eth,1786608000000,1860.0,put,38.07,0.010365,0.01,0.011,1868.99,853.0
1786387208,eth,1786521600000,1920.0,put,36.57,0.028816,0.025,0.033,1868.87,1072.0
1786387208,eth,1806048000000,4800.0,call,61.12,0.007964,0.0075,0.0085,1904.73,2857.0
1786387208,eth,1790323200000,3100.0,call,62.06,0.001033,0.0009,0.0012,1872.83,2164.0
1786387208,eth,1790323200000,1600.0,put,53.14,0.019402,0.019,0.02,1872.83,7892.0
1786387208,eth,1798185600000,3300.0,call,56.67,0.010211,0.0095,0.011,1886.15,1853.0
1786387208,eth,1787299200000,1750.0,put,45.78,0.008263,0.008,0.0085,1869.71,267.0
1786387208,eth,1787904000000,3400.0,put,84.51,0.817845,0.748,0.8945,1870.16,1.0
1786387208,eth,1787904000000,2400.0,call,55.84,0.001068,0.0009,0.0012,1870.22,18136.0
1786387208,eth,1787904000000,2400.0,put,55.84,0.284222,0.234,0.341,1870.22,2.0
1786387208,eth,1793347200000,2150.0,put,50.92,0.190368,0.186,0.239,1877.71,0.0
1786387208,eth,1786435200000,1860.0,call,34.5,0.008094,0.007,0.0085,1868.81,148.0
1786387208,eth,1786521600000,2040.0,put,57.58,0.091573,0.0495,0.1385,1868.87,0.0
1786387208,eth,1786435200000,2040.0,call,57.76,0.0,,0.0001,1868.75,367.0
1786387208,eth,1798185600000,1200.0,call,63.14,0.381958,0.3785,0.3855,1886.15,341.0
1786387208,eth,1786608000000,1800.0,put,42.94,0.002668,0.0024,0.0029,1868.99,12.0
1786387208,eth,1798185600000,3500.0,call,57.78,0.007713,0.007,0.0085,1886.15,28522.0
1786387208,eth,1806048000000,2500.0,put,55.23,0.39242,0.386,0.3975,1904.73,560.0
1786387208,eth,1798185600000,1200.0,put,63.14,0.018097,0.0175,0.0185,1886.15,7184.0
1786387208,eth,1786435200000,1840.0,put,39.38,0.001229,0.001,0.0014,1868.75,816.0
1786387208,eth,1790323200000,4400.0,call,81.1,0.000178,0.0001,0.0003,1872.83,4356.0
1786387208,eth,1793347200000,4000.0,call,65.28,0.000988,0.0008,0.0013,1877.65,410.0
1786387208,eth,1793347200000,2400.0,call,51.75,0.022397,0.022,0.023,1877.71,631.0
1786387208,eth,1806048000000,1300.0,put,60.59,0.046822,0.046,0.0475,1904.73,1536.0
1786387208,eth,1813910400000,4500.0,put,59.5,1.361739,1.3455,1.484,1923.85,1.0
1786387208,eth,1793347200000,2100.0,call,50.9,0.052392,0.0515,0.053,1877.65,1273.0
1786387208,eth,1798185600000,2700.0,call,54.04,0.027711,0.027,0.028,1886.15,3079.0
1786387208,eth,1793347200000,2000.0,put,50.87,0.134106,0.1325,0.136,1877.65,16.0
1786387208,eth,1787904000000,1600.0,put,54.08,0.004815,0.0046,0.005,1870.22,13112.0
1786387208,eth,1813910400000,1800.0,call,57.78,0.239626,0.2365,0.2415,1923.85,1465.0
1786387208,eth,1793347200000,3000.0,call,56.32,0.005103,0.0047,0.0055,1877.65,753.0
1786387208,eth,1790323200000,2000.0,call,48.49,0.04176,0.041,0.0425,1872.77,24974.0
1786387208,eth,1786521600000,1800.0,call,43.47,0.038161,0.0235,0.045,1868.93,0.0
1786387208,eth,1798185600000,4500.0,put,62.96,1.387949,1.295,1.497,1886.15,2.0
1786387208,eth,1793347200000,2600.0,put,52.85,0.397588,0.365,0.4445,1877.65,95.0
1786387208,eth,1798185600000,2900.0,put,54.8,0.55676,0.5265,0.6375,1886.15,173.0
1786387208,eth,1813910400000,2000.0,call,57.15,0.19544,0.1935,0.197,1923.85,1853.0
1786387208,eth,1798185600000,4800.0,put,64.56,1.546428,1.447,1.661,1886.15,77.0
1786387208,eth,1786608000000,1960.0,put,41.03,0.049914,0.015,0.0755,1868.99,18.0
1786387208,eth,1793347200000,4000.0,put,65.28,1.13105,1.0485,1.225,1877.65,0.0
1786387208,eth,1813910400000,3000.0,call,57.06,0.073836,0.073,0.075,1923.69,490.0
1786387208,eth,1798185600000,5000.0,put,65.45,1.652149,1.549,1.77,1886.15,2.0
1786387208,eth,1793347200000,2600.0,call,52.85,0.012939,0.0125,0.0135,1877.71,548.0
1786387208,eth,1806048000000,3800.0,put,57.94,1.012959,0.9985,1.0275,1904.73,1.0
1786387208,eth,1798185600000,2300.0,put,53.1,0.278321,0.276,0.2825,1886.15,5186.0
1786387208,eth,1790323200000,6000.0,put,98.86,2.203503,2.08,2.3385,1872.83,0.0
1786387208,eth,1786608000000,1750.0,put,50.64,0.001058,0.0009,0.0012,1868.99,1611.0
1786387208,eth,1798185600000,2100.0,put,53.05,0.200098,0.198,0.2025,1886.15,3130.0
1786387208,eth,1786435200000,1880.0,put,33.82,0.008747,0.008,0.0095,1868.75,1334.0
1786387208,eth,1806048000000,2200.0,call,55.17,0.118217,0.117,0.119,1904.73,4038.0
1786387208,eth,1786694400000,1850.0,call,39.19,0.021052,0.0185,0.0235,1869.05,983.0
1786387208,eth,1787299200000,1650.0,call,51.9,0.120511,0.116,0.1275,1869.71,1.0
1786387208,eth,1793347200000,2050.0,call,50.89,0.060265,0.0595,0.061,1877.65,399.0
1786387208,eth,1798185600000,3100.0,call,55.71,0.013941,0.0135,0.0145,1886.15,2325.0
1786387208,eth,1787904000000,1950.0,call,44.09,0.021698,0.021,0.022,1870.22,4523.0
1786387208,eth,1806048000000,1600.0,call,57.34,0.256633,0.254,0.2595,1904.73,933.0
1786387208,eth,1798185600000,3200.0,call,56.23,0.011946,0.0115,0.0125,1886.15,67901.0
1786387208,eth,1786435200000,2020.0,call,54.12,1e-06,,0.0001,1868.75,585.0
1786387208,eth,1798185600000,4400.0,call,62.46,0.002677,0.0024,0.003,1886.21,3070.0
1786387208,eth,1806048000000,4000.0,call,58.59,0.015154,0.0145,0.0155,1904.73,2195.0
1786387208,eth,1790323200000,7400.0,put,98.86,2.950909,2.799,3.1155,1872.83,0.0
1786387208,eth,1793347200000,2100.0,put,50.9,0.1707,0.166,0.173,1877.65,1.0
1786387208,eth,1786435200000,2050.0,call,58.34,0.0,,0.0001,1868.81,100.0
1786387208,eth,1787904000000,1300.0,call,75.84,0.305658,0.289,0.323,1870.22,51.0
1786387208,eth,1786435200000,1800.0,put,53.73,0.000298,0.0002,0.0004,1868.75,895.0
1786387208,eth,1790323200000,2800.0,put,56.83,0.496996,0.488,0.506,1872.83,1287.0
1786387208,eth,1786435200000,2000.0,call,54.03,4e-06,,0.0001,1868.75,751.0
1786387208,eth,1787904000000,1500.0,call,60.75,0.200449,0.1965,0.2035,1870.22,443.0
1786387208,eth,1790323200000,6200.0,call,98.86,4.9e-05,,0.0002,1872.77,2026.0
1786387208,eth,1786435200000,2000.0,put,54.03,0.070112,0.0295,0.115,1868.75,2.0
1786387208,eth,1786521600000,2200.0,call,61.69,0.0,,0.0001,1868.93,59.0
1786387208,eth,1787904000000,2800.0,put,69.67,0.497254,0.4395,0.5615,1870.16,0.0
1786387208,eth,1787299200000,1700.0,put,48.68,0.004893,0.0046,0.0055,1869.71,3843.0
1786387208,eth,1806048000000,4600.0,call,60.7,0.009412,0.009,0.0095,1904.73,956.0
1786387208,eth,1790323200000,1700.0,put,50.8,0.031692,0.031,0.032,1872.77,4742.0
1786387208,eth,1786694400000,1840.0,call,39.52,0.024514,0.022,0.0285,1869.11,0.0
1786387208,eth,1786435200000,2200.0,call,67.84,0.0,,0.0001,1868.75,136.0
1786387208,eth,1793347200000,3600.0,call,61.79,0.001726,0.0015,0.002,1877.65,760.0
1786387208,eth,1806048000000,2000.0,call,55.51,0.153931,0.153,0.1545,1904.73,1861.0
1786387208,eth,1790323200000,5600.0,put,97.88,1.989995,1.875,2.1165,1872.83,0.0
1786387208,eth,1790323200000,5500.0,call,97.88,0.000148,,0.0002,1872.77,2065.0
1786387208,eth,1813910400000,5000.0,put,60.55,1.615605,1.525,1.713,1923.69,0.0
1786387208,eth,1787299200000,1600.0,call,55.81,0.146169,0.1215,0.1695,1869.71,0.0
1786387208,eth,1813910400000,3500.0,call,57.72,0.047808,0.0465,0.0485,1923.69,2218.0
1786387208,eth,1813910400000,3600.0,put,57.89,0.915311,0.903,1.0175,1923.69,0.0
1786387208,eth,1790323200000,1700.0,call,50.8,0.124053,0.12,0.128,1872.83,2254.0
1786387208,eth,1806048000000,1400.0,put,59.27,0.060578,0.06,0.061,1904.73,1689.0
1786387208,eth,1786694400000,2000.0,call,43.64,0.001112,0.001,0.0012,1869.11,9222.0
1786387208,eth,1786435200000,2050.0,put,58.34,0.096861,0.0555,0.143,1868.75,0.0
1786387208,eth,1790323200000,7500.0,put,98.86,3.004298,2.85,3.171,1872.83,0.0
1786387208,eth,1806048000000,1800.0,put,56.15,0.144419,0.144,0.145,1904.73,3907.0
1786387208,eth,1790323200000,2200.0,call,49.19,0.017989,0.018,0.0185,1872.83,7280.0
1786387208,eth,1806048000000,3500.0,call,57.15,0.024674,0.024,0.0255,1904.73,4508.0
1786387208,eth,1790323200000,5500.0,put,97.88,1.936629,1.824,2.061,1872.77,1.0
1786387208,eth,1793347200000,2200.0,call,50.98,0.039388,0.039,0.04,1877.71,740.0
1786387208,eth,1813910400000,1500.0,put,59.37,0.102875,0.102,0.1035,1923.69,431.0
1786387208,eth,1787904000000,2600.0,put,63.36,0.390571,0.337,0.451,1870.22,3.0
1786387208,eth,1806048000000,3600.0,put,57.37,0.911963,0.898,1.017,1904.73,1.0
1786387208,eth,1790323200000,2900.0,call,58.48,0.001584,0.0015,0.0018,1872.83,5700.0
1786387208,eth,1786608000000,1700.0,call,60.39,0.091089,0.0645,0.1135,1868.99,0.0
1786387208,eth,1786608000000,1750.0,call,50.64,0.064834,0.0375,0.0895,1868.99,18.0
1786387208,eth,1806048000000,1900.0,call,55.82,0.175498,0.174,0.1765,1904.79,2363.0
1786387208,eth,1790323200000,5400.0,put,96.17,1.883234,1.7725,2.0055,1872.77,4.0
1786387208,eth,1787904000000,3600.0,call,84.51,1.3e-05,,0.0001,1870.22,1218.0
1786387208,eth,1790323200000,1900.0,put,48.63,0.076403,0.0755,0.077,1872.83,17530.0
1786387208,eth,1790323200000,3400.0,put,66.48,0.815838,0.804,0.828,1872.83,870.0
1786387208,eth,1806048000000,1900.0,put,55.82,0.172883,0.172,0.1745,1904.73,2553.0
1786387208,eth,1787904000000,3800.0,call,84.51,4e-06,,0.0001,1870.22,398.0
1786387208,eth,1786521600000,1820.0,put,40.03,0.002087,0.0018,0.0023,1868.87,13.0
1786387208,eth,1786435200000,1900.0,put,35.23,0.017383,0.013,0.0215,1868.75,1672.0
1786387208,eth,1786694400000,2100.0,put,53.63,0.123708,0.0805,0.172,1869.11,63.0
1786387208,eth,1790323200000,7400.0,call,98.86,7e-06,,0.0002,1872.77,1019.0
1786387208,eth,1790323200000,5200.0,put,93.15,1.776453,1.6695,1.894,1872.83,3.0
1786387208,eth,1790323200000,14000.0,put,123.7,6.47468,6.1875,6.7855,1872.83,0.0
1786387208,eth,1798185600000,2600.0,put,53.74,0.411658,0.4,0.42,1886.21,1065.0
1786387208,eth,1790323200000,6400.0,put,98.86,2.417031,2.286,2.5605,1872.83,0.0
1786387208,eth,1787904000000,2050.0,put,45.06,0.10589,0.0895,0.1535,1870.22,180.0
1786387208,eth,1786435200000,1920.0,put,40.0,0.027575,0.023,0.032,1868.81,408.0
1786387208,eth,1786608000000,2200.0,put,64.99,0.176991,0.1325,0.227,1868.99,0.0
1786387208,eth,1790323200000,6600.0,put,98.86,2.523802,2.3885,2.671,1872.83,0.0
1786387208,eth,1790323200000,2800.0,call,56.83,0.00206,0.002,0.0023,1872.83,7365.0
1786387208,eth,1787904000000,1950.0,put,44.09,0.064261,0.0605,0.066,1870.16,2575.0
1786387208,eth,1798185600000,2900.0,call,54.8,0.019424,0.019,0.02,1886.15,1949.0
1786387208,eth,1786435200000,1780.0,call,61.71,0.04779,0.0225,0.0845,1868.75,0.0
1786387208,eth,1787299200000,1700.0,call,48.68,0.09574,0.091,0.1025,1869.71,50.0
1786387208,eth,1787299200000,2050.0,call,44.21,0.004209,0.0041,0.0043,1869.71,3307.0
1786387208,eth,1786694400000,1920.0,call,38.93,0.005593,0.005,0.006,1869.05,697.0
1786387208,eth,1806048000000,2700.0,put,55.47,0.479542,0.472,0.487,1904.73,147.0
1786387208,eth,1786521600000,1920.0,call,36.57,0.001578,0.0014,0.0018,1868.93,96.0
1786387208,eth,1790323200000,3500.0,call,68.08,0.000479,0.0004,0.0006,1872.83,15568.0
1786387208,eth,1786608000000,1760.0,put,48.56,0.001204,0.001,0.0014,1868.99,10.0
1786387208,eth,1790323200000,1800.0,call,49.29,0.089279,0.0885,0.0905,1872.83,6564.0
1786387208,eth,1786694400000,1960.0,call,40.71,0.002407,0.0022,0.0027,1869.11,30.0
1786387208,eth,1786521600000,1820.0,call,40.03,0.028338,0.02,0.0345,1868.93,0.0
1786387208,eth,1806048000000,3400.0,call,56.87,0.027414,0.027,0.028,1904.73,1869.0
1786387208,eth,1786608000000,1760.0,call,48.56,0.05963,0.033,0.083,1869.05,0.0
1786387208,eth,1813910400000,900.0,put,67.82,0.023549,0.023,0.024,1923.69,668.0
1786387208,eth,1786435200000,2060.0,call,59.59,0.0,,0.0001,1868.75,1521.0
1786387208,eth,1786521600000,1780.0,call,47.3,0.048396,0.0235,0.0855,1868.93,0.0
1786387208,eth,1786608000000,2200.0,call,64.99,2.3e-05,,0.0001,1868.99,61.0
1786387208,eth,1813910400000,1300.0,call,61.15,0.391416,0.3875,0.3935,1923.69,108.0
1786387208,eth,1787904000000,1600.0,call,54.08,0.149379,0.1455,0.1535,1870.22,885.0
1786387208,eth,1790323200000,1850.0,put,48.89,0.062432,0.062,0.063,1872.77,1587.0
1786387208,eth,1798185600000,1500.0,call,56.84,0.251864,0.2485,0.256,1886.15,833.0
1786387208,eth,1793347200000,3400.0,call,59.76,0.00233,0.0021,0.0026,1877.65,1016.0
1786387208,eth,1787904000000,1300.0,put,75.84,0.000701,0.0006,0.0008,1870.22,9057.0
1786387208,eth,1786435200000,1800.0,call,53.73,0.037201,0.0044,0.075,1868.75,0.0
1786387208,eth,1790323200000,5000.0,put,90.0,1.669672,1.567,1.783,1872.77,2.0
1786387208,eth,1787904000000,1450.0,call,64.42,0.226525,0.204,0.248,1870.16,51.0
1786387208,eth,1798185600000,11000.0,put,88.97,4.831478,4.607,4.8465,1886.21,109.0
1786387208,eth,1798185600000,2800.0,call,54.35,0.023071,0.0225,0.0235,1886.21,9093.0
1786387208,eth,1793347200000,1800.0,call,51.78,0.116964,0.1145,0.1195,1877.71,102.0
1786387208,eth,1786608000000,2100.0,call,57.79,0.000136,0.0001,0.0002,1868.99,19.0
1786387208,eth,1813910400000,1800.0,put,57.78,0.17525,0.1745,0.1765,1923.69,305.0
1786387208,eth,1786608000000,2050.0,put,51.83,0.096991,0.055,0.144,1868.99,0.0
1786387208,eth,1798185600000,3400.0,put,57.3,0.811304,0.7655,0.826,1886.15,89.0
1786387208,eth,1798185600000,8000.0,put,76.24,3.241179,3.078,3.421,1886.15,0.0
1786387208,eth,1793347200000,2500.0,call,52.24,0.016938,0.0165,0.0175,1877.71,687.0
1786387208,eth,1787904000000,1800.0,put,45.47,0.023052,0.0225,0.0235,1870.16,4202.0
1786387208,eth,1798185600000,1000.0,put,69.42,0.009024,0.0085,0.0095,1886.15,19240.0
1786387208,eth,1806048000000,3300.0,put,56.67,0.762958,0.751,0.844,1904.73,1.0
1786387208,eth,1786694400000,2200.0,put,65.71,0.177066,0.1325,0.228,1869.05,0.0
1786387208,eth,1790323200000,14000.0,call,123.7,0.0,,0.0001,1872.83,1212.0
1786387208,eth,1786521600000,1960.0,put,41.63,0.049092,0.027,0.0935,1868.93,0.0
1786387208,eth,1787904000000,2000.0,put,44.38,0.083955,0.08,0.0885,1870.16,614.0
1786387208,eth,1787904000000,3600.0,put,84.51,0.924745,0.8515,1.005,1870.16,18.0
1786387208,eth,1786694400000,2200.0,call,65.71,0.000136,0.0001,0.0002,1869.05,2546.0
1786387208,eth,1798185600000,1400.0,call,58.54,0.292493,0.289,0.296,1886.15,946.0
1786387208,eth,1806048000000,2600.0,put,55.32,0.435324,0.4285,0.4425,1904.73,626.0
1786387208,eth,1787299200000,1850.0,call,42.5,0.034305,0.0335,0.035,1869.71,427.0
1786387208,eth,1790323200000,1850.0,call,48.89,0.074706,0.074,0.0755,1872.83,1409.0
1786387208,eth,1790323200000,4600.0,call,84.79,0.000178,0.0001,0.0003,1872.77,3405.0
1786387208,eth,1806048000000,2800.0,call,55.63,0.054969,0.054,0.056,1904.73,4821.0
1786387208,eth,1786435200000,1880.0,call,33.82,0.002845,0.0025,0.003,1868.75,280.0
1786387208,eth,1790323200000,10000.0,call,105.8,1e-06,,0.0001,1872.83,1561.0
1786387208,eth,1786694400000,1900.0,put,38.58,0.024919,0.0235,0.027,1869.05,2422.0
1786387208,eth,1813910400000,2300.0,call,56.72,0.14419,0.143,0.1455,1923.69,215.0
1786387208,eth,1813910400000,2700.0,call,56.81,0.097661,0.0965,0.0985,1923.69,295.0
1786387208,eth,1786521600000,1860.0,put,35.71,0.007049,0.0065,0.0075,1868.93,77.0
1786387208,eth,1787904000000,1900.0,put,44.17,0.047366,0.0465,0.048,1870.22,6711.0
1786387208,eth,1790323200000,3800.0,put,72.81,1.029168,0.951,1.116,1872.83,954.0
1786387208,eth,1786608000000,1820.0,put,40.84,0.004192,0.004,0.0044,1868.99,15.0
1786387208,eth,1790323200000,16000.0,call,130.17,0.0,,0.0001,1872.83,7426.0
1786387208,eth,1787299200000,1900.0,call,41.88,0.021306,0.021,0.022,1869.71,1135.0
1786387208,eth,1798185600000,3300.0,put,56.67,0.759594,0.7455,0.8375,1886.21,10.0
1786387208,eth,1798185600000,3400.0,call,57.3,0.00891,0.0085,0.0095,1886.15,13045.0
1786387208,eth,1786521600000,2200.0,put,61.69,0.177044,0.1325,0.226,1868.93,0.0
1786387208,eth,1790323200000,3200.0,call,63.96,0.000874,0.0007,0.0011,1872.83,7858.0
1786387208,eth,1790323200000,6200.0,put,98.86,2.310264,2.183,2.449,1872.77,0.0
1786387208,eth,1798185600000,2000.0,call,53.21,0.105164,0.1045,0.106,1886.21,10716.0
1786387208,eth,1787904000000,1700.0,call,48.85,0.101505,0.0975,0.105,1870.22,1002.0
1786387208,eth,1786608000000,2000.0,put,45.07,0.070537,0.0295,0.1165,1868.99,80.0
1786387208,eth,1790323200000,1000.0,put,81.16,0.001049,0.0009,0.0012,1872.83,9682.0
1786387208,eth,1786608000000,1700.0,put,60.39,0.000564,0.0005,0.0006,1868.99,181.0
1786387208,eth,1790323200000,1000.0,call,81.16,0.467143,0.454,0.482,1872.77,125.0
1786387208,eth,1786608000000,2100.0,put,57.79,0.123606,0.0805,0.1715,1868.99,0.0
1786387208,eth,1793347200000,1850.0,call,51.37,0.102942,0.102,0.104,1877.71,269.0
1786387208,eth,1813910400000,3800.0,put,58.23,1.012818,0.9995,1.132,1923.69,2.0
1786387208,eth,1798185600000,1800.0,call,53.86,0.152016,0.151,0.1535,1886.15,2476.0
1786387208,eth,1786694400000,1950.0,call,40.18,0.002957,0.0027,0.0032,1869.05,11025.0
1786387208,eth,1798185600000,800.0,put,77.52,0.004217,0.0039,0.0046,1886.15,6133.0
1786387208,eth,1786521600000,2020.0,put,51.91,0.080872,0.04,0.1265,1868.87,0.0
1786387208,eth,1793347200000,2250.0,put,51.16,0.232394,0.186,0.2395,1877.71,1.0
1786387208,eth,1806048000000,4800.0,put,61.12,1.527676,1.425,1.6515,1904.73,0.0
1786387208,eth,1790323200000,5200.0,call,93.15,0.000143,0.0001,0.0003,1872.83,1681.0
1786387208,eth,1787904000000,3400.0,call,84.51,4.2e-05,,0.0001,1870.16,560.0
1786387208,eth,1813910400000,3000.0,put,57.06,0.633209,0.6255,0.7355,1923.69,63.0
1786387208,eth,1787904000000,2000.0,call,44.38,0.014659,0.014,0.015,1870.16,7233.0
1786387208,eth,1806048000000,800.0,put,73.05,0.010528,0.01,0.011,1904.73,2802.0
1786387208,eth,1786521600000,2050.0,put,59.22,0.096904,0.055,0.144,1868.93,0.0
1786387208,eth,1793347200000,2300.0,call,51.35,0.029737,0.029,0.03,1877.71,552.0
1786387208,eth,1798185600000,1500.0,put,56.84,0.047038,0.0465,0.0475,1886.15,16393.0
1786387208,eth,1798185600000,2000.0,put,53.21,0.165396,0.164,0.1665,1886.21,7955.0
1786387208,eth,1787299200000,1500.0,put,63.68,0.000748,0.0006,0.0009,1869.71,736.0
1786387208,eth,1787904000000,2200.0,put,48.67,0.179457,0.1735,0.185,1870.22,681.0
1786387208,eth,1806048000000,4200.0,call,59.2,0.012698,0.012,0.0135,1904.73,2820.0
1786387208,eth,1798185600000,800.0,call,77.52,0.580124,0.5705,0.597,1886.15,171.0
1786387208,eth,1806048000000,4500.0,call,60.17,0.00996,0.0095,0.0105,1904.79,2399.0
1786387208,eth,1798185600000,5500.0,call,68.08,0.001126,0.0009,0.0014,1886.21,1657.0
1786387208,eth,1798185600000,4000.0,call,60.41,0.004109,0.0037,0.0044,1886.21,16725.0
1786387208,eth,1793347200000,1000.0,call,74.08,0.470973,0.456,0.4895,1877.65,0.0
1786387208,eth,1790323200000,9000.0,put,100.09,3.805152,3.62,4.005,1872.83,0.0
1786387208,eth,1786694400000,1800.0,call,42.72,0.041247,0.027,0.0475,1869.05,55.0
1786387208,eth,1790323200000,1200.0,call,69.67,0.362047,0.344,0.382,1872.77,138.0
1786387208,eth,1786435200000,1960.0,call,52.88,7.6e-05,,0.0002,1868.75,478.0
1786387208,eth,1787904000000,1700.0,put,48.85,0.010406,0.01,0.011,1870.22,8610.0
1786387208,eth,1790323200000,2300.0,put,50.08,0.239863,0.2325,0.246,1872.83,1089.0
1786387208,eth,1786435200000,1820.0,call,46.7,0.026782,0.015,0.064,1868.75,0.0
1786387208,eth,1813910400000,2100.0,put,56.95,0.268046,0.267,0.2715,1923.69,87.0
1786387208,eth,1798185600000,1000.0,call,69.42,0.478908,0.461,0.5025,1886.15,54.0
1786387208,eth,1786521600000,1700.0,call,65.31,0.090652,0.0665,0.112,1868.87,0.0
1786387208,eth,1798185600000,2800.0,put,54.35,0.507395,0.4965,0.5175,1886.15,2205.0
1786387208,eth,1790323200000,3000.0,call,60.07,0.001234,0.0011,0.0014,1872.83,28577.0
1786387208,eth,1790323200000,4000.0,put,74.39,1.135838,1.054,1.227,1872.83,140.0
1786387208,eth,1786694400000,2050.0,call,48.17,0.000494,0.0005,0.0006,1869.05,3263.0
1786387208,eth,1793347200000,1800.0,put,51.78,0.075492,0.0745,0.076,1877.71,696.0
1786387208,eth,1790323200000,6500.0,put,98.86,2.470416,2.337,2.6155,1872.77,0.0
1786387208,eth,1798185600000,4400.0,put,62.46,1.335186,1.2435,1.442,1886.21,20.0
1786387208,eth,1787904000000,2200.0,call,48.67,0.003232,0.003,0.0034,1870.22,8609.0
1786387208,eth,1790323200000,3400.0,call,66.48,0.000559,0.0005,0.0007,1872.83,7036.0
1786387208,eth,1790323200000,5800.0,put,98.77,2.09675,1.9775,2.227,1872.77,0.0
1786387208,eth,1790323200000,4400.0,put,81.1,1.349363,1.259,1.449,1872.77,281.0
1786387208,eth,1786694400000,1960.0,put,40.71,0.050944,0.043,0.0645,1869.11,0.0
1786387208,eth,1787904000000,2350.0,put,53.83,0.257761,0.2085,0.3135,1870.22,100.0
1786387208,eth,1813910400000,1200.0,call,62.37,0.429254,0.4255,0.4725,1923.69,55.0
1786387208,eth,1793347200000,1200.0,call,65.74,0.369011,0.3465,0.396,1877.65,0.0
1786387208,eth,1793347200000,1700.0,call,52.78,0.148788,0.146,0.15,1877.71,50.0
1786387208,eth,1798185600000,1300.0,put,60.59,0.025131,0.0245,0.026,1886.21,1964.0
1786387208,eth,1790323200000,2600.0,call,53.77,0.003824,0.0037,0.004,1872.83,10598.0
1786387208,eth,1798185600000,7000.0,put,74.0,2.711278,2.5685,2.8695,1886.15,0.0
1786387208,eth,1786608000000,1900.0,call,38.01,0.006208,0.0055,0.0065,1869.05,218.0
1786387208,eth,1806048000000,1200.0,put,62.32,0.035805,0.035,0.0365,1904.73,1237.0
1786387208,eth,1813910400000,4000.0,call,58.53,0.032191,0.0315,0.033,1923.85,4054.0
1786387208,eth,1790323200000,7000.0,put,98.86,2.737352,2.594,2.8935,1872.83,0.0
1786387208,eth,1790323200000,1900.0,call,48.63,0.061982,0.0615,0.0625,1872.83,10916.0
1786387208,eth,1798185600000,2300.0,call,53.1,0.059055,0.0585,0.0595,1886.15,7626.0
1786387208,eth,1806048000000,1800.0,call,56.15,0.199521,0.198,0.2005,1904.73,3788.0
1786387208,eth,1786435200000,2040.0,put,57.76,0.091511,0.05,0.1375,1868.81,0.0
1786387208,eth,1787904000000,2050.0,call,45.06,0.009862,0.0095,0.0105,1870.22,4335.0
1786387208,eth,1793347200000,3000.0,put,56.32,0.602649,0.538,0.6795,1877.65,72.0
1786387208,eth,1786521600000,1750.0,call,53.87,0.06412,0.0285,0.1015,1868.93,0.0
1786387208,eth,1787904000000,1800.0,call,45.47,0.060686,0.059,0.062,1870.22,6075.0
1786387208,eth,1806048000000,3700.0,call,57.72,0.02015,0.0195,0.021,1904.73,1475.0
1786387208,eth,1806048000000,5000.0,call,62.17,0.007223,0.007,0.0075,1904.73,1884.0
1786387208,eth,1786694400000,2400.0,call,76.35,1e-05,,0.0001,1869.11,1539.0
1786387208,eth,1806048000000,1200.0,call,62.32,0.405877,0.4025,0.409,1904.73,69.0
1786387208,eth,1790323200000,2700.0,put,55.28,0.444317,0.4355,0.453,1872.83,527.0
1786387208,eth,1806048000000,2500.0,call,55.23,0.080071,0.079,0.081,1904.73,9272.0
1786387208,eth,1787299200000,1500.0,call,63.68,0.198553,0.1765,0.2205,1869.71,0.0
1786387208,eth,1790323200000,2300.0,call,50.08,0.01188,0.0115,0.0125,1872.83,12180.0
1786387208,eth,1790323200000,1400.0,put,60.07,0.007133,0.007,0.0075,1872.83,9754.0
1786387208,eth,1787299200000,1950.0,put,42.06,0.055436,0.052,0.0575,1869.71,775.0
1786387208,eth,1806048000000,1500.0,put,58.22,0.077155,0.0765,0.078,1904.73,3978.0
1786387208,eth,1813910400000,2700.0,put,56.81,0.501097,0.494,0.5965,1923.69,0.0
1786387208,eth,1786608000000,1940.0,put,39.55,0.040081,0.0325,0.069,1868.99,0.0
1786387208,eth,1813910400000,2900.0,call,56.95,0.080881,0.08,0.082,1923.69,61.0
1786387208,eth,1813910400000,1700.0,put,58.21,0.148715,0.148,0.1495,1923.69,2962.0
1786387208,eth,1793347200000,1200.0,put,65.74,0.00803,0.0075,0.0085,1877.71,2013.0
1786387208,eth,1786694400000,1600.0,put,72.64,0.000353,0.0003,0.0004,1869.05,5530.0
1786387208,eth,1806048000000,1500.0,call,58.22,0.289745,0.254,0.339,1904.73,244.0
1786387208,eth,1790323200000,3800.0,call,72.81,0.000327,0.0003,0.0005,1872.77,2047.0
1786387208,eth,1786608000000,1900.0,put,38.01,0.022681,0.0195,0.0465,1868.99,125.0
1786387208,eth,1787299200000,1950.0,call,42.06,0.012588,0.012,0.013,1869.71,4449.0
1786387208,eth,1786608000000,1860.0,call,38.07,0.015292,0.0145,0.0155,1868.99,50.0
1786387208,eth,1790323200000,3300.0,call,65.1,0.000683,0.0006,0.0009,1872.77,17691.0
1786387208,eth,1793347200000,1950.0,put,51.05,0.117667,0.1165,0.1185,1877.71,330.0
1786387208,eth,1806048000000,3300.0,call,56.67,0.030656,0.03,0.0315,1904.73,1910.0
1786387208,eth,1786435200000,1600.0,put,75.78,0.0,,0.0001,1868.81,1664.0
1786387208,eth,1790323200000,2200.0,put,49.19,0.192582,0.1875,0.1995,1872.83,5506.0
1786387208,eth,1786694400000,1840.0,put,39.52,0.008856,0.0085,0.0095,1869.05,0.0
1786387208,eth,1798185600000,1300.0,call,60.59,0.335981,0.3325,0.3395,1886.15,50.0
1786387208,eth,1786608000000,1940.0,call,39.55,0.002209,0.002,0.0025,1868.99,39.0
1786387208,eth,1790323200000,3200.0,put,63.96,0.709372,0.698,0.7195,1872.83,1323.0
1786387208,eth,1787904000000,2600.0,call,63.36,0.000486,0.0005,0.0006,1870.22,6169.0
1786387208,eth,1806048000000,3000.0,call,55.97,0.043147,0.0425,0.044,1904.73,4700.0
1786387208,eth,1786435200000,1760.0,put,71.73,0.000154,,0.0002,1868.75,523.0
1786387208,eth,1790323200000,1200.0,put,69.67,0.002734,0.0026,0.0029,1872.83,11229.0
1786387208,eth,1786608000000,1980.0,call,42.91,0.000852,0.0007,0.001,1868.99,12.0
1786387208,eth,1793347200000,1700.0,put,52.78,0.054064,0.0535,0.055,1877.71,395.0
1786387208,eth,1798185600000,1900.0,put,53.47,0.134002,0.133,0.135,1886.15,5057.0
1786387208,eth,1787299200000,2000.0,put,42.89,0.076861,0.044,0.118,1869.71,1.0
1786387208,eth,1786608000000,2040.0,call,49.57,0.000274,0.0002,0.0004,1868.99,23.0
1786387208,eth,1790323200000,7200.0,call,98.86,9e-06,,0.0002,1872.77,1160.0
1786387208,eth,1787904000000,1550.0,call,57.39,0.174704,0.1475,0.202,1870.22,149.0
1786387208,eth,1813910400000,3200.0,call,57.32,0.061809,0.061,0.0625,1923.69,283.0
1786387208,eth,1787904000000,3200.0,call,82.36,9.9e-05,,0.0001,1870.22,1074.0
1786387208,eth,1786694400000,1880.0,put,38.85,0.01838,0.0175,0.019,1869.11,1477.0
1786387208,eth,1787904000000,1000.0,call,95.08,0.46541,0.455,0.473,1870.16,50.0
1786387208,eth,1790323200000,6600.0,call,98.86,2.5e-05,,0.0002,1872.83,1414.0
1786387208,eth,1786521600000,2000.0,put,47.67,0.070208,0.029,0.116,1868.87,0.0
1786387208,eth,1787299200000,2200.0,put,50.13,0.177555,0.1315,0.229,1869.71,11.0
1786387208,eth,1786521600000,1960.0,call,41.63,0.000453,0.0004,0.0006,1868.93,482.0
1786387208,eth,1793347200000,1600.0,call,54.33,0.185807,0.182,0.19,1877.65,68.0
1786387208,eth,1786608000000,1920.0,call,38.49,0.003705,0.0034,0.0039,1868.99,24.0
1786387208,eth,1806048000000,3100.0,call,56.17,0.038367,0.0375,0.039,1904.73,1656.0
1786387208,eth,1790323200000,2400.0,put,51.11,0.289303,0.2805,0.297,1872.77,2064.0
1786387208,eth,1790323200000,2900.0,put,58.48,0.54991,0.4895,0.6195,1872.83,49.0
1786387208,eth,1790323200000,15000.0,call,127.3,0.0,,0.0001,1872.83,878.0
1786387208,eth,1787904000000,2150.0,put,47.18,0.154059,0.137,0.164,1870.22,66.0
1786387208,eth,1790323200000,5600.0,call,97.88,0.000123,,0.0002,1872.83,7164.0
1786387208,eth,1806048000000,2700.0,call,55.47,0.062205,0.0615,0.063,1904.73,3047.0
1786387208,eth,1790323200000,3000.0,put,60.07,0.602952,0.593,0.6135,1872.83,7526.0
1786387208,eth,1786608000000,2050.0,call,51.83,0.000271,0.0001,0.0004,1868.99,4.0
1786387208,eth,1787299200000,2000.0,call,42.89,0.007271,0.007,0.0075,1869.71,10862.0
1786387208,eth,1798185600000,3600.0,put,58.29,0.915143,0.838,1.009,1886.21,93.0
1786387208,eth,1786694400000,1940.0,put,39.65,0.041495,0.036,0.0455,1869.05,0.0
1786387208,eth,1790323200000,5000.0,call,90.0,0.000143,0.0001,0.0003,1872.77,4100.0
1786387208,eth,1786521600000,1940.0,call,38.51,0.000784,0.0007,0.001,1868.93,215.0
1786387208,eth,1813910400000,2200.0,call,56.82,0.15949,0.158,0.161,1923.85,1059.0
1786387208,eth,1787904000000,2250.0,put,50.32,0.20531,0.1585,0.2595,1870.22,27.0
1786387208,eth,1798185600000,3600.0,call,58.29,0.006726,0.006,0.0075,1886.15,2230.0
1786387208,eth,1786435200000,2100.0,put,66.61,0.123614,0.0805,0.1705,1868.81,0.0
1786387208,eth,1813910400000,900.0,call,67.82,0.555737,0.5525,0.558,1923.69,2.0
1786387208,eth,1798185600000,9000.0,call,80.38,0.00021,0.0001,0.0004,1886.15,1905.0
1786387208,eth,1790323200000,2700.0,call,55.28,0.002772,0.0027,0.003,1872.83,4155.0
1786387208,eth,1790323200000,11000.0,call,110.93,1e-06,,0.0002,1872.77,2766.0
1786387208,eth,1786521600000,1880.0,call,35.22,0.006575,0.006,0.007,1868.93,249.0
1786387208,eth,1787904000000,2100.0,put,45.98,0.129414,0.125,0.1345,1870.16,1161.0
1786387208,eth,1790323200000,10000.0,put,105.8,4.339057,4.134,4.5615,1872.83,0.0
1786387208,eth,1798185600000,2200.0,call,53.06,0.071723,0.071,0.0725,1886.15,52515.0
1786387208,eth,1806048000000,2100.0,put,55.21,0.237007,0.236,0.2405,1904.73,487.0
1786387208,eth,1813910400000,2500.0,call,56.74,0.118472,0.117,0.1195,1923.69,2980.0
1786387208,eth,1798185600000,4000.0,put,60.41,1.124573,1.04,1.2245,1886.15,223.0
1786387208,eth,1813910400000,800.0,put,70.4,0.017285,0.0165,0.018,1923.69,688.0
1786387208,eth,1786521600000,2100.0,call,61.69,2.4e-05,,0.0001,1868.93,520.0
1786387208,eth,1806048000000,6000.0,put,64.46,2.153319,2.0295,2.298,1904.73,1.0
1786387208,eth,1790323200000,3100.0,put,62.06,0.656141,0.5915,0.7295,1872.83,0.0
1786387208,eth,1798185600000,1600.0,call,55.51,0.214671,0.2115,0.219,1886.15,621.0
1786387208,eth,1787299200000,1800.0,call,43.69,0.051513,0.046,0.0525,1869.71,109.0
1786387208,eth,1806048000000,3100.0,put,56.17,0.665681,0.594,0.738,1904.73,99.0
1786387208,eth,1813910400000,3400.0,put,57.57,0.819245,0.8075,0.8305,1923.85,2.0
1786387208,eth,1786608000000,2020.0,call,47.01,0.000374,0.0003,0.0005,1868.99,104.0
1786387208,eth,1786521600000,1840.0,call,37.39,0.019372,0.0145,0.0235,1868.87,0.0
1786387208,eth,1790323200000,13000.0,put,119.8,5.940774,5.6735,6.2295,1872.83,0.0
1786387208,eth,1798185600000,3800.0,put,59.74,1.01986,0.9385,1.117,1886.15,26.0
1786387208,eth,1787299200000,1650.0,put,51.9,0.002924,0.0027,0.0031,1869.71,848.0
1786387208,eth,1813910400000,1200.0,put,62.37,0.053004,0.0525,0.0535,1923.69,464.0
1786387208,eth,1790323200000,1300.0,put,64.68,0.004422,0.0042,0.0046,1872.77,3383.0
1786387208,eth,1790323200000,1400.0,call,60.07,0.259665,0.2555,0.264,1872.83,1550.0
1786387208,eth,1787904000000,1450.0,put,64.42,0.001764,0.0016,0.0019,1870.22,8684.0
1786387208,eth,1787904000000,3200.0,put,82.36,0.710972,0.645,0.784,1870.22,5.0
1786387208,eth,1806048000000,5500.0,call,63.45,0.005132,0.005,0.0055,1904.79,2464.0
1786387208,eth,1790323200000,3600.0,put,69.86,0.922488,0.9125,0.9345,1872.83,907.0
1786387208,eth,1790323200000,1300.0,call,64.68,0.310345,0.29,0.3345,1872.77,69.0
1786387208,eth,1798185600000,1600.0,put,55.51,0.062856,0.062,0.0635,1886.21,7409.0
1786387208,eth,1793347200000,2050.0,put,50.89,0.151922,0.148,0.1545,1877.65,0.0
1786387208,eth,1786608000000,1840.0,put,38.8,0.00652,0.006,0.007,1868.99,316.0
1786387208,eth,1798185600000,11000.0,call,88.97,0.000203,0.0001,0.0003,1886.15,2143.0
1786387208,eth,1813910400000,1000.0,call,65.7,0.511694,0.489,0.5135,1923.69,57.0
1786387208,eth,1813910400000,2300.0,put,56.72,0.33971,0.338,0.3435,1923.69,85.0
1786387208,eth,1793347200000,2400.0,put,51.75,0.300434,0.291,0.3455,1877.65,10.0
1786387208,eth,1787299200000,1800.0,put,43.69,0.014131,0.0135,0.0145,1869.71,491.0
1786387208,eth,1786694400000,1860.0,put,39.02,0.012974,0.0125,0.0135,1869.11,0.0
1786387208,eth,1787904000000,1500.0,put,60.75,0.002421,0.0022,0.0026,1870.22,5458.0
1786387208,eth,1786521600000,1940.0,put,38.51,0.038805,0.028,0.043,1868.87,32.0
1786387208,eth,1787904000000,2100.0,call,45.98,0.006654,0.006,0.007,1870.16,8760.0
1786387208,eth,1813910400000,3200.0,put,57.32,0.725138,0.67,0.8355,1923.69,0.0
1786387208,eth,1787299200000,2400.0,put,60.23,0.283794,0.2345,0.3395,1869.71,0.0
1786387208,eth,1790323200000,9000.0,call,100.09,1e-06,,0.0005,1872.83,1519.0
1786387208,eth,1813910400000,2100.0,call,56.95,0.17649,0.175,0.178,1923.69,15.0
1786387208,eth,1793347200000,1950.0,call,51.05,0.079262,0.0785,0.08,1877.71,202.0
1786387208,eth,1806048000000,3200.0,call,56.37,0.034164,0.0335,0.035,1904.73,1244.0
1786387208,eth,1798185600000,3800.0,call,59.74,0.00542,0.005,0.006,1886.15,2913.0
1786387208,eth,1790323200000,4800.0,call,86.7,0.000143,0.0001,0.0002,1872.77,2195.0
1786387208,eth,1806048000000,2400.0,call,55.17,0.091097,0.09,0.092,1904.73,1877.0
1786387208,eth,1806048000000,4000.0,put,58.59,1.114945,1.071,1.1515,1904.73,0.0
1786387208,eth,1787299200000,2100.0,put,45.54,0.125484,0.089,0.1565,1869.71,10.0
1786387208,eth,1787904000000,1200.0,put,82.94,0.00035,0.0003,0.0004,1870.16,7131.0
1786387208,eth,1790323200000,4000.0,call,74.39,0.000216,0.0002,0.0004,1872.83,12154.0
1786387208,eth,1790323200000,2100.0,call,48.65,0.027495,0.027,0.028,1872.83,6124.0
1786387208,eth,1798185600000,2500.0,put,53.45,0.365512,0.3565,0.373,1886.15,1075.0
1786387208,eth,1806048000000,4600.0,put,60.7,1.424135,1.325,1.545,1904.73,0.0
1786387208,eth,1806048000000,3700.0,put,57.72,0.962427,0.9,1.067,1904.73,0.0
1786387208,eth,1806048000000,2200.0,put,55.17,0.273085,0.2715,0.2755,1904.73,1707.0
1786387208,eth,1798185600000,1700.0,call,54.53,0.181325,0.179,0.1845,1886.15,368.0
1786387208,eth,1786608000000,1880.0,put,37.79,0.015746,0.015,0.0165,1868.99,190.0
1786387208,eth,1790323200000,6000.0,call,98.86,6.9e-05,,0.0003,1872.77,3191.0
1786387208,eth,1787904000000,1650.0,put,51.34,0.007059,0.0065,0.0075,1870.16,6971.0
1786387208,eth,1786608000000,1920.0,put,38.49,0.030877,0.0255,0.035,1868.99,306.0
1786387208,eth,1798185600000,3200.0,put,56.23,0.708317,0.695,0.7215,1886.21,251.0
1786387208,eth,1786435200000,1820.0,put,46.7,0.00058,0.0004,0.0007,1868.75,857.0
1786387208,eth,1790323200000,5400.0,call,96.17,0.000143,0.0001,0.0003,1872.83,1178.0
1786387208,eth,1798185600000,10000.0,call,85.01,0.000209,0.0001,0.0004,1886.15,1663.0
1786387208,eth,1787904000000,3000.0,call,75.93,0.000141,0.0001,0.0002,1870.22,1528.0
1786387208,eth,1813910400000,2800.0,call,56.86,0.088781,0.0875,0.09,1923.69,1086.0
1786387208,eth,1790323200000,4800.0,put,86.7,1.562891,1.4645,1.6715,1872.83,110.0
1786387208,eth,1787904000000,2150.0,call,47.18,0.004566,0.0043,0.0048,1870.16,5058.0
1786387208,eth,1798185600000,5500.0,put,68.08,1.916763,1.8035,2.0445,1886.15,0.0
1786387208,eth,1790323200000,4200.0,call,77.22,0.000178,0.0001,0.0003,1872.77,2517.0
1786387208,eth,1787904000000,2500.0,put,59.42,0.337301,0.286,0.3965,1870.16,4.0
1786387208,eth,1813910400000,2800.0,put,56.86,0.544196,0.537,0.643,1923.69,0.0
1786387208,eth,1787904000000,1850.0,put,44.48,0.033481,0.033,0.034,1870.22,2651.0
1786387208,eth,1813910400000,2600.0,call,56.75,0.107458,0.106,0.1085,1923.69,288.0
1786387208,eth,1786608000000,2000.0,call,45.07,0.000566,0.0005,0.0007,1868.99,113.0
1786387208,eth,1813910400000,1300.0,put,61.15,0.067137,0.0665,0.0675,1923.69,1591.0
1786387208,eth,1806048000000,5500.0,put,63.45,1.892301,1.7775,2.028,1904.73,0.0
1786387208,eth,1806048000000,1400.0,call,59.27,0.325662,0.292,0.3285,1904.73,57.0
1786387208,eth,1813910400000,2400.0,put,56.69,0.378036,0.372,0.431,1923.85,2.0
1786387208,eth,1786694400000,1820.0,call,41.0,0.032456,0.013,0.038,1869.05,138.0
1786387208,eth,1786435200000,2080.0,call,60.9,0.0,,0.0001,1868.75,10.0
1786387208,eth,1786608000000,1960.0,call,41.03,0.001343,0.0012,0.0016,1868.99,583.0
1786387208,eth,1790323200000,1950.0,call,48.47,0.05099,0.0505,0.0515,1872.83,1025.0
1786387208,eth,1786608000000,1980.0,put,42.91,0.060123,0.0205,0.105,1868.99,0.0
1786387208,eth,1786521600000,1800.0,put,43.47,0.001196,0.001,0.0014,1868.87,57.0
1786387208,eth,1806048000000,1600.0,put,57.34,0.096537,0.096,0.097,1904.73,1538.0
1786387208,eth,1786521600000,2100.0,put,61.69,0.123565,0.0805,0.1715,1868.93,0.0
1786387208,eth,1813910400000,3800.0,call,58.23,0.037612,0.0365,0.0385,1923.69,482.0
1786387208,eth,1786694400000,1600.0,call,72.64,0.144404,0.1215,0.1645,1869.05,0.0
1786387208,eth,1793347200000,1500.0,call,56.32,0.227133,0.2235,0.2315,1877.65,50.0
1786387208,eth,1798185600000,2500.0,call,53.45,0.040222,0.0395,0.041,1886.15,27176.0
1786387208,eth,1793347200000,2800.0,call,54.53,0.007945,0.0075,0.0085,1877.71,295.0
1786387208,eth,1787299200000,1400.0,put,71.14,0.000291,0.0002,0.0004,1869.71,231.0
1786387208,eth,1786521600000,2020.0,call,51.91,0.000132,0.0001,0.0002,1868.87,113.0
1786387208,eth,1806048000000,2400.0,put,55.17,0.350952,0.346,0.355,1904.73,357.0
1786387208,eth,1786435200000,1940.0,put,46.32,0.038136,0.0065,0.082,1868.75,3.0
1786387208,eth,1787904000000,2350.0,call,53.83,0.001338,0.0012,0.0015,1870.16,4551.0
1786387208,eth,1787904000000,1550.0,put,57.39,0.003408,0.0032,0.0036,1870.22,5786.0
1786387208,eth,1798185600000,6000.0,put,70.28,2.181514,2.0585,2.3205,1886.15,0.0
1786387208,eth,1806048000000,1700.0,call,56.67,0.226604,0.224,0.2295,1904.73,1337.0
1786387208,eth,1813910400000,1000.0,put,65.7,0.031479,0.031,0.032,1923.69,4602.0
1786387208,eth,1787299200000,1850.0,put,42.5,0.023663,0.023,0.024,1869.71,1501.0
1786387208,eth,1786435200000,1760.0,call,71.73,0.058459,0.029,0.0955,1868.75,0.0
1786387208,eth,1790323200000,2000.0,put,48.49,0.109572,0.106,0.1115,1872.83,13157.0
1786387208,eth,1787904000000,3800.0,put,84.51,1.031666,0.954,1.117,1870.22,0.0
1786387208,eth,1786694400000,1800.0,put,42.72,0.00419,0.0039,0.0044,1869.11,3151.0
1786387208,eth,1798185600000,1400.0,put,58.54,0.034655,0.0345,0.035,1886.15,13753.0
1786387208,eth,1793347200000,2000.0,call,50.87,0.069075,0.0685,0.07,1877.65,740.0
1786387208,eth,1787904000000,1900.0,call,44.17,0.031535,0.031,0.032,1870.22,6623.0
1786387208,eth,1786435200000,1780.0,put,61.71,0.000186,0.0001,0.0003,1868.75,571.0
1786387208,eth,1787904000000,2300.0,call,51.97,0.00174,0.0016,0.0019,1870.16,5554.0
1786387208,eth,1790323200000,1800.0,put,49.29,0.05031,0.05,0.051,1872.83,9631.0
1786387208,eth,1798185600000,9000.0,put,80.38,3.771253,3.5875,3.973,1886.15,0.0
1786387208,eth,1813910400000,3600.0,call,57.89,0.044063,0.043,0.045,1923.85,2.0
1786387208,eth,1813910400000,4000.0,put,58.53,1.111355,1.0515,1.195,1923.69,0.0
1786387208,eth,1787299200000,2050.0,put,44.21,0.10054,0.0915,0.139,1869.71,0.0
1786387208,eth,1786608000000,1780.0,put,45.77,0.001786,0.0016,0.002,1868.99,1021.0
1786387208,eth,1798185600000,4600.0,call,63.52,0.002224,0.0019,0.0026,1886.15,10539.0
1786387208,eth,1798185600000,10000.0,put,85.01,4.301368,4.097,4.5245,1886.15,0.0
1786387208,eth,1786435200000,1700.0,call,75.71,0.090413,0.0525,0.1255,1868.75,0.0
1786387208,eth,1786435200000,1750.0,put,75.68,0.000129,,0.0002,1868.81,507.0
1786387208,eth,1806048000000,3200.0,put,56.37,0.713972,0.6665,0.8135,1904.73,20.0
1786387208,eth,1806048000000,2600.0,call,55.32,0.07048,0.0695,0.0715,1904.73,3139.0
1786387208,eth,1790323200000,2500.0,call,52.4,0.005442,0.005,0.006,1872.77,24460.0
1786387208,eth,1786521600000,2060.0,call,60.79,9.7e-05,,0.0002,1868.93,524.0
1786387208,eth,1813910400000,1700.0,call,58.21,0.26507,0.2605,0.2675,1923.85,659.0
1786387208,eth,1790323200000,2600.0,put,53.77,0.391979,0.383,0.4,1872.83,8390.0
1786387208,eth,1787904000000,2300.0,put,51.97,0.23143,0.2245,0.2375,1870.22,1000.0
1786387208,eth,1786435200000,1700.0,put,75.71,5e-06,,0.0001,1868.81,504.0
1786387208,eth,1798185600000,8000.0,call,76.24,0.000252,0.0002,0.0005,1886.21,2428.0
1786387208,eth,1813910400000,1600.0,put,58.72,0.124524,0.124,0.1255,1923.69,1274.0
1786387208,eth,1786435200000,1980.0,call,53.95,2e-05,,0.0001,1868.75,558.0
1786387208,eth,1793347200000,1900.0,call,51.17,0.09045,0.0895,0.0915,1877.71,251.0
1786387208,eth,1786435200000,2200.0,put,67.84,0.177119,0.1325,0.2265,1868.81,0.0
1786387208,eth,1798185600000,3100.0,put,55.71,0.6573,0.6445,0.7285,1886.21,0.0
1786387208,eth,1798185600000,6500.0,call,72.27,0.000614,0.0005,0.0009,1886.21,1765.0
1786387208,eth,1787904000000,1000.0,put,95.08,5.7e-05,,0.0001,1870.22,2979.0
1786387208,eth,1806048000000,3800.0,call,57.94,0.018188,0.0175,0.019,1904.73,1160.0
1786387208,eth,1790323200000,1500.0,put,56.13,0.011666,0.0115,0.012,1872.83,12703.0
1786387208,eth,1798185600000,2400.0,put,53.25,0.320997,0.313,0.328,1886.21,1716.0
1786387208,eth,1790323200000,1950.0,put,48.47,0.092106,0.091,0.093,1872.77,131.0
1786387208,eth,1786694400000,1900.0,call,38.58,0.00848,0.008,0.009,1869.11,2066.0
1786387208,eth,1786435200000,1960.0,put,52.88,0.048782,0.0255,0.0925,1868.81,0.0
1786387208,eth,1793347200000,3200.0,put,58.02,0.707424,0.6395,0.787,1877.65,0.0
1786387208,eth,1793347200000,1400.0,put,58.89,0.017573,0.017,0.018,1877.65,2607.0
1786387208,eth,1806048000000,2300.0,put,55.14,0.311078,0.307,0.315,1904.73,1583.0
1786387208,eth,1806048000000,1700.0,put,56.67,0.119002,0.1185,0.1195,1904.73,1511.0
1786387208,eth,1790323200000,12000.0,call,115.57,1e-06,,0.0002,1872.83,1341.0
1786387208,eth,1813910400000,2900.0,put,56.95,0.588275,0.58,0.595,1923.85,3.0
1786387208,eth,1786694400000,1860.0,call,39.02,0.017887,0.017,0.0185,1869.05,50.0
1786387208,eth,1793347200000,2150.0,call,50.92,0.04546,0.0445,0.046,1877.71,758.0
1786387208,eth,1787904000000,1400.0,call,68.1,0.252778,0.23,0.277,1870.16,100.0
1786387208,eth,1787904000000,2800.0,call,69.67,0.00024,0.0002,0.0003,1870.22,5427.0
1786387208,eth,1806048000000,4200.0,put,59.2,1.217445,1.1315,1.3225,1904.73,1.0
1786387208,eth,1786608000000,1780.0,call,45.77,0.049512,0.0445,0.057,1868.99,0.0
1786387208,eth,1790323200000,5800.0,call,98.77,9.7e-05,,0.0002,1872.83,4885.0
1786387208,eth,1798185600000,1900.0,call,53.47,0.126782,0.126,0.128,1886.15,3859.0
1786387208,eth,1786435200000,2100.0,call,66.61,0.0,,0.0001,1868.81,1104.0
1786387208,eth,1806048000000,1000.0,put,66.78,0.019999,0.0195,0.021,1904.73,7536.0
1786387208,eth,1813910400000,3500.0,put,57.72,0.867051,0.8535,0.8785,1923.69,303.0
1786387208,eth,1787904000000,1750.0,call,46.67,0.07974,0.076,0.084,1870.22,4211.0
1786387208,eth,1793347200000,1750.0,call,52.21,0.132185,0.114,0.1355,1877.71,102.0
1786387208,eth,1786608000000,2040.0,put,49.57,0.091644,0.0495,0.1385,1868.99,0.0
1786387208,eth,1786435200000,1840.0,call,39.38,0.01673,0.011,0.0225,1868.81,0.0
1786387208,eth,1793347200000,1750.0,put,52.21,0.064087,0.0635,0.065,1877.65,343.0
1786387208,eth,1813910400000,3400.0,call,57.57,0.051955,0.051,0.053,1923.69,205.0
1786387208,eth,1806048000000,2800.0,put,55.63,0.524801,0.5155,0.5445,1904.79,12.0
1786387208,eth,1786608000000,2060.0,put,52.96,0.102302,0.0605,0.1495,1868.99,0.0
1786387208,eth,1798185600000,2400.0,call,53.25,0.048719,0.048,0.0495,1886.15,12157.0
1786387208,eth,1787299200000,2200.0,call,50.13,0.001003,0.0009,0.0011,1869.71,1618.0
1786387208,eth,1798185600000,1700.0,put,54.53,0.082522,0.0815,0.0835,1886.21,13926.0
1786387208,eth,1790323200000,8500.0,put,98.86,3.538199,3.364,3.727,1872.83,0.0
1786387208,eth,1793347200000,1500.0,put,56.32,0.025906,0.025,0.0265,1877.65,1446.0
1786387208,eth,1786608000000,2060.0,call,52.96,0.000232,0.0001,0.0003,1868.99,31.0
1786387208,eth,1790323200000,2400.0,call,51.11,0.007929,0.0075,0.0085,1872.83,12153.0
1786387208,eth,1806048000000,2900.0,call,55.79,0.048647,0.048,0.0495,1904.79,1948.0
1786387208,eth,1798185600000,6000.0,call,70.28,0.000818,0.0006,0.0011,1886.21,10385.0
1786387208,eth,1793347200000,2800.0,put,54.53,0.498988,0.486,0.5715,1877.65,0.0
1786387208,eth,1813910400000,2200.0,put,56.82,0.30303,0.302,0.3065,1923.69,110.0
1786387208,eth,1787904000000,1650.0,call,51.34,0.12489,0.121,0.129,1870.22,1604.0
1786387208,eth,1787904000000,1100.0,call,88.81,0.412032,0.4015,0.4245,1870.16,50.0
1786387208,eth,1813910400000,800.0,call,70.4,0.601452,0.585,0.63,1923.69,117.0
1786387208,eth,1787299200000,1600.0,put,55.81,0.001843,0.0017,0.002,1869.71,3071.0
